algorithm,seed,episode,day,dscr,dscr_below_1
Transformer+GAIL+TD3,192,5890,5,4.85477669328601,0
Transformer+GAIL+TD3,192,5890,6,11.63044752784835,0
Transformer+GAIL+TD3,192,5890,7,263.18939393939394,0
Transformer+GAIL+TD3,192,5890,8,18.274720728175424,0
Transformer+GAIL+TD3,192,5890,9,11.568573543407,0
Transformer+GAIL+TD3,192,5890,10,14.71897203325775,0
Transformer+GAIL+TD3,192,5890,11,3.576344156697778,0
Transformer+GAIL+TD3,192,5890,12,310.7308781869688,0
Transformer+GAIL+TD3,192,5890,13,2.864626480191024,0
Transformer+GAIL+TD3,192,5890,14,1183.9908256880733,0
Transformer+GAIL+TD3,192,5890,15,6.6202525567772605,0
Transformer+GAIL+TD3,192,5890,16,762.8411214953271,0
Transformer+GAIL+TD3,192,5890,17,445.85131195335276,0
Transformer+GAIL+TD3,192,5890,18,334.308429118774,0
Transformer+GAIL+TD3,192,5890,19,11.729402320659707,0
Transformer+GAIL+TD3,192,5890,20,8.380298422353164,0
Transformer+GAIL+TD3,192,5890,21,7.1561129385964914,0
Transformer+GAIL+TD3,192,5890,22,14.47074195053663,0
Transformer+GAIL+TD3,192,5890,23,12.225896354323593,0
Transformer+GAIL+TD3,192,5890,24,15.052975542132883,0
Transformer+GAIL+TD3,192,5890,25,4.619896835065711,0
Transformer+GAIL+TD3,192,5890,26,5.120828693862401,0
Transformer+GAIL+TD3,192,5890,27,5.752050924192395,0
Transformer+GAIL+TD3,192,5890,28,10.85117117117117,0
Transformer+GAIL+TD3,192,5890,29,18.51097670250896,0
Transformer+GAIL+TD3,192,5890,30,4.353491055972302,0
Transformer+GAIL+TD3,192,5890,31,10.32058801692776,0
Transformer+GAIL+TD3,192,5890,32,5.348864033554702,0
Transformer+GAIL+TD3,192,5890,33,4.83593986479669,0
Transformer+GAIL+TD3,192,5890,34,4.753478054191095,0
Transformer+GAIL+TD3,192,5890,35,28.902003910068427,0
Transformer+GAIL+TD3,192,5890,36,3.609849696194435,0
Transformer+GAIL+TD3,192,5890,37,7.047815703055028,0
Transformer+GAIL+TD3,192,5890,38,3.6169273269092725,0
Transformer+GAIL+TD3,192,5890,39,5.974562619413329,0
Transformer+GAIL+TD3,192,5890,40,5.3012076722708965,0
Transformer+GAIL+TD3,192,5890,41,4.08638756836886,0
Transformer+GAIL+TD3,192,5890,42,4.4165500548390755,0
Transformer+GAIL+TD3,192,5890,43,2.893269899200556,0
Transformer+GAIL+TD3,192,5890,44,6.072027294553726,0
Transformer+GAIL+TD3,192,5890,45,4.432331514217824,0
Transformer+GAIL+TD3,192,5890,46,4.767332244655582,0
Transformer+GAIL+TD3,192,5890,47,3.9492941049682084,0
Transformer+GAIL+TD3,192,5890,48,5.3895783492822975,0
Transformer+GAIL+TD3,192,5890,49,4.24867469879518,0
Transformer+GAIL+TD3,192,5890,50,7.684262203104543,0
Transformer+GAIL+TD3,192,5890,51,4.816413118263131,0
Transformer+GAIL+TD3,192,5890,52,2.409950514021028,0
Transformer+GAIL+TD3,192,5890,53,4.48754904525242,0
Transformer+GAIL+TD3,192,5890,54,2.951524320739466,0
Transformer+GAIL+TD3,192,5890,55,6.4526855285636895,0
Transformer+GAIL+TD3,192,5890,56,7.025137700691431,0
Transformer+GAIL+TD3,192,5890,57,4.573808335413027,0
Transformer+GAIL+TD3,192,5890,58,3.1107991989181967,0
Transformer+GAIL+TD3,192,5890,59,8.67280833447068,0
Transformer+GAIL+TD3,192,5890,60,5.691044018774577,0
Transformer+GAIL+TD3,192,5890,61,4.514846448365419,0
Transformer+GAIL+TD3,192,5890,62,3.6775866367489405,0
Transformer+GAIL+TD3,192,5890,63,4.960136309578264,0
Transformer+GAIL+TD3,192,5890,64,3.935112309869119,0
Transformer+GAIL+TD3,192,5890,65,4.256603367582978,0
Transformer+GAIL+TD3,192,5890,66,10.333186259060824,0
Transformer+GAIL+TD3,192,5890,67,3.0536696679697872,0
Transformer+GAIL+TD3,192,5890,68,5.2513568886812125,0
Transformer+GAIL+TD3,192,5890,69,11.645426725603535,0
Transformer+GAIL+TD3,192,5890,70,5.186129865799784,0
Transformer+GAIL+TD3,192,5890,71,3.392705475590966,0
Transformer+GAIL+TD3,192,5890,72,4.525665267721257,0
Transformer+GAIL+TD3,192,5890,73,3.2880326845599503,0
Transformer+GAIL+TD3,192,5890,74,5.6768820224719105,0
Transformer+GAIL+TD3,192,5890,75,5.352233217437816,0
Transformer+GAIL+TD3,192,5890,76,9.153002836947637,0
Transformer+GAIL+TD3,192,5890,77,2.569136472550603,0
Transformer+GAIL+TD3,192,5890,78,8.46182870729312,0
Transformer+GAIL+TD3,192,5890,79,2.588427438170789,0
Transformer+GAIL+TD3,192,5890,80,20.037801573990453,0
Transformer+GAIL+TD3,192,5890,81,9.01260765337832,0
Transformer+GAIL+TD3,192,5890,82,3.33550190870477,0
Transformer+GAIL+TD3,192,5890,83,5.8100504047655415,0
Transformer+GAIL+TD3,192,5890,84,6.071382862993537,0
Transformer+GAIL+TD3,192,5890,85,4.634253467138713,0
Transformer+GAIL+TD3,192,5890,86,3.3137263035632802,0
Transformer+GAIL+TD3,192,5890,87,13.136667754569189,0
Transformer+GAIL+TD3,192,5890,88,2.9597988513957545,0
Transformer+GAIL+TD3,192,5890,89,6.314175987063737,0
Transformer+GAIL+TD3,192,5890,90,5.10424629718108,0
Transformer+GAIL+TD3,192,5890,91,6.308559139784947,0
Transformer+GAIL+TD3,192,5890,92,4.7201691763153155,0
Transformer+GAIL+TD3,192,5890,93,4.8364408344101895,0
Transformer+GAIL+TD3,192,5890,94,2.6143383956540704,0
Transformer+GAIL+TD3,192,5890,95,6.890778345619826,0
Transformer+GAIL+TD3,192,5890,96,9.08307131178468,0
Transformer+GAIL+TD3,192,5890,97,8.10390014214641,0
Transformer+GAIL+TD3,192,5890,98,6.147494124372738,0
Transformer+GAIL+TD3,192,5891,5,3.9824595979503346,0
Transformer+GAIL+TD3,192,5891,6,244.71351351351356,0
Transformer+GAIL+TD3,192,5891,7,22.497623400365626,0
Transformer+GAIL+TD3,192,5891,8,9.679256246368391,0
Transformer+GAIL+TD3,192,5891,9,6.664617609835473,0
Transformer+GAIL+TD3,192,5891,10,6.597643860444043,0
Transformer+GAIL+TD3,192,5891,11,5.6740331491712706,0
Transformer+GAIL+TD3,192,5891,12,4.882563694267516,0
Transformer+GAIL+TD3,192,5891,13,7.630462529629855,0
Transformer+GAIL+TD3,192,5891,14,11.586179224253232,0
Transformer+GAIL+TD3,192,5891,15,21.322215514639296,0
Transformer+GAIL+TD3,192,5891,16,719.4150943396226,0
Transformer+GAIL+TD3,192,5891,17,199.59701492537317,0
Transformer+GAIL+TD3,192,5891,18,10.406903765690375,0
Transformer+GAIL+TD3,192,5891,19,30.303704992172552,0
Transformer+GAIL+TD3,192,5891,20,9.350976017847184,0
Transformer+GAIL+TD3,192,5891,21,7.918029790733802,0
Transformer+GAIL+TD3,192,5891,22,18.004397215097107,0
Transformer+GAIL+TD3,192,5891,23,11.32616459627329,0
Transformer+GAIL+TD3,192,5891,24,12.185926404131697,0
Transformer+GAIL+TD3,192,5891,25,11.41085331072227,0
Transformer+GAIL+TD3,192,5891,26,3.466243145969709,0
Transformer+GAIL+TD3,192,5891,27,4.712556681781809,0
Transformer+GAIL+TD3,192,5891,28,4.721417623322593,0
Transformer+GAIL+TD3,192,5891,29,5.300436088075494,0
Transformer+GAIL+TD3,192,5891,30,23.4744905130007,0
Transformer+GAIL+TD3,192,5891,31,6.0187226676384835,0
Transformer+GAIL+TD3,192,5891,32,5.615218019058621,0
Transformer+GAIL+TD3,192,5891,33,2.6521327014218006,0
Transformer+GAIL+TD3,192,5891,34,3.8959162303664923,0
Transformer+GAIL+TD3,192,5891,35,3.2664155650984816,0
Transformer+GAIL+TD3,192,5891,36,160.36894273127754,0
Transformer+GAIL+TD3,192,5891,37,8.266982071713146,0
Transformer+GAIL+TD3,192,5891,38,3.5426793700175,0
Transformer+GAIL+TD3,192,5891,39,2.31513873751541,0
Transformer+GAIL+TD3,192,5891,40,3.9515211267605634,0
Transformer+GAIL+TD3,192,5891,41,4.026071665222489,0
Transformer+GAIL+TD3,192,5891,42,178.40085592011408,0
Transformer+GAIL+TD3,192,5891,43,5.121913811162651,0
Transformer+GAIL+TD3,192,5891,44,6.004888526775795,0
Transformer+GAIL+TD3,192,5891,45,3.8210965331479723,0
Transformer+GAIL+TD3,192,5891,46,4.645923350292741,0
Transformer+GAIL+TD3,192,5891,47,3.2180411052362277,0
Transformer+GAIL+TD3,192,5891,48,11.043742405832319,0
Transformer+GAIL+TD3,192,5891,49,3.415133214920071,0
Transformer+GAIL+TD3,192,5891,50,4.794452522702954,0
Transformer+GAIL+TD3,192,5891,51,5.109761113747824,0
Transformer+GAIL+TD3,192,5891,52,3.069282775446069,0
Transformer+GAIL+TD3,192,5891,53,4.22869465040026,0
Transformer+GAIL+TD3,192,5891,54,4.77723165670895,0
Transformer+GAIL+TD3,192,5891,55,2.758117418391962,0
Transformer+GAIL+TD3,192,5891,56,20.69428437938016,0
Transformer+GAIL+TD3,192,5891,58,3.4068996265953304,0
Transformer+GAIL+TD3,192,5891,59,12.177881257275901,0
Transformer+GAIL+TD3,192,5891,60,2.760443978325467,0
Transformer+GAIL+TD3,192,5891,61,8.07834602829162,0
Transformer+GAIL+TD3,192,5891,62,6.88679153490635,0
Transformer+GAIL+TD3,192,5891,63,3.6540934087212458,0
Transformer+GAIL+TD3,192,5891,64,6.59327748988429,0
Transformer+GAIL+TD3,192,5891,65,4.016596905520501,0
Transformer+GAIL+TD3,192,5891,66,4.030586254532896,0
Transformer+GAIL+TD3,192,5891,67,6.614703277236492,0
Transformer+GAIL+TD3,192,5891,68,3.6008063010937326,0
Transformer+GAIL+TD3,192,5891,69,4.438038729484,0
Transformer+GAIL+TD3,192,5891,70,5.442265857568124,0
Transformer+GAIL+TD3,192,5891,71,7.094595682989691,0
Transformer+GAIL+TD3,192,5891,72,2.7902608645046776,0
Transformer+GAIL+TD3,192,5891,73,38.05446194225722,0
Transformer+GAIL+TD3,192,5891,74,5.437062084932676,0
Transformer+GAIL+TD3,192,5891,75,3.009332416464347,0
Transformer+GAIL+TD3,192,5891,76,18.646194054230644,0
Transformer+GAIL+TD3,192,5891,77,5.717090746585482,0
Transformer+GAIL+TD3,192,5891,78,3.9597388876311213,0
Transformer+GAIL+TD3,192,5891,79,18.011527377521613,0
Transformer+GAIL+TD3,192,5891,80,2.6841549681947803,0
Transformer+GAIL+TD3,192,5891,81,7.249837466332311,0
Transformer+GAIL+TD3,192,5891,82,6.44345666901689,0
Transformer+GAIL+TD3,192,5891,83,4.426205834215846,0
Transformer+GAIL+TD3,192,5891,84,38.621681964773,0
Transformer+GAIL+TD3,192,5891,85,2.9338346332881855,0
Transformer+GAIL+TD3,192,5891,86,5.957967890590158,0
Transformer+GAIL+TD3,192,5891,87,2.8585468685458713,0
Transformer+GAIL+TD3,192,5891,88,47.3272390037096,0
Transformer+GAIL+TD3,192,5891,89,4.361634287409165,0
Transformer+GAIL+TD3,192,5891,90,4.9867164310694445,0
Transformer+GAIL+TD3,192,5891,91,6.839702333065165,0
Transformer+GAIL+TD3,192,5891,92,2.7906935123042507,0
Transformer+GAIL+TD3,192,5891,93,6.526106860453949,0
Transformer+GAIL+TD3,192,5891,94,15.506723484848488,0
Transformer+GAIL+TD3,192,5891,95,3.8445173383317717,0
Transformer+GAIL+TD3,192,5891,96,9.018558726220014,0
Transformer+GAIL+TD3,192,5891,97,2.6671711595479413,0
Transformer+GAIL+TD3,192,5891,98,2.1180829015544043,0
Transformer+GAIL+TD3,192,5892,5,4.055731225296442,0
Transformer+GAIL+TD3,192,5892,6,21.859932407059713,0
Transformer+GAIL+TD3,192,5892,7,95.93026004728131,0
Transformer+GAIL+TD3,192,5892,8,61.00281491907108,0
Transformer+GAIL+TD3,192,5892,9,9.065013404825736,0
Transformer+GAIL+TD3,192,5892,10,5.164194076342326,0
Transformer+GAIL+TD3,192,5892,11,3.1031924974675684,0
Transformer+GAIL+TD3,192,5892,12,3.306272644927536,0
Transformer+GAIL+TD3,192,5892,13,876.4140624999999,0
Transformer+GAIL+TD3,192,5892,14,19.023160061760166,0
Transformer+GAIL+TD3,192,5892,15,19.605612124082402,0
Transformer+GAIL+TD3,192,5892,16,526.6266233766235,0
Transformer+GAIL+TD3,192,5892,17,310.9544592030361,0
Transformer+GAIL+TD3,192,5892,18,4.106045894806641,0
Transformer+GAIL+TD3,192,5892,19,31.85459996252576,0
Transformer+GAIL+TD3,192,5892,20,12.152648864772239,0
Transformer+GAIL+TD3,192,5892,21,25.61393507521773,0
Transformer+GAIL+TD3,192,5892,22,19.53963180772181,0
Transformer+GAIL+TD3,192,5892,23,4.455802396959953,0
Transformer+GAIL+TD3,192,5892,24,4.656526319149615,0
Transformer+GAIL+TD3,192,5892,25,10.23777462792346,0
Transformer+GAIL+TD3,192,5892,26,9.948113541445458,0
Transformer+GAIL+TD3,192,5892,27,10.549346677787046,0
Transformer+GAIL+TD3,192,5892,28,8.386709228090542,0
Transformer+GAIL+TD3,192,5892,29,6.282053231939164,0
Transformer+GAIL+TD3,192,5892,30,2.6887789836210003,0
Transformer+GAIL+TD3,192,5892,31,4.154237750371201,0
Transformer+GAIL+TD3,192,5892,32,9.672165216261853,0
Transformer+GAIL+TD3,192,5892,33,9.39601414336226,0
Transformer+GAIL+TD3,192,5892,34,10.00997576509046,0
Transformer+GAIL+TD3,192,5892,35,2.691041821331354,0
Transformer+GAIL+TD3,192,5892,36,2.678152286170313,0
Transformer+GAIL+TD3,192,5892,37,2.6783458577290125,0
Transformer+GAIL+TD3,192,5892,38,138.67920585161966,0
Transformer+GAIL+TD3,192,5892,39,5.292222109155048,0
Transformer+GAIL+TD3,192,5892,40,184.94818652849742,0
Transformer+GAIL+TD3,192,5892,41,6.82414197220827,0
Transformer+GAIL+TD3,192,5892,42,3.2199231793703795,0
Transformer+GAIL+TD3,192,5892,43,4.72219284329279,0
Transformer+GAIL+TD3,192,5892,44,7.0599633932834625,0
Transformer+GAIL+TD3,192,5892,45,6.443125693939279,0
Transformer+GAIL+TD3,192,5892,47,126.75144508670523,0
Transformer+GAIL+TD3,192,5892,48,3.4573982339004954,0
Transformer+GAIL+TD3,192,5892,49,227.3455657492355,0
Transformer+GAIL+TD3,192,5892,50,2.526523278734279,0
Transformer+GAIL+TD3,192,5892,51,9.572632026051254,0
Transformer+GAIL+TD3,192,5892,52,5.467853509664293,0
Transformer+GAIL+TD3,192,5892,53,4.133661283536686,0
Transformer+GAIL+TD3,192,5892,54,5.306566356081592,0
Transformer+GAIL+TD3,192,5892,55,3.6190215407082875,0
Transformer+GAIL+TD3,192,5892,56,6.973178234954817,0
Transformer+GAIL+TD3,192,5892,57,6.180076835669066,0
Transformer+GAIL+TD3,192,5892,58,2.7815026063307395,0
Transformer+GAIL+TD3,192,5892,59,3.477501733773916,0
Transformer+GAIL+TD3,192,5892,60,35.21267605633802,0
Transformer+GAIL+TD3,192,5892,61,3.7159787419217456,0
Transformer+GAIL+TD3,192,5892,62,7.710668578993823,0
Transformer+GAIL+TD3,192,5892,63,3.424010609875642,0
Transformer+GAIL+TD3,192,5892,64,3.4319429303651003,0
Transformer+GAIL+TD3,192,5892,65,17.80737939727283,0
Transformer+GAIL+TD3,192,5892,66,2.8384996174086856,0
Transformer+GAIL+TD3,192,5892,67,51.96167621776504,0
Transformer+GAIL+TD3,192,5892,68,2.483392342527789,0
Transformer+GAIL+TD3,192,5892,69,5.6028664989796395,0
Transformer+GAIL+TD3,192,5892,70,12.292353932996116,0
Transformer+GAIL+TD3,192,5892,72,13.74041687849517,0
Transformer+GAIL+TD3,192,5892,73,2.095747352250403,0
Transformer+GAIL+TD3,192,5892,74,9.506314414283638,0
Transformer+GAIL+TD3,192,5892,75,3.1333100233100235,0
Transformer+GAIL+TD3,192,5892,76,165.610086100861,0
Transformer+GAIL+TD3,192,5892,77,4.656479807112718,0
Transformer+GAIL+TD3,192,5892,78,4.7001552575864505,0
Transformer+GAIL+TD3,192,5892,79,6.186475127463139,0
Transformer+GAIL+TD3,192,5892,80,2.91824386465947,0
Transformer+GAIL+TD3,192,5892,81,8.1495636913177,0
Transformer+GAIL+TD3,192,5892,82,3.894654264260899,0
Transformer+GAIL+TD3,192,5892,83,3.5408148822161563,0
Transformer+GAIL+TD3,192,5892,84,4.066868846507059,0
Transformer+GAIL+TD3,192,5892,85,5.15827027027027,0
Transformer+GAIL+TD3,192,5892,86,7.637705731535854,0
Transformer+GAIL+TD3,192,5892,87,3.2913713459571916,0
Transformer+GAIL+TD3,192,5892,88,4.766304347826086,0
Transformer+GAIL+TD3,192,5892,89,2.502648847149479,0
Transformer+GAIL+TD3,192,5892,90,4.629943583722329,0
Transformer+GAIL+TD3,192,5892,91,6.95822729586272,0
Transformer+GAIL+TD3,192,5892,92,8.046685819823518,0
Transformer+GAIL+TD3,192,5892,93,2.5200267507959815,0
Transformer+GAIL+TD3,192,5892,94,7.4554351305620346,0
Transformer+GAIL+TD3,192,5892,95,4.681706316652995,0
Transformer+GAIL+TD3,192,5892,96,2.6559514204424812,0
Transformer+GAIL+TD3,192,5892,97,182.33661202185792,0
Transformer+GAIL+TD3,192,5892,98,3.0370546589524965,0
Transformer+GAIL+TD3,192,5893,5,4.227393748151069,0
Transformer+GAIL+TD3,192,5893,6,17.33408493047726,0
Transformer+GAIL+TD3,192,5893,7,248.28030303030303,0
Transformer+GAIL+TD3,192,5893,8,18.980075187969927,0
Transformer+GAIL+TD3,192,5893,9,8.386178497896337,0
Transformer+GAIL+TD3,192,5893,10,7.454308645451985,0
Transformer+GAIL+TD3,192,5893,11,4.619428220104518,0
Transformer+GAIL+TD3,192,5893,12,4.416948674562888,0
Transformer+GAIL+TD3,192,5893,13,13.69393232205368,0
Transformer+GAIL+TD3,192,5893,14,10.544559624133043,0
Transformer+GAIL+TD3,192,5893,15,806.4148936170213,0
Transformer+GAIL+TD3,192,5893,16,529.1490683229814,0
Transformer+GAIL+TD3,192,5893,17,10.766704776422765,0
Transformer+GAIL+TD3,192,5893,18,15.276188064488903,0
Transformer+GAIL+TD3,192,5893,19,19.364079980956912,0
Transformer+GAIL+TD3,192,5893,20,7.376423062798384,0
Transformer+GAIL+TD3,192,5893,21,25.315171688857742,0
Transformer+GAIL+TD3,192,5893,22,6.959330943847073,0
Transformer+GAIL+TD3,192,5893,23,10.423887270510127,0
Transformer+GAIL+TD3,192,5893,24,11.322732626619551,0
Transformer+GAIL+TD3,192,5893,25,7.843089349820503,0
Transformer+GAIL+TD3,192,5893,26,6.990391518029708,0
Transformer+GAIL+TD3,192,5893,27,7.828994838208358,0
Transformer+GAIL+TD3,192,5893,28,4.292309714736427,0
Transformer+GAIL+TD3,192,5893,29,5.8056497175141235,0
Transformer+GAIL+TD3,192,5893,30,10.051591981132075,0
Transformer+GAIL+TD3,192,5893,31,4.684657921054179,0
Transformer+GAIL+TD3,192,5893,32,4.885396122219862,0
Transformer+GAIL+TD3,192,5893,33,3.1764630978454647,0
Transformer+GAIL+TD3,192,5893,34,7.625592164794804,0
Transformer+GAIL+TD3,192,5893,35,11.296252755326966,0
Transformer+GAIL+TD3,192,5893,36,4.105084843090528,0
Transformer+GAIL+TD3,192,5893,37,9.135503809879042,0
Transformer+GAIL+TD3,192,5893,38,3.4485791278784905,0
Transformer+GAIL+TD3,192,5893,39,3.301113422243974,0
Transformer+GAIL+TD3,192,5893,40,5.827515319233051,0
Transformer+GAIL+TD3,192,5893,41,14.679972151311206,0
Transformer+GAIL+TD3,192,5893,42,2.8890136160482283,0
Transformer+GAIL+TD3,192,5893,43,131.3439065108514,0
Transformer+GAIL+TD3,192,5893,44,4.292228571428572,0
Transformer+GAIL+TD3,192,5893,45,3.593130943976078,0
Transformer+GAIL+TD3,192,5893,46,2.4449514598407442,0
Transformer+GAIL+TD3,192,5893,47,4.289738675428188,0
Transformer+GAIL+TD3,192,5893,48,6.207071701382053,0
Transformer+GAIL+TD3,192,5893,49,154.2076086956522,0
Transformer+GAIL+TD3,192,5893,50,2.5753704998550404,0
Transformer+GAIL+TD3,192,5893,51,4.9436165534763274,0
Transformer+GAIL+TD3,192,5893,52,4.3532069541302425,0
Transformer+GAIL+TD3,192,5893,53,4.3082095902066815,0
Transformer+GAIL+TD3,192,5893,54,4.2167862578821484,0
Transformer+GAIL+TD3,192,5893,55,13.004541183839649,0
Transformer+GAIL+TD3,192,5893,56,5.990218537507728,0
Transformer+GAIL+TD3,192,5893,57,2.8328050267279368,0
Transformer+GAIL+TD3,192,5893,58,4.532109508988121,0
Transformer+GAIL+TD3,192,5893,59,6.311524223402543,0
Transformer+GAIL+TD3,192,5893,60,2.8848639958001114,0
Transformer+GAIL+TD3,192,5893,61,13.20492342384666,0
Transformer+GAIL+TD3,192,5893,62,3.2995778910481044,0
Transformer+GAIL+TD3,192,5893,63,3.2772983201033785,0
Transformer+GAIL+TD3,192,5893,64,3.7073526142903015,0
Transformer+GAIL+TD3,192,5893,65,3.9471704523393516,0
Transformer+GAIL+TD3,192,5893,66,3.6214017906533638,0
Transformer+GAIL+TD3,192,5893,67,4.1633449330380685,0
Transformer+GAIL+TD3,192,5893,68,4.333989251407051,0
Transformer+GAIL+TD3,192,5893,69,7.734242804517669,0
Transformer+GAIL+TD3,192,5893,70,2.737639205417899,0
Transformer+GAIL+TD3,192,5893,71,2.8821359564377302,0
Transformer+GAIL+TD3,192,5893,72,6.438555392874574,0
Transformer+GAIL+TD3,192,5893,73,2.391726912679952,0
Transformer+GAIL+TD3,192,5893,74,182.0936170212766,0
Transformer+GAIL+TD3,192,5893,75,4.994802619720002,0
Transformer+GAIL+TD3,192,5893,76,6.502534665275085,0
Transformer+GAIL+TD3,192,5893,77,5.246351343301365,0
Transformer+GAIL+TD3,192,5893,78,2.534827041179523,0
Transformer+GAIL+TD3,192,5893,79,6.327670740970927,0
Transformer+GAIL+TD3,192,5893,80,5.446863997913679,0
Transformer+GAIL+TD3,192,5893,81,9.861722327711382,0
Transformer+GAIL+TD3,192,5893,82,7.262977022977023,0
Transformer+GAIL+TD3,192,5893,83,2.000833993138031,0
Transformer+GAIL+TD3,192,5893,84,7.093571216680086,0
Transformer+GAIL+TD3,192,5893,85,4.42167510237302,0
Transformer+GAIL+TD3,192,5893,86,5.425115315824154,0
Transformer+GAIL+TD3,192,5893,87,32.26350337584396,0
Transformer+GAIL+TD3,192,5893,88,5.576507004499473,0
Transformer+GAIL+TD3,192,5893,89,2.7386637053488805,0
Transformer+GAIL+TD3,192,5893,90,3.2059465507437777,0
Transformer+GAIL+TD3,192,5893,91,4.743744781319283,0
Transformer+GAIL+TD3,192,5893,92,7.00516917293233,0
Transformer+GAIL+TD3,192,5893,93,36.9265221878225,0
Transformer+GAIL+TD3,192,5893,94,2.8584011561572984,0
Transformer+GAIL+TD3,192,5893,95,2.1821645122359064,0
Transformer+GAIL+TD3,192,5893,96,7.166666666666667,0
Transformer+GAIL+TD3,192,5893,97,3.112517850301278,0
Transformer+GAIL+TD3,192,5893,98,122.83907125700559,0
Transformer+GAIL+TD3,192,5895,5,3.4570667193051716,0
Transformer+GAIL+TD3,192,5895,6,15.20501138952164,0
Transformer+GAIL+TD3,192,5895,7,148.431151241535,0
Transformer+GAIL+TD3,192,5895,8,18.398218496201203,0
Transformer+GAIL+TD3,192,5895,9,8.231704999049612,0
Transformer+GAIL+TD3,192,5895,10,11.770587621333888,0
Transformer+GAIL+TD3,192,5895,11,5.063200127115278,0
Transformer+GAIL+TD3,192,5895,12,5.957189390414145,0
Transformer+GAIL+TD3,192,5895,13,47.785135135135135,0
Transformer+GAIL+TD3,192,5895,14,18.372023809523807,0
Transformer+GAIL+TD3,192,5895,15,20.434892541087233,0
Transformer+GAIL+TD3,192,5895,16,399.9079283887468,0
Transformer+GAIL+TD3,192,5895,17,4.242101834762784,0
Transformer+GAIL+TD3,192,5895,18,5.823561550281714,0
Transformer+GAIL+TD3,192,5895,19,28.476588628762542,0
Transformer+GAIL+TD3,192,5895,20,44.17023928215353,0
Transformer+GAIL+TD3,192,5895,21,15.77753048190439,0
Transformer+GAIL+TD3,192,5895,22,9.849936386768446,0
Transformer+GAIL+TD3,192,5895,23,3.9768293759378586,0
Transformer+GAIL+TD3,192,5895,24,8.194374305625695,0
Transformer+GAIL+TD3,192,5895,25,5.151253298153035,0
Transformer+GAIL+TD3,192,5895,26,10.906079925361531,0
Transformer+GAIL+TD3,192,5895,27,14.969718186591981,0
Transformer+GAIL+TD3,192,5895,28,3.465927964694158,0
Transformer+GAIL+TD3,192,5895,29,5.759158681288269,0
Transformer+GAIL+TD3,192,5895,30,6.186382655001902,0
Transformer+GAIL+TD3,192,5895,31,5.071715817694371,0
Transformer+GAIL+TD3,192,5895,32,4.042453781512606,0
Transformer+GAIL+TD3,192,5895,33,95.53733426378228,0
Transformer+GAIL+TD3,192,5895,34,2.316689833828268,0
Transformer+GAIL+TD3,192,5895,35,6.474391696443765,0
Transformer+GAIL+TD3,192,5895,36,6.0451185834957775,0
Transformer+GAIL+TD3,192,5895,37,4.840762924728808,0
Transformer+GAIL+TD3,192,5895,38,5.209147119442536,0
Transformer+GAIL+TD3,192,5895,39,18.209964412811388,0
Transformer+GAIL+TD3,192,5895,40,2.419620600038895,0
Transformer+GAIL+TD3,192,5895,41,8.925333014754196,0
Transformer+GAIL+TD3,192,5895,42,5.54127358490566,0
Transformer+GAIL+TD3,192,5895,43,4.47682824320538,0
Transformer+GAIL+TD3,192,5895,44,2.492207848584824,0
Transformer+GAIL+TD3,192,5895,45,3.0206077258768382,0
Transformer+GAIL+TD3,192,5895,46,4.404541214876996,0
Transformer+GAIL+TD3,192,5895,47,91.64872068230277,0
Transformer+GAIL+TD3,192,5895,48,3.0844672509225095,0
Transformer+GAIL+TD3,192,5895,49,5.849255837239998,0
Transformer+GAIL+TD3,192,5895,50,4.735827981010892,0
Transformer+GAIL+TD3,192,5895,51,3.3298652898016226,0
Transformer+GAIL+TD3,192,5895,52,7.188298082625024,0
Transformer+GAIL+TD3,192,5895,53,225.50913838120104,0
Transformer+GAIL+TD3,192,5895,54,5.238595976990437,0
Transformer+GAIL+TD3,192,5895,55,5.542128683980157,0
Transformer+GAIL+TD3,192,5895,56,2.6326851563651856,0
Transformer+GAIL+TD3,192,5895,57,5.186017681792973,0
Transformer+GAIL+TD3,192,5895,58,7.51763015845377,0
Transformer+GAIL+TD3,192,5895,59,114.8530534351145,0
Transformer+GAIL+TD3,192,5895,60,4.237149235594993,0
Transformer+GAIL+TD3,192,5895,61,7.239819974282039,0
Transformer+GAIL+TD3,192,5895,62,3.3221340449126697,0
Transformer+GAIL+TD3,192,5895,63,5.691095421098104,0
Transformer+GAIL+TD3,192,5895,64,8.29059696073855,0
Transformer+GAIL+TD3,192,5895,65,11.786277372262775,0
Transformer+GAIL+TD3,192,5895,66,9.80252127727651,0
Transformer+GAIL+TD3,192,5895,67,2.562874045538969,0
Transformer+GAIL+TD3,192,5895,68,7.230879278089578,0
Transformer+GAIL+TD3,192,5895,69,4.299563270188323,0
Transformer+GAIL+TD3,192,5895,70,3.8897118713093057,0
Transformer+GAIL+TD3,192,5895,71,2.9292159133113405,0
Transformer+GAIL+TD3,192,5895,72,2.9681944976207406,0
Transformer+GAIL+TD3,192,5895,73,5.914524109828271,0
Transformer+GAIL+TD3,192,5895,74,5.875507857416635,0
Transformer+GAIL+TD3,192,5895,75,6.029800520381613,0
Transformer+GAIL+TD3,192,5895,76,5.430432170971517,0
Transformer+GAIL+TD3,192,5895,77,2.468429313050827,0
Transformer+GAIL+TD3,192,5895,78,3.3712432737270017,0
Transformer+GAIL+TD3,192,5895,79,4.161068617669882,0
Transformer+GAIL+TD3,192,5895,80,3.435626384773498,0
Transformer+GAIL+TD3,192,5895,81,4.616089803554725,0
Transformer+GAIL+TD3,192,5895,82,5.084648322892713,0
Transformer+GAIL+TD3,192,5895,83,3.899040632054176,0
Transformer+GAIL+TD3,192,5895,84,2.8986847174068577,0
Transformer+GAIL+TD3,192,5895,85,5.008981622219151,0
Transformer+GAIL+TD3,192,5895,86,6.41677593674256,0
Transformer+GAIL+TD3,192,5895,87,2.9542351022266056,0
Transformer+GAIL+TD3,192,5895,88,6.062815044590925,0
Transformer+GAIL+TD3,192,5895,89,2.6499327584842973,0
Transformer+GAIL+TD3,192,5895,90,4.880192655027091,0
Transformer+GAIL+TD3,192,5895,91,2.792069632495165,0
Transformer+GAIL+TD3,192,5895,92,6.967587441342944,0
Transformer+GAIL+TD3,192,5895,93,4.423225002830937,0
Transformer+GAIL+TD3,192,5895,94,5.780618911855546,0
Transformer+GAIL+TD3,192,5895,95,4.201558959974108,0
Transformer+GAIL+TD3,192,5895,96,4.080628594905505,0
Transformer+GAIL+TD3,192,5895,97,2.729364936852816,0
Transformer+GAIL+TD3,192,5895,98,7.0550163220892275,0
Transformer+GAIL+TD3,192,5896,5,3.0277504428262145,0
Transformer+GAIL+TD3,192,5896,6,220.04761904761904,0
Transformer+GAIL+TD3,192,5896,7,18.22541306058222,0
Transformer+GAIL+TD3,192,5896,8,10.946235045742435,0
Transformer+GAIL+TD3,192,5896,9,6.2020098290911765,0
Transformer+GAIL+TD3,192,5896,10,48.08774038461539,0
Transformer+GAIL+TD3,192,5896,11,6.657146906668556,0
Transformer+GAIL+TD3,192,5896,12,3.68197173889353,0
Transformer+GAIL+TD3,192,5896,13,2.4877968954553964,0
Transformer+GAIL+TD3,192,5896,14,660.5786516853932,0
Transformer+GAIL+TD3,192,5896,15,635.6681614349776,0
Transformer+GAIL+TD3,192,5896,16,567.5116279069767,0
Transformer+GAIL+TD3,192,5896,17,238.80353200883005,0
Transformer+GAIL+TD3,192,5896,18,4.36474478888295,0
Transformer+GAIL+TD3,192,5896,19,9.12516804641619,0
Transformer+GAIL+TD3,192,5896,20,25.622141560798543,0
Transformer+GAIL+TD3,192,5896,21,13.521746459878626,0
Transformer+GAIL+TD3,192,5896,22,118.57449757449757,0
Transformer+GAIL+TD3,192,5896,23,4.384386002730472,0
Transformer+GAIL+TD3,192,5896,24,6.502559103095296,0
Transformer+GAIL+TD3,192,5896,25,10.13790401567091,0
Transformer+GAIL+TD3,192,5896,26,19.068548387096772,0
Transformer+GAIL+TD3,192,5896,27,14.462256978386009,0
Transformer+GAIL+TD3,192,5896,28,246.53682487725038,0
Transformer+GAIL+TD3,192,5896,29,3.054704355139503,0
Transformer+GAIL+TD3,192,5896,30,4.617179786374652,0
Transformer+GAIL+TD3,192,5896,31,9.139101537000771,0
Transformer+GAIL+TD3,192,5896,32,9.032507944915254,0
Transformer+GAIL+TD3,192,5896,33,6.087648830870751,0
Transformer+GAIL+TD3,192,5896,34,7.311260605452082,0
Transformer+GAIL+TD3,192,5896,35,3.508522063973851,0
Transformer+GAIL+TD3,192,5896,36,2.961633784126613,0
Transformer+GAIL+TD3,192,5896,37,133.19949916527545,0
Transformer+GAIL+TD3,192,5896,38,8.670332005312085,0
Transformer+GAIL+TD3,192,5896,39,24.203090128755363,0
Transformer+GAIL+TD3,192,5896,40,6.935203495056335,0
Transformer+GAIL+TD3,192,5896,41,2.597810055149417,0
Transformer+GAIL+TD3,192,5896,42,2.6683412860235842,0
Transformer+GAIL+TD3,192,5896,43,10.8839531409702,0
Transformer+GAIL+TD3,192,5896,44,8.096364905157646,0
Transformer+GAIL+TD3,192,5896,45,5.349408200648161,0
Transformer+GAIL+TD3,192,5896,46,3.371730205278592,0
Transformer+GAIL+TD3,192,5896,47,6.029448195948377,0
Transformer+GAIL+TD3,192,5896,48,2.6135997779628086,0
Transformer+GAIL+TD3,192,5896,49,4.540497518649146,0
Transformer+GAIL+TD3,192,5896,50,7.237295994065283,0
Transformer+GAIL+TD3,192,5896,51,5.888661946259985,0
Transformer+GAIL+TD3,192,5896,52,2.8500126770256076,0
Transformer+GAIL+TD3,192,5896,53,3.838066766317887,0
Transformer+GAIL+TD3,192,5896,54,3.5092398944012064,0
Transformer+GAIL+TD3,192,5896,55,5.36520258006869,0
Transformer+GAIL+TD3,192,5896,56,17.359303283511828,0
Transformer+GAIL+TD3,192,5896,57,5.845719661335842,0
Transformer+GAIL+TD3,192,5896,58,4.075582187116982,0
Transformer+GAIL+TD3,192,5896,60,4.360281195079086,0
Transformer+GAIL+TD3,192,5896,61,8.326430846973524,0
Transformer+GAIL+TD3,192,5896,62,7.042317046208269,0
Transformer+GAIL+TD3,192,5896,63,5.613458593717668,0
Transformer+GAIL+TD3,192,5896,64,4.535919371850463,0
Transformer+GAIL+TD3,192,5896,65,3.3069191580111372,0
Transformer+GAIL+TD3,192,5896,66,4.992990429856289,0
Transformer+GAIL+TD3,192,5896,67,4.804234536574718,0
Transformer+GAIL+TD3,192,5896,68,8.558212712397735,0
Transformer+GAIL+TD3,192,5896,69,3.1395603697468317,0
Transformer+GAIL+TD3,192,5896,70,3.5838221542123603,0
Transformer+GAIL+TD3,192,5896,71,3.822908513540711,0
Transformer+GAIL+TD3,192,5896,72,2.9973748359272454,0
Transformer+GAIL+TD3,192,5896,73,16.04743265024177,0
Transformer+GAIL+TD3,192,5896,74,2.825102462486875,0
Transformer+GAIL+TD3,192,5896,75,3.9279496052773872,0
Transformer+GAIL+TD3,192,5896,76,4.7919305056161905,0
Transformer+GAIL+TD3,192,5896,77,4.1695903555172835,0
Transformer+GAIL+TD3,192,5896,78,4.713819842017538,0
Transformer+GAIL+TD3,192,5896,79,4.258811422691022,0
Transformer+GAIL+TD3,192,5896,80,3.933757040252157,0
Transformer+GAIL+TD3,192,5896,81,4.350302005915836,0
Transformer+GAIL+TD3,192,5896,82,4.662366586642757,0
Transformer+GAIL+TD3,192,5896,83,4.8072034547180795,0
Transformer+GAIL+TD3,192,5896,84,5.505718032386936,0
Transformer+GAIL+TD3,192,5896,85,4.740396944862575,0
Transformer+GAIL+TD3,192,5896,86,2.5747784291389992,0
Transformer+GAIL+TD3,192,5896,87,7.075133576055605,0
Transformer+GAIL+TD3,192,5896,88,5.57959525650941,0
Transformer+GAIL+TD3,192,5896,89,3.2829826569240255,0
Transformer+GAIL+TD3,192,5896,90,9.915194560796452,0
Transformer+GAIL+TD3,192,5896,91,2.4538810953329415,0
Transformer+GAIL+TD3,192,5896,92,2.7971642864481665,0
Transformer+GAIL+TD3,192,5896,93,4.363268477451519,0
Transformer+GAIL+TD3,192,5896,94,4.080832449628844,0
Transformer+GAIL+TD3,192,5896,95,8.203555332999498,0
Transformer+GAIL+TD3,192,5896,96,5.344373219373219,0
Transformer+GAIL+TD3,192,5896,97,3.398355066119892,0
Transformer+GAIL+TD3,192,5896,98,3.9267788973027096,0
Transformer+GAIL+TD3,192,5898,5,4.283428797155836,0
Transformer+GAIL+TD3,192,5898,6,320.3583333333334,0
Transformer+GAIL+TD3,192,5898,7,35.99360795454546,0
Transformer+GAIL+TD3,192,5898,8,8.018773135906928,0
Transformer+GAIL+TD3,192,5898,9,8.162599318955731,0
Transformer+GAIL+TD3,192,5898,10,8.725039331961758,0
Transformer+GAIL+TD3,192,5898,11,7.797760859829826,0
Transformer+GAIL+TD3,192,5898,12,5.000958160332162,0
Transformer+GAIL+TD3,192,5898,13,8.05093962415034,0
Transformer+GAIL+TD3,192,5898,14,166.13095238095238,0
Transformer+GAIL+TD3,192,5898,15,26.745078931982068,0
Transformer+GAIL+TD3,192,5898,16,16.44880422403976,0
Transformer+GAIL+TD3,192,5898,17,36.673484659516085,0
Transformer+GAIL+TD3,192,5898,18,667.5793650793652,0
Transformer+GAIL+TD3,192,5898,19,12.147821290678435,0
Transformer+GAIL+TD3,192,5898,20,19.731771428571427,0
Transformer+GAIL+TD3,192,5898,21,16.28312372038608,0
Transformer+GAIL+TD3,192,5898,22,14.129915220024222,0
Transformer+GAIL+TD3,192,5898,23,11.02231472635458,0
Transformer+GAIL+TD3,192,5898,24,16.681938981609438,0
Transformer+GAIL+TD3,192,5898,25,5.196735096265368,0
Transformer+GAIL+TD3,192,5898,26,13.9002186270223,0
Transformer+GAIL+TD3,192,5898,27,5.446120079297649,0
Transformer+GAIL+TD3,192,5898,28,6.404927738115968,0
Transformer+GAIL+TD3,192,5898,29,13.998896996436448,0
Transformer+GAIL+TD3,192,5898,30,4.04720134860996,0
Transformer+GAIL+TD3,192,5898,31,12.908020050125312,0
Transformer+GAIL+TD3,192,5898,32,6.682415630550623,0
Transformer+GAIL+TD3,192,5898,33,3.9493572829165555,0
Transformer+GAIL+TD3,192,5898,34,3.6516560211102616,0
Transformer+GAIL+TD3,192,5898,35,12.466294344371905,0
Transformer+GAIL+TD3,192,5898,36,4.7385010506654215,0
Transformer+GAIL+TD3,192,5898,37,12.393822054035024,0
Transformer+GAIL+TD3,192,5898,38,3.0412767313129705,0
Transformer+GAIL+TD3,192,5898,39,4.72566665743638,0
Transformer+GAIL+TD3,192,5898,40,3.073311255273783,0
Transformer+GAIL+TD3,192,5898,41,74.88329519450801,0
Transformer+GAIL+TD3,192,5898,42,5.717658569787722,0
Transformer+GAIL+TD3,192,5898,43,20.32094324540368,0
Transformer+GAIL+TD3,192,5898,44,2.6482230298066916,0
Transformer+GAIL+TD3,192,5898,45,2.7040461976667065,0
Transformer+GAIL+TD3,192,5898,46,9.933053808525505,0
Transformer+GAIL+TD3,192,5898,47,5.558923543822443,0
Transformer+GAIL+TD3,192,5898,48,6.1860636598254874,0
Transformer+GAIL+TD3,192,5898,49,132.1830282861897,0
Transformer+GAIL+TD3,192,5898,51,2.897454634027524,0
Transformer+GAIL+TD3,192,5898,52,15.270222222222221,0
Transformer+GAIL+TD3,192,5898,53,8.75,0
Transformer+GAIL+TD3,192,5898,54,7.499076923076923,0
Transformer+GAIL+TD3,192,5898,55,2.827056893397952,0
Transformer+GAIL+TD3,192,5898,56,3.2936802973977692,0
Transformer+GAIL+TD3,192,5898,57,3.791210220069564,0
Transformer+GAIL+TD3,192,5898,58,6.982535101022454,0
Transformer+GAIL+TD3,192,5898,59,29.89364328327505,0
Transformer+GAIL+TD3,192,5898,60,5.161403760585618,0
Transformer+GAIL+TD3,192,5898,61,5.239900332225914,0
Transformer+GAIL+TD3,192,5898,62,4.943535975375143,0
Transformer+GAIL+TD3,192,5898,63,2.9291813777814273,0
Transformer+GAIL+TD3,192,5898,64,9.052984811020844,0
Transformer+GAIL+TD3,192,5898,65,6.081951219512196,0
Transformer+GAIL+TD3,192,5898,66,3.5970320229107,0
Transformer+GAIL+TD3,192,5898,67,2.6628327884166274,0
Transformer+GAIL+TD3,192,5898,68,7.3581786837034775,0
Transformer+GAIL+TD3,192,5898,69,4.330758307299063,0
Transformer+GAIL+TD3,192,5898,70,4.051831287249758,0
Transformer+GAIL+TD3,192,5898,71,43.36570893191755,0
Transformer+GAIL+TD3,192,5898,72,2.1016970032954507,0
Transformer+GAIL+TD3,192,5898,73,2.474447294232359,0
Transformer+GAIL+TD3,192,5898,74,54.33548387096775,0
Transformer+GAIL+TD3,192,5898,75,2.2109428366738313,0
Transformer+GAIL+TD3,192,5898,76,6.134703748488513,0
Transformer+GAIL+TD3,192,5898,77,4.994179566563467,0
Transformer+GAIL+TD3,192,5898,78,5.846907093384284,0
Transformer+GAIL+TD3,192,5898,79,4.5458202667173495,0
Transformer+GAIL+TD3,192,5898,80,27.818719628142826,0
Transformer+GAIL+TD3,192,5898,81,5.695822261588427,0
Transformer+GAIL+TD3,192,5898,82,3.5734538628729506,0
Transformer+GAIL+TD3,192,5898,83,2.557277575944964,0
Transformer+GAIL+TD3,192,5898,84,8.012964238742406,0
Transformer+GAIL+TD3,192,5898,85,5.221403383652284,0
Transformer+GAIL+TD3,192,5898,86,3.7662041725744375,0
Transformer+GAIL+TD3,192,5898,87,2.8396755933977076,0
Transformer+GAIL+TD3,192,5898,88,4.490789102202147,0
Transformer+GAIL+TD3,192,5898,89,3.974432802793996,0
Transformer+GAIL+TD3,192,5898,90,7.991334908804461,0
Transformer+GAIL+TD3,192,5898,91,5.714050131926122,0
Transformer+GAIL+TD3,192,5898,92,2.7259538072770324,0
Transformer+GAIL+TD3,192,5898,93,2.560904849649116,0
Transformer+GAIL+TD3,192,5898,94,3.9174189428463606,0
Transformer+GAIL+TD3,192,5898,95,8.04155744517614,0
Transformer+GAIL+TD3,192,5898,96,6.365734487963771,0
Transformer+GAIL+TD3,192,5898,97,3.2182661239561914,0
Transformer+GAIL+TD3,192,5898,98,4.935702616897328,0
Transformer+GAIL+TD3,192,5899,5,4.842567034700315,0
Transformer+GAIL+TD3,192,5899,6,23.72325408618128,0
Transformer+GAIL+TD3,192,5899,7,100.93993325917687,0
Transformer+GAIL+TD3,192,5899,8,15.537343027098482,0
Transformer+GAIL+TD3,192,5899,9,8.585911784068466,0
Transformer+GAIL+TD3,192,5899,10,5.024747246114381,0
Transformer+GAIL+TD3,192,5899,11,3.374568488789087,0
Transformer+GAIL+TD3,192,5899,12,3.4023725863124983,0
Transformer+GAIL+TD3,192,5899,13,736.7048192771085,0
Transformer+GAIL+TD3,192,5899,14,511.56934306569343,0
Transformer+GAIL+TD3,192,5899,15,27.432669983416254,0
Transformer+GAIL+TD3,192,5899,16,282.1212121212122,0
Transformer+GAIL+TD3,192,5899,17,6.106087524020158,0
Transformer+GAIL+TD3,192,5899,18,8.665682189757923,0
Transformer+GAIL+TD3,192,5899,19,49.655141579731755,0
Transformer+GAIL+TD3,192,5899,20,12.577414121464347,0
Transformer+GAIL+TD3,192,5899,21,15.770375692876206,0
Transformer+GAIL+TD3,192,5899,22,6.702850740694633,0
Transformer+GAIL+TD3,192,5899,23,9.658864274198363,0
Transformer+GAIL+TD3,192,5899,24,4.638665238022347,0
Transformer+GAIL+TD3,192,5899,25,5.48213633374735,0
Transformer+GAIL+TD3,192,5899,26,7.92476815671564,0
Transformer+GAIL+TD3,192,5899,27,5.4387010584729225,0
Transformer+GAIL+TD3,192,5899,28,5.293177957261645,0
Transformer+GAIL+TD3,192,5899,29,5.447375323166848,0
Transformer+GAIL+TD3,192,5899,30,2.9275903036871838,0
Transformer+GAIL+TD3,192,5899,31,4.75999425307999,0
Transformer+GAIL+TD3,192,5899,32,6.310352071254515,0
Transformer+GAIL+TD3,192,5899,33,3.5115868721326904,0
Transformer+GAIL+TD3,192,5899,34,70.81593662628144,0
Transformer+GAIL+TD3,192,5899,35,2.6520305734155616,0
Transformer+GAIL+TD3,192,5899,36,5.129726001630197,0
Transformer+GAIL+TD3,192,5899,37,4.641077676696991,0
Transformer+GAIL+TD3,192,5899,38,2.909231872989423,0
Transformer+GAIL+TD3,192,5899,39,6.190180102915952,0
Transformer+GAIL+TD3,192,5899,40,4.692277938941842,0
Transformer+GAIL+TD3,192,5899,41,3.0280307162939035,0
Transformer+GAIL+TD3,192,5899,42,25.262632662759383,0
Transformer+GAIL+TD3,192,5899,43,4.833149103414396,0
Transformer+GAIL+TD3,192,5899,44,3.0027805725784327,0
Transformer+GAIL+TD3,192,5899,45,4.453020023167301,0
Transformer+GAIL+TD3,192,5899,46,10.750087186998673,0
Transformer+GAIL+TD3,192,5899,47,2.6455221358567083,0
Transformer+GAIL+TD3,192,5899,48,181.18834688346885,0
Transformer+GAIL+TD3,192,5899,49,3.317347656499776,0
Transformer+GAIL+TD3,192,5899,50,4.624860463589205,0
Transformer+GAIL+TD3,192,5899,51,2.799669150820439,0
Transformer+GAIL+TD3,192,5899,52,30.880537476380432,0
Transformer+GAIL+TD3,192,5899,53,6.26978524346162,0
Transformer+GAIL+TD3,192,5899,54,3.1854932966655207,0
Transformer+GAIL+TD3,192,5899,55,3.273012698730127,0
Transformer+GAIL+TD3,192,5899,56,2.8114219452094504,0
Transformer+GAIL+TD3,192,5899,57,8.151432545201668,0
Transformer+GAIL+TD3,192,5899,58,3.553726629963949,0
Transformer+GAIL+TD3,192,5899,59,6.374763605799538,0
Transformer+GAIL+TD3,192,5899,60,6.053886371558033,0
Transformer+GAIL+TD3,192,5899,61,2.944970551905623,0
Transformer+GAIL+TD3,192,5899,62,3.160880143869671,0
Transformer+GAIL+TD3,192,5899,63,2.113673575336448,0
Transformer+GAIL+TD3,192,5899,64,5.584831625183016,0
Transformer+GAIL+TD3,192,5899,65,3.653664518485663,0
Transformer+GAIL+TD3,192,5899,66,36.56427870461237,0
Transformer+GAIL+TD3,192,5899,67,4.574874686716791,0
Transformer+GAIL+TD3,192,5899,68,2.2217202874204154,0
Transformer+GAIL+TD3,192,5899,69,7.709742475954081,0
Transformer+GAIL+TD3,192,5899,70,3.821867418016749,0
Transformer+GAIL+TD3,192,5899,71,6.310618942356742,0
Transformer+GAIL+TD3,192,5899,72,107.16335540838851,0
Transformer+GAIL+TD3,192,5899,73,4.4411472108315335,0
Transformer+GAIL+TD3,192,5899,74,2.711071178678201,0
Transformer+GAIL+TD3,192,5899,75,3.53137405268856,0
Transformer+GAIL+TD3,192,5899,77,26.823809523809523,0
Transformer+GAIL+TD3,192,5899,78,8.507232302581139,0
Transformer+GAIL+TD3,192,5899,79,4.8760589896454345,0
Transformer+GAIL+TD3,192,5899,80,2.25895215190994,0
Transformer+GAIL+TD3,192,5899,81,5.244414427570094,0
Transformer+GAIL+TD3,192,5899,82,3.7381126911987494,0
Transformer+GAIL+TD3,192,5899,83,6.384950296678738,0
Transformer+GAIL+TD3,192,5899,84,3.621280717165574,0
Transformer+GAIL+TD3,192,5899,85,8.26900698215671,0
Transformer+GAIL+TD3,192,5899,86,2.857902375677947,0
Transformer+GAIL+TD3,192,5899,87,5.433416283818275,0
Transformer+GAIL+TD3,192,5899,88,2.554681625409811,0
Transformer+GAIL+TD3,192,5899,89,4.841190687429253,0
Transformer+GAIL+TD3,192,5899,90,7.42447050586382,0
Transformer+GAIL+TD3,192,5899,91,3.426382693630001,0
Transformer+GAIL+TD3,192,5899,92,4.53660309265432,0
Transformer+GAIL+TD3,192,5899,93,3.0903620035181936,0
Transformer+GAIL+TD3,192,5899,94,5.75240873931334,0
Transformer+GAIL+TD3,192,5899,95,5.615659412690088,0
Transformer+GAIL+TD3,192,5899,96,2.753993921763014,0
Transformer+GAIL+TD3,192,5899,97,4.703448089206452,0
Transformer+GAIL+TD3,192,5899,98,6.719978015938444,0
Transformer+GAIL+TD3,192,5901,5,5.651261332282223,0
Transformer+GAIL+TD3,192,5901,6,29.151053013798105,0
Transformer+GAIL+TD3,192,5901,7,31.45412517780939,0
Transformer+GAIL+TD3,192,5901,8,12.20160775807069,0
Transformer+GAIL+TD3,192,5901,9,13.470564730953651,0
Transformer+GAIL+TD3,192,5901,10,3.734308621075158,0
Transformer+GAIL+TD3,192,5901,11,5.484759935263442,0
Transformer+GAIL+TD3,192,5901,12,17.792831105710814,0
Transformer+GAIL+TD3,192,5901,13,500.65862068965515,0
Transformer+GAIL+TD3,192,5901,14,429.5883977900552,0
Transformer+GAIL+TD3,192,5901,15,8.580570291777189,0
Transformer+GAIL+TD3,192,5901,16,6.097365276276105,0
Transformer+GAIL+TD3,192,5901,17,7.616478038264618,0
Transformer+GAIL+TD3,192,5901,18,20.743576910243576,0
Transformer+GAIL+TD3,192,5901,19,12.190028002489111,0
Transformer+GAIL+TD3,192,5901,20,17.31408775981524,0
Transformer+GAIL+TD3,192,5901,21,405.26398210290836,0
Transformer+GAIL+TD3,192,5901,22,7.193084932699634,0
Transformer+GAIL+TD3,192,5901,23,7.53535030391664,0
Transformer+GAIL+TD3,192,5901,24,5.179758161247448,0
Transformer+GAIL+TD3,192,5901,25,14.481684087134905,0
Transformer+GAIL+TD3,192,5901,26,12.948178929357125,0
Transformer+GAIL+TD3,192,5901,27,5.286083863317884,0
Transformer+GAIL+TD3,192,5901,28,13.650954356846471,0
Transformer+GAIL+TD3,192,5901,29,6.514936838511439,0
Transformer+GAIL+TD3,192,5901,30,3.3865878157235403,0
Transformer+GAIL+TD3,192,5901,31,9.618065165429615,0
Transformer+GAIL+TD3,192,5901,32,12.959011452682338,0
Transformer+GAIL+TD3,192,5901,33,7.251692215807286,0
Transformer+GAIL+TD3,192,5901,34,7.326040048334196,0
Transformer+GAIL+TD3,192,5901,35,2.811316197339023,0
Transformer+GAIL+TD3,192,5901,36,4.273176555515451,0
Transformer+GAIL+TD3,192,5901,37,6.785293511843461,0
Transformer+GAIL+TD3,192,5901,38,32.669651741293535,0
Transformer+GAIL+TD3,192,5901,39,5.247801600632348,0
Transformer+GAIL+TD3,192,5901,40,4.305383936451897,0
Transformer+GAIL+TD3,192,5901,41,2.7279500206452076,0
Transformer+GAIL+TD3,192,5901,42,4.626670583051844,0
Transformer+GAIL+TD3,192,5901,43,9.335479543930246,0
Transformer+GAIL+TD3,192,5901,44,5.704651491587727,0
Transformer+GAIL+TD3,192,5901,45,8.849959328551355,0
Transformer+GAIL+TD3,192,5901,46,2.8485543827443784,0
Transformer+GAIL+TD3,192,5901,47,3.6109310694474823,0
Transformer+GAIL+TD3,192,5901,48,6.311453169840856,0
Transformer+GAIL+TD3,192,5901,49,4.265792114344452,0
Transformer+GAIL+TD3,192,5901,50,37.381475667189946,0
Transformer+GAIL+TD3,192,5901,51,2.604104756443008,0
Transformer+GAIL+TD3,192,5901,52,3.6778795310847605,0
Transformer+GAIL+TD3,192,5901,53,17.414235577977628,0
Transformer+GAIL+TD3,192,5901,54,2.921273287190901,0
Transformer+GAIL+TD3,192,5901,55,5.174794846719673,0
Transformer+GAIL+TD3,192,5901,56,7.142251189737223,0
Transformer+GAIL+TD3,192,5901,57,5.834952771100654,0
Transformer+GAIL+TD3,192,5901,58,5.853424839201644,0
Transformer+GAIL+TD3,192,5901,59,2.8256969654248763,0
Transformer+GAIL+TD3,192,5901,60,2.5566623247260747,0
Transformer+GAIL+TD3,192,5901,61,5.016159461898122,0
Transformer+GAIL+TD3,192,5901,62,7.730560578661844,0
Transformer+GAIL+TD3,192,5901,63,2.6481355419408517,0
Transformer+GAIL+TD3,192,5901,64,6.174051701497016,0
Transformer+GAIL+TD3,192,5901,65,5.019476439790577,0
Transformer+GAIL+TD3,192,5901,66,3.0455628878164087,0
Transformer+GAIL+TD3,192,5901,67,5.481008706510805,0
Transformer+GAIL+TD3,192,5901,68,43.41841004184101,0
Transformer+GAIL+TD3,192,5901,69,2.2888533423135202,0
Transformer+GAIL+TD3,192,5901,70,3.5403948505663467,0
Transformer+GAIL+TD3,192,5901,71,5.97100672100672,0
Transformer+GAIL+TD3,192,5901,72,3.0529391024026604,0
Transformer+GAIL+TD3,192,5901,73,4.815805849408838,0
Transformer+GAIL+TD3,192,5901,74,94.27990571596935,0
Transformer+GAIL+TD3,192,5901,75,2.703760621949015,0
Transformer+GAIL+TD3,192,5901,76,2.5119166192373363,0
Transformer+GAIL+TD3,192,5901,77,5.102594083097671,0
Transformer+GAIL+TD3,192,5901,78,3.243120387115695,0
Transformer+GAIL+TD3,192,5901,79,67.39221789883268,0
Transformer+GAIL+TD3,192,5901,80,2.757060046306468,0
Transformer+GAIL+TD3,192,5901,81,5.373709719190499,0
Transformer+GAIL+TD3,192,5901,82,3.1138014133585177,0
Transformer+GAIL+TD3,192,5901,83,2.6028587919736537,0
Transformer+GAIL+TD3,192,5901,84,10.268542949281736,0
Transformer+GAIL+TD3,192,5901,85,8.715869043362787,0
Transformer+GAIL+TD3,192,5901,86,5.386088709677419,0
Transformer+GAIL+TD3,192,5901,87,4.896598090627941,0
Transformer+GAIL+TD3,192,5901,88,3.2834620204551888,0
Transformer+GAIL+TD3,192,5901,89,5.176454077654764,0
Transformer+GAIL+TD3,192,5901,90,3.240142260708211,0
Transformer+GAIL+TD3,192,5901,91,12.352712909708266,0
Transformer+GAIL+TD3,192,5901,92,3.363135373443983,0
Transformer+GAIL+TD3,192,5901,93,6.84718940846075,0
Transformer+GAIL+TD3,192,5901,94,4.679260113183819,0
Transformer+GAIL+TD3,192,5901,95,4.6224062507310455,0
Transformer+GAIL+TD3,192,5901,96,3.021791607420389,0
Transformer+GAIL+TD3,192,5901,97,16.58723302135829,0
Transformer+GAIL+TD3,192,5901,98,3.125290590970268,0
Transformer+GAIL+TD3,192,5902,5,3.614019520851818,0
Transformer+GAIL+TD3,192,5902,6,6.915968024956132,0
Transformer+GAIL+TD3,192,5902,7,136.80612244897958,0
Transformer+GAIL+TD3,192,5902,8,28.325498007968132,0
Transformer+GAIL+TD3,192,5902,9,5.8925648315671575,0
Transformer+GAIL+TD3,192,5902,10,6.960996154550449,0
Transformer+GAIL+TD3,192,5902,11,5.925465838509315,0
Transformer+GAIL+TD3,192,5902,12,3.192777325538371,0
Transformer+GAIL+TD3,192,5902,13,11.56884661117717,0
Transformer+GAIL+TD3,192,5902,14,136.15879265091863,0
Transformer+GAIL+TD3,192,5902,15,19.583081570996985,0
Transformer+GAIL+TD3,192,5902,16,28.8591192517537,0
Transformer+GAIL+TD3,192,5902,17,48.56831439975438,0
Transformer+GAIL+TD3,192,5902,18,40.811171527434496,0
Transformer+GAIL+TD3,192,5902,19,14.441808011548178,0
Transformer+GAIL+TD3,192,5902,20,7.6910126147351905,0
Transformer+GAIL+TD3,192,5902,21,10.100033909799931,0
Transformer+GAIL+TD3,192,5902,22,5.763111553479827,0
Transformer+GAIL+TD3,192,5902,23,9.045667974528847,0
Transformer+GAIL+TD3,192,5902,24,13.62691831093318,0
Transformer+GAIL+TD3,192,5902,25,7.133850784096309,0
Transformer+GAIL+TD3,192,5902,26,8.498121156911866,0
Transformer+GAIL+TD3,192,5902,27,7.584572948477982,0
Transformer+GAIL+TD3,192,5902,28,7.3642676767676765,0
Transformer+GAIL+TD3,192,5902,29,9.723207358971518,0
Transformer+GAIL+TD3,192,5902,30,11.395741758241758,0
Transformer+GAIL+TD3,192,5902,31,4.21140233894132,0
Transformer+GAIL+TD3,192,5902,32,9.95920303605313,0
Transformer+GAIL+TD3,192,5902,33,14.476080501484656,0
Transformer+GAIL+TD3,192,5902,34,3.945655928339512,0
Transformer+GAIL+TD3,192,5902,35,18.91169517452371,0
Transformer+GAIL+TD3,192,5902,36,3.989837456232741,0
Transformer+GAIL+TD3,192,5902,37,4.332256810502079,0
Transformer+GAIL+TD3,192,5902,38,5.944766039556198,0
Transformer+GAIL+TD3,192,5902,39,17.293289248101885,0
Transformer+GAIL+TD3,192,5902,40,3.664027473051607,0
Transformer+GAIL+TD3,192,5902,41,4.0414442369895065,0
Transformer+GAIL+TD3,192,5902,42,4.168579122292035,0
Transformer+GAIL+TD3,192,5902,43,2.7293169698870767,0
Transformer+GAIL+TD3,192,5902,44,186.6445556946183,0
Transformer+GAIL+TD3,192,5902,45,4.613539424770104,0
Transformer+GAIL+TD3,192,5902,46,3.392493157826144,0
Transformer+GAIL+TD3,192,5902,47,9.61532076366655,0
Transformer+GAIL+TD3,192,5902,48,5.274821109123435,0
Transformer+GAIL+TD3,192,5902,49,3.436650783412056,0
Transformer+GAIL+TD3,192,5902,50,7.825619084662258,0
Transformer+GAIL+TD3,192,5902,51,2.8843667654808964,0
Transformer+GAIL+TD3,192,5902,52,4.205062411461257,0
Transformer+GAIL+TD3,192,5902,53,90.77988242978445,0
Transformer+GAIL+TD3,192,5902,54,3.5227280589476595,0
Transformer+GAIL+TD3,192,5902,55,3.9656716048772047,0
Transformer+GAIL+TD3,192,5902,56,3.3245722451817232,0
Transformer+GAIL+TD3,192,5902,57,4.254845831008467,0
Transformer+GAIL+TD3,192,5902,58,7.46125901118238,0
Transformer+GAIL+TD3,192,5902,59,3.2409656154702993,0
Transformer+GAIL+TD3,192,5902,60,15.13048076923077,0
Transformer+GAIL+TD3,192,5902,61,2.757041860168207,0
Transformer+GAIL+TD3,192,5902,62,4.441931791183394,0
Transformer+GAIL+TD3,192,5902,63,6.375624977837665,0
Transformer+GAIL+TD3,192,5902,64,3.411323259138248,0
Transformer+GAIL+TD3,192,5902,65,6.347985515882111,0
Transformer+GAIL+TD3,192,5902,66,7.52921221258952,0
Transformer+GAIL+TD3,192,5902,67,2.2584850884138294,0
Transformer+GAIL+TD3,192,5902,68,149.2758945386064,0
Transformer+GAIL+TD3,192,5902,69,5.256011280427469,0
Transformer+GAIL+TD3,192,5902,70,8.042412164796604,0
Transformer+GAIL+TD3,192,5902,71,3.1442145697149404,0
Transformer+GAIL+TD3,192,5902,72,3.8652145022633824,0
Transformer+GAIL+TD3,192,5902,73,4.937508978595029,0
Transformer+GAIL+TD3,192,5902,74,5.742390062402954,0
Transformer+GAIL+TD3,192,5902,75,16.035819793205317,0
Transformer+GAIL+TD3,192,5902,76,6.245631814369583,0
Transformer+GAIL+TD3,192,5902,77,2.6962485151523525,0
Transformer+GAIL+TD3,192,5902,78,5.361982180050913,0
Transformer+GAIL+TD3,192,5902,79,4.228275925754917,0
Transformer+GAIL+TD3,192,5902,80,13.576660792276455,0
Transformer+GAIL+TD3,192,5902,81,6.17692031234685,0
Transformer+GAIL+TD3,192,5902,82,3.8286832019381616,0
Transformer+GAIL+TD3,192,5902,83,3.458256783151869,0
Transformer+GAIL+TD3,192,5902,84,5.2285202519211875,0
Transformer+GAIL+TD3,192,5902,85,5.457088693297224,0
Transformer+GAIL+TD3,192,5902,86,16.91280470180172,0
Transformer+GAIL+TD3,192,5902,87,3.7025443200742,0
Transformer+GAIL+TD3,192,5902,88,2.83586193994949,0
Transformer+GAIL+TD3,192,5902,89,3.01374955741768,0
Transformer+GAIL+TD3,192,5902,90,4.284107110454416,0
Transformer+GAIL+TD3,192,5902,91,85.23132880698351,0
Transformer+GAIL+TD3,192,5902,92,9.725255189815345,0
Transformer+GAIL+TD3,192,5902,93,4.433856595028554,0
Transformer+GAIL+TD3,192,5902,94,4.024183187646422,0
Transformer+GAIL+TD3,192,5902,95,4.408155204460967,0
Transformer+GAIL+TD3,192,5902,96,3.073106441230868,0
Transformer+GAIL+TD3,192,5902,97,68.42087254063303,0
Transformer+GAIL+TD3,192,5902,98,10.58544380125422,0
Transformer+GAIL+TD3,192,5904,5,6.043848487814427,0
Transformer+GAIL+TD3,192,5904,6,268.4235807860262,0
Transformer+GAIL+TD3,192,5904,7,23.831998168917373,0
Transformer+GAIL+TD3,192,5904,8,9.507811113083616,0
Transformer+GAIL+TD3,192,5904,9,6.5966937811598,0
Transformer+GAIL+TD3,192,5904,10,10.32024468876581,0
Transformer+GAIL+TD3,192,5904,11,7.650284164298632,0
Transformer+GAIL+TD3,192,5904,12,3.556059055693612,0
Transformer+GAIL+TD3,192,5904,13,276.21807465618866,0
Transformer+GAIL+TD3,192,5904,14,4.642267766835241,0
Transformer+GAIL+TD3,192,5904,15,615.9672727272726,0
Transformer+GAIL+TD3,192,5904,16,339.62982005141396,0
Transformer+GAIL+TD3,192,5904,17,6.439793114595119,0
Transformer+GAIL+TD3,192,5904,18,9.215439075891192,0
Transformer+GAIL+TD3,192,5904,19,12.844986357435198,0
Transformer+GAIL+TD3,192,5904,20,5.848164036365068,0
Transformer+GAIL+TD3,192,5904,21,223.69427710843374,0
Transformer+GAIL+TD3,192,5904,22,10.20399890064587,0
Transformer+GAIL+TD3,192,5904,23,3.785384534676319,0
Transformer+GAIL+TD3,192,5904,24,7.408044356733391,0
Transformer+GAIL+TD3,192,5904,25,3.87640813680201,0
Transformer+GAIL+TD3,192,5904,26,8.40582347588717,0
Transformer+GAIL+TD3,192,5904,27,6.21643735243833,0
Transformer+GAIL+TD3,192,5904,28,10.555065516139344,0
Transformer+GAIL+TD3,192,5904,29,3.5124964154148195,0
Transformer+GAIL+TD3,192,5904,30,3.6696042013577554,0
Transformer+GAIL+TD3,192,5904,31,11.645672604853415,0
Transformer+GAIL+TD3,192,5904,32,3.710353760220189,0
Transformer+GAIL+TD3,192,5904,33,6.887156895967468,0
Transformer+GAIL+TD3,192,5904,34,5.883830570902394,0
Transformer+GAIL+TD3,192,5904,35,6.267570418408408,0
Transformer+GAIL+TD3,192,5904,36,4.617425590756003,0
Transformer+GAIL+TD3,192,5904,37,3.990869155946029,0
Transformer+GAIL+TD3,192,5904,38,3.3978402422358585,0
Transformer+GAIL+TD3,192,5904,39,4.154975004031608,0
Transformer+GAIL+TD3,192,5904,40,5.877130887026872,0
Transformer+GAIL+TD3,192,5904,41,4.834415863114824,0
Transformer+GAIL+TD3,192,5904,42,2.8449918557690164,0
Transformer+GAIL+TD3,192,5904,43,3.378309047153096,0
Transformer+GAIL+TD3,192,5904,44,4.2045014083051235,0
Transformer+GAIL+TD3,192,5904,45,6.884371466496239,0
Transformer+GAIL+TD3,192,5904,46,9.462264645722978,0
Transformer+GAIL+TD3,192,5904,47,3.8142104586920214,0
Transformer+GAIL+TD3,192,5904,48,2.3671599588719157,0
Transformer+GAIL+TD3,192,5904,49,3.682855106041704,0
Transformer+GAIL+TD3,192,5904,50,7.902407255535724,0
Transformer+GAIL+TD3,192,5904,51,5.520104940516391,0
Transformer+GAIL+TD3,192,5904,52,217.19544364508397,0
Transformer+GAIL+TD3,192,5904,53,5.826780924968928,0
Transformer+GAIL+TD3,192,5904,54,3.4784000575518865,0
Transformer+GAIL+TD3,192,5904,55,15.238158883969593,0
Transformer+GAIL+TD3,192,5904,56,3.0548323671988893,0
Transformer+GAIL+TD3,192,5904,58,122.54918032786885,0
Transformer+GAIL+TD3,192,5904,59,5.203505007153075,0
Transformer+GAIL+TD3,192,5904,60,16.14079881343363,0
Transformer+GAIL+TD3,192,5904,61,3.0808375588224566,0
Transformer+GAIL+TD3,192,5904,62,3.98767661485151,0
Transformer+GAIL+TD3,192,5904,63,6.562648961525365,0
Transformer+GAIL+TD3,192,5904,64,5.669271523178808,0
Transformer+GAIL+TD3,192,5904,65,3.722038745015908,0
Transformer+GAIL+TD3,192,5904,66,18.29786964240426,0
Transformer+GAIL+TD3,192,5904,67,2.6634219666676398,0
Transformer+GAIL+TD3,192,5904,68,5.650892437764209,0
Transformer+GAIL+TD3,192,5904,69,4.308474958428455,0
Transformer+GAIL+TD3,192,5904,70,2.8727857453281187,0
Transformer+GAIL+TD3,192,5904,71,14.299816063764563,0
Transformer+GAIL+TD3,192,5904,72,2.3902950185394163,0
Transformer+GAIL+TD3,192,5904,73,11.555395965267351,0
Transformer+GAIL+TD3,192,5904,74,3.44444209413009,0
Transformer+GAIL+TD3,192,5904,75,3.7083049415356095,0
Transformer+GAIL+TD3,192,5904,76,2.7592300358352233,0
Transformer+GAIL+TD3,192,5904,77,92.65509877202349,0
Transformer+GAIL+TD3,192,5904,78,5.270332794470149,0
Transformer+GAIL+TD3,192,5904,79,2.9751148613618894,0
Transformer+GAIL+TD3,192,5904,80,9.683150058056144,0
Transformer+GAIL+TD3,192,5904,81,4.573310890776636,0
Transformer+GAIL+TD3,192,5904,82,3.0411401457151994,0
Transformer+GAIL+TD3,192,5904,83,46.9291277258567,0
Transformer+GAIL+TD3,192,5904,84,2.66282659986601,0
Transformer+GAIL+TD3,192,5904,85,4.655873806558738,0
Transformer+GAIL+TD3,192,5904,86,7.498625029130738,0
Transformer+GAIL+TD3,192,5904,87,5.292893362597442,0
Transformer+GAIL+TD3,192,5904,88,6.2674729131695415,0
Transformer+GAIL+TD3,192,5904,89,2.436464891041162,0
Transformer+GAIL+TD3,192,5904,90,4.935483870967742,0
Transformer+GAIL+TD3,192,5904,91,6.367796278158669,0
Transformer+GAIL+TD3,192,5904,92,3.151473050479142,0
Transformer+GAIL+TD3,192,5904,93,67.93232413178985,0
Transformer+GAIL+TD3,192,5904,94,5.318771111468555,0
Transformer+GAIL+TD3,192,5904,95,2.4868604034350765,0
Transformer+GAIL+TD3,192,5904,96,7.112607713544715,0
Transformer+GAIL+TD3,192,5904,97,5.311251157372839,0
Transformer+GAIL+TD3,192,5904,98,3.116811989639559,0
Transformer+GAIL+TD3,192,5906,5,4.763537549407115,0
Transformer+GAIL+TD3,192,5906,6,345.5975609756097,0
Transformer+GAIL+TD3,192,5906,7,41.93784355179705,0
Transformer+GAIL+TD3,192,5906,8,59.4340206185567,0
Transformer+GAIL+TD3,192,5906,9,11.003254972875228,0
Transformer+GAIL+TD3,192,5906,10,6.758888412936389,0
Transformer+GAIL+TD3,192,5906,11,8.578569597539092,0
Transformer+GAIL+TD3,192,5906,12,2.4788631435585895,0
Transformer+GAIL+TD3,192,5906,13,6.352520807006843,0
Transformer+GAIL+TD3,192,5906,14,14.597296268088346,0
Transformer+GAIL+TD3,192,5906,15,12.509982540044032,0
Transformer+GAIL+TD3,192,5906,16,394.7902097902098,0
Transformer+GAIL+TD3,192,5906,17,9.202888934258882,0
Transformer+GAIL+TD3,192,5906,18,4.7120713478206255,0
Transformer+GAIL+TD3,192,5906,19,8.194893059799215,0
Transformer+GAIL+TD3,192,5906,20,22.166480913903595,0
Transformer+GAIL+TD3,192,5906,21,19.195588422797396,0
Transformer+GAIL+TD3,192,5906,22,7.905214693223901,0
Transformer+GAIL+TD3,192,5906,23,8.763381183627729,0
Transformer+GAIL+TD3,192,5906,24,9.00556231531375,0
Transformer+GAIL+TD3,192,5906,25,4.476915716450045,0
Transformer+GAIL+TD3,192,5906,26,7.797380738970221,0
Transformer+GAIL+TD3,192,5906,27,7.821076669344948,0
Transformer+GAIL+TD3,192,5906,28,11.327179018789144,0
Transformer+GAIL+TD3,192,5906,29,10.278219757239624,0
Transformer+GAIL+TD3,192,5906,30,3.552060521600637,0
Transformer+GAIL+TD3,192,5906,31,5.047710806227839,0
Transformer+GAIL+TD3,192,5906,32,3.7738101471281222,0
Transformer+GAIL+TD3,192,5906,33,184.59907300115876,0
Transformer+GAIL+TD3,192,5906,34,4.625013268230549,0
Transformer+GAIL+TD3,192,5906,35,115.8294930875576,0
Transformer+GAIL+TD3,192,5906,36,2.5051615728720242,0
Transformer+GAIL+TD3,192,5906,37,3.8736598440545804,0
Transformer+GAIL+TD3,192,5906,38,2.983302915207419,0
Transformer+GAIL+TD3,192,5906,39,91.22912858013406,0
Transformer+GAIL+TD3,192,5906,40,9.0229848667131,0
Transformer+GAIL+TD3,192,5906,41,3.004698853815301,0
Transformer+GAIL+TD3,192,5906,42,6.534257343814646,0
Transformer+GAIL+TD3,192,5906,43,4.013717389286047,0
Transformer+GAIL+TD3,192,5906,44,3.511063006057074,0
Transformer+GAIL+TD3,192,5906,45,88.9185558354324,0
Transformer+GAIL+TD3,192,5906,46,3.2754600716129567,0
Transformer+GAIL+TD3,192,5906,47,7.707216774368476,0
Transformer+GAIL+TD3,192,5906,48,2.6293106298561737,0
Transformer+GAIL+TD3,192,5906,49,3.5128266746770804,0
Transformer+GAIL+TD3,192,5906,50,11.517999686961966,0
Transformer+GAIL+TD3,192,5906,51,3.5159939000863543,0
Transformer+GAIL+TD3,192,5906,52,6.443602488790017,0
Transformer+GAIL+TD3,192,5906,53,9.455544402768238,0
Transformer+GAIL+TD3,192,5906,54,2.9404967918852005,0
Transformer+GAIL+TD3,192,5906,55,3.131190410071276,0
Transformer+GAIL+TD3,192,5906,56,4.080280327397296,0
Transformer+GAIL+TD3,192,5906,57,10.529793843547019,0
Transformer+GAIL+TD3,192,5906,58,7.610800744878957,0
Transformer+GAIL+TD3,192,5906,59,5.1239637594503105,0
Transformer+GAIL+TD3,192,5906,60,8.042812490133553,0
Transformer+GAIL+TD3,192,5906,61,3.2059281359449994,0
Transformer+GAIL+TD3,192,5906,62,5.39394976567848,0
Transformer+GAIL+TD3,192,5906,63,29.271383647798743,0
Transformer+GAIL+TD3,192,5906,64,4.646383441781962,0
Transformer+GAIL+TD3,192,5906,65,2.1957755698193577,0
Transformer+GAIL+TD3,192,5906,66,136.26984126984127,0
Transformer+GAIL+TD3,192,5906,67,4.76514262317456,0
Transformer+GAIL+TD3,192,5906,68,162.75584415584413,0
Transformer+GAIL+TD3,192,5906,69,6.096341580514036,0
Transformer+GAIL+TD3,192,5906,70,2.3145156940998812,0
Transformer+GAIL+TD3,192,5906,71,6.534071104914605,0
Transformer+GAIL+TD3,192,5906,72,6.053859229413246,0
Transformer+GAIL+TD3,192,5906,73,6.514933731566176,0
Transformer+GAIL+TD3,192,5906,74,118.22542595019658,0
Transformer+GAIL+TD3,192,5906,75,2.050553585447064,0
Transformer+GAIL+TD3,192,5906,77,2.0669649002064694,0
Transformer+GAIL+TD3,192,5906,78,4.290002061430633,0
Transformer+GAIL+TD3,192,5906,79,216.27027027027026,0
Transformer+GAIL+TD3,192,5906,80,7.812686091025097,0
Transformer+GAIL+TD3,192,5906,81,2.3852556180483737,0
Transformer+GAIL+TD3,192,5906,82,7.680162822252374,0
Transformer+GAIL+TD3,192,5906,83,6.958007175472929,0
Transformer+GAIL+TD3,192,5906,84,2.4516312829786706,0
Transformer+GAIL+TD3,192,5906,85,3.820190173681103,0
Transformer+GAIL+TD3,192,5906,86,4.261191854412194,0
Transformer+GAIL+TD3,192,5906,87,4.053811363835953,0
Transformer+GAIL+TD3,192,5906,88,10.302252655830028,0
Transformer+GAIL+TD3,192,5906,89,4.88150945461511,0
Transformer+GAIL+TD3,192,5906,90,3.3636155911419165,0
Transformer+GAIL+TD3,192,5906,91,3.4993219764386807,0
Transformer+GAIL+TD3,192,5906,92,9.604899432697266,0
Transformer+GAIL+TD3,192,5906,93,7.694608027398404,0
Transformer+GAIL+TD3,192,5906,94,3.303245280116892,0
Transformer+GAIL+TD3,192,5906,95,4.307242835515656,0
Transformer+GAIL+TD3,192,5906,96,6.414538038781929,0
Transformer+GAIL+TD3,192,5906,97,2.777451055077322,0
Transformer+GAIL+TD3,192,5906,98,11.705446938611313,0
Transformer+GAIL+TD3,192,5909,5,4.947668699586859,0
Transformer+GAIL+TD3,192,5909,6,367.67213114754105,0
Transformer+GAIL+TD3,192,5909,7,34.09143327841846,0
Transformer+GAIL+TD3,192,5909,8,8.63434084867579,0
Transformer+GAIL+TD3,192,5909,9,7.438548675581296,0
Transformer+GAIL+TD3,192,5909,10,7.295450955615227,0
Transformer+GAIL+TD3,192,5909,11,3.137158722813512,0
Transformer+GAIL+TD3,192,5909,12,6.23005767765807,0
Transformer+GAIL+TD3,192,5909,13,311.75942028985503,0
Transformer+GAIL+TD3,192,5909,14,14.185441767068273,0
Transformer+GAIL+TD3,192,5909,15,23.252990158970476,0
Transformer+GAIL+TD3,192,5909,16,9.198671638312748,0
Transformer+GAIL+TD3,192,5909,17,5.265419065898913,0
Transformer+GAIL+TD3,192,5909,18,106.02765957446809,0
Transformer+GAIL+TD3,192,5909,19,5.7351993274013875,0
Transformer+GAIL+TD3,192,5909,20,31.886324041811847,0
Transformer+GAIL+TD3,192,5909,21,7.7098632812500005,0
Transformer+GAIL+TD3,192,5909,22,8.02673484295106,0
Transformer+GAIL+TD3,192,5909,23,14.424809424809423,0
Transformer+GAIL+TD3,192,5909,24,9.609321620302588,0
Transformer+GAIL+TD3,192,5909,25,11.380779325661214,0
Transformer+GAIL+TD3,192,5909,26,9.419946280509166,0
Transformer+GAIL+TD3,192,5909,27,4.3405756622467875,0
Transformer+GAIL+TD3,192,5909,28,5.775813485407581,0
Transformer+GAIL+TD3,192,5909,29,8.218973962361433,0
Transformer+GAIL+TD3,192,5909,30,10.113641011657236,0
Transformer+GAIL+TD3,192,5909,31,16.34071696094168,0
Transformer+GAIL+TD3,192,5909,32,4.269155258410272,0
Transformer+GAIL+TD3,192,5909,33,3.3572441062369442,0
Transformer+GAIL+TD3,192,5909,34,3.556278804580225,0
Transformer+GAIL+TD3,192,5909,35,7.479195244627343,0
Transformer+GAIL+TD3,192,5909,36,3.8770801194735287,0
Transformer+GAIL+TD3,192,5909,37,16.476306620209062,0
Transformer+GAIL+TD3,192,5909,38,3.9279168004742964,0
Transformer+GAIL+TD3,192,5909,39,5.129447852760737,0
Transformer+GAIL+TD3,192,5909,40,2.7344884463011208,0
Transformer+GAIL+TD3,192,5909,41,84.69418960244649,0
Transformer+GAIL+TD3,192,5909,42,2.8633150718075453,0
Transformer+GAIL+TD3,192,5909,43,107.01238816242257,0
Transformer+GAIL+TD3,192,5909,44,2.459268532594116,0
Transformer+GAIL+TD3,192,5909,45,2.889634158026868,0
Transformer+GAIL+TD3,192,5909,46,10.206411772434633,0
Transformer+GAIL+TD3,192,5909,47,2.616065679330328,0
Transformer+GAIL+TD3,192,5909,48,12.286594233895114,0
Transformer+GAIL+TD3,192,5909,49,103.79354445797809,0
Transformer+GAIL+TD3,192,5909,50,2.526120085339835,0
Transformer+GAIL+TD3,192,5909,51,2.6748175623916466,0
Transformer+GAIL+TD3,192,5909,52,4.148989751098096,0
Transformer+GAIL+TD3,192,5909,53,6.55235536149131,0
Transformer+GAIL+TD3,192,5909,54,4.136001598675383,0
Transformer+GAIL+TD3,192,5909,55,99.1276150627615,0
Transformer+GAIL+TD3,192,5909,56,5.0026873442879936,0
Transformer+GAIL+TD3,192,5909,57,2.8454460177781757,0
Transformer+GAIL+TD3,192,5909,58,7.030992323002559,0
Transformer+GAIL+TD3,192,5909,59,2.1706579625493903,0
Transformer+GAIL+TD3,192,5909,60,5.776397515527951,0
Transformer+GAIL+TD3,192,5909,61,19.652271768181176,0
Transformer+GAIL+TD3,192,5909,62,5.673637406769937,0
Transformer+GAIL+TD3,192,5909,63,5.606930291982176,0
Transformer+GAIL+TD3,192,5909,64,4.442977456940223,0
Transformer+GAIL+TD3,192,5909,65,2.5403166732405476,0
Transformer+GAIL+TD3,192,5909,66,9.51582574164915,0
Transformer+GAIL+TD3,192,5909,67,3.416994957453514,0
Transformer+GAIL+TD3,192,5909,68,23.633550028264555,0
Transformer+GAIL+TD3,192,5909,69,3.294340576048509,0
Transformer+GAIL+TD3,192,5909,70,7.404253578732107,0
Transformer+GAIL+TD3,192,5909,71,3.567521860286345,0
Transformer+GAIL+TD3,192,5909,72,3.5642946909159887,0
Transformer+GAIL+TD3,192,5909,73,3.124631625247416,0
Transformer+GAIL+TD3,192,5909,74,22.76657060518732,0
Transformer+GAIL+TD3,192,5909,75,5.1698018781830495,0
Transformer+GAIL+TD3,192,5909,76,3.4863709246392305,0
Transformer+GAIL+TD3,192,5909,77,4.280108868224087,0
Transformer+GAIL+TD3,192,5909,78,5.121179580373368,0
Transformer+GAIL+TD3,192,5909,79,3.4098144803254615,0
Transformer+GAIL+TD3,192,5909,80,38.61378680666514,0
Transformer+GAIL+TD3,192,5909,81,2.6544786710075963,0
Transformer+GAIL+TD3,192,5909,82,6.422427946005108,0
Transformer+GAIL+TD3,192,5909,83,2.7590146556510913,0
Transformer+GAIL+TD3,192,5909,84,4.059885211869582,0
Transformer+GAIL+TD3,192,5909,85,7.9560747663551386,0
Transformer+GAIL+TD3,192,5909,86,8.537068505122106,0
Transformer+GAIL+TD3,192,5909,87,4.201459329482325,0
Transformer+GAIL+TD3,192,5909,88,4.4604188656185775,0
Transformer+GAIL+TD3,192,5909,89,4.901117076770402,0
Transformer+GAIL+TD3,192,5909,90,2.720070679990251,0
Transformer+GAIL+TD3,192,5909,91,29.280785246876864,0
Transformer+GAIL+TD3,192,5911,5,6.643342190729259,0
Transformer+GAIL+TD3,192,5911,6,235.8669064748201,0
Transformer+GAIL+TD3,192,5911,7,30.109006433166545,0
Transformer+GAIL+TD3,192,5911,8,25.948321661434434,0
Transformer+GAIL+TD3,192,5911,9,7.276911791674307,0
Transformer+GAIL+TD3,192,5911,10,3.840472673559823,0
Transformer+GAIL+TD3,192,5911,11,16.33520208604954,0
Transformer+GAIL+TD3,192,5911,12,4.719820118692175,0
Transformer+GAIL+TD3,192,5911,13,31.77403189066059,0
Transformer+GAIL+TD3,192,5911,14,7.169432227109156,0
Transformer+GAIL+TD3,192,5911,15,9.890347923681258,0
Transformer+GAIL+TD3,192,5911,16,326.40983606557376,0
Transformer+GAIL+TD3,192,5911,17,12.270720533111202,0
Transformer+GAIL+TD3,192,5911,18,12.530829681124377,0
Transformer+GAIL+TD3,192,5911,19,8.3069674332308,0
Transformer+GAIL+TD3,192,5911,20,5.2758306924790555,0
Transformer+GAIL+TD3,192,5911,21,7.335634847080629,0
Transformer+GAIL+TD3,192,5911,22,7.388606958350477,0
Transformer+GAIL+TD3,192,5911,23,7.440259550178076,0
Transformer+GAIL+TD3,192,5911,24,6.813320087751977,0
Transformer+GAIL+TD3,192,5911,25,5.024293748365159,0
Transformer+GAIL+TD3,192,5911,26,6.586559229107825,0
Transformer+GAIL+TD3,192,5911,27,6.51692887327529,0
Transformer+GAIL+TD3,192,5911,28,5.121108354589609,0
Transformer+GAIL+TD3,192,5911,29,4.302913277497526,0
Transformer+GAIL+TD3,192,5911,30,5.515095126568064,0
Transformer+GAIL+TD3,192,5911,31,4.121114578470158,0
Transformer+GAIL+TD3,192,5911,32,3.0411047426387956,0
Transformer+GAIL+TD3,192,5911,33,3.085908429056787,0
Transformer+GAIL+TD3,192,5911,34,5.455455143519962,0
Transformer+GAIL+TD3,192,5911,35,4.416151661934191,0
Transformer+GAIL+TD3,192,5911,36,3.659205317433166,0
Transformer+GAIL+TD3,192,5911,37,5.998759625820457,0
Transformer+GAIL+TD3,192,5911,38,4.257337957169926,0
Transformer+GAIL+TD3,192,5911,39,3.5471130713712906,0
Transformer+GAIL+TD3,192,5911,40,88.95822316234795,0
Transformer+GAIL+TD3,192,5911,41,6.151958204916184,0
Transformer+GAIL+TD3,192,5911,42,2.7978165611774846,0
Transformer+GAIL+TD3,192,5911,43,3.3141041074782107,0
Transformer+GAIL+TD3,192,5911,44,3.6311273503571724,0
Transformer+GAIL+TD3,192,5911,45,5.074138556401887,0
Transformer+GAIL+TD3,192,5911,46,175.41536863966772,0
Transformer+GAIL+TD3,192,5911,47,2.473227091633466,0
Transformer+GAIL+TD3,192,5911,48,7.401819732726756,0
Transformer+GAIL+TD3,192,5911,49,4.278335619122258,0
Transformer+GAIL+TD3,192,5911,50,6.965089907662399,0
Transformer+GAIL+TD3,192,5911,51,3.401370007748116,0
Transformer+GAIL+TD3,192,5911,52,49.343528368794324,0
Transformer+GAIL+TD3,192,5911,53,3.4090563165905636,0
Transformer+GAIL+TD3,192,5911,54,4.361303594629709,0
Transformer+GAIL+TD3,192,5911,55,4.350915455035002,0
Transformer+GAIL+TD3,192,5911,56,3.412619958149939,0
Transformer+GAIL+TD3,192,5911,57,18.075774003132153,0
Transformer+GAIL+TD3,192,5911,58,4.226575697080052,0
Transformer+GAIL+TD3,192,5911,59,4.438094959140037,0
Transformer+GAIL+TD3,192,5911,60,5.59908740909739,0
Transformer+GAIL+TD3,192,5911,61,2.704142103390119,0
Transformer+GAIL+TD3,192,5911,62,3.670746671574942,0
Transformer+GAIL+TD3,192,5911,63,3.617404295966102,0
Transformer+GAIL+TD3,192,5911,64,81.99387947269304,0
Transformer+GAIL+TD3,192,5911,65,3.335671193794763,0
Transformer+GAIL+TD3,192,5911,66,62.09702828499821,0
Transformer+GAIL+TD3,192,5911,67,3.1131284916201114,0
Transformer+GAIL+TD3,192,5911,68,2.640735749663102,0
Transformer+GAIL+TD3,192,5911,69,13.26224259623081,0
Transformer+GAIL+TD3,192,5911,70,3.701508319079459,0
Transformer+GAIL+TD3,192,5911,71,188.04860392967942,0
Transformer+GAIL+TD3,192,5911,72,2.6244025953473655,0
Transformer+GAIL+TD3,192,5911,73,4.19931592039801,0
Transformer+GAIL+TD3,192,5911,74,3.8189579529015583,0
Transformer+GAIL+TD3,192,5911,75,5.437741225229892,0
Transformer+GAIL+TD3,192,5911,76,23.36476306196841,0
Transformer+GAIL+TD3,192,5911,77,5.130467467210033,0
Transformer+GAIL+TD3,192,5911,78,8.484429318988544,0
Transformer+GAIL+TD3,192,5911,79,6.628511161891369,0
Transformer+GAIL+TD3,192,5911,80,2.5016983406177338,0
Transformer+GAIL+TD3,192,5911,81,157.5149592021759,0
Transformer+GAIL+TD3,192,5911,82,2.9143265022446796,0
Transformer+GAIL+TD3,192,5911,84,170.96419098143238,0
Transformer+GAIL+TD3,192,5911,85,8.59536971415072,0
Transformer+GAIL+TD3,192,5911,86,4.390147115756871,0
Transformer+GAIL+TD3,192,5911,87,11.976241218722866,0
Transformer+GAIL+TD3,192,5911,88,3.9222231273675203,0
Transformer+GAIL+TD3,192,5911,89,6.4567139625745416,0
Transformer+GAIL+TD3,192,5911,90,2.9144947922428917,0
Transformer+GAIL+TD3,192,5911,91,8.662354209546212,0
Transformer+GAIL+TD3,192,5911,92,9.384842681258549,0
Transformer+GAIL+TD3,192,5911,93,2.9785236927830203,0
Transformer+GAIL+TD3,192,5911,94,7.636910344827586,0
Transformer+GAIL+TD3,192,5911,95,2.7260143270381194,0
Transformer+GAIL+TD3,192,5911,96,6.681587145433677,0
Transformer+GAIL+TD3,192,5911,97,8.001544640098855,0
Transformer+GAIL+TD3,192,5911,98,6.930823051459524,0
Transformer+GAIL+TD3,192,5913,5,3.2614263199369575,0
Transformer+GAIL+TD3,192,5913,6,254.3292682926829,0
Transformer+GAIL+TD3,192,5913,7,39.298562818729714,0
Transformer+GAIL+TD3,192,5913,8,11.129323308270678,0
Transformer+GAIL+TD3,192,5913,9,8.563886696483383,0
Transformer+GAIL+TD3,192,5913,10,9.063983580224878,0
Transformer+GAIL+TD3,192,5913,11,4.924511930585683,0
Transformer+GAIL+TD3,192,5913,12,3.414370490067701,0
Transformer+GAIL+TD3,192,5913,13,130.2724215246637,0
Transformer+GAIL+TD3,192,5913,14,17.619430767383214,0
Transformer+GAIL+TD3,192,5913,15,543.4755244755246,0
Transformer+GAIL+TD3,192,5913,16,7.9959854959854955,0
Transformer+GAIL+TD3,192,5913,17,8.202209112589431,0
Transformer+GAIL+TD3,192,5913,18,14.856279197581753,0
Transformer+GAIL+TD3,192,5913,19,13.665016347501167,0
Transformer+GAIL+TD3,192,5913,20,33.044910807974816,0
Transformer+GAIL+TD3,192,5913,21,2.8773583306493995,0
Transformer+GAIL+TD3,192,5913,22,10.337914259653388,0
Transformer+GAIL+TD3,192,5913,23,11.077992703242236,0
Transformer+GAIL+TD3,192,5913,24,7.39576385759351,0
Transformer+GAIL+TD3,192,5913,25,9.645244399914121,0
Transformer+GAIL+TD3,192,5913,26,4.652853717026378,0
Transformer+GAIL+TD3,192,5913,27,4.023115801991972,0
Transformer+GAIL+TD3,192,5913,28,9.866776315789474,0
Transformer+GAIL+TD3,192,5913,29,6.30579888751957,0
Transformer+GAIL+TD3,192,5913,30,11.556061739307811,0
Transformer+GAIL+TD3,192,5913,31,4.241529474243229,0
Transformer+GAIL+TD3,192,5913,32,3.627499947535204,0
Transformer+GAIL+TD3,192,5913,33,8.362878521568824,0
Transformer+GAIL+TD3,192,5913,34,3.7970010319482768,0
Transformer+GAIL+TD3,192,5913,36,281.7872727272727,0
Transformer+GAIL+TD3,192,5913,37,5.666893039049236,0
Transformer+GAIL+TD3,192,5913,38,4.04265600763632,0
Transformer+GAIL+TD3,192,5913,39,88.08261617900172,0
Transformer+GAIL+TD3,192,5913,40,4.573764090281935,0
Transformer+GAIL+TD3,192,5913,41,3.7964601769911503,0
Transformer+GAIL+TD3,192,5913,42,4.858076286647715,0
Transformer+GAIL+TD3,192,5913,43,3.2999931850707616,0
Transformer+GAIL+TD3,192,5913,44,10.404742711272336,0
Transformer+GAIL+TD3,192,5913,45,13.673850137069754,0
Transformer+GAIL+TD3,192,5913,46,4.264281230382926,0
Transformer+GAIL+TD3,192,5913,47,7.857402227783501,0
Transformer+GAIL+TD3,192,5913,48,2.6751752156811963,0
Transformer+GAIL+TD3,192,5913,49,7.088699923028992,0
Transformer+GAIL+TD3,192,5913,50,5.913702518268011,0
Transformer+GAIL+TD3,192,5913,51,2.017735934286699,0
Transformer+GAIL+TD3,192,5913,53,129.62150220913108,0
Transformer+GAIL+TD3,192,5913,54,28.868848653667595,0
Transformer+GAIL+TD3,192,5913,55,4.091967321496032,0
Transformer+GAIL+TD3,192,5913,56,34.73190348525469,0
Transformer+GAIL+TD3,192,5913,57,2.166990022172949,0
Transformer+GAIL+TD3,192,5913,58,5.110599426241883,0
Transformer+GAIL+TD3,192,5913,59,7.85510900971894,0
Transformer+GAIL+TD3,192,5913,60,5.819723018147085,0
Transformer+GAIL+TD3,192,5913,61,8.285210577864838,0
Transformer+GAIL+TD3,192,5913,62,5.114913456850317,0
Transformer+GAIL+TD3,192,5913,63,3.0267209710908793,0
Transformer+GAIL+TD3,192,5913,64,3.015205832943662,0
Transformer+GAIL+TD3,192,5913,65,3.4718672835806577,0
Transformer+GAIL+TD3,192,5913,66,5.062320002375226,0
Transformer+GAIL+TD3,192,5913,67,26.536369593709043,0
Transformer+GAIL+TD3,192,5913,68,2.873096883332855,0
Transformer+GAIL+TD3,192,5913,69,10.757270633602914,0
Transformer+GAIL+TD3,192,5913,70,2.808670658682635,0
Transformer+GAIL+TD3,192,5913,71,2.8949162789916536,0
Transformer+GAIL+TD3,192,5913,72,4.22752401161492,0
Transformer+GAIL+TD3,192,5913,73,6.068803905614321,0
Transformer+GAIL+TD3,192,5913,74,3.8454301368666917,0
Transformer+GAIL+TD3,192,5913,75,162.86350435624396,0
Transformer+GAIL+TD3,192,5913,76,4.690503984164848,0
Transformer+GAIL+TD3,192,5913,77,4.649926642133873,0
Transformer+GAIL+TD3,192,5913,78,2.555227369849928,0
Transformer+GAIL+TD3,192,5913,79,5.660215372090442,0
Transformer+GAIL+TD3,192,5913,80,5.396344195215197,0
Transformer+GAIL+TD3,192,5913,81,26.212364052661712,0
Transformer+GAIL+TD3,192,5913,82,3.352292524169618,0
Transformer+GAIL+TD3,192,5913,83,2.443418878044217,0
Transformer+GAIL+TD3,192,5913,84,8.285608011444921,0
Transformer+GAIL+TD3,192,5913,85,2.7192195526343057,0
Transformer+GAIL+TD3,192,5913,86,48.96248883596308,0
Transformer+GAIL+TD3,192,5913,87,9.871135343168698,0
Transformer+GAIL+TD3,192,5913,88,4.510360935335813,0
Transformer+GAIL+TD3,192,5913,89,4.582655608342057,0
Transformer+GAIL+TD3,192,5913,90,3.4543442506446826,0
Transformer+GAIL+TD3,192,5913,91,2.8075731558356494,0
Transformer+GAIL+TD3,192,5913,92,28.11798695246971,0
Transformer+GAIL+TD3,192,5913,93,4.227319360984904,0
Transformer+GAIL+TD3,192,5913,94,4.169113714813554,0
Transformer+GAIL+TD3,192,5913,95,7.093757426919116,0
Transformer+GAIL+TD3,192,5913,96,4.190039784029554,0
Transformer+GAIL+TD3,192,5913,97,2.885766666125866,0
Transformer+GAIL+TD3,192,5913,98,5.469617102276886,0
Transformer+GAIL+TD3,192,5915,5,6.410271546635184,0
Transformer+GAIL+TD3,192,5915,6,319.64435146443515,0
Transformer+GAIL+TD3,192,5915,7,32.59522812892424,0
Transformer+GAIL+TD3,192,5915,8,19.017917133258678,0
Transformer+GAIL+TD3,192,5915,9,7.618567515589486,0
Transformer+GAIL+TD3,192,5915,10,4.527668775526547,0
Transformer+GAIL+TD3,192,5915,11,4.164650167050504,0
Transformer+GAIL+TD3,192,5915,12,106.76170568561875,0
Transformer+GAIL+TD3,192,5915,13,11.718782455860032,0
Transformer+GAIL+TD3,192,5915,14,150.9463601532567,0
Transformer+GAIL+TD3,192,5915,15,10.36188436830835,0
Transformer+GAIL+TD3,192,5915,16,9.628754359481547,0
Transformer+GAIL+TD3,192,5915,17,14.385422684382824,0
Transformer+GAIL+TD3,192,5915,18,26.701104381902386,0
Transformer+GAIL+TD3,192,5915,19,9.298612272195285,0
Transformer+GAIL+TD3,192,5915,20,5.608179598480738,0
Transformer+GAIL+TD3,192,5915,21,9.662237350265103,0
Transformer+GAIL+TD3,192,5915,22,14.747671648256441,0
Transformer+GAIL+TD3,192,5915,23,9.134417194819509,0
Transformer+GAIL+TD3,192,5915,24,4.915689909813656,0
Transformer+GAIL+TD3,192,5915,25,6.033205361352461,0
Transformer+GAIL+TD3,192,5915,26,8.000543537341013,0
Transformer+GAIL+TD3,192,5915,27,11.648368164901232,0
Transformer+GAIL+TD3,192,5915,28,8.428376110869431,0
Transformer+GAIL+TD3,192,5915,29,12.906239374362462,0
Transformer+GAIL+TD3,192,5915,30,2.3100084951074478,0
Transformer+GAIL+TD3,192,5915,31,5.550851485148514,0
Transformer+GAIL+TD3,192,5915,32,7.598973305954826,0
Transformer+GAIL+TD3,192,5915,33,11.32996009122007,0
Transformer+GAIL+TD3,192,5915,34,4.8033979153171185,0
Transformer+GAIL+TD3,192,5915,35,15.906208277703607,0
Transformer+GAIL+TD3,192,5915,36,5.661981118978203,0
Transformer+GAIL+TD3,192,5915,37,3.8330754720980016,0
Transformer+GAIL+TD3,192,5915,38,3.9537327031490235,0
Transformer+GAIL+TD3,192,5915,39,85.51788963007884,0
Transformer+GAIL+TD3,192,5915,40,4.760989190959712,0
Transformer+GAIL+TD3,192,5915,41,5.603764720621398,0
Transformer+GAIL+TD3,192,5915,42,10.270409399224809,0
Transformer+GAIL+TD3,192,5915,43,3.2512161975853315,0
Transformer+GAIL+TD3,192,5915,44,3.9405249293852544,0
Transformer+GAIL+TD3,192,5915,45,7.461669318992481,0
Transformer+GAIL+TD3,192,5915,46,4.142437393859342,0
Transformer+GAIL+TD3,192,5915,47,98.7283044058745,0
Transformer+GAIL+TD3,192,5915,49,6.9078365352875135,0
Transformer+GAIL+TD3,192,5915,50,6.407292003884752,0
Transformer+GAIL+TD3,192,5915,51,3.788919080124594,0
Transformer+GAIL+TD3,192,5915,52,4.945935254170237,0
Transformer+GAIL+TD3,192,5915,53,5.922458959133777,0
Transformer+GAIL+TD3,192,5915,54,6.693855590229204,0
Transformer+GAIL+TD3,192,5915,55,4.425817773025143,0
Transformer+GAIL+TD3,192,5915,56,10.145759990117968,0
Transformer+GAIL+TD3,192,5915,57,8.643332309896632,0
Transformer+GAIL+TD3,192,5915,58,2.5148474909231227,0
Transformer+GAIL+TD3,192,5915,59,4.024169772487067,0
Transformer+GAIL+TD3,192,5915,60,5.780237937871777,0
Transformer+GAIL+TD3,192,5915,61,3.7256397948614306,0
Transformer+GAIL+TD3,192,5915,62,3.902208782540101,0
Transformer+GAIL+TD3,192,5915,63,7.971753462771426,0
Transformer+GAIL+TD3,192,5915,64,5.541028609227715,0
Transformer+GAIL+TD3,192,5915,65,3.092638504815485,0
Transformer+GAIL+TD3,192,5915,66,5.839276852180077,0
Transformer+GAIL+TD3,192,5915,67,2.268272127105021,0
Transformer+GAIL+TD3,192,5915,68,3.4246111362802836,0
Transformer+GAIL+TD3,192,5915,69,3.823877651702023,0
Transformer+GAIL+TD3,192,5915,70,37.60635583391325,0
Transformer+GAIL+TD3,192,5915,71,2.693517040875981,0
Transformer+GAIL+TD3,192,5915,72,22.243234377562736,0
Transformer+GAIL+TD3,192,5915,73,2.464513350559862,0
Transformer+GAIL+TD3,192,5915,74,3.1221552682384606,0
Transformer+GAIL+TD3,192,5915,75,2.553850174629951,0
Transformer+GAIL+TD3,192,5915,76,44.750445632798574,0
Transformer+GAIL+TD3,192,5915,77,4.812757126733898,0
Transformer+GAIL+TD3,192,5915,78,5.100436681222708,0
Transformer+GAIL+TD3,192,5915,79,4.887213284600109,0
Transformer+GAIL+TD3,192,5915,80,4.861400847082622,0
Transformer+GAIL+TD3,192,5915,81,3.65879949010198,0
Transformer+GAIL+TD3,192,5915,82,8.143825665859563,0
Transformer+GAIL+TD3,192,5915,83,3.246121308489124,0
Transformer+GAIL+TD3,192,5915,84,4.216742375081116,0
Transformer+GAIL+TD3,192,5915,85,4.023861330464759,0
Transformer+GAIL+TD3,192,5915,86,3.8225815251986983,0
Transformer+GAIL+TD3,192,5915,87,9.491788699828065,0
Transformer+GAIL+TD3,192,5915,88,2.5604540471531854,0
Transformer+GAIL+TD3,192,5915,89,21.735864297253634,0
Transformer+GAIL+TD3,192,5915,90,5.451490298059612,0
Transformer+GAIL+TD3,192,5915,91,2.3025592486075213,0
Transformer+GAIL+TD3,192,5915,92,31.99139492753624,0
Transformer+GAIL+TD3,192,5915,93,5.119150963370738,0
Transformer+GAIL+TD3,192,5915,94,5.574518948152214,0
Transformer+GAIL+TD3,192,5915,95,2.90511272856382,0
Transformer+GAIL+TD3,192,5915,96,5.387545812178475,0
Transformer+GAIL+TD3,192,5915,97,5.497620253164557,0
Transformer+GAIL+TD3,192,5915,98,2.640046026567234,0
Transformer+GAIL+TD3,192,5917,5,5.185968710026568,0
Transformer+GAIL+TD3,192,5917,6,594.8717948717949,0
Transformer+GAIL+TD3,192,5917,7,51.026333558406485,0
Transformer+GAIL+TD3,192,5917,8,12.724047487575925,0
Transformer+GAIL+TD3,192,5917,9,7.126964769647694,0
Transformer+GAIL+TD3,192,5917,10,116.97544338335607,0
Transformer+GAIL+TD3,192,5917,11,3.2477432917027325,0
Transformer+GAIL+TD3,192,5917,12,530.5627906976745,0
Transformer+GAIL+TD3,192,5917,13,4.642078147999464,0
Transformer+GAIL+TD3,192,5917,14,501.32638888888897,0
Transformer+GAIL+TD3,192,5917,15,479.32371794871796,0
Transformer+GAIL+TD3,192,5917,16,362.69772256728777,0
Transformer+GAIL+TD3,192,5917,17,7.625617517468513,0
Transformer+GAIL+TD3,192,5917,18,11.678170952796615,0
Transformer+GAIL+TD3,192,5917,19,13.039397821909033,0
Transformer+GAIL+TD3,192,5917,20,7.3858601063079155,0
Transformer+GAIL+TD3,192,5917,21,7.6035932339105194,0
Transformer+GAIL+TD3,192,5917,22,13.80927139552814,0
Transformer+GAIL+TD3,192,5917,23,5.333518364326025,0
Transformer+GAIL+TD3,192,5917,24,11.452274690469336,0
Transformer+GAIL+TD3,192,5917,25,9.966802562609201,0
Transformer+GAIL+TD3,192,5917,26,6.988112100364224,0
Transformer+GAIL+TD3,192,5917,27,5.8434876136284775,0
Transformer+GAIL+TD3,192,5917,28,3.4456493540185757,0
Transformer+GAIL+TD3,192,5917,29,6.901307540748701,0
Transformer+GAIL+TD3,192,5917,30,7.622313941299793,0
Transformer+GAIL+TD3,192,5917,31,7.222419835748288,0
Transformer+GAIL+TD3,192,5917,32,6.657008345816391,0
Transformer+GAIL+TD3,192,5917,33,5.405831739961759,0
Transformer+GAIL+TD3,192,5917,34,5.9103950103950105,0
Transformer+GAIL+TD3,192,5917,35,5.892442310670591,0
Transformer+GAIL+TD3,192,5917,36,4.223215004427272,0
Transformer+GAIL+TD3,192,5917,37,3.2979780510046854,0
Transformer+GAIL+TD3,192,5917,38,4.847858257009159,0
Transformer+GAIL+TD3,192,5917,39,5.663843221807261,0
Transformer+GAIL+TD3,192,5917,40,7.849613082201782,0
Transformer+GAIL+TD3,192,5917,41,3.9563792796005712,0
Transformer+GAIL+TD3,192,5917,42,5.037107555195464,0
Transformer+GAIL+TD3,192,5917,43,2.9418741684090475,0
Transformer+GAIL+TD3,192,5917,44,4.200951316656638,0
Transformer+GAIL+TD3,192,5917,45,5.3568813001440025,0
Transformer+GAIL+TD3,192,5917,46,5.401807248287617,0
Transformer+GAIL+TD3,192,5917,47,9.12781085611885,0
Transformer+GAIL+TD3,192,5917,48,4.350890736342043,0
Transformer+GAIL+TD3,192,5917,49,4.070326142060496,0
Transformer+GAIL+TD3,192,5917,50,6.156264299441752,0
Transformer+GAIL+TD3,192,5917,51,2.205867335774409,0
Transformer+GAIL+TD3,192,5917,52,7.535802327581266,0
Transformer+GAIL+TD3,192,5917,53,3.3734881353467294,0
Transformer+GAIL+TD3,192,5917,54,8.093164612919269,0
Transformer+GAIL+TD3,192,5917,55,5.979117745722911,0
Transformer+GAIL+TD3,192,5917,56,5.161301785661406,0
Transformer+GAIL+TD3,192,5917,57,6.2036028643890795,0
Transformer+GAIL+TD3,192,5917,58,2.2690924133961654,0
Transformer+GAIL+TD3,192,5917,59,3.1261603375527423,0
Transformer+GAIL+TD3,192,5917,60,6.619975223204751,0
Transformer+GAIL+TD3,192,5917,61,3.1253822076676734,0
Transformer+GAIL+TD3,192,5917,62,23.921216730038026,0
Transformer+GAIL+TD3,192,5917,63,5.21864097026084,0
Transformer+GAIL+TD3,192,5917,64,4.76467040374654,0
Transformer+GAIL+TD3,192,5917,65,4.045375138961362,0
Transformer+GAIL+TD3,192,5917,66,3.705472125957301,0
Transformer+GAIL+TD3,192,5917,67,4.4132695392444266,0
Transformer+GAIL+TD3,192,5917,68,9.396498753695436,0
Transformer+GAIL+TD3,192,5917,69,7.008016877637131,0
Transformer+GAIL+TD3,192,5917,70,3.336629127696125,0
Transformer+GAIL+TD3,192,5917,71,3.506196234883431,0
Transformer+GAIL+TD3,192,5917,72,2.986237564930709,0
Transformer+GAIL+TD3,192,5917,73,4.173027174850329,0
Transformer+GAIL+TD3,192,5917,74,5.783936722316015,0
Transformer+GAIL+TD3,192,5917,75,3.8386317361205373,0
Transformer+GAIL+TD3,192,5917,76,6.739045843297798,0
Transformer+GAIL+TD3,192,5917,77,5.734605017623885,0
Transformer+GAIL+TD3,192,5917,78,3.310831910578003,0
Transformer+GAIL+TD3,192,5917,79,3.2019561946162844,0
Transformer+GAIL+TD3,192,5917,80,4.589911308203992,0
Transformer+GAIL+TD3,192,5917,81,3.2544975972567673,0
Transformer+GAIL+TD3,192,5917,82,67.87173281703775,0
Transformer+GAIL+TD3,192,5917,83,2.7949459562218237,0
Transformer+GAIL+TD3,192,5917,84,6.379234769687964,0
Transformer+GAIL+TD3,192,5917,85,5.560676516912923,0
Transformer+GAIL+TD3,192,5917,86,4.639496049308968,0
Transformer+GAIL+TD3,192,5917,87,7.185823224939747,0
Transformer+GAIL+TD3,192,5917,88,2.800142723339726,0
Transformer+GAIL+TD3,192,5917,89,5.17358954650269,0
Transformer+GAIL+TD3,192,5917,90,6.946451435888056,0
Transformer+GAIL+TD3,192,5917,91,5.800644247591014,0
Transformer+GAIL+TD3,192,5917,92,6.515682561542435,0
Transformer+GAIL+TD3,192,5917,93,4.099265487352684,0
Transformer+GAIL+TD3,192,5917,94,2.230488890144506,0
Transformer+GAIL+TD3,192,5917,95,8.190493040811512,0
Transformer+GAIL+TD3,192,5917,96,3.0894363392824817,0
Transformer+GAIL+TD3,192,5917,97,144.0200668896321,0
Transformer+GAIL+TD3,192,5917,98,6.541894119802162,0
Transformer+GAIL+TD3,192,5921,5,5.850083669652524,0
Transformer+GAIL+TD3,192,5921,6,265.3011152416357,0
Transformer+GAIL+TD3,192,5921,7,26.056279620853083,0
Transformer+GAIL+TD3,192,5921,8,10.321051071816655,0
Transformer+GAIL+TD3,192,5921,9,12.27781903044447,0
Transformer+GAIL+TD3,192,5921,10,3.6244926882690196,0
Transformer+GAIL+TD3,192,5921,11,9.496410098046784,0
Transformer+GAIL+TD3,192,5921,12,7.293176119084457,0
Transformer+GAIL+TD3,192,5921,13,243.88132911392404,0
Transformer+GAIL+TD3,192,5921,14,8.867947316960947,0
Transformer+GAIL+TD3,192,5921,15,267.58139534883713,0
Transformer+GAIL+TD3,192,5921,16,5.350781176910842,0
Transformer+GAIL+TD3,192,5921,17,16.130609352857814,0
Transformer+GAIL+TD3,192,5921,18,16.403934426229508,0
Transformer+GAIL+TD3,192,5921,19,9.843487845202375,0
Transformer+GAIL+TD3,192,5921,20,307.70479704797054,0
Transformer+GAIL+TD3,192,5921,21,5.341495188749074,0
Transformer+GAIL+TD3,192,5921,22,7.601290380797691,0
Transformer+GAIL+TD3,192,5921,23,8.869635540219969,0
Transformer+GAIL+TD3,192,5921,24,12.349047441165485,0
Transformer+GAIL+TD3,192,5921,25,8.802074283231974,0
Transformer+GAIL+TD3,192,5921,26,6.646288209606987,0
Transformer+GAIL+TD3,192,5921,27,10.666330170267177,0
Transformer+GAIL+TD3,192,5921,28,7.1621299423802895,0
Transformer+GAIL+TD3,192,5921,29,4.291177373016094,0
Transformer+GAIL+TD3,192,5921,30,5.314383192673731,0
Transformer+GAIL+TD3,192,5921,31,5.086783239380991,0
Transformer+GAIL+TD3,192,5921,32,4.279639105844331,0
Transformer+GAIL+TD3,192,5921,33,18.937987285594335,0
Transformer+GAIL+TD3,192,5921,34,3.066070824881677,0
Transformer+GAIL+TD3,192,5921,35,8.538074074074075,0
Transformer+GAIL+TD3,192,5921,36,9.958160203139427,0
Transformer+GAIL+TD3,192,5921,37,2.7898134461014537,0
Transformer+GAIL+TD3,192,5921,38,5.86383532473678,0
Transformer+GAIL+TD3,192,5921,39,2.9781265535118253,0
Transformer+GAIL+TD3,192,5921,40,4.072860815277267,0
Transformer+GAIL+TD3,192,5921,41,14.183954549367304,0
Transformer+GAIL+TD3,192,5921,42,5.117468187076516,0
Transformer+GAIL+TD3,192,5921,43,3.2493056760978996,0
Transformer+GAIL+TD3,192,5921,44,10.248232898047204,0
Transformer+GAIL+TD3,192,5921,45,2.307113788051441,0
Transformer+GAIL+TD3,192,5921,46,5.854521837960708,0
Transformer+GAIL+TD3,192,5921,47,2.6913656238060875,0
Transformer+GAIL+TD3,192,5921,48,5.099599634754514,0
Transformer+GAIL+TD3,192,5921,49,6.540396937021409,0
Transformer+GAIL+TD3,192,5921,50,38.276978417266186,0
Transformer+GAIL+TD3,192,5921,51,2.7918936322027115,0
Transformer+GAIL+TD3,192,5921,52,2.344369265364306,0
Transformer+GAIL+TD3,192,5921,53,2.409969864389754,0
Transformer+GAIL+TD3,192,5921,54,92.5334584115072,0
Transformer+GAIL+TD3,192,5921,55,6.779466666666665,0
Transformer+GAIL+TD3,192,5921,56,5.135184193298817,0
Transformer+GAIL+TD3,192,5921,57,5.404468167839091,0
Transformer+GAIL+TD3,192,5921,58,2.270390206579954,0
Transformer+GAIL+TD3,192,5921,59,3.5836909871244633,0
Transformer+GAIL+TD3,192,5921,60,124.7000983284169,0
Transformer+GAIL+TD3,192,5921,61,4.8634354376789934,0
Transformer+GAIL+TD3,192,5921,62,3.235414359935269,0
Transformer+GAIL+TD3,192,5921,63,5.93073609871561,0
Transformer+GAIL+TD3,192,5921,64,2.320638861859545,0
Transformer+GAIL+TD3,192,5921,65,2.9919333792023535,0
Transformer+GAIL+TD3,192,5921,66,14.505578578259485,0
Transformer+GAIL+TD3,192,5921,67,5.081397278460007,0
Transformer+GAIL+TD3,192,5921,68,6.008263280271866,0
Transformer+GAIL+TD3,192,5921,70,2.1396510787653558,0
Transformer+GAIL+TD3,192,5921,71,7.450134492033934,0
Transformer+GAIL+TD3,192,5921,72,9.526627559236255,0
Transformer+GAIL+TD3,192,5921,73,7.3387956821433225,0
Transformer+GAIL+TD3,192,5921,74,2.522475783943524,0
Transformer+GAIL+TD3,192,5921,75,6.222170391416818,0
Transformer+GAIL+TD3,192,5921,76,4.0438690635900185,0
Transformer+GAIL+TD3,192,5921,77,6.18894862391854,0
Transformer+GAIL+TD3,192,5921,78,3.761771227337942,0
Transformer+GAIL+TD3,192,5921,79,9.191045288197621,0
Transformer+GAIL+TD3,192,5921,80,3.0350704289418227,0
Transformer+GAIL+TD3,192,5921,81,5.634036299005367,0
Transformer+GAIL+TD3,192,5921,82,2.8357425282940336,0
Transformer+GAIL+TD3,192,5921,83,7.696256684491979,0
Transformer+GAIL+TD3,192,5921,84,7.063281981445229,0
Transformer+GAIL+TD3,192,5921,85,2.8274114941049686,0
Transformer+GAIL+TD3,192,5921,86,6.183736850893305,0
Transformer+GAIL+TD3,192,5921,87,5.214487034949267,0
Transformer+GAIL+TD3,192,5921,88,2.186691695255356,0
Transformer+GAIL+TD3,192,5921,89,74.11018518518519,0
Transformer+GAIL+TD3,192,5921,90,5.77318928379106,0
Transformer+GAIL+TD3,192,5921,91,2.262634465697972,0
Transformer+GAIL+TD3,192,5921,92,27.551282051282055,0
Transformer+GAIL+TD3,192,5921,93,5.126475796930342,0
Transformer+GAIL+TD3,192,5921,94,2.7820833653181856,0
Transformer+GAIL+TD3,192,5921,95,35.291969288234064,0
Transformer+GAIL+TD3,192,5924,5,5.200531077891424,0
Transformer+GAIL+TD3,192,5924,6,382.796875,0
Transformer+GAIL+TD3,192,5924,7,52.90922087205145,0
Transformer+GAIL+TD3,192,5924,8,8.105273305697484,0
Transformer+GAIL+TD3,192,5924,9,9.545189727865083,0
Transformer+GAIL+TD3,192,5924,10,7.557423710862515,0
Transformer+GAIL+TD3,192,5924,11,3.097222575800005,0
Transformer+GAIL+TD3,192,5924,12,492.93043478260864,0
Transformer+GAIL+TD3,192,5924,13,5.332475007573464,0
Transformer+GAIL+TD3,192,5924,14,60.14089203834931,0
Transformer+GAIL+TD3,192,5924,15,9.958126206210888,0
Transformer+GAIL+TD3,192,5924,16,439.9316037735849,0
Transformer+GAIL+TD3,192,5924,17,9.32361809045226,0
Transformer+GAIL+TD3,192,5924,18,12.29726967440502,0
Transformer+GAIL+TD3,192,5924,19,15.912341741567603,0
Transformer+GAIL+TD3,192,5924,20,4.880380660558027,0
Transformer+GAIL+TD3,192,5924,21,6.986996934638585,0
Transformer+GAIL+TD3,192,5924,22,23.86967329545455,0
Transformer+GAIL+TD3,192,5924,23,9.610346210399682,0
Transformer+GAIL+TD3,192,5924,24,8.43104433272395,0
Transformer+GAIL+TD3,192,5924,25,3.9748699104786804,0
Transformer+GAIL+TD3,192,5924,26,6.4594007213539255,0
Transformer+GAIL+TD3,192,5924,27,3.916043783120821,0
Transformer+GAIL+TD3,192,5924,28,4.787127860953364,0
Transformer+GAIL+TD3,192,5924,29,6.584075117370891,0
Transformer+GAIL+TD3,192,5924,30,3.455693918065332,0
Transformer+GAIL+TD3,192,5924,31,4.865550326957159,0
Transformer+GAIL+TD3,192,5924,32,3.026271122510561,0
Transformer+GAIL+TD3,192,5924,33,9.842775409468253,0
Transformer+GAIL+TD3,192,5924,34,3.633141683778234,0
Transformer+GAIL+TD3,192,5924,35,16.92515010006671,0
Transformer+GAIL+TD3,192,5924,36,2.463510983631898,0
Transformer+GAIL+TD3,192,5924,37,12.2446293494705,0
Transformer+GAIL+TD3,192,5924,38,2.705711574952562,0
Transformer+GAIL+TD3,192,5924,39,5.5975853718457165,0
Transformer+GAIL+TD3,192,5924,40,2.2986779898441605,0
Transformer+GAIL+TD3,192,5924,41,2.6672814837585817,0
Transformer+GAIL+TD3,192,5924,42,4.498606439211917,0
Transformer+GAIL+TD3,192,5924,43,95.78035043804755,0
Transformer+GAIL+TD3,192,5924,44,2.6998491941311378,0
Transformer+GAIL+TD3,192,5924,45,6.250417561441183,0
Transformer+GAIL+TD3,192,5924,46,4.743474842767295,0
Transformer+GAIL+TD3,192,5924,47,3.411278244448786,0
Transformer+GAIL+TD3,192,5924,48,15.435973499456148,0
Transformer+GAIL+TD3,192,5924,49,170.2831940575673,0
Transformer+GAIL+TD3,192,5924,50,4.145941427418425,0
Transformer+GAIL+TD3,192,5924,51,3.082052746834238,0
Transformer+GAIL+TD3,192,5924,52,3.4102376828530288,0
Transformer+GAIL+TD3,192,5924,53,3.4550221645583297,0
Transformer+GAIL+TD3,192,5924,54,4.627817435782137,0
Transformer+GAIL+TD3,192,5924,55,140.12173913043475,0
Transformer+GAIL+TD3,192,5924,56,3.688967777170945,0
Transformer+GAIL+TD3,192,5924,57,3.3339923365400286,0
Transformer+GAIL+TD3,192,5924,58,10.13936388508892,0
Transformer+GAIL+TD3,192,5924,59,2.302652128233524,0
Transformer+GAIL+TD3,192,5924,60,2.9876821305351995,0
Transformer+GAIL+TD3,192,5924,61,31.499259259259254,0
Transformer+GAIL+TD3,192,5924,62,3.45022537545732,0
Transformer+GAIL+TD3,192,5924,63,3.2299842425151946,0
Transformer+GAIL+TD3,192,5924,64,99.69201995012469,0
Transformer+GAIL+TD3,192,5924,65,4.624478079331941,0
Transformer+GAIL+TD3,192,5924,66,2.9589657738095236,0
Transformer+GAIL+TD3,192,5924,67,5.095026868092872,0
Transformer+GAIL+TD3,192,5924,68,3.2888422503445685,0
Transformer+GAIL+TD3,192,5924,69,9.891090825052,0
Transformer+GAIL+TD3,192,5924,70,3.801770664397947,0
Transformer+GAIL+TD3,192,5924,71,4.282284517213815,0
Transformer+GAIL+TD3,192,5924,72,3.6491503714456495,0
Transformer+GAIL+TD3,192,5924,73,6.746243838707763,0
Transformer+GAIL+TD3,192,5924,74,5.430990933503497,0
Transformer+GAIL+TD3,192,5924,75,4.227371132608041,0
Transformer+GAIL+TD3,192,5924,76,4.109702108501539,0
Transformer+GAIL+TD3,192,5924,77,2.8084650773734836,0
Transformer+GAIL+TD3,192,5924,78,4.047217577655841,0
Transformer+GAIL+TD3,192,5924,79,117.30857142857144,0
Transformer+GAIL+TD3,192,5924,80,6.610786297878719,0
Transformer+GAIL+TD3,192,5924,81,2.7138489505866805,0
Transformer+GAIL+TD3,192,5924,82,5.460978047129364,0
Transformer+GAIL+TD3,192,5924,83,2.233226617095253,0
Transformer+GAIL+TD3,192,5924,84,19.062998007968126,0
Transformer+GAIL+TD3,192,5924,85,147.67599277978337,0
Transformer+GAIL+TD3,192,5924,86,3.283253895818544,0
Transformer+GAIL+TD3,192,5924,87,9.930635529963746,0
Transformer+GAIL+TD3,192,5924,88,2.5876074196983585,0
Transformer+GAIL+TD3,192,5924,89,4.1217369665298,0
Transformer+GAIL+TD3,192,5924,90,7.602464875523785,0
Transformer+GAIL+TD3,192,5924,91,6.623765813020671,0
Transformer+GAIL+TD3,192,5924,92,4.963163463667906,0
Transformer+GAIL+TD3,192,5924,93,3.138003303553985,0
Transformer+GAIL+TD3,192,5924,94,2.985506964816506,0
Transformer+GAIL+TD3,192,5924,95,7.70577862864628,0
Transformer+GAIL+TD3,192,5924,96,4.608097840739198,0
Transformer+GAIL+TD3,192,5924,97,4.896782464588349,0
Transformer+GAIL+TD3,192,5924,98,4.06161032575292,0
Transformer+GAIL+TD3,192,5931,5,2.8405511811023625,0
Transformer+GAIL+TD3,192,5931,6,6.80141148794354,0
Transformer+GAIL+TD3,192,5931,7,51.0456204379562,0
Transformer+GAIL+TD3,192,5931,8,12.340467219291636,0
Transformer+GAIL+TD3,192,5931,9,8.931658193195153,0
Transformer+GAIL+TD3,192,5931,10,61.89635854341737,0
Transformer+GAIL+TD3,192,5931,11,6.0146876658998405,0
Transformer+GAIL+TD3,192,5931,12,3.7314175573856656,0
Transformer+GAIL+TD3,192,5931,13,4.61868564993565,0
Transformer+GAIL+TD3,192,5931,14,46.264657713724205,0
Transformer+GAIL+TD3,192,5931,15,517.269784172662,0
Transformer+GAIL+TD3,192,5931,16,80.82909090909092,0
Transformer+GAIL+TD3,192,5931,17,9.017420128358841,0
Transformer+GAIL+TD3,192,5931,18,9.918930301116026,0
Transformer+GAIL+TD3,192,5931,19,7.620461183034742,0
Transformer+GAIL+TD3,192,5931,20,45.07621247113164,0
Transformer+GAIL+TD3,192,5931,21,21.368503772003354,0
Transformer+GAIL+TD3,192,5931,22,7.148267838676319,0
Transformer+GAIL+TD3,192,5931,23,4.985211485026243,0
Transformer+GAIL+TD3,192,5931,24,4.7673570952931685,0
Transformer+GAIL+TD3,192,5931,25,4.6527021643871995,0
Transformer+GAIL+TD3,192,5931,26,6.800148735746159,0
Transformer+GAIL+TD3,192,5931,27,18.73692669056744,0
Transformer+GAIL+TD3,192,5931,28,6.840354864085308,0
Transformer+GAIL+TD3,192,5931,29,4.949074074074074,0
Transformer+GAIL+TD3,192,5931,30,4.3310225867343615,0
Transformer+GAIL+TD3,192,5931,31,7.4508736751647096,0
Transformer+GAIL+TD3,192,5931,32,4.9598112593556785,0
Transformer+GAIL+TD3,192,5931,33,59.36809392265192,0
Transformer+GAIL+TD3,192,5931,34,9.889171511627907,0
Transformer+GAIL+TD3,192,5931,35,6.00275925500115,0
Transformer+GAIL+TD3,192,5931,36,3.3873703648036413,0
Transformer+GAIL+TD3,192,5931,37,7.281031190324634,0
Transformer+GAIL+TD3,192,5931,38,3.1746216297484215,0
Transformer+GAIL+TD3,192,5931,40,119.11784140969165,0
Transformer+GAIL+TD3,192,5931,41,29.77814824313926,0
Transformer+GAIL+TD3,192,5931,42,3.6610822175500717,0
Transformer+GAIL+TD3,192,5931,43,28.6431219873934,0
Transformer+GAIL+TD3,192,5931,44,2.3953559588320665,0
Transformer+GAIL+TD3,192,5931,45,5.3593450749183225,0
Transformer+GAIL+TD3,192,5931,46,8.290967741935484,0
Transformer+GAIL+TD3,192,5931,47,5.684261736803697,0
Transformer+GAIL+TD3,192,5931,48,12.501341964003789,0
Transformer+GAIL+TD3,192,5931,49,3.468683113664526,0
Transformer+GAIL+TD3,192,5931,50,4.517866082603254,0
Transformer+GAIL+TD3,192,5931,51,5.547863669105659,0
Transformer+GAIL+TD3,192,5931,52,2.555116155346693,0
Transformer+GAIL+TD3,192,5931,53,9.776234887737479,0
Transformer+GAIL+TD3,192,5931,54,8.206830913145156,0
Transformer+GAIL+TD3,192,5931,55,3.2625319938014723,0
Transformer+GAIL+TD3,192,5931,56,5.620712114633089,0
Transformer+GAIL+TD3,192,5931,57,5.01116128211651,0
Transformer+GAIL+TD3,192,5931,58,3.0367825937981836,0
Transformer+GAIL+TD3,192,5931,59,9.405160490294271,0
Transformer+GAIL+TD3,192,5931,60,3.2961457765442503,0
Transformer+GAIL+TD3,192,5931,61,7.724627116743301,0
Transformer+GAIL+TD3,192,5931,62,5.284111611851567,0
Transformer+GAIL+TD3,192,5931,63,2.269995784309968,0
Transformer+GAIL+TD3,192,5931,64,2.7935641127803685,0
Transformer+GAIL+TD3,192,5931,65,17.22212411705348,0
Transformer+GAIL+TD3,192,5931,66,6.044971979532876,0
Transformer+GAIL+TD3,192,5931,67,2.7248263603146907,0
Transformer+GAIL+TD3,192,5931,68,4.714891648029613,0
Transformer+GAIL+TD3,192,5931,69,4.603318112633182,0
Transformer+GAIL+TD3,192,5931,70,8.93864559819413,0
Transformer+GAIL+TD3,192,5931,71,4.56849676653029,0
Transformer+GAIL+TD3,192,5931,72,6.602028442288613,0
Transformer+GAIL+TD3,192,5931,73,2.488977028590315,0
Transformer+GAIL+TD3,192,5931,74,2.755698467952878,0
Transformer+GAIL+TD3,192,5931,75,2.310362748155078,0
Transformer+GAIL+TD3,192,5931,76,91.34257975034673,0
Transformer+GAIL+TD3,192,5931,77,2.4682536266196036,0
Transformer+GAIL+TD3,192,5931,78,57.45208970438328,0
Transformer+GAIL+TD3,192,5931,79,3.907008268944015,0
Transformer+GAIL+TD3,192,5931,80,4.647605997522991,0
Transformer+GAIL+TD3,192,5931,81,6.98260065192494,0
Transformer+GAIL+TD3,192,5931,82,3.723897264098269,0
Transformer+GAIL+TD3,192,5931,83,5.822889219841905,0
Transformer+GAIL+TD3,192,5931,84,6.009928475783011,0
Transformer+GAIL+TD3,192,5931,85,2.248888716094501,0
Transformer+GAIL+TD3,192,5931,86,7.246920668058455,0
Transformer+GAIL+TD3,192,5931,87,5.317272222766299,0
Transformer+GAIL+TD3,192,5931,88,5.059183737887062,0
Transformer+GAIL+TD3,192,5931,89,3.412547494282679,0
Transformer+GAIL+TD3,192,5931,90,6.157202944269191,0
Transformer+GAIL+TD3,192,5931,91,4.631583489141378,0
Transformer+GAIL+TD3,192,5931,92,2.827322156773901,0
Transformer+GAIL+TD3,192,5931,93,10.186939385702638,0
Transformer+GAIL+TD3,192,5931,94,2.321617408845014,0
Transformer+GAIL+TD3,192,5931,95,3.795459106874059,0
Transformer+GAIL+TD3,192,5931,96,7.501395292404756,0
Transformer+GAIL+TD3,192,5931,97,2.630717488789238,0
Transformer+GAIL+TD3,192,5931,98,6.329902727114817,0
Transformer+GAIL+TD3,192,5935,5,2.7452671226087815,0
Transformer+GAIL+TD3,192,5935,6,361.2386363636364,0
Transformer+GAIL+TD3,192,5935,7,44.09304207119742,0
Transformer+GAIL+TD3,192,5935,8,36.109666478236285,0
Transformer+GAIL+TD3,192,5935,9,14.773237460540164,0
Transformer+GAIL+TD3,192,5935,10,15.663334958556801,0
Transformer+GAIL+TD3,192,5935,11,6.2304250559284124,0
Transformer+GAIL+TD3,192,5935,12,3.85172131663415,0
Transformer+GAIL+TD3,192,5935,13,10.248749052312357,0
Transformer+GAIL+TD3,192,5935,14,247.85046728971963,0
Transformer+GAIL+TD3,192,5935,15,25.164910520153875,0
Transformer+GAIL+TD3,192,5935,16,9.762905626674604,0
Transformer+GAIL+TD3,192,5935,17,12.380802131538353,0
Transformer+GAIL+TD3,192,5935,18,9.016664675665991,0
Transformer+GAIL+TD3,192,5935,19,22.522190025926495,0
Transformer+GAIL+TD3,192,5935,20,17.069654950016123,0
Transformer+GAIL+TD3,192,5935,21,8.22270864904305,0
Transformer+GAIL+TD3,192,5935,22,21.466335751559118,0
Transformer+GAIL+TD3,192,5935,23,2.8343660209925527,0
Transformer+GAIL+TD3,192,5935,24,9.831339784816976,0
Transformer+GAIL+TD3,192,5935,25,5.758785213458905,0
Transformer+GAIL+TD3,192,5935,26,6.635560186793252,0
Transformer+GAIL+TD3,192,5935,27,3.888902205177373,0
Transformer+GAIL+TD3,192,5935,28,95.7496402877698,0
Transformer+GAIL+TD3,192,5935,29,6.5384514493070425,0
Transformer+GAIL+TD3,192,5935,30,194.2843243243243,0
Transformer+GAIL+TD3,192,5935,31,3.2640054393530034,0
Transformer+GAIL+TD3,192,5935,32,6.645899739206029,0
Transformer+GAIL+TD3,192,5935,33,2.6954439446943197,0
Transformer+GAIL+TD3,192,5935,34,6.4223082687984006,0
Transformer+GAIL+TD3,192,5935,35,5.817659484579636,0
Transformer+GAIL+TD3,192,5935,36,150.68063314711358,0
Transformer+GAIL+TD3,192,5935,37,2.0395412415816496,0
Transformer+GAIL+TD3,192,5935,38,5.820776075396198,0
Transformer+GAIL+TD3,192,5935,39,4.202245098821589,0
Transformer+GAIL+TD3,192,5935,40,5.169316977131607,0
Transformer+GAIL+TD3,192,5935,41,5.4444780838967946,0
Transformer+GAIL+TD3,192,5935,42,39.610473668726094,0
Transformer+GAIL+TD3,192,5935,43,7.542443932089707,0
Transformer+GAIL+TD3,192,5935,44,4.033193151096425,0
Transformer+GAIL+TD3,192,5935,45,7.203628452981981,0
Transformer+GAIL+TD3,192,5935,46,4.934987608051744,0
Transformer+GAIL+TD3,192,5935,47,4.234201448121612,0
Transformer+GAIL+TD3,192,5935,48,4.067889908256881,0
Transformer+GAIL+TD3,192,5935,49,132.72026641294005,0
Transformer+GAIL+TD3,192,5935,50,5.015903208706228,0
Transformer+GAIL+TD3,192,5935,51,4.136169336148736,0
Transformer+GAIL+TD3,192,5935,52,4.574825446082235,0
Transformer+GAIL+TD3,192,5935,53,2.0757164988381103,0
Transformer+GAIL+TD3,192,5935,54,10.047969455050328,0
Transformer+GAIL+TD3,192,5935,55,18.35917808219178,0
Transformer+GAIL+TD3,192,5935,56,4.182873332114787,0
Transformer+GAIL+TD3,192,5935,57,2.7580431472583102,0
Transformer+GAIL+TD3,192,5935,58,2.355538603462958,0
Transformer+GAIL+TD3,192,5935,59,5.574261447562778,0
Transformer+GAIL+TD3,192,5935,60,85.54881266490766,0
Transformer+GAIL+TD3,192,5935,61,4.287291966303678,0
Transformer+GAIL+TD3,192,5935,62,2.5666320797196502,0
Transformer+GAIL+TD3,192,5935,63,2.308324906027591,0
Transformer+GAIL+TD3,192,5935,64,10.9910789172703,0
Transformer+GAIL+TD3,192,5935,65,5.639542789156113,0
Transformer+GAIL+TD3,192,5935,66,4.942192970172245,0
Transformer+GAIL+TD3,192,5935,67,2.7650113191275287,0
Transformer+GAIL+TD3,192,5935,68,3.0766202176781006,0
Transformer+GAIL+TD3,192,5935,69,4.201370631849467,0
Transformer+GAIL+TD3,192,5935,70,126.37974683544304,0
Transformer+GAIL+TD3,192,5935,71,5.844318280065707,0
Transformer+GAIL+TD3,192,5935,72,3.981995195884616,0
Transformer+GAIL+TD3,192,5935,73,3.352721326792805,0
Transformer+GAIL+TD3,192,5935,74,3.6328252421319696,0
Transformer+GAIL+TD3,192,5935,75,3.3947438796100453,0
Transformer+GAIL+TD3,192,5935,76,2.1659326375831305,0
Transformer+GAIL+TD3,192,5935,77,142.51136363636363,0
Transformer+GAIL+TD3,192,5935,78,2.599740327945381,0
Transformer+GAIL+TD3,192,5935,79,150.1553748870822,0
Transformer+GAIL+TD3,192,5935,80,4.716260047948103,0
Transformer+GAIL+TD3,192,5935,81,2.6571463948161296,0
Transformer+GAIL+TD3,192,5935,82,3.750303619140151,0
Transformer+GAIL+TD3,192,5935,83,5.156735530134881,0
Transformer+GAIL+TD3,192,5935,84,6.860539138635649,0
Transformer+GAIL+TD3,192,5935,85,23.79017603634299,0
Transformer+GAIL+TD3,192,5935,86,2.262582056892779,0
Transformer+GAIL+TD3,192,5935,87,6.97733137681526,0
Transformer+GAIL+TD3,192,5935,88,4.5403009417583,0
Transformer+GAIL+TD3,192,5935,89,4.687248677248677,0
Transformer+GAIL+TD3,192,5935,90,5.056932450017745,0
Transformer+GAIL+TD3,192,5935,91,4.366882319220375,0
Transformer+GAIL+TD3,192,5935,92,5.892266926992538,0
Transformer+GAIL+TD3,192,5935,93,4.25001866739677,0
Transformer+GAIL+TD3,192,5935,94,4.604179198158851,0
Transformer+GAIL+TD3,192,5935,95,5.514156484962408,0
Transformer+GAIL+TD3,192,5935,96,5.378587163161231,0
Transformer+GAIL+TD3,192,5935,97,2.6529301135936203,0
Transformer+GAIL+TD3,192,5935,98,5.363048676092924,0
Transformer+GAIL+TD3,192,5938,5,4.067461099074256,0
Transformer+GAIL+TD3,192,5938,6,11.479643272586275,0
Transformer+GAIL+TD3,192,5938,7,67.8294448913918,0
Transformer+GAIL+TD3,192,5938,8,11.955295646523716,0
Transformer+GAIL+TD3,192,5938,9,11.021837349397591,0
Transformer+GAIL+TD3,192,5938,10,6.9418284665953225,0
Transformer+GAIL+TD3,192,5938,11,3.2116382505559677,0
Transformer+GAIL+TD3,192,5938,12,2.9455584897994713,0
Transformer+GAIL+TD3,192,5938,13,617.6054054054053,0
Transformer+GAIL+TD3,192,5938,14,346.9130434782608,0
Transformer+GAIL+TD3,192,5938,15,15.726513779923556,0
Transformer+GAIL+TD3,192,5938,16,15.66159476117103,0
Transformer+GAIL+TD3,192,5938,17,8.96724051479191,0
Transformer+GAIL+TD3,192,5938,18,3.8543326209442395,0
Transformer+GAIL+TD3,192,5938,19,17.51239363669996,0
Transformer+GAIL+TD3,192,5938,20,18.814241141074216,0
Transformer+GAIL+TD3,192,5938,21,13.91923774954628,0
Transformer+GAIL+TD3,192,5938,22,7.521977110631946,0
Transformer+GAIL+TD3,192,5938,23,7.330553815009399,0
Transformer+GAIL+TD3,192,5938,24,5.2032673860911265,0
Transformer+GAIL+TD3,192,5938,25,8.671662816250635,0
Transformer+GAIL+TD3,192,5938,26,16.229859642376468,0
Transformer+GAIL+TD3,192,5938,27,4.465577211394303,0
Transformer+GAIL+TD3,192,5938,28,14.49383689971403,0
Transformer+GAIL+TD3,192,5938,29,5.9438953028625665,0
Transformer+GAIL+TD3,192,5938,30,6.773436433932226,0
Transformer+GAIL+TD3,192,5938,31,8.615982301839963,0
Transformer+GAIL+TD3,192,5938,32,5.097196955633933,0
Transformer+GAIL+TD3,192,5938,33,3.265663746073731,0
Transformer+GAIL+TD3,192,5938,34,6.730066759037663,0
Transformer+GAIL+TD3,192,5938,35,8.532354267956492,0
Transformer+GAIL+TD3,192,5938,36,4.116277872187034,0
Transformer+GAIL+TD3,192,5938,37,5.754613143412107,0
Transformer+GAIL+TD3,192,5938,38,2.7128451334258825,0
Transformer+GAIL+TD3,192,5938,39,3.3261579179532426,0
Transformer+GAIL+TD3,192,5938,40,49.877903327055876,0
Transformer+GAIL+TD3,192,5938,41,3.1133413486031016,0
Transformer+GAIL+TD3,192,5938,42,7.559110181157425,0
Transformer+GAIL+TD3,192,5938,43,7.208842943117842,0
Transformer+GAIL+TD3,192,5938,44,2.8499177180471746,0
Transformer+GAIL+TD3,192,5938,45,6.467675585915385,0
Transformer+GAIL+TD3,192,5938,46,2.9698886094143013,0
Transformer+GAIL+TD3,192,5938,47,5.960876990904397,0
Transformer+GAIL+TD3,192,5938,48,9.61369529554956,0
Transformer+GAIL+TD3,192,5938,49,3.831092962369583,0
Transformer+GAIL+TD3,192,5938,50,4.883209618695493,0
Transformer+GAIL+TD3,192,5938,51,6.126391362422084,0
Transformer+GAIL+TD3,192,5938,52,2.326313724790927,0
Transformer+GAIL+TD3,192,5938,53,40.46766836597799,0
Transformer+GAIL+TD3,192,5938,54,5.302585175871692,0
Transformer+GAIL+TD3,192,5938,55,3.430159766495123,0
Transformer+GAIL+TD3,192,5938,56,4.057536802819822,0
Transformer+GAIL+TD3,192,5938,57,4.305088237313741,0
Transformer+GAIL+TD3,192,5938,58,4.38208046585495,0
Transformer+GAIL+TD3,192,5938,59,81.39081027667983,0
Transformer+GAIL+TD3,192,5938,60,3.1327238869138307,0
Transformer+GAIL+TD3,192,5938,61,3.0067372268979002,0
Transformer+GAIL+TD3,192,5938,62,5.671703649367322,0
Transformer+GAIL+TD3,192,5938,63,3.241521431935939,0
Transformer+GAIL+TD3,192,5938,64,4.309476138581241,0
Transformer+GAIL+TD3,192,5938,65,103.45193929173693,0
Transformer+GAIL+TD3,192,5938,66,2.3748082725142847,0
Transformer+GAIL+TD3,192,5938,67,3.0836346669777206,0
Transformer+GAIL+TD3,192,5938,68,4.088664953334235,0
Transformer+GAIL+TD3,192,5938,69,6.684065358564346,0
Transformer+GAIL+TD3,192,5938,70,3.693240577302461,0
Transformer+GAIL+TD3,192,5938,71,142.85757271815447,0
Transformer+GAIL+TD3,192,5938,72,2.8351094447642313,0
Transformer+GAIL+TD3,192,5938,73,6.5553064753730865,0
Transformer+GAIL+TD3,192,5938,74,4.047948854555141,0
Transformer+GAIL+TD3,192,5938,75,4.080384436673106,0
Transformer+GAIL+TD3,192,5938,76,5.095983761055531,0
Transformer+GAIL+TD3,192,5938,77,7.353926861566669,0
Transformer+GAIL+TD3,192,5938,78,4.973566601264443,0
Transformer+GAIL+TD3,192,5938,79,3.2702510868600836,0
Transformer+GAIL+TD3,192,5938,80,101.91141498216409,0
Transformer+GAIL+TD3,192,5938,81,2.6851539557468094,0
Transformer+GAIL+TD3,192,5938,82,4.878905186753365,0
Transformer+GAIL+TD3,192,5938,83,5.093081898914592,0
Transformer+GAIL+TD3,192,5938,84,3.2824408174276662,0
Transformer+GAIL+TD3,192,5938,85,59.97035817208728,0
Transformer+GAIL+TD3,192,5938,86,3.542647147177218,0
Transformer+GAIL+TD3,192,5938,87,3.9854164802719865,0
Transformer+GAIL+TD3,192,5938,88,6.951953679205492,0
Transformer+GAIL+TD3,192,5938,89,4.809463556712107,0
Transformer+GAIL+TD3,192,5938,90,7.09350959412857,0
Transformer+GAIL+TD3,192,5938,91,3.164013957046629,0
Transformer+GAIL+TD3,192,5938,92,3.393584001666493,0
Transformer+GAIL+TD3,192,5938,93,8.206647215527083,0
Transformer+GAIL+TD3,192,5938,94,3.5256730451390164,0
Transformer+GAIL+TD3,192,5938,95,9.197385937310903,0
Transformer+GAIL+TD3,192,5938,96,3.4644502820722622,0
Transformer+GAIL+TD3,192,5938,97,6.353451162790697,0
Transformer+GAIL+TD3,192,5938,98,2.8278790669953677,0
Transformer+GAIL+TD3,192,5939,5,3.994481671265274,0
Transformer+GAIL+TD3,192,5939,6,11.320652173913043,0
Transformer+GAIL+TD3,192,5939,7,111.84375000000001,0
Transformer+GAIL+TD3,192,5939,8,12.483536247924736,0
Transformer+GAIL+TD3,192,5939,9,11.158451152719397,0
Transformer+GAIL+TD3,192,5939,10,6.442196314403911,0
Transformer+GAIL+TD3,192,5939,11,3.134636563876652,0
Transformer+GAIL+TD3,192,5939,12,3.278324421805296,0
Transformer+GAIL+TD3,192,5939,13,628.7157894736841,0
Transformer+GAIL+TD3,192,5939,14,346.97560975609764,0
Transformer+GAIL+TD3,192,5939,15,362.46352941176474,0
Transformer+GAIL+TD3,192,5939,16,13.241753722135394,0
Transformer+GAIL+TD3,192,5939,17,6.149042433345851,0
Transformer+GAIL+TD3,192,5939,18,3.931685184707794,0
Transformer+GAIL+TD3,192,5939,19,20.085710646968927,0
Transformer+GAIL+TD3,192,5939,20,33.21647331786543,0
Transformer+GAIL+TD3,192,5939,21,10.369017790027563,0
Transformer+GAIL+TD3,192,5939,22,5.627431230897472,0
Transformer+GAIL+TD3,192,5939,23,7.881166674688356,0
Transformer+GAIL+TD3,192,5939,24,2.8732454017424978,0
Transformer+GAIL+TD3,192,5939,25,17.07985175202156,0
Transformer+GAIL+TD3,192,5939,26,11.489795918367346,0
Transformer+GAIL+TD3,192,5939,27,7.512775704907193,0
Transformer+GAIL+TD3,192,5939,28,8.0717984121505,0
Transformer+GAIL+TD3,192,5939,29,7.937301744647105,0
Transformer+GAIL+TD3,192,5939,30,2.416830816371198,0
Transformer+GAIL+TD3,192,5939,31,13.446045725469267,0
Transformer+GAIL+TD3,192,5939,32,4.94745122718691,0
Transformer+GAIL+TD3,192,5939,33,7.402851033499643,0
Transformer+GAIL+TD3,192,5939,34,8.955958067117425,0
Transformer+GAIL+TD3,192,5939,35,7.296169445696259,0
Transformer+GAIL+TD3,192,5939,36,3.3369919497349296,0
Transformer+GAIL+TD3,192,5939,37,4.5518256995053425,0
Transformer+GAIL+TD3,192,5939,38,5.375351162027072,0
Transformer+GAIL+TD3,192,5939,39,6.445171373532513,0
Transformer+GAIL+TD3,192,5939,40,7.165901449694516,0
Transformer+GAIL+TD3,192,5939,41,6.243290854572714,0
Transformer+GAIL+TD3,192,5939,42,3.4509657177398467,0
Transformer+GAIL+TD3,192,5939,43,2.7767977243158612,0
Transformer+GAIL+TD3,192,5939,44,10.508161920796425,0
Transformer+GAIL+TD3,192,5939,45,3.299118748623045,0
Transformer+GAIL+TD3,192,5939,46,179.78923253150055,0
Transformer+GAIL+TD3,192,5939,47,5.915868301050076,0
Transformer+GAIL+TD3,192,5939,48,2.5898046043722194,0
Transformer+GAIL+TD3,192,5939,49,2.8950729478803363,0
Transformer+GAIL+TD3,192,5939,50,82.61830635118307,0
Transformer+GAIL+TD3,192,5939,51,5.7953389076676745,0
Transformer+GAIL+TD3,192,5939,52,14.213353088248912,0
Transformer+GAIL+TD3,192,5939,53,6.020680599627968,0
Transformer+GAIL+TD3,192,5939,54,4.88031236388526,0
Transformer+GAIL+TD3,192,5939,55,3.9754830329598962,0
Transformer+GAIL+TD3,192,5939,56,12.10544068045168,0
Transformer+GAIL+TD3,192,5939,57,4.620443520443519,0
Transformer+GAIL+TD3,192,5939,58,5.560546245568804,0
Transformer+GAIL+TD3,192,5939,59,13.18426119043799,0
Transformer+GAIL+TD3,192,5939,60,4.896173953581299,0
Transformer+GAIL+TD3,192,5939,61,4.470396080032666,0
Transformer+GAIL+TD3,192,5939,62,3.1593982555813387,0
Transformer+GAIL+TD3,192,5939,63,2.969027471890576,0
Transformer+GAIL+TD3,192,5939,64,4.172153203183146,0
Transformer+GAIL+TD3,192,5939,65,91.37709137709138,0
Transformer+GAIL+TD3,192,5939,66,3.6848027035085975,0
Transformer+GAIL+TD3,192,5939,67,5.3756715995852575,0
Transformer+GAIL+TD3,192,5939,68,2.47325245322857,0
Transformer+GAIL+TD3,192,5939,69,3.323463812895173,0
Transformer+GAIL+TD3,192,5939,70,15.798486486486487,0
Transformer+GAIL+TD3,192,5939,71,49.873642081189246,0
Transformer+GAIL+TD3,192,5939,72,8.282306033074056,0
Transformer+GAIL+TD3,192,5939,73,2.4982376679323672,0
Transformer+GAIL+TD3,192,5939,74,3.0581542123485286,0
Transformer+GAIL+TD3,192,5939,75,5.308976842882186,0
Transformer+GAIL+TD3,192,5939,76,4.543713043053316,0
Transformer+GAIL+TD3,192,5939,77,148.0452488687783,0
Transformer+GAIL+TD3,192,5939,78,6.149879518072289,0
Transformer+GAIL+TD3,192,5939,79,2.561639354986426,0
Transformer+GAIL+TD3,192,5939,80,9.812793926001472,0
Transformer+GAIL+TD3,192,5939,81,2.3282348418277676,0
Transformer+GAIL+TD3,192,5939,82,35.9125346473668,0
Transformer+GAIL+TD3,192,5939,83,3.9603115828739126,0
Transformer+GAIL+TD3,192,5939,84,5.149655055417326,0
Transformer+GAIL+TD3,192,5939,85,2.8114369640403662,0
Transformer+GAIL+TD3,192,5939,86,21.767952840300108,0
Transformer+GAIL+TD3,192,5939,87,2.1263586520888778,0
Transformer+GAIL+TD3,192,5939,88,3.0484055169990336,0
Transformer+GAIL+TD3,192,5939,89,4.055092644581695,0
Transformer+GAIL+TD3,192,5939,90,6.500572106623722,0
Transformer+GAIL+TD3,192,5939,91,2.980168542160771,0
Transformer+GAIL+TD3,192,5939,92,50.44830607476635,0
Transformer+GAIL+TD3,192,5939,93,2.702668994761786,0
Transformer+GAIL+TD3,192,5939,94,2.6993388105135674,0
Transformer+GAIL+TD3,192,5939,95,3.130642085187539,0
Transformer+GAIL+TD3,192,5939,96,4.6772429646140985,0
Transformer+GAIL+TD3,192,5939,97,3.07672843350981,0
Transformer+GAIL+TD3,192,5939,98,163.55331088664425,0
Transformer+GAIL+TD3,192,5940,5,3.084831127789848,0
Transformer+GAIL+TD3,192,5940,6,6.3342449697206495,0
Transformer+GAIL+TD3,192,5940,7,106.47165991902835,0
Transformer+GAIL+TD3,192,5940,8,12.856555504796711,0
Transformer+GAIL+TD3,192,5940,9,10.627670062438384,0
Transformer+GAIL+TD3,192,5940,10,8.5775950668037,0
Transformer+GAIL+TD3,192,5940,11,4.360661141457901,0
Transformer+GAIL+TD3,192,5940,12,5.733112065599375,0
Transformer+GAIL+TD3,192,5940,13,477.5857142857144,0
Transformer+GAIL+TD3,192,5940,14,121.52739090064998,0
Transformer+GAIL+TD3,192,5940,15,39.10386800108196,0
Transformer+GAIL+TD3,192,5940,16,31.426782682512734,0
Transformer+GAIL+TD3,192,5940,17,4.560029149207506,0
Transformer+GAIL+TD3,192,5940,18,19.989300295649727,0
Transformer+GAIL+TD3,192,5940,19,19.832055115039644,0
Transformer+GAIL+TD3,192,5940,20,55.58302828618968,0
Transformer+GAIL+TD3,192,5940,21,17.82849002849003,0
Transformer+GAIL+TD3,192,5940,22,22.00373532550694,0
Transformer+GAIL+TD3,192,5940,23,9.022544700699664,0
Transformer+GAIL+TD3,192,5940,24,9.486798066195611,0
Transformer+GAIL+TD3,192,5940,25,10.790906804175574,0
Transformer+GAIL+TD3,192,5940,26,9.450448885027512,0
Transformer+GAIL+TD3,192,5940,27,6.888297252127948,0
Transformer+GAIL+TD3,192,5940,28,6.722459958430126,0
Transformer+GAIL+TD3,192,5940,29,6.6447784810126596,0
Transformer+GAIL+TD3,192,5940,30,12.174626749003362,0
Transformer+GAIL+TD3,192,5940,31,6.4377902321857485,0
Transformer+GAIL+TD3,192,5940,32,4.667500860262145,0
Transformer+GAIL+TD3,192,5940,33,13.516366245179805,0
Transformer+GAIL+TD3,192,5940,34,4.0245235669739365,0
Transformer+GAIL+TD3,192,5940,35,16.693457388894387,0
Transformer+GAIL+TD3,192,5940,36,7.029249049886949,0
Transformer+GAIL+TD3,192,5940,37,3.962431417065326,0
Transformer+GAIL+TD3,192,5940,38,3.942719324690986,0
Transformer+GAIL+TD3,192,5940,39,3.4572327044025153,0
Transformer+GAIL+TD3,192,5940,40,7.3271761380251474,0
Transformer+GAIL+TD3,192,5940,41,5.976014990630855,0
Transformer+GAIL+TD3,192,5940,42,5.177871471392338,0
Transformer+GAIL+TD3,192,5940,43,2.1033245144486146,0
Transformer+GAIL+TD3,192,5940,44,2.9978880675818376,0
Transformer+GAIL+TD3,192,5940,45,6.133215826337029,0
Transformer+GAIL+TD3,192,5940,46,4.940615504948709,0
Transformer+GAIL+TD3,192,5940,47,4.35159300548922,0
Transformer+GAIL+TD3,192,5940,48,7.328989845630098,0
Transformer+GAIL+TD3,192,5940,49,5.016145833333334,0
Transformer+GAIL+TD3,192,5940,50,6.915427376823302,0
Transformer+GAIL+TD3,192,5940,51,12.276791584483892,0
Transformer+GAIL+TD3,192,5940,52,31.177599009900998,0
Transformer+GAIL+TD3,192,5940,53,2.6867071775116456,0
Transformer+GAIL+TD3,192,5940,54,3.9295518247753347,0
Transformer+GAIL+TD3,192,5940,55,3.269344882040484,0
Transformer+GAIL+TD3,192,5940,56,3.18450365572403,0
Transformer+GAIL+TD3,192,5940,57,123.1371480472298,0
Transformer+GAIL+TD3,192,5940,58,4.435778465164236,0
Transformer+GAIL+TD3,192,5940,59,4.954630442248255,0
Transformer+GAIL+TD3,192,5940,60,4.696353652517277,0
Transformer+GAIL+TD3,192,5940,61,2.650620997023577,0
Transformer+GAIL+TD3,192,5940,62,8.887326339665437,0
Transformer+GAIL+TD3,192,5940,63,27.214370782056378,0
Transformer+GAIL+TD3,192,5940,64,6.0442265359215535,0
Transformer+GAIL+TD3,192,5940,65,3.1917224905229262,0
Transformer+GAIL+TD3,192,5940,66,2.6451386135044523,0
Transformer+GAIL+TD3,192,5940,67,4.3631397864718195,0
Transformer+GAIL+TD3,192,5940,68,4.301454627919784,0
Transformer+GAIL+TD3,192,5940,69,19.897108969607114,0
Transformer+GAIL+TD3,192,5940,70,3.81900714699633,0
Transformer+GAIL+TD3,192,5940,71,4.0551073600595755,0
Transformer+GAIL+TD3,192,5940,72,4.639378621624953,0
Transformer+GAIL+TD3,192,5940,73,5.001752703462416,0
Transformer+GAIL+TD3,192,5940,74,3.5042176573426564,0
Transformer+GAIL+TD3,192,5940,75,4.223985282281246,0
Transformer+GAIL+TD3,192,5940,76,5.05064126355726,0
Transformer+GAIL+TD3,192,5940,77,2.1549025681875174,0
Transformer+GAIL+TD3,192,5940,78,7.330109218807848,0
Transformer+GAIL+TD3,192,5940,79,2.6930474461508265,0
Transformer+GAIL+TD3,192,5940,80,7.567144563918759,0
Transformer+GAIL+TD3,192,5940,81,6.371035900559637,0
Transformer+GAIL+TD3,192,5940,82,4.7597099948213355,0
Transformer+GAIL+TD3,192,5940,83,3.14405866242601,0
Transformer+GAIL+TD3,192,5940,84,7.763635492984723,0
Transformer+GAIL+TD3,192,5940,85,3.8712495724901284,0
Transformer+GAIL+TD3,192,5940,87,38.005903187721366,0
Transformer+GAIL+TD3,192,5940,88,4.648388150729689,0
Transformer+GAIL+TD3,192,5940,89,5.678446894731881,0
Transformer+GAIL+TD3,192,5940,90,4.471999143377235,0
Transformer+GAIL+TD3,192,5940,91,4.1598985471287175,0
Transformer+GAIL+TD3,192,5940,92,4.2070408278033975,0
Transformer+GAIL+TD3,192,5940,93,5.209660772036056,0
Transformer+GAIL+TD3,192,5940,94,6.822464261402314,0
Transformer+GAIL+TD3,192,5940,95,5.138581801530712,0
Transformer+GAIL+TD3,192,5940,96,2.4553728826550163,0
Transformer+GAIL+TD3,192,5941,5,3.056365981939069,0
Transformer+GAIL+TD3,192,5941,6,8.973141300116778,0
Transformer+GAIL+TD3,192,5941,7,266.16666666666663,0
Transformer+GAIL+TD3,192,5941,8,154.3686131386861,0
Transformer+GAIL+TD3,192,5941,9,19.503407984420644,0
Transformer+GAIL+TD3,192,5941,10,10.767764105974946,0
Transformer+GAIL+TD3,192,5941,11,9.250364750510652,0
Transformer+GAIL+TD3,192,5941,12,11.050993071593533,0
Transformer+GAIL+TD3,192,5941,13,4.205114803061415,0
Transformer+GAIL+TD3,192,5941,14,6.979752530933634,0
Transformer+GAIL+TD3,192,5941,16,13.870005963029218,0
Transformer+GAIL+TD3,192,5941,17,4.127211418541273,0
Transformer+GAIL+TD3,192,5941,18,114.06438631790745,0
Transformer+GAIL+TD3,192,5941,19,63.35255813953488,0
Transformer+GAIL+TD3,192,5941,20,5.97030888030888,0
Transformer+GAIL+TD3,192,5941,21,4.631563669203974,0
Transformer+GAIL+TD3,192,5941,22,361.5023809523809,0
Transformer+GAIL+TD3,192,5941,23,3.4958756065284518,0
Transformer+GAIL+TD3,192,5941,24,21.403674610571162,0
Transformer+GAIL+TD3,192,5941,25,28.90054857547337,0
Transformer+GAIL+TD3,192,5941,26,10.954539869762868,0
Transformer+GAIL+TD3,192,5941,27,7.821940577602327,0
Transformer+GAIL+TD3,192,5941,28,5.175385015270646,0
Transformer+GAIL+TD3,192,5941,29,5.420731460901193,0
Transformer+GAIL+TD3,192,5941,30,4.9480881752619394,0
Transformer+GAIL+TD3,192,5941,31,6.633797120207086,0
Transformer+GAIL+TD3,192,5941,32,10.597029702970298,0
Transformer+GAIL+TD3,192,5941,33,4.305315203955501,0
Transformer+GAIL+TD3,192,5941,34,7.138789489827214,0
Transformer+GAIL+TD3,192,5941,35,2.5706053434976606,0
Transformer+GAIL+TD3,192,5941,36,3.562386287465287,0
Transformer+GAIL+TD3,192,5941,37,6.382660107025719,0
Transformer+GAIL+TD3,192,5941,38,4.431930359867183,0
Transformer+GAIL+TD3,192,5941,39,8.565619107479574,0
Transformer+GAIL+TD3,192,5941,40,6.017429741967943,0
Transformer+GAIL+TD3,192,5941,41,2.469762536819521,0
Transformer+GAIL+TD3,192,5941,42,4.308867711193669,0
Transformer+GAIL+TD3,192,5941,43,3.0495498484747943,0
Transformer+GAIL+TD3,192,5941,44,8.72468316234158,0
Transformer+GAIL+TD3,192,5941,45,3.47478105369343,0
Transformer+GAIL+TD3,192,5941,46,22.087208500068993,0
Transformer+GAIL+TD3,192,5941,47,2.7556077722548578,0
Transformer+GAIL+TD3,192,5941,48,4.19989129392205,0
Transformer+GAIL+TD3,192,5941,49,3.4341526341249917,0
Transformer+GAIL+TD3,192,5941,50,9.275173305134533,0
Transformer+GAIL+TD3,192,5941,51,3.1081712553675165,0
Transformer+GAIL+TD3,192,5941,52,174.54266666666666,0
Transformer+GAIL+TD3,192,5941,53,2.423477783872737,0
Transformer+GAIL+TD3,192,5941,55,11.012480354996764,0
Transformer+GAIL+TD3,192,5941,56,4.151719592105773,0
Transformer+GAIL+TD3,192,5941,57,7.9117963186887,0
Transformer+GAIL+TD3,192,5941,58,6.061713169929604,0
Transformer+GAIL+TD3,192,5941,59,5.21405222618824,0
Transformer+GAIL+TD3,192,5941,60,6.902131287297529,0
Transformer+GAIL+TD3,192,5941,61,8.254797047970479,0
Transformer+GAIL+TD3,192,5941,62,7.697210732845476,0
Transformer+GAIL+TD3,192,5941,63,7.107948555766392,0
Transformer+GAIL+TD3,192,5941,64,5.92896043568797,0
Transformer+GAIL+TD3,192,5941,65,6.284886387325411,0
Transformer+GAIL+TD3,192,5941,66,5.6539474767432285,0
Transformer+GAIL+TD3,192,5941,67,3.5289419325223776,0
Transformer+GAIL+TD3,192,5941,68,3.6841017580626385,0
Transformer+GAIL+TD3,192,5941,69,3.0251248928743126,0
Transformer+GAIL+TD3,192,5941,70,4.79644306245497,0
Transformer+GAIL+TD3,192,5941,71,3.3894379702020943,0
Transformer+GAIL+TD3,192,5941,72,2.8940650139550157,0
Transformer+GAIL+TD3,192,5941,73,6.23932954753618,0
Transformer+GAIL+TD3,192,5941,74,4.368707562631703,0
Transformer+GAIL+TD3,192,5941,75,3.477563263265646,0
Transformer+GAIL+TD3,192,5941,76,5.406652210408506,0
Transformer+GAIL+TD3,192,5941,77,2.4551291748609083,0
Transformer+GAIL+TD3,192,5941,78,5.9572092668800485,0
Transformer+GAIL+TD3,192,5941,79,3.3938134496150436,0
Transformer+GAIL+TD3,192,5941,80,5.086946959422309,0
Transformer+GAIL+TD3,192,5941,81,2.496112440191388,0
Transformer+GAIL+TD3,192,5941,82,4.381449059415162,0
Transformer+GAIL+TD3,192,5941,83,2.7156813627254506,0
Transformer+GAIL+TD3,192,5941,84,14.335209560096985,0
Transformer+GAIL+TD3,192,5941,85,4.7313726056683905,0
Transformer+GAIL+TD3,192,5941,86,2.8429474790890397,0
Transformer+GAIL+TD3,192,5941,87,3.236992404467037,0
Transformer+GAIL+TD3,192,5941,88,3.4579294137395613,0
Transformer+GAIL+TD3,192,5941,89,3.637939845923795,0
Transformer+GAIL+TD3,192,5941,90,95.79364049318626,0
Transformer+GAIL+TD3,192,5941,91,2.5594392548272324,0
Transformer+GAIL+TD3,192,5941,92,3.7538485501414813,0
Transformer+GAIL+TD3,192,5941,93,3.3350280352110633,0
Transformer+GAIL+TD3,192,5941,95,23.458178603006193,0
Transformer+GAIL+TD3,192,5941,96,2.4153639860263243,0
Transformer+GAIL+TD3,192,5941,97,5.176772634599411,0
Transformer+GAIL+TD3,192,5941,98,2.3658936376881985,0
Transformer+GAIL+TD3,192,5943,5,4.592171592369279,0
Transformer+GAIL+TD3,192,5943,6,360.5029940119761,0
Transformer+GAIL+TD3,192,5943,7,31.08706556789682,0
Transformer+GAIL+TD3,192,5943,8,20.466419753086424,0
Transformer+GAIL+TD3,192,5943,9,17.322203233863544,0
Transformer+GAIL+TD3,192,5943,10,5.821808909554523,0
Transformer+GAIL+TD3,192,5943,11,3.9560949649646684,0
Transformer+GAIL+TD3,192,5943,12,10.149978911851537,0
Transformer+GAIL+TD3,192,5943,13,18.094462540716613,0
Transformer+GAIL+TD3,192,5943,14,131.839516824849,0
Transformer+GAIL+TD3,192,5943,15,573.304347826087,0
Transformer+GAIL+TD3,192,5943,16,16.647445855798228,0
Transformer+GAIL+TD3,192,5943,17,17.73362859854476,0
Transformer+GAIL+TD3,192,5943,18,5.8400757501550915,0
Transformer+GAIL+TD3,192,5943,19,36.98479087452471,0
Transformer+GAIL+TD3,192,5943,20,18.533271612081936,0
Transformer+GAIL+TD3,192,5943,21,8.27525965634423,0
Transformer+GAIL+TD3,192,5943,22,8.008067435486373,0
Transformer+GAIL+TD3,192,5943,23,4.267872880916585,0
Transformer+GAIL+TD3,192,5943,24,5.851121076233184,0
Transformer+GAIL+TD3,192,5943,25,8.603510245997292,0
Transformer+GAIL+TD3,192,5943,26,13.565084857472403,0
Transformer+GAIL+TD3,192,5943,27,6.325574767243019,0
Transformer+GAIL+TD3,192,5943,28,4.161970035968167,0
Transformer+GAIL+TD3,192,5943,29,5.789543203082003,0
Transformer+GAIL+TD3,192,5943,30,6.395516214427532,0
Transformer+GAIL+TD3,192,5943,31,8.84388251923983,0
Transformer+GAIL+TD3,192,5943,32,8.460403603983348,0
Transformer+GAIL+TD3,192,5943,33,3.209891390826503,0
Transformer+GAIL+TD3,192,5943,34,3.034462181112935,0
Transformer+GAIL+TD3,192,5943,35,8.341026295634416,0
Transformer+GAIL+TD3,192,5943,36,5.150033798316229,0
Transformer+GAIL+TD3,192,5943,37,24.246170678336984,0
Transformer+GAIL+TD3,192,5943,38,4.850460405156538,0
Transformer+GAIL+TD3,192,5943,39,3.5140930839495432,0
Transformer+GAIL+TD3,192,5943,40,5.502520248896304,0
Transformer+GAIL+TD3,192,5943,41,4.953654860587792,0
Transformer+GAIL+TD3,192,5943,42,2.8502070513564775,0
Transformer+GAIL+TD3,192,5943,43,44.57562408223202,0
Transformer+GAIL+TD3,192,5943,44,3.41211388123558,0
Transformer+GAIL+TD3,192,5943,45,2.128753812773183,0
Transformer+GAIL+TD3,192,5943,46,5.3097872951997696,0
Transformer+GAIL+TD3,192,5943,47,5.3311238437628745,0
Transformer+GAIL+TD3,192,5943,48,3.1395924062407508,0
Transformer+GAIL+TD3,192,5943,49,99.92851469420174,0
Transformer+GAIL+TD3,192,5943,50,5.243914203942502,0
Transformer+GAIL+TD3,192,5943,51,6.187000442161831,0
Transformer+GAIL+TD3,192,5943,52,3.7936567271472525,0
Transformer+GAIL+TD3,192,5943,53,2.1002957421236714,0
Transformer+GAIL+TD3,192,5943,54,6.085694842755067,0
Transformer+GAIL+TD3,192,5943,55,5.338269230769231,0
Transformer+GAIL+TD3,192,5943,56,5.834456368022629,0
Transformer+GAIL+TD3,192,5943,57,11.93989024905023,0
Transformer+GAIL+TD3,192,5943,58,3.835655664357119,0
Transformer+GAIL+TD3,192,5943,59,5.697503373819162,0
Transformer+GAIL+TD3,192,5943,60,5.5971710526315785,0
Transformer+GAIL+TD3,192,5943,61,2.7875767131183675,0
Transformer+GAIL+TD3,192,5943,62,7.75296636085627,0
Transformer+GAIL+TD3,192,5943,63,3.413992691015864,0
Transformer+GAIL+TD3,192,5943,64,4.198514530883187,0
Transformer+GAIL+TD3,192,5943,65,102.66206515737163,0
Transformer+GAIL+TD3,192,5943,66,2.6247792333202034,0
Transformer+GAIL+TD3,192,5943,67,10.379165291982842,0
Transformer+GAIL+TD3,192,5943,68,4.8562578508621685,0
Transformer+GAIL+TD3,192,5943,69,2.269671579891274,0
Transformer+GAIL+TD3,192,5943,70,189.3024830699774,0
Transformer+GAIL+TD3,192,5943,72,202.3638850889193,0
Transformer+GAIL+TD3,192,5943,73,4.327242806321241,0
Transformer+GAIL+TD3,192,5943,74,3.6961500735654726,0
Transformer+GAIL+TD3,192,5943,75,3.231662322037297,0
Transformer+GAIL+TD3,192,5943,76,92.09746696035243,0
Transformer+GAIL+TD3,192,5943,77,5.496791876907743,0
Transformer+GAIL+TD3,192,5943,78,3.51418774710472,0
Transformer+GAIL+TD3,192,5943,79,9.76669978376483,0
Transformer+GAIL+TD3,192,5943,80,4.400196564796181,0
Transformer+GAIL+TD3,192,5943,81,3.4684710781207566,0
Transformer+GAIL+TD3,192,5943,82,39.741367482277624,0
Transformer+GAIL+TD3,192,5943,83,2.9518387042244867,0
Transformer+GAIL+TD3,192,5943,84,6.061599354417245,0
Transformer+GAIL+TD3,192,5943,85,4.796314373467299,0
Transformer+GAIL+TD3,192,5943,86,6.076219724994765,0
Transformer+GAIL+TD3,192,5943,87,3.6817060676203845,0
Transformer+GAIL+TD3,192,5943,88,5.671318240578077,0
Transformer+GAIL+TD3,192,5943,89,6.625010071710579,0
Transformer+GAIL+TD3,192,5943,90,2.5217943113392467,0
Transformer+GAIL+TD3,192,5943,91,16.12518975812165,0
Transformer+GAIL+TD3,192,5943,92,3.4163463630430058,0
Transformer+GAIL+TD3,192,5943,93,9.194122661852465,0
Transformer+GAIL+TD3,192,5943,94,3.430603651818039,0
Transformer+GAIL+TD3,192,5943,95,6.8131724665736275,0
Transformer+GAIL+TD3,192,5943,96,4.91098826014038,0
Transformer+GAIL+TD3,192,5943,97,5.102667173665055,0
Transformer+GAIL+TD3,192,5943,98,3.396967068165894,0
Transformer+GAIL+TD3,192,5944,5,4.083021469371675,0
Transformer+GAIL+TD3,192,5944,6,11.637638807714787,0
Transformer+GAIL+TD3,192,5944,7,71.47740345110928,0
Transformer+GAIL+TD3,192,5944,8,11.094017094017095,0
Transformer+GAIL+TD3,192,5944,9,11.214769307923772,0
Transformer+GAIL+TD3,192,5944,10,6.9348007590132825,0
Transformer+GAIL+TD3,192,5944,11,3.2224326389581046,0
Transformer+GAIL+TD3,192,5944,12,2.9572996183206106,0
Transformer+GAIL+TD3,192,5944,13,1464.0000000000002,0
Transformer+GAIL+TD3,192,5944,14,15.988513150831992,0
Transformer+GAIL+TD3,192,5944,15,29.86032531824611,0
Transformer+GAIL+TD3,192,5944,16,664.3387096774194,0
Transformer+GAIL+TD3,192,5944,17,383.57768052516406,0
Transformer+GAIL+TD3,192,5944,18,7.787369420702754,0
Transformer+GAIL+TD3,192,5944,19,10.397846770155233,0
Transformer+GAIL+TD3,192,5944,20,27.823491758681392,0
Transformer+GAIL+TD3,192,5944,21,9.574164325440055,0
Transformer+GAIL+TD3,192,5944,22,6.912401574803149,0
Transformer+GAIL+TD3,192,5944,23,7.342378330978711,0
Transformer+GAIL+TD3,192,5944,24,10.867708998085515,0
Transformer+GAIL+TD3,192,5944,25,8.820833576898346,0
Transformer+GAIL+TD3,192,5944,26,11.571631685849697,0
Transformer+GAIL+TD3,192,5944,27,4.298635807147438,0
Transformer+GAIL+TD3,192,5944,28,3.7293899824595598,0
Transformer+GAIL+TD3,192,5944,29,3.171543145700281,0
Transformer+GAIL+TD3,192,5944,30,48.9304286718201,0
Transformer+GAIL+TD3,192,5944,31,8.011977004152028,0
Transformer+GAIL+TD3,192,5944,32,20.20642783089506,0
Transformer+GAIL+TD3,192,5944,33,3.7669902912621365,0
Transformer+GAIL+TD3,192,5944,34,2.6250727877228237,0
Transformer+GAIL+TD3,192,5944,35,5.788256227758006,0
Transformer+GAIL+TD3,192,5944,36,125.32418397626111,0
Transformer+GAIL+TD3,192,5944,37,7.890954904857069,0
Transformer+GAIL+TD3,192,5944,38,2.2465810441193956,0
Transformer+GAIL+TD3,192,5944,39,101.28425531914895,0
Transformer+GAIL+TD3,192,5944,40,2.9045375257685255,0
Transformer+GAIL+TD3,192,5944,41,87.6998123827392,0
Transformer+GAIL+TD3,192,5944,42,4.449973639505594,0
Transformer+GAIL+TD3,192,5944,43,25.10310714783336,0
Transformer+GAIL+TD3,192,5944,44,2.2255105960688906,0
Transformer+GAIL+TD3,192,5944,45,4.570352908060941,0
Transformer+GAIL+TD3,192,5944,46,3.4981940527435555,0
Transformer+GAIL+TD3,192,5944,47,18.83200985761227,0
Transformer+GAIL+TD3,192,5944,48,3.288137936482857,0
Transformer+GAIL+TD3,192,5944,49,186.33374083129584,0
Transformer+GAIL+TD3,192,5944,50,2.7880241648898365,0
Transformer+GAIL+TD3,192,5944,51,4.891441857284508,0
Transformer+GAIL+TD3,192,5944,52,5.09841585897924,0
Transformer+GAIL+TD3,192,5944,53,5.08564887680641,0
Transformer+GAIL+TD3,192,5944,54,3.1044672617050306,0
Transformer+GAIL+TD3,192,5944,55,213.1349206349206,0
Transformer+GAIL+TD3,192,5944,56,2.844693432928727,0
Transformer+GAIL+TD3,192,5944,57,4.0319845179451095,0
Transformer+GAIL+TD3,192,5944,58,6.586862900865493,0
Transformer+GAIL+TD3,192,5944,59,6.774561329151479,0
Transformer+GAIL+TD3,192,5944,60,5.335399284862932,0
Transformer+GAIL+TD3,192,5944,61,3.3632496905592437,0
Transformer+GAIL+TD3,192,5944,62,3.367475170596581,0
Transformer+GAIL+TD3,192,5944,63,3.2682962387015255,0
Transformer+GAIL+TD3,192,5944,64,128.19774011299432,0
Transformer+GAIL+TD3,192,5944,65,5.682463984103327,0
Transformer+GAIL+TD3,192,5944,66,3.1521309725064515,0
Transformer+GAIL+TD3,192,5944,67,3.1505296494485093,0
Transformer+GAIL+TD3,192,5944,68,3.3169858977057456,0
Transformer+GAIL+TD3,192,5944,69,3.404704355221342,0
Transformer+GAIL+TD3,192,5944,70,129.54302422723475,0
Transformer+GAIL+TD3,192,5944,71,2.8405315056527067,0
Transformer+GAIL+TD3,192,5944,72,7.954446747606356,0
Transformer+GAIL+TD3,192,5944,73,2.7359194512781246,0
Transformer+GAIL+TD3,192,5944,74,2.4111822682472632,0
Transformer+GAIL+TD3,192,5944,75,6.183071890565756,0
Transformer+GAIL+TD3,192,5944,76,4.697220234782839,0
Transformer+GAIL+TD3,192,5944,77,4.873148931669134,0
Transformer+GAIL+TD3,192,5944,78,106.13108407079646,0
Transformer+GAIL+TD3,192,5944,79,2.5072832083307506,0
Transformer+GAIL+TD3,192,5944,80,3.6605347369157326,0
Transformer+GAIL+TD3,192,5944,81,5.59175163597626,0
Transformer+GAIL+TD3,192,5944,82,3.522148276062788,0
Transformer+GAIL+TD3,192,5944,83,2.24906399945935,0
Transformer+GAIL+TD3,192,5944,84,137.9580498866213,0
Transformer+GAIL+TD3,192,5944,85,2.6630854223924936,0
Transformer+GAIL+TD3,192,5944,86,57.120572720422004,0
Transformer+GAIL+TD3,192,5944,87,5.339312361965022,0
Transformer+GAIL+TD3,192,5944,88,4.225112878950763,0
Transformer+GAIL+TD3,192,5944,89,5.544725677716259,0
Transformer+GAIL+TD3,192,5944,90,2.173415266077944,0
Transformer+GAIL+TD3,192,5944,91,9.687865902508165,0
Transformer+GAIL+TD3,192,5944,92,4.714177109645143,0
Transformer+GAIL+TD3,192,5944,93,7.399159303422836,0
Transformer+GAIL+TD3,192,5944,94,4.914248358582269,0
Transformer+GAIL+TD3,192,5944,95,4.791534637634816,0
Transformer+GAIL+TD3,192,5944,96,2.616080721637562,0
Transformer+GAIL+TD3,192,5944,97,3.055136501129532,0
Transformer+GAIL+TD3,192,5944,98,12.931495543083528,0
Transformer+GAIL+TD3,192,5945,5,4.249311836413685,0
Transformer+GAIL+TD3,192,5945,6,267.53513513513514,0
Transformer+GAIL+TD3,192,5945,7,38.45506329113923,0
Transformer+GAIL+TD3,192,5945,8,12.23955321944809,0
Transformer+GAIL+TD3,192,5945,9,8.16746093985643,0
Transformer+GAIL+TD3,192,5945,10,13.219432058202301,0
Transformer+GAIL+TD3,192,5945,11,4.154731800196354,0
Transformer+GAIL+TD3,192,5945,12,14.08186244674376,0
Transformer+GAIL+TD3,192,5945,14,3.6308817889488747,0
Transformer+GAIL+TD3,192,5945,15,7.094569223280717,0
Transformer+GAIL+TD3,192,5945,16,355.80000000000007,0
Transformer+GAIL+TD3,192,5945,17,44.125568380552636,0
Transformer+GAIL+TD3,192,5945,18,10.545460436783099,0
Transformer+GAIL+TD3,192,5945,19,7.135862229462416,0
Transformer+GAIL+TD3,192,5945,20,5.596131889423243,0
Transformer+GAIL+TD3,192,5945,21,10.618143009605125,0
Transformer+GAIL+TD3,192,5945,22,11.04003977461054,0
Transformer+GAIL+TD3,192,5945,23,5.520728501689824,0
Transformer+GAIL+TD3,192,5945,24,17.344905905256326,0
Transformer+GAIL+TD3,192,5945,25,8.334374828701419,0
Transformer+GAIL+TD3,192,5945,26,8.440136539637253,0
Transformer+GAIL+TD3,192,5945,27,3.9737532808398948,0
Transformer+GAIL+TD3,192,5945,28,12.382253098602668,0
Transformer+GAIL+TD3,192,5945,29,4.700811289882738,0
Transformer+GAIL+TD3,192,5945,30,12.491630340017435,0
Transformer+GAIL+TD3,192,5945,31,9.689857557372726,0
Transformer+GAIL+TD3,192,5945,32,7.63245271381579,0
Transformer+GAIL+TD3,192,5945,33,6.396368504727638,0
Transformer+GAIL+TD3,192,5945,34,6.714871066433568,0
Transformer+GAIL+TD3,192,5945,35,6.6732274128527385,0
Transformer+GAIL+TD3,192,5945,36,3.7789587053255116,0
Transformer+GAIL+TD3,192,5945,37,4.532476802284083,0
Transformer+GAIL+TD3,192,5945,38,6.33631574166591,0
Transformer+GAIL+TD3,192,5945,39,8.018679950186801,0
Transformer+GAIL+TD3,192,5945,40,6.90693493150685,0
Transformer+GAIL+TD3,192,5945,41,7.618540105467666,0
Transformer+GAIL+TD3,192,5945,42,5.339933082680832,0
Transformer+GAIL+TD3,192,5945,43,3.176029220850662,0
Transformer+GAIL+TD3,192,5945,44,4.714580231359523,0
Transformer+GAIL+TD3,192,5945,45,7.676393196128184,0
Transformer+GAIL+TD3,192,5945,46,4.987298485588667,0
Transformer+GAIL+TD3,192,5945,47,4.624962378859928,0
Transformer+GAIL+TD3,192,5945,48,10.307636315510852,0
Transformer+GAIL+TD3,192,5945,49,3.7314825405643877,0
Transformer+GAIL+TD3,192,5945,50,8.437279048987998,0
Transformer+GAIL+TD3,192,5945,51,4.49194432934409,0
Transformer+GAIL+TD3,192,5945,52,5.263133116246225,0
Transformer+GAIL+TD3,192,5945,53,8.031501735542603,0
Transformer+GAIL+TD3,192,5945,54,2.2782206684745323,0
Transformer+GAIL+TD3,192,5945,55,202.09848484848484,0
Transformer+GAIL+TD3,192,5945,56,5.77079694824892,0
Transformer+GAIL+TD3,192,5945,57,3.4906560361315297,0
Transformer+GAIL+TD3,192,5945,58,2.8504561198107226,0
Transformer+GAIL+TD3,192,5945,59,4.328624645004242,0
Transformer+GAIL+TD3,192,5945,60,6.778407748641626,0
Transformer+GAIL+TD3,192,5945,61,8.070840002371213,0
Transformer+GAIL+TD3,192,5945,62,2.887246722288438,0
Transformer+GAIL+TD3,192,5945,63,5.3748085224899045,0
Transformer+GAIL+TD3,192,5945,64,4.968378189221861,0
Transformer+GAIL+TD3,192,5945,65,4.315307375954709,0
Transformer+GAIL+TD3,192,5945,66,5.361977084998668,0
Transformer+GAIL+TD3,192,5945,67,3.0103522262768014,0
Transformer+GAIL+TD3,192,5945,68,2.7056826958253737,0
Transformer+GAIL+TD3,192,5945,69,5.911092336745851,0
Transformer+GAIL+TD3,192,5945,70,4.866152062484744,0
Transformer+GAIL+TD3,192,5945,71,7.598357289527722,0
Transformer+GAIL+TD3,192,5945,72,2.350870191142723,0
Transformer+GAIL+TD3,192,5945,73,5.456773159280888,0
Transformer+GAIL+TD3,192,5945,74,5.041178772463201,0
Transformer+GAIL+TD3,192,5945,75,2.905958264689731,0
Transformer+GAIL+TD3,192,5945,76,4.470667686034659,0
Transformer+GAIL+TD3,192,5945,77,11.390140121781235,0
Transformer+GAIL+TD3,192,5945,78,4.644958159581316,0
Transformer+GAIL+TD3,192,5945,79,2.6022494183725446,0
Transformer+GAIL+TD3,192,5945,80,7.7037183544303796,0
Transformer+GAIL+TD3,192,5945,81,2.453563223892026,0
Transformer+GAIL+TD3,192,5945,82,51.49273356401384,0
Transformer+GAIL+TD3,192,5945,83,6.665684695051783,0
Transformer+GAIL+TD3,192,5945,84,2.6157583118263243,0
Transformer+GAIL+TD3,192,5945,85,6.348687240902811,0
Transformer+GAIL+TD3,192,5945,86,2.4080661982969067,0
Transformer+GAIL+TD3,192,5945,87,11.430841712959706,0
Transformer+GAIL+TD3,192,5945,88,9.489432333739073,0
Transformer+GAIL+TD3,192,5945,89,4.075476356128106,0
Transformer+GAIL+TD3,192,5945,90,2.6248526522593316,0
Transformer+GAIL+TD3,192,5945,91,2.324518076952853,0
Transformer+GAIL+TD3,192,5945,92,5.29784464053233,0
Transformer+GAIL+TD3,192,5945,93,5.1261726395356675,0
Transformer+GAIL+TD3,192,5945,94,5.987016542176684,0
Transformer+GAIL+TD3,192,5945,95,3.0731928640133575,0
Transformer+GAIL+TD3,192,5945,96,3.0286686022397347,0
Transformer+GAIL+TD3,192,5945,97,6.20672932330827,0
Transformer+GAIL+TD3,192,5945,98,3.124975977245647,0
Transformer+GAIL+TD3,192,5946,5,4.229737724314731,0
Transformer+GAIL+TD3,192,5946,6,274.34640522875816,0
Transformer+GAIL+TD3,192,5946,7,18.987822878228783,0
Transformer+GAIL+TD3,192,5946,8,17.47801196981525,0
Transformer+GAIL+TD3,192,5946,9,7.294382555107845,0
Transformer+GAIL+TD3,192,5946,10,9.101546508983397,0
Transformer+GAIL+TD3,192,5946,11,4.011775520924532,0
Transformer+GAIL+TD3,192,5946,12,232.80116959064324,0
Transformer+GAIL+TD3,192,5946,13,2.9115344407015913,0
Transformer+GAIL+TD3,192,5946,14,46.80818150567205,0
Transformer+GAIL+TD3,192,5946,15,307.8229166666667,0
Transformer+GAIL+TD3,192,5946,16,10.239744124600191,0
Transformer+GAIL+TD3,192,5946,17,96.99182561307902,0
Transformer+GAIL+TD3,192,5946,18,3.212972050352038,0
Transformer+GAIL+TD3,192,5946,19,9.703987112364073,0
Transformer+GAIL+TD3,192,5946,20,9.73448802176654,0
Transformer+GAIL+TD3,192,5946,21,7.938182773109244,0
Transformer+GAIL+TD3,192,5946,22,14.10634275451366,0
Transformer+GAIL+TD3,192,5946,23,6.618619004757619,0
Transformer+GAIL+TD3,192,5946,24,7.87944375911181,0
Transformer+GAIL+TD3,192,5946,25,3.530397778873349,0
Transformer+GAIL+TD3,192,5946,26,8.480483108699456,0
Transformer+GAIL+TD3,192,5946,27,4.437475598192871,0
Transformer+GAIL+TD3,192,5946,28,11.66855211929773,0
Transformer+GAIL+TD3,192,5946,29,4.227577450482479,0
Transformer+GAIL+TD3,192,5946,30,8.229888535834972,0
Transformer+GAIL+TD3,192,5946,31,3.6541435947758236,0
Transformer+GAIL+TD3,192,5946,32,4.45383390461796,0
Transformer+GAIL+TD3,192,5946,33,9.29786080144622,0
Transformer+GAIL+TD3,192,5946,34,3.8991488546484576,0
Transformer+GAIL+TD3,192,5946,35,6.680836707152497,0
Transformer+GAIL+TD3,192,5946,36,3.647203809614971,0
Transformer+GAIL+TD3,192,5946,37,3.2356097560975607,0
Transformer+GAIL+TD3,192,5946,38,8.01866235167206,0
Transformer+GAIL+TD3,192,5946,39,3.6129718773752217,0
Transformer+GAIL+TD3,192,5946,40,5.0008501429785905,0
Transformer+GAIL+TD3,192,5946,41,2.8653671247019488,0
Transformer+GAIL+TD3,192,5946,42,4.7068483063328435,0
Transformer+GAIL+TD3,192,5946,43,10.985983864351153,0
Transformer+GAIL+TD3,192,5946,44,3.248880335899231,0
Transformer+GAIL+TD3,192,5946,45,9.417152575315841,0
Transformer+GAIL+TD3,192,5946,46,2.6992789481125405,0
Transformer+GAIL+TD3,192,5946,47,2.390287192866155,0
Transformer+GAIL+TD3,192,5946,48,18.93678997960967,0
Transformer+GAIL+TD3,192,5946,49,4.433044493608653,0
Transformer+GAIL+TD3,192,5946,50,7.627590372641947,0
Transformer+GAIL+TD3,192,5946,51,5.128011038833038,0
Transformer+GAIL+TD3,192,5946,52,5.442904993909867,0
Transformer+GAIL+TD3,192,5946,53,4.6335771400235535,0
Transformer+GAIL+TD3,192,5946,54,17.49689440993789,0
Transformer+GAIL+TD3,192,5946,55,3.597734762019073,0
Transformer+GAIL+TD3,192,5946,56,25.719284899201217,0
Transformer+GAIL+TD3,192,5946,57,2.7497385791778317,0
Transformer+GAIL+TD3,192,5946,58,3.158089049693569,0
Transformer+GAIL+TD3,192,5946,59,5.789487312273433,0
Transformer+GAIL+TD3,192,5946,60,3.2627740974682897,0
Transformer+GAIL+TD3,192,5946,61,10.933275185346707,0
Transformer+GAIL+TD3,192,5946,62,5.13614440740478,0
Transformer+GAIL+TD3,192,5946,63,4.926741366882903,0
Transformer+GAIL+TD3,192,5946,64,2.977958612689152,0
Transformer+GAIL+TD3,192,5946,65,3.6909027169149873,0
Transformer+GAIL+TD3,192,5946,66,4.913268531689584,0
Transformer+GAIL+TD3,192,5946,67,6.571465461588122,0
Transformer+GAIL+TD3,192,5946,68,6.891620341774758,0
Transformer+GAIL+TD3,192,5946,69,2.5878968438692853,0
Transformer+GAIL+TD3,192,5946,70,5.744642589539937,0
Transformer+GAIL+TD3,192,5946,71,4.049714159375889,0
Transformer+GAIL+TD3,192,5946,72,6.166990892209744,0
Transformer+GAIL+TD3,192,5946,73,4.302237639852492,0
Transformer+GAIL+TD3,192,5946,74,11.820204062873428,0
Transformer+GAIL+TD3,192,5946,75,2.1267960350004844,0
Transformer+GAIL+TD3,192,5946,76,4.561849501359927,0
Transformer+GAIL+TD3,192,5946,77,6.180323891550919,0
Transformer+GAIL+TD3,192,5946,78,7.068251649624742,0
Transformer+GAIL+TD3,192,5946,79,4.634147279369352,0
Transformer+GAIL+TD3,192,5946,80,4.187922016167379,0
Transformer+GAIL+TD3,192,5946,81,5.48131119924192,0
Transformer+GAIL+TD3,192,5946,82,7.992616293379276,0
Transformer+GAIL+TD3,192,5946,83,3.3031065963176216,0
Transformer+GAIL+TD3,192,5946,84,8.141921664626683,0
Transformer+GAIL+TD3,192,5946,85,2.4313940904469886,0
Transformer+GAIL+TD3,192,5946,86,2.975077064340526,0
Transformer+GAIL+TD3,192,5946,87,67.27457824316464,0
Transformer+GAIL+TD3,192,5946,88,5.024954862006707,0
Transformer+GAIL+TD3,192,5946,89,5.6318064677030515,0
Transformer+GAIL+TD3,192,5946,90,2.5901262150491022,0
Transformer+GAIL+TD3,192,5946,92,4.527660964357162,0
Transformer+GAIL+TD3,192,5946,93,9.029746401644962,0
Transformer+GAIL+TD3,192,5946,94,20.212769816796662,0
Transformer+GAIL+TD3,192,5946,95,4.245445039449919,0
Transformer+GAIL+TD3,192,5946,97,5.651570855614972,0
Transformer+GAIL+TD3,192,5946,98,8.098711969797913,0
Transformer+GAIL+TD3,192,5947,5,4.42157537614318,0
Transformer+GAIL+TD3,192,5947,6,355.02985074626866,0
Transformer+GAIL+TD3,192,5947,7,20.006017299736744,0
Transformer+GAIL+TD3,192,5947,8,11.14699302539808,0
Transformer+GAIL+TD3,192,5947,9,5.767527164509654,0
Transformer+GAIL+TD3,192,5947,10,28.051492537313433,0
Transformer+GAIL+TD3,192,5947,11,2.70438429279451,0
Transformer+GAIL+TD3,192,5947,12,116.86773794808406,0
Transformer+GAIL+TD3,192,5947,14,360.13445378151266,0
Transformer+GAIL+TD3,192,5947,15,11.027503437929742,0
Transformer+GAIL+TD3,192,5947,16,12.450684796531677,0
Transformer+GAIL+TD3,192,5947,17,35.992231449236535,0
Transformer+GAIL+TD3,192,5947,18,38.762223365928975,0
Transformer+GAIL+TD3,192,5947,19,5.112996917085833,0
Transformer+GAIL+TD3,192,5947,20,273.10296684118674,0
Transformer+GAIL+TD3,192,5947,21,10.474068609369239,0
Transformer+GAIL+TD3,192,5947,22,4.469270895790862,0
Transformer+GAIL+TD3,192,5947,23,5.615404158021764,0
Transformer+GAIL+TD3,192,5947,24,5.766608582008277,0
Transformer+GAIL+TD3,192,5947,25,7.045036857517926,0
Transformer+GAIL+TD3,192,5947,26,14.809686161377742,0
Transformer+GAIL+TD3,192,5947,27,10.246410985505236,0
Transformer+GAIL+TD3,192,5947,28,7.415996445234394,0
Transformer+GAIL+TD3,192,5947,29,2.829771692918548,0
Transformer+GAIL+TD3,192,5947,30,12.100821167883211,0
Transformer+GAIL+TD3,192,5947,31,3.711588244251561,0
Transformer+GAIL+TD3,192,5947,32,91.40884406516679,0
Transformer+GAIL+TD3,192,5947,33,11.21341634023503,0
Transformer+GAIL+TD3,192,5947,34,9.2047011027278,0
Transformer+GAIL+TD3,192,5947,35,3.069465559583674,0
Transformer+GAIL+TD3,192,5947,36,5.592506554276043,0
Transformer+GAIL+TD3,192,5947,37,7.403222541597506,0
Transformer+GAIL+TD3,192,5947,38,13.91986809563067,0
Transformer+GAIL+TD3,192,5947,39,116.13927335640142,0
Transformer+GAIL+TD3,192,5947,40,3.4735125750750755,0
Transformer+GAIL+TD3,192,5947,41,5.919658767772511,0
Transformer+GAIL+TD3,192,5947,42,2.7184261797617197,0
Transformer+GAIL+TD3,192,5947,43,7.1703266285292475,0
Transformer+GAIL+TD3,192,5947,44,4.288465260305788,0
Transformer+GAIL+TD3,192,5947,45,5.8809595981466245,0
Transformer+GAIL+TD3,192,5947,46,3.067752087824945,0
Transformer+GAIL+TD3,192,5947,47,3.3010652731018544,0
Transformer+GAIL+TD3,192,5947,48,7.065970441512425,0
Transformer+GAIL+TD3,192,5947,49,6.044655089421261,0
Transformer+GAIL+TD3,192,5947,50,7.324699851612032,0
Transformer+GAIL+TD3,192,5947,51,3.413493471634593,0
Transformer+GAIL+TD3,192,5947,52,2.5617458932984443,0
Transformer+GAIL+TD3,192,5947,53,3.2653664451911175,0
Transformer+GAIL+TD3,192,5947,54,89.66293706293705,0
Transformer+GAIL+TD3,192,5947,55,2.785960962393391,0
Transformer+GAIL+TD3,192,5947,56,31.904795653201045,0
Transformer+GAIL+TD3,192,5947,57,5.924386971752254,0
Transformer+GAIL+TD3,192,5947,58,4.449674569967457,0
Transformer+GAIL+TD3,192,5947,59,8.814726953551265,0
Transformer+GAIL+TD3,192,5947,60,6.553706454226302,0
Transformer+GAIL+TD3,192,5947,61,6.918779186124084,0
Transformer+GAIL+TD3,192,5947,62,4.664374679574172,0
Transformer+GAIL+TD3,192,5947,63,2.833426636063371,0
Transformer+GAIL+TD3,192,5947,64,2.536512915567596,0
Transformer+GAIL+TD3,192,5947,65,78.28862478777589,0
Transformer+GAIL+TD3,192,5947,66,6.1932446264073695,0
Transformer+GAIL+TD3,192,5947,67,4.301657517454564,0
Transformer+GAIL+TD3,192,5947,68,5.6801115467000765,0
Transformer+GAIL+TD3,192,5947,69,2.4769374242282947,0
Transformer+GAIL+TD3,192,5947,70,4.82728294916071,0
Transformer+GAIL+TD3,192,5947,71,152.34021739130435,0
Transformer+GAIL+TD3,192,5947,72,3.8353053031903652,0
Transformer+GAIL+TD3,192,5947,73,5.7803176769399895,0
Transformer+GAIL+TD3,192,5947,74,4.553006443410673,0
Transformer+GAIL+TD3,192,5947,75,2.6138721638262408,0
Transformer+GAIL+TD3,192,5947,76,4.339440136680247,0
Transformer+GAIL+TD3,192,5947,77,105.27647975077882,0
Transformer+GAIL+TD3,192,5947,78,2.9252580318114583,0
Transformer+GAIL+TD3,192,5947,79,4.406247342611751,0
Transformer+GAIL+TD3,192,5947,80,5.133691134336791,0
Transformer+GAIL+TD3,192,5947,81,2.08272760698023,0
Transformer+GAIL+TD3,192,5947,82,122.62169811320754,0
Transformer+GAIL+TD3,192,5947,83,5.711216775561865,0
Transformer+GAIL+TD3,192,5947,84,10.39500119588615,0
Transformer+GAIL+TD3,192,5947,85,2.564566822853397,0
Transformer+GAIL+TD3,192,5947,87,7.914846470402027,0
Transformer+GAIL+TD3,192,5947,88,3.655154727303813,0
Transformer+GAIL+TD3,192,5947,89,8.753992568932924,0
Transformer+GAIL+TD3,192,5947,90,6.509945839487936,0
Transformer+GAIL+TD3,192,5947,91,3.34627540733475,0
Transformer+GAIL+TD3,192,5947,92,2.9126591150602543,0
Transformer+GAIL+TD3,192,5947,93,13.532565225671302,0
Transformer+GAIL+TD3,192,5947,94,4.282666816761884,0
Transformer+GAIL+TD3,192,5947,95,5.311664962808897,0
Transformer+GAIL+TD3,192,5947,96,4.118912797281992,0
Transformer+GAIL+TD3,192,5947,97,4.906139588763395,0
Transformer+GAIL+TD3,192,5947,98,3.4498922210036675,0
Transformer+GAIL+TD3,192,5948,5,6.041090516818672,0
Transformer+GAIL+TD3,192,5948,6,15.56320754716981,0
Transformer+GAIL+TD3,192,5948,7,72.4843617920541,0
Transformer+GAIL+TD3,192,5948,8,11.192312370757813,0
Transformer+GAIL+TD3,192,5948,9,5.872962756398339,0
Transformer+GAIL+TD3,192,5948,10,2.842377423931893,0
Transformer+GAIL+TD3,192,5948,11,5.049170074573009,0
Transformer+GAIL+TD3,192,5948,12,561.6116071428572,0
Transformer+GAIL+TD3,192,5948,13,423.06686046511635,0
Transformer+GAIL+TD3,192,5948,14,545.2760942760943,0
Transformer+GAIL+TD3,192,5948,15,454.26275510204084,0
Transformer+GAIL+TD3,192,5948,16,4.722298398571909,0
Transformer+GAIL+TD3,192,5948,17,12.631543321299636,0
Transformer+GAIL+TD3,192,5948,18,23.131859638274847,0
Transformer+GAIL+TD3,192,5948,19,32.624427480916026,0
Transformer+GAIL+TD3,192,5948,20,20.764680483592404,0
Transformer+GAIL+TD3,192,5948,21,4.914012929486412,0
Transformer+GAIL+TD3,192,5948,22,6.373582578165774,0
Transformer+GAIL+TD3,192,5948,23,7.846899637758363,0
Transformer+GAIL+TD3,192,5948,24,8.377427253573257,0
Transformer+GAIL+TD3,192,5948,25,6.245978109160363,0
Transformer+GAIL+TD3,192,5948,26,8.903471934701603,0
Transformer+GAIL+TD3,192,5948,27,3.5330873980962787,0
Transformer+GAIL+TD3,192,5948,28,3.9579043980849855,0
Transformer+GAIL+TD3,192,5948,29,7.162588101387734,0
Transformer+GAIL+TD3,192,5948,30,5.51549792598883,0
Transformer+GAIL+TD3,192,5948,31,32.85413290113452,0
Transformer+GAIL+TD3,192,5948,32,3.1061052175795627,0
Transformer+GAIL+TD3,192,5948,33,3.2584738545392606,0
Transformer+GAIL+TD3,192,5948,34,3.7703529411764705,0
Transformer+GAIL+TD3,192,5948,35,3.2794580319210014,0
Transformer+GAIL+TD3,192,5948,36,46.200578592092576,0
Transformer+GAIL+TD3,192,5948,37,4.705298786181139,0
Transformer+GAIL+TD3,192,5948,38,4.2544988283149845,0
Transformer+GAIL+TD3,192,5948,39,5.228747092057163,0
Transformer+GAIL+TD3,192,5948,41,4.68852343557418,0
Transformer+GAIL+TD3,192,5948,42,53.04001441961068,0
Transformer+GAIL+TD3,192,5948,43,2.5832647872579075,0
Transformer+GAIL+TD3,192,5948,44,34.91864983001458,0
Transformer+GAIL+TD3,192,5948,45,5.299437062250441,0
Transformer+GAIL+TD3,192,5948,46,2.9435604798400536,0
Transformer+GAIL+TD3,192,5948,47,6.194065428242644,0
Transformer+GAIL+TD3,192,5948,48,58.72460732984292,0
Transformer+GAIL+TD3,192,5948,49,2.819881959752542,0
Transformer+GAIL+TD3,192,5948,50,6.8450865021515765,0
Transformer+GAIL+TD3,192,5948,51,3.5527470636320615,0
Transformer+GAIL+TD3,192,5948,52,5.009366535034757,0
Transformer+GAIL+TD3,192,5948,53,12.645183381524882,0
Transformer+GAIL+TD3,192,5948,54,2.8422315433345418,0
Transformer+GAIL+TD3,192,5948,55,2.973020469790352,0
Transformer+GAIL+TD3,192,5948,56,4.570509582028225,0
Transformer+GAIL+TD3,192,5948,57,6.8864414880904965,0
Transformer+GAIL+TD3,192,5948,58,3.2586439660991524,0
Transformer+GAIL+TD3,192,5948,59,51.51587532770172,0
Transformer+GAIL+TD3,192,5948,60,2.293306854709773,0
Transformer+GAIL+TD3,192,5948,61,2.684885959283673,0
Transformer+GAIL+TD3,192,5948,62,11.534391154508903,0
Transformer+GAIL+TD3,192,5948,63,5.940431765075159,0
Transformer+GAIL+TD3,192,5948,64,4.682973409725283,0
Transformer+GAIL+TD3,192,5948,65,13.929750117868931,0
Transformer+GAIL+TD3,192,5948,66,2.8663656373405844,0
Transformer+GAIL+TD3,192,5948,67,4.054551727111993,0
Transformer+GAIL+TD3,192,5948,68,8.914427226363278,0
Transformer+GAIL+TD3,192,5948,69,3.285453407957255,0
Transformer+GAIL+TD3,192,5948,70,44.93613879660393,0
Transformer+GAIL+TD3,192,5948,71,2.3998098981827556,0
Transformer+GAIL+TD3,192,5948,72,3.9681355766409085,0
Transformer+GAIL+TD3,192,5948,73,4.847202234826039,0
Transformer+GAIL+TD3,192,5948,74,3.580278872742248,0
Transformer+GAIL+TD3,192,5948,75,6.195639555974751,0
Transformer+GAIL+TD3,192,5948,76,7.652642123716505,0
Transformer+GAIL+TD3,192,5948,77,5.9092080222515,0
Transformer+GAIL+TD3,192,5948,78,2.6986607142857144,0
Transformer+GAIL+TD3,192,5948,79,3.6412968388956384,0
Transformer+GAIL+TD3,192,5948,80,4.165310427968656,0
Transformer+GAIL+TD3,192,5948,81,10.055355859094176,0
Transformer+GAIL+TD3,192,5948,82,4.435460032023649,0
Transformer+GAIL+TD3,192,5948,83,4.91068515497553,0
Transformer+GAIL+TD3,192,5948,84,4.7051965811965815,0
Transformer+GAIL+TD3,192,5948,85,4.244956419547546,0
Transformer+GAIL+TD3,192,5948,86,5.70026714158504,0
Transformer+GAIL+TD3,192,5948,87,2.9675761654227335,0
Transformer+GAIL+TD3,192,5948,88,74.81157894736843,0
Transformer+GAIL+TD3,192,5948,89,5.0925398720421216,0
Transformer+GAIL+TD3,192,5948,90,3.022433844598011,0
Transformer+GAIL+TD3,192,5948,91,8.04867374005305,0
Transformer+GAIL+TD3,192,5948,92,4.094717503232099,0
Transformer+GAIL+TD3,192,5948,93,3.33922541376579,0
Transformer+GAIL+TD3,192,5948,94,5.490968921389397,0
Transformer+GAIL+TD3,192,5948,95,7.50167032967033,0
Transformer+GAIL+TD3,192,5948,96,4.929950475383352,0
Transformer+GAIL+TD3,192,5948,97,4.343481187822575,0
Transformer+GAIL+TD3,192,5948,98,2.9064642754856203,0
Transformer+GAIL+TD3,192,5949,5,5.193561129764962,0
Transformer+GAIL+TD3,192,5949,6,304.581589958159,0
Transformer+GAIL+TD3,192,5949,7,34.614467102731815,0
Transformer+GAIL+TD3,192,5949,8,15.492933170476356,0
Transformer+GAIL+TD3,192,5949,9,12.922933034044146,0
Transformer+GAIL+TD3,192,5949,10,3.3862422292337,0
Transformer+GAIL+TD3,192,5949,11,5.6320556515243485,0
Transformer+GAIL+TD3,192,5949,12,14.160869062752804,0
Transformer+GAIL+TD3,192,5949,13,472.13084112149534,0
Transformer+GAIL+TD3,192,5949,14,25.5893421884883,0
Transformer+GAIL+TD3,192,5949,15,24.713645352669744,0
Transformer+GAIL+TD3,192,5949,16,5.415217830060836,0
Transformer+GAIL+TD3,192,5949,17,11.201711329265056,0
Transformer+GAIL+TD3,192,5949,18,12.760188087774297,0
Transformer+GAIL+TD3,192,5949,19,14.892839746712127,0
Transformer+GAIL+TD3,192,5949,20,16.071270718232043,0
Transformer+GAIL+TD3,192,5949,21,5.619979902283517,0
Transformer+GAIL+TD3,192,5949,22,8.237533029740822,0
Transformer+GAIL+TD3,192,5949,23,7.68330430455337,0
Transformer+GAIL+TD3,192,5949,24,3.5820351422946994,0
Transformer+GAIL+TD3,192,5949,25,5.743999729565276,0
Transformer+GAIL+TD3,192,5949,26,10.486077442180436,0
Transformer+GAIL+TD3,192,5949,27,3.2088074220410614,0
Transformer+GAIL+TD3,192,5949,28,4.675096041423083,0
Transformer+GAIL+TD3,192,5949,29,6.204325832897262,0
Transformer+GAIL+TD3,192,5949,30,3.102172457859185,0
Transformer+GAIL+TD3,192,5949,31,61.15780078543377,0
Transformer+GAIL+TD3,192,5949,32,16.502947726974977,0
Transformer+GAIL+TD3,192,5949,33,2.823806738015761,0
Transformer+GAIL+TD3,192,5949,34,4.298364657066146,0
Transformer+GAIL+TD3,192,5949,35,5.041744885297018,0
Transformer+GAIL+TD3,192,5949,36,3.6600273293651715,0
Transformer+GAIL+TD3,192,5949,37,109.57822410147988,0
Transformer+GAIL+TD3,192,5949,38,3.6054122704181317,0
Transformer+GAIL+TD3,192,5949,39,7.545250059822923,0
Transformer+GAIL+TD3,192,5949,40,2.5463166078915944,0
Transformer+GAIL+TD3,192,5949,41,5.700586041555674,0
Transformer+GAIL+TD3,192,5949,42,7.720473458417325,0
Transformer+GAIL+TD3,192,5949,43,4.708023716438392,0
Transformer+GAIL+TD3,192,5949,44,13.581074609711713,0
Transformer+GAIL+TD3,192,5949,45,2.5945340089052666,0
Transformer+GAIL+TD3,192,5949,46,3.8044019048070323,0
Transformer+GAIL+TD3,192,5949,47,74.1844070961718,0
Transformer+GAIL+TD3,192,5949,48,3.0337440726641285,0
Transformer+GAIL+TD3,192,5949,49,16.850472676965637,0
Transformer+GAIL+TD3,192,5949,50,3.1575468555499064,0
Transformer+GAIL+TD3,192,5949,51,3.6799010414588404,0
Transformer+GAIL+TD3,192,5949,52,12.040005008451764,0
Transformer+GAIL+TD3,192,5949,53,2.707782006640214,0
Transformer+GAIL+TD3,192,5949,54,11.744217482727548,0
Transformer+GAIL+TD3,192,5949,55,9.573896156991006,0
Transformer+GAIL+TD3,192,5949,56,2.9544588223492827,0
Transformer+GAIL+TD3,192,5949,57,4.953883357041252,0
Transformer+GAIL+TD3,192,5949,58,3.8033093070973854,0
Transformer+GAIL+TD3,192,5949,59,4.883113618590102,0
Transformer+GAIL+TD3,192,5949,60,21.874196737518535,0
Transformer+GAIL+TD3,192,5949,61,2.7130768118038473,0
Transformer+GAIL+TD3,192,5949,62,186.18231441048033,0
Transformer+GAIL+TD3,192,5949,63,4.596928348160615,0
Transformer+GAIL+TD3,192,5949,64,2.597876513153446,0
Transformer+GAIL+TD3,192,5949,65,12.13098591549296,0
Transformer+GAIL+TD3,192,5949,66,3.7699480069324096,0
Transformer+GAIL+TD3,192,5949,67,19.394355617555533,0
Transformer+GAIL+TD3,192,5949,68,8.635049517131083,0
Transformer+GAIL+TD3,192,5949,69,2.165315488077447,0
Transformer+GAIL+TD3,192,5949,70,5.188543212868439,0
Transformer+GAIL+TD3,192,5949,71,4.197816241424151,0
Transformer+GAIL+TD3,192,5949,72,16.93733101583623,0
Transformer+GAIL+TD3,192,5949,73,27.35989313217036,0
Transformer+GAIL+TD3,192,5949,74,6.129174265769448,0
Transformer+GAIL+TD3,192,5949,75,2.610295731372765,0
Transformer+GAIL+TD3,192,5949,76,2.449047212741752,0
Transformer+GAIL+TD3,192,5949,77,11.775830737279337,0
Transformer+GAIL+TD3,192,5949,78,38.766197832603176,0
Transformer+GAIL+TD3,192,5949,79,8.256270863137818,0
Transformer+GAIL+TD3,192,5949,80,3.051439645625692,0
Transformer+GAIL+TD3,192,5949,81,4.287974255658617,0
Transformer+GAIL+TD3,192,5949,82,2.8662288326572662,0
Transformer+GAIL+TD3,192,5949,83,132.59428129829982,0
Transformer+GAIL+TD3,192,5949,84,15.277969581039466,0
Transformer+GAIL+TD3,192,5949,85,6.309364808200032,0
Transformer+GAIL+TD3,192,5949,86,4.728985704560927,0
Transformer+GAIL+TD3,192,5949,87,2.298256732250454,0
Transformer+GAIL+TD3,192,5949,88,6.499090379857372,0
Transformer+GAIL+TD3,192,5949,89,74.1850533807829,0
Transformer+GAIL+TD3,192,5949,90,11.942657447767925,0
Transformer+GAIL+TD3,192,5949,91,7.95869222932296,0
Transformer+GAIL+TD3,192,5949,93,3.5175833333333335,0
Transformer+GAIL+TD3,192,5949,94,7.276286883480508,0
Transformer+GAIL+TD3,192,5949,95,10.076758491575287,0
Transformer+GAIL+TD3,192,5949,96,11.005502603910779,0
Transformer+GAIL+TD3,192,5949,97,3.035701543657684,0
Transformer+GAIL+TD3,192,5950,5,4.050641658440276,0
Transformer+GAIL+TD3,192,5950,6,12.859898674980515,0
Transformer+GAIL+TD3,192,5950,7,125.75663716814161,0
Transformer+GAIL+TD3,192,5950,8,22.722368736514024,0
Transformer+GAIL+TD3,192,5950,9,14.11770524233432,0
Transformer+GAIL+TD3,192,5950,10,8.35316593886463,0
Transformer+GAIL+TD3,192,5950,11,4.125967628430683,0
Transformer+GAIL+TD3,192,5950,12,9.92594557720003,0
Transformer+GAIL+TD3,192,5950,13,20.148538845331434,0
Transformer+GAIL+TD3,192,5950,14,496.40978593272166,0
Transformer+GAIL+TD3,192,5950,15,376.95061728395063,0
Transformer+GAIL+TD3,192,5950,16,7.4866990907168525,0
Transformer+GAIL+TD3,192,5950,17,8.673850094665331,0
Transformer+GAIL+TD3,192,5950,18,17.028963720184404,0
Transformer+GAIL+TD3,192,5950,19,21.407715792395223,0
Transformer+GAIL+TD3,192,5950,20,23.03452596408186,0
Transformer+GAIL+TD3,192,5950,21,11.904536222071767,0
Transformer+GAIL+TD3,192,5950,22,6.218861599008818,0
Transformer+GAIL+TD3,192,5950,23,4.602422023063828,0
Transformer+GAIL+TD3,192,5950,24,14.65717019240991,0
Transformer+GAIL+TD3,192,5950,25,12.81059940937026,0
Transformer+GAIL+TD3,192,5950,26,6.593977867375826,0
Transformer+GAIL+TD3,192,5950,27,9.45885775350273,0
Transformer+GAIL+TD3,192,5950,28,3.7418026330595255,0
Transformer+GAIL+TD3,192,5950,29,8.08967747984249,0
Transformer+GAIL+TD3,192,5950,30,3.7895666131621186,0
Transformer+GAIL+TD3,192,5950,31,62.602022867194364,0
Transformer+GAIL+TD3,192,5950,32,5.348422001803426,0
Transformer+GAIL+TD3,192,5950,33,4.38554888648365,0
Transformer+GAIL+TD3,192,5950,34,6.823576648197221,0
Transformer+GAIL+TD3,192,5950,35,5.780468901375704,0
Transformer+GAIL+TD3,192,5950,36,10.21808837495112,0
Transformer+GAIL+TD3,192,5950,37,7.217576509511993,0
Transformer+GAIL+TD3,192,5950,38,13.957871855915537,0
Transformer+GAIL+TD3,192,5950,39,2.3957913940613986,0
Transformer+GAIL+TD3,192,5950,40,7.583286342618698,0
Transformer+GAIL+TD3,192,5950,41,3.769134197193203,0
Transformer+GAIL+TD3,192,5950,42,12.074998227830156,0
Transformer+GAIL+TD3,192,5950,43,3.5771358686156898,0
Transformer+GAIL+TD3,192,5950,44,4.355155391001907,0
Transformer+GAIL+TD3,192,5950,45,6.775840216773743,0
Transformer+GAIL+TD3,192,5950,46,2.6841064280668707,0
Transformer+GAIL+TD3,192,5950,47,3.9917546081328266,0
Transformer+GAIL+TD3,192,5950,48,31.8485110056107,0
Transformer+GAIL+TD3,192,5950,49,2.7274545729606157,0
Transformer+GAIL+TD3,192,5950,50,6.139473781593458,0
Transformer+GAIL+TD3,192,5950,51,3.972270784770785,0
Transformer+GAIL+TD3,192,5950,52,4.126286333273153,0
Transformer+GAIL+TD3,192,5950,53,3.295723214494721,0
Transformer+GAIL+TD3,192,5950,54,9.213047571578887,0
Transformer+GAIL+TD3,192,5950,55,2.867508913346768,0
Transformer+GAIL+TD3,192,5950,56,38.266724399220614,0
Transformer+GAIL+TD3,192,5950,57,2.5908097010565667,0
Transformer+GAIL+TD3,192,5950,58,3.2232345177190647,0
Transformer+GAIL+TD3,192,5950,59,6.228672237697308,0
Transformer+GAIL+TD3,192,5950,60,4.773770328245036,0
Transformer+GAIL+TD3,192,5950,61,7.915722252203633,0
Transformer+GAIL+TD3,192,5950,62,3.435415288670509,0
Transformer+GAIL+TD3,192,5950,63,7.122945368171022,0
Transformer+GAIL+TD3,192,5950,64,3.900542979504435,0
Transformer+GAIL+TD3,192,5950,65,4.453535877931516,0
Transformer+GAIL+TD3,192,5950,66,12.922354136245318,0
Transformer+GAIL+TD3,192,5950,67,5.2519158084538295,0
Transformer+GAIL+TD3,192,5950,68,3.479635932540442,0
Transformer+GAIL+TD3,192,5950,69,3.9339993768014327,0
Transformer+GAIL+TD3,192,5950,70,5.010929868651903,0
Transformer+GAIL+TD3,192,5950,71,5.523897544230262,0
Transformer+GAIL+TD3,192,5950,72,52.12211720226844,0
Transformer+GAIL+TD3,192,5950,73,2.8722857096934926,0
Transformer+GAIL+TD3,192,5950,74,3.5009692320382744,0
Transformer+GAIL+TD3,192,5950,75,4.594939201496578,0
Transformer+GAIL+TD3,192,5950,76,5.936880733944954,0
Transformer+GAIL+TD3,192,5950,77,107.19576719576717,0
Transformer+GAIL+TD3,192,5950,78,6.063497385007377,0
Transformer+GAIL+TD3,192,5950,79,4.342304749982613,0
Transformer+GAIL+TD3,192,5950,80,2.068256038282875,0
Transformer+GAIL+TD3,192,5950,81,5.600645539906104,0
Transformer+GAIL+TD3,192,5950,82,29.625764525993883,0
Transformer+GAIL+TD3,192,5950,83,13.337830418072006,0
Transformer+GAIL+TD3,192,5950,84,3.7530289108741646,0
Transformer+GAIL+TD3,192,5950,85,4.370019124466218,0
Transformer+GAIL+TD3,192,5950,86,4.954883800215921,0
Transformer+GAIL+TD3,192,5950,87,3.00475042641068,0
Transformer+GAIL+TD3,192,5950,88,153.13547237076648,0
Transformer+GAIL+TD3,192,5950,89,8.017592032391677,0
Transformer+GAIL+TD3,192,5950,90,4.434661832217317,0
Transformer+GAIL+TD3,192,5950,91,3.6866102852340177,0
Transformer+GAIL+TD3,192,5950,93,4.6640151268175,0
Transformer+GAIL+TD3,192,5950,94,69.80688897031881,0
Transformer+GAIL+TD3,192,5950,95,6.75678409487269,0
Transformer+GAIL+TD3,192,5950,96,9.741968356127648,0
Transformer+GAIL+TD3,192,5950,97,3.067904184748323,0
Transformer+GAIL+TD3,192,5950,98,3.4263500482160074,0
Transformer+GAIL+TD3,192,5956,5,4.065219536260484,0
Transformer+GAIL+TD3,192,5956,6,9.25088131609871,0
Transformer+GAIL+TD3,192,5956,7,131.3470588235294,0
Transformer+GAIL+TD3,192,5956,8,17.063268092853892,0
Transformer+GAIL+TD3,192,5956,9,10.67315369261477,0
Transformer+GAIL+TD3,192,5956,10,18.768364518364514,0
Transformer+GAIL+TD3,192,5956,11,5.322526796696538,0
Transformer+GAIL+TD3,192,5956,12,4.490212989350532,0
Transformer+GAIL+TD3,192,5956,13,9.416264796142046,0
Transformer+GAIL+TD3,192,5956,14,17.611565131253098,0
Transformer+GAIL+TD3,192,5956,15,20.451558786523137,0
Transformer+GAIL+TD3,192,5956,16,11.475627869295165,0
Transformer+GAIL+TD3,192,5956,17,162.26377597109305,0
Transformer+GAIL+TD3,192,5956,18,5.256822540197669,0
Transformer+GAIL+TD3,192,5956,19,41.10435992578849,0
Transformer+GAIL+TD3,192,5956,20,16.475191213963523,0
Transformer+GAIL+TD3,192,5956,21,4.553203867357398,0
Transformer+GAIL+TD3,192,5956,22,11.496162927981109,0
Transformer+GAIL+TD3,192,5956,23,13.894823637196518,0
Transformer+GAIL+TD3,192,5956,24,6.08367483794054,0
Transformer+GAIL+TD3,192,5956,25,12.71834133421619,0
Transformer+GAIL+TD3,192,5956,26,4.111787932777966,0
Transformer+GAIL+TD3,192,5956,27,3.9676177869294507,0
Transformer+GAIL+TD3,192,5956,28,10.901247267583901,0
Transformer+GAIL+TD3,192,5956,29,2.6153118656578704,0
Transformer+GAIL+TD3,192,5956,30,10.483041241607813,0
Transformer+GAIL+TD3,192,5956,31,7.3585208197624885,0
Transformer+GAIL+TD3,192,5956,32,3.8479514830943207,0
Transformer+GAIL+TD3,192,5956,33,2.9878334216569513,0
Transformer+GAIL+TD3,192,5956,34,30.720053835800808,0
Transformer+GAIL+TD3,192,5956,35,5.641369863013699,0
Transformer+GAIL+TD3,192,5956,36,8.426481598802049,0
Transformer+GAIL+TD3,192,5956,37,6.205328582418918,0
Transformer+GAIL+TD3,192,5956,38,3.292283564533896,0
Transformer+GAIL+TD3,192,5956,39,9.405067787579183,0
Transformer+GAIL+TD3,192,5956,40,4.345633299284985,0
Transformer+GAIL+TD3,192,5956,41,5.211290386208529,0
Transformer+GAIL+TD3,192,5956,42,4.877084285061672,0
Transformer+GAIL+TD3,192,5956,43,3.7984045023631943,0
Transformer+GAIL+TD3,192,5956,44,6.745253032204099,0
Transformer+GAIL+TD3,192,5956,45,2.8361909342310936,0
Transformer+GAIL+TD3,192,5956,46,4.325215802406906,0
Transformer+GAIL+TD3,192,5956,47,7.376704356501496,0
Transformer+GAIL+TD3,192,5956,48,8.411117575501136,0
Transformer+GAIL+TD3,192,5956,49,2.753318243549117,0
Transformer+GAIL+TD3,192,5956,50,4.604515192898601,0
Transformer+GAIL+TD3,192,5956,51,2.3197926931639836,0
Transformer+GAIL+TD3,192,5956,52,8.752758966641586,0
Transformer+GAIL+TD3,192,5956,53,3.349585730999738,0
Transformer+GAIL+TD3,192,5956,54,14.898659608981474,0
Transformer+GAIL+TD3,192,5956,55,2.3012195121951216,0
Transformer+GAIL+TD3,192,5956,56,2.430947147089745,0
Transformer+GAIL+TD3,192,5956,57,5.780604552992613,0
Transformer+GAIL+TD3,192,5956,58,31.4732894255397,0
Transformer+GAIL+TD3,192,5956,59,3.489976542942186,0
Transformer+GAIL+TD3,192,5956,60,113.31056910569106,0
Transformer+GAIL+TD3,192,5956,61,2.349681955138936,0
Transformer+GAIL+TD3,192,5956,62,4.909358490566038,0
Transformer+GAIL+TD3,192,5956,63,13.52029586866318,0
Transformer+GAIL+TD3,192,5956,64,5.1749827772857,0
Transformer+GAIL+TD3,192,5956,65,4.19595207253886,0
Transformer+GAIL+TD3,192,5956,66,5.355364951227716,0
Transformer+GAIL+TD3,192,5956,67,5.707292599892493,0
Transformer+GAIL+TD3,192,5956,68,4.432605235000913,0
Transformer+GAIL+TD3,192,5956,69,5.6353300646628295,0
Transformer+GAIL+TD3,192,5956,70,2.5746607331688405,0
Transformer+GAIL+TD3,192,5956,71,5.385910560344828,0
Transformer+GAIL+TD3,192,5956,72,3.54275832947942,0
Transformer+GAIL+TD3,192,5956,73,4.9466986854157895,0
Transformer+GAIL+TD3,192,5956,74,5.008796311435206,0
Transformer+GAIL+TD3,192,5956,75,5.715703342618386,0
Transformer+GAIL+TD3,192,5956,76,2.6103039134054953,0
Transformer+GAIL+TD3,192,5956,77,3.8166550197996743,0
Transformer+GAIL+TD3,192,5956,78,3.4513056835637483,0
Transformer+GAIL+TD3,192,5956,79,116.94108405341711,0
Transformer+GAIL+TD3,192,5956,80,2.439081721942934,0
Transformer+GAIL+TD3,192,5956,81,4.509150647915003,0
Transformer+GAIL+TD3,192,5956,82,4.21680324441843,0
Transformer+GAIL+TD3,192,5956,83,7.700814766189134,0
Transformer+GAIL+TD3,192,5956,84,3.5815469179426778,0
Transformer+GAIL+TD3,192,5956,85,7.346526867627784,0
Transformer+GAIL+TD3,192,5956,86,4.530513556207485,0
Transformer+GAIL+TD3,192,5956,88,7.1892798926071535,0
Transformer+GAIL+TD3,192,5956,89,4.4953271028037385,0
Transformer+GAIL+TD3,192,5956,90,3.4378680250490703,0
Transformer+GAIL+TD3,192,5956,91,4.848311047384041,0
Transformer+GAIL+TD3,192,5956,92,3.9820244010301504,0
Transformer+GAIL+TD3,192,5956,93,7.174550682961898,0
Transformer+GAIL+TD3,192,5956,94,6.349621530698066,0
Transformer+GAIL+TD3,192,5956,95,6.296940587665483,0
Transformer+GAIL+TD3,192,5956,96,2.5791950481897064,0
Transformer+GAIL+TD3,192,5956,97,5.418598888456229,0
Transformer+GAIL+TD3,192,5956,98,4.943277712537892,0
Transformer+GAIL+TD3,192,5957,5,3.9341323296355,0
Transformer+GAIL+TD3,192,5957,6,321.3825503355705,0
Transformer+GAIL+TD3,192,5957,7,46.87914558740866,0
Transformer+GAIL+TD3,192,5957,8,45.01554152501215,0
Transformer+GAIL+TD3,192,5957,9,14.15450372012031,0
Transformer+GAIL+TD3,192,5957,10,5.699725444052222,0
Transformer+GAIL+TD3,192,5957,11,6.821032964099826,0
Transformer+GAIL+TD3,192,5957,12,2.467587536138773,0
Transformer+GAIL+TD3,192,5957,13,158.10695187165774,0
Transformer+GAIL+TD3,192,5957,14,35.42301143274143,0
Transformer+GAIL+TD3,192,5957,15,37.14739884393064,0
Transformer+GAIL+TD3,192,5957,16,20.576308539944904,0
Transformer+GAIL+TD3,192,5957,17,11.082098729285002,0
Transformer+GAIL+TD3,192,5957,18,5.874765794798772,0
Transformer+GAIL+TD3,192,5957,19,21.51495485327314,0
Transformer+GAIL+TD3,192,5957,20,13.548368537848276,0
Transformer+GAIL+TD3,192,5957,21,6.977714596312246,0
Transformer+GAIL+TD3,192,5957,22,6.4908033701198535,0
Transformer+GAIL+TD3,192,5957,23,10.508302986161688,0
Transformer+GAIL+TD3,192,5957,24,3.964238474303168,0
Transformer+GAIL+TD3,192,5957,25,3.6975444325818,0
Transformer+GAIL+TD3,192,5957,26,7.264982199367088,0
Transformer+GAIL+TD3,192,5957,27,4.219566259285885,0
Transformer+GAIL+TD3,192,5957,28,11.7178729689808,0
Transformer+GAIL+TD3,192,5957,29,3.394606136564081,0
Transformer+GAIL+TD3,192,5957,30,9.456023454157782,0
Transformer+GAIL+TD3,192,5957,31,2.8560137393584606,0
Transformer+GAIL+TD3,192,5957,32,3.3328138913624215,0
Transformer+GAIL+TD3,192,5957,33,9.988466334164588,0
Transformer+GAIL+TD3,192,5957,34,28.313086504009554,0
Transformer+GAIL+TD3,192,5957,35,3.6314458740289135,0
Transformer+GAIL+TD3,192,5957,36,32.81574675324675,0
Transformer+GAIL+TD3,192,5957,37,4.9421302578018995,0
Transformer+GAIL+TD3,192,5957,38,2.749603996588278,0
Transformer+GAIL+TD3,192,5957,39,35.39557178726319,0
Transformer+GAIL+TD3,192,5957,40,3.4513664542041385,0
Transformer+GAIL+TD3,192,5957,41,9.623172777378384,0
Transformer+GAIL+TD3,192,5957,42,2.763761766364465,0
Transformer+GAIL+TD3,192,5957,43,4.706399675280747,0
Transformer+GAIL+TD3,192,5957,44,4.956892766984964,0
Transformer+GAIL+TD3,192,5957,45,49.44314108830237,0
Transformer+GAIL+TD3,192,5957,46,4.282941735144734,0
Transformer+GAIL+TD3,192,5957,47,3.5703553642272303,0
Transformer+GAIL+TD3,192,5957,48,2.5763394239702695,0
Transformer+GAIL+TD3,192,5957,49,4.302539608574091,0
Transformer+GAIL+TD3,192,5957,50,33.609625668449205,0
Transformer+GAIL+TD3,192,5957,51,8.796485961504503,0
Transformer+GAIL+TD3,192,5957,52,6.831979386608452,0
Transformer+GAIL+TD3,192,5957,53,3.0695533702468087,0
Transformer+GAIL+TD3,192,5957,54,3.4699213672299525,0
Transformer+GAIL+TD3,192,5957,55,11.822887323943661,0
Transformer+GAIL+TD3,192,5957,56,4.87047094520513,0
Transformer+GAIL+TD3,192,5957,58,2.8741441463237605,0
Transformer+GAIL+TD3,192,5957,59,5.574960029516665,0
Transformer+GAIL+TD3,192,5957,60,3.205218263923733,0
Transformer+GAIL+TD3,192,5957,61,274.73561151079144,0
Transformer+GAIL+TD3,192,5957,62,3.4097669149372094,0
Transformer+GAIL+TD3,192,5957,63,6.0016716118517275,0
Transformer+GAIL+TD3,192,5957,64,5.749276228114517,0
Transformer+GAIL+TD3,192,5957,65,5.97628562811039,0
Transformer+GAIL+TD3,192,5957,66,8.832035900723511,0
Transformer+GAIL+TD3,192,5957,67,12.009400014687523,0
Transformer+GAIL+TD3,192,5957,68,2.32857122848299,0
Transformer+GAIL+TD3,192,5957,69,5.6400954341928955,0
Transformer+GAIL+TD3,192,5957,70,5.361421349635552,0
Transformer+GAIL+TD3,192,5957,71,6.605269690414553,0
Transformer+GAIL+TD3,192,5957,72,3.859548060332833,0
Transformer+GAIL+TD3,192,5957,73,6.963538078329535,0
Transformer+GAIL+TD3,192,5957,74,5.737129384406693,0
Transformer+GAIL+TD3,192,5957,75,3.3767408370067256,0
Transformer+GAIL+TD3,192,5957,76,3.619080503065687,0
Transformer+GAIL+TD3,192,5957,77,4.5645570959889925,0
Transformer+GAIL+TD3,192,5957,78,7.5962499999999995,0
Transformer+GAIL+TD3,192,5957,79,3.4235348613779855,0
Transformer+GAIL+TD3,192,5957,80,6.000404656664385,0
Transformer+GAIL+TD3,192,5957,81,6.518163827832357,0
Transformer+GAIL+TD3,192,5957,82,2.3620051992603117,0
Transformer+GAIL+TD3,192,5957,83,10.677777777777779,0
Transformer+GAIL+TD3,192,5957,84,3.1701000791003198,0
Transformer+GAIL+TD3,192,5957,85,4.408096567189102,0
Transformer+GAIL+TD3,192,5957,86,5.578687768354565,0
Transformer+GAIL+TD3,192,5957,87,8.1345295404814,0
Transformer+GAIL+TD3,192,5957,88,2.660138248847926,0
Transformer+GAIL+TD3,192,5957,89,11.982597679690628,0
Transformer+GAIL+TD3,192,5957,90,2.426552102480799,0
Transformer+GAIL+TD3,192,5957,91,9.048458149779735,0
Transformer+GAIL+TD3,192,5957,92,3.8433063372759233,0
Transformer+GAIL+TD3,192,5957,93,8.755834921943427,0
Transformer+GAIL+TD3,192,5957,94,2.9105404845723752,0
Transformer+GAIL+TD3,192,5957,95,7.488656965064433,0
Transformer+GAIL+TD3,192,5957,96,5.80102438858926,0
Transformer+GAIL+TD3,192,5957,97,2.5736617510450532,0
Transformer+GAIL+TD3,192,5957,98,11.17281654515697,0
Transformer+GAIL+TD3,192,5959,5,3.6902104119332217,0
Transformer+GAIL+TD3,192,5959,6,7.345785253275962,0
Transformer+GAIL+TD3,192,5959,7,144.07416879795394,0
Transformer+GAIL+TD3,192,5959,8,205.06790123456787,0
Transformer+GAIL+TD3,192,5959,9,8.183231707317074,0
Transformer+GAIL+TD3,192,5959,10,7.23669259680098,0
Transformer+GAIL+TD3,192,5959,11,5.733717549854643,0
Transformer+GAIL+TD3,192,5959,12,7.661735975439575,0
Transformer+GAIL+TD3,192,5959,13,6.025265957446808,0
Transformer+GAIL+TD3,192,5959,14,21.066114457831322,0
Transformer+GAIL+TD3,192,5959,15,14.477244389027431,0
Transformer+GAIL+TD3,192,5959,16,19.92439516129032,0
Transformer+GAIL+TD3,192,5959,17,7.551034022681788,0
Transformer+GAIL+TD3,192,5959,18,10.6925173776748,0
Transformer+GAIL+TD3,192,5959,19,12.077201827635102,0
Transformer+GAIL+TD3,192,5959,20,15.686923963133644,0
Transformer+GAIL+TD3,192,5959,21,12.270404650807007,0
Transformer+GAIL+TD3,192,5959,22,13.201878270843789,0
Transformer+GAIL+TD3,192,5959,23,9.294087285656937,0
Transformer+GAIL+TD3,192,5959,24,5.760357624831309,0
Transformer+GAIL+TD3,192,5959,25,11.356450790413055,0
Transformer+GAIL+TD3,192,5959,26,6.739272463300533,0
Transformer+GAIL+TD3,192,5959,27,6.594515420294572,0
Transformer+GAIL+TD3,192,5959,28,7.142362313820576,0
Transformer+GAIL+TD3,192,5959,29,4.606372881355933,0
Transformer+GAIL+TD3,192,5959,30,3.2048520338805817,0
Transformer+GAIL+TD3,192,5959,31,4.6113963889349,0
Transformer+GAIL+TD3,192,5959,32,7.6282640537400885,0
Transformer+GAIL+TD3,192,5959,33,3.421856353052924,0
Transformer+GAIL+TD3,192,5959,34,32.47920475319927,0
Transformer+GAIL+TD3,192,5959,35,7.927517340905916,0
Transformer+GAIL+TD3,192,5959,36,4.705334949984843,0
Transformer+GAIL+TD3,192,5959,37,4.287253983130272,0
Transformer+GAIL+TD3,192,5959,38,4.4205613273375715,0
Transformer+GAIL+TD3,192,5959,39,3.722714052183513,0
Transformer+GAIL+TD3,192,5959,40,47.33451327433629,0
Transformer+GAIL+TD3,192,5959,41,3.5575018860807246,0
Transformer+GAIL+TD3,192,5959,42,3.4594151991265956,0
Transformer+GAIL+TD3,192,5959,43,7.218081828094627,0
Transformer+GAIL+TD3,192,5959,44,4.346800131276666,0
Transformer+GAIL+TD3,192,5959,45,6.717231364956437,0
Transformer+GAIL+TD3,192,5959,46,2.112367424242424,0
Transformer+GAIL+TD3,192,5959,47,4.309288310254405,0
Transformer+GAIL+TD3,192,5959,48,4.555026769779893,0
Transformer+GAIL+TD3,192,5959,49,5.193611824785105,0
Transformer+GAIL+TD3,192,5959,50,7.235168566577733,0
Transformer+GAIL+TD3,192,5959,51,3.539871616703064,0
Transformer+GAIL+TD3,192,5959,52,4.02177352086749,0
Transformer+GAIL+TD3,192,5959,53,4.85610615799295,0
Transformer+GAIL+TD3,192,5959,54,4.8899148008718045,0
Transformer+GAIL+TD3,192,5959,55,27.28754646840149,0
Transformer+GAIL+TD3,192,5959,56,2.494656855177619,0
Transformer+GAIL+TD3,192,5959,57,6.135713695346722,0
Transformer+GAIL+TD3,192,5959,58,5.578083662436256,0
Transformer+GAIL+TD3,192,5959,59,4.736363935613417,0
Transformer+GAIL+TD3,192,5959,60,3.637655912479966,0
Transformer+GAIL+TD3,192,5959,61,32.33540925266904,0
Transformer+GAIL+TD3,192,5959,62,2.603589735451415,0
Transformer+GAIL+TD3,192,5959,63,2.7014113740141137,0
Transformer+GAIL+TD3,192,5959,64,6.561043755924762,0
Transformer+GAIL+TD3,192,5959,65,2.6729297018770706,0
Transformer+GAIL+TD3,192,5959,66,7.54298150163221,0
Transformer+GAIL+TD3,192,5959,67,5.72875371158013,0
Transformer+GAIL+TD3,192,5959,68,4.04738345554672,0
Transformer+GAIL+TD3,192,5959,69,4.877407747124814,0
Transformer+GAIL+TD3,192,5959,70,5.57475174380648,0
Transformer+GAIL+TD3,192,5959,71,2.5946549346641277,0
Transformer+GAIL+TD3,192,5959,72,7.745300149540697,0
Transformer+GAIL+TD3,192,5959,74,3.9387325886084676,0
Transformer+GAIL+TD3,192,5959,75,5.18613916427314,0
Transformer+GAIL+TD3,192,5959,76,7.748309274273283,0
Transformer+GAIL+TD3,192,5959,77,5.531529340224992,0
Transformer+GAIL+TD3,192,5959,78,4.471928740938202,0
Transformer+GAIL+TD3,192,5959,79,3.1024620960968927,0
Transformer+GAIL+TD3,192,5959,80,4.434153197470133,0
Transformer+GAIL+TD3,192,5959,81,3.8767341562387134,0
Transformer+GAIL+TD3,192,5959,82,37.064314906431484,0
Transformer+GAIL+TD3,192,5959,83,2.873635919960957,0
Transformer+GAIL+TD3,192,5959,84,4.055499774085043,0
Transformer+GAIL+TD3,192,5959,85,8.247190082644627,0
Transformer+GAIL+TD3,192,5959,86,2.9165453594697346,0
Transformer+GAIL+TD3,192,5959,87,4.495170896603531,0
Transformer+GAIL+TD3,192,5959,88,8.132676071110179,0
Transformer+GAIL+TD3,192,5959,89,2.778212846491443,0
Transformer+GAIL+TD3,192,5959,90,4.0823112161962465,0
Transformer+GAIL+TD3,192,5959,91,5.026376381498157,0
Transformer+GAIL+TD3,192,5959,92,7.102093911292014,0
Transformer+GAIL+TD3,192,5959,93,3.22778848942959,0
Transformer+GAIL+TD3,192,5959,94,9.01564455569462,0
Transformer+GAIL+TD3,192,5959,95,2.4488063068646655,0
Transformer+GAIL+TD3,192,5959,96,3.346602580722363,0
Transformer+GAIL+TD3,192,5959,97,29.337983630952376,0
Transformer+GAIL+TD3,192,5959,98,3.583698928012818,0
Transformer+GAIL+TD3,192,5960,5,7.008614782183065,0
Transformer+GAIL+TD3,192,5960,6,304.69424460431657,0
Transformer+GAIL+TD3,192,5960,7,22.88260477692654,0
Transformer+GAIL+TD3,192,5960,8,9.933873986275731,0
Transformer+GAIL+TD3,192,5960,9,5.525179499876207,0
Transformer+GAIL+TD3,192,5960,10,4.570413889863206,0
Transformer+GAIL+TD3,192,5960,11,3.7886111028338156,0
Transformer+GAIL+TD3,192,5960,12,692.9340659340659,0
Transformer+GAIL+TD3,192,5960,13,759.9393939393939,0
Transformer+GAIL+TD3,192,5960,14,512.336569579288,0
Transformer+GAIL+TD3,192,5960,15,409.4547803617571,0
Transformer+GAIL+TD3,192,5960,16,6.172165958836981,0
Transformer+GAIL+TD3,192,5960,17,8.75501273594148,0
Transformer+GAIL+TD3,192,5960,18,19.931828308332094,0
Transformer+GAIL+TD3,192,5960,19,15.02276518496713,0
Transformer+GAIL+TD3,192,5960,20,20.728407514815277,0
Transformer+GAIL+TD3,192,5960,21,197.64988009592327,0
Transformer+GAIL+TD3,192,5960,22,3.1874071931347028,0
Transformer+GAIL+TD3,192,5960,23,9.670780916211724,0
Transformer+GAIL+TD3,192,5960,24,6.6424219018194295,0
Transformer+GAIL+TD3,192,5960,25,6.075130378096479,0
Transformer+GAIL+TD3,192,5960,26,36.74282238442822,0
Transformer+GAIL+TD3,192,5960,27,7.535789644538226,0
Transformer+GAIL+TD3,192,5960,28,6.9492961155257955,0
Transformer+GAIL+TD3,192,5960,29,6.850953130465199,0
Transformer+GAIL+TD3,192,5960,30,3.459324128526378,0
Transformer+GAIL+TD3,192,5960,31,6.540820884411137,0
Transformer+GAIL+TD3,192,5960,32,8.579087719298245,0
Transformer+GAIL+TD3,192,5960,33,3.38682498057498,0
Transformer+GAIL+TD3,192,5960,34,34.72423398328691,0
Transformer+GAIL+TD3,192,5960,35,7.493776279089131,0
Transformer+GAIL+TD3,192,5960,36,6.994994413407821,0
Transformer+GAIL+TD3,192,5960,37,2.846917890681435,0
Transformer+GAIL+TD3,192,5960,38,3.5184167615984276,0
Transformer+GAIL+TD3,192,5960,39,5.80855707604365,0
Transformer+GAIL+TD3,192,5960,40,43.41277712952159,0
Transformer+GAIL+TD3,192,5960,41,109.09725016767273,0
Transformer+GAIL+TD3,192,5960,42,3.840606660709542,0
Transformer+GAIL+TD3,192,5960,43,2.554440871053937,0
Transformer+GAIL+TD3,192,5960,45,41.8241685874218,0
Transformer+GAIL+TD3,192,5960,46,4.049990178746809,0
Transformer+GAIL+TD3,192,5960,47,194.09025787965615,0
Transformer+GAIL+TD3,192,5960,48,5.456573878915618,0
Transformer+GAIL+TD3,192,5960,49,4.985362359463079,0
Transformer+GAIL+TD3,192,5960,50,4.132458082080249,0
Transformer+GAIL+TD3,192,5960,51,6.013047173820654,0
Transformer+GAIL+TD3,192,5960,52,4.16638275568368,0
Transformer+GAIL+TD3,192,5960,53,5.70752214195339,0
Transformer+GAIL+TD3,192,5960,54,4.835730636509619,0
Transformer+GAIL+TD3,192,5960,55,2.7687378157534535,0
Transformer+GAIL+TD3,192,5960,56,9.650568392896947,0
Transformer+GAIL+TD3,192,5960,57,6.142528466697863,0
Transformer+GAIL+TD3,192,5960,58,5.52434988179669,0
Transformer+GAIL+TD3,192,5960,59,3.9575986138008354,0
Transformer+GAIL+TD3,192,5960,60,6.927702314056901,0
Transformer+GAIL+TD3,192,5960,61,2.353355129380806,0
Transformer+GAIL+TD3,192,5960,62,2.542805926799936,0
Transformer+GAIL+TD3,192,5960,63,28.524001794526697,0
Transformer+GAIL+TD3,192,5960,64,2.692789779139126,0
Transformer+GAIL+TD3,192,5960,65,5.243813446046024,0
Transformer+GAIL+TD3,192,5960,66,5.6104446692681975,0
Transformer+GAIL+TD3,192,5960,67,5.023175777102478,0
Transformer+GAIL+TD3,192,5960,68,4.784227060198714,0
Transformer+GAIL+TD3,192,5960,69,50.41833095577746,0
Transformer+GAIL+TD3,192,5960,70,5.054850841407446,0
Transformer+GAIL+TD3,192,5960,71,3.7388696859582273,0
Transformer+GAIL+TD3,192,5960,72,4.696132181749905,0
Transformer+GAIL+TD3,192,5960,73,3.6293321717350464,0
Transformer+GAIL+TD3,192,5960,74,5.72999207606973,0
Transformer+GAIL+TD3,192,5960,75,7.832465373961218,0
Transformer+GAIL+TD3,192,5960,76,3.037971468484105,0
Transformer+GAIL+TD3,192,5960,77,5.68656966047834,0
Transformer+GAIL+TD3,192,5960,78,5.607965290911112,0
Transformer+GAIL+TD3,192,5960,79,2.63182708058652,0
Transformer+GAIL+TD3,192,5960,80,4.289406707765397,0
Transformer+GAIL+TD3,192,5960,81,2.7599175577503883,0
Transformer+GAIL+TD3,192,5960,82,3.07437908496732,0
Transformer+GAIL+TD3,192,5960,83,6.735119646088879,0
Transformer+GAIL+TD3,192,5960,84,6.975810174499122,0
Transformer+GAIL+TD3,192,5960,85,2.6679749206090713,0
Transformer+GAIL+TD3,192,5960,86,7.137573385518591,0
Transformer+GAIL+TD3,192,5960,87,2.35669498381877,0
Transformer+GAIL+TD3,192,5960,88,2.986059762515767,0
Transformer+GAIL+TD3,192,5960,89,3.6392340224329507,0
Transformer+GAIL+TD3,192,5960,90,8.74215809284818,0
Transformer+GAIL+TD3,192,5960,91,2.4066964285714283,0
Transformer+GAIL+TD3,192,5960,92,9.083597944691414,0
Transformer+GAIL+TD3,192,5960,93,2.4178775616008292,0
Transformer+GAIL+TD3,192,5960,94,4.781146425705613,0
Transformer+GAIL+TD3,192,5960,95,2.015267312522425,0
Transformer+GAIL+TD3,192,5960,96,6.640144094040321,0
Transformer+GAIL+TD3,192,5960,97,4.508372884391512,0
Transformer+GAIL+TD3,192,5960,98,4.3580085979753145,0
Transformer+GAIL+TD3,192,5961,5,6.564342766985504,0
Transformer+GAIL+TD3,192,5961,6,254.9803921568628,0
Transformer+GAIL+TD3,192,5961,7,16.463688430698742,0
Transformer+GAIL+TD3,192,5961,8,14.148739495798319,0
Transformer+GAIL+TD3,192,5961,9,11.699812752537694,0
Transformer+GAIL+TD3,192,5961,10,3.2344996180290297,0
Transformer+GAIL+TD3,192,5961,11,4.374206020436343,0
Transformer+GAIL+TD3,192,5961,12,92.93209876543209,0
Transformer+GAIL+TD3,192,5961,13,84.04515745692217,0
Transformer+GAIL+TD3,192,5961,14,27.773085045114225,0
Transformer+GAIL+TD3,192,5961,15,10.212068735846545,0
Transformer+GAIL+TD3,192,5961,16,9.01693614688956,0
Transformer+GAIL+TD3,192,5961,17,7.381688944521436,0
Transformer+GAIL+TD3,192,5961,18,24.894713656387665,0
Transformer+GAIL+TD3,192,5961,19,18.699453551912566,0
Transformer+GAIL+TD3,192,5961,20,20.49934218394929,0
Transformer+GAIL+TD3,192,5961,21,5.427581821832541,0
Transformer+GAIL+TD3,192,5961,22,5.505355507011485,0
Transformer+GAIL+TD3,192,5961,23,14.324088674519988,0
Transformer+GAIL+TD3,192,5961,24,11.139696586599241,0
Transformer+GAIL+TD3,192,5961,25,12.516134289439375,0
Transformer+GAIL+TD3,192,5961,26,10.649881644071442,0
Transformer+GAIL+TD3,192,5961,27,7.058104104951333,0
Transformer+GAIL+TD3,192,5961,28,3.9526105013349158,0
Transformer+GAIL+TD3,192,5961,29,5.325617178417563,0
Transformer+GAIL+TD3,192,5961,30,5.337434406467167,0
Transformer+GAIL+TD3,192,5961,31,21.506947254822606,0
Transformer+GAIL+TD3,192,5961,32,5.866786873422288,0
Transformer+GAIL+TD3,192,5961,33,6.482744702320888,0
Transformer+GAIL+TD3,192,5961,34,2.8240422831221257,0
Transformer+GAIL+TD3,192,5961,35,4.271761050853001,0
Transformer+GAIL+TD3,192,5961,36,4.19703355487113,0
Transformer+GAIL+TD3,192,5961,37,16.65586690017513,0
Transformer+GAIL+TD3,192,5961,38,4.913924202807081,0
Transformer+GAIL+TD3,192,5961,39,9.184594373122096,0
Transformer+GAIL+TD3,192,5961,40,2.8215008726003497,0
Transformer+GAIL+TD3,192,5961,41,2.5638447445784163,0
Transformer+GAIL+TD3,192,5961,42,6.406614466407491,0
Transformer+GAIL+TD3,192,5961,43,4.115228630692547,0
Transformer+GAIL+TD3,192,5961,44,8.956542502387776,0
Transformer+GAIL+TD3,192,5961,45,69.42363112391931,0
Transformer+GAIL+TD3,192,5961,46,2.224319797184119,0
Transformer+GAIL+TD3,192,5961,47,2.739780188745852,0
Transformer+GAIL+TD3,192,5961,48,6.085949584047488,0
Transformer+GAIL+TD3,192,5961,49,8.498485108329046,0
Transformer+GAIL+TD3,192,5961,50,100.45952677459525,0
Transformer+GAIL+TD3,192,5961,51,2.2539689851067095,0
Transformer+GAIL+TD3,192,5961,52,4.0517898156966,0
Transformer+GAIL+TD3,192,5961,53,3.291344879106079,0
Transformer+GAIL+TD3,192,5961,54,4.568505018143777,0
Transformer+GAIL+TD3,192,5961,55,5.79910394265233,0
Transformer+GAIL+TD3,192,5961,56,31.146448406898568,0
Transformer+GAIL+TD3,192,5961,57,4.59088,0
Transformer+GAIL+TD3,192,5961,58,6.24275822064315,0
Transformer+GAIL+TD3,192,5961,59,5.642711778173492,0
Transformer+GAIL+TD3,192,5961,60,2.6030890515646368,0
Transformer+GAIL+TD3,192,5961,61,18.452166064981945,0
Transformer+GAIL+TD3,192,5961,62,6.208664096166932,0
Transformer+GAIL+TD3,192,5961,63,4.407165747610936,0
Transformer+GAIL+TD3,192,5961,64,4.7596404841006175,0
Transformer+GAIL+TD3,192,5961,65,3.1609979925437344,0
Transformer+GAIL+TD3,192,5961,66,4.287486027572258,0
Transformer+GAIL+TD3,192,5961,67,3.9953388475071976,0
Transformer+GAIL+TD3,192,5961,68,21.109793883874442,0
Transformer+GAIL+TD3,192,5961,69,3.32180963821368,0
Transformer+GAIL+TD3,192,5961,70,3.798640785525957,0
Transformer+GAIL+TD3,192,5961,71,3.7581780707303634,0
Transformer+GAIL+TD3,192,5961,72,3.3710700469336055,0
Transformer+GAIL+TD3,192,5961,73,4.353898668472128,0
Transformer+GAIL+TD3,192,5961,74,5.161971830985916,0
Transformer+GAIL+TD3,192,5961,75,4.646906111560996,0
Transformer+GAIL+TD3,192,5961,76,6.275673795861589,0
Transformer+GAIL+TD3,192,5961,77,3.0379054023491094,0
Transformer+GAIL+TD3,192,5961,78,5.025123438861458,0
Transformer+GAIL+TD3,192,5961,79,3.544809823517675,0
Transformer+GAIL+TD3,192,5961,80,5.904824079164375,0
Transformer+GAIL+TD3,192,5961,81,5.456079196876742,0
Transformer+GAIL+TD3,192,5961,82,4.5268358714043995,0
Transformer+GAIL+TD3,192,5961,83,3.75824728232411,0
Transformer+GAIL+TD3,192,5961,84,3.565437663391328,0
Transformer+GAIL+TD3,192,5961,85,5.588616094487104,0
Transformer+GAIL+TD3,192,5961,86,4.304862652910191,0
Transformer+GAIL+TD3,192,5961,87,6.694384848709034,0
Transformer+GAIL+TD3,192,5961,88,7.167641088103939,0
Transformer+GAIL+TD3,192,5961,89,2.4032904270735655,0
Transformer+GAIL+TD3,192,5961,90,6.738804304147877,0
Transformer+GAIL+TD3,192,5961,91,3.358264241081473,0
Transformer+GAIL+TD3,192,5961,92,13.819693094629159,0
Transformer+GAIL+TD3,192,5961,93,5.234298921417565,0
Transformer+GAIL+TD3,192,5961,94,3.562828503878544,0
Transformer+GAIL+TD3,192,5961,95,6.46125503742084,0
Transformer+GAIL+TD3,192,5963,5,3.4508836015401316,0
Transformer+GAIL+TD3,192,5963,6,353.88050314465414,0
Transformer+GAIL+TD3,192,5963,7,30.251991310644456,0
Transformer+GAIL+TD3,192,5963,8,37.16167932112551,0
Transformer+GAIL+TD3,192,5963,9,8.127357293868922,0
Transformer+GAIL+TD3,192,5963,10,5.830446450353744,0
Transformer+GAIL+TD3,192,5963,11,4.2926245793293605,0
Transformer+GAIL+TD3,192,5963,12,5.6253770648791,0
Transformer+GAIL+TD3,192,5963,13,213.25471698113205,0
Transformer+GAIL+TD3,192,5963,14,511.4705882352941,0
Transformer+GAIL+TD3,192,5963,15,272.0385395537525,0
Transformer+GAIL+TD3,192,5963,16,11.103247975128857,0
Transformer+GAIL+TD3,192,5963,17,5.543143029036446,0
Transformer+GAIL+TD3,192,5963,18,7.945401030169242,0
Transformer+GAIL+TD3,192,5963,19,14.402676726848108,0
Transformer+GAIL+TD3,192,5963,20,4.345245017708939,0
Transformer+GAIL+TD3,192,5963,21,42.07051851851852,0
Transformer+GAIL+TD3,192,5963,22,3.684162337109276,0
Transformer+GAIL+TD3,192,5963,23,15.728603148970528,0
Transformer+GAIL+TD3,192,5963,24,4.642924157517052,0
Transformer+GAIL+TD3,192,5963,25,11.303370082686044,0
Transformer+GAIL+TD3,192,5963,26,8.21440786660966,0
Transformer+GAIL+TD3,192,5963,27,2.995826855412814,0
Transformer+GAIL+TD3,192,5963,28,16.17271651213257,0
Transformer+GAIL+TD3,192,5963,29,3.856962025316456,0
Transformer+GAIL+TD3,192,5963,30,31.69182746878547,0
Transformer+GAIL+TD3,192,5963,31,3.778361601916637,0
Transformer+GAIL+TD3,192,5963,32,7.638115410445835,0
Transformer+GAIL+TD3,192,5963,33,4.022554234459741,0
Transformer+GAIL+TD3,192,5963,34,11.084472049689442,0
Transformer+GAIL+TD3,192,5963,35,9.460377565580066,0
Transformer+GAIL+TD3,192,5963,36,4.534766954051467,0
Transformer+GAIL+TD3,192,5963,37,3.262135922330097,0
Transformer+GAIL+TD3,192,5963,38,3.901060412087249,0
Transformer+GAIL+TD3,192,5963,39,4.472694664474668,0
Transformer+GAIL+TD3,192,5963,40,107.04626569729017,0
Transformer+GAIL+TD3,192,5963,41,4.060856908942054,0
Transformer+GAIL+TD3,192,5963,42,3.745072580435742,0
Transformer+GAIL+TD3,192,5963,43,6.827533719504461,0
Transformer+GAIL+TD3,192,5963,44,2.4995677829142706,0
Transformer+GAIL+TD3,192,5963,45,6.083092457702239,0
Transformer+GAIL+TD3,192,5963,46,15.505164903546985,0
Transformer+GAIL+TD3,192,5963,47,3.4444469046142947,0
Transformer+GAIL+TD3,192,5963,48,3.8343477904850287,0
Transformer+GAIL+TD3,192,5963,49,100.52232415902141,0
Transformer+GAIL+TD3,192,5963,50,2.5916820224355868,0
Transformer+GAIL+TD3,192,5963,51,9.34853694932849,0
Transformer+GAIL+TD3,192,5963,52,2.9881446354475396,0
Transformer+GAIL+TD3,192,5963,53,8.191878425510712,0
Transformer+GAIL+TD3,192,5963,54,2.690430265645589,0
Transformer+GAIL+TD3,192,5963,55,67.07373271889401,0
Transformer+GAIL+TD3,192,5963,56,2.5452270289595993,0
Transformer+GAIL+TD3,192,5963,57,3.1584322156530367,0
Transformer+GAIL+TD3,192,5963,58,5.137067395264117,0
Transformer+GAIL+TD3,192,5963,59,5.586783996052469,0
Transformer+GAIL+TD3,192,5963,60,3.925456401490872,0
Transformer+GAIL+TD3,192,5963,61,128.39125560538116,0
Transformer+GAIL+TD3,192,5963,62,2.3894952846664337,0
Transformer+GAIL+TD3,192,5963,63,3.3405630906718335,0
Transformer+GAIL+TD3,192,5963,64,25.454404728398536,0
Transformer+GAIL+TD3,192,5963,65,7.10180070530225,0
Transformer+GAIL+TD3,192,5963,66,13.028865346230615,0
Transformer+GAIL+TD3,192,5963,67,2.514271111182099,0
Transformer+GAIL+TD3,192,5963,68,2.5016864612931586,0
Transformer+GAIL+TD3,192,5963,69,4.77018306334782,0
Transformer+GAIL+TD3,192,5963,70,5.0867989543726235,0
Transformer+GAIL+TD3,192,5963,71,3.720188169352417,0
Transformer+GAIL+TD3,192,5963,72,53.31747088186356,0
Transformer+GAIL+TD3,192,5963,73,5.577179236043095,0
Transformer+GAIL+TD3,192,5963,74,3.0370773169140164,0
Transformer+GAIL+TD3,192,5963,75,2.983299516154206,0
Transformer+GAIL+TD3,192,5963,76,3.6907554081987675,0
Transformer+GAIL+TD3,192,5963,77,5.670765809777298,0
Transformer+GAIL+TD3,192,5963,78,5.158543263964949,0
Transformer+GAIL+TD3,192,5963,79,7.116683800851813,0
Transformer+GAIL+TD3,192,5963,80,4.6067753001715275,0
Transformer+GAIL+TD3,192,5963,81,2.1098315593175188,0
Transformer+GAIL+TD3,192,5963,82,4.333454173944567,0
Transformer+GAIL+TD3,192,5963,83,9.61373070782331,0
Transformer+GAIL+TD3,192,5963,84,4.904637085877965,0
Transformer+GAIL+TD3,192,5963,85,14.004436325678494,0
Transformer+GAIL+TD3,192,5963,86,4.577018488181606,0
Transformer+GAIL+TD3,192,5963,87,4.469603403320982,0
Transformer+GAIL+TD3,192,5963,88,2.4670914003817646,0
Transformer+GAIL+TD3,192,5963,89,17.476874319104684,0
Transformer+GAIL+TD3,192,5963,90,8.768020188116543,0
Transformer+GAIL+TD3,192,5963,91,2.7769031001460798,0
Transformer+GAIL+TD3,192,5963,92,2.4088564823048197,0
Transformer+GAIL+TD3,192,5970,5,2.851617370659808,0
Transformer+GAIL+TD3,192,5970,6,9.075920245398775,0
Transformer+GAIL+TD3,192,5970,7,76.04722222222223,0
Transformer+GAIL+TD3,192,5970,8,10.249260355029588,0
Transformer+GAIL+TD3,192,5970,9,11.154301075268815,0
Transformer+GAIL+TD3,192,5970,10,7.516694409086458,0
Transformer+GAIL+TD3,192,5970,11,10.83357649020425,0
Transformer+GAIL+TD3,192,5970,12,16.422135638621697,0
Transformer+GAIL+TD3,192,5970,13,6.3162745907277476,0
Transformer+GAIL+TD3,192,5970,14,78.64539877300612,0
Transformer+GAIL+TD3,192,5970,15,25.03335217637083,0
Transformer+GAIL+TD3,192,5970,16,21.56762780331523,0
Transformer+GAIL+TD3,192,5970,17,44.12562962962962,0
Transformer+GAIL+TD3,192,5970,18,29.40549102428722,0
Transformer+GAIL+TD3,192,5970,19,15.742768091945067,0
Transformer+GAIL+TD3,192,5970,20,10.302135054617677,0
Transformer+GAIL+TD3,192,5970,21,7.072514960106383,0
Transformer+GAIL+TD3,192,5970,22,9.025873443864379,0
Transformer+GAIL+TD3,192,5970,23,8.400578001926672,0
Transformer+GAIL+TD3,192,5970,24,14.77891051385027,0
Transformer+GAIL+TD3,192,5970,25,6.483453681893655,0
Transformer+GAIL+TD3,192,5970,26,5.436960698689956,0
Transformer+GAIL+TD3,192,5970,27,6.019512023625368,0
Transformer+GAIL+TD3,192,5970,28,4.732030540513269,0
Transformer+GAIL+TD3,192,5970,29,14.044292623013744,0
Transformer+GAIL+TD3,192,5970,30,10.000542168674698,0
Transformer+GAIL+TD3,192,5970,31,5.387256031333312,0
Transformer+GAIL+TD3,192,5970,32,3.154615610451705,0
Transformer+GAIL+TD3,192,5970,33,15.902182866556837,0
Transformer+GAIL+TD3,192,5970,34,3.3410735500594013,0
Transformer+GAIL+TD3,192,5970,36,203.28193832599118,0
Transformer+GAIL+TD3,192,5970,37,6.395046713472275,0
Transformer+GAIL+TD3,192,5970,38,4.085058058654857,0
Transformer+GAIL+TD3,192,5970,39,209.402560455192,0
Transformer+GAIL+TD3,192,5970,40,4.299589072958932,0
Transformer+GAIL+TD3,192,5970,41,3.8952291861552855,0
Transformer+GAIL+TD3,192,5970,42,29.33979097629365,0
Transformer+GAIL+TD3,192,5970,43,3.2274317846234752,0
Transformer+GAIL+TD3,192,5970,44,6.467593797642508,0
Transformer+GAIL+TD3,192,5970,45,6.544905263849211,0
Transformer+GAIL+TD3,192,5970,46,4.981833435513536,0
Transformer+GAIL+TD3,192,5970,47,4.948868861504505,0
Transformer+GAIL+TD3,192,5970,48,3.111035175879397,0
Transformer+GAIL+TD3,192,5970,49,5.049893637594276,0
Transformer+GAIL+TD3,192,5970,50,3.915560026827632,0
Transformer+GAIL+TD3,192,5970,51,40.14173228346457,0
Transformer+GAIL+TD3,192,5970,52,5.095502325036145,0
Transformer+GAIL+TD3,192,5970,53,2.3153011506962917,0
Transformer+GAIL+TD3,192,5970,54,7.267603850050658,0
Transformer+GAIL+TD3,192,5970,55,2.2549538452179996,0
Transformer+GAIL+TD3,192,5970,56,9.029418524477132,0
Transformer+GAIL+TD3,192,5970,57,5.520336070269239,0
Transformer+GAIL+TD3,192,5970,58,5.971991658829783,0
Transformer+GAIL+TD3,192,5970,59,3.129328123304027,0
Transformer+GAIL+TD3,192,5970,60,84.58483228001944,0
Transformer+GAIL+TD3,192,5970,61,2.426564400795182,0
Transformer+GAIL+TD3,192,5970,62,9.407567370277999,0
Transformer+GAIL+TD3,192,5970,63,3.3703528342266242,0
Transformer+GAIL+TD3,192,5970,64,4.444366341563424,0
Transformer+GAIL+TD3,192,5970,65,5.848654393148502,0
Transformer+GAIL+TD3,192,5970,66,7.776062445793581,0
Transformer+GAIL+TD3,192,5970,67,3.3161390561274033,0
Transformer+GAIL+TD3,192,5970,68,3.7058451816745657,0
Transformer+GAIL+TD3,192,5970,69,7.6852244268927,0
Transformer+GAIL+TD3,192,5970,70,3.015802888700085,0
Transformer+GAIL+TD3,192,5970,71,31.44328429046037,0
Transformer+GAIL+TD3,192,5970,72,2.5865970676287713,0
Transformer+GAIL+TD3,192,5970,73,6.931772038339866,0
Transformer+GAIL+TD3,192,5970,74,8.444372886813715,0
Transformer+GAIL+TD3,192,5970,75,2.3786350328423413,0
Transformer+GAIL+TD3,192,5970,76,5.042924073308531,0
Transformer+GAIL+TD3,192,5970,77,18.630948491778287,0
Transformer+GAIL+TD3,192,5970,78,5.238152847447624,0
Transformer+GAIL+TD3,192,5970,79,3.006303193730513,0
Transformer+GAIL+TD3,192,5970,80,6.540596627756162,0
Transformer+GAIL+TD3,192,5970,81,5.589322266775089,0
Transformer+GAIL+TD3,192,5970,82,3.761103158698349,0
Transformer+GAIL+TD3,192,5970,83,5.5596639599898845,0
Transformer+GAIL+TD3,192,5970,84,7.077854184260264,0
Transformer+GAIL+TD3,192,5970,85,4.140596141278095,0
Transformer+GAIL+TD3,192,5970,86,2.1214562375598476,0
Transformer+GAIL+TD3,192,5970,87,17.23604247713174,0
Transformer+GAIL+TD3,192,5970,88,2.6833368771706008,0
Transformer+GAIL+TD3,192,5970,89,92.06205128205129,0
Transformer+GAIL+TD3,192,5970,90,6.414103333047725,0
Transformer+GAIL+TD3,192,5970,91,2.9168231525461166,0
Transformer+GAIL+TD3,192,5970,92,3.0636498879536,0
Transformer+GAIL+TD3,192,5970,93,6.557877927608234,0
Transformer+GAIL+TD3,192,5970,94,3.109972025936646,0
Transformer+GAIL+TD3,192,5970,95,145.11433756805806,0
Transformer+GAIL+TD3,192,5970,96,4.075234413189352,0
Transformer+GAIL+TD3,192,5970,97,5.753863550697323,0
Transformer+GAIL+TD3,192,5970,98,2.376676946298682,0
Transformer+GAIL+TD3,192,5972,5,2.8123644251626896,0
Transformer+GAIL+TD3,192,5972,6,12.510157148332693,0
Transformer+GAIL+TD3,192,5972,7,277.7743902439024,0
Transformer+GAIL+TD3,192,5972,8,9.0687802960828,0
Transformer+GAIL+TD3,192,5972,9,9.526425109623816,0
Transformer+GAIL+TD3,192,5972,10,28.605398018448923,0
Transformer+GAIL+TD3,192,5972,11,10.923942738498525,0
Transformer+GAIL+TD3,192,5972,12,7.433935929815233,0
Transformer+GAIL+TD3,192,5972,13,6.22858487605899,0
Transformer+GAIL+TD3,192,5972,14,256.0506329113924,0
Transformer+GAIL+TD3,192,5972,15,146.29422222222223,0
Transformer+GAIL+TD3,192,5972,16,13.135905175587132,0
Transformer+GAIL+TD3,192,5972,17,8.818159363730674,0
Transformer+GAIL+TD3,192,5972,18,6.9417370698537,0
Transformer+GAIL+TD3,192,5972,19,11.646474930007635,0
Transformer+GAIL+TD3,192,5972,20,13.587770061728397,0
Transformer+GAIL+TD3,192,5972,21,13.901495417269656,0
Transformer+GAIL+TD3,192,5972,22,12.051137197358768,0
Transformer+GAIL+TD3,192,5972,23,3.7632121136899586,0
Transformer+GAIL+TD3,192,5972,24,9.10527235653947,0
Transformer+GAIL+TD3,192,5972,25,5.142677514792899,0
Transformer+GAIL+TD3,192,5972,26,11.606121627064036,0
Transformer+GAIL+TD3,192,5972,27,4.087828471088383,0
Transformer+GAIL+TD3,192,5972,28,12.187161385650958,0
Transformer+GAIL+TD3,192,5972,29,3.1771287653364855,0
Transformer+GAIL+TD3,192,5972,30,6.253176382660687,0
Transformer+GAIL+TD3,192,5972,31,7.9488367196547,0
Transformer+GAIL+TD3,192,5972,32,4.783080317975169,0
Transformer+GAIL+TD3,192,5972,33,4.681347300190983,0
Transformer+GAIL+TD3,192,5972,34,4.906295004320414,0
Transformer+GAIL+TD3,192,5972,35,7.245887303929605,0
Transformer+GAIL+TD3,192,5972,36,3.628148863337137,0
Transformer+GAIL+TD3,192,5972,37,6.2255348202093765,0
Transformer+GAIL+TD3,192,5972,38,7.074878575283324,0
Transformer+GAIL+TD3,192,5972,39,2.4866747835497836,0
Transformer+GAIL+TD3,192,5972,40,30.15773286467487,0
Transformer+GAIL+TD3,192,5972,41,4.228266965787998,0
Transformer+GAIL+TD3,192,5972,42,2.4960044672943984,0
Transformer+GAIL+TD3,192,5972,43,82.61280298321941,0
Transformer+GAIL+TD3,192,5972,44,2.5231822013587,0
Transformer+GAIL+TD3,192,5972,45,4.3944061044717495,0
Transformer+GAIL+TD3,192,5972,46,40.596779003877124,0
Transformer+GAIL+TD3,192,5972,47,3.347411064691733,0
Transformer+GAIL+TD3,192,5972,48,3.8036171853620915,0
Transformer+GAIL+TD3,192,5972,49,23.297764070932928,0
Transformer+GAIL+TD3,192,5972,50,2.5801911957665857,0
Transformer+GAIL+TD3,192,5972,51,5.469977412473334,0
Transformer+GAIL+TD3,192,5972,52,7.191499109188087,0
Transformer+GAIL+TD3,192,5972,53,3.55791494211505,0
Transformer+GAIL+TD3,192,5972,54,5.623629251938255,0
Transformer+GAIL+TD3,192,5972,55,4.615416355055832,0
Transformer+GAIL+TD3,192,5972,56,3.429633806788144,0
Transformer+GAIL+TD3,192,5972,57,10.461839849808177,0
Transformer+GAIL+TD3,192,5972,58,2.811640315238142,0
Transformer+GAIL+TD3,192,5972,59,5.008962827850808,0
Transformer+GAIL+TD3,192,5972,60,3.8278939055160106,0
Transformer+GAIL+TD3,192,5972,61,3.7886999930985295,0
Transformer+GAIL+TD3,192,5972,62,10.233549700903653,0
Transformer+GAIL+TD3,192,5972,63,4.868203479359246,0
Transformer+GAIL+TD3,192,5972,64,5.477295465547846,0
Transformer+GAIL+TD3,192,5972,65,3.3658990830032045,0
Transformer+GAIL+TD3,192,5972,66,4.069143088584157,0
Transformer+GAIL+TD3,192,5972,67,8.347852588147036,0
Transformer+GAIL+TD3,192,5972,68,3.3258962802266643,0
Transformer+GAIL+TD3,192,5972,69,10.989465948064673,0
Transformer+GAIL+TD3,192,5972,70,3.376598775772187,0
Transformer+GAIL+TD3,192,5972,71,4.5011816978634895,0
Transformer+GAIL+TD3,192,5972,72,6.189273248781837,0
Transformer+GAIL+TD3,192,5972,73,4.515038713519951,0
Transformer+GAIL+TD3,192,5972,74,4.827578044867581,0
Transformer+GAIL+TD3,192,5972,75,5.393798716185236,0
Transformer+GAIL+TD3,192,5972,76,3.4867953323035117,0
Transformer+GAIL+TD3,192,5972,77,5.943756053572025,0
Transformer+GAIL+TD3,192,5972,78,5.051709294898497,0
Transformer+GAIL+TD3,192,5972,79,4.288034688855034,0
Transformer+GAIL+TD3,192,5972,80,4.969830060856585,0
Transformer+GAIL+TD3,192,5972,81,4.406328733559855,0
Transformer+GAIL+TD3,192,5972,82,8.097780101725531,0
Transformer+GAIL+TD3,192,5972,83,3.351751253608875,0
Transformer+GAIL+TD3,192,5972,84,4.9726692209450825,0
Transformer+GAIL+TD3,192,5972,85,8.008911434055388,0
Transformer+GAIL+TD3,192,5972,86,2.872018922217033,0
Transformer+GAIL+TD3,192,5972,87,6.663649624116393,0
Transformer+GAIL+TD3,192,5972,88,10.281122776944503,0
Transformer+GAIL+TD3,192,5972,89,5.126767987349556,0
Transformer+GAIL+TD3,192,5972,90,2.423855841764831,0
Transformer+GAIL+TD3,192,5972,91,3.3306957122768552,0
Transformer+GAIL+TD3,192,5972,92,3.1024140744721076,0
Transformer+GAIL+TD3,192,5972,93,5.833125881669572,0
Transformer+GAIL+TD3,192,5972,94,71.28741418764302,0
Transformer+GAIL+TD3,192,5972,95,4.533516955215338,0
Transformer+GAIL+TD3,192,5972,96,3.1878867206092343,0
Transformer+GAIL+TD3,192,5974,5,4.977397798742138,0
Transformer+GAIL+TD3,192,5974,6,14.414261135538139,0
Transformer+GAIL+TD3,192,5974,7,30.221504559270517,0
Transformer+GAIL+TD3,192,5974,8,11.006383533090151,0
Transformer+GAIL+TD3,192,5974,9,7.917945955651315,0
Transformer+GAIL+TD3,192,5974,10,3.5761816422003547,0
Transformer+GAIL+TD3,192,5974,11,2.4129935187336997,0
Transformer+GAIL+TD3,192,5974,12,39.064634146341454,0
Transformer+GAIL+TD3,192,5974,13,437.77238805970154,0
Transformer+GAIL+TD3,192,5974,14,561.1480144404333,0
Transformer+GAIL+TD3,192,5974,15,524.4659863945578,0
Transformer+GAIL+TD3,192,5974,16,9.676681516896664,0
Transformer+GAIL+TD3,192,5974,17,15.520741394527803,0
Transformer+GAIL+TD3,192,5974,18,7.294955733992177,0
Transformer+GAIL+TD3,192,5974,19,29.84718553139606,0
Transformer+GAIL+TD3,192,5974,20,11.116024618190107,0
Transformer+GAIL+TD3,192,5974,21,12.586468593573388,0
Transformer+GAIL+TD3,192,5974,22,9.591825759612801,0
Transformer+GAIL+TD3,192,5974,23,3.5315831307275105,0
Transformer+GAIL+TD3,192,5974,24,9.594210646910563,0
Transformer+GAIL+TD3,192,5974,25,9.604804434862952,0
Transformer+GAIL+TD3,192,5974,26,4.783595983775517,0
Transformer+GAIL+TD3,192,5974,27,14.197694013303769,0
Transformer+GAIL+TD3,192,5974,28,6.441190824792582,0
Transformer+GAIL+TD3,192,5974,29,4.3879184861717615,0
Transformer+GAIL+TD3,192,5974,30,9.110860226897238,0
Transformer+GAIL+TD3,192,5974,31,4.845939675174015,0
Transformer+GAIL+TD3,192,5974,32,9.347005208333332,0
Transformer+GAIL+TD3,192,5974,33,19.283953310788696,0
Transformer+GAIL+TD3,192,5974,34,10.268031755252204,0
Transformer+GAIL+TD3,192,5974,35,11.469044488275259,0
Transformer+GAIL+TD3,192,5974,36,3.4233569499354126,0
Transformer+GAIL+TD3,192,5974,37,4.183745670460168,0
Transformer+GAIL+TD3,192,5974,38,4.610178613475058,0
Transformer+GAIL+TD3,192,5974,39,2.13380341107696,0
Transformer+GAIL+TD3,192,5974,40,8.35978195033313,0
Transformer+GAIL+TD3,192,5974,41,2.534323720749587,0
Transformer+GAIL+TD3,192,5974,42,140.00836320191155,0
Transformer+GAIL+TD3,192,5974,43,120.94238358326757,0
Transformer+GAIL+TD3,192,5974,44,4.30436674098646,0
Transformer+GAIL+TD3,192,5974,45,2.842677056212186,0
Transformer+GAIL+TD3,192,5974,46,5.8416948478217625,0
Transformer+GAIL+TD3,192,5974,47,3.636948015651202,0
Transformer+GAIL+TD3,192,5974,48,4.181663245148545,0
Transformer+GAIL+TD3,192,5974,49,157.588785046729,0
Transformer+GAIL+TD3,192,5974,50,5.698242732796848,0
Transformer+GAIL+TD3,192,5974,51,2.268625207483925,0
Transformer+GAIL+TD3,192,5974,52,2.8796463330438082,0
Transformer+GAIL+TD3,192,5974,53,10.719262295081966,0
Transformer+GAIL+TD3,192,5974,54,3.807430136986301,0
Transformer+GAIL+TD3,192,5974,55,146.50432276657062,0
Transformer+GAIL+TD3,192,5974,56,2.7208289220195434,0
Transformer+GAIL+TD3,192,5974,57,2.5876328859335875,0
Transformer+GAIL+TD3,192,5974,58,6.689233419465978,0
Transformer+GAIL+TD3,192,5974,59,4.379328040571135,0
Transformer+GAIL+TD3,192,5974,60,130.24722932651324,0
Transformer+GAIL+TD3,192,5974,61,2.372673902549169,0
Transformer+GAIL+TD3,192,5974,62,4.926362297496319,0
Transformer+GAIL+TD3,192,5974,63,3.1766303816764063,0
Transformer+GAIL+TD3,192,5974,64,4.415073519269497,0
Transformer+GAIL+TD3,192,5974,65,3.851573543635147,0
Transformer+GAIL+TD3,192,5974,66,89.45817245817246,0
Transformer+GAIL+TD3,192,5974,67,6.093914488872473,0
Transformer+GAIL+TD3,192,5974,68,3.365326129432353,0
Transformer+GAIL+TD3,192,5974,69,2.629435727451557,0
Transformer+GAIL+TD3,192,5974,70,3.4412880669063743,0
Transformer+GAIL+TD3,192,5974,71,8.22070109935698,0
Transformer+GAIL+TD3,192,5974,72,4.189173941445454,0
Transformer+GAIL+TD3,192,5974,73,105.7249834327369,0
Transformer+GAIL+TD3,192,5974,74,3.240726863994005,0
Transformer+GAIL+TD3,192,5974,75,3.629425664087808,0
Transformer+GAIL+TD3,192,5974,76,3.3432718492939153,0
Transformer+GAIL+TD3,192,5974,77,2.627874901483127,0
Transformer+GAIL+TD3,192,5974,78,157.47529644268772,0
Transformer+GAIL+TD3,192,5974,79,3.882133701439559,0
Transformer+GAIL+TD3,192,5974,80,5.3204793572255396,0
Transformer+GAIL+TD3,192,5974,81,8.260496850944714,0
Transformer+GAIL+TD3,192,5974,82,2.535355321720164,0
Transformer+GAIL+TD3,192,5974,83,5.27756590946775,0
Transformer+GAIL+TD3,192,5974,84,30.80364082634486,0
Transformer+GAIL+TD3,192,5974,85,2.3058599450862047,0
Transformer+GAIL+TD3,192,5974,86,3.278042836193899,0
Transformer+GAIL+TD3,192,5974,87,6.0975648575521255,0
Transformer+GAIL+TD3,192,5974,88,4.041176874957037,0
Transformer+GAIL+TD3,192,5974,89,12.239662226865152,0
Transformer+GAIL+TD3,192,5974,90,5.976163105220448,0
Transformer+GAIL+TD3,192,5974,91,4.425371139781811,0
Transformer+GAIL+TD3,192,5974,92,2.677029606706269,0
Transformer+GAIL+TD3,192,5974,93,9.479422066549914,0
Transformer+GAIL+TD3,192,5974,94,5.539152501409813,0
Transformer+GAIL+TD3,192,5974,95,3.2909646783321413,0
Transformer+GAIL+TD3,192,5974,96,11.58936416184971,0
Transformer+GAIL+TD3,192,5974,97,2.1343665576567608,0
Transformer+GAIL+TD3,192,5974,98,13.020747458092883,0
Transformer+GAIL+TD3,192,5975,5,7.222549308213129,0
Transformer+GAIL+TD3,192,5975,6,274.969696969697,0
Transformer+GAIL+TD3,192,5975,7,28.99129526462396,0
Transformer+GAIL+TD3,192,5975,8,10.965624192297751,0
Transformer+GAIL+TD3,192,5975,9,6.704026809936698,0
Transformer+GAIL+TD3,192,5975,10,3.517882739572771,0
Transformer+GAIL+TD3,192,5975,11,4.941816539377514,0
Transformer+GAIL+TD3,192,5975,12,231.5727272727273,0
Transformer+GAIL+TD3,192,5975,13,75.31489568170792,0
Transformer+GAIL+TD3,192,5975,14,465.9650793650793,0
Transformer+GAIL+TD3,192,5975,15,545.4490445859873,0
Transformer+GAIL+TD3,192,5975,16,6.489591450517644,0
Transformer+GAIL+TD3,192,5975,17,14.490137894920581,0
Transformer+GAIL+TD3,192,5975,18,15.528576347047686,0
Transformer+GAIL+TD3,192,5975,19,24.879084967320267,0
Transformer+GAIL+TD3,192,5975,20,6.031612334801762,0
Transformer+GAIL+TD3,192,5975,21,7.232539304430682,0
Transformer+GAIL+TD3,192,5975,22,11.807161867892573,0
Transformer+GAIL+TD3,192,5975,23,4.399743155682681,0
Transformer+GAIL+TD3,192,5975,24,17.27457397584923,0
Transformer+GAIL+TD3,192,5975,25,10.245851499967463,0
Transformer+GAIL+TD3,192,5975,26,7.546516968614443,0
Transformer+GAIL+TD3,192,5975,27,7.979082187716347,0
Transformer+GAIL+TD3,192,5975,28,3.952503618655087,0
Transformer+GAIL+TD3,192,5975,29,4.727275298376605,0
Transformer+GAIL+TD3,192,5975,30,5.1360636063606355,0
Transformer+GAIL+TD3,192,5975,31,46.209470053308245,0
Transformer+GAIL+TD3,192,5975,32,3.3224901696593054,0
Transformer+GAIL+TD3,192,5975,33,13.94607628233231,0
Transformer+GAIL+TD3,192,5975,34,9.590592640262098,0
Transformer+GAIL+TD3,192,5975,35,4.075742400721118,0
Transformer+GAIL+TD3,192,5975,36,9.758374020665382,0
Transformer+GAIL+TD3,192,5975,37,4.4454750318429745,0
Transformer+GAIL+TD3,192,5975,38,3.5025366331024186,0
Transformer+GAIL+TD3,192,5975,39,9.309691932762608,0
Transformer+GAIL+TD3,192,5975,40,10.869094345108298,0
Transformer+GAIL+TD3,192,5975,41,3.127073430982636,0
Transformer+GAIL+TD3,192,5975,42,8.24902396540333,0
Transformer+GAIL+TD3,192,5975,43,3.013385081408557,0
Transformer+GAIL+TD3,192,5975,44,6.234906856529796,0
Transformer+GAIL+TD3,192,5975,45,8.290630107136373,0
Transformer+GAIL+TD3,192,5975,46,6.778370079747537,0
Transformer+GAIL+TD3,192,5975,47,5.591296161581583,0
Transformer+GAIL+TD3,192,5975,48,2.882186157719896,0
Transformer+GAIL+TD3,192,5975,49,9.795961876097318,0
Transformer+GAIL+TD3,192,5975,50,2.8623402163225173,0
Transformer+GAIL+TD3,192,5975,51,198.38939393939395,0
Transformer+GAIL+TD3,192,5975,52,2.591337058383562,0
Transformer+GAIL+TD3,192,5975,53,2.2563711794090255,0
Transformer+GAIL+TD3,192,5975,54,5.374096858098343,0
Transformer+GAIL+TD3,192,5975,55,88.27180783817953,0
Transformer+GAIL+TD3,192,5975,56,8.242318003712105,0
Transformer+GAIL+TD3,192,5975,57,3.533451183029644,0
Transformer+GAIL+TD3,192,5975,58,3.0319493715236723,0
Transformer+GAIL+TD3,192,5975,59,5.577376093294459,0
Transformer+GAIL+TD3,192,5975,60,6.639744589588613,0
Transformer+GAIL+TD3,192,5975,61,67.30214592274679,0
Transformer+GAIL+TD3,192,5975,62,9.189752667551755,0
Transformer+GAIL+TD3,192,5975,63,3.0033017829628,0
Transformer+GAIL+TD3,192,5975,64,2.8909881290754056,0
Transformer+GAIL+TD3,192,5975,65,7.933143740956942,0
Transformer+GAIL+TD3,192,5975,66,10.402229447282862,0
Transformer+GAIL+TD3,192,5975,67,2.3114884550716828,0
Transformer+GAIL+TD3,192,5975,68,3.3592645981520426,0
Transformer+GAIL+TD3,192,5975,69,2.927801756662944,0
Transformer+GAIL+TD3,192,5975,70,4.635741066646263,0
Transformer+GAIL+TD3,192,5975,71,63.67223807582551,0
Transformer+GAIL+TD3,192,5975,72,4.021269932405981,0
Transformer+GAIL+TD3,192,5975,73,5.119834293220169,0
Transformer+GAIL+TD3,192,5975,74,5.15704160651004,0
Transformer+GAIL+TD3,192,5975,75,2.8446696696696705,0
Transformer+GAIL+TD3,192,5975,76,4.448732665280923,0
Transformer+GAIL+TD3,192,5975,77,3.7472945380296068,0
Transformer+GAIL+TD3,192,5975,78,5.468696603103001,0
Transformer+GAIL+TD3,192,5975,79,3.5233160621761668,0
Transformer+GAIL+TD3,192,5975,80,6.123805700521879,0
Transformer+GAIL+TD3,192,5975,81,4.552676621613645,0
Transformer+GAIL+TD3,192,5975,82,2.372898884260203,0
Transformer+GAIL+TD3,192,5975,83,8.198682919994397,0
Transformer+GAIL+TD3,192,5975,84,2.9227252689839833,0
Transformer+GAIL+TD3,192,5975,85,5.598500118567703,0
Transformer+GAIL+TD3,192,5975,86,4.193869768328725,0
Transformer+GAIL+TD3,192,5975,87,7.232895350645312,0
Transformer+GAIL+TD3,192,5975,88,2.8424847394650703,0
Transformer+GAIL+TD3,192,5975,89,5.050043003217278,0
Transformer+GAIL+TD3,192,5975,90,3.4811376279166906,0
Transformer+GAIL+TD3,192,5975,91,5.8064424533064125,0
Transformer+GAIL+TD3,192,5975,92,4.604789245203753,0
Transformer+GAIL+TD3,192,5975,93,3.8050866091715325,0
Transformer+GAIL+TD3,192,5975,94,7.718496110630943,0
Transformer+GAIL+TD3,192,5975,95,4.689121562530366,0
Transformer+GAIL+TD3,192,5975,96,2.4688059404627727,0
Transformer+GAIL+TD3,192,5975,97,22.52843026081322,0
Transformer+GAIL+TD3,192,5975,98,4.908311197874996,0
Transformer+GAIL+TD3,192,5979,5,4.217615042058387,0
Transformer+GAIL+TD3,192,5979,6,333.96969696969694,0
Transformer+GAIL+TD3,192,5979,7,52.81266318537859,0
Transformer+GAIL+TD3,192,5979,8,20.964990787049228,0
Transformer+GAIL+TD3,192,5979,9,19.737214443625646,0
Transformer+GAIL+TD3,192,5979,10,6.4567159241288055,0
Transformer+GAIL+TD3,192,5979,11,4.30121573897553,0
Transformer+GAIL+TD3,192,5979,12,10.072266244057051,0
Transformer+GAIL+TD3,192,5979,13,17.22028175573408,0
Transformer+GAIL+TD3,192,5979,14,16.890687780666507,0
Transformer+GAIL+TD3,192,5979,15,536.7551020408163,0
Transformer+GAIL+TD3,192,5979,16,9.272569832402235,0
Transformer+GAIL+TD3,192,5979,17,10.480519480519478,0
Transformer+GAIL+TD3,192,5979,18,12.245715945396457,0
Transformer+GAIL+TD3,192,5979,19,17.06609071274298,0
Transformer+GAIL+TD3,192,5979,20,14.9262088884748,0
Transformer+GAIL+TD3,192,5979,21,11.434983134852345,0
Transformer+GAIL+TD3,192,5979,22,11.30575436587461,0
Transformer+GAIL+TD3,192,5979,23,5.209037148364754,0
Transformer+GAIL+TD3,192,5979,24,12.990832632464254,0
Transformer+GAIL+TD3,192,5979,25,14.013970007892661,0
Transformer+GAIL+TD3,192,5979,26,5.854054461225566,0
Transformer+GAIL+TD3,192,5979,27,14.538487565555743,0
Transformer+GAIL+TD3,192,5979,28,7.839710884353741,0
Transformer+GAIL+TD3,192,5979,29,5.135786114289155,0
Transformer+GAIL+TD3,192,5979,30,4.881822635962764,0
Transformer+GAIL+TD3,192,5979,31,8.123663525850706,0
Transformer+GAIL+TD3,192,5979,32,3.9203889003507326,0
Transformer+GAIL+TD3,192,5979,33,119.54645354645358,0
Transformer+GAIL+TD3,192,5979,34,6.78114494284891,0
Transformer+GAIL+TD3,192,5979,35,11.364388809084069,0
Transformer+GAIL+TD3,192,5979,36,3.358264655574561,0
Transformer+GAIL+TD3,192,5979,37,5.979085380856972,0
Transformer+GAIL+TD3,192,5979,38,2.766493778147745,0
Transformer+GAIL+TD3,192,5979,39,4.602344291439419,0
Transformer+GAIL+TD3,192,5979,40,10.805079082200933,0
Transformer+GAIL+TD3,192,5979,41,3.9654966509164553,0
Transformer+GAIL+TD3,192,5979,42,4.555177955162148,0
Transformer+GAIL+TD3,192,5979,43,6.578844564645781,0
Transformer+GAIL+TD3,192,5979,44,2.7385232965072395,0
Transformer+GAIL+TD3,192,5979,45,5.172325503729268,0
Transformer+GAIL+TD3,192,5979,46,4.246724203099409,0
Transformer+GAIL+TD3,192,5979,47,2.9729096447432455,0
Transformer+GAIL+TD3,192,5979,48,29.266581018146777,0
Transformer+GAIL+TD3,192,5979,49,3.3423407646100762,0
Transformer+GAIL+TD3,192,5979,50,5.200950287672119,0
Transformer+GAIL+TD3,192,5979,51,3.5082421276252456,0
Transformer+GAIL+TD3,192,5979,52,2.3543856640658496,0
Transformer+GAIL+TD3,192,5979,53,8.375349820092524,0
Transformer+GAIL+TD3,192,5979,54,3.6866430506355488,0
Transformer+GAIL+TD3,192,5979,55,10.137854844132764,0
Transformer+GAIL+TD3,192,5979,56,4.363468203940161,0
Transformer+GAIL+TD3,192,5979,57,4.546535752195311,0
Transformer+GAIL+TD3,192,5979,58,4.501979310193994,0
Transformer+GAIL+TD3,192,5979,59,7.333020216459057,0
Transformer+GAIL+TD3,192,5979,60,3.3102706027060274,0
Transformer+GAIL+TD3,192,5979,61,2.062585148079059,0
Transformer+GAIL+TD3,192,5979,62,212.92636229749633,0
Transformer+GAIL+TD3,192,5979,63,6.817140874392783,0
Transformer+GAIL+TD3,192,5979,64,27.627473806752036,0
Transformer+GAIL+TD3,192,5979,65,3.1494885541114517,0
Transformer+GAIL+TD3,192,5979,66,4.827765883354401,0
Transformer+GAIL+TD3,192,5979,67,5.192847144856742,0
Transformer+GAIL+TD3,192,5979,68,5.800817386896464,0
Transformer+GAIL+TD3,192,5979,69,5.5997688634773874,0
Transformer+GAIL+TD3,192,5979,70,11.390192284435845,0
Transformer+GAIL+TD3,192,5979,71,3.4124554005838466,0
Transformer+GAIL+TD3,192,5979,72,7.241659538066724,0
Transformer+GAIL+TD3,192,5979,73,3.811459082041277,0
Transformer+GAIL+TD3,192,5979,74,5.2512283947048966,0
Transformer+GAIL+TD3,192,5979,75,8.636443623245787,0
Transformer+GAIL+TD3,192,5979,76,5.283319058371616,0
Transformer+GAIL+TD3,192,5979,77,4.943369793631123,0
Transformer+GAIL+TD3,192,5979,78,4.06004287036586,0
Transformer+GAIL+TD3,192,5979,79,3.7585277323767268,0
Transformer+GAIL+TD3,192,5979,80,5.972300613496932,0
Transformer+GAIL+TD3,192,5979,81,14.83116991179897,0
Transformer+GAIL+TD3,192,5979,82,4.341354238211402,0
Transformer+GAIL+TD3,192,5979,83,4.105022200749994,0
Transformer+GAIL+TD3,192,5979,84,3.756992798312975,0
Transformer+GAIL+TD3,192,5979,85,4.527061143035753,0
Transformer+GAIL+TD3,192,5979,86,59.9375191424196,0
Transformer+GAIL+TD3,192,5979,87,10.603041240163304,0
Transformer+GAIL+TD3,192,5979,88,2.4399593613052906,0
Transformer+GAIL+TD3,192,5979,89,2.625036157288459,0
Transformer+GAIL+TD3,192,5979,90,3.652764982136036,0
Transformer+GAIL+TD3,192,5979,91,9.831030415367763,0
Transformer+GAIL+TD3,192,5979,92,146.9322033898305,0
Transformer+GAIL+TD3,192,5979,93,8.757596410518543,0
Transformer+GAIL+TD3,192,5979,94,2.075850104094379,0
Transformer+GAIL+TD3,192,5979,95,3.4066795015776252,0
Transformer+GAIL+TD3,192,5979,96,2.0724205115449985,0
Transformer+GAIL+TD3,192,5979,97,194.4735576923077,0
Transformer+GAIL+TD3,192,5979,98,13.926279721731907,0
Transformer+GAIL+TD3,192,5980,5,3.494286840031521,0
Transformer+GAIL+TD3,192,5980,6,269.660606060606,0
Transformer+GAIL+TD3,192,5980,7,31.344843897824024,0
Transformer+GAIL+TD3,192,5980,8,11.302474563497048,0
Transformer+GAIL+TD3,192,5980,9,8.666666666666666,0
Transformer+GAIL+TD3,192,5980,10,8.525789755488132,0
Transformer+GAIL+TD3,192,5980,11,8.293634339245951,0
Transformer+GAIL+TD3,192,5980,12,3.1162848127315135,0
Transformer+GAIL+TD3,192,5980,13,4.548328627697026,0
Transformer+GAIL+TD3,192,5980,14,43.331045241809676,0
Transformer+GAIL+TD3,192,5980,15,577.5719178082192,0
Transformer+GAIL+TD3,192,5980,16,20.962230215827333,0
Transformer+GAIL+TD3,192,5980,17,14.706287425149702,0
Transformer+GAIL+TD3,192,5980,18,6.100743524797776,0
Transformer+GAIL+TD3,192,5980,19,11.04802938268117,0
Transformer+GAIL+TD3,192,5980,20,25.325354902608115,0
Transformer+GAIL+TD3,192,5980,21,179.71193415637865,0
Transformer+GAIL+TD3,192,5980,22,11.871737828356293,0
Transformer+GAIL+TD3,192,5980,23,3.6663543592210885,0
Transformer+GAIL+TD3,192,5980,24,7.421333070205733,0
Transformer+GAIL+TD3,192,5980,25,9.428588283877056,0
Transformer+GAIL+TD3,192,5980,26,13.372207621550592,0
Transformer+GAIL+TD3,192,5980,27,13.390496575342468,0
Transformer+GAIL+TD3,192,5980,28,5.724988949462208,0
Transformer+GAIL+TD3,192,5980,29,3.4958014978440124,0
Transformer+GAIL+TD3,192,5980,30,4.251711200121685,0
Transformer+GAIL+TD3,192,5980,31,7.132425221176803,0
Transformer+GAIL+TD3,192,5980,32,6.319420671494405,0
Transformer+GAIL+TD3,192,5980,33,78.29318332230312,0
Transformer+GAIL+TD3,192,5980,34,3.4913716125012977,0
Transformer+GAIL+TD3,192,5980,35,8.893240465859787,0
Transformer+GAIL+TD3,192,5980,36,3.590288315629742,0
Transformer+GAIL+TD3,192,5980,37,3.264906415352621,0
Transformer+GAIL+TD3,192,5980,38,7.04859067099027,0
Transformer+GAIL+TD3,192,5980,39,3.9856397186757175,0
Transformer+GAIL+TD3,192,5980,40,7.14365191833307,0
Transformer+GAIL+TD3,192,5980,41,5.759444350330341,0
Transformer+GAIL+TD3,192,5980,42,4.935939268828661,0
Transformer+GAIL+TD3,192,5980,43,2.765860563476363,0
Transformer+GAIL+TD3,192,5980,44,3.6808417360806667,0
Transformer+GAIL+TD3,192,5980,45,15.241285403050108,0
Transformer+GAIL+TD3,192,5980,46,3.7096012012542503,0
Transformer+GAIL+TD3,192,5980,47,81.71509167842031,0
Transformer+GAIL+TD3,192,5980,48,8.38611750660868,0
Transformer+GAIL+TD3,192,5980,49,3.1444822745389116,0
Transformer+GAIL+TD3,192,5980,50,5.595439953905671,0
Transformer+GAIL+TD3,192,5980,51,4.263866187207148,0
Transformer+GAIL+TD3,192,5980,52,5.697224294295473,0
Transformer+GAIL+TD3,192,5980,53,9.549931152055604,0
Transformer+GAIL+TD3,192,5980,54,4.0433854365230655,0
Transformer+GAIL+TD3,192,5980,55,8.711836938228512,0
Transformer+GAIL+TD3,192,5980,57,4.020955199229235,0
Transformer+GAIL+TD3,192,5980,58,12.096180136710895,0
Transformer+GAIL+TD3,192,5980,59,4.356212804328223,0
Transformer+GAIL+TD3,192,5980,60,8.105748833262622,0
Transformer+GAIL+TD3,192,5980,61,4.649599356495375,0
Transformer+GAIL+TD3,192,5980,62,3.4439654279022527,0
Transformer+GAIL+TD3,192,5980,63,3.97406460366331,0
Transformer+GAIL+TD3,192,5980,64,105.48600000000002,0
Transformer+GAIL+TD3,192,5980,65,2.7186579816186307,0
Transformer+GAIL+TD3,192,5980,66,55.80467163168585,0
Transformer+GAIL+TD3,192,5980,67,2.755952007035618,0
Transformer+GAIL+TD3,192,5980,68,4.694959017623923,0
Transformer+GAIL+TD3,192,5980,69,3.845607667080587,0
Transformer+GAIL+TD3,192,5980,70,2.5875561003578555,0
Transformer+GAIL+TD3,192,5980,71,4.4408128550165555,0
Transformer+GAIL+TD3,192,5980,72,112.18187919463088,0
Transformer+GAIL+TD3,192,5980,73,4.578934734483769,0
Transformer+GAIL+TD3,192,5980,74,2.1731191719962895,0
Transformer+GAIL+TD3,192,5980,75,2.6182155149589623,0
Transformer+GAIL+TD3,192,5980,76,4.204828049736754,0
Transformer+GAIL+TD3,192,5980,77,5.795050088391279,0
Transformer+GAIL+TD3,192,5980,78,156.08584169453732,0
Transformer+GAIL+TD3,192,5980,79,4.420385507566553,0
Transformer+GAIL+TD3,192,5980,80,2.6273915763822573,0
Transformer+GAIL+TD3,192,5980,81,5.366896968324083,0
Transformer+GAIL+TD3,192,5980,82,3.787773451983685,0
Transformer+GAIL+TD3,192,5980,83,5.324333600274568,0
Transformer+GAIL+TD3,192,5980,84,7.879520562099606,0
Transformer+GAIL+TD3,192,5980,85,7.527559534685428,0
Transformer+GAIL+TD3,192,5980,86,2.862826525722749,0
Transformer+GAIL+TD3,192,5980,87,3.1014470008474837,0
Transformer+GAIL+TD3,192,5980,88,5.279975801572897,0
Transformer+GAIL+TD3,192,5980,89,2.955487363376202,0
Transformer+GAIL+TD3,192,5980,90,2.4275357998783815,0
Transformer+GAIL+TD3,192,5980,91,133.44077134986225,0
Transformer+GAIL+TD3,192,5980,92,6.237058223833257,0
Transformer+GAIL+TD3,192,5980,93,4.133324272900244,0
Transformer+GAIL+TD3,192,5980,94,2.9938801766403564,0
Transformer+GAIL+TD3,192,5980,95,3.3226585486147724,0
Transformer+GAIL+TD3,192,5980,96,8.615361925550113,0
Transformer+GAIL+TD3,192,5980,97,2.823934517122139,0
Transformer+GAIL+TD3,192,5980,98,149.53611111111107,0
Transformer+GAIL+TD3,192,5984,5,6.053937432578209,0
Transformer+GAIL+TD3,192,5984,6,15.67739492616433,0
Transformer+GAIL+TD3,192,5984,7,75.28703703703704,0
Transformer+GAIL+TD3,192,5984,8,11.718765133171912,0
Transformer+GAIL+TD3,192,5984,9,6.041239025596637,0
Transformer+GAIL+TD3,192,5984,10,2.9491248980616023,0
Transformer+GAIL+TD3,192,5984,11,4.138302497463891,0
Transformer+GAIL+TD3,192,5984,12,17.54189208948677,0
Transformer+GAIL+TD3,192,5984,13,732.126168224299,0
Transformer+GAIL+TD3,192,5984,14,616.1309523809523,0
Transformer+GAIL+TD3,192,5984,15,578.2077922077922,0
Transformer+GAIL+TD3,192,5984,16,68.81025854879066,0
Transformer+GAIL+TD3,192,5984,17,4.221005025125629,0
Transformer+GAIL+TD3,192,5984,18,21.176664378860668,0
Transformer+GAIL+TD3,192,5984,19,23.536669049320942,0
Transformer+GAIL+TD3,192,5984,20,20.643047958275027,0
Transformer+GAIL+TD3,192,5984,21,8.049151265345921,0
Transformer+GAIL+TD3,192,5984,22,8.397797398651855,0
Transformer+GAIL+TD3,192,5984,23,3.526536538151315,0
Transformer+GAIL+TD3,192,5984,24,5.565665468845344,0
Transformer+GAIL+TD3,192,5984,25,9.883729070649322,0
Transformer+GAIL+TD3,192,5984,26,7.613642589717834,0
Transformer+GAIL+TD3,192,5984,27,21.70558588828223,0
Transformer+GAIL+TD3,192,5984,28,4.532954362632059,0
Transformer+GAIL+TD3,192,5984,29,2.6451556701569765,0
Transformer+GAIL+TD3,192,5984,30,2.1975316717908466,0
Transformer+GAIL+TD3,192,5984,31,56.68645833333333,0
Transformer+GAIL+TD3,192,5984,32,6.141899130986865,0
Transformer+GAIL+TD3,192,5984,33,9.919093178036604,0
Transformer+GAIL+TD3,192,5984,34,10.068519508284341,0
Transformer+GAIL+TD3,192,5984,35,4.368419510766076,0
Transformer+GAIL+TD3,192,5984,36,4.501890964100774,0
Transformer+GAIL+TD3,192,5984,37,4.881421249373771,0
Transformer+GAIL+TD3,192,5984,38,9.711903627577758,0
Transformer+GAIL+TD3,192,5984,39,3.542540073982737,0
Transformer+GAIL+TD3,192,5984,40,106.66241560390097,0
Transformer+GAIL+TD3,192,5984,41,2.8731919952446994,0
Transformer+GAIL+TD3,192,5984,42,4.930867301131263,0
Transformer+GAIL+TD3,192,5984,43,2.3725903733196674,0
Transformer+GAIL+TD3,192,5984,44,4.463081218111221,0
Transformer+GAIL+TD3,192,5984,45,3.809207391327368,0
Transformer+GAIL+TD3,192,5984,46,52.80541331382591,0
Transformer+GAIL+TD3,192,5984,47,2.3023192887514496,0
Transformer+GAIL+TD3,192,5984,49,3.0833860159312176,0
Transformer+GAIL+TD3,192,5984,50,13.36492890995261,0
Transformer+GAIL+TD3,192,5984,51,7.3128193482457124,0
Transformer+GAIL+TD3,192,5984,52,5.7933475283420615,0
Transformer+GAIL+TD3,192,5984,53,4.600986309436184,0
Transformer+GAIL+TD3,192,5984,54,8.358201714193305,0
Transformer+GAIL+TD3,192,5984,55,2.8883868452760653,0
Transformer+GAIL+TD3,192,5984,56,4.871137498313318,0
Transformer+GAIL+TD3,192,5984,57,32.72535804549283,0
Transformer+GAIL+TD3,192,5984,58,3.861768581328388,0
Transformer+GAIL+TD3,192,5984,59,13.982324495581123,0
Transformer+GAIL+TD3,192,5984,60,11.39108271596547,0
Transformer+GAIL+TD3,192,5984,61,2.4517918594992287,0
Transformer+GAIL+TD3,192,5984,62,5.14556331006979,0
Transformer+GAIL+TD3,192,5984,63,8.135631534331731,0
Transformer+GAIL+TD3,192,5984,64,5.4606417001960175,0
Transformer+GAIL+TD3,192,5984,65,4.923200602079913,0
Transformer+GAIL+TD3,192,5984,66,13.248927038626608,0
Transformer+GAIL+TD3,192,5984,67,2.7441949071820164,0
Transformer+GAIL+TD3,192,5984,68,2.8543588307088976,0
Transformer+GAIL+TD3,192,5984,69,12.615014960558527,0
Transformer+GAIL+TD3,192,5984,70,7.275589860538549,0
Transformer+GAIL+TD3,192,5984,71,3.5919985582987928,0
Transformer+GAIL+TD3,192,5984,72,8.142021937086094,0
Transformer+GAIL+TD3,192,5984,73,2.582121331236897,0
Transformer+GAIL+TD3,192,5984,74,4.016926232279294,0
Transformer+GAIL+TD3,192,5984,75,130.94590163934427,0
Transformer+GAIL+TD3,192,5984,76,5.871823806373789,0
Transformer+GAIL+TD3,192,5984,77,3.254345817486409,0
Transformer+GAIL+TD3,192,5984,78,7.459460958296363,0
Transformer+GAIL+TD3,192,5984,79,3.264500112841345,0
Transformer+GAIL+TD3,192,5984,80,4.165574569479042,0
Transformer+GAIL+TD3,192,5984,81,9.983486110139248,0
Transformer+GAIL+TD3,192,5984,82,4.194355710943984,0
Transformer+GAIL+TD3,192,5984,83,3.4134559735427867,0
Transformer+GAIL+TD3,192,5984,84,3.235288272846959,0
Transformer+GAIL+TD3,192,5984,85,3.415948431954806,0
Transformer+GAIL+TD3,192,5984,86,5.119919737322144,0
Transformer+GAIL+TD3,192,5984,87,3.345181147681576,0
Transformer+GAIL+TD3,192,5984,88,8.886626219994724,0
Transformer+GAIL+TD3,192,5984,89,2.704918883392715,0
Transformer+GAIL+TD3,192,5984,90,3.4333314106631287,0
Transformer+GAIL+TD3,192,5984,91,5.703047051645552,0
Transformer+GAIL+TD3,192,5984,92,2.715757575757576,0
Transformer+GAIL+TD3,192,5984,93,5.077974038290557,0
Transformer+GAIL+TD3,192,5984,94,8.074151769427216,0
Transformer+GAIL+TD3,192,5984,95,2.9137348383930446,0
Transformer+GAIL+TD3,192,5984,96,6.122950819672131,0
Transformer+GAIL+TD3,192,5984,97,5.559300144522002,0
Transformer+GAIL+TD3,192,5984,98,2.5276727488307755,0
Transformer+GAIL+TD3,192,5988,5,4.3568538438764435,0
Transformer+GAIL+TD3,192,5988,6,344.89473684210526,0
Transformer+GAIL+TD3,192,5988,7,28.32421396488362,0
Transformer+GAIL+TD3,192,5988,8,15.165489597251383,0
Transformer+GAIL+TD3,192,5988,9,10.307225318471337,0
Transformer+GAIL+TD3,192,5988,10,6.147992562495696,0
Transformer+GAIL+TD3,192,5988,11,3.2478436737850216,0
Transformer+GAIL+TD3,192,5988,12,9.340881797907016,0
Transformer+GAIL+TD3,192,5988,13,11.059231094212084,0
Transformer+GAIL+TD3,192,5988,14,63.44922059518185,0
Transformer+GAIL+TD3,192,5988,15,563.187265917603,0
Transformer+GAIL+TD3,192,5988,16,13.98173875054609,0
Transformer+GAIL+TD3,192,5988,17,10.313443246670891,0
Transformer+GAIL+TD3,192,5988,18,14.558172606879388,0
Transformer+GAIL+TD3,192,5988,19,15.810505905164815,0
Transformer+GAIL+TD3,192,5988,20,12.63270920901796,0
Transformer+GAIL+TD3,192,5988,21,22.469093315684976,0
Transformer+GAIL+TD3,192,5988,22,12.985917537746804,0
Transformer+GAIL+TD3,192,5988,23,6.571189688207631,0
Transformer+GAIL+TD3,192,5988,24,5.744389864649964,0
Transformer+GAIL+TD3,192,5988,25,7.831151192481122,0
Transformer+GAIL+TD3,192,5988,26,12.679818715009333,0
Transformer+GAIL+TD3,192,5988,27,6.074912476129852,0
Transformer+GAIL+TD3,192,5988,28,7.155835484732485,0
Transformer+GAIL+TD3,192,5988,29,7.037071699682838,0
Transformer+GAIL+TD3,192,5988,30,6.2905110762253615,0
Transformer+GAIL+TD3,192,5988,31,6.874323852730762,0
Transformer+GAIL+TD3,192,5988,32,3.7816747040771594,0
Transformer+GAIL+TD3,192,5988,33,4.220269396248699,0
Transformer+GAIL+TD3,192,5988,34,4.582472593625246,0
Transformer+GAIL+TD3,192,5988,35,4.185110497237569,0
Transformer+GAIL+TD3,192,5988,36,4.2760523523169445,0
Transformer+GAIL+TD3,192,5988,37,12.430573738929535,0
Transformer+GAIL+TD3,192,5988,38,7.177904105120917,0
Transformer+GAIL+TD3,192,5988,39,4.612203975799481,0
Transformer+GAIL+TD3,192,5988,40,2.902014904775049,0
Transformer+GAIL+TD3,192,5988,41,5.208490125952418,0
Transformer+GAIL+TD3,192,5988,42,3.6523168769385044,0
Transformer+GAIL+TD3,192,5988,43,186.24848484848482,0
Transformer+GAIL+TD3,192,5988,44,4.763654305993092,0
Transformer+GAIL+TD3,192,5988,45,2.3160607841491054,0
Transformer+GAIL+TD3,192,5988,46,8.931395958301787,0
Transformer+GAIL+TD3,192,5988,47,3.347167716369623,0
Transformer+GAIL+TD3,192,5988,48,6.762555406449512,0
Transformer+GAIL+TD3,192,5988,49,10.927901284927595,0
Transformer+GAIL+TD3,192,5988,50,3.254960981047937,0
Transformer+GAIL+TD3,192,5988,51,7.701349565873916,0
Transformer+GAIL+TD3,192,5988,52,5.181225699980421,0
Transformer+GAIL+TD3,192,5988,53,2.4980129081486666,0
Transformer+GAIL+TD3,192,5988,54,10.335862294012072,0
Transformer+GAIL+TD3,192,5988,55,3.0409444171175606,0
Transformer+GAIL+TD3,192,5988,56,8.74425641025641,0
Transformer+GAIL+TD3,192,5988,57,3.445336976749665,0
Transformer+GAIL+TD3,192,5988,58,3.6735652397700957,0
Transformer+GAIL+TD3,192,5988,59,3.6643463288648386,0
Transformer+GAIL+TD3,192,5988,60,3.8437507480908724,0
Transformer+GAIL+TD3,192,5988,61,4.631518547271069,0
Transformer+GAIL+TD3,192,5988,62,9.870187718740059,0
Transformer+GAIL+TD3,192,5988,63,4.812006624344465,0
Transformer+GAIL+TD3,192,5988,64,2.1782808358503356,0
Transformer+GAIL+TD3,192,5988,65,2.709419664628428,0
Transformer+GAIL+TD3,192,5988,66,10.053124268663705,0
Transformer+GAIL+TD3,192,5988,67,2.9492399815753108,0
Transformer+GAIL+TD3,192,5988,68,192.7269624573379,0
Transformer+GAIL+TD3,192,5988,69,4.6703784938979815,0
Transformer+GAIL+TD3,192,5988,70,3.3390458174356343,0
Transformer+GAIL+TD3,192,5988,71,3.6581569596786645,0
Transformer+GAIL+TD3,192,5988,72,17.734334763948496,0
Transformer+GAIL+TD3,192,5988,73,3.1167424282007072,0
Transformer+GAIL+TD3,192,5988,74,126.89760348583876,0
Transformer+GAIL+TD3,192,5988,75,2.8114136243460655,0
Transformer+GAIL+TD3,192,5988,76,4.825407399815518,0
Transformer+GAIL+TD3,192,5988,77,5.556638509854884,0
Transformer+GAIL+TD3,192,5988,78,7.948850496531084,0
Transformer+GAIL+TD3,192,5988,79,3.721458625525947,0
Transformer+GAIL+TD3,192,5988,80,11.968768531330303,0
Transformer+GAIL+TD3,192,5988,81,2.814589754026865,0
Transformer+GAIL+TD3,192,5988,82,5.812417118746232,0
Transformer+GAIL+TD3,192,5988,83,5.972868507955569,0
Transformer+GAIL+TD3,192,5988,84,3.994598942771777,0
Transformer+GAIL+TD3,192,5988,85,6.32765306122449,0
Transformer+GAIL+TD3,192,5988,86,7.547510309049793,0
Transformer+GAIL+TD3,192,5988,87,2.340494923857868,0
Transformer+GAIL+TD3,192,5988,88,19.629982228992127,0
Transformer+GAIL+TD3,192,5988,89,6.407226338705981,0
Transformer+GAIL+TD3,192,5988,90,2.660906163313458,0
Transformer+GAIL+TD3,192,5988,91,22.47443259502325,0
Transformer+GAIL+TD3,192,5988,92,6.413434504251211,0
Transformer+GAIL+TD3,192,5988,93,4.496759405627569,0
Transformer+GAIL+TD3,192,5988,94,5.018914747450292,0
Transformer+GAIL+TD3,192,5988,95,4.812211140841644,0
Transformer+GAIL+TD3,192,5988,96,2.708252141206326,0
Transformer+GAIL+TD3,192,5988,97,11.328931644359466,0
Transformer+GAIL+TD3,192,5988,98,6.656722200697404,0
Transformer+GAIL+TD3,192,5989,5,4.074358217763352,0
Transformer+GAIL+TD3,192,5989,6,16.293783169067474,0
Transformer+GAIL+TD3,192,5989,7,9.775620073062875,0
Transformer+GAIL+TD3,192,5989,8,17.962647624279047,0
Transformer+GAIL+TD3,192,5989,9,7.379882207067576,0
Transformer+GAIL+TD3,192,5989,10,26.817041522491348,0
Transformer+GAIL+TD3,192,5989,11,6.240098099325566,0
Transformer+GAIL+TD3,192,5989,12,9.712577135950124,0
Transformer+GAIL+TD3,192,5989,13,13.673327839582475,0
Transformer+GAIL+TD3,192,5989,14,3.8765815660317893,0
Transformer+GAIL+TD3,192,5989,15,2.485058236272878,0
Transformer+GAIL+TD3,192,5989,16,12.838741887169244,0
Transformer+GAIL+TD3,192,5989,17,11.078663065496286,0
Transformer+GAIL+TD3,192,5989,18,508.2567049808428,0
Transformer+GAIL+TD3,192,5989,19,38.6241059602649,0
Transformer+GAIL+TD3,192,5989,20,128.30905695611577,0
Transformer+GAIL+TD3,192,5989,21,6.591681430181994,0
Transformer+GAIL+TD3,192,5989,22,42.13811533052039,0
Transformer+GAIL+TD3,192,5989,23,3.0514355643415234,0
Transformer+GAIL+TD3,192,5989,24,8.321270502473313,0
Transformer+GAIL+TD3,192,5989,25,14.143811432388585,0
Transformer+GAIL+TD3,192,5989,26,4.072027520963234,0
Transformer+GAIL+TD3,192,5989,27,7.482309333932383,0
Transformer+GAIL+TD3,192,5989,28,3.6662453352594193,0
Transformer+GAIL+TD3,192,5989,29,3.5068044917081878,0
Transformer+GAIL+TD3,192,5989,30,5.283294483294483,0
Transformer+GAIL+TD3,192,5989,31,3.771573475339166,0
Transformer+GAIL+TD3,192,5989,32,6.76865514776979,0
Transformer+GAIL+TD3,192,5989,33,3.051578807796488,0
Transformer+GAIL+TD3,192,5989,34,8.814174726494372,0
Transformer+GAIL+TD3,192,5989,35,3.1047174777725783,0
Transformer+GAIL+TD3,192,5989,36,5.757553588411735,0
Transformer+GAIL+TD3,192,5989,37,3.0606155288236208,0
Transformer+GAIL+TD3,192,5989,38,35.32584269662922,0
Transformer+GAIL+TD3,192,5989,39,3.2321858150145166,0
Transformer+GAIL+TD3,192,5989,40,9.223125,0
Transformer+GAIL+TD3,192,5989,41,5.527543382579686,0
Transformer+GAIL+TD3,192,5989,42,6.169634207449475,0
Transformer+GAIL+TD3,192,5989,43,3.049005182010108,0
Transformer+GAIL+TD3,192,5989,44,2.7200432123503684,0
Transformer+GAIL+TD3,192,5989,45,5.421107495972454,0
Transformer+GAIL+TD3,192,5989,46,3.7952446636897115,0
Transformer+GAIL+TD3,192,5989,47,28.73951828724353,0
Transformer+GAIL+TD3,192,5989,48,4.940551621319419,0
Transformer+GAIL+TD3,192,5989,49,2.6843106807940567,0
Transformer+GAIL+TD3,192,5989,50,7.272715826583288,0
Transformer+GAIL+TD3,192,5989,51,4.211758087201125,0
Transformer+GAIL+TD3,192,5989,52,6.7307104232705575,0
Transformer+GAIL+TD3,192,5989,53,9.699205448354142,0
Transformer+GAIL+TD3,192,5989,54,2.8028123045121984,0
Transformer+GAIL+TD3,192,5989,55,5.428397183567113,0
Transformer+GAIL+TD3,192,5989,56,4.220833111666755,0
Transformer+GAIL+TD3,192,5989,57,3.760285060012634,0
Transformer+GAIL+TD3,192,5989,58,20.031675874769796,0
Transformer+GAIL+TD3,192,5989,59,7.238519885198851,0
Transformer+GAIL+TD3,192,5989,60,2.8184763325019926,0
Transformer+GAIL+TD3,192,5989,61,34.16563612516395,0
Transformer+GAIL+TD3,192,5989,62,5.449900553674138,0
Transformer+GAIL+TD3,192,5989,63,8.489310593322125,0
Transformer+GAIL+TD3,192,5989,64,7.083051045438617,0
Transformer+GAIL+TD3,192,5989,65,2.7185626748368183,0
Transformer+GAIL+TD3,192,5989,66,5.971542581119395,0
Transformer+GAIL+TD3,192,5989,67,5.851228028991461,0
Transformer+GAIL+TD3,192,5989,68,12.354734189367575,0
Transformer+GAIL+TD3,192,5989,69,6.642743634280648,0
Transformer+GAIL+TD3,192,5989,70,3.866098160821214,0
Transformer+GAIL+TD3,192,5989,71,2.6224825108440077,0
Transformer+GAIL+TD3,192,5989,72,4.253215299816269,0
Transformer+GAIL+TD3,192,5989,73,11.537663862257878,0
Transformer+GAIL+TD3,192,5989,74,117.75772134522992,0
Transformer+GAIL+TD3,192,5989,75,7.299485300532147,0
Transformer+GAIL+TD3,192,5989,76,2.6767839628091954,0
Transformer+GAIL+TD3,192,5989,77,2.6947426458664423,0
Transformer+GAIL+TD3,192,5989,78,4.599621454467904,0
Transformer+GAIL+TD3,192,5989,79,95.59655728886497,0
Transformer+GAIL+TD3,192,5989,80,64.78777353247655,0
Transformer+GAIL+TD3,192,5989,81,2.990541006202619,0
Transformer+GAIL+TD3,192,5989,82,3.8957275012031443,0
Transformer+GAIL+TD3,192,5989,83,2.0181786603369423,0
Transformer+GAIL+TD3,192,5989,84,36.26366091834615,0
Transformer+GAIL+TD3,192,5989,85,132.43890274314217,0
Transformer+GAIL+TD3,192,5989,86,46.70782505206783,0
Transformer+GAIL+TD3,192,5989,87,4.359882704896182,0
Transformer+GAIL+TD3,192,5989,89,2.1570947450952436,0
Transformer+GAIL+TD3,192,5989,90,157.89976133651552,0
Transformer+GAIL+TD3,192,5989,91,30.08859661800838,0
Transformer+GAIL+TD3,192,5989,92,7.974427594409755,0
Transformer+GAIL+TD3,192,5989,93,3.2687425427548713,0
Transformer+GAIL+TD3,192,5989,94,5.428514746726623,0
Transformer+GAIL+TD3,192,5989,95,9.569927620826522,0
Transformer+GAIL+TD3,192,5989,96,2.442018369301854,0
Transformer+GAIL+TD3,192,5989,97,163.67391304347822,0
Transformer+GAIL+TD3,192,5990,5,4.039057106223494,0
Transformer+GAIL+TD3,192,5990,6,377.58333333333326,0
Transformer+GAIL+TD3,192,5990,7,44.82346609257266,0
Transformer+GAIL+TD3,192,5990,8,10.244042365401588,0
Transformer+GAIL+TD3,192,5990,9,16.610573904307422,0
Transformer+GAIL+TD3,192,5990,10,7.845683255430299,0
Transformer+GAIL+TD3,192,5990,11,4.26033324722294,0
Transformer+GAIL+TD3,192,5990,12,11.098475874595277,0
Transformer+GAIL+TD3,192,5990,13,11.249532575866532,0
Transformer+GAIL+TD3,192,5990,14,30.835118592195865,0
Transformer+GAIL+TD3,192,5990,15,13.630255599034218,0
Transformer+GAIL+TD3,192,5990,16,13.910941086457536,0
Transformer+GAIL+TD3,192,5990,17,4.140459582905501,0
Transformer+GAIL+TD3,192,5990,18,18.828698704103672,0
Transformer+GAIL+TD3,192,5990,19,10.58716660224198,0
Transformer+GAIL+TD3,192,5990,20,12.52172568424308,0
Transformer+GAIL+TD3,192,5990,21,8.184723452727502,0
Transformer+GAIL+TD3,192,5990,22,297.9154013015184,0
Transformer+GAIL+TD3,192,5990,23,5.959724011804314,0
Transformer+GAIL+TD3,192,5990,24,4.533271017117486,0
Transformer+GAIL+TD3,192,5990,25,15.448320542210704,0
Transformer+GAIL+TD3,192,5990,26,6.761212682249478,0
Transformer+GAIL+TD3,192,5990,27,8.158580347048124,0
Transformer+GAIL+TD3,192,5990,28,5.620158233064117,0
Transformer+GAIL+TD3,192,5990,29,8.027306044494917,0
Transformer+GAIL+TD3,192,5990,30,9.529245125812366,0
Transformer+GAIL+TD3,192,5990,31,6.926204819277109,0
Transformer+GAIL+TD3,192,5990,32,12.429518492672715,0
Transformer+GAIL+TD3,192,5990,33,12.963840501940062,0
Transformer+GAIL+TD3,192,5990,34,3.9511308829035174,0
Transformer+GAIL+TD3,192,5990,35,11.630834813499112,0
Transformer+GAIL+TD3,192,5990,36,6.061899460979611,0
Transformer+GAIL+TD3,192,5990,37,4.834204559768233,0
Transformer+GAIL+TD3,192,5990,38,5.154265281798058,0
Transformer+GAIL+TD3,192,5990,39,3.5602378878442913,0
Transformer+GAIL+TD3,192,5990,40,9.268056330172893,0
Transformer+GAIL+TD3,192,5990,41,4.856224875137046,0
Transformer+GAIL+TD3,192,5990,42,142.52018779342725,0
Transformer+GAIL+TD3,192,5990,43,5.798799872834207,0
Transformer+GAIL+TD3,192,5990,44,4.097569612103653,0
Transformer+GAIL+TD3,192,5990,45,3.3724370779619397,0
Transformer+GAIL+TD3,192,5990,46,10.137689928734707,0
Transformer+GAIL+TD3,192,5990,47,3.630282301038491,0
Transformer+GAIL+TD3,192,5990,48,70.18133718133718,0
Transformer+GAIL+TD3,192,5990,49,7.135752512726798,0
Transformer+GAIL+TD3,192,5990,50,2.5190474721613874,0
Transformer+GAIL+TD3,192,5990,51,5.211819880813851,0
Transformer+GAIL+TD3,192,5990,52,4.304697357511086,0
Transformer+GAIL+TD3,192,5990,53,4.381817583358019,0
Transformer+GAIL+TD3,192,5990,54,80.13875123885035,0
Transformer+GAIL+TD3,192,5990,55,3.034526746898971,0
Transformer+GAIL+TD3,192,5990,56,7.876105375248853,0
Transformer+GAIL+TD3,192,5990,57,2.385060357121337,0
Transformer+GAIL+TD3,192,5990,58,3.1540309080763724,0
Transformer+GAIL+TD3,192,5990,59,7.641182322012222,0
Transformer+GAIL+TD3,192,5990,60,5.551706549921367,0
Transformer+GAIL+TD3,192,5990,61,3.767473993801938,0
Transformer+GAIL+TD3,192,5990,62,10.039205367714775,0
Transformer+GAIL+TD3,192,5990,63,3.5185017314212157,0
Transformer+GAIL+TD3,192,5990,64,3.37945164655044,0
Transformer+GAIL+TD3,192,5990,65,113.20622568093384,0
Transformer+GAIL+TD3,192,5990,66,2.28411961002421,0
Transformer+GAIL+TD3,192,5990,67,42.88823842469398,0
Transformer+GAIL+TD3,192,5990,68,4.34634624310247,0
Transformer+GAIL+TD3,192,5990,69,4.610174603706558,0
Transformer+GAIL+TD3,192,5990,70,6.081050776870094,0
Transformer+GAIL+TD3,192,5990,71,2.6306075552888486,0
Transformer+GAIL+TD3,192,5990,72,4.298743460388639,0
Transformer+GAIL+TD3,192,5990,73,65.11328125,0
Transformer+GAIL+TD3,192,5990,74,5.233781213953924,0
Transformer+GAIL+TD3,192,5990,75,3.6208030723601654,0
Transformer+GAIL+TD3,192,5990,76,3.748005249890628,0
Transformer+GAIL+TD3,192,5990,77,2.7587331382031053,0
Transformer+GAIL+TD3,192,5990,78,4.457118457972429,0
Transformer+GAIL+TD3,192,5990,79,74.7119305856833,0
Transformer+GAIL+TD3,192,5990,80,2.9043302101797925,0
Transformer+GAIL+TD3,192,5990,81,5.116595900662858,0
Transformer+GAIL+TD3,192,5990,82,5.941242828595372,0
Transformer+GAIL+TD3,192,5990,83,2.560005392090783,0
Transformer+GAIL+TD3,192,5990,84,26.946093373977217,0
Transformer+GAIL+TD3,192,5990,85,8.077308307381534,0
Transformer+GAIL+TD3,192,5990,86,2.5695663185495285,0
Transformer+GAIL+TD3,192,5990,87,3.9780999618466226,0
Transformer+GAIL+TD3,192,5990,88,3.742120509849363,0
Transformer+GAIL+TD3,192,5990,89,5.306815790264874,0
Transformer+GAIL+TD3,192,5990,90,6.611936758893282,0
Transformer+GAIL+TD3,192,5990,91,8.536275160362752,0
Transformer+GAIL+TD3,192,5990,92,4.685790384871487,0
Transformer+GAIL+TD3,192,5990,93,2.4343715495031284,0
Transformer+GAIL+TD3,192,5990,94,7.221691270586227,0
Transformer+GAIL+TD3,192,5990,95,3.0609097455592895,0
Transformer+GAIL+TD3,192,5990,96,31.855103806228374,0
Transformer+GAIL+TD3,192,5990,97,8.509038182696955,0
Transformer+GAIL+TD3,192,5990,98,2.5682057316121143,0
Transformer+GAIL+TD3,192,5994,5,4.003859093607757,0
Transformer+GAIL+TD3,192,5994,6,8.419158143194334,0
Transformer+GAIL+TD3,192,5994,7,234.7228260869565,0
Transformer+GAIL+TD3,192,5994,8,121.05655526992287,0
Transformer+GAIL+TD3,192,5994,9,12.026534266644962,0
Transformer+GAIL+TD3,192,5994,10,9.771671604702282,0
Transformer+GAIL+TD3,192,5994,11,4.80444800641154,0
Transformer+GAIL+TD3,192,5994,12,140.94768856447692,0
Transformer+GAIL+TD3,192,5994,13,242.6370192307692,0
Transformer+GAIL+TD3,192,5994,14,2.984456463479998,0
Transformer+GAIL+TD3,192,5994,15,3.5066564695218663,0
Transformer+GAIL+TD3,192,5994,16,22.90059750135796,0
Transformer+GAIL+TD3,192,5994,17,135.2761421319797,0
Transformer+GAIL+TD3,192,5994,18,727.2429906542055,0
Transformer+GAIL+TD3,192,5994,19,146.0744,0
Transformer+GAIL+TD3,192,5994,20,6.8494208494208495,0
Transformer+GAIL+TD3,192,5994,21,20.517384944300662,0
Transformer+GAIL+TD3,192,5994,22,22.32015973561003,0
Transformer+GAIL+TD3,192,5994,23,14.513132250580046,0
Transformer+GAIL+TD3,192,5994,24,20.70945287484338,0
Transformer+GAIL+TD3,192,5994,25,4.784777561648992,0
Transformer+GAIL+TD3,192,5994,26,3.601262245666918,0
Transformer+GAIL+TD3,192,5994,27,11.65599808444409,0
Transformer+GAIL+TD3,192,5994,28,8.007593426262407,0
Transformer+GAIL+TD3,192,5994,29,10.1691018897331,0
Transformer+GAIL+TD3,192,5994,30,9.808980794412921,0
Transformer+GAIL+TD3,192,5994,31,3.0710947869883807,0
Transformer+GAIL+TD3,192,5994,32,4.28406432748538,0
Transformer+GAIL+TD3,192,5994,33,3.67443744935486,0
Transformer+GAIL+TD3,192,5994,34,8.594853044578823,0
Transformer+GAIL+TD3,192,5994,35,6.495399216009903,0
Transformer+GAIL+TD3,192,5994,36,31.048723354415557,0
Transformer+GAIL+TD3,192,5994,37,7.742204246713853,0
Transformer+GAIL+TD3,192,5994,38,2.745609596380521,0
Transformer+GAIL+TD3,192,5994,39,3.809867916038011,0
Transformer+GAIL+TD3,192,5994,40,4.239686949248739,0
Transformer+GAIL+TD3,192,5994,41,28.0976956770139,0
Transformer+GAIL+TD3,192,5994,42,4.502749893208032,0
Transformer+GAIL+TD3,192,5994,44,49.0929451287794,0
Transformer+GAIL+TD3,192,5994,45,2.6473395760743323,0
Transformer+GAIL+TD3,192,5994,46,8.769139027714678,0
Transformer+GAIL+TD3,192,5994,47,27.450082169268693,0
Transformer+GAIL+TD3,192,5994,48,3.7805423460144936,0
Transformer+GAIL+TD3,192,5994,49,6.5228304284676835,0
Transformer+GAIL+TD3,192,5994,50,7.914330723254413,0
Transformer+GAIL+TD3,192,5994,51,4.592216681910719,0
Transformer+GAIL+TD3,192,5994,52,4.265580877948601,0
Transformer+GAIL+TD3,192,5994,53,5.0326315338107275,0
Transformer+GAIL+TD3,192,5994,54,3.46236536782135,0
Transformer+GAIL+TD3,192,5994,55,10.485213581599123,0
Transformer+GAIL+TD3,192,5994,56,2.53582646070202,0
Transformer+GAIL+TD3,192,5994,57,4.552740759366356,0
Transformer+GAIL+TD3,192,5994,58,8.164933135215453,0
Transformer+GAIL+TD3,192,5994,59,2.9661845863930725,0
Transformer+GAIL+TD3,192,5994,60,5.069213667212732,0
Transformer+GAIL+TD3,192,5994,61,13.801769365291639,0
Transformer+GAIL+TD3,192,5994,62,5.055315823451463,0
Transformer+GAIL+TD3,192,5994,63,4.582387939293096,0
Transformer+GAIL+TD3,192,5994,64,2.705574327029321,0
Transformer+GAIL+TD3,192,5994,65,4.5927550480223855,0
Transformer+GAIL+TD3,192,5994,66,3.351804433939553,0
Transformer+GAIL+TD3,192,5994,67,8.487302955040802,0
Transformer+GAIL+TD3,192,5994,68,4.261013794090974,0
Transformer+GAIL+TD3,192,5994,69,4.631134694608633,0
Transformer+GAIL+TD3,192,5994,70,3.6738648077292653,0
Transformer+GAIL+TD3,192,5994,71,4.989475388601036,0
Transformer+GAIL+TD3,192,5994,72,3.7058773837933727,0
Transformer+GAIL+TD3,192,5994,73,6.058230727001804,0
Transformer+GAIL+TD3,192,5994,74,3.981455644692477,0
Transformer+GAIL+TD3,192,5994,75,6.465525456030493,0
Transformer+GAIL+TD3,192,5994,76,3.7292190397692146,0
Transformer+GAIL+TD3,192,5994,77,10.39589645457928,0
Transformer+GAIL+TD3,192,5994,78,5.176434713667134,0
Transformer+GAIL+TD3,192,5994,79,2.0132339000189594,0
Transformer+GAIL+TD3,192,5994,80,14.481594446781656,0
Transformer+GAIL+TD3,192,5994,81,7.032360496646209,0
Transformer+GAIL+TD3,192,5994,82,5.784528532194079,0
Transformer+GAIL+TD3,192,5994,83,4.170931152730151,0
Transformer+GAIL+TD3,192,5994,84,3.582798993325309,0
Transformer+GAIL+TD3,192,5994,85,6.3883446077287935,0
Transformer+GAIL+TD3,192,5994,86,3.5982387095635597,0
Transformer+GAIL+TD3,192,5994,87,41.66797642436149,0
Transformer+GAIL+TD3,192,5994,88,3.172984367421557,0
Transformer+GAIL+TD3,192,5994,89,3.587267508870257,0
Transformer+GAIL+TD3,192,5994,90,5.549905769788344,0
Transformer+GAIL+TD3,192,5994,91,4.891431511671993,0
Transformer+GAIL+TD3,192,5994,92,4.455714801878839,0
Transformer+GAIL+TD3,192,5994,93,9.560765033874931,0
Transformer+GAIL+TD3,192,5994,94,2.4237352717040856,0
Transformer+GAIL+TD3,192,5994,95,9.008241322837973,0
Transformer+GAIL+TD3,192,5994,96,3.65153169828783,0
Transformer+GAIL+TD3,192,5994,97,8.702819418246799,0
Transformer+GAIL+TD3,192,5994,98,6.931750234902195,0
Transformer+GAIL+TD3,192,5995,5,4.14699199841944,0
Transformer+GAIL+TD3,192,5995,6,13.780248774971733,0
Transformer+GAIL+TD3,192,5995,7,67.0843989769821,0
Transformer+GAIL+TD3,192,5995,8,12.905753798873143,0
Transformer+GAIL+TD3,192,5995,9,16.73992156862745,0
Transformer+GAIL+TD3,192,5995,10,6.496449596407113,0
Transformer+GAIL+TD3,192,5995,11,8.816827212522577,0
Transformer+GAIL+TD3,192,5995,12,11.0482693911593,0
Transformer+GAIL+TD3,192,5995,13,4.356391478029294,0
Transformer+GAIL+TD3,192,5995,14,16.272243839169906,0
Transformer+GAIL+TD3,192,5995,15,7.432261569615252,0
Transformer+GAIL+TD3,192,5995,16,610.9558232931727,0
Transformer+GAIL+TD3,192,5995,17,536.2439862542955,0
Transformer+GAIL+TD3,192,5995,18,20.046535326086957,0
Transformer+GAIL+TD3,192,5995,19,7.103935154922213,0
Transformer+GAIL+TD3,192,5995,20,20.547178592204773,0
Transformer+GAIL+TD3,192,5995,21,11.214976832924503,0
Transformer+GAIL+TD3,192,5995,22,18.076840292724924,0
Transformer+GAIL+TD3,192,5995,23,11.606597479614528,0
Transformer+GAIL+TD3,192,5995,24,6.941514688707214,0
Transformer+GAIL+TD3,192,5995,25,4.600531806095315,0
Transformer+GAIL+TD3,192,5995,26,13.662874478574137,0
Transformer+GAIL+TD3,192,5995,27,10.458932834376414,0
Transformer+GAIL+TD3,192,5995,28,4.84391433048929,0
Transformer+GAIL+TD3,192,5995,29,9.126850024666997,0
Transformer+GAIL+TD3,192,5995,30,5.5585443037974684,0
Transformer+GAIL+TD3,192,5995,31,3.2204812073479996,0
Transformer+GAIL+TD3,192,5995,32,3.8308301984320714,0
Transformer+GAIL+TD3,192,5995,33,33.77438771274388,0
Transformer+GAIL+TD3,192,5995,34,5.941901325961673,0
Transformer+GAIL+TD3,192,5995,35,11.2199952841311,0
Transformer+GAIL+TD3,192,5995,36,5.99082757204463,0
Transformer+GAIL+TD3,192,5995,37,4.0138454953991,0
Transformer+GAIL+TD3,192,5995,38,5.347846733742913,0
Transformer+GAIL+TD3,192,5995,39,116.16977777777778,0
Transformer+GAIL+TD3,192,5995,40,4.303463762766089,0
Transformer+GAIL+TD3,192,5995,41,10.309673832468494,0
Transformer+GAIL+TD3,192,5995,42,3.089628610729023,0
Transformer+GAIL+TD3,192,5995,43,3.789672087572191,0
Transformer+GAIL+TD3,192,5995,44,3.118484303246771,0
Transformer+GAIL+TD3,192,5995,45,7.970209397711735,0
Transformer+GAIL+TD3,192,5995,46,6.004032399452996,0
Transformer+GAIL+TD3,192,5995,47,11.194775781367957,0
Transformer+GAIL+TD3,192,5995,48,3.506797262649181,0
Transformer+GAIL+TD3,192,5995,49,2.7353933320233184,0
Transformer+GAIL+TD3,192,5995,50,7.147591092135268,0
Transformer+GAIL+TD3,192,5995,51,5.041384170494036,0
Transformer+GAIL+TD3,192,5995,52,60.86817761332101,0
Transformer+GAIL+TD3,192,5995,53,4.104261961809337,0
Transformer+GAIL+TD3,192,5995,54,6.566214212387363,0
Transformer+GAIL+TD3,192,5995,55,3.0116553327020745,0
Transformer+GAIL+TD3,192,5995,56,2.735129603161999,0
Transformer+GAIL+TD3,192,5995,57,83.77847533632286,0
Transformer+GAIL+TD3,192,5995,58,3.433203425930122,0
Transformer+GAIL+TD3,192,5995,59,9.632363295001172,0
Transformer+GAIL+TD3,192,5995,60,3.2265383021957423,0
Transformer+GAIL+TD3,192,5995,61,2.6317556608058132,0
Transformer+GAIL+TD3,192,5995,62,12.220095693779905,0
Transformer+GAIL+TD3,192,5995,63,3.5243129833799576,0
Transformer+GAIL+TD3,192,5995,64,6.673111782477343,0
Transformer+GAIL+TD3,192,5995,65,15.271608365722747,0
Transformer+GAIL+TD3,192,5995,66,2.3266609208657547,0
Transformer+GAIL+TD3,192,5995,67,4.491136338217202,0
Transformer+GAIL+TD3,192,5995,68,3.0507626854830345,0
Transformer+GAIL+TD3,192,5995,69,3.7055397359565103,0
Transformer+GAIL+TD3,192,5995,70,11.935853091000567,0
Transformer+GAIL+TD3,192,5995,71,4.237636227721604,0
Transformer+GAIL+TD3,192,5995,72,3.472535314352631,0
Transformer+GAIL+TD3,192,5995,73,4.234484467572256,0
Transformer+GAIL+TD3,192,5995,74,2.937161249437153,0
Transformer+GAIL+TD3,192,5995,75,14.370249728555919,0
Transformer+GAIL+TD3,192,5995,76,5.0390809161063,0
Transformer+GAIL+TD3,192,5995,77,9.59823272894193,0
Transformer+GAIL+TD3,192,5995,78,4.660242383437131,0
Transformer+GAIL+TD3,192,5995,79,2.4490050973839046,0
Transformer+GAIL+TD3,192,5995,80,5.106542830099385,0
Transformer+GAIL+TD3,192,5995,81,3.997153479725804,0
Transformer+GAIL+TD3,192,5995,82,81.58763837638378,0
Transformer+GAIL+TD3,192,5995,83,3.1456620490295464,0
Transformer+GAIL+TD3,192,5995,84,3.895435027706479,0
Transformer+GAIL+TD3,192,5995,85,5.653976359880652,0
Transformer+GAIL+TD3,192,5995,86,2.771909062597321,0
Transformer+GAIL+TD3,192,5995,87,151.67641325536061,0
Transformer+GAIL+TD3,192,5995,88,5.261359570661897,0
Transformer+GAIL+TD3,192,5995,89,4.242176996893978,0
Transformer+GAIL+TD3,192,5995,90,2.902248015942383,0
Transformer+GAIL+TD3,192,5995,91,3.059368130545706,0
Transformer+GAIL+TD3,192,5995,92,40.791891891891886,0
Transformer+GAIL+TD3,192,5995,93,5.2610587382161,0
Transformer+GAIL+TD3,192,5995,94,5.0380395934984605,0
Transformer+GAIL+TD3,192,5995,95,5.443516088937992,0
Transformer+GAIL+TD3,192,5995,97,6.648906107566089,0
Transformer+GAIL+TD3,192,5995,98,5.635189261357485,0
Transformer+GAIL+TD3,192,6000,5,4.734502808711935,0
Transformer+GAIL+TD3,192,6000,6,12.552408477842004,0
Transformer+GAIL+TD3,192,6000,7,63.292647058823526,0
Transformer+GAIL+TD3,192,6000,8,22.179145728643217,0
Transformer+GAIL+TD3,192,6000,9,8.897038768751218,0
Transformer+GAIL+TD3,192,6000,10,4.6287219530551775,0
Transformer+GAIL+TD3,192,6000,11,3.388028928503457,0
Transformer+GAIL+TD3,192,6000,12,4.175205273505262,0
Transformer+GAIL+TD3,192,6000,13,362.92384105960264,0
Transformer+GAIL+TD3,192,6000,14,496.1347517730496,0
Transformer+GAIL+TD3,192,6000,15,13.732220424154672,0
Transformer+GAIL+TD3,192,6000,16,12.042687193841846,0
Transformer+GAIL+TD3,192,6000,17,8.710735090152566,0
Transformer+GAIL+TD3,192,6000,18,10.796973329337726,0
Transformer+GAIL+TD3,192,6000,19,9.732133642930856,0
Transformer+GAIL+TD3,192,6000,20,38.98086253369273,0
Transformer+GAIL+TD3,192,6000,21,14.570912203937983,0
Transformer+GAIL+TD3,192,6000,22,12.112693413665616,0
Transformer+GAIL+TD3,192,6000,23,10.48240086563554,0
Transformer+GAIL+TD3,192,6000,24,9.008624769918486,0
Transformer+GAIL+TD3,192,6000,25,10.805372987183699,0
Transformer+GAIL+TD3,192,6000,26,12.448372940299743,0
Transformer+GAIL+TD3,192,6000,27,5.6211103186817315,0
Transformer+GAIL+TD3,192,6000,28,12.005702970297028,0
Transformer+GAIL+TD3,192,6000,29,8.478323923965402,0
Transformer+GAIL+TD3,192,6000,30,11.414729241877257,0
Transformer+GAIL+TD3,192,6000,31,7.648747792219556,0
Transformer+GAIL+TD3,192,6000,32,4.751407299800255,0
Transformer+GAIL+TD3,192,6000,33,5.78476368606575,0
Transformer+GAIL+TD3,192,6000,34,9.384413363464242,0
Transformer+GAIL+TD3,192,6000,35,7.619484316852738,0
Transformer+GAIL+TD3,192,6000,36,11.670917410546846,0
Transformer+GAIL+TD3,192,6000,37,9.31790770844258,0
Transformer+GAIL+TD3,192,6000,38,2.9088780910038756,0
Transformer+GAIL+TD3,192,6000,39,11.913359148112296,0
Transformer+GAIL+TD3,192,6000,40,3.5657351271708415,0
Transformer+GAIL+TD3,192,6000,41,8.744496457489879,0
Transformer+GAIL+TD3,192,6000,42,3.726078471352422,0
Transformer+GAIL+TD3,192,6000,43,3.257412100484708,0
Transformer+GAIL+TD3,192,6000,44,8.316752264989324,0
Transformer+GAIL+TD3,192,6000,45,3.3606734034117483,0
Transformer+GAIL+TD3,192,6000,46,6.179485351771332,0
Transformer+GAIL+TD3,192,6000,47,7.552449282533399,0
Transformer+GAIL+TD3,192,6000,48,3.1086342283624266,0
Transformer+GAIL+TD3,192,6000,49,8.234975444281304,0
Transformer+GAIL+TD3,192,6000,50,3.5369113768468488,0
Transformer+GAIL+TD3,192,6000,51,3.1249398623632523,0
Transformer+GAIL+TD3,192,6000,52,44.21839713577527,0
Transformer+GAIL+TD3,192,6000,53,2.2911046327205713,0
Transformer+GAIL+TD3,192,6000,54,11.044995544995544,0
Transformer+GAIL+TD3,192,6000,55,3.7218523942661874,0
Transformer+GAIL+TD3,192,6000,56,2.9223300970873787,0
Transformer+GAIL+TD3,192,6000,57,3.2875959992855863,0
Transformer+GAIL+TD3,192,6000,58,144.28422273781908,0
Transformer+GAIL+TD3,192,6000,59,3.0005748082711885,0
Transformer+GAIL+TD3,192,6000,60,23.484500887614363,0
Transformer+GAIL+TD3,192,6000,61,2.3599935028019163,0
Transformer+GAIL+TD3,192,6000,62,4.843764661724688,0
Transformer+GAIL+TD3,192,6000,63,8.893240402699416,0
Transformer+GAIL+TD3,192,6000,64,2.7708186942739803,0
Transformer+GAIL+TD3,192,6000,65,7.796019229905199,0
Transformer+GAIL+TD3,192,6000,66,8.343876868168635,0
Transformer+GAIL+TD3,192,6000,67,3.124244236263371,0
Transformer+GAIL+TD3,192,6000,68,2.5483592731733506,0
Transformer+GAIL+TD3,192,6000,69,7.036153846153846,0
Transformer+GAIL+TD3,192,6000,70,6.163783852029543,0
Transformer+GAIL+TD3,192,6000,71,3.516525327477853,0
Transformer+GAIL+TD3,192,6000,72,15.006864406779663,0
Transformer+GAIL+TD3,192,6000,73,5.247904157697972,0
Transformer+GAIL+TD3,192,6000,74,3.4560920525543595,0
Transformer+GAIL+TD3,192,6000,75,5.152828416749531,0
Transformer+GAIL+TD3,192,6000,76,5.367843612668586,0
Transformer+GAIL+TD3,192,6000,77,5.203199248535751,0
Transformer+GAIL+TD3,192,6000,78,7.034506268701945,0
Transformer+GAIL+TD3,192,6000,79,3.4115352152302356,0
Transformer+GAIL+TD3,192,6000,80,4.691118180869928,0
Transformer+GAIL+TD3,192,6000,81,5.522293902717514,0
Transformer+GAIL+TD3,192,6000,82,4.491702143931476,0
Transformer+GAIL+TD3,192,6000,83,5.570734968159589,0
Transformer+GAIL+TD3,192,6000,84,8.5166116281397,0
Transformer+GAIL+TD3,192,6000,85,4.571156305639842,0
Transformer+GAIL+TD3,192,6000,86,2.236802198229492,0
Transformer+GAIL+TD3,192,6000,87,12.655678968111788,0
Transformer+GAIL+TD3,192,6000,88,6.6694717921483715,0
Transformer+GAIL+TD3,192,6000,89,6.930115635997989,0
Transformer+GAIL+TD3,192,6000,90,6.804320203303685,0
Transformer+GAIL+TD3,192,6000,91,3.67400721202912,0
Transformer+GAIL+TD3,192,6000,92,4.7348940475521335,0
Transformer+GAIL+TD3,192,6000,93,5.0922163175992505,0
Transformer+GAIL+TD3,192,6000,94,3.8269280015758884,0
Transformer+GAIL+TD3,192,6000,95,6.418974900495492,0
Transformer+GAIL+TD3,192,6000,96,8.1408229561451,0
Transformer+GAIL+TD3,192,6000,97,4.948214068764427,0
Transformer+GAIL+TD3,192,6000,98,4.4039434784787295,0
Transformer+GAIL+TD3,192,6001,5,3.262742778270729,0
Transformer+GAIL+TD3,192,6001,6,336.3267973856209,0
Transformer+GAIL+TD3,192,6001,7,31.61714493280058,0
Transformer+GAIL+TD3,192,6001,8,20.103465224870977,0
Transformer+GAIL+TD3,192,6001,9,8.14067849361967,0
Transformer+GAIL+TD3,192,6001,10,10.332638888888889,0
Transformer+GAIL+TD3,192,6001,11,4.779642009920207,0
Transformer+GAIL+TD3,192,6001,12,4.624534196559641,0
Transformer+GAIL+TD3,192,6001,13,108.32672482157018,0
Transformer+GAIL+TD3,192,6001,14,11.336127941383685,0
Transformer+GAIL+TD3,192,6001,15,15.860141766630317,0
Transformer+GAIL+TD3,192,6001,16,37.484960098219766,0
Transformer+GAIL+TD3,192,6001,17,5.74817591538925,0
Transformer+GAIL+TD3,192,6001,18,13.713126531992224,0
Transformer+GAIL+TD3,192,6001,19,11.371,0
Transformer+GAIL+TD3,192,6001,20,4.523826086956522,0
Transformer+GAIL+TD3,192,6001,21,26.73362445414847,0
Transformer+GAIL+TD3,192,6001,22,3.667863984674329,0
Transformer+GAIL+TD3,192,6001,23,9.29984642948554,0
Transformer+GAIL+TD3,192,6001,24,6.106021935572877,0
Transformer+GAIL+TD3,192,6001,25,4.688099027409372,0
Transformer+GAIL+TD3,192,6001,26,4.451645973345484,0
Transformer+GAIL+TD3,192,6001,27,6.272216522546289,0
Transformer+GAIL+TD3,192,6001,28,4.939647248075377,0
Transformer+GAIL+TD3,192,6001,29,3.616008559130154,0
Transformer+GAIL+TD3,192,6001,30,45.30086130086131,0
Transformer+GAIL+TD3,192,6001,31,5.15428591719338,0
Transformer+GAIL+TD3,192,6001,32,6.412716542927849,0
Transformer+GAIL+TD3,192,6001,33,3.072461280231938,0
Transformer+GAIL+TD3,192,6001,34,3.284371200864514,0
Transformer+GAIL+TD3,192,6001,35,7.548282673104357,0
Transformer+GAIL+TD3,192,6001,36,26.2957240948814,0
Transformer+GAIL+TD3,192,6001,37,3.506226600462017,0
Transformer+GAIL+TD3,192,6001,38,18.046576618537493,0
Transformer+GAIL+TD3,192,6001,39,2.7691621930657573,0
Transformer+GAIL+TD3,192,6001,40,3.1695579068241475,0
Transformer+GAIL+TD3,192,6001,41,6.011046017619964,0
Transformer+GAIL+TD3,192,6001,42,165.01070038910507,0
Transformer+GAIL+TD3,192,6001,43,3.090120567236394,0
Transformer+GAIL+TD3,192,6001,44,97.1498344370861,0
Transformer+GAIL+TD3,192,6001,45,2.1334441657142005,0
Transformer+GAIL+TD3,192,6001,46,6.63090555256511,0
Transformer+GAIL+TD3,192,6001,47,3.2710882021104792,0
Transformer+GAIL+TD3,192,6001,48,146.4622641509434,0
Transformer+GAIL+TD3,192,6001,49,3.1739621930540727,0
Transformer+GAIL+TD3,192,6001,50,3.033161415936536,0
Transformer+GAIL+TD3,192,6001,51,4.2749942335785125,0
Transformer+GAIL+TD3,192,6001,52,19.558445834705303,0
Transformer+GAIL+TD3,192,6001,53,2.8229819527297435,0
Transformer+GAIL+TD3,192,6001,54,105.48565573770492,0
Transformer+GAIL+TD3,192,6001,55,4.599301457304589,0
Transformer+GAIL+TD3,192,6001,56,2.4563431442441526,0
Transformer+GAIL+TD3,192,6001,57,5.494938607179678,0
Transformer+GAIL+TD3,192,6001,58,4.453736535759684,0
Transformer+GAIL+TD3,192,6001,59,4.826571541294055,0
Transformer+GAIL+TD3,192,6001,60,27.00328542094456,0
Transformer+GAIL+TD3,192,6001,61,5.045870083048992,0
Transformer+GAIL+TD3,192,6001,62,4.510696150696151,0
Transformer+GAIL+TD3,192,6001,63,4.4767552912905515,0
Transformer+GAIL+TD3,192,6001,64,3.1625389438813745,0
Transformer+GAIL+TD3,192,6001,65,3.2627575047697244,0
Transformer+GAIL+TD3,192,6001,66,5.55309174789791,0
Transformer+GAIL+TD3,192,6001,67,5.2977341537259495,0
Transformer+GAIL+TD3,192,6001,68,4.160505539931556,0
Transformer+GAIL+TD3,192,6001,69,2.415940918274925,0
Transformer+GAIL+TD3,192,6001,70,4.984792134624589,0
Transformer+GAIL+TD3,192,6001,71,4.825855205451725,0
Transformer+GAIL+TD3,192,6001,72,7.982413470533207,0
Transformer+GAIL+TD3,192,6001,73,4.982445566186997,0
Transformer+GAIL+TD3,192,6001,74,5.806774510680133,0
Transformer+GAIL+TD3,192,6001,75,6.237293756736589,0
Transformer+GAIL+TD3,192,6001,76,3.731663985787338,0
Transformer+GAIL+TD3,192,6001,77,4.133115484056307,0
Transformer+GAIL+TD3,192,6001,78,4.653631492781664,0
Transformer+GAIL+TD3,192,6001,79,5.415600138360428,0
Transformer+GAIL+TD3,192,6001,80,2.807335766423358,0
Transformer+GAIL+TD3,192,6001,81,4.24445577364262,0
Transformer+GAIL+TD3,192,6001,82,3.199055879297104,0
Transformer+GAIL+TD3,192,6001,83,6.065442836831981,0
Transformer+GAIL+TD3,192,6001,84,3.9437275380496395,0
Transformer+GAIL+TD3,192,6001,85,9.698409955063948,0
Transformer+GAIL+TD3,192,6001,86,2.509125247425863,0
Transformer+GAIL+TD3,192,6001,87,2.0930688994760915,0
Transformer+GAIL+TD3,192,6001,88,2.8316281663556615,0
Transformer+GAIL+TD3,192,6001,89,9.037396999788715,0
Transformer+GAIL+TD3,192,6001,90,4.336831451097379,0
Transformer+GAIL+TD3,192,6001,91,11.671571243424564,0
Transformer+GAIL+TD3,192,6001,92,4.715320188448787,0
Transformer+GAIL+TD3,192,6001,93,3.0620343033881627,0
Transformer+GAIL+TD3,192,6001,94,3.3529895996466292,0
Transformer+GAIL+TD3,192,6001,95,3.067592672975085,0
Transformer+GAIL+TD3,192,6001,96,4.526626296228916,0
Transformer+GAIL+TD3,192,6001,97,10.101359003397508,0
Transformer+GAIL+TD3,192,6001,98,3.2282304583606782,0
Transformer+GAIL+TD3,192,6003,5,5.026105802384,0
Transformer+GAIL+TD3,192,6003,6,282.32876712328766,0
Transformer+GAIL+TD3,192,6003,7,32.8630073800738,0
Transformer+GAIL+TD3,192,6003,8,27.942740286298566,0
Transformer+GAIL+TD3,192,6003,9,10.01255587693926,0
Transformer+GAIL+TD3,192,6003,10,6.1484871713937865,0
Transformer+GAIL+TD3,192,6003,11,4.747434565586439,0
Transformer+GAIL+TD3,192,6003,12,110.10318559556787,0
Transformer+GAIL+TD3,192,6003,13,2.257714479484571,0
Transformer+GAIL+TD3,192,6003,14,261,0
Transformer+GAIL+TD3,192,6003,15,281.8814102564103,0
Transformer+GAIL+TD3,192,6003,16,226.13620071684585,0
Transformer+GAIL+TD3,192,6003,17,3.898803394524731,0
Transformer+GAIL+TD3,192,6003,18,4.51835086008775,0
Transformer+GAIL+TD3,192,6003,19,343.3299999999999,0
Transformer+GAIL+TD3,192,6003,20,3.6576758423352485,0
Transformer+GAIL+TD3,192,6003,21,309.55761316872434,0
Transformer+GAIL+TD3,192,6003,22,53.350715746421265,0
Transformer+GAIL+TD3,192,6003,23,5.876293281831978,0
Transformer+GAIL+TD3,192,6003,24,10.69792121855297,0
Transformer+GAIL+TD3,192,6003,25,10.677150907542103,0
Transformer+GAIL+TD3,192,6003,26,4.424594852240229,0
Transformer+GAIL+TD3,192,6003,27,13.877366331147842,0
Transformer+GAIL+TD3,192,6003,28,11.54645086369575,0
Transformer+GAIL+TD3,192,6003,29,4.23946513371657,0
Transformer+GAIL+TD3,192,6003,30,11.481052631578946,0
Transformer+GAIL+TD3,192,6003,31,6.310455486542444,0
Transformer+GAIL+TD3,192,6003,32,5.815868928159133,0
Transformer+GAIL+TD3,192,6003,33,9.493795620437957,0
Transformer+GAIL+TD3,192,6003,34,3.558175733520119,0
Transformer+GAIL+TD3,192,6003,35,8.910841654778888,0
Transformer+GAIL+TD3,192,6003,36,3.9130110291068916,0
Transformer+GAIL+TD3,192,6003,37,3.8568847852268155,0
Transformer+GAIL+TD3,192,6003,38,3.1646714551742483,0
Transformer+GAIL+TD3,192,6003,39,105.46738442051931,0
Transformer+GAIL+TD3,192,6003,40,2.6732733674999127,0
Transformer+GAIL+TD3,192,6003,41,11.159220985691574,0
Transformer+GAIL+TD3,192,6003,42,7.067291833561095,0
Transformer+GAIL+TD3,192,6003,43,5.641483561330767,0
Transformer+GAIL+TD3,192,6003,44,3.8946990202888836,0
Transformer+GAIL+TD3,192,6003,45,184.7443249701314,0
Transformer+GAIL+TD3,192,6003,46,2.495530034728192,0
Transformer+GAIL+TD3,192,6003,47,3.3251999235787006,0
Transformer+GAIL+TD3,192,6003,48,6.613065791298718,0
Transformer+GAIL+TD3,192,6003,49,4.297835164509729,0
Transformer+GAIL+TD3,192,6003,50,9.102693776447516,0
Transformer+GAIL+TD3,192,6003,51,3.010295126973233,0
Transformer+GAIL+TD3,192,6003,52,3.9524832855778413,0
Transformer+GAIL+TD3,192,6003,53,4.179707984165338,0
Transformer+GAIL+TD3,192,6003,54,6.076342927505003,0
Transformer+GAIL+TD3,192,6003,55,3.1363815530153727,0
Transformer+GAIL+TD3,192,6003,56,124.375104427736,0
Transformer+GAIL+TD3,192,6003,57,2.4668282045069057,0
Transformer+GAIL+TD3,192,6003,58,3.187030987905006,0
Transformer+GAIL+TD3,192,6003,59,11.598480662983425,0
Transformer+GAIL+TD3,192,6003,60,2.4447083398909766,0
Transformer+GAIL+TD3,192,6003,61,5.373794251579103,0
Transformer+GAIL+TD3,192,6003,62,5.729283605671283,0
Transformer+GAIL+TD3,192,6003,63,3.251986874300563,0
Transformer+GAIL+TD3,192,6003,64,3.626443804034582,0
Transformer+GAIL+TD3,192,6003,65,118.09331476323122,0
Transformer+GAIL+TD3,192,6003,66,3.927777029756294,0
Transformer+GAIL+TD3,192,6003,67,2.8211362248014664,0
Transformer+GAIL+TD3,192,6003,68,5.2389518622111,0
Transformer+GAIL+TD3,192,6003,69,3.6795250399901565,0
Transformer+GAIL+TD3,192,6003,70,4.637402687558883,0
Transformer+GAIL+TD3,192,6003,71,33.67846958174905,0
Transformer+GAIL+TD3,192,6003,72,2.9213750550903477,0
Transformer+GAIL+TD3,192,6003,73,5.0435946955066315,0
Transformer+GAIL+TD3,192,6003,74,3.8579389469371033,0
Transformer+GAIL+TD3,192,6003,75,3.8460982197928413,0
Transformer+GAIL+TD3,192,6003,76,12.894903313924232,0
Transformer+GAIL+TD3,192,6003,77,3.330167462179435,0
Transformer+GAIL+TD3,192,6003,78,3.923208619627,0
Transformer+GAIL+TD3,192,6003,79,4.147440139205451,0
Transformer+GAIL+TD3,192,6003,80,4.395074292692855,0
Transformer+GAIL+TD3,192,6003,81,5.350508090711328,0
Transformer+GAIL+TD3,192,6003,82,5.509473409120606,0
Transformer+GAIL+TD3,192,6003,83,6.381188826177039,0
Transformer+GAIL+TD3,192,6003,84,4.57183596214511,0
Transformer+GAIL+TD3,192,6003,85,2.547254026780516,0
Transformer+GAIL+TD3,192,6003,86,6.221732800776439,0
Transformer+GAIL+TD3,192,6003,87,10.93108873505349,0
Transformer+GAIL+TD3,192,6003,88,4.055310743048169,0
Transformer+GAIL+TD3,192,6003,89,5.937975177074534,0
Transformer+GAIL+TD3,192,6003,90,2.7557373548206923,0
Transformer+GAIL+TD3,192,6003,91,3.018111012856268,0
Transformer+GAIL+TD3,192,6003,92,7.0921224369500235,0
Transformer+GAIL+TD3,192,6003,93,12.846456692913387,0
Transformer+GAIL+TD3,192,6003,94,3.6688801628256,0
Transformer+GAIL+TD3,192,6003,95,6.460507614213198,0
Transformer+GAIL+TD3,192,6003,96,2.1742223783748176,0
Transformer+GAIL+TD3,192,6003,97,4.7002762430939224,0
Transformer+GAIL+TD3,192,6004,5,4.029382764740682,0
Transformer+GAIL+TD3,192,6004,6,234.95384615384617,0
Transformer+GAIL+TD3,192,6004,7,22.279978148046983,0
Transformer+GAIL+TD3,192,6004,8,35.064694280078896,0
Transformer+GAIL+TD3,192,6004,9,7.40331407722712,0
Transformer+GAIL+TD3,192,6004,10,4.947842884739214,0
Transformer+GAIL+TD3,192,6004,11,12.57875,0
Transformer+GAIL+TD3,192,6004,12,3.4116652578191036,0
Transformer+GAIL+TD3,192,6004,13,17.536630717738934,0
Transformer+GAIL+TD3,192,6004,14,27.992004171736486,0
Transformer+GAIL+TD3,192,6004,15,548.9078498293514,0
Transformer+GAIL+TD3,192,6004,16,241.81348314606734,0
Transformer+GAIL+TD3,192,6004,17,6.111826066104471,0
Transformer+GAIL+TD3,192,6004,18,8.356297953964194,0
Transformer+GAIL+TD3,192,6004,19,13.544506881667889,0
Transformer+GAIL+TD3,192,6004,20,11.453645833333333,0
Transformer+GAIL+TD3,192,6004,21,184.86542923433873,0
Transformer+GAIL+TD3,192,6004,22,3.594105677422241,0
Transformer+GAIL+TD3,192,6004,23,8.452400705174739,0
Transformer+GAIL+TD3,192,6004,24,8.592612934230399,0
Transformer+GAIL+TD3,192,6004,25,10.139349652904642,0
Transformer+GAIL+TD3,192,6004,26,11.984994557611566,0
Transformer+GAIL+TD3,192,6004,27,9.95303952301924,0
Transformer+GAIL+TD3,192,6004,28,7.822295545604526,0
Transformer+GAIL+TD3,192,6004,29,9.054976135761002,0
Transformer+GAIL+TD3,192,6004,30,7.0483008181246065,0
Transformer+GAIL+TD3,192,6004,31,4.387157140565685,0
Transformer+GAIL+TD3,192,6004,32,6.681592240856739,0
Transformer+GAIL+TD3,192,6004,33,6.38575413001502,0
Transformer+GAIL+TD3,192,6004,34,7.349833681005808,0
Transformer+GAIL+TD3,192,6004,35,4.503704162921175,0
Transformer+GAIL+TD3,192,6004,36,34.78054806828391,0
Transformer+GAIL+TD3,192,6004,37,3.129099417790552,0
Transformer+GAIL+TD3,192,6004,38,4.990225890529974,0
Transformer+GAIL+TD3,192,6004,39,2.473864520061372,0
Transformer+GAIL+TD3,192,6004,40,2.9457435194353474,0
Transformer+GAIL+TD3,192,6004,41,29.294946147473077,0
Transformer+GAIL+TD3,192,6004,42,8.20469522240527,0
Transformer+GAIL+TD3,192,6004,43,6.660030788608214,0
Transformer+GAIL+TD3,192,6004,44,3.335149811291689,0
Transformer+GAIL+TD3,192,6004,45,3.166369552610666,0
Transformer+GAIL+TD3,192,6004,46,4.512146162221011,0
Transformer+GAIL+TD3,192,6004,47,143.4991039426523,0
Transformer+GAIL+TD3,192,6004,48,3.573727290876422,0
Transformer+GAIL+TD3,192,6004,50,68.52175925925926,0
Transformer+GAIL+TD3,192,6004,51,3.56648060119529,0
Transformer+GAIL+TD3,192,6004,52,4.526577067441579,0
Transformer+GAIL+TD3,192,6004,53,4.501051433660721,0
Transformer+GAIL+TD3,192,6004,54,6.403003034425029,0
Transformer+GAIL+TD3,192,6004,55,3.5447179131640523,0
Transformer+GAIL+TD3,192,6004,56,11.309130986574042,0
Transformer+GAIL+TD3,192,6004,57,5.8939752772643255,0
Transformer+GAIL+TD3,192,6004,58,2.747040554530315,0
Transformer+GAIL+TD3,192,6004,59,4.789515389106683,0
Transformer+GAIL+TD3,192,6004,60,2.6235639428098105,0
Transformer+GAIL+TD3,192,6004,61,6.731594585671838,0
Transformer+GAIL+TD3,192,6004,62,3.324069750918577,0
Transformer+GAIL+TD3,192,6004,63,48.61814289537061,0
Transformer+GAIL+TD3,192,6004,64,5.442807867996644,0
Transformer+GAIL+TD3,192,6004,65,2.7845203488372094,0
Transformer+GAIL+TD3,192,6004,66,4.224470304370775,0
Transformer+GAIL+TD3,192,6004,67,5.492922658815536,0
Transformer+GAIL+TD3,192,6004,68,3.82772344140119,0
Transformer+GAIL+TD3,192,6004,69,157.9573361082206,0
Transformer+GAIL+TD3,192,6004,70,4.338092796026883,0
Transformer+GAIL+TD3,192,6004,71,2.774574306318785,0
Transformer+GAIL+TD3,192,6004,72,4.445018921059581,0
Transformer+GAIL+TD3,192,6004,73,3.9960215778826704,0
Transformer+GAIL+TD3,192,6004,74,28.287964004499436,0
Transformer+GAIL+TD3,192,6004,75,8.457343202181535,0
Transformer+GAIL+TD3,192,6004,76,4.653215336106622,0
Transformer+GAIL+TD3,192,6004,77,2.418232062742641,0
Transformer+GAIL+TD3,192,6004,78,5.359090596881654,0
Transformer+GAIL+TD3,192,6004,79,10.938960450514598,0
Transformer+GAIL+TD3,192,6004,80,10.415382910340242,0
Transformer+GAIL+TD3,192,6004,81,8.242195810017112,0
Transformer+GAIL+TD3,192,6004,83,2.8441506578670817,0
Transformer+GAIL+TD3,192,6004,84,4.6466504343248225,0
Transformer+GAIL+TD3,192,6004,85,7.482712582293633,0
Transformer+GAIL+TD3,192,6004,86,125.60866202629543,0
Transformer+GAIL+TD3,192,6004,87,5.163776430093427,0
Transformer+GAIL+TD3,192,6004,88,3.123583633093525,0
Transformer+GAIL+TD3,192,6004,89,3.522186838985612,0
Transformer+GAIL+TD3,192,6004,90,4.261513073075138,0
Transformer+GAIL+TD3,192,6004,91,7.959055400915868,0
Transformer+GAIL+TD3,192,6004,92,7.831439296549597,0
Transformer+GAIL+TD3,192,6004,93,6.2064992509096095,0
Transformer+GAIL+TD3,192,6004,94,5.426769341403487,0
Transformer+GAIL+TD3,192,6004,95,4.196998340095906,0
Transformer+GAIL+TD3,192,6004,96,2.2800475904279462,0
Transformer+GAIL+TD3,192,6004,97,17.552030456852794,0
Transformer+GAIL+TD3,192,6004,98,2.7168349541668606,0
Transformer+GAIL+TD3,192,6006,5,5.350994681898759,0
Transformer+GAIL+TD3,192,6006,6,14.610046012269937,0
Transformer+GAIL+TD3,192,6006,7,24.2374573154715,0
Transformer+GAIL+TD3,192,6006,8,16.044630642954857,0
Transformer+GAIL+TD3,192,6006,9,13.94236311239193,0
Transformer+GAIL+TD3,192,6006,10,3.6750765371989225,0
Transformer+GAIL+TD3,192,6006,11,4.3944614650061675,0
Transformer+GAIL+TD3,192,6006,12,10.138714090287277,0
Transformer+GAIL+TD3,192,6006,13,676.9411764705883,0
Transformer+GAIL+TD3,192,6006,14,573.6463878326997,0
Transformer+GAIL+TD3,192,6006,15,156.41858407079644,0
Transformer+GAIL+TD3,192,6006,16,13.435839274141284,0
Transformer+GAIL+TD3,192,6006,17,6.513233348037055,0
Transformer+GAIL+TD3,192,6006,18,13.14737225612533,0
Transformer+GAIL+TD3,192,6006,19,24.414686825053998,0
Transformer+GAIL+TD3,192,6006,20,9.505764224618817,0
Transformer+GAIL+TD3,192,6006,21,14.291738829234498,0
Transformer+GAIL+TD3,192,6006,22,8.87935839827086,0
Transformer+GAIL+TD3,192,6006,23,11.70777027027027,0
Transformer+GAIL+TD3,192,6006,24,9.15365839813816,0
Transformer+GAIL+TD3,192,6006,25,6.515289382737652,0
Transformer+GAIL+TD3,192,6006,26,6.217803529101922,0
Transformer+GAIL+TD3,192,6006,27,5.377201623389416,0
Transformer+GAIL+TD3,192,6006,28,5.110786068281938,0
Transformer+GAIL+TD3,192,6006,29,7.529391738538356,0
Transformer+GAIL+TD3,192,6006,30,8.157478223921819,0
Transformer+GAIL+TD3,192,6006,31,7.102712493373388,0
Transformer+GAIL+TD3,192,6006,32,8.1708612329716,0
Transformer+GAIL+TD3,192,6006,33,5.62496205221615,0
Transformer+GAIL+TD3,192,6006,34,9.809176346973324,0
Transformer+GAIL+TD3,192,6006,35,3.6954151398695148,0
Transformer+GAIL+TD3,192,6006,36,5.253347826086957,0
Transformer+GAIL+TD3,192,6006,37,13.99322660098522,0
Transformer+GAIL+TD3,192,6006,38,6.954266715921685,0
Transformer+GAIL+TD3,192,6006,39,4.828887195121951,0
Transformer+GAIL+TD3,192,6006,40,8.561295582567448,0
Transformer+GAIL+TD3,192,6006,41,6.870932754880693,0
Transformer+GAIL+TD3,192,6006,42,2.6838898457321703,0
Transformer+GAIL+TD3,192,6006,43,135.09930486593842,0
Transformer+GAIL+TD3,192,6006,44,2.5082451513836497,0
Transformer+GAIL+TD3,192,6006,45,14.713979416809606,0
Transformer+GAIL+TD3,192,6006,46,2.844930704504207,0
Transformer+GAIL+TD3,192,6006,47,4.303665368100775,0
Transformer+GAIL+TD3,192,6006,48,4.7819297647459935,0
Transformer+GAIL+TD3,192,6006,49,6.288628603535463,0
Transformer+GAIL+TD3,192,6006,50,2.998373030136779,0
Transformer+GAIL+TD3,192,6006,51,120.363163371488,0
Transformer+GAIL+TD3,192,6006,52,2.7551565707582517,0
Transformer+GAIL+TD3,192,6006,53,2.9948903599503516,0
Transformer+GAIL+TD3,192,6006,54,3.2006653454133636,0
Transformer+GAIL+TD3,192,6006,55,6.443286851525351,0
Transformer+GAIL+TD3,192,6006,56,7.62683060928675,0
Transformer+GAIL+TD3,192,6006,57,5.61634972246855,0
Transformer+GAIL+TD3,192,6006,58,2.6118227453695693,0
Transformer+GAIL+TD3,192,6006,59,4.169186254429598,0
Transformer+GAIL+TD3,192,6006,60,2.6414108750808416,0
Transformer+GAIL+TD3,192,6006,61,5.511177061892681,0
Transformer+GAIL+TD3,192,6006,62,6.814783309455588,0
Transformer+GAIL+TD3,192,6006,63,5.20926403207331,0
Transformer+GAIL+TD3,192,6006,64,5.079594744340668,0
Transformer+GAIL+TD3,192,6006,66,2.6479938501215097,0
Transformer+GAIL+TD3,192,6006,67,5.0996244167077664,0
Transformer+GAIL+TD3,192,6006,68,5.192964209238298,0
Transformer+GAIL+TD3,192,6006,69,4.653463446725692,0
Transformer+GAIL+TD3,192,6006,70,5.623488161367845,0
Transformer+GAIL+TD3,192,6006,71,5.981984121598697,0
Transformer+GAIL+TD3,192,6006,72,4.703023255813954,0
Transformer+GAIL+TD3,192,6006,73,4.077881040892193,0
Transformer+GAIL+TD3,192,6006,74,3.531488060519292,0
Transformer+GAIL+TD3,192,6006,75,5.902213891639553,0
Transformer+GAIL+TD3,192,6006,76,3.7005486412843367,0
Transformer+GAIL+TD3,192,6006,77,6.4145575083733295,0
Transformer+GAIL+TD3,192,6006,78,4.281868664973886,0
Transformer+GAIL+TD3,192,6006,79,3.8603491271820443,0
Transformer+GAIL+TD3,192,6006,80,4.291268891424755,0
Transformer+GAIL+TD3,192,6006,81,3.13006423144672,0
Transformer+GAIL+TD3,192,6006,82,6.524318769980211,0
Transformer+GAIL+TD3,192,6006,83,3.7418974164453997,0
Transformer+GAIL+TD3,192,6006,84,7.925439344821704,0
Transformer+GAIL+TD3,192,6006,85,4.403983686979137,0
Transformer+GAIL+TD3,192,6006,86,5.16813397394951,0
Transformer+GAIL+TD3,192,6006,87,4.718145532698803,0
Transformer+GAIL+TD3,192,6006,88,4.249321902547709,0
Transformer+GAIL+TD3,192,6006,89,6.660320191516422,0
Transformer+GAIL+TD3,192,6006,90,5.125921339701634,0
Transformer+GAIL+TD3,192,6006,91,2.9575273859875764,0
Transformer+GAIL+TD3,192,6006,92,3.961946770334929,0
Transformer+GAIL+TD3,192,6006,93,8.664978947929436,0
Transformer+GAIL+TD3,192,6006,94,2.8132911392405062,0
Transformer+GAIL+TD3,192,6006,95,10.93233192358174,0
Transformer+GAIL+TD3,192,6006,96,6.305564513239457,0
Transformer+GAIL+TD3,192,6006,97,4.260082953764727,0
Transformer+GAIL+TD3,192,6006,98,4.678457916421424,0
Transformer+GAIL+TD3,192,6007,5,4.311642144761529,0
Transformer+GAIL+TD3,192,6007,6,23.29271028037383,0
Transformer+GAIL+TD3,192,6007,7,92.2849223946785,0
Transformer+GAIL+TD3,192,6007,8,35.98070607553366,0
Transformer+GAIL+TD3,192,6007,9,8.56769861991794,0
Transformer+GAIL+TD3,192,6007,10,4.479808714133901,0
Transformer+GAIL+TD3,192,6007,11,2.8136449583087937,0
Transformer+GAIL+TD3,192,6007,12,3.8378285583489107,0
Transformer+GAIL+TD3,192,6007,13,591.1443298969073,0
Transformer+GAIL+TD3,192,6007,14,450.198717948718,0
Transformer+GAIL+TD3,192,6007,15,27.17525600134296,0
Transformer+GAIL+TD3,192,6007,16,410.75197889182056,0
Transformer+GAIL+TD3,192,6007,17,4.947126018846771,0
Transformer+GAIL+TD3,192,6007,18,6.1425218250700055,0
Transformer+GAIL+TD3,192,6007,19,14.326575975815773,0
Transformer+GAIL+TD3,192,6007,20,36.37396423898823,0
Transformer+GAIL+TD3,192,6007,21,21.529823222688538,0
Transformer+GAIL+TD3,192,6007,22,11.380695033520317,0
Transformer+GAIL+TD3,192,6007,23,9.051511702706714,0
Transformer+GAIL+TD3,192,6007,24,3.3819311385937407,0
Transformer+GAIL+TD3,192,6007,25,6.456946267350754,0
Transformer+GAIL+TD3,192,6007,26,51.209783913565424,0
Transformer+GAIL+TD3,192,6007,27,40.79488574537541,0
Transformer+GAIL+TD3,192,6007,28,5.476328876832655,0
Transformer+GAIL+TD3,192,6007,29,4.835878710906493,0
Transformer+GAIL+TD3,192,6007,30,3.0792769117442114,0
Transformer+GAIL+TD3,192,6007,31,3.17718299624561,0
Transformer+GAIL+TD3,192,6007,32,152.79608294930875,0
Transformer+GAIL+TD3,192,6007,33,5.1406285547141595,0
Transformer+GAIL+TD3,192,6007,34,17.12018348623853,0
Transformer+GAIL+TD3,192,6007,35,2.639831229371534,0
Transformer+GAIL+TD3,192,6007,36,7.025653769689555,0
Transformer+GAIL+TD3,192,6007,37,3.6865220856579555,0
Transformer+GAIL+TD3,192,6007,38,10.778212179444704,0
Transformer+GAIL+TD3,192,6007,39,7.237383798140771,0
Transformer+GAIL+TD3,192,6007,40,7.295142494519442,0
Transformer+GAIL+TD3,192,6007,41,2.9725651298529625,0
Transformer+GAIL+TD3,192,6007,42,15.440815895159583,0
Transformer+GAIL+TD3,192,6007,43,3.4564348366063813,0
Transformer+GAIL+TD3,192,6007,44,4.725454857535186,0
Transformer+GAIL+TD3,192,6007,45,3.181123451936308,0
Transformer+GAIL+TD3,192,6007,46,6.508683497119621,0
Transformer+GAIL+TD3,192,6007,47,8.098971092601666,0
Transformer+GAIL+TD3,192,6007,48,7.195556514236411,0
Transformer+GAIL+TD3,192,6007,49,5.508845529742352,0
Transformer+GAIL+TD3,192,6007,50,2.340026338743608,0
Transformer+GAIL+TD3,192,6007,51,6.48176033419148,0
Transformer+GAIL+TD3,192,6007,52,5.665702324631564,0
Transformer+GAIL+TD3,192,6007,53,119.73198847262248,0
Transformer+GAIL+TD3,192,6007,54,3.9506206212971096,0
Transformer+GAIL+TD3,192,6007,55,3.4648499579321306,0
Transformer+GAIL+TD3,192,6007,56,3.2749972256131397,0
Transformer+GAIL+TD3,192,6007,57,3.118239535977426,0
Transformer+GAIL+TD3,192,6007,58,92.50180940892643,0
Transformer+GAIL+TD3,192,6007,59,3.512921854071976,0
Transformer+GAIL+TD3,192,6007,60,17.159845751959203,0
Transformer+GAIL+TD3,192,6007,61,2.801289534653999,0
Transformer+GAIL+TD3,192,6007,62,2.7931175233131333,0
Transformer+GAIL+TD3,192,6007,63,10.666684982691356,0
Transformer+GAIL+TD3,192,6007,64,3.9402163946451503,0
Transformer+GAIL+TD3,192,6007,65,21.95143373805218,0
Transformer+GAIL+TD3,192,6007,66,5.162744898305661,0
Transformer+GAIL+TD3,192,6007,67,2.0964945631510914,0
Transformer+GAIL+TD3,192,6007,68,8.798761609907121,0
Transformer+GAIL+TD3,192,6007,69,3.7255643205209443,0
Transformer+GAIL+TD3,192,6007,70,7.990138553325772,0
Transformer+GAIL+TD3,192,6007,71,2.1772683509843636,0
Transformer+GAIL+TD3,192,6007,72,7.364237963400637,0
Transformer+GAIL+TD3,192,6007,73,6.175221542018066,0
Transformer+GAIL+TD3,192,6007,74,3.752766553635607,0
Transformer+GAIL+TD3,192,6007,75,5.402523541660192,0
Transformer+GAIL+TD3,192,6007,76,2.647500594691949,0
Transformer+GAIL+TD3,192,6007,77,8.75850406504065,0
Transformer+GAIL+TD3,192,6007,78,4.021052906188041,0
Transformer+GAIL+TD3,192,6007,79,3.823003032295002,0
Transformer+GAIL+TD3,192,6007,80,6.666679415589381,0
Transformer+GAIL+TD3,192,6007,81,4.928164893617021,0
Transformer+GAIL+TD3,192,6007,82,7.545381124528884,0
Transformer+GAIL+TD3,192,6007,83,3.8789005466707414,0
Transformer+GAIL+TD3,192,6007,84,3.463827142319708,0
Transformer+GAIL+TD3,192,6007,85,12.508183856502242,0
Transformer+GAIL+TD3,192,6007,86,3.0060269221475173,0
Transformer+GAIL+TD3,192,6007,87,2.5873349755057986,0
Transformer+GAIL+TD3,192,6007,89,190.9779005524862,0
Transformer+GAIL+TD3,192,6007,90,6.582038574872756,0
Transformer+GAIL+TD3,192,6010,5,3.990007914523151,0
Transformer+GAIL+TD3,192,6010,6,14.138467374810318,0
Transformer+GAIL+TD3,192,6010,7,309.8164556962025,0
Transformer+GAIL+TD3,192,6010,8,12.657830837717523,0
Transformer+GAIL+TD3,192,6010,9,13.636751225751441,0
Transformer+GAIL+TD3,192,6010,10,4.919107971466168,0
Transformer+GAIL+TD3,192,6010,11,11.016643195493534,0
Transformer+GAIL+TD3,192,6010,12,8.23188506869377,0
Transformer+GAIL+TD3,192,6010,13,4.739175694953155,0
Transformer+GAIL+TD3,192,6010,14,192.88293370944993,0
Transformer+GAIL+TD3,192,6010,15,20.723286875725904,0
Transformer+GAIL+TD3,192,6010,16,16.534162846540056,0
Transformer+GAIL+TD3,192,6010,17,96.28214731585518,0
Transformer+GAIL+TD3,192,6010,18,22.348508841382948,0
Transformer+GAIL+TD3,192,6010,19,6.858739331776952,0
Transformer+GAIL+TD3,192,6010,20,26.766561514195583,0
Transformer+GAIL+TD3,192,6010,21,15.609771291269908,0
Transformer+GAIL+TD3,192,6010,22,15.634852845603938,0
Transformer+GAIL+TD3,192,6010,23,8.027091597547782,0
Transformer+GAIL+TD3,192,6010,24,10.41119155558563,0
Transformer+GAIL+TD3,192,6010,25,5.307180321938868,0
Transformer+GAIL+TD3,192,6010,26,12.55116050997058,0
Transformer+GAIL+TD3,192,6010,27,13.93670226621516,0
Transformer+GAIL+TD3,192,6010,28,10.771549479166667,0
Transformer+GAIL+TD3,192,6010,29,9.635707271992144,0
Transformer+GAIL+TD3,192,6010,30,3.4694240366697366,0
Transformer+GAIL+TD3,192,6010,31,4.137338839645447,0
Transformer+GAIL+TD3,192,6010,32,6.965359918891518,0
Transformer+GAIL+TD3,192,6010,33,9.726617499161918,0
Transformer+GAIL+TD3,192,6010,34,11.106429410777237,0
Transformer+GAIL+TD3,192,6010,35,10.486048604860487,0
Transformer+GAIL+TD3,192,6010,36,5.5077766924637475,0
Transformer+GAIL+TD3,192,6010,37,6.564291408830341,0
Transformer+GAIL+TD3,192,6010,38,11.096989765201686,0
Transformer+GAIL+TD3,192,6010,39,9.306271945756144,0
Transformer+GAIL+TD3,192,6010,40,3.8289359004833217,0
Transformer+GAIL+TD3,192,6010,41,5.199356260511512,0
Transformer+GAIL+TD3,192,6010,42,4.437352715709378,0
Transformer+GAIL+TD3,192,6010,43,9.410308926437962,0
Transformer+GAIL+TD3,192,6010,44,3.856201262532491,0
Transformer+GAIL+TD3,192,6010,45,5.846310373953774,0
Transformer+GAIL+TD3,192,6010,46,3.8617159095657985,0
Transformer+GAIL+TD3,192,6010,47,4.528183431145081,0
Transformer+GAIL+TD3,192,6010,48,3.940481149760467,0
Transformer+GAIL+TD3,192,6010,49,12.129631421108641,0
Transformer+GAIL+TD3,192,6010,50,2.562955960258994,0
Transformer+GAIL+TD3,192,6010,51,17.791380999020568,0
Transformer+GAIL+TD3,192,6010,52,2.2035902567607146,0
Transformer+GAIL+TD3,192,6010,53,13.686640705714058,0
Transformer+GAIL+TD3,192,6010,54,3.2551136843884705,0
Transformer+GAIL+TD3,192,6010,55,4.503170289855072,0
Transformer+GAIL+TD3,192,6010,56,14.613484183791275,0
Transformer+GAIL+TD3,192,6010,57,4.777943485086342,0
Transformer+GAIL+TD3,192,6010,58,3.5678149369798375,0
Transformer+GAIL+TD3,192,6010,59,3.225925305643946,0
Transformer+GAIL+TD3,192,6010,60,6.293017677889313,0
Transformer+GAIL+TD3,192,6010,61,4.839435995865939,0
Transformer+GAIL+TD3,192,6010,62,4.316744462749405,0
Transformer+GAIL+TD3,192,6010,63,8.071420129998028,0
Transformer+GAIL+TD3,192,6010,64,2.100357604808643,0
Transformer+GAIL+TD3,192,6010,65,3.4946220383602853,0
Transformer+GAIL+TD3,192,6010,66,9.05050769391814,0
Transformer+GAIL+TD3,192,6010,67,9.040201005025127,0
Transformer+GAIL+TD3,192,6010,68,3.8040165867143676,0
Transformer+GAIL+TD3,192,6010,69,114.57367149758456,0
Transformer+GAIL+TD3,192,6010,70,2.869047808955605,0
Transformer+GAIL+TD3,192,6010,71,4.649743468647361,0
Transformer+GAIL+TD3,192,6010,72,6.628648136449779,0
Transformer+GAIL+TD3,192,6010,73,4.415736607142858,0
Transformer+GAIL+TD3,192,6010,75,115.93392070484582,0
Transformer+GAIL+TD3,192,6010,76,3.1569078365469663,0
Transformer+GAIL+TD3,192,6010,77,37.16612049407612,0
Transformer+GAIL+TD3,192,6010,78,4.309032456326974,0
Transformer+GAIL+TD3,192,6010,79,8.936706689536877,0
Transformer+GAIL+TD3,192,6010,80,9.021111496445291,0
Transformer+GAIL+TD3,192,6010,81,2.406284475215886,0
Transformer+GAIL+TD3,192,6010,82,5.21511246997161,0
Transformer+GAIL+TD3,192,6010,83,4.919837150611875,0
Transformer+GAIL+TD3,192,6010,84,5.017165292023009,0
Transformer+GAIL+TD3,192,6010,85,2.385919284855455,0
Transformer+GAIL+TD3,192,6010,86,147.65935114503816,0
Transformer+GAIL+TD3,192,6010,87,6.464751412035424,0
Transformer+GAIL+TD3,192,6010,88,2.8826506608117937,0
Transformer+GAIL+TD3,192,6010,89,48.18669453152212,0
Transformer+GAIL+TD3,192,6010,90,2.7525843656557027,0
Transformer+GAIL+TD3,192,6010,91,8.421598753061678,0
Transformer+GAIL+TD3,192,6010,92,5.370506018905017,0
Transformer+GAIL+TD3,192,6010,93,4.077083948989566,0
Transformer+GAIL+TD3,192,6010,94,4.253672007768876,0
Transformer+GAIL+TD3,192,6010,95,3.5065379335178806,0
Transformer+GAIL+TD3,192,6010,96,3.6316039685820583,0
Transformer+GAIL+TD3,192,6010,97,7.480638953040801,0
Transformer+GAIL+TD3,192,6010,98,4.617840252233316,0
Transformer+GAIL+TD3,192,6013,5,6.361086680347894,0
Transformer+GAIL+TD3,192,6013,6,292.7317880794702,0
Transformer+GAIL+TD3,192,6013,7,17.88999593330622,0
Transformer+GAIL+TD3,192,6013,8,8.739687185584927,0
Transformer+GAIL+TD3,192,6013,9,4.444398549726926,0
Transformer+GAIL+TD3,192,6013,10,5.159641127883794,0
Transformer+GAIL+TD3,192,6013,11,4.520903411821239,0
Transformer+GAIL+TD3,192,6013,12,519.6137339055794,0
Transformer+GAIL+TD3,192,6013,13,567.0871212121211,0
Transformer+GAIL+TD3,192,6013,14,609.5729537366549,0
Transformer+GAIL+TD3,192,6013,15,7.589422966616956,0
Transformer+GAIL+TD3,192,6013,16,9.054436434683014,0
Transformer+GAIL+TD3,192,6013,17,10.01758008377087,0
Transformer+GAIL+TD3,192,6013,18,23.92847811887655,0
Transformer+GAIL+TD3,192,6013,19,11.861748755664516,0
Transformer+GAIL+TD3,192,6013,20,2.6205402650356775,0
Transformer+GAIL+TD3,192,6013,21,25.179257362355948,0
Transformer+GAIL+TD3,192,6013,22,5.666397903648458,0
Transformer+GAIL+TD3,192,6013,23,18.450855417645084,0
Transformer+GAIL+TD3,192,6013,24,8.087563376081121,0
Transformer+GAIL+TD3,192,6013,25,7.877911189317875,0
Transformer+GAIL+TD3,192,6013,26,3.396012125029526,0
Transformer+GAIL+TD3,192,6013,27,13.483951612903226,0
Transformer+GAIL+TD3,192,6013,28,5.872558610220947,0
Transformer+GAIL+TD3,192,6013,29,7.355605332167832,0
Transformer+GAIL+TD3,192,6013,30,5.814454532353365,0
Transformer+GAIL+TD3,192,6013,31,3.817098326839331,0
Transformer+GAIL+TD3,192,6013,32,10.898778489497989,0
Transformer+GAIL+TD3,192,6013,33,5.087770455473261,0
Transformer+GAIL+TD3,192,6013,34,20.060075920118827,0
Transformer+GAIL+TD3,192,6013,35,4.3759771458252175,0
Transformer+GAIL+TD3,192,6013,36,5.151051087262351,0
Transformer+GAIL+TD3,192,6013,37,3.9346875440823808,0
Transformer+GAIL+TD3,192,6013,38,2.892335590408396,0
Transformer+GAIL+TD3,192,6013,39,7.510447466982061,0
Transformer+GAIL+TD3,192,6013,40,3.853104075390592,0
Transformer+GAIL+TD3,192,6013,41,12.633444246691946,0
Transformer+GAIL+TD3,192,6013,42,2.553385565129575,0
Transformer+GAIL+TD3,192,6013,43,2.6168771449720736,0
Transformer+GAIL+TD3,192,6013,44,3.5168804951257733,0
Transformer+GAIL+TD3,192,6013,45,7.033243448217746,0
Transformer+GAIL+TD3,192,6013,46,6.8680383730520465,0
Transformer+GAIL+TD3,192,6013,47,64.58100761145343,0
Transformer+GAIL+TD3,192,6013,48,3.228644382544104,0
Transformer+GAIL+TD3,192,6013,49,2.1160877818109167,0
Transformer+GAIL+TD3,192,6013,50,4.0576092953815195,0
Transformer+GAIL+TD3,192,6013,51,17.021087224428317,0
Transformer+GAIL+TD3,192,6013,52,8.376162608423032,0
Transformer+GAIL+TD3,192,6013,53,125.80823199251638,0
Transformer+GAIL+TD3,192,6013,54,4.629683170702325,0
Transformer+GAIL+TD3,192,6013,55,5.844592635546534,0
Transformer+GAIL+TD3,192,6013,56,4.146038668411106,0
Transformer+GAIL+TD3,192,6013,57,8.273117647058822,0
Transformer+GAIL+TD3,192,6013,58,8.096872484764862,0
Transformer+GAIL+TD3,192,6013,59,7.025747724317295,0
Transformer+GAIL+TD3,192,6013,60,4.103082945926108,0
Transformer+GAIL+TD3,192,6013,61,2.7634512127383815,0
Transformer+GAIL+TD3,192,6013,62,3.8727302431965644,0
Transformer+GAIL+TD3,192,6013,63,4.941031604870707,0
Transformer+GAIL+TD3,192,6013,64,3.846592204239799,0
Transformer+GAIL+TD3,192,6013,65,16.809137155155547,0
Transformer+GAIL+TD3,192,6013,66,5.764528173794976,0
Transformer+GAIL+TD3,192,6013,67,2.7490124717056497,0
Transformer+GAIL+TD3,192,6013,68,8.326033603926753,0
Transformer+GAIL+TD3,192,6013,69,2.83054134797366,0
Transformer+GAIL+TD3,192,6013,70,5.942268575021266,0
Transformer+GAIL+TD3,192,6013,71,105.64677640603566,0
Transformer+GAIL+TD3,192,6013,72,2.181343851809319,0
Transformer+GAIL+TD3,192,6013,73,12.98373432734666,0
Transformer+GAIL+TD3,192,6013,74,2.5477675266245225,0
Transformer+GAIL+TD3,192,6013,75,5.768402603905858,0
Transformer+GAIL+TD3,192,6013,76,5.802073245094875,0
Transformer+GAIL+TD3,192,6013,77,6.131190397290034,0
Transformer+GAIL+TD3,192,6013,78,3.551916352179483,0
Transformer+GAIL+TD3,192,6013,79,4.327241100521841,0
Transformer+GAIL+TD3,192,6013,80,2.9249308320939087,0
Transformer+GAIL+TD3,192,6013,81,4.4392132788704455,0
Transformer+GAIL+TD3,192,6013,82,5.467055065949014,0
Transformer+GAIL+TD3,192,6013,83,3.422090446487196,0
Transformer+GAIL+TD3,192,6013,84,8.248123686580605,0
Transformer+GAIL+TD3,192,6013,85,5.609920994689807,0
Transformer+GAIL+TD3,192,6013,86,2.878481870552355,0
Transformer+GAIL+TD3,192,6013,87,4.360647252717317,0
Transformer+GAIL+TD3,192,6013,88,3.9074507534913083,0
Transformer+GAIL+TD3,192,6013,89,3.8257129714811406,0
Transformer+GAIL+TD3,192,6013,90,2.2728423590877123,0
Transformer+GAIL+TD3,192,6015,5,3.407308641975309,0
Transformer+GAIL+TD3,192,6015,6,7.764994119952958,0
Transformer+GAIL+TD3,192,6015,7,154.33425414364643,0
Transformer+GAIL+TD3,192,6015,8,12.4020875879283,0
Transformer+GAIL+TD3,192,6015,9,13.885611274991806,0
Transformer+GAIL+TD3,192,6015,10,8.073414682936587,0
Transformer+GAIL+TD3,192,6015,11,4.060219962647853,0
Transformer+GAIL+TD3,192,6015,12,4.908583651074118,0
Transformer+GAIL+TD3,192,6015,13,379.41424802110816,0
Transformer+GAIL+TD3,192,6015,14,71.95193798449611,0
Transformer+GAIL+TD3,192,6015,15,23.852328431372552,0
Transformer+GAIL+TD3,192,6015,16,12.644554611268491,0
Transformer+GAIL+TD3,192,6015,17,38.199316906562586,0
Transformer+GAIL+TD3,192,6015,18,4.603589496506865,0
Transformer+GAIL+TD3,192,6015,19,41.23066522444565,0
Transformer+GAIL+TD3,192,6015,20,20.236893495568573,0
Transformer+GAIL+TD3,192,6015,21,11.429735827086821,0
Transformer+GAIL+TD3,192,6015,22,7.626995281598234,0
Transformer+GAIL+TD3,192,6015,23,10.900809985393707,0
Transformer+GAIL+TD3,192,6015,24,7.207273788107163,0
Transformer+GAIL+TD3,192,6015,25,13.882466281310212,0
Transformer+GAIL+TD3,192,6015,26,5.329307672436063,0
Transformer+GAIL+TD3,192,6015,27,14.64586088336419,0
Transformer+GAIL+TD3,192,6015,28,5.91024904902031,0
Transformer+GAIL+TD3,192,6015,29,13.398877405559515,0
Transformer+GAIL+TD3,192,6015,30,12.22997159090909,0
Transformer+GAIL+TD3,192,6015,31,9.192782868320808,0
Transformer+GAIL+TD3,192,6015,32,5.221628883291353,0
Transformer+GAIL+TD3,192,6015,33,11.429437591469787,0
Transformer+GAIL+TD3,192,6015,34,6.6867039831264705,0
Transformer+GAIL+TD3,192,6015,35,5.130517143398371,0
Transformer+GAIL+TD3,192,6015,36,14.943416089130626,0
Transformer+GAIL+TD3,192,6015,37,5.2644492553959195,0
Transformer+GAIL+TD3,192,6015,38,4.217089763612779,0
Transformer+GAIL+TD3,192,6015,39,3.628019472516637,0
Transformer+GAIL+TD3,192,6015,40,4.597276192590948,0
Transformer+GAIL+TD3,192,6015,41,4.685570623190614,0
Transformer+GAIL+TD3,192,6015,42,12.633482968048588,0
Transformer+GAIL+TD3,192,6015,43,8.345929047165965,0
Transformer+GAIL+TD3,192,6015,44,4.878771234650241,0
Transformer+GAIL+TD3,192,6015,45,2.3769461432903585,0
Transformer+GAIL+TD3,192,6015,46,6.412955465587044,0
Transformer+GAIL+TD3,192,6015,47,9.589187826854012,0
Transformer+GAIL+TD3,192,6015,48,4.19185936953186,0
Transformer+GAIL+TD3,192,6015,49,219.23452157598499,0
Transformer+GAIL+TD3,192,6015,50,4.535993474270954,0
Transformer+GAIL+TD3,192,6015,51,5.904993354850958,0
Transformer+GAIL+TD3,192,6015,52,5.688258722319579,0
Transformer+GAIL+TD3,192,6015,53,14.596458994488058,0
Transformer+GAIL+TD3,192,6015,54,4.949069111984437,0
Transformer+GAIL+TD3,192,6015,55,3.1271403755480187,0
Transformer+GAIL+TD3,192,6015,56,8.427895281763051,0
Transformer+GAIL+TD3,192,6015,57,3.734183617372182,0
Transformer+GAIL+TD3,192,6015,58,6.301027083605915,0
Transformer+GAIL+TD3,192,6015,59,67.85561497326204,0
Transformer+GAIL+TD3,192,6015,60,3.375216105113527,0
Transformer+GAIL+TD3,192,6015,61,4.523899555295183,0
Transformer+GAIL+TD3,192,6015,62,7.896769989760774,0
Transformer+GAIL+TD3,192,6015,63,6.301357921207041,0
Transformer+GAIL+TD3,192,6015,64,12.719808815719597,0
Transformer+GAIL+TD3,192,6015,65,2.9100222023137152,0
Transformer+GAIL+TD3,192,6015,66,7.6579633180901805,0
Transformer+GAIL+TD3,192,6015,67,3.060839578476891,0
Transformer+GAIL+TD3,192,6015,68,2.8941285423226524,0
Transformer+GAIL+TD3,192,6015,69,41.268575323790046,0
Transformer+GAIL+TD3,192,6015,70,6.39281409184586,0
Transformer+GAIL+TD3,192,6015,71,3.180335607913823,0
Transformer+GAIL+TD3,192,6015,72,7.871459582385777,0
Transformer+GAIL+TD3,192,6015,73,2.157962715804882,0
Transformer+GAIL+TD3,192,6015,74,4.946625983903776,0
Transformer+GAIL+TD3,192,6015,75,2.569455443238459,0
Transformer+GAIL+TD3,192,6015,76,26.383960859391618,0
Transformer+GAIL+TD3,192,6015,77,5.226878191101386,0
Transformer+GAIL+TD3,192,6015,78,4.820323499045772,0
Transformer+GAIL+TD3,192,6015,79,4.631859953404089,0
Transformer+GAIL+TD3,192,6015,80,4.390578015369195,0
Transformer+GAIL+TD3,192,6015,81,4.258019563910596,0
Transformer+GAIL+TD3,192,6015,82,25.308874375720325,0
Transformer+GAIL+TD3,192,6015,83,3.0948610543522683,0
Transformer+GAIL+TD3,192,6015,84,4.326112642772745,0
Transformer+GAIL+TD3,192,6015,85,4.959557316573303,0
Transformer+GAIL+TD3,192,6015,86,2.507705995898178,0
Transformer+GAIL+TD3,192,6015,87,7.664424381896501,0
Transformer+GAIL+TD3,192,6015,88,2.8336723388070317,0
Transformer+GAIL+TD3,192,6015,89,11.090847247990105,0
Transformer+GAIL+TD3,192,6015,90,5.490603331973771,0
Transformer+GAIL+TD3,192,6015,91,2.4114512843161,0
Transformer+GAIL+TD3,192,6015,92,3.21167423663264,0
Transformer+GAIL+TD3,192,6015,93,3.515115577022597,0
Transformer+GAIL+TD3,192,6015,94,2.7266018875495,0
Transformer+GAIL+TD3,192,6015,95,114.50771869639797,0
Transformer+GAIL+TD3,192,6015,96,4.095880333496813,0
Transformer+GAIL+TD3,192,6015,97,4.780547698237544,0
Transformer+GAIL+TD3,192,6015,98,4.869917649792188,0
Transformer+GAIL+TD3,192,6020,5,4.653332022803224,0
Transformer+GAIL+TD3,192,6020,6,360.2113402061855,0
Transformer+GAIL+TD3,192,6020,7,22.73371757925072,0
Transformer+GAIL+TD3,192,6020,8,16.521714608009024,0
Transformer+GAIL+TD3,192,6020,9,5.8950172726740435,0
Transformer+GAIL+TD3,192,6020,10,7.499076741265971,0
Transformer+GAIL+TD3,192,6020,11,2.796109013750723,0
Transformer+GAIL+TD3,192,6020,12,12.776108502869064,0
Transformer+GAIL+TD3,192,6020,13,415.23151125401927,0
Transformer+GAIL+TD3,192,6020,14,13.146455770357353,0
Transformer+GAIL+TD3,192,6020,15,476.0616246498599,0
Transformer+GAIL+TD3,192,6020,16,49.27838340866791,0
Transformer+GAIL+TD3,192,6020,17,4.634523352527191,0
Transformer+GAIL+TD3,192,6020,18,34.78006230529596,0
Transformer+GAIL+TD3,192,6020,19,13.24377533294731,0
Transformer+GAIL+TD3,192,6020,20,6.501382256848455,0
Transformer+GAIL+TD3,192,6020,21,20.80070821529745,0
Transformer+GAIL+TD3,192,6020,22,10.945049397851012,0
Transformer+GAIL+TD3,192,6020,23,7.929592662530348,0
Transformer+GAIL+TD3,192,6020,24,9.262532981530347,0
Transformer+GAIL+TD3,192,6020,25,2.3242523059722346,0
Transformer+GAIL+TD3,192,6020,26,3.3911990203386218,0
Transformer+GAIL+TD3,192,6020,27,7.838715400993612,0
Transformer+GAIL+TD3,192,6020,28,8.794122721260566,0
Transformer+GAIL+TD3,192,6020,29,9.419444950507074,0
Transformer+GAIL+TD3,192,6020,30,7.311761072878065,0
Transformer+GAIL+TD3,192,6020,31,5.939923791887754,0
Transformer+GAIL+TD3,192,6020,32,3.580558795461775,0
Transformer+GAIL+TD3,192,6020,33,5.43856388909537,0
Transformer+GAIL+TD3,192,6020,34,7.582457958453062,0
Transformer+GAIL+TD3,192,6020,35,12.139683860232946,0
Transformer+GAIL+TD3,192,6020,36,7.8737829704372455,0
Transformer+GAIL+TD3,192,6020,37,7.569922418937737,0
Transformer+GAIL+TD3,192,6020,38,3.680653776707794,0
Transformer+GAIL+TD3,192,6020,39,7.459421039028173,0
Transformer+GAIL+TD3,192,6020,40,5.733514448011856,0
Transformer+GAIL+TD3,192,6020,41,6.337658325610133,0
Transformer+GAIL+TD3,192,6020,42,158.58203592814374,0
Transformer+GAIL+TD3,192,6020,43,3.5744851146900927,0
Transformer+GAIL+TD3,192,6020,44,7.280063923292049,0
Transformer+GAIL+TD3,192,6020,45,2.6709112867343268,0
Transformer+GAIL+TD3,192,6020,46,3.1858380338436745,0
Transformer+GAIL+TD3,192,6020,47,13.090613382899628,0
Transformer+GAIL+TD3,192,6020,48,3.8976649228020928,0
Transformer+GAIL+TD3,192,6020,49,7.776877116870265,0
Transformer+GAIL+TD3,192,6020,50,3.262712244075086,0
Transformer+GAIL+TD3,192,6020,51,3.5442793051391632,0
Transformer+GAIL+TD3,192,6020,52,8.46951481322456,0
Transformer+GAIL+TD3,192,6020,53,220.55845629965947,0
Transformer+GAIL+TD3,192,6020,54,6.252039775624681,0
Transformer+GAIL+TD3,192,6020,55,15.564055129035243,0
Transformer+GAIL+TD3,192,6020,56,2.039244084838525,0
Transformer+GAIL+TD3,192,6020,57,3.370523299907306,0
Transformer+GAIL+TD3,192,6020,58,129.19408866995073,0
Transformer+GAIL+TD3,192,6020,59,3.081543999007075,0
Transformer+GAIL+TD3,192,6020,60,86.64445868033312,0
Transformer+GAIL+TD3,192,6020,61,3.068401783448726,0
Transformer+GAIL+TD3,192,6020,62,8.061570057420681,0
Transformer+GAIL+TD3,192,6020,63,5.199641195268263,0
Transformer+GAIL+TD3,192,6020,64,8.480934429268897,0
Transformer+GAIL+TD3,192,6020,65,3.4468435838499216,0
Transformer+GAIL+TD3,192,6020,66,5.107320574162679,0
Transformer+GAIL+TD3,192,6020,68,67.02927927927928,0
Transformer+GAIL+TD3,192,6020,69,4.023897883446842,0
Transformer+GAIL+TD3,192,6020,70,2.5587768223719887,0
Transformer+GAIL+TD3,192,6020,71,4.64753843496286,0
Transformer+GAIL+TD3,192,6020,72,4.344974016332591,0
Transformer+GAIL+TD3,192,6020,73,65.764192139738,0
Transformer+GAIL+TD3,192,6020,74,5.535390440761285,0
Transformer+GAIL+TD3,192,6020,75,5.059947618585701,0
Transformer+GAIL+TD3,192,6020,76,4.019056727001306,0
Transformer+GAIL+TD3,192,6020,77,6.611135466900481,0
Transformer+GAIL+TD3,192,6020,78,2.514825756755503,0
Transformer+GAIL+TD3,192,6020,79,4.969104715184093,0
Transformer+GAIL+TD3,192,6020,80,8.24704349569052,0
Transformer+GAIL+TD3,192,6020,81,3.3467040854179775,0
Transformer+GAIL+TD3,192,6020,82,5.894200127469725,0
Transformer+GAIL+TD3,192,6020,83,7.601831529554228,0
Transformer+GAIL+TD3,192,6020,84,2.3930013458950206,0
Transformer+GAIL+TD3,192,6020,85,6.959162881521416,0
Transformer+GAIL+TD3,192,6020,86,3.210190725504861,0
Transformer+GAIL+TD3,192,6020,87,4.656181375749303,0
Transformer+GAIL+TD3,192,6020,88,4.234005173002782,0
Transformer+GAIL+TD3,192,6020,89,12.302720419534577,0
Transformer+GAIL+TD3,192,6020,90,2.405579107560194,0
Transformer+GAIL+TD3,192,6020,91,7.552026082906382,0
Transformer+GAIL+TD3,192,6020,92,4.129424049241592,0
Transformer+GAIL+TD3,192,6020,93,4.027741478819557,0
Transformer+GAIL+TD3,192,6020,94,3.444656128964723,0
Transformer+GAIL+TD3,192,6020,95,16.831419473125543,0
Transformer+GAIL+TD3,192,6020,96,2.4134718638867585,0
Transformer+GAIL+TD3,192,6020,97,3.5160247333144525,0
Transformer+GAIL+TD3,192,6020,98,7.313440608238296,0
Transformer+GAIL+TD3,192,6022,5,4.31105195701469,0
Transformer+GAIL+TD3,192,6022,6,13.97026721866767,0
Transformer+GAIL+TD3,192,6022,7,299.4271844660194,0
Transformer+GAIL+TD3,192,6022,8,13.299622522805914,0
Transformer+GAIL+TD3,192,6022,9,8.611658687693609,0
Transformer+GAIL+TD3,192,6022,10,5.9708102667337695,0
Transformer+GAIL+TD3,192,6022,11,8.467928398284542,0
Transformer+GAIL+TD3,192,6022,12,2.9241546311510853,0
Transformer+GAIL+TD3,192,6022,13,3.809630646619563,0
Transformer+GAIL+TD3,192,6022,14,43.029422581831554,0
Transformer+GAIL+TD3,192,6022,15,537.3345454545455,0
Transformer+GAIL+TD3,192,6022,16,479.48148148148147,0
Transformer+GAIL+TD3,192,6022,17,10.995363117989848,0
Transformer+GAIL+TD3,192,6022,18,5.433861124855683,0
Transformer+GAIL+TD3,192,6022,19,11.989413613431479,0
Transformer+GAIL+TD3,192,6022,20,7.4830751577739525,0
Transformer+GAIL+TD3,192,6022,21,28.232426303854876,0
Transformer+GAIL+TD3,192,6022,22,24.939117859725233,0
Transformer+GAIL+TD3,192,6022,23,149.8901192504259,0
Transformer+GAIL+TD3,192,6022,24,5.549843117982837,0
Transformer+GAIL+TD3,192,6022,25,12.036417100203574,0
Transformer+GAIL+TD3,192,6022,26,8.972977605118832,0
Transformer+GAIL+TD3,192,6022,27,3.9398196323274366,0
Transformer+GAIL+TD3,192,6022,28,17.200338409475467,0
Transformer+GAIL+TD3,192,6022,29,8.575155810827326,0
Transformer+GAIL+TD3,192,6022,30,3.65668332880179,0
Transformer+GAIL+TD3,192,6022,31,6.319518666616839,0
Transformer+GAIL+TD3,192,6022,32,6.6824207680531575,0
Transformer+GAIL+TD3,192,6022,33,6.833145599686566,0
Transformer+GAIL+TD3,192,6022,34,6.090300212749192,0
Transformer+GAIL+TD3,192,6022,35,3.930808998843276,0
Transformer+GAIL+TD3,192,6022,36,7.400124326564443,0
Transformer+GAIL+TD3,192,6022,37,5.32973700104321,0
Transformer+GAIL+TD3,192,6022,38,97.4407039020658,0
Transformer+GAIL+TD3,192,6022,39,3.5706958970233305,0
Transformer+GAIL+TD3,192,6022,40,5.474188103829589,0
Transformer+GAIL+TD3,192,6022,41,3.1711428511150017,0
Transformer+GAIL+TD3,192,6022,42,3.4864551979624907,0
Transformer+GAIL+TD3,192,6022,43,18.724724562540505,0
Transformer+GAIL+TD3,192,6022,44,3.227941334364062,0
Transformer+GAIL+TD3,192,6022,45,9.784056640881081,0
Transformer+GAIL+TD3,192,6022,46,5.983068751131769,0
Transformer+GAIL+TD3,192,6022,47,2.9778699045455217,0
Transformer+GAIL+TD3,192,6022,48,3.045832715879501,0
Transformer+GAIL+TD3,192,6022,49,4.537420309997884,0
Transformer+GAIL+TD3,192,6022,50,5.393979622315888,0
Transformer+GAIL+TD3,192,6022,51,3.779843778237385,0
Transformer+GAIL+TD3,192,6022,52,23.999170583356374,0
Transformer+GAIL+TD3,192,6022,53,6.062913104117397,0
Transformer+GAIL+TD3,192,6022,54,2.681624626667061,0
Transformer+GAIL+TD3,192,6022,55,3.9158434275951195,0
Transformer+GAIL+TD3,192,6022,56,3.6036030273958,0
Transformer+GAIL+TD3,192,6022,57,24.951934889434884,0
Transformer+GAIL+TD3,192,6022,58,3.7579771691276727,0
Transformer+GAIL+TD3,192,6022,59,24.362790010344316,0
Transformer+GAIL+TD3,192,6022,60,2.8174064602768687,0
Transformer+GAIL+TD3,192,6022,61,3.8088985349972866,0
Transformer+GAIL+TD3,192,6022,62,12.214436174694569,0
Transformer+GAIL+TD3,192,6022,63,3.160949639289678,0
Transformer+GAIL+TD3,192,6022,64,28.45188737623762,0
Transformer+GAIL+TD3,192,6022,65,7.1022686864376645,0
Transformer+GAIL+TD3,192,6022,66,4.057055837563452,0
Transformer+GAIL+TD3,192,6022,67,2.650334111585218,0
Transformer+GAIL+TD3,192,6022,68,5.092914808661946,0
Transformer+GAIL+TD3,192,6022,69,5.374187832250444,0
Transformer+GAIL+TD3,192,6022,70,57.51477683956575,0
Transformer+GAIL+TD3,192,6022,71,7.303783934548159,0
Transformer+GAIL+TD3,192,6022,72,3.7215075327724514,0
Transformer+GAIL+TD3,192,6022,73,2.3097250202768107,0
Transformer+GAIL+TD3,192,6022,74,4.043751885857149,0
Transformer+GAIL+TD3,192,6022,75,34.53289604452395,0
Transformer+GAIL+TD3,192,6022,76,108.78803309993634,0
Transformer+GAIL+TD3,192,6022,77,4.013039435789282,0
Transformer+GAIL+TD3,192,6022,78,2.674061433447099,0
Transformer+GAIL+TD3,192,6022,79,2.455604964106141,0
Transformer+GAIL+TD3,192,6022,80,7.455769852386595,0
Transformer+GAIL+TD3,192,6022,81,143.41988950276243,0
Transformer+GAIL+TD3,192,6022,82,16.280599070407987,0
Transformer+GAIL+TD3,192,6022,83,5.075847675681857,0
Transformer+GAIL+TD3,192,6022,84,3.10646807079183,0
Transformer+GAIL+TD3,192,6022,85,4.046025595867089,0
Transformer+GAIL+TD3,192,6022,86,5.344342239743028,0
Transformer+GAIL+TD3,192,6022,87,6.616455315019908,0
Transformer+GAIL+TD3,192,6022,88,11.627437056165267,0
Transformer+GAIL+TD3,192,6022,89,3.4071888735023177,0
Transformer+GAIL+TD3,192,6022,90,2.997589662734011,0
Transformer+GAIL+TD3,192,6022,91,3.1803875049426646,0
Transformer+GAIL+TD3,192,6022,92,4.865802392921186,0
Transformer+GAIL+TD3,192,6022,93,41.39057318806253,0
Transformer+GAIL+TD3,192,6022,94,4.878801990860669,0
Transformer+GAIL+TD3,192,6022,95,3.3265508275207396,0
Transformer+GAIL+TD3,192,6022,96,4.401081624952837,0
Transformer+GAIL+TD3,192,6022,97,4.009094040647606,0
Transformer+GAIL+TD3,192,6022,98,5.273580203477292,0
Transformer+GAIL+TD3,192,6024,5,5.701548108955517,0
Transformer+GAIL+TD3,192,6024,6,12.857277882797733,0
Transformer+GAIL+TD3,192,6024,7,37.18211610486892,0
Transformer+GAIL+TD3,192,6024,8,10.362662308181243,0
Transformer+GAIL+TD3,192,6024,9,7.526297335203366,0
Transformer+GAIL+TD3,192,6024,10,4.093986621846457,0
Transformer+GAIL+TD3,192,6024,11,4.997371099050203,0
Transformer+GAIL+TD3,192,6024,12,10.402978235967927,0
Transformer+GAIL+TD3,192,6024,13,18.76693692455682,0
Transformer+GAIL+TD3,192,6024,14,626.6115384615384,0
Transformer+GAIL+TD3,192,6024,15,230.1723237597911,0
Transformer+GAIL+TD3,192,6024,16,9.002028722438737,0
Transformer+GAIL+TD3,192,6024,17,12.812423500611994,0
Transformer+GAIL+TD3,192,6024,18,28.72935859551538,0
Transformer+GAIL+TD3,192,6024,19,4.249276980059871,0
Transformer+GAIL+TD3,192,6024,20,14.29849765258216,0
Transformer+GAIL+TD3,192,6024,21,18.693556143303677,0
Transformer+GAIL+TD3,192,6024,22,9.343260093214695,0
Transformer+GAIL+TD3,192,6024,23,5.70440187487263,0
Transformer+GAIL+TD3,192,6024,24,4.424653468285299,0
Transformer+GAIL+TD3,192,6024,25,4.393356886527388,0
Transformer+GAIL+TD3,192,6024,26,8.967000186439623,0
Transformer+GAIL+TD3,192,6024,27,8.344411979547115,0
Transformer+GAIL+TD3,192,6024,28,8.989470069818015,0
Transformer+GAIL+TD3,192,6024,29,10.33236651285432,0
Transformer+GAIL+TD3,192,6024,30,2.447701939227363,0
Transformer+GAIL+TD3,192,6024,31,8.914097960842762,0
Transformer+GAIL+TD3,192,6024,32,4.0449278308599315,0
Transformer+GAIL+TD3,192,6024,33,6.306996257146383,0
Transformer+GAIL+TD3,192,6024,34,8.441121081200842,0
Transformer+GAIL+TD3,192,6024,35,3.022609864016494,0
Transformer+GAIL+TD3,192,6024,36,7.232994077396354,0
Transformer+GAIL+TD3,192,6024,37,3.864474842699766,0
Transformer+GAIL+TD3,192,6024,38,5.856656410256411,0
Transformer+GAIL+TD3,192,6024,39,7.129305948351801,0
Transformer+GAIL+TD3,192,6024,40,2.398272395256268,0
Transformer+GAIL+TD3,192,6024,41,3.1878735164557677,0
Transformer+GAIL+TD3,192,6024,42,3.9380514943718454,0
Transformer+GAIL+TD3,192,6024,43,3.887933867583488,0
Transformer+GAIL+TD3,192,6024,44,10.523769254001817,0
Transformer+GAIL+TD3,192,6024,45,5.3270484273152805,0
Transformer+GAIL+TD3,192,6024,46,3.320976373841535,0
Transformer+GAIL+TD3,192,6024,47,3.170301926080167,0
Transformer+GAIL+TD3,192,6024,48,5.4535227313183094,0
Transformer+GAIL+TD3,192,6024,49,2.2824935340126515,0
Transformer+GAIL+TD3,192,6024,50,139.08196721311475,0
Transformer+GAIL+TD3,192,6024,51,5.035038101971876,0
Transformer+GAIL+TD3,192,6024,52,6.960375303677643,0
Transformer+GAIL+TD3,192,6024,53,2.9507908063887807,0
Transformer+GAIL+TD3,192,6024,54,3.0601843260963695,0
Transformer+GAIL+TD3,192,6024,55,4.157312322946176,0
Transformer+GAIL+TD3,192,6024,56,19.89531116794544,0
Transformer+GAIL+TD3,192,6024,57,2.725321732825811,0
Transformer+GAIL+TD3,192,6024,58,35.45845213849287,0
Transformer+GAIL+TD3,192,6024,59,2.3131739959210336,0
Transformer+GAIL+TD3,192,6024,60,8.825565141948234,0
Transformer+GAIL+TD3,192,6024,61,3.177693299542039,0
Transformer+GAIL+TD3,192,6024,62,6.120368077907073,0
Transformer+GAIL+TD3,192,6024,63,3.3739863287054725,0
Transformer+GAIL+TD3,192,6024,64,81.37940761636108,0
Transformer+GAIL+TD3,192,6024,65,4.160028412080395,0
Transformer+GAIL+TD3,192,6024,66,6.673167960613521,0
Transformer+GAIL+TD3,192,6024,67,2.907339632176163,0
Transformer+GAIL+TD3,192,6024,68,3.0117478253071472,0
Transformer+GAIL+TD3,192,6024,69,5.159468709256846,0
Transformer+GAIL+TD3,192,6024,70,53.78568994889267,0
Transformer+GAIL+TD3,192,6024,71,5.895100089632507,0
Transformer+GAIL+TD3,192,6024,72,3.0919598060179174,0
Transformer+GAIL+TD3,192,6024,73,4.299410518794498,0
Transformer+GAIL+TD3,192,6024,74,4.977293009419931,0
Transformer+GAIL+TD3,192,6024,75,3.062654605870408,0
Transformer+GAIL+TD3,192,6024,76,114.50646153846154,0
Transformer+GAIL+TD3,192,6024,77,3.006225392442604,0
Transformer+GAIL+TD3,192,6024,78,25.89005145797599,0
Transformer+GAIL+TD3,192,6024,79,2.433765872218012,0
Transformer+GAIL+TD3,192,6024,80,2.64759827177228,0
Transformer+GAIL+TD3,192,6024,81,7.343647708674305,0
Transformer+GAIL+TD3,192,6024,82,3.5589424572317263,0
Transformer+GAIL+TD3,192,6024,83,97.32631578947368,0
Transformer+GAIL+TD3,192,6024,84,2.8142778575575176,0
Transformer+GAIL+TD3,192,6024,85,3.7493321258772916,0
Transformer+GAIL+TD3,192,6024,86,7.917860871215717,0
Transformer+GAIL+TD3,192,6024,87,2.5537080614933703,0
Transformer+GAIL+TD3,192,6024,88,66.41328577797591,0
Transformer+GAIL+TD3,192,6024,89,4.678189770863364,0
Transformer+GAIL+TD3,192,6024,90,5.415257595772788,0
Transformer+GAIL+TD3,192,6024,91,4.40355294833836,0
Transformer+GAIL+TD3,192,6024,92,4.012668980414047,0
Transformer+GAIL+TD3,192,6024,93,5.675253215574949,0
Transformer+GAIL+TD3,192,6024,94,3.180435089203864,0
Transformer+GAIL+TD3,192,6024,95,11.712826185982951,0
Transformer+GAIL+TD3,192,6024,96,5.426328419609187,0
Transformer+GAIL+TD3,192,6024,97,5.049338544798558,0
Transformer+GAIL+TD3,192,6024,98,4.37790277219767,0
Transformer+GAIL+TD3,192,6028,6,8.194905441914319,0
Transformer+GAIL+TD3,192,6028,7,278.24999999999994,0
Transformer+GAIL+TD3,192,6028,8,7.613364841801234,0
Transformer+GAIL+TD3,192,6028,9,8.713711529627927,0
Transformer+GAIL+TD3,192,6028,10,84.11634349030471,0
Transformer+GAIL+TD3,192,6028,11,30.136238951539163,0
Transformer+GAIL+TD3,192,6028,12,6.06223085810314,0
Transformer+GAIL+TD3,192,6028,13,3.560894292998628,0
Transformer+GAIL+TD3,192,6028,14,5.6139153018053864,0
Transformer+GAIL+TD3,192,6028,15,458.01307189542484,0
Transformer+GAIL+TD3,192,6028,16,18.032370193352165,0
Transformer+GAIL+TD3,192,6028,17,348.4764957264957,0
Transformer+GAIL+TD3,192,6028,18,5.559438202247192,0
Transformer+GAIL+TD3,192,6028,19,11.542472224652261,0
Transformer+GAIL+TD3,192,6028,20,7.023312035917803,0
Transformer+GAIL+TD3,192,6028,21,23.7151127361365,0
Transformer+GAIL+TD3,192,6028,22,12.222076306331212,0
Transformer+GAIL+TD3,192,6028,23,2.2353115459428814,0
Transformer+GAIL+TD3,192,6028,24,12.980430711610486,0
Transformer+GAIL+TD3,192,6028,25,5.841922189874854,0
Transformer+GAIL+TD3,192,6028,26,129.10886075949367,0
Transformer+GAIL+TD3,192,6028,27,7.933192389006342,0
Transformer+GAIL+TD3,192,6028,28,6.7904084442404775,0
Transformer+GAIL+TD3,192,6028,29,5.987334180073385,0
Transformer+GAIL+TD3,192,6028,30,2.1136557566892185,0
Transformer+GAIL+TD3,192,6028,31,3.865864737023463,0
Transformer+GAIL+TD3,192,6028,32,9.837213141819381,0
Transformer+GAIL+TD3,192,6028,33,5.161758743964913,0
Transformer+GAIL+TD3,192,6028,34,3.999775656205599,0
Transformer+GAIL+TD3,192,6028,35,5.524016719199671,0
Transformer+GAIL+TD3,192,6028,36,6.572120111943121,0
Transformer+GAIL+TD3,192,6028,37,3.500223503117281,0
Transformer+GAIL+TD3,192,6028,38,3.95397812033814,0
Transformer+GAIL+TD3,192,6028,39,3.5397759166535683,0
Transformer+GAIL+TD3,192,6028,40,4.3053342926152425,0
Transformer+GAIL+TD3,192,6028,41,3.7626655777034785,0
Transformer+GAIL+TD3,192,6028,42,4.109725234996385,0
Transformer+GAIL+TD3,192,6028,43,3.511941897844982,0
Transformer+GAIL+TD3,192,6028,44,5.2340968524528195,0
Transformer+GAIL+TD3,192,6028,45,5.21584389593062,0
Transformer+GAIL+TD3,192,6028,46,3.661800268696821,0
Transformer+GAIL+TD3,192,6028,48,2.9038072193965734,0
Transformer+GAIL+TD3,192,6028,49,11.079951065054692,0
Transformer+GAIL+TD3,192,6028,50,3.558548850574713,0
Transformer+GAIL+TD3,192,6028,51,5.7870403007872175,0
Transformer+GAIL+TD3,192,6028,52,5.561531007751937,0
Transformer+GAIL+TD3,192,6028,53,3.5120760030657885,0
Transformer+GAIL+TD3,192,6028,54,5.025292130304063,0
Transformer+GAIL+TD3,192,6028,55,9.418596438121185,0
Transformer+GAIL+TD3,192,6028,56,2.658783783783784,0
Transformer+GAIL+TD3,192,6028,57,92.74876305662451,0
Transformer+GAIL+TD3,192,6028,58,2.7236393575225333,0
Transformer+GAIL+TD3,192,6028,59,5.1452649811798405,0
Transformer+GAIL+TD3,192,6028,60,3.9356476140534875,0
Transformer+GAIL+TD3,192,6028,61,7.64236359304265,0
Transformer+GAIL+TD3,192,6028,62,4.156268317272748,0
Transformer+GAIL+TD3,192,6028,63,6.68905292295525,0
Transformer+GAIL+TD3,192,6028,64,5.795009923447689,0
Transformer+GAIL+TD3,192,6028,65,3.9734219269102993,0
Transformer+GAIL+TD3,192,6028,66,4.693365199087879,0
Transformer+GAIL+TD3,192,6028,67,7.626553302812296,0
Transformer+GAIL+TD3,192,6028,68,2.55148708713859,0
Transformer+GAIL+TD3,192,6028,69,114.59758551307846,0
Transformer+GAIL+TD3,192,6028,70,5.829836697663869,0
Transformer+GAIL+TD3,192,6028,71,2.5010348240799063,0
Transformer+GAIL+TD3,192,6028,72,108.92808219178085,0
Transformer+GAIL+TD3,192,6028,73,4.497166971610694,0
Transformer+GAIL+TD3,192,6028,74,3.168568256062825,0
Transformer+GAIL+TD3,192,6028,75,23.685366536094012,0
Transformer+GAIL+TD3,192,6028,76,5.499073970142552,0
Transformer+GAIL+TD3,192,6028,77,5.708690206168116,0
Transformer+GAIL+TD3,192,6028,78,5.6354537073620445,0
Transformer+GAIL+TD3,192,6028,79,2.805898742014465,0
Transformer+GAIL+TD3,192,6028,80,4.043856201595191,0
Transformer+GAIL+TD3,192,6028,81,8.573732369445427,0
Transformer+GAIL+TD3,192,6028,82,11.484136150553708,0
Transformer+GAIL+TD3,192,6028,83,6.913686274509804,0
Transformer+GAIL+TD3,192,6028,84,2.355511574907041,0
Transformer+GAIL+TD3,192,6028,85,2.429148786767574,0
Transformer+GAIL+TD3,192,6028,86,6.517407981116767,0
Transformer+GAIL+TD3,192,6028,87,15.679431072210065,0
Transformer+GAIL+TD3,192,6028,88,8.51450435130539,0
Transformer+GAIL+TD3,192,6028,89,3.4926036698730893,0
Transformer+GAIL+TD3,192,6028,90,4.601163241566499,0
Transformer+GAIL+TD3,192,6028,91,2.433619844245745,0
Transformer+GAIL+TD3,192,6028,92,6.037130526830063,0
Transformer+GAIL+TD3,192,6028,93,22.129856733524356,0
Transformer+GAIL+TD3,192,6028,94,4.937489768076397,0
Transformer+GAIL+TD3,192,6028,95,4.590651629072682,0
Transformer+GAIL+TD3,192,6028,96,2.2968468003918936,0
Transformer+GAIL+TD3,192,6028,97,4.7292282057108235,0
Transformer+GAIL+TD3,192,6028,98,2.6214408860561096,0
Transformer+GAIL+TD3,192,6029,5,6.586831034145387,0
Transformer+GAIL+TD3,192,6029,6,16.254192575843224,0
Transformer+GAIL+TD3,192,6029,7,41.963375057950856,0
Transformer+GAIL+TD3,192,6029,8,8.368082017782617,0
Transformer+GAIL+TD3,192,6029,9,5.91162411099452,0
Transformer+GAIL+TD3,192,6029,10,3.396510075646812,0
Transformer+GAIL+TD3,192,6029,11,5.140944446805799,0
Transformer+GAIL+TD3,192,6029,12,102.7655838454785,0
Transformer+GAIL+TD3,192,6029,13,535.0034965034965,0
Transformer+GAIL+TD3,192,6029,14,309.01538461538456,0
Transformer+GAIL+TD3,192,6029,15,11.398967276346896,0
Transformer+GAIL+TD3,192,6029,16,8.829496745515163,0
Transformer+GAIL+TD3,192,6029,17,8.987281869269449,0
Transformer+GAIL+TD3,192,6029,18,9.785637795275589,0
Transformer+GAIL+TD3,192,6029,19,42.402234636871505,0
Transformer+GAIL+TD3,192,6029,20,9.548774442302395,0
Transformer+GAIL+TD3,192,6029,21,14.91941391941392,0
Transformer+GAIL+TD3,192,6029,22,4.542769350016609,0
Transformer+GAIL+TD3,192,6029,23,12.638562367864692,0
Transformer+GAIL+TD3,192,6029,24,6.3286241268346295,0
Transformer+GAIL+TD3,192,6029,25,7.089133143467425,0
Transformer+GAIL+TD3,192,6029,26,19.161217986545495,0
Transformer+GAIL+TD3,192,6029,27,8.121169615882609,0
Transformer+GAIL+TD3,192,6029,28,7.616046157195734,0
Transformer+GAIL+TD3,192,6029,29,3.5661358466038346,0
Transformer+GAIL+TD3,192,6029,30,4.486247337952547,0
Transformer+GAIL+TD3,192,6029,31,7.889244119662024,0
Transformer+GAIL+TD3,192,6029,32,7.391018145597854,0
Transformer+GAIL+TD3,192,6029,33,8.97267913474538,0
Transformer+GAIL+TD3,192,6029,34,3.5103679782442425,0
Transformer+GAIL+TD3,192,6029,35,3.0206837061901095,0
Transformer+GAIL+TD3,192,6029,36,6.077974303922571,0
Transformer+GAIL+TD3,192,6029,37,3.8032877123626996,0
Transformer+GAIL+TD3,192,6029,38,2.878887998009345,0
Transformer+GAIL+TD3,192,6029,39,158.79287090558768,0
Transformer+GAIL+TD3,192,6029,40,2.7298545648105224,0
Transformer+GAIL+TD3,192,6029,41,2.9126975708072558,0
Transformer+GAIL+TD3,192,6029,42,187.07942238267148,0
Transformer+GAIL+TD3,192,6029,43,2.006193515768185,0
Transformer+GAIL+TD3,192,6029,44,48.72475455820476,0
Transformer+GAIL+TD3,192,6029,45,3.0060769750168803,0
Transformer+GAIL+TD3,192,6029,46,2.6899073120494332,0
Transformer+GAIL+TD3,192,6029,47,5.6503281212023015,0
Transformer+GAIL+TD3,192,6029,48,52.81565836298932,0
Transformer+GAIL+TD3,192,6029,49,5.651942645698427,0
Transformer+GAIL+TD3,192,6029,50,5.841376924407541,0
Transformer+GAIL+TD3,192,6029,51,6.135990490694996,0
Transformer+GAIL+TD3,192,6029,52,3.0242633913023287,0
Transformer+GAIL+TD3,192,6029,53,4.882893297922199,0
Transformer+GAIL+TD3,192,6029,54,4.216088108183465,0
Transformer+GAIL+TD3,192,6029,55,8.835747594007342,0
Transformer+GAIL+TD3,192,6029,56,2.5854297236430925,0
Transformer+GAIL+TD3,192,6029,57,6.451445086705201,0
Transformer+GAIL+TD3,192,6029,58,2.7401895524280464,0
Transformer+GAIL+TD3,192,6029,59,8.666534121974253,0
Transformer+GAIL+TD3,192,6029,60,2.6763455373713514,0
Transformer+GAIL+TD3,192,6029,61,76.46580583452892,0
Transformer+GAIL+TD3,192,6029,62,4.996756859877269,0
Transformer+GAIL+TD3,192,6029,63,2.9680267749056473,0
Transformer+GAIL+TD3,192,6029,64,3.4302739314956914,0
Transformer+GAIL+TD3,192,6029,65,6.361243362021608,0
Transformer+GAIL+TD3,192,6029,66,6.496268914530505,0
Transformer+GAIL+TD3,192,6029,67,33.862455516014236,0
Transformer+GAIL+TD3,192,6029,68,2.655131943071753,0
Transformer+GAIL+TD3,192,6029,69,3.6230784199260557,0
Transformer+GAIL+TD3,192,6029,70,6.1736026839888645,0
Transformer+GAIL+TD3,192,6029,71,2.8720291421717428,0
Transformer+GAIL+TD3,192,6029,72,165.50663942798772,0
Transformer+GAIL+TD3,192,6029,73,4.902065908928444,0
Transformer+GAIL+TD3,192,6029,74,7.944999553929878,0
Transformer+GAIL+TD3,192,6029,75,2.455165863916967,0
Transformer+GAIL+TD3,192,6029,76,3.771345779508052,0
Transformer+GAIL+TD3,192,6029,77,5.597274286803482,0
Transformer+GAIL+TD3,192,6029,78,7.480731802257689,0
Transformer+GAIL+TD3,192,6029,79,19.28460698689957,0
Transformer+GAIL+TD3,192,6029,80,5.568175122267396,0
Transformer+GAIL+TD3,192,6029,81,2.099224865498865,0
Transformer+GAIL+TD3,192,6029,82,3.252830957230142,0
Transformer+GAIL+TD3,192,6029,83,5.317582781456954,0
Transformer+GAIL+TD3,192,6029,84,45.10303633648582,0
Transformer+GAIL+TD3,192,6029,85,7.048811963865483,0
Transformer+GAIL+TD3,192,6029,86,5.3665787738958475,0
Transformer+GAIL+TD3,192,6029,87,2.234933087217351,0
Transformer+GAIL+TD3,192,6029,88,4.8721860930465235,0
Transformer+GAIL+TD3,192,6029,89,3.331666734140318,0
Transformer+GAIL+TD3,192,6029,90,213.60583016476556,0
Transformer+GAIL+TD3,192,6029,91,13.433173943717176,0
Transformer+GAIL+TD3,192,6029,92,2.7112460652135177,0
Transformer+GAIL+TD3,192,6029,93,4.4293310943185,0
Transformer+GAIL+TD3,192,6029,94,3.538588958392363,0
Transformer+GAIL+TD3,192,6029,95,3.5237303647808145,0
Transformer+GAIL+TD3,192,6029,96,99.51570048309178,0
Transformer+GAIL+TD3,192,6029,97,4.79236730925268,0
Transformer+GAIL+TD3,192,6029,98,5.683343351129654,0
Transformer+GAIL+TD3,192,6031,5,3.886202131859455,0
Transformer+GAIL+TD3,192,6031,6,264.0405405405406,0
Transformer+GAIL+TD3,192,6031,7,46.32211538461539,0
Transformer+GAIL+TD3,192,6031,8,9.502697013550847,0
Transformer+GAIL+TD3,192,6031,9,9.886487139234392,0
Transformer+GAIL+TD3,192,6031,10,7.706873786407767,0
Transformer+GAIL+TD3,192,6031,11,7.702958341718656,0
Transformer+GAIL+TD3,192,6031,12,4.332991647684131,0
Transformer+GAIL+TD3,192,6031,13,20.22716862296021,0
Transformer+GAIL+TD3,192,6031,14,24.079746184187957,0
Transformer+GAIL+TD3,192,6031,15,26.538236726741353,0
Transformer+GAIL+TD3,192,6031,16,118.8559882439383,0
Transformer+GAIL+TD3,192,6031,17,118.36351071181757,0
Transformer+GAIL+TD3,192,6031,18,3.4780769062130052,0
Transformer+GAIL+TD3,192,6031,19,23.057730692461227,0
Transformer+GAIL+TD3,192,6031,20,7.243979057591624,0
Transformer+GAIL+TD3,192,6031,21,25.008318478906716,0
Transformer+GAIL+TD3,192,6031,22,12.47072002472188,0
Transformer+GAIL+TD3,192,6031,23,11.780861048765557,0
Transformer+GAIL+TD3,192,6031,24,8.504083484573501,0
Transformer+GAIL+TD3,192,6031,25,9.409490333919155,0
Transformer+GAIL+TD3,192,6031,26,5.315045073049425,0
Transformer+GAIL+TD3,192,6031,27,8.501086895936682,0
Transformer+GAIL+TD3,192,6031,28,5.813989886828797,0
Transformer+GAIL+TD3,192,6031,29,5.826989178866964,0
Transformer+GAIL+TD3,192,6031,30,7.5118065162429035,0
Transformer+GAIL+TD3,192,6031,31,8.061632489861198,0
Transformer+GAIL+TD3,192,6031,32,10.593646306992747,0
Transformer+GAIL+TD3,192,6031,33,3.089153714935557,0
Transformer+GAIL+TD3,192,6031,34,4.052159974774018,0
Transformer+GAIL+TD3,192,6031,35,3.0559642349116034,0
Transformer+GAIL+TD3,192,6031,36,16.57358530405405,0
Transformer+GAIL+TD3,192,6031,37,2.8314566485822503,0
Transformer+GAIL+TD3,192,6031,38,155.69534555712272,0
Transformer+GAIL+TD3,192,6031,39,2.8829894704122467,0
Transformer+GAIL+TD3,192,6031,40,4.1966144491394415,0
Transformer+GAIL+TD3,192,6031,41,3.0961498177552476,0
Transformer+GAIL+TD3,192,6031,42,98.1468788249694,0
Transformer+GAIL+TD3,192,6031,43,3.765482258501392,0
Transformer+GAIL+TD3,192,6031,44,20.499572284003417,0
Transformer+GAIL+TD3,192,6031,45,2.8409532974345324,0
Transformer+GAIL+TD3,192,6031,46,4.868096065533077,0
Transformer+GAIL+TD3,192,6031,47,4.686781964175417,0
Transformer+GAIL+TD3,192,6031,48,3.9053462978696625,0
Transformer+GAIL+TD3,192,6031,49,5.101523023272365,0
Transformer+GAIL+TD3,192,6031,50,5.449850881742739,0
Transformer+GAIL+TD3,192,6031,51,2.3502023496129825,0
Transformer+GAIL+TD3,192,6031,52,39.650550631211395,0
Transformer+GAIL+TD3,192,6031,53,3.6278733467899853,0
Transformer+GAIL+TD3,192,6031,54,2.530666438238821,0
Transformer+GAIL+TD3,192,6031,55,4.549035835471324,0
Transformer+GAIL+TD3,192,6031,56,136.25686448184237,0
Transformer+GAIL+TD3,192,6031,57,3.3343114398263527,0
Transformer+GAIL+TD3,192,6031,58,167.9667487684729,0
Transformer+GAIL+TD3,192,6031,59,2.620320438889062,0
Transformer+GAIL+TD3,192,6031,60,2.7472302360914322,0
Transformer+GAIL+TD3,192,6031,61,91.46563904945407,0
Transformer+GAIL+TD3,192,6031,62,6.120780805205367,0
Transformer+GAIL+TD3,192,6031,63,5.726872599231754,0
Transformer+GAIL+TD3,192,6031,64,6.638085912554812,0
Transformer+GAIL+TD3,192,6031,65,2.6561325533514166,0
Transformer+GAIL+TD3,192,6031,66,4.572077149477112,0
Transformer+GAIL+TD3,192,6031,67,3.3080236647673056,0
Transformer+GAIL+TD3,192,6031,68,4.543617526099335,0
Transformer+GAIL+TD3,192,6031,69,3.8199638707157506,0
Transformer+GAIL+TD3,192,6031,70,8.399692353495757,0
Transformer+GAIL+TD3,192,6031,71,5.669194823867722,0
Transformer+GAIL+TD3,192,6031,72,2.341391290296518,0
Transformer+GAIL+TD3,192,6031,73,4.9416094430232045,0
Transformer+GAIL+TD3,192,6031,74,3.1019303482587066,0
Transformer+GAIL+TD3,192,6031,75,6.504373366039442,0
Transformer+GAIL+TD3,192,6031,76,254.7002012072435,0
Transformer+GAIL+TD3,192,6031,77,2.89144589429287,0
Transformer+GAIL+TD3,192,6031,78,7.425724555257291,0
Transformer+GAIL+TD3,192,6031,79,4.0671500791502835,0
Transformer+GAIL+TD3,192,6031,80,2.607463865933559,0
Transformer+GAIL+TD3,192,6031,81,2.0645146226139746,0
Transformer+GAIL+TD3,192,6031,82,112.93509350935093,0
Transformer+GAIL+TD3,192,6031,83,6.008745837957826,0
Transformer+GAIL+TD3,192,6031,84,4.665363261894812,0
Transformer+GAIL+TD3,192,6031,85,5.343730063089247,0
Transformer+GAIL+TD3,192,6031,86,3.419009621179062,0
Transformer+GAIL+TD3,192,6031,87,3.7240708579367836,0
Transformer+GAIL+TD3,192,6031,88,7.63494248353161,0
Transformer+GAIL+TD3,192,6031,89,5.944539397955981,0
Transformer+GAIL+TD3,192,6031,90,5.708962941683424,0
Transformer+GAIL+TD3,192,6031,91,4.675327391065688,0
Transformer+GAIL+TD3,192,6031,92,2.2718220580234574,0
Transformer+GAIL+TD3,192,6031,93,4.973342536896427,0
Transformer+GAIL+TD3,192,6031,94,4.298909479513273,0
Transformer+GAIL+TD3,192,6031,95,5.050465005365447,0
Transformer+GAIL+TD3,192,6031,96,8.83281514209349,0
Transformer+GAIL+TD3,192,6031,97,3.6623297665369647,0
Transformer+GAIL+TD3,192,6031,98,4.3748998022764924,0
Transformer+GAIL+TD3,192,6032,6,8.763045999226904,0
Transformer+GAIL+TD3,192,6032,7,207.6923076923077,0
Transformer+GAIL+TD3,192,6032,8,8.242796226902701,0
Transformer+GAIL+TD3,192,6032,9,8.871473354231973,0
Transformer+GAIL+TD3,192,6032,10,89.85632730732637,0
Transformer+GAIL+TD3,192,6032,11,16.786554892793813,0
Transformer+GAIL+TD3,192,6032,12,5.789114319157238,0
Transformer+GAIL+TD3,192,6032,13,3.0532572515454115,0
Transformer+GAIL+TD3,192,6032,14,5.796496606087147,0
Transformer+GAIL+TD3,192,6032,15,630.9739130434782,0
Transformer+GAIL+TD3,192,6032,16,11.834431239388794,0
Transformer+GAIL+TD3,192,6032,17,630.0498084291188,0
Transformer+GAIL+TD3,192,6032,18,32.99024616813748,0
Transformer+GAIL+TD3,192,6032,19,6.122746846537861,0
Transformer+GAIL+TD3,192,6032,20,7.283799272437336,0
Transformer+GAIL+TD3,192,6032,21,65.70901639344264,0
Transformer+GAIL+TD3,192,6032,22,8.025707065798425,0
Transformer+GAIL+TD3,192,6032,23,3.8114303545282158,0
Transformer+GAIL+TD3,192,6032,24,6.854839436112237,0
Transformer+GAIL+TD3,192,6032,25,7.308184402924452,0
Transformer+GAIL+TD3,192,6032,26,5.725967474512296,0
Transformer+GAIL+TD3,192,6032,27,13.321958952110796,0
Transformer+GAIL+TD3,192,6032,28,12.906035912598256,0
Transformer+GAIL+TD3,192,6032,29,2.8370379895657285,0
Transformer+GAIL+TD3,192,6032,30,4.5601065601065605,0
Transformer+GAIL+TD3,192,6032,31,6.357848811325794,0
Transformer+GAIL+TD3,192,6032,32,9.488507055075104,0
Transformer+GAIL+TD3,192,6032,33,12.750328419208875,0
Transformer+GAIL+TD3,192,6032,34,6.351658262616326,0
Transformer+GAIL+TD3,192,6032,35,2.4895782927397536,0
Transformer+GAIL+TD3,192,6032,36,2.9640605848362807,0
Transformer+GAIL+TD3,192,6032,37,7.039421411836609,0
Transformer+GAIL+TD3,192,6032,38,5.19638307797194,0
Transformer+GAIL+TD3,192,6032,39,156.8608305274972,0
Transformer+GAIL+TD3,192,6032,40,3.6180084937200685,0
Transformer+GAIL+TD3,192,6032,41,3.1906992166452524,0
Transformer+GAIL+TD3,192,6032,42,4.610971858265922,0
Transformer+GAIL+TD3,192,6032,43,5.168050559720307,0
Transformer+GAIL+TD3,192,6032,44,9.989852866565194,0
Transformer+GAIL+TD3,192,6032,45,7.587391330779986,0
Transformer+GAIL+TD3,192,6032,46,3.9726158859106837,0
Transformer+GAIL+TD3,192,6032,47,2.922575604212171,0
Transformer+GAIL+TD3,192,6032,48,2.184152396392745,0
Transformer+GAIL+TD3,192,6032,49,3.320721083350105,0
Transformer+GAIL+TD3,192,6032,50,158.96238651102462,0
Transformer+GAIL+TD3,192,6032,51,3.314944309927361,0
Transformer+GAIL+TD3,192,6032,52,68.07074829931973,0
Transformer+GAIL+TD3,192,6032,53,3.7392497427422122,0
Transformer+GAIL+TD3,192,6032,54,4.736226519119443,0
Transformer+GAIL+TD3,192,6032,55,4.324054960650239,0
Transformer+GAIL+TD3,192,6032,56,7.842587158117149,0
Transformer+GAIL+TD3,192,6032,57,8.747966009763152,0
Transformer+GAIL+TD3,192,6032,58,5.651149577667511,0
Transformer+GAIL+TD3,192,6032,59,5.833265933354902,0
Transformer+GAIL+TD3,192,6032,60,4.871881924094061,0
Transformer+GAIL+TD3,192,6032,61,5.8031538879825995,0
Transformer+GAIL+TD3,192,6032,62,3.268721878201987,0
Transformer+GAIL+TD3,192,6032,63,3.550464440870796,0
Transformer+GAIL+TD3,192,6032,64,9.10084931995011,0
Transformer+GAIL+TD3,192,6032,65,2.7967616422810364,0
Transformer+GAIL+TD3,192,6032,66,3.7597914034568958,0
Transformer+GAIL+TD3,192,6032,67,7.22557199160567,0
Transformer+GAIL+TD3,192,6032,68,2.3057788608704697,0
Transformer+GAIL+TD3,192,6032,69,3.5145856188291615,0
Transformer+GAIL+TD3,192,6032,70,8.524473471783958,0
Transformer+GAIL+TD3,192,6032,71,5.0651642427281836,0
Transformer+GAIL+TD3,192,6032,72,7.315266605125499,0
Transformer+GAIL+TD3,192,6032,73,3.180808756246921,0
Transformer+GAIL+TD3,192,6032,74,2.377604521312815,0
Transformer+GAIL+TD3,192,6032,75,4.9336996774578905,0
Transformer+GAIL+TD3,192,6032,76,3.3363956316960817,0
Transformer+GAIL+TD3,192,6032,77,35.175429463820926,0
Transformer+GAIL+TD3,192,6032,78,3.579897234204517,0
Transformer+GAIL+TD3,192,6032,79,4.8819066373219036,0
Transformer+GAIL+TD3,192,6032,80,4.500993110297313,0
Transformer+GAIL+TD3,192,6032,81,3.0306962815073626,0
Transformer+GAIL+TD3,192,6032,82,3.5293642123661786,0
Transformer+GAIL+TD3,192,6032,83,4.658609040074557,0
Transformer+GAIL+TD3,192,6032,84,4.697811325153732,0
Transformer+GAIL+TD3,192,6032,85,5.822671502430743,0
Transformer+GAIL+TD3,192,6032,86,2.500019981616912,0
Transformer+GAIL+TD3,192,6032,87,6.983249346771181,0
Transformer+GAIL+TD3,192,6032,88,4.492884129193534,0
Transformer+GAIL+TD3,192,6032,89,2.400634150890609,0
Transformer+GAIL+TD3,192,6032,90,4.926248389489712,0
Transformer+GAIL+TD3,192,6032,91,5.411159562707284,0
Transformer+GAIL+TD3,192,6032,92,5.731563772552983,0
Transformer+GAIL+TD3,192,6032,93,5.012874054071027,0
Transformer+GAIL+TD3,192,6032,94,2.033708144066324,0
Transformer+GAIL+TD3,192,6032,95,7.432074143594557,0
Transformer+GAIL+TD3,192,6032,96,3.682989014285179,0
Transformer+GAIL+TD3,192,6032,97,7.342454760662842,0
Transformer+GAIL+TD3,192,6032,98,6.0483350817888635,0
Transformer+GAIL+TD3,192,6038,5,4.068853427895981,0
Transformer+GAIL+TD3,192,6038,6,9.993412129432281,0
Transformer+GAIL+TD3,192,6038,7,150.55787037037035,0
Transformer+GAIL+TD3,192,6038,8,16.811607813673927,0
Transformer+GAIL+TD3,192,6038,9,9.006436781609196,0
Transformer+GAIL+TD3,192,6038,10,8.064516129032258,0
Transformer+GAIL+TD3,192,6038,11,4.061684802190675,0
Transformer+GAIL+TD3,192,6038,12,3.97786405121918,0
Transformer+GAIL+TD3,192,6038,13,12.150883776044237,0
Transformer+GAIL+TD3,192,6038,14,393.69418960244644,0
Transformer+GAIL+TD3,192,6038,15,15.065266742338252,0
Transformer+GAIL+TD3,192,6038,16,28.424426934097422,0
Transformer+GAIL+TD3,192,6038,17,9.935447673045124,0
Transformer+GAIL+TD3,192,6038,18,11.296684673233766,0
Transformer+GAIL+TD3,192,6038,19,15.972835976085262,0
Transformer+GAIL+TD3,192,6038,20,13.58490382747231,0
Transformer+GAIL+TD3,192,6038,21,17.229254996971534,0
Transformer+GAIL+TD3,192,6038,22,11.658862433862433,0
Transformer+GAIL+TD3,192,6038,23,302.23917137476457,0
Transformer+GAIL+TD3,192,6038,24,5.836804533411834,0
Transformer+GAIL+TD3,192,6038,25,4.925515055467512,0
Transformer+GAIL+TD3,192,6038,26,7.926057256088022,0
Transformer+GAIL+TD3,192,6038,27,8.282179625732326,0
Transformer+GAIL+TD3,192,6038,28,12.54098226018397,0
Transformer+GAIL+TD3,192,6038,29,3.926176870748299,0
Transformer+GAIL+TD3,192,6038,30,8.616642276833023,0
Transformer+GAIL+TD3,192,6038,31,2.9759967453213996,0
Transformer+GAIL+TD3,192,6038,32,8.062588517267677,0
Transformer+GAIL+TD3,192,6038,33,4.001048425944291,0
Transformer+GAIL+TD3,192,6038,34,9.960002559836168,0
Transformer+GAIL+TD3,192,6038,35,3.7306981639574315,0
Transformer+GAIL+TD3,192,6038,36,3.3253250848373823,0
Transformer+GAIL+TD3,192,6038,37,3.773447500924529,0
Transformer+GAIL+TD3,192,6038,38,4.036432371884626,0
Transformer+GAIL+TD3,192,6038,39,3.914749046452297,0
Transformer+GAIL+TD3,192,6038,40,92.58485804416405,0
Transformer+GAIL+TD3,192,6038,41,5.441147265505652,0
Transformer+GAIL+TD3,192,6038,42,2.755803750959675,0
Transformer+GAIL+TD3,192,6038,43,4.107493670886076,0
Transformer+GAIL+TD3,192,6038,44,3.904256102048325,0
Transformer+GAIL+TD3,192,6038,45,6.77331837421592,0
Transformer+GAIL+TD3,192,6038,46,5.135204738604171,0
Transformer+GAIL+TD3,192,6038,47,3.0255973923255755,0
Transformer+GAIL+TD3,192,6038,48,2.891503294977999,0
Transformer+GAIL+TD3,192,6038,49,26.60298245614035,0
Transformer+GAIL+TD3,192,6038,50,3.5860355788236555,0
Transformer+GAIL+TD3,192,6038,51,7.842193889824392,0
Transformer+GAIL+TD3,192,6038,52,8.691116898148149,0
Transformer+GAIL+TD3,192,6038,53,3.103068522648619,0
Transformer+GAIL+TD3,192,6038,54,4.841395187642341,0
Transformer+GAIL+TD3,192,6038,55,2.979535509929317,0
Transformer+GAIL+TD3,192,6038,56,155.7411214953271,0
Transformer+GAIL+TD3,192,6038,57,3.509425005439405,0
Transformer+GAIL+TD3,192,6038,60,93.0590909090909,0
Transformer+GAIL+TD3,192,6038,61,183.13427230046952,0
Transformer+GAIL+TD3,192,6038,62,3.0261707988980717,0
Transformer+GAIL+TD3,192,6038,63,4.049897630886225,0
Transformer+GAIL+TD3,192,6038,64,5.480592333443918,0
Transformer+GAIL+TD3,192,6038,65,3.7199209273070366,0
Transformer+GAIL+TD3,192,6038,66,4.151064096667643,0
Transformer+GAIL+TD3,192,6038,67,111.4286956521739,0
Transformer+GAIL+TD3,192,6038,68,6.032360762575378,0
Transformer+GAIL+TD3,192,6038,69,2.75982297789914,0
Transformer+GAIL+TD3,192,6038,70,4.531935332708528,0
Transformer+GAIL+TD3,192,6038,71,4.333333333333333,0
Transformer+GAIL+TD3,192,6038,72,36.83122546881814,0
Transformer+GAIL+TD3,192,6038,73,5.094780862244478,0
Transformer+GAIL+TD3,192,6038,74,3.1872337158868453,0
Transformer+GAIL+TD3,192,6038,75,2.665929555506062,0
Transformer+GAIL+TD3,192,6038,76,5.166443063275197,0
Transformer+GAIL+TD3,192,6038,77,8.886431354572542,0
Transformer+GAIL+TD3,192,6038,78,7.3629917750496325,0
Transformer+GAIL+TD3,192,6038,79,7.869226872956671,0
Transformer+GAIL+TD3,192,6038,80,2.388567597016176,0
Transformer+GAIL+TD3,192,6038,81,3.479463351838442,0
Transformer+GAIL+TD3,192,6038,82,13.808970635688935,0
Transformer+GAIL+TD3,192,6038,83,5.039447004608295,0
Transformer+GAIL+TD3,192,6038,84,30.19240457275722,0
Transformer+GAIL+TD3,192,6038,85,3.163639920446024,0
Transformer+GAIL+TD3,192,6038,86,2.8742124669744213,0
Transformer+GAIL+TD3,192,6038,87,4.325689581068439,0
Transformer+GAIL+TD3,192,6038,88,7.953204429920117,0
Transformer+GAIL+TD3,192,6038,89,49.21882716049383,0
Transformer+GAIL+TD3,192,6038,90,3.668917153062113,0
Transformer+GAIL+TD3,192,6038,91,2.483573651686238,0
Transformer+GAIL+TD3,192,6038,92,2.3319065636275984,0
Transformer+GAIL+TD3,192,6038,93,5.378342330898699,0
Transformer+GAIL+TD3,192,6038,94,34.62348310921614,0
Transformer+GAIL+TD3,192,6038,95,16.528902759060927,0
Transformer+GAIL+TD3,192,6038,96,4.922046321607738,0
Transformer+GAIL+TD3,192,6038,97,2.3156489158163267,0
Transformer+GAIL+TD3,192,6038,98,2.9296816539456527,0
Transformer+GAIL+TD3,192,6040,5,4.4186800235710075,0
Transformer+GAIL+TD3,192,6040,6,280.77894736842103,0
Transformer+GAIL+TD3,192,6040,7,28.970325011775792,0
Transformer+GAIL+TD3,192,6040,8,8.366026169987032,0
Transformer+GAIL+TD3,192,6040,9,6.225386157292772,0
Transformer+GAIL+TD3,192,6040,10,11.280359550561798,0
Transformer+GAIL+TD3,192,6040,11,4.157846896747621,0
Transformer+GAIL+TD3,192,6040,12,12.291001124859392,0
Transformer+GAIL+TD3,192,6040,13,147.97613882863342,0
Transformer+GAIL+TD3,192,6040,15,457.7749287749288,0
Transformer+GAIL+TD3,192,6040,16,2.0677294154881483,0
Transformer+GAIL+TD3,192,6040,17,651.7067307692307,0
Transformer+GAIL+TD3,192,6040,18,114.10119047619047,0
Transformer+GAIL+TD3,192,6040,19,301.7243816254417,0
Transformer+GAIL+TD3,192,6040,20,4.012647532542973,0
Transformer+GAIL+TD3,192,6040,21,335.2679324894515,0
Transformer+GAIL+TD3,192,6040,22,3.0052681905930325,0
Transformer+GAIL+TD3,192,6040,23,27.11273445212241,0
Transformer+GAIL+TD3,192,6040,24,5.426642405669411,0
Transformer+GAIL+TD3,192,6040,25,78.71954251616113,0
Transformer+GAIL+TD3,192,6040,26,3.0734552859098034,0
Transformer+GAIL+TD3,192,6040,27,5.1358592940315795,0
Transformer+GAIL+TD3,192,6040,28,4.066080843585237,0
Transformer+GAIL+TD3,192,6040,29,3.93055925842374,0
Transformer+GAIL+TD3,192,6040,30,6.0809139198137245,0
Transformer+GAIL+TD3,192,6040,31,5.640922768304915,0
Transformer+GAIL+TD3,192,6040,32,4.233304776183337,0
Transformer+GAIL+TD3,192,6040,33,5.050645195132187,0
Transformer+GAIL+TD3,192,6040,34,3.5354770175024446,0
Transformer+GAIL+TD3,192,6040,35,6.793146143707314,0
Transformer+GAIL+TD3,192,6040,36,4.693958719056436,0
Transformer+GAIL+TD3,192,6040,37,6.3446232006773915,0
Transformer+GAIL+TD3,192,6040,38,5.211170095652813,0
Transformer+GAIL+TD3,192,6040,39,4.136853377625282,0
Transformer+GAIL+TD3,192,6040,40,7.216556849524976,0
Transformer+GAIL+TD3,192,6040,41,3.352542372881356,0
Transformer+GAIL+TD3,192,6040,42,24.810936497754973,0
Transformer+GAIL+TD3,192,6040,43,3.160155302111138,0
Transformer+GAIL+TD3,192,6040,44,37.25205427097267,0
Transformer+GAIL+TD3,192,6040,45,5.9695671212310755,0
Transformer+GAIL+TD3,192,6040,46,4.619782139834556,0
Transformer+GAIL+TD3,192,6040,47,3.839172200897663,0
Transformer+GAIL+TD3,192,6040,48,3.7320890134624363,0
Transformer+GAIL+TD3,192,6040,49,6.669638561944775,0
Transformer+GAIL+TD3,192,6040,50,174.92872887582658,0
Transformer+GAIL+TD3,192,6040,51,9.659044801352493,0
Transformer+GAIL+TD3,192,6040,52,3.8294933231103445,0
Transformer+GAIL+TD3,192,6040,53,14.038812046074849,0
Transformer+GAIL+TD3,192,6040,54,3.6525992687072746,0
Transformer+GAIL+TD3,192,6040,55,2.1760629394040847,0
Transformer+GAIL+TD3,192,6040,56,143.22264509990484,0
Transformer+GAIL+TD3,192,6040,58,2.0911277391769105,0
Transformer+GAIL+TD3,192,6040,59,6.553680794970594,0
Transformer+GAIL+TD3,192,6040,60,81.82549684924867,0
Transformer+GAIL+TD3,192,6040,61,25.0943477635553,0
Transformer+GAIL+TD3,192,6040,62,3.0791664597712565,0
Transformer+GAIL+TD3,192,6040,63,4.1796821498571335,0
Transformer+GAIL+TD3,192,6040,64,2.6545129351644836,0
Transformer+GAIL+TD3,192,6040,65,9.539909764384781,0
Transformer+GAIL+TD3,192,6040,66,99.7595878649113,0
Transformer+GAIL+TD3,192,6040,67,9.215008156606851,0
Transformer+GAIL+TD3,192,6040,68,2.3974409727131345,0
Transformer+GAIL+TD3,192,6040,70,4.755475135708491,0
Transformer+GAIL+TD3,192,6040,71,57.75438100621819,0
Transformer+GAIL+TD3,192,6040,72,61.26978193146418,0
Transformer+GAIL+TD3,192,6040,73,3.776357899993192,0
Transformer+GAIL+TD3,192,6040,74,3.119897906675175,0
Transformer+GAIL+TD3,192,6040,75,5.0287110568112405,0
Transformer+GAIL+TD3,192,6040,76,2.0497706654853864,0
Transformer+GAIL+TD3,192,6040,77,180.96763754045307,0
Transformer+GAIL+TD3,192,6040,78,124.2780876494024,0
Transformer+GAIL+TD3,192,6040,79,6.092374657423829,0
Transformer+GAIL+TD3,192,6040,80,3.0121323654704697,0
Transformer+GAIL+TD3,192,6040,81,2.104689665386609,0
Transformer+GAIL+TD3,192,6040,82,3.4006914316702814,0
Transformer+GAIL+TD3,192,6040,83,81.10854816824965,0
Transformer+GAIL+TD3,192,6040,84,8.817735115986745,0
Transformer+GAIL+TD3,192,6040,85,4.454604963570127,0
Transformer+GAIL+TD3,192,6040,87,4.199452026992745,0
Transformer+GAIL+TD3,192,6040,88,6.1924469310515065,0
Transformer+GAIL+TD3,192,6040,89,3.7399366583661724,0
Transformer+GAIL+TD3,192,6040,90,6.234147789098823,0
Transformer+GAIL+TD3,192,6040,93,5.3843497689534345,0
Transformer+GAIL+TD3,192,6040,94,4.782120395327943,0
Transformer+GAIL+TD3,192,6040,95,6.504989668967337,0
Transformer+GAIL+TD3,192,6040,96,5.143729751619871,0
Transformer+GAIL+TD3,192,6040,97,3.925861952937482,0
Transformer+GAIL+TD3,192,6040,98,6.072563023839806,0
Transformer+GAIL+TD3,192,6041,5,4.892497532082922,0
Transformer+GAIL+TD3,192,6041,6,341.9263157894737,0
Transformer+GAIL+TD3,192,6041,7,25.965886094246894,0
Transformer+GAIL+TD3,192,6041,8,46.48508230452675,0
Transformer+GAIL+TD3,192,6041,9,7.6502621342804,0
Transformer+GAIL+TD3,192,6041,10,4.797570850202429,0
Transformer+GAIL+TD3,192,6041,11,3.3909264069264067,0
Transformer+GAIL+TD3,192,6041,12,3.758475439907602,0
Transformer+GAIL+TD3,192,6041,13,516.9035087719299,0
Transformer+GAIL+TD3,192,6041,14,400.2262569832402,0
Transformer+GAIL+TD3,192,6041,15,14.220315479285839,0
Transformer+GAIL+TD3,192,6041,16,427.94513715710724,0
Transformer+GAIL+TD3,192,6041,17,5.243011065812463,0
Transformer+GAIL+TD3,192,6041,18,8.288510911424904,0
Transformer+GAIL+TD3,192,6041,19,22.532840722495894,0
Transformer+GAIL+TD3,192,6041,20,12.849209501867005,0
Transformer+GAIL+TD3,192,6041,21,10.454859956090747,0
Transformer+GAIL+TD3,192,6041,22,6.136816021448594,0
Transformer+GAIL+TD3,192,6041,23,5.074055525994553,0
Transformer+GAIL+TD3,192,6041,24,9.949561718637733,0
Transformer+GAIL+TD3,192,6041,25,5.674272454800349,0
Transformer+GAIL+TD3,192,6041,26,9.333907398820958,0
Transformer+GAIL+TD3,192,6041,27,5.199450105126961,0
Transformer+GAIL+TD3,192,6041,28,3.1605510782945387,0
Transformer+GAIL+TD3,192,6041,29,7.382841231480509,0
Transformer+GAIL+TD3,192,6041,30,3.0921277215769534,0
Transformer+GAIL+TD3,192,6041,31,25.726633872101196,0
Transformer+GAIL+TD3,192,6041,32,3.59232724192182,0
Transformer+GAIL+TD3,192,6041,33,3.374914426883352,0
Transformer+GAIL+TD3,192,6041,34,5.924815428657527,0
Transformer+GAIL+TD3,192,6041,35,3.2671330540950008,0
Transformer+GAIL+TD3,192,6041,36,3.6324054918186954,0
Transformer+GAIL+TD3,192,6041,37,39.13329706202394,0
Transformer+GAIL+TD3,192,6041,38,2.754519542384132,0
Transformer+GAIL+TD3,192,6041,39,6.515149971991649,0
Transformer+GAIL+TD3,192,6041,40,4.070497922388901,0
Transformer+GAIL+TD3,192,6041,41,3.476144309907383,0
Transformer+GAIL+TD3,192,6041,42,8.728883999511064,0
Transformer+GAIL+TD3,192,6041,43,3.6131897288303274,0
Transformer+GAIL+TD3,192,6041,44,4.884308629805538,0
Transformer+GAIL+TD3,192,6041,45,3.7716444339511273,0
Transformer+GAIL+TD3,192,6041,46,6.346472672238847,0
Transformer+GAIL+TD3,192,6041,47,3.2251796893113847,0
Transformer+GAIL+TD3,192,6041,48,2.7376961120269696,0
Transformer+GAIL+TD3,192,6041,49,8.083672159212497,0
Transformer+GAIL+TD3,192,6041,50,4.969782104472247,0
Transformer+GAIL+TD3,192,6041,51,3.010255941499086,0
Transformer+GAIL+TD3,192,6041,52,81.1382252559727,0
Transformer+GAIL+TD3,192,6041,53,2.3965005886999418,0
Transformer+GAIL+TD3,192,6041,54,3.429766962791297,0
Transformer+GAIL+TD3,192,6041,55,6.746646259115872,0
Transformer+GAIL+TD3,192,6041,56,5.507393324883819,0
Transformer+GAIL+TD3,192,6041,57,7.869509177149928,0
Transformer+GAIL+TD3,192,6041,58,3.1247408160870083,0
Transformer+GAIL+TD3,192,6041,59,2.893875210418247,0
Transformer+GAIL+TD3,192,6041,60,8.614923007246377,0
Transformer+GAIL+TD3,192,6041,61,3.533057555245156,0
Transformer+GAIL+TD3,192,6041,62,14.078924162257497,0
Transformer+GAIL+TD3,192,6041,63,3.3193149833680597,0
Transformer+GAIL+TD3,192,6041,64,6.926973406500634,0
Transformer+GAIL+TD3,192,6041,65,4.48622260248119,0
Transformer+GAIL+TD3,192,6041,66,3.4956596221318095,0
Transformer+GAIL+TD3,192,6041,67,4.985743204164257,0
Transformer+GAIL+TD3,192,6041,68,4.585207057627611,0
Transformer+GAIL+TD3,192,6041,69,4.810566017689713,0
Transformer+GAIL+TD3,192,6041,70,7.243581873984475,0
Transformer+GAIL+TD3,192,6041,71,3.513101696871753,0
Transformer+GAIL+TD3,192,6041,72,6.814026141913243,0
Transformer+GAIL+TD3,192,6041,73,3.379196284045323,0
Transformer+GAIL+TD3,192,6041,74,4.731649239051663,0
Transformer+GAIL+TD3,192,6041,75,4.128387473649455,0
Transformer+GAIL+TD3,192,6041,76,7.605815952754727,0
Transformer+GAIL+TD3,192,6041,77,4.558791538102954,0
Transformer+GAIL+TD3,192,6041,78,4.7634296693619405,0
Transformer+GAIL+TD3,192,6041,79,4.270430107526883,0
Transformer+GAIL+TD3,192,6041,80,3.0802263842697943,0
Transformer+GAIL+TD3,192,6041,81,4.016840135656649,0
Transformer+GAIL+TD3,192,6041,82,16.268759839076438,0
Transformer+GAIL+TD3,192,6041,83,7.056011535048802,0
Transformer+GAIL+TD3,192,6041,84,3.0645596579362366,0
Transformer+GAIL+TD3,192,6041,85,4.4638868005584795,0
Transformer+GAIL+TD3,192,6041,86,5.433890059996757,0
Transformer+GAIL+TD3,192,6041,87,3.501073473282443,0
Transformer+GAIL+TD3,192,6041,88,113.92847938144331,0
Transformer+GAIL+TD3,192,6041,89,4.024210571662431,0
Transformer+GAIL+TD3,192,6041,90,2.851353181281798,0
Transformer+GAIL+TD3,192,6041,91,7.181481481481482,0
Transformer+GAIL+TD3,192,6041,92,2.2501814527385404,0
Transformer+GAIL+TD3,192,6041,93,20.821875000000002,0
Transformer+GAIL+TD3,192,6041,94,7.159043324206796,0
Transformer+GAIL+TD3,192,6041,95,6.294615565483189,0
Transformer+GAIL+TD3,192,6041,96,2.8703660526929355,0
Transformer+GAIL+TD3,192,6041,97,2.584109490165595,0
Transformer+GAIL+TD3,192,6041,98,5.783499820909778,0
Transformer+GAIL+TD3,192,6042,5,6.790702236171048,0
Transformer+GAIL+TD3,192,6042,6,242.93971631205676,0
Transformer+GAIL+TD3,192,6042,7,28.275488972118186,0
Transformer+GAIL+TD3,192,6042,8,8.01045214327657,0
Transformer+GAIL+TD3,192,6042,9,4.257483797963173,0
Transformer+GAIL+TD3,192,6042,10,3.857501216818301,0
Transformer+GAIL+TD3,192,6042,11,4.666515151515152,0
Transformer+GAIL+TD3,192,6042,12,53.787623066104075,0
Transformer+GAIL+TD3,192,6042,13,105.3715146948003,0
Transformer+GAIL+TD3,192,6042,14,23.746972989754735,0
Transformer+GAIL+TD3,192,6042,15,11.677734224886633,0
Transformer+GAIL+TD3,192,6042,16,318.0530451866405,0
Transformer+GAIL+TD3,192,6042,17,7.502724162689529,0
Transformer+GAIL+TD3,192,6042,18,27.951697127937337,0
Transformer+GAIL+TD3,192,6042,19,13.02239236025356,0
Transformer+GAIL+TD3,192,6042,20,25.28602027702413,0
Transformer+GAIL+TD3,192,6042,21,12.831079419719696,0
Transformer+GAIL+TD3,192,6042,22,4.190662595579217,0
Transformer+GAIL+TD3,192,6042,23,4.464592109713724,0
Transformer+GAIL+TD3,192,6042,24,11.73431047048344,0
Transformer+GAIL+TD3,192,6042,25,4.2366801574541215,0
Transformer+GAIL+TD3,192,6042,26,47.374531835205985,0
Transformer+GAIL+TD3,192,6042,27,8.9001873160289,0
Transformer+GAIL+TD3,192,6042,28,5.7863432320442,0
Transformer+GAIL+TD3,192,6042,29,3.086221470836856,0
Transformer+GAIL+TD3,192,6042,30,3.9474506536117913,0
Transformer+GAIL+TD3,192,6042,31,3.9853886322554732,0
Transformer+GAIL+TD3,192,6042,32,22.88467444717445,0
Transformer+GAIL+TD3,192,6042,33,5.049719467871133,0
Transformer+GAIL+TD3,192,6042,34,3.8056879245665622,0
Transformer+GAIL+TD3,192,6042,35,2.687636774089517,0
Transformer+GAIL+TD3,192,6042,36,7.125236593059936,0
Transformer+GAIL+TD3,192,6042,37,6.756556547345174,0
Transformer+GAIL+TD3,192,6042,38,6.079189765458423,0
Transformer+GAIL+TD3,192,6042,39,8.456427015250545,0
Transformer+GAIL+TD3,192,6042,40,2.190046041835938,0
Transformer+GAIL+TD3,192,6042,41,4.079143007668442,0
Transformer+GAIL+TD3,192,6042,42,8.350548060708263,0
Transformer+GAIL+TD3,192,6042,43,17.201756720787866,0
Transformer+GAIL+TD3,192,6042,44,3.4142046897485825,0
Transformer+GAIL+TD3,192,6042,45,26.511896782841823,0
Transformer+GAIL+TD3,192,6042,46,3.570493294829701,0
Transformer+GAIL+TD3,192,6042,47,3.3276389138644125,0
Transformer+GAIL+TD3,192,6042,48,7.530051738310526,0
Transformer+GAIL+TD3,192,6042,49,3.9552545912413244,0
Transformer+GAIL+TD3,192,6042,50,6.91070782275994,0
Transformer+GAIL+TD3,192,6042,51,8.53186274509804,0
Transformer+GAIL+TD3,192,6042,52,3.053221030950586,0
Transformer+GAIL+TD3,192,6042,53,4.617122408282569,0
Transformer+GAIL+TD3,192,6042,54,3.273702169144528,0
Transformer+GAIL+TD3,192,6042,55,4.018870203194346,0
Transformer+GAIL+TD3,192,6042,56,4.9853596237111795,0
Transformer+GAIL+TD3,192,6042,57,4.405990392766319,0
Transformer+GAIL+TD3,192,6042,58,2.962899802253224,0
Transformer+GAIL+TD3,192,6042,59,9.73519706120416,0
Transformer+GAIL+TD3,192,6042,60,5.309072177443793,0
Transformer+GAIL+TD3,192,6042,61,3.159040121016262,0
Transformer+GAIL+TD3,192,6042,62,4.371042805346609,0
Transformer+GAIL+TD3,192,6042,63,3.304774743592079,0
Transformer+GAIL+TD3,192,6042,64,3.5580867779449346,0
Transformer+GAIL+TD3,192,6042,65,5.88901656232665,0
Transformer+GAIL+TD3,192,6042,66,4.627226946648297,0
Transformer+GAIL+TD3,192,6042,67,7.176382411725516,0
Transformer+GAIL+TD3,192,6042,68,2.935821730482347,0
Transformer+GAIL+TD3,192,6042,69,7.105976711994138,0
Transformer+GAIL+TD3,192,6042,70,5.6840823970037455,0
Transformer+GAIL+TD3,192,6042,71,3.518792610123989,0
Transformer+GAIL+TD3,192,6042,72,4.710390469887492,0
Transformer+GAIL+TD3,192,6042,73,7.600194983603651,0
Transformer+GAIL+TD3,192,6042,74,4.017399507363346,0
Transformer+GAIL+TD3,192,6042,75,4.435077401637949,0
Transformer+GAIL+TD3,192,6042,76,5.770859441989314,0
Transformer+GAIL+TD3,192,6042,77,3.6702027547266654,0
Transformer+GAIL+TD3,192,6042,78,5.230978419790631,0
Transformer+GAIL+TD3,192,6042,79,5.033290232539047,0
Transformer+GAIL+TD3,192,6042,80,5.927686260389474,0
Transformer+GAIL+TD3,192,6042,81,4.753431992989972,0
Transformer+GAIL+TD3,192,6042,82,4.076264206885192,0
Transformer+GAIL+TD3,192,6042,83,5.540391593071815,0
Transformer+GAIL+TD3,192,6042,84,2.5973761101628727,0
Transformer+GAIL+TD3,192,6042,85,245.10012515644553,0
Transformer+GAIL+TD3,192,6042,86,6.298904781111353,0
Transformer+GAIL+TD3,192,6042,87,4.535985156733179,0
Transformer+GAIL+TD3,192,6042,88,2.505117226670062,0
Transformer+GAIL+TD3,192,6042,89,5.880426424327158,0
Transformer+GAIL+TD3,192,6042,90,3.456295929320453,0
Transformer+GAIL+TD3,192,6042,91,171.25855513307985,0
Transformer+GAIL+TD3,192,6042,92,14.134345243706987,0
Transformer+GAIL+TD3,192,6042,93,2.7297163646639113,0
Transformer+GAIL+TD3,192,6042,94,2.8019292604501613,0
Transformer+GAIL+TD3,192,6042,95,2.6728608847497086,0
Transformer+GAIL+TD3,192,6042,96,15.510790114862512,0
Transformer+GAIL+TD3,192,6042,97,183.926296633303,0
Transformer+GAIL+TD3,192,6042,98,12.621496093109663,0
Transformer+GAIL+TD3,192,6043,5,4.698561292865589,0
Transformer+GAIL+TD3,192,6043,6,13.235158501440921,0
Transformer+GAIL+TD3,192,6043,7,62.71005917159763,0
Transformer+GAIL+TD3,192,6043,8,22.013276553106216,0
Transformer+GAIL+TD3,192,6043,9,8.771398547955675,0
Transformer+GAIL+TD3,192,6043,10,4.147860099149497,0
Transformer+GAIL+TD3,192,6043,11,2.523255150373794,0
Transformer+GAIL+TD3,192,6043,12,4.568710059171598,0
Transformer+GAIL+TD3,192,6043,13,858.9710144927535,0
Transformer+GAIL+TD3,192,6043,14,469.96655518394647,0
Transformer+GAIL+TD3,192,6043,15,490.29375,0
Transformer+GAIL+TD3,192,6043,16,139.46280276816609,0
Transformer+GAIL+TD3,192,6043,17,6.157055406090381,0
Transformer+GAIL+TD3,192,6043,18,5.748444444444445,0
Transformer+GAIL+TD3,192,6043,19,25.239774330042316,0
Transformer+GAIL+TD3,192,6043,20,28.04009296920395,0
Transformer+GAIL+TD3,192,6043,21,27.978016271421154,0
Transformer+GAIL+TD3,192,6043,22,11.711977629330434,0
Transformer+GAIL+TD3,192,6043,23,3.630398600204848,0
Transformer+GAIL+TD3,192,6043,24,9.724947589098532,0
Transformer+GAIL+TD3,192,6043,25,5.324261630946158,0
Transformer+GAIL+TD3,192,6043,26,8.125669642857142,0
Transformer+GAIL+TD3,192,6043,27,82.62014314928427,0
Transformer+GAIL+TD3,192,6043,28,8.237730294878952,0
Transformer+GAIL+TD3,192,6043,29,4.308888952670704,0
Transformer+GAIL+TD3,192,6043,30,8.451474131008373,0
Transformer+GAIL+TD3,192,6043,31,7.7416914682539675,0
Transformer+GAIL+TD3,192,6043,32,4.335858365984618,0
Transformer+GAIL+TD3,192,6043,33,78.70137825421132,0
Transformer+GAIL+TD3,192,6043,34,9.288585607940446,0
Transformer+GAIL+TD3,192,6043,35,8.60975402161886,0
Transformer+GAIL+TD3,192,6043,36,4.902174781057844,0
Transformer+GAIL+TD3,192,6043,37,3.848079798679748,0
Transformer+GAIL+TD3,192,6043,38,3.0472651285034145,0
Transformer+GAIL+TD3,192,6043,39,2.200007846522029,0
Transformer+GAIL+TD3,192,6043,41,183.2287671232877,0
Transformer+GAIL+TD3,192,6043,42,145.15828677839852,0
Transformer+GAIL+TD3,192,6043,43,40.707357398732434,0
Transformer+GAIL+TD3,192,6043,44,2.710808808461672,0
Transformer+GAIL+TD3,192,6043,45,2.6416726289848156,0
Transformer+GAIL+TD3,192,6043,46,4.117611135143387,0
Transformer+GAIL+TD3,192,6043,47,4.933850463262229,0
Transformer+GAIL+TD3,192,6043,48,68.44274475524475,0
Transformer+GAIL+TD3,192,6043,49,4.862831998480484,0
Transformer+GAIL+TD3,192,6043,50,2.3397898661243857,0
Transformer+GAIL+TD3,192,6043,51,2.6648492310097516,0
Transformer+GAIL+TD3,192,6043,52,9.568034701368035,0
Transformer+GAIL+TD3,192,6043,53,5.4292804924971145,0
Transformer+GAIL+TD3,192,6043,54,37.11264016309888,0
Transformer+GAIL+TD3,192,6043,55,4.309162089517353,0
Transformer+GAIL+TD3,192,6043,56,2.486372027364535,0
Transformer+GAIL+TD3,192,6043,57,10.6252991862135,0
Transformer+GAIL+TD3,192,6043,58,3.773298915849251,0
Transformer+GAIL+TD3,192,6043,59,5.917843196155001,0
Transformer+GAIL+TD3,192,6043,60,3.2353427987689765,0
Transformer+GAIL+TD3,192,6043,61,2.9613239479959996,0
Transformer+GAIL+TD3,192,6043,62,10.22825959394437,0
Transformer+GAIL+TD3,192,6043,63,3.978510253791153,0
Transformer+GAIL+TD3,192,6043,64,9.984192091436997,0
Transformer+GAIL+TD3,192,6043,65,3.883312262958281,0
Transformer+GAIL+TD3,192,6043,66,3.032947850752782,0
Transformer+GAIL+TD3,192,6043,67,7.8599321221800755,0
Transformer+GAIL+TD3,192,6043,68,5.034624879252979,0
Transformer+GAIL+TD3,192,6043,69,6.532394532867879,0
Transformer+GAIL+TD3,192,6043,70,168.88333333333333,0
Transformer+GAIL+TD3,192,6043,71,2.7330460453597865,0
Transformer+GAIL+TD3,192,6043,72,4.263054586241276,0
Transformer+GAIL+TD3,192,6043,73,3.029355503237199,0
Transformer+GAIL+TD3,192,6043,74,157.42222222222222,0
Transformer+GAIL+TD3,192,6043,75,5.805453680114225,0
Transformer+GAIL+TD3,192,6043,76,16.933911935663666,0
Transformer+GAIL+TD3,192,6043,77,3.4121440261865796,0
Transformer+GAIL+TD3,192,6043,78,2.7749290400632822,0
Transformer+GAIL+TD3,192,6043,79,4.11783621746832,0
Transformer+GAIL+TD3,192,6043,80,4.6105130209899565,0
Transformer+GAIL+TD3,192,6043,81,172.69087523277472,0
Transformer+GAIL+TD3,192,6043,82,60.18948618948618,0
Transformer+GAIL+TD3,192,6043,83,2.094512493343043,0
Transformer+GAIL+TD3,192,6043,84,3.3657120825925846,0
Transformer+GAIL+TD3,192,6043,85,5.485451440917169,0
Transformer+GAIL+TD3,192,6043,86,3.5111215745362085,0
Transformer+GAIL+TD3,192,6043,87,156.72488687782803,0
Transformer+GAIL+TD3,192,6043,88,5.4100381307085215,0
Transformer+GAIL+TD3,192,6043,89,2.9740390107132355,0
Transformer+GAIL+TD3,192,6043,90,2.762040332147093,0
Transformer+GAIL+TD3,192,6043,91,2.5889637293706453,0
Transformer+GAIL+TD3,192,6043,92,4.6180174948277735,0
Transformer+GAIL+TD3,192,6043,93,41.57062543921293,0
Transformer+GAIL+TD3,192,6043,94,6.424151298865984,0
Transformer+GAIL+TD3,192,6043,95,2.1444861867774785,0
Transformer+GAIL+TD3,192,6043,96,5.02412580582145,0
Transformer+GAIL+TD3,192,6043,97,4.336467466543609,0
Transformer+GAIL+TD3,192,6043,98,2.3799778849697923,0
Transformer+GAIL+TD3,192,6048,5,5.276369018253577,0
Transformer+GAIL+TD3,192,6048,6,360.09045226130655,0
Transformer+GAIL+TD3,192,6048,7,47.6619937694704,0
Transformer+GAIL+TD3,192,6048,8,24.453041622198505,0
Transformer+GAIL+TD3,192,6048,9,7.116295594504974,0
Transformer+GAIL+TD3,192,6048,10,4.179866121881249,0
Transformer+GAIL+TD3,192,6048,11,2.943795197266042,0
Transformer+GAIL+TD3,192,6048,12,4.385801249110601,0
Transformer+GAIL+TD3,192,6048,13,56.13351134846462,0
Transformer+GAIL+TD3,192,6048,14,584.21875,0
Transformer+GAIL+TD3,192,6048,15,598.1466165413533,0
Transformer+GAIL+TD3,192,6048,16,82.91086749285033,0
Transformer+GAIL+TD3,192,6048,17,5.384967741935484,0
Transformer+GAIL+TD3,192,6048,18,11.757039762275362,0
Transformer+GAIL+TD3,192,6048,19,22.659363957597176,0
Transformer+GAIL+TD3,192,6048,20,26.619615742175398,0
Transformer+GAIL+TD3,192,6048,21,19.447382769901854,0
Transformer+GAIL+TD3,192,6048,22,12.344376764225226,0
Transformer+GAIL+TD3,192,6048,23,8.227433237695875,0
Transformer+GAIL+TD3,192,6048,24,4.793216425361958,0
Transformer+GAIL+TD3,192,6048,25,4.327062272852213,0
Transformer+GAIL+TD3,192,6048,26,23.705760331897242,0
Transformer+GAIL+TD3,192,6048,27,10.810344827586206,0
Transformer+GAIL+TD3,192,6048,28,12.248070403231626,0
Transformer+GAIL+TD3,192,6048,29,3.792788981337846,0
Transformer+GAIL+TD3,192,6048,30,2.236314308681672,0
Transformer+GAIL+TD3,192,6048,31,5.48860965900916,0
Transformer+GAIL+TD3,192,6048,32,14.489721886336156,0
Transformer+GAIL+TD3,192,6048,33,183.86199095022627,0
Transformer+GAIL+TD3,192,6048,34,14.869485434666261,0
Transformer+GAIL+TD3,192,6048,35,5.689213317928788,0
Transformer+GAIL+TD3,192,6048,36,6.885880834083174,0
Transformer+GAIL+TD3,192,6048,37,5.063043076354224,0
Transformer+GAIL+TD3,192,6048,38,50.112363168061805,0
Transformer+GAIL+TD3,192,6048,39,4.173621114827747,0
Transformer+GAIL+TD3,192,6048,40,50.62658444672834,0
Transformer+GAIL+TD3,192,6048,41,3.4418639690055954,0
Transformer+GAIL+TD3,192,6048,42,3.7523282352632545,0
Transformer+GAIL+TD3,192,6048,43,6.9955919950630365,0
Transformer+GAIL+TD3,192,6048,44,3.8305487487933467,0
Transformer+GAIL+TD3,192,6048,45,6.996360153256705,0
Transformer+GAIL+TD3,192,6048,46,4.318681012375961,0
Transformer+GAIL+TD3,192,6048,47,3.6055893074119076,0
Transformer+GAIL+TD3,192,6048,48,3.062146784421157,0
Transformer+GAIL+TD3,192,6048,49,4.138829240967229,0
Transformer+GAIL+TD3,192,6048,50,3.1505648928100918,0
Transformer+GAIL+TD3,192,6048,51,5.675480360482911,0
Transformer+GAIL+TD3,192,6048,52,4.851495565910115,0
Transformer+GAIL+TD3,192,6048,53,6.069009701629142,0
Transformer+GAIL+TD3,192,6048,54,2.6263734199800908,0
Transformer+GAIL+TD3,192,6048,55,2.0992680768921415,0
Transformer+GAIL+TD3,192,6048,56,11.843728581220011,0
Transformer+GAIL+TD3,192,6048,57,3.4997793911194903,0
Transformer+GAIL+TD3,192,6048,58,159.14459049544993,0
Transformer+GAIL+TD3,192,6048,59,2.462891412444564,0
Transformer+GAIL+TD3,192,6048,60,3.0101388270530616,0
Transformer+GAIL+TD3,192,6048,61,6.5012717667775375,0
Transformer+GAIL+TD3,192,6048,62,3.721853348729792,0
Transformer+GAIL+TD3,192,6048,63,8.738106941941123,0
Transformer+GAIL+TD3,192,6048,64,7.694801991299278,0
Transformer+GAIL+TD3,192,6048,65,5.2773173231805535,0
Transformer+GAIL+TD3,192,6048,66,3.2609776304888154,0
Transformer+GAIL+TD3,192,6048,67,3.6133693508275444,0
Transformer+GAIL+TD3,192,6048,68,3.7971505265331404,0
Transformer+GAIL+TD3,192,6048,69,5.364059848835416,0
Transformer+GAIL+TD3,192,6048,70,6.5349929068432075,0
Transformer+GAIL+TD3,192,6048,71,5.0281930271058295,0
Transformer+GAIL+TD3,192,6048,72,4.347316074997621,0
Transformer+GAIL+TD3,192,6048,73,3.4591312148500846,0
Transformer+GAIL+TD3,192,6048,74,5.176651880868714,0
Transformer+GAIL+TD3,192,6048,75,5.209097149830922,0
Transformer+GAIL+TD3,192,6048,76,6.14986577442322,0
Transformer+GAIL+TD3,192,6048,77,4.471948858059896,0
Transformer+GAIL+TD3,192,6048,78,4.0308169636059095,0
Transformer+GAIL+TD3,192,6048,79,5.82415771484375,0
Transformer+GAIL+TD3,192,6048,80,3.9824809441849034,0
Transformer+GAIL+TD3,192,6048,81,18.949892627057984,0
Transformer+GAIL+TD3,192,6048,82,5.427831561844154,0
Transformer+GAIL+TD3,192,6048,83,2.6496674895460726,0
Transformer+GAIL+TD3,192,6048,84,7.4295294071239795,0
Transformer+GAIL+TD3,192,6048,85,4.065479573151482,0
Transformer+GAIL+TD3,192,6048,86,21.121604139715394,0
Transformer+GAIL+TD3,192,6048,87,8.667642446419237,0
Transformer+GAIL+TD3,192,6048,88,2.8136623331195705,0
Transformer+GAIL+TD3,192,6048,89,3.30723379825065,0
Transformer+GAIL+TD3,192,6048,90,5.444065629661199,0
Transformer+GAIL+TD3,192,6048,91,6.411764705882353,0
Transformer+GAIL+TD3,192,6048,92,14.260308354248835,0
Transformer+GAIL+TD3,192,6048,93,7.072500414524955,0
Transformer+GAIL+TD3,192,6048,94,2.0231166392865525,0
Transformer+GAIL+TD3,192,6048,95,3.7996819106221,0
Transformer+GAIL+TD3,192,6048,96,6.795344282725775,0
Transformer+GAIL+TD3,192,6048,97,10.582478660755639,0
Transformer+GAIL+TD3,192,6048,98,10.863446353924756,0
Transformer+GAIL+TD3,192,6049,5,3.977937555402344,0
Transformer+GAIL+TD3,192,6049,6,10.122452940034933,0
Transformer+GAIL+TD3,192,6049,7,186.2168674698795,0
Transformer+GAIL+TD3,192,6049,8,14.720456245325353,0
Transformer+GAIL+TD3,192,6049,9,7.990467461044913,0
Transformer+GAIL+TD3,192,6049,10,7.515904341769212,0
Transformer+GAIL+TD3,192,6049,11,3.855085199052495,0
Transformer+GAIL+TD3,192,6049,12,3.0383693045563542,0
Transformer+GAIL+TD3,192,6049,13,47.15910037484381,0
Transformer+GAIL+TD3,192,6049,14,12.011502516175412,0
Transformer+GAIL+TD3,192,6049,15,14.977407958348826,0
Transformer+GAIL+TD3,192,6049,16,456.55172413793116,0
Transformer+GAIL+TD3,192,6049,17,9.349996340481592,0
Transformer+GAIL+TD3,192,6049,18,11.288691412393833,0
Transformer+GAIL+TD3,192,6049,19,49.69113573407202,0
Transformer+GAIL+TD3,192,6049,20,9.980617495711837,0
Transformer+GAIL+TD3,192,6049,21,191.79769736842107,0
Transformer+GAIL+TD3,192,6049,22,7.033340367166069,0
Transformer+GAIL+TD3,192,6049,23,3.810108966784824,0
Transformer+GAIL+TD3,192,6049,24,16.503774647887326,0
Transformer+GAIL+TD3,192,6049,25,3.2451615491065158,0
Transformer+GAIL+TD3,192,6049,26,282.6765249537893,0
Transformer+GAIL+TD3,192,6049,27,4.791169149742073,0
Transformer+GAIL+TD3,192,6049,28,5.134635071090047,0
Transformer+GAIL+TD3,192,6049,29,4.715114942528736,0
Transformer+GAIL+TD3,192,6049,30,8.27712822494927,0
Transformer+GAIL+TD3,192,6049,31,10.350607728124812,0
Transformer+GAIL+TD3,192,6049,32,5.722710980775496,0
Transformer+GAIL+TD3,192,6049,33,5.974644186555726,0
Transformer+GAIL+TD3,192,6049,34,3.051723785584371,0
Transformer+GAIL+TD3,192,6049,35,6.751173510381867,0
Transformer+GAIL+TD3,192,6049,36,3.0134729290064235,0
Transformer+GAIL+TD3,192,6049,37,28.094914663880186,0
Transformer+GAIL+TD3,192,6049,38,8.55008588957055,0
Transformer+GAIL+TD3,192,6049,39,4.808876680641896,0
Transformer+GAIL+TD3,192,6049,40,3.47128940050946,0
Transformer+GAIL+TD3,192,6049,41,4.153347285740124,0
Transformer+GAIL+TD3,192,6049,42,3.7456559610488234,0
Transformer+GAIL+TD3,192,6049,44,152.46613545816732,0
Transformer+GAIL+TD3,192,6049,45,8.877601943660121,0
Transformer+GAIL+TD3,192,6049,46,3.25237359695191,0
Transformer+GAIL+TD3,192,6049,47,3.8596221037146012,0
Transformer+GAIL+TD3,192,6049,48,4.383885292023999,0
Transformer+GAIL+TD3,192,6049,49,9.739911333409117,0
Transformer+GAIL+TD3,192,6049,50,8.63756933938477,0
Transformer+GAIL+TD3,192,6049,51,3.425035616835293,0
Transformer+GAIL+TD3,192,6049,52,2.3146127855569936,0
Transformer+GAIL+TD3,192,6049,53,9.221861691340498,0
Transformer+GAIL+TD3,192,6049,54,2.436364798159715,0
Transformer+GAIL+TD3,192,6049,55,39.57677113510667,0
Transformer+GAIL+TD3,192,6049,56,3.348691148555225,0
Transformer+GAIL+TD3,192,6049,57,3.387218526100307,0
Transformer+GAIL+TD3,192,6049,58,6.554179429129489,0
Transformer+GAIL+TD3,192,6049,59,5.760983827493262,0
Transformer+GAIL+TD3,192,6049,60,3.477305475504323,0
Transformer+GAIL+TD3,192,6049,61,19.741377469300588,0
Transformer+GAIL+TD3,192,6049,62,2.430682336044633,0
Transformer+GAIL+TD3,192,6049,63,2.4637658807426117,0
Transformer+GAIL+TD3,192,6049,64,2.7602795657603996,0
Transformer+GAIL+TD3,192,6049,65,3.767025547911925,0
Transformer+GAIL+TD3,192,6049,66,4.303121412562183,0
Transformer+GAIL+TD3,192,6049,67,65.32957198443579,0
Transformer+GAIL+TD3,192,6049,68,2.3180996384089996,0
Transformer+GAIL+TD3,192,6049,69,5.844477367538695,0
Transformer+GAIL+TD3,192,6049,70,3.329639044229791,0
Transformer+GAIL+TD3,192,6049,71,4.831095362426955,0
Transformer+GAIL+TD3,192,6049,72,3.4374925609998015,0
Transformer+GAIL+TD3,192,6049,73,19.19798702158655,0
Transformer+GAIL+TD3,192,6049,74,4.768994908436244,0
Transformer+GAIL+TD3,192,6049,75,4.388807714786674,0
Transformer+GAIL+TD3,192,6049,76,4.315427176143595,0
Transformer+GAIL+TD3,192,6049,78,26.10898810684344,0
Transformer+GAIL+TD3,192,6049,79,10.903160478674438,0
Transformer+GAIL+TD3,192,6049,80,5.140920938314509,0
Transformer+GAIL+TD3,192,6049,81,4.223212265218375,0
Transformer+GAIL+TD3,192,6049,82,3.463979105155576,0
Transformer+GAIL+TD3,192,6049,83,2.60600547589884,0
Transformer+GAIL+TD3,192,6049,84,3.682410423452769,0
Transformer+GAIL+TD3,192,6049,85,5.3937850797308835,0
Transformer+GAIL+TD3,192,6049,86,7.616529573051312,0
Transformer+GAIL+TD3,192,6049,87,2.4973549253393297,0
Transformer+GAIL+TD3,192,6049,88,3.0702651681447013,0
Transformer+GAIL+TD3,192,6049,89,4.98439337252806,0
Transformer+GAIL+TD3,192,6049,90,4.66140350877193,0
Transformer+GAIL+TD3,192,6049,91,3.4311581249605685,0
Transformer+GAIL+TD3,192,6049,92,9.461413383364603,0
Transformer+GAIL+TD3,192,6049,93,4.5329504232164455,0
Transformer+GAIL+TD3,192,6049,94,4.618562216653057,0
Transformer+GAIL+TD3,192,6049,95,4.917303888282011,0
Transformer+GAIL+TD3,192,6049,96,2.4074455769828047,0
Transformer+GAIL+TD3,192,6049,97,3.7587666425567257,0
Transformer+GAIL+TD3,192,6051,5,4.572655478775913,0
Transformer+GAIL+TD3,192,6051,6,334.67934782608694,0
Transformer+GAIL+TD3,192,6051,7,23.333229036295368,0
Transformer+GAIL+TD3,192,6051,8,51.303664921465966,0
Transformer+GAIL+TD3,192,6051,9,8.429232421713625,0
Transformer+GAIL+TD3,192,6051,10,5.489349369656571,0
Transformer+GAIL+TD3,192,6051,11,3.418000237079184,0
Transformer+GAIL+TD3,192,6051,12,7.3559698180204185,0
Transformer+GAIL+TD3,192,6051,13,13.740948881443856,0
Transformer+GAIL+TD3,192,6051,14,10.20127205580632,0
Transformer+GAIL+TD3,192,6051,15,21.035067584799798,0
Transformer+GAIL+TD3,192,6051,16,10.533804490587281,0
Transformer+GAIL+TD3,192,6051,17,7.138009404388715,0
Transformer+GAIL+TD3,192,6051,18,11.275694539482686,0
Transformer+GAIL+TD3,192,6051,19,26.258413862045987,0
Transformer+GAIL+TD3,192,6051,20,8.692942079018028,0
Transformer+GAIL+TD3,192,6051,21,13.327362055933486,0
Transformer+GAIL+TD3,192,6051,22,4.990858423520391,0
Transformer+GAIL+TD3,192,6051,23,6.844459918182609,0
Transformer+GAIL+TD3,192,6051,24,7.622400366468164,0
Transformer+GAIL+TD3,192,6051,25,6.257648754375128,0
Transformer+GAIL+TD3,192,6051,26,9.15410447761194,0
Transformer+GAIL+TD3,192,6051,27,5.315290074339722,0
Transformer+GAIL+TD3,192,6051,28,4.559660297239915,0
Transformer+GAIL+TD3,192,6051,29,6.459309174873946,0
Transformer+GAIL+TD3,192,6051,30,10.361418477536327,0
Transformer+GAIL+TD3,192,6051,31,5.4803732585647955,0
Transformer+GAIL+TD3,192,6051,32,3.630664302277997,0
Transformer+GAIL+TD3,192,6051,33,6.7944582299421015,0
Transformer+GAIL+TD3,192,6051,34,3.2417507863736352,0
Transformer+GAIL+TD3,192,6051,35,5.322270924650386,0
Transformer+GAIL+TD3,192,6051,36,3.949601647122012,0
Transformer+GAIL+TD3,192,6051,37,3.745876825458333,0
Transformer+GAIL+TD3,192,6051,38,3.533524502261389,0
Transformer+GAIL+TD3,192,6051,39,143.6397621070518,0
Transformer+GAIL+TD3,192,6051,40,2.5157596466372194,0
Transformer+GAIL+TD3,192,6051,41,3.395037666433076,0
Transformer+GAIL+TD3,192,6051,42,3.0493727147329936,0
Transformer+GAIL+TD3,192,6051,43,4.9280631138303015,0
Transformer+GAIL+TD3,192,6051,44,4.200433456413549,0
Transformer+GAIL+TD3,192,6051,45,98.98334721065778,0
Transformer+GAIL+TD3,192,6051,46,2.8312904352453967,0
Transformer+GAIL+TD3,192,6051,47,7.537756598240469,0
Transformer+GAIL+TD3,192,6051,48,4.497781065088756,0
Transformer+GAIL+TD3,192,6051,49,3.77227543418699,0
Transformer+GAIL+TD3,192,6051,50,7.454385346953152,0
Transformer+GAIL+TD3,192,6051,51,2.6691626126606987,0
Transformer+GAIL+TD3,192,6051,52,8.868477527745418,0
Transformer+GAIL+TD3,192,6051,53,5.2533030408947905,0
Transformer+GAIL+TD3,192,6051,54,3.069394708479643,0
Transformer+GAIL+TD3,192,6051,55,7.08803751226782,0
Transformer+GAIL+TD3,192,6051,56,6.369590347518244,0
Transformer+GAIL+TD3,192,6051,57,2.924878862249072,0
Transformer+GAIL+TD3,192,6051,58,4.590470958397843,0
Transformer+GAIL+TD3,192,6051,59,4.179657894185876,0
Transformer+GAIL+TD3,192,6051,60,5.330214424951266,0
Transformer+GAIL+TD3,192,6051,61,21.58586251621271,0
Transformer+GAIL+TD3,192,6051,62,5.508563742340457,0
Transformer+GAIL+TD3,192,6051,63,2.7341822522881016,0
Transformer+GAIL+TD3,192,6051,64,4.642758188044017,0
Transformer+GAIL+TD3,192,6051,65,10.199462943071968,0
Transformer+GAIL+TD3,192,6051,66,10.562879984680933,0
Transformer+GAIL+TD3,192,6051,67,5.643107827291619,0
Transformer+GAIL+TD3,192,6051,68,6.360808901885951,0
Transformer+GAIL+TD3,192,6051,69,4.305962334402687,0
Transformer+GAIL+TD3,192,6051,70,13.720682972817267,0
Transformer+GAIL+TD3,192,6051,71,5.344772450659858,0
Transformer+GAIL+TD3,192,6051,72,2.0824593547300143,0
Transformer+GAIL+TD3,192,6051,74,2.7834772412322786,0
Transformer+GAIL+TD3,192,6051,75,20.462288422477997,0
Transformer+GAIL+TD3,192,6051,76,108.83361823361822,0
Transformer+GAIL+TD3,192,6051,78,3.9644678401052804,0
Transformer+GAIL+TD3,192,6051,79,6.460051892278787,0
Transformer+GAIL+TD3,192,6051,80,5.069695872556118,0
Transformer+GAIL+TD3,192,6051,81,9.103290430287037,0
Transformer+GAIL+TD3,192,6051,82,8.690614267214684,0
Transformer+GAIL+TD3,192,6051,83,3.4884984998043223,0
Transformer+GAIL+TD3,192,6051,84,5.217899869441261,0
Transformer+GAIL+TD3,192,6051,85,2.8802211457989912,0
Transformer+GAIL+TD3,192,6051,86,34.46348137234266,0
Transformer+GAIL+TD3,192,6051,87,4.97359382385379,0
Transformer+GAIL+TD3,192,6051,88,8.560780929781037,0
Transformer+GAIL+TD3,192,6051,89,2.592848041659742,0
Transformer+GAIL+TD3,192,6051,90,2.571389537483233,0
Transformer+GAIL+TD3,192,6051,91,96.43882978723406,0
Transformer+GAIL+TD3,192,6051,92,13.416600694232994,0
Transformer+GAIL+TD3,192,6051,93,12.435667839249549,0
Transformer+GAIL+TD3,192,6051,94,5.507740916271723,0
Transformer+GAIL+TD3,192,6051,96,3.1468310949686074,0
Transformer+GAIL+TD3,192,6051,98,10.388860203949916,0
Transformer+GAIL+TD3,192,6052,5,6.403657097915846,0
Transformer+GAIL+TD3,192,6052,6,272.4518518518518,0
Transformer+GAIL+TD3,192,6052,7,48.31575757575758,0
Transformer+GAIL+TD3,192,6052,8,11.491600468811045,0
Transformer+GAIL+TD3,192,6052,9,7.401463385136361,0
Transformer+GAIL+TD3,192,6052,10,3.5500687757909217,0
Transformer+GAIL+TD3,192,6052,11,4.231353191489362,0
Transformer+GAIL+TD3,192,6052,12,33.1702533369654,0
Transformer+GAIL+TD3,192,6052,13,3.436148053196603,0
Transformer+GAIL+TD3,192,6052,14,347.76842105263154,0
Transformer+GAIL+TD3,192,6052,15,260.85458167330677,0
Transformer+GAIL+TD3,192,6052,16,3.2032087931569384,0
Transformer+GAIL+TD3,192,6052,17,339.61780104712045,0
Transformer+GAIL+TD3,192,6052,18,17.556193895870734,0
Transformer+GAIL+TD3,192,6052,19,12.37447249574295,0
Transformer+GAIL+TD3,192,6052,20,5.709297138851717,0
Transformer+GAIL+TD3,192,6052,21,13.108342989571263,0
Transformer+GAIL+TD3,192,6052,22,6.805954143900321,0
Transformer+GAIL+TD3,192,6052,23,6.52364769187199,0
Transformer+GAIL+TD3,192,6052,24,16.353601953601956,0
Transformer+GAIL+TD3,192,6052,25,7.217488268364076,0
Transformer+GAIL+TD3,192,6052,26,8.917063637474048,0
Transformer+GAIL+TD3,192,6052,27,5.568852087114337,0
Transformer+GAIL+TD3,192,6052,28,5.457589369974709,0
Transformer+GAIL+TD3,192,6052,29,4.047634348140414,0
Transformer+GAIL+TD3,192,6052,30,9.472719417355881,0
Transformer+GAIL+TD3,192,6052,31,9.16555603105704,0
Transformer+GAIL+TD3,192,6052,32,4.629004162853178,0
Transformer+GAIL+TD3,192,6052,33,4.400462767008099,0
Transformer+GAIL+TD3,192,6052,34,3.262786895687806,0
Transformer+GAIL+TD3,192,6052,35,5.687649800266311,0
Transformer+GAIL+TD3,192,6052,36,4.849229912785304,0
Transformer+GAIL+TD3,192,6052,37,12.54051360674588,0
Transformer+GAIL+TD3,192,6052,38,2.933579161348272,0
Transformer+GAIL+TD3,192,6052,39,2.846211328650426,0
Transformer+GAIL+TD3,192,6052,40,9.46997221628553,0
Transformer+GAIL+TD3,192,6052,41,3.67966272870329,0
Transformer+GAIL+TD3,192,6052,42,5.332664073283976,0
Transformer+GAIL+TD3,192,6052,43,8.051142364778476,0
Transformer+GAIL+TD3,192,6052,44,5.731374606505771,0
Transformer+GAIL+TD3,192,6052,45,7.219265069804361,0
Transformer+GAIL+TD3,192,6052,46,8.583583583583584,0
Transformer+GAIL+TD3,192,6052,47,3.1655296513812266,0
Transformer+GAIL+TD3,192,6052,48,6.319925877479834,0
Transformer+GAIL+TD3,192,6052,49,2.798844480990198,0
Transformer+GAIL+TD3,192,6052,50,5.9738535979047365,0
Transformer+GAIL+TD3,192,6052,51,3.023397847650738,0
Transformer+GAIL+TD3,192,6052,52,60.33702791461412,0
Transformer+GAIL+TD3,192,6052,53,3.1357303267794125,0
Transformer+GAIL+TD3,192,6052,54,5.0062461443553365,0
Transformer+GAIL+TD3,192,6052,55,5.205330263856915,0
Transformer+GAIL+TD3,192,6052,56,2.438342404207911,0
Transformer+GAIL+TD3,192,6052,57,7.019812641326587,0
Transformer+GAIL+TD3,192,6052,58,6.754061126746654,0
Transformer+GAIL+TD3,192,6052,59,6.029626671990417,0
Transformer+GAIL+TD3,192,6052,60,4.7803349955248695,0
Transformer+GAIL+TD3,192,6052,61,3.585920745920746,0
Transformer+GAIL+TD3,192,6052,62,5.994830070344944,0
Transformer+GAIL+TD3,192,6052,63,7.814783954291155,0
Transformer+GAIL+TD3,192,6052,64,3.8653182184371047,0
Transformer+GAIL+TD3,192,6052,65,6.466528672907749,0
Transformer+GAIL+TD3,192,6052,66,5.3001846287514045,0
Transformer+GAIL+TD3,192,6052,67,6.47809819310093,0
Transformer+GAIL+TD3,192,6052,68,14.380566019511251,0
Transformer+GAIL+TD3,192,6052,69,4.827032011592675,0
Transformer+GAIL+TD3,192,6052,70,2.8427788319628924,0
Transformer+GAIL+TD3,192,6052,71,5.348142220985249,0
Transformer+GAIL+TD3,192,6052,72,3.007842089929105,0
Transformer+GAIL+TD3,192,6052,73,6.105126151381658,0
Transformer+GAIL+TD3,192,6052,74,4.452555895430607,0
Transformer+GAIL+TD3,192,6052,75,5.825861740620834,0
Transformer+GAIL+TD3,192,6052,76,2.7298827406096087,0
Transformer+GAIL+TD3,192,6052,77,3.1638289246984908,0
Transformer+GAIL+TD3,192,6052,78,5.322979204733316,0
Transformer+GAIL+TD3,192,6052,79,2.9506960055334606,0
Transformer+GAIL+TD3,192,6052,80,6.5325568846119255,0
Transformer+GAIL+TD3,192,6052,81,6.812486772486772,0
Transformer+GAIL+TD3,192,6052,82,2.302481713305677,0
Transformer+GAIL+TD3,192,6052,83,5.5902089783281745,0
Transformer+GAIL+TD3,192,6052,84,2.533530979959551,0
Transformer+GAIL+TD3,192,6052,85,4.792741128473558,0
Transformer+GAIL+TD3,192,6052,86,3.9976903627346103,0
Transformer+GAIL+TD3,192,6052,87,6.498597324126025,0
Transformer+GAIL+TD3,192,6052,88,2.6738210351113576,0
Transformer+GAIL+TD3,192,6052,89,5.474773019360724,0
Transformer+GAIL+TD3,192,6052,90,2.668992419520238,0
Transformer+GAIL+TD3,192,6052,91,3.655219418868827,0
Transformer+GAIL+TD3,192,6052,92,2.835164835164835,0
Transformer+GAIL+TD3,192,6052,93,51.13186813186814,0
Transformer+GAIL+TD3,192,6052,94,2.6636597194157385,0
Transformer+GAIL+TD3,192,6052,95,4.739631770767877,0
Transformer+GAIL+TD3,192,6052,96,5.467142147470017,0
Transformer+GAIL+TD3,192,6052,97,2.2448707554040874,0
Transformer+GAIL+TD3,192,6052,98,7.226525759577278,0
Transformer+GAIL+TD3,192,6053,5,5.596804418581715,0
Transformer+GAIL+TD3,192,6053,6,247.98750000000004,0
Transformer+GAIL+TD3,192,6053,7,30.517691659646164,0
Transformer+GAIL+TD3,192,6053,8,10.040343347639485,0
Transformer+GAIL+TD3,192,6053,9,14.465845070422535,0
Transformer+GAIL+TD3,192,6053,10,4.131783746556474,0
Transformer+GAIL+TD3,192,6053,11,4.233519944016795,0
Transformer+GAIL+TD3,192,6053,12,11.906761989871912,0
Transformer+GAIL+TD3,192,6053,13,35.75724735843946,0
Transformer+GAIL+TD3,192,6053,14,301.00201207243464,0
Transformer+GAIL+TD3,192,6053,15,7.396107944424652,0
Transformer+GAIL+TD3,192,6053,16,22.10431700215217,0
Transformer+GAIL+TD3,192,6053,17,6.838475218433463,0
Transformer+GAIL+TD3,192,6053,18,22.94432855280313,0
Transformer+GAIL+TD3,192,6053,19,15.956702747710246,0
Transformer+GAIL+TD3,192,6053,20,10.603008,0
Transformer+GAIL+TD3,192,6053,21,5.917956595375951,0
Transformer+GAIL+TD3,192,6053,22,5.313753177068625,0
Transformer+GAIL+TD3,192,6053,23,5.9019980275413655,0
Transformer+GAIL+TD3,192,6053,24,6.635309510918607,0
Transformer+GAIL+TD3,192,6053,25,12.390283970898848,0
Transformer+GAIL+TD3,192,6053,26,8.137075364360406,0
Transformer+GAIL+TD3,192,6053,27,3.4082430234277625,0
Transformer+GAIL+TD3,192,6053,28,3.197695778922567,0
Transformer+GAIL+TD3,192,6053,29,7.280715430254211,0
Transformer+GAIL+TD3,192,6053,30,3.7552606110880684,0
Transformer+GAIL+TD3,192,6053,31,220.22596964586847,0
Transformer+GAIL+TD3,192,6053,32,4.133390285574811,0
Transformer+GAIL+TD3,192,6053,33,2.9062212863705974,0
Transformer+GAIL+TD3,192,6053,34,11.435834502103788,0
Transformer+GAIL+TD3,192,6053,35,76.85706695005314,0
Transformer+GAIL+TD3,192,6053,36,4.4440323506891275,0
Transformer+GAIL+TD3,192,6053,37,9.509571152990057,0
Transformer+GAIL+TD3,192,6053,38,3.342271855913691,0
Transformer+GAIL+TD3,192,6053,39,2.840139608761077,0
Transformer+GAIL+TD3,192,6053,40,33.57645946584732,0
Transformer+GAIL+TD3,192,6053,41,3.1192138825005227,0
Transformer+GAIL+TD3,192,6053,42,17.386514949763953,0
Transformer+GAIL+TD3,192,6053,43,2.7118008249192815,0
Transformer+GAIL+TD3,192,6053,44,6.3931838975297355,0
Transformer+GAIL+TD3,192,6053,45,3.6333772928905406,0
Transformer+GAIL+TD3,192,6053,46,3.8372822026592823,0
Transformer+GAIL+TD3,192,6053,47,2.8899538077711635,0
Transformer+GAIL+TD3,192,6053,48,27.09625308503477,0
Transformer+GAIL+TD3,192,6053,49,2.628526673668096,0
Transformer+GAIL+TD3,192,6053,50,31.227439471753488,0
Transformer+GAIL+TD3,192,6053,51,4.975307896643322,0
Transformer+GAIL+TD3,192,6053,53,3.523981791323747,0
Transformer+GAIL+TD3,192,6053,54,10.378549928019895,0
Transformer+GAIL+TD3,192,6053,55,3.67698454513523,0
Transformer+GAIL+TD3,192,6053,56,184.7934165720772,0
Transformer+GAIL+TD3,192,6053,57,3.9279967819790826,0
Transformer+GAIL+TD3,192,6053,58,2.8622290023849946,0
Transformer+GAIL+TD3,192,6053,59,5.6475550471833005,0
Transformer+GAIL+TD3,192,6053,60,4.2055509916676455,0
Transformer+GAIL+TD3,192,6053,61,7.7908876886857765,0
Transformer+GAIL+TD3,192,6053,62,4.390728476821192,0
Transformer+GAIL+TD3,192,6053,63,4.242662663698948,0
Transformer+GAIL+TD3,192,6053,64,4.099270072992701,0
Transformer+GAIL+TD3,192,6053,65,3.5855298157372917,0
Transformer+GAIL+TD3,192,6053,66,3.1014640171468018,0
Transformer+GAIL+TD3,192,6053,67,7.44186046511628,0
Transformer+GAIL+TD3,192,6053,68,2.82824349631937,0
Transformer+GAIL+TD3,192,6053,69,7.874624255342406,0
Transformer+GAIL+TD3,192,6053,70,5.970423589283041,0
Transformer+GAIL+TD3,192,6053,71,4.91269584008644,0
Transformer+GAIL+TD3,192,6053,72,2.636583279559404,0
Transformer+GAIL+TD3,192,6053,73,6.003333987056287,0
Transformer+GAIL+TD3,192,6053,74,6.280831514124663,0
Transformer+GAIL+TD3,192,6053,75,3.2126652494519368,0
Transformer+GAIL+TD3,192,6053,76,11.570186735350932,0
Transformer+GAIL+TD3,192,6053,77,2.898203042419229,0
Transformer+GAIL+TD3,192,6053,78,5.977803777369211,0
Transformer+GAIL+TD3,192,6053,79,4.694672747898965,0
Transformer+GAIL+TD3,192,6053,80,3.827955493741307,0
Transformer+GAIL+TD3,192,6053,81,5.076857142857143,0
Transformer+GAIL+TD3,192,6053,82,10.831282854266862,0
Transformer+GAIL+TD3,192,6053,83,4.4458838278311745,0
Transformer+GAIL+TD3,192,6053,84,2.4328028725916195,0
Transformer+GAIL+TD3,192,6053,85,31.19582542694497,0
Transformer+GAIL+TD3,192,6053,86,2.775017201663326,0
Transformer+GAIL+TD3,192,6053,87,6.591973871912307,0
Transformer+GAIL+TD3,192,6053,88,129.4543429844098,0
Transformer+GAIL+TD3,192,6053,89,4.831410224251242,0
Transformer+GAIL+TD3,192,6053,90,2.35076265653748,0
Transformer+GAIL+TD3,192,6053,91,3.2662580321742696,0
Transformer+GAIL+TD3,192,6053,92,3.1720801110450134,0
Transformer+GAIL+TD3,192,6053,93,19.44214053827626,0
Transformer+GAIL+TD3,192,6053,94,31.667455456570153,0
Transformer+GAIL+TD3,192,6053,95,5.612434583515046,0
Transformer+GAIL+TD3,192,6053,96,3.6470132944818796,0
Transformer+GAIL+TD3,192,6053,97,3.57145498243668,0
Transformer+GAIL+TD3,192,6053,98,2.4984628445736483,0
Transformer+GAIL+TD3,192,6056,5,3.960359826018189,0
Transformer+GAIL+TD3,192,6056,6,8.65450643776824,0
Transformer+GAIL+TD3,192,6056,7,107.46666666666667,0
Transformer+GAIL+TD3,192,6056,8,13.353927423059252,0
Transformer+GAIL+TD3,192,6056,9,18.360418151579946,0
Transformer+GAIL+TD3,192,6056,10,5.702559342262298,0
Transformer+GAIL+TD3,192,6056,11,3.909948858543787,0
Transformer+GAIL+TD3,192,6056,12,5.0396985139822705,0
Transformer+GAIL+TD3,192,6056,13,6.77022919576111,0
Transformer+GAIL+TD3,192,6056,14,5.177241054120606,0
Transformer+GAIL+TD3,192,6056,15,54.16121384542437,0
Transformer+GAIL+TD3,192,6056,16,4.025144574214763,0
Transformer+GAIL+TD3,192,6056,17,5.079868075054598,0
Transformer+GAIL+TD3,192,6056,18,123.99077490774907,0
Transformer+GAIL+TD3,192,6056,19,2.698724932413348,0
Transformer+GAIL+TD3,192,6056,20,377.1953352769679,0
Transformer+GAIL+TD3,192,6056,21,239.15428571428566,0
Transformer+GAIL+TD3,192,6056,22,7.590618226855196,0
Transformer+GAIL+TD3,192,6056,23,4.858742022456571,0
Transformer+GAIL+TD3,192,6056,24,9.778923557980177,0
Transformer+GAIL+TD3,192,6056,25,6.669863013698629,0
Transformer+GAIL+TD3,192,6056,26,4.625772002058672,0
Transformer+GAIL+TD3,192,6056,27,10.221737649063032,0
Transformer+GAIL+TD3,192,6056,28,3.1184111482117696,0
Transformer+GAIL+TD3,192,6056,29,7.51375458118073,0
Transformer+GAIL+TD3,192,6056,30,3.7041488422625113,0
Transformer+GAIL+TD3,192,6056,31,7.297360507851654,0
Transformer+GAIL+TD3,192,6056,32,2.998328619182309,0
Transformer+GAIL+TD3,192,6056,33,4.7738978329176245,0
Transformer+GAIL+TD3,192,6056,34,4.877811197880737,0
Transformer+GAIL+TD3,192,6056,35,4.613371186123416,0
Transformer+GAIL+TD3,192,6056,36,3.4538195761176427,0
Transformer+GAIL+TD3,192,6056,37,4.5587849520062,0
Transformer+GAIL+TD3,192,6056,38,6.821565204472012,0
Transformer+GAIL+TD3,192,6056,39,4.977732979015852,0
Transformer+GAIL+TD3,192,6056,40,3.730418702945449,0
Transformer+GAIL+TD3,192,6056,41,2.836656790213222,0
Transformer+GAIL+TD3,192,6056,42,4.414720282526687,0
Transformer+GAIL+TD3,192,6056,43,3.9835364404765947,0
Transformer+GAIL+TD3,192,6056,44,22.761648002212084,0
Transformer+GAIL+TD3,192,6056,45,6.567030721083222,0
Transformer+GAIL+TD3,192,6056,46,2.699342235831136,0
Transformer+GAIL+TD3,192,6056,47,3.11832824507843,0
Transformer+GAIL+TD3,192,6056,48,13.325269048643996,0
Transformer+GAIL+TD3,192,6056,49,3.332024644807681,0
Transformer+GAIL+TD3,192,6056,50,2.1839960452765137,0
Transformer+GAIL+TD3,192,6056,51,198.50309789343248,0
Transformer+GAIL+TD3,192,6056,52,4.745069605568445,0
Transformer+GAIL+TD3,192,6056,53,3.2282262964154245,0
Transformer+GAIL+TD3,192,6056,54,5.474955215653851,0
Transformer+GAIL+TD3,192,6056,55,4.842919465013489,0
Transformer+GAIL+TD3,192,6056,56,3.099485780249764,0
Transformer+GAIL+TD3,192,6056,57,131.58486562942008,0
Transformer+GAIL+TD3,192,6056,58,4.655250437107889,0
Transformer+GAIL+TD3,192,6056,59,6.679591636399332,0
Transformer+GAIL+TD3,192,6056,60,2.653180040577494,0
Transformer+GAIL+TD3,192,6056,61,7.061600438047559,0
Transformer+GAIL+TD3,192,6056,62,3.9491043342311967,0
Transformer+GAIL+TD3,192,6056,63,75.47385272145144,0
Transformer+GAIL+TD3,192,6056,64,3.277644076203773,0
Transformer+GAIL+TD3,192,6056,65,12.572897761645493,0
Transformer+GAIL+TD3,192,6056,66,3.6019626385976458,0
Transformer+GAIL+TD3,192,6056,67,8.05072509063633,0
Transformer+GAIL+TD3,192,6056,68,10.485094850948508,0
Transformer+GAIL+TD3,192,6056,69,6.439183576599027,0
Transformer+GAIL+TD3,192,6056,70,5.459393939393939,0
Transformer+GAIL+TD3,192,6056,71,2.39351622047939,0
Transformer+GAIL+TD3,192,6056,72,2.121133577113358,0
Transformer+GAIL+TD3,192,6056,73,172.65824308062577,0
Transformer+GAIL+TD3,192,6056,74,106.07298772169169,0
Transformer+GAIL+TD3,192,6056,75,7.190613637215577,0
Transformer+GAIL+TD3,192,6056,76,3.639496766191193,0
Transformer+GAIL+TD3,192,6056,77,2.577874836858904,0
Transformer+GAIL+TD3,192,6056,78,4.123741708029874,0
Transformer+GAIL+TD3,192,6056,79,8.43059405940594,0
Transformer+GAIL+TD3,192,6056,80,14.56262245666918,0
Transformer+GAIL+TD3,192,6056,81,6.0473796105692985,0
Transformer+GAIL+TD3,192,6056,82,2.2447450519101926,0
Transformer+GAIL+TD3,192,6056,83,2.6709994971275313,0
Transformer+GAIL+TD3,192,6056,84,6.8586205503252655,0
Transformer+GAIL+TD3,192,6056,85,8.535448350557337,0
Transformer+GAIL+TD3,192,6056,86,107.54491017964072,0
Transformer+GAIL+TD3,192,6056,87,3.316734129726528,0
Transformer+GAIL+TD3,192,6056,88,2.0843360941813827,0
Transformer+GAIL+TD3,192,6056,89,2.2466434134454585,0
Transformer+GAIL+TD3,192,6056,90,6.056758979983548,0
Transformer+GAIL+TD3,192,6056,91,126.12223291626565,0
Transformer+GAIL+TD3,192,6056,92,11.176020212847408,0
Transformer+GAIL+TD3,192,6056,93,4.437978606120199,0
Transformer+GAIL+TD3,192,6056,94,3.912344691265061,0
Transformer+GAIL+TD3,192,6056,96,5.7568391562294,0
Transformer+GAIL+TD3,192,6057,5,3.6348752342440083,0
Transformer+GAIL+TD3,192,6057,6,309.5705128205128,0
Transformer+GAIL+TD3,192,6057,7,22.990882352941178,0
Transformer+GAIL+TD3,192,6057,8,25.069136522753794,0
Transformer+GAIL+TD3,192,6057,9,9.930822255046776,0
Transformer+GAIL+TD3,192,6057,10,10.189706022262392,0
Transformer+GAIL+TD3,192,6057,11,4.687537091988131,0
Transformer+GAIL+TD3,192,6057,12,3.3660704892162014,0
Transformer+GAIL+TD3,192,6057,13,24.471466198419666,0
Transformer+GAIL+TD3,192,6057,14,13.408419291887371,0
Transformer+GAIL+TD3,192,6057,15,515.1451104100946,0
Transformer+GAIL+TD3,192,6057,16,290.8387096774194,0
Transformer+GAIL+TD3,192,6057,17,5.5306045695301975,0
Transformer+GAIL+TD3,192,6057,18,10.478159222345267,0
Transformer+GAIL+TD3,192,6057,19,14.181245965138796,0
Transformer+GAIL+TD3,192,6057,20,6.687566636594769,0
Transformer+GAIL+TD3,192,6057,21,26.384147401355815,0
Transformer+GAIL+TD3,192,6057,22,6.797635209108822,0
Transformer+GAIL+TD3,192,6057,23,10.393323756754908,0
Transformer+GAIL+TD3,192,6057,24,4.806594053576685,0
Transformer+GAIL+TD3,192,6057,25,10.430480026854648,0
Transformer+GAIL+TD3,192,6057,26,4.815431651782123,0
Transformer+GAIL+TD3,192,6057,27,10.83087992606773,0
Transformer+GAIL+TD3,192,6057,28,4.361644568642606,0
Transformer+GAIL+TD3,192,6057,29,3.2458932500895554,0
Transformer+GAIL+TD3,192,6057,30,7.619407321324811,0
Transformer+GAIL+TD3,192,6057,31,3.858694768780647,0
Transformer+GAIL+TD3,192,6057,32,10.627040000000001,0
Transformer+GAIL+TD3,192,6057,33,9.471499968368445,0
Transformer+GAIL+TD3,192,6057,34,4.849071648251509,0
Transformer+GAIL+TD3,192,6057,35,5.440484221572596,0
Transformer+GAIL+TD3,192,6057,36,6.930131373294469,0
Transformer+GAIL+TD3,192,6057,37,5.250382327952422,0
Transformer+GAIL+TD3,192,6057,38,12.329208633093526,0
Transformer+GAIL+TD3,192,6057,39,8.72600246580168,0
Transformer+GAIL+TD3,192,6057,40,5.571802465734556,0
Transformer+GAIL+TD3,192,6057,41,4.24039069232979,0
Transformer+GAIL+TD3,192,6057,42,7.561253979916728,0
Transformer+GAIL+TD3,192,6057,43,3.08562840198229,0
Transformer+GAIL+TD3,192,6057,44,95.7287798408488,0
Transformer+GAIL+TD3,192,6057,45,3.707241303872238,0
Transformer+GAIL+TD3,192,6057,46,5.930723667267576,0
Transformer+GAIL+TD3,192,6057,47,3.691552111355167,0
Transformer+GAIL+TD3,192,6057,48,2.7187610288774935,0
Transformer+GAIL+TD3,192,6057,49,5.357602092847958,0
Transformer+GAIL+TD3,192,6057,50,5.177333999001498,0
Transformer+GAIL+TD3,192,6057,51,4.110423825887743,0
Transformer+GAIL+TD3,192,6057,52,151.87858508604205,0
Transformer+GAIL+TD3,192,6057,54,3.4505702379646896,0
Transformer+GAIL+TD3,192,6057,55,10.449127428383273,0
Transformer+GAIL+TD3,192,6057,56,2.968492998444098,0
Transformer+GAIL+TD3,192,6057,57,3.683568677792041,0
Transformer+GAIL+TD3,192,6057,58,6.272908785203868,0
Transformer+GAIL+TD3,192,6057,59,6.58976833976834,0
Transformer+GAIL+TD3,192,6057,60,11.638138695813657,0
Transformer+GAIL+TD3,192,6057,61,3.19705310880829,0
Transformer+GAIL+TD3,192,6057,62,7.523834925561323,0
Transformer+GAIL+TD3,192,6057,63,4.246180316586373,0
Transformer+GAIL+TD3,192,6057,65,23.250682687056255,0
Transformer+GAIL+TD3,192,6057,66,2.7927347042235673,0
Transformer+GAIL+TD3,192,6057,67,28.15776965265082,0
Transformer+GAIL+TD3,192,6057,68,4.1574869361523215,0
Transformer+GAIL+TD3,192,6057,69,6.254193939919373,0
Transformer+GAIL+TD3,192,6057,70,7.607664077835623,0
Transformer+GAIL+TD3,192,6057,71,2.5972595934925695,0
Transformer+GAIL+TD3,192,6057,72,7.256382536382537,0
Transformer+GAIL+TD3,192,6057,73,4.639495203142103,0
Transformer+GAIL+TD3,192,6057,74,4.766307040237794,0
Transformer+GAIL+TD3,192,6057,75,4.270486864304652,0
Transformer+GAIL+TD3,192,6057,76,5.5421601651635335,0
Transformer+GAIL+TD3,192,6057,77,3.96615378311377,0
Transformer+GAIL+TD3,192,6057,78,4.701420242188667,0
Transformer+GAIL+TD3,192,6057,79,4.483081214977995,0
Transformer+GAIL+TD3,192,6057,80,4.03512257141722,0
Transformer+GAIL+TD3,192,6057,81,5.475854833950758,0
Transformer+GAIL+TD3,192,6057,82,5.273753185293047,0
Transformer+GAIL+TD3,192,6057,83,10.691973969631237,0
Transformer+GAIL+TD3,192,6057,84,2.5487769014837585,0
Transformer+GAIL+TD3,192,6057,85,5.359519715208013,0
Transformer+GAIL+TD3,192,6057,86,9.42846413819001,0
Transformer+GAIL+TD3,192,6057,87,2.803361003076566,0
Transformer+GAIL+TD3,192,6057,88,138.63400335008373,0
Transformer+GAIL+TD3,192,6057,89,6.392601390295874,0
Transformer+GAIL+TD3,192,6057,90,2.1180896141920025,0
Transformer+GAIL+TD3,192,6057,91,5.513924391228307,0
Transformer+GAIL+TD3,192,6057,92,7.648869693071126,0
Transformer+GAIL+TD3,192,6057,93,6.960299394266755,0
Transformer+GAIL+TD3,192,6057,94,5.543348837209303,0
Transformer+GAIL+TD3,192,6057,95,7.167758004258225,0
Transformer+GAIL+TD3,192,6057,96,2.5273568459165885,0
Transformer+GAIL+TD3,192,6057,97,6.601071360244882,0
Transformer+GAIL+TD3,192,6057,98,3.6985982726187827,0
Transformer+GAIL+TD3,192,6058,5,4.940395396872233,0
Transformer+GAIL+TD3,192,6058,6,13.19452421979705,0
Transformer+GAIL+TD3,192,6058,7,122.93387096774194,0
Transformer+GAIL+TD3,192,6058,8,19.088644384471664,0
Transformer+GAIL+TD3,192,6058,9,8.464192662488557,0
Transformer+GAIL+TD3,192,6058,10,5.5112226460550096,0
Transformer+GAIL+TD3,192,6058,11,3.578086757277508,0
Transformer+GAIL+TD3,192,6058,12,17.98446995273464,0
Transformer+GAIL+TD3,192,6058,13,15.54104568775959,0
Transformer+GAIL+TD3,192,6058,14,4.619022913964547,0
Transformer+GAIL+TD3,192,6058,15,10.885330578512397,0
Transformer+GAIL+TD3,192,6058,16,280.6666666666666,0
Transformer+GAIL+TD3,192,6058,17,7.746052508642436,0
Transformer+GAIL+TD3,192,6058,18,17.36619718309859,0
Transformer+GAIL+TD3,192,6058,19,3.8540326786024686,0
Transformer+GAIL+TD3,192,6058,20,5.570907416589927,0
Transformer+GAIL+TD3,192,6058,21,11.038592736271823,0
Transformer+GAIL+TD3,192,6058,22,13.10780769925899,0
Transformer+GAIL+TD3,192,6058,23,7.96410011918951,0
Transformer+GAIL+TD3,192,6058,24,9.114845197142103,0
Transformer+GAIL+TD3,192,6058,25,8.10787310286678,0
Transformer+GAIL+TD3,192,6058,26,2.8419301164725455,0
Transformer+GAIL+TD3,192,6058,27,6.458584306908679,0
Transformer+GAIL+TD3,192,6058,28,3.7275785720447416,0
Transformer+GAIL+TD3,192,6058,29,23.844144460028055,0
Transformer+GAIL+TD3,192,6058,30,8.453973789896427,0
Transformer+GAIL+TD3,192,6058,31,6.258270572926935,0
Transformer+GAIL+TD3,192,6058,32,5.9561858555700695,0
Transformer+GAIL+TD3,192,6058,33,4.024199482218285,0
Transformer+GAIL+TD3,192,6058,34,3.510942671079321,0
Transformer+GAIL+TD3,192,6058,35,15.432642186957025,0
Transformer+GAIL+TD3,192,6058,36,4.446390289561883,0
Transformer+GAIL+TD3,192,6058,37,4.846156002915942,0
Transformer+GAIL+TD3,192,6058,38,3.321759937493896,0
Transformer+GAIL+TD3,192,6058,39,5.95987963891675,0
Transformer+GAIL+TD3,192,6058,40,6.842277947035387,0
Transformer+GAIL+TD3,192,6058,41,6.37935647639956,0
Transformer+GAIL+TD3,192,6058,42,4.1681243686713145,0
Transformer+GAIL+TD3,192,6058,43,3.0455302979801346,0
Transformer+GAIL+TD3,192,6058,44,2.9228084937880507,0
Transformer+GAIL+TD3,192,6058,45,4.21775948951904,0
Transformer+GAIL+TD3,192,6058,46,5.052389417546795,0
Transformer+GAIL+TD3,192,6058,47,94.28212791392706,0
Transformer+GAIL+TD3,192,6058,49,3.152591747252087,0
Transformer+GAIL+TD3,192,6058,50,10.69084287990289,0
Transformer+GAIL+TD3,192,6058,51,3.1961588525677236,0
Transformer+GAIL+TD3,192,6058,52,3.944805370580911,0
Transformer+GAIL+TD3,192,6058,53,17.409293777894458,0
Transformer+GAIL+TD3,192,6058,54,6.781481162910716,0
Transformer+GAIL+TD3,192,6058,55,4.982232546459066,0
Transformer+GAIL+TD3,192,6058,56,38.726190476190474,0
Transformer+GAIL+TD3,192,6058,57,2.556957702502724,0
Transformer+GAIL+TD3,192,6058,58,2.6970532601016433,0
Transformer+GAIL+TD3,192,6058,59,3.3410439922811985,0
Transformer+GAIL+TD3,192,6058,60,10.121989792250735,0
Transformer+GAIL+TD3,192,6058,61,3.492118258469368,0
Transformer+GAIL+TD3,192,6058,62,188.25696969696972,0
Transformer+GAIL+TD3,192,6058,63,4.275739726499259,0
Transformer+GAIL+TD3,192,6058,64,2.1191945797565968,0
Transformer+GAIL+TD3,192,6058,65,10.994204898240772,0
Transformer+GAIL+TD3,192,6058,66,2.8824095121524738,0
Transformer+GAIL+TD3,192,6058,67,8.069041267848736,0
Transformer+GAIL+TD3,192,6058,68,30.31639262580967,0
Transformer+GAIL+TD3,192,6058,69,4.347714018751812,0
Transformer+GAIL+TD3,192,6058,70,3.203922178383317,0
Transformer+GAIL+TD3,192,6058,71,30.515766653527784,0
Transformer+GAIL+TD3,192,6058,72,2.5299049836395673,0
Transformer+GAIL+TD3,192,6058,73,2.115614290697913,0
Transformer+GAIL+TD3,192,6058,74,3.792950096598987,0
Transformer+GAIL+TD3,192,6058,75,5.972573558780455,0
Transformer+GAIL+TD3,192,6058,76,2.8850031699286256,0
Transformer+GAIL+TD3,192,6058,77,34.878480415290234,0
Transformer+GAIL+TD3,192,6058,78,3.8009602308994532,0
Transformer+GAIL+TD3,192,6058,79,5.911227876106194,0
Transformer+GAIL+TD3,192,6058,80,7.976517089049058,0
Transformer+GAIL+TD3,192,6058,81,3.0917991595546503,0
Transformer+GAIL+TD3,192,6058,82,3.2231711679484887,0
Transformer+GAIL+TD3,192,6058,83,28.008232334781617,0
Transformer+GAIL+TD3,192,6058,84,4.583535108958838,0
Transformer+GAIL+TD3,192,6058,85,6.363093643565113,0
Transformer+GAIL+TD3,192,6058,86,2.52110813885558,0
Transformer+GAIL+TD3,192,6058,87,2.7273150822788352,0
Transformer+GAIL+TD3,192,6058,88,4.162440209551286,0
Transformer+GAIL+TD3,192,6058,89,9.66784260515604,0
Transformer+GAIL+TD3,192,6058,90,7.2879907621247115,0
Transformer+GAIL+TD3,192,6058,91,2.8430326450571006,0
Transformer+GAIL+TD3,192,6058,92,3.0709375577124325,0
Transformer+GAIL+TD3,192,6058,93,3.561752093576705,0
Transformer+GAIL+TD3,192,6058,94,4.016995225803504,0
Transformer+GAIL+TD3,192,6058,95,38.36725553620304,0
Transformer+GAIL+TD3,192,6058,96,2.5770250248073183,0
Transformer+GAIL+TD3,192,6058,97,8.992914812984017,0
Transformer+GAIL+TD3,192,6058,98,2.26394951926346,0
Transformer+GAIL+TD3,192,6060,5,2.991066169251915,0
Transformer+GAIL+TD3,192,6060,6,4.9066589684372595,0
Transformer+GAIL+TD3,192,6060,7,21.056653491436098,0
Transformer+GAIL+TD3,192,6060,8,7.523600569259961,0
Transformer+GAIL+TD3,192,6060,9,7.181986328910335,0
Transformer+GAIL+TD3,192,6060,10,6.660740251156642,0
Transformer+GAIL+TD3,192,6060,11,9.990410548396763,0
Transformer+GAIL+TD3,192,6060,12,6.4023566293713845,0
Transformer+GAIL+TD3,192,6060,13,7.718909710391824,0
Transformer+GAIL+TD3,192,6060,14,4.5728418051150745,0
Transformer+GAIL+TD3,192,6060,15,22.604416221677013,0
Transformer+GAIL+TD3,192,6060,16,403.89447236180905,0
Transformer+GAIL+TD3,192,6060,17,6.850545533110079,0
Transformer+GAIL+TD3,192,6060,18,6.470573478500828,0
Transformer+GAIL+TD3,192,6060,19,4.283496883293217,0
Transformer+GAIL+TD3,192,6060,20,13.913876088069639,0
Transformer+GAIL+TD3,192,6060,21,16.247634838583828,0
Transformer+GAIL+TD3,192,6060,22,4.996207764757079,0
Transformer+GAIL+TD3,192,6060,23,6.552943375070081,0
Transformer+GAIL+TD3,192,6060,24,8.022707252618186,0
Transformer+GAIL+TD3,192,6060,25,5.981374045801526,0
Transformer+GAIL+TD3,192,6060,26,5.900164662084765,0
Transformer+GAIL+TD3,192,6060,27,38.666999750187365,0
Transformer+GAIL+TD3,192,6060,28,3.6339542190305205,0
Transformer+GAIL+TD3,192,6060,29,5.5505082883047905,0
Transformer+GAIL+TD3,192,6060,30,3.979152104543382,0
Transformer+GAIL+TD3,192,6060,31,12.824135729271184,0
Transformer+GAIL+TD3,192,6060,32,7.645898123324397,0
Transformer+GAIL+TD3,192,6060,33,9.133263087843833,0
Transformer+GAIL+TD3,192,6060,34,5.223707351389377,0
Transformer+GAIL+TD3,192,6060,35,5.211274465041245,0
Transformer+GAIL+TD3,192,6060,36,3.21644928058418,0
Transformer+GAIL+TD3,192,6060,37,6.034864898518242,0
Transformer+GAIL+TD3,192,6060,38,4.353373850709056,0
Transformer+GAIL+TD3,192,6060,39,27.183861263493185,0
Transformer+GAIL+TD3,192,6060,40,2.7604252308751267,0
Transformer+GAIL+TD3,192,6060,41,4.348646988458181,0
Transformer+GAIL+TD3,192,6060,42,3.6919095821599823,0
Transformer+GAIL+TD3,192,6060,43,4.017105780574125,0
Transformer+GAIL+TD3,192,6060,44,9.052394830207804,0
Transformer+GAIL+TD3,192,6060,45,166.74692622950818,0
Transformer+GAIL+TD3,192,6060,46,3.674212121212121,0
Transformer+GAIL+TD3,192,6060,47,4.355037721215539,0
Transformer+GAIL+TD3,192,6060,48,3.4058790743760703,0
Transformer+GAIL+TD3,192,6060,49,7.281678082191781,0
Transformer+GAIL+TD3,192,6060,50,5.53686358466582,0
Transformer+GAIL+TD3,192,6060,51,78.89265536723164,0
Transformer+GAIL+TD3,192,6060,52,6.5042194092827,0
Transformer+GAIL+TD3,192,6060,53,3.1699837856137414,0
Transformer+GAIL+TD3,192,6060,54,3.9886109815664814,0
Transformer+GAIL+TD3,192,6060,55,4.341828046985482,0
Transformer+GAIL+TD3,192,6060,56,6.511569098495385,0
Transformer+GAIL+TD3,192,6060,57,4.138180272108843,0
Transformer+GAIL+TD3,192,6060,58,6.630608357313663,0
Transformer+GAIL+TD3,192,6060,59,2.165670498084291,0
Transformer+GAIL+TD3,192,6060,60,5.0044776658361325,0
Transformer+GAIL+TD3,192,6060,61,5.363363230680863,0
Transformer+GAIL+TD3,192,6060,62,4.789103360048161,0
Transformer+GAIL+TD3,192,6060,63,3.7487718908717493,0
Transformer+GAIL+TD3,192,6060,64,57.11793286219081,0
Transformer+GAIL+TD3,192,6060,65,2.7124154234939266,0
Transformer+GAIL+TD3,192,6060,66,5.597448075994205,0
Transformer+GAIL+TD3,192,6060,67,5.125632240169685,0
Transformer+GAIL+TD3,192,6060,68,5.369539754719581,0
Transformer+GAIL+TD3,192,6060,69,4.40831594005769,0
Transformer+GAIL+TD3,192,6060,70,4.075604139500041,0
Transformer+GAIL+TD3,192,6060,71,3.2739715328894703,0
Transformer+GAIL+TD3,192,6060,72,2.8117135391597334,0
Transformer+GAIL+TD3,192,6060,73,5.135216675809106,0
Transformer+GAIL+TD3,192,6060,74,3.8521857683173546,0
Transformer+GAIL+TD3,192,6060,75,18.85611510791367,0
Transformer+GAIL+TD3,192,6060,76,2.6322464514887947,0
Transformer+GAIL+TD3,192,6060,77,5.037561542291309,0
Transformer+GAIL+TD3,192,6060,78,3.5212274807960555,0
Transformer+GAIL+TD3,192,6060,79,3.3072643744167682,0
Transformer+GAIL+TD3,192,6060,80,8.286938005129942,0
Transformer+GAIL+TD3,192,6060,81,5.112010725270104,0
Transformer+GAIL+TD3,192,6060,82,3.173631940278611,0
Transformer+GAIL+TD3,192,6060,83,4.4515968615316615,0
Transformer+GAIL+TD3,192,6060,84,3.2299102963454698,0
Transformer+GAIL+TD3,192,6060,85,4.997256666300889,0
Transformer+GAIL+TD3,192,6060,86,5.581448169346779,0
Transformer+GAIL+TD3,192,6060,87,3.982386066003142,0
Transformer+GAIL+TD3,192,6060,88,6.366321028618831,0
Transformer+GAIL+TD3,192,6060,89,2.4588945170874728,0
Transformer+GAIL+TD3,192,6060,90,4.042322356132136,0
Transformer+GAIL+TD3,192,6060,91,7.4984250787460605,0
Transformer+GAIL+TD3,192,6060,92,3.041161998485996,0
Transformer+GAIL+TD3,192,6060,93,8.658125635808748,0
Transformer+GAIL+TD3,192,6060,94,5.295311729916215,0
Transformer+GAIL+TD3,192,6060,95,3.746578679303778,0
Transformer+GAIL+TD3,192,6060,96,4.375758970964864,0
Transformer+GAIL+TD3,192,6060,97,2.310679190751445,0
Transformer+GAIL+TD3,192,6060,98,8.401015835076187,0
Transformer+GAIL+TD3,192,6061,6,6.362718446601942,0
Transformer+GAIL+TD3,192,6061,7,124.64117647058825,0
Transformer+GAIL+TD3,192,6061,8,4.830144588871038,0
Transformer+GAIL+TD3,192,6061,9,5.742241600410361,0
Transformer+GAIL+TD3,192,6061,10,379.6117647058824,0
Transformer+GAIL+TD3,192,6061,11,13.435978134835183,0
Transformer+GAIL+TD3,192,6061,12,16.982211910286157,0
Transformer+GAIL+TD3,192,6061,13,10.281372549019608,0
Transformer+GAIL+TD3,192,6061,14,8.842696629213483,0
Transformer+GAIL+TD3,192,6061,15,7.144184556231978,0
Transformer+GAIL+TD3,192,6061,16,37.79358132749818,0
Transformer+GAIL+TD3,192,6061,17,46.65227890129791,0
Transformer+GAIL+TD3,192,6061,18,8.780030947145532,0
Transformer+GAIL+TD3,192,6061,19,6.124619620344878,0
Transformer+GAIL+TD3,192,6061,20,4.981075772455995,0
Transformer+GAIL+TD3,192,6061,21,16.636931695755226,0
Transformer+GAIL+TD3,192,6061,22,18.816837732160316,0
Transformer+GAIL+TD3,192,6061,23,259.82992125984254,0
Transformer+GAIL+TD3,192,6061,24,6.928561984927945,0
Transformer+GAIL+TD3,192,6061,25,7.097250570296556,0
Transformer+GAIL+TD3,192,6061,26,9.3763778659612,0
Transformer+GAIL+TD3,192,6061,27,5.305675043392951,0
Transformer+GAIL+TD3,192,6061,28,16.752053696653977,0
Transformer+GAIL+TD3,192,6061,29,11.354877628404,0
Transformer+GAIL+TD3,192,6061,30,3.961324890404286,0
Transformer+GAIL+TD3,192,6061,31,3.766551890781685,0
Transformer+GAIL+TD3,192,6061,32,8.740641172121782,0
Transformer+GAIL+TD3,192,6061,33,2.968503937007874,0
Transformer+GAIL+TD3,192,6061,34,40.386677956534015,0
Transformer+GAIL+TD3,192,6061,35,7.277744561468059,0
Transformer+GAIL+TD3,192,6061,36,3.8230116779348498,0
Transformer+GAIL+TD3,192,6061,37,7.514353052085787,0
Transformer+GAIL+TD3,192,6061,38,3.600880720662752,0
Transformer+GAIL+TD3,192,6061,39,6.17578097329461,0
Transformer+GAIL+TD3,192,6061,40,33.6650162199078,0
Transformer+GAIL+TD3,192,6061,41,7.147401479080134,0
Transformer+GAIL+TD3,192,6061,42,3.9395491803278695,0
Transformer+GAIL+TD3,192,6061,43,6.581041194336313,0
Transformer+GAIL+TD3,192,6061,44,4.111550174926379,0
Transformer+GAIL+TD3,192,6061,45,3.5713607526649693,0
Transformer+GAIL+TD3,192,6061,46,158.8995157384988,0
Transformer+GAIL+TD3,192,6061,47,3.6854805158785187,0
Transformer+GAIL+TD3,192,6061,48,5.205323602017817,0
Transformer+GAIL+TD3,192,6061,49,3.927282799816943,0
Transformer+GAIL+TD3,192,6061,50,2.6828717504019655,0
Transformer+GAIL+TD3,192,6061,51,7.292495126705654,0
Transformer+GAIL+TD3,192,6061,52,2.784363662574181,0
Transformer+GAIL+TD3,192,6061,53,5.316064122902229,0
Transformer+GAIL+TD3,192,6061,54,6.608794695521294,0
Transformer+GAIL+TD3,192,6061,55,5.248788464397206,0
Transformer+GAIL+TD3,192,6061,56,2.8778581810793487,0
Transformer+GAIL+TD3,192,6061,57,8.428578383641675,0
Transformer+GAIL+TD3,192,6061,58,5.788934426229508,0
Transformer+GAIL+TD3,192,6061,59,3.9905187971836003,0
Transformer+GAIL+TD3,192,6061,60,5.373098242717302,0
Transformer+GAIL+TD3,192,6061,61,2.699351399709249,0
Transformer+GAIL+TD3,192,6061,62,8.47724213874954,0
Transformer+GAIL+TD3,192,6061,63,3.480084071338203,0
Transformer+GAIL+TD3,192,6061,64,11.341000932545851,0
Transformer+GAIL+TD3,192,6061,65,2.7378271926559985,0
Transformer+GAIL+TD3,192,6061,66,7.029303839991734,0
Transformer+GAIL+TD3,192,6061,67,2.551874309068373,0
Transformer+GAIL+TD3,192,6061,68,4.123507191290678,0
Transformer+GAIL+TD3,192,6061,69,4.395879673763372,0
Transformer+GAIL+TD3,192,6061,70,21.788910238814164,0
Transformer+GAIL+TD3,192,6061,71,2.2399029911075186,0
Transformer+GAIL+TD3,192,6061,72,2.825730622617535,0
Transformer+GAIL+TD3,192,6061,73,3.1787063676383926,0
Transformer+GAIL+TD3,192,6061,74,6.791030844155844,0
Transformer+GAIL+TD3,192,6061,75,6.7401516335782405,0
Transformer+GAIL+TD3,192,6061,76,5.6824667796307855,0
Transformer+GAIL+TD3,192,6061,77,4.872402142037486,0
Transformer+GAIL+TD3,192,6061,78,4.614536124499437,0
Transformer+GAIL+TD3,192,6061,79,5.18999423804394,0
Transformer+GAIL+TD3,192,6061,80,3.147739204064352,0
Transformer+GAIL+TD3,192,6061,81,5.173307633511681,0
Transformer+GAIL+TD3,192,6061,82,3.983904540613805,0
Transformer+GAIL+TD3,192,6061,83,4.8460103008136155,0
Transformer+GAIL+TD3,192,6061,84,4.049625552648201,0
Transformer+GAIL+TD3,192,6061,85,5.210530937189018,0
Transformer+GAIL+TD3,192,6061,86,6.102718334297283,0
Transformer+GAIL+TD3,192,6061,87,4.751376637262763,0
Transformer+GAIL+TD3,192,6061,88,2.403975947969076,0
Transformer+GAIL+TD3,192,6061,89,4.9695177117405525,0
Transformer+GAIL+TD3,192,6061,90,3.756989506694006,0
Transformer+GAIL+TD3,192,6061,91,10.142153047989625,0
Transformer+GAIL+TD3,192,6061,92,6.944419840566874,0
Transformer+GAIL+TD3,192,6061,93,3.5701593345572404,0
Transformer+GAIL+TD3,192,6061,94,4.579546074526706,0
Transformer+GAIL+TD3,192,6061,95,3.9514689565343235,0
Transformer+GAIL+TD3,192,6061,96,5.517709787990351,0
Transformer+GAIL+TD3,192,6061,97,3.7729491701038125,0
Transformer+GAIL+TD3,192,6061,98,9.632058521560575,0
Transformer+GAIL+TD3,192,6067,5,4.916839506172839,0
Transformer+GAIL+TD3,192,6067,6,368.2209944751381,0
Transformer+GAIL+TD3,192,6067,7,45.522489539748946,0
Transformer+GAIL+TD3,192,6067,8,42.53602305475504,0
Transformer+GAIL+TD3,192,6067,9,7.484759814679346,0
Transformer+GAIL+TD3,192,6067,10,4.345239756290405,0
Transformer+GAIL+TD3,192,6067,11,2.9513271485633297,0
Transformer+GAIL+TD3,192,6067,12,4.566405743199412,0
Transformer+GAIL+TD3,192,6067,13,524.8407079646016,0
Transformer+GAIL+TD3,192,6067,14,499.12455516014234,0
Transformer+GAIL+TD3,192,6067,15,26.189674169683617,0
Transformer+GAIL+TD3,192,6067,16,300.20786516853934,0
Transformer+GAIL+TD3,192,6067,17,4.37299194177281,0
Transformer+GAIL+TD3,192,6067,18,14.398793917147353,0
Transformer+GAIL+TD3,192,6067,19,26.024434117823414,0
Transformer+GAIL+TD3,192,6067,20,22.38329490135793,0
Transformer+GAIL+TD3,192,6067,21,19.964390991628346,0
Transformer+GAIL+TD3,192,6067,22,5.376071939018579,0
Transformer+GAIL+TD3,192,6067,23,5.392307962982512,0
Transformer+GAIL+TD3,192,6067,24,9.601067547817246,0
Transformer+GAIL+TD3,192,6067,25,6.546473219885437,0
Transformer+GAIL+TD3,192,6067,26,8.258493430351253,0
Transformer+GAIL+TD3,192,6067,27,5.918045705279749,0
Transformer+GAIL+TD3,192,6067,28,8.022528278669126,0
Transformer+GAIL+TD3,192,6067,29,3.7363640608947417,0
Transformer+GAIL+TD3,192,6067,30,2.879969618570649,0
Transformer+GAIL+TD3,192,6067,31,9.641969368935928,0
Transformer+GAIL+TD3,192,6067,32,6.5712810312511944,0
Transformer+GAIL+TD3,192,6067,33,7.755653370013756,0
Transformer+GAIL+TD3,192,6067,34,7.506856946944373,0
Transformer+GAIL+TD3,192,6067,36,2.7770106409304627,0
Transformer+GAIL+TD3,192,6067,37,4.729986473192326,0
Transformer+GAIL+TD3,192,6067,38,28.911392405063292,0
Transformer+GAIL+TD3,192,6067,39,5.079603562194771,0
Transformer+GAIL+TD3,192,6067,40,22.234446828072326,0
Transformer+GAIL+TD3,192,6067,41,3.471651090342679,0
Transformer+GAIL+TD3,192,6067,42,3.155271858483963,0
Transformer+GAIL+TD3,192,6067,43,9.532672072917364,0
Transformer+GAIL+TD3,192,6067,44,6.195344129554655,0
Transformer+GAIL+TD3,192,6067,45,14.534543381165069,0
Transformer+GAIL+TD3,192,6067,46,3.5803848983175537,0
Transformer+GAIL+TD3,192,6067,47,6.057766802246756,0
Transformer+GAIL+TD3,192,6067,48,2.7434267956283387,0
Transformer+GAIL+TD3,192,6067,49,4.316828065046592,0
Transformer+GAIL+TD3,192,6067,50,3.6553989798564883,0
Transformer+GAIL+TD3,192,6067,51,31.015692135251264,0
Transformer+GAIL+TD3,192,6067,52,7.553622905164412,0
Transformer+GAIL+TD3,192,6067,53,2.2512063099288584,0
Transformer+GAIL+TD3,192,6067,54,3.9751801069021613,0
Transformer+GAIL+TD3,192,6067,55,6.814317673378077,0
Transformer+GAIL+TD3,192,6067,56,3.354850895049421,0
Transformer+GAIL+TD3,192,6067,57,2.529128242960777,0
Transformer+GAIL+TD3,192,6067,58,13.389767210257686,0
Transformer+GAIL+TD3,192,6067,59,2.9890332307565206,0
Transformer+GAIL+TD3,192,6067,60,15.50365802675585,0
Transformer+GAIL+TD3,192,6067,61,6.437842739323806,0
Transformer+GAIL+TD3,192,6067,62,3.162304569404854,0
Transformer+GAIL+TD3,192,6067,63,2.249983812134424,0
Transformer+GAIL+TD3,192,6067,64,5.771918230681117,0
Transformer+GAIL+TD3,192,6067,65,5.557224098098455,0
Transformer+GAIL+TD3,192,6067,66,19.01144841780293,0
Transformer+GAIL+TD3,192,6067,67,4.549056603773584,0
Transformer+GAIL+TD3,192,6067,68,4.758721144627185,0
Transformer+GAIL+TD3,192,6067,69,6.726483357452967,0
Transformer+GAIL+TD3,192,6067,70,9.2511738558818,0
Transformer+GAIL+TD3,192,6067,71,11.435616076150184,0
Transformer+GAIL+TD3,192,6067,72,6.854193415849211,0
Transformer+GAIL+TD3,192,6067,73,2.5954947101477983,0
Transformer+GAIL+TD3,192,6067,74,2.813945368658862,0
Transformer+GAIL+TD3,192,6067,75,10.459931259044863,0
Transformer+GAIL+TD3,192,6067,76,4.04451270594806,0
Transformer+GAIL+TD3,192,6067,77,205.2634146341463,0
Transformer+GAIL+TD3,192,6067,78,5.247206111189701,0
Transformer+GAIL+TD3,192,6067,79,5.161177269963881,0
Transformer+GAIL+TD3,192,6067,80,7.0533265850740765,0
Transformer+GAIL+TD3,192,6067,81,6.095221154986364,0
Transformer+GAIL+TD3,192,6067,82,8.394497095689392,0
Transformer+GAIL+TD3,192,6067,83,3.6577249491289887,0
Transformer+GAIL+TD3,192,6067,84,4.378217393988026,0
Transformer+GAIL+TD3,192,6067,85,2.671288456110641,0
Transformer+GAIL+TD3,192,6067,86,6.209392838609237,0
Transformer+GAIL+TD3,192,6067,87,3.35988377251353,0
Transformer+GAIL+TD3,192,6067,88,9.059555336576954,0
Transformer+GAIL+TD3,192,6067,89,2.3567275503611915,0
Transformer+GAIL+TD3,192,6067,90,2.1646465729915256,0
Transformer+GAIL+TD3,192,6067,91,3.7318058907335794,0
Transformer+GAIL+TD3,192,6067,92,3.2025652264181406,0
Transformer+GAIL+TD3,192,6067,93,7.442101268567712,0
Transformer+GAIL+TD3,192,6067,94,10.594817432273262,0
Transformer+GAIL+TD3,192,6067,95,3.9535635752166596,0
Transformer+GAIL+TD3,192,6067,96,5.642492138364779,0
Transformer+GAIL+TD3,192,6067,97,2.4646900722324876,0
Transformer+GAIL+TD3,192,6067,98,4.859495020030136,0
Transformer+GAIL+TD3,192,6068,5,4.413731873335305,0
Transformer+GAIL+TD3,192,6068,6,289.55688622754496,0
Transformer+GAIL+TD3,192,6068,7,60.35118592195868,0
Transformer+GAIL+TD3,192,6068,8,14.885242862439748,0
Transformer+GAIL+TD3,192,6068,9,7.554776961203213,0
Transformer+GAIL+TD3,192,6068,10,5.641537976678222,0
Transformer+GAIL+TD3,192,6068,11,6.232079717132754,0
Transformer+GAIL+TD3,192,6068,12,3.2141630026497396,0
Transformer+GAIL+TD3,192,6068,13,60.00104384133611,0
Transformer+GAIL+TD3,192,6068,14,15.605067715159457,0
Transformer+GAIL+TD3,192,6068,15,764.3875598086125,0
Transformer+GAIL+TD3,192,6068,16,145.30845070422538,0
Transformer+GAIL+TD3,192,6068,17,5.851041284590617,0
Transformer+GAIL+TD3,192,6068,18,14.335717009916095,0
Transformer+GAIL+TD3,192,6068,19,23.196126255380204,0
Transformer+GAIL+TD3,192,6068,20,31.637678364828385,0
Transformer+GAIL+TD3,192,6068,21,254.97019374068554,0
Transformer+GAIL+TD3,192,6068,22,3.151165363622953,0
Transformer+GAIL+TD3,192,6068,23,7.0877481969548555,0
Transformer+GAIL+TD3,192,6068,24,7.165093927479247,0
Transformer+GAIL+TD3,192,6068,25,10.66050749857622,0
Transformer+GAIL+TD3,192,6068,26,46.541699973354646,0
Transformer+GAIL+TD3,192,6068,27,10.832914730629158,0
Transformer+GAIL+TD3,192,6068,28,6.43755513547574,0
Transformer+GAIL+TD3,192,6068,29,3.616147246782807,0
Transformer+GAIL+TD3,192,6068,30,5.485499841432045,0
Transformer+GAIL+TD3,192,6068,31,7.4498183661400725,0
Transformer+GAIL+TD3,192,6068,32,70.49648905410986,0
Transformer+GAIL+TD3,192,6068,33,5.845379109393805,0
Transformer+GAIL+TD3,192,6068,34,4.055250311932229,0
Transformer+GAIL+TD3,192,6068,35,3.847227136033964,0
Transformer+GAIL+TD3,192,6068,36,3.2577061078039637,0
Transformer+GAIL+TD3,192,6068,38,219.5315161839864,0
Transformer+GAIL+TD3,192,6068,39,152.08258928571428,0
Transformer+GAIL+TD3,192,6068,40,2.8252479929173626,0
Transformer+GAIL+TD3,192,6068,41,3.8018950913614997,0
Transformer+GAIL+TD3,192,6068,42,4.295005724098454,0
Transformer+GAIL+TD3,192,6068,43,3.686990367797403,0
Transformer+GAIL+TD3,192,6068,44,30.759301270417428,0
Transformer+GAIL+TD3,192,6068,45,8.3368957979111,0
Transformer+GAIL+TD3,192,6068,46,2.717129468934397,0
Transformer+GAIL+TD3,192,6068,47,6.227111232577207,0
Transformer+GAIL+TD3,192,6068,48,2.030205087325169,0
Transformer+GAIL+TD3,192,6068,49,7.529880478087648,0
Transformer+GAIL+TD3,192,6068,50,7.4118283858469605,0
Transformer+GAIL+TD3,192,6068,51,50.09474412171507,0
Transformer+GAIL+TD3,192,6068,52,2.5202708900235424,0
Transformer+GAIL+TD3,192,6068,53,2.8731168655359807,0
Transformer+GAIL+TD3,192,6068,54,4.523298062213157,0
Transformer+GAIL+TD3,192,6068,55,5.511010968455064,0
Transformer+GAIL+TD3,192,6068,56,7.565579302587176,0
Transformer+GAIL+TD3,192,6068,57,19.026818248068793,0
Transformer+GAIL+TD3,192,6068,58,4.180210893522555,0
Transformer+GAIL+TD3,192,6068,59,2.5452658801743264,0
Transformer+GAIL+TD3,192,6068,60,4.067506499938096,0
Transformer+GAIL+TD3,192,6068,61,5.448612795093076,0
Transformer+GAIL+TD3,192,6068,62,7.143975934858149,0
Transformer+GAIL+TD3,192,6068,63,7.186302165435991,0
Transformer+GAIL+TD3,192,6068,64,3.121401003823226,0
Transformer+GAIL+TD3,192,6068,65,2.0508637749371554,0
Transformer+GAIL+TD3,192,6068,67,21.33814067006878,0
Transformer+GAIL+TD3,192,6068,68,3.5544192031236137,0
Transformer+GAIL+TD3,192,6068,69,177.70234604105568,0
Transformer+GAIL+TD3,192,6068,70,3.9613636974699538,0
Transformer+GAIL+TD3,192,6068,71,5.10156587652515,0
Transformer+GAIL+TD3,192,6068,72,7.822159948264714,0
Transformer+GAIL+TD3,192,6068,73,4.134875456549636,0
Transformer+GAIL+TD3,192,6068,74,6.598121716490771,0
Transformer+GAIL+TD3,192,6068,75,6.740558143742367,0
Transformer+GAIL+TD3,192,6068,76,3.2498274251837413,0
Transformer+GAIL+TD3,192,6068,77,4.351847000261987,0
Transformer+GAIL+TD3,192,6068,78,4.992698040529223,0
Transformer+GAIL+TD3,192,6068,79,6.364824717765893,0
Transformer+GAIL+TD3,192,6068,80,3.471417596818654,0
Transformer+GAIL+TD3,192,6068,81,3.2983985535322224,0
Transformer+GAIL+TD3,192,6068,82,2.883250702552035,0
Transformer+GAIL+TD3,192,6068,83,2.357223060458262,0
Transformer+GAIL+TD3,192,6068,84,7.443404078235539,0
Transformer+GAIL+TD3,192,6068,85,6.272914962408945,0
Transformer+GAIL+TD3,192,6068,86,5.447164749776448,0
Transformer+GAIL+TD3,192,6068,87,2.174185332234624,0
Transformer+GAIL+TD3,192,6068,90,50.22603383458646,0
Transformer+GAIL+TD3,192,6068,91,2.745096608221277,0
Transformer+GAIL+TD3,192,6068,92,57.46355140186916,0
Transformer+GAIL+TD3,192,6068,93,2.2742633997386856,0
Transformer+GAIL+TD3,192,6068,94,3.6091474162723816,0
Transformer+GAIL+TD3,192,6068,95,9.797867586030772,0
Transformer+GAIL+TD3,192,6068,96,3.5636325722031073,0
Transformer+GAIL+TD3,192,6068,97,3.740376757538294,0
Transformer+GAIL+TD3,192,6068,98,85.0530679933665,0
Transformer+GAIL+TD3,192,6071,5,4.822704837117473,0
Transformer+GAIL+TD3,192,6071,6,308.27918781725884,0
Transformer+GAIL+TD3,192,6071,7,41.61376317420955,0
Transformer+GAIL+TD3,192,6071,8,8.758144383633049,0
Transformer+GAIL+TD3,192,6071,9,12.14485565305863,0
Transformer+GAIL+TD3,192,6071,10,3.9089580467675384,0
Transformer+GAIL+TD3,192,6071,11,2.9234911436693634,0
Transformer+GAIL+TD3,192,6071,12,14.094139420111045,0
Transformer+GAIL+TD3,192,6071,13,590.4636363636363,0
Transformer+GAIL+TD3,192,6071,14,336.20581113801455,0
Transformer+GAIL+TD3,192,6071,15,107.09628610729025,0
Transformer+GAIL+TD3,192,6071,16,12.76426167610605,0
Transformer+GAIL+TD3,192,6071,17,6.925736756463569,0
Transformer+GAIL+TD3,192,6071,18,16.21860801321768,0
Transformer+GAIL+TD3,192,6071,19,12.56125814496018,0
Transformer+GAIL+TD3,192,6071,20,17.764874141876433,0
Transformer+GAIL+TD3,192,6071,21,18.427854594112397,0
Transformer+GAIL+TD3,192,6071,22,6.456035767511178,0
Transformer+GAIL+TD3,192,6071,23,9.544946410049558,0
Transformer+GAIL+TD3,192,6071,24,6.676842977162467,0
Transformer+GAIL+TD3,192,6071,25,7.317232694182645,0
Transformer+GAIL+TD3,192,6071,26,15.036685141198204,0
Transformer+GAIL+TD3,192,6071,27,6.222520211442786,0
Transformer+GAIL+TD3,192,6071,28,5.536210707729197,0
Transformer+GAIL+TD3,192,6071,29,6.866605038132654,0
Transformer+GAIL+TD3,192,6071,30,7.548388870559772,0
Transformer+GAIL+TD3,192,6071,31,7.86101204819277,0
Transformer+GAIL+TD3,192,6071,32,9.51856049872485,0
Transformer+GAIL+TD3,192,6071,33,8.449603233279117,0
Transformer+GAIL+TD3,192,6071,34,7.7039176677634105,0
Transformer+GAIL+TD3,192,6071,35,4.949935032218716,0
Transformer+GAIL+TD3,192,6071,36,3.2765719348145392,0
Transformer+GAIL+TD3,192,6071,37,23.483573787589084,0
Transformer+GAIL+TD3,192,6071,38,4.100106835178324,0
Transformer+GAIL+TD3,192,6071,39,2.3407353906762967,0
Transformer+GAIL+TD3,192,6071,40,211.2803867403315,0
Transformer+GAIL+TD3,192,6071,41,3.5809426229508197,0
Transformer+GAIL+TD3,192,6071,42,6.059976608187135,0
Transformer+GAIL+TD3,192,6071,43,8.904471430969833,0
Transformer+GAIL+TD3,192,6071,44,3.194876625233378,0
Transformer+GAIL+TD3,192,6071,45,4.890666299559472,0
Transformer+GAIL+TD3,192,6071,46,3.370308012280875,0
Transformer+GAIL+TD3,192,6071,47,6.108796930665936,0
Transformer+GAIL+TD3,192,6071,48,5.255196530983354,0
Transformer+GAIL+TD3,192,6071,49,4.091814909489279,0
Transformer+GAIL+TD3,192,6071,50,4.093108146320147,0
Transformer+GAIL+TD3,192,6071,51,2.848668794215448,0
Transformer+GAIL+TD3,192,6071,52,5.708315298417736,0
Transformer+GAIL+TD3,192,6071,53,3.887220939183987,0
Transformer+GAIL+TD3,192,6071,54,5.27429881813371,0
Transformer+GAIL+TD3,192,6071,55,7.419132715796377,0
Transformer+GAIL+TD3,192,6071,56,2.6269158128729257,0
Transformer+GAIL+TD3,192,6071,57,7.89625393861594,0
Transformer+GAIL+TD3,192,6071,58,4.883051939682949,0
Transformer+GAIL+TD3,192,6071,59,3.2341583799085427,0
Transformer+GAIL+TD3,192,6071,60,78.52655114589155,0
Transformer+GAIL+TD3,192,6071,61,3.378014202845771,0
Transformer+GAIL+TD3,192,6071,62,3.3674064058930484,0
Transformer+GAIL+TD3,192,6071,63,8.26081641330924,0
Transformer+GAIL+TD3,192,6071,64,2.6473782495454317,0
Transformer+GAIL+TD3,192,6071,65,35.302500508233386,0
Transformer+GAIL+TD3,192,6071,66,6.881793423031585,0
Transformer+GAIL+TD3,192,6071,67,3.2001995801933862,0
Transformer+GAIL+TD3,192,6071,68,35.11865845892592,0
Transformer+GAIL+TD3,192,6071,69,2.619856970372434,0
Transformer+GAIL+TD3,192,6071,70,49.60046367851623,0
Transformer+GAIL+TD3,192,6071,71,3.7031784620925623,0
Transformer+GAIL+TD3,192,6071,72,3.43675673312347,0
Transformer+GAIL+TD3,192,6071,73,7.094524631314717,0
Transformer+GAIL+TD3,192,6071,74,4.224501720444069,0
Transformer+GAIL+TD3,192,6071,75,7.747604198357165,0
Transformer+GAIL+TD3,192,6071,76,16.967897856817146,0
Transformer+GAIL+TD3,192,6071,77,5.538281173673755,0
Transformer+GAIL+TD3,192,6071,78,2.282793696812167,0
Transformer+GAIL+TD3,192,6071,79,5.905573890722406,0
Transformer+GAIL+TD3,192,6071,80,4.086795016025982,0
Transformer+GAIL+TD3,192,6071,81,159.82632050134288,0
Transformer+GAIL+TD3,192,6071,82,26.030737134909597,0
Transformer+GAIL+TD3,192,6071,83,2.6238371930608713,0
Transformer+GAIL+TD3,192,6071,84,3.105690891728804,0
Transformer+GAIL+TD3,192,6071,85,3.08559915418221,0
Transformer+GAIL+TD3,192,6071,86,6.823604620403844,0
Transformer+GAIL+TD3,192,6071,87,161.44780219780222,0
Transformer+GAIL+TD3,192,6071,88,9.933206106870228,0
Transformer+GAIL+TD3,192,6071,89,4.540986082098004,0
Transformer+GAIL+TD3,192,6071,90,3.791802903138472,0
Transformer+GAIL+TD3,192,6071,91,4.568973502669234,0
Transformer+GAIL+TD3,192,6071,92,3.304256314312441,0
Transformer+GAIL+TD3,192,6071,93,80.3530280649926,0
Transformer+GAIL+TD3,192,6071,94,6.031244239631337,0
Transformer+GAIL+TD3,192,6071,95,3.5618826829790975,0
Transformer+GAIL+TD3,192,6071,96,3.307304549883817,0
Transformer+GAIL+TD3,192,6071,97,6.6781880957742255,0
Transformer+GAIL+TD3,192,6071,98,6.105960493997993,0
Transformer+GAIL+TD3,192,6072,5,3.820718314039775,0
Transformer+GAIL+TD3,192,6072,6,274.6593406593406,0
Transformer+GAIL+TD3,192,6072,7,49.399739583333336,0
Transformer+GAIL+TD3,192,6072,8,20.396367829345632,0
Transformer+GAIL+TD3,192,6072,9,12.005712731229597,0
Transformer+GAIL+TD3,192,6072,10,4.664002382961823,0
Transformer+GAIL+TD3,192,6072,11,3.9312941176470586,0
Transformer+GAIL+TD3,192,6072,12,8.028992331494685,0
Transformer+GAIL+TD3,192,6072,13,62.28120584079133,0
Transformer+GAIL+TD3,192,6072,14,54.92468007312614,0
Transformer+GAIL+TD3,192,6072,15,12.381389870435804,0
Transformer+GAIL+TD3,192,6072,16,8.051878683693516,0
Transformer+GAIL+TD3,192,6072,17,7.990330874133691,0
Transformer+GAIL+TD3,192,6072,18,35.077410274454614,0
Transformer+GAIL+TD3,192,6072,19,25.04068821204371,0
Transformer+GAIL+TD3,192,6072,20,349.06613756613757,0
Transformer+GAIL+TD3,192,6072,21,7.70750427768272,0
Transformer+GAIL+TD3,192,6072,22,7.225597813709861,0
Transformer+GAIL+TD3,192,6072,23,6.525992883144505,0
Transformer+GAIL+TD3,192,6072,24,352.09808612440196,0
Transformer+GAIL+TD3,192,6072,25,8.301724137931034,0
Transformer+GAIL+TD3,192,6072,26,10.958349756930758,0
Transformer+GAIL+TD3,192,6072,27,13.609884596086303,0
Transformer+GAIL+TD3,192,6072,28,12.004074639996295,0
Transformer+GAIL+TD3,192,6072,29,14.201248799231513,0
Transformer+GAIL+TD3,192,6072,30,8.727490609908784,0
Transformer+GAIL+TD3,192,6072,31,9.76593204318193,0
Transformer+GAIL+TD3,192,6072,32,4.3947448401624625,0
Transformer+GAIL+TD3,192,6072,34,2.228894183508555,0
Transformer+GAIL+TD3,192,6072,35,191.16748768472908,0
Transformer+GAIL+TD3,192,6072,36,269.3610675039246,0
Transformer+GAIL+TD3,192,6072,37,41.97979797979798,0
Transformer+GAIL+TD3,192,6072,38,2.47664598287323,0
Transformer+GAIL+TD3,192,6072,39,3.2371991903441044,0
Transformer+GAIL+TD3,192,6072,40,8.153403997257817,0
Transformer+GAIL+TD3,192,6072,41,3.335069896674481,0
Transformer+GAIL+TD3,192,6072,42,4.097425292712763,0
Transformer+GAIL+TD3,192,6072,43,11.015300918055082,0
Transformer+GAIL+TD3,192,6072,44,5.718672979634195,0
Transformer+GAIL+TD3,192,6072,45,5.3896379525593,0
Transformer+GAIL+TD3,192,6072,46,2.458105566589915,0
Transformer+GAIL+TD3,192,6072,47,4.554779734196856,0
Transformer+GAIL+TD3,192,6072,48,7.162784506854785,0
Transformer+GAIL+TD3,192,6072,49,3.3192042440318303,0
Transformer+GAIL+TD3,192,6072,50,15.00059201623816,0
Transformer+GAIL+TD3,192,6072,51,3.4794944350122616,0
Transformer+GAIL+TD3,192,6072,52,3.3922478847473134,0
Transformer+GAIL+TD3,192,6072,53,2.5089240382737747,0
Transformer+GAIL+TD3,192,6072,54,3.0772196288813025,0
Transformer+GAIL+TD3,192,6072,55,13.527037861915366,0
Transformer+GAIL+TD3,192,6072,56,3.74620402868915,0
Transformer+GAIL+TD3,192,6072,57,9.790350686125029,0
Transformer+GAIL+TD3,192,6072,58,2.696879317898426,0
Transformer+GAIL+TD3,192,6072,59,3.278684678696408,0
Transformer+GAIL+TD3,192,6072,60,32.21967963386728,0
Transformer+GAIL+TD3,192,6072,61,3.334255417242969,0
Transformer+GAIL+TD3,192,6072,62,7.8559777571825755,0
Transformer+GAIL+TD3,192,6072,63,7.559772736056893,0
Transformer+GAIL+TD3,192,6072,64,4.970689343224173,0
Transformer+GAIL+TD3,192,6072,65,3.206404999023629,0
Transformer+GAIL+TD3,192,6072,66,4.707631966007518,0
Transformer+GAIL+TD3,192,6072,67,9.454346942920983,0
Transformer+GAIL+TD3,192,6072,68,4.020001818347123,0
Transformer+GAIL+TD3,192,6072,69,86.08402540302882,0
Transformer+GAIL+TD3,192,6072,70,2.8168073676131997,0
Transformer+GAIL+TD3,192,6072,71,3.3652569823544076,0
Transformer+GAIL+TD3,192,6072,72,4.486103060914687,0
Transformer+GAIL+TD3,192,6072,73,5.400195752758334,0
Transformer+GAIL+TD3,192,6072,74,78.26918018412977,0
Transformer+GAIL+TD3,192,6072,75,3.7667500878117317,0
Transformer+GAIL+TD3,192,6072,76,6.474616626311541,0
Transformer+GAIL+TD3,192,6072,77,4.334161226227646,0
Transformer+GAIL+TD3,192,6072,78,4.8986970000699275,0
Transformer+GAIL+TD3,192,6072,79,4.818098580802686,0
Transformer+GAIL+TD3,192,6072,80,12.067302095459837,0
Transformer+GAIL+TD3,192,6072,81,6.928399658676596,0
Transformer+GAIL+TD3,192,6072,82,5.424920876802251,0
Transformer+GAIL+TD3,192,6072,83,2.5573988365179474,0
Transformer+GAIL+TD3,192,6072,84,3.4321960944225456,0
Transformer+GAIL+TD3,192,6072,85,9.45193514929854,0
Transformer+GAIL+TD3,192,6072,86,17.79603599959551,0
Transformer+GAIL+TD3,192,6072,87,10.315760836708783,0
Transformer+GAIL+TD3,192,6072,88,2.0695340585734865,0
Transformer+GAIL+TD3,192,6072,89,4.780721891854515,0
Transformer+GAIL+TD3,192,6072,90,2.9760932944606413,0
Transformer+GAIL+TD3,192,6072,91,111.85898305084746,0
Transformer+GAIL+TD3,192,6072,92,49.61993587875255,0
Transformer+GAIL+TD3,192,6072,93,3.180777193528883,0
Transformer+GAIL+TD3,192,6072,94,2.0252602340387496,0
Transformer+GAIL+TD3,192,6072,96,8.561100824776974,0
Transformer+GAIL+TD3,192,6072,97,12.298668623545446,0
Transformer+GAIL+TD3,192,6072,98,8.034927234927235,0
Transformer+GAIL+TD3,192,6075,5,4.445628577067298,0
Transformer+GAIL+TD3,192,6075,6,345.9767441860466,0
Transformer+GAIL+TD3,192,6075,7,17.2393636699963,0
Transformer+GAIL+TD3,192,6075,8,8.726275442770289,0
Transformer+GAIL+TD3,192,6075,9,9.628999594977724,0
Transformer+GAIL+TD3,192,6075,10,9.881485919712404,0
Transformer+GAIL+TD3,192,6075,11,4.042340549058638,0
Transformer+GAIL+TD3,192,6075,12,280.46766169154233,0
Transformer+GAIL+TD3,192,6075,13,3.67865578377732,0
Transformer+GAIL+TD3,192,6075,14,28.253816405454913,0
Transformer+GAIL+TD3,192,6075,15,12.778934975547907,0
Transformer+GAIL+TD3,192,6075,16,14.74767584634275,0
Transformer+GAIL+TD3,192,6075,17,181.08200212992546,0
Transformer+GAIL+TD3,192,6075,18,265.8025078369906,0
Transformer+GAIL+TD3,192,6075,19,4.419567444822908,0
Transformer+GAIL+TD3,192,6075,20,38.655428024868485,0
Transformer+GAIL+TD3,192,6075,21,11.61458481697764,0
Transformer+GAIL+TD3,192,6075,22,10.954046023080643,0
Transformer+GAIL+TD3,192,6075,23,10.460775193798451,0
Transformer+GAIL+TD3,192,6075,24,9.282362869198312,0
Transformer+GAIL+TD3,192,6075,25,3.834256572584191,0
Transformer+GAIL+TD3,192,6075,26,6.650037230081906,0
Transformer+GAIL+TD3,192,6075,27,7.1270579519262425,0
Transformer+GAIL+TD3,192,6075,28,11.650054171180932,0
Transformer+GAIL+TD3,192,6075,29,8.718972229431612,0
Transformer+GAIL+TD3,192,6075,30,4.633133881824982,0
Transformer+GAIL+TD3,192,6075,31,5.679866912589056,0
Transformer+GAIL+TD3,192,6075,32,5.0597843690713065,0
Transformer+GAIL+TD3,192,6075,33,5.60828236072078,0
Transformer+GAIL+TD3,192,6075,34,4.025434226100361,0
Transformer+GAIL+TD3,192,6075,35,12.921443145984048,0
Transformer+GAIL+TD3,192,6075,36,6.288852234782958,0
Transformer+GAIL+TD3,192,6075,37,6.587374154953553,0
Transformer+GAIL+TD3,192,6075,38,3.440621058098983,0
Transformer+GAIL+TD3,192,6075,39,4.164217734760454,0
Transformer+GAIL+TD3,192,6075,40,9.061577181208055,0
Transformer+GAIL+TD3,192,6075,41,5.394334743770568,0
Transformer+GAIL+TD3,192,6075,42,43.266005410279526,0
Transformer+GAIL+TD3,192,6075,43,3.311677381229518,0
Transformer+GAIL+TD3,192,6075,44,3.2892002155338314,0
Transformer+GAIL+TD3,192,6075,45,5.105213838599647,0
Transformer+GAIL+TD3,192,6075,46,4.398531692035062,0
Transformer+GAIL+TD3,192,6075,47,5.816476781968495,0
Transformer+GAIL+TD3,192,6075,48,77.68,0
Transformer+GAIL+TD3,192,6075,49,3.62866135220198,0
Transformer+GAIL+TD3,192,6075,50,5.52693740685544,0
Transformer+GAIL+TD3,192,6075,51,4.058953972632376,0
Transformer+GAIL+TD3,192,6075,52,6.472008174038912,0
Transformer+GAIL+TD3,192,6075,53,7.265196056761416,0
Transformer+GAIL+TD3,192,6075,54,2.71968595521954,0
Transformer+GAIL+TD3,192,6075,55,2.884633348902382,0
Transformer+GAIL+TD3,192,6075,56,6.167541885471367,0
Transformer+GAIL+TD3,192,6075,57,4.216900207789441,0
Transformer+GAIL+TD3,192,6075,58,7.011292996270203,0
Transformer+GAIL+TD3,192,6075,59,9.441299516276636,0
Transformer+GAIL+TD3,192,6075,61,4.416567505720824,0
Transformer+GAIL+TD3,192,6075,62,4.32202548403111,0
Transformer+GAIL+TD3,192,6075,63,4.7036333469593865,0
Transformer+GAIL+TD3,192,6075,64,5.692964468140636,0
Transformer+GAIL+TD3,192,6075,65,5.5350260018354245,0
Transformer+GAIL+TD3,192,6075,66,5.638739172281039,0
Transformer+GAIL+TD3,192,6075,67,3.82834454779339,0
Transformer+GAIL+TD3,192,6075,68,4.471320981644283,0
Transformer+GAIL+TD3,192,6075,69,11.608477970627504,0
Transformer+GAIL+TD3,192,6075,70,5.113146589981183,0
Transformer+GAIL+TD3,192,6075,71,3.7279977386985403,0
Transformer+GAIL+TD3,192,6075,72,4.401604141187179,0
Transformer+GAIL+TD3,192,6075,73,3.5634986666666664,0
Transformer+GAIL+TD3,192,6075,74,2.6102958265546667,0
Transformer+GAIL+TD3,192,6075,75,81.50408163265305,0
Transformer+GAIL+TD3,192,6075,76,2.5245080324583595,0
Transformer+GAIL+TD3,192,6075,77,6.588456123885501,0
Transformer+GAIL+TD3,192,6075,78,2.9040676326771866,0
Transformer+GAIL+TD3,192,6075,79,4.48215233310928,0
Transformer+GAIL+TD3,192,6075,80,2.8618668652971615,0
Transformer+GAIL+TD3,192,6075,81,41.18056580565805,0
Transformer+GAIL+TD3,192,6075,83,23.48499181371657,0
Transformer+GAIL+TD3,192,6075,84,5.152749930596256,0
Transformer+GAIL+TD3,192,6075,85,4.3467421679658775,0
Transformer+GAIL+TD3,192,6075,86,3.3565068555509026,0
Transformer+GAIL+TD3,192,6075,87,89.9488545551412,0
Transformer+GAIL+TD3,192,6075,88,6.238986380739902,0
Transformer+GAIL+TD3,192,6075,89,2.5421778227727487,0
Transformer+GAIL+TD3,192,6075,90,3.7192905520635384,0
Transformer+GAIL+TD3,192,6075,91,5.6115118816682825,0
Transformer+GAIL+TD3,192,6075,92,3.6654769630110327,0
Transformer+GAIL+TD3,192,6075,93,62.607209913631245,0
Transformer+GAIL+TD3,192,6075,94,5.665444145356663,0
Transformer+GAIL+TD3,192,6075,95,4.77270287539936,0
Transformer+GAIL+TD3,192,6075,96,2.556828266811819,0
Transformer+GAIL+TD3,192,6075,97,4.071023826320461,0
Transformer+GAIL+TD3,192,6075,98,7.31864188443136,0
Transformer+GAIL+TD3,192,6076,5,3.573817534138135,0
Transformer+GAIL+TD3,192,6076,6,344.1929824561403,0
Transformer+GAIL+TD3,192,6076,7,43.0326842837274,0
Transformer+GAIL+TD3,192,6076,8,33.68871951219513,0
Transformer+GAIL+TD3,192,6076,9,15.612106157667672,0
Transformer+GAIL+TD3,192,6076,10,11.603682946357088,0
Transformer+GAIL+TD3,192,6076,11,7.041214130559049,0
Transformer+GAIL+TD3,192,6076,12,3.261224594935731,0
Transformer+GAIL+TD3,192,6076,13,2.90814098246903,0
Transformer+GAIL+TD3,192,6076,14,285.7759336099585,0
Transformer+GAIL+TD3,192,6076,15,324.6300448430493,0
Transformer+GAIL+TD3,192,6076,16,182.64598930481284,0
Transformer+GAIL+TD3,192,6076,17,5.523789418986068,0
Transformer+GAIL+TD3,192,6076,18,5.491075500957827,0
Transformer+GAIL+TD3,192,6076,19,6.319233838786911,0
Transformer+GAIL+TD3,192,6076,20,36.40820360761058,0
Transformer+GAIL+TD3,192,6076,21,22.776498422712933,0
Transformer+GAIL+TD3,192,6076,22,9.041344094877287,0
Transformer+GAIL+TD3,192,6076,23,8.408080212326746,0
Transformer+GAIL+TD3,192,6076,24,8.090361778514223,0
Transformer+GAIL+TD3,192,6076,25,8.204893982173504,0
Transformer+GAIL+TD3,192,6076,26,17.109234599978347,0
Transformer+GAIL+TD3,192,6076,27,10.483254972875226,0
Transformer+GAIL+TD3,192,6076,28,6.428517354933949,0
Transformer+GAIL+TD3,192,6076,29,7.893903167961746,0
Transformer+GAIL+TD3,192,6076,30,4.205552835459808,0
Transformer+GAIL+TD3,192,6076,31,5.084188582424631,0
Transformer+GAIL+TD3,192,6076,32,16.13325661680092,0
Transformer+GAIL+TD3,192,6076,33,4.485263189075505,0
Transformer+GAIL+TD3,192,6076,34,4.715449747723714,0
Transformer+GAIL+TD3,192,6076,35,8.358906691800188,0
Transformer+GAIL+TD3,192,6076,36,5.225370154089591,0
Transformer+GAIL+TD3,192,6076,37,3.0668444404607182,0
Transformer+GAIL+TD3,192,6076,38,10.862095002745743,0
Transformer+GAIL+TD3,192,6076,39,5.22692068235587,0
Transformer+GAIL+TD3,192,6076,40,13.429954569151707,0
Transformer+GAIL+TD3,192,6076,41,2.7959733992944322,0
Transformer+GAIL+TD3,192,6076,42,6.000417063870352,0
Transformer+GAIL+TD3,192,6076,43,8.954786592717628,0
Transformer+GAIL+TD3,192,6076,44,6.671517576970304,0
Transformer+GAIL+TD3,192,6076,45,15.779447004608292,0
Transformer+GAIL+TD3,192,6076,46,3.0303896221708166,0
Transformer+GAIL+TD3,192,6076,47,3.495160626029654,0
Transformer+GAIL+TD3,192,6076,48,3.5111147319662015,0
Transformer+GAIL+TD3,192,6076,49,47.067190850607574,0
Transformer+GAIL+TD3,192,6076,50,3.6087866108786613,0
Transformer+GAIL+TD3,192,6076,51,90.82203926535782,0
Transformer+GAIL+TD3,192,6076,52,2.776577638125164,0
Transformer+GAIL+TD3,192,6076,53,2.1796758508914102,0
Transformer+GAIL+TD3,192,6076,54,7.8287800743300515,0
Transformer+GAIL+TD3,192,6076,55,3.5515624999999997,0
Transformer+GAIL+TD3,192,6076,56,14.126088501866004,0
Transformer+GAIL+TD3,192,6076,57,23.75988585405626,0
Transformer+GAIL+TD3,192,6076,58,4.773658805681975,0
Transformer+GAIL+TD3,192,6076,59,7.208102392065345,0
Transformer+GAIL+TD3,192,6076,60,2.926092081996201,0
Transformer+GAIL+TD3,192,6076,61,3.140395842232664,0
Transformer+GAIL+TD3,192,6076,63,178.21007194244604,0
Transformer+GAIL+TD3,192,6076,64,8.897389488339716,0
Transformer+GAIL+TD3,192,6076,65,162.40935005701255,0
Transformer+GAIL+TD3,192,6076,67,3.359647281125342,0
Transformer+GAIL+TD3,192,6076,68,4.076373071933112,0
Transformer+GAIL+TD3,192,6076,69,6.149413145539906,0
Transformer+GAIL+TD3,192,6076,70,6.443272711023727,0
Transformer+GAIL+TD3,192,6076,71,3.4987562189054726,0
Transformer+GAIL+TD3,192,6076,72,8.800407583523745,0
Transformer+GAIL+TD3,192,6076,73,3.674036668031481,0
Transformer+GAIL+TD3,192,6076,74,4.514974729241877,0
Transformer+GAIL+TD3,192,6076,75,16.345815428688354,0
Transformer+GAIL+TD3,192,6076,76,2.708742894362861,0
Transformer+GAIL+TD3,192,6076,77,6.978008915304605,0
Transformer+GAIL+TD3,192,6076,78,2.4954512314958635,0
Transformer+GAIL+TD3,192,6076,79,2.7157500534988235,0
Transformer+GAIL+TD3,192,6076,80,3.8879665624177946,0
Transformer+GAIL+TD3,192,6076,81,8.893432737638415,0
Transformer+GAIL+TD3,192,6076,82,4.455904249226893,0
Transformer+GAIL+TD3,192,6076,83,5.560911452339461,0
Transformer+GAIL+TD3,192,6076,84,4.444134826643802,0
Transformer+GAIL+TD3,192,6076,85,4.935910793230648,0
Transformer+GAIL+TD3,192,6076,86,2.979139660230607,0
Transformer+GAIL+TD3,192,6076,87,6.86790780141844,0
Transformer+GAIL+TD3,192,6076,88,2.576322051624051,0
Transformer+GAIL+TD3,192,6076,89,10.511097618565742,0
Transformer+GAIL+TD3,192,6076,90,4.7003939344881545,0
Transformer+GAIL+TD3,192,6076,91,5.011948729089724,0
Transformer+GAIL+TD3,192,6076,92,2.1436283499970417,0
Transformer+GAIL+TD3,192,6076,93,5.917252079472482,0
Transformer+GAIL+TD3,192,6076,94,4.586194136066041,0
Transformer+GAIL+TD3,192,6076,95,6.616648056766199,0
Transformer+GAIL+TD3,192,6076,96,2.66513431273108,0
Transformer+GAIL+TD3,192,6076,97,9.229393130008077,0
Transformer+GAIL+TD3,192,6076,98,2.558831206719179,0
Transformer+GAIL+TD3,192,6077,5,3.4084214688148666,0
Transformer+GAIL+TD3,192,6077,6,349.96825396825403,0
Transformer+GAIL+TD3,192,6077,7,58.37871674491394,0
Transformer+GAIL+TD3,192,6077,8,42.787113402061856,0
Transformer+GAIL+TD3,192,6077,9,7.9371830234006575,0
Transformer+GAIL+TD3,192,6077,10,13.962882322446864,0
Transformer+GAIL+TD3,192,6077,11,4.61861691340499,0
Transformer+GAIL+TD3,192,6077,12,3.256650282806827,0
Transformer+GAIL+TD3,192,6077,13,53.089928057553955,0
Transformer+GAIL+TD3,192,6077,14,98.34299516908212,0
Transformer+GAIL+TD3,192,6077,15,386.28140703517585,0
Transformer+GAIL+TD3,192,6077,16,17.467405063291142,0
Transformer+GAIL+TD3,192,6077,17,6.346887132556849,0
Transformer+GAIL+TD3,192,6077,18,14.392613111726682,0
Transformer+GAIL+TD3,192,6077,19,16.09009278659084,0
Transformer+GAIL+TD3,192,6077,20,28.19942732019538,0
Transformer+GAIL+TD3,192,6077,21,9.717624801659953,0
Transformer+GAIL+TD3,192,6077,22,6.346310855760508,0
Transformer+GAIL+TD3,192,6077,23,13.344517383904694,0
Transformer+GAIL+TD3,192,6077,24,5.421585213032581,0
Transformer+GAIL+TD3,192,6077,25,8.021278726280478,0
Transformer+GAIL+TD3,192,6077,26,8.258923512747874,0
Transformer+GAIL+TD3,192,6077,27,10.286577307910138,0
Transformer+GAIL+TD3,192,6077,28,13.639802203522166,0
Transformer+GAIL+TD3,192,6077,29,8.583218479519267,0
Transformer+GAIL+TD3,192,6077,30,9.358164177199027,0
Transformer+GAIL+TD3,192,6077,31,4.3565447879508525,0
Transformer+GAIL+TD3,192,6077,32,4.269398387015979,0
Transformer+GAIL+TD3,192,6077,33,3.6348067027312303,0
Transformer+GAIL+TD3,192,6077,34,21.072257306506092,0
Transformer+GAIL+TD3,192,6077,35,6.4251538433528745,0
Transformer+GAIL+TD3,192,6077,36,3.4257962564368043,0
Transformer+GAIL+TD3,192,6077,37,5.064800627826152,0
Transformer+GAIL+TD3,192,6077,38,2.819818793093624,0
Transformer+GAIL+TD3,192,6077,39,4.1643354679249525,0
Transformer+GAIL+TD3,192,6077,40,28.863960267760742,0
Transformer+GAIL+TD3,192,6077,41,28.307418095399765,0
Transformer+GAIL+TD3,192,6077,42,5.944718558050549,0
Transformer+GAIL+TD3,192,6077,43,3.0629183696012374,0
Transformer+GAIL+TD3,192,6077,44,2.3589094578721856,0
Transformer+GAIL+TD3,192,6077,45,3.9667629255289616,0
Transformer+GAIL+TD3,192,6077,46,6.908906213087644,0
Transformer+GAIL+TD3,192,6077,47,167.26651216685974,0
Transformer+GAIL+TD3,192,6077,48,4.831955755439406,0
Transformer+GAIL+TD3,192,6077,49,4.993252542884957,0
Transformer+GAIL+TD3,192,6077,50,3.6305479223915396,0
Transformer+GAIL+TD3,192,6077,51,2.5892374020352236,0
Transformer+GAIL+TD3,192,6077,52,2.6344329083979496,0
Transformer+GAIL+TD3,192,6077,53,77.59646539027982,0
Transformer+GAIL+TD3,192,6077,54,9.626333539816919,0
Transformer+GAIL+TD3,192,6077,55,2.668219424460432,0
Transformer+GAIL+TD3,192,6077,56,9.885580029368574,0
Transformer+GAIL+TD3,192,6077,57,2.184991115784893,0
Transformer+GAIL+TD3,192,6077,58,5.343425687898696,0
Transformer+GAIL+TD3,192,6077,59,4.396496245977834,0
Transformer+GAIL+TD3,192,6077,60,26.736368448914767,0
Transformer+GAIL+TD3,192,6077,61,2.6485278955206777,0
Transformer+GAIL+TD3,192,6077,62,17.12938294288777,0
Transformer+GAIL+TD3,192,6077,63,4.9090064995357485,0
Transformer+GAIL+TD3,192,6077,64,5.722288395596462,0
Transformer+GAIL+TD3,192,6077,65,7.331108000430708,0
Transformer+GAIL+TD3,192,6077,66,26.937190082644626,0
Transformer+GAIL+TD3,192,6077,67,2.6386627347906915,0
Transformer+GAIL+TD3,192,6077,68,4.2383125200128084,0
Transformer+GAIL+TD3,192,6077,69,4.426407044795711,0
Transformer+GAIL+TD3,192,6077,70,2.7376464026770777,0
Transformer+GAIL+TD3,192,6077,71,4.785485945250781,0
Transformer+GAIL+TD3,192,6077,72,6.380119760479042,0
Transformer+GAIL+TD3,192,6077,73,2.7842417134744766,0
Transformer+GAIL+TD3,192,6077,74,3.767495371594816,0
Transformer+GAIL+TD3,192,6077,75,4.70894625616376,0
Transformer+GAIL+TD3,192,6077,76,4.623148276339471,0
Transformer+GAIL+TD3,192,6077,77,6.485699713601946,0
Transformer+GAIL+TD3,192,6077,78,5.105994430602375,0
Transformer+GAIL+TD3,192,6077,79,4.982949768810425,0
Transformer+GAIL+TD3,192,6077,80,2.705733327575535,0
Transformer+GAIL+TD3,192,6077,81,3.7000426267022632,0
Transformer+GAIL+TD3,192,6077,82,4.66105917259139,0
Transformer+GAIL+TD3,192,6077,83,4.855866962548972,0
Transformer+GAIL+TD3,192,6077,84,4.65992696615445,0
Transformer+GAIL+TD3,192,6077,85,4.838607048610254,0
Transformer+GAIL+TD3,192,6077,86,5.978040197604386,0
Transformer+GAIL+TD3,192,6077,87,2.3811418283192007,0
Transformer+GAIL+TD3,192,6077,88,4.018277310924369,0
Transformer+GAIL+TD3,192,6077,89,7.374469641550841,0
Transformer+GAIL+TD3,192,6077,90,2.8986921642845043,0
Transformer+GAIL+TD3,192,6077,91,151.10594795539032,0
Transformer+GAIL+TD3,192,6077,92,4.016698486111484,0
Transformer+GAIL+TD3,192,6077,93,5.087584712236404,0
Transformer+GAIL+TD3,192,6077,94,2.584899375433727,0
Transformer+GAIL+TD3,192,6077,95,5.290393599312678,0
Transformer+GAIL+TD3,192,6077,96,10.247012662742998,0
Transformer+GAIL+TD3,192,6077,97,6.0480210640698795,0
Transformer+GAIL+TD3,192,6077,98,5.597502504651495,0
Transformer+GAIL+TD3,192,6078,5,3.2559683011391773,0
Transformer+GAIL+TD3,192,6078,6,17.848091603053437,0
Transformer+GAIL+TD3,192,6078,7,102.33506493506495,0
Transformer+GAIL+TD3,192,6078,8,66.95971731448763,0
Transformer+GAIL+TD3,192,6078,9,16.722944515656472,0
Transformer+GAIL+TD3,192,6078,10,6.862027753801209,0
Transformer+GAIL+TD3,192,6078,11,4.385718618657655,0
Transformer+GAIL+TD3,192,6078,12,2.930496019595836,0
Transformer+GAIL+TD3,192,6078,13,32.446336429308566,0
Transformer+GAIL+TD3,192,6078,14,20.805705925384046,0
Transformer+GAIL+TD3,192,6078,15,389.5124378109452,0
Transformer+GAIL+TD3,192,6078,16,17.49461663947797,0
Transformer+GAIL+TD3,192,6078,17,4.863838155111284,0
Transformer+GAIL+TD3,192,6078,18,5.362985448906193,0
Transformer+GAIL+TD3,192,6078,19,16.936660971442517,0
Transformer+GAIL+TD3,192,6078,20,17.201290939517094,0
Transformer+GAIL+TD3,192,6078,21,37.23526534605038,0
Transformer+GAIL+TD3,192,6078,22,11.500826555577596,0
Transformer+GAIL+TD3,192,6078,23,6.707326856226047,0
Transformer+GAIL+TD3,192,6078,24,8.520047782279006,0
Transformer+GAIL+TD3,192,6078,25,9.573966894316472,0
Transformer+GAIL+TD3,192,6078,26,8.685382754069511,0
Transformer+GAIL+TD3,192,6078,27,8.181760068186662,0
Transformer+GAIL+TD3,192,6078,28,6.370557366621612,0
Transformer+GAIL+TD3,192,6078,29,8.427617559312402,0
Transformer+GAIL+TD3,192,6078,30,3.589893223923957,0
Transformer+GAIL+TD3,192,6078,31,5.824930336243729,0
Transformer+GAIL+TD3,192,6078,32,7.293825293068989,0
Transformer+GAIL+TD3,192,6078,33,4.634874759152216,0
Transformer+GAIL+TD3,192,6078,34,9.41237789287353,0
Transformer+GAIL+TD3,192,6078,35,8.86500858583061,0
Transformer+GAIL+TD3,192,6078,36,3.0505066414658475,0
Transformer+GAIL+TD3,192,6078,37,5.682575261215904,0
Transformer+GAIL+TD3,192,6078,38,3.2536158623393243,0
Transformer+GAIL+TD3,192,6078,39,8.998007596040097,0
Transformer+GAIL+TD3,192,6078,40,4.552420328343795,0
Transformer+GAIL+TD3,192,6078,41,5.379482483606074,0
Transformer+GAIL+TD3,192,6078,42,4.290670905503179,0
Transformer+GAIL+TD3,192,6078,43,2.4042883284270826,0
Transformer+GAIL+TD3,192,6078,44,5.42509846529947,0
Transformer+GAIL+TD3,192,6078,45,5.661506599269868,0
Transformer+GAIL+TD3,192,6078,46,3.159501141105143,0
Transformer+GAIL+TD3,192,6078,47,172.6451612903226,0
Transformer+GAIL+TD3,192,6078,48,3.8066949679582516,0
Transformer+GAIL+TD3,192,6078,49,2.9440441482715536,0
Transformer+GAIL+TD3,192,6078,50,3.6932766190998905,0
Transformer+GAIL+TD3,192,6078,51,38.2173432753383,0
Transformer+GAIL+TD3,192,6078,52,5.373145630399614,0
Transformer+GAIL+TD3,192,6078,53,3.7679734760353654,0
Transformer+GAIL+TD3,192,6078,54,2.608227534128282,0
Transformer+GAIL+TD3,192,6078,55,2.8036348317987603,0
Transformer+GAIL+TD3,192,6078,56,6.419737603704417,0
Transformer+GAIL+TD3,192,6078,57,19.41969255234561,0
Transformer+GAIL+TD3,192,6078,58,4.899332144480575,0
Transformer+GAIL+TD3,192,6078,59,2.4350905303637242,0
Transformer+GAIL+TD3,192,6078,60,4.5220830125288725,0
Transformer+GAIL+TD3,192,6078,61,7.8833352728965425,0
Transformer+GAIL+TD3,192,6078,62,4.6063143363044325,0
Transformer+GAIL+TD3,192,6078,63,8.966756570281628,0
Transformer+GAIL+TD3,192,6078,64,2.555738471611636,0
Transformer+GAIL+TD3,192,6078,65,3.632299080920462,0
Transformer+GAIL+TD3,192,6078,66,4.8659896915147325,0
Transformer+GAIL+TD3,192,6078,67,5.9121736443689175,0
Transformer+GAIL+TD3,192,6078,68,3.2892828364222404,0
Transformer+GAIL+TD3,192,6078,69,8.300700036844043,0
Transformer+GAIL+TD3,192,6078,70,4.6010241092383195,0
Transformer+GAIL+TD3,192,6078,71,4.816998582829865,0
Transformer+GAIL+TD3,192,6078,72,4.384625784122864,0
Transformer+GAIL+TD3,192,6078,73,3.2531278127812775,0
Transformer+GAIL+TD3,192,6078,74,4.100908859254226,0
Transformer+GAIL+TD3,192,6078,75,2.683244898497928,0
Transformer+GAIL+TD3,192,6078,76,5.7791694133157545,0
Transformer+GAIL+TD3,192,6078,77,5.545040082063752,0
Transformer+GAIL+TD3,192,6078,78,5.637176413215752,0
Transformer+GAIL+TD3,192,6078,79,2.6579703482358346,0
Transformer+GAIL+TD3,192,6078,80,4.87181979105203,0
Transformer+GAIL+TD3,192,6078,81,5.448856701114818,0
Transformer+GAIL+TD3,192,6078,82,5.543972469410457,0
Transformer+GAIL+TD3,192,6078,83,27.99491142103279,0
Transformer+GAIL+TD3,192,6078,84,2.7775879958496286,0
Transformer+GAIL+TD3,192,6078,85,2.2683760093864307,0
Transformer+GAIL+TD3,192,6078,86,3.8006121983783254,0
Transformer+GAIL+TD3,192,6078,87,2.323626973880226,0
Transformer+GAIL+TD3,192,6078,88,4.802399914288775,0
Transformer+GAIL+TD3,192,6078,89,16.405216213164728,0
Transformer+GAIL+TD3,192,6078,90,2.3198875050220975,0
Transformer+GAIL+TD3,192,6078,91,6.501710578930998,0
Transformer+GAIL+TD3,192,6078,92,5.118773617313638,0
Transformer+GAIL+TD3,192,6078,93,6.043783931570519,0
Transformer+GAIL+TD3,192,6078,94,5.242369622686854,0
Transformer+GAIL+TD3,192,6078,95,3.3819829754971225,0
Transformer+GAIL+TD3,192,6078,96,3.136727145982998,0
Transformer+GAIL+TD3,192,6078,97,4.9693095571439105,0
Transformer+GAIL+TD3,192,6078,98,2.2071508572413197,0
Transformer+GAIL+TD3,192,6079,5,3.7635141812432065,0
Transformer+GAIL+TD3,192,6079,6,16.122348484848484,0
Transformer+GAIL+TD3,192,6079,7,95.19312169312171,0
Transformer+GAIL+TD3,192,6079,8,14.438157235853781,0
Transformer+GAIL+TD3,192,6079,9,15.64666056724611,0
Transformer+GAIL+TD3,192,6079,10,6.992721979621544,0
Transformer+GAIL+TD3,192,6079,11,6.790714034470629,0
Transformer+GAIL+TD3,192,6079,12,2.6535021969501162,0
Transformer+GAIL+TD3,192,6079,13,47.94429939077459,0
Transformer+GAIL+TD3,192,6079,14,561.256880733945,0
Transformer+GAIL+TD3,192,6079,15,643.4999999999999,0
Transformer+GAIL+TD3,192,6079,16,287.5396551724138,0
Transformer+GAIL+TD3,192,6079,17,15.664664747017689,0
Transformer+GAIL+TD3,192,6079,18,6.947018801078949,0
Transformer+GAIL+TD3,192,6079,19,23.625943122460825,0
Transformer+GAIL+TD3,192,6079,20,9.052024070021883,0
Transformer+GAIL+TD3,192,6079,21,17.4632972322503,0
Transformer+GAIL+TD3,192,6079,22,8.393491597759402,0
Transformer+GAIL+TD3,192,6079,23,9.543853567219026,0
Transformer+GAIL+TD3,192,6079,24,4.959399542121887,0
Transformer+GAIL+TD3,192,6079,25,4.491790951247022,0
Transformer+GAIL+TD3,192,6079,26,6.175964556027321,0
Transformer+GAIL+TD3,192,6079,27,7.976139121056889,0
Transformer+GAIL+TD3,192,6079,28,11.781411223112947,0
Transformer+GAIL+TD3,192,6079,29,3.337539492949064,0
Transformer+GAIL+TD3,192,6079,30,5.5955970560581,0
Transformer+GAIL+TD3,192,6079,31,3.9057284154131464,0
Transformer+GAIL+TD3,192,6079,32,26.963264357126253,0
Transformer+GAIL+TD3,192,6079,33,3.7482294935006726,0
Transformer+GAIL+TD3,192,6079,34,57.36951343994556,0
Transformer+GAIL+TD3,192,6079,35,3.0753677547910683,0
Transformer+GAIL+TD3,192,6079,36,4.079952764656849,0
Transformer+GAIL+TD3,192,6079,37,31.129455374964365,0
Transformer+GAIL+TD3,192,6079,38,3.7831786818938857,0
Transformer+GAIL+TD3,192,6079,39,80.22195929957408,0
Transformer+GAIL+TD3,192,6079,40,3.94972738590993,0
Transformer+GAIL+TD3,192,6079,41,9.48312908276197,0
Transformer+GAIL+TD3,192,6079,42,10.969343838972389,0
Transformer+GAIL+TD3,192,6079,43,3.198892785245796,0
Transformer+GAIL+TD3,192,6079,44,9.848905553303608,0
Transformer+GAIL+TD3,192,6079,45,9.923834573842967,0
Transformer+GAIL+TD3,192,6079,46,4.316229812020121,0
Transformer+GAIL+TD3,192,6079,47,4.229948253557569,0
Transformer+GAIL+TD3,192,6079,48,2.7259882323692715,0
Transformer+GAIL+TD3,192,6079,49,7.422425886093706,0
Transformer+GAIL+TD3,192,6079,50,8.074741870858375,0
Transformer+GAIL+TD3,192,6079,51,10.33053710823721,0
Transformer+GAIL+TD3,192,6079,52,5.863423379374975,0
Transformer+GAIL+TD3,192,6079,53,2.811444985960043,0
Transformer+GAIL+TD3,192,6079,54,3.3837585834692145,0
Transformer+GAIL+TD3,192,6079,55,93.11090225563909,0
Transformer+GAIL+TD3,192,6079,56,2.92568430499465,0
Transformer+GAIL+TD3,192,6079,57,108.16056758775204,0
Transformer+GAIL+TD3,192,6079,58,2.985010742301351,0
Transformer+GAIL+TD3,192,6079,59,6.782178217821781,0
Transformer+GAIL+TD3,192,6079,60,3.735160932297447,0
Transformer+GAIL+TD3,192,6079,61,3.2981436258725396,0
Transformer+GAIL+TD3,192,6079,62,3.991949982558295,0
Transformer+GAIL+TD3,192,6079,63,9.354377848833254,0
Transformer+GAIL+TD3,192,6079,64,2.7144030163385002,0
Transformer+GAIL+TD3,192,6079,65,42.48355733485845,0
Transformer+GAIL+TD3,192,6079,67,2.756406097956536,0
Transformer+GAIL+TD3,192,6079,68,5.634774994289195,0
Transformer+GAIL+TD3,192,6079,69,3.4775978804827785,0
Transformer+GAIL+TD3,192,6079,70,5.385583034214774,0
Transformer+GAIL+TD3,192,6079,71,109.43021680216803,0
Transformer+GAIL+TD3,192,6079,72,5.158270900598727,0
Transformer+GAIL+TD3,192,6079,73,3.432375372328238,0
Transformer+GAIL+TD3,192,6079,74,3.112859712230216,0
Transformer+GAIL+TD3,192,6079,75,4.202534122596742,0
Transformer+GAIL+TD3,192,6079,76,3.817744438696327,0
Transformer+GAIL+TD3,192,6079,77,66.03064307293913,0
Transformer+GAIL+TD3,192,6079,78,2.7812450498970374,0
Transformer+GAIL+TD3,192,6079,79,5.204886907710087,0
Transformer+GAIL+TD3,192,6079,80,6.15425548663371,0
Transformer+GAIL+TD3,192,6079,81,4.710552631578948,0
Transformer+GAIL+TD3,192,6079,82,3.9384211102594984,0
Transformer+GAIL+TD3,192,6079,83,5.172666753687509,0
Transformer+GAIL+TD3,192,6079,84,2.7393643250997446,0
Transformer+GAIL+TD3,192,6079,85,7.587146115658124,0
Transformer+GAIL+TD3,192,6079,86,10.402212443466567,0
Transformer+GAIL+TD3,192,6079,87,5.833642876094455,0
Transformer+GAIL+TD3,192,6079,88,2.6164499867338815,0
Transformer+GAIL+TD3,192,6079,89,3.532866341187293,0
Transformer+GAIL+TD3,192,6079,90,3.884250721398972,0
Transformer+GAIL+TD3,192,6079,91,9.021556603773586,0
Transformer+GAIL+TD3,192,6079,92,7.724555160142348,0
Transformer+GAIL+TD3,192,6079,93,3.0784235905780566,0
Transformer+GAIL+TD3,192,6079,94,4.930352788164526,0
Transformer+GAIL+TD3,192,6079,95,2.6279305521692824,0
Transformer+GAIL+TD3,192,6079,96,4.183354975232049,0
Transformer+GAIL+TD3,192,6081,5,4.085483553279496,0
Transformer+GAIL+TD3,192,6081,6,11.597634283498158,0
Transformer+GAIL+TD3,192,6081,7,66.6825,0
Transformer+GAIL+TD3,192,6081,8,11.41959045258902,0
Transformer+GAIL+TD3,192,6081,9,10.639059176779684,0
Transformer+GAIL+TD3,192,6081,10,6.3848659294046355,0
Transformer+GAIL+TD3,192,6081,11,2.8408157815681427,0
Transformer+GAIL+TD3,192,6081,12,3.5040868841292667,0
Transformer+GAIL+TD3,192,6081,13,898.3040000000001,0
Transformer+GAIL+TD3,192,6081,14,561.3191489361702,0
Transformer+GAIL+TD3,192,6081,15,599.6590038314176,0
Transformer+GAIL+TD3,192,6081,16,456.4705882352941,0
Transformer+GAIL+TD3,192,6081,17,6.525313203967909,0
Transformer+GAIL+TD3,192,6081,18,8.625712378703085,0
Transformer+GAIL+TD3,192,6081,19,22.535698382069167,0
Transformer+GAIL+TD3,192,6081,20,21.668947445042946,0
Transformer+GAIL+TD3,192,6081,21,11.075112566516577,0
Transformer+GAIL+TD3,192,6081,22,9.296666050409812,0
Transformer+GAIL+TD3,192,6081,23,3.756081467470197,0
Transformer+GAIL+TD3,192,6081,24,7.763963640712833,0
Transformer+GAIL+TD3,192,6081,25,11.000998564563439,0
Transformer+GAIL+TD3,192,6081,26,5.5289996240473025,0
Transformer+GAIL+TD3,192,6081,27,6.9632273006569925,0
Transformer+GAIL+TD3,192,6081,28,4.703894312393888,0
Transformer+GAIL+TD3,192,6081,29,11.359500909799845,0
Transformer+GAIL+TD3,192,6081,30,3.1020628953882827,0
Transformer+GAIL+TD3,192,6081,31,47.452760281585775,0
Transformer+GAIL+TD3,192,6081,32,4.720756535357186,0
Transformer+GAIL+TD3,192,6081,33,2.8517897828911445,0
Transformer+GAIL+TD3,192,6081,34,58.865751334858885,0
Transformer+GAIL+TD3,192,6081,35,4.564817954804698,0
Transformer+GAIL+TD3,192,6081,36,5.565620765141249,0
Transformer+GAIL+TD3,192,6081,37,4.212969765470473,0
Transformer+GAIL+TD3,192,6081,38,2.8506124829865835,0
Transformer+GAIL+TD3,192,6081,39,4.101181535996796,0
Transformer+GAIL+TD3,192,6081,40,128.62835570469798,0
Transformer+GAIL+TD3,192,6081,41,6.406155015197569,0
Transformer+GAIL+TD3,192,6081,42,5.498653998416468,0
Transformer+GAIL+TD3,192,6081,43,3.6416451379559773,0
Transformer+GAIL+TD3,192,6081,44,2.207253886010363,0
Transformer+GAIL+TD3,192,6081,45,31.919441723800198,0
Transformer+GAIL+TD3,192,6081,46,3.527238485612208,0
Transformer+GAIL+TD3,192,6081,47,25.01946077437665,0
Transformer+GAIL+TD3,192,6081,48,7.817457803520521,0
Transformer+GAIL+TD3,192,6081,49,4.023524259392498,0
Transformer+GAIL+TD3,192,6081,50,7.339610917260169,0
Transformer+GAIL+TD3,192,6081,51,3.41792302234835,0
Transformer+GAIL+TD3,192,6081,52,9.113012970444396,0
Transformer+GAIL+TD3,192,6081,53,4.261673784540543,0
Transformer+GAIL+TD3,192,6081,54,15.1947003298078,0
Transformer+GAIL+TD3,192,6081,55,3.2101874282799954,0
Transformer+GAIL+TD3,192,6081,56,4.878436303366292,0
Transformer+GAIL+TD3,192,6081,57,3.106180158662459,0
Transformer+GAIL+TD3,192,6081,58,41.368311688311685,0
Transformer+GAIL+TD3,192,6081,59,3.068137013307048,0
Transformer+GAIL+TD3,192,6081,60,6.56019803057505,0
Transformer+GAIL+TD3,192,6081,61,7.543462309837109,0
Transformer+GAIL+TD3,192,6081,62,6.120307584760574,0
Transformer+GAIL+TD3,192,6081,63,3.3850039883009844,0
Transformer+GAIL+TD3,192,6081,64,6.570112706676583,0
Transformer+GAIL+TD3,192,6081,65,5.4935470265710675,0
Transformer+GAIL+TD3,192,6081,66,3.1420513158183536,0
Transformer+GAIL+TD3,192,6081,67,4.600315955766193,0
Transformer+GAIL+TD3,192,6081,68,11.855105720373707,0
Transformer+GAIL+TD3,192,6081,69,4.511946638348708,0
Transformer+GAIL+TD3,192,6081,70,2.8082778027475426,0
Transformer+GAIL+TD3,192,6081,71,6.1363523140537035,0
Transformer+GAIL+TD3,192,6081,72,6.789233073224561,0
Transformer+GAIL+TD3,192,6081,73,5.490642458100558,0
Transformer+GAIL+TD3,192,6081,74,3.9425360583048774,0
Transformer+GAIL+TD3,192,6081,75,2.7038076308507737,0
Transformer+GAIL+TD3,192,6081,76,5.03694605009634,0
Transformer+GAIL+TD3,192,6081,77,2.8147500873820346,0
Transformer+GAIL+TD3,192,6081,78,158.19218910585818,0
Transformer+GAIL+TD3,192,6081,79,2.4397428362807427,0
Transformer+GAIL+TD3,192,6081,80,6.850616605921415,0
Transformer+GAIL+TD3,192,6081,81,3.0535690695319033,0
Transformer+GAIL+TD3,192,6081,82,2.428879003558719,0
Transformer+GAIL+TD3,192,6081,83,3.326396065713981,0
Transformer+GAIL+TD3,192,6081,84,124.44385026737966,0
Transformer+GAIL+TD3,192,6081,85,4.614334902233314,0
Transformer+GAIL+TD3,192,6081,86,3.076221441508282,0
Transformer+GAIL+TD3,192,6081,87,3.79866919560959,0
Transformer+GAIL+TD3,192,6081,88,4.643895023919166,0
Transformer+GAIL+TD3,192,6081,89,4.846762210612089,0
Transformer+GAIL+TD3,192,6081,90,7.929593523744371,0
Transformer+GAIL+TD3,192,6081,91,4.678448967680747,0
Transformer+GAIL+TD3,192,6081,92,5.800277491194991,0
Transformer+GAIL+TD3,192,6081,93,2.5108133101870633,0
Transformer+GAIL+TD3,192,6081,94,3.3701087565870615,0
Transformer+GAIL+TD3,192,6081,95,8.527491307678709,0
Transformer+GAIL+TD3,192,6081,96,10.368127542317282,0
Transformer+GAIL+TD3,192,6081,97,3.010378572396045,0
Transformer+GAIL+TD3,192,6081,98,4.574148131011006,0
Transformer+GAIL+TD3,192,6085,5,7.3161807865388395,0
Transformer+GAIL+TD3,192,6085,6,280.84693877551024,0
Transformer+GAIL+TD3,192,6085,7,17.470508166969147,0
Transformer+GAIL+TD3,192,6085,8,11.691725197541704,0
Transformer+GAIL+TD3,192,6085,9,5.139089382178039,0
Transformer+GAIL+TD3,192,6085,10,4.8575917962289115,0
Transformer+GAIL+TD3,192,6085,11,4.47022932022932,0
Transformer+GAIL+TD3,192,6085,12,100.64996203492787,0
Transformer+GAIL+TD3,192,6085,13,11.105171457986852,0
Transformer+GAIL+TD3,192,6085,14,6.37946103423161,0
Transformer+GAIL+TD3,192,6085,15,441.12096774193554,0
Transformer+GAIL+TD3,192,6085,16,15.916882369859078,0
Transformer+GAIL+TD3,192,6085,17,21.608303472136413,0
Transformer+GAIL+TD3,192,6085,18,29.63141683778234,0
Transformer+GAIL+TD3,192,6085,19,5.931205207215318,0
Transformer+GAIL+TD3,192,6085,20,5.738233832611628,0
Transformer+GAIL+TD3,192,6085,21,14.553910008489767,0
Transformer+GAIL+TD3,192,6085,22,11.929468381081284,0
Transformer+GAIL+TD3,192,6085,23,6.166010129431626,0
Transformer+GAIL+TD3,192,6085,24,6.160464860505187,0
Transformer+GAIL+TD3,192,6085,25,3.6424228944246737,0
Transformer+GAIL+TD3,192,6085,26,5.6696692316108095,0
Transformer+GAIL+TD3,192,6085,27,4.595256710972114,0
Transformer+GAIL+TD3,192,6085,28,24.747436773752565,0
Transformer+GAIL+TD3,192,6085,29,2.9232860099943547,0
Transformer+GAIL+TD3,192,6085,30,5.936999299992223,0
Transformer+GAIL+TD3,192,6085,31,7.602276769832801,0
Transformer+GAIL+TD3,192,6085,32,2.7576857386848856,0
Transformer+GAIL+TD3,192,6085,33,7.786183992029226,0
Transformer+GAIL+TD3,192,6085,34,4.990961784065233,0
Transformer+GAIL+TD3,192,6085,35,3.4809944482716695,0
Transformer+GAIL+TD3,192,6085,36,24.21878960709759,0
Transformer+GAIL+TD3,192,6085,37,3.0623876303487956,0
Transformer+GAIL+TD3,192,6085,38,7.797883167107673,0
Transformer+GAIL+TD3,192,6085,39,4.05275655342659,0
Transformer+GAIL+TD3,192,6085,40,4.4591869822834065,0
Transformer+GAIL+TD3,192,6085,41,8.028184034125536,0
Transformer+GAIL+TD3,192,6085,42,2.683340522819429,0
Transformer+GAIL+TD3,192,6085,43,7.69414906299175,0
Transformer+GAIL+TD3,192,6085,44,5.829696628422608,0
Transformer+GAIL+TD3,192,6085,45,2.8271096675424623,0
Transformer+GAIL+TD3,192,6085,46,4.627118644067796,0
Transformer+GAIL+TD3,192,6085,47,8.102996042962126,0
Transformer+GAIL+TD3,192,6085,48,5.492532107182496,0
Transformer+GAIL+TD3,192,6085,49,6.7170907948476275,0
Transformer+GAIL+TD3,192,6085,50,2.401020459040369,0
Transformer+GAIL+TD3,192,6085,51,2.7330571033957227,0
Transformer+GAIL+TD3,192,6085,52,5.388681117386658,0
Transformer+GAIL+TD3,192,6085,53,25.77945619335348,0
Transformer+GAIL+TD3,192,6085,54,51.60700525394046,0
Transformer+GAIL+TD3,192,6085,56,4.496200947528381,0
Transformer+GAIL+TD3,192,6085,57,6.266330335599913,0
Transformer+GAIL+TD3,192,6085,58,12.252948522270014,0
Transformer+GAIL+TD3,192,6085,59,4.8,0
Transformer+GAIL+TD3,192,6085,60,4.805206086748143,0
Transformer+GAIL+TD3,192,6085,61,3.7565943912966655,0
Transformer+GAIL+TD3,192,6085,62,3.3617073104717563,0
Transformer+GAIL+TD3,192,6085,63,5.003941571991652,0
Transformer+GAIL+TD3,192,6085,64,170.216276477146,0
Transformer+GAIL+TD3,192,6085,65,2.749726317325938,0
Transformer+GAIL+TD3,192,6085,66,4.013986390166492,0
Transformer+GAIL+TD3,192,6085,67,6.062290175140557,0
Transformer+GAIL+TD3,192,6085,68,2.4576149307882136,0
Transformer+GAIL+TD3,192,6085,69,4.2094604991844395,0
Transformer+GAIL+TD3,192,6085,70,15.82442031899209,0
Transformer+GAIL+TD3,192,6085,71,2.5437474901614325,0
Transformer+GAIL+TD3,192,6085,72,6.291237005803031,0
Transformer+GAIL+TD3,192,6085,73,2.506470666312716,0
Transformer+GAIL+TD3,192,6085,74,5.490982759990467,0
Transformer+GAIL+TD3,192,6085,75,4.618005463642223,0
Transformer+GAIL+TD3,192,6085,76,7.515855366114818,0
Transformer+GAIL+TD3,192,6085,77,4.014847189639104,0
Transformer+GAIL+TD3,192,6085,78,2.128959417926363,0
Transformer+GAIL+TD3,192,6085,79,5.2331653340407,0
Transformer+GAIL+TD3,192,6085,80,5.960132189565462,0
Transformer+GAIL+TD3,192,6085,81,2.6503268543537,0
Transformer+GAIL+TD3,192,6085,82,93.55555555555556,0
Transformer+GAIL+TD3,192,6085,83,4.786323141223052,0
Transformer+GAIL+TD3,192,6085,84,3.4981493344722043,0
Transformer+GAIL+TD3,192,6085,85,3.225552805939171,0
Transformer+GAIL+TD3,192,6085,86,5.388237075164636,0
Transformer+GAIL+TD3,192,6085,87,6.174992442563483,0
Transformer+GAIL+TD3,192,6085,88,4.785335851838201,0
Transformer+GAIL+TD3,192,6085,89,2.957577289192149,0
Transformer+GAIL+TD3,192,6085,90,6.858518779136248,0
Transformer+GAIL+TD3,192,6085,91,4.339009117873228,0
Transformer+GAIL+TD3,192,6085,92,4.466650807338904,0
Transformer+GAIL+TD3,192,6085,93,2.864603972166304,0
Transformer+GAIL+TD3,192,6085,94,9.150450588055596,0
Transformer+GAIL+TD3,192,6085,95,4.379331459266887,0
Transformer+GAIL+TD3,192,6085,96,2.4539758961776457,0
Transformer+GAIL+TD3,192,6085,97,10.050715389265802,0
Transformer+GAIL+TD3,192,6085,98,5.1100239616613425,0
Transformer+GAIL+TD3,192,6086,5,3.80603490780002,0
Transformer+GAIL+TD3,192,6086,6,17.4928517682468,0
Transformer+GAIL+TD3,192,6086,7,278.94402985074623,0
Transformer+GAIL+TD3,192,6086,8,12.67935606060606,0
Transformer+GAIL+TD3,192,6086,9,7.056768558951964,0
Transformer+GAIL+TD3,192,6086,10,7.060391470401019,0
Transformer+GAIL+TD3,192,6086,11,4.321630901287553,0
Transformer+GAIL+TD3,192,6086,12,3.088654881313057,0
Transformer+GAIL+TD3,192,6086,13,10.146915113871637,0
Transformer+GAIL+TD3,192,6086,14,72.69148366363149,0
Transformer+GAIL+TD3,192,6086,15,21.341799091940977,0
Transformer+GAIL+TD3,192,6086,16,191.22283609576428,0
Transformer+GAIL+TD3,192,6086,17,8.035798294619228,0
Transformer+GAIL+TD3,192,6086,18,5.899383244046279,0
Transformer+GAIL+TD3,192,6086,19,12.441693862930828,0
Transformer+GAIL+TD3,192,6086,20,16.537706611570247,0
Transformer+GAIL+TD3,192,6086,21,57.6080760095012,0
Transformer+GAIL+TD3,192,6086,22,9.320094181795652,0
Transformer+GAIL+TD3,192,6086,23,4.847942909973419,0
Transformer+GAIL+TD3,192,6086,24,4.819290224254299,0
Transformer+GAIL+TD3,192,6086,25,2.335276563259074,0
Transformer+GAIL+TD3,192,6086,26,211.14209115281503,0
Transformer+GAIL+TD3,192,6086,27,8.767280086005185,0
Transformer+GAIL+TD3,192,6086,28,71.06951620479099,0
Transformer+GAIL+TD3,192,6086,29,7.419933103376189,0
Transformer+GAIL+TD3,192,6086,30,4.51567787051658,0
Transformer+GAIL+TD3,192,6086,31,4.402180589680589,0
Transformer+GAIL+TD3,192,6086,32,10.16519909608042,0
Transformer+GAIL+TD3,192,6086,33,12.664990859232176,0
Transformer+GAIL+TD3,192,6086,34,9.096085955487338,0
Transformer+GAIL+TD3,192,6086,35,5.434747521328108,0
Transformer+GAIL+TD3,192,6086,36,4.32859358162273,0
Transformer+GAIL+TD3,192,6086,37,7.258947904725515,0
Transformer+GAIL+TD3,192,6086,38,3.1170937398637686,0
Transformer+GAIL+TD3,192,6086,39,192.9436795994994,0
Transformer+GAIL+TD3,192,6086,40,3.7506412492561507,0
Transformer+GAIL+TD3,192,6086,41,7.392893168271436,0
Transformer+GAIL+TD3,192,6086,42,5.802547003053189,0
Transformer+GAIL+TD3,192,6086,43,2.3711608697662236,0
Transformer+GAIL+TD3,192,6086,44,4.099884125144844,0
Transformer+GAIL+TD3,192,6086,45,2.0338147416786057,0
Transformer+GAIL+TD3,192,6086,46,142.9595588235294,0
Transformer+GAIL+TD3,192,6086,47,5.270545208679084,0
Transformer+GAIL+TD3,192,6086,48,9.340741134563242,0
Transformer+GAIL+TD3,192,6086,49,2.940778678335239,0
Transformer+GAIL+TD3,192,6086,50,4.570924946655534,0
Transformer+GAIL+TD3,192,6086,51,4.123861368959834,0
Transformer+GAIL+TD3,192,6086,52,4.437422188016389,0
Transformer+GAIL+TD3,192,6086,53,54.84805435453983,0
Transformer+GAIL+TD3,192,6086,54,2.4116923659067258,0
Transformer+GAIL+TD3,192,6086,55,8.979287237282975,0
Transformer+GAIL+TD3,192,6086,56,6.402146512871439,0
Transformer+GAIL+TD3,192,6086,57,2.9990862895340085,0
Transformer+GAIL+TD3,192,6086,58,8.462209143915862,0
Transformer+GAIL+TD3,192,6086,59,4.565972314126149,0
Transformer+GAIL+TD3,192,6086,60,8.813426145652057,0
Transformer+GAIL+TD3,192,6086,61,3.1657473992878584,0
Transformer+GAIL+TD3,192,6086,62,3.995216182969612,0
Transformer+GAIL+TD3,192,6086,63,5.198171081298016,0
Transformer+GAIL+TD3,192,6086,64,5.465938199150481,0
Transformer+GAIL+TD3,192,6086,65,4.419543417964583,0
Transformer+GAIL+TD3,192,6086,66,5.0217829298916685,0
Transformer+GAIL+TD3,192,6086,67,3.3161144476685336,0
Transformer+GAIL+TD3,192,6086,68,4.008345129191051,0
Transformer+GAIL+TD3,192,6086,69,11.180228821185244,0
Transformer+GAIL+TD3,192,6086,70,2.5335609432449617,0
Transformer+GAIL+TD3,192,6086,71,106.84796437659034,0
Transformer+GAIL+TD3,192,6086,72,2.616975268863399,0
Transformer+GAIL+TD3,192,6086,73,3.861503863728798,0
Transformer+GAIL+TD3,192,6086,74,4.9854420074705486,0
Transformer+GAIL+TD3,192,6086,75,8.147382537920828,0
Transformer+GAIL+TD3,192,6086,76,3.305123766660897,0
Transformer+GAIL+TD3,192,6086,77,7.956598005312485,0
Transformer+GAIL+TD3,192,6086,78,4.553319596456957,0
Transformer+GAIL+TD3,192,6086,79,4.06105190277194,0
Transformer+GAIL+TD3,192,6086,80,2.9444169307976757,0
Transformer+GAIL+TD3,192,6086,81,4.534194139687845,0
Transformer+GAIL+TD3,192,6086,82,8.290363590134758,0
Transformer+GAIL+TD3,192,6086,83,3.159945719320276,0
Transformer+GAIL+TD3,192,6086,84,8.284606687126473,0
Transformer+GAIL+TD3,192,6086,85,4.4180142346813565,0
Transformer+GAIL+TD3,192,6086,86,3.9599177330895796,0
Transformer+GAIL+TD3,192,6086,87,2.864088792346719,0
Transformer+GAIL+TD3,192,6086,88,11.123285734483245,0
Transformer+GAIL+TD3,192,6086,89,2.9608450755573377,0
Transformer+GAIL+TD3,192,6086,90,9.96730998931288,0
Transformer+GAIL+TD3,192,6086,91,6.685232004759073,0
Transformer+GAIL+TD3,192,6086,93,3.241729509550283,0
Transformer+GAIL+TD3,192,6086,94,8.408442702119197,0
Transformer+GAIL+TD3,192,6086,95,6.15038460109249,0
Transformer+GAIL+TD3,192,6086,96,3.5248265542103114,0
Transformer+GAIL+TD3,192,6086,97,6.6325971304207645,0
Transformer+GAIL+TD3,192,6086,98,2.34695544980219,0
Transformer+GAIL+TD3,192,6087,5,6.306021717670286,0
Transformer+GAIL+TD3,192,6087,6,446.15315315315314,0
Transformer+GAIL+TD3,192,6087,7,56.70619158878506,0
Transformer+GAIL+TD3,192,6087,8,18.1435579654015,0
Transformer+GAIL+TD3,192,6087,9,16.846665025842974,0
Transformer+GAIL+TD3,192,6087,10,4.0414764079147645,0
Transformer+GAIL+TD3,192,6087,11,2.3306614440316586,0
Transformer+GAIL+TD3,192,6087,12,342.2965517241379,0
Transformer+GAIL+TD3,192,6087,13,3.122549507413673,0
Transformer+GAIL+TD3,192,6087,14,881.9615384615383,0
Transformer+GAIL+TD3,192,6087,15,11.318085106382979,0
Transformer+GAIL+TD3,192,6087,16,852.1379310344829,0
Transformer+GAIL+TD3,192,6087,17,404.6243781094527,0
Transformer+GAIL+TD3,192,6087,18,9.789313399778516,0
Transformer+GAIL+TD3,192,6087,19,10.8739907727797,0
Transformer+GAIL+TD3,192,6087,20,17.46455015721676,0
Transformer+GAIL+TD3,192,6087,21,5.613622664255577,0
Transformer+GAIL+TD3,192,6087,22,8.151533472573377,0
Transformer+GAIL+TD3,192,6087,23,9.37838990797733,0
Transformer+GAIL+TD3,192,6087,24,5.670963961324349,0
Transformer+GAIL+TD3,192,6087,25,10.298737455487212,0
Transformer+GAIL+TD3,192,6087,26,5.182308150283584,0
Transformer+GAIL+TD3,192,6087,27,9.413728495997272,0
Transformer+GAIL+TD3,192,6087,28,3.1380185323636693,0
Transformer+GAIL+TD3,192,6087,29,5.395534719286784,0
Transformer+GAIL+TD3,192,6087,30,5.183433167893205,0
Transformer+GAIL+TD3,192,6087,31,3.7134344528710725,0
Transformer+GAIL+TD3,192,6087,32,7.031561701922613,0
Transformer+GAIL+TD3,192,6087,33,6.018952531091259,0
Transformer+GAIL+TD3,192,6087,34,6.380865016785073,0
Transformer+GAIL+TD3,192,6087,35,4.942572224666374,0
Transformer+GAIL+TD3,192,6087,36,2.0863334118457053,0
Transformer+GAIL+TD3,192,6087,37,2.8001333267492963,0
Transformer+GAIL+TD3,192,6087,38,23.576209930861094,0
Transformer+GAIL+TD3,192,6087,39,3.732178891548172,0
Transformer+GAIL+TD3,192,6087,40,6.923451395277523,0
Transformer+GAIL+TD3,192,6087,41,3.88312280801802,0
Transformer+GAIL+TD3,192,6087,42,3.335170215188432,0
Transformer+GAIL+TD3,192,6087,43,5.181592810660057,0
Transformer+GAIL+TD3,192,6087,44,193.24549549549548,0
Transformer+GAIL+TD3,192,6087,45,4.459296508197142,0
Transformer+GAIL+TD3,192,6087,46,5.794355010888595,0
Transformer+GAIL+TD3,192,6087,47,2.630948056665456,0
Transformer+GAIL+TD3,192,6087,48,3.9501834287759485,0
Transformer+GAIL+TD3,192,6087,49,4.109460816157798,0
Transformer+GAIL+TD3,192,6087,50,182.64531435349943,0
Transformer+GAIL+TD3,192,6087,51,5.16342686252089,0
Transformer+GAIL+TD3,192,6087,52,2.509018002165674,0
Transformer+GAIL+TD3,192,6087,53,3.4260017548990933,0
Transformer+GAIL+TD3,192,6087,54,6.220233127843433,0
Transformer+GAIL+TD3,192,6087,55,7.036824589409886,0
Transformer+GAIL+TD3,192,6087,56,296.12191958495464,0
Transformer+GAIL+TD3,192,6087,57,2.9230769230769234,0
Transformer+GAIL+TD3,192,6087,59,11.27302496930004,0
Transformer+GAIL+TD3,192,6087,61,150.21587301587297,0
Transformer+GAIL+TD3,192,6087,62,99.74385510996119,0
Transformer+GAIL+TD3,192,6087,63,13.68767183547784,0
Transformer+GAIL+TD3,192,6087,64,40.802352941176466,0
Transformer+GAIL+TD3,192,6087,65,4.073650521056945,0
Transformer+GAIL+TD3,192,6087,66,17.59031235853327,0
Transformer+GAIL+TD3,192,6087,67,9.080507410198443,0
Transformer+GAIL+TD3,192,6087,68,3.2115435044841876,0
Transformer+GAIL+TD3,192,6087,69,8.529605263157894,0
Transformer+GAIL+TD3,192,6087,70,7.567507994163485,0
Transformer+GAIL+TD3,192,6087,71,6.385348661178919,0
Transformer+GAIL+TD3,192,6087,73,166.07666290868093,0
Transformer+GAIL+TD3,192,6087,74,2.4824855666095567,0
Transformer+GAIL+TD3,192,6087,75,164.52812858783008,0
Transformer+GAIL+TD3,192,6087,77,129.21148036253777,0
Transformer+GAIL+TD3,192,6087,78,11.230625259947317,0
Transformer+GAIL+TD3,192,6087,79,3.8815081828170483,0
Transformer+GAIL+TD3,192,6087,80,7.065535784549469,0
Transformer+GAIL+TD3,192,6087,81,2.5497917564268273,0
Transformer+GAIL+TD3,192,6087,82,13.396022629864563,0
Transformer+GAIL+TD3,192,6087,83,3.650227881215639,0
Transformer+GAIL+TD3,192,6087,84,4.2056547776776725,0
Transformer+GAIL+TD3,192,6087,85,4.603751499722003,0
Transformer+GAIL+TD3,192,6087,86,5.881273610361575,0
Transformer+GAIL+TD3,192,6087,87,5.362788256902132,0
Transformer+GAIL+TD3,192,6087,88,4.816559659801551,0
Transformer+GAIL+TD3,192,6087,89,4.688985902177238,0
Transformer+GAIL+TD3,192,6087,90,4.925819025798197,0
Transformer+GAIL+TD3,192,6087,91,2.3755962067224066,0
Transformer+GAIL+TD3,192,6088,5,5.283376059948728,0
Transformer+GAIL+TD3,192,6088,6,29.656295754026356,0
Transformer+GAIL+TD3,192,6088,7,240.84636871508383,0
Transformer+GAIL+TD3,192,6088,8,22.98148148148148,0
Transformer+GAIL+TD3,192,6088,9,8.123899471746439,0
Transformer+GAIL+TD3,192,6088,10,3.8268434134217064,0
Transformer+GAIL+TD3,192,6088,11,4.565726512351681,0
Transformer+GAIL+TD3,192,6088,12,123.51252609603343,0
Transformer+GAIL+TD3,192,6088,13,488.6524590163935,0
Transformer+GAIL+TD3,192,6088,14,431.2125340599455,0
Transformer+GAIL+TD3,192,6088,15,11.833466241360979,0
Transformer+GAIL+TD3,192,6088,16,5.763080337020216,0
Transformer+GAIL+TD3,192,6088,17,10.62633046122656,0
Transformer+GAIL+TD3,192,6088,18,27.081267217630856,0
Transformer+GAIL+TD3,192,6088,19,21.119270638191583,0
Transformer+GAIL+TD3,192,6088,20,25.329390504353537,0
Transformer+GAIL+TD3,192,6088,21,6.314902886186241,0
Transformer+GAIL+TD3,192,6088,22,8.196011997333926,0
Transformer+GAIL+TD3,192,6088,23,4.777511558060271,0
Transformer+GAIL+TD3,192,6088,24,4.923856486992009,0
Transformer+GAIL+TD3,192,6088,25,10.212095400340717,0
Transformer+GAIL+TD3,192,6088,26,12.610440261006525,0
Transformer+GAIL+TD3,192,6088,27,9.65429585248095,0
Transformer+GAIL+TD3,192,6088,28,3.9123617079637922,0
Transformer+GAIL+TD3,192,6088,29,5.685396372851826,0
Transformer+GAIL+TD3,192,6088,30,4.649959681483722,0
Transformer+GAIL+TD3,192,6088,31,7.9735424049711145,0
Transformer+GAIL+TD3,192,6088,32,6.353607577305229,0
Transformer+GAIL+TD3,192,6088,33,13.365494912118407,0
Transformer+GAIL+TD3,192,6088,34,5.417252120890774,0
Transformer+GAIL+TD3,192,6088,35,2.5948147119091445,0
Transformer+GAIL+TD3,192,6088,36,7.568398355230168,0
Transformer+GAIL+TD3,192,6088,37,3.0564991683886906,0
Transformer+GAIL+TD3,192,6088,38,4.9888053979451,0
Transformer+GAIL+TD3,192,6088,39,9.422613929492693,0
Transformer+GAIL+TD3,192,6088,40,5.149142298462358,0
Transformer+GAIL+TD3,192,6088,41,5.821175569596019,0
Transformer+GAIL+TD3,192,6088,42,7.350665767739759,0
Transformer+GAIL+TD3,192,6088,43,5.685092688813651,0
Transformer+GAIL+TD3,192,6088,44,5.006291893259138,0
Transformer+GAIL+TD3,192,6088,45,60.650767543859644,0
Transformer+GAIL+TD3,192,6088,46,2.2948076733243394,0
Transformer+GAIL+TD3,192,6088,47,9.71884622635581,0
Transformer+GAIL+TD3,192,6088,48,3.2798614994193303,0
Transformer+GAIL+TD3,192,6088,49,10.97533071147658,0
Transformer+GAIL+TD3,192,6088,50,8.14071190211346,0
Transformer+GAIL+TD3,192,6088,51,5.876078149503399,0
Transformer+GAIL+TD3,192,6088,52,3.0988647006418897,0
Transformer+GAIL+TD3,192,6088,53,133.93548387096774,0
Transformer+GAIL+TD3,192,6088,54,2.1536090687074743,0
Transformer+GAIL+TD3,192,6088,55,232.4546952224053,0
Transformer+GAIL+TD3,192,6088,56,2.847452211341466,0
Transformer+GAIL+TD3,192,6088,57,24.99439313984169,0
Transformer+GAIL+TD3,192,6088,58,5.988247863247863,0
Transformer+GAIL+TD3,192,6088,59,5.05143732411926,0
Transformer+GAIL+TD3,192,6088,60,3.283837728354276,0
Transformer+GAIL+TD3,192,6088,61,8.313339430992155,0
Transformer+GAIL+TD3,192,6088,62,4.314628458581062,0
Transformer+GAIL+TD3,192,6088,63,26.89191460749706,0
Transformer+GAIL+TD3,192,6088,64,6.963709860562293,0
Transformer+GAIL+TD3,192,6088,65,2.1826324171752054,0
Transformer+GAIL+TD3,192,6088,66,7.640428177542305,0
Transformer+GAIL+TD3,192,6088,67,3.053985367731998,0
Transformer+GAIL+TD3,192,6088,68,13.401230721296152,0
Transformer+GAIL+TD3,192,6088,69,3.4370774830993245,0
Transformer+GAIL+TD3,192,6088,70,5.420553827928329,0
Transformer+GAIL+TD3,192,6088,71,2.8941130246873157,0
Transformer+GAIL+TD3,192,6088,72,4.169816238759285,0
Transformer+GAIL+TD3,192,6088,73,2.408349212957774,0
Transformer+GAIL+TD3,192,6088,74,132.4319526627219,0
Transformer+GAIL+TD3,192,6088,75,4.785154124387824,0
Transformer+GAIL+TD3,192,6088,76,6.161660615395899,0
Transformer+GAIL+TD3,192,6088,77,2.768887257600783,0
Transformer+GAIL+TD3,192,6088,78,2.7343075514360997,0
Transformer+GAIL+TD3,192,6088,79,3.7802012552518285,0
Transformer+GAIL+TD3,192,6088,80,10.785771650381474,0
Transformer+GAIL+TD3,192,6088,81,5.242267714539232,0
Transformer+GAIL+TD3,192,6088,82,3.938926428671092,0
Transformer+GAIL+TD3,192,6088,83,4.579187962286912,0
Transformer+GAIL+TD3,192,6088,84,3.773070571993178,0
Transformer+GAIL+TD3,192,6088,85,2.580379693903154,0
Transformer+GAIL+TD3,192,6088,86,14.206645123871073,0
Transformer+GAIL+TD3,192,6088,87,3.1128557686866967,0
Transformer+GAIL+TD3,192,6088,88,13.942952342487883,0
Transformer+GAIL+TD3,192,6088,89,3.543731778425656,0
Transformer+GAIL+TD3,192,6088,90,4.762202452512623,0
Transformer+GAIL+TD3,192,6088,91,4.767779617078427,0
Transformer+GAIL+TD3,192,6088,92,2.0091247843891136,0
Transformer+GAIL+TD3,192,6088,93,155.21202531645568,0
Transformer+GAIL+TD3,192,6088,94,5.22280134196022,0
Transformer+GAIL+TD3,192,6088,95,2.206984375765294,0
Transformer+GAIL+TD3,192,6088,96,4.842948231364809,0
Transformer+GAIL+TD3,192,6088,97,3.193987878787879,0
Transformer+GAIL+TD3,192,6088,98,7.280205551509266,0
Transformer+GAIL+TD3,192,6092,5,3.3172250222353985,0
Transformer+GAIL+TD3,192,6092,6,11.062428625808904,0
Transformer+GAIL+TD3,192,6092,7,66.74007682458385,0
Transformer+GAIL+TD3,192,6092,8,8.567626747515579,0
Transformer+GAIL+TD3,192,6092,9,11.364072298045004,0
Transformer+GAIL+TD3,192,6092,10,5.016375545851529,0
Transformer+GAIL+TD3,192,6092,11,4.59050343249428,0
Transformer+GAIL+TD3,192,6092,12,3.119872992155398,0
Transformer+GAIL+TD3,192,6092,13,22.980225212853615,0
Transformer+GAIL+TD3,192,6092,14,4.125395191530034,0
Transformer+GAIL+TD3,192,6092,15,6.704573026003482,0
Transformer+GAIL+TD3,192,6092,16,8.121365627143687,0
Transformer+GAIL+TD3,192,6092,17,369.12649164677805,0
Transformer+GAIL+TD3,192,6092,18,9.334354318219109,0
Transformer+GAIL+TD3,192,6092,19,12.196860886947508,0
Transformer+GAIL+TD3,192,6092,20,8.198662801570974,0
Transformer+GAIL+TD3,192,6092,21,6.352343159486016,0
Transformer+GAIL+TD3,192,6092,22,24.65741682405928,0
Transformer+GAIL+TD3,192,6092,23,17.651954732510287,0
Transformer+GAIL+TD3,192,6092,24,6.599121498425328,0
Transformer+GAIL+TD3,192,6092,25,10.551227540803731,0
Transformer+GAIL+TD3,192,6092,26,4.754091561652577,0
Transformer+GAIL+TD3,192,6092,27,7.69625066178948,0
Transformer+GAIL+TD3,192,6092,28,9.854053657821435,0
Transformer+GAIL+TD3,192,6092,29,4.95635854698136,0
Transformer+GAIL+TD3,192,6092,30,3.9398833911125117,0
Transformer+GAIL+TD3,192,6092,31,9.293946863872913,0
Transformer+GAIL+TD3,192,6092,32,2.9021173347711575,0
Transformer+GAIL+TD3,192,6092,33,4.066304250958026,0
Transformer+GAIL+TD3,192,6092,34,4.187487280867518,0
Transformer+GAIL+TD3,192,6092,35,5.848913503598138,0
Transformer+GAIL+TD3,192,6092,36,3.0684208200777654,0
Transformer+GAIL+TD3,192,6092,37,114.65198237885461,0
Transformer+GAIL+TD3,192,6092,38,5.3962765957446805,0
Transformer+GAIL+TD3,192,6092,39,4.023855529131986,0
Transformer+GAIL+TD3,192,6092,40,4.216012005054759,0
Transformer+GAIL+TD3,192,6092,41,2.5800437158469944,0
Transformer+GAIL+TD3,192,6092,42,8.08214089157953,0
Transformer+GAIL+TD3,192,6092,43,5.668193509742434,0
Transformer+GAIL+TD3,192,6092,44,11.400188028831089,0
Transformer+GAIL+TD3,192,6092,45,3.7660583701166086,0
Transformer+GAIL+TD3,192,6092,46,2.1456127420137703,0
Transformer+GAIL+TD3,192,6092,47,2.698349671175084,0
Transformer+GAIL+TD3,192,6092,48,4.28391285136467,0
Transformer+GAIL+TD3,192,6092,49,11.392818195980684,0
Transformer+GAIL+TD3,192,6092,50,203.92039800995028,0
Transformer+GAIL+TD3,192,6092,51,4.098637830087227,0
Transformer+GAIL+TD3,192,6092,52,5.16016228748068,0
Transformer+GAIL+TD3,192,6092,53,6.4580426471167875,0
Transformer+GAIL+TD3,192,6092,54,4.616753150481839,0
Transformer+GAIL+TD3,192,6092,55,86.1542730299667,0
Transformer+GAIL+TD3,192,6092,56,5.716038105180739,0
Transformer+GAIL+TD3,192,6092,57,3.5574810785739883,0
Transformer+GAIL+TD3,192,6092,58,3.814704052345302,0
Transformer+GAIL+TD3,192,6092,59,4.613002146580803,0
Transformer+GAIL+TD3,192,6092,60,7.904949705321931,0
Transformer+GAIL+TD3,192,6092,61,70.35903614457831,0
Transformer+GAIL+TD3,192,6092,62,2.6926400056425446,0
Transformer+GAIL+TD3,192,6092,63,3.9133985809778022,0
Transformer+GAIL+TD3,192,6092,64,5.512399569810843,0
Transformer+GAIL+TD3,192,6092,65,3.199705933229545,0
Transformer+GAIL+TD3,192,6092,66,61.77503852080124,0
Transformer+GAIL+TD3,192,6092,67,7.060854571452603,0
Transformer+GAIL+TD3,192,6092,68,3.35094905269029,0
Transformer+GAIL+TD3,192,6092,69,4.299160686664807,0
Transformer+GAIL+TD3,192,6092,70,3.609684797001015,0
Transformer+GAIL+TD3,192,6092,71,4.426557493770025,0
Transformer+GAIL+TD3,192,6092,72,4.686181719848566,0
Transformer+GAIL+TD3,192,6092,73,141.11012311901507,0
Transformer+GAIL+TD3,192,6092,74,5.709510673058896,0
Transformer+GAIL+TD3,192,6092,75,2.9232921064559996,0
Transformer+GAIL+TD3,192,6092,76,8.29413431567016,0
Transformer+GAIL+TD3,192,6092,77,2.6159809815114854,0
Transformer+GAIL+TD3,192,6092,78,2.793775628863456,0
Transformer+GAIL+TD3,192,6092,79,145.49860205032618,0
Transformer+GAIL+TD3,192,6092,80,3.3331462925851705,0
Transformer+GAIL+TD3,192,6092,81,115.72982456140353,0
Transformer+GAIL+TD3,192,6092,82,2.9631427571409006,0
Transformer+GAIL+TD3,192,6092,83,3.553824696143605,0
Transformer+GAIL+TD3,192,6092,84,5.488579171506002,0
Transformer+GAIL+TD3,192,6092,85,3.1934090661633934,0
Transformer+GAIL+TD3,192,6092,86,51.46726572528883,0
Transformer+GAIL+TD3,192,6092,87,3.025095970101297,0
Transformer+GAIL+TD3,192,6092,88,5.831562597079839,0
Transformer+GAIL+TD3,192,6092,89,5.122437434336358,0
Transformer+GAIL+TD3,192,6092,90,4.494092916821883,0
Transformer+GAIL+TD3,192,6092,91,5.936063518595905,0
Transformer+GAIL+TD3,192,6092,92,2.339443438984021,0
Transformer+GAIL+TD3,192,6092,93,6.908565687013312,0
Transformer+GAIL+TD3,192,6092,94,2.4436340844990174,0
Transformer+GAIL+TD3,192,6092,95,36.39887352790579,0
Transformer+GAIL+TD3,192,6092,96,3.2625510828578768,0
Transformer+GAIL+TD3,192,6092,97,4.723173156184842,0
Transformer+GAIL+TD3,192,6092,98,6.945610260989569,0
Transformer+GAIL+TD3,192,6093,5,3.9099694310225814,0
Transformer+GAIL+TD3,192,6093,6,17.682605421686745,0
Transformer+GAIL+TD3,192,6093,7,236.92883895131084,0
Transformer+GAIL+TD3,192,6093,8,17.339390497823207,0
Transformer+GAIL+TD3,192,6093,9,8.559700828065177,0
Transformer+GAIL+TD3,192,6093,10,7.425418110592133,0
Transformer+GAIL+TD3,192,6093,11,4.601737577135434,0
Transformer+GAIL+TD3,192,6093,12,3.61032347301248,0
Transformer+GAIL+TD3,192,6093,13,10.026283430679372,0
Transformer+GAIL+TD3,192,6093,14,447.65732087227417,0
Transformer+GAIL+TD3,192,6093,15,480.9401197604791,0
Transformer+GAIL+TD3,192,6093,16,17.286248131539608,0
Transformer+GAIL+TD3,192,6093,17,11.518983408935561,0
Transformer+GAIL+TD3,192,6093,18,5.133918478622249,0
Transformer+GAIL+TD3,192,6093,19,20.60868403473614,0
Transformer+GAIL+TD3,192,6093,20,28.244117647058825,0
Transformer+GAIL+TD3,192,6093,21,15.88990483299123,0
Transformer+GAIL+TD3,192,6093,22,7.638256865999249,0
Transformer+GAIL+TD3,192,6093,23,13.249143621020972,0
Transformer+GAIL+TD3,192,6093,24,9.944491984711052,0
Transformer+GAIL+TD3,192,6093,25,11.59005260003995,0
Transformer+GAIL+TD3,192,6093,26,5.124241757550994,0
Transformer+GAIL+TD3,192,6093,27,6.268730598204548,0
Transformer+GAIL+TD3,192,6093,28,4.184648786041462,0
Transformer+GAIL+TD3,192,6093,29,5.547453925437756,0
Transformer+GAIL+TD3,192,6093,30,10.41787161957771,0
Transformer+GAIL+TD3,192,6093,31,9.38987584882365,0
Transformer+GAIL+TD3,192,6093,32,4.7995405634143395,0
Transformer+GAIL+TD3,192,6093,33,6.090102843818961,0
Transformer+GAIL+TD3,192,6093,34,8.046305877483444,0
Transformer+GAIL+TD3,192,6093,35,2.8103910119288513,0
Transformer+GAIL+TD3,192,6093,36,57.64221748400853,0
Transformer+GAIL+TD3,192,6093,37,3.3163626645286293,0
Transformer+GAIL+TD3,192,6093,38,6.157605375687233,0
Transformer+GAIL+TD3,192,6093,39,3.683989029695479,0
Transformer+GAIL+TD3,192,6093,40,6.874309016764839,0
Transformer+GAIL+TD3,192,6093,41,4.895800402913373,0
Transformer+GAIL+TD3,192,6093,42,3.1494345718901453,0
Transformer+GAIL+TD3,192,6093,43,3.8466744156011874,0
Transformer+GAIL+TD3,192,6093,44,6.558543649151841,0
Transformer+GAIL+TD3,192,6093,45,5.667999279668647,0
Transformer+GAIL+TD3,192,6093,46,7.818753933291378,0
Transformer+GAIL+TD3,192,6093,47,4.300531623369507,0
Transformer+GAIL+TD3,192,6093,48,2.995947832601219,0
Transformer+GAIL+TD3,192,6093,49,12.711615395226927,0
Transformer+GAIL+TD3,192,6093,50,4.425975226474394,0
Transformer+GAIL+TD3,192,6093,51,7.621188403982217,0
Transformer+GAIL+TD3,192,6093,52,4.371771399600034,0
Transformer+GAIL+TD3,192,6093,53,2.111717748273152,0
Transformer+GAIL+TD3,192,6093,54,7.651350967680877,0
Transformer+GAIL+TD3,192,6093,55,6.124268530559168,0
Transformer+GAIL+TD3,192,6093,56,161.03611971104232,0
Transformer+GAIL+TD3,192,6093,57,2.8599120600865713,0
Transformer+GAIL+TD3,192,6093,58,6.2561768530559165,0
Transformer+GAIL+TD3,192,6093,59,2.9387151127624644,0
Transformer+GAIL+TD3,192,6093,60,4.548693350975852,0
Transformer+GAIL+TD3,192,6093,61,3.388249724027965,0
Transformer+GAIL+TD3,192,6093,62,5.2777264799425465,0
Transformer+GAIL+TD3,192,6093,63,2.954638957750936,0
Transformer+GAIL+TD3,192,6093,64,9.081326695994445,0
Transformer+GAIL+TD3,192,6093,65,4.8906436507207784,0
Transformer+GAIL+TD3,192,6093,66,3.073465501620111,0
Transformer+GAIL+TD3,192,6093,67,4.631153634031125,0
Transformer+GAIL+TD3,192,6093,68,3.2252681278873347,0
Transformer+GAIL+TD3,192,6093,69,3.196294580824456,0
Transformer+GAIL+TD3,192,6093,70,17.14485890993429,0
Transformer+GAIL+TD3,192,6093,71,3.3503890591841547,0
Transformer+GAIL+TD3,192,6093,72,5.153809367999798,0
Transformer+GAIL+TD3,192,6093,73,4.064124783362217,0
Transformer+GAIL+TD3,192,6093,74,3.6057517996374324,0
Transformer+GAIL+TD3,192,6093,75,4.837545223824181,0
Transformer+GAIL+TD3,192,6093,76,8.295353666978864,0
Transformer+GAIL+TD3,192,6093,77,3.034067994481198,0
Transformer+GAIL+TD3,192,6093,78,33.86395233366435,0
Transformer+GAIL+TD3,192,6093,79,2.4254365361643875,0
Transformer+GAIL+TD3,192,6093,80,10.007136191469508,0
Transformer+GAIL+TD3,192,6093,81,3.3705944832469665,0
Transformer+GAIL+TD3,192,6093,82,59.343672014260264,0
Transformer+GAIL+TD3,192,6093,83,5.172433617189465,0
Transformer+GAIL+TD3,192,6093,84,3.679414598891834,0
Transformer+GAIL+TD3,192,6093,85,2.1607794045610405,0
Transformer+GAIL+TD3,192,6093,86,2.3454007630380342,0
Transformer+GAIL+TD3,192,6093,87,25.98262739907346,0
Transformer+GAIL+TD3,192,6093,88,14.845305741667373,0
Transformer+GAIL+TD3,192,6093,89,4.388526360264776,0
Transformer+GAIL+TD3,192,6093,90,6.374961360123648,0
Transformer+GAIL+TD3,192,6093,91,3.7369267530557853,0
Transformer+GAIL+TD3,192,6093,92,2.6615795284614205,0
Transformer+GAIL+TD3,192,6093,93,8.685835746986827,0
Transformer+GAIL+TD3,192,6093,94,7.111558771758264,0
Transformer+GAIL+TD3,192,6093,95,4.614077741000028,0
Transformer+GAIL+TD3,192,6093,96,7.589414081733135,0
Transformer+GAIL+TD3,192,6093,97,2.378525747190868,0
Transformer+GAIL+TD3,192,6093,98,2.2444300024017747,0
Transformer+GAIL+TD3,192,6095,5,3.949580661075482,0
Transformer+GAIL+TD3,192,6095,6,8.482502443792768,0
Transformer+GAIL+TD3,192,6095,7,169.74084507042255,0
Transformer+GAIL+TD3,192,6095,8,19.537399009642954,0
Transformer+GAIL+TD3,192,6095,9,8.667392550143267,0
Transformer+GAIL+TD3,192,6095,10,10.209501652993755,0
Transformer+GAIL+TD3,192,6095,11,5.2502930007969635,0
Transformer+GAIL+TD3,192,6095,12,4.592862690946751,0
Transformer+GAIL+TD3,192,6095,13,5.911706872572058,0
Transformer+GAIL+TD3,192,6095,14,467.62318840579707,0
Transformer+GAIL+TD3,192,6095,15,43.04289544235925,0
Transformer+GAIL+TD3,192,6095,16,453.090625,0
Transformer+GAIL+TD3,192,6095,17,7.908832477183183,0
Transformer+GAIL+TD3,192,6095,18,9.106291152548,0
Transformer+GAIL+TD3,192,6095,19,18.493019403691438,0
Transformer+GAIL+TD3,192,6095,20,18.896940240804152,0
Transformer+GAIL+TD3,192,6095,21,18.182453499623698,0
Transformer+GAIL+TD3,192,6095,22,13.771584531406166,0
Transformer+GAIL+TD3,192,6095,23,9.750193164933135,0
Transformer+GAIL+TD3,192,6095,24,4.778886346300534,0
Transformer+GAIL+TD3,192,6095,25,5.955536146730717,0
Transformer+GAIL+TD3,192,6095,26,7.18475567972168,0
Transformer+GAIL+TD3,192,6095,27,7.25060791751775,0
Transformer+GAIL+TD3,192,6095,28,11.575646386210428,0
Transformer+GAIL+TD3,192,6095,29,8.582116026711185,0
Transformer+GAIL+TD3,192,6095,30,5.581911328531258,0
Transformer+GAIL+TD3,192,6095,31,7.36098211412019,0
Transformer+GAIL+TD3,192,6095,32,5.526446213844653,0
Transformer+GAIL+TD3,192,6095,33,5.764274903687396,0
Transformer+GAIL+TD3,192,6095,34,8.012007389162562,0
Transformer+GAIL+TD3,192,6095,35,6.99017780883609,0
Transformer+GAIL+TD3,192,6095,36,8.442387357438758,0
Transformer+GAIL+TD3,192,6095,37,5.695032281205165,0
Transformer+GAIL+TD3,192,6095,38,2.5493888464476697,0
Transformer+GAIL+TD3,192,6095,39,49.18027433050293,0
Transformer+GAIL+TD3,192,6095,40,6.209864513734224,0
Transformer+GAIL+TD3,192,6095,41,5.276341948310138,0
Transformer+GAIL+TD3,192,6095,42,2.853283138701086,0
Transformer+GAIL+TD3,192,6095,43,2.3801831340717334,0
Transformer+GAIL+TD3,192,6095,44,4.845775544862723,0
Transformer+GAIL+TD3,192,6095,45,181.24330900243308,0
Transformer+GAIL+TD3,192,6095,46,4.309923113887554,0
Transformer+GAIL+TD3,192,6095,47,5.961348684210526,0
Transformer+GAIL+TD3,192,6095,48,2.747300215982721,0
Transformer+GAIL+TD3,192,6095,49,6.585523930384337,0
Transformer+GAIL+TD3,192,6095,50,12.90325670498084,0
Transformer+GAIL+TD3,192,6095,51,14.477333549590464,0
Transformer+GAIL+TD3,192,6095,52,7.392710892710894,0
Transformer+GAIL+TD3,192,6095,54,4.224700745537173,0
Transformer+GAIL+TD3,192,6095,55,4.065421083545437,0
Transformer+GAIL+TD3,192,6095,56,199.98873591989985,0
Transformer+GAIL+TD3,192,6095,57,4.479688605803255,0
Transformer+GAIL+TD3,192,6095,58,5.12622552786059,0
Transformer+GAIL+TD3,192,6095,59,3.9179422199695892,0
Transformer+GAIL+TD3,192,6095,60,3.1019199260597405,0
Transformer+GAIL+TD3,192,6095,61,3.419454541497072,0
Transformer+GAIL+TD3,192,6095,62,13.487688564476887,0
Transformer+GAIL+TD3,192,6095,63,3.1320495960924286,0
Transformer+GAIL+TD3,192,6095,64,9.754627524842503,0
Transformer+GAIL+TD3,192,6095,65,5.495996011591313,0
Transformer+GAIL+TD3,192,6095,66,2.7511481615498092,0
Transformer+GAIL+TD3,192,6095,67,3.2855468907834653,0
Transformer+GAIL+TD3,192,6095,68,4.005577689243027,0
Transformer+GAIL+TD3,192,6095,69,8.155281357281458,0
Transformer+GAIL+TD3,192,6095,70,5.1911566156615665,0
Transformer+GAIL+TD3,192,6095,71,4.568750696534047,0
Transformer+GAIL+TD3,192,6095,72,3.563311443236715,0
Transformer+GAIL+TD3,192,6095,73,4.069737584375669,0
Transformer+GAIL+TD3,192,6095,74,4.155301054541331,0
Transformer+GAIL+TD3,192,6095,75,5.953756874183453,0
Transformer+GAIL+TD3,192,6095,76,4.649890702048701,0
Transformer+GAIL+TD3,192,6095,77,5.51254431040642,0
Transformer+GAIL+TD3,192,6095,78,3.664160892103247,0
Transformer+GAIL+TD3,192,6095,79,5.272871140442439,0
Transformer+GAIL+TD3,192,6095,80,3.335819021308657,0
Transformer+GAIL+TD3,192,6095,81,7.585136686365375,0
Transformer+GAIL+TD3,192,6095,82,4.644538960906816,0
Transformer+GAIL+TD3,192,6095,83,5.091158719716256,0
Transformer+GAIL+TD3,192,6095,84,4.314819554645508,0
Transformer+GAIL+TD3,192,6095,85,4.890003859513699,0
Transformer+GAIL+TD3,192,6095,86,4.9562975759866115,0
Transformer+GAIL+TD3,192,6095,87,2.7598785799128946,0
Transformer+GAIL+TD3,192,6095,88,128.4004576659039,0
Transformer+GAIL+TD3,192,6095,89,3.1365827623015745,0
Transformer+GAIL+TD3,192,6095,90,5.329574447979336,0
Transformer+GAIL+TD3,192,6095,91,4.319988100845336,0
Transformer+GAIL+TD3,192,6095,92,3.4162572192052405,0
Transformer+GAIL+TD3,192,6095,93,6.677999706271111,0
Transformer+GAIL+TD3,192,6095,94,11.438202247191011,0
Transformer+GAIL+TD3,192,6095,95,5.268522786638395,0
Transformer+GAIL+TD3,192,6095,96,4.780577012309959,0
Transformer+GAIL+TD3,192,6095,97,2.2014684252405177,0
Transformer+GAIL+TD3,192,6095,98,2.6099415927017344,0
Transformer+GAIL+TD3,192,6098,5,5.204842804139815,0
Transformer+GAIL+TD3,192,6098,6,28.73117117117117,0
Transformer+GAIL+TD3,192,6098,7,13.492911066102005,0
Transformer+GAIL+TD3,192,6098,8,6.660362136966654,0
Transformer+GAIL+TD3,192,6098,9,3.646800077339521,0
Transformer+GAIL+TD3,192,6098,10,4.847820993439551,0
Transformer+GAIL+TD3,192,6098,11,2.1470798448029407,0
Transformer+GAIL+TD3,192,6098,12,55.72280270436386,0
Transformer+GAIL+TD3,192,6098,13,70.12242562929062,0
Transformer+GAIL+TD3,192,6098,14,257.1453125,0
Transformer+GAIL+TD3,192,6098,15,673.3858267716536,0
Transformer+GAIL+TD3,192,6098,16,149.0231335436383,0
Transformer+GAIL+TD3,192,6098,17,8.465337853635726,0
Transformer+GAIL+TD3,192,6098,18,7.718755611420364,0
Transformer+GAIL+TD3,192,6098,19,17.542981501632212,0
Transformer+GAIL+TD3,192,6098,20,6.9914772727272725,0
Transformer+GAIL+TD3,192,6098,22,296.96666666666664,0
Transformer+GAIL+TD3,192,6098,23,7.140694994128647,0
Transformer+GAIL+TD3,192,6098,24,8.576760013388377,0
Transformer+GAIL+TD3,192,6098,25,5.0141267123287685,0
Transformer+GAIL+TD3,192,6098,26,9.918685587870284,0
Transformer+GAIL+TD3,192,6098,27,4.162514912908614,0
Transformer+GAIL+TD3,192,6098,28,4.448986344221862,0
Transformer+GAIL+TD3,192,6098,29,7.958795879587958,0
Transformer+GAIL+TD3,192,6098,30,4.918702126960123,0
Transformer+GAIL+TD3,192,6098,31,8.115427698574338,0
Transformer+GAIL+TD3,192,6098,32,3.959894629321004,0
Transformer+GAIL+TD3,192,6098,33,8.874016602463241,0
Transformer+GAIL+TD3,192,6098,34,2.7899265257683377,0
Transformer+GAIL+TD3,192,6098,35,6.7098133400750015,0
Transformer+GAIL+TD3,192,6098,36,3.561047315124256,0
Transformer+GAIL+TD3,192,6098,37,5.170911181373959,0
Transformer+GAIL+TD3,192,6098,38,4.591059931361148,0
Transformer+GAIL+TD3,192,6098,39,3.688145731375747,0
Transformer+GAIL+TD3,192,6098,40,2.8832102728731948,0
Transformer+GAIL+TD3,192,6098,41,20.67513797972019,0
Transformer+GAIL+TD3,192,6098,42,2.405125533231301,0
Transformer+GAIL+TD3,192,6098,43,34.952121624688,0
Transformer+GAIL+TD3,192,6098,44,3.838660423452769,0
Transformer+GAIL+TD3,192,6098,45,2.3196341726558996,0
Transformer+GAIL+TD3,192,6098,46,5.068758434547909,0
Transformer+GAIL+TD3,192,6098,47,31.934531450577666,0
Transformer+GAIL+TD3,192,6098,48,3.0467023680324514,0
Transformer+GAIL+TD3,192,6098,49,28.786285437363706,0
Transformer+GAIL+TD3,192,6098,50,2.1915206783457326,0
Transformer+GAIL+TD3,192,6098,51,6.042084511871089,0
Transformer+GAIL+TD3,192,6098,52,11.222004342040757,0
Transformer+GAIL+TD3,192,6098,53,6.0960375075620075,0
Transformer+GAIL+TD3,192,6098,54,3.0250000000000004,0
Transformer+GAIL+TD3,192,6098,55,3.523966902848447,0
Transformer+GAIL+TD3,192,6098,56,3.3336750693523096,0
Transformer+GAIL+TD3,192,6098,57,5.611906952293337,0
Transformer+GAIL+TD3,192,6098,58,6.2427109974424555,0
Transformer+GAIL+TD3,192,6098,59,2.901439915895395,0
Transformer+GAIL+TD3,192,6098,60,8.928234021968015,0
Transformer+GAIL+TD3,192,6098,61,3.9553309422888807,0
Transformer+GAIL+TD3,192,6098,62,4.909596109953359,0
Transformer+GAIL+TD3,192,6098,63,3.265606284788276,0
Transformer+GAIL+TD3,192,6098,64,7.704868856241828,0
Transformer+GAIL+TD3,192,6098,65,2.7227968833960237,0
Transformer+GAIL+TD3,192,6098,66,9.964081391919787,0
Transformer+GAIL+TD3,192,6098,67,4.348199451528314,0
Transformer+GAIL+TD3,192,6098,68,4.452798419504749,0
Transformer+GAIL+TD3,192,6098,69,3.6885685491127673,0
Transformer+GAIL+TD3,192,6098,70,11.355369741311733,0
Transformer+GAIL+TD3,192,6098,71,4.63896002169132,0
Transformer+GAIL+TD3,192,6098,72,4.743921460684466,0
Transformer+GAIL+TD3,192,6098,73,7.650567104492017,0
Transformer+GAIL+TD3,192,6098,74,3.270879043102838,0
Transformer+GAIL+TD3,192,6098,75,4.7547761846129415,0
Transformer+GAIL+TD3,192,6098,76,5.278840132941573,0
Transformer+GAIL+TD3,192,6098,77,3.948278640098824,0
Transformer+GAIL+TD3,192,6098,78,2.814278866319133,0
Transformer+GAIL+TD3,192,6098,79,132.40016501650166,0
Transformer+GAIL+TD3,192,6098,80,6.044910711115845,0
Transformer+GAIL+TD3,192,6098,81,3.2171318606681973,0
Transformer+GAIL+TD3,192,6098,82,6.1523361344537815,0
Transformer+GAIL+TD3,192,6098,83,4.453695185525912,0
Transformer+GAIL+TD3,192,6098,84,4.361659023108776,0
Transformer+GAIL+TD3,192,6098,85,12.943063714414821,0
Transformer+GAIL+TD3,192,6098,86,2.7721076219178937,0
Transformer+GAIL+TD3,192,6098,87,3.4617100710253137,0
Transformer+GAIL+TD3,192,6098,88,12.166117383072715,0
Transformer+GAIL+TD3,192,6098,89,2.8532497879117122,0
Transformer+GAIL+TD3,192,6098,90,36.3775075987842,0
Transformer+GAIL+TD3,192,6098,91,7.060491493383743,0
Transformer+GAIL+TD3,192,6098,92,4.179522288148487,0
Transformer+GAIL+TD3,192,6098,93,2.4518696521835763,0
Transformer+GAIL+TD3,192,6098,94,6.221430680643732,0
Transformer+GAIL+TD3,192,6098,95,3.8158557122937906,0
Transformer+GAIL+TD3,192,6098,96,125.65974796145294,0
Transformer+GAIL+TD3,192,6098,97,4.252796359249918,0
Transformer+GAIL+TD3,192,6098,98,2.5987895599546085,0
