algorithm,seed,episode,day,dscr,dscr_below_1,iqr_retained
GAIL+TD3,739,0,9,7.1125688443111095,0,1
GAIL+TD3,739,0,12,5.186373476685072,0,1
GAIL+TD3,739,0,16,5.8769686268214825,0,1
GAIL+TD3,739,0,18,7.13100626740947,0,1
GAIL+TD3,739,0,19,6.7871291499882265,0,1
GAIL+TD3,739,0,21,7.5073620862587775,0,1
GAIL+TD3,739,0,22,6.3273116552923865,0,1
GAIL+TD3,739,0,23,5.591213955841315,0,1
GAIL+TD3,739,0,24,6.800514800514798,0,1
GAIL+TD3,739,0,25,6.927503792683231,0,1
GAIL+TD3,739,0,26,7.92579272000695,0,1
GAIL+TD3,739,0,27,7.044731311918344,0,1
GAIL+TD3,739,0,28,6.57948131784828,0,1
GAIL+TD3,739,0,29,6.054305308104988,0,1
GAIL+TD3,739,0,30,6.573270600329152,0,1
GAIL+TD3,739,0,31,6.912689052637537,0,1
GAIL+TD3,739,0,32,7.330286698140423,0,1
GAIL+TD3,739,0,33,6.47675142708874,0,1
GAIL+TD3,739,0,34,6.710378075024263,0,1
GAIL+TD3,739,0,35,6.243236842420827,0,1
GAIL+TD3,739,0,36,6.368910739599038,0,1
GAIL+TD3,739,0,37,6.753967752828423,0,1
GAIL+TD3,739,0,38,6.706029230026612,0,1
GAIL+TD3,739,0,39,6.544564150596713,0,1
GAIL+TD3,739,0,40,6.263583442433268,0,1
GAIL+TD3,739,0,41,6.427505451381855,0,1
GAIL+TD3,739,0,42,6.36564822688674,0,1
GAIL+TD3,739,0,43,6.5330441096209215,0,1
GAIL+TD3,739,0,44,6.466531852469626,0,1
GAIL+TD3,739,0,45,6.438467763174953,0,1
GAIL+TD3,739,0,46,6.178361929811118,0,1
GAIL+TD3,739,0,47,5.5270144839437485,0,1
GAIL+TD3,739,0,48,5.228443487920023,0,1
GAIL+TD3,739,0,49,6.411313226691341,0,1
GAIL+TD3,739,1,9,7.1125688443111095,0,1
GAIL+TD3,739,1,12,5.186373476685072,0,1
GAIL+TD3,739,1,16,5.8769686268214825,0,1
GAIL+TD3,739,1,18,7.13100626740947,0,1
GAIL+TD3,739,1,19,6.7871291499882265,0,1
GAIL+TD3,739,1,21,7.5073620862587775,0,1
GAIL+TD3,739,1,22,6.3273116552923865,0,1
GAIL+TD3,739,1,23,5.591213955841315,0,1
GAIL+TD3,739,1,24,6.800514800514798,0,1
GAIL+TD3,739,1,25,6.927503792683231,0,1
GAIL+TD3,739,1,26,7.92579272000695,0,1
GAIL+TD3,739,1,27,7.044731311918344,0,1
GAIL+TD3,739,1,28,6.57948131784828,0,1
GAIL+TD3,739,1,29,6.054305308104988,0,1
GAIL+TD3,739,1,30,6.573270600329152,0,1
GAIL+TD3,739,1,31,6.912689052637537,0,1
GAIL+TD3,739,1,32,7.330286698140423,0,1
GAIL+TD3,739,1,33,6.47675142708874,0,1
GAIL+TD3,739,1,34,6.710378075024263,0,1
GAIL+TD3,739,1,35,6.243236842420827,0,1
GAIL+TD3,739,1,36,6.368910739599038,0,1
GAIL+TD3,739,1,37,6.753967752828423,0,1
GAIL+TD3,739,1,38,6.706029230026612,0,1
GAIL+TD3,739,1,39,6.544564150596713,0,1
GAIL+TD3,739,1,40,6.263583442433268,0,1
GAIL+TD3,739,1,41,6.427505451381855,0,1
GAIL+TD3,739,1,42,6.36564822688674,0,1
GAIL+TD3,739,1,43,6.5330441096209215,0,1
GAIL+TD3,739,1,44,6.466531852469626,0,1
GAIL+TD3,739,1,45,6.438467763174953,0,1
GAIL+TD3,739,1,46,6.178361929811118,0,1
GAIL+TD3,739,1,47,5.5270144839437485,0,1
GAIL+TD3,739,1,48,5.228443487920023,0,1
GAIL+TD3,739,1,49,6.411313226691341,0,1
GAIL+TD3,739,2,9,7.1125688443111095,0,1
GAIL+TD3,739,2,12,5.186373476685072,0,1
GAIL+TD3,739,2,16,5.8769686268214825,0,1
GAIL+TD3,739,2,18,7.13100626740947,0,1
GAIL+TD3,739,2,19,6.7871291499882265,0,1
GAIL+TD3,739,2,21,7.5073620862587775,0,1
GAIL+TD3,739,2,22,6.3273116552923865,0,1
GAIL+TD3,739,2,23,5.591213955841315,0,1
GAIL+TD3,739,2,24,6.800514800514798,0,1
GAIL+TD3,739,2,25,6.927503792683231,0,1
GAIL+TD3,739,2,26,7.92579272000695,0,1
GAIL+TD3,739,2,27,7.044731311918344,0,1
GAIL+TD3,739,2,28,6.57948131784828,0,1
GAIL+TD3,739,2,29,6.054305308104988,0,1
GAIL+TD3,739,2,30,6.573270600329152,0,1
GAIL+TD3,739,2,31,6.912689052637537,0,1
GAIL+TD3,739,2,32,7.330286698140423,0,1
GAIL+TD3,739,2,33,6.47675142708874,0,1
GAIL+TD3,739,2,34,6.710378075024263,0,1
GAIL+TD3,739,2,35,6.243236842420827,0,1
GAIL+TD3,739,2,36,6.368910739599038,0,1
GAIL+TD3,739,2,37,6.753967752828423,0,1
GAIL+TD3,739,2,38,6.706029230026612,0,1
GAIL+TD3,739,2,39,6.544564150596713,0,1
GAIL+TD3,739,2,40,6.263583442433268,0,1
GAIL+TD3,739,2,41,6.427505451381855,0,1
GAIL+TD3,739,2,42,6.36564822688674,0,1
GAIL+TD3,739,2,43,6.5330441096209215,0,1
GAIL+TD3,739,2,44,6.466531852469626,0,1
GAIL+TD3,739,2,45,6.438467763174953,0,1
GAIL+TD3,739,2,46,6.178361929811118,0,1
GAIL+TD3,739,2,47,5.5270144839437485,0,1
GAIL+TD3,739,2,48,5.228443487920023,0,1
GAIL+TD3,739,2,49,6.411313226691341,0,1
GAIL+TD3,739,3,9,7.1125688443111095,0,1
GAIL+TD3,739,3,12,5.186373476685072,0,1
GAIL+TD3,739,3,16,5.8769686268214825,0,1
GAIL+TD3,739,3,18,7.13100626740947,0,1
GAIL+TD3,739,3,19,6.7871291499882265,0,1
GAIL+TD3,739,3,21,7.5073620862587775,0,1
GAIL+TD3,739,3,22,6.3273116552923865,0,1
GAIL+TD3,739,3,23,5.591213955841315,0,1
GAIL+TD3,739,3,24,6.800514800514798,0,1
GAIL+TD3,739,3,25,6.927503792683231,0,1
GAIL+TD3,739,3,26,7.92579272000695,0,1
GAIL+TD3,739,3,27,7.044731311918344,0,1
GAIL+TD3,739,3,28,6.57948131784828,0,1
GAIL+TD3,739,3,29,6.054305308104988,0,1
GAIL+TD3,739,3,30,6.573270600329152,0,1
GAIL+TD3,739,3,31,6.912689052637537,0,1
GAIL+TD3,739,3,32,7.330286698140423,0,1
GAIL+TD3,739,3,33,6.47675142708874,0,1
GAIL+TD3,739,3,34,6.710378075024263,0,1
GAIL+TD3,739,3,35,6.243236842420827,0,1
GAIL+TD3,739,3,36,6.368910739599038,0,1
GAIL+TD3,739,3,37,6.753967752828423,0,1
GAIL+TD3,739,3,38,6.706029230026612,0,1
GAIL+TD3,739,3,39,6.544564150596713,0,1
GAIL+TD3,739,3,40,6.263583442433268,0,1
GAIL+TD3,739,3,41,6.427505451381855,0,1
GAIL+TD3,739,3,42,6.36564822688674,0,1
GAIL+TD3,739,3,43,6.5330441096209215,0,1
GAIL+TD3,739,3,44,6.466531852469626,0,1
GAIL+TD3,739,3,45,6.438467763174953,0,1
GAIL+TD3,739,3,46,6.178361929811118,0,1
GAIL+TD3,739,3,47,5.5270144839437485,0,1
GAIL+TD3,739,3,48,5.228443487920023,0,1
GAIL+TD3,739,3,49,6.411313226691341,0,1
GAIL+TD3,739,4,9,7.1125688443111095,0,1
GAIL+TD3,739,4,12,5.186373476685072,0,1
GAIL+TD3,739,4,16,5.8769686268214825,0,1
GAIL+TD3,739,4,18,7.13100626740947,0,1
GAIL+TD3,739,4,19,6.7871291499882265,0,1
GAIL+TD3,739,4,21,7.5073620862587775,0,1
GAIL+TD3,739,4,22,6.3273116552923865,0,1
GAIL+TD3,739,4,23,5.591213955841315,0,1
GAIL+TD3,739,4,24,6.800514800514798,0,1
GAIL+TD3,739,4,25,6.927503792683231,0,1
GAIL+TD3,739,4,26,7.92579272000695,0,1
GAIL+TD3,739,4,27,7.044731311918344,0,1
GAIL+TD3,739,4,28,6.57948131784828,0,1
GAIL+TD3,739,4,29,6.054305308104988,0,1
GAIL+TD3,739,4,30,6.573270600329152,0,1
GAIL+TD3,739,4,31,6.912689052637537,0,1
GAIL+TD3,739,4,32,7.330286698140423,0,1
GAIL+TD3,739,4,33,6.47675142708874,0,1
GAIL+TD3,739,4,34,6.710378075024263,0,1
GAIL+TD3,739,4,35,6.243236842420827,0,1
GAIL+TD3,739,4,36,6.368910739599038,0,1
GAIL+TD3,739,4,37,6.753967752828423,0,1
GAIL+TD3,739,4,38,6.706029230026612,0,1
GAIL+TD3,739,4,39,6.544564150596713,0,1
GAIL+TD3,739,4,40,6.263583442433268,0,1
GAIL+TD3,739,4,41,6.427505451381855,0,1
GAIL+TD3,739,4,42,6.36564822688674,0,1
GAIL+TD3,739,4,43,6.5330441096209215,0,1
GAIL+TD3,739,4,44,6.466531852469626,0,1
GAIL+TD3,739,4,45,6.438467763174953,0,1
GAIL+TD3,739,4,46,6.178361929811118,0,1
GAIL+TD3,739,4,47,5.5270144839437485,0,1
GAIL+TD3,739,4,48,5.228443487920023,0,1
GAIL+TD3,739,4,49,6.411313226691341,0,1
GAIL+TD3,739,5,9,7.1125688443111095,0,1
GAIL+TD3,739,5,12,5.186373476685072,0,1
GAIL+TD3,739,5,16,5.8769686268214825,0,1
GAIL+TD3,739,5,18,7.13100626740947,0,1
GAIL+TD3,739,5,19,6.7871291499882265,0,1
GAIL+TD3,739,5,21,7.5073620862587775,0,1
GAIL+TD3,739,5,22,6.3273116552923865,0,1
GAIL+TD3,739,5,23,5.591213955841315,0,1
GAIL+TD3,739,5,24,6.800514800514798,0,1
GAIL+TD3,739,5,25,6.927503792683231,0,1
GAIL+TD3,739,5,26,7.92579272000695,0,1
GAIL+TD3,739,5,27,7.044731311918344,0,1
GAIL+TD3,739,5,28,6.57948131784828,0,1
GAIL+TD3,739,5,29,6.054305308104988,0,1
GAIL+TD3,739,5,30,6.573270600329152,0,1
GAIL+TD3,739,5,31,6.912689052637537,0,1
GAIL+TD3,739,5,32,7.330286698140423,0,1
GAIL+TD3,739,5,33,6.47675142708874,0,1
GAIL+TD3,739,5,34,6.710378075024263,0,1
GAIL+TD3,739,5,35,6.243236842420827,0,1
GAIL+TD3,739,5,36,6.368910739599038,0,1
GAIL+TD3,739,5,37,6.753967752828423,0,1
GAIL+TD3,739,5,38,6.706029230026612,0,1
GAIL+TD3,739,5,39,6.544564150596713,0,1
GAIL+TD3,739,5,40,6.263583442433268,0,1
GAIL+TD3,739,5,41,6.427505451381855,0,1
GAIL+TD3,739,5,42,6.36564822688674,0,1
GAIL+TD3,739,5,43,6.5330441096209215,0,1
GAIL+TD3,739,5,44,6.466531852469626,0,1
GAIL+TD3,739,5,45,6.438467763174953,0,1
GAIL+TD3,739,5,46,6.178361929811118,0,1
GAIL+TD3,739,5,47,5.5270144839437485,0,1
GAIL+TD3,739,5,48,5.228443487920023,0,1
GAIL+TD3,739,5,49,6.411313226691341,0,1
GAIL+TD3,739,6,9,7.1125688443111095,0,1
GAIL+TD3,739,6,12,5.186373476685072,0,1
GAIL+TD3,739,6,16,5.8769686268214825,0,1
GAIL+TD3,739,6,18,7.13100626740947,0,1
GAIL+TD3,739,6,19,6.7871291499882265,0,1
GAIL+TD3,739,6,21,7.5073620862587775,0,1
GAIL+TD3,739,6,22,6.3273116552923865,0,1
GAIL+TD3,739,6,23,5.591213955841315,0,1
GAIL+TD3,739,6,24,6.800514800514798,0,1
GAIL+TD3,739,6,25,6.927503792683231,0,1
GAIL+TD3,739,6,26,7.92579272000695,0,1
GAIL+TD3,739,6,27,7.044731311918344,0,1
GAIL+TD3,739,6,28,6.57948131784828,0,1
GAIL+TD3,739,6,29,6.054305308104988,0,1
GAIL+TD3,739,6,30,6.573270600329152,0,1
GAIL+TD3,739,6,31,6.912689052637537,0,1
GAIL+TD3,739,6,32,7.330286698140423,0,1
GAIL+TD3,739,6,33,6.47675142708874,0,1
GAIL+TD3,739,6,34,6.710378075024263,0,1
GAIL+TD3,739,6,35,6.243236842420827,0,1
GAIL+TD3,739,6,36,6.368910739599038,0,1
GAIL+TD3,739,6,37,6.753967752828423,0,1
GAIL+TD3,739,6,38,6.706029230026612,0,1
GAIL+TD3,739,6,39,6.544564150596713,0,1
GAIL+TD3,739,6,40,6.263583442433268,0,1
GAIL+TD3,739,6,41,6.427505451381855,0,1
GAIL+TD3,739,6,42,6.36564822688674,0,1
GAIL+TD3,739,6,43,6.5330441096209215,0,1
GAIL+TD3,739,6,44,6.466531852469626,0,1
GAIL+TD3,739,6,45,6.438467763174953,0,1
GAIL+TD3,739,6,46,6.178361929811118,0,1
GAIL+TD3,739,6,47,5.5270144839437485,0,1
GAIL+TD3,739,6,48,5.228443487920023,0,1
GAIL+TD3,739,6,49,6.411313226691341,0,1
GAIL+TD3,739,7,9,7.1125688443111095,0,1
GAIL+TD3,739,7,12,5.186373476685072,0,1
GAIL+TD3,739,7,16,5.8769686268214825,0,1
GAIL+TD3,739,7,18,7.13100626740947,0,1
GAIL+TD3,739,7,19,6.7871291499882265,0,1
GAIL+TD3,739,7,21,7.5073620862587775,0,1
GAIL+TD3,739,7,22,6.3273116552923865,0,1
GAIL+TD3,739,7,23,5.591213955841315,0,1
GAIL+TD3,739,7,24,6.800514800514798,0,1
GAIL+TD3,739,7,25,6.927503792683231,0,1
GAIL+TD3,739,7,26,7.92579272000695,0,1
GAIL+TD3,739,7,27,7.044731311918344,0,1
GAIL+TD3,739,7,28,6.57948131784828,0,1
GAIL+TD3,739,7,29,6.054305308104988,0,1
GAIL+TD3,739,7,30,6.573270600329152,0,1
GAIL+TD3,739,7,31,6.912689052637537,0,1
GAIL+TD3,739,7,32,7.330286698140423,0,1
GAIL+TD3,739,7,33,6.47675142708874,0,1
GAIL+TD3,739,7,34,6.710378075024263,0,1
GAIL+TD3,739,7,35,6.243236842420827,0,1
GAIL+TD3,739,7,36,6.368910739599038,0,1
GAIL+TD3,739,7,37,6.753967752828423,0,1
GAIL+TD3,739,7,38,6.706029230026612,0,1
GAIL+TD3,739,7,39,6.544564150596713,0,1
GAIL+TD3,739,7,40,6.263583442433268,0,1
GAIL+TD3,739,7,41,6.427505451381855,0,1
GAIL+TD3,739,7,42,6.36564822688674,0,1
GAIL+TD3,739,7,43,6.5330441096209215,0,1
GAIL+TD3,739,7,44,6.466531852469626,0,1
GAIL+TD3,739,7,45,6.438467763174953,0,1
GAIL+TD3,739,7,46,6.178361929811118,0,1
GAIL+TD3,739,7,47,5.5270144839437485,0,1
GAIL+TD3,739,7,48,5.228443487920023,0,1
GAIL+TD3,739,7,49,6.411313226691341,0,1
GAIL+TD3,739,8,9,7.1125688443111095,0,1
GAIL+TD3,739,8,12,5.186373476685072,0,1
GAIL+TD3,739,8,16,5.8769686268214825,0,1
GAIL+TD3,739,8,18,7.13100626740947,0,1
GAIL+TD3,739,8,19,6.7871291499882265,0,1
GAIL+TD3,739,8,21,7.5073620862587775,0,1
GAIL+TD3,739,8,22,6.3273116552923865,0,1
GAIL+TD3,739,8,23,5.591213955841315,0,1
GAIL+TD3,739,8,24,6.800514800514798,0,1
GAIL+TD3,739,8,25,6.927503792683231,0,1
GAIL+TD3,739,8,26,7.92579272000695,0,1
GAIL+TD3,739,8,27,7.044731311918344,0,1
GAIL+TD3,739,8,28,6.57948131784828,0,1
GAIL+TD3,739,8,29,6.054305308104988,0,1
GAIL+TD3,739,8,30,6.573270600329152,0,1
GAIL+TD3,739,8,31,6.912689052637537,0,1
GAIL+TD3,739,8,32,7.330286698140423,0,1
GAIL+TD3,739,8,33,6.47675142708874,0,1
GAIL+TD3,739,8,34,6.710378075024263,0,1
GAIL+TD3,739,8,35,6.243236842420827,0,1
GAIL+TD3,739,8,36,6.368910739599038,0,1
GAIL+TD3,739,8,37,6.753967752828423,0,1
GAIL+TD3,739,8,38,6.706029230026612,0,1
GAIL+TD3,739,8,39,6.544564150596713,0,1
GAIL+TD3,739,8,40,6.263583442433268,0,1
GAIL+TD3,739,8,41,6.427505451381855,0,1
GAIL+TD3,739,8,42,6.36564822688674,0,1
GAIL+TD3,739,8,43,6.5330441096209215,0,1
GAIL+TD3,739,8,44,6.466531852469626,0,1
GAIL+TD3,739,8,45,6.438467763174953,0,1
GAIL+TD3,739,8,46,6.178361929811118,0,1
GAIL+TD3,739,8,47,5.5270144839437485,0,1
GAIL+TD3,739,8,48,5.228443487920023,0,1
GAIL+TD3,739,8,49,6.411313226691341,0,1
GAIL+TD3,739,9,9,7.1125688443111095,0,1
GAIL+TD3,739,9,12,5.186373476685072,0,1
GAIL+TD3,739,9,16,5.8769686268214825,0,1
GAIL+TD3,739,9,18,7.13100626740947,0,1
GAIL+TD3,739,9,19,6.7871291499882265,0,1
GAIL+TD3,739,9,21,7.5073620862587775,0,1
GAIL+TD3,739,9,22,6.3273116552923865,0,1
GAIL+TD3,739,9,23,5.591213955841315,0,1
GAIL+TD3,739,9,24,6.800514800514798,0,1
GAIL+TD3,739,9,25,6.927503792683231,0,1
GAIL+TD3,739,9,26,7.92579272000695,0,1
GAIL+TD3,739,9,27,7.044731311918344,0,1
GAIL+TD3,739,9,28,6.57948131784828,0,1
GAIL+TD3,739,9,29,6.054305308104988,0,1
GAIL+TD3,739,9,30,6.573270600329152,0,1
GAIL+TD3,739,9,31,6.912689052637537,0,1
GAIL+TD3,739,9,32,7.330286698140423,0,1
GAIL+TD3,739,9,33,6.47675142708874,0,1
GAIL+TD3,739,9,34,6.710378075024263,0,1
GAIL+TD3,739,9,35,6.243236842420827,0,1
GAIL+TD3,739,9,36,6.368910739599038,0,1
GAIL+TD3,739,9,37,6.753967752828423,0,1
GAIL+TD3,739,9,38,6.706029230026612,0,1
GAIL+TD3,739,9,39,6.544564150596713,0,1
GAIL+TD3,739,9,40,6.263583442433268,0,1
GAIL+TD3,739,9,41,6.427505451381855,0,1
GAIL+TD3,739,9,42,6.36564822688674,0,1
GAIL+TD3,739,9,43,6.5330441096209215,0,1
GAIL+TD3,739,9,44,6.466531852469626,0,1
GAIL+TD3,739,9,45,6.438467763174953,0,1
GAIL+TD3,739,9,46,6.178361929811118,0,1
GAIL+TD3,739,9,47,5.5270144839437485,0,1
GAIL+TD3,739,9,48,5.228443487920023,0,1
GAIL+TD3,739,9,49,6.411313226691341,0,1
GAIL+TD3,739,10,9,7.1125688443111095,0,1
GAIL+TD3,739,10,12,5.186373476685072,0,1
GAIL+TD3,739,10,16,5.8769686268214825,0,1
GAIL+TD3,739,10,18,7.13100626740947,0,1
GAIL+TD3,739,10,19,6.7871291499882265,0,1
GAIL+TD3,739,10,21,7.5073620862587775,0,1
GAIL+TD3,739,10,22,6.3273116552923865,0,1
GAIL+TD3,739,10,23,5.591213955841315,0,1
GAIL+TD3,739,10,24,6.800514800514798,0,1
GAIL+TD3,739,10,25,6.927503792683231,0,1
GAIL+TD3,739,10,26,7.92579272000695,0,1
GAIL+TD3,739,10,27,7.044731311918344,0,1
GAIL+TD3,739,10,28,6.57948131784828,0,1
GAIL+TD3,739,10,29,6.054305308104988,0,1
GAIL+TD3,739,10,30,6.573270600329152,0,1
GAIL+TD3,739,10,31,6.912689052637537,0,1
GAIL+TD3,739,10,32,7.330286698140423,0,1
GAIL+TD3,739,10,33,6.47675142708874,0,1
GAIL+TD3,739,10,34,6.710378075024263,0,1
GAIL+TD3,739,10,35,6.243236842420827,0,1
GAIL+TD3,739,10,36,6.368910739599038,0,1
GAIL+TD3,739,10,37,6.753967752828423,0,1
GAIL+TD3,739,10,38,6.706029230026612,0,1
GAIL+TD3,739,10,39,6.544564150596713,0,1
GAIL+TD3,739,10,40,6.263583442433268,0,1
GAIL+TD3,739,10,41,6.427505451381855,0,1
GAIL+TD3,739,10,42,6.36564822688674,0,1
GAIL+TD3,739,10,43,6.5330441096209215,0,1
GAIL+TD3,739,10,44,6.466531852469626,0,1
GAIL+TD3,739,10,45,6.438467763174953,0,1
GAIL+TD3,739,10,46,6.178361929811118,0,1
GAIL+TD3,739,10,47,5.5270144839437485,0,1
GAIL+TD3,739,10,48,5.228443487920023,0,1
GAIL+TD3,739,10,49,6.411313226691341,0,1
GAIL+TD3,739,11,9,7.1125688443111095,0,1
GAIL+TD3,739,11,12,5.186373476685072,0,1
GAIL+TD3,739,11,16,5.8769686268214825,0,1
GAIL+TD3,739,11,18,7.13100626740947,0,1
GAIL+TD3,739,11,19,6.7871291499882265,0,1
GAIL+TD3,739,11,21,7.5073620862587775,0,1
GAIL+TD3,739,11,22,6.3273116552923865,0,1
GAIL+TD3,739,11,23,5.591213955841315,0,1
GAIL+TD3,739,11,24,6.800514800514798,0,1
GAIL+TD3,739,11,25,6.927503792683231,0,1
GAIL+TD3,739,11,26,7.92579272000695,0,1
GAIL+TD3,739,11,27,7.044731311918344,0,1
GAIL+TD3,739,11,28,6.57948131784828,0,1
GAIL+TD3,739,11,29,6.054305308104988,0,1
GAIL+TD3,739,11,30,6.573270600329152,0,1
GAIL+TD3,739,11,31,6.912689052637537,0,1
GAIL+TD3,739,11,32,7.330286698140423,0,1
GAIL+TD3,739,11,33,6.47675142708874,0,1
GAIL+TD3,739,11,34,6.710378075024263,0,1
GAIL+TD3,739,11,35,6.243236842420827,0,1
GAIL+TD3,739,11,36,6.368910739599038,0,1
GAIL+TD3,739,11,37,6.753967752828423,0,1
GAIL+TD3,739,11,38,6.706029230026612,0,1
GAIL+TD3,739,11,39,6.544564150596713,0,1
GAIL+TD3,739,11,40,6.263583442433268,0,1
GAIL+TD3,739,11,41,6.427505451381855,0,1
GAIL+TD3,739,11,42,6.36564822688674,0,1
GAIL+TD3,739,11,43,6.5330441096209215,0,1
GAIL+TD3,739,11,44,6.466531852469626,0,1
GAIL+TD3,739,11,45,6.438467763174953,0,1
GAIL+TD3,739,11,46,6.178361929811118,0,1
GAIL+TD3,739,11,47,5.5270144839437485,0,1
GAIL+TD3,739,11,48,5.228443487920023,0,1
GAIL+TD3,739,11,49,6.411313226691341,0,1
GAIL+TD3,739,12,9,7.1125688443111095,0,1
GAIL+TD3,739,12,12,5.186373476685072,0,1
GAIL+TD3,739,12,16,5.8769686268214825,0,1
GAIL+TD3,739,12,18,7.13100626740947,0,1
GAIL+TD3,739,12,19,6.7871291499882265,0,1
GAIL+TD3,739,12,21,7.5073620862587775,0,1
GAIL+TD3,739,12,22,6.3273116552923865,0,1
GAIL+TD3,739,12,23,5.591213955841315,0,1
GAIL+TD3,739,12,24,6.800514800514798,0,1
GAIL+TD3,739,12,25,6.927503792683231,0,1
GAIL+TD3,739,12,26,7.92579272000695,0,1
GAIL+TD3,739,12,27,7.044731311918344,0,1
GAIL+TD3,739,12,28,6.57948131784828,0,1
GAIL+TD3,739,12,29,6.054305308104988,0,1
GAIL+TD3,739,12,30,6.573270600329152,0,1
GAIL+TD3,739,12,31,6.912689052637537,0,1
GAIL+TD3,739,12,32,7.330286698140423,0,1
GAIL+TD3,739,12,33,6.47675142708874,0,1
GAIL+TD3,739,12,34,6.710378075024263,0,1
GAIL+TD3,739,12,35,6.243236842420827,0,1
GAIL+TD3,739,12,36,6.368910739599038,0,1
GAIL+TD3,739,12,37,6.753967752828423,0,1
GAIL+TD3,739,12,38,6.706029230026612,0,1
GAIL+TD3,739,12,39,6.544564150596713,0,1
GAIL+TD3,739,12,40,6.263583442433268,0,1
GAIL+TD3,739,12,41,6.427505451381855,0,1
GAIL+TD3,739,12,42,6.36564822688674,0,1
GAIL+TD3,739,12,43,6.5330441096209215,0,1
GAIL+TD3,739,12,44,6.466531852469626,0,1
GAIL+TD3,739,12,45,6.438467763174953,0,1
GAIL+TD3,739,12,46,6.178361929811118,0,1
GAIL+TD3,739,12,47,5.5270144839437485,0,1
GAIL+TD3,739,12,48,5.228443487920023,0,1
GAIL+TD3,739,12,49,6.411313226691341,0,1
GAIL+TD3,739,13,9,7.1125688443111095,0,1
GAIL+TD3,739,13,12,5.186373476685072,0,1
GAIL+TD3,739,13,16,5.8769686268214825,0,1
GAIL+TD3,739,13,18,7.13100626740947,0,1
GAIL+TD3,739,13,19,6.7871291499882265,0,1
GAIL+TD3,739,13,21,7.5073620862587775,0,1
GAIL+TD3,739,13,22,6.3273116552923865,0,1
GAIL+TD3,739,13,23,5.591213955841315,0,1
GAIL+TD3,739,13,24,6.800514800514798,0,1
GAIL+TD3,739,13,25,6.927503792683231,0,1
GAIL+TD3,739,13,26,7.92579272000695,0,1
GAIL+TD3,739,13,27,7.044731311918344,0,1
GAIL+TD3,739,13,28,6.57948131784828,0,1
GAIL+TD3,739,13,29,6.054305308104988,0,1
GAIL+TD3,739,13,30,6.573270600329152,0,1
GAIL+TD3,739,13,31,6.912689052637537,0,1
GAIL+TD3,739,13,32,7.330286698140423,0,1
GAIL+TD3,739,13,33,6.47675142708874,0,1
GAIL+TD3,739,13,34,6.710378075024263,0,1
GAIL+TD3,739,13,35,6.243236842420827,0,1
GAIL+TD3,739,13,36,6.368910739599038,0,1
GAIL+TD3,739,13,37,6.753967752828423,0,1
GAIL+TD3,739,13,38,6.706029230026612,0,1
GAIL+TD3,739,13,39,6.544564150596713,0,1
GAIL+TD3,739,13,40,6.263583442433268,0,1
GAIL+TD3,739,13,41,6.427505451381855,0,1
GAIL+TD3,739,13,42,6.36564822688674,0,1
GAIL+TD3,739,13,43,6.5330441096209215,0,1
GAIL+TD3,739,13,44,6.466531852469626,0,1
GAIL+TD3,739,13,45,6.438467763174953,0,1
GAIL+TD3,739,13,46,6.178361929811118,0,1
GAIL+TD3,739,13,47,5.5270144839437485,0,1
GAIL+TD3,739,13,48,5.228443487920023,0,1
GAIL+TD3,739,13,49,6.411313226691341,0,1
GAIL+TD3,739,14,9,7.1125688443111095,0,1
GAIL+TD3,739,14,12,5.186373476685072,0,1
GAIL+TD3,739,14,16,5.8769686268214825,0,1
GAIL+TD3,739,14,18,7.13100626740947,0,1
GAIL+TD3,739,14,19,6.7871291499882265,0,1
GAIL+TD3,739,14,21,7.5073620862587775,0,1
GAIL+TD3,739,14,22,6.3273116552923865,0,1
GAIL+TD3,739,14,23,5.591213955841315,0,1
GAIL+TD3,739,14,24,6.800514800514798,0,1
GAIL+TD3,739,14,25,6.927503792683231,0,1
GAIL+TD3,739,14,26,7.92579272000695,0,1
GAIL+TD3,739,14,27,7.044731311918344,0,1
GAIL+TD3,739,14,28,6.57948131784828,0,1
GAIL+TD3,739,14,29,6.054305308104988,0,1
GAIL+TD3,739,14,30,6.573270600329152,0,1
GAIL+TD3,739,14,31,6.912689052637537,0,1
GAIL+TD3,739,14,32,7.330286698140423,0,1
GAIL+TD3,739,14,33,6.47675142708874,0,1
GAIL+TD3,739,14,34,6.710378075024263,0,1
GAIL+TD3,739,14,35,6.243236842420827,0,1
GAIL+TD3,739,14,36,6.368910739599038,0,1
GAIL+TD3,739,14,37,6.753967752828423,0,1
GAIL+TD3,739,14,38,6.706029230026612,0,1
GAIL+TD3,739,14,39,6.544564150596713,0,1
GAIL+TD3,739,14,40,6.263583442433268,0,1
GAIL+TD3,739,14,41,6.427505451381855,0,1
GAIL+TD3,739,14,42,6.36564822688674,0,1
GAIL+TD3,739,14,43,6.5330441096209215,0,1
GAIL+TD3,739,14,44,6.466531852469626,0,1
GAIL+TD3,739,14,45,6.438467763174953,0,1
GAIL+TD3,739,14,46,6.178361929811118,0,1
GAIL+TD3,739,14,47,5.5270144839437485,0,1
GAIL+TD3,739,14,48,5.228443487920023,0,1
GAIL+TD3,739,14,49,6.411313226691341,0,1
GAIL+TD3,739,15,9,7.1125688443111095,0,1
GAIL+TD3,739,15,12,5.186373476685072,0,1
GAIL+TD3,739,15,16,5.8769686268214825,0,1
GAIL+TD3,739,15,18,7.13100626740947,0,1
GAIL+TD3,739,15,19,6.7871291499882265,0,1
GAIL+TD3,739,15,21,7.5073620862587775,0,1
GAIL+TD3,739,15,22,6.3273116552923865,0,1
GAIL+TD3,739,15,23,5.591213955841315,0,1
GAIL+TD3,739,15,24,6.800514800514798,0,1
GAIL+TD3,739,15,25,6.927503792683231,0,1
GAIL+TD3,739,15,26,7.92579272000695,0,1
GAIL+TD3,739,15,27,7.044731311918344,0,1
GAIL+TD3,739,15,28,6.57948131784828,0,1
GAIL+TD3,739,15,29,6.054305308104988,0,1
GAIL+TD3,739,15,30,6.573270600329152,0,1
GAIL+TD3,739,15,31,6.912689052637537,0,1
GAIL+TD3,739,15,32,7.330286698140423,0,1
GAIL+TD3,739,15,33,6.47675142708874,0,1
GAIL+TD3,739,15,34,6.710378075024263,0,1
GAIL+TD3,739,15,35,6.243236842420827,0,1
GAIL+TD3,739,15,36,6.368910739599038,0,1
GAIL+TD3,739,15,37,6.753967752828423,0,1
GAIL+TD3,739,15,38,6.706029230026612,0,1
GAIL+TD3,739,15,39,6.544564150596713,0,1
GAIL+TD3,739,15,40,6.263583442433268,0,1
GAIL+TD3,739,15,41,6.427505451381855,0,1
GAIL+TD3,739,15,42,6.36564822688674,0,1
GAIL+TD3,739,15,43,6.5330441096209215,0,1
GAIL+TD3,739,15,44,6.466531852469626,0,1
GAIL+TD3,739,15,45,6.438467763174953,0,1
GAIL+TD3,739,15,46,6.178361929811118,0,1
GAIL+TD3,739,15,47,5.5270144839437485,0,1
GAIL+TD3,739,15,48,5.228443487920023,0,1
GAIL+TD3,739,15,49,6.411313226691341,0,1
GAIL+TD3,739,16,9,7.1125688443111095,0,1
GAIL+TD3,739,16,12,5.186373476685072,0,1
GAIL+TD3,739,16,16,5.8769686268214825,0,1
GAIL+TD3,739,16,18,7.13100626740947,0,1
GAIL+TD3,739,16,19,6.7871291499882265,0,1
GAIL+TD3,739,16,21,7.5073620862587775,0,1
GAIL+TD3,739,16,22,6.3273116552923865,0,1
GAIL+TD3,739,16,23,5.591213955841315,0,1
GAIL+TD3,739,16,24,6.800514800514798,0,1
GAIL+TD3,739,16,25,6.927503792683231,0,1
GAIL+TD3,739,16,26,7.92579272000695,0,1
GAIL+TD3,739,16,27,7.044731311918344,0,1
GAIL+TD3,739,16,28,6.57948131784828,0,1
GAIL+TD3,739,16,29,6.054305308104988,0,1
GAIL+TD3,739,16,30,6.573270600329152,0,1
GAIL+TD3,739,16,31,6.912689052637537,0,1
GAIL+TD3,739,16,32,7.330286698140423,0,1
GAIL+TD3,739,16,33,6.47675142708874,0,1
GAIL+TD3,739,16,34,6.710378075024263,0,1
GAIL+TD3,739,16,35,6.243236842420827,0,1
GAIL+TD3,739,16,36,6.368910739599038,0,1
GAIL+TD3,739,16,37,6.753967752828423,0,1
GAIL+TD3,739,16,38,6.706029230026612,0,1
GAIL+TD3,739,16,39,6.544564150596713,0,1
GAIL+TD3,739,16,40,6.263583442433268,0,1
GAIL+TD3,739,16,41,6.427505451381855,0,1
GAIL+TD3,739,16,42,6.36564822688674,0,1
GAIL+TD3,739,16,43,6.5330441096209215,0,1
GAIL+TD3,739,16,44,6.466531852469626,0,1
GAIL+TD3,739,16,45,6.438467763174953,0,1
GAIL+TD3,739,16,46,6.178361929811118,0,1
GAIL+TD3,739,16,47,5.5270144839437485,0,1
GAIL+TD3,739,16,48,5.228443487920023,0,1
GAIL+TD3,739,16,49,6.411313226691341,0,1
GAIL+TD3,739,17,9,7.1125688443111095,0,1
GAIL+TD3,739,17,12,5.186373476685072,0,1
GAIL+TD3,739,17,16,5.8769686268214825,0,1
GAIL+TD3,739,17,18,7.13100626740947,0,1
GAIL+TD3,739,17,19,6.7871291499882265,0,1
GAIL+TD3,739,17,21,7.5073620862587775,0,1
GAIL+TD3,739,17,22,6.3273116552923865,0,1
GAIL+TD3,739,17,23,5.591213955841315,0,1
GAIL+TD3,739,17,24,6.800514800514798,0,1
GAIL+TD3,739,17,25,6.927503792683231,0,1
GAIL+TD3,739,17,26,7.92579272000695,0,1
GAIL+TD3,739,17,27,7.044731311918344,0,1
GAIL+TD3,739,17,28,6.57948131784828,0,1
GAIL+TD3,739,17,29,6.054305308104988,0,1
GAIL+TD3,739,17,30,6.573270600329152,0,1
GAIL+TD3,739,17,31,6.912689052637537,0,1
GAIL+TD3,739,17,32,7.330286698140423,0,1
GAIL+TD3,739,17,33,6.47675142708874,0,1
GAIL+TD3,739,17,34,6.710378075024263,0,1
GAIL+TD3,739,17,35,6.243236842420827,0,1
GAIL+TD3,739,17,36,6.368910739599038,0,1
GAIL+TD3,739,17,37,6.753967752828423,0,1
GAIL+TD3,739,17,38,6.706029230026612,0,1
GAIL+TD3,739,17,39,6.544564150596713,0,1
GAIL+TD3,739,17,40,6.263583442433268,0,1
GAIL+TD3,739,17,41,6.427505451381855,0,1
GAIL+TD3,739,17,42,6.36564822688674,0,1
GAIL+TD3,739,17,43,6.5330441096209215,0,1
GAIL+TD3,739,17,44,6.466531852469626,0,1
GAIL+TD3,739,17,45,6.438467763174953,0,1
GAIL+TD3,739,17,46,6.178361929811118,0,1
GAIL+TD3,739,17,47,5.5270144839437485,0,1
GAIL+TD3,739,17,48,5.228443487920023,0,1
GAIL+TD3,739,17,49,6.411313226691341,0,1
GAIL+TD3,739,18,9,7.1125688443111095,0,1
GAIL+TD3,739,18,12,5.186373476685072,0,1
GAIL+TD3,739,18,16,5.8769686268214825,0,1
GAIL+TD3,739,18,18,7.13100626740947,0,1
GAIL+TD3,739,18,19,6.7871291499882265,0,1
GAIL+TD3,739,18,21,7.5073620862587775,0,1
GAIL+TD3,739,18,22,6.3273116552923865,0,1
GAIL+TD3,739,18,23,5.591213955841315,0,1
GAIL+TD3,739,18,24,6.800514800514798,0,1
GAIL+TD3,739,18,25,6.927503792683231,0,1
GAIL+TD3,739,18,26,7.92579272000695,0,1
GAIL+TD3,739,18,27,7.044731311918344,0,1
GAIL+TD3,739,18,28,6.57948131784828,0,1
GAIL+TD3,739,18,29,6.054305308104988,0,1
GAIL+TD3,739,18,30,6.573270600329152,0,1
GAIL+TD3,739,18,31,6.912689052637537,0,1
GAIL+TD3,739,18,32,7.330286698140423,0,1
GAIL+TD3,739,18,33,6.47675142708874,0,1
GAIL+TD3,739,18,34,6.710378075024263,0,1
GAIL+TD3,739,18,35,6.243236842420827,0,1
GAIL+TD3,739,18,36,6.368910739599038,0,1
GAIL+TD3,739,18,37,6.753967752828423,0,1
GAIL+TD3,739,18,38,6.706029230026612,0,1
GAIL+TD3,739,18,39,6.544564150596713,0,1
GAIL+TD3,739,18,40,6.263583442433268,0,1
GAIL+TD3,739,18,41,6.427505451381855,0,1
GAIL+TD3,739,18,42,6.36564822688674,0,1
GAIL+TD3,739,18,43,6.5330441096209215,0,1
GAIL+TD3,739,18,44,6.466531852469626,0,1
GAIL+TD3,739,18,45,6.438467763174953,0,1
GAIL+TD3,739,18,46,6.178361929811118,0,1
GAIL+TD3,739,18,47,5.5270144839437485,0,1
GAIL+TD3,739,18,48,5.228443487920023,0,1
GAIL+TD3,739,18,49,6.411313226691341,0,1
GAIL+TD3,739,19,9,7.1125688443111095,0,1
GAIL+TD3,739,19,12,5.186373476685072,0,1
GAIL+TD3,739,19,16,5.8769686268214825,0,1
GAIL+TD3,739,19,18,7.13100626740947,0,1
GAIL+TD3,739,19,19,6.7871291499882265,0,1
GAIL+TD3,739,19,21,7.5073620862587775,0,1
GAIL+TD3,739,19,22,6.3273116552923865,0,1
GAIL+TD3,739,19,23,5.591213955841315,0,1
GAIL+TD3,739,19,24,6.800514800514798,0,1
GAIL+TD3,739,19,25,6.927503792683231,0,1
GAIL+TD3,739,19,26,7.92579272000695,0,1
GAIL+TD3,739,19,27,7.044731311918344,0,1
GAIL+TD3,739,19,28,6.57948131784828,0,1
GAIL+TD3,739,19,29,6.054305308104988,0,1
GAIL+TD3,739,19,30,6.573270600329152,0,1
GAIL+TD3,739,19,31,6.912689052637537,0,1
GAIL+TD3,739,19,32,7.330286698140423,0,1
GAIL+TD3,739,19,33,6.47675142708874,0,1
GAIL+TD3,739,19,34,6.710378075024263,0,1
GAIL+TD3,739,19,35,6.243236842420827,0,1
GAIL+TD3,739,19,36,6.368910739599038,0,1
GAIL+TD3,739,19,37,6.753967752828423,0,1
GAIL+TD3,739,19,38,6.706029230026612,0,1
GAIL+TD3,739,19,39,6.544564150596713,0,1
GAIL+TD3,739,19,40,6.263583442433268,0,1
GAIL+TD3,739,19,41,6.427505451381855,0,1
GAIL+TD3,739,19,42,6.36564822688674,0,1
GAIL+TD3,739,19,43,6.5330441096209215,0,1
GAIL+TD3,739,19,44,6.466531852469626,0,1
GAIL+TD3,739,19,45,6.438467763174953,0,1
GAIL+TD3,739,19,46,6.178361929811118,0,1
GAIL+TD3,739,19,47,5.5270144839437485,0,1
GAIL+TD3,739,19,48,5.228443487920023,0,1
GAIL+TD3,739,19,49,6.411313226691341,0,1
GAIL+TD3,739,20,9,7.1125688443111095,0,1
GAIL+TD3,739,20,12,5.186373476685072,0,1
GAIL+TD3,739,20,16,5.8769686268214825,0,1
GAIL+TD3,739,20,18,7.13100626740947,0,1
GAIL+TD3,739,20,19,6.7871291499882265,0,1
GAIL+TD3,739,20,21,7.5073620862587775,0,1
GAIL+TD3,739,20,22,6.3273116552923865,0,1
GAIL+TD3,739,20,23,5.591213955841315,0,1
GAIL+TD3,739,20,24,6.800514800514798,0,1
GAIL+TD3,739,20,25,6.927503792683231,0,1
GAIL+TD3,739,20,26,7.92579272000695,0,1
GAIL+TD3,739,20,27,7.044731311918344,0,1
GAIL+TD3,739,20,28,6.57948131784828,0,1
GAIL+TD3,739,20,29,6.054305308104988,0,1
GAIL+TD3,739,20,30,6.573270600329152,0,1
GAIL+TD3,739,20,31,6.912689052637537,0,1
GAIL+TD3,739,20,32,7.330286698140423,0,1
GAIL+TD3,739,20,33,6.47675142708874,0,1
GAIL+TD3,739,20,34,6.710378075024263,0,1
GAIL+TD3,739,20,35,6.243236842420827,0,1
GAIL+TD3,739,20,36,6.368910739599038,0,1
GAIL+TD3,739,20,37,6.753967752828423,0,1
GAIL+TD3,739,20,38,6.706029230026612,0,1
GAIL+TD3,739,20,39,6.544564150596713,0,1
GAIL+TD3,739,20,40,6.263583442433268,0,1
GAIL+TD3,739,20,41,6.427505451381855,0,1
GAIL+TD3,739,20,42,6.36564822688674,0,1
GAIL+TD3,739,20,43,6.5330441096209215,0,1
GAIL+TD3,739,20,44,6.466531852469626,0,1
GAIL+TD3,739,20,45,6.438467763174953,0,1
GAIL+TD3,739,20,46,6.178361929811118,0,1
GAIL+TD3,739,20,47,5.5270144839437485,0,1
GAIL+TD3,739,20,48,5.228443487920023,0,1
GAIL+TD3,739,20,49,6.411313226691341,0,1
GAIL+TD3,739,21,9,7.1125688443111095,0,1
GAIL+TD3,739,21,12,5.186373476685072,0,1
GAIL+TD3,739,21,16,5.8769686268214825,0,1
GAIL+TD3,739,21,18,7.13100626740947,0,1
GAIL+TD3,739,21,19,6.7871291499882265,0,1
GAIL+TD3,739,21,21,7.5073620862587775,0,1
GAIL+TD3,739,21,22,6.3273116552923865,0,1
GAIL+TD3,739,21,23,5.591213955841315,0,1
GAIL+TD3,739,21,24,6.800514800514798,0,1
GAIL+TD3,739,21,25,6.927503792683231,0,1
GAIL+TD3,739,21,26,7.92579272000695,0,1
GAIL+TD3,739,21,27,7.044731311918344,0,1
GAIL+TD3,739,21,28,6.57948131784828,0,1
GAIL+TD3,739,21,29,6.054305308104988,0,1
GAIL+TD3,739,21,30,6.573270600329152,0,1
GAIL+TD3,739,21,31,6.912689052637537,0,1
GAIL+TD3,739,21,32,7.330286698140423,0,1
GAIL+TD3,739,21,33,6.47675142708874,0,1
GAIL+TD3,739,21,34,6.710378075024263,0,1
GAIL+TD3,739,21,35,6.243236842420827,0,1
GAIL+TD3,739,21,36,6.368910739599038,0,1
GAIL+TD3,739,21,37,6.753967752828423,0,1
GAIL+TD3,739,21,38,6.706029230026612,0,1
GAIL+TD3,739,21,39,6.544564150596713,0,1
GAIL+TD3,739,21,40,6.263583442433268,0,1
GAIL+TD3,739,21,41,6.427505451381855,0,1
GAIL+TD3,739,21,42,6.36564822688674,0,1
GAIL+TD3,739,21,43,6.5330441096209215,0,1
GAIL+TD3,739,21,44,6.466531852469626,0,1
GAIL+TD3,739,21,45,6.438467763174953,0,1
GAIL+TD3,739,21,46,6.178361929811118,0,1
GAIL+TD3,739,21,47,5.5270144839437485,0,1
GAIL+TD3,739,21,48,5.228443487920023,0,1
GAIL+TD3,739,21,49,6.411313226691341,0,1
GAIL+TD3,739,22,9,7.1125688443111095,0,1
GAIL+TD3,739,22,12,5.186373476685072,0,1
GAIL+TD3,739,22,16,5.8769686268214825,0,1
GAIL+TD3,739,22,18,7.13100626740947,0,1
GAIL+TD3,739,22,19,6.7871291499882265,0,1
GAIL+TD3,739,22,21,7.5073620862587775,0,1
GAIL+TD3,739,22,22,6.3273116552923865,0,1
GAIL+TD3,739,22,23,5.591213955841315,0,1
GAIL+TD3,739,22,24,6.800514800514798,0,1
GAIL+TD3,739,22,25,6.927503792683231,0,1
GAIL+TD3,739,22,26,7.92579272000695,0,1
GAIL+TD3,739,22,27,7.044731311918344,0,1
GAIL+TD3,739,22,28,6.57948131784828,0,1
GAIL+TD3,739,22,29,6.054305308104988,0,1
GAIL+TD3,739,22,30,6.573270600329152,0,1
GAIL+TD3,739,22,31,6.912689052637537,0,1
GAIL+TD3,739,22,32,7.330286698140423,0,1
GAIL+TD3,739,22,33,6.47675142708874,0,1
GAIL+TD3,739,22,34,6.710378075024263,0,1
GAIL+TD3,739,22,35,6.243236842420827,0,1
GAIL+TD3,739,22,36,6.368910739599038,0,1
GAIL+TD3,739,22,37,6.753967752828423,0,1
GAIL+TD3,739,22,38,6.706029230026612,0,1
GAIL+TD3,739,22,39,6.544564150596713,0,1
GAIL+TD3,739,22,40,6.263583442433268,0,1
GAIL+TD3,739,22,41,6.427505451381855,0,1
GAIL+TD3,739,22,42,6.36564822688674,0,1
GAIL+TD3,739,22,43,6.5330441096209215,0,1
GAIL+TD3,739,22,44,6.466531852469626,0,1
GAIL+TD3,739,22,45,6.438467763174953,0,1
GAIL+TD3,739,22,46,6.178361929811118,0,1
GAIL+TD3,739,22,47,5.5270144839437485,0,1
GAIL+TD3,739,22,48,5.228443487920023,0,1
GAIL+TD3,739,22,49,6.411313226691341,0,1
GAIL+TD3,739,23,9,7.1125688443111095,0,1
GAIL+TD3,739,23,12,5.186373476685072,0,1
GAIL+TD3,739,23,16,5.8769686268214825,0,1
GAIL+TD3,739,23,18,7.13100626740947,0,1
GAIL+TD3,739,23,19,6.7871291499882265,0,1
GAIL+TD3,739,23,21,7.5073620862587775,0,1
GAIL+TD3,739,23,22,6.3273116552923865,0,1
GAIL+TD3,739,23,23,5.591213955841315,0,1
GAIL+TD3,739,23,24,6.800514800514798,0,1
GAIL+TD3,739,23,25,6.927503792683231,0,1
GAIL+TD3,739,23,26,7.92579272000695,0,1
GAIL+TD3,739,23,27,7.044731311918344,0,1
GAIL+TD3,739,23,28,6.57948131784828,0,1
GAIL+TD3,739,23,29,6.054305308104988,0,1
GAIL+TD3,739,23,30,6.573270600329152,0,1
GAIL+TD3,739,23,31,6.912689052637537,0,1
GAIL+TD3,739,23,32,7.330286698140423,0,1
GAIL+TD3,739,23,33,6.47675142708874,0,1
GAIL+TD3,739,23,34,6.710378075024263,0,1
GAIL+TD3,739,23,35,6.243236842420827,0,1
GAIL+TD3,739,23,36,6.368910739599038,0,1
GAIL+TD3,739,23,37,6.753967752828423,0,1
GAIL+TD3,739,23,38,6.706029230026612,0,1
GAIL+TD3,739,23,39,6.544564150596713,0,1
GAIL+TD3,739,23,40,6.263583442433268,0,1
GAIL+TD3,739,23,41,6.427505451381855,0,1
GAIL+TD3,739,23,42,6.36564822688674,0,1
GAIL+TD3,739,23,43,6.5330441096209215,0,1
GAIL+TD3,739,23,44,6.466531852469626,0,1
GAIL+TD3,739,23,45,6.438467763174953,0,1
GAIL+TD3,739,23,46,6.178361929811118,0,1
GAIL+TD3,739,23,47,5.5270144839437485,0,1
GAIL+TD3,739,23,48,5.228443487920023,0,1
GAIL+TD3,739,23,49,6.411313226691341,0,1
GAIL+TD3,739,24,9,7.1125688443111095,0,1
GAIL+TD3,739,24,12,5.186373476685072,0,1
GAIL+TD3,739,24,16,5.8769686268214825,0,1
GAIL+TD3,739,24,18,7.13100626740947,0,1
GAIL+TD3,739,24,19,6.7871291499882265,0,1
GAIL+TD3,739,24,21,7.5073620862587775,0,1
GAIL+TD3,739,24,22,6.3273116552923865,0,1
GAIL+TD3,739,24,23,5.591213955841315,0,1
GAIL+TD3,739,24,24,6.800514800514798,0,1
GAIL+TD3,739,24,25,6.927503792683231,0,1
GAIL+TD3,739,24,26,7.92579272000695,0,1
GAIL+TD3,739,24,27,7.044731311918344,0,1
GAIL+TD3,739,24,28,6.57948131784828,0,1
GAIL+TD3,739,24,29,6.054305308104988,0,1
GAIL+TD3,739,24,30,6.573270600329152,0,1
GAIL+TD3,739,24,31,6.912689052637537,0,1
GAIL+TD3,739,24,32,7.330286698140423,0,1
GAIL+TD3,739,24,33,6.47675142708874,0,1
GAIL+TD3,739,24,34,6.710378075024263,0,1
GAIL+TD3,739,24,35,6.243236842420827,0,1
GAIL+TD3,739,24,36,6.368910739599038,0,1
GAIL+TD3,739,24,37,6.753967752828423,0,1
GAIL+TD3,739,24,38,6.706029230026612,0,1
GAIL+TD3,739,24,39,6.544564150596713,0,1
GAIL+TD3,739,24,40,6.263583442433268,0,1
GAIL+TD3,739,24,41,6.427505451381855,0,1
GAIL+TD3,739,24,42,6.36564822688674,0,1
GAIL+TD3,739,24,43,6.5330441096209215,0,1
GAIL+TD3,739,24,44,6.466531852469626,0,1
GAIL+TD3,739,24,45,6.438467763174953,0,1
GAIL+TD3,739,24,46,6.178361929811118,0,1
GAIL+TD3,739,24,47,5.5270144839437485,0,1
GAIL+TD3,739,24,48,5.228443487920023,0,1
GAIL+TD3,739,24,49,6.411313226691341,0,1
GAIL+TD3,739,25,9,7.1125688443111095,0,1
GAIL+TD3,739,25,12,5.186373476685072,0,1
GAIL+TD3,739,25,16,5.8769686268214825,0,1
GAIL+TD3,739,25,18,7.13100626740947,0,1
GAIL+TD3,739,25,19,6.7871291499882265,0,1
GAIL+TD3,739,25,21,7.5073620862587775,0,1
GAIL+TD3,739,25,22,6.3273116552923865,0,1
GAIL+TD3,739,25,23,5.591213955841315,0,1
GAIL+TD3,739,25,24,6.800514800514798,0,1
GAIL+TD3,739,25,25,6.927503792683231,0,1
GAIL+TD3,739,25,26,7.92579272000695,0,1
GAIL+TD3,739,25,27,7.044731311918344,0,1
GAIL+TD3,739,25,28,6.57948131784828,0,1
GAIL+TD3,739,25,29,6.054305308104988,0,1
GAIL+TD3,739,25,30,6.573270600329152,0,1
GAIL+TD3,739,25,31,6.912689052637537,0,1
GAIL+TD3,739,25,32,7.330286698140423,0,1
GAIL+TD3,739,25,33,6.47675142708874,0,1
GAIL+TD3,739,25,34,6.710378075024263,0,1
GAIL+TD3,739,25,35,6.243236842420827,0,1
GAIL+TD3,739,25,36,6.368910739599038,0,1
GAIL+TD3,739,25,37,6.753967752828423,0,1
GAIL+TD3,739,25,38,6.706029230026612,0,1
GAIL+TD3,739,25,39,6.544564150596713,0,1
GAIL+TD3,739,25,40,6.263583442433268,0,1
GAIL+TD3,739,25,41,6.427505451381855,0,1
GAIL+TD3,739,25,42,6.36564822688674,0,1
GAIL+TD3,739,25,43,6.5330441096209215,0,1
GAIL+TD3,739,25,44,6.466531852469626,0,1
GAIL+TD3,739,25,45,6.438467763174953,0,1
GAIL+TD3,739,25,46,6.178361929811118,0,1
GAIL+TD3,739,25,47,5.5270144839437485,0,1
GAIL+TD3,739,25,48,5.228443487920023,0,1
GAIL+TD3,739,25,49,6.411313226691341,0,1
GAIL+TD3,739,26,9,7.1125688443111095,0,1
GAIL+TD3,739,26,12,5.186373476685072,0,1
GAIL+TD3,739,26,16,5.8769686268214825,0,1
GAIL+TD3,739,26,18,7.13100626740947,0,1
GAIL+TD3,739,26,19,6.7871291499882265,0,1
GAIL+TD3,739,26,21,7.5073620862587775,0,1
GAIL+TD3,739,26,22,6.3273116552923865,0,1
GAIL+TD3,739,26,23,5.591213955841315,0,1
GAIL+TD3,739,26,24,6.800514800514798,0,1
GAIL+TD3,739,26,25,6.927503792683231,0,1
GAIL+TD3,739,26,26,7.92579272000695,0,1
GAIL+TD3,739,26,27,7.044731311918344,0,1
GAIL+TD3,739,26,28,6.57948131784828,0,1
GAIL+TD3,739,26,29,6.054305308104988,0,1
GAIL+TD3,739,26,30,6.573270600329152,0,1
GAIL+TD3,739,26,31,6.912689052637537,0,1
GAIL+TD3,739,26,32,7.330286698140423,0,1
GAIL+TD3,739,26,33,6.47675142708874,0,1
GAIL+TD3,739,26,34,6.710378075024263,0,1
GAIL+TD3,739,26,35,6.243236842420827,0,1
GAIL+TD3,739,26,36,6.368910739599038,0,1
GAIL+TD3,739,26,37,6.753967752828423,0,1
GAIL+TD3,739,26,38,6.706029230026612,0,1
GAIL+TD3,739,26,39,6.544564150596713,0,1
GAIL+TD3,739,26,40,6.263583442433268,0,1
GAIL+TD3,739,26,41,6.427505451381855,0,1
GAIL+TD3,739,26,42,6.36564822688674,0,1
GAIL+TD3,739,26,43,6.5330441096209215,0,1
GAIL+TD3,739,26,44,6.466531852469626,0,1
GAIL+TD3,739,26,45,6.438467763174953,0,1
GAIL+TD3,739,26,46,6.178361929811118,0,1
GAIL+TD3,739,26,47,5.5270144839437485,0,1
GAIL+TD3,739,26,48,5.228443487920023,0,1
GAIL+TD3,739,26,49,6.411313226691341,0,1
GAIL+TD3,739,27,9,7.1125688443111095,0,1
GAIL+TD3,739,27,12,5.186373476685072,0,1
GAIL+TD3,739,27,16,5.8769686268214825,0,1
GAIL+TD3,739,27,18,7.13100626740947,0,1
GAIL+TD3,739,27,19,6.7871291499882265,0,1
GAIL+TD3,739,27,21,7.5073620862587775,0,1
GAIL+TD3,739,27,22,6.3273116552923865,0,1
GAIL+TD3,739,27,23,5.591213955841315,0,1
GAIL+TD3,739,27,24,6.800514800514798,0,1
GAIL+TD3,739,27,25,6.927503792683231,0,1
GAIL+TD3,739,27,26,7.92579272000695,0,1
GAIL+TD3,739,27,27,7.044731311918344,0,1
GAIL+TD3,739,27,28,6.57948131784828,0,1
GAIL+TD3,739,27,29,6.054305308104988,0,1
GAIL+TD3,739,27,30,6.573270600329152,0,1
GAIL+TD3,739,27,31,6.912689052637537,0,1
GAIL+TD3,739,27,32,7.330286698140423,0,1
GAIL+TD3,739,27,33,6.47675142708874,0,1
GAIL+TD3,739,27,34,6.710378075024263,0,1
GAIL+TD3,739,27,35,6.243236842420827,0,1
GAIL+TD3,739,27,36,6.368910739599038,0,1
GAIL+TD3,739,27,37,6.753967752828423,0,1
GAIL+TD3,739,27,38,6.706029230026612,0,1
GAIL+TD3,739,27,39,6.544564150596713,0,1
GAIL+TD3,739,27,40,6.263583442433268,0,1
GAIL+TD3,739,27,41,6.427505451381855,0,1
GAIL+TD3,739,27,42,6.36564822688674,0,1
GAIL+TD3,739,27,43,6.5330441096209215,0,1
GAIL+TD3,739,27,44,6.466531852469626,0,1
GAIL+TD3,739,27,45,6.438467763174953,0,1
GAIL+TD3,739,27,46,6.178361929811118,0,1
GAIL+TD3,739,27,47,5.5270144839437485,0,1
GAIL+TD3,739,27,48,5.228443487920023,0,1
GAIL+TD3,739,27,49,6.411313226691341,0,1
GAIL+TD3,739,28,9,7.1125688443111095,0,1
GAIL+TD3,739,28,12,5.186373476685072,0,1
GAIL+TD3,739,28,16,5.8769686268214825,0,1
GAIL+TD3,739,28,18,7.13100626740947,0,1
GAIL+TD3,739,28,19,6.7871291499882265,0,1
GAIL+TD3,739,28,21,7.5073620862587775,0,1
GAIL+TD3,739,28,22,6.3273116552923865,0,1
GAIL+TD3,739,28,23,5.591213955841315,0,1
GAIL+TD3,739,28,24,6.800514800514798,0,1
GAIL+TD3,739,28,25,6.927503792683231,0,1
GAIL+TD3,739,28,26,7.92579272000695,0,1
GAIL+TD3,739,28,27,7.044731311918344,0,1
GAIL+TD3,739,28,28,6.57948131784828,0,1
GAIL+TD3,739,28,29,6.054305308104988,0,1
GAIL+TD3,739,28,30,6.573270600329152,0,1
GAIL+TD3,739,28,31,6.912689052637537,0,1
GAIL+TD3,739,28,32,7.330286698140423,0,1
GAIL+TD3,739,28,33,6.47675142708874,0,1
GAIL+TD3,739,28,34,6.710378075024263,0,1
GAIL+TD3,739,28,35,6.243236842420827,0,1
GAIL+TD3,739,28,36,6.368910739599038,0,1
GAIL+TD3,739,28,37,6.753967752828423,0,1
GAIL+TD3,739,28,38,6.706029230026612,0,1
GAIL+TD3,739,28,39,6.544564150596713,0,1
GAIL+TD3,739,28,40,6.263583442433268,0,1
GAIL+TD3,739,28,41,6.427505451381855,0,1
GAIL+TD3,739,28,42,6.36564822688674,0,1
GAIL+TD3,739,28,43,6.5330441096209215,0,1
GAIL+TD3,739,28,44,6.466531852469626,0,1
GAIL+TD3,739,28,45,6.438467763174953,0,1
GAIL+TD3,739,28,46,6.178361929811118,0,1
GAIL+TD3,739,28,47,5.5270144839437485,0,1
GAIL+TD3,739,28,48,5.228443487920023,0,1
GAIL+TD3,739,28,49,6.411313226691341,0,1
GAIL+TD3,739,29,9,7.1125688443111095,0,1
GAIL+TD3,739,29,12,5.186373476685072,0,1
GAIL+TD3,739,29,16,5.8769686268214825,0,1
GAIL+TD3,739,29,18,7.13100626740947,0,1
GAIL+TD3,739,29,19,6.7871291499882265,0,1
GAIL+TD3,739,29,21,7.5073620862587775,0,1
GAIL+TD3,739,29,22,6.3273116552923865,0,1
GAIL+TD3,739,29,23,5.591213955841315,0,1
GAIL+TD3,739,29,24,6.800514800514798,0,1
GAIL+TD3,739,29,25,6.927503792683231,0,1
GAIL+TD3,739,29,26,7.92579272000695,0,1
GAIL+TD3,739,29,27,7.044731311918344,0,1
GAIL+TD3,739,29,28,6.57948131784828,0,1
GAIL+TD3,739,29,29,6.054305308104988,0,1
GAIL+TD3,739,29,30,6.573270600329152,0,1
GAIL+TD3,739,29,31,6.912689052637537,0,1
GAIL+TD3,739,29,32,7.330286698140423,0,1
GAIL+TD3,739,29,33,6.47675142708874,0,1
GAIL+TD3,739,29,34,6.710378075024263,0,1
GAIL+TD3,739,29,35,6.243236842420827,0,1
GAIL+TD3,739,29,36,6.368910739599038,0,1
GAIL+TD3,739,29,37,6.753967752828423,0,1
GAIL+TD3,739,29,38,6.706029230026612,0,1
GAIL+TD3,739,29,39,6.544564150596713,0,1
GAIL+TD3,739,29,40,6.263583442433268,0,1
GAIL+TD3,739,29,41,6.427505451381855,0,1
GAIL+TD3,739,29,42,6.36564822688674,0,1
GAIL+TD3,739,29,43,6.5330441096209215,0,1
GAIL+TD3,739,29,44,6.466531852469626,0,1
GAIL+TD3,739,29,45,6.438467763174953,0,1
GAIL+TD3,739,29,46,6.178361929811118,0,1
GAIL+TD3,739,29,47,5.5270144839437485,0,1
GAIL+TD3,739,29,48,5.228443487920023,0,1
GAIL+TD3,739,29,49,6.411313226691341,0,1
GAIL+TD3,739,30,9,7.1125688443111095,0,1
GAIL+TD3,739,30,12,5.186373476685072,0,1
GAIL+TD3,739,30,16,5.8769686268214825,0,1
GAIL+TD3,739,30,18,7.13100626740947,0,1
GAIL+TD3,739,30,19,6.7871291499882265,0,1
GAIL+TD3,739,30,21,7.5073620862587775,0,1
GAIL+TD3,739,30,22,6.3273116552923865,0,1
GAIL+TD3,739,30,23,5.591213955841315,0,1
GAIL+TD3,739,30,24,6.800514800514798,0,1
GAIL+TD3,739,30,25,6.927503792683231,0,1
GAIL+TD3,739,30,26,7.92579272000695,0,1
GAIL+TD3,739,30,27,7.044731311918344,0,1
GAIL+TD3,739,30,28,6.57948131784828,0,1
GAIL+TD3,739,30,29,6.054305308104988,0,1
GAIL+TD3,739,30,30,6.573270600329152,0,1
GAIL+TD3,739,30,31,6.912689052637537,0,1
GAIL+TD3,739,30,32,7.330286698140423,0,1
GAIL+TD3,739,30,33,6.47675142708874,0,1
GAIL+TD3,739,30,34,6.710378075024263,0,1
GAIL+TD3,739,30,35,6.243236842420827,0,1
GAIL+TD3,739,30,36,6.368910739599038,0,1
GAIL+TD3,739,30,37,6.753967752828423,0,1
GAIL+TD3,739,30,38,6.706029230026612,0,1
GAIL+TD3,739,30,39,6.544564150596713,0,1
GAIL+TD3,739,30,40,6.263583442433268,0,1
GAIL+TD3,739,30,41,6.427505451381855,0,1
GAIL+TD3,739,30,42,6.36564822688674,0,1
GAIL+TD3,739,30,43,6.5330441096209215,0,1
GAIL+TD3,739,30,44,6.466531852469626,0,1
GAIL+TD3,739,30,45,6.438467763174953,0,1
GAIL+TD3,739,30,46,6.178361929811118,0,1
GAIL+TD3,739,30,47,5.5270144839437485,0,1
GAIL+TD3,739,30,48,5.228443487920023,0,1
GAIL+TD3,739,30,49,6.411313226691341,0,1
GAIL+TD3,739,31,9,7.1125688443111095,0,1
GAIL+TD3,739,31,12,5.186373476685072,0,1
GAIL+TD3,739,31,16,5.8769686268214825,0,1
GAIL+TD3,739,31,18,7.13100626740947,0,1
GAIL+TD3,739,31,19,6.7871291499882265,0,1
GAIL+TD3,739,31,21,7.5073620862587775,0,1
GAIL+TD3,739,31,22,6.3273116552923865,0,1
GAIL+TD3,739,31,23,5.591213955841315,0,1
GAIL+TD3,739,31,24,6.800514800514798,0,1
GAIL+TD3,739,31,25,6.927503792683231,0,1
GAIL+TD3,739,31,26,7.92579272000695,0,1
GAIL+TD3,739,31,27,7.044731311918344,0,1
GAIL+TD3,739,31,28,6.57948131784828,0,1
GAIL+TD3,739,31,29,6.054305308104988,0,1
GAIL+TD3,739,31,30,6.573270600329152,0,1
GAIL+TD3,739,31,31,6.912689052637537,0,1
GAIL+TD3,739,31,32,7.330286698140423,0,1
GAIL+TD3,739,31,33,6.47675142708874,0,1
GAIL+TD3,739,31,34,6.710378075024263,0,1
GAIL+TD3,739,31,35,6.243236842420827,0,1
GAIL+TD3,739,31,36,6.368910739599038,0,1
GAIL+TD3,739,31,37,6.753967752828423,0,1
GAIL+TD3,739,31,38,6.706029230026612,0,1
GAIL+TD3,739,31,39,6.544564150596713,0,1
GAIL+TD3,739,31,40,6.263583442433268,0,1
GAIL+TD3,739,31,41,6.427505451381855,0,1
GAIL+TD3,739,31,42,6.36564822688674,0,1
GAIL+TD3,739,31,43,6.5330441096209215,0,1
GAIL+TD3,739,31,44,6.466531852469626,0,1
GAIL+TD3,739,31,45,6.438467763174953,0,1
GAIL+TD3,739,31,46,6.178361929811118,0,1
GAIL+TD3,739,31,47,5.5270144839437485,0,1
GAIL+TD3,739,31,48,5.228443487920023,0,1
GAIL+TD3,739,31,49,6.411313226691341,0,1
GAIL+TD3,739,32,9,7.1125688443111095,0,1
GAIL+TD3,739,32,12,5.186373476685072,0,1
GAIL+TD3,739,32,16,5.8769686268214825,0,1
GAIL+TD3,739,32,18,7.13100626740947,0,1
GAIL+TD3,739,32,19,6.7871291499882265,0,1
GAIL+TD3,739,32,21,7.5073620862587775,0,1
GAIL+TD3,739,32,22,6.3273116552923865,0,1
GAIL+TD3,739,32,23,5.591213955841315,0,1
GAIL+TD3,739,32,24,6.800514800514798,0,1
GAIL+TD3,739,32,25,6.927503792683231,0,1
GAIL+TD3,739,32,26,7.92579272000695,0,1
GAIL+TD3,739,32,27,7.044731311918344,0,1
GAIL+TD3,739,32,28,6.57948131784828,0,1
GAIL+TD3,739,32,29,6.054305308104988,0,1
GAIL+TD3,739,32,30,6.573270600329152,0,1
GAIL+TD3,739,32,31,6.912689052637537,0,1
GAIL+TD3,739,32,32,7.330286698140423,0,1
GAIL+TD3,739,32,33,6.47675142708874,0,1
GAIL+TD3,739,32,34,6.710378075024263,0,1
GAIL+TD3,739,32,35,6.243236842420827,0,1
GAIL+TD3,739,32,36,6.368910739599038,0,1
GAIL+TD3,739,32,37,6.753967752828423,0,1
GAIL+TD3,739,32,38,6.706029230026612,0,1
GAIL+TD3,739,32,39,6.544564150596713,0,1
GAIL+TD3,739,32,40,6.263583442433268,0,1
GAIL+TD3,739,32,41,6.427505451381855,0,1
GAIL+TD3,739,32,42,6.36564822688674,0,1
GAIL+TD3,739,32,43,6.5330441096209215,0,1
GAIL+TD3,739,32,44,6.466531852469626,0,1
GAIL+TD3,739,32,45,6.438467763174953,0,1
GAIL+TD3,739,32,46,6.178361929811118,0,1
GAIL+TD3,739,32,47,5.5270144839437485,0,1
GAIL+TD3,739,32,48,5.228443487920023,0,1
GAIL+TD3,739,32,49,6.411313226691341,0,1
GAIL+TD3,739,33,9,7.1125688443111095,0,1
GAIL+TD3,739,33,12,5.186373476685072,0,1
GAIL+TD3,739,33,16,5.8769686268214825,0,1
GAIL+TD3,739,33,18,7.13100626740947,0,1
GAIL+TD3,739,33,19,6.7871291499882265,0,1
GAIL+TD3,739,33,21,7.5073620862587775,0,1
GAIL+TD3,739,33,22,6.3273116552923865,0,1
GAIL+TD3,739,33,23,5.591213955841315,0,1
GAIL+TD3,739,33,24,6.800514800514798,0,1
GAIL+TD3,739,33,25,6.927503792683231,0,1
GAIL+TD3,739,33,26,7.92579272000695,0,1
GAIL+TD3,739,33,27,7.044731311918344,0,1
GAIL+TD3,739,33,28,6.57948131784828,0,1
GAIL+TD3,739,33,29,6.054305308104988,0,1
GAIL+TD3,739,33,30,6.573270600329152,0,1
GAIL+TD3,739,33,31,6.912689052637537,0,1
GAIL+TD3,739,33,32,7.330286698140423,0,1
GAIL+TD3,739,33,33,6.47675142708874,0,1
GAIL+TD3,739,33,34,6.710378075024263,0,1
GAIL+TD3,739,33,35,6.243236842420827,0,1
GAIL+TD3,739,33,36,6.368910739599038,0,1
GAIL+TD3,739,33,37,6.753967752828423,0,1
GAIL+TD3,739,33,38,6.706029230026612,0,1
GAIL+TD3,739,33,39,6.544564150596713,0,1
GAIL+TD3,739,33,40,6.263583442433268,0,1
GAIL+TD3,739,33,41,6.427505451381855,0,1
GAIL+TD3,739,33,42,6.36564822688674,0,1
GAIL+TD3,739,33,43,6.5330441096209215,0,1
GAIL+TD3,739,33,44,6.466531852469626,0,1
GAIL+TD3,739,33,45,6.438467763174953,0,1
GAIL+TD3,739,33,46,6.178361929811118,0,1
GAIL+TD3,739,33,47,5.5270144839437485,0,1
GAIL+TD3,739,33,48,5.228443487920023,0,1
GAIL+TD3,739,33,49,6.411313226691341,0,1
GAIL+TD3,739,34,9,7.1125688443111095,0,1
GAIL+TD3,739,34,12,5.186373476685072,0,1
GAIL+TD3,739,34,16,5.8769686268214825,0,1
GAIL+TD3,739,34,18,7.13100626740947,0,1
GAIL+TD3,739,34,19,6.7871291499882265,0,1
GAIL+TD3,739,34,21,7.5073620862587775,0,1
GAIL+TD3,739,34,22,6.3273116552923865,0,1
GAIL+TD3,739,34,23,5.591213955841315,0,1
GAIL+TD3,739,34,24,6.800514800514798,0,1
GAIL+TD3,739,34,25,6.927503792683231,0,1
GAIL+TD3,739,34,26,7.92579272000695,0,1
GAIL+TD3,739,34,27,7.044731311918344,0,1
GAIL+TD3,739,34,28,6.57948131784828,0,1
GAIL+TD3,739,34,29,6.054305308104988,0,1
GAIL+TD3,739,34,30,6.573270600329152,0,1
GAIL+TD3,739,34,31,6.912689052637537,0,1
GAIL+TD3,739,34,32,7.330286698140423,0,1
GAIL+TD3,739,34,33,6.47675142708874,0,1
GAIL+TD3,739,34,34,6.710378075024263,0,1
GAIL+TD3,739,34,35,6.243236842420827,0,1
GAIL+TD3,739,34,36,6.368910739599038,0,1
GAIL+TD3,739,34,37,6.753967752828423,0,1
GAIL+TD3,739,34,38,6.706029230026612,0,1
GAIL+TD3,739,34,39,6.544564150596713,0,1
GAIL+TD3,739,34,40,6.263583442433268,0,1
GAIL+TD3,739,34,41,6.427505451381855,0,1
GAIL+TD3,739,34,42,6.36564822688674,0,1
GAIL+TD3,739,34,43,6.5330441096209215,0,1
GAIL+TD3,739,34,44,6.466531852469626,0,1
GAIL+TD3,739,34,45,6.438467763174953,0,1
GAIL+TD3,739,34,46,6.178361929811118,0,1
GAIL+TD3,739,34,47,5.5270144839437485,0,1
GAIL+TD3,739,34,48,5.228443487920023,0,1
GAIL+TD3,739,34,49,6.411313226691341,0,1
GAIL+TD3,739,35,9,7.1125688443111095,0,1
GAIL+TD3,739,35,12,5.186373476685072,0,1
GAIL+TD3,739,35,16,5.8769686268214825,0,1
GAIL+TD3,739,35,18,7.13100626740947,0,1
GAIL+TD3,739,35,19,6.7871291499882265,0,1
GAIL+TD3,739,35,21,7.5073620862587775,0,1
GAIL+TD3,739,35,22,6.3273116552923865,0,1
GAIL+TD3,739,35,23,5.591213955841315,0,1
GAIL+TD3,739,35,24,6.800514800514798,0,1
GAIL+TD3,739,35,25,6.927503792683231,0,1
GAIL+TD3,739,35,26,7.92579272000695,0,1
GAIL+TD3,739,35,27,7.044731311918344,0,1
GAIL+TD3,739,35,28,6.57948131784828,0,1
GAIL+TD3,739,35,29,6.054305308104988,0,1
GAIL+TD3,739,35,30,6.573270600329152,0,1
GAIL+TD3,739,35,31,6.912689052637537,0,1
GAIL+TD3,739,35,32,7.330286698140423,0,1
GAIL+TD3,739,35,33,6.47675142708874,0,1
GAIL+TD3,739,35,34,6.710378075024263,0,1
GAIL+TD3,739,35,35,6.243236842420827,0,1
GAIL+TD3,739,35,36,6.368910739599038,0,1
GAIL+TD3,739,35,37,6.753967752828423,0,1
GAIL+TD3,739,35,38,6.706029230026612,0,1
GAIL+TD3,739,35,39,6.544564150596713,0,1
GAIL+TD3,739,35,40,6.263583442433268,0,1
GAIL+TD3,739,35,41,6.427505451381855,0,1
GAIL+TD3,739,35,42,6.36564822688674,0,1
GAIL+TD3,739,35,43,6.5330441096209215,0,1
GAIL+TD3,739,35,44,6.466531852469626,0,1
GAIL+TD3,739,35,45,6.438467763174953,0,1
GAIL+TD3,739,35,46,6.178361929811118,0,1
GAIL+TD3,739,35,47,5.5270144839437485,0,1
GAIL+TD3,739,35,48,5.228443487920023,0,1
GAIL+TD3,739,35,49,6.411313226691341,0,1
GAIL+TD3,739,36,9,7.1125688443111095,0,1
GAIL+TD3,739,36,12,5.186373476685072,0,1
GAIL+TD3,739,36,16,5.8769686268214825,0,1
GAIL+TD3,739,36,18,7.13100626740947,0,1
GAIL+TD3,739,36,19,6.7871291499882265,0,1
GAIL+TD3,739,36,21,7.5073620862587775,0,1
GAIL+TD3,739,36,22,6.3273116552923865,0,1
GAIL+TD3,739,36,23,5.591213955841315,0,1
GAIL+TD3,739,36,24,6.800514800514798,0,1
GAIL+TD3,739,36,25,6.927503792683231,0,1
GAIL+TD3,739,36,26,7.92579272000695,0,1
GAIL+TD3,739,36,27,7.044731311918344,0,1
GAIL+TD3,739,36,28,6.57948131784828,0,1
GAIL+TD3,739,36,29,6.054305308104988,0,1
GAIL+TD3,739,36,30,6.573270600329152,0,1
GAIL+TD3,739,36,31,6.912689052637537,0,1
GAIL+TD3,739,36,32,7.330286698140423,0,1
GAIL+TD3,739,36,33,6.47675142708874,0,1
GAIL+TD3,739,36,34,6.710378075024263,0,1
GAIL+TD3,739,36,35,6.243236842420827,0,1
GAIL+TD3,739,36,36,6.368910739599038,0,1
GAIL+TD3,739,36,37,6.753967752828423,0,1
GAIL+TD3,739,36,38,6.706029230026612,0,1
GAIL+TD3,739,36,39,6.544564150596713,0,1
GAIL+TD3,739,36,40,6.263583442433268,0,1
GAIL+TD3,739,36,41,6.427505451381855,0,1
GAIL+TD3,739,36,42,6.36564822688674,0,1
GAIL+TD3,739,36,43,6.5330441096209215,0,1
GAIL+TD3,739,36,44,6.466531852469626,0,1
GAIL+TD3,739,36,45,6.438467763174953,0,1
GAIL+TD3,739,36,46,6.178361929811118,0,1
GAIL+TD3,739,36,47,5.5270144839437485,0,1
GAIL+TD3,739,36,48,5.228443487920023,0,1
GAIL+TD3,739,36,49,6.411313226691341,0,1
GAIL+TD3,739,37,9,7.1125688443111095,0,1
GAIL+TD3,739,37,12,5.186373476685072,0,1
GAIL+TD3,739,37,16,5.8769686268214825,0,1
GAIL+TD3,739,37,18,7.13100626740947,0,1
GAIL+TD3,739,37,19,6.7871291499882265,0,1
GAIL+TD3,739,37,21,7.5073620862587775,0,1
GAIL+TD3,739,37,22,6.3273116552923865,0,1
GAIL+TD3,739,37,23,5.591213955841315,0,1
GAIL+TD3,739,37,24,6.800514800514798,0,1
GAIL+TD3,739,37,25,6.927503792683231,0,1
GAIL+TD3,739,37,26,7.92579272000695,0,1
GAIL+TD3,739,37,27,7.044731311918344,0,1
GAIL+TD3,739,37,28,6.57948131784828,0,1
GAIL+TD3,739,37,29,6.054305308104988,0,1
GAIL+TD3,739,37,30,6.573270600329152,0,1
GAIL+TD3,739,37,31,6.912689052637537,0,1
GAIL+TD3,739,37,32,7.330286698140423,0,1
GAIL+TD3,739,37,33,6.47675142708874,0,1
GAIL+TD3,739,37,34,6.710378075024263,0,1
GAIL+TD3,739,37,35,6.243236842420827,0,1
GAIL+TD3,739,37,36,6.368910739599038,0,1
GAIL+TD3,739,37,37,6.753967752828423,0,1
GAIL+TD3,739,37,38,6.706029230026612,0,1
GAIL+TD3,739,37,39,6.544564150596713,0,1
GAIL+TD3,739,37,40,6.263583442433268,0,1
GAIL+TD3,739,37,41,6.427505451381855,0,1
GAIL+TD3,739,37,42,6.36564822688674,0,1
GAIL+TD3,739,37,43,6.5330441096209215,0,1
GAIL+TD3,739,37,44,6.466531852469626,0,1
GAIL+TD3,739,37,45,6.438467763174953,0,1
GAIL+TD3,739,37,46,6.178361929811118,0,1
GAIL+TD3,739,37,47,5.5270144839437485,0,1
GAIL+TD3,739,37,48,5.228443487920023,0,1
GAIL+TD3,739,37,49,6.411313226691341,0,1
GAIL+TD3,739,38,9,7.1125688443111095,0,1
GAIL+TD3,739,38,12,5.186373476685072,0,1
GAIL+TD3,739,38,16,5.8769686268214825,0,1
GAIL+TD3,739,38,18,7.13100626740947,0,1
GAIL+TD3,739,38,19,6.7871291499882265,0,1
GAIL+TD3,739,38,21,7.5073620862587775,0,1
GAIL+TD3,739,38,22,6.3273116552923865,0,1
GAIL+TD3,739,38,23,5.591213955841315,0,1
GAIL+TD3,739,38,24,6.800514800514798,0,1
GAIL+TD3,739,38,25,6.927503792683231,0,1
GAIL+TD3,739,38,26,7.92579272000695,0,1
GAIL+TD3,739,38,27,7.044731311918344,0,1
GAIL+TD3,739,38,28,6.57948131784828,0,1
GAIL+TD3,739,38,29,6.054305308104988,0,1
GAIL+TD3,739,38,30,6.573270600329152,0,1
GAIL+TD3,739,38,31,6.912689052637537,0,1
GAIL+TD3,739,38,32,7.330286698140423,0,1
GAIL+TD3,739,38,33,6.47675142708874,0,1
GAIL+TD3,739,38,34,6.710378075024263,0,1
GAIL+TD3,739,38,35,6.243236842420827,0,1
GAIL+TD3,739,38,36,6.368910739599038,0,1
GAIL+TD3,739,38,37,6.753967752828423,0,1
GAIL+TD3,739,38,38,6.706029230026612,0,1
GAIL+TD3,739,38,39,6.544564150596713,0,1
GAIL+TD3,739,38,40,6.263583442433268,0,1
GAIL+TD3,739,38,41,6.427505451381855,0,1
GAIL+TD3,739,38,42,6.36564822688674,0,1
GAIL+TD3,739,38,43,6.5330441096209215,0,1
GAIL+TD3,739,38,44,6.466531852469626,0,1
GAIL+TD3,739,38,45,6.438467763174953,0,1
GAIL+TD3,739,38,46,6.178361929811118,0,1
GAIL+TD3,739,38,47,5.5270144839437485,0,1
GAIL+TD3,739,38,48,5.228443487920023,0,1
GAIL+TD3,739,38,49,6.411313226691341,0,1
GAIL+TD3,739,39,9,7.1125688443111095,0,1
GAIL+TD3,739,39,12,5.186373476685072,0,1
GAIL+TD3,739,39,16,5.8769686268214825,0,1
GAIL+TD3,739,39,18,7.13100626740947,0,1
GAIL+TD3,739,39,19,6.7871291499882265,0,1
GAIL+TD3,739,39,21,7.5073620862587775,0,1
GAIL+TD3,739,39,22,6.3273116552923865,0,1
GAIL+TD3,739,39,23,5.591213955841315,0,1
GAIL+TD3,739,39,24,6.800514800514798,0,1
GAIL+TD3,739,39,25,6.927503792683231,0,1
GAIL+TD3,739,39,26,7.92579272000695,0,1
GAIL+TD3,739,39,27,7.044731311918344,0,1
GAIL+TD3,739,39,28,6.57948131784828,0,1
GAIL+TD3,739,39,29,6.054305308104988,0,1
GAIL+TD3,739,39,30,6.573270600329152,0,1
GAIL+TD3,739,39,31,6.912689052637537,0,1
GAIL+TD3,739,39,32,7.330286698140423,0,1
GAIL+TD3,739,39,33,6.47675142708874,0,1
GAIL+TD3,739,39,34,6.710378075024263,0,1
GAIL+TD3,739,39,35,6.243236842420827,0,1
GAIL+TD3,739,39,36,6.368910739599038,0,1
GAIL+TD3,739,39,37,6.753967752828423,0,1
GAIL+TD3,739,39,38,6.706029230026612,0,1
GAIL+TD3,739,39,39,6.544564150596713,0,1
GAIL+TD3,739,39,40,6.263583442433268,0,1
GAIL+TD3,739,39,41,6.427505451381855,0,1
GAIL+TD3,739,39,42,6.36564822688674,0,1
GAIL+TD3,739,39,43,6.5330441096209215,0,1
GAIL+TD3,739,39,44,6.466531852469626,0,1
GAIL+TD3,739,39,45,6.438467763174953,0,1
GAIL+TD3,739,39,46,6.178361929811118,0,1
GAIL+TD3,739,39,47,5.5270144839437485,0,1
GAIL+TD3,739,39,48,5.228443487920023,0,1
GAIL+TD3,739,39,49,6.411313226691341,0,1
GAIL+TD3,739,40,9,7.1125688443111095,0,1
GAIL+TD3,739,40,12,5.186373476685072,0,1
GAIL+TD3,739,40,16,5.8769686268214825,0,1
GAIL+TD3,739,40,18,7.13100626740947,0,1
GAIL+TD3,739,40,19,6.7871291499882265,0,1
GAIL+TD3,739,40,21,7.5073620862587775,0,1
GAIL+TD3,739,40,22,6.3273116552923865,0,1
GAIL+TD3,739,40,23,5.591213955841315,0,1
GAIL+TD3,739,40,24,6.800514800514798,0,1
GAIL+TD3,739,40,25,6.927503792683231,0,1
GAIL+TD3,739,40,26,7.92579272000695,0,1
GAIL+TD3,739,40,27,7.044731311918344,0,1
GAIL+TD3,739,40,28,6.57948131784828,0,1
GAIL+TD3,739,40,29,6.054305308104988,0,1
GAIL+TD3,739,40,30,6.573270600329152,0,1
GAIL+TD3,739,40,31,6.912689052637537,0,1
GAIL+TD3,739,40,32,7.330286698140423,0,1
GAIL+TD3,739,40,33,6.47675142708874,0,1
GAIL+TD3,739,40,34,6.710378075024263,0,1
GAIL+TD3,739,40,35,6.243236842420827,0,1
GAIL+TD3,739,40,36,6.368910739599038,0,1
GAIL+TD3,739,40,37,6.753967752828423,0,1
GAIL+TD3,739,40,38,6.706029230026612,0,1
GAIL+TD3,739,40,39,6.544564150596713,0,1
GAIL+TD3,739,40,40,6.263583442433268,0,1
GAIL+TD3,739,40,41,6.427505451381855,0,1
GAIL+TD3,739,40,42,6.36564822688674,0,1
GAIL+TD3,739,40,43,6.5330441096209215,0,1
GAIL+TD3,739,40,44,6.466531852469626,0,1
GAIL+TD3,739,40,45,6.438467763174953,0,1
GAIL+TD3,739,40,46,6.178361929811118,0,1
GAIL+TD3,739,40,47,5.5270144839437485,0,1
GAIL+TD3,739,40,48,5.228443487920023,0,1
GAIL+TD3,739,40,49,6.411313226691341,0,1
GAIL+TD3,739,41,9,7.1125688443111095,0,1
GAIL+TD3,739,41,12,5.186373476685072,0,1
GAIL+TD3,739,41,16,5.8769686268214825,0,1
GAIL+TD3,739,41,18,7.13100626740947,0,1
GAIL+TD3,739,41,19,6.7871291499882265,0,1
GAIL+TD3,739,41,21,7.5073620862587775,0,1
GAIL+TD3,739,41,22,6.3273116552923865,0,1
GAIL+TD3,739,41,23,5.591213955841315,0,1
GAIL+TD3,739,41,24,6.800514800514798,0,1
GAIL+TD3,739,41,25,6.927503792683231,0,1
GAIL+TD3,739,41,26,7.92579272000695,0,1
GAIL+TD3,739,41,27,7.044731311918344,0,1
GAIL+TD3,739,41,28,6.57948131784828,0,1
GAIL+TD3,739,41,29,6.054305308104988,0,1
GAIL+TD3,739,41,30,6.573270600329152,0,1
GAIL+TD3,739,41,31,6.912689052637537,0,1
GAIL+TD3,739,41,32,7.330286698140423,0,1
GAIL+TD3,739,41,33,6.47675142708874,0,1
GAIL+TD3,739,41,34,6.710378075024263,0,1
GAIL+TD3,739,41,35,6.243236842420827,0,1
GAIL+TD3,739,41,36,6.368910739599038,0,1
GAIL+TD3,739,41,37,6.753967752828423,0,1
GAIL+TD3,739,41,38,6.706029230026612,0,1
GAIL+TD3,739,41,39,6.544564150596713,0,1
GAIL+TD3,739,41,40,6.263583442433268,0,1
GAIL+TD3,739,41,41,6.427505451381855,0,1
GAIL+TD3,739,41,42,6.36564822688674,0,1
GAIL+TD3,739,41,43,6.5330441096209215,0,1
GAIL+TD3,739,41,44,6.466531852469626,0,1
GAIL+TD3,739,41,45,6.438467763174953,0,1
GAIL+TD3,739,41,46,6.178361929811118,0,1
GAIL+TD3,739,41,47,5.5270144839437485,0,1
GAIL+TD3,739,41,48,5.228443487920023,0,1
GAIL+TD3,739,41,49,6.411313226691341,0,1
GAIL+TD3,739,42,9,7.1125688443111095,0,1
GAIL+TD3,739,42,12,5.186373476685072,0,1
GAIL+TD3,739,42,16,5.8769686268214825,0,1
GAIL+TD3,739,42,18,7.13100626740947,0,1
GAIL+TD3,739,42,19,6.7871291499882265,0,1
GAIL+TD3,739,42,21,7.5073620862587775,0,1
GAIL+TD3,739,42,22,6.3273116552923865,0,1
GAIL+TD3,739,42,23,5.591213955841315,0,1
GAIL+TD3,739,42,24,6.800514800514798,0,1
GAIL+TD3,739,42,25,6.927503792683231,0,1
GAIL+TD3,739,42,26,7.92579272000695,0,1
GAIL+TD3,739,42,27,7.044731311918344,0,1
GAIL+TD3,739,42,28,6.57948131784828,0,1
GAIL+TD3,739,42,29,6.054305308104988,0,1
GAIL+TD3,739,42,30,6.573270600329152,0,1
GAIL+TD3,739,42,31,6.912689052637537,0,1
GAIL+TD3,739,42,32,7.330286698140423,0,1
GAIL+TD3,739,42,33,6.47675142708874,0,1
GAIL+TD3,739,42,34,6.710378075024263,0,1
GAIL+TD3,739,42,35,6.243236842420827,0,1
GAIL+TD3,739,42,36,6.368910739599038,0,1
GAIL+TD3,739,42,37,6.753967752828423,0,1
GAIL+TD3,739,42,38,6.706029230026612,0,1
GAIL+TD3,739,42,39,6.544564150596713,0,1
GAIL+TD3,739,42,40,6.263583442433268,0,1
GAIL+TD3,739,42,41,6.427505451381855,0,1
GAIL+TD3,739,42,42,6.36564822688674,0,1
GAIL+TD3,739,42,43,6.5330441096209215,0,1
GAIL+TD3,739,42,44,6.466531852469626,0,1
GAIL+TD3,739,42,45,6.438467763174953,0,1
GAIL+TD3,739,42,46,6.178361929811118,0,1
GAIL+TD3,739,42,47,5.5270144839437485,0,1
GAIL+TD3,739,42,48,5.228443487920023,0,1
GAIL+TD3,739,42,49,6.411313226691341,0,1
GAIL+TD3,739,43,9,7.1125688443111095,0,1
GAIL+TD3,739,43,12,5.186373476685072,0,1
GAIL+TD3,739,43,16,5.8769686268214825,0,1
GAIL+TD3,739,43,18,7.13100626740947,0,1
GAIL+TD3,739,43,19,6.7871291499882265,0,1
GAIL+TD3,739,43,21,7.5073620862587775,0,1
GAIL+TD3,739,43,22,6.3273116552923865,0,1
GAIL+TD3,739,43,23,5.591213955841315,0,1
GAIL+TD3,739,43,24,6.800514800514798,0,1
GAIL+TD3,739,43,25,6.927503792683231,0,1
GAIL+TD3,739,43,26,7.92579272000695,0,1
GAIL+TD3,739,43,27,7.044731311918344,0,1
GAIL+TD3,739,43,28,6.57948131784828,0,1
GAIL+TD3,739,43,29,6.054305308104988,0,1
GAIL+TD3,739,43,30,6.573270600329152,0,1
GAIL+TD3,739,43,31,6.912689052637537,0,1
GAIL+TD3,739,43,32,7.330286698140423,0,1
GAIL+TD3,739,43,33,6.47675142708874,0,1
GAIL+TD3,739,43,34,6.710378075024263,0,1
GAIL+TD3,739,43,35,6.243236842420827,0,1
GAIL+TD3,739,43,36,6.368910739599038,0,1
GAIL+TD3,739,43,37,6.753967752828423,0,1
GAIL+TD3,739,43,38,6.706029230026612,0,1
GAIL+TD3,739,43,39,6.544564150596713,0,1
GAIL+TD3,739,43,40,6.263583442433268,0,1
GAIL+TD3,739,43,41,6.427505451381855,0,1
GAIL+TD3,739,43,42,6.36564822688674,0,1
GAIL+TD3,739,43,43,6.5330441096209215,0,1
GAIL+TD3,739,43,44,6.466531852469626,0,1
GAIL+TD3,739,43,45,6.438467763174953,0,1
GAIL+TD3,739,43,46,6.178361929811118,0,1
GAIL+TD3,739,43,47,5.5270144839437485,0,1
GAIL+TD3,739,43,48,5.228443487920023,0,1
GAIL+TD3,739,43,49,6.411313226691341,0,1
GAIL+TD3,739,44,9,7.1125688443111095,0,1
GAIL+TD3,739,44,12,5.186373476685072,0,1
GAIL+TD3,739,44,16,5.8769686268214825,0,1
GAIL+TD3,739,44,18,7.13100626740947,0,1
GAIL+TD3,739,44,19,6.7871291499882265,0,1
GAIL+TD3,739,44,21,7.5073620862587775,0,1
GAIL+TD3,739,44,22,6.3273116552923865,0,1
GAIL+TD3,739,44,23,5.591213955841315,0,1
GAIL+TD3,739,44,24,6.800514800514798,0,1
GAIL+TD3,739,44,25,6.927503792683231,0,1
GAIL+TD3,739,44,26,7.92579272000695,0,1
GAIL+TD3,739,44,27,7.044731311918344,0,1
GAIL+TD3,739,44,28,6.57948131784828,0,1
GAIL+TD3,739,44,29,6.054305308104988,0,1
GAIL+TD3,739,44,30,6.573270600329152,0,1
GAIL+TD3,739,44,31,6.912689052637537,0,1
GAIL+TD3,739,44,32,7.330286698140423,0,1
GAIL+TD3,739,44,33,6.47675142708874,0,1
GAIL+TD3,739,44,34,6.710378075024263,0,1
GAIL+TD3,739,44,35,6.243236842420827,0,1
GAIL+TD3,739,44,36,6.368910739599038,0,1
GAIL+TD3,739,44,37,6.753967752828423,0,1
GAIL+TD3,739,44,38,6.706029230026612,0,1
GAIL+TD3,739,44,39,6.544564150596713,0,1
GAIL+TD3,739,44,40,6.263583442433268,0,1
GAIL+TD3,739,44,41,6.427505451381855,0,1
GAIL+TD3,739,44,42,6.36564822688674,0,1
GAIL+TD3,739,44,43,6.5330441096209215,0,1
GAIL+TD3,739,44,44,6.466531852469626,0,1
GAIL+TD3,739,44,45,6.438467763174953,0,1
GAIL+TD3,739,44,46,6.178361929811118,0,1
GAIL+TD3,739,44,47,5.5270144839437485,0,1
GAIL+TD3,739,44,48,5.228443487920023,0,1
GAIL+TD3,739,44,49,6.411313226691341,0,1
GAIL+TD3,739,45,9,7.1125688443111095,0,1
GAIL+TD3,739,45,12,5.186373476685072,0,1
GAIL+TD3,739,45,16,5.8769686268214825,0,1
GAIL+TD3,739,45,18,7.13100626740947,0,1
GAIL+TD3,739,45,19,6.7871291499882265,0,1
GAIL+TD3,739,45,21,7.5073620862587775,0,1
GAIL+TD3,739,45,22,6.3273116552923865,0,1
GAIL+TD3,739,45,23,5.591213955841315,0,1
GAIL+TD3,739,45,24,6.800514800514798,0,1
GAIL+TD3,739,45,25,6.927503792683231,0,1
GAIL+TD3,739,45,26,7.92579272000695,0,1
GAIL+TD3,739,45,27,7.044731311918344,0,1
GAIL+TD3,739,45,28,6.57948131784828,0,1
GAIL+TD3,739,45,29,6.054305308104988,0,1
GAIL+TD3,739,45,30,6.573270600329152,0,1
GAIL+TD3,739,45,31,6.912689052637537,0,1
GAIL+TD3,739,45,32,7.330286698140423,0,1
GAIL+TD3,739,45,33,6.47675142708874,0,1
GAIL+TD3,739,45,34,6.710378075024263,0,1
GAIL+TD3,739,45,35,6.243236842420827,0,1
GAIL+TD3,739,45,36,6.368910739599038,0,1
GAIL+TD3,739,45,37,6.753967752828423,0,1
GAIL+TD3,739,45,38,6.706029230026612,0,1
GAIL+TD3,739,45,39,6.544564150596713,0,1
GAIL+TD3,739,45,40,6.263583442433268,0,1
GAIL+TD3,739,45,41,6.427505451381855,0,1
GAIL+TD3,739,45,42,6.36564822688674,0,1
GAIL+TD3,739,45,43,6.5330441096209215,0,1
GAIL+TD3,739,45,44,6.466531852469626,0,1
GAIL+TD3,739,45,45,6.438467763174953,0,1
GAIL+TD3,739,45,46,6.178361929811118,0,1
GAIL+TD3,739,45,47,5.5270144839437485,0,1
GAIL+TD3,739,45,48,5.228443487920023,0,1
GAIL+TD3,739,45,49,6.411313226691341,0,1
GAIL+TD3,739,46,9,7.1125688443111095,0,1
GAIL+TD3,739,46,12,5.186373476685072,0,1
GAIL+TD3,739,46,16,5.8769686268214825,0,1
GAIL+TD3,739,46,18,7.13100626740947,0,1
GAIL+TD3,739,46,19,6.7871291499882265,0,1
GAIL+TD3,739,46,21,7.5073620862587775,0,1
GAIL+TD3,739,46,22,6.3273116552923865,0,1
GAIL+TD3,739,46,23,5.591213955841315,0,1
GAIL+TD3,739,46,24,6.800514800514798,0,1
GAIL+TD3,739,46,25,6.927503792683231,0,1
GAIL+TD3,739,46,26,7.92579272000695,0,1
GAIL+TD3,739,46,27,7.044731311918344,0,1
GAIL+TD3,739,46,28,6.57948131784828,0,1
GAIL+TD3,739,46,29,6.054305308104988,0,1
GAIL+TD3,739,46,30,6.573270600329152,0,1
GAIL+TD3,739,46,31,6.912689052637537,0,1
GAIL+TD3,739,46,32,7.330286698140423,0,1
GAIL+TD3,739,46,33,6.47675142708874,0,1
GAIL+TD3,739,46,34,6.710378075024263,0,1
GAIL+TD3,739,46,35,6.243236842420827,0,1
GAIL+TD3,739,46,36,6.368910739599038,0,1
GAIL+TD3,739,46,37,6.753967752828423,0,1
GAIL+TD3,739,46,38,6.706029230026612,0,1
GAIL+TD3,739,46,39,6.544564150596713,0,1
GAIL+TD3,739,46,40,6.263583442433268,0,1
GAIL+TD3,739,46,41,6.427505451381855,0,1
GAIL+TD3,739,46,42,6.36564822688674,0,1
GAIL+TD3,739,46,43,6.5330441096209215,0,1
GAIL+TD3,739,46,44,6.466531852469626,0,1
GAIL+TD3,739,46,45,6.438467763174953,0,1
GAIL+TD3,739,46,46,6.178361929811118,0,1
GAIL+TD3,739,46,47,5.5270144839437485,0,1
GAIL+TD3,739,46,48,5.228443487920023,0,1
GAIL+TD3,739,46,49,6.411313226691341,0,1
GAIL+TD3,739,47,9,7.1125688443111095,0,1
GAIL+TD3,739,47,12,5.186373476685072,0,1
GAIL+TD3,739,47,16,5.8769686268214825,0,1
GAIL+TD3,739,47,18,7.13100626740947,0,1
GAIL+TD3,739,47,19,6.7871291499882265,0,1
GAIL+TD3,739,47,21,7.5073620862587775,0,1
GAIL+TD3,739,47,22,6.3273116552923865,0,1
GAIL+TD3,739,47,23,5.591213955841315,0,1
GAIL+TD3,739,47,24,6.800514800514798,0,1
GAIL+TD3,739,47,25,6.927503792683231,0,1
GAIL+TD3,739,47,26,7.92579272000695,0,1
GAIL+TD3,739,47,27,7.044731311918344,0,1
GAIL+TD3,739,47,28,6.57948131784828,0,1
GAIL+TD3,739,47,29,6.054305308104988,0,1
GAIL+TD3,739,47,30,6.573270600329152,0,1
GAIL+TD3,739,47,31,6.912689052637537,0,1
GAIL+TD3,739,47,32,7.330286698140423,0,1
GAIL+TD3,739,47,33,6.47675142708874,0,1
GAIL+TD3,739,47,34,6.710378075024263,0,1
GAIL+TD3,739,47,35,6.243236842420827,0,1
GAIL+TD3,739,47,36,6.368910739599038,0,1
GAIL+TD3,739,47,37,6.753967752828423,0,1
GAIL+TD3,739,47,38,6.706029230026612,0,1
GAIL+TD3,739,47,39,6.544564150596713,0,1
GAIL+TD3,739,47,40,6.263583442433268,0,1
GAIL+TD3,739,47,41,6.427505451381855,0,1
GAIL+TD3,739,47,42,6.36564822688674,0,1
GAIL+TD3,739,47,43,6.5330441096209215,0,1
GAIL+TD3,739,47,44,6.466531852469626,0,1
GAIL+TD3,739,47,45,6.438467763174953,0,1
GAIL+TD3,739,47,46,6.178361929811118,0,1
GAIL+TD3,739,47,47,5.5270144839437485,0,1
GAIL+TD3,739,47,48,5.228443487920023,0,1
GAIL+TD3,739,47,49,6.411313226691341,0,1
GAIL+TD3,739,48,9,7.1125688443111095,0,1
GAIL+TD3,739,48,12,5.186373476685072,0,1
GAIL+TD3,739,48,16,5.8769686268214825,0,1
GAIL+TD3,739,48,18,7.13100626740947,0,1
GAIL+TD3,739,48,19,6.7871291499882265,0,1
GAIL+TD3,739,48,21,7.5073620862587775,0,1
GAIL+TD3,739,48,22,6.3273116552923865,0,1
GAIL+TD3,739,48,23,5.591213955841315,0,1
GAIL+TD3,739,48,24,6.800514800514798,0,1
GAIL+TD3,739,48,25,6.927503792683231,0,1
GAIL+TD3,739,48,26,7.92579272000695,0,1
GAIL+TD3,739,48,27,7.044731311918344,0,1
GAIL+TD3,739,48,28,6.57948131784828,0,1
GAIL+TD3,739,48,29,6.054305308104988,0,1
GAIL+TD3,739,48,30,6.573270600329152,0,1
GAIL+TD3,739,48,31,6.912689052637537,0,1
GAIL+TD3,739,48,32,7.330286698140423,0,1
GAIL+TD3,739,48,33,6.47675142708874,0,1
GAIL+TD3,739,48,34,6.710378075024263,0,1
GAIL+TD3,739,48,35,6.243236842420827,0,1
GAIL+TD3,739,48,36,6.368910739599038,0,1
GAIL+TD3,739,48,37,6.753967752828423,0,1
GAIL+TD3,739,48,38,6.706029230026612,0,1
GAIL+TD3,739,48,39,6.544564150596713,0,1
GAIL+TD3,739,48,40,6.263583442433268,0,1
GAIL+TD3,739,48,41,6.427505451381855,0,1
GAIL+TD3,739,48,42,6.36564822688674,0,1
GAIL+TD3,739,48,43,6.5330441096209215,0,1
GAIL+TD3,739,48,44,6.466531852469626,0,1
GAIL+TD3,739,48,45,6.438467763174953,0,1
GAIL+TD3,739,48,46,6.178361929811118,0,1
GAIL+TD3,739,48,47,5.5270144839437485,0,1
GAIL+TD3,739,48,48,5.228443487920023,0,1
GAIL+TD3,739,48,49,6.411313226691341,0,1
GAIL+TD3,739,49,9,7.1125688443111095,0,1
GAIL+TD3,739,49,12,5.186373476685072,0,1
GAIL+TD3,739,49,16,5.8769686268214825,0,1
GAIL+TD3,739,49,18,7.13100626740947,0,1
GAIL+TD3,739,49,19,6.7871291499882265,0,1
GAIL+TD3,739,49,21,7.5073620862587775,0,1
GAIL+TD3,739,49,22,6.3273116552923865,0,1
GAIL+TD3,739,49,23,5.591213955841315,0,1
GAIL+TD3,739,49,24,6.800514800514798,0,1
GAIL+TD3,739,49,25,6.927503792683231,0,1
GAIL+TD3,739,49,26,7.92579272000695,0,1
GAIL+TD3,739,49,27,7.044731311918344,0,1
GAIL+TD3,739,49,28,6.57948131784828,0,1
GAIL+TD3,739,49,29,6.054305308104988,0,1
GAIL+TD3,739,49,30,6.573270600329152,0,1
GAIL+TD3,739,49,31,6.912689052637537,0,1
GAIL+TD3,739,49,32,7.330286698140423,0,1
GAIL+TD3,739,49,33,6.47675142708874,0,1
GAIL+TD3,739,49,34,6.710378075024263,0,1
GAIL+TD3,739,49,35,6.243236842420827,0,1
GAIL+TD3,739,49,36,6.368910739599038,0,1
GAIL+TD3,739,49,37,6.753967752828423,0,1
GAIL+TD3,739,49,38,6.706029230026612,0,1
GAIL+TD3,739,49,39,6.544564150596713,0,1
GAIL+TD3,739,49,40,6.263583442433268,0,1
GAIL+TD3,739,49,41,6.427505451381855,0,1
GAIL+TD3,739,49,42,6.36564822688674,0,1
GAIL+TD3,739,49,43,6.5330441096209215,0,1
GAIL+TD3,739,49,44,6.466531852469626,0,1
GAIL+TD3,739,49,45,6.438467763174953,0,1
GAIL+TD3,739,49,46,6.178361929811118,0,1
GAIL+TD3,739,49,47,5.5270144839437485,0,1
GAIL+TD3,739,49,48,5.228443487920023,0,1
GAIL+TD3,739,49,49,6.411313226691341,0,1
GAIL+TD3,739,50,9,7.1125688443111095,0,1
GAIL+TD3,739,50,12,5.186373476685072,0,1
GAIL+TD3,739,50,16,5.8769686268214825,0,1
GAIL+TD3,739,50,18,7.13100626740947,0,1
GAIL+TD3,739,50,19,6.7871291499882265,0,1
GAIL+TD3,739,50,21,7.5073620862587775,0,1
GAIL+TD3,739,50,22,6.3273116552923865,0,1
GAIL+TD3,739,50,23,5.591213955841315,0,1
GAIL+TD3,739,50,24,6.800514800514798,0,1
GAIL+TD3,739,50,25,6.927503792683231,0,1
GAIL+TD3,739,50,26,7.92579272000695,0,1
GAIL+TD3,739,50,27,7.044731311918344,0,1
GAIL+TD3,739,50,28,6.57948131784828,0,1
GAIL+TD3,739,50,29,6.054305308104988,0,1
GAIL+TD3,739,50,30,6.573270600329152,0,1
GAIL+TD3,739,50,31,6.912689052637537,0,1
GAIL+TD3,739,50,32,7.330286698140423,0,1
GAIL+TD3,739,50,33,6.47675142708874,0,1
GAIL+TD3,739,50,34,6.710378075024263,0,1
GAIL+TD3,739,50,35,6.243236842420827,0,1
GAIL+TD3,739,50,36,6.368910739599038,0,1
GAIL+TD3,739,50,37,6.753967752828423,0,1
GAIL+TD3,739,50,38,6.706029230026612,0,1
GAIL+TD3,739,50,39,6.544564150596713,0,1
GAIL+TD3,739,50,40,6.263583442433268,0,1
GAIL+TD3,739,50,41,6.427505451381855,0,1
GAIL+TD3,739,50,42,6.36564822688674,0,1
GAIL+TD3,739,50,43,6.5330441096209215,0,1
GAIL+TD3,739,50,44,6.466531852469626,0,1
GAIL+TD3,739,50,45,6.438467763174953,0,1
GAIL+TD3,739,50,46,6.178361929811118,0,1
GAIL+TD3,739,50,47,5.5270144839437485,0,1
GAIL+TD3,739,50,48,5.228443487920023,0,1
GAIL+TD3,739,50,49,6.411313226691341,0,1
GAIL+TD3,739,51,9,7.1125688443111095,0,1
GAIL+TD3,739,51,12,5.186373476685072,0,1
GAIL+TD3,739,51,16,5.8769686268214825,0,1
GAIL+TD3,739,51,18,7.13100626740947,0,1
GAIL+TD3,739,51,19,6.7871291499882265,0,1
GAIL+TD3,739,51,21,7.5073620862587775,0,1
GAIL+TD3,739,51,22,6.3273116552923865,0,1
GAIL+TD3,739,51,23,5.591213955841315,0,1
GAIL+TD3,739,51,24,6.800514800514798,0,1
GAIL+TD3,739,51,25,6.927503792683231,0,1
GAIL+TD3,739,51,26,7.92579272000695,0,1
GAIL+TD3,739,51,27,7.044731311918344,0,1
GAIL+TD3,739,51,28,6.57948131784828,0,1
GAIL+TD3,739,51,29,6.054305308104988,0,1
GAIL+TD3,739,51,30,6.573270600329152,0,1
GAIL+TD3,739,51,31,6.912689052637537,0,1
GAIL+TD3,739,51,32,7.330286698140423,0,1
GAIL+TD3,739,51,33,6.47675142708874,0,1
GAIL+TD3,739,51,34,6.710378075024263,0,1
GAIL+TD3,739,51,35,6.243236842420827,0,1
GAIL+TD3,739,51,36,6.368910739599038,0,1
GAIL+TD3,739,51,37,6.753967752828423,0,1
GAIL+TD3,739,51,38,6.706029230026612,0,1
GAIL+TD3,739,51,39,6.544564150596713,0,1
GAIL+TD3,739,51,40,6.263583442433268,0,1
GAIL+TD3,739,51,41,6.427505451381855,0,1
GAIL+TD3,739,51,42,6.36564822688674,0,1
GAIL+TD3,739,51,43,6.5330441096209215,0,1
GAIL+TD3,739,51,44,6.466531852469626,0,1
GAIL+TD3,739,51,45,6.438467763174953,0,1
GAIL+TD3,739,51,46,6.178361929811118,0,1
GAIL+TD3,739,51,47,5.5270144839437485,0,1
GAIL+TD3,739,51,48,5.228443487920023,0,1
GAIL+TD3,739,51,49,6.411313226691341,0,1
GAIL+TD3,739,52,9,7.1125688443111095,0,1
GAIL+TD3,739,52,12,5.186373476685072,0,1
GAIL+TD3,739,52,16,5.8769686268214825,0,1
GAIL+TD3,739,52,18,7.13100626740947,0,1
GAIL+TD3,739,52,19,6.7871291499882265,0,1
GAIL+TD3,739,52,21,7.5073620862587775,0,1
GAIL+TD3,739,52,22,6.3273116552923865,0,1
GAIL+TD3,739,52,23,5.591213955841315,0,1
GAIL+TD3,739,52,24,6.800514800514798,0,1
GAIL+TD3,739,52,25,6.927503792683231,0,1
GAIL+TD3,739,52,26,7.92579272000695,0,1
GAIL+TD3,739,52,27,7.044731311918344,0,1
GAIL+TD3,739,52,28,6.57948131784828,0,1
GAIL+TD3,739,52,29,6.054305308104988,0,1
GAIL+TD3,739,52,30,6.573270600329152,0,1
GAIL+TD3,739,52,31,6.912689052637537,0,1
GAIL+TD3,739,52,32,7.330286698140423,0,1
GAIL+TD3,739,52,33,6.47675142708874,0,1
GAIL+TD3,739,52,34,6.710378075024263,0,1
GAIL+TD3,739,52,35,6.243236842420827,0,1
GAIL+TD3,739,52,36,6.368910739599038,0,1
GAIL+TD3,739,52,37,6.753967752828423,0,1
GAIL+TD3,739,52,38,6.706029230026612,0,1
GAIL+TD3,739,52,39,6.544564150596713,0,1
GAIL+TD3,739,52,40,6.263583442433268,0,1
GAIL+TD3,739,52,41,6.427505451381855,0,1
GAIL+TD3,739,52,42,6.36564822688674,0,1
GAIL+TD3,739,52,43,6.5330441096209215,0,1
GAIL+TD3,739,52,44,6.466531852469626,0,1
GAIL+TD3,739,52,45,6.438467763174953,0,1
GAIL+TD3,739,52,46,6.178361929811118,0,1
GAIL+TD3,739,52,47,5.5270144839437485,0,1
GAIL+TD3,739,52,48,5.228443487920023,0,1
GAIL+TD3,739,52,49,6.411313226691341,0,1
GAIL+TD3,739,53,9,7.1125688443111095,0,1
GAIL+TD3,739,53,12,5.186373476685072,0,1
GAIL+TD3,739,53,16,5.8769686268214825,0,1
GAIL+TD3,739,53,18,7.13100626740947,0,1
GAIL+TD3,739,53,19,6.7871291499882265,0,1
GAIL+TD3,739,53,21,7.5073620862587775,0,1
GAIL+TD3,739,53,22,6.3273116552923865,0,1
GAIL+TD3,739,53,23,5.591213955841315,0,1
GAIL+TD3,739,53,24,6.800514800514798,0,1
GAIL+TD3,739,53,25,6.927503792683231,0,1
GAIL+TD3,739,53,26,7.92579272000695,0,1
GAIL+TD3,739,53,27,7.044731311918344,0,1
GAIL+TD3,739,53,28,6.57948131784828,0,1
GAIL+TD3,739,53,29,6.054305308104988,0,1
GAIL+TD3,739,53,30,6.573270600329152,0,1
GAIL+TD3,739,53,31,6.912689052637537,0,1
GAIL+TD3,739,53,32,7.330286698140423,0,1
GAIL+TD3,739,53,33,6.47675142708874,0,1
GAIL+TD3,739,53,34,6.710378075024263,0,1
GAIL+TD3,739,53,35,6.243236842420827,0,1
GAIL+TD3,739,53,36,6.368910739599038,0,1
GAIL+TD3,739,53,37,6.753967752828423,0,1
GAIL+TD3,739,53,38,6.706029230026612,0,1
GAIL+TD3,739,53,39,6.544564150596713,0,1
GAIL+TD3,739,53,40,6.263583442433268,0,1
GAIL+TD3,739,53,41,6.427505451381855,0,1
GAIL+TD3,739,53,42,6.36564822688674,0,1
GAIL+TD3,739,53,43,6.5330441096209215,0,1
GAIL+TD3,739,53,44,6.466531852469626,0,1
GAIL+TD3,739,53,45,6.438467763174953,0,1
GAIL+TD3,739,53,46,6.178361929811118,0,1
GAIL+TD3,739,53,47,5.5270144839437485,0,1
GAIL+TD3,739,53,48,5.228443487920023,0,1
GAIL+TD3,739,53,49,6.411313226691341,0,1
GAIL+TD3,739,54,9,7.1125688443111095,0,1
GAIL+TD3,739,54,12,5.186373476685072,0,1
GAIL+TD3,739,54,16,5.8769686268214825,0,1
GAIL+TD3,739,54,18,7.13100626740947,0,1
GAIL+TD3,739,54,19,6.7871291499882265,0,1
GAIL+TD3,739,54,21,7.5073620862587775,0,1
GAIL+TD3,739,54,22,6.3273116552923865,0,1
GAIL+TD3,739,54,23,5.591213955841315,0,1
GAIL+TD3,739,54,24,6.800514800514798,0,1
GAIL+TD3,739,54,25,6.927503792683231,0,1
GAIL+TD3,739,54,26,7.92579272000695,0,1
GAIL+TD3,739,54,27,7.044731311918344,0,1
GAIL+TD3,739,54,28,6.57948131784828,0,1
GAIL+TD3,739,54,29,6.054305308104988,0,1
GAIL+TD3,739,54,30,6.573270600329152,0,1
GAIL+TD3,739,54,31,6.912689052637537,0,1
GAIL+TD3,739,54,32,7.330286698140423,0,1
GAIL+TD3,739,54,33,6.47675142708874,0,1
GAIL+TD3,739,54,34,6.710378075024263,0,1
GAIL+TD3,739,54,35,6.243236842420827,0,1
GAIL+TD3,739,54,36,6.368910739599038,0,1
GAIL+TD3,739,54,37,6.753967752828423,0,1
GAIL+TD3,739,54,38,6.706029230026612,0,1
GAIL+TD3,739,54,39,6.544564150596713,0,1
GAIL+TD3,739,54,40,6.263583442433268,0,1
GAIL+TD3,739,54,41,6.427505451381855,0,1
GAIL+TD3,739,54,42,6.36564822688674,0,1
GAIL+TD3,739,54,43,6.5330441096209215,0,1
GAIL+TD3,739,54,44,6.466531852469626,0,1
GAIL+TD3,739,54,45,6.438467763174953,0,1
GAIL+TD3,739,54,46,6.178361929811118,0,1
GAIL+TD3,739,54,47,5.5270144839437485,0,1
GAIL+TD3,739,54,48,5.228443487920023,0,1
GAIL+TD3,739,54,49,6.411313226691341,0,1
GAIL+TD3,739,55,9,7.1125688443111095,0,1
GAIL+TD3,739,55,12,5.186373476685072,0,1
GAIL+TD3,739,55,16,5.8769686268214825,0,1
GAIL+TD3,739,55,18,7.13100626740947,0,1
GAIL+TD3,739,55,19,6.7871291499882265,0,1
GAIL+TD3,739,55,21,7.5073620862587775,0,1
GAIL+TD3,739,55,22,6.3273116552923865,0,1
GAIL+TD3,739,55,23,5.591213955841315,0,1
GAIL+TD3,739,55,24,6.800514800514798,0,1
GAIL+TD3,739,55,25,6.927503792683231,0,1
GAIL+TD3,739,55,26,7.92579272000695,0,1
GAIL+TD3,739,55,27,7.044731311918344,0,1
GAIL+TD3,739,55,28,6.57948131784828,0,1
GAIL+TD3,739,55,29,6.054305308104988,0,1
GAIL+TD3,739,55,30,6.573270600329152,0,1
GAIL+TD3,739,55,31,6.912689052637537,0,1
GAIL+TD3,739,55,32,7.330286698140423,0,1
GAIL+TD3,739,55,33,6.47675142708874,0,1
GAIL+TD3,739,55,34,6.710378075024263,0,1
GAIL+TD3,739,55,35,6.243236842420827,0,1
GAIL+TD3,739,55,36,6.368910739599038,0,1
GAIL+TD3,739,55,37,6.753967752828423,0,1
GAIL+TD3,739,55,38,6.706029230026612,0,1
GAIL+TD3,739,55,39,6.544564150596713,0,1
GAIL+TD3,739,55,40,6.263583442433268,0,1
GAIL+TD3,739,55,41,6.427505451381855,0,1
GAIL+TD3,739,55,42,6.36564822688674,0,1
GAIL+TD3,739,55,43,6.5330441096209215,0,1
GAIL+TD3,739,55,44,6.466531852469626,0,1
GAIL+TD3,739,55,45,6.438467763174953,0,1
GAIL+TD3,739,55,46,6.178361929811118,0,1
GAIL+TD3,739,55,47,5.5270144839437485,0,1
GAIL+TD3,739,55,48,5.228443487920023,0,1
GAIL+TD3,739,55,49,6.411313226691341,0,1
GAIL+TD3,739,56,9,7.1125688443111095,0,1
GAIL+TD3,739,56,12,5.186373476685072,0,1
GAIL+TD3,739,56,16,5.8769686268214825,0,1
GAIL+TD3,739,56,18,7.13100626740947,0,1
GAIL+TD3,739,56,19,6.7871291499882265,0,1
GAIL+TD3,739,56,21,7.5073620862587775,0,1
GAIL+TD3,739,56,22,6.3273116552923865,0,1
GAIL+TD3,739,56,23,5.591213955841315,0,1
GAIL+TD3,739,56,24,6.800514800514798,0,1
GAIL+TD3,739,56,25,6.927503792683231,0,1
GAIL+TD3,739,56,26,7.92579272000695,0,1
GAIL+TD3,739,56,27,7.044731311918344,0,1
GAIL+TD3,739,56,28,6.57948131784828,0,1
GAIL+TD3,739,56,29,6.054305308104988,0,1
GAIL+TD3,739,56,30,6.573270600329152,0,1
GAIL+TD3,739,56,31,6.912689052637537,0,1
GAIL+TD3,739,56,32,7.330286698140423,0,1
GAIL+TD3,739,56,33,6.47675142708874,0,1
GAIL+TD3,739,56,34,6.710378075024263,0,1
GAIL+TD3,739,56,35,6.243236842420827,0,1
GAIL+TD3,739,56,36,6.368910739599038,0,1
GAIL+TD3,739,56,37,6.753967752828423,0,1
GAIL+TD3,739,56,38,6.706029230026612,0,1
GAIL+TD3,739,56,39,6.544564150596713,0,1
GAIL+TD3,739,56,40,6.263583442433268,0,1
GAIL+TD3,739,56,41,6.427505451381855,0,1
GAIL+TD3,739,56,42,6.36564822688674,0,1
GAIL+TD3,739,56,43,6.5330441096209215,0,1
GAIL+TD3,739,56,44,6.466531852469626,0,1
GAIL+TD3,739,56,45,6.438467763174953,0,1
GAIL+TD3,739,56,46,6.178361929811118,0,1
GAIL+TD3,739,56,47,5.5270144839437485,0,1
GAIL+TD3,739,56,48,5.228443487920023,0,1
GAIL+TD3,739,56,49,6.411313226691341,0,1
GAIL+TD3,739,57,9,7.1125688443111095,0,1
GAIL+TD3,739,57,12,5.186373476685072,0,1
GAIL+TD3,739,57,16,5.8769686268214825,0,1
GAIL+TD3,739,57,18,7.13100626740947,0,1
GAIL+TD3,739,57,19,6.7871291499882265,0,1
GAIL+TD3,739,57,21,7.5073620862587775,0,1
GAIL+TD3,739,57,22,6.3273116552923865,0,1
GAIL+TD3,739,57,23,5.591213955841315,0,1
GAIL+TD3,739,57,24,6.800514800514798,0,1
GAIL+TD3,739,57,25,6.927503792683231,0,1
GAIL+TD3,739,57,26,7.92579272000695,0,1
GAIL+TD3,739,57,27,7.044731311918344,0,1
GAIL+TD3,739,57,28,6.57948131784828,0,1
GAIL+TD3,739,57,29,6.054305308104988,0,1
GAIL+TD3,739,57,30,6.573270600329152,0,1
GAIL+TD3,739,57,31,6.912689052637537,0,1
GAIL+TD3,739,57,32,7.330286698140423,0,1
GAIL+TD3,739,57,33,6.47675142708874,0,1
GAIL+TD3,739,57,34,6.710378075024263,0,1
GAIL+TD3,739,57,35,6.243236842420827,0,1
GAIL+TD3,739,57,36,6.368910739599038,0,1
GAIL+TD3,739,57,37,6.753967752828423,0,1
GAIL+TD3,739,57,38,6.706029230026612,0,1
GAIL+TD3,739,57,39,6.544564150596713,0,1
GAIL+TD3,739,57,40,6.263583442433268,0,1
GAIL+TD3,739,57,41,6.427505451381855,0,1
GAIL+TD3,739,57,42,6.36564822688674,0,1
GAIL+TD3,739,57,43,6.5330441096209215,0,1
GAIL+TD3,739,57,44,6.466531852469626,0,1
GAIL+TD3,739,57,45,6.438467763174953,0,1
GAIL+TD3,739,57,46,6.178361929811118,0,1
GAIL+TD3,739,57,47,5.5270144839437485,0,1
GAIL+TD3,739,57,48,5.228443487920023,0,1
GAIL+TD3,739,57,49,6.411313226691341,0,1
GAIL+TD3,739,58,9,7.1125688443111095,0,1
GAIL+TD3,739,58,12,5.186373476685072,0,1
GAIL+TD3,739,58,16,5.8769686268214825,0,1
GAIL+TD3,739,58,18,7.13100626740947,0,1
GAIL+TD3,739,58,19,6.7871291499882265,0,1
GAIL+TD3,739,58,21,7.5073620862587775,0,1
GAIL+TD3,739,58,22,6.3273116552923865,0,1
GAIL+TD3,739,58,23,5.591213955841315,0,1
GAIL+TD3,739,58,24,6.800514800514798,0,1
GAIL+TD3,739,58,25,6.927503792683231,0,1
GAIL+TD3,739,58,26,7.92579272000695,0,1
GAIL+TD3,739,58,27,7.044731311918344,0,1
GAIL+TD3,739,58,28,6.57948131784828,0,1
GAIL+TD3,739,58,29,6.054305308104988,0,1
GAIL+TD3,739,58,30,6.573270600329152,0,1
GAIL+TD3,739,58,31,6.912689052637537,0,1
GAIL+TD3,739,58,32,7.330286698140423,0,1
GAIL+TD3,739,58,33,6.47675142708874,0,1
GAIL+TD3,739,58,34,6.710378075024263,0,1
GAIL+TD3,739,58,35,6.243236842420827,0,1
GAIL+TD3,739,58,36,6.368910739599038,0,1
GAIL+TD3,739,58,37,6.753967752828423,0,1
GAIL+TD3,739,58,38,6.706029230026612,0,1
GAIL+TD3,739,58,39,6.544564150596713,0,1
GAIL+TD3,739,58,40,6.263583442433268,0,1
GAIL+TD3,739,58,41,6.427505451381855,0,1
GAIL+TD3,739,58,42,6.36564822688674,0,1
GAIL+TD3,739,58,43,6.5330441096209215,0,1
GAIL+TD3,739,58,44,6.466531852469626,0,1
GAIL+TD3,739,58,45,6.438467763174953,0,1
GAIL+TD3,739,58,46,6.178361929811118,0,1
GAIL+TD3,739,58,47,5.5270144839437485,0,1
GAIL+TD3,739,58,48,5.228443487920023,0,1
GAIL+TD3,739,58,49,6.411313226691341,0,1
GAIL+TD3,739,59,9,7.1125688443111095,0,1
GAIL+TD3,739,59,12,5.186373476685072,0,1
GAIL+TD3,739,59,16,5.8769686268214825,0,1
GAIL+TD3,739,59,18,7.13100626740947,0,1
GAIL+TD3,739,59,19,6.7871291499882265,0,1
GAIL+TD3,739,59,21,7.5073620862587775,0,1
GAIL+TD3,739,59,22,6.3273116552923865,0,1
GAIL+TD3,739,59,23,5.591213955841315,0,1
GAIL+TD3,739,59,24,6.800514800514798,0,1
GAIL+TD3,739,59,25,6.927503792683231,0,1
GAIL+TD3,739,59,26,7.92579272000695,0,1
GAIL+TD3,739,59,27,7.044731311918344,0,1
GAIL+TD3,739,59,28,6.57948131784828,0,1
GAIL+TD3,739,59,29,6.054305308104988,0,1
GAIL+TD3,739,59,30,6.573270600329152,0,1
GAIL+TD3,739,59,31,6.912689052637537,0,1
GAIL+TD3,739,59,32,7.330286698140423,0,1
GAIL+TD3,739,59,33,6.47675142708874,0,1
GAIL+TD3,739,59,34,6.710378075024263,0,1
GAIL+TD3,739,59,35,6.243236842420827,0,1
GAIL+TD3,739,59,36,6.368910739599038,0,1
GAIL+TD3,739,59,37,6.753967752828423,0,1
GAIL+TD3,739,59,38,6.706029230026612,0,1
GAIL+TD3,739,59,39,6.544564150596713,0,1
GAIL+TD3,739,59,40,6.263583442433268,0,1
GAIL+TD3,739,59,41,6.427505451381855,0,1
GAIL+TD3,739,59,42,6.36564822688674,0,1
GAIL+TD3,739,59,43,6.5330441096209215,0,1
GAIL+TD3,739,59,44,6.466531852469626,0,1
GAIL+TD3,739,59,45,6.438467763174953,0,1
GAIL+TD3,739,59,46,6.178361929811118,0,1
GAIL+TD3,739,59,47,5.5270144839437485,0,1
GAIL+TD3,739,59,48,5.228443487920023,0,1
GAIL+TD3,739,59,49,6.411313226691341,0,1
GAIL+TD3,739,60,9,7.1125688443111095,0,1
GAIL+TD3,739,60,12,5.186373476685072,0,1
GAIL+TD3,739,60,16,5.8769686268214825,0,1
GAIL+TD3,739,60,18,7.13100626740947,0,1
GAIL+TD3,739,60,19,6.7871291499882265,0,1
GAIL+TD3,739,60,21,7.5073620862587775,0,1
GAIL+TD3,739,60,22,6.3273116552923865,0,1
GAIL+TD3,739,60,23,5.591213955841315,0,1
GAIL+TD3,739,60,24,6.800514800514798,0,1
GAIL+TD3,739,60,25,6.927503792683231,0,1
GAIL+TD3,739,60,26,7.92579272000695,0,1
GAIL+TD3,739,60,27,7.044731311918344,0,1
GAIL+TD3,739,60,28,6.57948131784828,0,1
GAIL+TD3,739,60,29,6.054305308104988,0,1
GAIL+TD3,739,60,30,6.573270600329152,0,1
GAIL+TD3,739,60,31,6.912689052637537,0,1
GAIL+TD3,739,60,32,7.330286698140423,0,1
GAIL+TD3,739,60,33,6.47675142708874,0,1
GAIL+TD3,739,60,34,6.710378075024263,0,1
GAIL+TD3,739,60,35,6.243236842420827,0,1
GAIL+TD3,739,60,36,6.368910739599038,0,1
GAIL+TD3,739,60,37,6.753967752828423,0,1
GAIL+TD3,739,60,38,6.706029230026612,0,1
GAIL+TD3,739,60,39,6.544564150596713,0,1
GAIL+TD3,739,60,40,6.263583442433268,0,1
GAIL+TD3,739,60,41,6.427505451381855,0,1
GAIL+TD3,739,60,42,6.36564822688674,0,1
GAIL+TD3,739,60,43,6.5330441096209215,0,1
GAIL+TD3,739,60,44,6.466531852469626,0,1
GAIL+TD3,739,60,45,6.438467763174953,0,1
GAIL+TD3,739,60,46,6.178361929811118,0,1
GAIL+TD3,739,60,47,5.5270144839437485,0,1
GAIL+TD3,739,60,48,5.228443487920023,0,1
GAIL+TD3,739,60,49,6.411313226691341,0,1
GAIL+TD3,739,61,9,7.1125688443111095,0,1
GAIL+TD3,739,61,12,5.186373476685072,0,1
GAIL+TD3,739,61,16,5.8769686268214825,0,1
GAIL+TD3,739,61,18,7.13100626740947,0,1
GAIL+TD3,739,61,19,6.7871291499882265,0,1
GAIL+TD3,739,61,21,7.5073620862587775,0,1
GAIL+TD3,739,61,22,6.3273116552923865,0,1
GAIL+TD3,739,61,23,5.591213955841315,0,1
GAIL+TD3,739,61,24,6.800514800514798,0,1
GAIL+TD3,739,61,25,6.927503792683231,0,1
GAIL+TD3,739,61,26,7.92579272000695,0,1
GAIL+TD3,739,61,27,7.044731311918344,0,1
GAIL+TD3,739,61,28,6.57948131784828,0,1
GAIL+TD3,739,61,29,6.054305308104988,0,1
GAIL+TD3,739,61,30,6.573270600329152,0,1
GAIL+TD3,739,61,31,6.912689052637537,0,1
GAIL+TD3,739,61,32,7.330286698140423,0,1
GAIL+TD3,739,61,33,6.47675142708874,0,1
GAIL+TD3,739,61,34,6.710378075024263,0,1
GAIL+TD3,739,61,35,6.243236842420827,0,1
GAIL+TD3,739,61,36,6.368910739599038,0,1
GAIL+TD3,739,61,37,6.753967752828423,0,1
GAIL+TD3,739,61,38,6.706029230026612,0,1
GAIL+TD3,739,61,39,6.544564150596713,0,1
GAIL+TD3,739,61,40,6.263583442433268,0,1
GAIL+TD3,739,61,41,6.427505451381855,0,1
GAIL+TD3,739,61,42,6.36564822688674,0,1
GAIL+TD3,739,61,43,6.5330441096209215,0,1
GAIL+TD3,739,61,44,6.466531852469626,0,1
GAIL+TD3,739,61,45,6.438467763174953,0,1
GAIL+TD3,739,61,46,6.178361929811118,0,1
GAIL+TD3,739,61,47,5.5270144839437485,0,1
GAIL+TD3,739,61,48,5.228443487920023,0,1
GAIL+TD3,739,61,49,6.411313226691341,0,1
GAIL+TD3,739,62,9,7.1125688443111095,0,1
GAIL+TD3,739,62,12,5.186373476685072,0,1
GAIL+TD3,739,62,16,5.8769686268214825,0,1
GAIL+TD3,739,62,18,7.13100626740947,0,1
GAIL+TD3,739,62,19,6.7871291499882265,0,1
GAIL+TD3,739,62,21,7.5073620862587775,0,1
GAIL+TD3,739,62,22,6.3273116552923865,0,1
GAIL+TD3,739,62,23,5.591213955841315,0,1
GAIL+TD3,739,62,24,6.800514800514798,0,1
GAIL+TD3,739,62,25,6.927503792683231,0,1
GAIL+TD3,739,62,26,7.92579272000695,0,1
GAIL+TD3,739,62,27,7.044731311918344,0,1
GAIL+TD3,739,62,28,6.57948131784828,0,1
GAIL+TD3,739,62,29,6.054305308104988,0,1
GAIL+TD3,739,62,30,6.573270600329152,0,1
GAIL+TD3,739,62,31,6.912689052637537,0,1
GAIL+TD3,739,62,32,7.330286698140423,0,1
GAIL+TD3,739,62,33,6.47675142708874,0,1
GAIL+TD3,739,62,34,6.710378075024263,0,1
GAIL+TD3,739,62,35,6.243236842420827,0,1
GAIL+TD3,739,62,36,6.368910739599038,0,1
GAIL+TD3,739,62,37,6.753967752828423,0,1
GAIL+TD3,739,62,38,6.706029230026612,0,1
GAIL+TD3,739,62,39,6.544564150596713,0,1
GAIL+TD3,739,62,40,6.263583442433268,0,1
GAIL+TD3,739,62,41,6.427505451381855,0,1
GAIL+TD3,739,62,42,6.36564822688674,0,1
GAIL+TD3,739,62,43,6.5330441096209215,0,1
GAIL+TD3,739,62,44,6.466531852469626,0,1
GAIL+TD3,739,62,45,6.438467763174953,0,1
GAIL+TD3,739,62,46,6.178361929811118,0,1
GAIL+TD3,739,62,47,5.5270144839437485,0,1
GAIL+TD3,739,62,48,5.228443487920023,0,1
GAIL+TD3,739,62,49,6.411313226691341,0,1
GAIL+TD3,739,63,9,7.1125688443111095,0,1
GAIL+TD3,739,63,12,5.186373476685072,0,1
GAIL+TD3,739,63,16,5.8769686268214825,0,1
GAIL+TD3,739,63,18,7.13100626740947,0,1
GAIL+TD3,739,63,19,6.7871291499882265,0,1
GAIL+TD3,739,63,21,7.5073620862587775,0,1
GAIL+TD3,739,63,22,6.3273116552923865,0,1
GAIL+TD3,739,63,23,5.591213955841315,0,1
GAIL+TD3,739,63,24,6.800514800514798,0,1
GAIL+TD3,739,63,25,6.927503792683231,0,1
GAIL+TD3,739,63,26,7.92579272000695,0,1
GAIL+TD3,739,63,27,7.044731311918344,0,1
GAIL+TD3,739,63,28,6.57948131784828,0,1
GAIL+TD3,739,63,29,6.054305308104988,0,1
GAIL+TD3,739,63,30,6.573270600329152,0,1
GAIL+TD3,739,63,31,6.912689052637537,0,1
GAIL+TD3,739,63,32,7.330286698140423,0,1
GAIL+TD3,739,63,33,6.47675142708874,0,1
GAIL+TD3,739,63,34,6.710378075024263,0,1
GAIL+TD3,739,63,35,6.243236842420827,0,1
GAIL+TD3,739,63,36,6.368910739599038,0,1
GAIL+TD3,739,63,37,6.753967752828423,0,1
GAIL+TD3,739,63,38,6.706029230026612,0,1
GAIL+TD3,739,63,39,6.544564150596713,0,1
GAIL+TD3,739,63,40,6.263583442433268,0,1
GAIL+TD3,739,63,41,6.427505451381855,0,1
GAIL+TD3,739,63,42,6.36564822688674,0,1
GAIL+TD3,739,63,43,6.5330441096209215,0,1
GAIL+TD3,739,63,44,6.466531852469626,0,1
GAIL+TD3,739,63,45,6.438467763174953,0,1
GAIL+TD3,739,63,46,6.178361929811118,0,1
GAIL+TD3,739,63,47,5.5270144839437485,0,1
GAIL+TD3,739,63,48,5.228443487920023,0,1
GAIL+TD3,739,63,49,6.411313226691341,0,1
GAIL+TD3,739,64,9,7.1125688443111095,0,1
GAIL+TD3,739,64,12,5.186373476685072,0,1
GAIL+TD3,739,64,16,5.8769686268214825,0,1
GAIL+TD3,739,64,18,7.13100626740947,0,1
GAIL+TD3,739,64,19,6.7871291499882265,0,1
GAIL+TD3,739,64,21,7.5073620862587775,0,1
GAIL+TD3,739,64,22,6.3273116552923865,0,1
GAIL+TD3,739,64,23,5.591213955841315,0,1
GAIL+TD3,739,64,24,6.800514800514798,0,1
GAIL+TD3,739,64,25,6.927503792683231,0,1
GAIL+TD3,739,64,26,7.92579272000695,0,1
GAIL+TD3,739,64,27,7.044731311918344,0,1
GAIL+TD3,739,64,28,6.57948131784828,0,1
GAIL+TD3,739,64,29,6.054305308104988,0,1
GAIL+TD3,739,64,30,6.573270600329152,0,1
GAIL+TD3,739,64,31,6.912689052637537,0,1
GAIL+TD3,739,64,32,7.330286698140423,0,1
GAIL+TD3,739,64,33,6.47675142708874,0,1
GAIL+TD3,739,64,34,6.710378075024263,0,1
GAIL+TD3,739,64,35,6.243236842420827,0,1
GAIL+TD3,739,64,36,6.368910739599038,0,1
GAIL+TD3,739,64,37,6.753967752828423,0,1
GAIL+TD3,739,64,38,6.706029230026612,0,1
GAIL+TD3,739,64,39,6.544564150596713,0,1
GAIL+TD3,739,64,40,6.263583442433268,0,1
GAIL+TD3,739,64,41,6.427505451381855,0,1
GAIL+TD3,739,64,42,6.36564822688674,0,1
GAIL+TD3,739,64,43,6.5330441096209215,0,1
GAIL+TD3,739,64,44,6.466531852469626,0,1
GAIL+TD3,739,64,45,6.438467763174953,0,1
GAIL+TD3,739,64,46,6.178361929811118,0,1
GAIL+TD3,739,64,47,5.5270144839437485,0,1
GAIL+TD3,739,64,48,5.228443487920023,0,1
GAIL+TD3,739,64,49,6.411313226691341,0,1
GAIL+TD3,739,65,9,7.1125688443111095,0,1
GAIL+TD3,739,65,12,5.186373476685072,0,1
GAIL+TD3,739,65,16,5.8769686268214825,0,1
GAIL+TD3,739,65,18,7.13100626740947,0,1
GAIL+TD3,739,65,19,6.7871291499882265,0,1
GAIL+TD3,739,65,21,7.5073620862587775,0,1
GAIL+TD3,739,65,22,6.3273116552923865,0,1
GAIL+TD3,739,65,23,5.591213955841315,0,1
GAIL+TD3,739,65,24,6.800514800514798,0,1
GAIL+TD3,739,65,25,6.927503792683231,0,1
GAIL+TD3,739,65,26,7.92579272000695,0,1
GAIL+TD3,739,65,27,7.044731311918344,0,1
GAIL+TD3,739,65,28,6.57948131784828,0,1
GAIL+TD3,739,65,29,6.054305308104988,0,1
GAIL+TD3,739,65,30,6.573270600329152,0,1
GAIL+TD3,739,65,31,6.912689052637537,0,1
GAIL+TD3,739,65,32,7.330286698140423,0,1
GAIL+TD3,739,65,33,6.47675142708874,0,1
GAIL+TD3,739,65,34,6.710378075024263,0,1
GAIL+TD3,739,65,35,6.243236842420827,0,1
GAIL+TD3,739,65,36,6.368910739599038,0,1
GAIL+TD3,739,65,37,6.753967752828423,0,1
GAIL+TD3,739,65,38,6.706029230026612,0,1
GAIL+TD3,739,65,39,6.544564150596713,0,1
GAIL+TD3,739,65,40,6.263583442433268,0,1
GAIL+TD3,739,65,41,6.427505451381855,0,1
GAIL+TD3,739,65,42,6.36564822688674,0,1
GAIL+TD3,739,65,43,6.5330441096209215,0,1
GAIL+TD3,739,65,44,6.466531852469626,0,1
GAIL+TD3,739,65,45,6.438467763174953,0,1
GAIL+TD3,739,65,46,6.178361929811118,0,1
GAIL+TD3,739,65,47,5.5270144839437485,0,1
GAIL+TD3,739,65,48,5.228443487920023,0,1
GAIL+TD3,739,65,49,6.411313226691341,0,1
GAIL+TD3,739,66,9,7.1125688443111095,0,1
GAIL+TD3,739,66,12,5.186373476685072,0,1
GAIL+TD3,739,66,16,5.8769686268214825,0,1
GAIL+TD3,739,66,18,7.13100626740947,0,1
GAIL+TD3,739,66,19,6.7871291499882265,0,1
GAIL+TD3,739,66,21,7.5073620862587775,0,1
GAIL+TD3,739,66,22,6.3273116552923865,0,1
GAIL+TD3,739,66,23,5.591213955841315,0,1
GAIL+TD3,739,66,24,6.800514800514798,0,1
GAIL+TD3,739,66,25,6.927503792683231,0,1
GAIL+TD3,739,66,26,7.92579272000695,0,1
GAIL+TD3,739,66,27,7.044731311918344,0,1
GAIL+TD3,739,66,28,6.57948131784828,0,1
GAIL+TD3,739,66,29,6.054305308104988,0,1
GAIL+TD3,739,66,30,6.573270600329152,0,1
GAIL+TD3,739,66,31,6.912689052637537,0,1
GAIL+TD3,739,66,32,7.330286698140423,0,1
GAIL+TD3,739,66,33,6.47675142708874,0,1
GAIL+TD3,739,66,34,6.710378075024263,0,1
GAIL+TD3,739,66,35,6.243236842420827,0,1
GAIL+TD3,739,66,36,6.368910739599038,0,1
GAIL+TD3,739,66,37,6.753967752828423,0,1
GAIL+TD3,739,66,38,6.706029230026612,0,1
GAIL+TD3,739,66,39,6.544564150596713,0,1
GAIL+TD3,739,66,40,6.263583442433268,0,1
GAIL+TD3,739,66,41,6.427505451381855,0,1
GAIL+TD3,739,66,42,6.36564822688674,0,1
GAIL+TD3,739,66,43,6.5330441096209215,0,1
GAIL+TD3,739,66,44,6.466531852469626,0,1
GAIL+TD3,739,66,45,6.438467763174953,0,1
GAIL+TD3,739,66,46,6.178361929811118,0,1
GAIL+TD3,739,66,47,5.5270144839437485,0,1
GAIL+TD3,739,66,48,5.228443487920023,0,1
GAIL+TD3,739,66,49,6.411313226691341,0,1
GAIL+TD3,739,67,9,7.1125688443111095,0,1
GAIL+TD3,739,67,12,5.186373476685072,0,1
GAIL+TD3,739,67,16,5.8769686268214825,0,1
GAIL+TD3,739,67,18,7.13100626740947,0,1
GAIL+TD3,739,67,19,6.7871291499882265,0,1
GAIL+TD3,739,67,21,7.5073620862587775,0,1
GAIL+TD3,739,67,22,6.3273116552923865,0,1
GAIL+TD3,739,67,23,5.591213955841315,0,1
GAIL+TD3,739,67,24,6.800514800514798,0,1
GAIL+TD3,739,67,25,6.927503792683231,0,1
GAIL+TD3,739,67,26,7.92579272000695,0,1
GAIL+TD3,739,67,27,7.044731311918344,0,1
GAIL+TD3,739,67,28,6.57948131784828,0,1
GAIL+TD3,739,67,29,6.054305308104988,0,1
GAIL+TD3,739,67,30,6.573270600329152,0,1
GAIL+TD3,739,67,31,6.912689052637537,0,1
GAIL+TD3,739,67,32,7.330286698140423,0,1
GAIL+TD3,739,67,33,6.47675142708874,0,1
GAIL+TD3,739,67,34,6.710378075024263,0,1
GAIL+TD3,739,67,35,6.243236842420827,0,1
GAIL+TD3,739,67,36,6.368910739599038,0,1
GAIL+TD3,739,67,37,6.753967752828423,0,1
GAIL+TD3,739,67,38,6.706029230026612,0,1
GAIL+TD3,739,67,39,6.544564150596713,0,1
GAIL+TD3,739,67,40,6.263583442433268,0,1
GAIL+TD3,739,67,41,6.427505451381855,0,1
GAIL+TD3,739,67,42,6.36564822688674,0,1
GAIL+TD3,739,67,43,6.5330441096209215,0,1
GAIL+TD3,739,67,44,6.466531852469626,0,1
GAIL+TD3,739,67,45,6.438467763174953,0,1
GAIL+TD3,739,67,46,6.178361929811118,0,1
GAIL+TD3,739,67,47,5.5270144839437485,0,1
GAIL+TD3,739,67,48,5.228443487920023,0,1
GAIL+TD3,739,67,49,6.411313226691341,0,1
GAIL+TD3,739,68,9,7.1125688443111095,0,1
GAIL+TD3,739,68,12,5.186373476685072,0,1
GAIL+TD3,739,68,16,5.8769686268214825,0,1
GAIL+TD3,739,68,18,7.13100626740947,0,1
GAIL+TD3,739,68,19,6.7871291499882265,0,1
GAIL+TD3,739,68,21,7.5073620862587775,0,1
GAIL+TD3,739,68,22,6.3273116552923865,0,1
GAIL+TD3,739,68,23,5.591213955841315,0,1
GAIL+TD3,739,68,24,6.800514800514798,0,1
GAIL+TD3,739,68,25,6.927503792683231,0,1
GAIL+TD3,739,68,26,7.92579272000695,0,1
GAIL+TD3,739,68,27,7.044731311918344,0,1
GAIL+TD3,739,68,28,6.57948131784828,0,1
GAIL+TD3,739,68,29,6.054305308104988,0,1
GAIL+TD3,739,68,30,6.573270600329152,0,1
GAIL+TD3,739,68,31,6.912689052637537,0,1
GAIL+TD3,739,68,32,7.330286698140423,0,1
GAIL+TD3,739,68,33,6.47675142708874,0,1
GAIL+TD3,739,68,34,6.710378075024263,0,1
GAIL+TD3,739,68,35,6.243236842420827,0,1
GAIL+TD3,739,68,36,6.368910739599038,0,1
GAIL+TD3,739,68,37,6.753967752828423,0,1
GAIL+TD3,739,68,38,6.706029230026612,0,1
GAIL+TD3,739,68,39,6.544564150596713,0,1
GAIL+TD3,739,68,40,6.263583442433268,0,1
GAIL+TD3,739,68,41,6.427505451381855,0,1
GAIL+TD3,739,68,42,6.36564822688674,0,1
GAIL+TD3,739,68,43,6.5330441096209215,0,1
GAIL+TD3,739,68,44,6.466531852469626,0,1
GAIL+TD3,739,68,45,6.438467763174953,0,1
GAIL+TD3,739,68,46,6.178361929811118,0,1
GAIL+TD3,739,68,47,5.5270144839437485,0,1
GAIL+TD3,739,68,48,5.228443487920023,0,1
GAIL+TD3,739,68,49,6.411313226691341,0,1
GAIL+TD3,739,69,9,7.1125688443111095,0,1
GAIL+TD3,739,69,12,5.186373476685072,0,1
GAIL+TD3,739,69,16,5.8769686268214825,0,1
GAIL+TD3,739,69,18,7.13100626740947,0,1
GAIL+TD3,739,69,19,6.7871291499882265,0,1
GAIL+TD3,739,69,21,7.5073620862587775,0,1
GAIL+TD3,739,69,22,6.3273116552923865,0,1
GAIL+TD3,739,69,23,5.591213955841315,0,1
GAIL+TD3,739,69,24,6.800514800514798,0,1
GAIL+TD3,739,69,25,6.927503792683231,0,1
GAIL+TD3,739,69,26,7.92579272000695,0,1
GAIL+TD3,739,69,27,7.044731311918344,0,1
GAIL+TD3,739,69,28,6.57948131784828,0,1
GAIL+TD3,739,69,29,6.054305308104988,0,1
GAIL+TD3,739,69,30,6.573270600329152,0,1
GAIL+TD3,739,69,31,6.912689052637537,0,1
GAIL+TD3,739,69,32,7.330286698140423,0,1
GAIL+TD3,739,69,33,6.47675142708874,0,1
GAIL+TD3,739,69,34,6.710378075024263,0,1
GAIL+TD3,739,69,35,6.243236842420827,0,1
GAIL+TD3,739,69,36,6.368910739599038,0,1
GAIL+TD3,739,69,37,6.753967752828423,0,1
GAIL+TD3,739,69,38,6.706029230026612,0,1
GAIL+TD3,739,69,39,6.544564150596713,0,1
GAIL+TD3,739,69,40,6.263583442433268,0,1
GAIL+TD3,739,69,41,6.427505451381855,0,1
GAIL+TD3,739,69,42,6.36564822688674,0,1
GAIL+TD3,739,69,43,6.5330441096209215,0,1
GAIL+TD3,739,69,44,6.466531852469626,0,1
GAIL+TD3,739,69,45,6.438467763174953,0,1
GAIL+TD3,739,69,46,6.178361929811118,0,1
GAIL+TD3,739,69,47,5.5270144839437485,0,1
GAIL+TD3,739,69,48,5.228443487920023,0,1
GAIL+TD3,739,69,49,6.411313226691341,0,1
GAIL+TD3,739,70,9,7.1125688443111095,0,1
GAIL+TD3,739,70,12,5.186373476685072,0,1
GAIL+TD3,739,70,16,5.8769686268214825,0,1
GAIL+TD3,739,70,18,7.13100626740947,0,1
GAIL+TD3,739,70,19,6.7871291499882265,0,1
GAIL+TD3,739,70,21,7.5073620862587775,0,1
GAIL+TD3,739,70,22,6.3273116552923865,0,1
GAIL+TD3,739,70,23,5.591213955841315,0,1
GAIL+TD3,739,70,24,6.800514800514798,0,1
GAIL+TD3,739,70,25,6.927503792683231,0,1
GAIL+TD3,739,70,26,7.92579272000695,0,1
GAIL+TD3,739,70,27,7.044731311918344,0,1
GAIL+TD3,739,70,28,6.57948131784828,0,1
GAIL+TD3,739,70,29,6.054305308104988,0,1
GAIL+TD3,739,70,30,6.573270600329152,0,1
GAIL+TD3,739,70,31,6.912689052637537,0,1
GAIL+TD3,739,70,32,7.330286698140423,0,1
GAIL+TD3,739,70,33,6.47675142708874,0,1
GAIL+TD3,739,70,34,6.710378075024263,0,1
GAIL+TD3,739,70,35,6.243236842420827,0,1
GAIL+TD3,739,70,36,6.368910739599038,0,1
GAIL+TD3,739,70,37,6.753967752828423,0,1
GAIL+TD3,739,70,38,6.706029230026612,0,1
GAIL+TD3,739,70,39,6.544564150596713,0,1
GAIL+TD3,739,70,40,6.263583442433268,0,1
GAIL+TD3,739,70,41,6.427505451381855,0,1
GAIL+TD3,739,70,42,6.36564822688674,0,1
GAIL+TD3,739,70,43,6.5330441096209215,0,1
GAIL+TD3,739,70,44,6.466531852469626,0,1
GAIL+TD3,739,70,45,6.438467763174953,0,1
GAIL+TD3,739,70,46,6.178361929811118,0,1
GAIL+TD3,739,70,47,5.5270144839437485,0,1
GAIL+TD3,739,70,48,5.228443487920023,0,1
GAIL+TD3,739,70,49,6.411313226691341,0,1
GAIL+TD3,739,71,9,7.1125688443111095,0,1
GAIL+TD3,739,71,12,5.186373476685072,0,1
GAIL+TD3,739,71,16,5.8769686268214825,0,1
GAIL+TD3,739,71,18,7.13100626740947,0,1
GAIL+TD3,739,71,19,6.7871291499882265,0,1
GAIL+TD3,739,71,21,7.5073620862587775,0,1
GAIL+TD3,739,71,22,6.3273116552923865,0,1
GAIL+TD3,739,71,23,5.591213955841315,0,1
GAIL+TD3,739,71,24,6.800514800514798,0,1
GAIL+TD3,739,71,25,6.927503792683231,0,1
GAIL+TD3,739,71,26,7.92579272000695,0,1
GAIL+TD3,739,71,27,7.044731311918344,0,1
GAIL+TD3,739,71,28,6.57948131784828,0,1
GAIL+TD3,739,71,29,6.054305308104988,0,1
GAIL+TD3,739,71,30,6.573270600329152,0,1
GAIL+TD3,739,71,31,6.912689052637537,0,1
GAIL+TD3,739,71,32,7.330286698140423,0,1
GAIL+TD3,739,71,33,6.47675142708874,0,1
GAIL+TD3,739,71,34,6.710378075024263,0,1
GAIL+TD3,739,71,35,6.243236842420827,0,1
GAIL+TD3,739,71,36,6.368910739599038,0,1
GAIL+TD3,739,71,37,6.753967752828423,0,1
GAIL+TD3,739,71,38,6.706029230026612,0,1
GAIL+TD3,739,71,39,6.544564150596713,0,1
GAIL+TD3,739,71,40,6.263583442433268,0,1
GAIL+TD3,739,71,41,6.427505451381855,0,1
GAIL+TD3,739,71,42,6.36564822688674,0,1
GAIL+TD3,739,71,43,6.5330441096209215,0,1
GAIL+TD3,739,71,44,6.466531852469626,0,1
GAIL+TD3,739,71,45,6.438467763174953,0,1
GAIL+TD3,739,71,46,6.178361929811118,0,1
GAIL+TD3,739,71,47,5.5270144839437485,0,1
GAIL+TD3,739,71,48,5.228443487920023,0,1
GAIL+TD3,739,71,49,6.411313226691341,0,1
GAIL+TD3,739,72,9,7.1125688443111095,0,1
GAIL+TD3,739,72,12,5.186373476685072,0,1
GAIL+TD3,739,72,16,5.8769686268214825,0,1
GAIL+TD3,739,72,18,7.13100626740947,0,1
GAIL+TD3,739,72,19,6.7871291499882265,0,1
GAIL+TD3,739,72,21,7.5073620862587775,0,1
GAIL+TD3,739,72,22,6.3273116552923865,0,1
GAIL+TD3,739,72,23,5.591213955841315,0,1
GAIL+TD3,739,72,24,6.800514800514798,0,1
GAIL+TD3,739,72,25,6.927503792683231,0,1
GAIL+TD3,739,72,26,7.92579272000695,0,1
GAIL+TD3,739,72,27,7.044731311918344,0,1
GAIL+TD3,739,72,28,6.57948131784828,0,1
GAIL+TD3,739,72,29,6.054305308104988,0,1
GAIL+TD3,739,72,30,6.573270600329152,0,1
GAIL+TD3,739,72,31,6.912689052637537,0,1
GAIL+TD3,739,72,32,7.330286698140423,0,1
GAIL+TD3,739,72,33,6.47675142708874,0,1
GAIL+TD3,739,72,34,6.710378075024263,0,1
GAIL+TD3,739,72,35,6.243236842420827,0,1
GAIL+TD3,739,72,36,6.368910739599038,0,1
GAIL+TD3,739,72,37,6.753967752828423,0,1
GAIL+TD3,739,72,38,6.706029230026612,0,1
GAIL+TD3,739,72,39,6.544564150596713,0,1
GAIL+TD3,739,72,40,6.263583442433268,0,1
GAIL+TD3,739,72,41,6.427505451381855,0,1
GAIL+TD3,739,72,42,6.36564822688674,0,1
GAIL+TD3,739,72,43,6.5330441096209215,0,1
GAIL+TD3,739,72,44,6.466531852469626,0,1
GAIL+TD3,739,72,45,6.438467763174953,0,1
GAIL+TD3,739,72,46,6.178361929811118,0,1
GAIL+TD3,739,72,47,5.5270144839437485,0,1
GAIL+TD3,739,72,48,5.228443487920023,0,1
GAIL+TD3,739,72,49,6.411313226691341,0,1
GAIL+TD3,739,73,9,7.1125688443111095,0,1
GAIL+TD3,739,73,12,5.186373476685072,0,1
GAIL+TD3,739,73,16,5.8769686268214825,0,1
GAIL+TD3,739,73,18,7.13100626740947,0,1
GAIL+TD3,739,73,19,6.7871291499882265,0,1
GAIL+TD3,739,73,21,7.5073620862587775,0,1
GAIL+TD3,739,73,22,6.3273116552923865,0,1
GAIL+TD3,739,73,23,5.591213955841315,0,1
GAIL+TD3,739,73,24,6.800514800514798,0,1
GAIL+TD3,739,73,25,6.927503792683231,0,1
GAIL+TD3,739,73,26,7.92579272000695,0,1
GAIL+TD3,739,73,27,7.044731311918344,0,1
GAIL+TD3,739,73,28,6.57948131784828,0,1
GAIL+TD3,739,73,29,6.054305308104988,0,1
GAIL+TD3,739,73,30,6.573270600329152,0,1
GAIL+TD3,739,73,31,6.912689052637537,0,1
GAIL+TD3,739,73,32,7.330286698140423,0,1
GAIL+TD3,739,73,33,6.47675142708874,0,1
GAIL+TD3,739,73,34,6.710378075024263,0,1
GAIL+TD3,739,73,35,6.243236842420827,0,1
GAIL+TD3,739,73,36,6.368910739599038,0,1
GAIL+TD3,739,73,37,6.753967752828423,0,1
GAIL+TD3,739,73,38,6.706029230026612,0,1
GAIL+TD3,739,73,39,6.544564150596713,0,1
GAIL+TD3,739,73,40,6.263583442433268,0,1
GAIL+TD3,739,73,41,6.427505451381855,0,1
GAIL+TD3,739,73,42,6.36564822688674,0,1
GAIL+TD3,739,73,43,6.5330441096209215,0,1
GAIL+TD3,739,73,44,6.466531852469626,0,1
GAIL+TD3,739,73,45,6.438467763174953,0,1
GAIL+TD3,739,73,46,6.178361929811118,0,1
GAIL+TD3,739,73,47,5.5270144839437485,0,1
GAIL+TD3,739,73,48,5.228443487920023,0,1
GAIL+TD3,739,73,49,6.411313226691341,0,1
GAIL+TD3,739,74,9,7.1125688443111095,0,1
GAIL+TD3,739,74,12,5.186373476685072,0,1
GAIL+TD3,739,74,16,5.8769686268214825,0,1
GAIL+TD3,739,74,18,7.13100626740947,0,1
GAIL+TD3,739,74,19,6.7871291499882265,0,1
GAIL+TD3,739,74,21,7.5073620862587775,0,1
GAIL+TD3,739,74,22,6.3273116552923865,0,1
GAIL+TD3,739,74,23,5.591213955841315,0,1
GAIL+TD3,739,74,24,6.800514800514798,0,1
GAIL+TD3,739,74,25,6.927503792683231,0,1
GAIL+TD3,739,74,26,7.92579272000695,0,1
GAIL+TD3,739,74,27,7.044731311918344,0,1
GAIL+TD3,739,74,28,6.57948131784828,0,1
GAIL+TD3,739,74,29,6.054305308104988,0,1
GAIL+TD3,739,74,30,6.573270600329152,0,1
GAIL+TD3,739,74,31,6.912689052637537,0,1
GAIL+TD3,739,74,32,7.330286698140423,0,1
GAIL+TD3,739,74,33,6.47675142708874,0,1
GAIL+TD3,739,74,34,6.710378075024263,0,1
GAIL+TD3,739,74,35,6.243236842420827,0,1
GAIL+TD3,739,74,36,6.368910739599038,0,1
GAIL+TD3,739,74,37,6.753967752828423,0,1
GAIL+TD3,739,74,38,6.706029230026612,0,1
GAIL+TD3,739,74,39,6.544564150596713,0,1
GAIL+TD3,739,74,40,6.263583442433268,0,1
GAIL+TD3,739,74,41,6.427505451381855,0,1
GAIL+TD3,739,74,42,6.36564822688674,0,1
GAIL+TD3,739,74,43,6.5330441096209215,0,1
GAIL+TD3,739,74,44,6.466531852469626,0,1
GAIL+TD3,739,74,45,6.438467763174953,0,1
GAIL+TD3,739,74,46,6.178361929811118,0,1
GAIL+TD3,739,74,47,5.5270144839437485,0,1
GAIL+TD3,739,74,48,5.228443487920023,0,1
GAIL+TD3,739,74,49,6.411313226691341,0,1
GAIL+TD3,739,75,9,7.1125688443111095,0,1
GAIL+TD3,739,75,12,5.186373476685072,0,1
GAIL+TD3,739,75,16,5.8769686268214825,0,1
GAIL+TD3,739,75,18,7.13100626740947,0,1
GAIL+TD3,739,75,19,6.7871291499882265,0,1
GAIL+TD3,739,75,21,7.5073620862587775,0,1
GAIL+TD3,739,75,22,6.3273116552923865,0,1
GAIL+TD3,739,75,23,5.591213955841315,0,1
GAIL+TD3,739,75,24,6.800514800514798,0,1
GAIL+TD3,739,75,25,6.927503792683231,0,1
GAIL+TD3,739,75,26,7.92579272000695,0,1
GAIL+TD3,739,75,27,7.044731311918344,0,1
GAIL+TD3,739,75,28,6.57948131784828,0,1
GAIL+TD3,739,75,29,6.054305308104988,0,1
GAIL+TD3,739,75,30,6.573270600329152,0,1
GAIL+TD3,739,75,31,6.912689052637537,0,1
GAIL+TD3,739,75,32,7.330286698140423,0,1
GAIL+TD3,739,75,33,6.47675142708874,0,1
GAIL+TD3,739,75,34,6.710378075024263,0,1
GAIL+TD3,739,75,35,6.243236842420827,0,1
GAIL+TD3,739,75,36,6.368910739599038,0,1
GAIL+TD3,739,75,37,6.753967752828423,0,1
GAIL+TD3,739,75,38,6.706029230026612,0,1
GAIL+TD3,739,75,39,6.544564150596713,0,1
GAIL+TD3,739,75,40,6.263583442433268,0,1
GAIL+TD3,739,75,41,6.427505451381855,0,1
GAIL+TD3,739,75,42,6.36564822688674,0,1
GAIL+TD3,739,75,43,6.5330441096209215,0,1
GAIL+TD3,739,75,44,6.466531852469626,0,1
GAIL+TD3,739,75,45,6.438467763174953,0,1
GAIL+TD3,739,75,46,6.178361929811118,0,1
GAIL+TD3,739,75,47,5.5270144839437485,0,1
GAIL+TD3,739,75,48,5.228443487920023,0,1
GAIL+TD3,739,75,49,6.411313226691341,0,1
GAIL+TD3,739,76,9,7.1125688443111095,0,1
GAIL+TD3,739,76,12,5.186373476685072,0,1
GAIL+TD3,739,76,16,5.8769686268214825,0,1
GAIL+TD3,739,76,18,7.13100626740947,0,1
GAIL+TD3,739,76,19,6.7871291499882265,0,1
GAIL+TD3,739,76,21,7.5073620862587775,0,1
GAIL+TD3,739,76,22,6.3273116552923865,0,1
GAIL+TD3,739,76,23,5.591213955841315,0,1
GAIL+TD3,739,76,24,6.800514800514798,0,1
GAIL+TD3,739,76,25,6.927503792683231,0,1
GAIL+TD3,739,76,26,7.92579272000695,0,1
GAIL+TD3,739,76,27,7.044731311918344,0,1
GAIL+TD3,739,76,28,6.57948131784828,0,1
GAIL+TD3,739,76,29,6.054305308104988,0,1
GAIL+TD3,739,76,30,6.573270600329152,0,1
GAIL+TD3,739,76,31,6.912689052637537,0,1
GAIL+TD3,739,76,32,7.330286698140423,0,1
GAIL+TD3,739,76,33,6.47675142708874,0,1
GAIL+TD3,739,76,34,6.710378075024263,0,1
GAIL+TD3,739,76,35,6.243236842420827,0,1
GAIL+TD3,739,76,36,6.368910739599038,0,1
GAIL+TD3,739,76,37,6.753967752828423,0,1
GAIL+TD3,739,76,38,6.706029230026612,0,1
GAIL+TD3,739,76,39,6.544564150596713,0,1
GAIL+TD3,739,76,40,6.263583442433268,0,1
GAIL+TD3,739,76,41,6.427505451381855,0,1
GAIL+TD3,739,76,42,6.36564822688674,0,1
GAIL+TD3,739,76,43,6.5330441096209215,0,1
GAIL+TD3,739,76,44,6.466531852469626,0,1
GAIL+TD3,739,76,45,6.438467763174953,0,1
GAIL+TD3,739,76,46,6.178361929811118,0,1
GAIL+TD3,739,76,47,5.5270144839437485,0,1
GAIL+TD3,739,76,48,5.228443487920023,0,1
GAIL+TD3,739,76,49,6.411313226691341,0,1
GAIL+TD3,739,77,9,7.1125688443111095,0,1
GAIL+TD3,739,77,12,5.186373476685072,0,1
GAIL+TD3,739,77,16,5.8769686268214825,0,1
GAIL+TD3,739,77,18,7.13100626740947,0,1
GAIL+TD3,739,77,19,6.7871291499882265,0,1
GAIL+TD3,739,77,21,7.5073620862587775,0,1
GAIL+TD3,739,77,22,6.3273116552923865,0,1
GAIL+TD3,739,77,23,5.591213955841315,0,1
GAIL+TD3,739,77,24,6.800514800514798,0,1
GAIL+TD3,739,77,25,6.927503792683231,0,1
GAIL+TD3,739,77,26,7.92579272000695,0,1
GAIL+TD3,739,77,27,7.044731311918344,0,1
GAIL+TD3,739,77,28,6.57948131784828,0,1
GAIL+TD3,739,77,29,6.054305308104988,0,1
GAIL+TD3,739,77,30,6.573270600329152,0,1
GAIL+TD3,739,77,31,6.912689052637537,0,1
GAIL+TD3,739,77,32,7.330286698140423,0,1
GAIL+TD3,739,77,33,6.47675142708874,0,1
GAIL+TD3,739,77,34,6.710378075024263,0,1
GAIL+TD3,739,77,35,6.243236842420827,0,1
GAIL+TD3,739,77,36,6.368910739599038,0,1
GAIL+TD3,739,77,37,6.753967752828423,0,1
GAIL+TD3,739,77,38,6.706029230026612,0,1
GAIL+TD3,739,77,39,6.544564150596713,0,1
GAIL+TD3,739,77,40,6.263583442433268,0,1
GAIL+TD3,739,77,41,6.427505451381855,0,1
GAIL+TD3,739,77,42,6.36564822688674,0,1
GAIL+TD3,739,77,43,6.5330441096209215,0,1
GAIL+TD3,739,77,44,6.466531852469626,0,1
GAIL+TD3,739,77,45,6.438467763174953,0,1
GAIL+TD3,739,77,46,6.178361929811118,0,1
GAIL+TD3,739,77,47,5.5270144839437485,0,1
GAIL+TD3,739,77,48,5.228443487920023,0,1
GAIL+TD3,739,77,49,6.411313226691341,0,1
GAIL+TD3,739,78,9,7.1125688443111095,0,1
GAIL+TD3,739,78,12,5.186373476685072,0,1
GAIL+TD3,739,78,16,5.8769686268214825,0,1
GAIL+TD3,739,78,18,7.13100626740947,0,1
GAIL+TD3,739,78,19,6.7871291499882265,0,1
GAIL+TD3,739,78,21,7.5073620862587775,0,1
GAIL+TD3,739,78,22,6.3273116552923865,0,1
GAIL+TD3,739,78,23,5.591213955841315,0,1
GAIL+TD3,739,78,24,6.800514800514798,0,1
GAIL+TD3,739,78,25,6.927503792683231,0,1
GAIL+TD3,739,78,26,7.92579272000695,0,1
GAIL+TD3,739,78,27,7.044731311918344,0,1
GAIL+TD3,739,78,28,6.57948131784828,0,1
GAIL+TD3,739,78,29,6.054305308104988,0,1
GAIL+TD3,739,78,30,6.573270600329152,0,1
GAIL+TD3,739,78,31,6.912689052637537,0,1
GAIL+TD3,739,78,32,7.330286698140423,0,1
GAIL+TD3,739,78,33,6.47675142708874,0,1
GAIL+TD3,739,78,34,6.710378075024263,0,1
GAIL+TD3,739,78,35,6.243236842420827,0,1
GAIL+TD3,739,78,36,6.368910739599038,0,1
GAIL+TD3,739,78,37,6.753967752828423,0,1
GAIL+TD3,739,78,38,6.706029230026612,0,1
GAIL+TD3,739,78,39,6.544564150596713,0,1
GAIL+TD3,739,78,40,6.263583442433268,0,1
GAIL+TD3,739,78,41,6.427505451381855,0,1
GAIL+TD3,739,78,42,6.36564822688674,0,1
GAIL+TD3,739,78,43,6.5330441096209215,0,1
GAIL+TD3,739,78,44,6.466531852469626,0,1
GAIL+TD3,739,78,45,6.438467763174953,0,1
GAIL+TD3,739,78,46,6.178361929811118,0,1
GAIL+TD3,739,78,47,5.5270144839437485,0,1
GAIL+TD3,739,78,48,5.228443487920023,0,1
GAIL+TD3,739,78,49,6.411313226691341,0,1
GAIL+TD3,739,79,9,7.1125688443111095,0,1
GAIL+TD3,739,79,12,5.186373476685072,0,1
GAIL+TD3,739,79,16,5.8769686268214825,0,1
GAIL+TD3,739,79,18,7.13100626740947,0,1
GAIL+TD3,739,79,19,6.7871291499882265,0,1
GAIL+TD3,739,79,21,7.5073620862587775,0,1
GAIL+TD3,739,79,22,6.3273116552923865,0,1
GAIL+TD3,739,79,23,5.591213955841315,0,1
GAIL+TD3,739,79,24,6.800514800514798,0,1
GAIL+TD3,739,79,25,6.927503792683231,0,1
GAIL+TD3,739,79,26,7.92579272000695,0,1
GAIL+TD3,739,79,27,7.044731311918344,0,1
GAIL+TD3,739,79,28,6.57948131784828,0,1
GAIL+TD3,739,79,29,6.054305308104988,0,1
GAIL+TD3,739,79,30,6.573270600329152,0,1
GAIL+TD3,739,79,31,6.912689052637537,0,1
GAIL+TD3,739,79,32,7.330286698140423,0,1
GAIL+TD3,739,79,33,6.47675142708874,0,1
GAIL+TD3,739,79,34,6.710378075024263,0,1
GAIL+TD3,739,79,35,6.243236842420827,0,1
GAIL+TD3,739,79,36,6.368910739599038,0,1
GAIL+TD3,739,79,37,6.753967752828423,0,1
GAIL+TD3,739,79,38,6.706029230026612,0,1
GAIL+TD3,739,79,39,6.544564150596713,0,1
GAIL+TD3,739,79,40,6.263583442433268,0,1
GAIL+TD3,739,79,41,6.427505451381855,0,1
GAIL+TD3,739,79,42,6.36564822688674,0,1
GAIL+TD3,739,79,43,6.5330441096209215,0,1
GAIL+TD3,739,79,44,6.466531852469626,0,1
GAIL+TD3,739,79,45,6.438467763174953,0,1
GAIL+TD3,739,79,46,6.178361929811118,0,1
GAIL+TD3,739,79,47,5.5270144839437485,0,1
GAIL+TD3,739,79,48,5.228443487920023,0,1
GAIL+TD3,739,79,49,6.411313226691341,0,1
GAIL+TD3,739,80,9,7.1125688443111095,0,1
GAIL+TD3,739,80,12,5.186373476685072,0,1
GAIL+TD3,739,80,16,5.8769686268214825,0,1
GAIL+TD3,739,80,18,7.13100626740947,0,1
GAIL+TD3,739,80,19,6.7871291499882265,0,1
GAIL+TD3,739,80,21,7.5073620862587775,0,1
GAIL+TD3,739,80,22,6.3273116552923865,0,1
GAIL+TD3,739,80,23,5.591213955841315,0,1
GAIL+TD3,739,80,24,6.800514800514798,0,1
GAIL+TD3,739,80,25,6.927503792683231,0,1
GAIL+TD3,739,80,26,7.92579272000695,0,1
GAIL+TD3,739,80,27,7.044731311918344,0,1
GAIL+TD3,739,80,28,6.57948131784828,0,1
GAIL+TD3,739,80,29,6.054305308104988,0,1
GAIL+TD3,739,80,30,6.573270600329152,0,1
GAIL+TD3,739,80,31,6.912689052637537,0,1
GAIL+TD3,739,80,32,7.330286698140423,0,1
GAIL+TD3,739,80,33,6.47675142708874,0,1
GAIL+TD3,739,80,34,6.710378075024263,0,1
GAIL+TD3,739,80,35,6.243236842420827,0,1
GAIL+TD3,739,80,36,6.368910739599038,0,1
GAIL+TD3,739,80,37,6.753967752828423,0,1
GAIL+TD3,739,80,38,6.706029230026612,0,1
GAIL+TD3,739,80,39,6.544564150596713,0,1
GAIL+TD3,739,80,40,6.263583442433268,0,1
GAIL+TD3,739,80,41,6.427505451381855,0,1
GAIL+TD3,739,80,42,6.36564822688674,0,1
GAIL+TD3,739,80,43,6.5330441096209215,0,1
GAIL+TD3,739,80,44,6.466531852469626,0,1
GAIL+TD3,739,80,45,6.438467763174953,0,1
GAIL+TD3,739,80,46,6.178361929811118,0,1
GAIL+TD3,739,80,47,5.5270144839437485,0,1
GAIL+TD3,739,80,48,5.228443487920023,0,1
GAIL+TD3,739,80,49,6.411313226691341,0,1
GAIL+TD3,739,81,9,7.1125688443111095,0,1
GAIL+TD3,739,81,12,5.186373476685072,0,1
GAIL+TD3,739,81,16,5.8769686268214825,0,1
GAIL+TD3,739,81,18,7.13100626740947,0,1
GAIL+TD3,739,81,19,6.7871291499882265,0,1
GAIL+TD3,739,81,21,7.5073620862587775,0,1
GAIL+TD3,739,81,22,6.3273116552923865,0,1
GAIL+TD3,739,81,23,5.591213955841315,0,1
GAIL+TD3,739,81,24,6.800514800514798,0,1
GAIL+TD3,739,81,25,6.927503792683231,0,1
GAIL+TD3,739,81,26,7.92579272000695,0,1
GAIL+TD3,739,81,27,7.044731311918344,0,1
GAIL+TD3,739,81,28,6.57948131784828,0,1
GAIL+TD3,739,81,29,6.054305308104988,0,1
GAIL+TD3,739,81,30,6.573270600329152,0,1
GAIL+TD3,739,81,31,6.912689052637537,0,1
GAIL+TD3,739,81,32,7.330286698140423,0,1
GAIL+TD3,739,81,33,6.47675142708874,0,1
GAIL+TD3,739,81,34,6.710378075024263,0,1
GAIL+TD3,739,81,35,6.243236842420827,0,1
GAIL+TD3,739,81,36,6.368910739599038,0,1
GAIL+TD3,739,81,37,6.753967752828423,0,1
GAIL+TD3,739,81,38,6.706029230026612,0,1
GAIL+TD3,739,81,39,6.544564150596713,0,1
GAIL+TD3,739,81,40,6.263583442433268,0,1
GAIL+TD3,739,81,41,6.427505451381855,0,1
GAIL+TD3,739,81,42,6.36564822688674,0,1
GAIL+TD3,739,81,43,6.5330441096209215,0,1
GAIL+TD3,739,81,44,6.466531852469626,0,1
GAIL+TD3,739,81,45,6.438467763174953,0,1
GAIL+TD3,739,81,46,6.178361929811118,0,1
GAIL+TD3,739,81,47,5.5270144839437485,0,1
GAIL+TD3,739,81,48,5.228443487920023,0,1
GAIL+TD3,739,81,49,6.411313226691341,0,1
GAIL+TD3,739,82,9,7.1125688443111095,0,1
GAIL+TD3,739,82,12,5.186373476685072,0,1
GAIL+TD3,739,82,16,5.8769686268214825,0,1
GAIL+TD3,739,82,18,7.13100626740947,0,1
GAIL+TD3,739,82,19,6.7871291499882265,0,1
GAIL+TD3,739,82,21,7.5073620862587775,0,1
GAIL+TD3,739,82,22,6.3273116552923865,0,1
GAIL+TD3,739,82,23,5.591213955841315,0,1
GAIL+TD3,739,82,24,6.800514800514798,0,1
GAIL+TD3,739,82,25,6.927503792683231,0,1
GAIL+TD3,739,82,26,7.92579272000695,0,1
GAIL+TD3,739,82,27,7.044731311918344,0,1
GAIL+TD3,739,82,28,6.57948131784828,0,1
GAIL+TD3,739,82,29,6.054305308104988,0,1
GAIL+TD3,739,82,30,6.573270600329152,0,1
GAIL+TD3,739,82,31,6.912689052637537,0,1
GAIL+TD3,739,82,32,7.330286698140423,0,1
GAIL+TD3,739,82,33,6.47675142708874,0,1
GAIL+TD3,739,82,34,6.710378075024263,0,1
GAIL+TD3,739,82,35,6.243236842420827,0,1
GAIL+TD3,739,82,36,6.368910739599038,0,1
GAIL+TD3,739,82,37,6.753967752828423,0,1
GAIL+TD3,739,82,38,6.706029230026612,0,1
GAIL+TD3,739,82,39,6.544564150596713,0,1
GAIL+TD3,739,82,40,6.263583442433268,0,1
GAIL+TD3,739,82,41,6.427505451381855,0,1
GAIL+TD3,739,82,42,6.36564822688674,0,1
GAIL+TD3,739,82,43,6.5330441096209215,0,1
GAIL+TD3,739,82,44,6.466531852469626,0,1
GAIL+TD3,739,82,45,6.438467763174953,0,1
GAIL+TD3,739,82,46,6.178361929811118,0,1
GAIL+TD3,739,82,47,5.5270144839437485,0,1
GAIL+TD3,739,82,48,5.228443487920023,0,1
GAIL+TD3,739,82,49,6.411313226691341,0,1
GAIL+TD3,739,83,9,7.1125688443111095,0,1
GAIL+TD3,739,83,12,5.186373476685072,0,1
GAIL+TD3,739,83,16,5.8769686268214825,0,1
GAIL+TD3,739,83,18,7.13100626740947,0,1
GAIL+TD3,739,83,19,6.7871291499882265,0,1
GAIL+TD3,739,83,21,7.5073620862587775,0,1
GAIL+TD3,739,83,22,6.3273116552923865,0,1
GAIL+TD3,739,83,23,5.591213955841315,0,1
GAIL+TD3,739,83,24,6.800514800514798,0,1
GAIL+TD3,739,83,25,6.927503792683231,0,1
GAIL+TD3,739,83,26,7.92579272000695,0,1
GAIL+TD3,739,83,27,7.044731311918344,0,1
GAIL+TD3,739,83,28,6.57948131784828,0,1
GAIL+TD3,739,83,29,6.054305308104988,0,1
GAIL+TD3,739,83,30,6.573270600329152,0,1
GAIL+TD3,739,83,31,6.912689052637537,0,1
GAIL+TD3,739,83,32,7.330286698140423,0,1
GAIL+TD3,739,83,33,6.47675142708874,0,1
GAIL+TD3,739,83,34,6.710378075024263,0,1
GAIL+TD3,739,83,35,6.243236842420827,0,1
GAIL+TD3,739,83,36,6.368910739599038,0,1
GAIL+TD3,739,83,37,6.753967752828423,0,1
GAIL+TD3,739,83,38,6.706029230026612,0,1
GAIL+TD3,739,83,39,6.544564150596713,0,1
GAIL+TD3,739,83,40,6.263583442433268,0,1
GAIL+TD3,739,83,41,6.427505451381855,0,1
GAIL+TD3,739,83,42,6.36564822688674,0,1
GAIL+TD3,739,83,43,6.5330441096209215,0,1
GAIL+TD3,739,83,44,6.466531852469626,0,1
GAIL+TD3,739,83,45,6.438467763174953,0,1
GAIL+TD3,739,83,46,6.178361929811118,0,1
GAIL+TD3,739,83,47,5.5270144839437485,0,1
GAIL+TD3,739,83,48,5.228443487920023,0,1
GAIL+TD3,739,83,49,6.411313226691341,0,1
GAIL+TD3,739,84,9,7.1125688443111095,0,1
GAIL+TD3,739,84,12,5.186373476685072,0,1
GAIL+TD3,739,84,16,5.8769686268214825,0,1
GAIL+TD3,739,84,18,7.13100626740947,0,1
GAIL+TD3,739,84,19,6.7871291499882265,0,1
GAIL+TD3,739,84,21,7.5073620862587775,0,1
GAIL+TD3,739,84,22,6.3273116552923865,0,1
GAIL+TD3,739,84,23,5.591213955841315,0,1
GAIL+TD3,739,84,24,6.800514800514798,0,1
GAIL+TD3,739,84,25,6.927503792683231,0,1
GAIL+TD3,739,84,26,7.92579272000695,0,1
GAIL+TD3,739,84,27,7.044731311918344,0,1
GAIL+TD3,739,84,28,6.57948131784828,0,1
GAIL+TD3,739,84,29,6.054305308104988,0,1
GAIL+TD3,739,84,30,6.573270600329152,0,1
GAIL+TD3,739,84,31,6.912689052637537,0,1
GAIL+TD3,739,84,32,7.330286698140423,0,1
GAIL+TD3,739,84,33,6.47675142708874,0,1
GAIL+TD3,739,84,34,6.710378075024263,0,1
GAIL+TD3,739,84,35,6.243236842420827,0,1
GAIL+TD3,739,84,36,6.368910739599038,0,1
GAIL+TD3,739,84,37,6.753967752828423,0,1
GAIL+TD3,739,84,38,6.706029230026612,0,1
GAIL+TD3,739,84,39,6.544564150596713,0,1
GAIL+TD3,739,84,40,6.263583442433268,0,1
GAIL+TD3,739,84,41,6.427505451381855,0,1
GAIL+TD3,739,84,42,6.36564822688674,0,1
GAIL+TD3,739,84,43,6.5330441096209215,0,1
GAIL+TD3,739,84,44,6.466531852469626,0,1
GAIL+TD3,739,84,45,6.438467763174953,0,1
GAIL+TD3,739,84,46,6.178361929811118,0,1
GAIL+TD3,739,84,47,5.5270144839437485,0,1
GAIL+TD3,739,84,48,5.228443487920023,0,1
GAIL+TD3,739,84,49,6.411313226691341,0,1
GAIL+TD3,739,85,9,7.1125688443111095,0,1
GAIL+TD3,739,85,12,5.186373476685072,0,1
GAIL+TD3,739,85,16,5.8769686268214825,0,1
GAIL+TD3,739,85,18,7.13100626740947,0,1
GAIL+TD3,739,85,19,6.7871291499882265,0,1
GAIL+TD3,739,85,21,7.5073620862587775,0,1
GAIL+TD3,739,85,22,6.3273116552923865,0,1
GAIL+TD3,739,85,23,5.591213955841315,0,1
GAIL+TD3,739,85,24,6.800514800514798,0,1
GAIL+TD3,739,85,25,6.927503792683231,0,1
GAIL+TD3,739,85,26,7.92579272000695,0,1
GAIL+TD3,739,85,27,7.044731311918344,0,1
GAIL+TD3,739,85,28,6.57948131784828,0,1
GAIL+TD3,739,85,29,6.054305308104988,0,1
GAIL+TD3,739,85,30,6.573270600329152,0,1
GAIL+TD3,739,85,31,6.912689052637537,0,1
GAIL+TD3,739,85,32,7.330286698140423,0,1
GAIL+TD3,739,85,33,6.47675142708874,0,1
GAIL+TD3,739,85,34,6.710378075024263,0,1
GAIL+TD3,739,85,35,6.243236842420827,0,1
GAIL+TD3,739,85,36,6.368910739599038,0,1
GAIL+TD3,739,85,37,6.753967752828423,0,1
GAIL+TD3,739,85,38,6.706029230026612,0,1
GAIL+TD3,739,85,39,6.544564150596713,0,1
GAIL+TD3,739,85,40,6.263583442433268,0,1
GAIL+TD3,739,85,41,6.427505451381855,0,1
GAIL+TD3,739,85,42,6.36564822688674,0,1
GAIL+TD3,739,85,43,6.5330441096209215,0,1
GAIL+TD3,739,85,44,6.466531852469626,0,1
GAIL+TD3,739,85,45,6.438467763174953,0,1
GAIL+TD3,739,85,46,6.178361929811118,0,1
GAIL+TD3,739,85,47,5.5270144839437485,0,1
GAIL+TD3,739,85,48,5.228443487920023,0,1
GAIL+TD3,739,85,49,6.411313226691341,0,1
GAIL+TD3,739,86,9,7.1125688443111095,0,1
GAIL+TD3,739,86,12,5.186373476685072,0,1
GAIL+TD3,739,86,16,5.8769686268214825,0,1
GAIL+TD3,739,86,18,7.13100626740947,0,1
GAIL+TD3,739,86,19,6.7871291499882265,0,1
GAIL+TD3,739,86,21,7.5073620862587775,0,1
GAIL+TD3,739,86,22,6.3273116552923865,0,1
GAIL+TD3,739,86,23,5.591213955841315,0,1
GAIL+TD3,739,86,24,6.800514800514798,0,1
GAIL+TD3,739,86,25,6.927503792683231,0,1
GAIL+TD3,739,86,26,7.92579272000695,0,1
GAIL+TD3,739,86,27,7.044731311918344,0,1
GAIL+TD3,739,86,28,6.57948131784828,0,1
GAIL+TD3,739,86,29,6.054305308104988,0,1
GAIL+TD3,739,86,30,6.573270600329152,0,1
GAIL+TD3,739,86,31,6.912689052637537,0,1
GAIL+TD3,739,86,32,7.330286698140423,0,1
GAIL+TD3,739,86,33,6.47675142708874,0,1
GAIL+TD3,739,86,34,6.710378075024263,0,1
GAIL+TD3,739,86,35,6.243236842420827,0,1
GAIL+TD3,739,86,36,6.368910739599038,0,1
GAIL+TD3,739,86,37,6.753967752828423,0,1
GAIL+TD3,739,86,38,6.706029230026612,0,1
GAIL+TD3,739,86,39,6.544564150596713,0,1
GAIL+TD3,739,86,40,6.263583442433268,0,1
GAIL+TD3,739,86,41,6.427505451381855,0,1
GAIL+TD3,739,86,42,6.36564822688674,0,1
GAIL+TD3,739,86,43,6.5330441096209215,0,1
GAIL+TD3,739,86,44,6.466531852469626,0,1
GAIL+TD3,739,86,45,6.438467763174953,0,1
GAIL+TD3,739,86,46,6.178361929811118,0,1
GAIL+TD3,739,86,47,5.5270144839437485,0,1
GAIL+TD3,739,86,48,5.228443487920023,0,1
GAIL+TD3,739,86,49,6.411313226691341,0,1
GAIL+TD3,739,87,9,7.1125688443111095,0,1
GAIL+TD3,739,87,12,5.186373476685072,0,1
GAIL+TD3,739,87,16,5.8769686268214825,0,1
GAIL+TD3,739,87,18,7.13100626740947,0,1
GAIL+TD3,739,87,19,6.7871291499882265,0,1
GAIL+TD3,739,87,21,7.5073620862587775,0,1
GAIL+TD3,739,87,22,6.3273116552923865,0,1
GAIL+TD3,739,87,23,5.591213955841315,0,1
GAIL+TD3,739,87,24,6.800514800514798,0,1
GAIL+TD3,739,87,25,6.927503792683231,0,1
GAIL+TD3,739,87,26,7.92579272000695,0,1
GAIL+TD3,739,87,27,7.044731311918344,0,1
GAIL+TD3,739,87,28,6.57948131784828,0,1
GAIL+TD3,739,87,29,6.054305308104988,0,1
GAIL+TD3,739,87,30,6.573270600329152,0,1
GAIL+TD3,739,87,31,6.912689052637537,0,1
GAIL+TD3,739,87,32,7.330286698140423,0,1
GAIL+TD3,739,87,33,6.47675142708874,0,1
GAIL+TD3,739,87,34,6.710378075024263,0,1
GAIL+TD3,739,87,35,6.243236842420827,0,1
GAIL+TD3,739,87,36,6.368910739599038,0,1
GAIL+TD3,739,87,37,6.753967752828423,0,1
GAIL+TD3,739,87,38,6.706029230026612,0,1
GAIL+TD3,739,87,39,6.544564150596713,0,1
GAIL+TD3,739,87,40,6.263583442433268,0,1
GAIL+TD3,739,87,41,6.427505451381855,0,1
GAIL+TD3,739,87,42,6.36564822688674,0,1
GAIL+TD3,739,87,43,6.5330441096209215,0,1
GAIL+TD3,739,87,44,6.466531852469626,0,1
GAIL+TD3,739,87,45,6.438467763174953,0,1
GAIL+TD3,739,87,46,6.178361929811118,0,1
GAIL+TD3,739,87,47,5.5270144839437485,0,1
GAIL+TD3,739,87,48,5.228443487920023,0,1
GAIL+TD3,739,87,49,6.411313226691341,0,1
GAIL+TD3,739,88,9,7.1125688443111095,0,1
GAIL+TD3,739,88,12,5.186373476685072,0,1
GAIL+TD3,739,88,16,5.8769686268214825,0,1
GAIL+TD3,739,88,18,7.13100626740947,0,1
GAIL+TD3,739,88,19,6.7871291499882265,0,1
GAIL+TD3,739,88,21,7.5073620862587775,0,1
GAIL+TD3,739,88,22,6.3273116552923865,0,1
GAIL+TD3,739,88,23,5.591213955841315,0,1
GAIL+TD3,739,88,24,6.800514800514798,0,1
GAIL+TD3,739,88,25,6.927503792683231,0,1
GAIL+TD3,739,88,26,7.92579272000695,0,1
GAIL+TD3,739,88,27,7.044731311918344,0,1
GAIL+TD3,739,88,28,6.57948131784828,0,1
GAIL+TD3,739,88,29,6.054305308104988,0,1
GAIL+TD3,739,88,30,6.573270600329152,0,1
GAIL+TD3,739,88,31,6.912689052637537,0,1
GAIL+TD3,739,88,32,7.330286698140423,0,1
GAIL+TD3,739,88,33,6.47675142708874,0,1
GAIL+TD3,739,88,34,6.710378075024263,0,1
GAIL+TD3,739,88,35,6.243236842420827,0,1
GAIL+TD3,739,88,36,6.368910739599038,0,1
GAIL+TD3,739,88,37,6.753967752828423,0,1
GAIL+TD3,739,88,38,6.706029230026612,0,1
GAIL+TD3,739,88,39,6.544564150596713,0,1
GAIL+TD3,739,88,40,6.263583442433268,0,1
GAIL+TD3,739,88,41,6.427505451381855,0,1
GAIL+TD3,739,88,42,6.36564822688674,0,1
GAIL+TD3,739,88,43,6.5330441096209215,0,1
GAIL+TD3,739,88,44,6.466531852469626,0,1
GAIL+TD3,739,88,45,6.438467763174953,0,1
GAIL+TD3,739,88,46,6.178361929811118,0,1
GAIL+TD3,739,88,47,5.5270144839437485,0,1
GAIL+TD3,739,88,48,5.228443487920023,0,1
GAIL+TD3,739,88,49,6.411313226691341,0,1
GAIL+TD3,739,89,9,7.1125688443111095,0,1
GAIL+TD3,739,89,12,5.186373476685072,0,1
GAIL+TD3,739,89,16,5.8769686268214825,0,1
GAIL+TD3,739,89,18,7.13100626740947,0,1
GAIL+TD3,739,89,19,6.7871291499882265,0,1
GAIL+TD3,739,89,21,7.5073620862587775,0,1
GAIL+TD3,739,89,22,6.3273116552923865,0,1
GAIL+TD3,739,89,23,5.591213955841315,0,1
GAIL+TD3,739,89,24,6.800514800514798,0,1
GAIL+TD3,739,89,25,6.927503792683231,0,1
GAIL+TD3,739,89,26,7.92579272000695,0,1
GAIL+TD3,739,89,27,7.044731311918344,0,1
GAIL+TD3,739,89,28,6.57948131784828,0,1
GAIL+TD3,739,89,29,6.054305308104988,0,1
GAIL+TD3,739,89,30,6.573270600329152,0,1
GAIL+TD3,739,89,31,6.912689052637537,0,1
GAIL+TD3,739,89,32,7.330286698140423,0,1
GAIL+TD3,739,89,33,6.47675142708874,0,1
GAIL+TD3,739,89,34,6.710378075024263,0,1
GAIL+TD3,739,89,35,6.243236842420827,0,1
GAIL+TD3,739,89,36,6.368910739599038,0,1
GAIL+TD3,739,89,37,6.753967752828423,0,1
GAIL+TD3,739,89,38,6.706029230026612,0,1
GAIL+TD3,739,89,39,6.544564150596713,0,1
GAIL+TD3,739,89,40,6.263583442433268,0,1
GAIL+TD3,739,89,41,6.427505451381855,0,1
GAIL+TD3,739,89,42,6.36564822688674,0,1
GAIL+TD3,739,89,43,6.5330441096209215,0,1
GAIL+TD3,739,89,44,6.466531852469626,0,1
GAIL+TD3,739,89,45,6.438467763174953,0,1
GAIL+TD3,739,89,46,6.178361929811118,0,1
GAIL+TD3,739,89,47,5.5270144839437485,0,1
GAIL+TD3,739,89,48,5.228443487920023,0,1
GAIL+TD3,739,89,49,6.411313226691341,0,1
GAIL+TD3,739,90,9,7.1125688443111095,0,1
GAIL+TD3,739,90,12,5.186373476685072,0,1
GAIL+TD3,739,90,16,5.8769686268214825,0,1
GAIL+TD3,739,90,18,7.13100626740947,0,1
GAIL+TD3,739,90,19,6.7871291499882265,0,1
GAIL+TD3,739,90,21,7.5073620862587775,0,1
GAIL+TD3,739,90,22,6.3273116552923865,0,1
GAIL+TD3,739,90,23,5.591213955841315,0,1
GAIL+TD3,739,90,24,6.800514800514798,0,1
GAIL+TD3,739,90,25,6.927503792683231,0,1
GAIL+TD3,739,90,26,7.92579272000695,0,1
GAIL+TD3,739,90,27,7.044731311918344,0,1
GAIL+TD3,739,90,28,6.57948131784828,0,1
GAIL+TD3,739,90,29,6.054305308104988,0,1
GAIL+TD3,739,90,30,6.573270600329152,0,1
GAIL+TD3,739,90,31,6.912689052637537,0,1
GAIL+TD3,739,90,32,7.330286698140423,0,1
GAIL+TD3,739,90,33,6.47675142708874,0,1
GAIL+TD3,739,90,34,6.710378075024263,0,1
GAIL+TD3,739,90,35,6.243236842420827,0,1
GAIL+TD3,739,90,36,6.368910739599038,0,1
GAIL+TD3,739,90,37,6.753967752828423,0,1
GAIL+TD3,739,90,38,6.706029230026612,0,1
GAIL+TD3,739,90,39,6.544564150596713,0,1
GAIL+TD3,739,90,40,6.263583442433268,0,1
GAIL+TD3,739,90,41,6.427505451381855,0,1
GAIL+TD3,739,90,42,6.36564822688674,0,1
GAIL+TD3,739,90,43,6.5330441096209215,0,1
GAIL+TD3,739,90,44,6.466531852469626,0,1
GAIL+TD3,739,90,45,6.438467763174953,0,1
GAIL+TD3,739,90,46,6.178361929811118,0,1
GAIL+TD3,739,90,47,5.5270144839437485,0,1
GAIL+TD3,739,90,48,5.228443487920023,0,1
GAIL+TD3,739,90,49,6.411313226691341,0,1
GAIL+TD3,739,91,9,7.1125688443111095,0,1
GAIL+TD3,739,91,12,5.186373476685072,0,1
GAIL+TD3,739,91,16,5.8769686268214825,0,1
GAIL+TD3,739,91,18,7.13100626740947,0,1
GAIL+TD3,739,91,19,6.7871291499882265,0,1
GAIL+TD3,739,91,21,7.5073620862587775,0,1
GAIL+TD3,739,91,22,6.3273116552923865,0,1
GAIL+TD3,739,91,23,5.591213955841315,0,1
GAIL+TD3,739,91,24,6.800514800514798,0,1
GAIL+TD3,739,91,25,6.927503792683231,0,1
GAIL+TD3,739,91,26,7.92579272000695,0,1
GAIL+TD3,739,91,27,7.044731311918344,0,1
GAIL+TD3,739,91,28,6.57948131784828,0,1
GAIL+TD3,739,91,29,6.054305308104988,0,1
GAIL+TD3,739,91,30,6.573270600329152,0,1
GAIL+TD3,739,91,31,6.912689052637537,0,1
GAIL+TD3,739,91,32,7.330286698140423,0,1
GAIL+TD3,739,91,33,6.47675142708874,0,1
GAIL+TD3,739,91,34,6.710378075024263,0,1
GAIL+TD3,739,91,35,6.243236842420827,0,1
GAIL+TD3,739,91,36,6.368910739599038,0,1
GAIL+TD3,739,91,37,6.753967752828423,0,1
GAIL+TD3,739,91,38,6.706029230026612,0,1
GAIL+TD3,739,91,39,6.544564150596713,0,1
GAIL+TD3,739,91,40,6.263583442433268,0,1
GAIL+TD3,739,91,41,6.427505451381855,0,1
GAIL+TD3,739,91,42,6.36564822688674,0,1
GAIL+TD3,739,91,43,6.5330441096209215,0,1
GAIL+TD3,739,91,44,6.466531852469626,0,1
GAIL+TD3,739,91,45,6.438467763174953,0,1
GAIL+TD3,739,91,46,6.178361929811118,0,1
GAIL+TD3,739,91,47,5.5270144839437485,0,1
GAIL+TD3,739,91,48,5.228443487920023,0,1
GAIL+TD3,739,91,49,6.411313226691341,0,1
GAIL+TD3,739,92,9,7.1125688443111095,0,1
GAIL+TD3,739,92,12,5.186373476685072,0,1
GAIL+TD3,739,92,16,5.8769686268214825,0,1
GAIL+TD3,739,92,18,7.13100626740947,0,1
GAIL+TD3,739,92,19,6.7871291499882265,0,1
GAIL+TD3,739,92,21,7.5073620862587775,0,1
GAIL+TD3,739,92,22,6.3273116552923865,0,1
GAIL+TD3,739,92,23,5.591213955841315,0,1
GAIL+TD3,739,92,24,6.800514800514798,0,1
GAIL+TD3,739,92,25,6.927503792683231,0,1
GAIL+TD3,739,92,26,7.92579272000695,0,1
GAIL+TD3,739,92,27,7.044731311918344,0,1
GAIL+TD3,739,92,28,6.57948131784828,0,1
GAIL+TD3,739,92,29,6.054305308104988,0,1
GAIL+TD3,739,92,30,6.573270600329152,0,1
GAIL+TD3,739,92,31,6.912689052637537,0,1
GAIL+TD3,739,92,32,7.330286698140423,0,1
GAIL+TD3,739,92,33,6.47675142708874,0,1
GAIL+TD3,739,92,34,6.710378075024263,0,1
GAIL+TD3,739,92,35,6.243236842420827,0,1
GAIL+TD3,739,92,36,6.368910739599038,0,1
GAIL+TD3,739,92,37,6.753967752828423,0,1
GAIL+TD3,739,92,38,6.706029230026612,0,1
GAIL+TD3,739,92,39,6.544564150596713,0,1
GAIL+TD3,739,92,40,6.263583442433268,0,1
GAIL+TD3,739,92,41,6.427505451381855,0,1
GAIL+TD3,739,92,42,6.36564822688674,0,1
GAIL+TD3,739,92,43,6.5330441096209215,0,1
GAIL+TD3,739,92,44,6.466531852469626,0,1
GAIL+TD3,739,92,45,6.438467763174953,0,1
GAIL+TD3,739,92,46,6.178361929811118,0,1
GAIL+TD3,739,92,47,5.5270144839437485,0,1
GAIL+TD3,739,92,48,5.228443487920023,0,1
GAIL+TD3,739,92,49,6.411313226691341,0,1
GAIL+TD3,739,93,9,7.1125688443111095,0,1
GAIL+TD3,739,93,12,5.186373476685072,0,1
GAIL+TD3,739,93,16,5.8769686268214825,0,1
GAIL+TD3,739,93,18,7.13100626740947,0,1
GAIL+TD3,739,93,19,6.7871291499882265,0,1
GAIL+TD3,739,93,21,7.5073620862587775,0,1
GAIL+TD3,739,93,22,6.3273116552923865,0,1
GAIL+TD3,739,93,23,5.591213955841315,0,1
GAIL+TD3,739,93,24,6.800514800514798,0,1
GAIL+TD3,739,93,25,6.927503792683231,0,1
GAIL+TD3,739,93,26,7.92579272000695,0,1
GAIL+TD3,739,93,27,7.044731311918344,0,1
GAIL+TD3,739,93,28,6.57948131784828,0,1
GAIL+TD3,739,93,29,6.054305308104988,0,1
GAIL+TD3,739,93,30,6.573270600329152,0,1
GAIL+TD3,739,93,31,6.912689052637537,0,1
GAIL+TD3,739,93,32,7.330286698140423,0,1
GAIL+TD3,739,93,33,6.47675142708874,0,1
GAIL+TD3,739,93,34,6.710378075024263,0,1
GAIL+TD3,739,93,35,6.243236842420827,0,1
GAIL+TD3,739,93,36,6.368910739599038,0,1
GAIL+TD3,739,93,37,6.753967752828423,0,1
GAIL+TD3,739,93,38,6.706029230026612,0,1
GAIL+TD3,739,93,39,6.544564150596713,0,1
GAIL+TD3,739,93,40,6.263583442433268,0,1
GAIL+TD3,739,93,41,6.427505451381855,0,1
GAIL+TD3,739,93,42,6.36564822688674,0,1
GAIL+TD3,739,93,43,6.5330441096209215,0,1
GAIL+TD3,739,93,44,6.466531852469626,0,1
GAIL+TD3,739,93,45,6.438467763174953,0,1
GAIL+TD3,739,93,46,6.178361929811118,0,1
GAIL+TD3,739,93,47,5.5270144839437485,0,1
GAIL+TD3,739,93,48,5.228443487920023,0,1
GAIL+TD3,739,93,49,6.411313226691341,0,1
GAIL+TD3,739,94,9,7.1125688443111095,0,1
GAIL+TD3,739,94,12,5.186373476685072,0,1
GAIL+TD3,739,94,16,5.8769686268214825,0,1
GAIL+TD3,739,94,18,7.13100626740947,0,1
GAIL+TD3,739,94,19,6.7871291499882265,0,1
GAIL+TD3,739,94,21,7.5073620862587775,0,1
GAIL+TD3,739,94,22,6.3273116552923865,0,1
GAIL+TD3,739,94,23,5.591213955841315,0,1
GAIL+TD3,739,94,24,6.800514800514798,0,1
GAIL+TD3,739,94,25,6.927503792683231,0,1
GAIL+TD3,739,94,26,7.92579272000695,0,1
GAIL+TD3,739,94,27,7.044731311918344,0,1
GAIL+TD3,739,94,28,6.57948131784828,0,1
GAIL+TD3,739,94,29,6.054305308104988,0,1
GAIL+TD3,739,94,30,6.573270600329152,0,1
GAIL+TD3,739,94,31,6.912689052637537,0,1
GAIL+TD3,739,94,32,7.330286698140423,0,1
GAIL+TD3,739,94,33,6.47675142708874,0,1
GAIL+TD3,739,94,34,6.710378075024263,0,1
GAIL+TD3,739,94,35,6.243236842420827,0,1
GAIL+TD3,739,94,36,6.368910739599038,0,1
GAIL+TD3,739,94,37,6.753967752828423,0,1
GAIL+TD3,739,94,38,6.706029230026612,0,1
GAIL+TD3,739,94,39,6.544564150596713,0,1
GAIL+TD3,739,94,40,6.263583442433268,0,1
GAIL+TD3,739,94,41,6.427505451381855,0,1
GAIL+TD3,739,94,42,6.36564822688674,0,1
GAIL+TD3,739,94,43,6.5330441096209215,0,1
GAIL+TD3,739,94,44,6.466531852469626,0,1
GAIL+TD3,739,94,45,6.438467763174953,0,1
GAIL+TD3,739,94,46,6.178361929811118,0,1
GAIL+TD3,739,94,47,5.5270144839437485,0,1
GAIL+TD3,739,94,48,5.228443487920023,0,1
GAIL+TD3,739,94,49,6.411313226691341,0,1
GAIL+TD3,739,95,9,7.1125688443111095,0,1
GAIL+TD3,739,95,12,5.186373476685072,0,1
GAIL+TD3,739,95,16,5.8769686268214825,0,1
GAIL+TD3,739,95,18,7.13100626740947,0,1
GAIL+TD3,739,95,19,6.7871291499882265,0,1
GAIL+TD3,739,95,21,7.5073620862587775,0,1
GAIL+TD3,739,95,22,6.3273116552923865,0,1
GAIL+TD3,739,95,23,5.591213955841315,0,1
GAIL+TD3,739,95,24,6.800514800514798,0,1
GAIL+TD3,739,95,25,6.927503792683231,0,1
GAIL+TD3,739,95,26,7.92579272000695,0,1
GAIL+TD3,739,95,27,7.044731311918344,0,1
GAIL+TD3,739,95,28,6.57948131784828,0,1
GAIL+TD3,739,95,29,6.054305308104988,0,1
GAIL+TD3,739,95,30,6.573270600329152,0,1
GAIL+TD3,739,95,31,6.912689052637537,0,1
GAIL+TD3,739,95,32,7.330286698140423,0,1
GAIL+TD3,739,95,33,6.47675142708874,0,1
GAIL+TD3,739,95,34,6.710378075024263,0,1
GAIL+TD3,739,95,35,6.243236842420827,0,1
GAIL+TD3,739,95,36,6.368910739599038,0,1
GAIL+TD3,739,95,37,6.753967752828423,0,1
GAIL+TD3,739,95,38,6.706029230026612,0,1
GAIL+TD3,739,95,39,6.544564150596713,0,1
GAIL+TD3,739,95,40,6.263583442433268,0,1
GAIL+TD3,739,95,41,6.427505451381855,0,1
GAIL+TD3,739,95,42,6.36564822688674,0,1
GAIL+TD3,739,95,43,6.5330441096209215,0,1
GAIL+TD3,739,95,44,6.466531852469626,0,1
GAIL+TD3,739,95,45,6.438467763174953,0,1
GAIL+TD3,739,95,46,6.178361929811118,0,1
GAIL+TD3,739,95,47,5.5270144839437485,0,1
GAIL+TD3,739,95,48,5.228443487920023,0,1
GAIL+TD3,739,95,49,6.411313226691341,0,1
GAIL+TD3,739,96,9,7.1125688443111095,0,1
GAIL+TD3,739,96,12,5.186373476685072,0,1
GAIL+TD3,739,96,16,5.8769686268214825,0,1
GAIL+TD3,739,96,18,7.13100626740947,0,1
GAIL+TD3,739,96,19,6.7871291499882265,0,1
GAIL+TD3,739,96,21,7.5073620862587775,0,1
GAIL+TD3,739,96,22,6.3273116552923865,0,1
GAIL+TD3,739,96,23,5.591213955841315,0,1
GAIL+TD3,739,96,24,6.800514800514798,0,1
GAIL+TD3,739,96,25,6.927503792683231,0,1
GAIL+TD3,739,96,26,7.92579272000695,0,1
GAIL+TD3,739,96,27,7.044731311918344,0,1
GAIL+TD3,739,96,28,6.57948131784828,0,1
GAIL+TD3,739,96,29,6.054305308104988,0,1
GAIL+TD3,739,96,30,6.573270600329152,0,1
GAIL+TD3,739,96,31,6.912689052637537,0,1
GAIL+TD3,739,96,32,7.330286698140423,0,1
GAIL+TD3,739,96,33,6.47675142708874,0,1
GAIL+TD3,739,96,34,6.710378075024263,0,1
GAIL+TD3,739,96,35,6.243236842420827,0,1
GAIL+TD3,739,96,36,6.368910739599038,0,1
GAIL+TD3,739,96,37,6.753967752828423,0,1
GAIL+TD3,739,96,38,6.706029230026612,0,1
GAIL+TD3,739,96,39,6.544564150596713,0,1
GAIL+TD3,739,96,40,6.263583442433268,0,1
GAIL+TD3,739,96,41,6.427505451381855,0,1
GAIL+TD3,739,96,42,6.36564822688674,0,1
GAIL+TD3,739,96,43,6.5330441096209215,0,1
GAIL+TD3,739,96,44,6.466531852469626,0,1
GAIL+TD3,739,96,45,6.438467763174953,0,1
GAIL+TD3,739,96,46,6.178361929811118,0,1
GAIL+TD3,739,96,47,5.5270144839437485,0,1
GAIL+TD3,739,96,48,5.228443487920023,0,1
GAIL+TD3,739,96,49,6.411313226691341,0,1
GAIL+TD3,739,97,9,7.1125688443111095,0,1
GAIL+TD3,739,97,12,5.186373476685072,0,1
GAIL+TD3,739,97,16,5.8769686268214825,0,1
GAIL+TD3,739,97,18,7.13100626740947,0,1
GAIL+TD3,739,97,19,6.7871291499882265,0,1
GAIL+TD3,739,97,21,7.5073620862587775,0,1
GAIL+TD3,739,97,22,6.3273116552923865,0,1
GAIL+TD3,739,97,23,5.591213955841315,0,1
GAIL+TD3,739,97,24,6.800514800514798,0,1
GAIL+TD3,739,97,25,6.927503792683231,0,1
GAIL+TD3,739,97,26,7.92579272000695,0,1
GAIL+TD3,739,97,27,7.044731311918344,0,1
GAIL+TD3,739,97,28,6.57948131784828,0,1
GAIL+TD3,739,97,29,6.054305308104988,0,1
GAIL+TD3,739,97,30,6.573270600329152,0,1
GAIL+TD3,739,97,31,6.912689052637537,0,1
GAIL+TD3,739,97,32,7.330286698140423,0,1
GAIL+TD3,739,97,33,6.47675142708874,0,1
GAIL+TD3,739,97,34,6.710378075024263,0,1
GAIL+TD3,739,97,35,6.243236842420827,0,1
GAIL+TD3,739,97,36,6.368910739599038,0,1
GAIL+TD3,739,97,37,6.753967752828423,0,1
GAIL+TD3,739,97,38,6.706029230026612,0,1
GAIL+TD3,739,97,39,6.544564150596713,0,1
GAIL+TD3,739,97,40,6.263583442433268,0,1
GAIL+TD3,739,97,41,6.427505451381855,0,1
GAIL+TD3,739,97,42,6.36564822688674,0,1
GAIL+TD3,739,97,43,6.5330441096209215,0,1
GAIL+TD3,739,97,44,6.466531852469626,0,1
GAIL+TD3,739,97,45,6.438467763174953,0,1
GAIL+TD3,739,97,46,6.178361929811118,0,1
GAIL+TD3,739,97,47,5.5270144839437485,0,1
GAIL+TD3,739,97,48,5.228443487920023,0,1
GAIL+TD3,739,97,49,6.411313226691341,0,1
GAIL+TD3,739,98,9,7.1125688443111095,0,1
GAIL+TD3,739,98,12,5.186373476685072,0,1
GAIL+TD3,739,98,16,5.8769686268214825,0,1
GAIL+TD3,739,98,18,7.13100626740947,0,1
GAIL+TD3,739,98,19,6.7871291499882265,0,1
GAIL+TD3,739,98,21,7.5073620862587775,0,1
GAIL+TD3,739,98,22,6.3273116552923865,0,1
GAIL+TD3,739,98,23,5.591213955841315,0,1
GAIL+TD3,739,98,24,6.800514800514798,0,1
GAIL+TD3,739,98,25,6.927503792683231,0,1
GAIL+TD3,739,98,26,7.92579272000695,0,1
GAIL+TD3,739,98,27,7.044731311918344,0,1
GAIL+TD3,739,98,28,6.57948131784828,0,1
GAIL+TD3,739,98,29,6.054305308104988,0,1
GAIL+TD3,739,98,30,6.573270600329152,0,1
GAIL+TD3,739,98,31,6.912689052637537,0,1
GAIL+TD3,739,98,32,7.330286698140423,0,1
GAIL+TD3,739,98,33,6.47675142708874,0,1
GAIL+TD3,739,98,34,6.710378075024263,0,1
GAIL+TD3,739,98,35,6.243236842420827,0,1
GAIL+TD3,739,98,36,6.368910739599038,0,1
GAIL+TD3,739,98,37,6.753967752828423,0,1
GAIL+TD3,739,98,38,6.706029230026612,0,1
GAIL+TD3,739,98,39,6.544564150596713,0,1
GAIL+TD3,739,98,40,6.263583442433268,0,1
GAIL+TD3,739,98,41,6.427505451381855,0,1
GAIL+TD3,739,98,42,6.36564822688674,0,1
GAIL+TD3,739,98,43,6.5330441096209215,0,1
GAIL+TD3,739,98,44,6.466531852469626,0,1
GAIL+TD3,739,98,45,6.438467763174953,0,1
GAIL+TD3,739,98,46,6.178361929811118,0,1
GAIL+TD3,739,98,47,5.5270144839437485,0,1
GAIL+TD3,739,98,48,5.228443487920023,0,1
GAIL+TD3,739,98,49,6.411313226691341,0,1
GAIL+TD3,739,99,9,7.1125688443111095,0,1
GAIL+TD3,739,99,12,5.186373476685072,0,1
GAIL+TD3,739,99,16,5.8769686268214825,0,1
GAIL+TD3,739,99,18,7.13100626740947,0,1
GAIL+TD3,739,99,19,6.7871291499882265,0,1
GAIL+TD3,739,99,21,7.5073620862587775,0,1
GAIL+TD3,739,99,22,6.3273116552923865,0,1
GAIL+TD3,739,99,23,5.591213955841315,0,1
GAIL+TD3,739,99,24,6.800514800514798,0,1
GAIL+TD3,739,99,25,6.927503792683231,0,1
GAIL+TD3,739,99,26,7.92579272000695,0,1
GAIL+TD3,739,99,27,7.044731311918344,0,1
GAIL+TD3,739,99,28,6.57948131784828,0,1
GAIL+TD3,739,99,29,6.054305308104988,0,1
GAIL+TD3,739,99,30,6.573270600329152,0,1
GAIL+TD3,739,99,31,6.912689052637537,0,1
GAIL+TD3,739,99,32,7.330286698140423,0,1
GAIL+TD3,739,99,33,6.47675142708874,0,1
GAIL+TD3,739,99,34,6.710378075024263,0,1
GAIL+TD3,739,99,35,6.243236842420827,0,1
GAIL+TD3,739,99,36,6.368910739599038,0,1
GAIL+TD3,739,99,37,6.753967752828423,0,1
GAIL+TD3,739,99,38,6.706029230026612,0,1
GAIL+TD3,739,99,39,6.544564150596713,0,1
GAIL+TD3,739,99,40,6.263583442433268,0,1
GAIL+TD3,739,99,41,6.427505451381855,0,1
GAIL+TD3,739,99,42,6.36564822688674,0,1
GAIL+TD3,739,99,43,6.5330441096209215,0,1
GAIL+TD3,739,99,44,6.466531852469626,0,1
GAIL+TD3,739,99,45,6.438467763174953,0,1
GAIL+TD3,739,99,46,6.178361929811118,0,1
GAIL+TD3,739,99,47,5.5270144839437485,0,1
GAIL+TD3,739,99,48,5.228443487920023,0,1
GAIL+TD3,739,99,49,6.411313226691341,0,1
