algorithm,seed,episode,day,dscr,dscr_below_1,iqr_retained
GAIL+TD3,291,5768,5,5.744360161560437,0,1
GAIL+TD3,291,5768,6,10.004497457958546,0,1
GAIL+TD3,291,5768,7,23.32040382571733,0,1
GAIL+TD3,291,5768,8,6.813569833788141,0,1
GAIL+TD3,291,5768,9,17.662305603554678,0,1
GAIL+TD3,291,5768,10,34.99018181818182,0,1
GAIL+TD3,291,5768,11,165.6471935853379,0,1
GAIL+TD3,291,5768,12,4.265001854370132,0,1
GAIL+TD3,291,5768,13,26.269031141868513,0,1
GAIL+TD3,291,5768,14,10.88626795086222,0,1
GAIL+TD3,291,5768,15,13.248916092833461,0,1
GAIL+TD3,291,5768,16,10.179099317140633,0,1
GAIL+TD3,291,5768,17,9.400387582171222,0,1
GAIL+TD3,291,5768,18,6.309154589985026,0,1
GAIL+TD3,291,5768,19,10.369856413221548,0,1
GAIL+TD3,291,5768,20,25.67751878250819,0,1
GAIL+TD3,291,5768,21,4.987534026662943,0,1
GAIL+TD3,291,5768,22,6.009200044878267,0,1
GAIL+TD3,291,5768,25,7.752683783011551,0,1
GAIL+TD3,291,5768,27,205.88252862120459,0,1
GAIL+TD3,291,5768,28,4.915086145287024,0,1
GAIL+TD3,291,5768,29,4.198385380812317,0,1
GAIL+TD3,291,5768,30,176.84148397976392,0,1
GAIL+TD3,291,5768,31,3.0526021903069314,0,1
GAIL+TD3,291,5768,32,181.74923171481257,0,1
GAIL+TD3,291,5768,33,2.2973967679184386,0,1
GAIL+TD3,291,5768,34,214.7890262751159,0,1
GAIL+TD3,291,5768,36,2.887318520531812,0,1
GAIL+TD3,291,5768,40,5.650260705802987,0,1
GAIL+TD3,291,5768,42,3.385096693973669,0,1
GAIL+TD3,291,5768,43,2.669905500974533,0,1
GAIL+TD3,291,5768,44,68.94580680124643,0,1
GAIL+TD3,291,5768,46,155.69039029189898,0,1
GAIL+TD3,291,5768,47,8.872003793757543,0,1
GAIL+TD3,291,5768,48,3.2178179509658693,0,1
GAIL+TD3,291,5768,49,2.215142741201373,0,1
GAIL+TD3,291,5768,50,1.8085443509531802,0,1
GAIL+TD3,291,5768,52,6.327109721993748,0,1
GAIL+TD3,291,5768,53,157.0801241102391,0,1
GAIL+TD3,291,5768,54,222.07063645130185,0,1
GAIL+TD3,291,5768,55,8.179116555515249,0,1
GAIL+TD3,291,5768,56,17.706107945651492,0,1
GAIL+TD3,291,5768,57,2.7587789099477087,0,1
GAIL+TD3,291,5768,58,1.4771846997251168,0,1
GAIL+TD3,291,5768,59,9.463642800437702,0,1
GAIL+TD3,291,5768,60,11.910095842888222,0,1
GAIL+TD3,291,5768,61,1.9976457722217285,0,1
GAIL+TD3,291,5768,62,151.4610922184437,0,1
GAIL+TD3,291,5768,63,137.4534632034632,0,1
GAIL+TD3,291,5768,64,11.3001110135798,0,1
GAIL+TD3,291,5768,65,128.74478178368122,0,1
GAIL+TD3,291,5768,66,2.035329046344743,0,1
GAIL+TD3,291,5768,67,1.543665760138669,0,1
GAIL+TD3,291,5768,68,3.9118732459726426,0,1
GAIL+TD3,291,5768,69,2.549901011372182,0,1
GAIL+TD3,291,5768,70,89.24548515457606,0,1
GAIL+TD3,291,5768,71,184.1269108739544,0,1
GAIL+TD3,291,5768,73,9.267497805917753,0,1
GAIL+TD3,291,5768,74,7.626556918026455,0,1
GAIL+TD3,291,5768,75,6.069314165614588,0,1
GAIL+TD3,291,5768,76,34.72232627535634,0,1
GAIL+TD3,291,5768,77,2.0225144415017353,0,1
GAIL+TD3,291,5768,78,136.9517288135593,0,1
GAIL+TD3,291,5768,79,1.1161748037013373,0,1
GAIL+TD3,291,5768,80,2.25194328142545,0,1
GAIL+TD3,291,5768,81,21.278474081284983,0,1
GAIL+TD3,291,5768,82,40.800121938827346,0,1
GAIL+TD3,291,5768,83,3.63181458033647,0,1
GAIL+TD3,291,5768,84,8.83123596679025,0,1
GAIL+TD3,291,5768,85,8.91542150253666,0,1
GAIL+TD3,291,5768,86,4.256288128635933,0,1
GAIL+TD3,291,5768,87,3.5516479389026263,0,1
GAIL+TD3,291,5768,88,1.5046935330639142,0,1
GAIL+TD3,291,5768,89,1.184185362046418,0,1
GAIL+TD3,291,5768,90,95.58270042194093,0,1
GAIL+TD3,291,5768,91,1.4939789400368415,0,1
GAIL+TD3,291,5768,92,92.55277560594214,0,1
GAIL+TD3,291,5768,93,1.7865191236100093,0,1
GAIL+TD3,291,5768,94,150.72620126926563,0,1
GAIL+TD3,291,5768,95,6.397713588413802,0,1
GAIL+TD3,291,5768,96,4.643773460021076,0,1
GAIL+TD3,291,5768,97,4.236851330822405,0,1
GAIL+TD3,291,5768,98,5.011714029211699,0,1
GAIL+TD3,291,5770,5,9.226703889102811,0,1
GAIL+TD3,291,5770,6,15.52930535455861,0,1
GAIL+TD3,291,5770,7,6.414595224943229,0,1
GAIL+TD3,291,5770,8,7.047866244185261,0,1
GAIL+TD3,291,5770,9,3.8880315862443116,0,1
GAIL+TD3,291,5770,10,3.3716317172445778,0,1
GAIL+TD3,291,5770,11,5.834123560657373,0,1
GAIL+TD3,291,5770,12,78.12493777999003,0,1
GAIL+TD3,291,5770,13,36.763061968408266,0,1
GAIL+TD3,291,5770,14,9.944323247652472,0,1
GAIL+TD3,291,5770,15,4.731865523521106,0,1
GAIL+TD3,291,5770,16,5.536075813051905,0,1
GAIL+TD3,291,5770,17,6.588112339062952,0,1
GAIL+TD3,291,5770,18,5.212896064188203,0,1
GAIL+TD3,291,5770,19,6.995519097181062,0,1
GAIL+TD3,291,5770,20,7.399751475613545,0,1
GAIL+TD3,291,5770,22,3.5256222189623987,0,1
GAIL+TD3,291,5770,24,164.6878680800942,0,1
GAIL+TD3,291,5770,25,222.82281553398062,0,1
GAIL+TD3,291,5770,26,3.5218399920689993,0,1
GAIL+TD3,291,5770,27,4.283690939233565,0,1
GAIL+TD3,291,5770,28,4.956056396006999,0,1
GAIL+TD3,291,5770,29,4.055257028205069,0,1
GAIL+TD3,291,5770,30,2.89081211375234,0,1
GAIL+TD3,291,5770,32,2.5992302344902423,0,1
GAIL+TD3,291,5770,33,1.9520492060503358,0,1
GAIL+TD3,291,5770,36,9.242556706015069,0,1
GAIL+TD3,291,5770,37,30.519520260599176,0,1
GAIL+TD3,291,5770,38,136.14422805532033,0,1
GAIL+TD3,291,5770,39,153.45748536381376,0,1
GAIL+TD3,291,5770,40,3.853010568685083,0,1
GAIL+TD3,291,5770,41,2.218396808079934,0,1
GAIL+TD3,291,5770,42,2.1253667787008883,0,1
GAIL+TD3,291,5770,43,223.15831344470965,0,1
GAIL+TD3,291,5770,44,10.15830285296269,0,1
GAIL+TD3,291,5770,45,2.3584934545101524,0,1
GAIL+TD3,291,5770,46,97.50074030204323,0,1
GAIL+TD3,291,5770,47,3.318902061790589,0,1
GAIL+TD3,291,5770,48,5.572795641617812,0,1
GAIL+TD3,291,5770,49,1.455357142857143,0,1
GAIL+TD3,291,5770,50,3.719747859406783,0,1
GAIL+TD3,291,5770,53,6.949513970620287,0,1
GAIL+TD3,291,5770,55,7.892744678171055,0,1
GAIL+TD3,291,5770,56,13.001116034794027,0,1
GAIL+TD3,291,5770,57,8.232248803827753,0,1
GAIL+TD3,291,5770,58,1.9664524976509128,0,1
GAIL+TD3,291,5770,59,7.232947566405651,0,1
GAIL+TD3,291,5770,60,3.446675006841549,0,1
GAIL+TD3,291,5770,61,1.329608965580648,0,1
GAIL+TD3,291,5770,62,15.026165126556851,0,1
GAIL+TD3,291,5770,63,162.862556561086,0,1
GAIL+TD3,291,5770,64,3.3111154264408893,0,1
GAIL+TD3,291,5770,65,151.92345924453278,0,1
GAIL+TD3,291,5770,66,178.36201780415433,0,1
GAIL+TD3,291,5770,67,6.660047543700461,0,1
GAIL+TD3,291,5770,68,6.303361452425366,0,1
GAIL+TD3,291,5770,69,3.5903990053023516,0,1
GAIL+TD3,291,5770,70,2.5090881222616006,0,1
GAIL+TD3,291,5770,71,2.0585097960182535,0,1
GAIL+TD3,291,5770,72,1.3520445235579504,0,1
GAIL+TD3,291,5770,73,1.7592263851256658,0,1
GAIL+TD3,291,5770,74,112.570339306138,0,1
GAIL+TD3,291,5770,75,3.5452220996691066,0,1
GAIL+TD3,291,5770,76,94.32466829136204,0,1
GAIL+TD3,291,5770,77,3.516865712768746,0,1
GAIL+TD3,291,5770,78,10.2616218788775,0,1
GAIL+TD3,291,5770,79,6.435944035385458,0,1
GAIL+TD3,291,5770,80,1.9797117015454997,0,1
GAIL+TD3,291,5770,81,90.03296364756623,0,1
GAIL+TD3,291,5770,82,1.5848850998365438,0,1
GAIL+TD3,291,5770,83,2.1453189355299944,0,1
GAIL+TD3,291,5770,84,151.7007042253521,0,1
GAIL+TD3,291,5770,85,6.292550368730216,0,1
GAIL+TD3,291,5770,86,120.40650522997565,0,1
GAIL+TD3,291,5770,87,8.125619176894482,0,1
GAIL+TD3,291,5770,88,5.92944906622896,0,1
GAIL+TD3,291,5770,89,11.955852193657073,0,1
GAIL+TD3,291,5770,90,1.9735695027394649,0,1
GAIL+TD3,291,5770,91,1.889699813359309,0,1
GAIL+TD3,291,5770,92,1.0059806742465531,0,1
GAIL+TD3,291,5770,93,4.345606464052887,0,1
GAIL+TD3,291,5770,94,102.37058823529411,0,1
GAIL+TD3,291,5770,95,192.64326375711576,0,1
GAIL+TD3,291,5770,96,3.7598423975428914,0,1
GAIL+TD3,291,5770,97,5.138186658286116,0,1
GAIL+TD3,291,5770,98,105.06440263117638,0,1
GAIL+TD3,291,5771,5,5.4830832597822905,0,1
GAIL+TD3,291,5771,6,13.970293282876062,0,1
GAIL+TD3,291,5771,7,11.898500299940011,0,1
GAIL+TD3,291,5771,8,26.459527824620576,0,1
GAIL+TD3,291,5771,9,11.109384908053265,0,1
GAIL+TD3,291,5771,10,6.116092725104352,0,1
GAIL+TD3,291,5771,11,6.621620593938933,0,1
GAIL+TD3,291,5771,12,6.746341636254119,0,1
GAIL+TD3,291,5771,13,12.436429110762619,0,1
GAIL+TD3,291,5771,14,9.68988793215352,0,1
GAIL+TD3,291,5771,15,6.7650340032092915,0,1
GAIL+TD3,291,5771,16,6.964930448655155,0,1
GAIL+TD3,291,5771,17,8.310524435978333,0,1
GAIL+TD3,291,5771,18,5.647017206963641,0,1
GAIL+TD3,291,5771,19,11.110730748373102,0,1
GAIL+TD3,291,5771,24,1.97780356289673,0,1
GAIL+TD3,291,5771,25,4.336272817615984,0,1
GAIL+TD3,291,5771,26,216.37318840579707,0,1
GAIL+TD3,291,5771,27,2.143673742269764,0,1
GAIL+TD3,291,5771,29,222.1974822974036,0,1
GAIL+TD3,291,5771,30,5.424502636898338,0,1
GAIL+TD3,291,5771,33,6.354363901018924,0,1
GAIL+TD3,291,5771,34,221.15376729882115,0,1
GAIL+TD3,291,5771,35,152.26698369565216,0,1
GAIL+TD3,291,5771,36,219.89598214285712,0,1
GAIL+TD3,291,5771,37,3.955635737949101,0,1
GAIL+TD3,291,5771,38,3.7788250884336296,0,1
GAIL+TD3,291,5771,39,6.196011336202372,0,1
GAIL+TD3,291,5771,41,5.716374751677777,0,1
GAIL+TD3,291,5771,43,3.959573301889834,0,1
GAIL+TD3,291,5771,46,2.154015692305004,0,1
GAIL+TD3,291,5771,47,15.294266736584513,0,1
GAIL+TD3,291,5771,48,32.61136662286465,0,1
GAIL+TD3,291,5771,49,2.497947338878025,0,1
GAIL+TD3,291,5771,50,19.706701525984414,0,1
GAIL+TD3,291,5771,51,59.832739851459976,0,1
GAIL+TD3,291,5771,52,3.80985646854831,0,1
GAIL+TD3,291,5771,53,28.4286941580756,0,1
GAIL+TD3,291,5771,54,34.14992280253421,0,1
GAIL+TD3,291,5771,55,150.57535986452157,0,1
GAIL+TD3,291,5771,56,3.562063419963908,0,1
GAIL+TD3,291,5771,57,1.5072465071925294,0,1
GAIL+TD3,291,5771,58,3.956155351061517,0,1
GAIL+TD3,291,5771,59,142.8172920065253,0,1
GAIL+TD3,291,5771,60,12.816554990446972,0,1
GAIL+TD3,291,5771,61,1.5596371014571961,0,1
GAIL+TD3,291,5771,62,1.34961949273613,0,1
GAIL+TD3,291,5771,63,216.50758459743287,0,1
GAIL+TD3,291,5771,65,36.0691673536686,0,1
GAIL+TD3,291,5771,66,43.83595456531236,0,1
GAIL+TD3,291,5771,67,3.378880973945966,0,1
GAIL+TD3,291,5771,68,10.001304614073858,0,1
GAIL+TD3,291,5771,69,5.368588760895275,0,1
GAIL+TD3,291,5771,70,2.1020951648587154,0,1
GAIL+TD3,291,5771,71,9.209474031410956,0,1
GAIL+TD3,291,5771,72,148.67929482370593,0,1
GAIL+TD3,291,5771,73,119.27810871183915,0,1
GAIL+TD3,291,5771,74,2.2501014414666107,0,1
GAIL+TD3,291,5771,75,1.7944357417759782,0,1
GAIL+TD3,291,5771,76,138.9408750492708,0,1
GAIL+TD3,291,5771,77,109.63911799360378,0,1
GAIL+TD3,291,5771,78,1.545927011890751,0,1
GAIL+TD3,291,5771,79,81.18694241686943,0,1
GAIL+TD3,291,5771,80,127.17107484524479,0,1
GAIL+TD3,291,5771,81,196.77475117862753,0,1
GAIL+TD3,291,5771,82,1.700246955356068,0,1
GAIL+TD3,291,5771,83,11.618865519439133,0,1
GAIL+TD3,291,5771,84,19.1345916066623,0,1
GAIL+TD3,291,5771,85,147.94548626253817,0,1
GAIL+TD3,291,5771,86,3.519904192930572,0,1
GAIL+TD3,291,5771,87,2.133913684233173,0,1
GAIL+TD3,291,5771,88,106.1786676934925,0,1
GAIL+TD3,291,5771,89,1.9920971131045306,0,1
GAIL+TD3,291,5771,90,2.3170274609512553,0,1
GAIL+TD3,291,5771,91,2.04812197059348,0,1
GAIL+TD3,291,5771,92,1.7198791473171824,0,1
GAIL+TD3,291,5771,93,159.91806636624335,0,1
GAIL+TD3,291,5771,94,161.6717607973422,0,1
GAIL+TD3,291,5771,95,4.0730105694956755,0,1
GAIL+TD3,291,5771,96,4.987986380469312,0,1
GAIL+TD3,291,5771,97,2.1609777136553956,0,1
GAIL+TD3,291,5771,98,5.022290941888931,0,1
GAIL+TD3,291,5775,5,6.775425367362723,0,1
GAIL+TD3,291,5775,6,6.088647714175951,0,1
GAIL+TD3,291,5775,7,4.543589999500973,0,1
GAIL+TD3,291,5775,8,7.573566286500042,0,1
GAIL+TD3,291,5775,9,7.148947039791111,0,1
GAIL+TD3,291,5775,10,4.6643888178329975,0,1
GAIL+TD3,291,5775,11,45.37024743512372,0,1
GAIL+TD3,291,5775,12,7.306721238719859,0,1
GAIL+TD3,291,5775,13,16.043287720239693,0,1
GAIL+TD3,291,5775,14,10.738371178352299,0,1
GAIL+TD3,291,5775,15,8.309325513196482,0,1
GAIL+TD3,291,5775,16,6.4203965707673705,0,1
GAIL+TD3,291,5775,17,6.777013876601875,0,1
GAIL+TD3,291,5775,18,4.525514474785602,0,1
GAIL+TD3,291,5775,20,5.672783933518004,0,1
GAIL+TD3,291,5775,23,6.574627437948928,0,1
GAIL+TD3,291,5775,24,6.361806803553449,0,1
GAIL+TD3,291,5775,26,4.27915988465765,0,1
GAIL+TD3,291,5775,27,3.11113971658197,0,1
GAIL+TD3,291,5775,29,216.83938223938222,0,1
GAIL+TD3,291,5775,30,207.39349376114083,0,1
GAIL+TD3,291,5775,31,3.6159416483442266,0,1
GAIL+TD3,291,5775,32,160.443661971831,0,1
GAIL+TD3,291,5775,33,4.314318370739817,0,1
GAIL+TD3,291,5775,34,4.136197256041362,0,1
GAIL+TD3,291,5775,35,4.793959034651393,0,1
GAIL+TD3,291,5775,36,2.8621438566069477,0,1
GAIL+TD3,291,5775,37,139.51437587657784,0,1
GAIL+TD3,291,5775,39,7.978694719252606,0,1
GAIL+TD3,291,5775,40,3.9208354993197876,0,1
GAIL+TD3,291,5775,41,5.091445987191474,0,1
GAIL+TD3,291,5775,42,181.95662535748332,0,1
GAIL+TD3,291,5775,43,3.2580457341409588,0,1
GAIL+TD3,291,5775,44,150.540676416819,0,1
GAIL+TD3,291,5775,45,57.24450352062077,0,1
GAIL+TD3,291,5775,46,1.6964915685293185,0,1
GAIL+TD3,291,5775,48,2.7361087034298084,0,1
GAIL+TD3,291,5775,50,49.2183699719364,0,1
GAIL+TD3,291,5775,51,44.01689001665213,0,1
GAIL+TD3,291,5775,52,3.803961358568553,0,1
GAIL+TD3,291,5775,53,36.608430336905805,0,1
GAIL+TD3,291,5775,54,1.4763759421446854,0,1
GAIL+TD3,291,5775,55,6.733736086559569,0,1
GAIL+TD3,291,5775,56,1.366285222528463,0,1
GAIL+TD3,291,5775,57,12.071228864332314,0,1
GAIL+TD3,291,5775,58,117.41125637048526,0,1
GAIL+TD3,291,5775,59,177.47366509262622,0,1
GAIL+TD3,291,5775,60,8.23080371112746,0,1
GAIL+TD3,291,5775,61,3.823585991099855,0,1
GAIL+TD3,291,5775,62,3.7164225373944055,0,1
GAIL+TD3,291,5775,63,6.800675437979314,0,1
GAIL+TD3,291,5775,64,27.1741625974471,0,1
GAIL+TD3,291,5775,65,1.4339573670727952,0,1
GAIL+TD3,291,5775,66,80.64815453604692,0,1
GAIL+TD3,291,5775,67,11.138270704122583,0,1
GAIL+TD3,291,5775,68,176.6912378303199,0,1
GAIL+TD3,291,5775,69,68.6272158498436,0,1
GAIL+TD3,291,5775,70,1.720892063448913,0,1
GAIL+TD3,291,5775,71,45.10556745182012,0,1
GAIL+TD3,291,5775,72,5.4926284029349235,0,1
GAIL+TD3,291,5775,73,2.1236059415613457,0,1
GAIL+TD3,291,5775,74,119.36308539944905,0,1
GAIL+TD3,291,5775,75,5.356470489357679,0,1
GAIL+TD3,291,5775,76,3.440649375058734,0,1
GAIL+TD3,291,5775,77,1.8980416337246029,0,1
GAIL+TD3,291,5775,78,80.43017578125,0,1
GAIL+TD3,291,5775,79,121.34163174759672,0,1
GAIL+TD3,291,5775,80,36.88759100069921,0,1
GAIL+TD3,291,5775,81,2.2180866545073536,0,1
GAIL+TD3,291,5775,82,157.7590870667794,0,1
GAIL+TD3,291,5775,83,8.316091762779772,0,1
GAIL+TD3,291,5775,84,9.240662915212384,0,1
GAIL+TD3,291,5775,85,2.1994842611576235,0,1
GAIL+TD3,291,5775,86,3.792341047892731,0,1
GAIL+TD3,291,5775,87,3.1941849420164297,0,1
GAIL+TD3,291,5775,88,1.6867967728249702,0,1
GAIL+TD3,291,5775,89,3.178564468983436,0,1
GAIL+TD3,291,5775,90,170.36527277762394,0,1
GAIL+TD3,291,5775,91,151.15226162667233,0,1
GAIL+TD3,291,5775,92,17.23561009419993,0,1
GAIL+TD3,291,5775,93,2.782149359872642,0,1
GAIL+TD3,291,5775,94,6.333097790406888,0,1
GAIL+TD3,291,5775,95,4.390345493180721,0,1
GAIL+TD3,291,5775,96,8.53317501439263,0,1
GAIL+TD3,291,5775,97,2.513013503039204,0,1
GAIL+TD3,291,5775,98,3.535549319258042,0,1
GAIL+TD3,291,5779,5,4.802387008413226,0,1
GAIL+TD3,291,5779,6,12.565034429992348,0,1
GAIL+TD3,291,5779,7,22.116059067835717,0,1
GAIL+TD3,291,5779,8,32.503493013972054,0,1
GAIL+TD3,291,5779,9,5.679426908439668,0,1
GAIL+TD3,291,5779,10,14.218386933827245,0,1
GAIL+TD3,291,5779,11,5.6060522696011,0,1
GAIL+TD3,291,5779,12,9.281231585150266,0,1
GAIL+TD3,291,5779,13,12.85050713870405,0,1
GAIL+TD3,291,5779,14,6.989624874363713,0,1
GAIL+TD3,291,5779,15,10.374038806326944,0,1
GAIL+TD3,291,5779,16,6.219746872918363,0,1
GAIL+TD3,291,5779,17,4.544439170547924,0,1
GAIL+TD3,291,5779,19,4.318207849725106,0,1
GAIL+TD3,291,5779,22,5.251924703891709,0,1
GAIL+TD3,291,5779,25,4.196558743588869,0,1
GAIL+TD3,291,5779,28,175.19702380952378,0,1
GAIL+TD3,291,5779,29,2.603191937903053,0,1
GAIL+TD3,291,5779,31,5.751513202558332,0,1
GAIL+TD3,291,5779,33,219.79676391272372,0,1
GAIL+TD3,291,5779,35,10.153381971907812,0,1
GAIL+TD3,291,5779,36,3.1724767214622367,0,1
GAIL+TD3,291,5779,37,2.706649953628565,0,1
GAIL+TD3,291,5779,39,2.7420519740226967,0,1
GAIL+TD3,291,5779,42,76.89043026706233,0,1
GAIL+TD3,291,5779,43,3.604978474445303,0,1
GAIL+TD3,291,5779,45,1.7816579953486573,0,1
GAIL+TD3,291,5779,46,123.490755957272,0,1
GAIL+TD3,291,5779,48,6.144612192668812,0,1
GAIL+TD3,291,5779,49,13.301141141141143,0,1
GAIL+TD3,291,5779,50,102.96528301886794,0,1
GAIL+TD3,291,5779,51,3.8735843120805367,0,1
GAIL+TD3,291,5779,52,8.084045627687061,0,1
GAIL+TD3,291,5779,53,1.6115698954995061,0,1
GAIL+TD3,291,5779,56,38.938504197211984,0,1
GAIL+TD3,291,5779,57,13.021013060319708,0,1
GAIL+TD3,291,5779,58,17.007139702635065,0,1
GAIL+TD3,291,5779,59,3.0182344720172996,0,1
GAIL+TD3,291,5779,60,1.2924001334800785,0,1
GAIL+TD3,291,5779,61,6.747309197651663,0,1
GAIL+TD3,291,5779,62,2.6425433484552356,0,1
GAIL+TD3,291,5779,63,214.56713505074163,0,1
GAIL+TD3,291,5779,65,221.74027055150887,0,1
GAIL+TD3,291,5779,66,15.979086681447034,0,1
GAIL+TD3,291,5779,67,6.566527838667249,0,1
GAIL+TD3,291,5779,68,3.619343173918058,0,1
GAIL+TD3,291,5779,69,1.752366265537154,0,1
GAIL+TD3,291,5779,70,10.844169616818203,0,1
GAIL+TD3,291,5779,71,3.3935921225166386,0,1
GAIL+TD3,291,5779,72,22.250021031378814,0,1
GAIL+TD3,291,5779,73,196.54409975669097,0,1
GAIL+TD3,291,5779,74,2.794065109376255,0,1
GAIL+TD3,291,5779,75,5.512231363688958,0,1
GAIL+TD3,291,5779,76,6.651159461780705,0,1
GAIL+TD3,291,5779,77,19.838487972508595,0,1
GAIL+TD3,291,5779,78,38.1569416498994,0,1
GAIL+TD3,291,5779,79,16.376974684676625,0,1
GAIL+TD3,291,5779,80,1.7310109927422435,0,1
GAIL+TD3,291,5779,81,29.936293766011957,0,1
GAIL+TD3,291,5779,82,4.256034072690756,0,1
GAIL+TD3,291,5779,83,1.912775154480652,0,1
GAIL+TD3,291,5779,84,3.341965056168212,0,1
GAIL+TD3,291,5779,85,4.898465910219979,0,1
GAIL+TD3,291,5779,86,3.92443244779088,0,1
GAIL+TD3,291,5779,87,2.0583276414952367,0,1
GAIL+TD3,291,5779,88,5.156581585966553,0,1
GAIL+TD3,291,5779,89,104.37145761850302,0,1
GAIL+TD3,291,5779,90,5.611404603254666,0,1
GAIL+TD3,291,5779,91,1.778241823514125,0,1
GAIL+TD3,291,5779,92,1.22719584589901,0,1
GAIL+TD3,291,5779,93,0.8792022742105748,1,1
GAIL+TD3,291,5781,5,3.8604788069073788,0,1
GAIL+TD3,291,5781,6,9.975961538461538,0,1
GAIL+TD3,291,5781,7,9.705775517617143,0,1
GAIL+TD3,291,5781,8,40.9248145650708,0,1
GAIL+TD3,291,5781,9,9.209644555127912,0,1
GAIL+TD3,291,5781,10,16.407395634668358,0,1
GAIL+TD3,291,5781,11,5.843885160328114,0,1
GAIL+TD3,291,5781,12,10.707577565632459,0,1
GAIL+TD3,291,5781,13,9.082452186976367,0,1
GAIL+TD3,291,5781,14,9.266031529029775,0,1
GAIL+TD3,291,5781,15,9.528135914794532,0,1
GAIL+TD3,291,5781,16,7.007702671784833,0,1
GAIL+TD3,291,5781,17,5.9510008084866595,0,1
GAIL+TD3,291,5781,18,74.44145873320537,0,1
GAIL+TD3,291,5781,19,2.463351535054223,0,1
GAIL+TD3,291,5781,21,6.334041145000276,0,1
GAIL+TD3,291,5781,23,3.112460805057741,0,1
GAIL+TD3,291,5781,24,8.661251493482178,0,1
GAIL+TD3,291,5781,27,4.126600546565542,0,1
GAIL+TD3,291,5781,28,158.4894736842105,0,1
GAIL+TD3,291,5781,29,5.798991054711879,0,1
GAIL+TD3,291,5781,31,3.2759537265983747,0,1
GAIL+TD3,291,5781,32,1.8261042066547282,0,1
GAIL+TD3,291,5781,36,217.7920981971615,0,1
GAIL+TD3,291,5781,37,6.453039681309766,0,1
GAIL+TD3,291,5781,38,38.71263287719505,0,1
GAIL+TD3,291,5781,39,8.67388314575836,0,1
GAIL+TD3,291,5781,40,2.3877051545583767,0,1
GAIL+TD3,291,5781,41,3.1423281825281713,0,1
GAIL+TD3,291,5781,42,2.359600475195793,0,1
GAIL+TD3,291,5781,43,1.1284520231879736,0,1
GAIL+TD3,291,5781,44,131.12565445026178,0,1
GAIL+TD3,291,5781,47,5.798433891048392,0,1
GAIL+TD3,291,5781,48,8.250002510569498,0,1
GAIL+TD3,291,5781,49,25.7768021732803,0,1
GAIL+TD3,291,5781,50,2.7944832484905886,0,1
GAIL+TD3,291,5781,51,2.7486261398510026,0,1
GAIL+TD3,291,5781,52,1.7721736043025846,0,1
GAIL+TD3,291,5781,53,1.1823507696258606,0,1
GAIL+TD3,291,5781,54,177.48150833937638,0,1
GAIL+TD3,291,5781,55,2.238535842193844,0,1
GAIL+TD3,291,5781,56,184.30743432084964,0,1
GAIL+TD3,291,5781,58,7.457954386455856,0,1
GAIL+TD3,291,5781,59,17.23199355917508,0,1
GAIL+TD3,291,5781,60,6.681015470051567,0,1
GAIL+TD3,291,5781,61,6.7176414702214835,0,1
GAIL+TD3,291,5781,62,2.087313697046411,0,1
GAIL+TD3,291,5781,63,2.752906873880951,0,1
GAIL+TD3,291,5781,64,1.4101775945427901,0,1
GAIL+TD3,291,5781,65,2.1023136664304274,0,1
GAIL+TD3,291,5781,67,11.96286231884058,0,1
GAIL+TD3,291,5781,68,10.653513798686532,0,1
GAIL+TD3,291,5781,69,3.4948790167712196,0,1
GAIL+TD3,291,5781,70,5.896662359074908,0,1
GAIL+TD3,291,5781,71,2.780030767915901,0,1
GAIL+TD3,291,5781,72,2.1292827609133784,0,1
GAIL+TD3,291,5781,73,2.0737815859848276,0,1
GAIL+TD3,291,5781,74,95.6941416893733,0,1
GAIL+TD3,291,5781,75,160.93187889581478,0,1
GAIL+TD3,291,5781,76,1.4723990935454732,0,1
GAIL+TD3,291,5781,77,37.282202356765545,0,1
GAIL+TD3,291,5781,78,4.8127788041274275,0,1
GAIL+TD3,291,5781,79,53.44373750227233,0,1
GAIL+TD3,291,5781,80,4.07323727665038,0,1
GAIL+TD3,291,5781,81,3.1285730100741724,0,1
GAIL+TD3,291,5781,82,7.376765375854213,0,1
GAIL+TD3,291,5781,83,1.1334252252585617,0,1
GAIL+TD3,291,5781,84,1.3216407797352236,0,1
GAIL+TD3,291,5781,85,114.83944243675786,0,1
GAIL+TD3,291,5781,86,1.211235919948757,0,1
GAIL+TD3,291,5781,87,178.96145610278373,0,1
GAIL+TD3,291,5781,89,72.98310001261194,0,1
GAIL+TD3,291,5781,90,12.820281745585426,0,1
GAIL+TD3,291,5781,91,6.006817591356621,0,1
GAIL+TD3,291,5781,92,27.059838041664097,0,1
GAIL+TD3,291,5781,93,6.201001276136252,0,1
GAIL+TD3,291,5781,94,2.653337590041782,0,1
GAIL+TD3,291,5781,95,1.298401978249887,0,1
GAIL+TD3,291,5781,96,47.72763442082529,0,1
GAIL+TD3,291,5781,97,3.1342947853834606,0,1
GAIL+TD3,291,5781,98,2.778721596242585,0,1
GAIL+TD3,291,5783,5,5.166666666666667,0,1
GAIL+TD3,291,5783,6,5.388689494616354,0,1
GAIL+TD3,291,5783,7,8.765934496960188,0,1
GAIL+TD3,291,5783,8,7.740055688146382,0,1
GAIL+TD3,291,5783,9,4.869940918773361,0,1
GAIL+TD3,291,5783,10,23.468744790798468,0,1
GAIL+TD3,291,5783,11,8.014102928632358,0,1
GAIL+TD3,291,5783,12,4.368894842598794,0,1
GAIL+TD3,291,5783,13,32.7185489635454,0,1
GAIL+TD3,291,5783,14,6.306666666666667,0,1
GAIL+TD3,291,5783,15,9.893464764703095,0,1
GAIL+TD3,291,5783,16,7.561291723988126,0,1
GAIL+TD3,291,5783,17,6.01910135272925,0,1
GAIL+TD3,291,5783,18,4.904629702041135,0,1
GAIL+TD3,291,5783,20,6.861570930912604,0,1
GAIL+TD3,291,5783,21,29.115553977272725,0,1
GAIL+TD3,291,5783,22,6.5192901422146585,0,1
GAIL+TD3,291,5783,23,10.93888194474376,0,1
GAIL+TD3,291,5783,24,3.043666910801874,0,1
GAIL+TD3,291,5783,25,4.098039870437773,0,1
GAIL+TD3,291,5783,26,4.933725698027948,0,1
GAIL+TD3,291,5783,28,4.602417885613791,0,1
GAIL+TD3,291,5783,29,189.53840063341252,0,1
GAIL+TD3,291,5783,30,152.778342455043,0,1
GAIL+TD3,291,5783,31,4.4188910946621105,0,1
GAIL+TD3,291,5783,32,5.673035781702253,0,1
GAIL+TD3,291,5783,33,3.6492231665577055,0,1
GAIL+TD3,291,5783,34,130.85527082119978,0,1
GAIL+TD3,291,5783,35,52.39030828698029,0,1
GAIL+TD3,291,5783,36,2.1696046595536314,0,1
GAIL+TD3,291,5783,37,2.203583243823845,0,1
GAIL+TD3,291,5783,38,1.9698803511733594,0,1
GAIL+TD3,291,5783,40,173.19219219219218,0,1
GAIL+TD3,291,5783,41,150.22567287784676,0,1
GAIL+TD3,291,5783,42,3.5073966952980964,0,1
GAIL+TD3,291,5783,43,3.1876951486830323,0,1
GAIL+TD3,291,5783,44,4.963670340808312,0,1
GAIL+TD3,291,5783,45,5.957356482777934,0,1
GAIL+TD3,291,5783,46,175.01945181255525,0,1
GAIL+TD3,291,5783,47,3.0030485657010746,0,1
GAIL+TD3,291,5783,48,170.29853658536584,0,1
GAIL+TD3,291,5783,49,19.591643835616438,0,1
GAIL+TD3,291,5783,50,1.8946956740238792,0,1
GAIL+TD3,291,5783,51,3.772808716927247,0,1
GAIL+TD3,291,5783,52,52.1180419921875,0,1
GAIL+TD3,291,5783,53,5.32379949313761,0,1
GAIL+TD3,291,5783,54,2.711089397405667,0,1
GAIL+TD3,291,5783,55,115.32517006802723,0,1
GAIL+TD3,291,5783,56,4.960291361691596,0,1
GAIL+TD3,291,5783,57,3.108788286661633,0,1
GAIL+TD3,291,5783,58,27.503547624166842,0,1
GAIL+TD3,291,5783,59,2.263825527998109,0,1
GAIL+TD3,291,5783,60,3.7846264705167965,0,1
GAIL+TD3,291,5783,61,2.65443371709673,0,1
GAIL+TD3,291,5783,62,120.9097605893186,0,1
GAIL+TD3,291,5783,63,152.86533242876527,0,1
GAIL+TD3,291,5783,64,4.3466623729125455,0,1
GAIL+TD3,291,5783,65,1.7104693823667338,0,1
GAIL+TD3,291,5783,66,1.6242693631494267,0,1
GAIL+TD3,291,5783,67,28.899389602189018,0,1
GAIL+TD3,291,5783,68,8.598052378718519,0,1
GAIL+TD3,291,5783,69,100.12454954954954,0,1
GAIL+TD3,291,5783,70,146.22420907840439,0,1
GAIL+TD3,291,5783,71,4.225055194322556,0,1
GAIL+TD3,291,5783,72,7.183675119679129,0,1
GAIL+TD3,291,5783,73,2.12902620138147,0,1
GAIL+TD3,291,5783,74,83.61877315767805,0,1
GAIL+TD3,291,5783,75,2.366104375329468,0,1
GAIL+TD3,291,5783,76,1.9024353030925418,0,1
GAIL+TD3,291,5783,77,1.3077387541511525,0,1
GAIL+TD3,291,5783,78,1.8750669871843946,0,1
GAIL+TD3,291,5783,80,31.609276989105314,0,1
GAIL+TD3,291,5783,81,62.33696927046681,0,1
GAIL+TD3,291,5783,82,10.428421033849007,0,1
GAIL+TD3,291,5783,83,8.883720408895266,0,1
GAIL+TD3,291,5783,84,11.43345977431079,0,1
GAIL+TD3,291,5783,85,4.646733094648224,0,1
GAIL+TD3,291,5783,86,2.325978732148956,0,1
GAIL+TD3,291,5783,87,4.109862840365349,0,1
GAIL+TD3,291,5783,88,1.4628882142336912,0,1
GAIL+TD3,291,5783,89,1.7366659603714028,0,1
GAIL+TD3,291,5783,90,124.57596741344197,0,1
GAIL+TD3,291,5783,91,2.7357956257154905,0,1
GAIL+TD3,291,5783,92,4.544515920698183,0,1
GAIL+TD3,291,5783,93,4.6849940819647875,0,1
GAIL+TD3,291,5783,94,3.419855676357425,0,1
GAIL+TD3,291,5783,95,6.94786189344282,0,1
GAIL+TD3,291,5783,96,3.964353021115114,0,1
GAIL+TD3,291,5783,97,4.63342315796543,0,1
GAIL+TD3,291,5783,98,1.4623046723887063,0,1
GAIL+TD3,291,5784,5,4.698635515853538,0,1
GAIL+TD3,291,5784,6,8.173954192693545,0,1
GAIL+TD3,291,5784,7,7.8946212952799115,0,1
GAIL+TD3,291,5784,8,4.3810167658193615,0,1
GAIL+TD3,291,5784,9,9.088068539750536,0,1
GAIL+TD3,291,5784,10,3.9481874838662097,0,1
GAIL+TD3,291,5784,11,7.430247385870951,0,1
GAIL+TD3,291,5784,12,8.430571051830816,0,1
GAIL+TD3,291,5784,13,6.221848051866307,0,1
GAIL+TD3,291,5784,14,6.116464193423829,0,1
GAIL+TD3,291,5784,15,3.657543233048454,0,1
GAIL+TD3,291,5784,16,11.732124479294294,0,1
GAIL+TD3,291,5784,17,7.128833795266957,0,1
GAIL+TD3,291,5784,18,7.947732643186676,0,1
GAIL+TD3,291,5784,19,4.946679952894286,0,1
GAIL+TD3,291,5784,21,4.225429116338207,0,1
GAIL+TD3,291,5784,22,10.02745232868742,0,1
GAIL+TD3,291,5784,23,209.75637393767704,0,1
GAIL+TD3,291,5784,24,7.488418217879434,0,1
GAIL+TD3,291,5784,25,5.779485533127333,0,1
GAIL+TD3,291,5784,27,2.900647879232758,0,1
GAIL+TD3,291,5784,29,211.3350416399744,0,1
GAIL+TD3,291,5784,30,3.028817032391718,0,1
GAIL+TD3,291,5784,31,190.67978723404252,0,1
GAIL+TD3,291,5784,32,200.51870420362513,0,1
GAIL+TD3,291,5784,33,5.840544835922461,0,1
GAIL+TD3,291,5784,34,3.8941742106588837,0,1
GAIL+TD3,291,5784,35,3.4524268723882994,0,1
GAIL+TD3,291,5784,36,5.780229071165303,0,1
GAIL+TD3,291,5784,37,7.101074263149007,0,1
GAIL+TD3,291,5784,38,2.462283737024221,0,1
GAIL+TD3,291,5784,39,141.7941092364884,0,1
GAIL+TD3,291,5784,40,44.40631749460043,0,1
GAIL+TD3,291,5784,41,168.50398337374438,0,1
GAIL+TD3,291,5784,42,1.3762068975272215,0,1
GAIL+TD3,291,5784,43,1.0972865651886168,0,1
GAIL+TD3,291,5784,46,208.42976461655277,0,1
GAIL+TD3,291,5784,47,203.71097372488404,0,1
GAIL+TD3,291,5784,48,5.879925243780805,0,1
GAIL+TD3,291,5784,49,18.40263948158685,0,1
GAIL+TD3,291,5784,50,1.8163692692266777,0,1
GAIL+TD3,291,5784,51,1.9278428089478903,0,1
GAIL+TD3,291,5784,52,1.8813744277653575,0,1
GAIL+TD3,291,5784,53,211.03855050115655,0,1
GAIL+TD3,291,5784,55,184.11648351648347,0,1
GAIL+TD3,291,5784,56,7.368661821648701,0,1
GAIL+TD3,291,5784,57,180.00882056451616,0,1
GAIL+TD3,291,5784,58,5.663282766370416,0,1
GAIL+TD3,291,5784,59,3.251350508816207,0,1
GAIL+TD3,291,5784,61,2.9378320137188676,0,1
GAIL+TD3,291,5784,62,21.351185748326337,0,1
GAIL+TD3,291,5784,63,17.36332673719461,0,1
GAIL+TD3,291,5784,64,11.5577752840954,0,1
GAIL+TD3,291,5784,65,3.1252546211364014,0,1
GAIL+TD3,291,5784,66,75.5018910741301,0,1
GAIL+TD3,291,5784,67,2.203394125899443,0,1
GAIL+TD3,291,5784,68,7.832598918303444,0,1
GAIL+TD3,291,5784,69,8.717762895790251,0,1
GAIL+TD3,291,5784,70,1.7398647439796757,0,1
GAIL+TD3,291,5784,71,2.0138355016246705,0,1
GAIL+TD3,291,5784,72,1.5133558147226736,0,1
GAIL+TD3,291,5784,73,138.19517958412098,0,1
GAIL+TD3,291,5784,74,218.98124383020726,0,1
GAIL+TD3,291,5784,75,110.31244295710374,0,1
GAIL+TD3,291,5784,76,2.968476791480469,0,1
GAIL+TD3,291,5784,77,6.46477216738982,0,1
GAIL+TD3,291,5784,78,5.284947774454991,0,1
GAIL+TD3,291,5784,79,3.2167143311089927,0,1
GAIL+TD3,291,5784,80,194.2495755517827,0,1
GAIL+TD3,291,5784,81,4.406069038335689,0,1
GAIL+TD3,291,5784,82,1.7109182441922794,0,1
GAIL+TD3,291,5784,83,167.08419301164724,0,1
GAIL+TD3,291,5784,84,4.440390575137682,0,1
GAIL+TD3,291,5784,85,5.1543532183348235,0,1
GAIL+TD3,291,5784,86,10.600369458128078,0,1
GAIL+TD3,291,5784,87,11.913677268667996,0,1
GAIL+TD3,291,5784,88,7.407249869674602,0,1
GAIL+TD3,291,5784,89,2.965440030349765,0,1
GAIL+TD3,291,5784,90,1.4941673739388284,0,1
GAIL+TD3,291,5784,91,2.706439275581497,0,1
GAIL+TD3,291,5784,92,1.5059823164832218,0,1
GAIL+TD3,291,5784,93,2.6893971960149927,0,1
GAIL+TD3,291,5784,94,123.34993924665856,0,1
GAIL+TD3,291,5784,95,2.037814134668893,0,1
GAIL+TD3,291,5784,96,123.44182776801405,0,1
GAIL+TD3,291,5784,97,2.1555649308264213,0,1
GAIL+TD3,291,5784,98,18.58190416796591,0,1
GAIL+TD3,291,5788,5,3.631859455191473,0,1
GAIL+TD3,291,5788,6,8.785851595540176,0,1
GAIL+TD3,291,5788,7,13.849421760679723,0,1
GAIL+TD3,291,5788,8,52.13997933884297,0,1
GAIL+TD3,291,5788,9,18.25851863701808,0,1
GAIL+TD3,291,5788,10,7.081686173570978,0,1
GAIL+TD3,291,5788,11,8.25798760133524,0,1
GAIL+TD3,291,5788,12,10.510566151983046,0,1
GAIL+TD3,291,5788,13,4.880167036684639,0,1
GAIL+TD3,291,5788,14,21.58154761904762,0,1
GAIL+TD3,291,5788,15,10.526272657153877,0,1
GAIL+TD3,291,5788,16,7.168256076504185,0,1
GAIL+TD3,291,5788,17,4.784637359149341,0,1
GAIL+TD3,291,5788,18,7.320012643366747,0,1
GAIL+TD3,291,5788,19,4.462223706920551,0,1
GAIL+TD3,291,5788,23,3.431485134049236,0,1
GAIL+TD3,291,5788,26,212.74795180722893,0,1
GAIL+TD3,291,5788,27,2.139192455656556,0,1
GAIL+TD3,291,5788,30,2.817616980020745,0,1
GAIL+TD3,291,5788,31,224.88596019365252,0,1
GAIL+TD3,291,5788,32,166.87675946199562,0,1
GAIL+TD3,291,5788,34,4.8305806975257015,0,1
GAIL+TD3,291,5788,35,8.93150833977086,0,1
GAIL+TD3,291,5788,36,4.303135125667747,0,1
GAIL+TD3,291,5788,37,3.6125027531018277,0,1
GAIL+TD3,291,5788,38,3.4199876502161213,0,1
GAIL+TD3,291,5788,39,1.411386013632921,0,1
GAIL+TD3,291,5788,40,1.3883370748821322,0,1
GAIL+TD3,291,5788,41,137.818320610687,0,1
GAIL+TD3,291,5788,43,93.00321597833448,0,1
GAIL+TD3,291,5788,44,27.576010528294795,0,1
GAIL+TD3,291,5788,45,9.304904970508089,0,1
GAIL+TD3,291,5788,46,5.289178138446981,0,1
GAIL+TD3,291,5788,47,4.383950658369107,0,1
GAIL+TD3,291,5788,48,1.4833799900421722,0,1
GAIL+TD3,291,5788,49,1.0502324849474893,0,1
GAIL+TD3,291,5788,50,146.4255319148936,0,1
GAIL+TD3,291,5788,51,163.09710258418167,0,1
GAIL+TD3,291,5788,52,207.82186234817814,0,1
GAIL+TD3,291,5788,53,3.813243457573354,0,1
GAIL+TD3,291,5788,54,7.3211238486106165,0,1
GAIL+TD3,291,5788,55,36.694541709577756,0,1
GAIL+TD3,291,5788,56,6.53192323748561,0,1
GAIL+TD3,291,5788,57,17.081557021578575,0,1
GAIL+TD3,291,5788,58,2.6552370139086006,0,1
GAIL+TD3,291,5788,59,4.113802244832591,0,1
GAIL+TD3,291,5788,60,1.6665366027130681,0,1
GAIL+TD3,291,5788,61,133.06531464360276,0,1
GAIL+TD3,291,5788,62,3.0932573163060515,0,1
GAIL+TD3,291,5788,63,125.85478093138605,0,1
GAIL+TD3,291,5788,64,1.161940210327307,0,1
GAIL+TD3,291,5788,65,129.18121125417264,0,1
GAIL+TD3,291,5788,66,1.8640515208465507,0,1
GAIL+TD3,291,5788,67,114.35991749742176,0,1
GAIL+TD3,291,5788,68,2.749972259551961,0,1
GAIL+TD3,291,5788,69,88.75335775335773,0,1
GAIL+TD3,291,5788,70,7.850024644889547,0,1
GAIL+TD3,291,5788,71,2.3130778814837476,0,1
GAIL+TD3,291,5788,72,1.9755158655944143,0,1
GAIL+TD3,291,5788,73,5.2162599111510985,0,1
GAIL+TD3,291,5788,74,9.583894672382119,0,1
GAIL+TD3,291,5788,75,2.3117910778022566,0,1
GAIL+TD3,291,5788,76,175.30439905734485,0,1
GAIL+TD3,291,5788,77,118.07027027027027,0,1
GAIL+TD3,291,5788,78,2.2043485737623874,0,1
GAIL+TD3,291,5788,79,25.89906505457927,0,1
GAIL+TD3,291,5788,80,1.6100259381056417,0,1
GAIL+TD3,291,5788,81,1.9364417848789528,0,1
GAIL+TD3,291,5788,82,132.72534276868643,0,1
GAIL+TD3,291,5788,83,1.5174966320130179,0,1
GAIL+TD3,291,5788,84,1.735416676388105,0,1
GAIL+TD3,291,5788,85,179.96225352112674,0,1
GAIL+TD3,291,5788,86,222.67331288343559,0,1
GAIL+TD3,291,5788,87,12.872648142939617,0,1
GAIL+TD3,291,5788,88,8.980784794924679,0,1
GAIL+TD3,291,5788,89,10.88037310942084,0,1
GAIL+TD3,291,5788,90,13.227148167240962,0,1
GAIL+TD3,291,5788,91,3.885686738442614,0,1
GAIL+TD3,291,5788,92,1.8585411019372067,0,1
GAIL+TD3,291,5788,93,1.2487564462143643,0,1
GAIL+TD3,291,5788,94,3.403595812471552,0,1
GAIL+TD3,291,5788,95,142.76288659793812,0,1
GAIL+TD3,291,5788,96,98.05331040412725,0,1
GAIL+TD3,291,5788,97,2.044915542455504,0,1
GAIL+TD3,291,5788,98,1.595198280314345,0,1
GAIL+TD3,291,5789,5,4.32186019530117,0,1
GAIL+TD3,291,5789,6,7.488188976377953,0,1
GAIL+TD3,291,5789,7,3.818758077420149,0,1
GAIL+TD3,291,5789,8,5.422783720644288,0,1
GAIL+TD3,291,5789,9,4.460541074072412,0,1
GAIL+TD3,291,5789,10,15,0,1
GAIL+TD3,291,5789,11,8.154887218045113,0,1
GAIL+TD3,291,5789,12,10.92983316977429,0,1
GAIL+TD3,291,5789,13,4.085273450198804,0,1
GAIL+TD3,291,5789,14,7.987713742875238,0,1
GAIL+TD3,291,5789,15,12.125570522097295,0,1
GAIL+TD3,291,5789,16,8.633468886672292,0,1
GAIL+TD3,291,5789,17,9.393869388318045,0,1
GAIL+TD3,291,5789,18,4.6284095605455295,0,1
GAIL+TD3,291,5789,19,3.450847761327749,0,1
GAIL+TD3,291,5789,20,7.332977621543579,0,1
GAIL+TD3,291,5789,21,7.406013247326725,0,1
GAIL+TD3,291,5789,22,9.322355319996323,0,1
GAIL+TD3,291,5789,23,10.73011480395649,0,1
GAIL+TD3,291,5789,26,3.921926874718873,0,1
GAIL+TD3,291,5789,27,5.107535177017123,0,1
GAIL+TD3,291,5789,28,150.02312344361437,0,1
GAIL+TD3,291,5789,29,3.8673586911582305,0,1
GAIL+TD3,291,5789,30,3.3283232448991287,0,1
GAIL+TD3,291,5789,31,3.8590526845396402,0,1
GAIL+TD3,291,5789,32,2.357396763249115,0,1
GAIL+TD3,291,5789,33,5.068418297231857,0,1
GAIL+TD3,291,5789,35,3.165851913675927,0,1
GAIL+TD3,291,5789,37,15.626782820097244,0,1
GAIL+TD3,291,5789,39,4.33416792707354,0,1
GAIL+TD3,291,5789,40,2.7646872116626686,0,1
GAIL+TD3,291,5789,42,3.2101635235139643,0,1
GAIL+TD3,291,5789,43,4.138260513039912,0,1
GAIL+TD3,291,5789,46,7.616588445404328,0,1
GAIL+TD3,291,5789,47,35.738905715038186,0,1
GAIL+TD3,291,5789,48,5.719949333368157,0,1
GAIL+TD3,291,5789,49,11.259936590286785,0,1
GAIL+TD3,291,5789,50,6.841860776738057,0,1
GAIL+TD3,291,5789,51,2.4301890620443043,0,1
GAIL+TD3,291,5789,52,2.365219860324671,0,1
GAIL+TD3,291,5789,53,18.297982491920557,0,1
GAIL+TD3,291,5789,54,1.7518639866837842,0,1
GAIL+TD3,291,5789,55,1.3791948297318308,0,1
GAIL+TD3,291,5789,56,204.02640264026402,0,1
GAIL+TD3,291,5789,57,1.7066209556460257,0,1
GAIL+TD3,291,5789,58,203.28387096774196,0,1
GAIL+TD3,291,5789,59,51.015679913490125,0,1
GAIL+TD3,291,5789,60,57.16543183742592,0,1
GAIL+TD3,291,5789,61,5.698137310240337,0,1
GAIL+TD3,291,5789,62,2.028831336848772,0,1
GAIL+TD3,291,5789,63,8.050461732387033,0,1
GAIL+TD3,291,5789,64,2.646294114551071,0,1
GAIL+TD3,291,5789,65,2.190176845251509,0,1
GAIL+TD3,291,5789,66,114.00636590091334,0,1
GAIL+TD3,291,5789,67,2.0425239260428283,0,1
GAIL+TD3,291,5789,68,2.2578897817381383,0,1
GAIL+TD3,291,5789,69,1.9782619945147462,0,1
GAIL+TD3,291,5789,70,52.32887879192837,0,1
GAIL+TD3,291,5789,71,8.237496646610202,0,1
GAIL+TD3,291,5789,72,81.51412119550315,0,1
GAIL+TD3,291,5789,73,36.07987727465087,0,1
GAIL+TD3,291,5789,74,5.833146448851946,0,1
GAIL+TD3,291,5789,75,3.16828326847009,0,1
GAIL+TD3,291,5789,76,1.4253664810914801,0,1
GAIL+TD3,291,5789,77,96.44400963275136,0,1
GAIL+TD3,291,5789,78,2.5372938684870667,0,1
GAIL+TD3,291,5789,79,1.198225909742065,0,1
GAIL+TD3,291,5789,80,78.43334544133673,0,1
GAIL+TD3,291,5789,81,145.31600708800946,0,1
GAIL+TD3,291,5789,82,3.9479101324969603,0,1
GAIL+TD3,291,5789,83,2.223064995236049,0,1
GAIL+TD3,291,5789,84,42.881367759944176,0,1
GAIL+TD3,291,5789,85,5.72346682143548,0,1
GAIL+TD3,291,5789,86,4.211866839681684,0,1
GAIL+TD3,291,5789,87,3.5100605254190533,0,1
GAIL+TD3,291,5789,88,5.267688836378819,0,1
GAIL+TD3,291,5789,89,6.2290169049687965,0,1
GAIL+TD3,291,5789,90,3.5769467765539553,0,1
GAIL+TD3,291,5789,91,109.03434065934066,0,1
GAIL+TD3,291,5789,92,4.865104227417392,0,1
GAIL+TD3,291,5789,93,1.5634098263101128,0,1
GAIL+TD3,291,5789,94,1.8177570672582386,0,1
GAIL+TD3,291,5789,95,1.9277427679404615,0,1
GAIL+TD3,291,5789,96,7.84334960950493,0,1
GAIL+TD3,291,5789,97,2.0822873297154896,0,1
GAIL+TD3,291,5789,98,75.80358522639469,0,1
GAIL+TD3,291,5790,5,4.295971124768314,0,1
GAIL+TD3,291,5790,6,5.3743225565314905,0,1
GAIL+TD3,291,5790,7,4.359494640122512,0,1
GAIL+TD3,291,5790,8,3.037229437229437,0,1
GAIL+TD3,291,5790,9,1.9041993065365355,0,1
GAIL+TD3,291,5790,10,1.3475350656187717,0,1
GAIL+TD3,291,5790,11,32.146041506533436,0,1
GAIL+TD3,291,5790,12,7.728200816718712,0,1
GAIL+TD3,291,5790,13,3.9323363457039306,0,1
GAIL+TD3,291,5790,14,4.9707487117308276,0,1
GAIL+TD3,291,5790,15,17.30448038176034,0,1
GAIL+TD3,291,5790,16,33.51889007470651,0,1
GAIL+TD3,291,5790,17,8.398538344722857,0,1
GAIL+TD3,291,5790,18,5.2332027397990455,0,1
GAIL+TD3,291,5790,19,6.932029823964359,0,1
GAIL+TD3,291,5790,20,7.411997232928156,0,1
GAIL+TD3,291,5790,21,5.589489554167564,0,1
GAIL+TD3,291,5790,22,7.184182883679787,0,1
GAIL+TD3,291,5790,23,6.442560078034939,0,1
GAIL+TD3,291,5790,25,5.2232462077822905,0,1
GAIL+TD3,291,5790,27,9.724054773256459,0,1
GAIL+TD3,291,5790,28,4.899286335463744,0,1
GAIL+TD3,291,5790,29,219.68137535816618,0,1
GAIL+TD3,291,5790,30,3.2673600553592586,0,1
GAIL+TD3,291,5790,31,4.156576952029762,0,1
GAIL+TD3,291,5790,33,2.30146428927184,0,1
GAIL+TD3,291,5790,36,214.90335051546393,0,1
GAIL+TD3,291,5790,38,5.209717963345931,0,1
GAIL+TD3,291,5790,39,7.009319732883246,0,1
GAIL+TD3,291,5790,40,5.263661043692136,0,1
GAIL+TD3,291,5790,41,3.773865108554834,0,1
GAIL+TD3,291,5790,42,2.9653242147923002,0,1
GAIL+TD3,291,5790,43,1.6154320213150688,0,1
GAIL+TD3,291,5790,44,209.0412201154163,0,1
GAIL+TD3,291,5790,46,159.79515209125478,0,1
GAIL+TD3,291,5790,48,3.3442849807221995,0,1
GAIL+TD3,291,5790,49,188.07227754577576,0,1
GAIL+TD3,291,5790,50,5.524850449615992,0,1
GAIL+TD3,291,5790,51,169.10156480661354,0,1
GAIL+TD3,291,5790,52,3.685586002509724,0,1
GAIL+TD3,291,5790,53,3.0584690766809515,0,1
GAIL+TD3,291,5790,54,22.84852782279849,0,1
GAIL+TD3,291,5790,55,5.0482144369661395,0,1
GAIL+TD3,291,5790,56,28.674866577718475,0,1
GAIL+TD3,291,5790,57,2.3818883272222418,0,1
GAIL+TD3,291,5790,58,1.255756957531157,0,1
GAIL+TD3,291,5790,59,9.163913448115403,0,1
GAIL+TD3,291,5790,60,1.4914718633513406,0,1
GAIL+TD3,291,5790,61,190.9646739130435,0,1
GAIL+TD3,291,5790,62,2.6200234965346088,0,1
GAIL+TD3,291,5790,63,180.63463514902367,0,1
GAIL+TD3,291,5790,64,11.807200786434015,0,1
GAIL+TD3,291,5790,65,4.4270063553059416,0,1
GAIL+TD3,291,5790,66,103.38567251461987,0,1
GAIL+TD3,291,5790,67,7.840435554409591,0,1
GAIL+TD3,291,5790,68,4.361689831536972,0,1
GAIL+TD3,291,5790,69,2.742054240395345,0,1
GAIL+TD3,291,5790,70,127.33497536945812,0,1
GAIL+TD3,291,5790,71,127.89476426152645,0,1
GAIL+TD3,291,5790,72,2.3030552977970236,0,1
GAIL+TD3,291,5790,73,3.82498905462956,0,1
GAIL+TD3,291,5790,74,5.136832144416945,0,1
GAIL+TD3,291,5790,75,205.8100807574492,0,1
GAIL+TD3,291,5790,76,183.1805615550756,0,1
GAIL+TD3,291,5790,77,6.561383430102724,0,1
GAIL+TD3,291,5790,78,2.124458472149161,0,1
GAIL+TD3,291,5790,79,4.018870858031288,0,1
GAIL+TD3,291,5790,80,2.6767217939285364,0,1
GAIL+TD3,291,5790,81,11.042182805078994,0,1
GAIL+TD3,291,5790,82,1.8005043595299546,0,1
GAIL+TD3,291,5790,83,206.1586206896552,0,1
GAIL+TD3,291,5790,84,132.72121034077557,0,1
GAIL+TD3,291,5790,85,3.8923490915629997,0,1
GAIL+TD3,291,5790,86,5.844221105527638,0,1
GAIL+TD3,291,5790,87,36.18626188795216,0,1
GAIL+TD3,291,5790,88,3.763807720800066,0,1
GAIL+TD3,291,5790,89,12.565031861629492,0,1
GAIL+TD3,291,5790,90,3.2944969534136157,0,1
GAIL+TD3,291,5790,91,2.2240846268533847,0,1
GAIL+TD3,291,5790,92,2.5169953334336896,0,1
GAIL+TD3,291,5790,93,119.04399494310996,0,1
GAIL+TD3,291,5790,94,151.2766279656739,0,1
GAIL+TD3,291,5790,95,2.648336545168651,0,1
GAIL+TD3,291,5790,96,2.1890324770849836,0,1
GAIL+TD3,291,5790,97,130.97201196972364,0,1
GAIL+TD3,291,5790,98,29.45650205761317,0,1
GAIL+TD3,291,5791,5,4.600764555969418,0,1
GAIL+TD3,291,5791,6,6.080322866423861,0,1
GAIL+TD3,291,5791,7,19.388253477588872,0,1
GAIL+TD3,291,5791,8,9.55096689609964,0,1
GAIL+TD3,291,5791,9,6.887534441011938,0,1
GAIL+TD3,291,5791,10,23.180620011137925,0,1
GAIL+TD3,291,5791,11,8.929982529229939,0,1
GAIL+TD3,291,5791,12,6.313622848527996,0,1
GAIL+TD3,291,5791,13,6.193691180299819,0,1
GAIL+TD3,291,5791,14,20.70030906959395,0,1
GAIL+TD3,291,5791,15,25.0367336808141,0,1
GAIL+TD3,291,5791,16,7.381340434405982,0,1
GAIL+TD3,291,5791,17,11.311913145539904,0,1
GAIL+TD3,291,5791,18,5.297886141636142,0,1
GAIL+TD3,291,5791,19,7.62807645987092,0,1
GAIL+TD3,291,5791,20,74.49272882805818,0,1
GAIL+TD3,291,5791,22,9.524386883438963,0,1
GAIL+TD3,291,5791,23,4.1543280846455035,0,1
GAIL+TD3,291,5791,26,3.12472727567664,0,1
GAIL+TD3,291,5791,27,4.597024544819808,0,1
GAIL+TD3,291,5791,29,177.336197021764,0,1
GAIL+TD3,291,5791,31,3.254160338901767,0,1
GAIL+TD3,291,5791,32,204.36452947259565,0,1
GAIL+TD3,291,5791,33,1.7871459782325472,0,1
GAIL+TD3,291,5791,35,2.734359486836726,0,1
GAIL+TD3,291,5791,38,208.55248471963858,0,1
GAIL+TD3,291,5791,39,10.473778792330949,0,1
GAIL+TD3,291,5791,40,11.962712726348098,0,1
GAIL+TD3,291,5791,41,2.809840451538964,0,1
GAIL+TD3,291,5791,42,1.1017666226806346,0,1
GAIL+TD3,291,5791,44,52.42166344294004,0,1
GAIL+TD3,291,5791,45,191.5005611672278,0,1
GAIL+TD3,291,5791,46,11.232352001703577,0,1
GAIL+TD3,291,5791,47,177.14134516899964,0,1
GAIL+TD3,291,5791,48,17.05197835476344,0,1
GAIL+TD3,291,5791,49,4.908039600172174,0,1
GAIL+TD3,291,5791,50,2.3405208356071685,0,1
GAIL+TD3,291,5791,51,3.1105767046745108,0,1
GAIL+TD3,291,5791,52,153.44018583042973,0,1
GAIL+TD3,291,5791,53,56.1817743955303,0,1
GAIL+TD3,291,5791,54,22.59078042862919,0,1
GAIL+TD3,291,5791,55,3.6811194456591205,0,1
GAIL+TD3,291,5791,56,3.9578517703173723,0,1
GAIL+TD3,291,5791,57,3.862406144322806,0,1
GAIL+TD3,291,5791,58,2.537572430929662,0,1
GAIL+TD3,291,5791,59,1.681158500465431,0,1
GAIL+TD3,291,5791,60,142.15136612021857,0,1
GAIL+TD3,291,5791,61,2.5219798416921497,0,1
GAIL+TD3,291,5791,62,181.78447178616884,0,1
GAIL+TD3,291,5791,63,3.241910560667912,0,1
GAIL+TD3,291,5791,64,114.05300938707896,0,1
GAIL+TD3,291,5791,65,121.01174875734294,0,1
GAIL+TD3,291,5791,66,2.1171963326549856,0,1
GAIL+TD3,291,5791,67,2.5128577655092257,0,1
GAIL+TD3,291,5791,68,1.8675610415609176,0,1
GAIL+TD3,291,5791,69,2.951053777140734,0,1
GAIL+TD3,291,5791,70,110.88970588235294,0,1
GAIL+TD3,291,5791,71,162.32825322391557,0,1
GAIL+TD3,291,5791,72,2.787488078422851,0,1
GAIL+TD3,291,5791,74,3.9277639394520025,0,1
GAIL+TD3,291,5791,75,4.79885157801862,0,1
GAIL+TD3,291,5791,76,28.618904726181544,0,1
GAIL+TD3,291,5791,77,6.43897496241093,0,1
GAIL+TD3,291,5791,78,4.353632522181007,0,1
GAIL+TD3,291,5791,79,30.19763975910943,0,1
GAIL+TD3,291,5791,80,2.0255576105973505,0,1
GAIL+TD3,291,5791,81,2.2644262706281544,0,1
GAIL+TD3,291,5791,82,162.9690204222915,0,1
GAIL+TD3,291,5791,83,178.63230533310613,0,1
GAIL+TD3,291,5791,84,163.82109868740883,0,1
GAIL+TD3,291,5791,85,2.6271185244602107,0,1
GAIL+TD3,291,5791,86,4.309518704930697,0,1
GAIL+TD3,291,5791,87,3.3509292078636213,0,1
GAIL+TD3,291,5791,88,48.05958861216823,0,1
GAIL+TD3,291,5791,89,70.76874380291358,0,1
GAIL+TD3,291,5791,90,38.4367079983649,0,1
GAIL+TD3,291,5791,91,1.4447595476774793,0,1
GAIL+TD3,291,5791,92,1.245379500443363,0,1
GAIL+TD3,291,5791,93,19.97152443600724,0,1
GAIL+TD3,291,5791,94,164.06087528792364,0,1
GAIL+TD3,291,5791,95,3.2877943938737175,0,1
GAIL+TD3,291,5791,96,169.80455241847233,0,1
GAIL+TD3,291,5791,97,3.3178597759138837,0,1
GAIL+TD3,291,5791,98,15.94250041071135,0,1
GAIL+TD3,291,5793,5,7.710488436810287,0,1
GAIL+TD3,291,5793,6,6.911334289813486,0,1
GAIL+TD3,291,5793,7,4.436107740839602,0,1
GAIL+TD3,291,5793,8,4.43357592204268,0,1
GAIL+TD3,291,5793,9,5.544676578859303,0,1
GAIL+TD3,291,5793,10,5.551653300675542,0,1
GAIL+TD3,291,5793,11,18.66158280293023,0,1
GAIL+TD3,291,5793,12,4.885032039309215,0,1
GAIL+TD3,291,5793,13,10.70586262784329,0,1
GAIL+TD3,291,5793,14,7.791209670963094,0,1
GAIL+TD3,291,5793,15,8.586172308794554,0,1
GAIL+TD3,291,5793,16,8.881976721090055,0,1
GAIL+TD3,291,5793,17,7.307479070798913,0,1
GAIL+TD3,291,5793,18,5.478468800033269,0,1
GAIL+TD3,291,5793,19,18.77091702054401,0,1
GAIL+TD3,291,5793,20,4.3912473836419705,0,1
GAIL+TD3,291,5793,22,156.0389082462253,0,1
GAIL+TD3,291,5793,23,5.247597259014384,0,1
GAIL+TD3,291,5793,25,4.5588610878327165,0,1
GAIL+TD3,291,5793,26,3.2737154047809014,0,1
GAIL+TD3,291,5793,28,165.48033560566338,0,1
GAIL+TD3,291,5793,29,3.007456769394014,0,1
GAIL+TD3,291,5793,30,215.36972024136043,0,1
GAIL+TD3,291,5793,31,2.6043915188932205,0,1
GAIL+TD3,291,5793,32,199.3380758807588,0,1
GAIL+TD3,291,5793,34,2.754430820677163,0,1
GAIL+TD3,291,5793,35,3.1112136073119534,0,1
GAIL+TD3,291,5793,36,228.11707317073166,0,1
GAIL+TD3,291,5793,38,5.209992104037737,0,1
GAIL+TD3,291,5793,40,155.99247121346323,0,1
GAIL+TD3,291,5793,41,6.8734056307045135,0,1
GAIL+TD3,291,5793,42,3.8814753807821027,0,1
GAIL+TD3,291,5793,43,2.2553781793842034,0,1
GAIL+TD3,291,5793,44,1.344842103694431,0,1
GAIL+TD3,291,5793,45,10.48108742708295,0,1
GAIL+TD3,291,5793,47,9.250160157225535,0,1
GAIL+TD3,291,5793,48,186.6134983127109,0,1
GAIL+TD3,291,5793,49,180.16021986970685,0,1
GAIL+TD3,291,5793,50,9.586262783755783,0,1
GAIL+TD3,291,5793,51,4.1891456329174215,0,1
GAIL+TD3,291,5793,52,1.6782391312663552,0,1
GAIL+TD3,291,5793,53,2.2369531707514083,0,1
GAIL+TD3,291,5793,54,7.700521953597751,0,1
GAIL+TD3,291,5793,55,12.310356470128305,0,1
GAIL+TD3,291,5793,56,2.0581168250873345,0,1
GAIL+TD3,291,5793,57,112.42518127883982,0,1
GAIL+TD3,291,5793,58,4.703423320478026,0,1
GAIL+TD3,291,5793,59,3.2644194072051347,0,1
GAIL+TD3,291,5793,60,2.043323960463531,0,1
GAIL+TD3,291,5793,61,175.00312499999998,0,1
GAIL+TD3,291,5793,63,4.059323403017867,0,1
GAIL+TD3,291,5793,64,150.82290852228306,0,1
GAIL+TD3,291,5793,65,9.78609275556503,0,1
GAIL+TD3,291,5793,66,5.0054592280905394,0,1
GAIL+TD3,291,5793,67,2.968008084322554,0,1
GAIL+TD3,291,5793,68,1.1771038333190726,0,1
GAIL+TD3,291,5793,69,1.5348521651729627,0,1
GAIL+TD3,291,5793,70,89.00104876769794,0,1
GAIL+TD3,291,5793,71,152.83884588318085,0,1
GAIL+TD3,291,5793,73,149.14529497805944,0,1
GAIL+TD3,291,5793,74,14.953184540010888,0,1
GAIL+TD3,291,5793,75,8.29815294438386,0,1
GAIL+TD3,291,5793,76,5.3118378204834205,0,1
GAIL+TD3,291,5793,77,1.4779200286234595,0,1
GAIL+TD3,291,5793,78,63.07411950236552,0,1
GAIL+TD3,291,5793,79,1.8666307427328421,0,1
GAIL+TD3,291,5793,80,10.45974751973462,0,1
GAIL+TD3,291,5793,81,192.66134598792064,0,1
GAIL+TD3,291,5793,82,116.93238341968912,0,1
GAIL+TD3,291,5793,83,4.07126878192461,0,1
GAIL+TD3,291,5793,84,1.7047640512748277,0,1
GAIL+TD3,291,5793,85,203.43807040417215,0,1
GAIL+TD3,291,5793,86,2.693486558655374,0,1
GAIL+TD3,291,5793,88,182.472775564409,0,1
GAIL+TD3,291,5793,89,6.283081515586559,0,1
GAIL+TD3,291,5793,90,5.1249907210831855,0,1
GAIL+TD3,291,5793,91,3.643298677598859,0,1
GAIL+TD3,291,5793,92,2.513163918166261,0,1
GAIL+TD3,291,5793,93,9.61223519467484,0,1
GAIL+TD3,291,5793,94,5.266105624731644,0,1
GAIL+TD3,291,5793,95,182.0911210002119,0,1
GAIL+TD3,291,5793,96,4.09111127483032,0,1
GAIL+TD3,291,5793,97,2.1404387772766023,0,1
GAIL+TD3,291,5793,98,2.8355958539031922,0,1
GAIL+TD3,291,5796,5,4.624802839116719,0,1
GAIL+TD3,291,5796,6,20.404029304029308,0,1
GAIL+TD3,291,5796,7,23.619779035300457,0,1
GAIL+TD3,291,5796,8,45.492108032269385,0,1
GAIL+TD3,291,5796,9,11.214462242562929,0,1
GAIL+TD3,291,5796,10,6.328220496037223,0,1
GAIL+TD3,291,5796,11,6.011832210698884,0,1
GAIL+TD3,291,5796,12,8.764572750590958,0,1
GAIL+TD3,291,5796,13,11.160926485397782,0,1
GAIL+TD3,291,5796,14,6.7253792398159185,0,1
GAIL+TD3,291,5796,15,6.860511082874488,0,1
GAIL+TD3,291,5796,16,11.064255195586343,0,1
GAIL+TD3,291,5796,17,5.9268215003184865,0,1
GAIL+TD3,291,5796,18,11.952582484021422,0,1
GAIL+TD3,291,5796,20,8.176671723374028,0,1
GAIL+TD3,291,5796,21,7.431786954458017,0,1
GAIL+TD3,291,5796,22,6.542077789309004,0,1
GAIL+TD3,291,5796,23,3.8236937469069785,0,1
GAIL+TD3,291,5796,24,8.54995253049003,0,1
GAIL+TD3,291,5796,25,3.243583278379042,0,1
GAIL+TD3,291,5796,27,227.49406528189908,0,1
GAIL+TD3,291,5796,28,219.68613138686132,0,1
GAIL+TD3,291,5796,29,2.3141702235915997,0,1
GAIL+TD3,291,5796,30,224.2562296858072,0,1
GAIL+TD3,291,5796,31,4.107203020949927,0,1
GAIL+TD3,291,5796,32,3.0412294053245748,0,1
GAIL+TD3,291,5796,33,3.9129223580158157,0,1
GAIL+TD3,291,5796,34,186.32773109243698,0,1
GAIL+TD3,291,5796,35,188.87562380038392,0,1
GAIL+TD3,291,5796,36,208.28323289613613,0,1
GAIL+TD3,291,5796,37,2.0483014616227564,0,1
GAIL+TD3,291,5796,38,3.780837934394284,0,1
GAIL+TD3,291,5796,39,6.11466392147076,0,1
GAIL+TD3,291,5796,40,11.441638142654636,0,1
GAIL+TD3,291,5796,41,218.9340515834149,0,1
GAIL+TD3,291,5796,43,2.9691857171237066,0,1
GAIL+TD3,291,5796,44,5.796779910385876,0,1
GAIL+TD3,291,5796,45,2.643195117171095,0,1
GAIL+TD3,291,5796,46,90.94880722114766,0,1
GAIL+TD3,291,5796,47,6.221494984818591,0,1
GAIL+TD3,291,5796,48,26.95767030681228,0,1
GAIL+TD3,291,5796,49,2.1027533625185235,0,1
GAIL+TD3,291,5796,50,39.99939149615882,0,1
GAIL+TD3,291,5796,51,1.1045052099706778,0,1
GAIL+TD3,291,5796,52,140.54997675499766,0,1
GAIL+TD3,291,5796,53,60.06371708988939,0,1
GAIL+TD3,291,5796,54,216.42303172737957,0,1
GAIL+TD3,291,5796,55,3.346919072729531,0,1
GAIL+TD3,291,5796,56,23.304032194429098,0,1
GAIL+TD3,291,5796,57,34.79297302223843,0,1
GAIL+TD3,291,5796,58,5.956272415305622,0,1
GAIL+TD3,291,5796,59,3.4156265867361135,0,1
GAIL+TD3,291,5796,60,4.54108761490108,0,1
GAIL+TD3,291,5796,61,5.660763327188593,0,1
GAIL+TD3,291,5796,62,2.0869556041729687,0,1
GAIL+TD3,291,5796,63,1.7655838013002436,0,1
GAIL+TD3,291,5796,64,2.9316636280159174,0,1
GAIL+TD3,291,5796,65,1.416223781179138,0,1
GAIL+TD3,291,5796,66,205.9795081967213,0,1
GAIL+TD3,291,5796,67,3.428870864850087,0,1
GAIL+TD3,291,5796,68,204.3730407523511,0,1
GAIL+TD3,291,5796,69,6.340441520924422,0,1
GAIL+TD3,291,5796,70,90.35801437405982,0,1
GAIL+TD3,291,5796,71,10.487196383892258,0,1
GAIL+TD3,291,5796,72,2.685537015569242,0,1
GAIL+TD3,291,5796,73,7.221474068456071,0,1
GAIL+TD3,291,5796,74,189.23449131513647,0,1
GAIL+TD3,291,5796,75,205.02392996108955,0,1
GAIL+TD3,291,5796,76,2.9237883603138353,0,1
GAIL+TD3,291,5796,77,198.97932053175774,0,1
GAIL+TD3,291,5796,78,1.210762605437231,0,1
GAIL+TD3,291,5796,79,5.000257506308905,0,1
GAIL+TD3,291,5796,80,27.115534304459025,0,1
GAIL+TD3,291,5796,81,53.195485770363106,0,1
GAIL+TD3,291,5796,82,18.256570363466913,0,1
GAIL+TD3,291,5796,83,32.44195626914546,0,1
GAIL+TD3,291,5796,84,3.0709814103891557,0,1
GAIL+TD3,291,5796,85,1.3253177700597945,0,1
GAIL+TD3,291,5796,86,1.1681367380701346,0,1
GAIL+TD3,291,5796,87,50.62,0,1
GAIL+TD3,291,5796,88,2.3533474997087196,0,1
GAIL+TD3,291,5796,89,39.70245009074411,0,1
GAIL+TD3,291,5796,90,11.262464240239446,0,1
GAIL+TD3,291,5796,91,63.059675174013925,0,1
GAIL+TD3,291,5796,92,29.8555068836045,0,1
GAIL+TD3,291,5796,93,3.43759384783732,0,1
GAIL+TD3,291,5796,94,2.913795327281542,0,1
GAIL+TD3,291,5796,95,2.3380573512348755,0,1
GAIL+TD3,291,5796,96,1.9028938421189385,0,1
GAIL+TD3,291,5796,97,91.26890421862564,0,1
GAIL+TD3,291,5796,98,3.123308529070627,0,1
GAIL+TD3,291,5797,5,4.02576112412178,0,1
GAIL+TD3,291,5797,6,9.964544414792222,0,1
GAIL+TD3,291,5797,7,9.827017923733909,0,1
GAIL+TD3,291,5797,8,13.674707514171994,0,1
GAIL+TD3,291,5797,9,6.124028973336133,0,1
GAIL+TD3,291,5797,10,20.923601043780803,0,1
GAIL+TD3,291,5797,11,5.314619840431345,0,1
GAIL+TD3,291,5797,12,9.441059382948136,0,1
GAIL+TD3,291,5797,13,29.796853146853145,0,1
GAIL+TD3,291,5797,14,8.087866108786612,0,1
GAIL+TD3,291,5797,15,9.637286660542475,0,1
GAIL+TD3,291,5797,16,6.313531923295245,0,1
GAIL+TD3,291,5797,17,6.461780477128475,0,1
GAIL+TD3,291,5797,18,4.525513909267411,0,1
GAIL+TD3,291,5797,21,8.204181708784597,0,1
GAIL+TD3,291,5797,22,8.747083009223248,0,1
GAIL+TD3,291,5797,23,192.12010676156586,0,1
GAIL+TD3,291,5797,25,2.7306593369870336,0,1
GAIL+TD3,291,5797,27,3.2437927043273715,0,1
GAIL+TD3,291,5797,29,3.4137784392940675,0,1
GAIL+TD3,291,5797,30,168.1341743119266,0,1
GAIL+TD3,291,5797,32,2.3264449383963988,0,1
GAIL+TD3,291,5797,33,5.307714737514999,0,1
GAIL+TD3,291,5797,34,196.74463118580766,0,1
GAIL+TD3,291,5797,35,221.88103938286642,0,1
GAIL+TD3,291,5797,36,59.343552675307414,0,1
GAIL+TD3,291,5797,37,6.647624481232342,0,1
GAIL+TD3,291,5797,38,2.8830739246737815,0,1
GAIL+TD3,291,5797,39,6.196228260782412,0,1
GAIL+TD3,291,5797,40,8.196445521193988,0,1
GAIL+TD3,291,5797,41,2.8347040662399414,0,1
GAIL+TD3,291,5797,42,138.77504725897919,0,1
GAIL+TD3,291,5797,43,9.54171719998756,0,1
GAIL+TD3,291,5797,44,2.017644901745077,0,1
GAIL+TD3,291,5797,45,1.5531809027366423,0,1
GAIL+TD3,291,5797,46,43.6054655314474,0,1
GAIL+TD3,291,5797,49,215.18716577540107,0,1
GAIL+TD3,291,5797,50,3.4744101824367877,0,1
GAIL+TD3,291,5797,51,19.309302217900633,0,1
GAIL+TD3,291,5797,52,19.72456983358655,0,1
GAIL+TD3,291,5797,53,3.6097040491715964,0,1
GAIL+TD3,291,5797,54,15.19145121247837,0,1
GAIL+TD3,291,5797,55,55.22815898012748,0,1
GAIL+TD3,291,5797,56,4.539747750708682,0,1
GAIL+TD3,291,5797,57,3.2328192692297204,0,1
GAIL+TD3,291,5797,58,36.95042486869636,0,1
GAIL+TD3,291,5797,59,1.350814558537337,0,1
GAIL+TD3,291,5797,60,14.444078947368421,0,1
GAIL+TD3,291,5797,61,4.044367583040133,0,1
GAIL+TD3,291,5797,62,4.026649070028608,0,1
GAIL+TD3,291,5797,63,1.7197859469520707,0,1
GAIL+TD3,291,5797,64,190.527027027027,0,1
GAIL+TD3,291,5797,65,3.9541675969977508,0,1
GAIL+TD3,291,5797,66,2.31709797548245,0,1
GAIL+TD3,291,5797,67,142.84409052808047,0,1
GAIL+TD3,291,5797,68,138.39693486590042,0,1
GAIL+TD3,291,5797,69,4.245052290307604,0,1
GAIL+TD3,291,5797,70,4.3662191894391125,0,1
GAIL+TD3,291,5797,71,3.885791387737138,0,1
GAIL+TD3,291,5797,72,151.36650717703353,0,1
GAIL+TD3,291,5797,73,44.350741617848676,0,1
GAIL+TD3,291,5797,74,2.1315932450844084,0,1
GAIL+TD3,291,5797,75,2.7502933908347567,0,1
GAIL+TD3,291,5797,76,1.526970703942728,0,1
GAIL+TD3,291,5797,77,8.642538126361654,0,1
GAIL+TD3,291,5797,78,2.4925919207614453,0,1
GAIL+TD3,291,5797,79,2.8613476724708264,0,1
GAIL+TD3,291,5797,80,153.86882982395582,0,1
GAIL+TD3,291,5797,81,25.466924212171193,0,1
GAIL+TD3,291,5797,82,3.7152882799378344,0,1
GAIL+TD3,291,5797,83,1.7262348561223255,0,1
GAIL+TD3,291,5797,84,101.49192886456909,0,1
GAIL+TD3,291,5797,85,1.914507645213881,0,1
GAIL+TD3,291,5797,86,169.7335299901671,0,1
GAIL+TD3,291,5797,87,4.010925376072443,0,1
GAIL+TD3,291,5797,88,2.98108323795323,0,1
GAIL+TD3,291,5797,89,189.20621560375525,0,1
GAIL+TD3,291,5797,90,17.281237059477366,0,1
GAIL+TD3,291,5797,91,9.57474061071621,0,1
GAIL+TD3,291,5797,92,6.321730064238388,0,1
GAIL+TD3,291,5797,93,2.886803844397737,0,1
GAIL+TD3,291,5797,94,4.049608371491203,0,1
GAIL+TD3,291,5797,95,2.239805601886467,0,1
GAIL+TD3,291,5797,96,1.7740614316698302,0,1
GAIL+TD3,291,5797,97,2.562462681252704,0,1
GAIL+TD3,291,5797,98,2.759007039027032,0,1
GAIL+TD3,291,5801,5,5.78715132665954,0,1
GAIL+TD3,291,5801,6,6.929571984435799,0,1
GAIL+TD3,291,5801,7,9.518304620203603,0,1
GAIL+TD3,291,5801,8,8.215432179976318,0,1
GAIL+TD3,291,5801,9,9.897344228804904,0,1
GAIL+TD3,291,5801,10,11.96803100024219,0,1
GAIL+TD3,291,5801,11,8.43100855587244,0,1
GAIL+TD3,291,5801,12,4.604448407390895,0,1
GAIL+TD3,291,5801,13,19.1746298124383,0,1
GAIL+TD3,291,5801,14,12.97395687482498,0,1
GAIL+TD3,291,5801,15,9.529411764705882,0,1
GAIL+TD3,291,5801,16,7.419224534268781,0,1
GAIL+TD3,291,5801,17,6.582575697683609,0,1
GAIL+TD3,291,5801,18,9.263988370556364,0,1
GAIL+TD3,291,5801,19,5.130779686148523,0,1
GAIL+TD3,291,5801,21,6.283787565056803,0,1
GAIL+TD3,291,5801,25,29.653288078065334,0,1
GAIL+TD3,291,5801,27,4.097937534293738,0,1
GAIL+TD3,291,5801,28,5.651711938891678,0,1
GAIL+TD3,291,5801,29,134.21687279151945,0,1
GAIL+TD3,291,5801,30,1.970040810195038,0,1
GAIL+TD3,291,5801,32,1.4283241264959319,0,1
GAIL+TD3,291,5801,37,86.91034327009937,0,1
GAIL+TD3,291,5801,38,183.4032444959444,0,1
GAIL+TD3,291,5801,39,7.834680410761002,0,1
GAIL+TD3,291,5801,40,9.920971428571429,0,1
GAIL+TD3,291,5801,41,2.9763007860379864,0,1
GAIL+TD3,291,5801,42,14.707131011608624,0,1
GAIL+TD3,291,5801,44,2.2447079047564924,0,1
GAIL+TD3,291,5801,46,212.78082655826555,0,1
GAIL+TD3,291,5801,47,8.353058038881793,0,1
GAIL+TD3,291,5801,48,11.885138673768429,0,1
GAIL+TD3,291,5801,49,4.7506056432339445,0,1
GAIL+TD3,291,5801,50,6.399752177055726,0,1
GAIL+TD3,291,5801,51,12.485478674808865,0,1
GAIL+TD3,291,5801,52,4.7833057299796256,0,1
GAIL+TD3,291,5801,53,2.117878937367537,0,1
GAIL+TD3,291,5801,54,106.63604701784936,0,1
GAIL+TD3,291,5801,55,1.9311071289442925,0,1
GAIL+TD3,291,5801,56,1.3185558656092442,0,1
GAIL+TD3,291,5801,57,139.94420600858368,0,1
GAIL+TD3,291,5801,58,7.610472264410211,0,1
GAIL+TD3,291,5801,59,5.7065519013360735,0,1
GAIL+TD3,291,5801,60,187.31136801541427,0,1
GAIL+TD3,291,5801,61,3.485747354497355,0,1
GAIL+TD3,291,5801,62,105.70858609426038,0,1
GAIL+TD3,291,5801,63,6.830973317370543,0,1
GAIL+TD3,291,5801,64,1.855525725604466,0,1
GAIL+TD3,291,5801,65,3.5299570800535194,0,1
GAIL+TD3,291,5801,66,2.691770936897229,0,1
GAIL+TD3,291,5801,67,4.6855006652397755,0,1
GAIL+TD3,291,5801,69,181.8418171866448,0,1
GAIL+TD3,291,5801,70,190.17660910518055,0,1
GAIL+TD3,291,5801,71,2.870694430197969,0,1
GAIL+TD3,291,5801,72,2.556756657213363,0,1
GAIL+TD3,291,5801,73,3.489706682794073,0,1
GAIL+TD3,291,5801,74,20.95425794507868,0,1
GAIL+TD3,291,5801,75,21.317088337025375,0,1
GAIL+TD3,291,5801,76,47.72555035667715,0,1
GAIL+TD3,291,5801,77,1.6394162893150062,0,1
GAIL+TD3,291,5801,78,8.662005919965983,0,1
GAIL+TD3,291,5801,79,2.482470836026576,0,1
GAIL+TD3,291,5801,80,21.025499843798816,0,1
GAIL+TD3,291,5801,81,2.879387774162918,0,1
GAIL+TD3,291,5801,82,5.008797685908995,0,1
GAIL+TD3,291,5801,83,4.894697970372264,0,1
GAIL+TD3,291,5801,84,2.584406387623665,0,1
GAIL+TD3,291,5801,85,4.357525068050158,0,1
GAIL+TD3,291,5801,86,4.770820061917495,0,1
GAIL+TD3,291,5801,87,1.8906871101981173,0,1
GAIL+TD3,291,5801,88,98.25198370147973,0,1
GAIL+TD3,291,5801,89,8.772339998662474,0,1
GAIL+TD3,291,5801,90,1.8659505834444843,0,1
GAIL+TD3,291,5801,91,1.7074693437187518,0,1
GAIL+TD3,291,5801,92,160.0189633375474,0,1
GAIL+TD3,291,5801,93,108.87962840079626,0,1
GAIL+TD3,291,5801,94,2.8026597341367427,0,1
GAIL+TD3,291,5801,95,2.0078928868153643,0,1
GAIL+TD3,291,5801,96,4.971648954819678,0,1
GAIL+TD3,291,5801,97,3.5086818339154795,0,1
GAIL+TD3,291,5801,98,5.997299285617486,0,1
GAIL+TD3,291,5806,5,4.158535397799202,0,1
GAIL+TD3,291,5806,6,4.071602295943185,0,1
GAIL+TD3,291,5806,7,15.230941704035876,0,1
GAIL+TD3,291,5806,8,7.725354191263282,0,1
GAIL+TD3,291,5806,9,2.498556072517247,0,1
GAIL+TD3,291,5806,10,3.225572342811902,0,1
GAIL+TD3,291,5806,11,10.560078469838157,0,1
GAIL+TD3,291,5806,12,20.491641791044778,0,1
GAIL+TD3,291,5806,13,2.6647182604629416,0,1
GAIL+TD3,291,5806,14,5.1594001773254705,0,1
GAIL+TD3,291,5806,15,13.998004620877968,0,1
GAIL+TD3,291,5806,16,5.238540925266904,0,1
GAIL+TD3,291,5806,17,39.76965408805032,0,1
GAIL+TD3,291,5806,18,7.345241058833291,0,1
GAIL+TD3,291,5806,19,21.90306494770129,0,1
GAIL+TD3,291,5806,20,8.552903980250337,0,1
GAIL+TD3,291,5806,21,8.090380347440117,0,1
GAIL+TD3,291,5806,22,4.720678984742518,0,1
GAIL+TD3,291,5806,23,3.6171114817903804,0,1
GAIL+TD3,291,5806,26,218.44539781591266,0,1
GAIL+TD3,291,5806,27,4.413649790478807,0,1
GAIL+TD3,291,5806,28,5.109961109020199,0,1
GAIL+TD3,291,5806,29,3.998011502327852,0,1
GAIL+TD3,291,5806,31,222.86125089863407,0,1
GAIL+TD3,291,5806,32,2.479069185537345,0,1
GAIL+TD3,291,5806,35,5.608281775040482,0,1
GAIL+TD3,291,5806,36,142.14702663261582,0,1
GAIL+TD3,291,5806,37,143.30636967565457,0,1
GAIL+TD3,291,5806,38,169.21193849864335,0,1
GAIL+TD3,291,5806,39,1.8360353170050383,0,1
GAIL+TD3,291,5806,40,2.688310668172223,0,1
GAIL+TD3,291,5806,42,207.67432646592715,0,1
GAIL+TD3,291,5806,44,128.56641542073396,0,1
GAIL+TD3,291,5806,45,4.206548009699008,0,1
GAIL+TD3,291,5806,46,8.147534023919846,0,1
GAIL+TD3,291,5806,47,198.663737036386,0,1
GAIL+TD3,291,5806,48,185.14686416640407,0,1
GAIL+TD3,291,5806,49,2.277097235833061,0,1
GAIL+TD3,291,5806,51,2.589821022732476,0,1
GAIL+TD3,291,5806,53,156.3870058487774,0,1
GAIL+TD3,291,5806,54,207.7898614795167,0,1
GAIL+TD3,291,5806,55,3.185567669241586,0,1
GAIL+TD3,291,5806,56,190.02860896219534,0,1
GAIL+TD3,291,5806,57,2.1649006622516556,0,1
GAIL+TD3,291,5806,58,1.4357848194546796,0,1
GAIL+TD3,291,5806,59,51.615142782289766,0,1
GAIL+TD3,291,5806,60,75.75837459947567,0,1
GAIL+TD3,291,5806,61,67.94928192521671,0,1
GAIL+TD3,291,5806,62,1.0259507272844666,0,1
GAIL+TD3,291,5806,63,4.8746849893381015,0,1
GAIL+TD3,291,5806,64,1.563193317099567,0,1
GAIL+TD3,291,5806,65,8.433566433566433,0,1
GAIL+TD3,291,5806,67,26.944388322052735,0,1
GAIL+TD3,291,5806,68,28.43181818181818,0,1
GAIL+TD3,291,5806,69,2.4242636938414046,0,1
GAIL+TD3,291,5806,70,3.711680068333775,0,1
GAIL+TD3,291,5806,71,1.6013683107775853,0,1
GAIL+TD3,291,5806,72,11.188353750629298,0,1
GAIL+TD3,291,5806,73,145.9538791562388,0,1
GAIL+TD3,291,5806,74,1.3206750070799111,0,1
GAIL+TD3,291,5806,75,2.750187174354821,0,1
GAIL+TD3,291,5806,76,137.0402777777778,0,1
GAIL+TD3,291,5806,77,43.32998405103668,0,1
GAIL+TD3,291,5806,78,3.041843827086745,0,1
GAIL+TD3,291,5806,79,13.342103901479874,0,1
GAIL+TD3,291,5806,80,7.928634473936682,0,1
GAIL+TD3,291,5806,81,6.730706452210585,0,1
GAIL+TD3,291,5806,82,2.3445247202153277,0,1
GAIL+TD3,291,5806,83,106.3165494964849,0,1
GAIL+TD3,291,5806,84,3.2017683252615434,0,1
GAIL+TD3,291,5806,85,3.996380022089424,0,1
GAIL+TD3,291,5806,86,2.6260716795502463,0,1
GAIL+TD3,291,5806,87,3.9245771797229407,0,1
GAIL+TD3,291,5806,88,11.819070837293223,0,1
GAIL+TD3,291,5806,89,1.3861470867168513,0,1
GAIL+TD3,291,5806,90,144.24532418952617,0,1
GAIL+TD3,291,5806,91,3.983172275908031,0,1
GAIL+TD3,291,5806,92,1.3091260688808626,0,1
GAIL+TD3,291,5806,93,6.742255231425263,0,1
GAIL+TD3,291,5806,94,149.15532144786602,0,1
GAIL+TD3,291,5806,95,4.565354451791481,0,1
GAIL+TD3,291,5806,96,1.7861823924200553,0,1
GAIL+TD3,291,5806,97,3.636866040533861,0,1
GAIL+TD3,291,5806,98,20.424089231263036,0,1
GAIL+TD3,291,5807,5,9.095526914329037,0,1
GAIL+TD3,291,5807,6,7.5790765744500055,0,1
GAIL+TD3,291,5807,7,3.965120216728751,0,1
GAIL+TD3,291,5807,8,3.5409107293043376,0,1
GAIL+TD3,291,5807,9,2.371196228128988,0,1
GAIL+TD3,291,5807,10,6.529537297507033,0,1
GAIL+TD3,291,5807,11,21.404754151742104,0,1
GAIL+TD3,291,5807,12,52.60876897133221,0,1
GAIL+TD3,291,5807,13,14.24310965904331,0,1
GAIL+TD3,291,5807,14,8.207488359564397,0,1
GAIL+TD3,291,5807,15,7.68258723260622,0,1
GAIL+TD3,291,5807,16,5.395406758776184,0,1
GAIL+TD3,291,5807,17,4.565402485143166,0,1
GAIL+TD3,291,5807,18,5.1714914656091135,0,1
GAIL+TD3,291,5807,21,143.57039187227866,0,1
GAIL+TD3,291,5807,22,5.293830824676701,0,1
GAIL+TD3,291,5807,23,208.8543619322278,0,1
GAIL+TD3,291,5807,24,5.397728793666156,0,1
GAIL+TD3,291,5807,25,124.94810659186537,0,1
GAIL+TD3,291,5807,26,5.069392662739542,0,1
GAIL+TD3,291,5807,27,5.29415522197381,0,1
GAIL+TD3,291,5807,28,5.008947817173294,0,1
GAIL+TD3,291,5807,29,2.870734239517044,0,1
GAIL+TD3,291,5807,31,2.6661239587120433,0,1
GAIL+TD3,291,5807,33,3.719708050875773,0,1
GAIL+TD3,291,5807,34,197.90569650550503,0,1
GAIL+TD3,291,5807,35,212.322628458498,0,1
GAIL+TD3,291,5807,37,6.975375967838,0,1
GAIL+TD3,291,5807,38,3.4203601442231455,0,1
GAIL+TD3,291,5807,40,206.7035352491213,0,1
GAIL+TD3,291,5807,41,3.1637122272326748,0,1
GAIL+TD3,291,5807,42,163.70704162976088,0,1
GAIL+TD3,291,5807,43,2.399240160377217,0,1
GAIL+TD3,291,5807,44,2.761540711669601,0,1
GAIL+TD3,291,5807,46,101.05859558478159,0,1
GAIL+TD3,291,5807,47,105.64880952380952,0,1
GAIL+TD3,291,5807,48,91.94210115211871,0,1
GAIL+TD3,291,5807,49,1.8516701810327096,0,1
GAIL+TD3,291,5807,50,1.0970280188578163,0,1
GAIL+TD3,291,5807,51,41.921565155807365,0,1
GAIL+TD3,291,5807,52,12.113166525408117,0,1
GAIL+TD3,291,5807,53,2.7590278432111552,0,1
GAIL+TD3,291,5807,54,189.5784712799638,0,1
GAIL+TD3,291,5807,55,211.20618228170812,0,1
GAIL+TD3,291,5807,56,23.156110823407566,0,1
GAIL+TD3,291,5807,57,8.638896460579028,0,1
GAIL+TD3,291,5807,58,2.9931899843197365,0,1
GAIL+TD3,291,5807,59,4.364314811797296,0,1
GAIL+TD3,291,5807,60,3.107454360581722,0,1
GAIL+TD3,291,5807,61,1.6218459427702046,0,1
GAIL+TD3,291,5807,62,1.4600120631131817,0,1
GAIL+TD3,291,5807,63,144.71164772727272,0,1
GAIL+TD3,291,5807,64,3.8104472285010935,0,1
GAIL+TD3,291,5807,66,163.1139015728057,0,1
GAIL+TD3,291,5807,67,6.573180764340738,0,1
GAIL+TD3,291,5807,68,23.935853599807366,0,1
GAIL+TD3,291,5807,69,5.0251117764874875,0,1
GAIL+TD3,291,5807,70,3.2940916095609696,0,1
GAIL+TD3,291,5807,71,15.913141296050782,0,1
GAIL+TD3,291,5807,72,1.62550591107591,0,1
GAIL+TD3,291,5807,73,7.70414767642713,0,1
GAIL+TD3,291,5807,74,22.092208969798424,0,1
GAIL+TD3,291,5807,75,3.45107869015708,0,1
GAIL+TD3,291,5807,76,9.995941552318522,0,1
GAIL+TD3,291,5807,77,3.4850249584026627,0,1
GAIL+TD3,291,5807,78,121.58072415602588,0,1
GAIL+TD3,291,5807,79,4.8817711735581595,0,1
GAIL+TD3,291,5807,80,2.682693433318059,0,1
GAIL+TD3,291,5807,81,1.6825425995044576,0,1
GAIL+TD3,291,5807,82,207.09063047285463,0,1
GAIL+TD3,291,5807,83,200.8079493492789,0,1
GAIL+TD3,291,5807,84,18.36375552585587,0,1
GAIL+TD3,291,5807,85,4.870889695999085,0,1
GAIL+TD3,291,5807,86,4.290862857573558,0,1
GAIL+TD3,291,5807,87,6.885202628795617,0,1
GAIL+TD3,291,5807,88,8.450472973785113,0,1
GAIL+TD3,291,5807,89,3.1444743286098507,0,1
GAIL+TD3,291,5807,90,2.929843208172597,0,1
GAIL+TD3,291,5807,91,1.344556513830012,0,1
GAIL+TD3,291,5807,92,2.5466175625555034,0,1
GAIL+TD3,291,5807,93,1.7339667851492948,0,1
GAIL+TD3,291,5807,94,1.2988902729022762,0,1
GAIL+TD3,291,5807,95,0.8180342090313069,1,1
GAIL+TD3,291,5809,5,6.087832550860721,0,1
GAIL+TD3,291,5809,6,16.30416900355206,0,1
GAIL+TD3,291,5809,7,18.667225481978207,0,1
GAIL+TD3,291,5809,8,7.245830058510173,0,1
GAIL+TD3,291,5809,9,6.197110754414125,0,1
GAIL+TD3,291,5809,10,3.0870646038662883,0,1
GAIL+TD3,291,5809,11,1.96181919115077,0,1
GAIL+TD3,291,5809,12,2.413438674541689,0,1
GAIL+TD3,291,5809,13,135.38242280285033,0,1
GAIL+TD3,291,5809,14,6.7018350942823925,0,1
GAIL+TD3,291,5809,15,13.06455179452288,0,1
GAIL+TD3,291,5809,16,8.500884687326222,0,1
GAIL+TD3,291,5809,17,13.898714452668486,0,1
GAIL+TD3,291,5809,18,6.109640168431797,0,1
GAIL+TD3,291,5809,19,9.168639667705088,0,1
GAIL+TD3,291,5809,20,4.329123242028592,0,1
GAIL+TD3,291,5809,21,8.967646436878832,0,1
GAIL+TD3,291,5809,22,6.857892285441128,0,1
GAIL+TD3,291,5809,23,14.625928801153378,0,1
GAIL+TD3,291,5809,25,3.616241855483443,0,1
GAIL+TD3,291,5809,26,9.524454102738652,0,1
GAIL+TD3,291,5809,27,4.6341110188799215,0,1
GAIL+TD3,291,5809,29,2.030397131264961,0,1
GAIL+TD3,291,5809,31,156.33806146572104,0,1
GAIL+TD3,291,5809,32,3.7609695263839926,0,1
GAIL+TD3,291,5809,33,185.342776203966,0,1
GAIL+TD3,291,5809,35,9.189414653686063,0,1
GAIL+TD3,291,5809,36,167.11956912028722,0,1
GAIL+TD3,291,5809,37,2.6063726158210057,0,1
GAIL+TD3,291,5809,38,177.5638781939097,0,1
GAIL+TD3,291,5809,39,5.025772175792727,0,1
GAIL+TD3,291,5809,40,2.36061893429517,0,1
GAIL+TD3,291,5809,41,153.57853982300884,0,1
GAIL+TD3,291,5809,42,2.1672941127531016,0,1
GAIL+TD3,291,5809,43,4.786322068360748,0,1
GAIL+TD3,291,5809,44,1.8403529416489623,0,1
GAIL+TD3,291,5809,45,224.38327814569539,0,1
GAIL+TD3,291,5809,47,70.68000627746392,0,1
GAIL+TD3,291,5809,48,3.764765694465231,0,1
GAIL+TD3,291,5809,49,180.5173789173789,0,1
GAIL+TD3,291,5809,50,5.59688552030242,0,1
GAIL+TD3,291,5809,51,4.163222533531519,0,1
GAIL+TD3,291,5809,52,176.59005457853243,0,1
GAIL+TD3,291,5809,53,2.3738834018975927,0,1
GAIL+TD3,291,5809,55,28.62949431204849,0,1
GAIL+TD3,291,5809,56,1.9726045703594817,0,1
GAIL+TD3,291,5809,57,24.731095929552954,0,1
GAIL+TD3,291,5809,59,4.151202036857721,0,1
GAIL+TD3,291,5809,60,11.468281141583157,0,1
GAIL+TD3,291,5809,61,228.06003270263952,0,1
GAIL+TD3,291,5809,62,2.3506310279905813,0,1
GAIL+TD3,291,5809,63,2.4551342579766025,0,1
GAIL+TD3,291,5809,64,50.11817602492388,0,1
GAIL+TD3,291,5809,65,34.695970961887475,0,1
GAIL+TD3,291,5809,66,95.72694394213381,0,1
GAIL+TD3,291,5809,67,99.42116907312528,0,1
GAIL+TD3,291,5809,68,3.1168108272370834,0,1
GAIL+TD3,291,5809,69,2.0721205829266087,0,1
GAIL+TD3,291,5809,70,1.2105177196038879,0,1
GAIL+TD3,291,5809,71,1.9045126438476438,0,1
GAIL+TD3,291,5809,72,32.74130014499759,0,1
GAIL+TD3,291,5809,73,4.2813883497263,0,1
GAIL+TD3,291,5809,74,143.1578590785908,0,1
GAIL+TD3,291,5809,75,5.5230435810544565,0,1
GAIL+TD3,291,5809,76,14.600102381590814,0,1
GAIL+TD3,291,5809,77,10.083530855246646,0,1
GAIL+TD3,291,5809,78,2.473093603531768,0,1
GAIL+TD3,291,5809,79,4.750656668836855,0,1
GAIL+TD3,291,5809,80,1.2018511979823456,0,1
GAIL+TD3,291,5809,81,5.6192175933689485,0,1
GAIL+TD3,291,5809,82,1.1433331399649036,0,1
GAIL+TD3,291,5809,83,133.46265060240967,0,1
GAIL+TD3,291,5809,84,163.05214521452143,0,1
GAIL+TD3,291,5809,85,3.5231380121571454,0,1
GAIL+TD3,291,5809,86,3.8279956294767508,0,1
GAIL+TD3,291,5809,87,3.3743149892912085,0,1
GAIL+TD3,291,5809,88,11.28373508643779,0,1
GAIL+TD3,291,5809,89,4.601973916108565,0,1
GAIL+TD3,291,5809,90,2.704608520046131,0,1
GAIL+TD3,291,5809,91,2.5636172273447424,0,1
GAIL+TD3,291,5809,92,3.201333090638028,0,1
GAIL+TD3,291,5809,93,2.5800475938212117,0,1
GAIL+TD3,291,5809,94,4.667362054977821,0,1
GAIL+TD3,291,5809,95,3.2410295763389287,0,1
GAIL+TD3,291,5809,96,3.6810478014570154,0,1
GAIL+TD3,291,5809,97,182.9037551278006,0,1
GAIL+TD3,291,5809,98,5.920857594570624,0,1
GAIL+TD3,291,5817,5,4.007053982560988,0,1
GAIL+TD3,291,5817,6,6.280739720637419,0,1
GAIL+TD3,291,5817,7,15.50741301059002,0,1
GAIL+TD3,291,5817,8,4.509378663540446,0,1
GAIL+TD3,291,5817,9,9.500275254610514,0,1
GAIL+TD3,291,5817,10,15.399274047186934,0,1
GAIL+TD3,291,5817,11,3.2799741257943005,0,1
GAIL+TD3,291,5817,12,4.812643262154663,0,1
GAIL+TD3,291,5817,13,10.61080061478273,0,1
GAIL+TD3,291,5817,14,15.806764168190128,0,1
GAIL+TD3,291,5817,15,7.166193290857449,0,1
GAIL+TD3,291,5817,16,9.802669483387747,0,1
GAIL+TD3,291,5817,17,10.3083645443196,0,1
GAIL+TD3,291,5817,18,7.113334274022859,0,1
GAIL+TD3,291,5817,19,9.640388238184947,0,1
GAIL+TD3,291,5817,20,7.9726576843770305,0,1
GAIL+TD3,291,5817,21,3.913919707561085,0,1
GAIL+TD3,291,5817,23,5.413270614757652,0,1
GAIL+TD3,291,5817,27,132.74490303331677,0,1
GAIL+TD3,291,5817,28,4.422922121389291,0,1
GAIL+TD3,291,5817,29,184.11964735516375,0,1
GAIL+TD3,291,5817,30,2.2824724519936566,0,1
GAIL+TD3,291,5817,31,4.639806197931256,0,1
GAIL+TD3,291,5817,32,219.63440860215056,0,1
GAIL+TD3,291,5817,34,155.82572410407457,0,1
GAIL+TD3,291,5817,35,4.17155402908506,0,1
GAIL+TD3,291,5817,36,4.016951312770838,0,1
GAIL+TD3,291,5817,37,14.801775665874704,0,1
GAIL+TD3,291,5817,38,5.952724507898961,0,1
GAIL+TD3,291,5817,40,5.467513209697472,0,1
GAIL+TD3,291,5817,41,171.00125944584383,0,1
GAIL+TD3,291,5817,42,4.4773953833451,0,1
GAIL+TD3,291,5817,43,2.157687495234977,0,1
GAIL+TD3,291,5817,44,1.2518074930724872,0,1
GAIL+TD3,291,5817,45,51.31543260103064,0,1
GAIL+TD3,291,5817,47,17.6207340143776,0,1
GAIL+TD3,291,5817,49,14.21805021488351,0,1
GAIL+TD3,291,5817,50,9.946257449084282,0,1
GAIL+TD3,291,5817,51,5.047255701031822,0,1
GAIL+TD3,291,5817,52,21.072253769336204,0,1
GAIL+TD3,291,5817,53,2.3899039314356143,0,1
GAIL+TD3,291,5817,54,21.328143963172217,0,1
GAIL+TD3,291,5817,55,129.99552572706938,0,1
GAIL+TD3,291,5817,56,3.406996670583627,0,1
GAIL+TD3,291,5817,57,151.0752972258917,0,1
GAIL+TD3,291,5817,58,1.9001790898561672,0,1
GAIL+TD3,291,5817,59,3.4970620772802845,0,1
GAIL+TD3,291,5817,60,4.9342189434156625,0,1
GAIL+TD3,291,5817,61,110.40516782099094,0,1
GAIL+TD3,291,5817,62,2.6419836241554226,0,1
GAIL+TD3,291,5817,63,3.0221791758577865,0,1
GAIL+TD3,291,5817,64,1.1513541392140694,0,1
GAIL+TD3,291,5817,65,98.62457975345538,0,1
GAIL+TD3,291,5817,67,112.67592592592591,0,1
GAIL+TD3,291,5817,68,2.8795920306610503,0,1
GAIL+TD3,291,5817,69,2.203437211672198,0,1
GAIL+TD3,291,5817,70,6.992962948563431,0,1
GAIL+TD3,291,5817,71,1.9286527514231502,0,1
GAIL+TD3,291,5817,72,159.1831267493003,0,1
GAIL+TD3,291,5817,73,109.072582480091,0,1
GAIL+TD3,291,5817,74,5.70991232444112,0,1
GAIL+TD3,291,5817,75,131.54182879377433,0,1
GAIL+TD3,291,5817,76,2.5879558273892336,0,1
GAIL+TD3,291,5817,77,78.80980844993886,0,1
GAIL+TD3,291,5817,78,2.241166982772661,0,1
GAIL+TD3,291,5817,79,17.823999676989544,0,1
GAIL+TD3,291,5817,80,18.299125720612377,0,1
GAIL+TD3,291,5817,81,1.0428792986515598,0,1
GAIL+TD3,291,5817,82,223.91648230088498,0,1
GAIL+TD3,291,5817,84,1.745283413336901,0,1
GAIL+TD3,291,5817,85,138.75242154203795,0,1
GAIL+TD3,291,5817,86,42.69702984334019,0,1
GAIL+TD3,291,5817,87,115.54037674037673,0,1
GAIL+TD3,291,5817,88,2.1333976387446665,0,1
GAIL+TD3,291,5817,89,145.6222770242499,0,1
GAIL+TD3,291,5817,90,6.481825884925516,0,1
GAIL+TD3,291,5817,91,3.9215642577871557,0,1
GAIL+TD3,291,5817,92,8.06543337275254,0,1
GAIL+TD3,291,5817,93,3.5402521026982128,0,1
GAIL+TD3,291,5817,94,8.95808137067685,0,1
GAIL+TD3,291,5822,5,4.68376235685622,0,1
GAIL+TD3,291,5822,6,6.879012345679012,0,1
GAIL+TD3,291,5822,7,7.152636671504594,0,1
GAIL+TD3,291,5822,8,7.118385650224216,0,1
GAIL+TD3,291,5822,9,8.031877975950286,0,1
GAIL+TD3,291,5822,10,4.802056555269924,0,1
GAIL+TD3,291,5822,11,7.0289616866923605,0,1
GAIL+TD3,291,5822,12,5.72891914742135,0,1
GAIL+TD3,291,5822,13,28.1869548729617,0,1
GAIL+TD3,291,5822,14,3.529534592362303,0,1
GAIL+TD3,291,5822,15,9.676230716321115,0,1
GAIL+TD3,291,5822,16,16.365628805009568,0,1
GAIL+TD3,291,5822,17,8.625879974907646,0,1
GAIL+TD3,291,5822,18,7.733500669344044,0,1
GAIL+TD3,291,5822,19,4.746890357566514,0,1
GAIL+TD3,291,5822,20,5.340105003750134,0,1
GAIL+TD3,291,5822,21,43.053055355859094,0,1
GAIL+TD3,291,5822,22,8.707773232028055,0,1
GAIL+TD3,291,5822,23,12.120347547448853,0,1
GAIL+TD3,291,5822,24,5.123314814095341,0,1
GAIL+TD3,291,5822,25,8.4773441798318,0,1
GAIL+TD3,291,5822,27,4.257349355285489,0,1
GAIL+TD3,291,5822,28,2.587761840883294,0,1
GAIL+TD3,291,5822,32,3.0248207037078636,0,1
GAIL+TD3,291,5822,33,218.13612866168867,0,1
GAIL+TD3,291,5822,35,2.280889478541763,0,1
GAIL+TD3,291,5822,36,3.6040231536598384,0,1
GAIL+TD3,291,5822,37,175.42750744786494,0,1
GAIL+TD3,291,5822,40,2.934352040673799,0,1
GAIL+TD3,291,5822,41,4.774782507622293,0,1
GAIL+TD3,291,5822,42,173.95617110799438,0,1
GAIL+TD3,291,5822,44,3.5842148723442246,0,1
GAIL+TD3,291,5822,45,31.092385542168675,0,1
GAIL+TD3,291,5822,46,2.094434218461163,0,1
GAIL+TD3,291,5822,49,6.99410016373603,0,1
GAIL+TD3,291,5822,50,7.967053167420816,0,1
GAIL+TD3,291,5822,52,8.230528674924859,0,1
GAIL+TD3,291,5822,53,3.570647628289549,0,1
GAIL+TD3,291,5822,54,20.124137690753262,0,1
GAIL+TD3,291,5822,55,3.1935494034285146,0,1
GAIL+TD3,291,5822,56,3.0780308261896074,0,1
GAIL+TD3,291,5822,57,189.9401534526854,0,1
GAIL+TD3,291,5822,58,139.29356145880234,0,1
GAIL+TD3,291,5822,59,44.19406744088429,0,1
GAIL+TD3,291,5822,60,1.648388526210204,0,1
GAIL+TD3,291,5822,61,2.6659329550642403,0,1
GAIL+TD3,291,5822,62,3.294568840130708,0,1
GAIL+TD3,291,5822,63,17.344407006209792,0,1
GAIL+TD3,291,5822,64,1.292136458159675,0,1
GAIL+TD3,291,5822,65,2.7908043721649602,0,1
GAIL+TD3,291,5822,66,174.39317889317886,0,1
GAIL+TD3,291,5822,67,15.412407585985214,0,1
GAIL+TD3,291,5822,68,3.7987825808370905,0,1
GAIL+TD3,291,5822,69,2.028154157640629,0,1
GAIL+TD3,291,5822,70,4.650036821509538,0,1
GAIL+TD3,291,5822,71,1.443422030003679,0,1
GAIL+TD3,291,5822,72,160.84673267326733,0,1
GAIL+TD3,291,5822,73,3.80378214283886,0,1
GAIL+TD3,291,5822,74,187.45877100840335,0,1
GAIL+TD3,291,5822,75,135.86247379454926,0,1
GAIL+TD3,291,5822,76,5.03141561588769,0,1
GAIL+TD3,291,5822,77,10.189593249675466,0,1
GAIL+TD3,291,5822,78,2.31040694465352,0,1
GAIL+TD3,291,5822,79,3.318677438080496,0,1
GAIL+TD3,291,5822,80,32.398044444444444,0,1
GAIL+TD3,291,5822,81,1.2769171047054677,0,1
GAIL+TD3,291,5822,82,16.48775490291736,0,1
GAIL+TD3,291,5822,83,3.217376200101061,0,1
GAIL+TD3,291,5822,84,1.1995670136157799,0,1
GAIL+TD3,291,5822,85,1.2745068614209727,0,1
GAIL+TD3,291,5822,86,20.491909698672607,0,1
GAIL+TD3,291,5822,87,5.069761446445759,0,1
GAIL+TD3,291,5822,88,3.354009842981016,0,1
GAIL+TD3,291,5822,89,17.262237596550253,0,1
GAIL+TD3,291,5822,90,9.497259088286206,0,1
GAIL+TD3,291,5822,91,9.963609960278479,0,1
GAIL+TD3,291,5822,92,6.320055278540348,0,1
GAIL+TD3,291,5822,93,1.8086821550170238,0,1
GAIL+TD3,291,5822,94,1.8560636405531936,0,1
GAIL+TD3,291,5822,95,1.1541876231383923,0,1
GAIL+TD3,291,5822,96,0.6784591606852832,1,1
GAIL+TD3,291,5825,5,2.637372348782404,0,1
GAIL+TD3,291,5825,6,9.739130434782608,0,1
GAIL+TD3,291,5825,7,7.215881397238018,0,1
GAIL+TD3,291,5825,8,7.673462783171521,0,1
GAIL+TD3,291,5825,9,5.15967696231227,0,1
GAIL+TD3,291,5825,10,9.66015404846891,0,1
GAIL+TD3,291,5825,11,14.590786819098856,0,1
GAIL+TD3,291,5825,12,6.9259626508015195,0,1
GAIL+TD3,291,5825,13,6.097227406929785,0,1
GAIL+TD3,291,5825,14,5.3165605454443,0,1
GAIL+TD3,291,5825,15,7.827000908565293,0,1
GAIL+TD3,291,5825,16,5.52558390328348,0,1
GAIL+TD3,291,5825,17,12.19832640746855,0,1
GAIL+TD3,291,5825,18,7.883996183888856,0,1
GAIL+TD3,291,5825,19,6.903098747576699,0,1
GAIL+TD3,291,5825,22,6.274510917940269,0,1
GAIL+TD3,291,5825,23,6.855522549284365,0,1
GAIL+TD3,291,5825,24,207.8374269005848,0,1
GAIL+TD3,291,5825,25,38.3722987234898,0,1
GAIL+TD3,291,5825,26,5.671632676696955,0,1
GAIL+TD3,291,5825,27,6.752061017329371,0,1
GAIL+TD3,291,5825,28,3.828472360843111,0,1
GAIL+TD3,291,5825,29,173.43623853211008,0,1
GAIL+TD3,291,5825,30,4.092494629861177,0,1
GAIL+TD3,291,5825,31,1.8149013922865513,0,1
GAIL+TD3,291,5825,33,3.2495313367027103,0,1
GAIL+TD3,291,5825,37,5.071393085712614,0,1
GAIL+TD3,291,5825,38,2.8201267583861496,0,1
GAIL+TD3,291,5825,39,226.43178807947018,0,1
GAIL+TD3,291,5825,41,81.07806303485701,0,1
GAIL+TD3,291,5825,42,199.05097613882864,0,1
GAIL+TD3,291,5825,43,2.6534098439341354,0,1
GAIL+TD3,291,5825,45,2.0896407140232918,0,1
GAIL+TD3,291,5825,46,7.383667739105002,0,1
GAIL+TD3,291,5825,47,167.58651477832507,0,1
GAIL+TD3,291,5825,48,26.096459606116948,0,1
GAIL+TD3,291,5825,49,5.079790565240821,0,1
GAIL+TD3,291,5825,50,30.8305429404189,0,1
GAIL+TD3,291,5825,51,1.5329364093409035,0,1
GAIL+TD3,291,5825,52,4.243298767364508,0,1
GAIL+TD3,291,5825,53,1.5953976801314482,0,1
GAIL+TD3,291,5825,54,227.02377892030847,0,1
GAIL+TD3,291,5825,55,147.51761390324097,0,1
GAIL+TD3,291,5825,56,219.62335302135398,0,1
GAIL+TD3,291,5825,57,79.8468667255075,0,1
GAIL+TD3,291,5825,58,4.213049812150177,0,1
GAIL+TD3,291,5825,59,6.169389619494784,0,1
GAIL+TD3,291,5825,60,10.552485921158487,0,1
GAIL+TD3,291,5825,61,3.799537766142392,0,1
GAIL+TD3,291,5825,62,148.74617461746178,0,1
GAIL+TD3,291,5825,63,2.3651803162195773,0,1
GAIL+TD3,291,5825,64,194.50678426051562,0,1
GAIL+TD3,291,5825,65,2.316251982100902,0,1
GAIL+TD3,291,5825,66,2.033153824752366,0,1
GAIL+TD3,291,5825,68,215.71949404761904,0,1
GAIL+TD3,291,5825,69,116.6654501216545,0,1
GAIL+TD3,291,5825,70,93.55147326300472,0,1
GAIL+TD3,291,5825,71,3.62403839422531,0,1
GAIL+TD3,291,5825,72,2.731245511500478,0,1
GAIL+TD3,291,5825,73,2.6706133374713894,0,1
GAIL+TD3,291,5825,74,2.5162717594377395,0,1
GAIL+TD3,291,5825,75,1.1016492756168987,0,1
GAIL+TD3,291,5825,77,7.640346992471411,0,1
GAIL+TD3,291,5825,80,13.926653742215958,0,1
GAIL+TD3,291,5825,81,75.8594512195122,0,1
GAIL+TD3,291,5825,82,8.282842512466178,0,1
GAIL+TD3,291,5825,83,6.353883056112618,0,1
GAIL+TD3,291,5825,84,6.082891547006952,0,1
GAIL+TD3,291,5825,85,4.049654385809661,0,1
GAIL+TD3,291,5825,86,4.278766206054185,0,1
GAIL+TD3,291,5825,87,1.7395723957035292,0,1
GAIL+TD3,291,5825,88,1.780803599855666,0,1
GAIL+TD3,291,5825,89,2.7164384366735232,0,1
GAIL+TD3,291,5825,90,4.94423527017401,0,1
GAIL+TD3,291,5825,91,2.195419831450352,0,1
GAIL+TD3,291,5825,92,2.635144262873898,0,1
GAIL+TD3,291,5825,93,3.483858304721149,0,1
GAIL+TD3,291,5825,94,2.5095733883227167,0,1
GAIL+TD3,291,5825,95,1.6016883326917426,0,1
GAIL+TD3,291,5825,96,-0.00020052135552470337,1,1
GAIL+TD3,291,5826,5,6.021647104098518,0,1
GAIL+TD3,291,5826,6,5.692212016838883,0,1
GAIL+TD3,291,5826,7,2.6538499801034616,0,1
GAIL+TD3,291,5826,8,3.5115566274746266,0,1
GAIL+TD3,291,5826,9,3.7802252816020028,0,1
GAIL+TD3,291,5826,10,3.324134811128704,0,1
GAIL+TD3,291,5826,11,13.668434633027521,0,1
GAIL+TD3,291,5826,12,17.247999999999998,0,1
GAIL+TD3,291,5826,13,4.868616103157681,0,1
GAIL+TD3,291,5826,14,11.268913084287588,0,1
GAIL+TD3,291,5826,15,4.742060418280403,0,1
GAIL+TD3,291,5826,16,5.368381804623416,0,1
GAIL+TD3,291,5826,17,8.736968417010656,0,1
GAIL+TD3,291,5826,18,7.853381481611331,0,1
GAIL+TD3,291,5826,19,4.286782473030309,0,1
GAIL+TD3,291,5826,20,6.887636113025501,0,1
GAIL+TD3,291,5826,21,10.502406427747504,0,1
GAIL+TD3,291,5826,22,4.21861414396177,0,1
GAIL+TD3,291,5826,23,5.9822355996222845,0,1
GAIL+TD3,291,5826,24,6.042263159841676,0,1
GAIL+TD3,291,5826,25,7.169117647058823,0,1
GAIL+TD3,291,5826,26,7.454746459189418,0,1
GAIL+TD3,291,5826,27,169.27249747219412,0,1
GAIL+TD3,291,5826,28,5.102878706426757,0,1
GAIL+TD3,291,5826,29,5.0167990639817726,0,1
GAIL+TD3,291,5826,30,6.266932025435008,0,1
GAIL+TD3,291,5826,31,2.4293981821925463,0,1
GAIL+TD3,291,5826,32,225.5461209529627,0,1
GAIL+TD3,291,5826,33,2.2266667527037143,0,1
GAIL+TD3,291,5826,34,2.0948412622565415,0,1
GAIL+TD3,291,5826,36,197.87148876404493,0,1
GAIL+TD3,291,5826,38,4.024161216192328,0,1
GAIL+TD3,291,5826,39,164.83318584070798,0,1
GAIL+TD3,291,5826,40,5.11475515215407,0,1
GAIL+TD3,291,5826,41,6.84235438488846,0,1
GAIL+TD3,291,5826,42,5.840317297663268,0,1
GAIL+TD3,291,5826,43,4.001418713773116,0,1
GAIL+TD3,291,5826,44,142.85052057511155,0,1
GAIL+TD3,291,5826,45,91.50445697653265,0,1
GAIL+TD3,291,5826,46,3.7338141639454943,0,1
GAIL+TD3,291,5826,47,1.5633424757911452,0,1
GAIL+TD3,291,5826,48,1.1269457574404533,0,1
GAIL+TD3,291,5826,49,10.143874643874643,0,1
GAIL+TD3,291,5826,50,6.348736906962415,0,1
GAIL+TD3,291,5826,51,2.9439850355912554,0,1
GAIL+TD3,291,5826,54,16.558793103448274,0,1
GAIL+TD3,291,5826,55,4.13853589074198,0,1
GAIL+TD3,291,5826,56,11.192794836479518,0,1
GAIL+TD3,291,5826,57,2.8242673609085944,0,1
GAIL+TD3,291,5826,58,1.4632389616213572,0,1
GAIL+TD3,291,5826,59,1.6824811361266179,0,1
GAIL+TD3,291,5826,60,207.49170124481327,0,1
GAIL+TD3,291,5826,61,2.442964979234482,0,1
GAIL+TD3,291,5826,62,176.61278538812783,0,1
GAIL+TD3,291,5826,64,17.175299982267056,0,1
GAIL+TD3,291,5826,65,11.413088056108652,0,1
GAIL+TD3,291,5826,66,2.42900126931821,0,1
GAIL+TD3,291,5826,67,136.12616681722372,0,1
GAIL+TD3,291,5826,68,1.432290052680508,0,1
GAIL+TD3,291,5826,69,1.112766098547649,0,1
GAIL+TD3,291,5826,70,1.5451792783728124,0,1
GAIL+TD3,291,5826,71,67.21239892183289,0,1
GAIL+TD3,291,5826,73,193.76811594202903,0,1
GAIL+TD3,291,5826,74,4.605711237845156,0,1
GAIL+TD3,291,5826,75,29.3184460707202,0,1
GAIL+TD3,291,5826,76,18.700012516427815,0,1
GAIL+TD3,291,5826,77,5.892275635706516,0,1
GAIL+TD3,291,5826,78,12.15332013676444,0,1
GAIL+TD3,291,5826,79,3.3545893104023055,0,1
GAIL+TD3,291,5826,80,3.409175852672654,0,1
GAIL+TD3,291,5826,81,1.4748951794111513,0,1
GAIL+TD3,291,5826,82,1.938708385657024,0,1
GAIL+TD3,291,5826,83,114.352489626556,0,1
GAIL+TD3,291,5826,84,1.6471095154938555,0,1
GAIL+TD3,291,5826,85,124.77605086541858,0,1
GAIL+TD3,291,5826,86,1.864004491079758,0,1
GAIL+TD3,291,5826,87,4.9244330703063905,0,1
GAIL+TD3,291,5826,88,2.418214072403434,0,1
GAIL+TD3,291,5826,89,120.61270154656137,0,1
GAIL+TD3,291,5826,90,154.52332195676908,0,1
GAIL+TD3,291,5826,91,2.356553374567786,0,1
GAIL+TD3,291,5826,92,2.7177120199053584,0,1
GAIL+TD3,291,5826,93,2.630770230513841,0,1
GAIL+TD3,291,5826,94,3.216733422340899,0,1
GAIL+TD3,291,5826,95,2.3051215392679585,0,1
GAIL+TD3,291,5826,96,1.3078002014399221,0,1
GAIL+TD3,291,5826,97,97.32301631963983,0,1
GAIL+TD3,291,5826,98,3.9177880528312845,0,1
GAIL+TD3,291,5828,5,8.640478056426332,0,1
GAIL+TD3,291,5828,6,7.774790401850248,0,1
GAIL+TD3,291,5828,7,16.396902781760826,0,1
GAIL+TD3,291,5828,8,14.606771565046364,0,1
GAIL+TD3,291,5828,9,9.64819837272375,0,1
GAIL+TD3,291,5828,10,2.4444261383528634,0,1
GAIL+TD3,291,5828,11,1.8208419332645336,0,1
GAIL+TD3,291,5828,12,61.51548269581057,0,1
GAIL+TD3,291,5828,13,3.3826617737891946,0,1
GAIL+TD3,291,5828,14,1.2754715418538685,0,1
GAIL+TD3,291,5828,15,1.8732230249359125,0,1
GAIL+TD3,291,5828,16,4.061987957753431,0,1
GAIL+TD3,291,5828,17,12.0179954193478,0,1
GAIL+TD3,291,5828,18,4.457002081038071,0,1
GAIL+TD3,291,5828,19,7.1170934699103725,0,1
GAIL+TD3,291,5828,20,19.16842105263158,0,1
GAIL+TD3,291,5828,21,9.28368794326241,0,1
GAIL+TD3,291,5828,22,5.540316363972742,0,1
GAIL+TD3,291,5828,23,8.08496342915462,0,1
GAIL+TD3,291,5828,24,6.302268325509633,0,1
GAIL+TD3,291,5828,25,42.12227602905569,0,1
GAIL+TD3,291,5828,26,3.8059051443762546,0,1
GAIL+TD3,291,5828,27,3.0159566650570033,0,1
GAIL+TD3,291,5828,29,192.31861198738173,0,1
GAIL+TD3,291,5828,30,3.312908699610959,0,1
GAIL+TD3,291,5828,31,45.7257281553398,0,1
GAIL+TD3,291,5828,32,3.9903215544244324,0,1
GAIL+TD3,291,5828,33,5.5528478272394715,0,1
GAIL+TD3,291,5828,34,217.86144236229416,0,1
GAIL+TD3,291,5828,35,3.5783264277476396,0,1
GAIL+TD3,291,5828,36,4.922865498792023,0,1
GAIL+TD3,291,5828,37,117.19874015748032,0,1
GAIL+TD3,291,5828,38,5.249258218739218,0,1
GAIL+TD3,291,5828,39,3.1824110538079706,0,1
GAIL+TD3,291,5828,40,2.136961119669948,0,1
GAIL+TD3,291,5828,41,1.747665099026297,0,1
GAIL+TD3,291,5828,42,2.2977987296808355,0,1
GAIL+TD3,291,5828,44,20.154827904827908,0,1
GAIL+TD3,291,5828,45,206.79508196721312,0,1
GAIL+TD3,291,5828,46,167.18559218559218,0,1
GAIL+TD3,291,5828,47,68.84575765790187,0,1
GAIL+TD3,291,5828,48,3.646358038674602,0,1
GAIL+TD3,291,5828,49,3.368230564991026,0,1
GAIL+TD3,291,5828,50,5.548201078099536,0,1
GAIL+TD3,291,5828,51,2.6752405827614627,0,1
GAIL+TD3,291,5828,53,2.438062376840956,0,1
GAIL+TD3,291,5828,54,3.071744609790166,0,1
GAIL+TD3,291,5828,55,224.57024303497334,0,1
GAIL+TD3,291,5828,57,5.803834589045011,0,1
GAIL+TD3,291,5828,58,155.04794717197817,0,1
GAIL+TD3,291,5828,59,4.583644443296172,0,1
GAIL+TD3,291,5828,60,2.544135287061646,0,1
GAIL+TD3,291,5828,61,3.1546955522731004,0,1
GAIL+TD3,291,5828,62,4.9409598899157645,0,1
GAIL+TD3,291,5828,63,6.484124174977618,0,1
GAIL+TD3,291,5828,64,1.2926540262004447,0,1
GAIL+TD3,291,5828,65,60.61940565699964,0,1
GAIL+TD3,291,5828,66,1.662012787576745,0,1
GAIL+TD3,291,5828,67,1.6642021341837359,0,1
GAIL+TD3,291,5828,68,1.0598972939505407,0,1
GAIL+TD3,291,5828,69,115.90556138509969,0,1
GAIL+TD3,291,5828,70,182.98752997601918,0,1
GAIL+TD3,291,5828,71,40.37682130296433,0,1
GAIL+TD3,291,5828,72,1.8366197816024812,0,1
GAIL+TD3,291,5828,73,3.058088341781318,0,1
GAIL+TD3,291,5828,74,18.001490199075313,0,1
GAIL+TD3,291,5828,75,4.146978192044429,0,1
GAIL+TD3,291,5828,76,1.374260731687557,0,1
GAIL+TD3,291,5828,77,94.10049365303246,0,1
GAIL+TD3,291,5828,78,148.079171291158,0,1
GAIL+TD3,291,5828,79,1.7557785963264196,0,1
GAIL+TD3,291,5828,80,12.989418830034,0,1
GAIL+TD3,291,5828,81,2.453970601218328,0,1
GAIL+TD3,291,5828,82,7.707082983324694,0,1
GAIL+TD3,291,5828,83,7.673607853648729,0,1
GAIL+TD3,291,5828,84,1.8063089504314669,0,1
GAIL+TD3,291,5828,85,16.44501071683734,0,1
GAIL+TD3,291,5828,86,3.684193655126773,0,1
GAIL+TD3,291,5828,87,7.912713652592307,0,1
GAIL+TD3,291,5828,88,5.197167371885285,0,1
GAIL+TD3,291,5828,89,1.9154614767956728,0,1
GAIL+TD3,291,5828,90,3.009018737256133,0,1
GAIL+TD3,291,5828,91,1.852455593202072,0,1
GAIL+TD3,291,5828,92,0.7768752006622337,1,1
GAIL+TD3,291,5829,5,5.5224724578336755,0,1
GAIL+TD3,291,5829,6,12.745402843601896,0,1
GAIL+TD3,291,5829,7,6.349962723658051,0,1
GAIL+TD3,291,5829,8,14.633965582213289,0,1
GAIL+TD3,291,5829,9,9.059608411892677,0,1
GAIL+TD3,291,5829,10,11.496754580560347,0,1
GAIL+TD3,291,5829,11,4.337179226365194,0,1
GAIL+TD3,291,5829,12,5.13017364784963,0,1
GAIL+TD3,291,5829,13,15.991042345276872,0,1
GAIL+TD3,291,5829,14,14.031589985581334,0,1
GAIL+TD3,291,5829,15,12.586206896551722,0,1
GAIL+TD3,291,5829,16,9.69217053649259,0,1
GAIL+TD3,291,5829,17,9.129465811154562,0,1
GAIL+TD3,291,5829,18,4.00026449778483,0,1
GAIL+TD3,291,5829,21,212.95193065405832,0,1
GAIL+TD3,291,5829,23,155.84731323722147,0,1
GAIL+TD3,291,5829,24,98.23560399636695,0,1
GAIL+TD3,291,5829,25,2.263673432923444,0,1
GAIL+TD3,291,5829,26,29.672630173564755,0,1
GAIL+TD3,291,5829,27,3.873248999801527,0,1
GAIL+TD3,291,5829,29,3.7419537190685466,0,1
GAIL+TD3,291,5829,30,3.6474719311657746,0,1
GAIL+TD3,291,5829,31,5.716618194260296,0,1
GAIL+TD3,291,5829,32,144.8133608815427,0,1
GAIL+TD3,291,5829,33,165.3647186147186,0,1
GAIL+TD3,291,5829,34,2.024511815835317,0,1
GAIL+TD3,291,5829,35,2.338446543205727,0,1
GAIL+TD3,291,5829,36,2.4885903310188198,0,1
GAIL+TD3,291,5829,39,198.55290456431533,0,1
GAIL+TD3,291,5829,40,4.296163284314604,0,1
GAIL+TD3,291,5829,42,1.8261170206635853,0,1
GAIL+TD3,291,5829,44,157.0106874638937,0,1
GAIL+TD3,291,5829,46,6.385883689554783,0,1
GAIL+TD3,291,5829,47,27.96312556771487,0,1
GAIL+TD3,291,5829,48,11.507967961479698,0,1
GAIL+TD3,291,5829,49,7.967830550133738,0,1
GAIL+TD3,291,5829,50,3.437937496873305,0,1
GAIL+TD3,291,5829,51,97.84318867182378,0,1
GAIL+TD3,291,5829,52,1.6468664850136239,0,1
GAIL+TD3,291,5829,53,129.03547523427042,0,1
GAIL+TD3,291,5829,54,10.07947866970891,0,1
GAIL+TD3,291,5829,55,200.86811023622045,0,1
GAIL+TD3,291,5829,56,10.890148204261601,0,1
GAIL+TD3,291,5829,57,2.4986783679807383,0,1
GAIL+TD3,291,5829,58,2.5236024305111946,0,1
GAIL+TD3,291,5829,59,103.17333939945406,0,1
GAIL+TD3,291,5829,60,1.8234284133808911,0,1
GAIL+TD3,291,5829,61,1.256199314683297,0,1
GAIL+TD3,291,5829,62,3.784061511928715,0,1
GAIL+TD3,291,5829,66,4.617644740644731,0,1
GAIL+TD3,291,5829,68,7.4041182619336965,0,1
GAIL+TD3,291,5829,69,4.486866541839826,0,1
GAIL+TD3,291,5829,70,5.536346617948891,0,1
GAIL+TD3,291,5829,71,4.678857104687473,0,1
GAIL+TD3,291,5829,72,41.41741713423548,0,1
GAIL+TD3,291,5829,73,22.96526793308761,0,1
GAIL+TD3,291,5829,74,1.4792029923191712,0,1
GAIL+TD3,291,5829,75,2.039732747713428,0,1
GAIL+TD3,291,5829,76,5.192184456201233,0,1
GAIL+TD3,291,5829,77,1.038551956522741,0,1
GAIL+TD3,291,5829,78,97.37195365561327,0,1
GAIL+TD3,291,5829,79,7.40055493240451,0,1
GAIL+TD3,291,5829,80,136.760893050054,0,1
GAIL+TD3,291,5829,81,3.945990797314626,0,1
GAIL+TD3,291,5829,82,1.4775482210665734,0,1
GAIL+TD3,291,5829,83,37.01646542261251,0,1
GAIL+TD3,291,5829,84,3.6549137889320797,0,1
GAIL+TD3,291,5829,85,11.651446217189914,0,1
GAIL+TD3,291,5829,86,6.237651005446562,0,1
GAIL+TD3,291,5829,87,1.7821712655250945,0,1
GAIL+TD3,291,5829,88,2.6096906894397,0,1
GAIL+TD3,291,5829,89,2.615037578460522,0,1
GAIL+TD3,291,5829,90,30.075645677694773,0,1
GAIL+TD3,291,5829,91,99.78546531892647,0,1
GAIL+TD3,291,5829,92,6.308107684526226,0,1
GAIL+TD3,291,5829,93,6.717506907641438,0,1
GAIL+TD3,291,5829,94,3.5107917527985113,0,1
GAIL+TD3,291,5829,95,3.6679021114483112,0,1
GAIL+TD3,291,5829,96,63.73136060342326,0,1
GAIL+TD3,291,5829,97,1.1479352494218698,0,1
GAIL+TD3,291,5829,98,1.6881003458848978,0,1
GAIL+TD3,291,5831,5,5.56591796875,0,1
GAIL+TD3,291,5831,6,9.848601735776278,0,1
GAIL+TD3,291,5831,7,14.726714431934493,0,1
GAIL+TD3,291,5831,8,4.7611338582677165,0,1
GAIL+TD3,291,5831,9,4.738058443382973,0,1
GAIL+TD3,291,5831,10,104.32915360501566,0,1
GAIL+TD3,291,5831,11,10.003960544014348,0,1
GAIL+TD3,291,5831,12,6.015710031830784,0,1
GAIL+TD3,291,5831,13,4.946520989074181,0,1
GAIL+TD3,291,5831,14,13.225919719096641,0,1
GAIL+TD3,291,5831,15,41.68536217303822,0,1
GAIL+TD3,291,5831,16,9.156423835165324,0,1
GAIL+TD3,291,5831,17,8.358813717912208,0,1
GAIL+TD3,291,5831,18,8.019093430915422,0,1
GAIL+TD3,291,5831,19,3.7000665884516595,0,1
GAIL+TD3,291,5831,20,4.561066859763457,0,1
GAIL+TD3,291,5831,21,16.33443460915098,0,1
GAIL+TD3,291,5831,22,7.584434844283963,0,1
GAIL+TD3,291,5831,24,68.86931716883579,0,1
GAIL+TD3,291,5831,25,3.0461931383984227,0,1
GAIL+TD3,291,5831,27,5.140224828236369,0,1
GAIL+TD3,291,5831,28,4.047613623419524,0,1
GAIL+TD3,291,5831,29,146.58713886300092,0,1
GAIL+TD3,291,5831,30,3.165933206200186,0,1
GAIL+TD3,291,5831,31,5.74916743914581,0,1
GAIL+TD3,291,5831,32,2.3761502347417838,0,1
GAIL+TD3,291,5831,33,171.68101879927227,0,1
GAIL+TD3,291,5831,35,2.4956405141551192,0,1
GAIL+TD3,291,5831,36,2.489386023118229,0,1
GAIL+TD3,291,5831,37,145.62194513715713,0,1
GAIL+TD3,291,5831,38,218.3203166226913,0,1
GAIL+TD3,291,5831,39,3.116257473811115,0,1
GAIL+TD3,291,5831,40,2.016369501168343,0,1
GAIL+TD3,291,5831,41,200.55507246376808,0,1
GAIL+TD3,291,5831,43,170.9250203748981,0,1
GAIL+TD3,291,5831,44,6.39129895704179,0,1
GAIL+TD3,291,5831,45,5.293470924389914,0,1
GAIL+TD3,291,5831,46,190.56551932367148,0,1
GAIL+TD3,291,5831,47,4.692301701371434,0,1
GAIL+TD3,291,5831,48,2.97678239536094,0,1
GAIL+TD3,291,5831,49,2.3379288865409555,0,1
GAIL+TD3,291,5831,52,33.476935682097505,0,1
GAIL+TD3,291,5831,53,4.03971737401151,0,1
GAIL+TD3,291,5831,54,20.87065575086283,0,1
GAIL+TD3,291,5831,55,4.921819219922372,0,1
GAIL+TD3,291,5831,56,4.650721226136281,0,1
GAIL+TD3,291,5831,57,8.139486629102942,0,1
GAIL+TD3,291,5831,58,4.059964514345833,0,1
GAIL+TD3,291,5831,59,1.875195847922437,0,1
GAIL+TD3,291,5831,61,7.67063825620017,0,1
GAIL+TD3,291,5831,62,185.83226102941177,0,1
GAIL+TD3,291,5831,63,64.4481656008078,0,1
GAIL+TD3,291,5831,64,2.955940208129374,0,1
GAIL+TD3,291,5831,65,2.519352277375424,0,1
GAIL+TD3,291,5831,66,1.2294759320549011,0,1
GAIL+TD3,291,5831,67,3.7244741020043657,0,1
GAIL+TD3,291,5831,68,1.3438168852167898,0,1
GAIL+TD3,291,5831,69,43.817430244574574,0,1
GAIL+TD3,291,5831,71,8.518460839659982,0,1
GAIL+TD3,291,5831,72,23.93793659322945,0,1
GAIL+TD3,291,5831,73,3.398175140695596,0,1
GAIL+TD3,291,5831,74,6.231800740123719,0,1
GAIL+TD3,291,5831,75,2.92056527301204,0,1
GAIL+TD3,291,5831,76,2.1414353745778003,0,1
GAIL+TD3,291,5831,77,137.05164131305045,0,1
GAIL+TD3,291,5831,78,179.20643153526973,0,1
GAIL+TD3,291,5831,79,7.116841019596286,0,1
GAIL+TD3,291,5831,80,2.4508684040186464,0,1
GAIL+TD3,291,5831,81,139.7706601466993,0,1
GAIL+TD3,291,5831,82,156.37218353133963,0,1
GAIL+TD3,291,5831,83,4.072010861910637,0,1
GAIL+TD3,291,5831,84,2.2600071356866325,0,1
GAIL+TD3,291,5831,85,4.516567696887518,0,1
GAIL+TD3,291,5831,86,13.348661095002559,0,1
GAIL+TD3,291,5831,87,9.086747649440671,0,1
GAIL+TD3,291,5831,88,105.38656012575319,0,1
GAIL+TD3,291,5831,89,1.8015458301882386,0,1
GAIL+TD3,291,5831,90,13.110370581675788,0,1
GAIL+TD3,291,5831,91,1.9192711625477352,0,1
GAIL+TD3,291,5831,92,5.061242404707366,0,1
GAIL+TD3,291,5831,93,2.728937901012735,0,1
GAIL+TD3,291,5831,94,4.063497963669275,0,1
GAIL+TD3,291,5831,95,4.84950155529738,0,1
GAIL+TD3,291,5831,96,1.774062086985793,0,1
GAIL+TD3,291,5831,97,99.95453606116965,0,1
GAIL+TD3,291,5831,98,1.9914188204175927,0,1
GAIL+TD3,291,5847,5,3.732885508248543,0,1
GAIL+TD3,291,5847,6,19.337671997024916,0,1
GAIL+TD3,291,5847,7,9.956160458452723,0,1
GAIL+TD3,291,5847,8,20.5369429241595,0,1
GAIL+TD3,291,5847,9,99.08673469387757,0,1
GAIL+TD3,291,5847,10,6.939059414826782,0,1
GAIL+TD3,291,5847,11,7.713814394117924,0,1
GAIL+TD3,291,5847,12,8.891862455266843,0,1
GAIL+TD3,291,5847,13,5.1751678027631955,0,1
GAIL+TD3,291,5847,14,11.662394442115353,0,1
GAIL+TD3,291,5847,15,12.37144275314361,0,1
GAIL+TD3,291,5847,16,10.30206607967919,0,1
GAIL+TD3,291,5847,17,4.758144731151794,0,1
GAIL+TD3,291,5847,18,29.025889263570104,0,1
GAIL+TD3,291,5847,22,3.895143433548197,0,1
GAIL+TD3,291,5847,23,6.671055671055672,0,1
GAIL+TD3,291,5847,24,3.745006485084306,0,1
GAIL+TD3,291,5847,30,84.59915700737619,0,1
GAIL+TD3,291,5847,31,4.88809487608332,0,1
GAIL+TD3,291,5847,32,150.7090909090909,0,1
GAIL+TD3,291,5847,33,159.17399933840557,0,1
GAIL+TD3,291,5847,34,3.581905094253903,0,1
GAIL+TD3,291,5847,35,2.677237597911227,0,1
GAIL+TD3,291,5847,36,2.3473401626454597,0,1
GAIL+TD3,291,5847,37,5.178667364621932,0,1
GAIL+TD3,291,5847,39,9.244632984548801,0,1
GAIL+TD3,291,5847,40,168.14446653412858,0,1
GAIL+TD3,291,5847,41,4.697508479609859,0,1
GAIL+TD3,291,5847,42,154.19158496732024,0,1
GAIL+TD3,291,5847,43,7.308609978274956,0,1
GAIL+TD3,291,5847,44,1.3652685284795065,0,1
GAIL+TD3,291,5847,45,181.56370656370657,0,1
GAIL+TD3,291,5847,46,10.040967697213365,0,1
GAIL+TD3,291,5847,47,152.5361546151283,0,1
GAIL+TD3,291,5847,48,3.732295125697939,0,1
GAIL+TD3,291,5847,49,7.35906439140355,0,1
GAIL+TD3,291,5847,50,7.040841404064739,0,1
GAIL+TD3,291,5847,51,1.7556423349645813,0,1
GAIL+TD3,291,5847,53,6.749441944720387,0,1
GAIL+TD3,291,5847,54,3.4691743635803043,0,1
GAIL+TD3,291,5847,55,129.87256576699693,0,1
GAIL+TD3,291,5847,57,6.944302734816441,0,1
GAIL+TD3,291,5847,58,3.06780582954825,0,1
GAIL+TD3,291,5847,59,184.5153163469797,0,1
GAIL+TD3,291,5847,61,3.9474346560251434,0,1
GAIL+TD3,291,5847,62,76.5151219512195,0,1
GAIL+TD3,291,5847,63,3.8496900826446274,0,1
GAIL+TD3,291,5847,64,18.11605800689716,0,1
GAIL+TD3,291,5847,65,10.576404965275005,0,1
GAIL+TD3,291,5847,66,1.641680944337682,0,1
GAIL+TD3,291,5847,67,16.147754439890708,0,1
GAIL+TD3,291,5847,68,6.089113528193453,0,1
GAIL+TD3,291,5847,69,2.3496030825854644,0,1
GAIL+TD3,291,5847,70,1.0528253180062768,0,1
GAIL+TD3,291,5847,71,95.87504553734063,0,1
GAIL+TD3,291,5847,72,3.721909588938993,0,1
GAIL+TD3,291,5847,73,5.335498276991122,0,1
GAIL+TD3,291,5847,74,2.7183458351151746,0,1
GAIL+TD3,291,5847,75,2.742054767860103,0,1
GAIL+TD3,291,5847,76,15.32279449260581,0,1
GAIL+TD3,291,5847,77,4.200689119600702,0,1
GAIL+TD3,291,5847,78,5.678580617275058,0,1
GAIL+TD3,291,5847,79,6.300811276962715,0,1
GAIL+TD3,291,5847,80,10.059315449415228,0,1
GAIL+TD3,291,5847,81,4.029016538688719,0,1
GAIL+TD3,291,5847,82,6.22912835601324,0,1
GAIL+TD3,291,5847,83,2.214700297470159,0,1
GAIL+TD3,291,5847,84,2.3517614566941774,0,1
GAIL+TD3,291,5847,85,4.0231092849981325,0,1
GAIL+TD3,291,5847,86,1.2973090954444826,0,1
GAIL+TD3,291,5847,87,129.59755751207044,0,1
GAIL+TD3,291,5847,88,4.146607467445395,0,1
GAIL+TD3,291,5847,89,1.4799689616990854,0,1
GAIL+TD3,291,5847,90,5.061528586493054,0,1
GAIL+TD3,291,5847,91,1.9428696911426067,0,1
GAIL+TD3,291,5847,92,9.431950479626137,0,1
GAIL+TD3,291,5847,93,1.3108394012161584,0,1
GAIL+TD3,291,5847,94,82.49920382165604,0,1
GAIL+TD3,291,5847,95,5.053304409152182,0,1
GAIL+TD3,291,5847,96,5.437564800887863,0,1
GAIL+TD3,291,5847,97,4.152761217902115,0,1
GAIL+TD3,291,5847,98,3.081087798116906,0,1
GAIL+TD3,291,5850,5,8.508008719552649,0,1
GAIL+TD3,291,5850,6,7.052562045862036,0,1
GAIL+TD3,291,5850,7,4.344312967882154,0,1
GAIL+TD3,291,5850,8,4.361688311688312,0,1
GAIL+TD3,291,5850,9,2.7900190134375866,0,1
GAIL+TD3,291,5850,10,6.804476024748647,0,1
GAIL+TD3,291,5850,11,42.79125752296484,0,1
GAIL+TD3,291,5850,12,4.141171502384737,0,1
GAIL+TD3,291,5850,13,10.997522059712315,0,1
GAIL+TD3,291,5850,14,9.156055158603742,0,1
GAIL+TD3,291,5850,15,11.478136053724302,0,1
GAIL+TD3,291,5850,16,6.623506837468245,0,1
GAIL+TD3,291,5850,17,11.157597847782695,0,1
GAIL+TD3,291,5850,18,5.621383792488641,0,1
GAIL+TD3,291,5850,19,11.39439990427187,0,1
GAIL+TD3,291,5850,20,10.989376498091321,0,1
GAIL+TD3,291,5850,21,5.253120116455805,0,1
GAIL+TD3,291,5850,22,9.750173619149034,0,1
GAIL+TD3,291,5850,23,4.6644222877466035,0,1
GAIL+TD3,291,5850,25,129.93532934131733,0,1
GAIL+TD3,291,5850,26,5.924620544596668,0,1
GAIL+TD3,291,5850,27,5.58966565349544,0,1
GAIL+TD3,291,5850,28,3.2178622321580312,0,1
GAIL+TD3,291,5850,29,4.593877610975645,0,1
GAIL+TD3,291,5850,30,3.5043211270904973,0,1
GAIL+TD3,291,5850,31,1.8581197974124963,0,1
GAIL+TD3,291,5850,32,141.7131566713157,0,1
GAIL+TD3,291,5850,34,228.0638629283489,0,1
GAIL+TD3,291,5850,35,3.5836786774291975,0,1
GAIL+TD3,291,5850,36,158.2145580589255,0,1
GAIL+TD3,291,5850,37,14.343865178142194,0,1
GAIL+TD3,291,5850,38,2.856331263508182,0,1
GAIL+TD3,291,5850,39,3.3014140428616927,0,1
GAIL+TD3,291,5850,40,1.162433409218958,0,1
GAIL+TD3,291,5850,41,2.443985216011553,0,1
GAIL+TD3,291,5850,45,158.09068010075566,0,1
GAIL+TD3,291,5850,46,12.417884358014915,0,1
GAIL+TD3,291,5850,47,6.411458002968526,0,1
GAIL+TD3,291,5850,48,1.63191261400162,0,1
GAIL+TD3,291,5850,49,2.413144317855689,0,1
GAIL+TD3,291,5850,51,2.756325965111153,0,1
GAIL+TD3,291,5850,52,209.9068450849202,0,1
GAIL+TD3,291,5850,53,163.87928896238114,0,1
GAIL+TD3,291,5850,54,6.8231255645889775,0,1
GAIL+TD3,291,5850,55,4.236573669558856,0,1
GAIL+TD3,291,5850,56,2.095696598347344,0,1
GAIL+TD3,291,5850,57,2.246023329798515,0,1
GAIL+TD3,291,5850,58,212.45269741985925,0,1
GAIL+TD3,291,5850,59,3.8459428652846057,0,1
GAIL+TD3,291,5850,60,23.383285302593666,0,1
GAIL+TD3,291,5850,62,7.494658398757064,0,1
GAIL+TD3,291,5850,63,5.742592400062379,0,1
GAIL+TD3,291,5850,64,2.834093343955168,0,1
GAIL+TD3,291,5850,65,162.2372110647973,0,1
GAIL+TD3,291,5850,66,1.735338095440566,0,1
GAIL+TD3,291,5850,67,156.45986124876111,0,1
GAIL+TD3,291,5850,68,195.48658481127788,0,1
GAIL+TD3,291,5850,69,2.6823184848753217,0,1
GAIL+TD3,291,5850,70,1.9815656841037215,0,1
GAIL+TD3,291,5850,71,80.25699020480853,0,1
GAIL+TD3,291,5850,72,20.898219684245884,0,1
GAIL+TD3,291,5850,73,5.131165022660624,0,1
GAIL+TD3,291,5850,74,76.00297458085451,0,1
GAIL+TD3,291,5850,75,1.790601249390254,0,1
GAIL+TD3,291,5850,76,1.9744774968351515,0,1
GAIL+TD3,291,5850,77,1.4496321305516844,0,1
GAIL+TD3,291,5850,81,4.508314066128007,0,1
GAIL+TD3,291,5850,82,7.888496053940746,0,1
GAIL+TD3,291,5850,83,10.99862850543184,0,1
GAIL+TD3,291,5850,84,3.7175688539154708,0,1
GAIL+TD3,291,5850,85,87.93087520259319,0,1
GAIL+TD3,291,5850,86,9.800525302048682,0,1
GAIL+TD3,291,5850,87,9.769257221458046,0,1
GAIL+TD3,291,5850,88,3.072659795841458,0,1
GAIL+TD3,291,5850,89,2.844610878471085,0,1
GAIL+TD3,291,5850,90,2.2057043221424872,0,1
GAIL+TD3,291,5850,91,5.678070091465273,0,1
GAIL+TD3,291,5850,92,2.6405600873335966,0,1
GAIL+TD3,291,5850,93,131.13243099787687,0,1
GAIL+TD3,291,5850,94,2.9278248134178644,0,1
GAIL+TD3,291,5850,95,43.88606006275213,0,1
GAIL+TD3,291,5850,96,1.6791110656209618,0,1
GAIL+TD3,291,5850,97,1.3125392222409076,0,1
GAIL+TD3,291,5850,98,3.0259876836580957,0,1
GAIL+TD3,291,5859,5,5.048666080328349,0,1
GAIL+TD3,291,5859,6,13.384449244060475,0,1
GAIL+TD3,291,5859,7,9.055032733224222,0,1
GAIL+TD3,291,5859,8,3.5753579077894266,0,1
GAIL+TD3,291,5859,9,7.184612921303338,0,1
GAIL+TD3,291,5859,10,5.9038136488485105,0,1
GAIL+TD3,291,5859,11,13.64432332134988,0,1
GAIL+TD3,291,5859,12,8.350217899324194,0,1
GAIL+TD3,291,5859,13,4.171006561332274,0,1
GAIL+TD3,291,5859,14,7.723782020428899,0,1
GAIL+TD3,291,5859,15,11.536925188743993,0,1
GAIL+TD3,291,5859,16,6.77512956788697,0,1
GAIL+TD3,291,5859,17,15.154425045153523,0,1
GAIL+TD3,291,5859,18,11.100032032215257,0,1
GAIL+TD3,291,5859,19,6.187776862058307,0,1
GAIL+TD3,291,5859,20,4.008650971056986,0,1
GAIL+TD3,291,5859,21,22.24570073136984,0,1
GAIL+TD3,291,5859,22,48.55215602075505,0,1
GAIL+TD3,291,5859,24,57.985895846249214,0,1
GAIL+TD3,291,5859,25,227.65912518853693,0,1
GAIL+TD3,291,5859,26,197.0461676378306,0,1
GAIL+TD3,291,5859,27,3.299773295880488,0,1
GAIL+TD3,291,5859,28,4.662233138428067,0,1
GAIL+TD3,291,5859,29,133.77530211480365,0,1
GAIL+TD3,291,5859,30,3.120072592217438,0,1
GAIL+TD3,291,5859,31,176.73967774420947,0,1
GAIL+TD3,291,5859,32,2.80921527150624,0,1
GAIL+TD3,291,5859,33,2.627998127533978,0,1
GAIL+TD3,291,5859,34,5.263177228989903,0,1
GAIL+TD3,291,5859,35,163.97392359005457,0,1
GAIL+TD3,291,5859,36,6.043929270735243,0,1
GAIL+TD3,291,5859,38,4.736396142421418,0,1
GAIL+TD3,291,5859,39,5.773126863518322,0,1
GAIL+TD3,291,5859,40,164.60526315789474,0,1
GAIL+TD3,291,5859,41,5.701951507983442,0,1
GAIL+TD3,291,5859,42,3.8826323610438616,0,1
GAIL+TD3,291,5859,43,2.4401881082676957,0,1
GAIL+TD3,291,5859,44,1.2622379712248646,0,1
GAIL+TD3,291,5859,46,168.47802569303585,0,1
GAIL+TD3,291,5859,47,8.281092768930101,0,1
GAIL+TD3,291,5859,48,198.51122907309104,0,1
GAIL+TD3,291,5859,49,19.402303655194835,0,1
GAIL+TD3,291,5859,50,7.017408365290289,0,1
GAIL+TD3,291,5859,51,4.493301991250839,0,1
GAIL+TD3,291,5859,52,1.6246762313536112,0,1
GAIL+TD3,291,5859,53,1.883695778410081,0,1
GAIL+TD3,291,5859,54,111.94762258543834,0,1
GAIL+TD3,291,5859,55,20.295334014499097,0,1
GAIL+TD3,291,5859,56,137.5947859671709,0,1
GAIL+TD3,291,5859,57,1.4143867751092023,0,1
GAIL+TD3,291,5859,58,149.0752727272727,0,1
GAIL+TD3,291,5859,59,8.027916705985971,0,1
GAIL+TD3,291,5859,60,4.202728233584358,0,1
GAIL+TD3,291,5859,61,178.2183297947629,0,1
GAIL+TD3,291,5859,62,1.55618130590221,0,1
GAIL+TD3,291,5859,63,5.456055867851044,0,1
GAIL+TD3,291,5859,64,2.9208476645925865,0,1
GAIL+TD3,291,5859,65,66.94302655323538,0,1
GAIL+TD3,291,5859,66,3.9910340810815574,0,1
GAIL+TD3,291,5859,67,155.75735849056605,0,1
GAIL+TD3,291,5859,68,5.562428658726407,0,1
GAIL+TD3,291,5859,69,1.6805939107321617,0,1
GAIL+TD3,291,5859,70,191.08617886178862,0,1
GAIL+TD3,291,5859,71,5.1003134306192806,0,1
GAIL+TD3,291,5859,72,6.453558680534186,0,1
GAIL+TD3,291,5859,73,42.21452414509309,0,1
GAIL+TD3,291,5859,75,8.15031251587987,0,1
GAIL+TD3,291,5859,76,1.948213585947217,0,1
GAIL+TD3,291,5859,77,2.0230185718022495,0,1
GAIL+TD3,291,5859,78,105.55569700827498,0,1
GAIL+TD3,291,5859,79,1.9245142839240392,0,1
GAIL+TD3,291,5859,80,16.942031713169904,0,1
GAIL+TD3,291,5859,81,79.7523319395304,0,1
GAIL+TD3,291,5859,82,2.287380687193858,0,1
GAIL+TD3,291,5859,83,6.158019801980199,0,1
GAIL+TD3,291,5859,84,3.560727735766327,0,1
GAIL+TD3,291,5859,85,3.6486900582421824,0,1
GAIL+TD3,291,5859,86,177.5928369462771,0,1
GAIL+TD3,291,5859,88,8.982955894222092,0,1
GAIL+TD3,291,5859,89,5.286038598196879,0,1
GAIL+TD3,291,5859,90,5.438462290093384,0,1
GAIL+TD3,291,5859,91,54.03243384857217,0,1
GAIL+TD3,291,5859,92,4.635221288709634,0,1
GAIL+TD3,291,5859,93,3.760454199114074,0,1
GAIL+TD3,291,5859,94,2.8378935799472043,0,1
GAIL+TD3,291,5859,95,0.7325518631851754,1,1
GAIL+TD3,291,5860,5,5.0444120505345,0,1
GAIL+TD3,291,5860,6,12.553813257305773,0,1
GAIL+TD3,291,5860,7,7.773054015198192,0,1
GAIL+TD3,291,5860,8,2.1373436704204627,0,1
GAIL+TD3,291,5860,9,2.3772298889262875,0,1
GAIL+TD3,291,5860,10,6.182974910394264,0,1
GAIL+TD3,291,5860,11,57.545848822800494,0,1
GAIL+TD3,291,5860,12,12.305158912943343,0,1
GAIL+TD3,291,5860,13,20.971620227038184,0,1
GAIL+TD3,291,5860,14,6.40470421966485,0,1
GAIL+TD3,291,5860,15,4.772898287493513,0,1
GAIL+TD3,291,5860,16,6.42914300464636,0,1
GAIL+TD3,291,5860,17,12.996661101836395,0,1
GAIL+TD3,291,5860,18,9.79797748695891,0,1
GAIL+TD3,291,5860,19,5.943593410522263,0,1
GAIL+TD3,291,5860,20,4.707627275076604,0,1
GAIL+TD3,291,5860,21,4.379540887995873,0,1
GAIL+TD3,291,5860,22,3.8448171801529925,0,1
GAIL+TD3,291,5860,24,8.347597087378642,0,1
GAIL+TD3,291,5860,26,9.060688591983556,0,1
GAIL+TD3,291,5860,27,3.2183141750997772,0,1
GAIL+TD3,291,5860,28,5.186023443053879,0,1
GAIL+TD3,291,5860,33,5.413615775904119,0,1
GAIL+TD3,291,5860,34,28.950193313622925,0,1
GAIL+TD3,291,5860,35,204.5231788079471,0,1
GAIL+TD3,291,5860,37,177.93923076923082,0,1
GAIL+TD3,291,5860,38,4.082561593569806,0,1
GAIL+TD3,291,5860,39,2.349874548719521,0,1
GAIL+TD3,291,5860,40,185.37239263803679,0,1
GAIL+TD3,291,5860,41,2.572802494008342,0,1
GAIL+TD3,291,5860,42,2.76812260441192,0,1
GAIL+TD3,291,5860,43,156.1712989222915,0,1
GAIL+TD3,291,5860,45,182.2742413027387,0,1
GAIL+TD3,291,5860,46,4.646327713244356,0,1
GAIL+TD3,291,5860,47,4.468459574730639,0,1
GAIL+TD3,291,5860,48,18.10462031831499,0,1
GAIL+TD3,291,5860,49,3.617338364928211,0,1
GAIL+TD3,291,5860,50,169.243721913825,0,1
GAIL+TD3,291,5860,51,7.546235687241292,0,1
GAIL+TD3,291,5860,52,40.210052295177235,0,1
GAIL+TD3,291,5860,53,2.857822139695351,0,1
GAIL+TD3,291,5860,54,177.66383920339294,0,1
GAIL+TD3,291,5860,55,48.37331778652285,0,1
GAIL+TD3,291,5860,56,1.9886319580569076,0,1
GAIL+TD3,291,5860,57,2.0943801441357857,0,1
GAIL+TD3,291,5860,58,99.49273694807997,0,1
GAIL+TD3,291,5860,60,109.88134709623607,0,1
GAIL+TD3,291,5860,61,6.365337036279947,0,1
GAIL+TD3,291,5860,62,1.675611435679854,0,1
GAIL+TD3,291,5860,63,3.557194526168048,0,1
GAIL+TD3,291,5860,64,1.8998110496362421,0,1
GAIL+TD3,291,5860,65,9.478423799782039,0,1
GAIL+TD3,291,5860,66,141.52866052866054,0,1
GAIL+TD3,291,5860,67,8.207959529886447,0,1
GAIL+TD3,291,5860,68,4.188677795493401,0,1
GAIL+TD3,291,5860,69,4.569028755868545,0,1
GAIL+TD3,291,5860,70,3.41995188705945,0,1
GAIL+TD3,291,5860,71,4.801463925608416,0,1
GAIL+TD3,291,5860,72,2.2796785342915,0,1
GAIL+TD3,291,5860,73,3.3798573661767293,0,1
GAIL+TD3,291,5860,74,2.126406785851985,0,1
GAIL+TD3,291,5860,75,1.2204176826679283,0,1
GAIL+TD3,291,5860,76,90.51162790697674,0,1
GAIL+TD3,291,5860,77,14.531009135027116,0,1
GAIL+TD3,291,5860,78,2.225296782513806,0,1
GAIL+TD3,291,5860,79,1.639755230150974,0,1
GAIL+TD3,291,5860,80,145.70669077757685,0,1
GAIL+TD3,291,5860,81,6.468970871707004,0,1
GAIL+TD3,291,5860,82,1.9451971348751236,0,1
GAIL+TD3,291,5860,83,3.71089928508717,0,1
GAIL+TD3,291,5860,84,2.6128186410488508,0,1
GAIL+TD3,291,5860,85,6.124646948343347,0,1
GAIL+TD3,291,5860,86,3.7907110375778954,0,1
GAIL+TD3,291,5860,87,139.38486272569872,0,1
GAIL+TD3,291,5860,88,5.945872549713395,0,1
GAIL+TD3,291,5860,89,3.3243189383817575,0,1
GAIL+TD3,291,5860,90,6.9059166931813465,0,1
GAIL+TD3,291,5860,91,2.9709894424767747,0,1
GAIL+TD3,291,5860,92,2.6749219271369102,0,1
GAIL+TD3,291,5860,93,2.7726668684616578,0,1
GAIL+TD3,291,5860,94,2.197052204702033,0,1
GAIL+TD3,291,5860,95,1.5407005110563483,0,1
GAIL+TD3,291,5860,96,21.172058885561228,0,1
GAIL+TD3,291,5860,97,3.1110983267764447,0,1
GAIL+TD3,291,5860,98,84.40797872340426,0,1
GAIL+TD3,291,5867,5,2.87914901999409,0,1
GAIL+TD3,291,5867,6,6.526467757459095,0,1
GAIL+TD3,291,5867,7,6.287328208711857,0,1
GAIL+TD3,291,5867,8,7.392361111111112,0,1
GAIL+TD3,291,5867,9,42.04585900068446,0,1
GAIL+TD3,291,5867,10,5.490914767405558,0,1
GAIL+TD3,291,5867,11,5.287662509949588,0,1
GAIL+TD3,291,5867,12,4.073456175298805,0,1
GAIL+TD3,291,5867,13,7.267786277103584,0,1
GAIL+TD3,291,5867,14,16.495696202531647,0,1
GAIL+TD3,291,5867,15,3.3794528454346064,0,1
GAIL+TD3,291,5867,16,9.183964011643292,0,1
GAIL+TD3,291,5867,17,8.175474579969451,0,1
GAIL+TD3,291,5867,18,5.290433705080544,0,1
GAIL+TD3,291,5867,19,11.020497803806734,0,1
GAIL+TD3,291,5867,20,9.892681697946841,0,1
GAIL+TD3,291,5867,21,5.536983586783267,0,1
GAIL+TD3,291,5867,22,5.8977594643317035,0,1
GAIL+TD3,291,5867,23,4.76634668345267,0,1
GAIL+TD3,291,5867,24,184.3371212121212,0,1
GAIL+TD3,291,5867,26,6.880306193458595,0,1
GAIL+TD3,291,5867,29,158.04653802497154,0,1
GAIL+TD3,291,5867,31,3.2609438711535064,0,1
GAIL+TD3,291,5867,32,3.934742872428167,0,1
GAIL+TD3,291,5867,33,3.029063908777513,0,1
GAIL+TD3,291,5867,34,5.091408549738406,0,1
GAIL+TD3,291,5867,35,173.4648493543759,0,1
GAIL+TD3,291,5867,37,3.5376748482449183,0,1
GAIL+TD3,291,5867,38,127.16215213358068,0,1
GAIL+TD3,291,5867,39,4.373928763884786,0,1
GAIL+TD3,291,5867,40,209.3936458736924,0,1
GAIL+TD3,291,5867,41,4.1584905353938115,0,1
GAIL+TD3,291,5867,42,2.8792250811703544,0,1
GAIL+TD3,291,5867,43,187.17720207253888,0,1
GAIL+TD3,291,5867,44,4.64929803891981,0,1
GAIL+TD3,291,5867,45,162.0434891277181,0,1
GAIL+TD3,291,5867,46,3.888273999870981,0,1
GAIL+TD3,291,5867,47,3.9196964348746914,0,1
GAIL+TD3,291,5867,48,7.575550731695238,0,1
GAIL+TD3,291,5867,49,3.3073996677918878,0,1
GAIL+TD3,291,5867,50,12.16588122884581,0,1
GAIL+TD3,291,5867,51,3.022574656694676,0,1
GAIL+TD3,291,5867,52,2.125079387943508,0,1
GAIL+TD3,291,5867,53,2.057881717641926,0,1
GAIL+TD3,291,5867,54,1.3594621840499819,0,1
GAIL+TD3,291,5867,55,154.75564409030542,0,1
GAIL+TD3,291,5867,56,139.09033691225474,0,1
GAIL+TD3,291,5867,57,5.723256357067299,0,1
GAIL+TD3,291,5867,58,3.005460672215662,0,1
GAIL+TD3,291,5867,59,116.4234539969834,0,1
GAIL+TD3,291,5867,60,5.343503812803085,0,1
GAIL+TD3,291,5867,61,3.940893612244134,0,1
GAIL+TD3,291,5867,62,1.6305018872752859,0,1
GAIL+TD3,291,5867,63,38.98047869631642,0,1
GAIL+TD3,291,5867,64,157.73183978275625,0,1
GAIL+TD3,291,5867,65,1.7377274216634762,0,1
GAIL+TD3,291,5867,66,191.4796511627907,0,1
GAIL+TD3,291,5867,67,3.092783438958771,0,1
GAIL+TD3,291,5867,68,3.6981443692971268,0,1
GAIL+TD3,291,5867,69,35.699429840052474,0,1
GAIL+TD3,291,5867,70,4.687504416024871,0,1
GAIL+TD3,291,5867,71,2.357376056605566,0,1
GAIL+TD3,291,5867,72,132.26596980255516,0,1
GAIL+TD3,291,5867,73,1.4996266630464297,0,1
GAIL+TD3,291,5867,74,1.1043354871680562,0,1
GAIL+TD3,291,5867,75,86.54018691588783,0,1
GAIL+TD3,291,5867,77,26.32484119937163,0,1
GAIL+TD3,291,5867,78,34.857645750988155,0,1
GAIL+TD3,291,5867,79,7.706554674811526,0,1
GAIL+TD3,291,5867,80,25.26982316029664,0,1
GAIL+TD3,291,5867,81,10.559575233981281,0,1
GAIL+TD3,291,5867,82,2.9926364797361735,0,1
GAIL+TD3,291,5867,83,1.808081349337202,0,1
GAIL+TD3,291,5867,84,1.0135135135135136,0,1
GAIL+TD3,291,5867,85,1.1951724941296205,0,1
GAIL+TD3,291,5867,86,62.92484442316898,0,1
GAIL+TD3,291,5867,87,127.50225022502252,0,1
GAIL+TD3,291,5867,88,2.0977519778735445,0,1
GAIL+TD3,291,5867,89,3.768592904867961,0,1
GAIL+TD3,291,5867,90,56.17797752808988,0,1
GAIL+TD3,291,5867,91,22.559369346084264,0,1
GAIL+TD3,291,5867,92,6.060733128115633,0,1
GAIL+TD3,291,5867,93,3.3887045796679582,0,1
GAIL+TD3,291,5867,94,6.496323632983069,0,1
GAIL+TD3,291,5867,95,5.88274000215975,0,1
GAIL+TD3,291,5867,96,2.600695652173913,0,1
GAIL+TD3,291,5867,97,1.1101359605817116,0,1
GAIL+TD3,291,5867,98,0.4969375976098322,1,1
GAIL+TD3,291,5873,5,4.284317559640202,0,1
GAIL+TD3,291,5873,6,8.554366520160519,0,1
GAIL+TD3,291,5873,7,8.537155543946715,0,1
GAIL+TD3,291,5873,8,13.780079195857448,0,1
GAIL+TD3,291,5873,9,5.636358427867537,0,1
GAIL+TD3,291,5873,10,15.058619532386176,0,1
GAIL+TD3,291,5873,11,11.95457986373959,0,1
GAIL+TD3,291,5873,12,5.5312246805858525,0,1
GAIL+TD3,291,5873,13,9.440912301947725,0,1
GAIL+TD3,291,5873,14,12.417909362042627,0,1
GAIL+TD3,291,5873,15,10.523934095185643,0,1
GAIL+TD3,291,5873,16,5.489435614352338,0,1
GAIL+TD3,291,5873,17,6.439710439149483,0,1
GAIL+TD3,291,5873,18,5.400499129668854,0,1
GAIL+TD3,291,5873,19,86.33548585485855,0,1
GAIL+TD3,291,5873,20,3.26259719343639,0,1
GAIL+TD3,291,5873,24,3.567875501504513,0,1
GAIL+TD3,291,5873,26,2.64308905380334,0,1
GAIL+TD3,291,5873,28,3.0303450956439657,0,1
GAIL+TD3,291,5873,30,208.37933378653975,0,1
GAIL+TD3,291,5873,31,165.50316455696202,0,1
GAIL+TD3,291,5873,33,3.8254240122719905,0,1
GAIL+TD3,291,5873,34,6.355424039414786,0,1
GAIL+TD3,291,5873,35,9.894997220047427,0,1
GAIL+TD3,291,5873,36,194.6884037425574,0,1
GAIL+TD3,291,5873,37,10.967205196535645,0,1
GAIL+TD3,291,5873,38,3.1500234706845425,0,1
GAIL+TD3,291,5873,39,2.316068061032059,0,1
GAIL+TD3,291,5873,40,1.5335576815329448,0,1
GAIL+TD3,291,5873,41,11.633565873360261,0,1
GAIL+TD3,291,5873,42,17.8536342515765,0,1
GAIL+TD3,291,5873,45,7.596054264561133,0,1
GAIL+TD3,291,5873,46,12.006498466161649,0,1
GAIL+TD3,291,5873,47,7.8114235066517805,0,1
GAIL+TD3,291,5873,48,2.8208990530537372,0,1
GAIL+TD3,291,5873,49,5.256585224562121,0,1
GAIL+TD3,291,5873,50,4.229986813105745,0,1
GAIL+TD3,291,5873,51,4.240928237921234,0,1
GAIL+TD3,291,5873,52,4.838482356249121,0,1
GAIL+TD3,291,5873,54,7.445890180225704,0,1
GAIL+TD3,291,5873,55,3.6909335907646517,0,1
GAIL+TD3,291,5873,56,2.7622424830261885,0,1
GAIL+TD3,291,5873,57,8.293902020400157,0,1
GAIL+TD3,291,5873,58,1.3132994596667436,0,1
GAIL+TD3,291,5873,59,21.10578718108276,0,1
GAIL+TD3,291,5873,60,2.5969637376559076,0,1
GAIL+TD3,291,5873,61,173.8110465116279,0,1
GAIL+TD3,291,5873,62,1.9516000018710735,0,1
GAIL+TD3,291,5873,63,158.09252157238734,0,1
GAIL+TD3,291,5873,64,27.328584066675983,0,1
GAIL+TD3,291,5873,65,3.7328376379130566,0,1
GAIL+TD3,291,5873,66,4.977343773710887,0,1
GAIL+TD3,291,5873,67,31.956697081211875,0,1
GAIL+TD3,291,5873,68,7.251150653802454,0,1
GAIL+TD3,291,5873,69,1.8327534300661334,0,1
GAIL+TD3,291,5873,70,3.209398857719327,0,1
GAIL+TD3,291,5873,71,2.84790178303416,0,1
GAIL+TD3,291,5873,72,1.7914112539553941,0,1
GAIL+TD3,291,5873,73,2.954875496210754,0,1
GAIL+TD3,291,5873,74,97.62857142857143,0,1
GAIL+TD3,291,5873,75,4.095310507964302,0,1
GAIL+TD3,291,5873,76,1.76737480888654,0,1
GAIL+TD3,291,5873,77,187.18916155419225,0,1
GAIL+TD3,291,5873,78,2.1414040754613244,0,1
GAIL+TD3,291,5873,79,131.11348684210526,0,1
GAIL+TD3,291,5873,80,3.573733008367044,0,1
GAIL+TD3,291,5873,81,163.60753105590064,0,1
GAIL+TD3,291,5873,82,5.741075637169963,0,1
GAIL+TD3,291,5873,83,4.183806946323862,0,1
GAIL+TD3,291,5873,84,211.17513907538847,0,1
GAIL+TD3,291,5873,85,6.5383494486224825,0,1
GAIL+TD3,291,5873,86,148.19408396946562,0,1
GAIL+TD3,291,5873,87,1.8933714077404458,0,1
GAIL+TD3,291,5873,88,38.645563197654745,0,1
GAIL+TD3,291,5873,89,1.690537107936975,0,1
GAIL+TD3,291,5873,90,12.328607393666358,0,1
GAIL+TD3,291,5873,91,7.432013154132111,0,1
GAIL+TD3,291,5873,92,8.258977485445397,0,1
GAIL+TD3,291,5873,93,2.160219162323332,0,1
GAIL+TD3,291,5873,94,2.1370926693649452,0,1
GAIL+TD3,291,5873,95,145.00303383897315,0,1
GAIL+TD3,291,5873,96,11.737552186332675,0,1
GAIL+TD3,291,5873,97,4.603916900490321,0,1
GAIL+TD3,291,5873,98,2.2228510988365264,0,1
GAIL+TD3,291,5875,5,4.051070516597918,0,1
GAIL+TD3,291,5875,6,7.660154738878144,0,1
GAIL+TD3,291,5875,7,11.12302839116719,0,1
GAIL+TD3,291,5875,8,14.273517926872557,0,1
GAIL+TD3,291,5875,9,10.276021080368906,0,1
GAIL+TD3,291,5875,10,12.443897940362742,0,1
GAIL+TD3,291,5875,11,11.071751128951327,0,1
GAIL+TD3,291,5875,12,13.20079064404546,0,1
GAIL+TD3,291,5875,13,5.67937033968517,0,1
GAIL+TD3,291,5875,14,13.143337665316107,0,1
GAIL+TD3,291,5875,15,10.131698096619633,0,1
GAIL+TD3,291,5875,16,7.2757880355225915,0,1
GAIL+TD3,291,5875,17,13.966372901383489,0,1
GAIL+TD3,291,5875,18,6.204313878139811,0,1
GAIL+TD3,291,5875,19,9.140173320953267,0,1
GAIL+TD3,291,5875,20,6.472422013069748,0,1
GAIL+TD3,291,5875,21,7.37698966150849,0,1
GAIL+TD3,291,5875,22,6.910899295482803,0,1
GAIL+TD3,291,5875,23,10.350468357322367,0,1
GAIL+TD3,291,5875,24,155.65781532890767,0,1
GAIL+TD3,291,5875,25,6.0715325226314105,0,1
GAIL+TD3,291,5875,26,151.6656426011265,0,1
GAIL+TD3,291,5875,27,5.036206692033251,0,1
GAIL+TD3,291,5875,28,3.3112924973078623,0,1
GAIL+TD3,291,5875,29,213.685,0,1
GAIL+TD3,291,5875,30,3.9418095069800314,0,1
GAIL+TD3,291,5875,31,3.978308583169889,0,1
GAIL+TD3,291,5875,32,2.4828258900578275,0,1
GAIL+TD3,291,5875,33,154.72671081677706,0,1
GAIL+TD3,291,5875,34,6.1749058934243015,0,1
GAIL+TD3,291,5875,35,2.0790367901718616,0,1
GAIL+TD3,291,5875,36,164.8515219005197,0,1
GAIL+TD3,291,5875,38,223.41454760496745,0,1
GAIL+TD3,291,5875,39,2.9774589658455723,0,1
GAIL+TD3,291,5875,40,163.59116022099442,0,1
GAIL+TD3,291,5875,41,186.02928870292885,0,1
GAIL+TD3,291,5875,42,8.354143431231964,0,1
GAIL+TD3,291,5875,43,4.059609821302256,0,1
GAIL+TD3,291,5875,44,5.028040712201611,0,1
GAIL+TD3,291,5875,45,184.6819586403613,0,1
GAIL+TD3,291,5875,46,26.57100132919805,0,1
GAIL+TD3,291,5875,47,2.113335536573791,0,1
GAIL+TD3,291,5875,48,15.399267910598233,0,1
GAIL+TD3,291,5875,49,3.4911285604758566,0,1
GAIL+TD3,291,5875,51,7.4441760976161495,0,1
GAIL+TD3,291,5875,52,105.20130062075083,0,1
GAIL+TD3,291,5875,53,2.7926472250936816,0,1
GAIL+TD3,291,5875,54,117.93542179802958,0,1
GAIL+TD3,291,5875,55,4.44950308662913,0,1
GAIL+TD3,291,5875,57,2.980737082649571,0,1
GAIL+TD3,291,5875,59,2.1128564483665735,0,1
GAIL+TD3,291,5875,61,18.622429680898154,0,1
GAIL+TD3,291,5875,62,183.9694044800583,0,1
GAIL+TD3,291,5875,63,2.387914166826827,0,1
GAIL+TD3,291,5875,64,116.33377710155953,0,1
GAIL+TD3,291,5875,65,3.006555969928373,0,1
GAIL+TD3,291,5875,66,13.133338828442687,0,1
GAIL+TD3,291,5875,67,1.9966500226578747,0,1
GAIL+TD3,291,5875,68,1.8862741381851877,0,1
GAIL+TD3,291,5875,69,1.2776921719297292,0,1
GAIL+TD3,291,5875,70,130.41795007966013,0,1
GAIL+TD3,291,5875,71,164.45823719427779,0,1
GAIL+TD3,291,5875,72,95.53172143004753,0,1
GAIL+TD3,291,5875,73,2.6839393555471096,0,1
GAIL+TD3,291,5875,74,9.547991031709314,0,1
GAIL+TD3,291,5875,75,17.07026556183414,0,1
GAIL+TD3,291,5875,76,7.401606801502533,0,1
GAIL+TD3,291,5875,77,3.126560892176767,0,1
GAIL+TD3,291,5875,78,3.0480794487322074,0,1
GAIL+TD3,291,5875,79,2.3937227578038724,0,1
GAIL+TD3,291,5875,80,6.4988001286460015,0,1
GAIL+TD3,291,5875,82,165.84745120333523,0,1
GAIL+TD3,291,5875,83,2.9610135076076944,0,1
GAIL+TD3,291,5875,84,2.182350988512252,0,1
GAIL+TD3,291,5875,85,113.69022399722172,0,1
GAIL+TD3,291,5875,86,2.98631401087624,0,1
GAIL+TD3,291,5875,87,11.94217568803204,0,1
GAIL+TD3,291,5875,88,24.043501243781098,0,1
GAIL+TD3,291,5875,89,3.1817721247868462,0,1
GAIL+TD3,291,5875,90,3.8535455993183683,0,1
GAIL+TD3,291,5875,91,3.741393111832249,0,1
GAIL+TD3,291,5875,92,1.8128339260491626,0,1
GAIL+TD3,291,5875,93,2.5878566362991653,0,1
GAIL+TD3,291,5875,94,2.753342764962648,0,1
GAIL+TD3,291,5875,95,1.8553639810390565,0,1
GAIL+TD3,291,5875,96,0.42057682245121036,1,1
GAIL+TD3,291,5876,5,4.592827828805941,0,1
GAIL+TD3,291,5876,6,10.173333333333334,0,1
GAIL+TD3,291,5876,7,5.157128638964917,0,1
GAIL+TD3,291,5876,8,5.898072176639317,0,1
GAIL+TD3,291,5876,9,64.8880167451596,0,1
GAIL+TD3,291,5876,10,12.402062858810936,0,1
GAIL+TD3,291,5876,11,5.259717669097478,0,1
GAIL+TD3,291,5876,12,8.150145698072697,0,1
GAIL+TD3,291,5876,13,5.038298691301001,0,1
GAIL+TD3,291,5876,14,13.152232789569819,0,1
GAIL+TD3,291,5876,15,6.797156293629216,0,1
GAIL+TD3,291,5876,16,10.399732403503082,0,1
GAIL+TD3,291,5876,17,4.412958656839947,0,1
GAIL+TD3,291,5876,18,4.043921936743932,0,1
GAIL+TD3,291,5876,21,8.544017358958463,0,1
GAIL+TD3,291,5876,22,31.505790629021263,0,1
GAIL+TD3,291,5876,23,141.3473236009732,0,1
GAIL+TD3,291,5876,25,2.715642702318718,0,1
GAIL+TD3,291,5876,26,3.328057135405695,0,1
GAIL+TD3,291,5876,27,3.7635817579659765,0,1
GAIL+TD3,291,5876,28,205.02299651567947,0,1
GAIL+TD3,291,5876,29,198.46662078458365,0,1
GAIL+TD3,291,5876,30,1.5687736601575064,0,1
GAIL+TD3,291,5876,32,38.16224542187232,0,1
GAIL+TD3,291,5876,33,217.7299070530344,0,1
GAIL+TD3,291,5876,35,4.997470508253132,0,1
GAIL+TD3,291,5876,36,14.610048133746727,0,1
GAIL+TD3,291,5876,37,7.012735727364824,0,1
GAIL+TD3,291,5876,38,168.91655020962267,0,1
GAIL+TD3,291,5876,39,10.167633545764435,0,1
GAIL+TD3,291,5876,40,6.265748340848375,0,1
GAIL+TD3,291,5876,41,2.01672631285058,0,1
GAIL+TD3,291,5876,42,1.4904603383197668,0,1
GAIL+TD3,291,5876,44,12.589403973509935,0,1
GAIL+TD3,291,5876,45,2.99688232776092,0,1
GAIL+TD3,291,5876,47,219.73365617433416,0,1
GAIL+TD3,291,5876,48,22.24914821124361,0,1
GAIL+TD3,291,5876,49,2.5964131857550514,0,1
GAIL+TD3,291,5876,50,158.3528147252452,0,1
GAIL+TD3,291,5876,51,1.9658033031610778,0,1
GAIL+TD3,291,5876,52,62.47690173903766,0,1
GAIL+TD3,291,5876,53,57.57317073170731,0,1
GAIL+TD3,291,5876,54,13.220560502451583,0,1
GAIL+TD3,291,5876,55,1.3269208276759878,0,1
GAIL+TD3,291,5876,58,25.445565802447653,0,1
GAIL+TD3,291,5876,59,24.936825224090033,0,1
GAIL+TD3,291,5876,60,15.002338208931958,0,1
GAIL+TD3,291,5876,61,11.528096230230004,0,1
GAIL+TD3,291,5876,62,5.886093045211371,0,1
GAIL+TD3,291,5876,63,2.4842297137231726,0,1
GAIL+TD3,291,5876,64,13.703747026169708,0,1
GAIL+TD3,291,5876,65,1.6023448374054592,0,1
GAIL+TD3,291,5876,66,2.288935756002596,0,1
GAIL+TD3,291,5876,67,2.368372561109576,0,1
GAIL+TD3,291,5876,68,1.597906269494697,0,1
GAIL+TD3,291,5876,69,142.41047619047617,0,1
GAIL+TD3,291,5876,70,3.578042394222911,0,1
GAIL+TD3,291,5876,71,4.166497804795678,0,1
GAIL+TD3,291,5876,72,116.94814038763751,0,1
GAIL+TD3,291,5876,73,5.847001715025022,0,1
GAIL+TD3,291,5876,74,8.158191719703431,0,1
GAIL+TD3,291,5876,75,3.8355837863466022,0,1
GAIL+TD3,291,5876,76,3.861817451400092,0,1
GAIL+TD3,291,5876,77,5.396909715074933,0,1
GAIL+TD3,291,5876,78,3.7946956637050784,0,1
GAIL+TD3,291,5876,79,2.1079536427444365,0,1
GAIL+TD3,291,5876,80,7.677736056186925,0,1
GAIL+TD3,291,5876,81,5.557789462831219,0,1
GAIL+TD3,291,5876,82,3.0319530499855754,0,1
GAIL+TD3,291,5876,83,2.110809691967058,0,1
GAIL+TD3,291,5876,84,1.0196127964225057,0,1
GAIL+TD3,291,5876,85,22.69043199460007,0,1
GAIL+TD3,291,5876,86,2.6038796361774246,0,1
GAIL+TD3,291,5876,87,1.2876663047942263,0,1
GAIL+TD3,291,5876,88,64.10314739794329,0,1
GAIL+TD3,291,5876,89,2.026092836624976,0,1
GAIL+TD3,291,5876,90,43.49408627087199,0,1
GAIL+TD3,291,5876,91,2.0956973919174735,0,1
GAIL+TD3,291,5876,92,4.301598986780653,0,1
GAIL+TD3,291,5876,93,11.64316000892658,0,1
GAIL+TD3,291,5876,94,3.3481381008725095,0,1
GAIL+TD3,291,5876,95,4.085909454332766,0,1
GAIL+TD3,291,5876,96,3.3388146297870245,0,1
GAIL+TD3,291,5876,97,3.8053040189628993,0,1
GAIL+TD3,291,5876,98,1.3223175802684792,0,1
GAIL+TD3,291,5877,5,4.388280180003912,0,1
GAIL+TD3,291,5877,6,15.834657039711193,0,1
GAIL+TD3,291,5877,7,7.227752003374105,0,1
GAIL+TD3,291,5877,8,11.214188978018544,0,1
GAIL+TD3,291,5877,9,9.437927024276782,0,1
GAIL+TD3,291,5877,10,7.6931666666666665,0,1
GAIL+TD3,291,5877,11,20.265749723689055,0,1
GAIL+TD3,291,5877,12,7.765076507650766,0,1
GAIL+TD3,291,5877,13,7.108275358419493,0,1
GAIL+TD3,291,5877,14,11.669226257132191,0,1
GAIL+TD3,291,5877,15,6.23053044002411,0,1
GAIL+TD3,291,5877,16,15.236004079782411,0,1
GAIL+TD3,291,5877,17,4.993403511543855,0,1
GAIL+TD3,291,5877,18,3.883488599303712,0,1
GAIL+TD3,291,5877,21,5.360846014960021,0,1
GAIL+TD3,291,5877,22,7.122397642155851,0,1
GAIL+TD3,291,5877,24,227.69593147751604,0,1
GAIL+TD3,291,5877,25,2.9503707167189903,0,1
GAIL+TD3,291,5877,27,4.418762656946131,0,1
GAIL+TD3,291,5877,28,5.588667178051622,0,1
GAIL+TD3,291,5877,29,3.567925435165726,0,1
GAIL+TD3,291,5877,30,143.27176510754524,0,1
GAIL+TD3,291,5877,31,5.300619684524243,0,1
GAIL+TD3,291,5877,32,4.214156200360597,0,1
GAIL+TD3,291,5877,33,4.655446905039712,0,1
GAIL+TD3,291,5877,34,158.44291062236778,0,1
GAIL+TD3,291,5877,35,15.674139579349903,0,1
GAIL+TD3,291,5877,36,3.771121484555095,0,1
GAIL+TD3,291,5877,37,2.4583553368116435,0,1
GAIL+TD3,291,5877,38,1.7930021474397448,0,1
GAIL+TD3,291,5877,41,10.738708422485898,0,1
GAIL+TD3,291,5877,43,4.811801106049163,0,1
GAIL+TD3,291,5877,44,4.002724350242467,0,1
GAIL+TD3,291,5877,45,2.258446954775913,0,1
GAIL+TD3,291,5877,46,159.4673807205453,0,1
GAIL+TD3,291,5877,47,1.8270823986840137,0,1
GAIL+TD3,291,5877,48,147.8745163073521,0,1
GAIL+TD3,291,5877,49,92.20535714285715,0,1
GAIL+TD3,291,5877,50,208.16451612903222,0,1
GAIL+TD3,291,5877,51,16.268384215131004,0,1
GAIL+TD3,291,5877,52,4.416316448973068,0,1
GAIL+TD3,291,5877,53,26.801687625176474,0,1
GAIL+TD3,291,5877,54,31.264888787150433,0,1
GAIL+TD3,291,5877,55,8.412316046890094,0,1
GAIL+TD3,291,5877,56,2.3941413292486207,0,1
GAIL+TD3,291,5877,57,2.4652977834682854,0,1
GAIL+TD3,291,5877,58,2.186980124754007,0,1
GAIL+TD3,291,5877,59,3.1211689195184715,0,1
GAIL+TD3,291,5877,60,1.7775522115360218,0,1
GAIL+TD3,291,5877,61,131.90371229698374,0,1
GAIL+TD3,291,5877,62,2.3078048389467076,0,1
GAIL+TD3,291,5877,63,2.0534776337882636,0,1
GAIL+TD3,291,5877,64,54.977364185110666,0,1
GAIL+TD3,291,5877,65,65.00564271951555,0,1
GAIL+TD3,291,5877,66,7.176269030591717,0,1
GAIL+TD3,291,5877,67,3.9997456165971044,0,1
GAIL+TD3,291,5877,68,2.573702351469349,0,1
GAIL+TD3,291,5877,69,2.417025530190463,0,1
GAIL+TD3,291,5877,70,1.7790943532142522,0,1
GAIL+TD3,291,5877,71,1.7072812852186596,0,1
GAIL+TD3,291,5877,72,154.70207253886008,0,1
GAIL+TD3,291,5877,73,49.119750689690406,0,1
GAIL+TD3,291,5877,74,2.8379829070610865,0,1
GAIL+TD3,291,5877,75,8.34159978097036,0,1
GAIL+TD3,291,5877,76,2.541108216609406,0,1
GAIL+TD3,291,5877,77,5.194831984234421,0,1
GAIL+TD3,291,5877,78,1.9510986728346544,0,1
GAIL+TD3,291,5877,79,82.22769496651544,0,1
GAIL+TD3,291,5877,80,1.7143643841745688,0,1
GAIL+TD3,291,5877,81,111.76184937481827,0,1
GAIL+TD3,291,5877,82,2.1412195474473656,0,1
GAIL+TD3,291,5877,83,2.3198297979412197,0,1
GAIL+TD3,291,5877,84,101.88919139667848,0,1
GAIL+TD3,291,5877,85,13.608725490196077,0,1
GAIL+TD3,291,5877,86,5.253897249280936,0,1
GAIL+TD3,291,5877,87,2.0525443761722695,0,1
GAIL+TD3,291,5877,88,2.8983051782542018,0,1
GAIL+TD3,291,5877,89,100.27265521796565,0,1
GAIL+TD3,291,5877,90,2.198421352429001,0,1
GAIL+TD3,291,5877,91,1.8942977280659474,0,1
GAIL+TD3,291,5877,92,1.9715081073546945,0,1
GAIL+TD3,291,5877,93,133.4554385964912,0,1
GAIL+TD3,291,5877,94,128.93471185142639,0,1
GAIL+TD3,291,5877,95,3.155821284465366,0,1
GAIL+TD3,291,5877,96,2.975778793375207,0,1
GAIL+TD3,291,5877,97,3.15438422776024,0,1
GAIL+TD3,291,5877,98,2.0828146657132014,0,1
GAIL+TD3,291,5880,5,5.004588499463048,0,1
GAIL+TD3,291,5880,6,10.812071591774563,0,1
GAIL+TD3,291,5880,7,12.203207216236532,0,1
GAIL+TD3,291,5880,8,3.893251074967284,0,1
GAIL+TD3,291,5880,9,3.996872450367147,0,1
GAIL+TD3,291,5880,10,6.777648247454729,0,1
GAIL+TD3,291,5880,11,6.355157907210996,0,1
GAIL+TD3,291,5880,12,3.2618904274533413,0,1
GAIL+TD3,291,5880,13,13.68360655737705,0,1
GAIL+TD3,291,5880,14,6.757461118116855,0,1
GAIL+TD3,291,5880,15,9.859718105377775,0,1
GAIL+TD3,291,5880,16,10.55606827152944,0,1
GAIL+TD3,291,5880,17,8.840513489991295,0,1
GAIL+TD3,291,5880,18,5.550679205851619,0,1
GAIL+TD3,291,5880,19,4.194345243602317,0,1
GAIL+TD3,291,5880,20,4.926353197492723,0,1
GAIL+TD3,291,5880,21,5.28657261747691,0,1
GAIL+TD3,291,5880,22,11.605167773192177,0,1
GAIL+TD3,291,5880,23,5.509923492349235,0,1
GAIL+TD3,291,5880,25,2.563425236075721,0,1
GAIL+TD3,291,5880,26,7.268278533988025,0,1
GAIL+TD3,291,5880,29,136.32754957507083,0,1
GAIL+TD3,291,5880,30,3.5224640117362997,0,1
GAIL+TD3,291,5880,31,212.94372801875735,0,1
GAIL+TD3,291,5880,32,3.3965201283450766,0,1
GAIL+TD3,291,5880,33,181.19830028328607,0,1
GAIL+TD3,291,5880,34,2.668663442217179,0,1
GAIL+TD3,291,5880,35,204.95843402609958,0,1
GAIL+TD3,291,5880,36,4.447748919270375,0,1
GAIL+TD3,291,5880,37,152.57865168539325,0,1
GAIL+TD3,291,5880,38,5.917575961054221,0,1
GAIL+TD3,291,5880,39,2.9274359087722392,0,1
GAIL+TD3,291,5880,40,4.019231891427761,0,1
GAIL+TD3,291,5880,41,1.5976024150855341,0,1
GAIL+TD3,291,5880,44,5.312762183148875,0,1
GAIL+TD3,291,5880,47,8.221609917705186,0,1
GAIL+TD3,291,5880,48,5.195116565084153,0,1
GAIL+TD3,291,5880,49,3.7681474584562937,0,1
GAIL+TD3,291,5880,50,14.976227064857156,0,1
GAIL+TD3,291,5880,51,9.927300652758221,0,1
GAIL+TD3,291,5880,52,134.16525033275315,0,1
GAIL+TD3,291,5880,53,1.4213622369471297,0,1
GAIL+TD3,291,5880,55,128.36239379386774,0,1
GAIL+TD3,291,5880,56,7.44188155728986,0,1
GAIL+TD3,291,5880,57,1.3030259820009613,0,1
GAIL+TD3,291,5880,58,124.18415178571429,0,1
GAIL+TD3,291,5880,59,1.6521545767406598,0,1
GAIL+TD3,291,5880,60,7.047795209061223,0,1
GAIL+TD3,291,5880,61,2.9136098752297124,0,1
GAIL+TD3,291,5880,62,148.79131534569984,0,1
GAIL+TD3,291,5880,63,4.18154539196025,0,1
GAIL+TD3,291,5880,64,4.7753031358885005,0,1
GAIL+TD3,291,5880,65,153.68395691609976,0,1
GAIL+TD3,291,5880,66,2.024238060955123,0,1
GAIL+TD3,291,5880,67,127.32645590682198,0,1
GAIL+TD3,291,5880,68,2.5575944663579717,0,1
GAIL+TD3,291,5880,69,3.423302633795698,0,1
GAIL+TD3,291,5880,71,177.36554949337489,0,1
GAIL+TD3,291,5880,72,172.8943922095366,0,1
GAIL+TD3,291,5880,73,2.599458087710487,0,1
GAIL+TD3,291,5880,74,3.9745410435774877,0,1
GAIL+TD3,291,5880,75,1.5637375165306215,0,1
GAIL+TD3,291,5880,76,16.906508160386863,0,1
GAIL+TD3,291,5880,77,31.598272322955868,0,1
GAIL+TD3,291,5880,78,157.48360219819176,0,1
GAIL+TD3,291,5880,79,4.245228032976555,0,1
GAIL+TD3,291,5880,80,6.802991171289943,0,1
GAIL+TD3,291,5880,81,3.961590997446755,0,1
GAIL+TD3,291,5880,82,3.1763783251874282,0,1
GAIL+TD3,291,5880,83,3.763724878411273,0,1
GAIL+TD3,291,5880,84,11.677550725684164,0,1
GAIL+TD3,291,5880,85,158.7240886347391,0,1
GAIL+TD3,291,5880,86,3.709092623218066,0,1
GAIL+TD3,291,5880,87,2.368411313487752,0,1
GAIL+TD3,291,5880,88,19.534207565743213,0,1
GAIL+TD3,291,5880,89,5.684256222265097,0,1
GAIL+TD3,291,5880,90,6.616287933266214,0,1
GAIL+TD3,291,5880,91,12.795366056913345,0,1
GAIL+TD3,291,5880,92,1.7077900769850585,0,1
GAIL+TD3,291,5880,93,1.2724267262062143,0,1
GAIL+TD3,291,5880,94,1.542293425151258,0,1
GAIL+TD3,291,5880,95,1.627482695334412,0,1
GAIL+TD3,291,5880,96,91.69498239436619,0,1
GAIL+TD3,291,5880,97,1.0978823844872843,0,1
GAIL+TD3,291,5880,98,79.27898089171975,0,1
GAIL+TD3,291,5881,5,6.852775073028238,0,1
GAIL+TD3,291,5881,6,5.133789910292274,0,1
GAIL+TD3,291,5881,7,16.614541257934217,0,1
GAIL+TD3,291,5881,8,6.463776493256262,0,1
GAIL+TD3,291,5881,9,4.9438470170188875,0,1
GAIL+TD3,291,5881,10,3.4731513823929903,0,1
GAIL+TD3,291,5881,11,16.64308057383238,0,1
GAIL+TD3,291,5881,12,7.05492899867586,0,1
GAIL+TD3,291,5881,13,70.16812144212524,0,1
GAIL+TD3,291,5881,14,6.162205050365667,0,1
GAIL+TD3,291,5881,15,9.969628950984884,0,1
GAIL+TD3,291,5881,16,10.760338893301562,0,1
GAIL+TD3,291,5881,17,7.231660548950857,0,1
GAIL+TD3,291,5881,18,6.856044723969253,0,1
GAIL+TD3,291,5881,19,10.279578760388253,0,1
GAIL+TD3,291,5881,20,197.96219686162624,0,1
GAIL+TD3,291,5881,22,6.534846873439975,0,1
GAIL+TD3,291,5881,23,11.173592871695428,0,1
GAIL+TD3,291,5881,24,134.6820164808531,0,1
GAIL+TD3,291,5881,25,5.254937034917,0,1
GAIL+TD3,291,5881,26,5.846867878383636,0,1
GAIL+TD3,291,5881,27,3.6039133093280795,0,1
GAIL+TD3,291,5881,28,2.763657157041791,0,1
GAIL+TD3,291,5881,30,197.2280178837556,0,1
GAIL+TD3,291,5881,31,3.2804910384357173,0,1
GAIL+TD3,291,5881,32,156.51529411764704,0,1
GAIL+TD3,291,5881,33,6.79637352878357,0,1
GAIL+TD3,291,5881,34,187.7702433187076,0,1
GAIL+TD3,291,5881,35,5.152695330424713,0,1
GAIL+TD3,291,5881,36,2.8918657214642822,0,1
GAIL+TD3,291,5881,38,2.9193389943891663,0,1
GAIL+TD3,291,5881,39,6.581448309592225,0,1
GAIL+TD3,291,5881,40,1.4162850350617366,0,1
GAIL+TD3,291,5881,41,217.01508620689654,0,1
GAIL+TD3,291,5881,42,3.1984508755678074,0,1
GAIL+TD3,291,5881,43,162.39439399921037,0,1
GAIL+TD3,291,5881,45,23.492007720097003,0,1
GAIL+TD3,291,5881,46,18.7277705169228,0,1
GAIL+TD3,291,5881,47,2.911693481506054,0,1
GAIL+TD3,291,5881,48,6.207769670276139,0,1
GAIL+TD3,291,5881,49,3.8484286123809954,0,1
GAIL+TD3,291,5881,50,207.8047210300429,0,1
GAIL+TD3,291,5881,51,2.833767071908408,0,1
GAIL+TD3,291,5881,52,3.011212792333515,0,1
GAIL+TD3,291,5881,53,174.46931788253886,0,1
GAIL+TD3,291,5881,54,174.37761377613776,0,1
GAIL+TD3,291,5881,55,15.739266889309139,0,1
GAIL+TD3,291,5881,56,17.792940065206132,0,1
GAIL+TD3,291,5881,57,2.3421372107462903,0,1
GAIL+TD3,291,5881,58,22.482202457893617,0,1
GAIL+TD3,291,5881,59,184.60291164658634,0,1
GAIL+TD3,291,5881,60,1.9279497550991396,0,1
GAIL+TD3,291,5881,61,61.83646449704142,0,1
GAIL+TD3,291,5881,62,30.276673972990167,0,1
GAIL+TD3,291,5881,63,1.296288831033099,0,1
GAIL+TD3,291,5881,64,23.090173327603495,0,1
GAIL+TD3,291,5881,65,15.338358640636297,0,1
GAIL+TD3,291,5881,66,1.3335794562180023,0,1
GAIL+TD3,291,5881,67,15.69057459493069,0,1
GAIL+TD3,291,5881,69,10.391087718441264,0,1
GAIL+TD3,291,5881,70,14.886092782330069,0,1
GAIL+TD3,291,5881,71,5.301197358578428,0,1
GAIL+TD3,291,5881,72,6.063122344612907,0,1
GAIL+TD3,291,5881,73,3.2361791576238805,0,1
GAIL+TD3,291,5881,74,4.31723714615829,0,1
GAIL+TD3,291,5881,75,1.7799514750297594,0,1
GAIL+TD3,291,5881,76,21.51843095628679,0,1
GAIL+TD3,291,5881,77,2.1063236654056325,0,1
GAIL+TD3,291,5881,78,19.4087495733303,0,1
GAIL+TD3,291,5881,79,151.2584187408492,0,1
GAIL+TD3,291,5881,80,4.299895282334935,0,1
GAIL+TD3,291,5881,81,210.60995740149102,0,1
GAIL+TD3,291,5881,82,3.7261174384726403,0,1
GAIL+TD3,291,5881,83,2.382099502333297,0,1
GAIL+TD3,291,5881,84,141.44087102177554,0,1
GAIL+TD3,291,5881,85,2.1122932750006385,0,1
GAIL+TD3,291,5881,86,4.954349728285898,0,1
GAIL+TD3,291,5881,87,20.615220540888604,0,1
GAIL+TD3,291,5881,88,3.413307471082738,0,1
GAIL+TD3,291,5881,89,164.77714448560843,0,1
GAIL+TD3,291,5881,90,4.216247656904948,0,1
GAIL+TD3,291,5881,91,5.06728935659298,0,1
GAIL+TD3,291,5881,92,4.5894441286410705,0,1
GAIL+TD3,291,5881,93,2.5751444406251327,0,1
GAIL+TD3,291,5881,94,55.923195708712626,0,1
GAIL+TD3,291,5881,95,3.025827812271161,0,1
GAIL+TD3,291,5881,96,103.6522718738265,0,1
GAIL+TD3,291,5881,97,1.742862456348195,0,1
GAIL+TD3,291,5881,98,91.99140111279718,0,1
GAIL+TD3,291,5886,5,4.2116673236105635,0,1
GAIL+TD3,291,5886,6,9.008433965880776,0,1
GAIL+TD3,291,5886,7,16.817166956090297,0,1
GAIL+TD3,291,5886,8,9.146503988737681,0,1
GAIL+TD3,291,5886,9,128.39573229873906,0,1
GAIL+TD3,291,5886,10,6.574117417593135,0,1
GAIL+TD3,291,5886,11,8.431057968820948,0,1
GAIL+TD3,291,5886,12,6.609527121001391,0,1
GAIL+TD3,291,5886,13,8.26048069178924,0,1
GAIL+TD3,291,5886,14,9.818522792844776,0,1
GAIL+TD3,291,5886,15,10.90182177151575,0,1
GAIL+TD3,291,5886,16,7.385214970615527,0,1
GAIL+TD3,291,5886,17,6.3895880751550855,0,1
GAIL+TD3,291,5886,18,4.837242841256603,0,1
GAIL+TD3,291,5886,20,2.585417341698823,0,1
GAIL+TD3,291,5886,21,12.041382905927206,0,1
GAIL+TD3,291,5886,22,7.394508072305781,0,1
GAIL+TD3,291,5886,23,9.75491422233759,0,1
GAIL+TD3,291,5886,26,176.28878281622917,0,1
GAIL+TD3,291,5886,27,3.5597714770025197,0,1
GAIL+TD3,291,5886,28,190.6601356443105,0,1
GAIL+TD3,291,5886,29,2.3159131695771267,0,1
GAIL+TD3,291,5886,34,2.801253314435411,0,1
GAIL+TD3,291,5886,36,3.2371403956281566,0,1
GAIL+TD3,291,5886,38,194.11286465805836,0,1
GAIL+TD3,291,5886,39,4.755703892300488,0,1
GAIL+TD3,291,5886,40,6.540113912329436,0,1
GAIL+TD3,291,5886,41,146.06584847769648,0,1
GAIL+TD3,291,5886,42,4.393804789944347,0,1
GAIL+TD3,291,5886,43,213.0461997019374,0,1
GAIL+TD3,291,5886,44,2.065909102084368,0,1
GAIL+TD3,291,5886,45,2.741436661065871,0,1
GAIL+TD3,291,5886,46,167.71984706291272,0,1
GAIL+TD3,291,5886,48,4.733481826465526,0,1
GAIL+TD3,291,5886,49,4.5769712748079,0,1
GAIL+TD3,291,5886,50,4.299675055631593,0,1
GAIL+TD3,291,5886,51,15.019422229476088,0,1
GAIL+TD3,291,5886,52,7.022612578288448,0,1
GAIL+TD3,291,5886,53,215.251039398139,0,1
GAIL+TD3,291,5886,54,4.4155633747232255,0,1
GAIL+TD3,291,5886,55,3.761852159377297,0,1
GAIL+TD3,291,5886,56,1.7102613979105654,0,1
GAIL+TD3,291,5886,57,137.3532972972973,0,1
GAIL+TD3,291,5886,58,12.42255951336492,0,1
GAIL+TD3,291,5886,59,147.85464190981435,0,1
GAIL+TD3,291,5886,60,6.39773262816149,0,1
GAIL+TD3,291,5886,61,63.88733618614604,0,1
GAIL+TD3,291,5886,62,2.8495173059047243,0,1
GAIL+TD3,291,5886,63,2.6020528563000593,0,1
GAIL+TD3,291,5886,64,4.440018195562156,0,1
GAIL+TD3,291,5886,65,2.69837637697491,0,1
GAIL+TD3,291,5886,66,1.858998915517268,0,1
GAIL+TD3,291,5886,67,7.996113134671328,0,1
GAIL+TD3,291,5886,68,124.26166257453525,0,1
GAIL+TD3,291,5886,69,3.076193218341547,0,1
GAIL+TD3,291,5886,70,84.71249038214927,0,1
GAIL+TD3,291,5886,71,2.5746278108484644,0,1
GAIL+TD3,291,5886,72,87.02293647200844,0,1
GAIL+TD3,291,5886,73,4.583130339938194,0,1
GAIL+TD3,291,5886,74,3.3296856629759306,0,1
GAIL+TD3,291,5886,75,175.84957131722527,0,1
GAIL+TD3,291,5886,76,2.4802267531709123,0,1
GAIL+TD3,291,5886,77,3.820555369977263,0,1
GAIL+TD3,291,5886,78,25.444088726274867,0,1
GAIL+TD3,291,5886,79,3.8503719423903795,0,1
GAIL+TD3,291,5886,80,7.1034893175738585,0,1
GAIL+TD3,291,5886,81,2.6873959665691305,0,1
GAIL+TD3,291,5886,82,26.672947642180677,0,1
GAIL+TD3,291,5886,83,6.826212728081887,0,1
GAIL+TD3,291,5886,84,3.160581021788317,0,1
GAIL+TD3,291,5886,85,1.7944205939832762,0,1
GAIL+TD3,291,5886,86,2.0345687482174104,0,1
GAIL+TD3,291,5886,88,37.90010130133249,0,1
GAIL+TD3,291,5886,89,1.9830347970316637,0,1
GAIL+TD3,291,5886,90,110.85719905586153,0,1
GAIL+TD3,291,5886,91,2.360670577526044,0,1
GAIL+TD3,291,5886,92,4.224769155251776,0,1
GAIL+TD3,291,5886,93,110.178141796775,0,1
GAIL+TD3,291,5886,94,118.33133612941879,0,1
GAIL+TD3,291,5886,95,3.4822219814435695,0,1
GAIL+TD3,291,5886,96,1.908939141654098,0,1
GAIL+TD3,291,5886,97,1.404481385640881,0,1
GAIL+TD3,291,5886,98,72.64562334217507,0,1
GAIL+TD3,291,5890,5,4.639457772576554,0,1
GAIL+TD3,291,5890,6,5.001310125397717,0,1
GAIL+TD3,291,5890,7,3.5737428719543805,0,1
GAIL+TD3,291,5890,8,2.3946047678795486,0,1
GAIL+TD3,291,5890,9,2.0288319369147367,0,1
GAIL+TD3,291,5890,10,1.2901311562157465,0,1
GAIL+TD3,291,5890,11,42.567257559958286,0,1
GAIL+TD3,291,5890,12,10.148016768784265,0,1
GAIL+TD3,291,5890,13,13.015072322839432,0,1
GAIL+TD3,291,5890,14,5.505072181037847,0,1
GAIL+TD3,291,5890,15,11.581461115475255,0,1
GAIL+TD3,291,5890,16,92.09166092350104,0,1
GAIL+TD3,291,5890,17,14.809104820198929,0,1
GAIL+TD3,291,5890,18,5.885503166783956,0,1
GAIL+TD3,291,5890,19,7.048633059418458,0,1
GAIL+TD3,291,5890,20,23.667840375586852,0,1
GAIL+TD3,291,5890,21,10.959015259785163,0,1
GAIL+TD3,291,5890,22,8.067582970164265,0,1
GAIL+TD3,291,5890,23,7.52372506753254,0,1
GAIL+TD3,291,5890,24,11.659943714821763,0,1
GAIL+TD3,291,5890,25,6.466308944386818,0,1
GAIL+TD3,291,5890,28,2.817547905836989,0,1
GAIL+TD3,291,5890,30,3.345060848591163,0,1
GAIL+TD3,291,5890,31,4.556636525108994,0,1
GAIL+TD3,291,5890,32,3.8579717484888856,0,1
GAIL+TD3,291,5890,33,4.284917544969397,0,1
GAIL+TD3,291,5890,34,5.481218183041421,0,1
GAIL+TD3,291,5890,35,165.4519062609304,0,1
GAIL+TD3,291,5890,36,159.3265386123089,0,1
GAIL+TD3,291,5890,37,2.3533149516061314,0,1
GAIL+TD3,291,5890,38,3.0267189663128753,0,1
GAIL+TD3,291,5890,39,2.1207784401955845,0,1
GAIL+TD3,291,5890,40,198.99574769666904,0,1
GAIL+TD3,291,5890,42,147.98118565850194,0,1
GAIL+TD3,291,5890,43,4.35122228001324,0,1
GAIL+TD3,291,5890,44,3.3231702634206286,0,1
GAIL+TD3,291,5890,45,227.59940059940055,0,1
GAIL+TD3,291,5890,46,1.4353207251486984,0,1
GAIL+TD3,291,5890,48,222.90936018957348,0,1
GAIL+TD3,291,5890,49,6.484789842381788,0,1
GAIL+TD3,291,5890,50,11.118642518773516,0,1
GAIL+TD3,291,5890,51,154.41805526260282,0,1
GAIL+TD3,291,5890,52,7.736049384665178,0,1
GAIL+TD3,291,5890,53,8.418902609753506,0,1
GAIL+TD3,291,5890,54,2.0153387758008288,0,1
GAIL+TD3,291,5890,55,2.190148200050237,0,1
GAIL+TD3,291,5890,56,8.425890556313474,0,1
GAIL+TD3,291,5890,57,2.2802424586301497,0,1
GAIL+TD3,291,5890,58,6.46335840149311,0,1
GAIL+TD3,291,5890,59,102.90383786114705,0,1
GAIL+TD3,291,5890,60,3.7104187820401693,0,1
GAIL+TD3,291,5890,61,2.5995891280383927,0,1
GAIL+TD3,291,5890,62,2.000972770699319,0,1
GAIL+TD3,291,5890,63,3.4223311120522815,0,1
GAIL+TD3,291,5890,64,9.805332548965328,0,1
GAIL+TD3,291,5890,65,2.8862259588684114,0,1
GAIL+TD3,291,5890,66,111.39329341317365,0,1
GAIL+TD3,291,5890,67,5.018810525084142,0,1
GAIL+TD3,291,5890,68,2.9543777093774675,0,1
GAIL+TD3,291,5890,69,2.0662830799549545,0,1
GAIL+TD3,291,5890,70,1.728281946868334,0,1
GAIL+TD3,291,5890,71,1.9663873319910758,0,1
GAIL+TD3,291,5890,73,183.54545454545453,0,1
GAIL+TD3,291,5890,75,4.687483616482131,0,1
GAIL+TD3,291,5890,76,154.65117822768002,0,1
GAIL+TD3,291,5890,77,5.4242369146005505,0,1
GAIL+TD3,291,5890,78,13.989908173470315,0,1
GAIL+TD3,291,5890,79,4.314346027768719,0,1
GAIL+TD3,291,5890,80,1.6671092737496525,0,1
GAIL+TD3,291,5890,81,3.2021727944388885,0,1
GAIL+TD3,291,5890,82,32.79082002902758,0,1
GAIL+TD3,291,5890,83,138.4080971659919,0,1
GAIL+TD3,291,5890,84,3.114244710691687,0,1
GAIL+TD3,291,5890,85,11.891511402876334,0,1
GAIL+TD3,291,5890,86,176.0960112246943,0,1
GAIL+TD3,291,5890,87,10.124237930466304,0,1
GAIL+TD3,291,5890,88,5.7579777881498435,0,1
GAIL+TD3,291,5890,89,2.2966670861595597,0,1
GAIL+TD3,291,5890,90,3.5640647901648164,0,1
GAIL+TD3,291,5890,91,1.6545640438695361,0,1
GAIL+TD3,291,5890,92,1.7273533627193811,0,1
GAIL+TD3,291,5890,93,2.938983564997887,0,1
GAIL+TD3,291,5890,94,1.2013495117335211,0,1
GAIL+TD3,291,5890,95,64.91217026378898,0,1
GAIL+TD3,291,5890,96,1.0873585813417397,0,1
GAIL+TD3,291,5890,97,1.7688203418090873,0,1
GAIL+TD3,291,5890,98,6.174816934601464,0,1
GAIL+TD3,291,5896,5,5.212962055103443,0,1
GAIL+TD3,291,5896,6,12.30256806333269,0,1
GAIL+TD3,291,5896,7,15.076654240447342,0,1
GAIL+TD3,291,5896,8,3.8432282003710574,0,1
GAIL+TD3,291,5896,9,5.707516650808755,0,1
GAIL+TD3,291,5896,10,6.57983623336745,0,1
GAIL+TD3,291,5896,11,1.9198457124041584,0,1
GAIL+TD3,291,5896,12,1.3529059949338589,0,1
GAIL+TD3,291,5896,13,6.961022087483759,0,1
GAIL+TD3,291,5896,14,3.6980995329360606,0,1
GAIL+TD3,291,5896,15,8.169439227260533,0,1
GAIL+TD3,291,5896,16,9.127051349920592,0,1
GAIL+TD3,291,5896,17,4.483600305110603,0,1
GAIL+TD3,291,5896,18,63.461997019374074,0,1
GAIL+TD3,291,5896,19,17.319951173199506,0,1
GAIL+TD3,291,5896,20,8.41409717019192,0,1
GAIL+TD3,291,5896,21,6.502844891564278,0,1
GAIL+TD3,291,5896,22,4.629756871035941,0,1
GAIL+TD3,291,5896,23,20.646866758759263,0,1
GAIL+TD3,291,5896,24,4.956570882058862,0,1
GAIL+TD3,291,5896,25,4.674321637051767,0,1
GAIL+TD3,291,5896,26,4.415001970668159,0,1
GAIL+TD3,291,5896,27,3.72586389182572,0,1
GAIL+TD3,291,5896,29,2.6647969013406114,0,1
GAIL+TD3,291,5896,31,195.89189189189187,0,1
GAIL+TD3,291,5896,32,5.482451638024107,0,1
GAIL+TD3,291,5896,34,2.7561422657907206,0,1
GAIL+TD3,291,5896,36,3.3755996276938496,0,1
GAIL+TD3,291,5896,37,155.9629418472064,0,1
GAIL+TD3,291,5896,38,206.13425647200484,0,1
GAIL+TD3,291,5896,39,12.77723937422124,0,1
GAIL+TD3,291,5896,40,3.0740963394506444,0,1
GAIL+TD3,291,5896,41,2.6912660129685277,0,1
GAIL+TD3,291,5896,46,3.891801611654044,0,1
GAIL+TD3,291,5896,48,2.2424434407635245,0,1
GAIL+TD3,291,5896,49,227.63626062322948,0,1
GAIL+TD3,291,5896,50,170.769198837692,0,1
GAIL+TD3,291,5896,51,23.019851502065922,0,1
GAIL+TD3,291,5896,52,3.5743277358828602,0,1
GAIL+TD3,291,5896,53,10.348774521260847,0,1
GAIL+TD3,291,5896,54,3.8097725386298666,0,1
GAIL+TD3,291,5896,55,7.399207364249284,0,1
GAIL+TD3,291,5896,56,1.8264271878615044,0,1
GAIL+TD3,291,5896,57,1.6475908022495602,0,1
GAIL+TD3,291,5896,58,193.74039215686273,0,1
GAIL+TD3,291,5896,60,184.39071487263766,0,1
GAIL+TD3,291,5896,61,4.282262012224423,0,1
GAIL+TD3,291,5896,62,196.284023668639,0,1
GAIL+TD3,291,5896,63,14.845987376014422,0,1
GAIL+TD3,291,5896,64,8.798322589195278,0,1
GAIL+TD3,291,5896,65,6.785869738308827,0,1
GAIL+TD3,291,5896,66,2.686805419335638,0,1
GAIL+TD3,291,5896,67,16.76524911640634,0,1
GAIL+TD3,291,5896,68,8.511482454046313,0,1
GAIL+TD3,291,5896,69,5.770110724103785,0,1
GAIL+TD3,291,5896,70,4.559483231075644,0,1
GAIL+TD3,291,5896,71,1.5659701920889808,0,1
GAIL+TD3,291,5896,72,157.24833267948213,0,1
GAIL+TD3,291,5896,73,108.00928343487091,0,1
GAIL+TD3,291,5896,75,158.2708011476495,0,1
GAIL+TD3,291,5896,76,2.67082862301112,0,1
GAIL+TD3,291,5896,77,13.615740217145442,0,1
GAIL+TD3,291,5896,78,168.4098696461825,0,1
GAIL+TD3,291,5896,79,2.4438444287063263,0,1
GAIL+TD3,291,5896,80,21.987661288253857,0,1
GAIL+TD3,291,5896,81,1.7378741510451214,0,1
GAIL+TD3,291,5896,82,5.832089552238805,0,1
GAIL+TD3,291,5896,83,24.51615193468228,0,1
GAIL+TD3,291,5896,84,127.04912814835318,0,1
GAIL+TD3,291,5896,85,4.005355762573404,0,1
GAIL+TD3,291,5896,86,45.75143808658795,0,1
GAIL+TD3,291,5896,87,4.510915496595687,0,1
GAIL+TD3,291,5896,88,4.3252903039013955,0,1
GAIL+TD3,291,5896,89,1.316497497287338,0,1
GAIL+TD3,291,5896,90,1.0104810278961787,0,1
GAIL+TD3,291,5896,91,87.03794703794702,0,1
GAIL+TD3,291,5896,92,4.723129958443521,0,1
GAIL+TD3,291,5896,93,1.0273912851918754,0,1
GAIL+TD3,291,5896,94,115.15189125295508,0,1
GAIL+TD3,291,5896,95,2.7279837245848912,0,1
GAIL+TD3,291,5896,96,57.363676929941995,0,1
GAIL+TD3,291,5896,97,3.3253196614985474,0,1
GAIL+TD3,291,5896,98,1.7628960226974202,0,1
GAIL+TD3,291,5900,5,4.742096018735363,0,1
GAIL+TD3,291,5900,6,8.4351519728148,0,1
GAIL+TD3,291,5900,7,3.3877015373078363,0,1
GAIL+TD3,291,5900,8,7.218770800976259,0,1
GAIL+TD3,291,5900,9,8.06706857573474,0,1
GAIL+TD3,291,5900,10,6.121419223498618,0,1
GAIL+TD3,291,5900,11,14.812728053230309,0,1
GAIL+TD3,291,5900,12,8.523836137036831,0,1
GAIL+TD3,291,5900,13,13.102462898642248,0,1
GAIL+TD3,291,5900,14,8.94625119749912,0,1
GAIL+TD3,291,5900,15,19.971090047393368,0,1
GAIL+TD3,291,5900,16,8.717335201297743,0,1
GAIL+TD3,291,5900,17,7.176144076744396,0,1
GAIL+TD3,291,5900,18,8.18045221203207,0,1
GAIL+TD3,291,5900,19,3.9272224655134664,0,1
GAIL+TD3,291,5900,21,3.7680925515960855,0,1
GAIL+TD3,291,5900,22,5.871592337567309,0,1
GAIL+TD3,291,5900,25,3.508824623890278,0,1
GAIL+TD3,291,5900,29,67.60900176012069,0,1
GAIL+TD3,291,5900,31,18.279264488589725,0,1
GAIL+TD3,291,5900,32,2.3518914318753206,0,1
GAIL+TD3,291,5900,33,5.280556856400868,0,1
GAIL+TD3,291,5900,35,225.7309562398704,0,1
GAIL+TD3,291,5900,37,8.537514328700386,0,1
GAIL+TD3,291,5900,38,7.1247912755540055,0,1
GAIL+TD3,291,5900,39,9.766980160092993,0,1
GAIL+TD3,291,5900,40,223.46086320409657,0,1
GAIL+TD3,291,5900,41,8.385368023126528,0,1
GAIL+TD3,291,5900,42,1.9466524393270142,0,1
GAIL+TD3,291,5900,46,3.1713410691060746,0,1
GAIL+TD3,291,5900,47,218.557461406518,0,1
GAIL+TD3,291,5900,48,4.7760188280028215,0,1
GAIL+TD3,291,5900,49,1.5435618775875568,0,1
GAIL+TD3,291,5900,50,25.684829059829063,0,1
GAIL+TD3,291,5900,51,33.330022172949,0,1
GAIL+TD3,291,5900,52,181.3450834879406,0,1
GAIL+TD3,291,5900,54,5.627168617432119,0,1
GAIL+TD3,291,5900,55,8.1802903429413,0,1
GAIL+TD3,291,5900,56,13.034436243318911,0,1
GAIL+TD3,291,5900,57,71.34361525704809,0,1
GAIL+TD3,291,5900,58,3.293253672953033,0,1
GAIL+TD3,291,5900,59,2.528603102796095,0,1
GAIL+TD3,291,5900,60,2.128991306497963,0,1
GAIL+TD3,291,5900,61,1.4935310714170704,0,1
GAIL+TD3,291,5900,62,219.59654395191583,0,1
GAIL+TD3,291,5900,63,195.73899939722725,0,1
GAIL+TD3,291,5900,64,15.86482810729127,0,1
GAIL+TD3,291,5900,65,2.034405122071343,0,1
GAIL+TD3,291,5900,66,144.86006168080186,0,1
GAIL+TD3,291,5900,67,9.076927068917797,0,1
GAIL+TD3,291,5900,68,6.183252129053389,0,1
GAIL+TD3,291,5900,69,1.6061098850040656,0,1
GAIL+TD3,291,5900,70,106.96533461723641,0,1
GAIL+TD3,291,5900,72,7.32024225969822,0,1
GAIL+TD3,291,5900,73,3.659510774064336,0,1
GAIL+TD3,291,5900,74,135.25333682282124,0,1
GAIL+TD3,291,5900,75,134.9081541218638,0,1
GAIL+TD3,291,5900,76,5.224482349721791,0,1
GAIL+TD3,291,5900,77,2.6411071555246117,0,1
GAIL+TD3,291,5900,78,2.8021545490071267,0,1
GAIL+TD3,291,5900,80,194.69180808715691,0,1
GAIL+TD3,291,5900,81,97.6710100817957,0,1
GAIL+TD3,291,5900,82,2.3012031337437047,0,1
GAIL+TD3,291,5900,83,7.868958859815724,0,1
GAIL+TD3,291,5900,84,2.097461414836863,0,1
GAIL+TD3,291,5900,85,18.67776236708275,0,1
GAIL+TD3,291,5900,86,57.7052930694023,0,1
GAIL+TD3,291,5900,87,128.2783930254477,0,1
GAIL+TD3,291,5900,88,2.1018446860450353,0,1
GAIL+TD3,291,5900,89,55.19949840401277,0,1
GAIL+TD3,291,5900,90,3.179121361441804,0,1
GAIL+TD3,291,5900,91,1.4551608973965091,0,1
GAIL+TD3,291,5900,92,8.593335062560985,0,1
GAIL+TD3,291,5900,93,61.47912065850231,0,1
GAIL+TD3,291,5900,94,1.8076250631969764,0,1
GAIL+TD3,291,5900,95,137.77748388163334,0,1
GAIL+TD3,291,5900,96,2.344056371292792,0,1
GAIL+TD3,291,5900,97,9.472432032389367,0,1
GAIL+TD3,291,5900,98,1.3616397953551216,0,1
GAIL+TD3,291,5910,5,4.192481350608559,0,1
GAIL+TD3,291,5910,6,14.334768568353066,0,1
GAIL+TD3,291,5910,7,4.4886721527989435,0,1
GAIL+TD3,291,5910,8,7.61921965317919,0,1
GAIL+TD3,291,5910,9,7.141417258047928,0,1
GAIL+TD3,291,5910,10,1.9601200686106346,0,1
GAIL+TD3,291,5910,11,2.056159844706985,0,1
GAIL+TD3,291,5910,12,66.21482412060303,0,1
GAIL+TD3,291,5910,13,3.1749283667621784,0,1
GAIL+TD3,291,5910,14,2.2482728560531764,0,1
GAIL+TD3,291,5910,15,7.81646206480177,0,1
GAIL+TD3,291,5910,16,5.267075701524858,0,1
GAIL+TD3,291,5910,17,8.65027879776962,0,1
GAIL+TD3,291,5910,18,7.853072021161476,0,1
GAIL+TD3,291,5910,19,6.446603158686388,0,1
GAIL+TD3,291,5910,20,6.907432981316004,0,1
GAIL+TD3,291,5910,21,6.35468470260593,0,1
GAIL+TD3,291,5910,22,3.9684511722355538,0,1
GAIL+TD3,291,5910,23,4.242341131128439,0,1
GAIL+TD3,291,5910,24,5.207461287875407,0,1
GAIL+TD3,291,5910,25,6.165186306116631,0,1
GAIL+TD3,291,5910,26,187.5562130177515,0,1
GAIL+TD3,291,5910,27,6.612950501589397,0,1
GAIL+TD3,291,5910,28,5.0958543733888915,0,1
GAIL+TD3,291,5910,29,9.622222222222222,0,1
GAIL+TD3,291,5910,30,98.33778625954196,0,1
GAIL+TD3,291,5910,31,198.65101449275363,0,1
GAIL+TD3,291,5910,32,4.561423326743857,0,1
GAIL+TD3,291,5910,33,3.028747690738712,0,1
GAIL+TD3,291,5910,34,2.1948241157864468,0,1
GAIL+TD3,291,5910,38,2.849361463456727,0,1
GAIL+TD3,291,5910,40,6.823912519096247,0,1
GAIL+TD3,291,5910,41,227.58139534883722,0,1
GAIL+TD3,291,5910,42,146.11767485822307,0,1
GAIL+TD3,291,5910,43,182.8254580520733,0,1
GAIL+TD3,291,5910,44,22.32763648145148,0,1
GAIL+TD3,291,5910,45,1.8217239200456177,0,1
GAIL+TD3,291,5910,47,217.3321625689915,0,1
GAIL+TD3,291,5910,49,126.5893152954169,0,1
GAIL+TD3,291,5910,50,4.62213256408403,0,1
GAIL+TD3,291,5910,51,5.53803053759047,0,1
GAIL+TD3,291,5910,52,6.831118323494025,0,1
GAIL+TD3,291,5910,53,2.2711941977950225,0,1
GAIL+TD3,291,5910,54,2.755203791663674,0,1
GAIL+TD3,291,5910,55,131.32701548318207,0,1
GAIL+TD3,291,5910,56,5.192006050081228,0,1
GAIL+TD3,291,5910,57,1.7797926279408407,0,1
GAIL+TD3,291,5910,58,1.42548323532486,0,1
GAIL+TD3,291,5910,59,132.36916437818752,0,1
GAIL+TD3,291,5910,60,4.292538594176267,0,1
GAIL+TD3,291,5910,61,28.04469042263525,0,1
GAIL+TD3,291,5910,62,2.818770316321954,0,1
GAIL+TD3,291,5910,63,5.015792447090521,0,1
GAIL+TD3,291,5910,64,26.99846161242248,0,1
GAIL+TD3,291,5910,65,2.0295406623392727,0,1
GAIL+TD3,291,5910,66,15.700029855202269,0,1
GAIL+TD3,291,5910,67,1.3797132163953645,0,1
GAIL+TD3,291,5910,68,169.61987041036718,0,1
GAIL+TD3,291,5910,69,1.5752421611537633,0,1
GAIL+TD3,291,5910,70,192.90581542351455,0,1
GAIL+TD3,291,5910,71,3.5603625490562516,0,1
GAIL+TD3,291,5910,72,141.89095127610207,0,1
GAIL+TD3,291,5910,73,2.8057043597334834,0,1
GAIL+TD3,291,5910,74,183.1486842105263,0,1
GAIL+TD3,291,5910,75,5.553049918414804,0,1
GAIL+TD3,291,5910,76,4.257993679340566,0,1
GAIL+TD3,291,5910,77,15.711478064579449,0,1
GAIL+TD3,291,5910,78,4.743754688245857,0,1
GAIL+TD3,291,5910,79,7.739253865936341,0,1
GAIL+TD3,291,5910,80,1.9614675062309652,0,1
GAIL+TD3,291,5910,81,1.4386825053995682,0,1
GAIL+TD3,291,5910,82,1.3376933861726357,0,1
GAIL+TD3,291,5910,83,151.5126425384234,0,1
GAIL+TD3,291,5910,84,77.89797898140664,0,1
GAIL+TD3,291,5910,85,2.4265881582630735,0,1
GAIL+TD3,291,5910,86,30.689758643183296,0,1
GAIL+TD3,291,5910,87,7.909237170596392,0,1
GAIL+TD3,291,5910,88,5.0095817612956655,0,1
GAIL+TD3,291,5910,89,2.089040021951315,0,1
GAIL+TD3,291,5910,90,3.575001252487896,0,1
GAIL+TD3,291,5910,91,161.13156294344213,0,1
GAIL+TD3,291,5910,92,3.5217191389854112,0,1
GAIL+TD3,291,5910,93,83.50726004148594,0,1
GAIL+TD3,291,5910,94,0.9977904423918602,1,1
GAIL+TD3,291,5912,5,2.451641266119578,0,1
GAIL+TD3,291,5912,6,1.9380201703710958,0,1
GAIL+TD3,291,5912,7,2.114319043452902,0,1
GAIL+TD3,291,5912,8,3.5563699360341157,0,1
GAIL+TD3,291,5912,9,2.757957957957958,0,1
GAIL+TD3,291,5912,10,3.524177760375881,0,1
GAIL+TD3,291,5912,11,6.715252472670484,0,1
GAIL+TD3,291,5912,12,15.028339278636542,0,1
GAIL+TD3,291,5912,13,9.07759069605971,0,1
GAIL+TD3,291,5912,14,13.508949880668258,0,1
GAIL+TD3,291,5912,15,8.255524016252018,0,1
GAIL+TD3,291,5912,16,6.8146016478101465,0,1
GAIL+TD3,291,5912,17,11.656389151261639,0,1
GAIL+TD3,291,5912,18,4.865588081795321,0,1
GAIL+TD3,291,5912,19,16.4407979897967,0,1
GAIL+TD3,291,5912,20,10.310126074038385,0,1
GAIL+TD3,291,5912,21,8.334200837882445,0,1
GAIL+TD3,291,5912,22,5.719222779830512,0,1
GAIL+TD3,291,5912,23,3.7301938458206343,0,1
GAIL+TD3,291,5912,24,9.826215210978583,0,1
GAIL+TD3,291,5912,25,5.8826615641009825,0,1
GAIL+TD3,291,5912,27,7.203991237572518,0,1
GAIL+TD3,291,5912,29,4.3769666371017255,0,1
GAIL+TD3,291,5912,30,3.302611927216633,0,1
GAIL+TD3,291,5912,31,170.51902497027348,0,1
GAIL+TD3,291,5912,32,2.2972129013768314,0,1
GAIL+TD3,291,5912,33,2.7497612312282267,0,1
GAIL+TD3,291,5912,34,199.5323741007194,0,1
GAIL+TD3,291,5912,38,4.851997240494769,0,1
GAIL+TD3,291,5912,39,6.060386066972764,0,1
GAIL+TD3,291,5912,40,187.83434099153567,0,1
GAIL+TD3,291,5912,41,2.0611400551639596,0,1
GAIL+TD3,291,5912,42,3.0823261727899354,0,1
GAIL+TD3,291,5912,43,107.51735941320294,0,1
GAIL+TD3,291,5912,44,2.5341089597733224,0,1
GAIL+TD3,291,5912,45,215.9455497382199,0,1
GAIL+TD3,291,5912,49,3.2504609935552193,0,1
GAIL+TD3,291,5912,51,3.2068429538235783,0,1
GAIL+TD3,291,5912,52,128.91168530659468,0,1
GAIL+TD3,291,5912,54,3.023116240539642,0,1
GAIL+TD3,291,5912,55,210.0360801781737,0,1
GAIL+TD3,291,5912,56,9.4292261435619,0,1
GAIL+TD3,291,5912,57,132.4120945134161,0,1
GAIL+TD3,291,5912,58,2.4553732592194133,0,1
GAIL+TD3,291,5912,59,146.73272198613284,0,1
GAIL+TD3,291,5912,60,5.224789201043596,0,1
GAIL+TD3,291,5912,61,4.514432687065796,0,1
GAIL+TD3,291,5912,62,5.640112935527532,0,1
GAIL+TD3,291,5912,63,2.9422612369302965,0,1
GAIL+TD3,291,5912,64,9.700805169495874,0,1
GAIL+TD3,291,5912,65,3.0450777111487963,0,1
GAIL+TD3,291,5912,66,3.783002131548254,0,1
GAIL+TD3,291,5912,67,2.9883350753864963,0,1
GAIL+TD3,291,5912,68,113.91631067961166,0,1
GAIL+TD3,291,5912,69,2.6157785350509286,0,1
GAIL+TD3,291,5912,70,4.187078454956533,0,1
GAIL+TD3,291,5912,71,2.13890114065861,0,1
GAIL+TD3,291,5912,72,1.6075034779877038,0,1
GAIL+TD3,291,5912,73,39.271795633447205,0,1
GAIL+TD3,291,5912,74,112.41929567131328,0,1
GAIL+TD3,291,5912,75,2.5740896554947876,0,1
GAIL+TD3,291,5912,76,2.1749765278986204,0,1
GAIL+TD3,291,5912,77,135.38596491228074,0,1
GAIL+TD3,291,5912,78,161.38612160769495,0,1
GAIL+TD3,291,5912,79,4.925320388656543,0,1
GAIL+TD3,291,5912,80,2.4730406679235126,0,1
GAIL+TD3,291,5912,81,24.384144531829648,0,1
GAIL+TD3,291,5912,82,10.725976503665029,0,1
GAIL+TD3,291,5912,83,3.5917808219178085,0,1
GAIL+TD3,291,5912,84,2.1776566402432405,0,1
GAIL+TD3,291,5912,85,2.223825023624719,0,1
GAIL+TD3,291,5912,86,1.5634554317476597,0,1
GAIL+TD3,291,5912,87,1.2602407276586682,0,1
GAIL+TD3,291,5912,88,76.53600654664486,0,1
GAIL+TD3,291,5912,90,2.9629780417216143,0,1
GAIL+TD3,291,5912,91,178.63799805636538,0,1
GAIL+TD3,291,5912,92,5.548146699467838,0,1
GAIL+TD3,291,5912,93,10.848878676910557,0,1
GAIL+TD3,291,5912,94,6.891266997716177,0,1
GAIL+TD3,291,5912,95,4.249595808689603,0,1
GAIL+TD3,291,5912,96,17.576449867907915,0,1
GAIL+TD3,291,5912,97,1.7102082889031065,0,1
GAIL+TD3,291,5912,98,151.53717598908597,0,1
GAIL+TD3,291,5917,5,3.789686054522192,0,1
GAIL+TD3,291,5917,6,9.621725731895221,0,1
GAIL+TD3,291,5917,7,18.749174078780175,0,1
GAIL+TD3,291,5917,8,17.876887546633505,0,1
GAIL+TD3,291,5917,9,12.329831447702611,0,1
GAIL+TD3,291,5917,10,8.208447352766209,0,1
GAIL+TD3,291,5917,11,11.965140395660496,0,1
GAIL+TD3,291,5917,12,4.3114551571864155,0,1
GAIL+TD3,291,5917,13,7.577565440822226,0,1
GAIL+TD3,291,5917,14,7.706934456161269,0,1
GAIL+TD3,291,5917,15,8.54357874496173,0,1
GAIL+TD3,291,5917,16,6.243693986231979,0,1
GAIL+TD3,291,5917,17,6.962394225983076,0,1
GAIL+TD3,291,5917,18,4.7597968319559225,0,1
GAIL+TD3,291,5917,19,4.766362478148796,0,1
GAIL+TD3,291,5917,20,9.419678222159906,0,1
GAIL+TD3,291,5917,21,8.428106314372478,0,1
GAIL+TD3,291,5917,22,4.089742733043769,0,1
GAIL+TD3,291,5917,23,4.746929930170961,0,1
GAIL+TD3,291,5917,28,169.4233385661957,0,1
GAIL+TD3,291,5917,29,6.039318992807365,0,1
GAIL+TD3,291,5917,30,133.71541190382342,0,1
GAIL+TD3,291,5917,31,2.888681604930594,0,1
GAIL+TD3,291,5917,32,2.948758151302427,0,1
GAIL+TD3,291,5917,34,1.9589639899865203,0,1
GAIL+TD3,291,5917,41,4.614302864002744,0,1
GAIL+TD3,291,5917,44,5.31115342903256,0,1
GAIL+TD3,291,5917,45,198.76738439816447,0,1
GAIL+TD3,291,5917,46,5.065980203394431,0,1
GAIL+TD3,291,5917,47,4.79516548463357,0,1
GAIL+TD3,291,5917,48,3.6445728263981056,0,1
GAIL+TD3,291,5917,49,1.732043605731511,0,1
GAIL+TD3,291,5917,50,2.6517557988595977,0,1
GAIL+TD3,291,5917,51,66.6158494475138,0,1
GAIL+TD3,291,5917,52,138.79527559055117,0,1
GAIL+TD3,291,5917,54,4.34262365703693,0,1
GAIL+TD3,291,5917,55,8.108313297376913,0,1
GAIL+TD3,291,5917,56,5.68208763868085,0,1
GAIL+TD3,291,5917,57,153.76808947728827,0,1
GAIL+TD3,291,5917,58,2.2712165981500516,0,1
GAIL+TD3,291,5917,59,1.798521176748955,0,1
GAIL+TD3,291,5917,60,2.2794059952066315,0,1
GAIL+TD3,291,5917,61,109.02621722846443,0,1
GAIL+TD3,291,5917,63,5.320733410597011,0,1
GAIL+TD3,291,5917,64,4.009299783924159,0,1
GAIL+TD3,291,5917,65,7.47501617384024,0,1
GAIL+TD3,291,5917,66,169.33842188739095,0,1
GAIL+TD3,291,5917,67,3.685272298224779,0,1
GAIL+TD3,291,5917,68,2.974598594815883,0,1
GAIL+TD3,291,5917,69,2.585080277321657,0,1
GAIL+TD3,291,5917,70,1.7723396772309816,0,1
GAIL+TD3,291,5917,71,14.289682373180042,0,1
GAIL+TD3,291,5917,72,1.028516405759888,0,1
GAIL+TD3,291,5917,73,1.6089937590835255,0,1
GAIL+TD3,291,5917,74,170.79465370595383,0,1
GAIL+TD3,291,5917,75,198.62488888888888,0,1
GAIL+TD3,291,5917,76,206.87362637362637,0,1
GAIL+TD3,291,5917,77,2.910470174786742,0,1
GAIL+TD3,291,5917,78,36.132955495679646,0,1
GAIL+TD3,291,5917,79,12.58367138597104,0,1
GAIL+TD3,291,5917,80,5.321453125429695,0,1
GAIL+TD3,291,5917,81,1.99489135090227,0,1
GAIL+TD3,291,5917,82,205.10579987253027,0,1
GAIL+TD3,291,5917,83,2.6109471215949123,0,1
GAIL+TD3,291,5917,84,3.3478130025485977,0,1
GAIL+TD3,291,5917,85,106.16609321238661,0,1
GAIL+TD3,291,5917,86,51.67430174126447,0,1
GAIL+TD3,291,5917,87,7.078711886107128,0,1
GAIL+TD3,291,5917,88,1.1703542755893543,0,1
GAIL+TD3,291,5917,89,111.04607046070463,0,1
GAIL+TD3,291,5917,90,6.709645169480766,0,1
GAIL+TD3,291,5917,91,2.4360360145631357,0,1
GAIL+TD3,291,5917,92,88.3694861300591,0,1
GAIL+TD3,291,5917,93,115.81902768085604,0,1
GAIL+TD3,291,5917,94,11.395299067793536,0,1
GAIL+TD3,291,5917,95,2.872936887736892,0,1
GAIL+TD3,291,5917,96,5.135389292731638,0,1
GAIL+TD3,291,5917,97,2.1942028621747007,0,1
GAIL+TD3,291,5917,98,3.012539306435183,0,1
GAIL+TD3,291,5919,5,4.9908389585342325,0,1
GAIL+TD3,291,5919,6,11.590295512586646,0,1
GAIL+TD3,291,5919,7,5.411117294255857,0,1
GAIL+TD3,291,5919,8,6.234437686035978,0,1
GAIL+TD3,291,5919,9,4.145266292679548,0,1
GAIL+TD3,291,5919,10,3.550907801855677,0,1
GAIL+TD3,291,5919,11,52.46421809920484,0,1
GAIL+TD3,291,5919,12,4.599095834627463,0,1
GAIL+TD3,291,5919,13,8.783840619811842,0,1
GAIL+TD3,291,5919,14,9.965629851705124,0,1
GAIL+TD3,291,5919,15,6.28008398320336,0,1
GAIL+TD3,291,5919,16,7.523691524629139,0,1
GAIL+TD3,291,5919,17,6.282129893063867,0,1
GAIL+TD3,291,5919,18,5.184720259373182,0,1
GAIL+TD3,291,5919,19,8.104049151240698,0,1
GAIL+TD3,291,5919,20,5.2742953383924425,0,1
GAIL+TD3,291,5919,21,98.37077233720343,0,1
GAIL+TD3,291,5919,22,3.3934686561532046,0,1
GAIL+TD3,291,5919,23,7.9796999542466365,0,1
GAIL+TD3,291,5919,24,2.599421454810757,0,1
GAIL+TD3,291,5919,28,219.01480904130943,0,1
GAIL+TD3,291,5919,29,191.00543806646527,0,1
GAIL+TD3,291,5919,30,148.00708143652,0,1
GAIL+TD3,291,5919,31,1.929815504564139,0,1
GAIL+TD3,291,5919,32,7.315572824497962,0,1
GAIL+TD3,291,5919,34,223.22058823529412,0,1
GAIL+TD3,291,5919,38,6.10165395835681,0,1
GAIL+TD3,291,5919,39,34.08525825319718,0,1
GAIL+TD3,291,5919,40,5.568230170628972,0,1
GAIL+TD3,291,5919,41,221.03409795412276,0,1
GAIL+TD3,291,5919,42,3.276994083945282,0,1
GAIL+TD3,291,5919,43,2.4442534723374325,0,1
GAIL+TD3,291,5919,45,160.97686496694993,0,1
GAIL+TD3,291,5919,46,5.7382385879605255,0,1
GAIL+TD3,291,5919,47,137.9123102866779,0,1
GAIL+TD3,291,5919,48,3.4171376324687195,0,1
GAIL+TD3,291,5919,49,5.289775125946357,0,1
GAIL+TD3,291,5919,50,102.55986594902001,0,1
GAIL+TD3,291,5919,51,2.8791288307898535,0,1
GAIL+TD3,291,5919,53,215.10391668553314,0,1
GAIL+TD3,291,5919,54,4.099709401964145,0,1
GAIL+TD3,291,5919,55,2.5243797756219655,0,1
GAIL+TD3,291,5919,57,3.596209185708587,0,1
GAIL+TD3,291,5919,59,2.116428930842088,0,1
GAIL+TD3,291,5919,60,23.216188357836494,0,1
GAIL+TD3,291,5919,61,9.946792253618959,0,1
GAIL+TD3,291,5919,62,79.15512804803333,0,1
GAIL+TD3,291,5919,63,1.3821759706525083,0,1
GAIL+TD3,291,5919,64,93.65322314049587,0,1
GAIL+TD3,291,5919,65,7.045573837832904,0,1
GAIL+TD3,291,5919,66,1.5664643368790963,0,1
GAIL+TD3,291,5919,67,132.6665170556553,0,1
GAIL+TD3,291,5919,68,8.613158781885605,0,1
GAIL+TD3,291,5919,69,6.55492574865885,0,1
GAIL+TD3,291,5919,70,2.1254078158168426,0,1
GAIL+TD3,291,5919,71,122.17109685304,0,1
GAIL+TD3,291,5919,72,138.24892812105924,0,1
GAIL+TD3,291,5919,73,10.425493948856687,0,1
GAIL+TD3,291,5919,74,3.2259408131207947,0,1
GAIL+TD3,291,5919,75,2.521113575710265,0,1
GAIL+TD3,291,5919,76,6.278455510120456,0,1
GAIL+TD3,291,5919,77,4.090054079473314,0,1
GAIL+TD3,291,5919,78,2.287739261987765,0,1
GAIL+TD3,291,5919,79,2.6492974482988654,0,1
GAIL+TD3,291,5919,80,1.3132883874034045,0,1
GAIL+TD3,291,5919,81,124.8075970272502,0,1
GAIL+TD3,291,5919,82,158.9627887082977,0,1
GAIL+TD3,291,5919,83,2.8281897617042677,0,1
GAIL+TD3,291,5919,84,3.5528989105027975,0,1
GAIL+TD3,291,5919,85,114.22460987464825,0,1
GAIL+TD3,291,5919,86,6.586689809823623,0,1
GAIL+TD3,291,5919,87,4.637421189351509,0,1
GAIL+TD3,291,5919,88,1.524296320681978,0,1
GAIL+TD3,291,5919,89,2.1499578770008423,0,1
GAIL+TD3,291,5919,90,8.010166431150887,0,1
GAIL+TD3,291,5919,91,3.7989019044626966,0,1
GAIL+TD3,291,5919,92,2.059886598377651,0,1
GAIL+TD3,291,5919,93,194.17993079584778,0,1
GAIL+TD3,291,5919,94,3.8411396248481853,0,1
GAIL+TD3,291,5919,95,8.699401745075825,0,1
GAIL+TD3,291,5919,96,5.446550663011247,0,1
GAIL+TD3,291,5919,97,119.54337421477715,0,1
GAIL+TD3,291,5919,98,3.0954657049932757,0,1
GAIL+TD3,291,5920,5,4.794483028465225,0,1
GAIL+TD3,291,5920,6,20.740700613940053,0,1
GAIL+TD3,291,5920,7,6.576172443926596,0,1
GAIL+TD3,291,5920,8,16.067653276955603,0,1
GAIL+TD3,291,5920,9,9.955428760439924,0,1
GAIL+TD3,291,5920,10,7.6756280064136835,0,1
GAIL+TD3,291,5920,11,5.832674207071106,0,1
GAIL+TD3,291,5920,12,6.831185230340503,0,1
GAIL+TD3,291,5920,13,14.268991086219138,0,1
GAIL+TD3,291,5920,14,10.226006191950464,0,1
GAIL+TD3,291,5920,15,11.524218270999388,0,1
GAIL+TD3,291,5920,16,10.618766208919688,0,1
GAIL+TD3,291,5920,17,5.144286191629772,0,1
GAIL+TD3,291,5920,18,3.826862648736392,0,1
GAIL+TD3,291,5920,22,6.86477033193579,0,1
GAIL+TD3,291,5920,24,22.764025226213327,0,1
GAIL+TD3,291,5920,25,177.18004223864835,0,1
GAIL+TD3,291,5920,26,3.997641292129654,0,1
GAIL+TD3,291,5920,27,156.29804270462634,0,1
GAIL+TD3,291,5920,28,3.0402309627615516,0,1
GAIL+TD3,291,5920,29,2.7156389691287304,0,1
GAIL+TD3,291,5920,30,3.209118823518693,0,1
GAIL+TD3,291,5920,33,209.31992903607335,0,1
GAIL+TD3,291,5920,34,4.747172776926402,0,1
GAIL+TD3,291,5920,35,167.49006928406467,0,1
GAIL+TD3,291,5920,36,165.08659719726916,0,1
GAIL+TD3,291,5920,37,2.1503280670995566,0,1
GAIL+TD3,291,5920,38,33.44031626084522,0,1
GAIL+TD3,291,5920,39,4.090690158524603,0,1
GAIL+TD3,291,5920,41,179.2367211440245,0,1
GAIL+TD3,291,5920,43,9.258330597504925,0,1
GAIL+TD3,291,5920,44,3.3975910660848485,0,1
GAIL+TD3,291,5920,45,3.5649919814917057,0,1
GAIL+TD3,291,5920,47,2.6012057016483685,0,1
GAIL+TD3,291,5920,48,191.31767955801106,0,1
GAIL+TD3,291,5920,49,27.643432695634978,0,1
GAIL+TD3,291,5920,50,17.322869064176434,0,1
GAIL+TD3,291,5920,51,3.647432127948206,0,1
GAIL+TD3,291,5920,52,1.6879645291916552,0,1
GAIL+TD3,291,5920,53,1.0796246941454313,0,1
GAIL+TD3,291,5920,54,84.86912928759895,0,1
GAIL+TD3,291,5920,55,167.25916453537937,0,1
GAIL+TD3,291,5920,56,78.45981951009885,0,1
GAIL+TD3,291,5920,57,176.84979702300404,0,1
GAIL+TD3,291,5920,58,2.17146913707848,0,1
GAIL+TD3,291,5920,59,28.530015007503746,0,1
GAIL+TD3,291,5920,60,10.92664763264335,0,1
GAIL+TD3,291,5920,61,50.87254139348817,0,1
GAIL+TD3,291,5920,62,19.459663625997717,0,1
GAIL+TD3,291,5920,63,3.722821694752911,0,1
GAIL+TD3,291,5920,64,2.6180286149499077,0,1
GAIL+TD3,291,5920,65,166.27591036414566,0,1
GAIL+TD3,291,5920,66,5.387981591058514,0,1
GAIL+TD3,291,5920,67,1.9623301005634597,0,1
GAIL+TD3,291,5920,68,4.937041685935125,0,1
GAIL+TD3,291,5920,69,4.783573320587123,0,1
GAIL+TD3,291,5920,71,3.648483365949119,0,1
GAIL+TD3,291,5920,72,127.84709821428572,0,1
GAIL+TD3,291,5920,73,3.177111816798946,0,1
GAIL+TD3,291,5920,75,3.9304559467791664,0,1
GAIL+TD3,291,5920,76,9.139270806544145,0,1
GAIL+TD3,291,5920,77,158.54658753709197,0,1
GAIL+TD3,291,5920,78,3.4346356337131345,0,1
GAIL+TD3,291,5920,79,2.1983171598698124,0,1
GAIL+TD3,291,5920,80,4.987263840586521,0,1
GAIL+TD3,291,5920,81,2.768640318753113,0,1
GAIL+TD3,291,5920,83,174.92167832167834,0,1
GAIL+TD3,291,5920,84,4.053626552557994,0,1
GAIL+TD3,291,5920,85,2.8471388929605803,0,1
GAIL+TD3,291,5920,86,52.364606328182475,0,1
GAIL+TD3,291,5920,87,4.259989209290712,0,1
GAIL+TD3,291,5920,88,7.241806533018611,0,1
GAIL+TD3,291,5920,89,4.403875686365494,0,1
GAIL+TD3,291,5920,90,1.5863955495725337,0,1
GAIL+TD3,291,5920,91,1.7019797132704768,0,1
GAIL+TD3,291,5920,92,3.0282817170871694,0,1
GAIL+TD3,291,5920,93,137.80046826222684,0,1
GAIL+TD3,291,5920,94,6.30143768180801,0,1
GAIL+TD3,291,5920,95,2.072289156626506,0,1
GAIL+TD3,291,5920,96,2.8782782585890385,0,1
GAIL+TD3,291,5920,97,2.038286508664219,0,1
GAIL+TD3,291,5920,98,60.86667979519495,0,1
GAIL+TD3,291,5923,5,5.148919678325744,0,1
GAIL+TD3,291,5923,6,10.52063789868668,0,1
GAIL+TD3,291,5923,7,5.420248799113191,0,1
GAIL+TD3,291,5923,8,11.773967640666507,0,1
GAIL+TD3,291,5923,9,4.163911374605709,0,1
GAIL+TD3,291,5923,10,10.916007990966733,0,1
GAIL+TD3,291,5923,11,7.951163354338343,0,1
GAIL+TD3,291,5923,12,3.2803229770054414,0,1
GAIL+TD3,291,5923,13,4.976948313572004,0,1
GAIL+TD3,291,5923,14,25.465773166162272,0,1
GAIL+TD3,291,5923,15,6.203315983390841,0,1
GAIL+TD3,291,5923,16,6.59584959934251,0,1
GAIL+TD3,291,5923,17,5.27477238676962,0,1
GAIL+TD3,291,5923,18,5.021429122022663,0,1
GAIL+TD3,291,5923,19,7.478547184589947,0,1
GAIL+TD3,291,5923,21,5.025903488614999,0,1
GAIL+TD3,291,5923,22,11.801499324948486,0,1
GAIL+TD3,291,5923,25,175.1997716894977,0,1
GAIL+TD3,291,5923,26,3.9590226700251887,0,1
GAIL+TD3,291,5923,27,3.354077406091939,0,1
GAIL+TD3,291,5923,28,222.06041666666664,0,1
GAIL+TD3,291,5923,29,3.641410700171704,0,1
GAIL+TD3,291,5923,31,164.88537368179735,0,1
GAIL+TD3,291,5923,32,3.4203476089879006,0,1
GAIL+TD3,291,5923,33,170.56655025223128,0,1
GAIL+TD3,291,5923,34,4.247833359633896,0,1
GAIL+TD3,291,5923,35,8.666655039300498,0,1
GAIL+TD3,291,5923,36,8.32732715834018,0,1
GAIL+TD3,291,5923,37,2.8032145500687324,0,1
GAIL+TD3,291,5923,38,5.2881471145933965,0,1
GAIL+TD3,291,5923,39,1.8198039628041367,0,1
GAIL+TD3,291,5923,40,1.348800086998062,0,1
GAIL+TD3,291,5923,42,145.4549147034931,0,1
GAIL+TD3,291,5923,43,195.50883002207507,0,1
GAIL+TD3,291,5923,44,1.886204208885425,0,1
GAIL+TD3,291,5923,45,163.70241064006652,0,1
GAIL+TD3,291,5923,46,3.4840506442376515,0,1
GAIL+TD3,291,5923,47,129.9836651352731,0,1
GAIL+TD3,291,5923,48,4.919562914645705,0,1
GAIL+TD3,291,5923,49,14.674387707948243,0,1
GAIL+TD3,291,5923,50,174.8332406892718,0,1
GAIL+TD3,291,5923,51,8.919100409266104,0,1
GAIL+TD3,291,5923,52,8.20910089164141,0,1
GAIL+TD3,291,5923,53,8.705145371078805,0,1
GAIL+TD3,291,5923,54,4.38235954474016,0,1
GAIL+TD3,291,5923,55,5.120955373353341,0,1
GAIL+TD3,291,5923,56,2.1684177279048242,0,1
GAIL+TD3,291,5923,57,2.3669541835979393,0,1
GAIL+TD3,291,5923,58,2.191965709934034,0,1
GAIL+TD3,291,5923,59,3.822608083029761,0,1
GAIL+TD3,291,5923,60,40.94843095516034,0,1
GAIL+TD3,291,5923,61,143.61415596617599,0,1
GAIL+TD3,291,5923,62,14.200763283758109,0,1
GAIL+TD3,291,5923,63,6.333909680354909,0,1
GAIL+TD3,291,5923,64,3.4084421923666963,0,1
GAIL+TD3,291,5923,65,4.672033547638017,0,1
GAIL+TD3,291,5923,66,139.1065695846434,0,1
GAIL+TD3,291,5923,67,2.5872125229658485,0,1
GAIL+TD3,291,5923,68,1.8046248316479099,0,1
GAIL+TD3,291,5923,69,135.86155315085935,0,1
GAIL+TD3,291,5923,70,2.1303956717857346,0,1
GAIL+TD3,291,5923,71,25.971479810251076,0,1
GAIL+TD3,291,5923,72,1.5759926973984484,0,1
GAIL+TD3,291,5923,73,4.708824045377463,0,1
GAIL+TD3,291,5923,74,4.259080880904542,0,1
GAIL+TD3,291,5923,76,2.6969937761623597,0,1
GAIL+TD3,291,5923,78,4.353417463824274,0,1
GAIL+TD3,291,5923,80,3.2949272956428968,0,1
GAIL+TD3,291,5923,81,102.4457976849522,0,1
GAIL+TD3,291,5923,82,3.3886385570660686,0,1
GAIL+TD3,291,5923,83,112.11212846879843,0,1
GAIL+TD3,291,5923,84,1.9709782781630496,0,1
GAIL+TD3,291,5923,85,113.65420560747665,0,1
GAIL+TD3,291,5923,86,2.628268402814239,0,1
GAIL+TD3,291,5923,87,18.987238342082723,0,1
GAIL+TD3,291,5923,88,31.041510814766635,0,1
GAIL+TD3,291,5923,89,13.270451413538229,0,1
GAIL+TD3,291,5923,90,3.621076930553531,0,1
GAIL+TD3,291,5923,91,2.7898942268873634,0,1
GAIL+TD3,291,5923,92,1.6793029161053201,0,1
GAIL+TD3,291,5923,93,109.1190533687515,0,1
GAIL+TD3,291,5923,94,137.01817716333846,0,1
GAIL+TD3,291,5923,95,2.3180898592261654,0,1
GAIL+TD3,291,5923,96,1.6507180239266865,0,1
GAIL+TD3,291,5923,97,1.134710666204426,0,1
GAIL+TD3,291,5923,98,97.84210526315788,0,1
GAIL+TD3,291,5924,5,2.9681559866745046,0,1
GAIL+TD3,291,5924,6,9.289143279172823,0,1
GAIL+TD3,291,5924,7,2.7933575505967827,0,1
GAIL+TD3,291,5924,8,2.4087936865839903,0,1
GAIL+TD3,291,5924,9,6.200156862745098,0,1
GAIL+TD3,291,5924,10,6.093079019073569,0,1
GAIL+TD3,291,5924,11,9.989510072714268,0,1
GAIL+TD3,291,5924,12,9.033306829225197,0,1
GAIL+TD3,291,5924,13,14.273715872281354,0,1
GAIL+TD3,291,5924,14,7.532849524437847,0,1
GAIL+TD3,291,5924,15,9.444165621079046,0,1
GAIL+TD3,291,5924,16,8.565922130006127,0,1
GAIL+TD3,291,5924,17,16.77440225035162,0,1
GAIL+TD3,291,5924,18,10.270217057241645,0,1
GAIL+TD3,291,5924,19,6.567601999150687,0,1
GAIL+TD3,291,5924,20,7.572866127583111,0,1
GAIL+TD3,291,5924,21,4.468772772930494,0,1
GAIL+TD3,291,5924,22,4.504961853955142,0,1
GAIL+TD3,291,5924,25,4.424208071516486,0,1
GAIL+TD3,291,5924,27,222.74319840743203,0,1
GAIL+TD3,291,5924,28,3.8549264378065096,0,1
GAIL+TD3,291,5924,29,4.701780547802036,0,1
GAIL+TD3,291,5924,30,5.87046294817781,0,1
GAIL+TD3,291,5924,31,161.08915662650605,0,1
GAIL+TD3,291,5924,32,3.4712234999335094,0,1
GAIL+TD3,291,5924,33,2.130031500301908,0,1
GAIL+TD3,291,5924,35,2.7197597212635176,0,1
GAIL+TD3,291,5924,40,10.558092031425362,0,1
GAIL+TD3,291,5924,41,9.353553629290918,0,1
GAIL+TD3,291,5924,42,4.241126455147228,0,1
GAIL+TD3,291,5924,44,213.48092209856918,0,1
GAIL+TD3,291,5924,45,4.758384788637444,0,1
GAIL+TD3,291,5924,46,3.8869768588047666,0,1
GAIL+TD3,291,5924,47,134.92830188679244,0,1
GAIL+TD3,291,5924,48,3.793206697487244,0,1
GAIL+TD3,291,5924,49,4.350172094684547,0,1
GAIL+TD3,291,5924,50,2.3031408003308087,0,1
GAIL+TD3,291,5924,51,1.5736749783327182,0,1
GAIL+TD3,291,5924,53,7.672821963769296,0,1
GAIL+TD3,291,5924,54,200.47738403918177,0,1
GAIL+TD3,291,5924,55,7.88441872074041,0,1
GAIL+TD3,291,5924,56,177.15520221223645,0,1
GAIL+TD3,291,5924,57,6.990857318762505,0,1
GAIL+TD3,291,5924,58,3.7286582585243186,0,1
GAIL+TD3,291,5924,59,6.067769006966419,0,1
GAIL+TD3,291,5924,60,1.4358530075221754,0,1
GAIL+TD3,291,5924,61,122.67184915646708,0,1
GAIL+TD3,291,5924,62,75.16452166452166,0,1
GAIL+TD3,291,5924,63,1.4821925543500178,0,1
GAIL+TD3,291,5924,64,6.317653083619869,0,1
GAIL+TD3,291,5924,65,192.17651122625216,0,1
GAIL+TD3,291,5924,66,180.70730095804427,0,1
GAIL+TD3,291,5924,67,2.2430385891109137,0,1
GAIL+TD3,291,5924,68,45.0776372287339,0,1
GAIL+TD3,291,5924,69,3.0843877868487692,0,1
GAIL+TD3,291,5924,70,3.301677642180023,0,1
GAIL+TD3,291,5924,71,8.34785706250703,0,1
GAIL+TD3,291,5924,72,39.5991143826557,0,1
GAIL+TD3,291,5924,73,5.115752082312592,0,1
GAIL+TD3,291,5924,74,1.8590802436193914,0,1
GAIL+TD3,291,5924,75,12.251042883363926,0,1
GAIL+TD3,291,5924,76,1.754955941448096,0,1
GAIL+TD3,291,5924,77,2.226838411279444,0,1
GAIL+TD3,291,5924,78,29.500081792900374,0,1
GAIL+TD3,291,5924,79,2.933038524958777,0,1
GAIL+TD3,291,5924,80,2.9472403802099802,0,1
GAIL+TD3,291,5924,81,136.544375185515,0,1
GAIL+TD3,291,5924,82,2.800910048032823,0,1
GAIL+TD3,291,5924,83,127.1852626077868,0,1
GAIL+TD3,291,5924,84,1.437616884851723,0,1
GAIL+TD3,291,5924,85,91.21630615640599,0,1
GAIL+TD3,291,5924,86,2.1052339396706476,0,1
GAIL+TD3,291,5924,87,1.473102421984994,0,1
GAIL+TD3,291,5924,88,3.367331061461084,0,1
GAIL+TD3,291,5924,89,125.85522187359929,0,1
GAIL+TD3,291,5924,90,19.875358286966783,0,1
GAIL+TD3,291,5924,91,3.8344977913791607,0,1
GAIL+TD3,291,5924,92,4.546105217264932,0,1
GAIL+TD3,291,5924,93,7.80578819039542,0,1
GAIL+TD3,291,5924,94,3.4792176272741173,0,1
GAIL+TD3,291,5924,95,2.478090785974187,0,1
GAIL+TD3,291,5924,96,2.71977671538298,0,1
GAIL+TD3,291,5924,97,4.035374894273347,0,1
GAIL+TD3,291,5924,98,88.53247321233327,0,1
GAIL+TD3,291,5930,5,4.1182605273514366,0,1
GAIL+TD3,291,5930,6,17.80750828119249,0,1
GAIL+TD3,291,5930,7,5.838686024343747,0,1
GAIL+TD3,291,5930,8,20.18080916577157,0,1
GAIL+TD3,291,5930,9,57.441529568697206,0,1
GAIL+TD3,291,5930,10,8.318995667380069,0,1
GAIL+TD3,291,5930,11,12.431303324507208,0,1
GAIL+TD3,291,5930,12,4.156263491558544,0,1
GAIL+TD3,291,5930,13,7.118862068965517,0,1
GAIL+TD3,291,5930,14,15.98731884057971,0,1
GAIL+TD3,291,5930,15,10.849049393331423,0,1
GAIL+TD3,291,5930,16,8.066605950212509,0,1
GAIL+TD3,291,5930,17,5.984950192303098,0,1
GAIL+TD3,291,5930,18,5.462035600856782,0,1
GAIL+TD3,291,5930,20,8.56249396776373,0,1
GAIL+TD3,291,5930,23,4.98825914474068,0,1
GAIL+TD3,291,5930,24,5.052050601585777,0,1
GAIL+TD3,291,5930,26,226.6,0,1
GAIL+TD3,291,5930,27,3.7156171399231788,0,1
GAIL+TD3,291,5930,28,144.28224828143956,0,1
GAIL+TD3,291,5930,29,192.15676855895194,0,1
GAIL+TD3,291,5930,30,3.1391960979720146,0,1
GAIL+TD3,291,5930,31,4.16345904168385,0,1
GAIL+TD3,291,5930,32,1.9938644015655176,0,1
GAIL+TD3,291,5930,36,4.722520404724526,0,1
GAIL+TD3,291,5930,38,11.810558714787081,0,1
GAIL+TD3,291,5930,39,3.3330648332851607,0,1
GAIL+TD3,291,5930,40,4.486828160073047,0,1
GAIL+TD3,291,5930,41,95.92191712431352,0,1
GAIL+TD3,291,5930,42,3.933642097485024,0,1
GAIL+TD3,291,5930,44,8.359136245270967,0,1
GAIL+TD3,291,5930,45,4.655318922503245,0,1
GAIL+TD3,291,5930,46,3.4870317740737904,0,1
GAIL+TD3,291,5930,48,1.5404987603908413,0,1
GAIL+TD3,291,5930,51,9.607233589492216,0,1
GAIL+TD3,291,5930,52,5.070382485114365,0,1
GAIL+TD3,291,5930,53,163.08484270734033,0,1
GAIL+TD3,291,5930,54,2.2583044272429245,0,1
GAIL+TD3,291,5930,55,3.9304894241989348,0,1
GAIL+TD3,291,5930,56,52.83051535236033,0,1
GAIL+TD3,291,5930,57,15.819834769730386,0,1
GAIL+TD3,291,5930,58,9.926972846839202,0,1
GAIL+TD3,291,5930,59,137.39232927970062,0,1
GAIL+TD3,291,5930,60,4.352567141701759,0,1
GAIL+TD3,291,5930,61,1.6930876678730595,0,1
GAIL+TD3,291,5930,62,2.445408198451981,0,1
GAIL+TD3,291,5930,63,1.9395228219288745,0,1
GAIL+TD3,291,5930,65,50.38676266962061,0,1
GAIL+TD3,291,5930,66,2.589829171596405,0,1
GAIL+TD3,291,5930,67,121.77504830251173,0,1
GAIL+TD3,291,5930,68,5.4813606934303065,0,1
GAIL+TD3,291,5930,69,3.997743472187399,0,1
GAIL+TD3,291,5930,70,2.540266607910103,0,1
GAIL+TD3,291,5930,71,158.5400084674005,0,1
GAIL+TD3,291,5930,72,3.6227970183280913,0,1
GAIL+TD3,291,5930,73,2.7099967081974903,0,1
GAIL+TD3,291,5930,74,2.24152440799274,0,1
GAIL+TD3,291,5930,75,1.5468473759414885,0,1
GAIL+TD3,291,5930,76,1.6250229158773417,0,1
GAIL+TD3,291,5930,77,108.39610632721828,0,1
GAIL+TD3,291,5930,78,3.880140734029159,0,1
GAIL+TD3,291,5930,79,2.014322116268684,0,1
GAIL+TD3,291,5930,80,140.8254873989539,0,1
GAIL+TD3,291,5930,81,7.3698195105203785,0,1
GAIL+TD3,291,5930,82,10.348925193465176,0,1
GAIL+TD3,291,5930,83,3.3438240824000656,0,1
GAIL+TD3,291,5930,84,3.732939505455485,0,1
GAIL+TD3,291,5930,85,4.489921817737601,0,1
GAIL+TD3,291,5930,86,1.8160780984719862,0,1
GAIL+TD3,291,5930,87,143.3335388409371,0,1
GAIL+TD3,291,5930,88,227.8300186451212,0,1
GAIL+TD3,291,5930,89,2.2192290301420816,0,1
GAIL+TD3,291,5930,90,96.06034482758619,0,1
GAIL+TD3,291,5930,91,2.2348377382690923,0,1
GAIL+TD3,291,5930,92,163.3533210332103,0,1
GAIL+TD3,291,5930,93,2.8079245687345975,0,1
GAIL+TD3,291,5930,94,71.37524259556155,0,1
GAIL+TD3,291,5930,95,3.4332379316924255,0,1
GAIL+TD3,291,5930,96,18.031259230087624,0,1
GAIL+TD3,291,5930,97,4.931961613917319,0,1
GAIL+TD3,291,5930,98,3.2225593062317794,0,1
GAIL+TD3,291,5932,5,3.8969476886838743,0,1
GAIL+TD3,291,5932,6,6.778290993071592,0,1
GAIL+TD3,291,5932,7,5.860357464317859,0,1
GAIL+TD3,291,5932,8,8.476937269372693,0,1
GAIL+TD3,291,5932,9,7.6159632260760555,0,1
GAIL+TD3,291,5932,10,9.610600087604029,0,1
GAIL+TD3,291,5932,11,7.274078513635002,0,1
GAIL+TD3,291,5932,12,5.382042795566502,0,1
GAIL+TD3,291,5932,13,10.061891038836285,0,1
GAIL+TD3,291,5932,14,7.565721770043971,0,1
GAIL+TD3,291,5932,15,20.333370535714288,0,1
GAIL+TD3,291,5932,16,6.741227928073871,0,1
GAIL+TD3,291,5932,17,14.993245525160418,0,1
GAIL+TD3,291,5932,18,7.508038952508781,0,1
GAIL+TD3,291,5932,19,6.8323147244620195,0,1
GAIL+TD3,291,5932,20,6.385175212674627,0,1
GAIL+TD3,291,5932,21,7.13372933055065,0,1
GAIL+TD3,291,5932,22,11.29572730303367,0,1
GAIL+TD3,291,5932,23,5.047712573899934,0,1
GAIL+TD3,291,5932,24,220.05054715997915,0,1
GAIL+TD3,291,5932,25,4.241238168329496,0,1
GAIL+TD3,291,5932,26,4.783952010836263,0,1
GAIL+TD3,291,5932,27,189.35899137358993,0,1
GAIL+TD3,291,5932,28,2.8774849534926137,0,1
GAIL+TD3,291,5932,30,2.0916737154362095,0,1
GAIL+TD3,291,5932,34,3.9651593210620835,0,1
GAIL+TD3,291,5932,35,205.9684361549498,0,1
GAIL+TD3,291,5932,36,4.6856637773722625,0,1
GAIL+TD3,291,5932,38,6.050797116761756,0,1
GAIL+TD3,291,5932,39,12.275832198985272,0,1
GAIL+TD3,291,5932,40,168.6054317973757,0,1
GAIL+TD3,291,5932,41,3.6288160399073774,0,1
GAIL+TD3,291,5932,42,5.226345102139296,0,1
GAIL+TD3,291,5932,43,2.5991681429561733,0,1
GAIL+TD3,291,5932,44,1.9720187258218242,0,1
GAIL+TD3,291,5932,45,197.27372685185185,0,1
GAIL+TD3,291,5932,47,2.9352546612096404,0,1
GAIL+TD3,291,5932,49,5.014245742941072,0,1
GAIL+TD3,291,5932,50,10.268556075802435,0,1
GAIL+TD3,291,5932,51,4.992819628511962,0,1
GAIL+TD3,291,5932,52,203.24422026061373,0,1
GAIL+TD3,291,5932,53,5.633200287628834,0,1
GAIL+TD3,291,5932,54,140.8396305625525,0,1
GAIL+TD3,291,5932,55,3.455005090976923,0,1
GAIL+TD3,291,5932,56,1.2924411848380082,0,1
GAIL+TD3,291,5932,57,6.236050070347968,0,1
GAIL+TD3,291,5932,58,2.1342758288616093,0,1
GAIL+TD3,291,5932,59,25.163992261295093,0,1
GAIL+TD3,291,5932,60,4.703259661686627,0,1
GAIL+TD3,291,5932,61,211.8705035971223,0,1
GAIL+TD3,291,5932,62,8.560485576516369,0,1
GAIL+TD3,291,5932,63,166.6003653802238,0,1
GAIL+TD3,291,5932,64,3.4251571257184814,0,1
GAIL+TD3,291,5932,65,2.0078929331816724,0,1
GAIL+TD3,291,5932,66,3.7752848907360237,0,1
GAIL+TD3,291,5932,67,8.431241904951678,0,1
GAIL+TD3,291,5932,68,152.08912454873646,0,1
GAIL+TD3,291,5932,70,120.41581092094538,0,1
GAIL+TD3,291,5932,71,3.2580805549102796,0,1
GAIL+TD3,291,5932,72,1.6140864312034693,0,1
GAIL+TD3,291,5932,73,2.489810763684599,0,1
GAIL+TD3,291,5932,74,2.1880854448175584,0,1
GAIL+TD3,291,5932,75,7.65272544769497,0,1
GAIL+TD3,291,5932,76,2.4566765263697063,0,1
GAIL+TD3,291,5932,77,107.1590021039976,0,1
GAIL+TD3,291,5932,78,2.7027842952401637,0,1
GAIL+TD3,291,5932,79,1.8263635292731772,0,1
GAIL+TD3,291,5932,80,2.643494165709861,0,1
GAIL+TD3,291,5932,81,119.5248942401562,0,1
GAIL+TD3,291,5932,82,214.62222957327162,0,1
GAIL+TD3,291,5932,83,1.9070819815644475,0,1
GAIL+TD3,291,5932,84,7.169980183867717,0,1
GAIL+TD3,291,5932,85,3.5094825499782174,0,1
GAIL+TD3,291,5932,86,4.033526817684972,0,1
GAIL+TD3,291,5932,87,2.086712922379716,0,1
GAIL+TD3,291,5932,88,40.57995133055971,0,1
GAIL+TD3,291,5932,89,4.1174656187249425,0,1
GAIL+TD3,291,5932,90,87.20731428571428,0,1
GAIL+TD3,291,5932,91,2.7195649190227837,0,1
GAIL+TD3,291,5932,92,3.9487907115817507,0,1
GAIL+TD3,291,5932,93,2.735409480412727,0,1
GAIL+TD3,291,5932,94,17.185800376647833,0,1
GAIL+TD3,291,5932,95,146.16915866993975,0,1
GAIL+TD3,291,5932,96,1.575343251846885,0,1
GAIL+TD3,291,5932,97,0.9539447307611001,1,1
GAIL+TD3,291,5933,5,4.571611505122142,0,1
GAIL+TD3,291,5933,6,11.632803412175262,0,1
GAIL+TD3,291,5933,7,13.410878447395305,0,1
GAIL+TD3,291,5933,8,4.9565775009160875,0,1
GAIL+TD3,291,5933,9,35.214202561117574,0,1
GAIL+TD3,291,5933,10,8.50575221238938,0,1
GAIL+TD3,291,5933,11,4.379485112019812,0,1
GAIL+TD3,291,5933,12,1.7034678124643523,0,1
GAIL+TD3,291,5933,13,24.28506787330317,0,1
GAIL+TD3,291,5933,14,27.39150259067357,0,1
GAIL+TD3,291,5933,15,6.378096479791394,0,1
GAIL+TD3,291,5933,16,13.246738757294887,0,1
GAIL+TD3,291,5933,17,9.101020820699413,0,1
GAIL+TD3,291,5933,18,10.57397114844189,0,1
GAIL+TD3,291,5933,19,6.118451158697565,0,1
GAIL+TD3,291,5933,20,6.952424831917,0,1
GAIL+TD3,291,5933,21,4.2183029268932914,0,1
GAIL+TD3,291,5933,22,6.217588557953555,0,1
GAIL+TD3,291,5933,25,74.13856,0,1
GAIL+TD3,291,5933,26,5.241756237195857,0,1
GAIL+TD3,291,5933,27,5.030036773080802,0,1
GAIL+TD3,291,5933,28,201.94970703125,0,1
GAIL+TD3,291,5933,29,4.796977068357612,0,1
GAIL+TD3,291,5933,30,208.76381498158005,0,1
GAIL+TD3,291,5933,31,3.587268150739954,0,1
GAIL+TD3,291,5933,32,3.7041832003954736,0,1
GAIL+TD3,291,5933,33,156.43564701778865,0,1
GAIL+TD3,291,5933,34,3.3757951571992146,0,1
GAIL+TD3,291,5933,35,6.4278132631974465,0,1
GAIL+TD3,291,5933,36,4.241441122289925,0,1
GAIL+TD3,291,5933,37,3.2249173022772633,0,1
GAIL+TD3,291,5933,38,7.098506866235559,0,1
GAIL+TD3,291,5933,39,2.1730836122818666,0,1
GAIL+TD3,291,5933,40,1.6321284330533585,0,1
GAIL+TD3,291,5933,42,175.77016129032256,0,1
GAIL+TD3,291,5933,43,3.0931216349851662,0,1
GAIL+TD3,291,5933,44,151.37921964050858,0,1
GAIL+TD3,291,5933,45,185.94917680744453,0,1
GAIL+TD3,291,5933,46,3.1720852695073725,0,1
GAIL+TD3,291,5933,47,38.719438350153574,0,1
GAIL+TD3,291,5933,48,2.8984291620271017,0,1
GAIL+TD3,291,5933,49,6.9574151830702045,0,1
GAIL+TD3,291,5933,50,181.70034079844208,0,1
GAIL+TD3,291,5933,51,184.5020325203252,0,1
GAIL+TD3,291,5933,52,10.572492569497058,0,1
GAIL+TD3,291,5933,53,2.293430938593131,0,1
GAIL+TD3,291,5933,54,1.5587676731028697,0,1
GAIL+TD3,291,5933,55,4.899270347121626,0,1
GAIL+TD3,291,5933,56,7.558105066695943,0,1
GAIL+TD3,291,5933,57,4.524756275427957,0,1
GAIL+TD3,291,5933,59,203.8460844053261,0,1
GAIL+TD3,291,5933,60,6.756767286962654,0,1
GAIL+TD3,291,5933,61,10.673215661996036,0,1
GAIL+TD3,291,5933,62,3.782618623823129,0,1
GAIL+TD3,291,5933,63,3.558082933447228,0,1
GAIL+TD3,291,5933,64,10.962400827871678,0,1
GAIL+TD3,291,5933,65,6.32812364330989,0,1
GAIL+TD3,291,5933,66,21.57787769316735,0,1
GAIL+TD3,291,5933,67,1.5615572641369382,0,1
GAIL+TD3,291,5933,68,1.5598382578912504,0,1
GAIL+TD3,291,5933,69,59.63568596352101,0,1
GAIL+TD3,291,5933,70,2.051092319944293,0,1
GAIL+TD3,291,5933,71,187.05993812838358,0,1
GAIL+TD3,291,5933,72,7.535308572349339,0,1
GAIL+TD3,291,5933,73,4.271471341485408,0,1
GAIL+TD3,291,5933,74,6.963664981398457,0,1
GAIL+TD3,291,5933,75,12.879755085917441,0,1
GAIL+TD3,291,5933,76,3.417292117999107,0,1
GAIL+TD3,291,5933,77,3.318993038984975,0,1
GAIL+TD3,291,5933,78,2.0449652648091434,0,1
GAIL+TD3,291,5933,79,1.0803984447593264,0,1
GAIL+TD3,291,5933,80,109.007200720072,0,1
GAIL+TD3,291,5933,81,1.0772259607363326,0,1
GAIL+TD3,291,5933,82,93.41222222222221,0,1
GAIL+TD3,291,5933,83,176.50427913100725,0,1
GAIL+TD3,291,5933,84,2.290087788357273,0,1
GAIL+TD3,291,5933,85,10.078972082301716,0,1
GAIL+TD3,291,5933,86,4.197978795251308,0,1
GAIL+TD3,291,5933,87,23.901897018970185,0,1
GAIL+TD3,291,5933,88,2.8282753210289435,0,1
GAIL+TD3,291,5933,89,4.184183956984871,0,1
GAIL+TD3,291,5933,90,4.853442487779022,0,1
GAIL+TD3,291,5933,91,2.3308856963188704,0,1
GAIL+TD3,291,5933,92,152.2023928215354,0,1
GAIL+TD3,291,5933,93,2.982555040462615,0,1
GAIL+TD3,291,5933,94,3.543159685520036,0,1
GAIL+TD3,291,5933,95,1.622472431521487,0,1
GAIL+TD3,291,5933,96,80.58122362869199,0,1
GAIL+TD3,291,5933,97,1.7813434358669515,0,1
GAIL+TD3,291,5933,98,2.0071031500926497,0,1
GAIL+TD3,291,5936,5,4.089517078916372,0,1
GAIL+TD3,291,5936,6,22.286842105263155,0,1
GAIL+TD3,291,5936,7,15.231399999999999,0,1
GAIL+TD3,291,5936,8,3.7893071285809468,0,1
GAIL+TD3,291,5936,9,6.133099440850783,0,1
GAIL+TD3,291,5936,10,17.365202108963093,0,1
GAIL+TD3,291,5936,11,2.562371331867825,0,1
GAIL+TD3,291,5936,12,3.003322627090486,0,1
GAIL+TD3,291,5936,13,5.001300954032957,0,1
GAIL+TD3,291,5936,14,88.89610389610388,0,1
GAIL+TD3,291,5936,15,5.408266390256543,0,1
GAIL+TD3,291,5936,16,5.131080430245626,0,1
GAIL+TD3,291,5936,17,9.946967519402126,0,1
GAIL+TD3,291,5936,18,9.381203979540219,0,1
GAIL+TD3,291,5936,19,9.90149752099565,0,1
GAIL+TD3,291,5936,20,7.88777768669563,0,1
GAIL+TD3,291,5936,21,12.584498366275641,0,1
GAIL+TD3,291,5936,22,5.262172364520463,0,1
GAIL+TD3,291,5936,23,3.6884732712571093,0,1
GAIL+TD3,291,5936,24,5.478664310061861,0,1
GAIL+TD3,291,5936,25,104.81714842481327,0,1
GAIL+TD3,291,5936,26,6.45427278862256,0,1
GAIL+TD3,291,5936,28,3.380431351920042,0,1
GAIL+TD3,291,5936,29,5.8532464598665985,0,1
GAIL+TD3,291,5936,30,6.348557060832363,0,1
GAIL+TD3,291,5936,31,5.005894648367083,0,1
GAIL+TD3,291,5936,32,3.454410394878023,0,1
GAIL+TD3,291,5936,33,193.0171161825726,0,1
GAIL+TD3,291,5936,34,3.6348273501852773,0,1
GAIL+TD3,291,5936,35,1.8198451587612698,0,1
GAIL+TD3,291,5936,36,186.94505494505498,0,1
GAIL+TD3,291,5936,38,156.30622676579927,0,1
GAIL+TD3,291,5936,39,5.508364361702127,0,1
GAIL+TD3,291,5936,40,3.66478858075919,0,1
GAIL+TD3,291,5936,41,223.593984962406,0,1
GAIL+TD3,291,5936,42,2.8496727904913324,0,1
GAIL+TD3,291,5936,43,135.19820205479454,0,1
GAIL+TD3,291,5936,44,213.65299145299147,0,1
GAIL+TD3,291,5936,45,6.108162494178434,0,1
GAIL+TD3,291,5936,46,7.796480574266856,0,1
GAIL+TD3,291,5936,47,3.450092975521527,0,1
GAIL+TD3,291,5936,48,134.8870311793945,0,1
GAIL+TD3,291,5936,49,2.3047580009459248,0,1
GAIL+TD3,291,5936,50,2.2954453942374333,0,1
GAIL+TD3,291,5936,51,2.038432209279175,0,1
GAIL+TD3,291,5936,52,142.802233723781,0,1
GAIL+TD3,291,5936,53,6.817652642452331,0,1
GAIL+TD3,291,5936,54,2.450588095785128,0,1
GAIL+TD3,291,5936,55,125.16150590331921,0,1
GAIL+TD3,291,5936,56,3.443147241201269,0,1
GAIL+TD3,291,5936,57,6.594693589419146,0,1
GAIL+TD3,291,5936,58,1.5652316479393606,0,1
GAIL+TD3,291,5936,59,1.9349926593601692,0,1
GAIL+TD3,291,5936,60,2.445630206982258,0,1
GAIL+TD3,291,5936,61,138.04520341536917,0,1
GAIL+TD3,291,5936,63,156.52137816521378,0,1
GAIL+TD3,291,5936,64,2.762951420000779,0,1
GAIL+TD3,291,5936,65,1.773234416971594,0,1
GAIL+TD3,291,5936,66,90.29943363703521,0,1
GAIL+TD3,291,5936,67,5.041714456298018,0,1
GAIL+TD3,291,5936,68,194.3332280480101,0,1
GAIL+TD3,291,5936,69,19.539320388349513,0,1
GAIL+TD3,291,5936,70,5.107250313773362,0,1
GAIL+TD3,291,5936,71,8.134912332091895,0,1
GAIL+TD3,291,5936,72,1.460927006304014,0,1
GAIL+TD3,291,5936,73,1.8799083408837052,0,1
GAIL+TD3,291,5936,74,78.37091791703443,0,1
GAIL+TD3,291,5936,75,2.139862916568187,0,1
GAIL+TD3,291,5936,76,20.72256498432285,0,1
GAIL+TD3,291,5936,77,112.29966589565664,0,1
GAIL+TD3,291,5936,78,4.164438151676543,0,1
GAIL+TD3,291,5936,79,4.053239535402697,0,1
GAIL+TD3,291,5936,80,1.3941895788777352,0,1
GAIL+TD3,291,5936,81,2.5121313973900143,0,1
GAIL+TD3,291,5936,82,4.651181273029406,0,1
GAIL+TD3,291,5936,83,138.7680525164114,0,1
GAIL+TD3,291,5936,84,226.05509527754765,0,1
GAIL+TD3,291,5936,85,4.378329476969436,0,1
GAIL+TD3,291,5936,86,5.970728641217001,0,1
GAIL+TD3,291,5936,87,10.298958840990652,0,1
GAIL+TD3,291,5936,88,10.531703202223495,0,1
GAIL+TD3,291,5936,89,3.743998194218274,0,1
GAIL+TD3,291,5936,90,7.249259110933119,0,1
GAIL+TD3,291,5936,91,3.748303781900174,0,1
GAIL+TD3,291,5936,92,1.381076214881794,0,1
GAIL+TD3,291,5936,93,2.9357613048748674,0,1
GAIL+TD3,291,5936,94,19.264460131095582,0,1
GAIL+TD3,291,5936,95,1.6101155578717137,0,1
GAIL+TD3,291,5936,96,1.217710095882685,0,1
GAIL+TD3,291,5936,97,5.890925002651956,0,1
GAIL+TD3,291,5936,98,5.497366070614826,0,1
GAIL+TD3,291,5940,5,5.510448346904738,0,1
GAIL+TD3,291,5940,6,14.044150943396227,0,1
GAIL+TD3,291,5940,7,12.161011869080449,0,1
GAIL+TD3,291,5940,8,24.980576923076928,0,1
GAIL+TD3,291,5940,9,12.444866920152093,0,1
GAIL+TD3,291,5940,10,5.919329214474846,0,1
GAIL+TD3,291,5940,11,6.264739458663231,0,1
GAIL+TD3,291,5940,12,4.880534729098883,0,1
GAIL+TD3,291,5940,13,12.676890836349779,0,1
GAIL+TD3,291,5940,14,10.880852896833943,0,1
GAIL+TD3,291,5940,15,7.250614250614251,0,1
GAIL+TD3,291,5940,16,5.957677926093042,0,1
GAIL+TD3,291,5940,17,31.961934972244244,0,1
GAIL+TD3,291,5940,18,6.551005866565329,0,1
GAIL+TD3,291,5940,22,10.083218291630715,0,1
GAIL+TD3,291,5940,23,132.63101301641197,0,1
GAIL+TD3,291,5940,26,2.7310716160671986,0,1
GAIL+TD3,291,5940,27,1.902821672833675,0,1
GAIL+TD3,291,5940,33,10.965138861914934,0,1
GAIL+TD3,291,5940,34,8.850754902999244,0,1
GAIL+TD3,291,5940,35,203.18741542625168,0,1
GAIL+TD3,291,5940,36,185.43518518518513,0,1
GAIL+TD3,291,5940,37,4.193480317912347,0,1
GAIL+TD3,291,5940,38,171.42274096385546,0,1
GAIL+TD3,291,5940,39,2.222123014362083,0,1
GAIL+TD3,291,5940,41,2.405034786214522,0,1
GAIL+TD3,291,5940,43,116.53830878702631,0,1
GAIL+TD3,291,5940,45,3.214399452018329,0,1
GAIL+TD3,291,5940,47,3.6563780654841795,0,1
GAIL+TD3,291,5940,48,210.04004698846643,0,1
GAIL+TD3,291,5940,49,3.646106224681199,0,1
GAIL+TD3,291,5940,50,193.16632887447645,0,1
GAIL+TD3,291,5940,51,1.1059631991062155,0,1
GAIL+TD3,291,5940,52,23.09793036867194,0,1
GAIL+TD3,291,5940,53,144.88732698961937,0,1
GAIL+TD3,291,5940,54,107.65072836332479,0,1
GAIL+TD3,291,5940,55,22.941698256254735,0,1
GAIL+TD3,291,5940,56,163.36229534770627,0,1
GAIL+TD3,291,5940,57,5.4433455797622115,0,1
GAIL+TD3,291,5940,58,2.047244560075686,0,1
GAIL+TD3,291,5940,59,12.911886100225132,0,1
GAIL+TD3,291,5940,60,2.5113493919853203,0,1
GAIL+TD3,291,5940,61,2.1522306862896112,0,1
GAIL+TD3,291,5940,62,154.4414916416631,0,1
GAIL+TD3,291,5940,63,2.5954916723705224,0,1
GAIL+TD3,291,5940,64,224.85780525502315,0,1
GAIL+TD3,291,5940,65,2.858500022319888,0,1
GAIL+TD3,291,5940,66,71.57972469171206,0,1
GAIL+TD3,291,5940,67,171.0762582613116,0,1
GAIL+TD3,291,5940,68,3.182280441810345,0,1
GAIL+TD3,291,5940,69,1.776458902572632,0,1
GAIL+TD3,291,5940,70,4.498197748572062,0,1
GAIL+TD3,291,5940,71,3.798231202841094,0,1
GAIL+TD3,291,5940,72,2.5255271213312307,0,1
GAIL+TD3,291,5940,73,126.05542521994134,0,1
GAIL+TD3,291,5940,74,3.636769368093817,0,1
GAIL+TD3,291,5940,75,7.368255000813142,0,1
GAIL+TD3,291,5940,76,3.459045705198699,0,1
GAIL+TD3,291,5940,77,1.1526393812890279,0,1
GAIL+TD3,291,5940,78,4.8978794642857135,0,1
GAIL+TD3,291,5940,79,91.58629283489094,0,1
GAIL+TD3,291,5940,80,1.5225798667514185,0,1
GAIL+TD3,291,5940,81,1.108961459155465,0,1
GAIL+TD3,291,5940,82,31.956658197578843,0,1
GAIL+TD3,291,5940,83,14.333609163363963,0,1
GAIL+TD3,291,5940,84,5.201286752538425,0,1
GAIL+TD3,291,5940,85,1.9401907054835743,0,1
GAIL+TD3,291,5940,86,60.03660253402158,0,1
GAIL+TD3,291,5940,87,33.88864014694909,0,1
GAIL+TD3,291,5940,88,5.5067510279249134,0,1
GAIL+TD3,291,5940,89,3.0038986424052876,0,1
GAIL+TD3,291,5940,90,4.2822882968070015,0,1
GAIL+TD3,291,5940,91,3.4064177746442637,0,1
GAIL+TD3,291,5940,92,2.8049193488362203,0,1
GAIL+TD3,291,5940,93,15.63557903718045,0,1
GAIL+TD3,291,5940,94,2.002833715787759,0,1
GAIL+TD3,291,5940,95,1.0333819604793921,0,1
GAIL+TD3,291,5940,96,7.516694297082228,0,1
GAIL+TD3,291,5940,97,1.4607050742270637,0,1
GAIL+TD3,291,5940,98,1.8939737908761076,0,1
GAIL+TD3,291,5944,5,4.238118665748303,0,1
GAIL+TD3,291,5944,6,4.905858150470219,0,1
GAIL+TD3,291,5944,7,15.78190533253445,0,1
GAIL+TD3,291,5944,8,14.696475440569928,0,1
GAIL+TD3,291,5944,9,20.853124372111715,0,1
GAIL+TD3,291,5944,10,5.420469022790543,0,1
GAIL+TD3,291,5944,11,5.355351449102937,0,1
GAIL+TD3,291,5944,12,35.11271230056614,0,1
GAIL+TD3,291,5944,13,5.134198226270373,0,1
GAIL+TD3,291,5944,14,3.9390229519024365,0,1
GAIL+TD3,291,5944,15,11.701686272237353,0,1
GAIL+TD3,291,5944,16,9.513384945434195,0,1
GAIL+TD3,291,5944,17,5.282282696061545,0,1
GAIL+TD3,291,5944,18,8.382859458364287,0,1
GAIL+TD3,291,5944,19,5.311200255458428,0,1
GAIL+TD3,291,5944,20,5.684977700424236,0,1
GAIL+TD3,291,5944,21,8.558123891640676,0,1
GAIL+TD3,291,5944,24,6.42190418714257,0,1
GAIL+TD3,291,5944,25,3.6246983852007677,0,1
GAIL+TD3,291,5944,26,49.579576107899804,0,1
GAIL+TD3,291,5944,28,217.1193926846101,0,1
GAIL+TD3,291,5944,29,221.51,0,1
GAIL+TD3,291,5944,30,185.2287685774947,0,1
GAIL+TD3,291,5944,31,4.637553358795777,0,1
GAIL+TD3,291,5944,32,3.5713143539556116,0,1
GAIL+TD3,291,5944,33,3.5018544370193534,0,1
GAIL+TD3,291,5944,36,2.775731887505948,0,1
GAIL+TD3,291,5944,38,161.00738916256157,0,1
GAIL+TD3,291,5944,39,176.13569543912553,0,1
GAIL+TD3,291,5944,40,3.8946002076843205,0,1
GAIL+TD3,291,5944,41,2.097914815831213,0,1
GAIL+TD3,291,5944,42,2.465829242066833,0,1
GAIL+TD3,291,5944,43,5.446419354838709,0,1
GAIL+TD3,291,5944,45,4.5523520925613115,0,1
GAIL+TD3,291,5944,46,188.77098039215684,0,1
GAIL+TD3,291,5944,48,15.382344672476803,0,1
GAIL+TD3,291,5944,49,4.249501230226957,0,1
GAIL+TD3,291,5944,50,3.777044097663398,0,1
GAIL+TD3,291,5944,51,113.02626946513203,0,1
GAIL+TD3,291,5944,52,16.47588505540041,0,1
GAIL+TD3,291,5944,53,2.304542579276647,0,1
GAIL+TD3,291,5944,54,7.530317496508678,0,1
GAIL+TD3,291,5944,56,5.192335974410353,0,1
GAIL+TD3,291,5944,57,164.68977963525833,0,1
GAIL+TD3,291,5944,58,5.02364438217767,0,1
GAIL+TD3,291,5944,59,1.465616955091533,0,1
GAIL+TD3,291,5944,60,1.185673126959347,0,1
GAIL+TD3,291,5944,61,43.06264098559778,0,1
GAIL+TD3,291,5944,62,8.325005037275842,0,1
GAIL+TD3,291,5944,63,2.3797920768487977,0,1
GAIL+TD3,291,5944,64,169.95855717574827,0,1
GAIL+TD3,291,5944,65,6.157477369641655,0,1
GAIL+TD3,291,5944,66,8.467846765023792,0,1
GAIL+TD3,291,5944,67,4.75621243851752,0,1
GAIL+TD3,291,5944,68,3.4198515539387913,0,1
GAIL+TD3,291,5944,69,4.336741800683803,0,1
GAIL+TD3,291,5944,70,2.198321642832545,0,1
GAIL+TD3,291,5944,71,1.5972945707107447,0,1
GAIL+TD3,291,5944,72,120.2004547176961,0,1
GAIL+TD3,291,5944,73,4.068421010763124,0,1
GAIL+TD3,291,5944,74,2.496244979826876,0,1
GAIL+TD3,291,5944,75,117.7531066056246,0,1
GAIL+TD3,291,5944,76,142.17222392168858,0,1
GAIL+TD3,291,5944,77,5.808686659772493,0,1
GAIL+TD3,291,5944,78,1.5416759022791886,0,1
GAIL+TD3,291,5944,79,2.098627469420948,0,1
GAIL+TD3,291,5944,80,178.43767313019393,0,1
GAIL+TD3,291,5944,81,3.299502237757511,0,1
GAIL+TD3,291,5944,82,4.065078015691692,0,1
GAIL+TD3,291,5944,83,144.03126843657816,0,1
GAIL+TD3,291,5944,84,176.34500100583384,0,1
GAIL+TD3,291,5944,85,4.918374032781428,0,1
GAIL+TD3,291,5944,86,3.0744136800132127,0,1
GAIL+TD3,291,5944,87,1.9442027959295147,0,1
GAIL+TD3,291,5944,88,47.02931216931217,0,1
GAIL+TD3,291,5944,89,7.528549867351625,0,1
GAIL+TD3,291,5944,90,91.29905085706189,0,1
GAIL+TD3,291,5944,91,3.104217281814047,0,1
GAIL+TD3,291,5944,92,5.3824804012270535,0,1
GAIL+TD3,291,5944,93,2.1080247132678824,0,1
GAIL+TD3,291,5944,94,118.24986459649757,0,1
GAIL+TD3,291,5944,95,9.328326732163985,0,1
GAIL+TD3,291,5944,96,2.254990118577075,0,1
GAIL+TD3,291,5944,97,139.58733759538046,0,1
GAIL+TD3,291,5944,98,2.6029308804712588,0,1
GAIL+TD3,291,5948,5,4.237183868762816,0,1
GAIL+TD3,291,5948,6,8.08125240107568,0,1
GAIL+TD3,291,5948,7,12.818719465158138,0,1
GAIL+TD3,291,5948,8,2.910309210956396,0,1
GAIL+TD3,291,5948,9,5.003384323812102,0,1
GAIL+TD3,291,5948,10,30.566974595842954,0,1
GAIL+TD3,291,5948,11,15.72225208277345,0,1
GAIL+TD3,291,5948,12,8.501889689382308,0,1
GAIL+TD3,291,5948,13,8.448594888400601,0,1
GAIL+TD3,291,5948,14,8.663970062187001,0,1
GAIL+TD3,291,5948,15,11.38549140938714,0,1
GAIL+TD3,291,5948,16,11.653962326322151,0,1
GAIL+TD3,291,5948,17,14.09195559819104,0,1
GAIL+TD3,291,5948,18,8.511682395053695,0,1
GAIL+TD3,291,5948,19,7.043026589169712,0,1
GAIL+TD3,291,5948,20,3.92913522421719,0,1
GAIL+TD3,291,5948,22,8.57952536295042,0,1
GAIL+TD3,291,5948,23,6.501217452343871,0,1
GAIL+TD3,291,5948,25,142.36562671045434,0,1
GAIL+TD3,291,5948,26,4.216576004982337,0,1
GAIL+TD3,291,5948,27,4.464950516037574,0,1
GAIL+TD3,291,5948,28,4.276676920618432,0,1
GAIL+TD3,291,5948,29,4.983623744831659,0,1
GAIL+TD3,291,5948,31,140.0840950639854,0,1
GAIL+TD3,291,5948,32,2.8003236304356975,0,1
GAIL+TD3,291,5948,33,183.22110254890333,0,1
GAIL+TD3,291,5948,34,2.949624003420437,0,1
GAIL+TD3,291,5948,35,4.128239783749405,0,1
GAIL+TD3,291,5948,36,182.27178217821776,0,1
GAIL+TD3,291,5948,37,150.73399503722086,0,1
GAIL+TD3,291,5948,38,29.06725781423188,0,1
GAIL+TD3,291,5948,39,3.5254358341719962,0,1
GAIL+TD3,291,5948,40,3.915433106140603,0,1
GAIL+TD3,291,5948,41,172.06747474747476,0,1
GAIL+TD3,291,5948,43,3.4348791436080113,0,1
GAIL+TD3,291,5948,45,6.348874333404835,0,1
GAIL+TD3,291,5948,47,5.382624666458745,0,1
GAIL+TD3,291,5948,48,206.17934018388317,0,1
GAIL+TD3,291,5948,49,4.115974823489462,0,1
GAIL+TD3,291,5948,51,3.1549810248708963,0,1
GAIL+TD3,291,5948,52,9.389819497053672,0,1
GAIL+TD3,291,5948,53,157.428100746815,0,1
GAIL+TD3,291,5948,54,2.423656943095378,0,1
GAIL+TD3,291,5948,55,1.382909388039279,0,1
GAIL+TD3,291,5948,56,218.5817571690055,0,1
GAIL+TD3,291,5948,57,1.224568319425921,0,1
GAIL+TD3,291,5948,58,100.60459237413103,0,1
GAIL+TD3,291,5948,59,183.00314889788572,0,1
GAIL+TD3,291,5948,60,6.342197508165355,0,1
GAIL+TD3,291,5948,61,2.8534925975102077,0,1
GAIL+TD3,291,5948,62,213.47685500340364,0,1
GAIL+TD3,291,5948,63,3.987588305803742,0,1
GAIL+TD3,291,5948,64,32.970284164736455,0,1
GAIL+TD3,291,5948,65,1.500125742509519,0,1
GAIL+TD3,291,5948,66,15.398226299694187,0,1
GAIL+TD3,291,5948,67,1.408196928407717,0,1
GAIL+TD3,291,5948,68,173.15465465465465,0,1
GAIL+TD3,291,5948,69,2.8087985195519454,0,1
GAIL+TD3,291,5948,71,191.24942886812042,0,1
GAIL+TD3,291,5948,72,12.665966617251414,0,1
GAIL+TD3,291,5948,73,8.00880183421638,0,1
GAIL+TD3,291,5948,74,4.7187748719533325,0,1
GAIL+TD3,291,5948,75,3.0300436675125573,0,1
GAIL+TD3,291,5948,76,1.4481899994538028,0,1
GAIL+TD3,291,5948,77,13.116797800015277,0,1
GAIL+TD3,291,5948,78,4.025979714153989,0,1
GAIL+TD3,291,5948,79,4.131912385064731,0,1
GAIL+TD3,291,5948,80,4.46099788830258,0,1
GAIL+TD3,291,5948,81,134.8289238469789,0,1
GAIL+TD3,291,5948,82,42.656096298213825,0,1
GAIL+TD3,291,5948,83,2.158401296950799,0,1
GAIL+TD3,291,5948,84,1.4845588823571991,0,1
GAIL+TD3,291,5948,85,3.5993542972905077,0,1
GAIL+TD3,291,5948,86,6.263716754421494,0,1
GAIL+TD3,291,5948,87,118.4869690424766,0,1
GAIL+TD3,291,5948,88,126.52472977399277,0,1
GAIL+TD3,291,5948,89,2.810543328852167,0,1
GAIL+TD3,291,5948,90,2.6942412148268504,0,1
GAIL+TD3,291,5948,91,0.8586716539154882,1,1
GAIL+TD3,291,5950,5,5.328123473673928,0,1
GAIL+TD3,291,5950,6,5.1825790754257905,0,1
GAIL+TD3,291,5950,7,17.437245787332945,0,1
GAIL+TD3,291,5950,8,9.656060167775529,0,1
GAIL+TD3,291,5950,9,7.215970350404311,0,1
GAIL+TD3,291,5950,10,6.058757221361139,0,1
GAIL+TD3,291,5950,11,6.361930407708166,0,1
GAIL+TD3,291,5950,12,59.15679702048417,0,1
GAIL+TD3,291,5950,13,3.2037230969232993,0,1
GAIL+TD3,291,5950,14,75.14525139664806,0,1
GAIL+TD3,291,5950,15,13.178204640547733,0,1
GAIL+TD3,291,5950,16,5.514079157607984,0,1
GAIL+TD3,291,5950,17,5.586725745407551,0,1
GAIL+TD3,291,5950,18,8.121092922630032,0,1
GAIL+TD3,291,5950,19,2.6535925813842893,0,1
GAIL+TD3,291,5950,21,6.553800106894709,0,1
GAIL+TD3,291,5950,23,178.9480925578487,0,1
GAIL+TD3,291,5950,25,2.065208555114681,0,1
GAIL+TD3,291,5950,26,4.355630660777228,0,1
GAIL+TD3,291,5950,27,5.101643618754948,0,1
GAIL+TD3,291,5950,28,6.011469044768437,0,1
GAIL+TD3,291,5950,29,5.332210195002371,0,1
GAIL+TD3,291,5950,30,5.577395795345904,0,1
GAIL+TD3,291,5950,31,150.31576908175128,0,1
GAIL+TD3,291,5950,32,3.7711139442862707,0,1
GAIL+TD3,291,5950,33,3.0334136738573925,0,1
GAIL+TD3,291,5950,34,1.9348467640246465,0,1
GAIL+TD3,291,5950,35,172.53255425709517,0,1
GAIL+TD3,291,5950,37,4.30845273890914,0,1
GAIL+TD3,291,5950,39,4.539973683449492,0,1
GAIL+TD3,291,5950,40,188.52988047808765,0,1
GAIL+TD3,291,5950,41,1.8773639162353257,0,1
GAIL+TD3,291,5950,43,2.748110447397294,0,1
GAIL+TD3,291,5950,44,10.725316014730767,0,1
GAIL+TD3,291,5950,46,204.44008655666755,0,1
GAIL+TD3,291,5950,47,6.6648517119404005,0,1
GAIL+TD3,291,5950,48,15.176428410192402,0,1
GAIL+TD3,291,5950,49,5.912312431118772,0,1
GAIL+TD3,291,5950,50,2.545278075620305,0,1
GAIL+TD3,291,5950,51,18.88135312985682,0,1
GAIL+TD3,291,5950,52,6.1344904831006355,0,1
GAIL+TD3,291,5950,53,1.3553425828732066,0,1
GAIL+TD3,291,5950,54,26.027279552848917,0,1
GAIL+TD3,291,5950,55,10.39423336028025,0,1
GAIL+TD3,291,5950,56,13.924632977318188,0,1
GAIL+TD3,291,5950,57,154.1146529562982,0,1
GAIL+TD3,291,5950,58,8.073381035144347,0,1
GAIL+TD3,291,5950,59,10.906500736859341,0,1
GAIL+TD3,291,5950,60,6.3717277486911,0,1
GAIL+TD3,291,5950,61,2.658376251559451,0,1
GAIL+TD3,291,5950,62,24.10455821991791,0,1
GAIL+TD3,291,5950,63,1.6556262876203143,0,1
GAIL+TD3,291,5950,64,96.13540467970847,0,1
GAIL+TD3,291,5950,65,3.7275507676010005,0,1
GAIL+TD3,291,5950,66,2.503812187319529,0,1
GAIL+TD3,291,5950,67,1.8675456725075998,0,1
GAIL+TD3,291,5950,68,2.4411600132892692,0,1
GAIL+TD3,291,5950,69,200.56998654104981,0,1
GAIL+TD3,291,5950,70,220.8462421113024,0,1
GAIL+TD3,291,5950,71,11.853014082972404,0,1
GAIL+TD3,291,5950,72,2.6748307686822907,0,1
GAIL+TD3,291,5950,73,135.44073033707866,0,1
GAIL+TD3,291,5950,74,5.349041866898797,0,1
GAIL+TD3,291,5950,75,6.159514184653143,0,1
GAIL+TD3,291,5950,76,3.6859405741370064,0,1
GAIL+TD3,291,5950,77,1.504256712508186,0,1
GAIL+TD3,291,5950,78,212.97363993269772,0,1
GAIL+TD3,291,5950,80,2.6174101572377886,0,1
GAIL+TD3,291,5950,81,37.514345067654816,0,1
GAIL+TD3,291,5950,82,67.6774366680979,0,1
GAIL+TD3,291,5950,83,6.9480762296505025,0,1
GAIL+TD3,291,5950,84,9.64246921306126,0,1
GAIL+TD3,291,5950,85,3.816717051012171,0,1
GAIL+TD3,291,5950,86,2.143228281940087,0,1
GAIL+TD3,291,5950,87,5.318010918829832,0,1
GAIL+TD3,291,5950,88,1.185903230550517,0,1
GAIL+TD3,291,5950,89,1.9735998459377404,0,1
GAIL+TD3,291,5950,91,218.5797649034425,0,1
GAIL+TD3,291,5950,92,191.83098265895956,0,1
GAIL+TD3,291,5950,93,5.566742763112153,0,1
GAIL+TD3,291,5950,94,11.512930292816726,0,1
GAIL+TD3,291,5950,95,5.181281867838608,0,1
GAIL+TD3,291,5950,96,4.550118997620047,0,1
GAIL+TD3,291,5950,97,1.1459561545864305,0,1
GAIL+TD3,291,5950,98,1.5704661724071896,0,1
GAIL+TD3,291,5951,5,3.5169317849126567,0,1
GAIL+TD3,291,5951,6,6.368099331423115,0,1
GAIL+TD3,291,5951,7,5.563108945969884,0,1
GAIL+TD3,291,5951,8,2.481920254619397,0,1
GAIL+TD3,291,5951,9,1.920348160518192,0,1
GAIL+TD3,291,5951,10,5.41665777967367,0,1
GAIL+TD3,291,5951,11,3.0564037806604674,0,1
GAIL+TD3,291,5951,12,7.632089090534131,0,1
GAIL+TD3,291,5951,13,13.44354393074231,0,1
GAIL+TD3,291,5951,14,18.942135018290656,0,1
GAIL+TD3,291,5951,15,8.990162190906673,0,1
GAIL+TD3,291,5951,16,4.731685091484616,0,1
GAIL+TD3,291,5951,17,6.281050678418183,0,1
GAIL+TD3,291,5951,18,8.47424876937771,0,1
GAIL+TD3,291,5951,19,7.641395981266052,0,1
GAIL+TD3,291,5951,20,7.739096048507571,0,1
GAIL+TD3,291,5951,21,6.136479010738691,0,1
GAIL+TD3,291,5951,22,6.99023455972761,0,1
GAIL+TD3,291,5951,24,208.9947407963937,0,1
GAIL+TD3,291,5951,25,8.524191571393548,0,1
GAIL+TD3,291,5951,26,4.052007053464279,0,1
GAIL+TD3,291,5951,28,3.257120463986206,0,1
GAIL+TD3,291,5951,30,3.386687900159251,0,1
GAIL+TD3,291,5951,31,191.33333333333334,0,1
GAIL+TD3,291,5951,32,4.958001024951155,0,1
GAIL+TD3,291,5951,33,3.535978795992399,0,1
GAIL+TD3,291,5951,34,6.89256845778585,0,1
GAIL+TD3,291,5951,35,175.14772727272728,0,1
GAIL+TD3,291,5951,36,5.577678070667414,0,1
GAIL+TD3,291,5951,37,2.8392057358350016,0,1
GAIL+TD3,291,5951,38,1.5212145512867243,0,1
GAIL+TD3,291,5951,40,20.12917414202211,0,1
GAIL+TD3,291,5951,41,1.5722245544403315,0,1
GAIL+TD3,291,5951,44,7.148999581145085,0,1
GAIL+TD3,291,5951,45,66.76073121191605,0,1
GAIL+TD3,291,5951,46,2.7115792962085603,0,1
GAIL+TD3,291,5951,47,6.575879985155157,0,1
GAIL+TD3,291,5951,48,6.209283124528844,0,1
GAIL+TD3,291,5951,49,2.1613733069440197,0,1
GAIL+TD3,291,5951,50,214.37287173666286,0,1
GAIL+TD3,291,5951,51,5.329207156027308,0,1
GAIL+TD3,291,5951,52,132.15204902336268,0,1
GAIL+TD3,291,5951,53,226.58710129688043,0,1
GAIL+TD3,291,5951,54,3.784856945033838,0,1
GAIL+TD3,291,5951,55,7.460164806508815,0,1
GAIL+TD3,291,5951,56,4.148386697219298,0,1
GAIL+TD3,291,5951,57,9.50502091032873,0,1
GAIL+TD3,291,5951,58,3.461159550914043,0,1
GAIL+TD3,291,5951,59,2.2642907182050735,0,1
GAIL+TD3,291,5951,60,123.17947247706421,0,1
GAIL+TD3,291,5951,61,4.502159690655096,0,1
GAIL+TD3,291,5951,62,1.7265632215756905,0,1
GAIL+TD3,291,5951,63,1.660338376070338,0,1
GAIL+TD3,291,5951,64,161.32728706624604,0,1
GAIL+TD3,291,5951,66,12.750957187608774,0,1
GAIL+TD3,291,5951,68,4.262377592083814,0,1
GAIL+TD3,291,5951,69,9.58186889341387,0,1
GAIL+TD3,291,5951,70,4.992077483485907,0,1
GAIL+TD3,291,5951,71,2.5583317384494606,0,1
GAIL+TD3,291,5951,72,2.4339566374711454,0,1
GAIL+TD3,291,5951,75,193.30729802294363,0,1
GAIL+TD3,291,5951,76,7.2115925573918975,0,1
GAIL+TD3,291,5951,77,4.228090818547996,0,1
GAIL+TD3,291,5951,78,4.842069205693114,0,1
GAIL+TD3,291,5951,79,2.483850943504008,0,1
GAIL+TD3,291,5951,80,22.938369499805304,0,1
GAIL+TD3,291,5951,81,1.5075354985534264,0,1
GAIL+TD3,291,5951,82,11.788948680929256,0,1
GAIL+TD3,291,5951,83,1.2374403658640798,0,1
GAIL+TD3,291,5951,84,129.95860389610388,0,1
GAIL+TD3,291,5951,85,2.999189112320046,0,1
GAIL+TD3,291,5951,86,2.4930188410144942,0,1
GAIL+TD3,291,5951,87,6.2970458352367915,0,1
GAIL+TD3,291,5951,88,43.31566188870152,0,1
GAIL+TD3,291,5951,89,28.62067763524819,0,1
GAIL+TD3,291,5951,90,1.2769634344706977,0,1
GAIL+TD3,291,5951,91,2.218647944596226,0,1
GAIL+TD3,291,5951,93,4.381798356087514,0,1
GAIL+TD3,291,5951,94,196.60420196543544,0,1
GAIL+TD3,291,5951,95,103.51883545716676,0,1
GAIL+TD3,291,5951,96,19.076198782881043,0,1
GAIL+TD3,291,5951,97,4.832526426884224,0,1
GAIL+TD3,291,5951,98,1.9669091993684482,0,1
GAIL+TD3,291,5955,5,5.367222329908897,0,1
GAIL+TD3,291,5955,6,9.253646523962871,0,1
GAIL+TD3,291,5955,7,12.828729281767956,0,1
GAIL+TD3,291,5955,8,3.56950806019868,0,1
GAIL+TD3,291,5955,9,2.327361791462561,0,1
GAIL+TD3,291,5955,10,41.34281115879829,0,1
GAIL+TD3,291,5955,11,9.961710213776723,0,1
GAIL+TD3,291,5955,12,2.4411544711253264,0,1
GAIL+TD3,291,5955,13,10.014012032932236,0,1
GAIL+TD3,291,5955,14,5.763489640130862,0,1
GAIL+TD3,291,5955,15,25.633676333021512,0,1
GAIL+TD3,291,5955,16,5.973710279661664,0,1
GAIL+TD3,291,5955,17,9.61923763026946,0,1
GAIL+TD3,291,5955,18,8.510992423301452,0,1
GAIL+TD3,291,5955,19,5.690411854434517,0,1
GAIL+TD3,291,5955,20,3.222903548842887,0,1
GAIL+TD3,291,5955,21,5.012799587664289,0,1
GAIL+TD3,291,5955,22,4.894652660701164,0,1
GAIL+TD3,291,5955,23,5.803949848082766,0,1
GAIL+TD3,291,5955,24,4.578500172563973,0,1
GAIL+TD3,291,5955,26,4.834542365127603,0,1
GAIL+TD3,291,5955,28,117.02703900709218,0,1
GAIL+TD3,291,5955,29,5.148477861484779,0,1
GAIL+TD3,291,5955,30,3.1736655045954634,0,1
GAIL+TD3,291,5955,31,2.91228266875956,0,1
GAIL+TD3,291,5955,32,2.4931564539903137,0,1
GAIL+TD3,291,5955,37,3.38479733917283,0,1
GAIL+TD3,291,5955,38,5.296825278255023,0,1
GAIL+TD3,291,5955,42,65.07545354590435,0,1
GAIL+TD3,291,5955,43,4.789803504133366,0,1
GAIL+TD3,291,5955,44,7.222799497114466,0,1
GAIL+TD3,291,5955,45,182.3093652907235,0,1
GAIL+TD3,291,5955,46,187.06663560111838,0,1
GAIL+TD3,291,5955,47,2.948317741786996,0,1
GAIL+TD3,291,5955,48,1.6340546323995022,0,1
GAIL+TD3,291,5955,50,10.738036681950812,0,1
GAIL+TD3,291,5955,51,5.161152776804282,0,1
GAIL+TD3,291,5955,52,209.7269911504425,0,1
GAIL+TD3,291,5955,53,16.01893292875656,0,1
GAIL+TD3,291,5955,54,3.7716458159102935,0,1
GAIL+TD3,291,5955,55,1.7730434812247138,0,1
GAIL+TD3,291,5955,56,124.61427635887361,0,1
GAIL+TD3,291,5955,57,2.9506335816402767,0,1
GAIL+TD3,291,5955,58,1.3563636212741768,0,1
GAIL+TD3,291,5955,59,200.7862796833773,0,1
GAIL+TD3,291,5955,60,3.552294041219466,0,1
GAIL+TD3,291,5955,61,217.05873099108544,0,1
GAIL+TD3,291,5955,62,31.44305772230889,0,1
GAIL+TD3,291,5955,63,114.79563453737687,0,1
GAIL+TD3,291,5955,64,9.410480908857949,0,1
GAIL+TD3,291,5955,65,1.9922176317544156,0,1
GAIL+TD3,291,5955,66,110.259702457956,0,1
GAIL+TD3,291,5955,67,1.7094520830874542,0,1
GAIL+TD3,291,5955,68,5.570905565908107,0,1
GAIL+TD3,291,5955,69,25.821760694358343,0,1
GAIL+TD3,291,5955,70,178.10633608815428,0,1
GAIL+TD3,291,5955,71,200.28224372901443,0,1
GAIL+TD3,291,5955,72,2.9572908230680706,0,1
GAIL+TD3,291,5955,73,3.782412210735244,0,1
GAIL+TD3,291,5955,74,2.1979273677142914,0,1
GAIL+TD3,291,5955,75,24.68628231936008,0,1
GAIL+TD3,291,5955,76,53.87869120654396,0,1
GAIL+TD3,291,5955,77,90.80846623937994,0,1
GAIL+TD3,291,5955,78,3.025492568567832,0,1
GAIL+TD3,291,5955,79,1.9803956266194778,0,1
GAIL+TD3,291,5955,80,1.2350085973690113,0,1
GAIL+TD3,291,5955,81,3.218663309788563,0,1
GAIL+TD3,291,5955,82,50.90740532644118,0,1
GAIL+TD3,291,5955,83,1.9538330530004997,0,1
GAIL+TD3,291,5955,84,119.25961186378613,0,1
GAIL+TD3,291,5955,85,4.507838429112641,0,1
GAIL+TD3,291,5955,86,10.4899494142705,0,1
GAIL+TD3,291,5955,87,3.595107005101406,0,1
GAIL+TD3,291,5955,88,2.2541366200803648,0,1
GAIL+TD3,291,5955,89,182.89353197674416,0,1
GAIL+TD3,291,5955,90,6.125929784013411,0,1
GAIL+TD3,291,5955,91,1.9997847853851634,0,1
GAIL+TD3,291,5955,92,3.0107732855751523,0,1
GAIL+TD3,291,5955,93,126.68675274988044,0,1
GAIL+TD3,291,5955,94,3.541596199092777,0,1
GAIL+TD3,291,5955,95,93.87128579146408,0,1
GAIL+TD3,291,5955,96,2.8912857111222885,0,1
GAIL+TD3,291,5955,97,3.63038119308936,0,1
GAIL+TD3,291,5955,98,4.896157795190489,0,1
GAIL+TD3,291,5962,5,3.812136735297015,0,1
GAIL+TD3,291,5962,6,10.700391389432484,0,1
GAIL+TD3,291,5962,7,17.13625746171814,0,1
GAIL+TD3,291,5962,8,8.18707828819669,0,1
GAIL+TD3,291,5962,9,37.68411214953273,0,1
GAIL+TD3,291,5962,10,36.317799352750804,0,1
GAIL+TD3,291,5962,11,3.5317947062621045,0,1
GAIL+TD3,291,5962,12,1.3776300987458854,0,1
GAIL+TD3,291,5962,13,1.2357965920718956,0,1
GAIL+TD3,291,5962,14,14.893967661691542,0,1
GAIL+TD3,291,5962,15,1.7212905330107908,0,1
GAIL+TD3,291,5962,16,4.696476581293335,0,1
GAIL+TD3,291,5962,17,6.331166579996533,0,1
GAIL+TD3,291,5962,18,6.143090760425185,0,1
GAIL+TD3,291,5962,19,14.741577780124619,0,1
GAIL+TD3,291,5962,20,6.673645586013382,0,1
GAIL+TD3,291,5962,21,6.576594991941507,0,1
GAIL+TD3,291,5962,22,4.994681534390175,0,1
GAIL+TD3,291,5962,23,3.517312211680738,0,1
GAIL+TD3,291,5962,24,7.719648038940371,0,1
GAIL+TD3,291,5962,25,8.418738481212621,0,1
GAIL+TD3,291,5962,26,7.305117313915857,0,1
GAIL+TD3,291,5962,27,4.682420573802786,0,1
GAIL+TD3,291,5962,28,6.89005256691708,0,1
GAIL+TD3,291,5962,29,4.050165499575856,0,1
GAIL+TD3,291,5962,32,7.244446717468761,0,1
GAIL+TD3,291,5962,33,4.017091143015877,0,1
GAIL+TD3,291,5962,35,143.05653912050258,0,1
GAIL+TD3,291,5962,36,3.4856427646228396,0,1
GAIL+TD3,291,5962,37,2.696205098493627,0,1
GAIL+TD3,291,5962,39,4.47535516372796,0,1
GAIL+TD3,291,5962,40,222.60115606936415,0,1
GAIL+TD3,291,5962,41,22.055330634278004,0,1
GAIL+TD3,291,5962,42,170.125936329588,0,1
GAIL+TD3,291,5962,43,165.95918367346937,0,1
GAIL+TD3,291,5962,44,1.730624740972473,0,1
GAIL+TD3,291,5962,45,13.651284740429997,0,1
GAIL+TD3,291,5962,46,3.353429455238797,0,1
GAIL+TD3,291,5962,48,181.67019667170953,0,1
GAIL+TD3,291,5962,49,5.342045363911334,0,1
GAIL+TD3,291,5962,51,3.5052652576646266,0,1
GAIL+TD3,291,5962,52,5.6204755084503,0,1
GAIL+TD3,291,5962,53,183.55358427235674,0,1
GAIL+TD3,291,5962,54,4.929410902443651,0,1
GAIL+TD3,291,5962,55,5.9161774627571715,0,1
GAIL+TD3,291,5962,56,3.939680243820544,0,1
GAIL+TD3,291,5962,57,2.2578505842747294,0,1
GAIL+TD3,291,5962,58,23.024511624452202,0,1
GAIL+TD3,291,5962,59,2.322497739069971,0,1
GAIL+TD3,291,5962,62,210.36760873922634,0,1
GAIL+TD3,291,5962,63,8.46206652198946,0,1
GAIL+TD3,291,5962,64,2.8273175056644666,0,1
GAIL+TD3,291,5962,65,4.836195037987542,0,1
GAIL+TD3,291,5962,66,6.8648496671225345,0,1
GAIL+TD3,291,5962,67,126.009285471634,0,1
GAIL+TD3,291,5962,68,4.003748996471312,0,1
GAIL+TD3,291,5962,69,45.95794361079334,0,1
GAIL+TD3,291,5962,70,1.2140123766894373,0,1
GAIL+TD3,291,5962,71,21.608839779005525,0,1
GAIL+TD3,291,5962,72,1.2833907937020628,0,1
GAIL+TD3,291,5962,73,9.237544513051718,0,1
GAIL+TD3,291,5962,75,8.828325206939562,0,1
GAIL+TD3,291,5962,76,18.103385775393313,0,1
GAIL+TD3,291,5962,77,4.303917942834715,0,1
GAIL+TD3,291,5962,78,14.147648058110242,0,1
GAIL+TD3,291,5962,79,3.3014260853495148,0,1
GAIL+TD3,291,5962,80,2.614064728024707,0,1
GAIL+TD3,291,5962,81,1.338608578442499,0,1
GAIL+TD3,291,5962,82,2.1415346103373363,0,1
GAIL+TD3,291,5962,83,174.03468735737107,0,1
GAIL+TD3,291,5962,84,3.141156751142715,0,1
GAIL+TD3,291,5962,85,123.59625744258575,0,1
GAIL+TD3,291,5962,86,4.759779758783431,0,1
GAIL+TD3,291,5962,87,5.18582241572136,0,1
GAIL+TD3,291,5962,88,6.117977370093651,0,1
GAIL+TD3,291,5962,89,2.194362775762125,0,1
GAIL+TD3,291,5962,90,43.59708167943199,0,1
GAIL+TD3,291,5962,91,3.5540874502594657,0,1
GAIL+TD3,291,5962,92,2.818086748209061,0,1
GAIL+TD3,291,5962,93,1.7728978764699168,0,1
GAIL+TD3,291,5962,94,2.831205689754983,0,1
GAIL+TD3,291,5962,95,3.476188817127502,0,1
GAIL+TD3,291,5962,96,5.846424081059092,0,1
GAIL+TD3,291,5962,97,1.8877649696627388,0,1
GAIL+TD3,291,5962,98,1.1328942599697565,0,1
GAIL+TD3,291,5963,5,4.8945039819093505,0,1
GAIL+TD3,291,5963,6,4.655541376263866,0,1
GAIL+TD3,291,5963,7,16.062278630460447,0,1
GAIL+TD3,291,5963,8,16.02870090634441,0,1
GAIL+TD3,291,5963,9,16.81543573478326,0,1
GAIL+TD3,291,5963,10,6.829662004662005,0,1
GAIL+TD3,291,5963,11,7.03609118735438,0,1
GAIL+TD3,291,5963,12,11.869771648202578,0,1
GAIL+TD3,291,5963,13,4.071394777750243,0,1
GAIL+TD3,291,5963,14,5.40163717283035,0,1
GAIL+TD3,291,5963,15,9.568936055400666,0,1
GAIL+TD3,291,5963,16,8.682136796281265,0,1
GAIL+TD3,291,5963,17,10.74537389667996,0,1
GAIL+TD3,291,5963,18,6.553524162960133,0,1
GAIL+TD3,291,5963,19,5.468451453195196,0,1
GAIL+TD3,291,5963,20,7.453089553851138,0,1
GAIL+TD3,291,5963,21,7.546763853517168,0,1
GAIL+TD3,291,5963,24,5.492523288780883,0,1
GAIL+TD3,291,5963,25,207.83593420497684,0,1
GAIL+TD3,291,5963,26,3.5368685503808464,0,1
GAIL+TD3,291,5963,27,4.1197564208616955,0,1
GAIL+TD3,291,5963,28,218.129168425496,0,1
GAIL+TD3,291,5963,29,2.9177004520720957,0,1
GAIL+TD3,291,5963,30,4.6416213889309015,0,1
GAIL+TD3,291,5963,31,2.262971258884337,0,1
GAIL+TD3,291,5963,32,193.8195452346396,0,1
GAIL+TD3,291,5963,33,9.73308885754584,0,1
GAIL+TD3,291,5963,34,1.7335854466587326,0,1
GAIL+TD3,291,5963,36,2.278044609043973,0,1
GAIL+TD3,291,5963,40,146.7232297063903,0,1
GAIL+TD3,291,5963,41,5.326401869158878,0,1
GAIL+TD3,291,5963,42,170.59118595485495,0,1
GAIL+TD3,291,5963,43,6.992413130876131,0,1
GAIL+TD3,291,5963,44,2.143941858807272,0,1
GAIL+TD3,291,5963,45,193.4178334561533,0,1
GAIL+TD3,291,5963,46,2.474133295930056,0,1
GAIL+TD3,291,5963,47,3.7370506025162937,0,1
GAIL+TD3,291,5963,48,1.7189102672961314,0,1
GAIL+TD3,291,5963,49,122.29922480620154,0,1
GAIL+TD3,291,5963,50,3.0749928935059563,0,1
GAIL+TD3,291,5963,51,154.4377431906615,0,1
GAIL+TD3,291,5963,52,11.083655936238484,0,1
GAIL+TD3,291,5963,53,24.17735464560912,0,1
GAIL+TD3,291,5963,54,4.848177344533602,0,1
GAIL+TD3,291,5963,55,3.664924804558102,0,1
GAIL+TD3,291,5963,56,3.132575568501893,0,1
GAIL+TD3,291,5963,57,2.106954667953823,0,1
GAIL+TD3,291,5963,58,158.0289338089576,0,1
GAIL+TD3,291,5963,59,2.2011489791165286,0,1
GAIL+TD3,291,5963,60,136.770030816641,0,1
GAIL+TD3,291,5963,61,2.99175024859742,0,1
GAIL+TD3,291,5963,62,3.341942107438568,0,1
GAIL+TD3,291,5963,63,3.621884632320563,0,1
GAIL+TD3,291,5963,64,123.19374806561434,0,1
GAIL+TD3,291,5963,65,21.1780339417227,0,1
GAIL+TD3,291,5963,66,1.5679906373264367,0,1
GAIL+TD3,291,5963,67,7.399157849276614,0,1
GAIL+TD3,291,5963,68,2.3580961660473125,0,1
GAIL+TD3,291,5963,69,150.8407871198569,0,1
GAIL+TD3,291,5963,70,115.37279151943461,0,1
GAIL+TD3,291,5963,71,2.868038782364598,0,1
GAIL+TD3,291,5963,72,187.37031615925062,0,1
GAIL+TD3,291,5963,73,4.271943369806455,0,1
GAIL+TD3,291,5963,74,10.863791664493244,0,1
GAIL+TD3,291,5963,75,33.44263710954369,0,1
GAIL+TD3,291,5963,76,2.424909149277689,0,1
GAIL+TD3,291,5963,77,7.429550142422158,0,1
GAIL+TD3,291,5963,78,7.8319999199952,0,1
GAIL+TD3,291,5963,79,3.1996294262970078,0,1
GAIL+TD3,291,5963,80,1.6638136999192785,0,1
GAIL+TD3,291,5963,81,6.709200128395214,0,1
GAIL+TD3,291,5963,82,2.4125277654375834,0,1
GAIL+TD3,291,5963,83,1.238090847270087,0,1
GAIL+TD3,291,5963,84,1.1047920068939332,0,1
GAIL+TD3,291,5963,85,97.72940469031869,0,1
GAIL+TD3,291,5963,86,77.61857764876632,0,1
GAIL+TD3,291,5963,87,28.379799173065567,0,1
GAIL+TD3,291,5963,88,1.7344033818818323,0,1
GAIL+TD3,291,5963,89,2.9373559234600943,0,1
GAIL+TD3,291,5963,90,5.056973125884016,0,1
GAIL+TD3,291,5963,91,3.5523051691672234,0,1
GAIL+TD3,291,5963,92,2.7562316594678364,0,1
GAIL+TD3,291,5963,93,9.151091887329887,0,1
GAIL+TD3,291,5963,94,5.421927418561705,0,1
GAIL+TD3,291,5963,95,9.000840650102747,0,1
GAIL+TD3,291,5963,96,3.8691135829288754,0,1
GAIL+TD3,291,5963,97,2.589441151835792,0,1
GAIL+TD3,291,5963,98,2.819762122598353,0,1
GAIL+TD3,291,5971,5,5.504665629860032,0,1
GAIL+TD3,291,5971,6,9.313546423135463,0,1
GAIL+TD3,291,5971,7,6.107045265534038,0,1
GAIL+TD3,291,5971,8,2.802612878539412,0,1
GAIL+TD3,291,5971,9,5.626369721021145,0,1
GAIL+TD3,291,5971,10,16.90671641791045,0,1
GAIL+TD3,291,5971,11,17.585965511353937,0,1
GAIL+TD3,291,5971,12,8.620804779476368,0,1
GAIL+TD3,291,5971,13,3.9356225439776353,0,1
GAIL+TD3,291,5971,14,23.151415675010256,0,1
GAIL+TD3,291,5971,15,11.916379702423493,0,1
GAIL+TD3,291,5971,16,6.044639416664196,0,1
GAIL+TD3,291,5971,17,8.899417183681145,0,1
GAIL+TD3,291,5971,18,8.46321372150756,0,1
GAIL+TD3,291,5971,19,6.772764427006703,0,1
GAIL+TD3,291,5971,20,4.476800673220366,0,1
GAIL+TD3,291,5971,21,9.980814024764006,0,1
GAIL+TD3,291,5971,22,5.079380849245932,0,1
GAIL+TD3,291,5971,24,3.5270166206763784,0,1
GAIL+TD3,291,5971,26,3.6480776786215405,0,1
GAIL+TD3,291,5971,28,135.1903914590747,0,1
GAIL+TD3,291,5971,29,209.57512315270938,0,1
GAIL+TD3,291,5971,30,174.84289439374186,0,1
GAIL+TD3,291,5971,31,2.2221387098592604,0,1
GAIL+TD3,291,5971,32,2.334238871917381,0,1
GAIL+TD3,291,5971,37,14.102511624566885,0,1
GAIL+TD3,291,5971,38,6.024832576033437,0,1
GAIL+TD3,291,5971,40,6.358553612156758,0,1
GAIL+TD3,291,5971,41,183.45864845084165,0,1
GAIL+TD3,291,5971,42,2.1573315973300846,0,1
GAIL+TD3,291,5971,43,17.502057613168724,0,1
GAIL+TD3,291,5971,44,2.4922266216373585,0,1
GAIL+TD3,291,5971,45,17.609117361784673,0,1
GAIL+TD3,291,5971,47,68.95033462486792,0,1
GAIL+TD3,291,5971,48,9.312433687416524,0,1
GAIL+TD3,291,5971,49,3.3421311659239383,0,1
GAIL+TD3,291,5971,50,8.026732807215332,0,1
GAIL+TD3,291,5971,51,8.137407659531553,0,1
GAIL+TD3,291,5971,52,2.42662295458021,0,1
GAIL+TD3,291,5971,53,113.5989650711514,0,1
GAIL+TD3,291,5971,54,2.3680754907986556,0,1
GAIL+TD3,291,5971,55,3.067416180684984,0,1
GAIL+TD3,291,5971,56,1.5981547002030343,0,1
GAIL+TD3,291,5971,57,12.351090671010187,0,1
GAIL+TD3,291,5971,58,2.779359597338795,0,1
GAIL+TD3,291,5971,59,52.67672343876723,0,1
GAIL+TD3,291,5971,60,2.6756650225866516,0,1
GAIL+TD3,291,5971,61,116.96518987341771,0,1
GAIL+TD3,291,5971,62,2.898647631945228,0,1
GAIL+TD3,291,5971,63,22.599501753695872,0,1
GAIL+TD3,291,5971,64,2.927320604650806,0,1
GAIL+TD3,291,5971,65,2.678889651837917,0,1
GAIL+TD3,291,5971,66,129.7041117979038,0,1
GAIL+TD3,291,5971,67,2.9541094141083923,0,1
GAIL+TD3,291,5971,68,2.3322017290781054,0,1
GAIL+TD3,291,5971,69,1.390369606359427,0,1
GAIL+TD3,291,5971,70,159.98990536277603,0,1
GAIL+TD3,291,5971,71,148.4784946236559,0,1
GAIL+TD3,291,5971,72,4.808241432694329,0,1
GAIL+TD3,291,5971,73,2.294558331000301,0,1
GAIL+TD3,291,5971,74,124.16730646193218,0,1
GAIL+TD3,291,5971,75,4.2452487614390115,0,1
GAIL+TD3,291,5971,76,4.457359668096876,0,1
GAIL+TD3,291,5971,77,2.401125143820405,0,1
GAIL+TD3,291,5971,78,155.00268031189088,0,1
GAIL+TD3,291,5971,79,5.657577880604798,0,1
GAIL+TD3,291,5971,80,105.3763862822044,0,1
GAIL+TD3,291,5971,81,1.967688177286209,0,1
GAIL+TD3,291,5971,82,1.6242000044867053,0,1
GAIL+TD3,291,5971,83,3.7854115174744183,0,1
GAIL+TD3,291,5971,84,137.39519443566235,0,1
GAIL+TD3,291,5971,85,4.412590135212959,0,1
GAIL+TD3,291,5971,86,5.488353573561616,0,1
GAIL+TD3,291,5971,87,1.6440145690004047,0,1
GAIL+TD3,291,5971,88,5.054955998985985,0,1
GAIL+TD3,291,5971,89,4.798452345605701,0,1
GAIL+TD3,291,5971,92,21.39364887139637,0,1
GAIL+TD3,291,5971,93,5.7571974889963204,0,1
GAIL+TD3,291,5971,94,3.9448631564323433,0,1
GAIL+TD3,291,5971,95,9.892948729285676,0,1
GAIL+TD3,291,5971,96,11.129789941711575,0,1
GAIL+TD3,291,5971,97,1.7360172613916034,0,1
GAIL+TD3,291,5971,98,74.13521634615384,0,1
GAIL+TD3,291,5976,5,6.114646610741492,0,1
GAIL+TD3,291,5976,6,5.795263412276464,0,1
GAIL+TD3,291,5976,7,4.052355497826846,0,1
GAIL+TD3,291,5976,8,10.698188916603405,0,1
GAIL+TD3,291,5976,9,3.6235578213039976,0,1
GAIL+TD3,291,5976,10,13.368706597222221,0,1
GAIL+TD3,291,5976,11,17.54319281271596,0,1
GAIL+TD3,291,5976,12,6.257298738078381,0,1
GAIL+TD3,291,5976,13,7.171082384060752,0,1
GAIL+TD3,291,5976,14,10.961389079278042,0,1
GAIL+TD3,291,5976,15,8.641769665220595,0,1
GAIL+TD3,291,5976,16,8.43281303667519,0,1
GAIL+TD3,291,5976,17,8.714752202455864,0,1
GAIL+TD3,291,5976,18,5.400357212024702,0,1
GAIL+TD3,291,5976,19,3.9364195955858903,0,1
GAIL+TD3,291,5976,23,5.785237368256478,0,1
GAIL+TD3,291,5976,25,136.95330396475774,0,1
GAIL+TD3,291,5976,26,4.158058938794329,0,1
GAIL+TD3,291,5976,27,5.14523439085436,0,1
GAIL+TD3,291,5976,28,3.146984583933079,0,1
GAIL+TD3,291,5976,29,2.8821893703224966,0,1
GAIL+TD3,291,5976,30,4.019587615053792,0,1
GAIL+TD3,291,5976,31,3.4791804086267506,0,1
GAIL+TD3,291,5976,33,157.5632121540966,0,1
GAIL+TD3,291,5976,35,163.35246636771302,0,1
GAIL+TD3,291,5976,36,1.8786741153860649,0,1
GAIL+TD3,291,5976,37,3.9039219878373244,0,1
GAIL+TD3,291,5976,39,3.119687902431634,0,1
GAIL+TD3,291,5976,41,178.3700760193504,0,1
GAIL+TD3,291,5976,43,7.696807164103538,0,1
GAIL+TD3,291,5976,44,6.0742181588902895,0,1
GAIL+TD3,291,5976,45,8.404989439587814,0,1
GAIL+TD3,291,5976,46,7.488761358201817,0,1
GAIL+TD3,291,5976,47,2.71039912625158,0,1
GAIL+TD3,291,5976,48,38.40006986086045,0,1
GAIL+TD3,291,5976,49,16.21578547938275,0,1
GAIL+TD3,291,5976,50,5.375808633988799,0,1
GAIL+TD3,291,5976,51,3.1316760971570528,0,1
GAIL+TD3,291,5976,52,2.348142543987275,0,1
GAIL+TD3,291,5976,53,3.9364304083180697,0,1
GAIL+TD3,291,5976,54,157.875296912114,0,1
GAIL+TD3,291,5976,57,4.499500561225016,0,1
GAIL+TD3,291,5976,58,8.147137649313411,0,1
GAIL+TD3,291,5976,59,157.8248196673046,0,1
GAIL+TD3,291,5976,60,3.464090626480341,0,1
GAIL+TD3,291,5976,61,2.0759295596798664,0,1
GAIL+TD3,291,5976,62,24.14401781663711,0,1
GAIL+TD3,291,5976,63,1.0974135303166714,0,1
GAIL+TD3,291,5976,64,51.7782983970407,0,1
GAIL+TD3,291,5976,65,4.609703801268109,0,1
GAIL+TD3,291,5976,66,1.5879042473023461,0,1
GAIL+TD3,291,5976,67,113.54083665338648,0,1
GAIL+TD3,291,5976,68,19.72572776061148,0,1
GAIL+TD3,291,5976,69,5.7057371878131145,0,1
GAIL+TD3,291,5976,70,6.15023214263246,0,1
GAIL+TD3,291,5976,71,2.02299714804252,0,1
GAIL+TD3,291,5976,72,7.5397988529091595,0,1
GAIL+TD3,291,5976,73,3.7662200282087457,0,1
GAIL+TD3,291,5976,74,12.130446169230035,0,1
GAIL+TD3,291,5976,75,2.1842381439259158,0,1
GAIL+TD3,291,5976,76,2.6805975785096363,0,1
GAIL+TD3,291,5976,77,2.9150930906081913,0,1
GAIL+TD3,291,5976,78,72.77312193280484,0,1
GAIL+TD3,291,5976,79,3.5659994385783076,0,1
GAIL+TD3,291,5976,80,1.7351282192968662,0,1
GAIL+TD3,291,5976,81,2.5935150056945457,0,1
GAIL+TD3,291,5976,82,3.3757213791607596,0,1
GAIL+TD3,291,5976,83,119.49936948297605,0,1
GAIL+TD3,291,5976,84,1.930526010942903,0,1
GAIL+TD3,291,5976,85,112.00304624757685,0,1
GAIL+TD3,291,5976,86,8.8302892188076,0,1
GAIL+TD3,291,5976,87,2.911640204199305,0,1
GAIL+TD3,291,5976,88,6.783788418899219,0,1
GAIL+TD3,291,5976,89,1.450685216325548,0,1
GAIL+TD3,291,5976,90,18.600638561282338,0,1
GAIL+TD3,291,5976,91,1.5739180762124638,0,1
GAIL+TD3,291,5976,92,95.95382201300157,0,1
GAIL+TD3,291,5976,93,2.9392279089035087,0,1
GAIL+TD3,291,5976,94,126.363488372093,0,1
GAIL+TD3,291,5976,95,7.4646080057306134,0,1
GAIL+TD3,291,5976,96,5.771900697445065,0,1
GAIL+TD3,291,5976,97,8.474531075027995,0,1
GAIL+TD3,291,5976,98,3.3440976940134117,0,1
GAIL+TD3,291,5978,5,5.2753892860640486,0,1
GAIL+TD3,291,5978,6,12.17101226993865,0,1
GAIL+TD3,291,5978,7,22.89047399907961,0,1
GAIL+TD3,291,5978,8,24.158350515463923,0,1
GAIL+TD3,291,5978,9,6.127312637190342,0,1
GAIL+TD3,291,5978,10,13.419330575404286,0,1
GAIL+TD3,291,5978,11,4.166942347598569,0,1
GAIL+TD3,291,5978,12,7.490617848970251,0,1
GAIL+TD3,291,5978,13,46.12171236709568,0,1
GAIL+TD3,291,5978,14,14.565369833456948,0,1
GAIL+TD3,291,5978,15,13.12699256110521,0,1
GAIL+TD3,291,5978,16,7.20851052002557,0,1
GAIL+TD3,291,5978,17,6.709832338732596,0,1
GAIL+TD3,291,5978,18,4.291881515525165,0,1
GAIL+TD3,291,5978,20,11.577183624046864,0,1
GAIL+TD3,291,5978,23,215.59117896522477,0,1
GAIL+TD3,291,5978,24,194.33895538628946,0,1
GAIL+TD3,291,5978,25,1.9433581180079147,0,1
GAIL+TD3,291,5978,27,3.7593917507040975,0,1
GAIL+TD3,291,5978,32,5.1660473877953095,0,1
GAIL+TD3,291,5978,33,4.966541564542482,0,1
GAIL+TD3,291,5978,34,5.79833493007746,0,1
GAIL+TD3,291,5978,36,6.578215053587633,0,1
GAIL+TD3,291,5978,38,216.19313169502206,0,1
GAIL+TD3,291,5978,39,2.2394012882695615,0,1
GAIL+TD3,291,5978,40,3.4468832555786637,0,1
GAIL+TD3,291,5978,41,91.99474253904437,0,1
GAIL+TD3,291,5978,42,48.167720394970516,0,1
GAIL+TD3,291,5978,43,74.48037190082643,0,1
GAIL+TD3,291,5978,44,8.023908869557754,0,1
GAIL+TD3,291,5978,45,3.3499962941251775,0,1
GAIL+TD3,291,5978,46,2.274072762157774,0,1
GAIL+TD3,291,5978,47,2.524086243137895,0,1
GAIL+TD3,291,5978,48,2.123225958329168,0,1
GAIL+TD3,291,5978,49,187.3793410507569,0,1
GAIL+TD3,291,5978,50,173.9670216420474,0,1
GAIL+TD3,291,5978,51,152.37453323375652,0,1
GAIL+TD3,291,5978,52,2.5918918416478443,0,1
GAIL+TD3,291,5978,53,3.7211609939998946,0,1
GAIL+TD3,291,5978,54,2.44606653064387,0,1
GAIL+TD3,291,5978,55,36.51658063506961,0,1
GAIL+TD3,291,5978,56,13.692330172749708,0,1
GAIL+TD3,291,5978,57,3.1307834314064844,0,1
GAIL+TD3,291,5978,58,2.326328919593168,0,1
GAIL+TD3,291,5978,59,151.76319121992404,0,1
GAIL+TD3,291,5978,60,2.5329892400206995,0,1
GAIL+TD3,291,5978,61,11.274254277297644,0,1
GAIL+TD3,291,5978,62,91.74652087475148,0,1
GAIL+TD3,291,5978,63,5.542671461476988,0,1
GAIL+TD3,291,5978,64,53.57234848484848,0,1
GAIL+TD3,291,5978,65,2.755725658980421,0,1
GAIL+TD3,291,5978,66,6.768369158701977,0,1
GAIL+TD3,291,5978,67,3.0491773218167304,0,1
GAIL+TD3,291,5978,68,2.129247130002604,0,1
GAIL+TD3,291,5978,69,2.256785878190078,0,1
GAIL+TD3,291,5978,70,12.302988590941577,0,1
GAIL+TD3,291,5978,71,2.1433109959668966,0,1
GAIL+TD3,291,5978,72,86.27093055174305,0,1
GAIL+TD3,291,5978,73,1.9375099152838149,0,1
GAIL+TD3,291,5978,74,1.752270256805109,0,1
GAIL+TD3,291,5978,75,2.0321897837257175,0,1
GAIL+TD3,291,5978,78,162.02367642222953,0,1
GAIL+TD3,291,5978,79,23.01079338379591,0,1
GAIL+TD3,291,5978,80,3.410986497454438,0,1
GAIL+TD3,291,5978,81,5.825865832792496,0,1
GAIL+TD3,291,5978,82,2.053007592877537,0,1
GAIL+TD3,291,5978,83,3.330102477503527,0,1
GAIL+TD3,291,5978,84,130.30720000000002,0,1
GAIL+TD3,291,5978,85,3.643965253311766,0,1
GAIL+TD3,291,5978,86,159.79439024390243,0,1
GAIL+TD3,291,5978,87,9.080226934114245,0,1
GAIL+TD3,291,5978,88,4.273707840560665,0,1
GAIL+TD3,291,5978,89,10.492792905712406,0,1
GAIL+TD3,291,5978,90,2.4091635105994667,0,1
GAIL+TD3,291,5978,91,9.007780934343433,0,1
GAIL+TD3,291,5978,92,1.3442296673803562,0,1
GAIL+TD3,291,5978,93,11.813484951486311,0,1
GAIL+TD3,291,5978,94,88.63979255068365,0,1
GAIL+TD3,291,5978,95,3.6107003644976943,0,1
GAIL+TD3,291,5978,96,107.2436581030861,0,1
GAIL+TD3,291,5978,97,2.1684562565126293,0,1
GAIL+TD3,291,5978,98,16.2264521277743,0,1
GAIL+TD3,291,5980,5,4.56111165476074,0,1
GAIL+TD3,291,5980,6,10.166891501252652,0,1
GAIL+TD3,291,5980,7,10.736644911771817,0,1
GAIL+TD3,291,5980,8,11.697525013164821,0,1
GAIL+TD3,291,5980,9,10.481530561537188,0,1
GAIL+TD3,291,5980,10,33.187113647170705,0,1
GAIL+TD3,291,5980,11,17.541925823542964,0,1
GAIL+TD3,291,5980,12,3.957913115394335,0,1
GAIL+TD3,291,5980,13,6.897037793667007,0,1
GAIL+TD3,291,5980,14,11.001079606795843,0,1
GAIL+TD3,291,5980,15,8.566378167097088,0,1
GAIL+TD3,291,5980,16,7.3439667582777135,0,1
GAIL+TD3,291,5980,17,7.426635849206982,0,1
GAIL+TD3,291,5980,18,4.403205277593532,0,1
GAIL+TD3,291,5980,20,6.775796769123746,0,1
GAIL+TD3,291,5980,21,214.06101281269068,0,1
GAIL+TD3,291,5980,22,4.744504290098327,0,1
GAIL+TD3,291,5980,23,8.282412364885339,0,1
GAIL+TD3,291,5980,25,4.955426586848238,0,1
GAIL+TD3,291,5980,26,154.1364948453608,0,1
GAIL+TD3,291,5980,27,4.1842625294315505,0,1
GAIL+TD3,291,5980,28,177.8849453978159,0,1
GAIL+TD3,291,5980,29,3.5187622795410674,0,1
GAIL+TD3,291,5980,30,3.027894223738728,0,1
GAIL+TD3,291,5980,31,228.42812823164428,0,1
GAIL+TD3,291,5980,32,4.0922504367805095,0,1
GAIL+TD3,291,5980,33,159.35789821546595,0,1
GAIL+TD3,291,5980,34,2.5677045891302406,0,1
GAIL+TD3,291,5980,35,219.19690372520566,0,1
GAIL+TD3,291,5980,36,2.8761792172611274,0,1
GAIL+TD3,291,5980,37,1.5958388524537201,0,1
GAIL+TD3,291,5980,40,2.2731679575366948,0,1
GAIL+TD3,291,5980,41,221.48317705460565,0,1
GAIL+TD3,291,5980,43,16.902482819773887,0,1
GAIL+TD3,291,5980,44,2.7318838342631593,0,1
GAIL+TD3,291,5980,45,35.68038133467135,0,1
GAIL+TD3,291,5980,46,95.56468605141171,0,1
GAIL+TD3,291,5980,47,3.7518207081056985,0,1
GAIL+TD3,291,5980,48,3.0751659721538647,0,1
GAIL+TD3,291,5980,51,174.18840579710144,0,1
GAIL+TD3,291,5980,52,2.9114207423399483,0,1
GAIL+TD3,291,5980,53,91.95713691219309,0,1
GAIL+TD3,291,5980,54,3.588904990003891,0,1
GAIL+TD3,291,5980,55,8.518413048789736,0,1
GAIL+TD3,291,5980,56,44.01902907465592,0,1
GAIL+TD3,291,5980,57,210.14909969257792,0,1
GAIL+TD3,291,5980,58,1.8821584500823507,0,1
GAIL+TD3,291,5980,59,147.40327318506084,0,1
GAIL+TD3,291,5980,60,3.5719105742474073,0,1
GAIL+TD3,291,5980,61,26.174919565654534,0,1
GAIL+TD3,291,5980,62,138.83683683683685,0,1
GAIL+TD3,291,5980,63,70.49699849924963,0,1
GAIL+TD3,291,5980,64,1.6987604800440528,0,1
GAIL+TD3,291,5980,65,1.1459196002803544,0,1
GAIL+TD3,291,5980,66,1.0219636583928435,0,1
GAIL+TD3,291,5980,67,82.58736942070276,0,1
GAIL+TD3,291,5980,70,2.147320429626314,0,1
GAIL+TD3,291,5980,71,223.7015005359057,0,1
GAIL+TD3,291,5980,72,65.28398384925974,0,1
GAIL+TD3,291,5980,73,6.522336614417937,0,1
GAIL+TD3,291,5980,74,1.4854564831261106,0,1
GAIL+TD3,291,5980,75,154.88354430379746,0,1
GAIL+TD3,291,5980,76,4.843619200844657,0,1
GAIL+TD3,291,5980,77,18.55678044893081,0,1
GAIL+TD3,291,5980,78,3.65313108152766,0,1
GAIL+TD3,291,5980,79,109.30862300748993,0,1
GAIL+TD3,291,5980,80,6.475320215025219,0,1
GAIL+TD3,291,5980,81,3.1950559603446114,0,1
GAIL+TD3,291,5980,82,26.004878445402067,0,1
GAIL+TD3,291,5980,83,1.890365469700498,0,1
GAIL+TD3,291,5980,84,25.66838951310861,0,1
GAIL+TD3,291,5980,85,3.0163237121944473,0,1
GAIL+TD3,291,5980,86,2.9849701647950817,0,1
GAIL+TD3,291,5980,87,147.52684806164217,0,1
GAIL+TD3,291,5980,88,198.7073407875547,0,1
GAIL+TD3,291,5980,89,15.455259738920628,0,1
GAIL+TD3,291,5980,90,2.3101220738802253,0,1
GAIL+TD3,291,5980,91,1.7462202862104068,0,1
GAIL+TD3,291,5980,92,153.70074728260872,0,1
GAIL+TD3,291,5980,93,4.969748914211616,0,1
GAIL+TD3,291,5980,94,87.5642506811989,0,1
GAIL+TD3,291,5980,95,19.651185641294383,0,1
GAIL+TD3,291,5980,96,4.237259033793804,0,1
GAIL+TD3,291,5980,97,46.27804878048781,0,1
GAIL+TD3,291,5980,98,4.012916793522997,0,1
GAIL+TD3,291,5982,5,5.716394410549105,0,1
GAIL+TD3,291,5982,6,13.063149788217174,0,1
GAIL+TD3,291,5982,7,24.635573728596988,0,1
GAIL+TD3,291,5982,8,12.311340459515911,0,1
GAIL+TD3,291,5982,9,20.869946725164528,0,1
GAIL+TD3,291,5982,10,7.557458186369324,0,1
GAIL+TD3,291,5982,11,11.57262549656916,0,1
GAIL+TD3,291,5982,12,6.497439825827521,0,1
GAIL+TD3,291,5982,13,11.754750699946385,0,1
GAIL+TD3,291,5982,14,14.117716303708066,0,1
GAIL+TD3,291,5982,15,6.368233147330283,0,1
GAIL+TD3,291,5982,16,5.548245838668374,0,1
GAIL+TD3,291,5982,17,6.896660616157346,0,1
GAIL+TD3,291,5982,18,8.100724244647928,0,1
GAIL+TD3,291,5982,21,40.82975977764543,0,1
GAIL+TD3,291,5982,22,6.212148763908733,0,1
GAIL+TD3,291,5982,23,6.868731491025704,0,1
GAIL+TD3,291,5982,24,3.672513478202106,0,1
GAIL+TD3,291,5982,26,181.02617163724892,0,1
GAIL+TD3,291,5982,27,2.7804216197836977,0,1
GAIL+TD3,291,5982,30,3.8084053972206338,0,1
GAIL+TD3,291,5982,31,2.6934070602126843,0,1
GAIL+TD3,291,5982,34,3.5048148443792946,0,1
GAIL+TD3,291,5982,36,205.11368110236225,0,1
GAIL+TD3,291,5982,37,4.299128587090431,0,1
GAIL+TD3,291,5982,38,10.747743813682677,0,1
GAIL+TD3,291,5982,39,3.8006961592241097,0,1
GAIL+TD3,291,5982,40,3.629917763792904,0,1
GAIL+TD3,291,5982,42,75.14006608245941,0,1
GAIL+TD3,291,5982,43,167.56798392498325,0,1
GAIL+TD3,291,5982,44,2.9920565247869186,0,1
GAIL+TD3,291,5982,45,32.7511619840444,0,1
GAIL+TD3,291,5982,46,2.468828104518046,0,1
GAIL+TD3,291,5982,47,227.94144556267156,0,1
GAIL+TD3,291,5982,48,67.99438719946386,0,1
GAIL+TD3,291,5982,49,1.939657026260646,0,1
GAIL+TD3,291,5982,50,150.336917562724,0,1
GAIL+TD3,291,5982,51,170.39898177920688,0,1
GAIL+TD3,291,5982,52,3.6701584920589134,0,1
GAIL+TD3,291,5982,53,1.7272401572266254,0,1
GAIL+TD3,291,5982,54,4.590226958069621,0,1
GAIL+TD3,291,5982,57,12.845234401349071,0,1
GAIL+TD3,291,5982,58,28.04768841038632,0,1
GAIL+TD3,291,5982,59,6.214005357417435,0,1
GAIL+TD3,291,5982,60,4.437343646715532,0,1
GAIL+TD3,291,5982,61,3.035311131507378,0,1
GAIL+TD3,291,5982,62,44.521837497540815,0,1
GAIL+TD3,291,5982,63,115.08091493924232,0,1
GAIL+TD3,291,5982,64,213.79407332998494,0,1
GAIL+TD3,291,5982,65,1.2922906493553106,0,1
GAIL+TD3,291,5982,66,5.163859243067163,0,1
GAIL+TD3,291,5982,67,5.452974703963482,0,1
GAIL+TD3,291,5982,70,94.96625357483316,0,1
GAIL+TD3,291,5982,71,5.3173563772658525,0,1
GAIL+TD3,291,5982,72,5.223788442811463,0,1
GAIL+TD3,291,5982,73,5.422953136788624,0,1
GAIL+TD3,291,5982,74,10.789881372859472,0,1
GAIL+TD3,291,5982,75,2.002562082982518,0,1
GAIL+TD3,291,5982,76,12.40605114659623,0,1
GAIL+TD3,291,5982,77,14.417750421919983,0,1
GAIL+TD3,291,5982,78,17.455285645187296,0,1
GAIL+TD3,291,5982,79,25.982119205298016,0,1
GAIL+TD3,291,5982,80,1.939638594591808,0,1
GAIL+TD3,291,5982,81,109.62058526740665,0,1
GAIL+TD3,291,5982,82,3.0863904961221222,0,1
GAIL+TD3,291,5982,83,2.3088876610691242,0,1
GAIL+TD3,291,5982,84,1.315884630182602,0,1
GAIL+TD3,291,5982,85,1.2738926243391675,0,1
GAIL+TD3,291,5982,86,2.496638873662041,0,1
GAIL+TD3,291,5982,87,161.14570179698885,0,1
GAIL+TD3,291,5982,88,198.48121978430646,0,1
GAIL+TD3,291,5982,89,1.8076829944619326,0,1
GAIL+TD3,291,5982,90,8.462039893963755,0,1
GAIL+TD3,291,5982,91,13.535034789387069,0,1
GAIL+TD3,291,5982,92,4.467413409697099,0,1
GAIL+TD3,291,5982,93,2.8797788714982158,0,1
GAIL+TD3,291,5982,94,148.58695652173913,0,1
GAIL+TD3,291,5982,95,7.375522482898304,0,1
GAIL+TD3,291,5982,96,4.478980173520844,0,1
GAIL+TD3,291,5982,97,1.5996781387863692,0,1
GAIL+TD3,291,5982,98,109.41339985744834,0,1
GAIL+TD3,291,5984,5,3.91850478235409,0,1
GAIL+TD3,291,5984,6,11.324123273113706,0,1
GAIL+TD3,291,5984,7,4.972067614924758,0,1
GAIL+TD3,291,5984,8,8.590909090909092,0,1
GAIL+TD3,291,5984,9,4.432877227629661,0,1
GAIL+TD3,291,5984,10,4.3707962771458115,0,1
GAIL+TD3,291,5984,11,20.296641170601927,0,1
GAIL+TD3,291,5984,12,4.469283576835064,0,1
GAIL+TD3,291,5984,13,8.941183871170661,0,1
GAIL+TD3,291,5984,14,5.256828514906466,0,1
GAIL+TD3,291,5984,15,12.43117423427301,0,1
GAIL+TD3,291,5984,16,11.096690710863939,0,1
GAIL+TD3,291,5984,17,13.633426431382507,0,1
GAIL+TD3,291,5984,18,5.8629589486519444,0,1
GAIL+TD3,291,5984,19,5.974344644045243,0,1
GAIL+TD3,291,5984,20,3.761829633088894,0,1
GAIL+TD3,291,5984,21,9.169696712258942,0,1
GAIL+TD3,291,5984,22,5.3702232024031336,0,1
GAIL+TD3,291,5984,27,3.8844943146534185,0,1
GAIL+TD3,291,5984,29,182.54247697031732,0,1
GAIL+TD3,291,5984,30,165.4423538831065,0,1
GAIL+TD3,291,5984,31,3.852983005688774,0,1
GAIL+TD3,291,5984,32,2.2151369746913017,0,1
GAIL+TD3,291,5984,34,2.208987363640851,0,1
GAIL+TD3,291,5984,35,2.8023600569259957,0,1
GAIL+TD3,291,5984,38,182.65821596244135,0,1
GAIL+TD3,291,5984,39,25.32766072393301,0,1
GAIL+TD3,291,5984,40,167.18822979915927,0,1
GAIL+TD3,291,5984,41,10.317720603983723,0,1
GAIL+TD3,291,5984,42,8.262007714169712,0,1
GAIL+TD3,291,5984,43,100.00448967375037,0,1
GAIL+TD3,291,5984,44,7.033554982135768,0,1
GAIL+TD3,291,5984,45,4.492617718558303,0,1
GAIL+TD3,291,5984,46,2.9418451421406817,0,1
GAIL+TD3,291,5984,47,3.0009398582000353,0,1
GAIL+TD3,291,5984,48,164.19530355097362,0,1
GAIL+TD3,291,5984,49,5.489997746459342,0,1
GAIL+TD3,291,5984,50,3.7751113253454522,0,1
GAIL+TD3,291,5984,51,2.1912066726733093,0,1
GAIL+TD3,291,5984,52,158.890377588307,0,1
GAIL+TD3,291,5984,53,6.694071974658824,0,1
GAIL+TD3,291,5984,54,11.09740737839743,0,1
GAIL+TD3,291,5984,55,1.3604957151226877,0,1
GAIL+TD3,291,5984,57,11.738846910257736,0,1
GAIL+TD3,291,5984,59,4.562854967735698,0,1
GAIL+TD3,291,5984,61,7.953697890763223,0,1
GAIL+TD3,291,5984,62,6.208553396201434,0,1
GAIL+TD3,291,5984,63,2.465658477554281,0,1
GAIL+TD3,291,5984,64,10.61844069081519,0,1
GAIL+TD3,291,5984,65,3.7962595650173867,0,1
GAIL+TD3,291,5984,66,3.1320557692408606,0,1
GAIL+TD3,291,5984,67,2.7729076438176,0,1
GAIL+TD3,291,5984,68,215.37623386484435,0,1
GAIL+TD3,291,5984,69,6.997405592389736,0,1
GAIL+TD3,291,5984,70,2.371182520545249,0,1
GAIL+TD3,291,5984,71,208.0448863636364,0,1
GAIL+TD3,291,5984,73,4.327193922941806,0,1
GAIL+TD3,291,5984,74,3.904336038589512,0,1
GAIL+TD3,291,5984,75,3.7202841526857493,0,1
GAIL+TD3,291,5984,76,6.167367055771725,0,1
GAIL+TD3,291,5984,77,1.9279513131489396,0,1
GAIL+TD3,291,5984,78,22.35409324628806,0,1
GAIL+TD3,291,5984,79,2.2211940148263194,0,1
GAIL+TD3,291,5984,80,2.3574762216647516,0,1
GAIL+TD3,291,5984,81,109.72039333048312,0,1
GAIL+TD3,291,5984,82,190.5077476480354,0,1
GAIL+TD3,291,5984,83,170.86445848768798,0,1
GAIL+TD3,291,5984,84,6.015246450308393,0,1
GAIL+TD3,291,5984,85,5.170292137860703,0,1
GAIL+TD3,291,5984,86,9.414574516168797,0,1
GAIL+TD3,291,5984,87,10.266989131347312,0,1
GAIL+TD3,291,5984,88,165.74424552429667,0,1
GAIL+TD3,291,5984,89,1.8722918272648468,0,1
GAIL+TD3,291,5984,90,1.4020560141157248,0,1
GAIL+TD3,291,5984,91,71.42247510668562,0,1
GAIL+TD3,291,5984,92,1.2690244577839709,0,1
GAIL+TD3,291,5984,93,50.86513507764306,0,1
GAIL+TD3,291,5984,94,12.33323439200554,0,1
GAIL+TD3,291,5984,95,4.470781071835804,0,1
GAIL+TD3,291,5984,96,84.76799047722108,0,1
GAIL+TD3,291,5984,97,1.9850098698383754,0,1
GAIL+TD3,291,5984,98,6.35799684883685,0,1
GAIL+TD3,291,5985,5,8.313505134663824,0,1
GAIL+TD3,291,5985,6,14.150763701707099,0,1
GAIL+TD3,291,5985,7,6.069286452947259,0,1
GAIL+TD3,291,5985,8,5.718135186026882,0,1
GAIL+TD3,291,5985,9,5.281625881377022,0,1
GAIL+TD3,291,5985,10,1.827878808326867,0,1
GAIL+TD3,291,5985,11,19.9837689133425,0,1
GAIL+TD3,291,5985,12,3.8512490384226084,0,1
GAIL+TD3,291,5985,13,7.091167918584929,0,1
GAIL+TD3,291,5985,14,8.875006595261963,0,1
GAIL+TD3,291,5985,15,7.096371251714295,0,1
GAIL+TD3,291,5985,16,15.349984534488092,0,1
GAIL+TD3,291,5985,17,6.294081344774892,0,1
GAIL+TD3,291,5985,18,6.253905858788183,0,1
GAIL+TD3,291,5985,19,12.840815059991725,0,1
GAIL+TD3,291,5985,20,5.77979136386216,0,1
GAIL+TD3,291,5985,21,4.372709315288181,0,1
GAIL+TD3,291,5985,22,10.131523407521108,0,1
GAIL+TD3,291,5985,23,4.48823626563368,0,1
GAIL+TD3,291,5985,27,184.3623910336239,0,1
GAIL+TD3,291,5985,28,2.788358870724498,0,1
GAIL+TD3,291,5985,32,4.596562117245852,0,1
GAIL+TD3,291,5985,34,7.814568496885378,0,1
GAIL+TD3,291,5985,35,186.154378429969,0,1
GAIL+TD3,291,5985,36,4.545597021711339,0,1
GAIL+TD3,291,5985,37,2.8974932561352715,0,1
GAIL+TD3,291,5985,38,2.873258353526336,0,1
GAIL+TD3,291,5985,39,3.7600002886086177,0,1
GAIL+TD3,291,5985,41,203.87389380530973,0,1
GAIL+TD3,291,5985,43,5.426595658992594,0,1
GAIL+TD3,291,5985,44,18.123886510490067,0,1
GAIL+TD3,291,5985,45,3.9009066210812295,0,1
GAIL+TD3,291,5985,47,2.861472324828034,0,1
GAIL+TD3,291,5985,48,215.70805727719602,0,1
GAIL+TD3,291,5985,49,3.770569354166514,0,1
GAIL+TD3,291,5985,50,174.33603578417666,0,1
GAIL+TD3,291,5985,51,3.8842270458327026,0,1
GAIL+TD3,291,5985,52,194.58251845938932,0,1
GAIL+TD3,291,5985,53,8.148287824986733,0,1
GAIL+TD3,291,5985,54,1.6397244955517516,0,1
GAIL+TD3,291,5985,55,5.578165450428915,0,1
GAIL+TD3,291,5985,56,34.65205778802962,0,1
GAIL+TD3,291,5985,57,4.847561037821515,0,1
GAIL+TD3,291,5985,58,7.486671711166362,0,1
GAIL+TD3,291,5985,59,11.888443774154018,0,1
GAIL+TD3,291,5985,60,3.809160305343512,0,1
GAIL+TD3,291,5985,61,130.97023255813951,0,1
GAIL+TD3,291,5985,62,18.423431997715806,0,1
GAIL+TD3,291,5985,63,2.289851780654204,0,1
GAIL+TD3,291,5985,64,1.0559932479860947,0,1
GAIL+TD3,291,5985,65,76.3152856715525,0,1
GAIL+TD3,291,5985,66,9.298216185992823,0,1
GAIL+TD3,291,5985,67,2.3485906246887422,0,1
GAIL+TD3,291,5985,68,1.3936735729491556,0,1
GAIL+TD3,291,5985,69,102.54958217270196,0,1
GAIL+TD3,291,5985,70,189.48889636608348,0,1
GAIL+TD3,291,5985,71,2.756842385934094,0,1
GAIL+TD3,291,5985,72,1.992121775098149,0,1
GAIL+TD3,291,5985,73,4.217599790374705,0,1
GAIL+TD3,291,5985,74,35.647601827179294,0,1
GAIL+TD3,291,5985,75,1.7265721208094436,0,1
GAIL+TD3,291,5985,76,1.8689502058939964,0,1
GAIL+TD3,291,5985,77,151.17502787068003,0,1
GAIL+TD3,291,5985,78,4.038257882512081,0,1
GAIL+TD3,291,5985,79,114.538240917782,0,1
GAIL+TD3,291,5985,80,2.3675533167262066,0,1
GAIL+TD3,291,5985,81,12.576018485811845,0,1
GAIL+TD3,291,5985,82,4.1418798085761885,0,1
GAIL+TD3,291,5985,83,5.731089314178981,0,1
GAIL+TD3,291,5985,84,5.235192654252124,0,1
GAIL+TD3,291,5985,85,1.9350147558792616,0,1
GAIL+TD3,291,5985,86,1.5014810493009894,0,1
GAIL+TD3,291,5985,87,53.991657791977275,0,1
GAIL+TD3,291,5985,88,102.25922444183314,0,1
GAIL+TD3,291,5985,89,22.889723464708695,0,1
GAIL+TD3,291,5985,90,1.9944969091677907,0,1
GAIL+TD3,291,5985,91,4.769160720289911,0,1
GAIL+TD3,291,5985,92,130.40401051939511,0,1
GAIL+TD3,291,5985,93,9.669109311373713,0,1
GAIL+TD3,291,5985,94,2.6576304298418263,0,1
GAIL+TD3,291,5985,95,4.757176951204669,0,1
GAIL+TD3,291,5985,96,2.607215076424694,0,1
GAIL+TD3,291,5985,97,28.353351353468877,0,1
GAIL+TD3,291,5985,98,3.1715355746307994,0,1
GAIL+TD3,291,5989,5,6.2580990368712905,0,1
GAIL+TD3,291,5989,6,11.295261468755902,0,1
GAIL+TD3,291,5989,7,9.6886097354753,0,1
GAIL+TD3,291,5989,8,11.067025934658133,0,1
GAIL+TD3,291,5989,9,4.5431995206710605,0,1
GAIL+TD3,291,5989,10,8.871679579413392,0,1
GAIL+TD3,291,5989,11,11.514783180026281,0,1
GAIL+TD3,291,5989,12,3.909938830190587,0,1
GAIL+TD3,291,5989,13,5.4727850490813,0,1
GAIL+TD3,291,5989,14,34.34667896678967,0,1
GAIL+TD3,291,5989,15,5.174052334962467,0,1
GAIL+TD3,291,5989,16,8.359614314852587,0,1
GAIL+TD3,291,5989,17,13.616439084001913,0,1
GAIL+TD3,291,5989,18,7.626150953183764,0,1
GAIL+TD3,291,5989,19,4.100545124167172,0,1
GAIL+TD3,291,5989,20,6.007001862197393,0,1
GAIL+TD3,291,5989,21,111.95832065713417,0,1
GAIL+TD3,291,5989,22,5.907135743317812,0,1
GAIL+TD3,291,5989,24,3.0397633838845244,0,1
GAIL+TD3,291,5989,28,4.619104142612036,0,1
GAIL+TD3,291,5989,29,171.54674220963176,0,1
GAIL+TD3,291,5989,30,5.93325191981869,0,1
GAIL+TD3,291,5989,31,3.656805550080807,0,1
GAIL+TD3,291,5989,32,167.15359828141786,0,1
GAIL+TD3,291,5989,33,2.7748227236316523,0,1
GAIL+TD3,291,5989,34,3.2495348293357464,0,1
GAIL+TD3,291,5989,35,2.4194691771110985,0,1
GAIL+TD3,291,5989,38,11.629045137124521,0,1
GAIL+TD3,291,5989,40,7.898357088783384,0,1
GAIL+TD3,291,5989,41,26.165355483673437,0,1
GAIL+TD3,291,5989,42,6.12060864728588,0,1
GAIL+TD3,291,5989,44,3.4545957342909213,0,1
GAIL+TD3,291,5989,45,188.75358702432936,0,1
GAIL+TD3,291,5989,46,2.927649296297659,0,1
GAIL+TD3,291,5989,47,4.1852917196291015,0,1
GAIL+TD3,291,5989,48,2.0095831983143047,0,1
GAIL+TD3,291,5989,49,2.126608846151362,0,1
GAIL+TD3,291,5989,50,201.97525206232814,0,1
GAIL+TD3,291,5989,51,131.1331367179271,0,1
GAIL+TD3,291,5989,52,1.6215653614795764,0,1
GAIL+TD3,291,5989,53,22.725662902037808,0,1
GAIL+TD3,291,5989,54,122.77369308600339,0,1
GAIL+TD3,291,5989,55,6.60176793523774,0,1
GAIL+TD3,291,5989,57,4.239808208935089,0,1
GAIL+TD3,291,5989,58,3.24703804547796,0,1
GAIL+TD3,291,5989,59,7.662516592667186,0,1
GAIL+TD3,291,5989,60,101.27044989775051,0,1
GAIL+TD3,291,5989,61,2.659172482739699,0,1
GAIL+TD3,291,5989,62,140.98784124799266,0,1
GAIL+TD3,291,5989,63,2.6020720590868787,0,1
GAIL+TD3,291,5989,64,10.150645938252682,0,1
GAIL+TD3,291,5989,65,2.198434095170527,0,1
GAIL+TD3,291,5989,66,1.6452446433707222,0,1
GAIL+TD3,291,5989,67,2.516799331544923,0,1
GAIL+TD3,291,5989,68,88.86846038863975,0,1
GAIL+TD3,291,5989,69,2.8032495275882896,0,1
GAIL+TD3,291,5989,70,54.47648677755176,0,1
GAIL+TD3,291,5989,71,2.324255649387496,0,1
GAIL+TD3,291,5989,72,4.323597640304805,0,1
GAIL+TD3,291,5989,73,5.88509195801619,0,1
GAIL+TD3,291,5989,74,4.431672540852291,0,1
GAIL+TD3,291,5989,75,2.782482865515487,0,1
GAIL+TD3,291,5989,76,3.7125385639593413,0,1
GAIL+TD3,291,5989,77,3.450721168600012,0,1
GAIL+TD3,291,5989,78,2.506785693735461,0,1
GAIL+TD3,291,5989,79,3.2053984050167004,0,1
GAIL+TD3,291,5989,80,118.97976391231029,0,1
GAIL+TD3,291,5989,81,3.3255909137419417,0,1
GAIL+TD3,291,5989,82,3.6071267499765103,0,1
GAIL+TD3,291,5989,83,5.219630170316302,0,1
GAIL+TD3,291,5989,84,2.294059934109473,0,1
GAIL+TD3,291,5989,85,3.475153502327667,0,1
GAIL+TD3,291,5989,86,2.5440648226939673,0,1
GAIL+TD3,291,5989,87,2.4792229902397924,0,1
GAIL+TD3,291,5989,88,1.802919381653666,0,1
GAIL+TD3,291,5989,89,104.81394460362944,0,1
GAIL+TD3,291,5989,90,2.5426914115149764,0,1
GAIL+TD3,291,5989,91,2.149289459685386,0,1
GAIL+TD3,291,5989,92,2.0884150131484582,0,1
GAIL+TD3,291,5989,93,1.4944251815437528,0,1
GAIL+TD3,291,5989,94,1.4031005610703495,0,1
GAIL+TD3,291,5989,95,32.89634807761841,0,1
GAIL+TD3,291,5989,96,1.6812575872200428,0,1
GAIL+TD3,291,5989,97,3.1730260644155917,0,1
GAIL+TD3,291,5989,98,3.4351948518715023,0,1
GAIL+TD3,291,5992,5,3.9217926186291736,0,1
GAIL+TD3,291,5992,6,8.916126572626762,0,1
GAIL+TD3,291,5992,7,4.426508700481303,0,1
GAIL+TD3,291,5992,8,11.542362494254634,0,1
GAIL+TD3,291,5992,9,9.68178356882985,0,1
GAIL+TD3,291,5992,10,15.481612446958982,0,1
GAIL+TD3,291,5992,11,5.833279325988334,0,1
GAIL+TD3,291,5992,12,5.081181931256257,0,1
GAIL+TD3,291,5992,13,12.577987230161146,0,1
GAIL+TD3,291,5992,14,9.204486788379405,0,1
GAIL+TD3,291,5992,15,8.717569859833944,0,1
GAIL+TD3,291,5992,16,8.294764035949495,0,1
GAIL+TD3,291,5992,17,12.694306930693067,0,1
GAIL+TD3,291,5992,18,5.71205357142857,0,1
GAIL+TD3,291,5992,19,4.72304036356698,0,1
GAIL+TD3,291,5992,21,4.883065759903644,0,1
GAIL+TD3,291,5992,22,9.852942825112107,0,1
GAIL+TD3,291,5992,23,7.23218831619665,0,1
GAIL+TD3,291,5992,24,133.72585365853658,0,1
GAIL+TD3,291,5992,25,5.223089461183814,0,1
GAIL+TD3,291,5992,26,7.77230132450331,0,1
GAIL+TD3,291,5992,27,5.646894746440947,0,1
GAIL+TD3,291,5992,28,2.536726902930566,0,1
GAIL+TD3,291,5992,30,3.56677690920024,0,1
GAIL+TD3,291,5992,31,3.0434617217863167,0,1
GAIL+TD3,291,5992,32,178.50060459492138,0,1
GAIL+TD3,291,5992,33,166.80722237306543,0,1
GAIL+TD3,291,5992,34,4.512288229169953,0,1
GAIL+TD3,291,5992,35,2.3284712647543464,0,1
GAIL+TD3,291,5992,36,2.40085559980619,0,1
GAIL+TD3,291,5992,37,2.937346563668848,0,1
GAIL+TD3,291,5992,38,161.3297805642633,0,1
GAIL+TD3,291,5992,40,81.72284217718061,0,1
GAIL+TD3,291,5992,41,2.520224111036832,0,1
GAIL+TD3,291,5992,42,3.6326654877886027,0,1
GAIL+TD3,291,5992,43,216.0409523809524,0,1
GAIL+TD3,291,5992,44,2.186002626178438,0,1
GAIL+TD3,291,5992,45,2.4158714807046744,0,1
GAIL+TD3,291,5992,47,7.107437350594934,0,1
GAIL+TD3,291,5992,48,175.68930341008453,0,1
GAIL+TD3,291,5992,49,176.8669634025717,0,1
GAIL+TD3,291,5992,50,4.479006079292591,0,1
GAIL+TD3,291,5992,51,3.3439071384933503,0,1
GAIL+TD3,291,5992,52,1.2984003002931053,0,1
GAIL+TD3,291,5992,53,4.508905560964434,0,1
GAIL+TD3,291,5992,54,3.4343663308810894,0,1
GAIL+TD3,291,5992,55,43.0485350695472,0,1
GAIL+TD3,291,5992,56,147.7259073842303,0,1
GAIL+TD3,291,5992,57,167.8644356211004,0,1
GAIL+TD3,291,5992,58,6.615304592314901,0,1
GAIL+TD3,291,5992,59,3.158950642413978,0,1
GAIL+TD3,291,5992,60,1.884183408128894,0,1
GAIL+TD3,291,5992,61,5.274341598443601,0,1
GAIL+TD3,291,5992,62,36.82080390178272,0,1
GAIL+TD3,291,5992,64,154.69122075515403,0,1
GAIL+TD3,291,5992,65,4.544098595474034,0,1
GAIL+TD3,291,5992,66,5.705018701069408,0,1
GAIL+TD3,291,5992,67,2.7895917191004167,0,1
GAIL+TD3,291,5992,68,2.927913317702754,0,1
GAIL+TD3,291,5992,69,17.317081711260787,0,1
GAIL+TD3,291,5992,70,4.084359921335716,0,1
GAIL+TD3,291,5992,71,203.56282777428152,0,1
GAIL+TD3,291,5992,73,3.055650061536281,0,1
GAIL+TD3,291,5992,74,8.075090562626412,0,1
GAIL+TD3,291,5992,75,3.243176051172123,0,1
GAIL+TD3,291,5992,76,136.0191481412292,0,1
GAIL+TD3,291,5992,77,91.14519731943409,0,1
GAIL+TD3,291,5992,79,3.7564395307670564,0,1
GAIL+TD3,291,5992,80,180.10097087378642,0,1
GAIL+TD3,291,5992,81,2.2435041003488516,0,1
GAIL+TD3,291,5992,82,210.9334203655352,0,1
GAIL+TD3,291,5992,83,1.4259264103868419,0,1
GAIL+TD3,291,5992,84,137.9922766368264,0,1
GAIL+TD3,291,5992,85,3.40439223214346,0,1
GAIL+TD3,291,5992,86,117.32789583956901,0,1
GAIL+TD3,291,5992,87,1.397414238393335,0,1
GAIL+TD3,291,5992,88,117.49550837076357,0,1
GAIL+TD3,291,5992,89,4.275022884948931,0,1
GAIL+TD3,291,5992,90,4.107764387901677,0,1
GAIL+TD3,291,5992,91,83.54648581997535,0,1
GAIL+TD3,291,5992,92,3.08879747446524,0,1
GAIL+TD3,291,5992,93,7.673107119095142,0,1
GAIL+TD3,291,5992,94,3.926043193235753,0,1
GAIL+TD3,291,5992,95,1.2220268603594182,0,1
GAIL+TD3,291,5992,96,22.015410162736632,0,1
GAIL+TD3,291,5992,97,1.4887074260189836,0,1
GAIL+TD3,291,5992,98,1.966705589152826,0,1
GAIL+TD3,291,5994,5,5.16167430968875,0,1
GAIL+TD3,291,5994,6,4.9773059316255965,0,1
GAIL+TD3,291,5994,7,3.211061061061061,0,1
GAIL+TD3,291,5994,8,9.341316710411197,0,1
GAIL+TD3,291,5994,9,64.02937720329027,0,1
GAIL+TD3,291,5994,10,7.669316563834838,0,1
GAIL+TD3,291,5994,11,7.266805748725082,0,1
GAIL+TD3,291,5994,12,8.843576696586817,0,1
GAIL+TD3,291,5994,13,7.669646243025083,0,1
GAIL+TD3,291,5994,14,11.137593437851427,0,1
GAIL+TD3,291,5994,15,18.470702943634507,0,1
GAIL+TD3,291,5994,16,4.419121673420217,0,1
GAIL+TD3,291,5994,17,11.092367782117597,0,1
GAIL+TD3,291,5994,18,7.305805558302838,0,1
GAIL+TD3,291,5994,19,5.711133183624114,0,1
GAIL+TD3,291,5994,20,228.03918076580587,0,1
GAIL+TD3,291,5994,22,12.919160791928743,0,1
GAIL+TD3,291,5994,23,6.151346474653594,0,1
GAIL+TD3,291,5994,26,3.6002559418764264,0,1
GAIL+TD3,291,5994,27,183.96705632306058,0,1
GAIL+TD3,291,5994,28,4.156176449611297,0,1
GAIL+TD3,291,5994,29,5.293229861927436,0,1
GAIL+TD3,291,5994,30,5.934071170731126,0,1
GAIL+TD3,291,5994,31,4.543966323666979,0,1
GAIL+TD3,291,5994,32,5.93312790989703,0,1
GAIL+TD3,291,5994,33,2.196832035027267,0,1
GAIL+TD3,291,5994,34,2.281605441563999,0,1
GAIL+TD3,291,5994,35,75.80311590481082,0,1
GAIL+TD3,291,5994,36,1.2797335731822934,0,1
GAIL+TD3,291,5994,37,210.30462184873946,0,1
GAIL+TD3,291,5994,38,207.91988950276237,0,1
GAIL+TD3,291,5994,39,4.340705844129473,0,1
GAIL+TD3,291,5994,40,3.5524056462652864,0,1
GAIL+TD3,291,5994,41,142.7084917617237,0,1
GAIL+TD3,291,5994,42,173.86417322834646,0,1
GAIL+TD3,291,5994,43,1.9623479243444821,0,1
GAIL+TD3,291,5994,44,2.554191137213027,0,1
GAIL+TD3,291,5994,45,222.2014285714286,0,1
GAIL+TD3,291,5994,46,93.48721981911129,0,1
GAIL+TD3,291,5994,47,24.368000813711028,0,1
GAIL+TD3,291,5994,48,1.7542511522549589,0,1
GAIL+TD3,291,5994,49,157.27996461742592,0,1
GAIL+TD3,291,5994,50,4.847936927008271,0,1
GAIL+TD3,291,5994,51,1.9205367927050776,0,1
GAIL+TD3,291,5994,52,197.06809651474532,0,1
GAIL+TD3,291,5994,53,5.046394293017467,0,1
GAIL+TD3,291,5994,54,130.32528828104049,0,1
GAIL+TD3,291,5994,55,5.619844608911956,0,1
GAIL+TD3,291,5994,56,30.846348996249723,0,1
GAIL+TD3,291,5994,57,4.603036257435869,0,1
GAIL+TD3,291,5994,58,1.9526661136663646,0,1
GAIL+TD3,291,5994,59,154.98310023310023,0,1
GAIL+TD3,291,5994,60,7.652451075912368,0,1
GAIL+TD3,291,5994,61,1.59338800149699,0,1
GAIL+TD3,291,5994,62,2.7933593073037346,0,1
GAIL+TD3,291,5994,63,198.19685356998792,0,1
GAIL+TD3,291,5994,66,3.4383123738418786,0,1
GAIL+TD3,291,5994,67,8.988863008838635,0,1
GAIL+TD3,291,5994,68,6.5623521540703935,0,1
GAIL+TD3,291,5994,69,6.582023893085738,0,1
GAIL+TD3,291,5994,70,7.125329490072628,0,1
GAIL+TD3,291,5994,71,180.6439929328622,0,1
GAIL+TD3,291,5994,72,1.5114600799345699,0,1
GAIL+TD3,291,5994,73,8.100114189834775,0,1
GAIL+TD3,291,5994,74,9.462291969623527,0,1
GAIL+TD3,291,5994,75,133.25135802469137,0,1
GAIL+TD3,291,5994,76,1.3209243988468164,0,1
GAIL+TD3,291,5994,77,139.76149570490145,0,1
GAIL+TD3,291,5994,78,137.6444530046225,0,1
GAIL+TD3,291,5994,79,121.02545248868776,0,1
GAIL+TD3,291,5994,80,7.334838415542968,0,1
GAIL+TD3,291,5994,81,3.767309567122627,0,1
GAIL+TD3,291,5994,82,5.314914972831555,0,1
GAIL+TD3,291,5994,83,4.989980447854798,0,1
GAIL+TD3,291,5994,84,1.6237183322177666,0,1
GAIL+TD3,291,5994,85,1.9086272767658816,0,1
GAIL+TD3,291,5994,86,6.230136736554239,0,1
GAIL+TD3,291,5994,87,1.6881840375586854,0,1
GAIL+TD3,291,5994,88,124.38065326633166,0,1
GAIL+TD3,291,5994,89,6.381841323716589,0,1
GAIL+TD3,291,5994,90,4.806811460258779,0,1
GAIL+TD3,291,5994,91,6.7003130704550395,0,1
GAIL+TD3,291,5994,92,3.626519131590363,0,1
GAIL+TD3,291,5994,93,5.891768989753578,0,1
GAIL+TD3,291,5994,94,4.343621557657702,0,1
GAIL+TD3,291,5994,95,1.6010668089078546,0,1
GAIL+TD3,291,5994,96,1.2389612102507288,0,1
GAIL+TD3,291,5994,97,83.51661264181524,0,1
GAIL+TD3,291,5994,98,2.8788141131261904,0,1
GAIL+TD3,291,5995,5,6.7238254703043445,0,1
GAIL+TD3,291,5995,6,11.373122834039277,0,1
GAIL+TD3,291,5995,7,7.972399905235727,0,1
GAIL+TD3,291,5995,8,64.56933115823819,0,1
GAIL+TD3,291,5995,9,16.903935185185187,0,1
GAIL+TD3,291,5995,10,7.120655629865145,0,1
GAIL+TD3,291,5995,11,5.553627760252366,0,1
GAIL+TD3,291,5995,12,6.012756105019441,0,1
GAIL+TD3,291,5995,13,11.694183601962157,0,1
GAIL+TD3,291,5995,14,3.457149748594541,0,1
GAIL+TD3,291,5995,15,20.87634887634888,0,1
GAIL+TD3,291,5995,16,18.475179762626702,0,1
GAIL+TD3,291,5995,17,13.990164112596457,0,1
GAIL+TD3,291,5995,18,6.739744130465345,0,1
GAIL+TD3,291,5995,19,6.569395699061961,0,1
GAIL+TD3,291,5995,20,3.426153280879801,0,1
GAIL+TD3,291,5995,21,129.30330578512397,0,1
GAIL+TD3,291,5995,22,5.124576893457743,0,1
GAIL+TD3,291,5995,24,149.75382182393253,0,1
GAIL+TD3,291,5995,25,7.064009369194735,0,1
GAIL+TD3,291,5995,26,3.7718816568047324,0,1
GAIL+TD3,291,5995,27,3.9745530345546367,0,1
GAIL+TD3,291,5995,28,3.1105866140112717,0,1
GAIL+TD3,291,5995,29,5.579962727774711,0,1
GAIL+TD3,291,5995,30,3.3741129552518916,0,1
GAIL+TD3,291,5995,32,4.164611693818344,0,1
GAIL+TD3,291,5995,34,4.618157530467441,0,1
GAIL+TD3,291,5995,35,194.40178991992462,0,1
GAIL+TD3,291,5995,36,4.188162766803017,0,1
GAIL+TD3,291,5995,37,1.7001348451379668,0,1
GAIL+TD3,291,5995,38,2.0006102820316696,0,1
GAIL+TD3,291,5995,41,6.777271132935813,0,1
GAIL+TD3,291,5995,43,174.10973936899867,0,1
GAIL+TD3,291,5995,44,5.508336754349953,0,1
GAIL+TD3,291,5995,45,1.813629802735583,0,1
GAIL+TD3,291,5995,47,3.2358629305164617,0,1
GAIL+TD3,291,5995,51,9.51405713345536,0,1
GAIL+TD3,291,5995,52,6.810782825775521,0,1
GAIL+TD3,291,5995,53,13.686042002826873,0,1
GAIL+TD3,291,5995,54,8.416232213217711,0,1
GAIL+TD3,291,5995,55,5.171076848806686,0,1
GAIL+TD3,291,5995,56,2.860595850857992,0,1
GAIL+TD3,291,5995,57,7.926829874487385,0,1
GAIL+TD3,291,5995,58,4.013787381350315,0,1
GAIL+TD3,291,5995,59,43.03505633189884,0,1
GAIL+TD3,291,5995,60,3.473925746454786,0,1
GAIL+TD3,291,5995,61,19.48160654898951,0,1
GAIL+TD3,291,5995,62,2.002775355480431,0,1
GAIL+TD3,291,5995,63,1.6754392209908475,0,1
GAIL+TD3,291,5995,64,1.0562794115172556,0,1
GAIL+TD3,291,5995,65,181.82785164450664,0,1
GAIL+TD3,291,5995,66,180.1406563965171,0,1
GAIL+TD3,291,5995,67,2.5477404166364415,0,1
GAIL+TD3,291,5995,68,2.695895537054944,0,1
GAIL+TD3,291,5995,69,131.5831525668836,0,1
GAIL+TD3,291,5995,70,29.444546850998464,0,1
GAIL+TD3,291,5995,71,3.5999939608056284,0,1
GAIL+TD3,291,5995,72,1.5448773026408968,0,1
GAIL+TD3,291,5995,73,2.971557870918515,0,1
GAIL+TD3,291,5995,74,2.0652168551380545,0,1
GAIL+TD3,291,5995,75,6.539121543522717,0,1
GAIL+TD3,291,5995,76,117.63867924528303,0,1
GAIL+TD3,291,5995,77,15.857360592841752,0,1
GAIL+TD3,291,5995,78,11.462995169082124,0,1
GAIL+TD3,291,5995,79,3.40240433545873,0,1
GAIL+TD3,291,5995,80,5.453791122576527,0,1
GAIL+TD3,291,5995,81,2.884899241253279,0,1
GAIL+TD3,291,5995,82,2.5990363775279492,0,1
GAIL+TD3,291,5995,83,2.509005652712801,0,1
GAIL+TD3,291,5995,84,2.477103219446515,0,1
GAIL+TD3,291,5995,85,2.687081887840569,0,1
GAIL+TD3,291,5995,86,168.41903052064632,0,1
GAIL+TD3,291,5995,87,2.0673768840573135,0,1
GAIL+TD3,291,5995,88,116.44383057090239,0,1
GAIL+TD3,291,5995,89,2.718953753918458,0,1
GAIL+TD3,291,5995,90,2.5120266533289795,0,1
GAIL+TD3,291,5995,91,1.3140574267203327,0,1
GAIL+TD3,291,5995,93,2.732183252085066,0,1
GAIL+TD3,291,5998,5,4.314447592067988,0,1
GAIL+TD3,291,5998,6,17.21242774566474,0,1
GAIL+TD3,291,5998,7,6.386200391786984,0,1
GAIL+TD3,291,5998,8,10.200479146248501,0,1
GAIL+TD3,291,5998,9,7.540239403749154,0,1
GAIL+TD3,291,5998,10,7.374799214706408,0,1
GAIL+TD3,291,5998,11,5.086840990487927,0,1
GAIL+TD3,291,5998,12,3.878082083869443,0,1
GAIL+TD3,291,5998,13,45.39794937520025,0,1
GAIL+TD3,291,5998,14,8.288146188987739,0,1
GAIL+TD3,291,5998,15,11.682969879861073,0,1
GAIL+TD3,291,5998,16,6.07501447596989,0,1
GAIL+TD3,291,5998,17,12.344788924636832,0,1
GAIL+TD3,291,5998,18,4.924797500102791,0,1
GAIL+TD3,291,5998,19,5.938288725558174,0,1
GAIL+TD3,291,5998,20,13.382098386286222,0,1
GAIL+TD3,291,5998,21,17.22245827010622,0,1
GAIL+TD3,291,5998,23,46.5985095482068,0,1
GAIL+TD3,291,5998,26,179.4134387351778,0,1
GAIL+TD3,291,5998,28,183.88983501862697,0,1
GAIL+TD3,291,5998,29,3.581025824179829,0,1
GAIL+TD3,291,5998,30,3.928445758276697,0,1
GAIL+TD3,291,5998,31,152.80188022284125,0,1
GAIL+TD3,291,5998,32,4.67835003212419,0,1
GAIL+TD3,291,5998,33,5.18266420852374,0,1
GAIL+TD3,291,5998,34,3.4819995915628543,0,1
GAIL+TD3,291,5998,35,3.8716620012441125,0,1
GAIL+TD3,291,5998,36,11.40492076730609,0,1
GAIL+TD3,291,5998,37,3.9477322383786633,0,1
GAIL+TD3,291,5998,38,91.03723922791968,0,1
GAIL+TD3,291,5998,39,3.326766838269831,0,1
GAIL+TD3,291,5998,40,3.027336137338057,0,1
GAIL+TD3,291,5998,41,2.220013132377418,0,1
GAIL+TD3,291,5998,42,1.7453602178485734,0,1
GAIL+TD3,291,5998,43,206.80888516345348,0,1
GAIL+TD3,291,5998,44,1.8314547752234762,0,1
GAIL+TD3,291,5998,45,149.0514837325706,0,1
GAIL+TD3,291,5998,46,3.396650710455358,0,1
GAIL+TD3,291,5998,47,6.346543533061857,0,1
GAIL+TD3,291,5998,48,6.807260996466794,0,1
GAIL+TD3,291,5998,49,2.3329586894471714,0,1
GAIL+TD3,291,5998,50,6.49584361257106,0,1
GAIL+TD3,291,5998,51,3.5207250219374813,0,1
GAIL+TD3,291,5998,52,184.3986344537815,0,1
GAIL+TD3,291,5998,53,1.9675770066619591,0,1
GAIL+TD3,291,5998,54,1.7050491515575534,0,1
GAIL+TD3,291,5998,56,13.249711830661218,0,1
GAIL+TD3,291,5998,60,10.594295340431449,0,1
GAIL+TD3,291,5998,61,5.634839363882401,0,1
GAIL+TD3,291,5998,62,138.23429781227946,0,1
GAIL+TD3,291,5998,63,114.61044591246902,0,1
GAIL+TD3,291,5998,64,1.9326864276731013,0,1
GAIL+TD3,291,5998,65,2.198397283889278,0,1
GAIL+TD3,291,5998,66,1.5552556262696526,0,1
GAIL+TD3,291,5998,67,2.6345692840410053,0,1
GAIL+TD3,291,5998,69,156.1795245026686,0,1
GAIL+TD3,291,5998,70,201.64365580943124,0,1
GAIL+TD3,291,5998,71,9.0831151331404,0,1
GAIL+TD3,291,5998,72,3.8714882784532825,0,1
GAIL+TD3,291,5998,73,9.42303184058832,0,1
GAIL+TD3,291,5998,74,9.13444014715593,0,1
GAIL+TD3,291,5998,75,5.767695261344421,0,1
GAIL+TD3,291,5998,76,3.8356344258131303,0,1
GAIL+TD3,291,5998,77,2.2329675050773314,0,1
GAIL+TD3,291,5998,78,2.3716925037162877,0,1
GAIL+TD3,291,5998,79,1.1092031429850364,0,1
GAIL+TD3,291,5998,80,2.3691211073460634,0,1
GAIL+TD3,291,5998,81,148.92850877192984,0,1
GAIL+TD3,291,5998,82,6.742806545494481,0,1
GAIL+TD3,291,5998,83,4.1587415841891335,0,1
GAIL+TD3,291,5998,84,3.7476895528127967,0,1
GAIL+TD3,291,5998,85,15.481582328825795,0,1
GAIL+TD3,291,5998,86,6.349424206815511,0,1
GAIL+TD3,291,5998,87,2.4075191058713057,0,1
GAIL+TD3,291,5998,88,1.7398993177614734,0,1
GAIL+TD3,291,5998,89,1.3932591200503346,0,1
GAIL+TD3,291,5998,90,147.9279525763794,0,1
GAIL+TD3,291,5998,91,4.666363057881145,0,1
GAIL+TD3,291,5998,92,1.6440946854256255,0,1
GAIL+TD3,291,5998,93,91.45627093412729,0,1
GAIL+TD3,291,5998,94,55.162357414448664,0,1
GAIL+TD3,291,5998,95,12.341405762197844,0,1
GAIL+TD3,291,5998,96,2.2504947318600963,0,1
GAIL+TD3,291,5998,97,4.5543800166066974,0,1
GAIL+TD3,291,5998,98,5.318768537560844,0,1
GAIL+TD3,291,5999,5,3.544473864862214,0,1
GAIL+TD3,291,5999,6,6.919131771033422,0,1
GAIL+TD3,291,5999,7,5.874956662429214,0,1
GAIL+TD3,291,5999,8,10.564836795252226,0,1
GAIL+TD3,291,5999,9,11.598763585601754,0,1
GAIL+TD3,291,5999,10,10.88400102502776,0,1
GAIL+TD3,291,5999,11,15.37411843725512,0,1
GAIL+TD3,291,5999,12,5.365728198621447,0,1
GAIL+TD3,291,5999,13,4.791718259567483,0,1
GAIL+TD3,291,5999,14,12.237072002254473,0,1
GAIL+TD3,291,5999,15,8.612942317014056,0,1
GAIL+TD3,291,5999,16,8.073278038225748,0,1
GAIL+TD3,291,5999,17,7.730711548075321,0,1
GAIL+TD3,291,5999,18,3.7380390753363373,0,1
GAIL+TD3,291,5999,19,35.771489971346696,0,1
GAIL+TD3,291,5999,20,197.81637168141597,0,1
GAIL+TD3,291,5999,22,9.874668218012582,0,1
GAIL+TD3,291,5999,24,5.354815498154981,0,1
GAIL+TD3,291,5999,25,7.921588392768616,0,1
GAIL+TD3,291,5999,26,3.4824024299110476,0,1
GAIL+TD3,291,5999,28,129.8380213385063,0,1
GAIL+TD3,291,5999,29,3.1204299719446453,0,1
GAIL+TD3,291,5999,30,3.775014824679933,0,1
GAIL+TD3,291,5999,32,5.105484856575005,0,1
GAIL+TD3,291,5999,33,201.42782969885772,0,1
GAIL+TD3,291,5999,34,3.9832979116614307,0,1
GAIL+TD3,291,5999,35,4.7757268753035875,0,1
GAIL+TD3,291,5999,36,5.154534648757875,0,1
GAIL+TD3,291,5999,37,1.9063347032479965,0,1
GAIL+TD3,291,5999,38,3.6718029910349625,0,1
GAIL+TD3,291,5999,39,201.31472957422326,0,1
GAIL+TD3,291,5999,41,4.692213707252792,0,1
GAIL+TD3,291,5999,42,131.90043407487792,0,1
GAIL+TD3,291,5999,43,5.393640330517129,0,1
GAIL+TD3,291,5999,44,160.7335216572505,0,1
GAIL+TD3,291,5999,45,1.7058255836861955,0,1
GAIL+TD3,291,5999,46,1.6290709915125992,0,1
GAIL+TD3,291,5999,47,9.9934363396814,0,1
GAIL+TD3,291,5999,48,176.5586834127328,0,1
GAIL+TD3,291,5999,49,10.320585024347135,0,1
GAIL+TD3,291,5999,50,6.424417055296468,0,1
GAIL+TD3,291,5999,51,57.1042645624612,0,1
GAIL+TD3,291,5999,52,5.645083135391923,0,1
GAIL+TD3,291,5999,53,8.083808070532385,0,1
GAIL+TD3,291,5999,54,3.7783430162070935,0,1
GAIL+TD3,291,5999,55,2.8550403726823257,0,1
GAIL+TD3,291,5999,56,2.7413947020902842,0,1
GAIL+TD3,291,5999,57,2.3584585056529264,0,1
GAIL+TD3,291,5999,58,2.054771368013164,0,1
GAIL+TD3,291,5999,59,98.42607973421926,0,1
GAIL+TD3,291,5999,60,5.028308823529413,0,1
GAIL+TD3,291,5999,61,2.3589001564818015,0,1
GAIL+TD3,291,5999,62,2.124447766927793,0,1
GAIL+TD3,291,5999,63,2.3310549832501666,0,1
GAIL+TD3,291,5999,64,5.306506380415137,0,1
GAIL+TD3,291,5999,65,1.78899458085862,0,1
GAIL+TD3,291,5999,66,180.54158316633263,0,1
GAIL+TD3,291,5999,67,3.1715501563112913,0,1
GAIL+TD3,291,5999,68,7.725410699241785,0,1
GAIL+TD3,291,5999,69,3.970856636291343,0,1
GAIL+TD3,291,5999,70,206.645937358148,0,1
GAIL+TD3,291,5999,71,2.930174576990656,0,1
GAIL+TD3,291,5999,72,1.65685723350607,0,1
GAIL+TD3,291,5999,74,27.069156022255306,0,1
GAIL+TD3,291,5999,75,2.9658632510896803,0,1
GAIL+TD3,291,5999,76,213.08916323731137,0,1
GAIL+TD3,291,5999,77,179.37535816618913,0,1
GAIL+TD3,291,5999,78,3.736720651879903,0,1
GAIL+TD3,291,5999,79,1.518606716939767,0,1
GAIL+TD3,291,5999,80,100.52356020942408,0,1
GAIL+TD3,291,5999,82,10.926193696036616,0,1
GAIL+TD3,291,5999,83,65.94463514560957,0,1
GAIL+TD3,291,5999,84,3.4189888572559815,0,1
GAIL+TD3,291,5999,85,47.668448069755996,0,1
GAIL+TD3,291,5999,86,2.7731541171864804,0,1
GAIL+TD3,291,5999,87,3.6127663017097245,0,1
GAIL+TD3,291,5999,88,1.791518533810314,0,1
GAIL+TD3,291,5999,89,1.8068838223144128,0,1
GAIL+TD3,291,5999,90,107.91568355308813,0,1
GAIL+TD3,291,5999,91,4.1215360253365,0,1
GAIL+TD3,291,5999,92,1.5465119115871133,0,1
GAIL+TD3,291,5999,93,1.1842578735166875,0,1
GAIL+TD3,291,5999,94,83.8671875,0,1
GAIL+TD3,291,5999,95,7.217014079859202,0,1
GAIL+TD3,291,5999,96,1.7769994162288383,0,1
GAIL+TD3,291,5999,97,8.592530142744952,0,1
GAIL+TD3,291,5999,98,5.556073544789125,0,1
GAIL+TD3,291,6003,5,4.71872873943046,0,1
GAIL+TD3,291,6003,6,13.869281045751634,0,1
GAIL+TD3,291,6003,7,12.847383720930232,0,1
GAIL+TD3,291,6003,8,3.2382318501170966,0,1
GAIL+TD3,291,6003,9,3.0296702843230308,0,1
GAIL+TD3,291,6003,10,78.45580589254766,0,1
GAIL+TD3,291,6003,11,56.09121621621622,0,1
GAIL+TD3,291,6003,12,5.677718713397605,0,1
GAIL+TD3,291,6003,13,1.1448221580900264,0,1
GAIL+TD3,291,6003,14,8.282708416433984,0,1
GAIL+TD3,291,6003,15,3.934899798362207,0,1
GAIL+TD3,291,6003,16,11.285034990130988,0,1
GAIL+TD3,291,6003,17,7.953896343715377,0,1
GAIL+TD3,291,6003,18,11.322446195816912,0,1
GAIL+TD3,291,6003,19,19.555879741215275,0,1
GAIL+TD3,291,6003,20,2.5022925010357686,0,1
GAIL+TD3,291,6003,21,8.040103547784756,0,1
GAIL+TD3,291,6003,22,6.086383687300986,0,1
GAIL+TD3,291,6003,23,9.123256432670745,0,1
GAIL+TD3,291,6003,24,4.188340807174888,0,1
GAIL+TD3,291,6003,25,3.7452905756270027,0,1
GAIL+TD3,291,6003,26,4.323743136158879,0,1
GAIL+TD3,291,6003,28,4.646206343943412,0,1
GAIL+TD3,291,6003,29,5.91908894972913,0,1
GAIL+TD3,291,6003,30,6.8855986787778685,0,1
GAIL+TD3,291,6003,31,141.19060052219322,0,1
GAIL+TD3,291,6003,32,4.177002015572085,0,1
GAIL+TD3,291,6003,33,3.8608792431830827,0,1
GAIL+TD3,291,6003,34,3.8962592618002203,0,1
GAIL+TD3,291,6003,35,158.3490746649649,0,1
GAIL+TD3,291,6003,37,18.053933253873666,0,1
GAIL+TD3,291,6003,38,2.1623139242783442,0,1
GAIL+TD3,291,6003,39,3.3678420977895587,0,1
GAIL+TD3,291,6003,41,13.777380920649307,0,1
GAIL+TD3,291,6003,42,173.38054187192114,0,1
GAIL+TD3,291,6003,43,157.06590621039294,0,1
GAIL+TD3,291,6003,44,3.4214424425834826,0,1
GAIL+TD3,291,6003,45,17.423072660780914,0,1
GAIL+TD3,291,6003,46,1.740623982283593,0,1
GAIL+TD3,291,6003,47,2.441305062573889,0,1
GAIL+TD3,291,6003,48,2.654961438760888,0,1
GAIL+TD3,291,6003,49,145.38650562265724,0,1
GAIL+TD3,291,6003,50,3.554862973922182,0,1
GAIL+TD3,291,6003,51,131.3763785129847,0,1
GAIL+TD3,291,6003,53,24.44029567854435,0,1
GAIL+TD3,291,6003,54,2.608134160698771,0,1
GAIL+TD3,291,6003,55,1.1760375733855186,0,1
GAIL+TD3,291,6003,56,134.40085744908896,0,1
GAIL+TD3,291,6003,57,2.2349688913625614,0,1
GAIL+TD3,291,6003,58,172.42227488151656,0,1
GAIL+TD3,291,6003,59,164.36842105263165,0,1
GAIL+TD3,291,6003,60,8.285533800902815,0,1
GAIL+TD3,291,6003,61,17.731642694928087,0,1
GAIL+TD3,291,6003,62,2.3031048279400133,0,1
GAIL+TD3,291,6003,63,5.496982680586567,0,1
GAIL+TD3,291,6003,64,73.31376093716105,0,1
GAIL+TD3,291,6003,65,1.6403939942334824,0,1
GAIL+TD3,291,6003,66,7.707865945348014,0,1
GAIL+TD3,291,6003,67,41.55553317893465,0,1
GAIL+TD3,291,6003,68,1.7132127431904622,0,1
GAIL+TD3,291,6003,69,2.732051575494011,0,1
GAIL+TD3,291,6003,70,152.33908271266168,0,1
GAIL+TD3,291,6003,71,199.29535736102628,0,1
GAIL+TD3,291,6003,72,14.897971179370499,0,1
GAIL+TD3,291,6003,73,2.6059003806454677,0,1
GAIL+TD3,291,6003,74,166.88979223125563,0,1
GAIL+TD3,291,6003,75,5.417449203094418,0,1
GAIL+TD3,291,6003,76,2.8285546371426404,0,1
GAIL+TD3,291,6003,77,2.6932982655462685,0,1
GAIL+TD3,291,6003,78,2.107892227562183,0,1
GAIL+TD3,291,6003,79,1.822418136020151,0,1
GAIL+TD3,291,6003,80,101.11526691601496,0,1
GAIL+TD3,291,6003,81,5.835264367816091,0,1
GAIL+TD3,291,6003,82,1.2592874207956788,0,1
GAIL+TD3,291,6003,83,1.030652608126161,0,1
GAIL+TD3,291,6003,84,127.79141835518475,0,1
GAIL+TD3,291,6003,85,147.1111111111111,0,1
GAIL+TD3,291,6003,86,1.281960897803882,0,1
GAIL+TD3,291,6003,87,26.959268208491544,0,1
GAIL+TD3,291,6003,88,3.533613983417102,0,1
GAIL+TD3,291,6003,89,35.97748521274566,0,1
GAIL+TD3,291,6003,90,1.8483873015873016,0,1
GAIL+TD3,291,6003,91,26.83888805858616,0,1
GAIL+TD3,291,6003,92,3.841856266923963,0,1
GAIL+TD3,291,6003,93,0.41584346008101397,1,1
GAIL+TD3,291,6005,5,4.166092010639345,0,1
GAIL+TD3,291,6005,6,6.787172011661807,0,1
GAIL+TD3,291,6005,7,10.39696760854583,0,1
GAIL+TD3,291,6005,8,11.680709145164123,0,1
GAIL+TD3,291,6005,9,17.404559373936713,0,1
GAIL+TD3,291,6005,10,11.727563441303898,0,1
GAIL+TD3,291,6005,11,9.309384363933534,0,1
GAIL+TD3,291,6005,12,14.663590441033614,0,1
GAIL+TD3,291,6005,13,10.751650720927099,0,1
GAIL+TD3,291,6005,14,7.753273823009651,0,1
GAIL+TD3,291,6005,15,11.639433487446595,0,1
GAIL+TD3,291,6005,16,7.986921160609612,0,1
GAIL+TD3,291,6005,17,9.3389554079319,0,1
GAIL+TD3,291,6005,18,7.941297014407767,0,1
GAIL+TD3,291,6005,19,5.086921217266134,0,1
GAIL+TD3,291,6005,20,5.950978048683319,0,1
GAIL+TD3,291,6005,23,6.063712236981311,0,1
GAIL+TD3,291,6005,24,10.795426437422705,0,1
GAIL+TD3,291,6005,25,157.8611914401388,0,1
GAIL+TD3,291,6005,26,3.4854000978579074,0,1
GAIL+TD3,291,6005,27,3.25022279094212,0,1
GAIL+TD3,291,6005,29,1.915310536000191,0,1
GAIL+TD3,291,6005,33,227.6622464898596,0,1
GAIL+TD3,291,6005,34,51.41115781429117,0,1
GAIL+TD3,291,6005,35,3.564668537516677,0,1
GAIL+TD3,291,6005,36,3.21711901587165,0,1
GAIL+TD3,291,6005,39,2.188748005347824,0,1
GAIL+TD3,291,6005,43,7.268988624612202,0,1
GAIL+TD3,291,6005,45,9.400629144106745,0,1
GAIL+TD3,291,6005,46,5.021244142644481,0,1
GAIL+TD3,291,6005,48,1.9380101426041765,0,1
GAIL+TD3,291,6005,49,25.523556539383875,0,1
GAIL+TD3,291,6005,50,39.13610135474159,0,1
GAIL+TD3,291,6005,51,18.58408457629897,0,1
GAIL+TD3,291,6005,52,3.7184203530562963,0,1
GAIL+TD3,291,6005,53,7.1398759165256624,0,1
GAIL+TD3,291,6005,54,1.628208531015339,0,1
GAIL+TD3,291,6005,55,5.93873507589751,0,1
GAIL+TD3,291,6005,56,3.8088419545373196,0,1
GAIL+TD3,291,6005,57,1.988669879984902,0,1
GAIL+TD3,291,6005,58,2.3207068674019804,0,1
GAIL+TD3,291,6005,59,60.104614412136534,0,1
GAIL+TD3,291,6005,60,4.522539311754451,0,1
GAIL+TD3,291,6005,61,131.58126501200962,0,1
GAIL+TD3,291,6005,62,1.7571719745957433,0,1
GAIL+TD3,291,6005,63,2.424080941201579,0,1
GAIL+TD3,291,6005,64,126.48810791622294,0,1
GAIL+TD3,291,6005,65,3.181261126706095,0,1
GAIL+TD3,291,6005,66,2.152136196650161,0,1
GAIL+TD3,291,6005,67,97.63581773225009,0,1
GAIL+TD3,291,6005,68,3.4079185689693885,0,1
GAIL+TD3,291,6005,69,111.10248815165875,0,1
GAIL+TD3,291,6005,70,1.228664981259062,0,1
GAIL+TD3,291,6005,71,50.97440585009141,0,1
GAIL+TD3,291,6005,72,2.9749179114392543,0,1
GAIL+TD3,291,6005,73,2.1815197135414124,0,1
GAIL+TD3,291,6005,74,110.72694920737625,0,1
GAIL+TD3,291,6005,75,1.2978189096258788,0,1
GAIL+TD3,291,6005,76,122.46564102564102,0,1
GAIL+TD3,291,6005,77,6.304743394066584,0,1
GAIL+TD3,291,6005,78,3.3988031035802515,0,1
GAIL+TD3,291,6005,79,30.969889595182337,0,1
GAIL+TD3,291,6005,80,3.0883120094676784,0,1
GAIL+TD3,291,6005,81,107.97359813084114,0,1
GAIL+TD3,291,6005,82,2.1877455723169303,0,1
GAIL+TD3,291,6005,83,106.43778927307378,0,1
GAIL+TD3,291,6005,84,18.186697713296315,0,1
GAIL+TD3,291,6005,85,1.4477805969723752,0,1
GAIL+TD3,291,6005,86,3.0308243779614408,0,1
GAIL+TD3,291,6005,87,113.55834829443444,0,1
GAIL+TD3,291,6005,88,4.636632235250326,0,1
GAIL+TD3,291,6005,89,5.920289339806203,0,1
GAIL+TD3,291,6005,90,111.47727272727275,0,1
GAIL+TD3,291,6005,91,4.039189330270919,0,1
GAIL+TD3,291,6005,92,3.874925882988044,0,1
GAIL+TD3,291,6005,93,2.331011711469198,0,1
GAIL+TD3,291,6005,94,1.8468306161205177,0,1
GAIL+TD3,291,6005,95,40.52446230205625,0,1
GAIL+TD3,291,6005,96,126.50011868027532,0,1
GAIL+TD3,291,6005,97,200.92324561403507,0,1
GAIL+TD3,291,6005,98,2.2621440381008786,0,1
GAIL+TD3,291,6011,5,5.376224050137093,0,1
GAIL+TD3,291,6011,6,4.553602641289571,0,1
GAIL+TD3,291,6011,7,16.391100702576114,0,1
GAIL+TD3,291,6011,8,7.1217504332755635,0,1
GAIL+TD3,291,6011,9,13.213497502613542,0,1
GAIL+TD3,291,6011,10,4.1936752307641045,0,1
GAIL+TD3,291,6011,11,10.176695526695525,0,1
GAIL+TD3,291,6011,12,11.49765816667906,0,1
GAIL+TD3,291,6011,13,3.8913162206444567,0,1
GAIL+TD3,291,6011,14,5.738816738816739,0,1
GAIL+TD3,291,6011,15,14.29342846413819,0,1
GAIL+TD3,291,6011,16,6.333131714623118,0,1
GAIL+TD3,291,6011,17,12.271581508515816,0,1
GAIL+TD3,291,6011,18,5.362738240951216,0,1
GAIL+TD3,291,6011,19,3.583661816706278,0,1
GAIL+TD3,291,6011,24,200.4294605809129,0,1
GAIL+TD3,291,6011,25,174.78585961342827,0,1
GAIL+TD3,291,6011,26,3.226592323087646,0,1
GAIL+TD3,291,6011,27,191.17354368932038,0,1
GAIL+TD3,291,6011,28,3.2026446603691414,0,1
GAIL+TD3,291,6011,29,184.40858208955223,0,1
GAIL+TD3,291,6011,30,188.948793407887,0,1
GAIL+TD3,291,6011,31,1.7292833146696527,0,1
GAIL+TD3,291,6011,32,3.5738920269389522,0,1
GAIL+TD3,291,6011,33,203.91756032171583,0,1
GAIL+TD3,291,6011,37,6.597650489341733,0,1
GAIL+TD3,291,6011,38,5.277614604462475,0,1
GAIL+TD3,291,6011,39,4.936314343551185,0,1
GAIL+TD3,291,6011,40,6.057354277096212,0,1
GAIL+TD3,291,6011,41,5.191112593580907,0,1
GAIL+TD3,291,6011,42,23.11038639876352,0,1
GAIL+TD3,291,6011,43,27.66919358382773,0,1
GAIL+TD3,291,6011,44,3.9023185861603453,0,1
GAIL+TD3,291,6011,45,3.291124421453852,0,1
GAIL+TD3,291,6011,46,2.3735146558721825,0,1
GAIL+TD3,291,6011,47,2.0967895956602063,0,1
GAIL+TD3,291,6011,48,169.9077697037451,0,1
GAIL+TD3,291,6011,49,12.056268318310016,0,1
GAIL+TD3,291,6011,50,2.4358393021048252,0,1
GAIL+TD3,291,6011,51,123.2036520415927,0,1
GAIL+TD3,291,6011,52,219.33753733820112,0,1
GAIL+TD3,291,6011,54,6.500864335623702,0,1
GAIL+TD3,291,6011,55,2.5800691483747573,0,1
GAIL+TD3,291,6011,56,3.896385852642429,0,1
GAIL+TD3,291,6011,57,2.8921135501136197,0,1
GAIL+TD3,291,6011,58,2.663481343913557,0,1
GAIL+TD3,291,6011,59,95.55277919428863,0,1
GAIL+TD3,291,6011,60,5.777303702991479,0,1
GAIL+TD3,291,6011,61,3.907680262533212,0,1
GAIL+TD3,291,6011,62,2.863689865746783,0,1
GAIL+TD3,291,6011,63,31.739909864797195,0,1
GAIL+TD3,291,6011,64,2.7520338135708764,0,1
GAIL+TD3,291,6011,65,15.398437786497489,0,1
GAIL+TD3,291,6011,66,1.8973304725313107,0,1
GAIL+TD3,291,6011,67,217.13231552162847,0,1
GAIL+TD3,291,6011,69,2.3305556923466546,0,1
GAIL+TD3,291,6011,70,225.68526877308165,0,1
GAIL+TD3,291,6011,71,182.2315240083507,0,1
GAIL+TD3,291,6011,72,10.717473512077133,0,1
GAIL+TD3,291,6011,73,4.142198764265112,0,1
GAIL+TD3,291,6011,74,14.451867004204152,0,1
GAIL+TD3,291,6011,75,9.194905841369215,0,1
GAIL+TD3,291,6011,76,2.2703817174098115,0,1
GAIL+TD3,291,6011,77,37.27333514050782,0,1
GAIL+TD3,291,6011,78,3.698994706425137,0,1
GAIL+TD3,291,6011,79,1.5859399242847387,0,1
GAIL+TD3,291,6011,80,24.593942938844474,0,1
GAIL+TD3,291,6011,81,200.81234654507188,0,1
GAIL+TD3,291,6011,82,163.33925005546928,0,1
GAIL+TD3,291,6011,83,4.2829007533858805,0,1
GAIL+TD3,291,6011,84,2.7873939406924917,0,1
GAIL+TD3,291,6011,85,59.688373077465776,0,1
GAIL+TD3,291,6011,86,3.316058902900855,0,1
GAIL+TD3,291,6011,87,2.849860858842545,0,1
GAIL+TD3,291,6011,88,6.7609564971523195,0,1
GAIL+TD3,291,6011,89,1.2683424605659857,0,1
GAIL+TD3,291,6011,90,2.091812104229641,0,1
GAIL+TD3,291,6011,91,1.33718057309063,0,1
GAIL+TD3,291,6011,92,70.30306345733041,0,1
GAIL+TD3,291,6011,93,0.8700036203220747,1,1
GAIL+TD3,291,6012,5,6.18822261414854,0,1
GAIL+TD3,291,6012,6,5.898162781509284,0,1
GAIL+TD3,291,6012,7,20.755776636713737,0,1
GAIL+TD3,291,6012,8,11.591480065537956,0,1
GAIL+TD3,291,6012,9,10.185213414634147,0,1
GAIL+TD3,291,6012,10,153.4563986409966,0,1
GAIL+TD3,291,6012,11,7.107967875834687,0,1
GAIL+TD3,291,6012,12,9.870201508499381,0,1
GAIL+TD3,291,6012,13,5.333993789738282,0,1
GAIL+TD3,291,6012,14,9.843562243809309,0,1
GAIL+TD3,291,6012,15,6.700530859876328,0,1
GAIL+TD3,291,6012,16,5.82026218658521,0,1
GAIL+TD3,291,6012,17,9.056320813926602,0,1
GAIL+TD3,291,6012,18,8.280165341411081,0,1
GAIL+TD3,291,6012,19,137.64931906614785,0,1
GAIL+TD3,291,6012,20,2.7744170229304315,0,1
GAIL+TD3,291,6012,22,5.195066345191819,0,1
GAIL+TD3,291,6012,23,7.650034141345168,0,1
GAIL+TD3,291,6012,24,5.446146958581249,0,1
GAIL+TD3,291,6012,25,6.27199977847926,0,1
GAIL+TD3,291,6012,26,7.101021107791762,0,1
GAIL+TD3,291,6012,27,3.9216342254663425,0,1
GAIL+TD3,291,6012,28,4.201393426699397,0,1
GAIL+TD3,291,6012,29,96.49658074697528,0,1
GAIL+TD3,291,6012,30,2.830529698510762,0,1
GAIL+TD3,291,6012,31,3.4605543440472797,0,1
GAIL+TD3,291,6012,32,142.00206753962786,0,1
GAIL+TD3,291,6012,33,3.6184348963516935,0,1
GAIL+TD3,291,6012,34,2.470797007287153,0,1
GAIL+TD3,291,6012,35,171.21853388658369,0,1
GAIL+TD3,291,6012,36,1.89416922525662,0,1
GAIL+TD3,291,6012,37,8.004443409999787,0,1
GAIL+TD3,291,6012,38,148.81596587446677,0,1
GAIL+TD3,291,6012,39,2.2678215037875864,0,1
GAIL+TD3,291,6012,40,226.31687499999998,0,1
GAIL+TD3,291,6012,41,176.16182405165458,0,1
GAIL+TD3,291,6012,42,6.192929647652972,0,1
GAIL+TD3,291,6012,43,181.65804471722927,0,1
GAIL+TD3,291,6012,44,1.7468583529643529,0,1
GAIL+TD3,291,6012,45,3.7016720121454636,0,1
GAIL+TD3,291,6012,47,4.518215834335193,0,1
GAIL+TD3,291,6012,48,122.40706713780916,0,1
GAIL+TD3,291,6012,49,4.077230902556521,0,1
GAIL+TD3,291,6012,50,190.43951064793836,0,1
GAIL+TD3,291,6012,51,14.77035795887281,0,1
GAIL+TD3,291,6012,52,4.561641822723637,0,1
GAIL+TD3,291,6012,53,1.881435147215213,0,1
GAIL+TD3,291,6012,54,125.72109569548203,0,1
GAIL+TD3,291,6012,55,5.868085274067068,0,1
GAIL+TD3,291,6012,56,21.76810030508222,0,1
GAIL+TD3,291,6012,57,2.256959277208833,0,1
GAIL+TD3,291,6012,58,135.61597165440176,0,1
GAIL+TD3,291,6012,59,10.955702801789377,0,1
GAIL+TD3,291,6012,60,2.4804280699282644,0,1
GAIL+TD3,291,6012,61,196.89212328767124,0,1
GAIL+TD3,291,6012,62,201.84137496058025,0,1
GAIL+TD3,291,6012,63,8.607688436374898,0,1
GAIL+TD3,291,6012,64,2.794561683008589,0,1
GAIL+TD3,291,6012,65,13.35652727658671,0,1
GAIL+TD3,291,6012,66,16.15703310472171,0,1
GAIL+TD3,291,6012,67,99.18242293638151,0,1
GAIL+TD3,291,6012,68,2.046335300720854,0,1
GAIL+TD3,291,6012,69,38.29648454044896,0,1
GAIL+TD3,291,6012,70,144.97014239779512,0,1
GAIL+TD3,291,6012,71,1.6598765807685039,0,1
GAIL+TD3,291,6012,72,2.0743585335691983,0,1
GAIL+TD3,291,6012,73,4.696227521942195,0,1
GAIL+TD3,291,6012,74,3.4800335538959457,0,1
GAIL+TD3,291,6012,75,156.81513409961684,0,1
GAIL+TD3,291,6012,76,171.30713581058862,0,1
GAIL+TD3,291,6012,77,6.7986086890948005,0,1
GAIL+TD3,291,6012,78,3.1471350402090223,0,1
GAIL+TD3,291,6012,79,2.5212332530470207,0,1
GAIL+TD3,291,6012,80,162.29815384615387,0,1
GAIL+TD3,291,6012,81,42.0308465236886,0,1
GAIL+TD3,291,6012,82,2.9204385595409357,0,1
GAIL+TD3,291,6012,83,37.44986849701713,0,1
GAIL+TD3,291,6012,84,1.2668117688420364,0,1
GAIL+TD3,291,6012,85,1.2868468428173676,0,1
GAIL+TD3,291,6012,86,1.1429404425016922,0,1
GAIL+TD3,291,6012,89,162.38246268656718,0,1
GAIL+TD3,291,6012,90,10.256538588872225,0,1
GAIL+TD3,291,6012,91,21.829967088169067,0,1
GAIL+TD3,291,6012,92,23.870198556765718,0,1
GAIL+TD3,291,6012,93,2.828216728197058,0,1
GAIL+TD3,291,6012,94,21.19188921859545,0,1
GAIL+TD3,291,6012,95,2.392947588551329,0,1
GAIL+TD3,291,6012,96,1.8892849620893009,0,1
GAIL+TD3,291,6012,97,3.2315854164801263,0,1
GAIL+TD3,291,6012,98,1.7022520905968757,0,1
GAIL+TD3,291,6019,5,3.0349794238683128,0,1
GAIL+TD3,291,6019,6,5.072984333205961,0,1
GAIL+TD3,291,6019,7,6.90323383084577,0,1
GAIL+TD3,291,6019,8,2.8995701445877295,0,1
GAIL+TD3,291,6019,9,4.684693479109723,0,1
GAIL+TD3,291,6019,10,3.5364665773773285,0,1
GAIL+TD3,291,6019,11,17.747850554947632,0,1
GAIL+TD3,291,6019,12,14.131451157538114,0,1
GAIL+TD3,291,6019,13,5.724519940915804,0,1
GAIL+TD3,291,6019,14,7.277438302306854,0,1
GAIL+TD3,291,6019,15,10.62117582643214,0,1
GAIL+TD3,291,6019,16,16.725974793225678,0,1
GAIL+TD3,291,6019,17,8.259212257943222,0,1
GAIL+TD3,291,6019,18,9.030124485004208,0,1
GAIL+TD3,291,6019,19,7.1551817321983515,0,1
GAIL+TD3,291,6019,20,6.691339437766863,0,1
GAIL+TD3,291,6019,21,5.605406906767893,0,1
GAIL+TD3,291,6019,22,10.786665377051293,0,1
GAIL+TD3,291,6019,23,138.71610169491527,0,1
GAIL+TD3,291,6019,25,5.130154417580905,0,1
GAIL+TD3,291,6019,26,9.134807884807886,0,1
GAIL+TD3,291,6019,27,4.538754764930115,0,1
GAIL+TD3,291,6019,29,4.580287780202957,0,1
GAIL+TD3,291,6019,30,4.144397805829914,0,1
GAIL+TD3,291,6019,31,3.2383288901485296,0,1
GAIL+TD3,291,6019,32,2.9239150796128626,0,1
GAIL+TD3,291,6019,33,2.7476691701505795,0,1
GAIL+TD3,291,6019,34,2.6735954666759083,0,1
GAIL+TD3,291,6019,36,16.70200724839699,0,1
GAIL+TD3,291,6019,37,196.1259433962264,0,1
GAIL+TD3,291,6019,38,165.55705200149646,0,1
GAIL+TD3,291,6019,39,5.597147631609371,0,1
GAIL+TD3,291,6019,40,2.8517984159215324,0,1
GAIL+TD3,291,6019,41,2.471799485063747,0,1
GAIL+TD3,291,6019,42,6.1704930532023035,0,1
GAIL+TD3,291,6019,43,146.0808411214953,0,1
GAIL+TD3,291,6019,44,3.661139935333484,0,1
GAIL+TD3,291,6019,45,134.1359149582384,0,1
GAIL+TD3,291,6019,46,3.739796732826053,0,1
GAIL+TD3,291,6019,47,4.31916169659814,0,1
GAIL+TD3,291,6019,48,113.08035714285714,0,1
GAIL+TD3,291,6019,49,4.4980654749195015,0,1
GAIL+TD3,291,6019,50,7.536917363941067,0,1
GAIL+TD3,291,6019,51,2.5475318154449065,0,1
GAIL+TD3,291,6019,52,2.4142797402460063,0,1
GAIL+TD3,291,6019,53,3.0426112141625175,0,1
GAIL+TD3,291,6019,54,191.65276381909547,0,1
GAIL+TD3,291,6019,55,1.6616702787157902,0,1
GAIL+TD3,291,6019,57,2.5359428547834346,0,1
GAIL+TD3,291,6019,59,10.220366206231931,0,1
GAIL+TD3,291,6019,60,102.09904818560379,0,1
GAIL+TD3,291,6019,61,4.16449147829002,0,1
GAIL+TD3,291,6019,62,16.845394010161897,0,1
GAIL+TD3,291,6019,63,5.130751170388809,0,1
GAIL+TD3,291,6019,64,1.8516445205324144,0,1
GAIL+TD3,291,6019,65,3.4509987575265226,0,1
GAIL+TD3,291,6019,66,125.67583626760562,0,1
GAIL+TD3,291,6019,67,48.15946103140753,0,1
GAIL+TD3,291,6019,68,1.8268289522214585,0,1
GAIL+TD3,291,6019,69,3.5634055808198664,0,1
GAIL+TD3,291,6019,70,1.8588094069583903,0,1
GAIL+TD3,291,6019,71,27.158099275746338,0,1
GAIL+TD3,291,6019,72,137.93789035392092,0,1
GAIL+TD3,291,6019,73,1.74072845919867,0,1
GAIL+TD3,291,6019,74,2.680812316032442,0,1
GAIL+TD3,291,6019,75,145.84340567612688,0,1
GAIL+TD3,291,6019,76,3.5738132498695885,0,1
GAIL+TD3,291,6019,77,2.6420098531592284,0,1
GAIL+TD3,291,6019,78,98.64006959980115,0,1
GAIL+TD3,291,6019,79,3.4259494261966372,0,1
GAIL+TD3,291,6019,80,3.1026511669286196,0,1
GAIL+TD3,291,6019,81,223.05829596412553,0,1
GAIL+TD3,291,6019,82,118.58789458441935,0,1
GAIL+TD3,291,6019,83,7.150004254232962,0,1
GAIL+TD3,291,6019,84,2.6495387318787524,0,1
GAIL+TD3,291,6019,85,5.082053975966905,0,1
GAIL+TD3,291,6019,86,3.28397199795107,0,1
GAIL+TD3,291,6019,87,108.24727088093427,0,1
GAIL+TD3,291,6019,88,2.2441978410443477,0,1
GAIL+TD3,291,6019,89,6.378908274313352,0,1
GAIL+TD3,291,6019,90,143.79899856938485,0,1
GAIL+TD3,291,6019,91,2.664261882605467,0,1
GAIL+TD3,291,6019,93,1.8918788159257878,0,1
GAIL+TD3,291,6019,94,7.5063263213901035,0,1
GAIL+TD3,291,6019,96,8.881042713120303,0,1
GAIL+TD3,291,6019,97,4.4513046394633875,0,1
GAIL+TD3,291,6019,98,78.46923671711036,0,1
GAIL+TD3,291,6020,5,4.008844396928759,0,1
GAIL+TD3,291,6020,6,4.415791520809024,0,1
GAIL+TD3,291,6020,7,6.370455856895557,0,1
GAIL+TD3,291,6020,8,12.407170795306389,0,1
GAIL+TD3,291,6020,9,4.717756289988935,0,1
GAIL+TD3,291,6020,10,11.0674287928696,0,1
GAIL+TD3,291,6020,11,7.511388760347576,0,1
GAIL+TD3,291,6020,12,9.768821346032638,0,1
GAIL+TD3,291,6020,13,13.893938008594679,0,1
GAIL+TD3,291,6020,14,26.042119987566057,0,1
GAIL+TD3,291,6020,15,15.671463016255737,0,1
GAIL+TD3,291,6020,16,10.15050326766207,0,1
GAIL+TD3,291,6020,17,10.727515226959497,0,1
GAIL+TD3,291,6020,18,7.869060041174315,0,1
GAIL+TD3,291,6020,19,6.043203394102327,0,1
GAIL+TD3,291,6020,20,8.00655070524614,0,1
GAIL+TD3,291,6020,21,5.864622747632587,0,1
GAIL+TD3,291,6020,22,9.595808649948777,0,1
GAIL+TD3,291,6020,23,4.048058324654069,0,1
GAIL+TD3,291,6020,26,5.305542168674699,0,1
GAIL+TD3,291,6020,27,1.6683556413822425,0,1
GAIL+TD3,291,6020,33,11.855245075584058,0,1
GAIL+TD3,291,6020,37,218.8639298892989,0,1
GAIL+TD3,291,6020,38,8.25028182026224,0,1
GAIL+TD3,291,6020,39,10.086702534643365,0,1
GAIL+TD3,291,6020,40,11.76414624702694,0,1
GAIL+TD3,291,6020,41,7.505904774055674,0,1
GAIL+TD3,291,6020,43,2.036143249716597,0,1
GAIL+TD3,291,6020,44,78.48688214491322,0,1
GAIL+TD3,291,6020,45,2.809785955433427,0,1
GAIL+TD3,291,6020,47,163.4165952340134,0,1
GAIL+TD3,291,6020,48,183.71275327771158,0,1
GAIL+TD3,291,6020,49,2.3843384280321778,0,1
GAIL+TD3,291,6020,50,100.57490535424554,0,1
GAIL+TD3,291,6020,51,1.7809669217082191,0,1
GAIL+TD3,291,6020,52,20.854534890832365,0,1
GAIL+TD3,291,6020,53,1.6148388823279598,0,1
GAIL+TD3,291,6020,54,55.439685001789755,0,1
GAIL+TD3,291,6020,55,1.8785296652114771,0,1
GAIL+TD3,291,6020,56,11.22705152804427,0,1
GAIL+TD3,291,6020,57,1.7728216531432697,0,1
GAIL+TD3,291,6020,58,175.67960023515573,0,1
GAIL+TD3,291,6020,59,4.143096289091725,0,1
GAIL+TD3,291,6020,60,1.3682668608067927,0,1
GAIL+TD3,291,6020,61,192.5374677002584,0,1
GAIL+TD3,291,6020,62,226.27067082683305,0,1
GAIL+TD3,291,6020,63,11.088119590873328,0,1
GAIL+TD3,291,6020,64,2.8484806647995478,0,1
GAIL+TD3,291,6020,65,109.76107273466071,0,1
GAIL+TD3,291,6020,66,13.656160003628198,0,1
GAIL+TD3,291,6020,67,5.004995586937334,0,1
GAIL+TD3,291,6020,68,1.6585778721704112,0,1
GAIL+TD3,291,6020,69,183.42126379137412,0,1
GAIL+TD3,291,6020,70,148.81910569105688,0,1
GAIL+TD3,291,6020,71,3.4869453155844257,0,1
GAIL+TD3,291,6020,72,139.1139203719849,0,1
GAIL+TD3,291,6020,73,156.92256973795435,0,1
GAIL+TD3,291,6020,74,5.1997975825574,0,1
GAIL+TD3,291,6020,75,2.480112653787242,0,1
GAIL+TD3,291,6020,76,2.509685996786165,0,1
GAIL+TD3,291,6020,77,3.3522582022848946,0,1
GAIL+TD3,291,6020,78,52.349797804737136,0,1
GAIL+TD3,291,6020,79,161.722545390446,0,1
GAIL+TD3,291,6020,80,38.63161169881767,0,1
GAIL+TD3,291,6020,81,2.291309572017499,0,1
GAIL+TD3,291,6020,82,1.5729117730849707,0,1
GAIL+TD3,291,6020,83,4.735298098812527,0,1
GAIL+TD3,291,6020,84,3.9187983176447023,0,1
GAIL+TD3,291,6020,85,3.1240544347707377,0,1
GAIL+TD3,291,6020,86,2.0116643326753167,0,1
GAIL+TD3,291,6020,87,135.63829787234042,0,1
GAIL+TD3,291,6020,88,139.14197711938985,0,1
GAIL+TD3,291,6020,89,5.036897385815364,0,1
GAIL+TD3,291,6020,90,2.4751921388904177,0,1
GAIL+TD3,291,6020,91,104.2807201172284,0,1
GAIL+TD3,291,6020,92,2.6281942054648826,0,1
GAIL+TD3,291,6020,93,3.3364369670430967,0,1
GAIL+TD3,291,6020,94,2.4640628691338127,0,1
GAIL+TD3,291,6020,95,1.5305146505648926,0,1
GAIL+TD3,291,6020,96,77.74423963133641,0,1
GAIL+TD3,291,6020,97,15.164499578296317,0,1
GAIL+TD3,291,6020,98,2.1345524793209267,0,1
GAIL+TD3,291,6026,5,3.9862623883819057,0,1
GAIL+TD3,291,6026,6,12.598872180451126,0,1
GAIL+TD3,291,6026,7,11.306319546504303,0,1
GAIL+TD3,291,6026,8,6.828265376641325,0,1
GAIL+TD3,291,6026,9,4.802833166525522,0,1
GAIL+TD3,291,6026,10,18.96943972835314,0,1
GAIL+TD3,291,6026,11,76.28030303030303,0,1
GAIL+TD3,291,6026,12,3.9920582395764397,0,1
GAIL+TD3,291,6026,13,1.8240803277950381,0,1
GAIL+TD3,291,6026,14,4.067548417572036,0,1
GAIL+TD3,291,6026,15,6.425700398667468,0,1
GAIL+TD3,291,6026,16,18.612446613788894,0,1
GAIL+TD3,291,6026,17,12.34866220735786,0,1
GAIL+TD3,291,6026,18,5.826413590089538,0,1
GAIL+TD3,291,6026,19,11.272641342234303,0,1
GAIL+TD3,291,6026,20,10.969184318987827,0,1
GAIL+TD3,291,6026,21,3.850534186410542,0,1
GAIL+TD3,291,6026,22,5.297839662106179,0,1
GAIL+TD3,291,6026,23,35.721529411764706,0,1
GAIL+TD3,291,6026,24,4.4954517340735265,0,1
GAIL+TD3,291,6026,25,4.182034428794992,0,1
GAIL+TD3,291,6026,26,5.037386052234215,0,1
GAIL+TD3,291,6026,27,7.055886926908009,0,1
GAIL+TD3,291,6026,28,7.3675890214369,0,1
GAIL+TD3,291,6026,29,4.372041355676241,0,1
GAIL+TD3,291,6026,31,3.403969893990558,0,1
GAIL+TD3,291,6026,32,5.20045604202406,0,1
GAIL+TD3,291,6026,33,151.53673835125448,0,1
GAIL+TD3,291,6026,34,157.75414258188823,0,1
GAIL+TD3,291,6026,35,3.4234249689068066,0,1
GAIL+TD3,291,6026,36,2.0063383480747135,0,1
GAIL+TD3,291,6026,37,2.6935397123638825,0,1
GAIL+TD3,291,6026,40,135.54432624113477,0,1
GAIL+TD3,291,6026,41,5.112907124615077,0,1
GAIL+TD3,291,6026,42,138.0099315068493,0,1
GAIL+TD3,291,6026,43,2.8120905128871185,0,1
GAIL+TD3,291,6026,44,1.4164225268390507,0,1
GAIL+TD3,291,6026,48,6.757284493078146,0,1
GAIL+TD3,291,6026,49,208.30221811460257,0,1
GAIL+TD3,291,6026,50,11.111502742230348,0,1
GAIL+TD3,291,6026,51,4.9435558611617685,0,1
GAIL+TD3,291,6026,52,2.068866275010785,0,1
GAIL+TD3,291,6026,53,9.671462430870305,0,1
GAIL+TD3,291,6026,54,4.574831247028997,0,1
GAIL+TD3,291,6026,55,186.5386858039919,0,1
GAIL+TD3,291,6026,56,3.459072129936145,0,1
GAIL+TD3,291,6026,57,2.1404342687566316,0,1
GAIL+TD3,291,6026,58,57.040300751879705,0,1
GAIL+TD3,291,6026,59,1.1047067969675308,0,1
GAIL+TD3,291,6026,60,1.2176925835176,0,1
GAIL+TD3,291,6026,61,168.20669456066946,0,1
GAIL+TD3,291,6026,62,207.79981114258734,0,1
GAIL+TD3,291,6026,63,161.77697516930024,0,1
GAIL+TD3,291,6026,64,3.492657161720883,0,1
GAIL+TD3,291,6026,65,191.06842576028626,0,1
GAIL+TD3,291,6026,66,8.084476718727196,0,1
GAIL+TD3,291,6026,67,3.8368585996522224,0,1
GAIL+TD3,291,6026,68,2.0330164201786576,0,1
GAIL+TD3,291,6026,69,117.62710622710624,0,1
GAIL+TD3,291,6026,70,2.551515616165295,0,1
GAIL+TD3,291,6026,71,106.0260235947259,0,1
GAIL+TD3,291,6026,72,34.37763292896373,0,1
GAIL+TD3,291,6026,73,1.69538085896898,0,1
GAIL+TD3,291,6026,74,3.4355528905121426,0,1
GAIL+TD3,291,6026,75,1.9598043779409204,0,1
GAIL+TD3,291,6026,76,68.11582615826157,0,1
GAIL+TD3,291,6026,77,5.194134749912557,0,1
GAIL+TD3,291,6026,78,146.85979381443295,0,1
GAIL+TD3,291,6026,79,4.355918392929895,0,1
GAIL+TD3,291,6026,80,3.767754044821502,0,1
GAIL+TD3,291,6026,81,8.659516736450609,0,1
GAIL+TD3,291,6026,82,2.818999720763818,0,1
GAIL+TD3,291,6026,83,174.4529387587341,0,1
GAIL+TD3,291,6026,84,5.071072081840076,0,1
GAIL+TD3,291,6026,85,3.8512978308554713,0,1
GAIL+TD3,291,6026,86,1.582251618532602,0,1
GAIL+TD3,291,6026,87,1.3896217796455324,0,1
GAIL+TD3,291,6026,88,1.3560150980111108,0,1
GAIL+TD3,291,6026,89,140.9528403001072,0,1
GAIL+TD3,291,6026,90,2.2740728969204396,0,1
GAIL+TD3,291,6026,91,3.8296987876274344,0,1
GAIL+TD3,291,6026,92,30.54051572423292,0,1
GAIL+TD3,291,6026,93,18.026837912337566,0,1
GAIL+TD3,291,6026,94,9.789731682146543,0,1
GAIL+TD3,291,6026,95,2.7130406567866956,0,1
GAIL+TD3,291,6026,96,4.160291952510728,0,1
GAIL+TD3,291,6026,97,5.587886497466095,0,1
GAIL+TD3,291,6026,98,1.767821251959306,0,1
GAIL+TD3,291,6029,5,4.596699734800118,0,1
GAIL+TD3,291,6029,6,10.10830115830116,0,1
GAIL+TD3,291,6029,7,13.428412627834591,0,1
GAIL+TD3,291,6029,8,7.636699729486024,0,1
GAIL+TD3,291,6029,9,17.641988286529507,0,1
GAIL+TD3,291,6029,10,12.829067372756692,0,1
GAIL+TD3,291,6029,11,5.5920111075509995,0,1
GAIL+TD3,291,6029,12,7.129669386002576,0,1
GAIL+TD3,291,6029,13,13.30671555646092,0,1
GAIL+TD3,291,6029,14,4.427656567441039,0,1
GAIL+TD3,291,6029,15,15.781765276430649,0,1
GAIL+TD3,291,6029,16,10.803248214460424,0,1
GAIL+TD3,291,6029,17,5.373327793934359,0,1
GAIL+TD3,291,6029,18,9.18829153437266,0,1
GAIL+TD3,291,6029,21,6.555412229231228,0,1
GAIL+TD3,291,6029,23,6.0030987894062715,0,1
GAIL+TD3,291,6029,24,4.695645194244183,0,1
GAIL+TD3,291,6029,25,8.136168040259646,0,1
GAIL+TD3,291,6029,26,124.22347794385709,0,1
GAIL+TD3,291,6029,27,3.9480200757680506,0,1
GAIL+TD3,291,6029,28,184.37429264349234,0,1
GAIL+TD3,291,6029,29,3.8109834187112432,0,1
GAIL+TD3,291,6029,30,5.333623477740068,0,1
GAIL+TD3,291,6029,31,163.31789531378456,0,1
GAIL+TD3,291,6029,32,3.993755892876098,0,1
GAIL+TD3,291,6029,33,10.156180324363948,0,1
GAIL+TD3,291,6029,34,2.4055104512326815,0,1
GAIL+TD3,291,6029,35,1.9590222745984593,0,1
GAIL+TD3,291,6029,36,10.040273427579786,0,1
GAIL+TD3,291,6029,37,1.5009142263581776,0,1
GAIL+TD3,291,6029,38,158.87833827893178,0,1
GAIL+TD3,291,6029,39,181.0267595307918,0,1
GAIL+TD3,291,6029,40,3.4051155002264712,0,1
GAIL+TD3,291,6029,41,3.9184250296123837,0,1
GAIL+TD3,291,6029,42,2.237828877258626,0,1
GAIL+TD3,291,6029,43,8.272645792334819,0,1
GAIL+TD3,291,6029,44,2.0917082343543942,0,1
GAIL+TD3,291,6029,45,122.74047417442847,0,1
GAIL+TD3,291,6029,46,222.54650238473772,0,1
GAIL+TD3,291,6029,47,5.644788383266517,0,1
GAIL+TD3,291,6029,48,6.417839992280915,0,1
GAIL+TD3,291,6029,49,5.363419566957237,0,1
GAIL+TD3,291,6029,50,152.06203559702783,0,1
GAIL+TD3,291,6029,51,2.8092107844361136,0,1
GAIL+TD3,291,6029,52,2.171797538240466,0,1
GAIL+TD3,291,6029,53,2.1205208992646005,0,1
GAIL+TD3,291,6029,54,1.4195835110954476,0,1
GAIL+TD3,291,6029,55,45.89125061789422,0,1
GAIL+TD3,291,6029,56,177.57294900221726,0,1
GAIL+TD3,291,6029,57,6.713114192775209,0,1
GAIL+TD3,291,6029,58,3.2753100223622686,0,1
GAIL+TD3,291,6029,59,4.0341036874996155,0,1
GAIL+TD3,291,6029,60,6.938252231298427,0,1
GAIL+TD3,291,6029,61,3.3071036140197374,0,1
GAIL+TD3,291,6029,62,54.01405332563289,0,1
GAIL+TD3,291,6029,63,2.849263523314176,0,1
GAIL+TD3,291,6029,64,3.288092522671155,0,1
GAIL+TD3,291,6029,65,2.2479671533725587,0,1
GAIL+TD3,291,6029,66,9.72364434477658,0,1
GAIL+TD3,291,6029,67,1.8630584444524416,0,1
GAIL+TD3,291,6029,68,2.0291281014233493,0,1
GAIL+TD3,291,6029,69,155.8806869539018,0,1
GAIL+TD3,291,6029,70,109.49079189686925,0,1
GAIL+TD3,291,6029,71,1.8325492063235875,0,1
GAIL+TD3,291,6029,72,2.2426549652977656,0,1
GAIL+TD3,291,6029,73,1.9841495180211297,0,1
GAIL+TD3,291,6029,74,7.5550048469308,0,1
GAIL+TD3,291,6029,75,4.58390418526539,0,1
GAIL+TD3,291,6029,76,2.761578751771073,0,1
GAIL+TD3,291,6029,77,128.51342934994162,0,1
GAIL+TD3,291,6029,78,2.6586675294343647,0,1
GAIL+TD3,291,6029,79,1.9687934614871692,0,1
GAIL+TD3,291,6029,80,118.72312417727075,0,1
GAIL+TD3,291,6029,81,3.310227291349163,0,1
GAIL+TD3,291,6029,82,4.146881703344722,0,1
GAIL+TD3,291,6029,83,2.0230413611824165,0,1
GAIL+TD3,291,6029,84,145.25764192139738,0,1
GAIL+TD3,291,6029,85,6.648909311250253,0,1
GAIL+TD3,291,6029,86,4.729277616469935,0,1
GAIL+TD3,291,6029,87,2.924550368125976,0,1
GAIL+TD3,291,6029,88,84.83546815803717,0,1
GAIL+TD3,291,6029,89,14.014786853607314,0,1
GAIL+TD3,291,6029,90,1.9142726016125484,0,1
GAIL+TD3,291,6029,91,2.2904303680627667,0,1
GAIL+TD3,291,6029,92,0.9460700982475438,1,1
GAIL+TD3,291,6031,5,4.633878710688743,0,1
GAIL+TD3,291,6031,6,3.596151967965622,0,1
GAIL+TD3,291,6031,7,8.463064188661564,0,1
GAIL+TD3,291,6031,8,12.895903393457658,0,1
GAIL+TD3,291,6031,9,12.628884254431702,0,1
GAIL+TD3,291,6031,10,6.000048197416618,0,1
GAIL+TD3,291,6031,11,13.51174013921114,0,1
GAIL+TD3,291,6031,12,7.105004182453379,0,1
GAIL+TD3,291,6031,13,4.50317572335921,0,1
GAIL+TD3,291,6031,14,18.86651250788312,0,1
GAIL+TD3,291,6031,15,7.73485067089886,0,1
GAIL+TD3,291,6031,16,7.078555304740407,0,1
GAIL+TD3,291,6031,17,11.45990031717263,0,1
GAIL+TD3,291,6031,18,7.960844028714381,0,1
GAIL+TD3,291,6031,19,4.137754730448209,0,1
GAIL+TD3,291,6031,20,9.063342468818167,0,1
GAIL+TD3,291,6031,21,110.67468299081769,0,1
GAIL+TD3,291,6031,22,6.953034500125914,0,1
GAIL+TD3,291,6031,23,5.278181671311442,0,1
GAIL+TD3,291,6031,24,8.721802026015439,0,1
GAIL+TD3,291,6031,25,3.6455983138247805,0,1
GAIL+TD3,291,6031,27,3.344752379273881,0,1
GAIL+TD3,291,6031,28,163.60760034158835,0,1
GAIL+TD3,291,6031,29,174.0213675213675,0,1
GAIL+TD3,291,6031,30,2.365846187836426,0,1
GAIL+TD3,291,6031,31,193.68472652218782,0,1
GAIL+TD3,291,6031,32,2.804393584853244,0,1
GAIL+TD3,291,6031,34,2.6657946540929762,0,1
GAIL+TD3,291,6031,35,223.39807692307693,0,1
GAIL+TD3,291,6031,36,3.7500152583234154,0,1
GAIL+TD3,291,6031,37,213.64705882352942,0,1
GAIL+TD3,291,6031,38,4.195505374009336,0,1
GAIL+TD3,291,6031,39,158.13076278290026,0,1
GAIL+TD3,291,6031,40,3.502870146377465,0,1
GAIL+TD3,291,6031,41,136.99767531964358,0,1
GAIL+TD3,291,6031,42,2.9429023338927593,0,1
GAIL+TD3,291,6031,43,2.0704027769621756,0,1
GAIL+TD3,291,6031,45,3.5012218745343473,0,1
GAIL+TD3,291,6031,46,217.20223271790465,0,1
GAIL+TD3,291,6031,47,33.278197043316446,0,1
GAIL+TD3,291,6031,48,3.376525861752954,0,1
GAIL+TD3,291,6031,49,6.054865181711606,0,1
GAIL+TD3,291,6031,50,1.957119817357337,0,1
GAIL+TD3,291,6031,52,16.512416045350914,0,1
GAIL+TD3,291,6031,53,7.525178457176549,0,1
GAIL+TD3,291,6031,54,151.66143642834032,0,1
GAIL+TD3,291,6031,55,156.33371205973057,0,1
GAIL+TD3,291,6031,56,5.8984743042236225,0,1
GAIL+TD3,291,6031,57,2.37711156838497,0,1
GAIL+TD3,291,6031,58,1.1172835239983268,0,1
GAIL+TD3,291,6031,59,42.21112929623568,0,1
GAIL+TD3,291,6031,62,35.35106950287373,0,1
GAIL+TD3,291,6031,63,13.17935656836461,0,1
GAIL+TD3,291,6031,64,9.019714726991914,0,1
GAIL+TD3,291,6031,65,5.030337441412556,0,1
GAIL+TD3,291,6031,66,8.011773611647984,0,1
GAIL+TD3,291,6031,67,1.4086103232424347,0,1
GAIL+TD3,291,6031,68,7.446217531441574,0,1
GAIL+TD3,291,6031,69,1.5464314507042956,0,1
GAIL+TD3,291,6031,70,164.33737373737372,0,1
GAIL+TD3,291,6031,72,121.32679401135776,0,1
GAIL+TD3,291,6031,73,182.948489351164,0,1
GAIL+TD3,291,6031,74,4.2762791799040984,0,1
GAIL+TD3,291,6031,75,15.331022650870562,0,1
GAIL+TD3,291,6031,76,40.93680929441768,0,1
GAIL+TD3,291,6031,77,3.2191212162741647,0,1
GAIL+TD3,291,6031,78,138.12984956452888,0,1
GAIL+TD3,291,6031,79,4.322843449581697,0,1
GAIL+TD3,291,6031,80,2.1538113279481497,0,1
GAIL+TD3,291,6031,81,1.6006451612903225,0,1
GAIL+TD3,291,6031,82,86.5644820295983,0,1
GAIL+TD3,291,6031,83,3.58292148889584,0,1
GAIL+TD3,291,6031,84,2.1420921085307336,0,1
GAIL+TD3,291,6031,85,137.35245901639342,0,1
GAIL+TD3,291,6031,86,3.475018556476381,0,1
GAIL+TD3,291,6031,87,3.5269453611418218,0,1
GAIL+TD3,291,6031,88,1.7312083897540058,0,1
GAIL+TD3,291,6031,89,126.32473944048272,0,1
GAIL+TD3,291,6031,90,10.144396030016946,0,1
GAIL+TD3,291,6031,91,1.372274701959992,0,1
GAIL+TD3,291,6031,92,109.47663889894966,0,1
GAIL+TD3,291,6031,93,2.819769594589874,0,1
GAIL+TD3,291,6032,5,4.954087562960094,0,1
GAIL+TD3,291,6032,6,10.037661607644745,0,1
GAIL+TD3,291,6032,7,4.873581647755303,0,1
GAIL+TD3,291,6032,8,11.86880165289256,0,1
GAIL+TD3,291,6032,9,3.882632772141078,0,1
GAIL+TD3,291,6032,10,9.28743007568279,0,1
GAIL+TD3,291,6032,11,14.229014050678515,0,1
GAIL+TD3,291,6032,12,6.553205191717032,0,1
GAIL+TD3,291,6032,13,7.179982395277792,0,1
GAIL+TD3,291,6032,14,39.09351620947632,0,1
GAIL+TD3,291,6032,15,6.714496262764502,0,1
GAIL+TD3,291,6032,16,18.493069306930693,0,1
GAIL+TD3,291,6032,17,12.778182438968873,0,1
GAIL+TD3,291,6032,18,6.571835142827028,0,1
GAIL+TD3,291,6032,19,3.210244863495638,0,1
GAIL+TD3,291,6032,20,8.75320302723318,0,1
GAIL+TD3,291,6032,21,142.87718340611355,0,1
GAIL+TD3,291,6032,22,9.437327655415547,0,1
GAIL+TD3,291,6032,23,6.097926093514329,0,1
GAIL+TD3,291,6032,24,206.98912133891218,0,1
GAIL+TD3,291,6032,25,4.704306169719941,0,1
GAIL+TD3,291,6032,28,2.6638390757681965,0,1
GAIL+TD3,291,6032,32,3.0779472101792327,0,1
GAIL+TD3,291,6032,34,223.73726541554961,0,1
GAIL+TD3,291,6032,35,2.5943134028158714,0,1
GAIL+TD3,291,6032,36,2.103808664657088,0,1
GAIL+TD3,291,6032,39,17.022732985170496,0,1
GAIL+TD3,291,6032,40,28.119625025473805,0,1
GAIL+TD3,291,6032,41,10.137316683606798,0,1
GAIL+TD3,291,6032,42,3.897156295049489,0,1
GAIL+TD3,291,6032,43,2.677528118806784,0,1
GAIL+TD3,291,6032,44,18.112832416612,0,1
GAIL+TD3,291,6032,45,1.4835371327955906,0,1
GAIL+TD3,291,6032,46,3.94737664203933,0,1
GAIL+TD3,291,6032,47,178.51732522796354,0,1
GAIL+TD3,291,6032,48,2.7014350309522492,0,1
GAIL+TD3,291,6032,49,136.56825273010924,0,1
GAIL+TD3,291,6032,50,25.991755782729545,0,1
GAIL+TD3,291,6032,51,49.97887666699115,0,1
GAIL+TD3,291,6032,52,5.84775209710019,0,1
GAIL+TD3,291,6032,53,2.55176583841782,0,1
GAIL+TD3,291,6032,54,139.61339600470035,0,1
GAIL+TD3,291,6032,55,1.5138017658467176,0,1
GAIL+TD3,291,6032,56,198.33258678611423,0,1
GAIL+TD3,291,6032,57,5.111660290147793,0,1
GAIL+TD3,291,6032,58,2.374943783297586,0,1
GAIL+TD3,291,6032,59,181.71001494768313,0,1
GAIL+TD3,291,6032,60,228.2234738372093,0,1
GAIL+TD3,291,6032,61,3.2856679636835278,0,1
GAIL+TD3,291,6032,62,6.835702610769979,0,1
GAIL+TD3,291,6032,63,2.9770367542299496,0,1
GAIL+TD3,291,6032,64,188.99495412844036,0,1
GAIL+TD3,291,6032,66,125.13555682794158,0,1
GAIL+TD3,291,6032,67,2.400203520223196,0,1
GAIL+TD3,291,6032,68,10.091817664743644,0,1
GAIL+TD3,291,6032,69,160.55544147843943,0,1
GAIL+TD3,291,6032,70,1.3927661333463017,0,1
GAIL+TD3,291,6032,71,44.84768863285091,0,1
GAIL+TD3,291,6032,72,4.8173602467666,0,1
GAIL+TD3,291,6032,73,6.7916250517648775,0,1
GAIL+TD3,291,6032,74,3.684799838116758,0,1
GAIL+TD3,291,6032,75,2.09855323879139,0,1
GAIL+TD3,291,6032,76,3.445013284159702,0,1
GAIL+TD3,291,6032,77,1.8078996785384638,0,1
GAIL+TD3,291,6032,78,1.5134115219634034,0,1
GAIL+TD3,291,6032,79,126.04831199068686,0,1
GAIL+TD3,291,6032,80,189.59162303664922,0,1
GAIL+TD3,291,6032,81,45.13135639758374,0,1
GAIL+TD3,291,6032,82,3.677288703254763,0,1
GAIL+TD3,291,6032,83,2.8261119511119506,0,1
GAIL+TD3,291,6032,84,12.537367158039084,0,1
GAIL+TD3,291,6032,85,5.930450137287713,0,1
GAIL+TD3,291,6032,86,28.88745316552983,0,1
GAIL+TD3,291,6032,87,4.893953828156235,0,1
GAIL+TD3,291,6032,88,6.6056165631585175,0,1
GAIL+TD3,291,6032,89,4.02926162068893,0,1
GAIL+TD3,291,6032,90,4.6722844592311485,0,1
GAIL+TD3,291,6032,91,3.23842134057766,0,1
GAIL+TD3,291,6032,92,1.3109665570597484,0,1
GAIL+TD3,291,6032,93,2.670375760350579,0,1
GAIL+TD3,291,6034,5,4.061538461538462,0,1
GAIL+TD3,291,6034,6,9.237262064987503,0,1
GAIL+TD3,291,6034,7,10.020747391409852,0,1
GAIL+TD3,291,6034,8,12.739320667818074,0,1
GAIL+TD3,291,6034,9,9.654334350093475,0,1
GAIL+TD3,291,6034,10,10.897189064304968,0,1
GAIL+TD3,291,6034,11,5.8251330597651645,0,1
GAIL+TD3,291,6034,12,4.293700166476825,0,1
GAIL+TD3,291,6034,13,23.949026345933568,0,1
GAIL+TD3,291,6034,14,11.878748623615518,0,1
GAIL+TD3,291,6034,15,11.867475097444778,0,1
GAIL+TD3,291,6034,16,7.217975515079127,0,1
GAIL+TD3,291,6034,17,6.0480129110349,0,1
GAIL+TD3,291,6034,18,3.408482686953956,0,1
GAIL+TD3,291,6034,19,5.577052714089752,0,1
GAIL+TD3,291,6034,21,8.113419641454822,0,1
GAIL+TD3,291,6034,22,5.1935671506743075,0,1
GAIL+TD3,291,6034,26,2.5651842544338472,0,1
GAIL+TD3,291,6034,28,2.987062300806765,0,1
GAIL+TD3,291,6034,29,2.9394004784913452,0,1
GAIL+TD3,291,6034,32,4.6738628808322575,0,1
GAIL+TD3,291,6034,35,4.682227345273985,0,1
GAIL+TD3,291,6034,36,121.70044425639944,0,1
GAIL+TD3,291,6034,37,167.96589658965897,0,1
GAIL+TD3,291,6034,38,6.258143019217612,0,1
GAIL+TD3,291,6034,39,4.7119757161653695,0,1
GAIL+TD3,291,6034,40,3.5947376157577544,0,1
GAIL+TD3,291,6034,41,4.314372983765289,0,1
GAIL+TD3,291,6034,42,7.421442349573767,0,1
GAIL+TD3,291,6034,43,2.6039441077861767,0,1
GAIL+TD3,291,6034,44,1.9209740876407546,0,1
GAIL+TD3,291,6034,45,1.4575998760626658,0,1
GAIL+TD3,291,6034,46,1.4324873140031082,0,1
GAIL+TD3,291,6034,47,228.31413210445467,0,1
GAIL+TD3,291,6034,49,2.258753448536174,0,1
GAIL+TD3,291,6034,50,207.42222222222222,0,1
GAIL+TD3,291,6034,51,176.17663378545006,0,1
GAIL+TD3,291,6034,52,21.909995124329598,0,1
GAIL+TD3,291,6034,53,3.983777560703321,0,1
GAIL+TD3,291,6034,54,8.62217748747114,0,1
GAIL+TD3,291,6034,55,4.889127235539148,0,1
GAIL+TD3,291,6034,56,14.570047079781142,0,1
GAIL+TD3,291,6034,57,1.3178237358039895,0,1
GAIL+TD3,291,6034,58,40.44407214657446,0,1
GAIL+TD3,291,6034,59,1.0528979151204376,0,1
GAIL+TD3,291,6034,60,7.768548039638087,0,1
GAIL+TD3,291,6034,63,2.8556604961591736,0,1
GAIL+TD3,291,6034,64,154.430454845089,0,1
GAIL+TD3,291,6034,65,39.309672339652344,0,1
GAIL+TD3,291,6034,66,8.585457253063815,0,1
GAIL+TD3,291,6034,67,1.8672705459345726,0,1
GAIL+TD3,291,6034,68,147.32067656196065,0,1
GAIL+TD3,291,6034,69,3.0109701957174955,0,1
GAIL+TD3,291,6034,70,3.400086885632763,0,1
GAIL+TD3,291,6034,71,5.248964691712329,0,1
GAIL+TD3,291,6034,72,146.6767304860088,0,1
GAIL+TD3,291,6034,73,5.035742324697326,0,1
GAIL+TD3,291,6034,74,27.944769330734243,0,1
GAIL+TD3,291,6034,75,2.2143019904832113,0,1
GAIL+TD3,291,6034,76,2.6639863812524904,0,1
GAIL+TD3,291,6034,77,3.391718609839685,0,1
GAIL+TD3,291,6034,78,10.028939589712728,0,1
GAIL+TD3,291,6034,79,110.54126637554583,0,1
GAIL+TD3,291,6034,80,2.5178163514662133,0,1
GAIL+TD3,291,6034,81,3.717731651646503,0,1
GAIL+TD3,291,6034,82,4.783881191897134,0,1
GAIL+TD3,291,6034,83,4.119113153584785,0,1
GAIL+TD3,291,6034,84,5.419056954590364,0,1
GAIL+TD3,291,6034,85,2.405394359548204,0,1
GAIL+TD3,291,6034,86,21.699760718628642,0,1
GAIL+TD3,291,6034,87,1.3927222385401752,0,1
GAIL+TD3,291,6034,88,1.9652162910030537,0,1
GAIL+TD3,291,6034,89,125.31561275881369,0,1
GAIL+TD3,291,6034,90,1.2502258874413987,0,1
GAIL+TD3,291,6034,91,3.350624663907057,0,1
GAIL+TD3,291,6034,92,174.87500000000003,0,1
GAIL+TD3,291,6034,93,4.970515918210945,0,1
GAIL+TD3,291,6034,94,4.420250011055913,0,1
GAIL+TD3,291,6034,95,2.5710377812192533,0,1
GAIL+TD3,291,6034,96,36.77621135594161,0,1
GAIL+TD3,291,6034,97,10.99206162936783,0,1
GAIL+TD3,291,6034,98,4.6996101911320896,0,1
GAIL+TD3,291,6037,5,3.1178434645978585,0,1
GAIL+TD3,291,6037,6,8.602222222222222,0,1
GAIL+TD3,291,6037,7,8.060048524059846,0,1
GAIL+TD3,291,6037,8,7.562439182614337,0,1
GAIL+TD3,291,6037,9,5.097262667443216,0,1
GAIL+TD3,291,6037,10,6.96409941699908,0,1
GAIL+TD3,291,6037,11,8.89268292682927,0,1
GAIL+TD3,291,6037,12,9.182740157480314,0,1
GAIL+TD3,291,6037,13,97.29839704069052,0,1
GAIL+TD3,291,6037,14,4.946092599661886,0,1
GAIL+TD3,291,6037,15,7.503049942813573,0,1
GAIL+TD3,291,6037,16,6.439318940839695,0,1
GAIL+TD3,291,6037,17,17.33417410866453,0,1
GAIL+TD3,291,6037,18,6.686614347910484,0,1
GAIL+TD3,291,6037,19,9.290421009325287,0,1
GAIL+TD3,291,6037,20,5.241961629219247,0,1
GAIL+TD3,291,6037,21,5.611825465607811,0,1
GAIL+TD3,291,6037,24,190.74530612244894,0,1
GAIL+TD3,291,6037,26,187.62155963302754,0,1
GAIL+TD3,291,6037,27,3.631882001768868,0,1
GAIL+TD3,291,6037,28,2.316163395261402,0,1
GAIL+TD3,291,6037,30,16.858217193321376,0,1
GAIL+TD3,291,6037,33,2.7456054139054253,0,1
GAIL+TD3,291,6037,37,2.923376739024708,0,1
GAIL+TD3,291,6037,40,21.992615325597008,0,1
GAIL+TD3,291,6037,41,6.8267763602900695,0,1
GAIL+TD3,291,6037,42,2.901688430508193,0,1
GAIL+TD3,291,6037,44,1.507715573230332,0,1
GAIL+TD3,291,6037,45,155.18830727396332,0,1
GAIL+TD3,291,6037,47,227.02534113060426,0,1
GAIL+TD3,291,6037,48,5.516639353420984,0,1
GAIL+TD3,291,6037,50,12.795739027630502,0,1
GAIL+TD3,291,6037,51,4.360551117213832,0,1
GAIL+TD3,291,6037,52,120.65897187196897,0,1
GAIL+TD3,291,6037,53,5.559023392333007,0,1
GAIL+TD3,291,6037,54,8.036645726251665,0,1
GAIL+TD3,291,6037,55,1.8163159972737561,0,1
GAIL+TD3,291,6037,56,214.86302596239932,0,1
GAIL+TD3,291,6037,57,149.84102007596312,0,1
GAIL+TD3,291,6037,58,216.2960784313726,0,1
GAIL+TD3,291,6037,59,5.196575258690282,0,1
GAIL+TD3,291,6037,60,6.813546830445273,0,1
GAIL+TD3,291,6037,61,2.4843116276276938,0,1
GAIL+TD3,291,6037,62,6.959927890806078,0,1
GAIL+TD3,291,6037,63,4.475409156089642,0,1
GAIL+TD3,291,6037,64,4.488538378941202,0,1
GAIL+TD3,291,6037,65,12.48850545155318,0,1
GAIL+TD3,291,6037,66,1.6707877367173445,0,1
GAIL+TD3,291,6037,67,1.3700173184113633,0,1
GAIL+TD3,291,6037,68,67.5889040472942,0,1
GAIL+TD3,291,6037,69,3.0876117286669023,0,1
GAIL+TD3,291,6037,70,105.95541695541695,0,1
GAIL+TD3,291,6037,71,1.697628048721683,0,1
GAIL+TD3,291,6037,72,1.694472501248682,0,1
GAIL+TD3,291,6037,73,4.0112982549418,0,1
GAIL+TD3,291,6037,74,2.9069727411059163,0,1
GAIL+TD3,291,6037,75,145.3291697281411,0,1
GAIL+TD3,291,6037,76,2.292990791043667,0,1
GAIL+TD3,291,6037,77,207.6735261401557,0,1
GAIL+TD3,291,6037,78,10.32925731665684,0,1
GAIL+TD3,291,6037,79,3.260069857312723,0,1
GAIL+TD3,291,6037,80,6.592161755531908,0,1
GAIL+TD3,291,6037,81,142.15015426808367,0,1
GAIL+TD3,291,6037,82,5.757092455657049,0,1
GAIL+TD3,291,6037,83,1.354288142745909,0,1
GAIL+TD3,291,6037,84,18.400238770332784,0,1
GAIL+TD3,291,6037,85,26.08930202217873,0,1
GAIL+TD3,291,6037,86,164.70679770679766,0,1
GAIL+TD3,291,6037,87,5.022440231778582,0,1
GAIL+TD3,291,6037,88,2.6727397108680995,0,1
GAIL+TD3,291,6037,89,144.5116224465837,0,1
GAIL+TD3,291,6037,90,5.173726037787892,0,1
GAIL+TD3,291,6037,91,6.192506712228459,0,1
GAIL+TD3,291,6037,92,1.2179915138969417,0,1
GAIL+TD3,291,6037,93,128.28560063643596,0,1
GAIL+TD3,291,6037,94,1.4443786449623128,0,1
GAIL+TD3,291,6037,95,21.914629149023366,0,1
GAIL+TD3,291,6037,96,127.44651830581479,0,1
GAIL+TD3,291,6037,97,164.42576419213975,0,1
GAIL+TD3,291,6037,98,6.825060389333585,0,1
GAIL+TD3,291,6040,5,3.7799804687500003,0,1
GAIL+TD3,291,6040,6,3.5663285212641442,0,1
GAIL+TD3,291,6040,7,5.500773694390715,0,1
GAIL+TD3,291,6040,8,9.619572346845073,0,1
GAIL+TD3,291,6040,9,10.601319595083153,0,1
GAIL+TD3,291,6040,10,7.792153095906605,0,1
GAIL+TD3,291,6040,11,11.660283758309355,0,1
GAIL+TD3,291,6040,12,6.871061762664816,0,1
GAIL+TD3,291,6040,13,5.1426792570301965,0,1
GAIL+TD3,291,6040,14,12.029709958932239,0,1
GAIL+TD3,291,6040,15,11.265383252627847,0,1
GAIL+TD3,291,6040,16,7.687125103562552,0,1
GAIL+TD3,291,6040,17,9.874250961452464,0,1
GAIL+TD3,291,6040,18,4.206584982914141,0,1
GAIL+TD3,291,6040,19,5.599069398196133,0,1
GAIL+TD3,291,6040,20,7.467261824003473,0,1
GAIL+TD3,291,6040,22,11.228265991282838,0,1
GAIL+TD3,291,6040,23,170.7156549520767,0,1
GAIL+TD3,291,6040,24,9.988199263257087,0,1
GAIL+TD3,291,6040,25,140.27011494252875,0,1
GAIL+TD3,291,6040,26,4.33369191049914,0,1
GAIL+TD3,291,6040,27,2.913140339369036,0,1
GAIL+TD3,291,6040,29,4.1867633279084675,0,1
GAIL+TD3,291,6040,31,3.5460195295589005,0,1
GAIL+TD3,291,6040,34,2.0070424346555686,0,1
GAIL+TD3,291,6040,35,3.237170611166734,0,1
GAIL+TD3,291,6040,37,2.331474312188621,0,1
GAIL+TD3,291,6040,38,3.518838579658715,0,1
GAIL+TD3,291,6040,41,2.9700937654219453,0,1
GAIL+TD3,291,6040,43,196.14293276866064,0,1
GAIL+TD3,291,6040,44,6.257343789438869,0,1
GAIL+TD3,291,6040,45,11.283706787536053,0,1
GAIL+TD3,291,6040,46,3.8923265555078386,0,1
GAIL+TD3,291,6040,47,165.76758321273516,0,1
GAIL+TD3,291,6040,48,34.67256954830991,0,1
GAIL+TD3,291,6040,49,2.2152150713033665,0,1
GAIL+TD3,291,6040,50,3.126032248786252,0,1
GAIL+TD3,291,6040,54,9.988707429909146,0,1
GAIL+TD3,291,6040,55,3.448817018089912,0,1
GAIL+TD3,291,6040,56,9.166827552180536,0,1
GAIL+TD3,291,6040,57,7.500579966306719,0,1
GAIL+TD3,291,6040,58,33.00277317460854,0,1
GAIL+TD3,291,6040,59,196.98580870917576,0,1
GAIL+TD3,291,6040,60,1.495213276810238,0,1
GAIL+TD3,291,6040,61,1.4312073897362263,0,1
GAIL+TD3,291,6040,62,9.269222211627097,0,1
GAIL+TD3,291,6040,63,7.269490979381443,0,1
GAIL+TD3,291,6040,64,4.577086824197243,0,1
GAIL+TD3,291,6040,65,16.764680823872713,0,1
GAIL+TD3,291,6040,66,151.040522287258,0,1
GAIL+TD3,291,6040,67,10.781010667686683,0,1
GAIL+TD3,291,6040,68,11.406286752913502,0,1
GAIL+TD3,291,6040,69,4.508852074966533,0,1
GAIL+TD3,291,6040,70,2.103222282905516,0,1
GAIL+TD3,291,6040,71,91.81528497409326,0,1
GAIL+TD3,291,6040,72,1.7027651544327198,0,1
GAIL+TD3,291,6040,73,24.384094553661573,0,1
GAIL+TD3,291,6040,74,1.9410644130316697,0,1
GAIL+TD3,291,6040,75,57.864645072363885,0,1
GAIL+TD3,291,6040,76,2.7695882797178584,0,1
GAIL+TD3,291,6040,77,1.775334909071118,0,1
GAIL+TD3,291,6040,78,110.85569765222368,0,1
GAIL+TD3,291,6040,79,1.9591527987897124,0,1
GAIL+TD3,291,6040,80,80.97106598984773,0,1
GAIL+TD3,291,6040,81,1.811462089523535,0,1
GAIL+TD3,291,6040,82,3.4629198163680925,0,1
GAIL+TD3,291,6040,83,3.142111252062088,0,1
GAIL+TD3,291,6040,84,8.016161720252818,0,1
GAIL+TD3,291,6040,85,129.0228286538966,0,1
GAIL+TD3,291,6040,86,2.7642295864923767,0,1
GAIL+TD3,291,6040,87,47.54386330485518,0,1
GAIL+TD3,291,6040,88,3.9704694319368645,0,1
GAIL+TD3,291,6040,89,9.418086648716837,0,1
GAIL+TD3,291,6040,90,11.063081695966908,0,1
GAIL+TD3,291,6040,91,2.251262366575303,0,1
GAIL+TD3,291,6040,92,1.6533016606372313,0,1
GAIL+TD3,291,6040,93,1.2069589821413547,0,1
GAIL+TD3,291,6040,94,0.911077652060315,1,1
GAIL+TD3,291,6042,5,1.8903244895946343,0,1
GAIL+TD3,291,6042,6,4.229790565668427,0,1
GAIL+TD3,291,6042,7,7.564720194647203,0,1
GAIL+TD3,291,6042,8,9.066936208445643,0,1
GAIL+TD3,291,6042,9,11.00460251046025,0,1
GAIL+TD3,291,6042,10,18.146754230866385,0,1
GAIL+TD3,291,6042,11,11.869260204081632,0,1
GAIL+TD3,291,6042,12,7.236344352130104,0,1
GAIL+TD3,291,6042,13,12.029624806706275,0,1
GAIL+TD3,291,6042,14,5.887911486433655,0,1
GAIL+TD3,291,6042,15,9.614210317235116,0,1
GAIL+TD3,291,6042,16,6.45790726992576,0,1
GAIL+TD3,291,6042,17,6.391659932115727,0,1
GAIL+TD3,291,6042,18,13.72461047493899,0,1
GAIL+TD3,291,6042,19,11.330792977040327,0,1
GAIL+TD3,291,6042,20,5.812380091296006,0,1
GAIL+TD3,291,6042,21,98.4653299916458,0,1
GAIL+TD3,291,6042,22,5.278436470792165,0,1
GAIL+TD3,291,6042,23,8.02402821918765,0,1
GAIL+TD3,291,6042,25,5.184228982203909,0,1
GAIL+TD3,291,6042,27,6.480079900307873,0,1
GAIL+TD3,291,6042,29,4.000087818586317,0,1
GAIL+TD3,291,6042,30,166.07404936624414,0,1
GAIL+TD3,291,6042,31,4.110496218409888,0,1
GAIL+TD3,291,6042,32,3.0445218394374325,0,1
GAIL+TD3,291,6042,33,3.955463679203343,0,1
GAIL+TD3,291,6042,34,3.6570061051317855,0,1
GAIL+TD3,291,6042,35,143.05102040816325,0,1
GAIL+TD3,291,6042,36,175.64705882352942,0,1
GAIL+TD3,291,6042,37,3.1892660422756465,0,1
GAIL+TD3,291,6042,38,2.590487157824498,0,1
GAIL+TD3,291,6042,39,2.640118315937496,0,1
GAIL+TD3,291,6042,40,176.42622950819674,0,1
GAIL+TD3,291,6042,42,181.3064369900272,0,1
GAIL+TD3,291,6042,43,3.7504304807718585,0,1
GAIL+TD3,291,6042,44,3.590307538880354,0,1
GAIL+TD3,291,6042,46,4.961893684380801,0,1
GAIL+TD3,291,6042,49,7.38557371478003,0,1
GAIL+TD3,291,6042,50,7.241188959660298,0,1
GAIL+TD3,291,6042,51,5.917007151833357,0,1
GAIL+TD3,291,6042,52,10.92540907080733,0,1
GAIL+TD3,291,6042,53,7.253967441009695,0,1
GAIL+TD3,291,6042,54,7.562560036038184,0,1
GAIL+TD3,291,6042,55,4.573338462157774,0,1
GAIL+TD3,291,6042,57,3.1861879204777384,0,1
GAIL+TD3,291,6042,58,138.99899540757747,0,1
GAIL+TD3,291,6042,59,3.759756492754966,0,1
GAIL+TD3,291,6042,60,46.50825879741464,0,1
GAIL+TD3,291,6042,61,2.095107502115762,0,1
GAIL+TD3,291,6042,62,103.1368845500849,0,1
GAIL+TD3,291,6042,63,1.5938402177472841,0,1
GAIL+TD3,291,6042,64,81.72153662420382,0,1
GAIL+TD3,291,6042,65,146.15679796696313,0,1
GAIL+TD3,291,6042,66,5.186798787978052,0,1
GAIL+TD3,291,6042,67,4.760075325559622,0,1
GAIL+TD3,291,6042,68,2.621849100540922,0,1
GAIL+TD3,291,6042,69,115.63413472982621,0,1
GAIL+TD3,291,6042,70,1.7440939389712078,0,1
GAIL+TD3,291,6042,71,1.8899446506828204,0,1
GAIL+TD3,291,6042,72,1.3498872595866682,0,1
GAIL+TD3,291,6042,73,117.85315243415802,0,1
GAIL+TD3,291,6042,74,22.867885117493472,0,1
GAIL+TD3,291,6042,75,1.9050789055172699,0,1
GAIL+TD3,291,6042,76,153.7143360338147,0,1
GAIL+TD3,291,6042,77,4.981928952612171,0,1
GAIL+TD3,291,6042,78,126.98092643051773,0,1
GAIL+TD3,291,6042,79,9.422635463984426,0,1
GAIL+TD3,291,6042,80,2.4392066880499326,0,1
GAIL+TD3,291,6042,81,10.79339143064633,0,1
GAIL+TD3,291,6042,82,4.823705726188738,0,1
GAIL+TD3,291,6042,83,158.3808157409305,0,1
GAIL+TD3,291,6042,84,55.01677206488864,0,1
GAIL+TD3,291,6042,85,2.7348084414948812,0,1
GAIL+TD3,291,6042,86,2.290541882556131,0,1
GAIL+TD3,291,6042,87,9.12951762325631,0,1
GAIL+TD3,291,6042,88,18.339574287832257,0,1
GAIL+TD3,291,6042,89,2.1288871358455608,0,1
GAIL+TD3,291,6042,90,1.4128251103784684,0,1
GAIL+TD3,291,6042,91,1.5510210364289376,0,1
GAIL+TD3,291,6042,92,1.0451357898763227,0,1
GAIL+TD3,291,6042,93,57.75246080933285,0,1
GAIL+TD3,291,6042,94,1.2315296122709842,0,1
GAIL+TD3,291,6042,95,158.89573991031392,0,1
GAIL+TD3,291,6042,96,6.30974538669822,0,1
GAIL+TD3,291,6042,97,4.995409693859109,0,1
GAIL+TD3,291,6042,98,50.60942520528384,0,1
GAIL+TD3,291,6043,5,4.624253110000979,0,1
GAIL+TD3,291,6043,6,3.5632374451487077,0,1
GAIL+TD3,291,6043,7,7.723774053382992,0,1
GAIL+TD3,291,6043,8,10.62084942084942,0,1
GAIL+TD3,291,6043,9,10.054237631792375,0,1
GAIL+TD3,291,6043,10,5.819210611752703,0,1
GAIL+TD3,291,6043,11,12.69289452674532,0,1
GAIL+TD3,291,6043,12,14.73066640261412,0,1
GAIL+TD3,291,6043,13,9.253349709691827,0,1
GAIL+TD3,291,6043,14,5.374960371213649,0,1
GAIL+TD3,291,6043,15,13.268722194760256,0,1
GAIL+TD3,291,6043,16,6.87930816016219,0,1
GAIL+TD3,291,6043,17,12.652531154425526,0,1
GAIL+TD3,291,6043,18,5.657673036846539,0,1
GAIL+TD3,291,6043,19,5.408946588583927,0,1
GAIL+TD3,291,6043,20,6.435472263004865,0,1
GAIL+TD3,291,6043,21,11.68465073225561,0,1
GAIL+TD3,291,6043,22,6.407989882048886,0,1
GAIL+TD3,291,6043,24,4.529741077676697,0,1
GAIL+TD3,291,6043,27,189.3412341642828,0,1
GAIL+TD3,291,6043,28,3.2974550807638794,0,1
GAIL+TD3,291,6043,29,3.026684929202636,0,1
GAIL+TD3,291,6043,30,209.33664068036853,0,1
GAIL+TD3,291,6043,31,2.4006594143506446,0,1
GAIL+TD3,291,6043,34,3.117717889323143,0,1
GAIL+TD3,291,6043,36,3.979677331887201,0,1
GAIL+TD3,291,6043,37,195.70763322131538,0,1
GAIL+TD3,291,6043,38,54.28164428164429,0,1
GAIL+TD3,291,6043,39,161.9224770642202,0,1
GAIL+TD3,291,6043,40,16.337493056841325,0,1
GAIL+TD3,291,6043,41,2.216797710665963,0,1
GAIL+TD3,291,6043,45,2.8946736774850845,0,1
GAIL+TD3,291,6043,46,29.986262626262626,0,1
GAIL+TD3,291,6043,47,12.764141020912732,0,1
GAIL+TD3,291,6043,48,3.0269062033868566,0,1
GAIL+TD3,291,6043,49,1.7406841690443748,0,1
GAIL+TD3,291,6043,50,118.51807864871999,0,1
GAIL+TD3,291,6043,51,2.8092130180716373,0,1
GAIL+TD3,291,6043,52,16.895685908856294,0,1
GAIL+TD3,291,6043,53,156.80149006622517,0,1
GAIL+TD3,291,6043,54,13.685432393832519,0,1
GAIL+TD3,291,6043,55,3.827810974637791,0,1
GAIL+TD3,291,6043,56,2.294093534380132,0,1
GAIL+TD3,291,6043,57,2.1835312313777524,0,1
GAIL+TD3,291,6043,58,202.88694808345463,0,1
GAIL+TD3,291,6043,59,186.93424971363117,0,1
GAIL+TD3,291,6043,60,29.048046057222606,0,1
GAIL+TD3,291,6043,61,2.79993225656933,0,1
GAIL+TD3,291,6043,62,1.2283108055316825,0,1
GAIL+TD3,291,6043,63,3.959293058724255,0,1
GAIL+TD3,291,6043,65,8.050070833043034,0,1
GAIL+TD3,291,6043,66,75.71781147784718,0,1
GAIL+TD3,291,6043,67,1.9127919050430608,0,1
GAIL+TD3,291,6043,68,5.178049063612444,0,1
GAIL+TD3,291,6043,69,2.4191760587855615,0,1
GAIL+TD3,291,6043,70,177.5616012436844,0,1
GAIL+TD3,291,6043,71,9.72345545044939,0,1
GAIL+TD3,291,6043,72,4.2225148252950335,0,1
GAIL+TD3,291,6043,73,7.757213266249102,0,1
GAIL+TD3,291,6043,74,143.7675962815405,0,1
GAIL+TD3,291,6043,75,8.505938409332666,0,1
GAIL+TD3,291,6043,76,1.8686565122218168,0,1
GAIL+TD3,291,6043,77,1.6788114609126283,0,1
GAIL+TD3,291,6043,78,6.587666686963404,0,1
GAIL+TD3,291,6043,79,38.39449156100428,0,1
GAIL+TD3,291,6043,80,1.3275162980467687,0,1
GAIL+TD3,291,6043,81,51.15601470845736,0,1
GAIL+TD3,291,6043,82,2.7076305645033534,0,1
GAIL+TD3,291,6043,83,45.6303435763692,0,1
GAIL+TD3,291,6043,84,2.3842153447092036,0,1
GAIL+TD3,291,6043,85,2.414986628893801,0,1
GAIL+TD3,291,6043,86,7.1514664863494195,0,1
GAIL+TD3,291,6043,87,2.9854030486270307,0,1
GAIL+TD3,291,6043,88,86.3661227304068,0,1
GAIL+TD3,291,6043,89,2.431218189601865,0,1
GAIL+TD3,291,6043,90,2.3233723354958293,0,1
GAIL+TD3,291,6043,91,1.8714601299970264,0,1
GAIL+TD3,291,6043,92,2.344798588553432,0,1
GAIL+TD3,291,6043,93,2.9888089851325144,0,1
GAIL+TD3,291,6043,94,3.1619527661023383,0,1
GAIL+TD3,291,6043,95,4.781133127215924,0,1
GAIL+TD3,291,6043,96,4.445597073984557,0,1
GAIL+TD3,291,6043,97,3.6715276162997625,0,1
GAIL+TD3,291,6043,98,6.846263654419067,0,1
GAIL+TD3,291,6049,5,4.1328355276085675,0,1
GAIL+TD3,291,6049,6,17.52124122644995,0,1
GAIL+TD3,291,6049,7,12.215638450502153,0,1
GAIL+TD3,291,6049,8,31.455681818181816,0,1
GAIL+TD3,291,6049,9,9.076123309582666,0,1
GAIL+TD3,291,6049,10,8.599514563106798,0,1
GAIL+TD3,291,6049,11,11.035711645101664,0,1
GAIL+TD3,291,6049,12,4.0382617912029675,0,1
GAIL+TD3,291,6049,13,7.407096171802055,0,1
GAIL+TD3,291,6049,14,20.42760906757913,0,1
GAIL+TD3,291,6049,15,14.225404190531426,0,1
GAIL+TD3,291,6049,16,11.111982550584743,0,1
GAIL+TD3,291,6049,17,15.416364812419147,0,1
GAIL+TD3,291,6049,18,4.327097066046271,0,1
GAIL+TD3,291,6049,20,9.496204192570842,0,1
GAIL+TD3,291,6049,21,10.200246204349611,0,1
GAIL+TD3,291,6049,23,220.26323218066335,0,1
GAIL+TD3,291,6049,24,4.6030253162134755,0,1
GAIL+TD3,291,6049,25,151.02949852507376,0,1
GAIL+TD3,291,6049,26,4.213234137044744,0,1
GAIL+TD3,291,6049,27,164.17944038929437,0,1
GAIL+TD3,291,6049,28,2.8082698145761897,0,1
GAIL+TD3,291,6049,30,225.1310344827586,0,1
GAIL+TD3,291,6049,31,2.675175171083077,0,1
GAIL+TD3,291,6049,33,3.9336996418812777,0,1
GAIL+TD3,291,6049,34,8.173344866591258,0,1
GAIL+TD3,291,6049,35,139.6803594351733,0,1
GAIL+TD3,291,6049,36,227.40481267133723,0,1
GAIL+TD3,291,6049,37,3.8601973436440784,0,1
GAIL+TD3,291,6049,38,4.104550206623622,0,1
GAIL+TD3,291,6049,39,3.612546163903344,0,1
GAIL+TD3,291,6049,41,4.892053677464023,0,1
GAIL+TD3,291,6049,43,4.690597747941213,0,1
GAIL+TD3,291,6049,44,226.5193161634103,0,1
GAIL+TD3,291,6049,45,1.9993206815416822,0,1
GAIL+TD3,291,6049,47,2.3698870471454327,0,1
GAIL+TD3,291,6049,48,212.27318963429408,0,1
GAIL+TD3,291,6049,49,88.3883803474687,0,1
GAIL+TD3,291,6049,51,3.5616762880969937,0,1
GAIL+TD3,291,6049,52,213.15473985519444,0,1
GAIL+TD3,291,6049,53,4.4839239471418955,0,1
GAIL+TD3,291,6049,54,155.63235524870547,0,1
GAIL+TD3,291,6049,55,1.1470085245355655,0,1
GAIL+TD3,291,6049,57,25.654831667241183,0,1
GAIL+TD3,291,6049,59,21.8335175462835,0,1
GAIL+TD3,291,6049,61,16.467346938775513,0,1
GAIL+TD3,291,6049,62,10.964895664660412,0,1
GAIL+TD3,291,6049,63,2.037120232019221,0,1
GAIL+TD3,291,6049,64,20.172309342757078,0,1
GAIL+TD3,291,6049,65,3.150090781734411,0,1
GAIL+TD3,291,6049,66,1.0409549484066558,0,1
GAIL+TD3,291,6049,67,6.985971403245076,0,1
GAIL+TD3,291,6049,68,190.871921182266,0,1
GAIL+TD3,291,6049,69,2.4849906319661925,0,1
GAIL+TD3,291,6049,70,140.04645849200304,0,1
GAIL+TD3,291,6049,71,178.54450789385288,0,1
GAIL+TD3,291,6049,72,23.450996317955383,0,1
GAIL+TD3,291,6049,73,5.891948969384101,0,1
GAIL+TD3,291,6049,74,2.364664573749021,0,1
GAIL+TD3,291,6049,75,4.008078317716564,0,1
GAIL+TD3,291,6049,76,3.8602214295640898,0,1
GAIL+TD3,291,6049,77,113.43357810413886,0,1
GAIL+TD3,291,6049,78,2.822661864551677,0,1
GAIL+TD3,291,6049,79,1.056751255398731,0,1
GAIL+TD3,291,6049,80,164.5732217573222,0,1
GAIL+TD3,291,6049,82,221.25776265418972,0,1
GAIL+TD3,291,6049,83,2.433779402434269,0,1
GAIL+TD3,291,6049,84,23.228109995635098,0,1
GAIL+TD3,291,6049,85,37.55156750979693,0,1
GAIL+TD3,291,6049,86,2.2234085475947913,0,1
GAIL+TD3,291,6049,87,1.1424988923082486,0,1
GAIL+TD3,291,6049,88,7.1705242129916655,0,1
GAIL+TD3,291,6049,89,81.58185634328356,0,1
GAIL+TD3,291,6049,90,3.8946512022456314,0,1
GAIL+TD3,291,6049,91,2.5759320889403368,0,1
GAIL+TD3,291,6049,92,21.80540578390869,0,1
GAIL+TD3,291,6049,93,10.519145653144923,0,1
GAIL+TD3,291,6049,94,7.028086456134336,0,1
GAIL+TD3,291,6049,95,1.5253409152854567,0,1
GAIL+TD3,291,6049,96,106.36103286384977,0,1
GAIL+TD3,291,6049,97,40.88970791996896,0,1
GAIL+TD3,291,6049,98,2.7462130406096055,0,1
GAIL+TD3,291,6052,5,2.284357870007831,0,1
GAIL+TD3,291,6052,6,4.476071975497703,0,1
GAIL+TD3,291,6052,7,4.641228297486395,0,1
GAIL+TD3,291,6052,8,8.517188222599044,0,1
GAIL+TD3,291,6052,9,6.038425175580768,0,1
GAIL+TD3,291,6052,10,7.130926365795724,0,1
GAIL+TD3,291,6052,11,13.54644122015309,0,1
GAIL+TD3,291,6052,12,15.471493308040891,0,1
GAIL+TD3,291,6052,13,5.713983885407342,0,1
GAIL+TD3,291,6052,14,7.273961499493414,0,1
GAIL+TD3,291,6052,15,4.880994799691833,0,1
GAIL+TD3,291,6052,16,9.655173911155499,0,1
GAIL+TD3,291,6052,17,48.5249589875791,0,1
GAIL+TD3,291,6052,18,6.729772798609267,0,1
GAIL+TD3,291,6052,19,4.849874424445374,0,1
GAIL+TD3,291,6052,20,3.7789621352005955,0,1
GAIL+TD3,291,6052,21,7.109728637413394,0,1
GAIL+TD3,291,6052,24,9.181011692933401,0,1
GAIL+TD3,291,6052,26,6.352098354594195,0,1
GAIL+TD3,291,6052,27,212.99202127659572,0,1
GAIL+TD3,291,6052,28,206.56484295846,0,1
GAIL+TD3,291,6052,29,3.3136179775280894,0,1
GAIL+TD3,291,6052,30,3.4805989137348927,0,1
GAIL+TD3,291,6052,33,3.3811187934220097,0,1
GAIL+TD3,291,6052,34,226.9440734557596,0,1
GAIL+TD3,291,6052,37,4.423053260909574,0,1
GAIL+TD3,291,6052,40,6.008341522000219,0,1
GAIL+TD3,291,6052,41,16.10981271639912,0,1
GAIL+TD3,291,6052,42,1.8688537665338214,0,1
GAIL+TD3,291,6052,43,5.811448199306741,0,1
GAIL+TD3,291,6052,44,105.90386996904024,0,1
GAIL+TD3,291,6052,45,45.54976060191519,0,1
GAIL+TD3,291,6052,46,5.548040678498509,0,1
GAIL+TD3,291,6052,47,22.783866491121945,0,1
GAIL+TD3,291,6052,48,2.2832183583454357,0,1
GAIL+TD3,291,6052,49,2.069803740475641,0,1
GAIL+TD3,291,6052,50,1.4159889373554762,0,1
GAIL+TD3,291,6052,51,1.3781620413006923,0,1
GAIL+TD3,291,6052,55,208.93900748544496,0,1
GAIL+TD3,291,6052,56,22.990975792630675,0,1
GAIL+TD3,291,6052,57,11.410259793379158,0,1
GAIL+TD3,291,6052,58,3.15538298423387,0,1
GAIL+TD3,291,6052,59,3.9876749921096417,0,1
GAIL+TD3,291,6052,60,55.75555951956237,0,1
GAIL+TD3,291,6052,61,5.698172487381864,0,1
GAIL+TD3,291,6052,62,9.379082631751976,0,1
GAIL+TD3,291,6052,63,24.943754860787067,0,1
GAIL+TD3,291,6052,64,4.354038754709378,0,1
GAIL+TD3,291,6052,65,2.030559147120182,0,1
GAIL+TD3,291,6052,66,110.36283993429457,0,1
GAIL+TD3,291,6052,67,5.786772564773523,0,1
GAIL+TD3,291,6052,68,2.0330192559356886,0,1
GAIL+TD3,291,6052,69,1.4554824205530907,0,1
GAIL+TD3,291,6052,70,1.5824863366492352,0,1
GAIL+TD3,291,6052,71,2.455800775932481,0,1
GAIL+TD3,291,6052,72,21.110211002260737,0,1
GAIL+TD3,291,6052,73,200.71746459878622,0,1
GAIL+TD3,291,6052,74,191.6834654586636,0,1
GAIL+TD3,291,6052,75,4.69630970076908,0,1
GAIL+TD3,291,6052,76,9.44027600883486,0,1
GAIL+TD3,291,6052,77,6.8509366726616685,0,1
GAIL+TD3,291,6052,78,4.030444862109566,0,1
GAIL+TD3,291,6052,79,5.187979870384193,0,1
GAIL+TD3,291,6052,80,6.108367162832657,0,1
GAIL+TD3,291,6052,81,3.177913036914536,0,1
GAIL+TD3,291,6052,82,2.5784187634458893,0,1
GAIL+TD3,291,6052,83,2.3812425890119746,0,1
GAIL+TD3,291,6052,84,1.7544504070173423,0,1
GAIL+TD3,291,6052,85,2.1601616357474067,0,1
GAIL+TD3,291,6052,86,84.98029168309029,0,1
GAIL+TD3,291,6052,87,82.5972065780581,0,1
GAIL+TD3,291,6052,88,3.2132840153933704,0,1
GAIL+TD3,291,6052,89,3.618545597961289,0,1
GAIL+TD3,291,6052,90,2.844246969994912,0,1
GAIL+TD3,291,6052,91,5.710876750539731,0,1
GAIL+TD3,291,6052,92,2.435439125482653,0,1
GAIL+TD3,291,6052,93,4.595527467185221,0,1
GAIL+TD3,291,6052,94,2.1212277384004645,0,1
GAIL+TD3,291,6052,95,82.92596975673898,0,1
GAIL+TD3,291,6052,96,1.517372698154995,0,1
GAIL+TD3,291,6052,97,81.28013349038086,0,1
GAIL+TD3,291,6052,98,2.224699633405582,0,1
GAIL+TD3,291,6053,5,4.519380599922087,0,1
GAIL+TD3,291,6053,6,7.433948061723749,0,1
GAIL+TD3,291,6053,7,8.429689410613841,0,1
GAIL+TD3,291,6053,8,6.323883592574009,0,1
GAIL+TD3,291,6053,9,1.599314089739926,0,1
GAIL+TD3,291,6053,10,1.754274522259277,0,1
GAIL+TD3,291,6053,11,1.7177530148069,0,1
GAIL+TD3,291,6053,12,4.744450892209489,0,1
GAIL+TD3,291,6053,13,5.21112049765763,0,1
GAIL+TD3,291,6053,14,3.463554667998003,0,1
GAIL+TD3,291,6053,15,7.202229576728794,0,1
GAIL+TD3,291,6053,16,11.438909458094917,0,1
GAIL+TD3,291,6053,17,11.537109778788505,0,1
GAIL+TD3,291,6053,18,8.26656263299759,0,1
GAIL+TD3,291,6053,19,5.465839851346096,0,1
GAIL+TD3,291,6053,20,4.378202397614556,0,1
GAIL+TD3,291,6053,21,7.78106753712473,0,1
GAIL+TD3,291,6053,22,4.991431401684002,0,1
GAIL+TD3,291,6053,23,3.4343008160237387,0,1
GAIL+TD3,291,6053,24,8.812709557808372,0,1
GAIL+TD3,291,6053,25,9.05336271693361,0,1
GAIL+TD3,291,6053,26,4.900379699630472,0,1
GAIL+TD3,291,6053,27,6.961517259482871,0,1
GAIL+TD3,291,6053,28,4.638229939784344,0,1
GAIL+TD3,291,6053,29,3.503542479370982,0,1
GAIL+TD3,291,6053,30,204.60626398210292,0,1
GAIL+TD3,291,6053,31,3.4750521547700006,0,1
GAIL+TD3,291,6053,32,4.9527361210293845,0,1
GAIL+TD3,291,6053,33,3.314369755872745,0,1
GAIL+TD3,291,6053,34,5.2953011144449205,0,1
GAIL+TD3,291,6053,35,166.90753690753687,0,1
GAIL+TD3,291,6053,36,3.050402340347927,0,1
GAIL+TD3,291,6053,37,197.2699805068226,0,1
GAIL+TD3,291,6053,39,4.557319335259751,0,1
GAIL+TD3,291,6053,41,2.8618244314294774,0,1
GAIL+TD3,291,6053,43,180.01788532351395,0,1
GAIL+TD3,291,6053,44,3.490684952402083,0,1
GAIL+TD3,291,6053,45,147.27250900360144,0,1
GAIL+TD3,291,6053,46,3.794964479732553,0,1
GAIL+TD3,291,6053,47,167.28624535315984,0,1
GAIL+TD3,291,6053,48,2.5834864230995254,0,1
GAIL+TD3,291,6053,49,209.96634615384616,0,1
GAIL+TD3,291,6053,50,158.10624779385807,0,1
GAIL+TD3,291,6053,51,2.7837910143066464,0,1
GAIL+TD3,291,6053,52,202.3736582535538,0,1
GAIL+TD3,291,6053,53,3.3623730363499784,0,1
GAIL+TD3,291,6053,54,5.166893755335216,0,1
GAIL+TD3,291,6053,55,146.24476047904193,0,1
GAIL+TD3,291,6053,56,3.393711100952917,0,1
GAIL+TD3,291,6053,57,3.9644690980192134,0,1
GAIL+TD3,291,6053,58,159.62329829398587,0,1
GAIL+TD3,291,6053,59,4.301113971342005,0,1
GAIL+TD3,291,6053,60,36.3735917406267,0,1
GAIL+TD3,291,6053,61,1.7386348179539401,0,1
GAIL+TD3,291,6053,62,196.10183028286187,0,1
GAIL+TD3,291,6053,63,2.9831836165135144,0,1
GAIL+TD3,291,6053,64,155.71459086427868,0,1
GAIL+TD3,291,6053,65,2.9653167845827455,0,1
GAIL+TD3,291,6053,66,81.79615912208504,0,1
GAIL+TD3,291,6053,67,11.574369105896782,0,1
GAIL+TD3,291,6053,68,5.690227906014626,0,1
GAIL+TD3,291,6053,69,1.8094583229400978,0,1
GAIL+TD3,291,6053,70,59.64795647558386,0,1
GAIL+TD3,291,6053,71,1.108217238118106,0,1
GAIL+TD3,291,6053,72,35.261169024571856,0,1
GAIL+TD3,291,6053,74,47.25248045700542,0,1
GAIL+TD3,291,6053,75,5.082872640033379,0,1
GAIL+TD3,291,6053,76,2.5386464778297326,0,1
GAIL+TD3,291,6053,77,11.056369409012422,0,1
GAIL+TD3,291,6053,78,2.6515192079683976,0,1
GAIL+TD3,291,6053,79,2.9689858053125597,0,1
GAIL+TD3,291,6053,80,109.81979891724671,0,1
GAIL+TD3,291,6053,81,2.3377601177703475,0,1
GAIL+TD3,291,6053,82,3.69238905794861,0,1
GAIL+TD3,291,6053,83,3.006882731687323,0,1
GAIL+TD3,291,6053,84,1.567227063606881,0,1
GAIL+TD3,291,6053,85,2.973134467490096,0,1
GAIL+TD3,291,6053,86,27.284689640295525,0,1
GAIL+TD3,291,6053,87,5.196198601474121,0,1
GAIL+TD3,291,6053,88,2.515816315903796,0,1
GAIL+TD3,291,6053,89,12.830040526849038,0,1
GAIL+TD3,291,6053,90,8.021208583185029,0,1
GAIL+TD3,291,6053,91,3.015244595077035,0,1
GAIL+TD3,291,6053,92,1.2789397833988,0,1
GAIL+TD3,291,6053,93,2.3206087404192663,0,1
GAIL+TD3,291,6053,94,3.428412730030798,0,1
GAIL+TD3,291,6053,95,1.7685297194051568,0,1
GAIL+TD3,291,6053,96,10.131557303772574,0,1
GAIL+TD3,291,6053,97,3.8055449141755537,0,1
GAIL+TD3,291,6053,98,12.964687078567502,0,1
GAIL+TD3,291,6055,5,3.477449916115662,0,1
GAIL+TD3,291,6055,6,14.045662100456621,0,1
GAIL+TD3,291,6055,7,10.087410440122824,0,1
GAIL+TD3,291,6055,8,143.13686534216333,0,1
GAIL+TD3,291,6055,9,8.89645893875794,0,1
GAIL+TD3,291,6055,10,14.178635671786356,0,1
GAIL+TD3,291,6055,11,10.7473531420765,0,1
GAIL+TD3,291,6055,12,9.614340808455934,0,1
GAIL+TD3,291,6055,13,10.730128766938584,0,1
GAIL+TD3,291,6055,14,6.240912679021163,0,1
GAIL+TD3,291,6055,15,5.490960091093398,0,1
GAIL+TD3,291,6055,16,10.408165302455581,0,1
GAIL+TD3,291,6055,17,7.799576943416183,0,1
GAIL+TD3,291,6055,18,12.369782813975448,0,1
GAIL+TD3,291,6055,19,6.894665981248928,0,1
GAIL+TD3,291,6055,20,6.7765593454468185,0,1
GAIL+TD3,291,6055,21,4.773871856178688,0,1
GAIL+TD3,291,6055,22,8.913294797687861,0,1
GAIL+TD3,291,6055,23,5.449900775753202,0,1
GAIL+TD3,291,6055,24,7.452504588739157,0,1
GAIL+TD3,291,6055,25,3.622024866785081,0,1
GAIL+TD3,291,6055,26,5.597312095569936,0,1
GAIL+TD3,291,6055,27,5.284803586474411,0,1
GAIL+TD3,291,6055,28,4.064081647787315,0,1
GAIL+TD3,291,6055,29,184.69512195121948,0,1
GAIL+TD3,291,6055,30,183.86111111111111,0,1
GAIL+TD3,291,6055,31,4.505704905989577,0,1
GAIL+TD3,291,6055,32,2.139212269799906,0,1
GAIL+TD3,291,6055,35,192.90574282147313,0,1
GAIL+TD3,291,6055,36,2.7130571817708597,0,1
GAIL+TD3,291,6055,37,193.3504043126685,0,1
GAIL+TD3,291,6055,38,4.946282552548567,0,1
GAIL+TD3,291,6055,39,221.60687022900763,0,1
GAIL+TD3,291,6055,40,9.426847055273349,0,1
GAIL+TD3,291,6055,41,214.3715239154616,0,1
GAIL+TD3,291,6055,43,2.0289129830414234,0,1
GAIL+TD3,291,6055,45,8.14461419454651,0,1
GAIL+TD3,291,6055,46,4.327754070906148,0,1
GAIL+TD3,291,6055,47,3.295248068378003,0,1
GAIL+TD3,291,6055,48,161.01287910261738,0,1
GAIL+TD3,291,6055,49,2.9297417384059985,0,1
GAIL+TD3,291,6055,50,45.80446333687567,0,1
GAIL+TD3,291,6055,51,3.177545165340603,0,1
GAIL+TD3,291,6055,53,120.60860266159696,0,1
GAIL+TD3,291,6055,54,10.224930725673667,0,1
GAIL+TD3,291,6055,55,3.6121372876317666,0,1
GAIL+TD3,291,6055,56,8.183409568549882,0,1
GAIL+TD3,291,6055,57,3.3604380443218074,0,1
GAIL+TD3,291,6055,58,4.719233652145235,0,1
GAIL+TD3,291,6055,59,2.44155912217491,0,1
GAIL+TD3,291,6055,60,1.7576803234362526,0,1
GAIL+TD3,291,6055,61,1.324074391792197,0,1
GAIL+TD3,291,6055,62,142.90947968638633,0,1
GAIL+TD3,291,6055,63,12.47279676258993,0,1
GAIL+TD3,291,6055,64,190.65002600104003,0,1
GAIL+TD3,291,6055,65,4.008040384064948,0,1
GAIL+TD3,291,6055,66,3.9783959357041727,0,1
GAIL+TD3,291,6055,67,8.107083703819933,0,1
GAIL+TD3,291,6055,68,3.8663055509300523,0,1
GAIL+TD3,291,6055,69,5.160473611286056,0,1
GAIL+TD3,291,6055,70,2.5535639297159904,0,1
GAIL+TD3,291,6055,71,2.479337511293729,0,1
GAIL+TD3,291,6055,72,215.1216041397154,0,1
GAIL+TD3,291,6055,73,215.31783681214426,0,1
GAIL+TD3,291,6055,75,3.2633683580348305,0,1
GAIL+TD3,291,6055,76,183.46405228758167,0,1
GAIL+TD3,291,6055,77,5.754896947156362,0,1
GAIL+TD3,291,6055,78,3.697290980558802,0,1
GAIL+TD3,291,6055,79,1.5773565672038516,0,1
GAIL+TD3,291,6055,80,3.915415501905971,0,1
GAIL+TD3,291,6055,81,2.5263766297033303,0,1
GAIL+TD3,291,6055,82,85.8579795021962,0,1
GAIL+TD3,291,6055,83,75.68016794270191,0,1
GAIL+TD3,291,6055,84,2.481488241262139,0,1
GAIL+TD3,291,6055,85,3.3373630292819105,0,1
GAIL+TD3,291,6055,86,4.420257252866593,0,1
GAIL+TD3,291,6055,87,7.102584958985318,0,1
GAIL+TD3,291,6055,88,4.354701550753089,0,1
GAIL+TD3,291,6055,89,2.4877616175948916,0,1
GAIL+TD3,291,6055,90,2.264896375693576,0,1
GAIL+TD3,291,6055,91,1.333100567894769,0,1
GAIL+TD3,291,6055,92,77.46143999999998,0,1
GAIL+TD3,291,6055,93,4.036169370795409,0,1
GAIL+TD3,291,6055,94,2.212130714384854,0,1
GAIL+TD3,291,6055,95,2.4068896556162223,0,1
GAIL+TD3,291,6055,96,121.4668071654373,0,1
GAIL+TD3,291,6055,97,7.641502587403762,0,1
GAIL+TD3,291,6055,98,3.846419117468488,0,1
GAIL+TD3,291,6056,5,5.7739799396241125,0,1
GAIL+TD3,291,6056,6,11.063762743280815,0,1
GAIL+TD3,291,6056,7,19.297664071190212,0,1
GAIL+TD3,291,6056,8,12.520931326434617,0,1
GAIL+TD3,291,6056,9,4.489734565185512,0,1
GAIL+TD3,291,6056,10,3.9347181008902075,0,1
GAIL+TD3,291,6056,11,14.639087018544934,0,1
GAIL+TD3,291,6056,12,4.40725376660041,0,1
GAIL+TD3,291,6056,13,14.083103130755065,0,1
GAIL+TD3,291,6056,14,9.45948712948518,0,1
GAIL+TD3,291,6056,15,12.902530240168295,0,1
GAIL+TD3,291,6056,16,6.6705149971703435,0,1
GAIL+TD3,291,6056,17,6.17584175511655,0,1
GAIL+TD3,291,6056,18,4.3093200698826974,0,1
GAIL+TD3,291,6056,19,50.729054928796,0,1
GAIL+TD3,291,6056,20,7.0796143382177465,0,1
GAIL+TD3,291,6056,21,6.553806045275032,0,1
GAIL+TD3,291,6056,24,5.4048099783754076,0,1
GAIL+TD3,291,6056,25,135.1186046511628,0,1
GAIL+TD3,291,6056,27,2.446006243114212,0,1
GAIL+TD3,291,6056,28,3.701208342436516,0,1
GAIL+TD3,291,6056,29,2.3837207185890317,0,1
GAIL+TD3,291,6056,33,5.026350293417518,0,1
GAIL+TD3,291,6056,34,204.11431938715378,0,1
GAIL+TD3,291,6056,35,3.62913612565445,0,1
GAIL+TD3,291,6056,37,1.4594168044491207,0,1
GAIL+TD3,291,6056,38,224.07844827586206,0,1
GAIL+TD3,291,6056,40,28.038358676549247,0,1
GAIL+TD3,291,6056,41,203.032967032967,0,1
GAIL+TD3,291,6056,42,4.0338894938354,0,1
GAIL+TD3,291,6056,43,11.964837559429478,0,1
GAIL+TD3,291,6056,44,5.491714588097723,0,1
GAIL+TD3,291,6056,45,13.955042023772027,0,1
GAIL+TD3,291,6056,46,6.292183414634147,0,1
GAIL+TD3,291,6056,47,3.081800108779234,0,1
GAIL+TD3,291,6056,48,2.0525361736887753,0,1
GAIL+TD3,291,6056,49,1.4300787181036898,0,1
GAIL+TD3,291,6056,50,1.2107597832458787,0,1
GAIL+TD3,291,6056,51,3.076355657228227,0,1
GAIL+TD3,291,6056,52,161.73712737127371,0,1
GAIL+TD3,291,6056,55,7.147666351308734,0,1
GAIL+TD3,291,6056,56,13.647882130374837,0,1
GAIL+TD3,291,6056,57,12.153854626763744,0,1
GAIL+TD3,291,6056,58,6.089354410256762,0,1
GAIL+TD3,291,6056,59,2.9552322785910854,0,1
GAIL+TD3,291,6056,60,3.1987773342948085,0,1
GAIL+TD3,291,6056,61,3.3512437467655682,0,1
GAIL+TD3,291,6056,62,1.0822001369479886,0,1
GAIL+TD3,291,6056,63,10.110655475107324,0,1
GAIL+TD3,291,6056,64,20.586544141778795,0,1
GAIL+TD3,291,6056,67,7.511243056885654,0,1
GAIL+TD3,291,6056,68,22.64914062708829,0,1
GAIL+TD3,291,6056,69,10.552403142058315,0,1
GAIL+TD3,291,6056,70,5.4319805851422425,0,1
GAIL+TD3,291,6056,71,4.101307522845953,0,1
GAIL+TD3,291,6056,72,3.437399705865927,0,1
GAIL+TD3,291,6056,73,2.9270410788749883,0,1
GAIL+TD3,291,6056,74,1.7747347419969173,0,1
GAIL+TD3,291,6056,75,81.38895501071173,0,1
GAIL+TD3,291,6056,76,1.9104167952485622,0,1
GAIL+TD3,291,6056,77,1.9880125104337418,0,1
GAIL+TD3,291,6056,78,108.31529625151148,0,1
GAIL+TD3,291,6056,79,2.137131362540763,0,1
GAIL+TD3,291,6056,80,7.064454606532153,0,1
GAIL+TD3,291,6056,81,1.8091955523770804,0,1
GAIL+TD3,291,6056,82,6.001451748965138,0,1
GAIL+TD3,291,6056,83,2.7417591719267693,0,1
GAIL+TD3,291,6056,84,2.0702005890490427,0,1
GAIL+TD3,291,6056,85,114.43799175721244,0,1
GAIL+TD3,291,6056,86,1.3720719228636653,0,1
GAIL+TD3,291,6056,87,95.31526744597946,0,1
GAIL+TD3,291,6056,88,3.572632938857649,0,1
GAIL+TD3,291,6056,89,4.721150786073452,0,1
GAIL+TD3,291,6056,90,9.1056543153212,0,1
GAIL+TD3,291,6056,91,3.0310716755310554,0,1
GAIL+TD3,291,6056,92,9.629754551365412,0,1
GAIL+TD3,291,6056,93,4.743590116596234,0,1
GAIL+TD3,291,6056,94,2.923790148223235,0,1
GAIL+TD3,291,6056,95,3.8920597828732784,0,1
GAIL+TD3,291,6056,96,84.38917110643042,0,1
GAIL+TD3,291,6056,97,2.314941854413671,0,1
GAIL+TD3,291,6056,98,1.4957946312298096,0,1
GAIL+TD3,291,6057,5,5.547888675623799,0,1
GAIL+TD3,291,6057,6,5.862758224942616,0,1
GAIL+TD3,291,6057,7,3.7822763991679964,0,1
GAIL+TD3,291,6057,8,2.8020743639921717,0,1
GAIL+TD3,291,6057,9,4.479021865963167,0,1
GAIL+TD3,291,6057,10,4.592062824288318,0,1
GAIL+TD3,291,6057,11,5.646737330241802,0,1
GAIL+TD3,291,6057,12,3.170065219185999,0,1
GAIL+TD3,291,6057,13,12.431714775863355,0,1
GAIL+TD3,291,6057,14,8.528894210745523,0,1
GAIL+TD3,291,6057,15,9.876058263658832,0,1
GAIL+TD3,291,6057,16,10.040042343627745,0,1
GAIL+TD3,291,6057,17,14.173826173826173,0,1
GAIL+TD3,291,6057,18,11.252039406231892,0,1
GAIL+TD3,291,6057,19,6.290083857442347,0,1
GAIL+TD3,291,6057,20,3.7258329848041263,0,1
GAIL+TD3,291,6057,22,4.447810422692445,0,1
GAIL+TD3,291,6057,24,3.2387007376614907,0,1
GAIL+TD3,291,6057,25,8.055056370263625,0,1
GAIL+TD3,291,6057,30,3.9061220978109907,0,1
GAIL+TD3,291,6057,33,219.32830188679247,0,1
GAIL+TD3,291,6057,35,71.17748043423377,0,1
GAIL+TD3,291,6057,36,5.974554922701383,0,1
GAIL+TD3,291,6057,37,5.457686236093518,0,1
GAIL+TD3,291,6057,38,12.617993415498901,0,1
GAIL+TD3,291,6057,39,5.359194185718317,0,1
GAIL+TD3,291,6057,40,85.2259656047364,0,1
GAIL+TD3,291,6057,41,1.8185464214491467,0,1
GAIL+TD3,291,6057,42,1.3015971486826092,0,1
GAIL+TD3,291,6057,43,128.88201363398005,0,1
GAIL+TD3,291,6057,45,6.532419566076045,0,1
GAIL+TD3,291,6057,46,176.8848614072495,0,1
GAIL+TD3,291,6057,47,187.6226941226941,0,1
GAIL+TD3,291,6057,48,9.662340565580793,0,1
GAIL+TD3,291,6057,49,5.162644890218583,0,1
GAIL+TD3,291,6057,50,2.2553491262918746,0,1
GAIL+TD3,291,6057,51,5.844290455948291,0,1
GAIL+TD3,291,6057,52,23.062285937958702,0,1
GAIL+TD3,291,6057,53,166.32518955349622,0,1
GAIL+TD3,291,6057,54,1.162172119553418,0,1
GAIL+TD3,291,6057,58,52.478053939714435,0,1
GAIL+TD3,291,6057,59,17.200520160844064,0,1
GAIL+TD3,291,6057,60,10.78277949762922,0,1
GAIL+TD3,291,6057,61,3.0232980814012933,0,1
GAIL+TD3,291,6057,62,3.861069853930088,0,1
GAIL+TD3,291,6057,63,7.090428612800463,0,1
GAIL+TD3,291,6057,64,3.244177887019799,0,1
GAIL+TD3,291,6057,65,1.8352600358670161,0,1
GAIL+TD3,291,6057,66,4.752359377518311,0,1
GAIL+TD3,291,6057,67,157.3517060367454,0,1
GAIL+TD3,291,6057,68,142.2646048109966,0,1
GAIL+TD3,291,6057,69,3.2160243441961316,0,1
GAIL+TD3,291,6057,70,127.13521010993527,0,1
GAIL+TD3,291,6057,71,4.588567426324014,0,1
GAIL+TD3,291,6057,72,61.2478944413251,0,1
GAIL+TD3,291,6057,73,32.70450583344508,0,1
GAIL+TD3,291,6057,74,3.095183655231096,0,1
GAIL+TD3,291,6057,75,1.2884457087710557,0,1
GAIL+TD3,291,6057,76,30.222083981337484,0,1
GAIL+TD3,291,6057,77,1.3337425618074505,0,1
GAIL+TD3,291,6057,78,135.62383177570095,0,1
GAIL+TD3,291,6057,79,5.175980648861623,0,1
GAIL+TD3,291,6057,80,13.126882418945257,0,1
GAIL+TD3,291,6057,81,6.6800542797934,0,1
GAIL+TD3,291,6057,82,2.1623413330592527,0,1
GAIL+TD3,291,6057,83,4.060779701452604,0,1
GAIL+TD3,291,6057,84,1.6952991166196307,0,1
GAIL+TD3,291,6057,85,29.292042285491927,0,1
GAIL+TD3,291,6057,86,3.0527958959325767,0,1
GAIL+TD3,291,6057,87,2.2775512613786053,0,1
GAIL+TD3,291,6057,88,116.20653153153152,0,1
GAIL+TD3,291,6057,89,2.159297597839205,0,1
GAIL+TD3,291,6057,90,114.29592760180995,0,1
GAIL+TD3,291,6057,91,2.4430151201488433,0,1
GAIL+TD3,291,6057,92,4.998726599503797,0,1
GAIL+TD3,291,6057,93,18.587260972322596,0,1
GAIL+TD3,291,6057,94,3.5269760701962265,0,1
GAIL+TD3,291,6057,95,8.147641617521137,0,1
GAIL+TD3,291,6057,96,1.1310597260973867,0,1
GAIL+TD3,291,6057,97,0.6296767239564475,1,1
GAIL+TD3,291,6066,5,6.188301593470658,0,1
GAIL+TD3,291,6066,6,6.799980702431494,0,1
GAIL+TD3,291,6066,7,4.595883957351847,0,1
GAIL+TD3,291,6066,8,5.334905919139833,0,1
GAIL+TD3,291,6066,9,81.77820512820513,0,1
GAIL+TD3,291,6066,10,4.7614607887978035,0,1
GAIL+TD3,291,6066,11,5.506876042420618,0,1
GAIL+TD3,291,6066,12,9.311814073595867,0,1
GAIL+TD3,291,6066,13,7.1954776750519605,0,1
GAIL+TD3,291,6066,14,9.936695178118244,0,1
GAIL+TD3,291,6066,15,6.4574362371646234,0,1
GAIL+TD3,291,6066,16,8.832364516012564,0,1
GAIL+TD3,291,6066,17,6.081818371129298,0,1
GAIL+TD3,291,6066,18,4.651334876291684,0,1
GAIL+TD3,291,6066,19,7.247675530066041,0,1
GAIL+TD3,291,6066,20,179.7103174603174,0,1
GAIL+TD3,291,6066,21,6.646011337831435,0,1
GAIL+TD3,291,6066,22,4.701928439839776,0,1
GAIL+TD3,291,6066,23,6.867333641028426,0,1
GAIL+TD3,291,6066,24,4.092354630294329,0,1
GAIL+TD3,291,6066,25,6.828469357817165,0,1
GAIL+TD3,291,6066,26,3.9812399314036266,0,1
GAIL+TD3,291,6066,27,157.44391121775644,0,1
GAIL+TD3,291,6066,28,3.3494718394623066,0,1
GAIL+TD3,291,6066,29,1.1869626830420403,0,1
GAIL+TD3,291,6066,31,184.0167638483965,0,1
GAIL+TD3,291,6066,32,9.104571809738827,0,1
GAIL+TD3,291,6066,33,209.70458952811893,0,1
GAIL+TD3,291,6066,35,25.5660931174089,0,1
GAIL+TD3,291,6066,36,5.416599406076297,0,1
GAIL+TD3,291,6066,37,4.540640766500612,0,1
GAIL+TD3,291,6066,38,187.1789667896679,0,1
GAIL+TD3,291,6066,39,3.6968075335839634,0,1
GAIL+TD3,291,6066,40,1.8876736166290562,0,1
GAIL+TD3,291,6066,41,1.5012369581585459,0,1
GAIL+TD3,291,6066,43,1.5645711703236398,0,1
GAIL+TD3,291,6066,44,141.44629780309197,0,1
GAIL+TD3,291,6066,45,147.9343339587242,0,1
GAIL+TD3,291,6066,46,146.77004350528279,0,1
GAIL+TD3,291,6066,47,3.2901263099510056,0,1
GAIL+TD3,291,6066,48,1.822336846339064,0,1
GAIL+TD3,291,6066,49,153.08717948717947,0,1
GAIL+TD3,291,6066,50,1.344812759892097,0,1
GAIL+TD3,291,6066,51,146.1393280632411,0,1
GAIL+TD3,291,6066,52,1.877735333426423,0,1
GAIL+TD3,291,6066,53,150.55067785668172,0,1
GAIL+TD3,291,6066,54,2.5749794075977728,0,1
GAIL+TD3,291,6066,55,174.9381443298969,0,1
GAIL+TD3,291,6066,56,63.235910506938545,0,1
GAIL+TD3,291,6066,57,3.227591696936857,0,1
GAIL+TD3,291,6066,58,86.14374003189792,0,1
GAIL+TD3,291,6066,59,4.125976107979522,0,1
GAIL+TD3,291,6066,60,3.370258239327582,0,1
GAIL+TD3,291,6066,61,1.447422473337048,0,1
GAIL+TD3,291,6066,62,65.2082698585419,0,1
GAIL+TD3,291,6066,63,4.4639331698344575,0,1
GAIL+TD3,291,6066,64,17.33042866421303,0,1
GAIL+TD3,291,6066,65,2.297600558035106,0,1
GAIL+TD3,291,6066,66,132.91317950723504,0,1
GAIL+TD3,291,6066,67,3.4460293462462666,0,1
GAIL+TD3,291,6066,68,1.7052541889225157,0,1
GAIL+TD3,291,6066,69,208.93060240963854,0,1
GAIL+TD3,291,6066,70,134.78611632270167,0,1
GAIL+TD3,291,6066,71,6.58458693226433,0,1
GAIL+TD3,291,6066,72,3.179223051380012,0,1
GAIL+TD3,291,6066,73,2.373480817238208,0,1
GAIL+TD3,291,6066,74,2.909780199135825,0,1
GAIL+TD3,291,6066,75,6.646194216414602,0,1
GAIL+TD3,291,6066,76,2.1427728563364625,0,1
GAIL+TD3,291,6066,77,219.43746809596732,0,1
GAIL+TD3,291,6066,78,35.72997702281307,0,1
GAIL+TD3,291,6066,79,5.820086976312179,0,1
GAIL+TD3,291,6066,80,2.4085623003194887,0,1
GAIL+TD3,291,6066,81,1.5542300024919011,0,1
GAIL+TD3,291,6066,82,1.666534962757633,0,1
GAIL+TD3,291,6066,83,136.86459854014598,0,1
GAIL+TD3,291,6066,84,5.300421286368269,0,1
GAIL+TD3,291,6066,85,7.395939164672278,0,1
GAIL+TD3,291,6066,86,3.0571007879876384,0,1
GAIL+TD3,291,6066,87,1.719263500094309,0,1
GAIL+TD3,291,6066,88,2.4098799894619427,0,1
GAIL+TD3,291,6066,89,1.0769764768184298,0,1
GAIL+TD3,291,6066,90,58.926578560939795,0,1
GAIL+TD3,291,6066,91,155.49906629318394,0,1
GAIL+TD3,291,6066,92,196.59653794940075,0,1
GAIL+TD3,291,6066,93,8.239496505207775,0,1
GAIL+TD3,291,6066,94,2.9949827030150633,0,1
GAIL+TD3,291,6066,95,25.011210336310093,0,1
GAIL+TD3,291,6066,96,4.221576437518797,0,1
GAIL+TD3,291,6066,97,2.1494016101617857,0,1
GAIL+TD3,291,6066,98,1.2453268363673222,0,1
GAIL+TD3,291,6080,5,5.434164733178655,0,1
GAIL+TD3,291,6080,6,5.691398682681132,0,1
GAIL+TD3,291,6080,7,8.784993633068861,0,1
GAIL+TD3,291,6080,8,7.686327788455166,0,1
GAIL+TD3,291,6080,9,4.888196009011908,0,1
GAIL+TD3,291,6080,10,11.874718224380096,0,1
GAIL+TD3,291,6080,11,8.64523368680918,0,1
GAIL+TD3,291,6080,12,4.534278565471226,0,1
GAIL+TD3,291,6080,13,37.23244897959184,0,1
GAIL+TD3,291,6080,14,9.429513566148806,0,1
GAIL+TD3,291,6080,15,5.018450014934633,0,1
GAIL+TD3,291,6080,16,9.051985039289024,0,1
GAIL+TD3,291,6080,17,5.233026800878173,0,1
GAIL+TD3,291,6080,18,3.3034649328647796,0,1
GAIL+TD3,291,6080,19,8.098662704309062,0,1
GAIL+TD3,291,6080,21,6.145276924288978,0,1
GAIL+TD3,291,6080,27,2.830272317441873,0,1
GAIL+TD3,291,6080,33,48.626779359430614,0,1
GAIL+TD3,291,6080,34,9.209081572910767,0,1
GAIL+TD3,291,6080,37,6.867797651556528,0,1
GAIL+TD3,291,6080,38,17.015003598360398,0,1
GAIL+TD3,291,6080,39,2.679542198999031,0,1
GAIL+TD3,291,6080,40,5.014557955740357,0,1
GAIL+TD3,291,6080,41,50.276166024818146,0,1
GAIL+TD3,291,6080,42,113.32478764478765,0,1
GAIL+TD3,291,6080,43,2.8053252635213357,0,1
GAIL+TD3,291,6080,44,224.3190431811122,0,1
GAIL+TD3,291,6080,45,1.7891089910682434,0,1
GAIL+TD3,291,6080,46,48.095316082541764,0,1
GAIL+TD3,291,6080,47,3.2041268003677343,0,1
GAIL+TD3,291,6080,49,2.3442889070791986,0,1
GAIL+TD3,291,6080,50,35.834774828511776,0,1
GAIL+TD3,291,6080,51,4.344397822801895,0,1
GAIL+TD3,291,6080,52,43.817519834800564,0,1
GAIL+TD3,291,6080,53,5.143724478830862,0,1
GAIL+TD3,291,6080,54,3.2585442794491035,0,1
GAIL+TD3,291,6080,55,4.463899685487083,0,1
GAIL+TD3,291,6080,56,1.5647329660816263,0,1
GAIL+TD3,291,6080,58,7.642132517132519,0,1
GAIL+TD3,291,6080,59,194.60182370820672,0,1
GAIL+TD3,291,6080,61,6.945202164812918,0,1
GAIL+TD3,291,6080,62,17.01943134968216,0,1
GAIL+TD3,291,6080,63,2.7852341292496443,0,1
GAIL+TD3,291,6080,64,9.984585925141833,0,1
GAIL+TD3,291,6080,65,5.574443788750852,0,1
GAIL+TD3,291,6080,66,66.29445479295028,0,1
GAIL+TD3,291,6080,67,1.3175285752556145,0,1
GAIL+TD3,291,6080,68,6.739568019902747,0,1
GAIL+TD3,291,6080,69,1.4659514631125632,0,1
GAIL+TD3,291,6080,72,73.64394408016825,0,1
GAIL+TD3,291,6080,73,4.286129378895337,0,1
GAIL+TD3,291,6080,74,4.089074638912819,0,1
GAIL+TD3,291,6080,75,6.302696078431371,0,1
GAIL+TD3,291,6080,76,2.2424643299628313,0,1
GAIL+TD3,291,6080,77,16.558391413893524,0,1
GAIL+TD3,291,6080,78,181.31870738215238,0,1
GAIL+TD3,291,6080,79,5.908556244667021,0,1
GAIL+TD3,291,6080,80,115.08706965572458,0,1
GAIL+TD3,291,6080,81,2.499181539195858,0,1
GAIL+TD3,291,6080,82,5.988101442268451,0,1
GAIL+TD3,291,6080,83,5.220025332341732,0,1
GAIL+TD3,291,6080,84,3.2226097557456757,0,1
GAIL+TD3,291,6080,85,220.88455359192102,0,1
GAIL+TD3,291,6080,86,2.8707928534905407,0,1
GAIL+TD3,291,6080,87,2.9341176470588226,0,1
GAIL+TD3,291,6080,88,1.3125850859074264,0,1
GAIL+TD3,291,6080,89,7.7915151078618505,0,1
GAIL+TD3,291,6080,90,3.764107225464019,0,1
GAIL+TD3,291,6080,91,54.15075017861394,0,1
GAIL+TD3,291,6080,92,0.9394400858721169,1,1
GAIL+TD3,291,6081,5,5.656599333202589,0,1
GAIL+TD3,291,6081,6,10.186524552721737,0,1
GAIL+TD3,291,6081,7,15.088134821225232,0,1
GAIL+TD3,291,6081,8,9.874622707220801,0,1
GAIL+TD3,291,6081,9,7.74779486378893,0,1
GAIL+TD3,291,6081,10,6.032261072261073,0,1
GAIL+TD3,291,6081,11,9.223443452195092,0,1
GAIL+TD3,291,6081,12,9.364756446991404,0,1
GAIL+TD3,291,6081,13,7.687744182096145,0,1
GAIL+TD3,291,6081,14,5.679184549356224,0,1
GAIL+TD3,291,6081,15,26.32696614411804,0,1
GAIL+TD3,291,6081,16,6.3810154915473865,0,1
GAIL+TD3,291,6081,17,7.465829162168351,0,1
GAIL+TD3,291,6081,18,9.52308730553385,0,1
GAIL+TD3,291,6081,19,8.883052933935165,0,1
GAIL+TD3,291,6081,21,52.96811919256649,0,1
GAIL+TD3,291,6081,22,186.36924219910847,0,1
GAIL+TD3,291,6081,23,5.131101483523697,0,1
GAIL+TD3,291,6081,25,5.717984076879154,0,1
GAIL+TD3,291,6081,26,4.603258885607142,0,1
GAIL+TD3,291,6081,28,200.98623853211012,0,1
GAIL+TD3,291,6081,29,3.0688003805458774,0,1
GAIL+TD3,291,6081,30,2.4345853702475417,0,1
GAIL+TD3,291,6081,32,172.2191422594142,0,1
GAIL+TD3,291,6081,33,3.568432865731462,0,1
GAIL+TD3,291,6081,34,228.10777957860614,0,1
GAIL+TD3,291,6081,35,7.095318285101327,0,1
GAIL+TD3,291,6081,36,7.946423552557618,0,1
GAIL+TD3,291,6081,37,17.037660544952587,0,1
GAIL+TD3,291,6081,38,159.14776274713842,0,1
GAIL+TD3,291,6081,39,14.306674637417478,0,1
GAIL+TD3,291,6081,40,1.8490975416104118,0,1
GAIL+TD3,291,6081,41,2.2903757877538315,0,1
GAIL+TD3,291,6081,46,3.789664354315352,0,1
GAIL+TD3,291,6081,47,21.396493212669682,0,1
GAIL+TD3,291,6081,48,6.174406899349431,0,1
GAIL+TD3,291,6081,49,3.3198211331279577,0,1
GAIL+TD3,291,6081,50,18.24202887745719,0,1
GAIL+TD3,291,6081,51,97.57054954381498,0,1
GAIL+TD3,291,6081,52,1.3438279058120228,0,1
GAIL+TD3,291,6081,53,31.59720914305282,0,1
GAIL+TD3,291,6081,54,11.017465987287913,0,1
GAIL+TD3,291,6081,55,2.9467481230410377,0,1
GAIL+TD3,291,6081,56,3.1794041033019917,0,1
GAIL+TD3,291,6081,57,159.53933380581145,0,1
GAIL+TD3,291,6081,58,182.94701006512727,0,1
GAIL+TD3,291,6081,59,14.585503818167792,0,1
GAIL+TD3,291,6081,60,2.221200047540084,0,1
GAIL+TD3,291,6081,61,4.0849293694798146,0,1
GAIL+TD3,291,6081,62,11.395979738522836,0,1
GAIL+TD3,291,6081,63,4.108100318861908,0,1
GAIL+TD3,291,6081,64,20.185602450646698,0,1
GAIL+TD3,291,6081,65,2.683377987438807,0,1
GAIL+TD3,291,6081,66,2.2520384657574315,0,1
GAIL+TD3,291,6081,67,115.78891324772943,0,1
GAIL+TD3,291,6081,68,3.42160617453123,0,1
GAIL+TD3,291,6081,69,2.695621251176807,0,1
GAIL+TD3,291,6081,70,2.511240187506975,0,1
GAIL+TD3,291,6081,71,117.53370924246141,0,1
GAIL+TD3,291,6081,72,7.431793728113934,0,1
GAIL+TD3,291,6081,73,1.8496344719534352,0,1
GAIL+TD3,291,6081,74,2.6294312175633445,0,1
GAIL+TD3,291,6081,75,2.149443460969518,0,1
GAIL+TD3,291,6081,76,203.72967772967777,0,1
GAIL+TD3,291,6081,77,165.1761528874117,0,1
GAIL+TD3,291,6081,78,2.1292688278411434,0,1
GAIL+TD3,291,6081,79,177.27213114754102,0,1
GAIL+TD3,291,6081,80,5.9247080928734395,0,1
GAIL+TD3,291,6081,81,9.903609020367163,0,1
GAIL+TD3,291,6081,82,26.950492076730615,0,1
GAIL+TD3,291,6081,83,3.0643452666519715,0,1
GAIL+TD3,291,6081,84,3.88745540863128,0,1
GAIL+TD3,291,6081,85,5.102038001310389,0,1
GAIL+TD3,291,6081,86,2.3115479667490453,0,1
GAIL+TD3,291,6081,87,1.7756912652741053,0,1
GAIL+TD3,291,6081,88,1.3280692675159234,0,1
GAIL+TD3,291,6081,89,190.2740356937248,0,1
GAIL+TD3,291,6081,90,117.32645480808912,0,1
GAIL+TD3,291,6081,91,2.397883854110943,0,1
GAIL+TD3,291,6081,92,81.90233545647558,0,1
GAIL+TD3,291,6081,93,4.489977576372487,0,1
GAIL+TD3,291,6081,94,6.805361908392789,0,1
GAIL+TD3,291,6081,95,2.9186578546009145,0,1
GAIL+TD3,291,6081,96,1.4048343921428168,0,1
GAIL+TD3,291,6081,97,45.37213593725973,0,1
GAIL+TD3,291,6081,98,2.2311473418424455,0,1
GAIL+TD3,291,6090,5,2.2345581716087084,0,1
GAIL+TD3,291,6090,6,5.808518952715904,0,1
GAIL+TD3,291,6090,7,6.510933882171341,0,1
GAIL+TD3,291,6090,8,4.023217996205619,0,1
GAIL+TD3,291,6090,9,54.75161290322581,0,1
GAIL+TD3,291,6090,10,7.995023923444976,0,1
GAIL+TD3,291,6090,11,8.289223813112285,0,1
GAIL+TD3,291,6090,12,10.042197935640559,0,1
GAIL+TD3,291,6090,13,7.950869102518625,0,1
GAIL+TD3,291,6090,14,6.186407766990292,0,1
GAIL+TD3,291,6090,15,3.5028329885781098,0,1
GAIL+TD3,291,6090,16,7.891802763819096,0,1
GAIL+TD3,291,6090,17,3.1542868607606223,0,1
GAIL+TD3,291,6090,18,10.945997157745142,0,1
GAIL+TD3,291,6090,19,8.843149104494012,0,1
GAIL+TD3,291,6090,20,7.261228902217883,0,1
GAIL+TD3,291,6090,21,13.975887107822992,0,1
GAIL+TD3,291,6090,22,8.58219923788786,0,1
GAIL+TD3,291,6090,23,8.534037638426524,0,1
GAIL+TD3,291,6090,24,5.338497376943618,0,1
GAIL+TD3,291,6090,25,5.996764412608616,0,1
GAIL+TD3,291,6090,26,5.964756233151073,0,1
GAIL+TD3,291,6090,27,183.89169675090258,0,1
GAIL+TD3,291,6090,28,9.247511439351369,0,1
GAIL+TD3,291,6090,29,3.8563070841096008,0,1
GAIL+TD3,291,6090,30,7.276431862111061,0,1
GAIL+TD3,291,6090,31,4.432635060639471,0,1
GAIL+TD3,291,6090,32,5.8201567103633804,0,1
GAIL+TD3,291,6090,33,9.897449784538582,0,1
GAIL+TD3,291,6090,34,3.453299956240829,0,1
GAIL+TD3,291,6090,35,2.7971526778966873,0,1
GAIL+TD3,291,6090,36,170.511385199241,0,1
GAIL+TD3,291,6090,37,3.8548906266613825,0,1
GAIL+TD3,291,6090,38,1.8103047921227322,0,1
GAIL+TD3,291,6090,39,170.59262166405028,0,1
GAIL+TD3,291,6090,42,1.881129076838032,0,1
GAIL+TD3,291,6090,46,218.36471754212093,0,1
GAIL+TD3,291,6090,47,169.77412467976086,0,1
GAIL+TD3,291,6090,48,10.206962374055417,0,1
GAIL+TD3,291,6090,49,2.6307961504811894,0,1
GAIL+TD3,291,6090,50,2.757431914448773,0,1
GAIL+TD3,291,6090,51,3.60712759691892,0,1
GAIL+TD3,291,6090,52,191.21900826446281,0,1
GAIL+TD3,291,6090,53,1.9749392807709383,0,1
GAIL+TD3,291,6090,54,215.26855312333154,0,1
GAIL+TD3,291,6090,55,7.52757414804735,0,1
GAIL+TD3,291,6090,56,144.38494897959183,0,1
GAIL+TD3,291,6090,57,4.651402892900577,0,1
GAIL+TD3,291,6090,58,4.496484874307626,0,1
GAIL+TD3,291,6090,59,85.2547670250896,0,1
GAIL+TD3,291,6090,60,2.754458595196134,0,1
GAIL+TD3,291,6090,61,116.55437448896157,0,1
GAIL+TD3,291,6090,62,1.8096836949867356,0,1
GAIL+TD3,291,6090,63,2.0114873177560844,0,1
GAIL+TD3,291,6090,64,2.995589201859345,0,1
GAIL+TD3,291,6090,65,1.3371798133031165,0,1
GAIL+TD3,291,6090,66,4.504838831433532,0,1
GAIL+TD3,291,6090,67,176.75053879310343,0,1
GAIL+TD3,291,6090,68,158.59103002660584,0,1
GAIL+TD3,291,6090,69,96.82541603630864,0,1
GAIL+TD3,291,6090,70,2.7486824842676394,0,1
GAIL+TD3,291,6090,71,39.41622368700829,0,1
GAIL+TD3,291,6090,72,1.8321640582838634,0,1
GAIL+TD3,291,6090,73,152.36220930232557,0,1
GAIL+TD3,291,6090,75,1.1557456990156179,0,1
GAIL+TD3,291,6090,76,161.98646453708716,0,1
GAIL+TD3,291,6090,77,169.62972085385877,0,1
GAIL+TD3,291,6090,78,9.238162851896025,0,1
GAIL+TD3,291,6090,79,2.32447880168185,0,1
GAIL+TD3,291,6090,80,175.5950991831972,0,1
GAIL+TD3,291,6090,81,14.230849926764577,0,1
GAIL+TD3,291,6090,82,2.034030809192251,0,1
GAIL+TD3,291,6090,83,3.452032217762301,0,1
GAIL+TD3,291,6090,84,141.23665893271462,0,1
GAIL+TD3,291,6090,85,5.876180683421412,0,1
GAIL+TD3,291,6090,86,2.491789366168358,0,1
GAIL+TD3,291,6090,87,47.30760615958936,0,1
GAIL+TD3,291,6090,88,5.104566210045661,0,1
GAIL+TD3,291,6090,89,5.0727431626567965,0,1
GAIL+TD3,291,6090,90,2.1738065773190445,0,1
GAIL+TD3,291,6090,91,2.5570714486035273,0,1
GAIL+TD3,291,6090,92,103.27476445123503,0,1
GAIL+TD3,291,6090,93,124.35739473138355,0,1
GAIL+TD3,291,6090,94,3.5919784924823257,0,1
GAIL+TD3,291,6090,95,1.4643446816997376,0,1
GAIL+TD3,291,6090,96,62.526907155529265,0,1
GAIL+TD3,291,6090,97,78.4570938215103,0,1
GAIL+TD3,291,6090,98,2.827969985704557,0,1
GAIL+TD3,291,6098,5,5.718489455615497,0,1
GAIL+TD3,291,6098,6,18.68170055452865,0,1
GAIL+TD3,291,6098,7,12.166196046793061,0,1
GAIL+TD3,291,6098,8,6.020951114067177,0,1
GAIL+TD3,291,6098,9,6.671523925918962,0,1
GAIL+TD3,291,6098,10,7.9827158451869,0,1
GAIL+TD3,291,6098,11,11.614250397315908,0,1
GAIL+TD3,291,6098,12,3.2954835960801026,0,1
GAIL+TD3,291,6098,13,38.061520190023764,0,1
GAIL+TD3,291,6098,14,116.18599397590359,0,1
GAIL+TD3,291,6098,15,4.742932444864367,0,1
GAIL+TD3,291,6098,16,7.904492961308269,0,1
GAIL+TD3,291,6098,17,6.943141630901287,0,1
GAIL+TD3,291,6098,18,8.909606110739556,0,1
GAIL+TD3,291,6098,19,9.363143418467583,0,1
GAIL+TD3,291,6098,20,5.343943517532441,0,1
GAIL+TD3,291,6098,22,199.41040056219254,0,1
GAIL+TD3,291,6098,23,5.270796394799054,0,1
GAIL+TD3,291,6098,24,6.551309135138596,0,1
GAIL+TD3,291,6098,26,6.153930491526095,0,1
GAIL+TD3,291,6098,27,3.581961183726589,0,1
GAIL+TD3,291,6098,28,4.4375923797011,0,1
GAIL+TD3,291,6098,30,3.3649279413509845,0,1
GAIL+TD3,291,6098,31,217.74961479198765,0,1
GAIL+TD3,291,6098,33,191.92080452545568,0,1
GAIL+TD3,291,6098,35,2.361046843669622,0,1
GAIL+TD3,291,6098,37,57.97052631578948,0,1
GAIL+TD3,291,6098,38,219.87686116700203,0,1
GAIL+TD3,291,6098,39,1.9625856125179078,0,1
GAIL+TD3,291,6098,40,59.57091159744959,0,1
GAIL+TD3,291,6098,41,4.183678639618876,0,1
GAIL+TD3,291,6098,42,222.2739783152627,0,1
GAIL+TD3,291,6098,44,9.628461638660934,0,1
GAIL+TD3,291,6098,45,8.041473890043124,0,1
GAIL+TD3,291,6098,46,2.702169393661033,0,1
GAIL+TD3,291,6098,48,6.971440148485085,0,1
GAIL+TD3,291,6098,49,116.13494741020045,0,1
GAIL+TD3,291,6098,50,2.0412930135557876,0,1
GAIL+TD3,291,6098,51,5.33915585240832,0,1
GAIL+TD3,291,6098,52,1.8981098480235503,0,1
GAIL+TD3,291,6098,53,37.307022720566536,0,1
GAIL+TD3,291,6098,54,2.1124837908104275,0,1
GAIL+TD3,291,6098,55,196.4138915318744,0,1
GAIL+TD3,291,6098,56,205.2086255259467,0,1
GAIL+TD3,291,6098,57,7.5294496747746,0,1
GAIL+TD3,291,6098,58,4.800799893835601,0,1
GAIL+TD3,291,6098,59,132.32904056664518,0,1
GAIL+TD3,291,6098,60,6.670277758456796,0,1
GAIL+TD3,291,6098,61,9.200479558183218,0,1
GAIL+TD3,291,6098,62,1.5487087510275546,0,1
GAIL+TD3,291,6098,63,57.0573724834885,0,1
GAIL+TD3,291,6098,64,136.95721117543417,0,1
GAIL+TD3,291,6098,65,3.0446923747017345,0,1
GAIL+TD3,291,6098,66,24.291022742385962,0,1
GAIL+TD3,291,6098,68,3.654128298713203,0,1
GAIL+TD3,291,6098,69,3.53889821018247,0,1
GAIL+TD3,291,6098,70,5.0120641303772695,0,1
GAIL+TD3,291,6098,71,5.906589925489672,0,1
GAIL+TD3,291,6098,72,2.6218636788048553,0,1
GAIL+TD3,291,6098,73,4.805589239557074,0,1
GAIL+TD3,291,6098,74,4.309310326387279,0,1
GAIL+TD3,291,6098,75,106.91760391198044,0,1
GAIL+TD3,291,6098,76,2.380004905024486,0,1
GAIL+TD3,291,6098,77,1.9435910334588913,0,1
GAIL+TD3,291,6098,78,1.6071728043768128,0,1
GAIL+TD3,291,6098,79,178.4625801853172,0,1
GAIL+TD3,291,6098,81,2.6837956219096055,0,1
GAIL+TD3,291,6098,82,149.08392857142857,0,1
GAIL+TD3,291,6098,83,6.885445134314825,0,1
GAIL+TD3,291,6098,84,4.059426382428299,0,1
GAIL+TD3,291,6098,85,2.285843783048799,0,1
GAIL+TD3,291,6098,86,1.9030499240489138,0,1
GAIL+TD3,291,6098,87,138.67866049162808,0,1
GAIL+TD3,291,6098,88,11.667256098720364,0,1
GAIL+TD3,291,6098,89,5.071289553674911,0,1
GAIL+TD3,291,6098,90,2.0959085474898975,0,1
GAIL+TD3,291,6098,91,119.44475138121547,0,1
GAIL+TD3,291,6098,92,9.637510061711833,0,1
GAIL+TD3,291,6098,93,4.453572701392496,0,1
GAIL+TD3,291,6098,94,1.7411941395324557,0,1
GAIL+TD3,291,6098,95,14.272174404978381,0,1
GAIL+TD3,291,6098,96,2.072695655977952,0,1
GAIL+TD3,291,6098,97,1.613801607816168,0,1
GAIL+TD3,291,6098,98,1.5165287353879604,0,1
GAIL+TD3,291,6099,5,4.4255360623781685,0,1
GAIL+TD3,291,6099,6,10.5879577198943,0,1
GAIL+TD3,291,6099,7,6.207221840444804,0,1
GAIL+TD3,291,6099,8,12.26056338028169,0,1
GAIL+TD3,291,6099,9,10.172014729089954,0,1
GAIL+TD3,291,6099,10,8.035211267605634,0,1
GAIL+TD3,291,6099,11,14.326318742985409,0,1
GAIL+TD3,291,6099,12,3.5950680675713578,0,1
GAIL+TD3,291,6099,13,10.503435589460585,0,1
GAIL+TD3,291,6099,14,9.711950970377938,0,1
GAIL+TD3,291,6099,15,15.645001791472591,0,1
GAIL+TD3,291,6099,16,5.882209818233862,0,1
GAIL+TD3,291,6099,17,9.537515683814302,0,1
GAIL+TD3,291,6099,18,10.223317112733168,0,1
GAIL+TD3,291,6099,20,43.54786714425269,0,1
GAIL+TD3,291,6099,21,5.7699915597203875,0,1
GAIL+TD3,291,6099,23,8.59800918836141,0,1
GAIL+TD3,291,6099,25,219.22786720321932,0,1
GAIL+TD3,291,6099,26,165.83130904183534,0,1
GAIL+TD3,291,6099,27,4.868794041923903,0,1
GAIL+TD3,291,6099,28,2.773312129535926,0,1
GAIL+TD3,291,6099,29,3.8318092562010637,0,1
GAIL+TD3,291,6099,30,215.09332425068118,0,1
GAIL+TD3,291,6099,31,6.438923297372192,0,1
GAIL+TD3,291,6099,32,2.923257835267652,0,1
GAIL+TD3,291,6099,33,226.76622889305818,0,1
GAIL+TD3,291,6099,34,149.99209860935525,0,1
GAIL+TD3,291,6099,35,4.580734159067799,0,1
GAIL+TD3,291,6099,36,3.291049639046828,0,1
GAIL+TD3,291,6099,37,2.5060959431422267,0,1
GAIL+TD3,291,6099,38,2.775611221811051,0,1
GAIL+TD3,291,6099,39,9.632845973762091,0,1
GAIL+TD3,291,6099,40,152.43929528916124,0,1
GAIL+TD3,291,6099,41,6.821141385787552,0,1
GAIL+TD3,291,6099,42,2.657916496698014,0,1
GAIL+TD3,291,6099,43,215.21833897031192,0,1
GAIL+TD3,291,6099,44,2.5125872939327367,0,1
GAIL+TD3,291,6099,45,5.3643706651012115,0,1
GAIL+TD3,291,6099,46,2.231678344205525,0,1
GAIL+TD3,291,6099,48,7.866467396906009,0,1
GAIL+TD3,291,6099,49,3.189749757751025,0,1
GAIL+TD3,291,6099,50,225.37804878048777,0,1
GAIL+TD3,291,6099,51,180.20355191256832,0,1
GAIL+TD3,291,6099,52,5.02373893115413,0,1
GAIL+TD3,291,6099,53,3.6742975132417635,0,1
GAIL+TD3,291,6099,54,4.372233530902633,0,1
GAIL+TD3,291,6099,55,4.803434583857011,0,1
GAIL+TD3,291,6099,56,40.859485381323154,0,1
GAIL+TD3,291,6099,57,3.007087125276531,0,1
GAIL+TD3,291,6099,58,2.2069665878091276,0,1
GAIL+TD3,291,6099,59,3.694907524289636,0,1
GAIL+TD3,291,6099,60,1.4777576656805358,0,1
GAIL+TD3,291,6099,61,162.0413839891452,0,1
GAIL+TD3,291,6099,62,2.369154580827733,0,1
GAIL+TD3,291,6099,63,1.406528176392875,0,1
GAIL+TD3,291,6099,65,3.16665008951661,0,1
GAIL+TD3,291,6099,66,123.29340141398272,0,1
GAIL+TD3,291,6099,67,187.45752427184465,0,1
GAIL+TD3,291,6099,68,7.683342638107817,0,1
GAIL+TD3,291,6099,69,5.274050031470215,0,1
GAIL+TD3,291,6099,70,1.6171078503063099,0,1
GAIL+TD3,291,6099,72,2.5883129945307544,0,1
GAIL+TD3,291,6099,73,148.08151997401754,0,1
GAIL+TD3,291,6099,74,131.21761194029853,0,1
GAIL+TD3,291,6099,75,158.83937984496123,0,1
GAIL+TD3,291,6099,76,3.187592588498021,0,1
GAIL+TD3,291,6099,77,1.0588514388948704,0,1
GAIL+TD3,291,6099,78,1.4232172865072226,0,1
GAIL+TD3,291,6099,79,10.032770501288727,0,1
GAIL+TD3,291,6099,80,2.683823815868415,0,1
GAIL+TD3,291,6099,81,220.51517939282428,0,1
GAIL+TD3,291,6099,82,12.528790374561343,0,1
GAIL+TD3,291,6099,83,25.74101046882112,0,1
GAIL+TD3,291,6099,84,19.531429095410573,0,1
GAIL+TD3,291,6099,85,5.017059194929893,0,1
GAIL+TD3,291,6099,86,5.891502594398974,0,1
GAIL+TD3,291,6099,87,3.8791859670438154,0,1
GAIL+TD3,291,6099,88,1.686018953483444,0,1
GAIL+TD3,291,6099,89,145.82855321861058,0,1
GAIL+TD3,291,6099,90,66.56628621597895,0,1
GAIL+TD3,291,6099,91,3.2366043458658065,0,1
GAIL+TD3,291,6099,92,2.5628004938630258,0,1
GAIL+TD3,291,6099,93,2.360465183289823,0,1
GAIL+TD3,291,6099,94,4.6980818143281065,0,1
GAIL+TD3,291,6099,95,1.7597658085126373,0,1
GAIL+TD3,291,6099,96,106.43155765340526,0,1
GAIL+TD3,291,6099,97,2.2003378484718126,0,1
GAIL+TD3,291,6099,98,119.8818244644091,0,1
