algorithm,seed,episode,day,dscr,dscr_below_1,iqr_retained
TD3,739,5794,5,3.0697285601888273,0,1
TD3,739,5794,8,7.8248939077896855,0,1
TD3,739,5794,9,13.312100248009399,0,1
TD3,739,5794,10,3.1635624344176283,0,1
TD3,739,5794,11,1.4667727773963337,0,1
TD3,739,5794,12,0.8808627734027606,1,1
TD3,739,5794,13,2.4671628559819743,0,1
TD3,739,5794,14,1.9383337233793587,0,1
TD3,739,5794,15,2.1041928556463443,0,1
TD3,739,5794,16,2.5836777162284945,0,1
TD3,739,5794,17,1.4801165294913103,0,1
TD3,739,5794,18,2.748568285501667,0,1
TD3,739,5794,19,1.0891123364688076,0,1
TD3,739,5794,20,2.301686820445077,0,1
TD3,739,5794,21,2.389432002211952,0,1
TD3,739,5794,22,2.1818834509991625,0,1
TD3,739,5794,23,2.3822395730381496,0,1
TD3,739,5794,24,2.306818657768719,0,1
TD3,739,5794,25,1.4973607091501484,0,1
TD3,739,5794,26,2.4881797419912353,0,1
TD3,739,5794,27,1.7021039844509231,0,1
TD3,739,5794,28,2.431431661041387,0,1
TD3,739,5794,29,2.839859913793104,0,1
TD3,739,5794,30,4.4184798567066,0,1
TD3,739,5794,31,3.037621818629997,0,1
TD3,739,5794,32,2.819186550567304,0,1
TD3,739,5794,33,1.6048151332760103,0,1
TD3,739,5794,34,2.1139345807147643,0,1
TD3,739,5794,35,1.9803665664188843,0,1
TD3,739,5794,36,4.467062562878943,0,1
TD3,739,5794,37,2.106469263679352,0,1
TD3,739,5794,39,1.4371929070569909,0,1
TD3,739,5794,40,2.998020620792973,0,1
TD3,739,5794,41,0.7880497301545816,1,1
TD3,739,5794,45,0.7821514976201119,1,1
TD3,739,5794,46,7.304046327517959,0,1
TD3,739,5794,47,2.901409222124852,0,1
TD3,739,5794,48,1.7860529078411718,0,1
TD3,739,5794,50,4.061435374671417,0,1
TD3,739,5794,51,1.9875571452438452,0,1
TD3,739,5794,52,0.9352035998397529,1,1
TD3,739,5794,54,1.3897109965223648,0,1
TD3,739,5794,55,0.6938431752660549,1,1
TD3,739,5794,58,1.1913504443107086,0,1
TD3,739,5794,60,3.2533752097405673,0,1
TD3,739,5794,61,2.2107417645847507,0,1
TD3,739,5794,62,1.8672546319080312,0,1
TD3,739,5794,63,1.3995323916569775,0,1
TD3,739,5794,65,1.7019605295045288,0,1
TD3,739,5794,67,0.9860366667693138,1,1
TD3,739,5794,69,0.7484118697092007,1,1
TD3,739,5794,71,19.79065926503647,0,1
TD3,739,5794,72,1.1832909619529528,0,1
TD3,739,5794,74,1.6948793966442977,0,1
TD3,739,5794,75,2.9130250584487927,0,1
TD3,739,5794,76,0.9854543478457762,1,1
TD3,739,5794,77,17.970498376933357,0,1
TD3,739,5794,78,1.0701815161544788,0,1
TD3,739,5794,79,13.727248506070872,0,1
TD3,739,5794,80,6.1453562731047535,0,1
TD3,739,5794,81,1.1940950244371442,0,1
TD3,739,5794,82,4.056188046852288,0,1
TD3,739,5794,83,0.9587853942741252,1,1
TD3,739,5794,84,3.326794756134234,0,1
TD3,739,5794,85,9.598217985909658,0,1
TD3,739,5794,86,3.9177382270288685,0,1
TD3,739,5794,87,1.585658234859675,0,1
TD3,739,5794,88,1.8361697353749076,0,1
TD3,739,5794,89,1.6373454177100877,0,1
TD3,739,5794,90,2.390776464708989,0,1
TD3,739,5794,92,0.924083994356439,1,1
TD3,739,5794,93,3.408983598409543,0,1
TD3,739,5794,94,1.3892841974120116,0,1
TD3,739,5794,95,17.972092383832827,0,1
TD3,739,5794,96,1.035615728650123,0,1
TD3,739,5794,97,10.613730805762229,0,1
TD3,739,5794,98,2.201443071337557,0,1
TD3,739,5795,5,2.501036422860527,0,1
TD3,739,5795,9,4.094815201776152,0,1
TD3,739,5795,10,2.7782711330935252,0,1
TD3,739,5795,11,3.40990290346908,0,1
TD3,739,5795,12,2.2363988753309854,0,1
TD3,739,5795,13,1.2086596308385908,0,1
TD3,739,5795,14,4.098269255607698,0,1
TD3,739,5795,15,2.000791901941881,0,1
TD3,739,5795,16,4.399269431728857,0,1
TD3,739,5795,17,1.6644994530505661,0,1
TD3,739,5795,18,3.94766069911588,0,1
TD3,739,5795,19,1.7517222300573896,0,1
TD3,739,5795,20,3.869696657036732,0,1
TD3,739,5795,21,3.27924825884631,0,1
TD3,739,5795,22,4.727174058989393,0,1
TD3,739,5795,23,2.0962438345769567,0,1
TD3,739,5795,24,2.8070785162068237,0,1
TD3,739,5795,25,2.6431050228310506,0,1
TD3,739,5795,26,3.2390848277956183,0,1
TD3,739,5795,27,3.018207309998066,0,1
TD3,739,5795,28,2.1185867958334184,0,1
TD3,739,5795,29,3.0978899976480867,0,1
TD3,739,5795,30,2.1621490775753407,0,1
TD3,739,5795,31,2.6155897716300003,0,1
TD3,739,5795,33,3.008159924141967,0,1
TD3,739,5795,34,1.3837652055084693,0,1
TD3,739,5795,36,1.5977816247370862,0,1
TD3,739,5795,38,4.365285916912396,0,1
TD3,739,5795,39,1.2954247606317286,0,1
TD3,739,5795,41,1.5882544658333009,0,1
TD3,739,5795,43,2.0471266471449487,0,1
TD3,739,5795,45,0.934931171623204,1,1
TD3,739,5795,48,1.1399275191340636,0,1
TD3,739,5795,51,1.1428813646937193,0,1
TD3,739,5795,53,1.1595359754332533,0,1
TD3,739,5795,54,3.955436117936118,0,1
TD3,739,5795,56,1.5454674973834612,0,1
TD3,739,5795,57,2.4491756697683136,0,1
TD3,739,5795,59,1.8514500006983468,0,1
TD3,739,5795,60,1.0908829129757145,0,1
TD3,739,5795,62,4.142378659163465,0,1
TD3,739,5795,63,4.51058851139611,0,1
TD3,739,5795,64,10.09254132616392,0,1
TD3,739,5795,65,1.290603385169019,0,1
TD3,739,5795,67,2.063863180376675,0,1
TD3,739,5795,69,2.1120277993025955,0,1
TD3,739,5795,70,0.9878264339096455,1,1
TD3,739,5795,73,1.5464860967072853,0,1
TD3,739,5795,75,0.639419584537799,1,1
TD3,739,5795,77,0.8135514533088922,1,1
TD3,739,5795,79,5.10284782225357,0,1
TD3,739,5795,80,1.2267036130963467,0,1
TD3,739,5795,81,3.552755430410298,0,1
TD3,739,5795,82,1.1515896330631865,0,1
TD3,739,5795,83,3.925933188090051,0,1
TD3,739,5795,84,4.102718756091688,0,1
TD3,739,5795,85,1.5548199239465281,0,1
TD3,739,5795,86,2.0318716311601643,0,1
TD3,739,5795,87,1.9135843743369834,0,1
TD3,739,5795,88,1.181295616352483,0,1
TD3,739,5795,89,1.16430652086146,0,1
TD3,739,5795,90,9.361054520760575,0,1
TD3,739,5795,91,13.73703811584554,0,1
TD3,739,5795,92,1.5544131644177959,0,1
TD3,739,5795,93,1.2735369636126574,0,1
TD3,739,5795,94,1.6737130882682283,0,1
TD3,739,5795,95,3.952858131319876,0,1
TD3,739,5795,96,1.0939692523654623,0,1
TD3,739,5795,97,5.2313866039953,0,1
TD3,739,5795,98,2.726187212171626,0,1
TD3,739,5798,5,3.851449980537174,0,1
TD3,739,5798,8,4.941172346094517,0,1
TD3,739,5798,9,2.6266750200132263,0,1
TD3,739,5798,11,1.1653002326048874,0,1
TD3,739,5798,12,1.5204085180356366,0,1
TD3,739,5798,13,3.077130153352894,0,1
TD3,739,5798,14,4.936266294227187,0,1
TD3,739,5798,15,2.3107744539107036,0,1
TD3,739,5798,16,1.9239293094847854,0,1
TD3,739,5798,17,1.0333012548117784,0,1
TD3,739,5798,18,1.7716918459567006,0,1
TD3,739,5798,19,2.109219486642221,0,1
TD3,739,5798,20,2.8439315194130237,0,1
TD3,739,5798,21,2.818059147644215,0,1
TD3,739,5798,22,2.497965125631374,0,1
TD3,739,5798,23,3.798248733220731,0,1
TD3,739,5798,24,1.3926891861964747,0,1
TD3,739,5798,25,1.5009588165464338,0,1
TD3,739,5798,26,2.5663133517413375,0,1
TD3,739,5798,27,2.132999192360682,0,1
TD3,739,5798,28,2.379068235810667,0,1
TD3,739,5798,29,3.5673817506342873,0,1
TD3,739,5798,30,4.233311690105822,0,1
TD3,739,5798,31,7.100418731840712,0,1
TD3,739,5798,32,1.9853339426559702,0,1
TD3,739,5798,33,1.3450875001915505,0,1
TD3,739,5798,34,2.0288609394048924,0,1
TD3,739,5798,35,9.123028283927114,0,1
TD3,739,5798,36,1.5676627852425693,0,1
TD3,739,5798,37,3.551920915253536,0,1
TD3,739,5798,39,1.7470003314550877,0,1
TD3,739,5798,40,10.269307036247335,0,1
TD3,739,5798,41,1.0114747488981264,0,1
TD3,739,5798,42,1.0130597327232653,0,1
TD3,739,5798,45,0.9921706497588468,1,1
TD3,739,5798,47,1.7286765341359578,0,1
TD3,739,5798,48,0.9605912912325785,1,1
TD3,739,5798,51,1.9314089693898364,0,1
TD3,739,5798,52,1.3447907933846506,0,1
TD3,739,5798,53,6.428713573581859,0,1
TD3,739,5798,54,2.0157118470871063,0,1
TD3,739,5798,55,1.7212619751096785,0,1
TD3,739,5798,57,0.6123152709359606,1,1
TD3,739,5798,59,1.9750585291530927,0,1
TD3,739,5798,60,0.8155165216274366,1,1
TD3,739,5798,61,14.196238874533448,0,1
TD3,739,5798,62,1.213295157560582,0,1
TD3,739,5798,63,3.290047521416424,0,1
TD3,739,5798,64,2.3962097242244393,0,1
TD3,739,5798,65,3.2262555760495975,0,1
TD3,739,5798,66,3.823025143772642,0,1
TD3,739,5798,67,1.6042399294626655,0,1
TD3,739,5798,68,2.052949080622348,0,1
TD3,739,5798,69,1.9127932911053616,0,1
TD3,739,5798,70,0.9581636882268328,1,1
TD3,739,5798,71,15.931675295857987,0,1
TD3,739,5798,72,7.08558677350644,0,1
TD3,739,5798,73,0.962001638606492,1,1
TD3,739,5798,74,15.219254519752994,0,1
TD3,739,5798,75,1.654399959863536,0,1
TD3,739,5798,76,1.0703521801629132,0,1
TD3,739,5798,77,8.395811961999911,0,1
TD3,739,5798,78,2.243633815879673,0,1
TD3,739,5798,79,1.0998513250005604,0,1
TD3,739,5798,80,6.685134307301045,0,1
TD3,739,5798,81,2.4695211404737942,0,1
TD3,739,5798,82,1.5657344595486342,0,1
TD3,739,5798,83,1.9292142873634874,0,1
TD3,739,5798,84,2.908037672167261,0,1
TD3,739,5798,85,2.1650657445355184,0,1
TD3,739,5798,86,5.881781090277062,0,1
TD3,739,5798,87,1.2632805892807002,0,1
TD3,739,5798,88,16.116036786894668,0,1
TD3,739,5798,89,1.0959753090095323,0,1
TD3,739,5798,91,8.200070841334055,0,1
TD3,739,5798,92,0.8845285004238215,1,1
TD3,739,5798,94,1.3635059493003698,0,1
TD3,739,5798,95,7.951580061899332,0,1
TD3,739,5798,96,3.0620599803343156,0,1
TD3,739,5798,97,1.7501220160696982,0,1
TD3,739,5798,98,1.341857897673458,0,1
TD3,739,5805,5,2.117929668152551,0,1
TD3,739,5805,9,8.705597964376588,0,1
TD3,739,5805,10,3.4180532267079413,0,1
TD3,739,5805,11,2.262258655376393,0,1
TD3,739,5805,12,5.10539187478421,0,1
TD3,739,5805,13,2.1289588988903176,0,1
TD3,739,5805,14,3.968839983545866,0,1
TD3,739,5805,15,4.95633133133133,0,1
TD3,739,5805,16,2.3604820889168203,0,1
TD3,739,5805,17,2.347550640760645,0,1
TD3,739,5805,18,2.6464602266352517,0,1
TD3,739,5805,19,3.3094264611674267,0,1
TD3,739,5805,20,2.4337047605521054,0,1
TD3,739,5805,21,2.3812798702776505,0,1
TD3,739,5805,22,1.8053065937791337,0,1
TD3,739,5805,23,2.348649848086574,0,1
TD3,739,5805,24,1.472768411889399,0,1
TD3,739,5805,25,1.6433300786122058,0,1
TD3,739,5805,26,2.001258863426164,0,1
TD3,739,5805,27,3.6921065658040026,0,1
TD3,739,5805,28,1.741118697511211,0,1
TD3,739,5805,29,3.660809005914902,0,1
TD3,739,5805,30,1.9303668951604873,0,1
TD3,739,5805,31,1.7697952595737154,0,1
TD3,739,5805,32,1.4875298410928937,0,1
TD3,739,5805,33,8.437261615160526,0,1
TD3,739,5805,34,1.7288404904106,0,1
TD3,739,5805,35,4.787710434884776,0,1
TD3,739,5805,36,0.8578626900499506,1,1
TD3,739,5805,38,1.7255363480013923,0,1
TD3,739,5805,39,1.9035021939380425,0,1
TD3,739,5805,40,5.9459809357957925,0,1
TD3,739,5805,41,1.879523706879961,0,1
TD3,739,5805,42,1.1149924255175896,0,1
TD3,739,5805,43,17.381089084975223,0,1
TD3,739,5805,44,1.8418980114195709,0,1
TD3,739,5805,46,1.22116411689563,0,1
TD3,739,5805,48,1.8858311976855082,0,1
TD3,739,5805,49,1.1769425786812717,0,1
TD3,739,5805,51,0.890755501280775,1,1
TD3,739,5805,52,11.674224391018011,0,1
TD3,739,5805,53,6.467731936725095,0,1
TD3,739,5805,54,1.2194667510581905,0,1
TD3,739,5805,55,1.2063299308333497,0,1
TD3,739,5805,56,0.7901466530858459,1,1
TD3,739,5805,57,1.0204173477622134,0,1
TD3,739,5805,58,6.571367521367522,0,1
TD3,739,5805,59,2.958525321656283,0,1
TD3,739,5805,60,1.603907285123457,0,1
TD3,739,5805,61,2.8478107607936716,0,1
TD3,739,5805,62,2.0860922592160063,0,1
TD3,739,5805,63,1.80268930973898,0,1
TD3,739,5805,64,1.6758129359092797,0,1
TD3,739,5805,65,2.7306714248432655,0,1
TD3,739,5805,66,1.1702775814884154,0,1
TD3,739,5805,67,7.3447111174652,0,1
TD3,739,5805,68,2.2396917502494356,0,1
TD3,739,5805,69,3.6946263291660393,0,1
TD3,739,5805,70,1.099262368052906,0,1
TD3,739,5805,71,2.1177423504252895,0,1
TD3,739,5805,72,1.8059731808965571,0,1
TD3,739,5805,73,5.458287547800097,0,1
TD3,739,5805,74,2.5695646054625083,0,1
TD3,739,5805,75,2.037681614071693,0,1
TD3,739,5805,76,1.6160808745738806,0,1
TD3,739,5805,77,2.7323095494170877,0,1
TD3,739,5805,78,1.7960420900760927,0,1
TD3,739,5805,79,1.2980480458440609,0,1
TD3,739,5805,80,7.477204819953148,0,1
TD3,739,5805,81,1.2015961108813573,0,1
TD3,739,5805,83,7.559294892081777,0,1
TD3,739,5805,84,2.9918456760553522,0,1
TD3,739,5805,85,1.2066020148588956,0,1
TD3,739,5805,86,0.5707482403787836,1,1
TD3,739,5805,88,4.15922916987525,0,1
TD3,739,5805,90,0.9819858857162425,1,1
TD3,739,5805,91,0.6620763602189288,1,1
TD3,739,5805,92,2.090122581436889,0,1
TD3,739,5805,93,1.6466599679671212,0,1
TD3,739,5805,94,1.2550465698753852,0,1
TD3,739,5805,95,0.8043120350562665,1,1
TD3,739,5805,96,1.083725829379828,0,1
TD3,739,5805,97,1.1818519619500596,0,1
TD3,739,5805,98,0.3420398799622449,1,1
TD3,739,5806,5,4.08728216173879,0,1
TD3,739,5806,8,13.8215859030837,0,1
TD3,739,5806,9,5.182424087560155,0,1
TD3,739,5806,10,2.945496796000281,0,1
TD3,739,5806,11,1.8128727164791278,0,1
TD3,739,5806,12,4.007249950680607,0,1
TD3,739,5806,13,3.6378016085790885,0,1
TD3,739,5806,14,2.6214956961225613,0,1
TD3,739,5806,15,2.411945572611918,0,1
TD3,739,5806,16,1.4175755079031245,0,1
TD3,739,5806,17,1.3435390549662487,0,1
TD3,739,5806,18,2.8900582597256155,0,1
TD3,739,5806,19,3.15156175315364,0,1
TD3,739,5806,20,2.1876344459093744,0,1
TD3,739,5806,21,3.0074124498903263,0,1
TD3,739,5806,22,2.40584397033448,0,1
TD3,739,5806,23,1.7188345425980613,0,1
TD3,739,5806,24,2.886203754714583,0,1
TD3,739,5806,25,7.5905044132984,0,1
TD3,739,5806,26,2.7756553797923895,0,1
TD3,739,5806,27,3.542913549459684,0,1
TD3,739,5806,28,2.340883691931253,0,1
TD3,739,5806,29,1.6719449995677667,0,1
TD3,739,5806,30,3.773022038405718,0,1
TD3,739,5806,31,2.1953121865956042,0,1
TD3,739,5806,33,1.394440532212572,0,1
TD3,739,5806,35,1.1522001049922976,0,1
TD3,739,5806,37,3.5282638620675995,0,1
TD3,739,5806,39,1.8189873443906148,0,1
TD3,739,5806,40,12.011287677167793,0,1
TD3,739,5806,41,1.8083442586907488,0,1
TD3,739,5806,42,2.5711574141084523,0,1
TD3,739,5806,44,1.0705173744909366,0,1
TD3,739,5806,45,2.010256655635681,0,1
TD3,739,5806,46,1.169757448889525,0,1
TD3,739,5806,50,1.325481137142504,0,1
TD3,739,5806,51,1.015099053938599,0,1
TD3,739,5806,54,16.230614435202575,0,1
TD3,739,5806,55,0.6953297531899231,1,1
TD3,739,5806,57,1.9379383809316248,0,1
TD3,739,5806,59,19.274884526558893,0,1
TD3,739,5806,60,1.703509416293538,0,1
TD3,739,5806,61,2.8117008530780865,0,1
TD3,739,5806,62,0.9292042402037236,1,1
TD3,739,5806,64,7.44441224065889,0,1
TD3,739,5806,65,0.7811677253541728,1,1
TD3,739,5806,67,4.943527771322334,0,1
TD3,739,5806,68,1.8510099540136216,0,1
TD3,739,5806,69,11.762096983541872,0,1
TD3,739,5806,70,1.4957991060334233,0,1
TD3,739,5806,71,1.7247981336946592,0,1
TD3,739,5806,72,6.049401890652768,0,1
TD3,739,5806,73,2.47793173752171,0,1
TD3,739,5806,74,1.024719821628456,0,1
TD3,739,5806,76,0.9030200673820596,1,1
TD3,739,5806,79,1.2111869577176007,0,1
TD3,739,5806,80,17.173742425348618,0,1
TD3,739,5806,81,0.947894818227595,1,1
TD3,739,5806,82,0.8208392629928382,1,1
TD3,739,5806,83,18.113013122476445,0,1
TD3,739,5806,85,1.311249002263359,0,1
TD3,739,5806,86,15.125956457408579,0,1
TD3,739,5806,87,3.2511319615636167,0,1
TD3,739,5806,88,1.5725784369148148,0,1
TD3,739,5806,89,0.8620543856740175,1,1
TD3,739,5806,90,0.6912892088405638,1,1
TD3,739,5806,91,15.705840791333019,0,1
TD3,739,5806,92,1.6372461263040925,0,1
TD3,739,5806,93,2.229775858523545,0,1
TD3,739,5806,94,1.4634045619802587,0,1
TD3,739,5806,95,2.8976067463570563,0,1
TD3,739,5806,96,2.630302867935649,0,1
TD3,739,5806,97,3.8678474921339996,0,1
TD3,739,5806,98,2.8720135525711736,0,1
TD3,739,5807,5,2.750836614173229,0,1
TD3,739,5807,7,12.908157963107303,0,1
TD3,739,5807,8,9.084234295880663,0,1
TD3,739,5807,9,6.522189104156317,0,1
TD3,739,5807,10,4.459347587719298,0,1
TD3,739,5807,11,3.4927870502390337,0,1
TD3,739,5807,12,1.3110286859501659,0,1
TD3,739,5807,13,2.449776523171019,0,1
TD3,739,5807,14,4.120365576838836,0,1
TD3,739,5807,15,2.3287443335343117,0,1
TD3,739,5807,16,3.698944837718712,0,1
TD3,739,5807,17,2.812822429906542,0,1
TD3,739,5807,18,1.5322034513199425,0,1
TD3,739,5807,19,2.1926143332749253,0,1
TD3,739,5807,20,1.961321335950597,0,1
TD3,739,5807,21,3.076726616777696,0,1
TD3,739,5807,22,2.161446917066042,0,1
TD3,739,5807,23,2.7274312139215433,0,1
TD3,739,5807,24,3.1849573731937313,0,1
TD3,739,5807,25,3.043575480475824,0,1
TD3,739,5807,26,2.1648862242812372,0,1
TD3,739,5807,27,4.693866461685266,0,1
TD3,739,5807,28,1.5890133404027684,0,1
TD3,739,5807,29,2.8127068950766376,0,1
TD3,739,5807,30,2.529650928027402,0,1
TD3,739,5807,31,5.033486448076337,0,1
TD3,739,5807,32,1.1609349468513255,0,1
TD3,739,5807,34,1.0058083352711678,0,1
TD3,739,5807,36,1.8623034213833989,0,1
TD3,739,5807,38,1.3929236595410055,0,1
TD3,739,5807,40,3.5344491451075197,0,1
TD3,739,5807,41,2.508897066649201,0,1
TD3,739,5807,42,1.1148049798918587,0,1
TD3,739,5807,44,4.383677140490734,0,1
TD3,739,5807,46,0.7589003781810499,1,1
TD3,739,5807,47,1.5812973824983787,0,1
TD3,739,5807,48,5.57332724783204,0,1
TD3,739,5807,49,4.56631340259239,0,1
TD3,739,5807,50,17.279413106973344,0,1
TD3,739,5807,51,1.1604107044709362,0,1
TD3,739,5807,52,1.6164369936342593,0,1
TD3,739,5807,53,1.1905096362757865,0,1
TD3,739,5807,55,1.237066457392236,0,1
TD3,739,5807,57,3.1562222825595074,0,1
TD3,739,5807,58,1.511555086529903,0,1
TD3,739,5807,59,1.8253348081825649,0,1
TD3,739,5807,60,17.74193152835001,0,1
TD3,739,5807,61,0.854187741150004,1,1
TD3,739,5807,63,0.7770603135961577,1,1
TD3,739,5807,64,3.4848166539343013,0,1
TD3,739,5807,65,2.1236358773181165,0,1
TD3,739,5807,66,7.037059574050448,0,1
TD3,739,5807,67,2.1844479124385905,0,1
TD3,739,5807,68,1.6078758036849183,0,1
TD3,739,5807,69,1.8093365829181751,0,1
TD3,739,5807,70,1.7247624787495948,0,1
TD3,739,5807,71,0.7690169579506804,1,1
TD3,739,5807,72,18.4822974472808,0,1
TD3,739,5807,73,0.7845828523417668,1,1
TD3,739,5807,74,3.6717966835213844,0,1
TD3,739,5807,75,1.2103017968561711,0,1
TD3,739,5807,76,1.760037037702943,0,1
TD3,739,5807,77,2.917463225389299,0,1
TD3,739,5807,78,2.535744073156243,0,1
TD3,739,5807,79,2.8465365216662075,0,1
TD3,739,5807,80,4.621227471472752,0,1
TD3,739,5807,81,5.523020277405682,0,1
TD3,739,5807,82,2.380783637532222,0,1
TD3,739,5807,83,1.2650976831311365,0,1
TD3,739,5807,84,1.8864012986573775,0,1
TD3,739,5807,85,0.9564278309979982,1,1
TD3,739,5807,86,1.4643568140916403,0,1
TD3,739,5807,88,9.961276985884309,0,1
TD3,739,5807,89,1.8538309301668079,0,1
TD3,739,5807,90,1.3502178289712532,0,1
TD3,739,5807,91,0.7736170849602827,1,1
TD3,739,5807,92,0.46486326035101183,1,1
TD3,739,5809,5,3.8339709633117525,0,1
TD3,739,5809,7,7.603044807871292,0,1
TD3,739,5809,8,6.888585441979712,0,1
TD3,739,5809,9,5.148850039406749,0,1
TD3,739,5809,10,1.9465260419323576,0,1
TD3,739,5809,11,2.206315910462343,0,1
TD3,739,5809,12,1.2070417342574842,0,1
TD3,739,5809,13,3.73998696785404,0,1
TD3,739,5809,14,5.049093490607252,0,1
TD3,739,5809,15,3.5112280575280246,0,1
TD3,739,5809,16,3.0116703035660026,0,1
TD3,739,5809,17,1.6761852205712782,0,1
TD3,739,5809,18,1.628809285469912,0,1
TD3,739,5809,19,2.0966869332234133,0,1
TD3,739,5809,20,3.6126143634515335,0,1
TD3,739,5809,21,3.132982679842738,0,1
TD3,739,5809,22,2.1143714136671883,0,1
TD3,739,5809,23,1.539409369625001,0,1
TD3,739,5809,24,1.1666862657190527,0,1
TD3,739,5809,25,1.8463538134635382,0,1
TD3,739,5809,26,1.4040204574513429,0,1
TD3,739,5809,27,1.8945040716358303,0,1
TD3,739,5809,28,2.8784284526942794,0,1
TD3,739,5809,29,4.601135126452372,0,1
TD3,739,5809,30,7.615954868536283,0,1
TD3,739,5809,31,2.0619378465703186,0,1
TD3,739,5809,32,7.284034880798158,0,1
TD3,739,5809,33,2.089572564666583,0,1
TD3,739,5809,34,1.5760916068956836,0,1
TD3,739,5809,35,1.4672197364068458,0,1
TD3,739,5809,37,2.008462552702953,0,1
TD3,739,5809,39,1.5346142548946127,0,1
TD3,739,5809,40,1.82788004994657,0,1
TD3,739,5809,41,4.329989487718578,0,1
TD3,739,5809,42,4.629965284998961,0,1
TD3,739,5809,43,1.6385493261939954,0,1
TD3,739,5809,45,1.2443828603870175,0,1
TD3,739,5809,47,0.7774870921750202,1,1
TD3,739,5809,49,5.690294871332154,0,1
TD3,739,5809,51,2.064701821442252,0,1
TD3,739,5809,52,3.272769687544183,0,1
TD3,739,5809,53,1.5769427460055168,0,1
TD3,739,5809,54,4.48014576374127,0,1
TD3,739,5809,55,1.6960873079404064,0,1
TD3,739,5809,56,1.5850249608314435,0,1
TD3,739,5809,57,0.6908701660042711,1,1
TD3,739,5809,59,3.3055979688942543,0,1
TD3,739,5809,60,1.1720137440176708,0,1
TD3,739,5809,61,8.27895362281603,0,1
TD3,739,5809,62,3.550226123280341,0,1
TD3,739,5809,63,2.283130079922992,0,1
TD3,739,5809,64,3.453987554946623,0,1
TD3,739,5809,65,2.185517034276924,0,1
TD3,739,5809,66,1.4864486401843087,0,1
TD3,739,5809,67,1.693853178341962,0,1
TD3,739,5809,69,1.163835614697322,0,1
TD3,739,5809,71,1.221085393774487,0,1
TD3,739,5809,72,0.805454710389757,1,1
TD3,739,5809,75,2.1294717609023035,0,1
TD3,739,5809,76,5.3713823580382405,0,1
TD3,739,5809,77,1.22657088606991,0,1
TD3,739,5809,78,2.9133104936670047,0,1
TD3,739,5809,79,1.0664604005904321,0,1
TD3,739,5809,81,3.0993518749946136,0,1
TD3,739,5809,82,1.0141382661357752,0,1
TD3,739,5809,83,1.1591127528899827,0,1
TD3,739,5809,84,11.57154481922328,0,1
TD3,739,5809,85,1.5898831171180952,0,1
TD3,739,5809,86,11.288824730428123,0,1
TD3,739,5809,87,1.6497083173228069,0,1
TD3,739,5809,88,1.1596795171584193,0,1
TD3,739,5809,89,1.4424429890903394,0,1
TD3,739,5809,90,17.72906464856309,0,1
TD3,739,5809,91,1.7259927066450564,0,1
TD3,739,5809,92,1.4476267140206804,0,1
TD3,739,5809,93,1.0727174757524873,0,1
TD3,739,5809,94,1.61761161036624,0,1
TD3,739,5809,95,2.0224610651411106,0,1
TD3,739,5809,96,2.733936903742025,0,1
TD3,739,5809,97,1.4137137513070885,0,1
TD3,739,5809,98,2.4055939982759016,0,1
TD3,739,5810,5,2.8585581167238843,0,1
TD3,739,5810,7,10.60878775454421,0,1
TD3,739,5810,8,8.397170776048174,0,1
TD3,739,5810,9,5.453064026593439,0,1
TD3,739,5810,10,4.392024844720496,0,1
TD3,739,5810,12,0.9168879813594568,1,1
TD3,739,5810,13,2.0403076730269136,0,1
TD3,739,5810,14,2.602493925395851,0,1
TD3,739,5810,15,2.9330651609034573,0,1
TD3,739,5810,16,2.553389274246483,0,1
TD3,739,5810,17,2.87156472927143,0,1
TD3,739,5810,18,2.4029442398814673,0,1
TD3,739,5810,19,2.9399541500117565,0,1
TD3,739,5810,20,1.9226295009278982,0,1
TD3,739,5810,21,1.9785498310310068,0,1
TD3,739,5810,22,2.904945117121195,0,1
TD3,739,5810,23,2.5493986083499003,0,1
TD3,739,5810,24,3.4030570408952845,0,1
TD3,739,5810,25,4.82279570875621,0,1
TD3,739,5810,26,2.7257687535059243,0,1
TD3,739,5810,27,3.034556998692565,0,1
TD3,739,5810,28,1.947746075085324,0,1
TD3,739,5810,29,2.36532895201299,0,1
TD3,739,5810,30,2.291871351330794,0,1
TD3,739,5810,32,1.3899733454880552,0,1
TD3,739,5810,34,1.869980457668789,0,1
TD3,739,5810,35,3.92854730097849,0,1
TD3,739,5810,36,1.7377240036694934,0,1
TD3,739,5810,38,2.4331053632197635,0,1
TD3,739,5810,39,3.8686253442692413,0,1
TD3,739,5810,41,2.4354842220142463,0,1
TD3,739,5810,43,0.9578049294964399,1,1
TD3,739,5810,44,0.8198664942548292,1,1
TD3,739,5810,46,1.0728699034144933,0,1
TD3,739,5810,49,1.415161991915793,0,1
TD3,739,5810,50,1.5546289903576112,0,1
TD3,739,5810,51,9.012738207008551,0,1
TD3,739,5810,52,0.882115562698911,1,1
TD3,739,5810,55,1.4266892756353444,0,1
TD3,739,5810,58,4.455433794228558,0,1
TD3,739,5810,59,1.52403606158024,0,1
TD3,739,5810,60,1.3937301094721828,0,1
TD3,739,5810,63,1.0944016001633172,0,1
TD3,739,5810,65,0.7729703168507835,1,1
TD3,739,5810,69,1.235082226507486,0,1
TD3,739,5810,70,0.7960395332983872,1,1
TD3,739,5810,71,0.605190891421031,1,1
TD3,739,5810,72,3.3094843727495316,0,1
TD3,739,5810,73,1.6547868806601627,0,1
TD3,739,5810,74,17.19794188861985,0,1
TD3,739,5810,75,1.1943192458652123,0,1
TD3,739,5810,76,1.6926400077883514,0,1
TD3,739,5810,77,19.910178620125443,0,1
TD3,739,5810,78,6.5626583736466255,0,1
TD3,739,5810,79,2.935308356755007,0,1
TD3,739,5810,80,1.2867885655421067,0,1
TD3,739,5810,81,2.765574943766614,0,1
TD3,739,5810,82,1.1210451934729118,0,1
TD3,739,5810,83,10.296600422606788,0,1
TD3,739,5810,84,1.3754593445499017,0,1
TD3,739,5810,86,1.1564876774119834,0,1
TD3,739,5810,88,1.1039907935501574,0,1
TD3,739,5810,90,1.0476043601383052,0,1
TD3,739,5810,91,10.186330314790856,0,1
TD3,739,5810,92,1.3551989075625785,0,1
TD3,739,5810,94,1.4676143763621454,0,1
TD3,739,5810,96,1.4726893767468527,0,1
TD3,739,5810,97,1.1289749148715118,0,1
TD3,739,5810,98,14.376443690189978,0,1
TD3,739,5813,5,2.17772934416485,0,1
TD3,739,5813,9,7.7399585384814715,0,1
TD3,739,5813,10,3.1742810611580166,0,1
TD3,739,5813,11,4.401635645798082,0,1
TD3,739,5813,12,4.783989021043001,0,1
TD3,739,5813,13,2.0862810645520744,0,1
TD3,739,5813,14,1.9934831373762374,0,1
TD3,739,5813,15,3.7344012911644517,0,1
TD3,739,5813,16,1.8697557858583438,0,1
TD3,739,5813,17,2.189551055839671,0,1
TD3,739,5813,18,2.0533862892734653,0,1
TD3,739,5813,19,3.3755909917470976,0,1
TD3,739,5813,20,2.581717368199411,0,1
TD3,739,5813,21,2.6240336843720624,0,1
TD3,739,5813,22,1.799950246945041,0,1
TD3,739,5813,23,1.5713284185389258,0,1
TD3,739,5813,24,2.0940528906132188,0,1
TD3,739,5813,25,1.047905260227427,0,1
TD3,739,5813,26,3.0700070676635787,0,1
TD3,739,5813,27,1.6935108479503485,0,1
TD3,739,5813,28,3.5171670378619155,0,1
TD3,739,5813,29,3.3204576831775605,0,1
TD3,739,5813,30,4.81159967238915,0,1
TD3,739,5813,31,2.499388285670592,0,1
TD3,739,5813,32,2.1160519465940744,0,1
TD3,739,5813,33,3.3070599261821036,0,1
TD3,739,5813,34,1.2875027151800447,0,1
TD3,739,5813,35,11.215542141904901,0,1
TD3,739,5813,36,1.832574853330072,0,1
TD3,739,5813,38,1.0426636817381092,0,1
TD3,739,5813,40,2.876912912057479,0,1
TD3,739,5813,41,1.7660397741033913,0,1
TD3,739,5813,43,1.2312835421823927,0,1
TD3,739,5813,44,2.053871574398061,0,1
TD3,739,5813,46,1.1885542006875804,0,1
TD3,739,5813,47,1.76770522198971,0,1
TD3,739,5813,49,1.332656038345316,0,1
TD3,739,5813,52,1.6771756259432593,0,1
TD3,739,5813,53,2.2552243725573295,0,1
TD3,739,5813,54,0.9102427564329754,1,1
TD3,739,5813,56,16.588163699984783,0,1
TD3,739,5813,58,1.3202906342245257,0,1
TD3,739,5813,59,1.7663200221852466,0,1
TD3,739,5813,60,2.5262662090494237,0,1
TD3,739,5813,62,9.95081192361826,0,1
TD3,739,5813,63,0.9610249212345643,1,1
TD3,739,5813,65,0.7767762921527529,1,1
TD3,739,5813,68,1.2385322924059616,0,1
TD3,739,5813,69,14.631887507714005,0,1
TD3,739,5813,70,1.6270210267760743,0,1
TD3,739,5813,71,1.9666577982736193,0,1
TD3,739,5813,72,1.003347130665849,0,1
TD3,739,5813,74,1.0102881016456324,0,1
TD3,739,5813,77,2.3886656089564924,0,1
TD3,739,5813,78,1.3298636886456152,0,1
TD3,739,5813,79,1.1636941313875646,0,1
TD3,739,5813,80,2.124747819271688,0,1
TD3,739,5813,81,0.6243077866257509,1,1
TD3,739,5813,83,3.5004088663094164,0,1
TD3,739,5813,84,2.421582420770179,0,1
TD3,739,5813,85,1.6805058091877831,0,1
TD3,739,5813,86,2.242678738409641,0,1
TD3,739,5813,87,9.477815307552676,0,1
TD3,739,5813,88,3.2858041782028695,0,1
TD3,739,5813,89,1.3874682038296562,0,1
TD3,739,5813,90,1.7308961222588797,0,1
TD3,739,5813,91,0.9613923761437498,1,1
TD3,739,5813,92,7.102853811559602,0,1
TD3,739,5813,93,10.204923442449843,0,1
TD3,739,5813,94,1.4711185075005169,0,1
TD3,739,5813,95,1.4606043966499127,0,1
TD3,739,5813,96,2.110150903268611,0,1
TD3,739,5813,97,2.9100046855964767,0,1
TD3,739,5813,98,12.38077672814515,0,1
TD3,739,5814,5,1.770831269196473,0,1
TD3,739,5814,9,6.903492884864166,0,1
TD3,739,5814,10,9.449669707455174,0,1
TD3,739,5814,11,5.04563156734514,0,1
TD3,739,5814,12,3.2839174267882867,0,1
TD3,739,5814,13,1.2163917928382602,0,1
TD3,739,5814,14,2.522620340209917,0,1
TD3,739,5814,15,3.4107538579314234,0,1
TD3,739,5814,16,2.985242140509704,0,1
TD3,739,5814,17,2.641123261779397,0,1
TD3,739,5814,18,2.3043990929705216,0,1
TD3,739,5814,19,2.0894381415451106,0,1
TD3,739,5814,20,2.0233890403381927,0,1
TD3,739,5814,21,1.932516015020985,0,1
TD3,739,5814,22,1.810052646335005,0,1
TD3,739,5814,23,2.9968907661621493,0,1
TD3,739,5814,24,1.542956829556089,0,1
TD3,739,5814,25,5.722814033812034,0,1
TD3,739,5814,26,2.4518470153938883,0,1
TD3,739,5814,27,2.701109258405175,0,1
TD3,739,5814,28,3.0204242595470174,0,1
TD3,739,5814,29,1.890666497309531,0,1
TD3,739,5814,30,3.4748586239396793,0,1
TD3,739,5814,31,2.431591861926733,0,1
TD3,739,5814,32,2.8492868552454502,0,1
TD3,739,5814,33,2.5748611861824977,0,1
TD3,739,5814,34,1.6271973756698552,0,1
TD3,739,5814,35,1.2073811980932725,0,1
TD3,739,5814,37,1.0548863466856375,0,1
TD3,739,5814,40,3.9177688205903354,0,1
TD3,739,5814,41,1.2948875357585807,0,1
TD3,739,5814,42,1.2678531538710311,0,1
TD3,739,5814,43,8.824176510251482,0,1
TD3,739,5814,44,1.1943590286181591,0,1
TD3,739,5814,47,1.4387262909083922,0,1
TD3,739,5814,48,2.220539822589061,0,1
TD3,739,5814,49,1.103873093787056,0,1
TD3,739,5814,51,3.0083683385392352,0,1
TD3,739,5814,53,0.9445135578144596,1,1
TD3,739,5814,54,2.4269702809615583,0,1
TD3,739,5814,55,0.8869005282274507,1,1
TD3,739,5814,58,4.092171492864333,0,1
TD3,739,5814,59,1.1035407918686586,0,1
TD3,739,5814,60,1.5351251633400806,0,1
TD3,739,5814,61,0.7528523769399592,1,1
TD3,739,5814,62,5.881895714131492,0,1
TD3,739,5814,64,1.1405201861657575,0,1
TD3,739,5814,65,3.605514739320688,0,1
TD3,739,5814,66,1.4034053842473797,0,1
TD3,739,5814,67,1.1744207634925095,0,1
TD3,739,5814,68,1.3556115107913667,0,1
TD3,739,5814,69,17.878504060780713,0,1
TD3,739,5814,70,1.405971497051807,0,1
TD3,739,5814,72,3.6595681617233344,0,1
TD3,739,5814,73,1.4904146704457546,0,1
TD3,739,5814,74,1.9916517288418394,0,1
TD3,739,5814,75,1.0248846068807365,0,1
TD3,739,5814,76,3.0645491903288464,0,1
TD3,739,5814,77,11.114581715386286,0,1
TD3,739,5814,78,1.3045129539825362,0,1
TD3,739,5814,79,5.875094574146129,0,1
TD3,739,5814,80,1.432447536240552,0,1
TD3,739,5814,81,6.524954753821156,0,1
TD3,739,5814,82,3.483585496095545,0,1
TD3,739,5814,83,6.373836457894661,0,1
TD3,739,5814,84,1.5446097232185094,0,1
TD3,739,5814,85,1.1479054976863647,0,1
TD3,739,5814,87,4.850700225247282,0,1
TD3,739,5814,88,17.52996474735605,0,1
TD3,739,5814,89,1.346163228324505,0,1
TD3,739,5814,90,1.3783233918073576,0,1
TD3,739,5814,91,19.152513855898654,0,1
TD3,739,5814,93,8.51813509643053,0,1
TD3,739,5814,94,1.0115299329852698,0,1
TD3,739,5814,95,0.7602561973746861,1,1
TD3,739,5815,5,2.0124900872323557,0,1
TD3,739,5815,9,9.400829255029906,0,1
TD3,739,5815,10,3.3465819476364294,0,1
TD3,739,5815,11,5.317544406357119,0,1
TD3,739,5815,12,1.414775847864891,0,1
TD3,739,5815,13,4.0736076311046645,0,1
TD3,739,5815,14,2.7501447861736823,0,1
TD3,739,5815,15,3.378822197055493,0,1
TD3,739,5815,16,3.8322075952856856,0,1
TD3,739,5815,17,2.539919751064527,0,1
TD3,739,5815,18,3.544481393507522,0,1
TD3,739,5815,19,1.4108753123528774,0,1
TD3,739,5815,20,2.2726084548004017,0,1
TD3,739,5815,21,1.7004632040868342,0,1
TD3,739,5815,22,2.6215236867260967,0,1
TD3,739,5815,23,2.8979311363972213,0,1
TD3,739,5815,24,5.896626863921515,0,1
TD3,739,5815,25,6.921884050975092,0,1
TD3,739,5815,26,3.5128142081670486,0,1
TD3,739,5815,27,1.4944548518345486,0,1
TD3,739,5815,28,2.3162770802142947,0,1
TD3,739,5815,29,2.1372471941412803,0,1
TD3,739,5815,31,1.5584697391386388,0,1
TD3,739,5815,33,0.8527680302629227,1,1
TD3,739,5815,35,1.7150485711324468,0,1
TD3,739,5815,37,1.8981275785464935,0,1
TD3,739,5815,38,19.553207246211688,0,1
TD3,739,5815,39,2.680046573187329,0,1
TD3,739,5815,40,1.5752366599161682,0,1
TD3,739,5815,41,1.359212121212121,0,1
TD3,739,5815,43,10.6446684572186,0,1
TD3,739,5815,44,2.80359515742298,0,1
TD3,739,5815,46,0.9554487451979825,1,1
TD3,739,5815,49,0.9070759422959198,1,1
TD3,739,5815,52,1.0420955910140215,0,1
TD3,739,5815,54,4.371478659713111,0,1
TD3,739,5815,55,1.569170664309559,0,1
TD3,739,5815,57,1.5598477921376024,0,1
TD3,739,5815,58,2.006672883547845,0,1
TD3,739,5815,61,2.0984600304382592,0,1
TD3,739,5815,63,1.168485088580629,0,1
TD3,739,5815,64,0.9134226817626733,1,1
TD3,739,5815,66,0.724124737210932,1,1
TD3,739,5815,69,6.962514417531716,0,1
TD3,739,5815,70,1.9523288889292147,0,1
TD3,739,5815,71,1.2619832146569245,0,1
TD3,739,5815,72,2.4023627605166373,0,1
TD3,739,5815,73,1.3370665896861087,0,1
TD3,739,5815,76,1.823937958435208,0,1
TD3,739,5815,77,1.706295609264945,0,1
TD3,739,5815,78,0.6261162745243406,1,1
TD3,739,5815,80,4.583072875280324,0,1
TD3,739,5815,82,1.9748800821669341,0,1
TD3,739,5815,83,3.719886628584751,0,1
TD3,739,5815,84,2.8363686765473797,0,1
TD3,739,5815,85,1.3378947646308994,0,1
TD3,739,5815,86,1.9138384300209261,0,1
TD3,739,5815,88,1.1611836039212504,0,1
TD3,739,5815,91,0.8927557560250137,1,1
TD3,739,5815,93,0.8418667853564863,1,1
TD3,739,5815,95,5.005838411136322,0,1
TD3,739,5815,97,2.892714890384198,0,1
TD3,739,5815,98,1.024660336747563,0,1
TD3,739,5820,5,2.659552546364439,0,1
TD3,739,5820,7,6.635966110959278,0,1
TD3,739,5820,8,9.304432930339665,0,1
TD3,739,5820,9,4.892756042679828,0,1
TD3,739,5820,10,9.05631789594054,0,1
TD3,739,5820,11,4.1655424395727945,0,1
TD3,739,5820,12,1.3194312280797154,0,1
TD3,739,5820,13,1.641668326783418,0,1
TD3,739,5820,14,3.7049880957027446,0,1
TD3,739,5820,15,2.1224751334446355,0,1
TD3,739,5820,16,2.377638258081753,0,1
TD3,739,5820,17,1.6903908017669964,0,1
TD3,739,5820,18,1.4807160003215916,0,1
TD3,739,5820,19,2.13793331678663,0,1
TD3,739,5820,20,2.9099501212008207,0,1
TD3,739,5820,21,2.010343342540616,0,1
TD3,739,5820,22,2.622278677230451,0,1
TD3,739,5820,23,2.578622816032888,0,1
TD3,739,5820,24,1.9155498411738012,0,1
TD3,739,5820,25,2.342217311965441,0,1
TD3,739,5820,26,2.0785267610814793,0,1
TD3,739,5820,27,2.1439689492033858,0,1
TD3,739,5820,28,3.4856686829567565,0,1
TD3,739,5820,29,3.864513752762414,0,1
TD3,739,5820,30,5.50789793438639,0,1
TD3,739,5820,31,2.4786366164011646,0,1
TD3,739,5820,32,2.5696933741335166,0,1
TD3,739,5820,33,1.1860281972085256,0,1
TD3,739,5820,35,1.60688433553942,0,1
TD3,739,5820,37,1.4355445350093292,0,1
TD3,739,5820,39,3.051466850471719,0,1
TD3,739,5820,40,1.6439693642382165,0,1
TD3,739,5820,42,2.3064621901137414,0,1
TD3,739,5820,43,2.954544934107329,0,1
TD3,739,5820,45,1.3216428932591746,0,1
TD3,739,5820,47,0.9113948191163609,1,1
TD3,739,5820,51,1.3469737062335116,0,1
TD3,739,5820,52,0.8614117217081907,1,1
TD3,739,5820,53,13.077517579938968,0,1
TD3,739,5820,54,1.0898927821721638,0,1
TD3,739,5820,57,1.489991104228027,0,1
TD3,739,5820,58,3.0095676645493614,0,1
TD3,739,5820,59,1.8162893786833145,0,1
TD3,739,5820,60,1.197920958491109,0,1
TD3,739,5820,62,8.852372431309167,0,1
TD3,739,5820,63,1.045988124784597,0,1
TD3,739,5820,65,1.2399334096347931,0,1
TD3,739,5820,66,3.4240518586873554,0,1
TD3,739,5820,67,2.6394658215730926,0,1
TD3,739,5820,68,1.1061859040949855,0,1
TD3,739,5820,70,1.6051254389304908,0,1
TD3,739,5820,71,1.6030602649950134,0,1
TD3,739,5820,72,1.086787570021052,0,1
TD3,739,5820,73,16.534433126660762,0,1
TD3,739,5820,74,1.733033600474592,0,1
TD3,739,5820,75,1.3541771902637822,0,1
TD3,739,5820,77,1.7263216136009256,0,1
TD3,739,5820,78,2.2218705645730896,0,1
TD3,739,5820,79,1.5221002995621065,0,1
TD3,739,5820,80,2.047205685475831,0,1
TD3,739,5820,81,1.6841220506650623,0,1
TD3,739,5820,83,1.9980609777864315,0,1
TD3,739,5820,84,2.385611049127489,0,1
TD3,739,5820,85,1.167736341780197,0,1
TD3,739,5820,86,1.1885117815579893,0,1
TD3,739,5820,88,8.608299040853689,0,1
TD3,739,5820,89,8.09586453652854,0,1
TD3,739,5820,90,1.6423838717509036,0,1
TD3,739,5820,91,2.066141017450658,0,1
TD3,739,5820,92,3.9343303377855614,0,1
TD3,739,5820,93,1.3077171145012734,0,1
TD3,739,5820,95,0.9270892529408296,1,1
TD3,739,5820,98,1.3854220323191722,0,1
TD3,739,5821,5,2.1772835347731325,0,1
TD3,739,5821,9,8.190503073641953,0,1
TD3,739,5821,10,3.121716398877837,0,1
TD3,739,5821,11,4.787496503496504,0,1
TD3,739,5821,12,1.4899450434052086,0,1
TD3,739,5821,13,2.3731454698143137,0,1
TD3,739,5821,14,2.3790121553208436,0,1
TD3,739,5821,15,3.4778813559322037,0,1
TD3,739,5821,16,3.0801865898898177,0,1
TD3,739,5821,17,3.3110518549201338,0,1
TD3,739,5821,18,3.18703347260692,0,1
TD3,739,5821,19,1.9338794114080122,0,1
TD3,739,5821,20,3.7103039819761388,0,1
TD3,739,5821,21,4.183669998218132,0,1
TD3,739,5821,22,3.014125812366206,0,1
TD3,739,5821,23,3.5529389600602856,0,1
TD3,739,5821,24,2.3788719173990955,0,1
TD3,739,5821,25,2.4211281376207765,0,1
TD3,739,5821,26,2.6915023412253514,0,1
TD3,739,5821,27,3.082591880084966,0,1
TD3,739,5821,28,14.822525866835166,0,1
TD3,739,5821,29,1.6623060267051604,0,1
TD3,739,5821,30,2.2407578107208312,0,1
TD3,739,5821,32,1.5391409517455978,0,1
TD3,739,5821,34,7.062597886476417,0,1
TD3,739,5821,35,1.444223203771328,0,1
TD3,739,5821,37,1.2473368782055345,0,1
TD3,739,5821,41,1.4900724125338949,0,1
TD3,739,5821,42,0.5828963806945407,1,1
TD3,739,5821,47,1.9285855240247327,0,1
TD3,739,5821,48,2.787935872683357,0,1
TD3,739,5821,49,7.010710833616343,0,1
TD3,739,5821,50,3.749874290852515,0,1
TD3,739,5821,51,3.3034755630957955,0,1
TD3,739,5821,52,1.8744039427785069,0,1
TD3,739,5821,54,0.9562598331474841,1,1
TD3,739,5821,55,1.5601619256883823,0,1
TD3,739,5821,57,2.1533983189112162,0,1
TD3,739,5821,59,2.0894110148458998,0,1
TD3,739,5821,60,1.7150558789604236,0,1
TD3,739,5821,61,1.2884852364088821,0,1
TD3,739,5821,65,1.5175292299211118,0,1
TD3,739,5821,66,0.6308908665223699,1,1
TD3,739,5821,67,0.5711542799849606,1,1
TD3,739,5821,69,19.74286830793279,0,1
TD3,739,5821,71,1.7414400720977625,0,1
TD3,739,5821,72,3.58820254045589,0,1
TD3,739,5821,73,14.023582702904644,0,1
TD3,739,5821,74,5.062092620313291,0,1
TD3,739,5821,75,2.0659252160125248,0,1
TD3,739,5821,76,1.6554851323711366,0,1
TD3,739,5821,77,1.8054316270332582,0,1
TD3,739,5821,78,0.9220531380883592,1,1
TD3,739,5821,81,1.0248999090226112,0,1
TD3,739,5821,83,1.8761097335032009,0,1
TD3,739,5821,84,0.984978102590203,1,1
TD3,739,5821,86,13.134564293304992,0,1
TD3,739,5821,87,1.997069855359291,0,1
TD3,739,5821,88,0.8730773699297932,1,1
TD3,739,5821,90,1.8701023080202182,0,1
TD3,739,5821,91,2.065673095128614,0,1
TD3,739,5821,93,1.3428764469019505,0,1
TD3,739,5821,94,0.9368436350768998,1,1
TD3,739,5821,95,13.250931640852452,0,1
TD3,739,5821,96,0.7728089821750378,1,1
TD3,739,5821,98,10.73978221155568,0,1
TD3,739,5823,5,3.342292682926829,0,1
TD3,739,5823,7,7.657868736767819,0,1
TD3,739,5823,8,8.02167309265101,0,1
TD3,739,5823,9,3.686569227730594,0,1
TD3,739,5823,10,15.516192994051552,0,1
TD3,739,5823,12,1.7752721302170962,0,1
TD3,739,5823,13,2.3763565795654,0,1
TD3,739,5823,14,1.254642336127389,0,1
TD3,739,5823,15,2.850316420250896,0,1
TD3,739,5823,16,2.2172257461573643,0,1
TD3,739,5823,17,3.2172348118019243,0,1
TD3,739,5823,18,3.6567103356677126,0,1
TD3,739,5823,19,1.775616990677727,0,1
TD3,739,5823,20,3.425003844379517,0,1
TD3,739,5823,21,1.2352216748768476,0,1
TD3,739,5823,22,1.4375566181613861,0,1
TD3,739,5823,23,1.578256494694475,0,1
TD3,739,5823,24,1.7621174468847247,0,1
TD3,739,5823,25,3.5251857968620977,0,1
TD3,739,5823,26,3.6804357694053556,0,1
TD3,739,5823,27,2.6721316810288718,0,1
TD3,739,5823,28,3.1828582430019945,0,1
TD3,739,5823,29,1.889756661430392,0,1
TD3,739,5823,30,1.529612721434656,0,1
TD3,739,5823,31,2.0484698442999463,0,1
TD3,739,5823,32,3.3178807626856432,0,1
TD3,739,5823,33,2.3008288429379133,0,1
TD3,739,5823,34,2.2250051215627704,0,1
TD3,739,5823,35,1.7458646861726848,0,1
TD3,739,5823,36,1.0541287299793978,0,1
TD3,739,5823,37,3.0681998485449498,0,1
TD3,739,5823,38,3.0660803165672244,0,1
TD3,739,5823,39,2.8898467587295955,0,1
TD3,739,5823,40,1.098840037418148,0,1
TD3,739,5823,41,7.46087145301765,0,1
TD3,739,5823,42,1.4328627664710742,0,1
TD3,739,5823,43,2.130258170034545,0,1
TD3,739,5823,44,13.276263947787902,0,1
TD3,739,5823,45,2.3001155040816643,0,1
TD3,739,5823,46,3.0572002179711477,0,1
TD3,739,5823,47,1.3949563298832885,0,1
TD3,739,5823,48,1.0633469201714107,0,1
TD3,739,5823,49,12.537388230401332,0,1
TD3,739,5823,50,1.663661298760056,0,1
TD3,739,5823,51,5.500380607724464,0,1
TD3,739,5823,52,1.7019375236607988,0,1
TD3,739,5823,53,2.130134798441193,0,1
TD3,739,5823,54,7.6234104699199605,0,1
TD3,739,5823,55,1.0710549445288027,0,1
TD3,739,5823,56,7.658123791102514,0,1
TD3,739,5823,57,1.5328892945012833,0,1
TD3,739,5823,58,1.7955314876259911,0,1
TD3,739,5823,60,1.5729366459775318,0,1
TD3,739,5823,61,2.144974579324517,0,1
TD3,739,5823,62,2.209828479020077,0,1
TD3,739,5823,63,1.026464565918137,0,1
TD3,739,5823,64,11.60920107473817,0,1
TD3,739,5823,65,16.53999785534287,0,1
TD3,739,5823,66,1.4820840465720877,0,1
TD3,739,5823,67,1.5381353142700651,0,1
TD3,739,5823,68,1.6350334779814844,0,1
TD3,739,5823,69,16.940456203323105,0,1
TD3,739,5823,70,2.157574212748955,0,1
TD3,739,5823,71,1.4086276685003738,0,1
TD3,739,5823,73,1.0666157875916549,0,1
TD3,739,5823,74,10.080696875221427,0,1
TD3,739,5823,75,1.1073776464369676,0,1
TD3,739,5823,76,3.511429095018478,0,1
TD3,739,5823,77,10.125521150512952,0,1
TD3,739,5823,78,1.5404238346281913,0,1
TD3,739,5823,79,2.914242443133271,0,1
TD3,739,5823,80,1.3900262052912629,0,1
TD3,739,5823,81,2.4541603724254135,0,1
TD3,739,5823,82,1.0544354374851412,0,1
TD3,739,5823,84,1.5934495569699743,0,1
TD3,739,5823,85,10.480204354748901,0,1
TD3,739,5823,86,2.7203257950620547,0,1
TD3,739,5823,87,2.243728914127487,0,1
TD3,739,5823,89,1.5853876496055515,0,1
TD3,739,5823,90,1.6042649155196187,0,1
TD3,739,5823,91,2.169678322681204,0,1
TD3,739,5823,92,2.535967898515483,0,1
TD3,739,5823,93,1.2066470422903877,0,1
TD3,739,5823,95,0.7456131629680673,1,1
TD3,739,5823,97,1.4505315946280728,0,1
TD3,739,5825,5,3.559362510965981,0,1
TD3,739,5825,7,9.570869330453563,0,1
TD3,739,5825,8,2.619329168525956,0,1
TD3,739,5825,9,1.5455216731859183,0,1
TD3,739,5825,10,7.512271869100063,0,1
TD3,739,5825,14,3.1842560553633223,0,1
TD3,739,5825,15,3.920928084959021,0,1
TD3,739,5825,16,2.8636086071532425,0,1
TD3,739,5825,17,2.189645765130529,0,1
TD3,739,5825,18,1.589752478679886,0,1
TD3,739,5825,19,3.0127945915208194,0,1
TD3,739,5825,20,2.0086664439743163,0,1
TD3,739,5825,21,3.2725147058823523,0,1
TD3,739,5825,22,3.2649250559601053,0,1
TD3,739,5825,23,1.3357961846397153,0,1
TD3,739,5825,24,6.884762728620861,0,1
TD3,739,5825,25,3.194881312884634,0,1
TD3,739,5825,26,6.952187242070511,0,1
TD3,739,5825,27,3.388135905062709,0,1
TD3,739,5825,28,4.071152254758272,0,1
TD3,739,5825,29,2.04558270405186,0,1
TD3,739,5825,30,2.6238491088859504,0,1
TD3,739,5825,31,1.519370879332313,0,1
TD3,739,5825,33,1.1362385069385168,0,1
TD3,739,5825,35,1.8971865520447133,0,1
TD3,739,5825,37,1.6882250218286141,0,1
TD3,739,5825,39,1.3601671862655582,0,1
TD3,739,5825,40,2.5582404809034447,0,1
TD3,739,5825,42,13.239609068449354,0,1
TD3,739,5825,43,0.922631783954488,1,1
TD3,739,5825,45,1.981654390104177,0,1
TD3,739,5825,48,2.682709181722051,0,1
TD3,739,5825,49,2.57074997156879,0,1
TD3,739,5825,50,1.966416981555955,0,1
TD3,739,5825,51,3.083683688664125,0,1
TD3,739,5825,53,1.1464933509527155,0,1
TD3,739,5825,54,0.8295443491616536,1,1
TD3,739,5825,56,1.0394751556776307,0,1
TD3,739,5825,59,1.1072596553463467,0,1
TD3,739,5825,61,1.8110865141830033,0,1
TD3,739,5825,62,1.7482275317603453,0,1
TD3,739,5825,64,1.601097281793543,0,1
TD3,739,5825,65,9.931993192344176,0,1
TD3,739,5825,66,1.0675954778180494,0,1
TD3,739,5825,68,0.6734322947680125,1,1
TD3,739,5825,70,7.317157098398402,0,1
TD3,739,5825,71,1.4272513848049595,0,1
TD3,739,5825,73,2.4665611369072744,0,1
TD3,739,5825,74,4.205847604535868,0,1
TD3,739,5825,75,1.1747687807691516,0,1
TD3,739,5825,76,0.8595361648917048,1,1
TD3,739,5825,78,6.422089983489267,0,1
TD3,739,5825,79,1.6050625762328967,0,1
TD3,739,5825,81,1.161699143729506,0,1
TD3,739,5825,82,2.7370236961181234,0,1
TD3,739,5825,83,1.322306827890093,0,1
TD3,739,5825,84,15.053010026764673,0,1
TD3,739,5825,85,1.356747460710569,0,1
TD3,739,5825,86,2.156572155935712,0,1
TD3,739,5825,87,1.1715849125201214,0,1
TD3,739,5825,88,11.769380008435261,0,1
TD3,739,5825,89,1.3745050845647413,0,1
TD3,739,5825,90,1.4446046971683575,0,1
TD3,739,5825,91,18.535228377065113,0,1
TD3,739,5825,92,1.2320217763221188,0,1
TD3,739,5825,93,6.5681626854677475,0,1
TD3,739,5825,94,1.60830387233819,0,1
TD3,739,5825,95,3.6849725758272904,0,1
TD3,739,5825,96,2.170767790614534,0,1
TD3,739,5825,97,0.9699920075564921,1,1
TD3,739,5825,98,5.731393414932044,0,1
TD3,739,5828,5,3.8311067771818625,0,1
TD3,739,5828,7,7.109564643799474,0,1
TD3,739,5828,8,7.894645262685225,0,1
TD3,739,5828,9,3.063573234705816,0,1
TD3,739,5828,10,3.3611462526356144,0,1
TD3,739,5828,11,1.1104009843659526,0,1
TD3,739,5828,12,2.815405507832238,0,1
TD3,739,5828,13,4.5484822389666295,0,1
TD3,739,5828,14,6.199305929515947,0,1
TD3,739,5828,15,1.6657984657130416,0,1
TD3,739,5828,16,1.6779740727109147,0,1
TD3,739,5828,17,1.9443461882996071,0,1
TD3,739,5828,18,1.882445679787202,0,1
TD3,739,5828,19,2.283822231689134,0,1
TD3,739,5828,20,2.8754043426889035,0,1
TD3,739,5828,21,2.122632720598459,0,1
TD3,739,5828,22,3.3149944267913294,0,1
TD3,739,5828,23,3.527478136331779,0,1
TD3,739,5828,24,1.5081540892658192,0,1
TD3,739,5828,25,2.281776625203287,0,1
TD3,739,5828,26,4.9297717036806965,0,1
TD3,739,5828,27,1.8992077245299956,0,1
TD3,739,5828,28,3.480737208598244,0,1
TD3,739,5828,29,2.8595825168735027,0,1
TD3,739,5828,30,2.412632841297824,0,1
TD3,739,5828,31,1.6184206832007486,0,1
TD3,739,5828,33,1.1660044673074321,0,1
TD3,739,5828,35,1.1288220941701708,0,1
TD3,739,5828,37,1.4162299455318375,0,1
TD3,739,5828,39,0.9229955627634766,1,1
TD3,739,5828,41,1.441801122492185,0,1
TD3,739,5828,43,1.6098591425262758,0,1
TD3,739,5828,44,7.8079267749238,0,1
TD3,739,5828,45,1.2121561212973953,0,1
TD3,739,5828,47,1.2444315071243175,0,1
TD3,739,5828,49,1.5303731762065098,0,1
TD3,739,5828,51,1.0255300471031659,0,1
TD3,739,5828,52,12.567259861276534,0,1
TD3,739,5828,53,1.0565211756557504,0,1
TD3,739,5828,56,2.034293335744642,0,1
TD3,739,5828,57,2.1990951344936716,0,1
TD3,739,5828,58,1.4327811546009597,0,1
TD3,739,5828,59,1.5052185952393629,0,1
TD3,739,5828,62,1.2796145351379757,0,1
TD3,739,5828,64,1.4016685333563077,0,1
TD3,739,5828,66,1.6413168141920327,0,1
TD3,739,5828,67,0.6204024015266711,1,1
TD3,739,5828,69,18.417400022279157,0,1
TD3,739,5828,70,1.5898441286296523,0,1
TD3,739,5828,72,1.6662289012219194,0,1
TD3,739,5828,73,4.291218077115674,0,1
TD3,739,5828,74,4.124388269492586,0,1
TD3,739,5828,75,1.5483505217737246,0,1
TD3,739,5828,76,0.8071383565883189,1,1
TD3,739,5828,78,5.298904900539632,0,1
TD3,739,5828,79,1.3088994710738355,0,1
TD3,739,5828,80,2.379205908595222,0,1
TD3,739,5828,81,3.3926850655344287,0,1
TD3,739,5828,82,2.4947764006364626,0,1
TD3,739,5828,83,1.0111660487152956,0,1
TD3,739,5828,84,18.427489807804307,0,1
TD3,739,5828,85,0.8972382215223967,1,1
TD3,739,5828,86,16.24710888508836,0,1
TD3,739,5828,87,5.270301047913259,0,1
TD3,739,5828,88,2.056655159318044,0,1
TD3,739,5828,89,2.551488475423494,0,1
TD3,739,5828,90,1.308842904750833,0,1
TD3,739,5828,91,0.9835322660162434,1,1
TD3,739,5828,92,2.0931221839385104,0,1
TD3,739,5828,93,0.6155507963376884,1,1
TD3,739,5828,94,5.222782154916608,0,1
TD3,739,5828,95,0.710252214717691,1,1
TD3,739,5828,96,0.33898874083255864,1,1
TD3,739,5829,5,5.620155793573516,0,1
TD3,739,5829,8,6.305092028933609,0,1
TD3,739,5829,9,3.604864362557633,0,1
TD3,739,5829,10,1.9641772378059676,0,1
TD3,739,5829,11,7.07906277917648,0,1
TD3,739,5829,12,1.7198287578146236,0,1
TD3,739,5829,13,3.7432274919614144,0,1
TD3,739,5829,14,2.0820001204408136,0,1
TD3,739,5829,15,2.4841615721405077,0,1
TD3,739,5829,16,1.9530570298312055,0,1
TD3,739,5829,17,2.9757766189775814,0,1
TD3,739,5829,18,1.8402623867676153,0,1
TD3,739,5829,19,2.2637273748120514,0,1
TD3,739,5829,20,1.5777948494819571,0,1
TD3,739,5829,21,1.1908603557854398,0,1
TD3,739,5829,22,1.1011602978978492,0,1
TD3,739,5829,23,1.3134346742406677,0,1
TD3,739,5829,24,1.521730252552391,0,1
TD3,739,5829,25,2.0590999269082175,0,1
TD3,739,5829,26,3.0153980455394165,0,1
TD3,739,5829,27,2.661968522433639,0,1
TD3,739,5829,28,3.8328170127627996,0,1
TD3,739,5829,29,4.288472177980451,0,1
TD3,739,5829,30,3.2027198264501355,0,1
TD3,739,5829,31,2.22941241714077,0,1
TD3,739,5829,32,1.5420241883547372,0,1
TD3,739,5829,33,1.4405340307879002,0,1
TD3,739,5829,34,2.0384484883737035,0,1
TD3,739,5829,35,3.322421232189444,0,1
TD3,739,5829,36,2.3625070240418604,0,1
TD3,739,5829,37,4.826691002791496,0,1
TD3,739,5829,38,2.457044183507497,0,1
TD3,739,5829,39,2.269053845269226,0,1
TD3,739,5829,40,1.842385459811114,0,1
TD3,739,5829,41,1.4999617003512078,0,1
TD3,739,5829,43,0.7682031783036366,1,1
TD3,739,5829,46,1.234496809380108,0,1
TD3,739,5829,47,18.301065381444605,0,1
TD3,739,5829,48,1.403492088649391,0,1
TD3,739,5829,49,4.267154230698019,0,1
TD3,739,5829,50,1.0808793141349748,0,1
TD3,739,5829,52,1.5942122001184071,0,1
TD3,739,5829,53,1.5508546821186568,0,1
TD3,739,5829,54,1.5776754067884904,0,1
TD3,739,5829,55,2.107955972360745,0,1
TD3,739,5829,56,1.619304708242972,0,1
TD3,739,5829,57,16.550021966986755,0,1
TD3,739,5829,58,1.5978827300504244,0,1
TD3,739,5829,59,1.3694273911951982,0,1
TD3,739,5829,60,1.955785869054654,0,1
TD3,739,5829,61,1.6821366956568016,0,1
TD3,739,5829,62,4.8902216405187104,0,1
TD3,739,5829,63,1.472280546069677,0,1
TD3,739,5829,64,3.443770055094751,0,1
TD3,739,5829,65,2.2597431117693625,0,1
TD3,739,5829,66,1.3797084557086816,0,1
TD3,739,5829,67,13.685748818811119,0,1
TD3,739,5829,68,1.8540212790298591,0,1
TD3,739,5829,69,2.9882755836388637,0,1
TD3,739,5829,70,1.723945445880041,0,1
TD3,739,5829,71,1.5228927499885896,0,1
TD3,739,5829,72,1.7389493922843708,0,1
TD3,739,5829,73,13.26717777107277,0,1
TD3,739,5829,74,0.9286965442110102,1,1
TD3,739,5829,75,7.344564960235855,0,1
TD3,739,5829,76,1.6478187603138434,0,1
TD3,739,5829,77,2.1097214696328948,0,1
TD3,739,5829,79,2.2753500610844846,0,1
TD3,739,5829,80,3.49271544602729,0,1
TD3,739,5829,81,1.1014505410587203,0,1
TD3,739,5829,82,1.729509779274976,0,1
TD3,739,5829,83,1.584148414090602,0,1
TD3,739,5829,84,9.38187685895231,0,1
TD3,739,5829,85,1.5462960113521738,0,1
TD3,739,5829,87,1.3413673921985942,0,1
TD3,739,5829,88,5.282295519050486,0,1
TD3,739,5829,89,19.103636206349666,0,1
TD3,739,5829,90,1.1024918947405244,0,1
TD3,739,5829,92,0.6885326958010638,1,1
TD3,739,5829,94,11.599567348188987,0,1
TD3,739,5829,95,0.6876688655810532,1,1
TD3,739,5829,96,5.093173140412827,0,1
TD3,739,5829,97,0.4987026236261092,1,1
TD3,739,5835,5,2.1473793718418706,0,1
TD3,739,5835,9,7.028328795539997,0,1
TD3,739,5835,10,3.516534820386461,0,1
TD3,739,5835,11,8.079029818496112,0,1
TD3,739,5835,12,1.484345463137996,0,1
TD3,739,5835,13,4.151254922427291,0,1
TD3,739,5835,14,1.7287090461247763,0,1
TD3,739,5835,15,2.5415738020463983,0,1
TD3,739,5835,16,2.2766913958551727,0,1
TD3,739,5835,17,3.9362463038440016,0,1
TD3,739,5835,18,1.5992103778905806,0,1
TD3,739,5835,19,2.7150477058062044,0,1
TD3,739,5835,20,1.964934290041767,0,1
TD3,739,5835,21,1.9122132023824907,0,1
TD3,739,5835,22,2.286412940827285,0,1
TD3,739,5835,23,1.9313824132432225,0,1
TD3,739,5835,24,3.042874855580917,0,1
TD3,739,5835,25,2.543394013029725,0,1
TD3,739,5835,26,2.740460148572706,0,1
TD3,739,5835,27,2.4106878503765663,0,1
TD3,739,5835,28,1.8015648315924109,0,1
TD3,739,5835,29,2.1685389415439804,0,1
TD3,739,5835,30,3.1611161336037337,0,1
TD3,739,5835,31,2.211928489333669,0,1
TD3,739,5835,32,1.6634744237042656,0,1
TD3,739,5835,33,6.2424405641706535,0,1
TD3,739,5835,34,2.3859429827864043,0,1
TD3,739,5835,35,1.2553423498739382,0,1
TD3,739,5835,37,1.379657404801158,0,1
TD3,739,5835,39,1.025266422794445,0,1
TD3,739,5835,41,1.8988568310893827,0,1
TD3,739,5835,43,1.6658070405659837,0,1
TD3,739,5835,44,15.687174989999692,0,1
TD3,739,5835,45,1.5532818375020434,0,1
TD3,739,5835,47,17.494274627434176,0,1
TD3,739,5835,48,0.9756660999482679,1,1
TD3,739,5835,50,1.0761092785486104,0,1
TD3,739,5835,51,0.8431814153495217,1,1
TD3,739,5835,53,6.937817934146392,0,1
TD3,739,5835,54,1.279070615698862,0,1
TD3,739,5835,55,5.925388229840493,0,1
TD3,739,5835,56,1.2726668580058358,0,1
TD3,739,5835,57,2.348532350026803,0,1
TD3,739,5835,58,1.4381239348846133,0,1
TD3,739,5835,59,1.5405927154519883,0,1
TD3,739,5835,60,9.753203485392106,0,1
TD3,739,5835,61,1.4854532647850338,0,1
TD3,739,5835,62,5.015286041796425,0,1
TD3,739,5835,63,1.4865005103047253,0,1
TD3,739,5835,64,0.9300085972972247,1,1
TD3,739,5835,65,4.110272935891802,0,1
TD3,739,5835,66,1.5819951129257648,0,1
TD3,739,5835,67,1.446051247851848,0,1
TD3,739,5835,68,4.767618808986887,0,1
TD3,739,5835,69,2.1141039759512563,0,1
TD3,739,5835,70,1.4869733610139193,0,1
TD3,739,5835,71,1.795829833489797,0,1
TD3,739,5835,72,6.685872953611761,0,1
TD3,739,5835,73,2.887753163555001,0,1
TD3,739,5835,74,1.0264157430628589,0,1
TD3,739,5835,75,1.8734833228130292,0,1
TD3,739,5835,76,2.376174491189284,0,1
TD3,739,5835,77,3.38680568258033,0,1
TD3,739,5835,78,0.8447697514193677,1,1
TD3,739,5835,79,4.3132785495336865,0,1
TD3,739,5835,80,1.7538588377999318,0,1
TD3,739,5835,81,7.840065744363328,0,1
TD3,739,5835,82,1.8192919971431791,0,1
TD3,739,5835,83,1.9672049672291267,0,1
TD3,739,5835,84,3.86769793801265,0,1
TD3,739,5835,85,1.394952410180522,0,1
TD3,739,5835,86,3.817893421874486,0,1
TD3,739,5835,87,4.50614454899416,0,1
TD3,739,5835,88,1.0835513457434087,0,1
TD3,739,5835,89,0.7890548516591922,1,1
TD3,739,5835,90,5.580745401185429,0,1
TD3,739,5835,91,3.464199417926924,0,1
TD3,739,5835,92,5.318926403865418,0,1
TD3,739,5835,93,1.2684980942948891,0,1
TD3,739,5835,94,1.8409319770141277,0,1
TD3,739,5835,95,4.851321096627113,0,1
TD3,739,5835,96,2.4223471267802017,0,1
TD3,739,5835,97,5.74309827816131,0,1
TD3,739,5835,98,3.76073245565696,0,1
TD3,739,5836,5,1.0816590411776408,0,1
TD3,739,5836,10,8.251852324987226,0,1
TD3,739,5836,11,10.722725875845114,0,1
TD3,739,5836,12,2.615766223749255,0,1
TD3,739,5836,13,3.8921548712115057,0,1
TD3,739,5836,14,2.192009179516271,0,1
TD3,739,5836,15,2.8186027548851156,0,1
TD3,739,5836,16,2.217680867577035,0,1
TD3,739,5836,17,4.397186672139099,0,1
TD3,739,5836,18,2.3885411083717436,0,1
TD3,739,5836,19,1.905853010218172,0,1
TD3,739,5836,20,6.712311316219593,0,1
TD3,739,5836,21,2.23718530139975,0,1
TD3,739,5836,22,1.4242486620008235,0,1
TD3,739,5836,23,2.3804317607668226,0,1
TD3,739,5836,24,2.942185718555252,0,1
TD3,739,5836,25,6.29843835741723,0,1
TD3,739,5836,26,1.4051055818074423,0,1
TD3,739,5836,28,1.678584103699447,0,1
TD3,739,5836,29,2.1603056938119947,0,1
TD3,739,5836,30,2.5891495266188698,0,1
TD3,739,5836,31,2.880829751713849,0,1
TD3,739,5836,32,2.0067154419821156,0,1
TD3,739,5836,34,2.550289025464221,0,1
TD3,739,5836,35,1.348220967204953,0,1
TD3,739,5836,37,1.3763490544242383,0,1
TD3,739,5836,39,1.1943763443231223,0,1
TD3,739,5836,41,1.7727835488867185,0,1
TD3,739,5836,43,1.192191841069264,0,1
TD3,739,5836,44,2.2765495857615994,0,1
TD3,739,5836,45,5.982853462382064,0,1
TD3,739,5836,47,1.065397296213687,0,1
TD3,739,5836,48,17.470112242234404,0,1
TD3,739,5836,49,1.1124804681515978,0,1
TD3,739,5836,51,3.679830869240062,0,1
TD3,739,5836,52,1.54918627537801,0,1
TD3,739,5836,54,1.4023144290836158,0,1
TD3,739,5836,55,1.983684664081403,0,1
TD3,739,5836,56,8.30425486422921,0,1
TD3,739,5836,57,0.682567178398978,1,1
TD3,739,5836,60,1.4095180881530003,0,1
TD3,739,5836,62,1.4886459951293414,0,1
TD3,739,5836,63,1.813270566594864,0,1
TD3,739,5836,64,1.1192685604426216,0,1
TD3,739,5836,66,1.4544354838709677,0,1
TD3,739,5836,67,2.4011452909129214,0,1
TD3,739,5836,68,2.1042505871701676,0,1
TD3,739,5836,69,1.278327758710424,0,1
TD3,739,5836,70,1.9472939796766568,0,1
TD3,739,5836,71,3.5997069700944078,0,1
TD3,739,5836,72,1.6192956914595986,0,1
TD3,739,5836,73,1.6743054713729295,0,1
TD3,739,5836,74,1.6260215931508313,0,1
TD3,739,5836,75,1.5032998259839314,0,1
TD3,739,5836,76,1.7541717794727367,0,1
TD3,739,5836,77,3.530042732261773,0,1
TD3,739,5836,78,1.4535782753382047,0,1
TD3,739,5836,79,2.4235523710650075,0,1
TD3,739,5836,80,1.6220461965358934,0,1
TD3,739,5836,81,2.0095184836703415,0,1
TD3,739,5836,82,1.682335314589781,0,1
TD3,739,5836,83,3.393221268452095,0,1
TD3,739,5836,84,1.2858523591188222,0,1
TD3,739,5836,85,3.2734014563376626,0,1
TD3,739,5836,86,2.0337577040403407,0,1
TD3,739,5836,87,1.7530235988200589,0,1
TD3,739,5836,88,3.2015412161213312,0,1
TD3,739,5836,89,1.1072497683703784,0,1
TD3,739,5836,90,4.903607891385525,0,1
TD3,739,5836,91,3.0965156146179402,0,1
TD3,739,5836,92,3.834830144474814,0,1
TD3,739,5836,93,1.5264517424186557,0,1
TD3,739,5836,94,1.827713280608858,0,1
TD3,739,5836,95,1.7923014892867237,0,1
TD3,739,5836,96,2.481792698413756,0,1
TD3,739,5836,97,18.70344704517741,0,1
TD3,739,5836,98,1.1647641103579156,0,1
TD3,739,5837,5,2.092031203712847,0,1
TD3,739,5837,9,5.933385314258594,0,1
TD3,739,5837,10,7.333431516936672,0,1
TD3,739,5837,11,13.063219663418955,0,1
TD3,739,5837,12,2.2412578501865843,0,1
TD3,739,5837,13,1.8515906224040857,0,1
TD3,739,5837,14,3.7849281742354033,0,1
TD3,739,5837,15,3.107058468654165,0,1
TD3,739,5837,16,2.382232818284243,0,1
TD3,739,5837,17,2.5039792350430097,0,1
TD3,739,5837,18,1.314793917522318,0,1
TD3,739,5837,19,1.3879781420765027,0,1
TD3,739,5837,20,2.121764399439977,0,1
TD3,739,5837,21,2.046745093603303,0,1
TD3,739,5837,22,1.8106638052245985,0,1
TD3,739,5837,23,2.1030556225868726,0,1
TD3,739,5837,24,2.5310108455796048,0,1
TD3,739,5837,25,2.602052926619868,0,1
TD3,739,5837,26,2.598418926268355,0,1
TD3,739,5837,27,1.9622028771957032,0,1
TD3,739,5837,28,2.756903072701654,0,1
TD3,739,5837,29,2.880974572436883,0,1
TD3,739,5837,30,2.837591227244545,0,1
TD3,739,5837,31,1.6049417621187956,0,1
TD3,739,5837,32,2.364147815979697,0,1
TD3,739,5837,33,1.419151229251142,0,1
TD3,739,5837,34,3.173967176004528,0,1
TD3,739,5837,35,1.8908051592730115,0,1
TD3,739,5837,37,1.6256964430471499,0,1
TD3,739,5837,38,5.682488996953003,0,1
TD3,739,5837,39,1.6801435372833609,0,1
TD3,739,5837,40,0.6916454978319174,1,1
TD3,739,5837,43,1.001519135040119,0,1
TD3,739,5837,45,2.7816231893048786,0,1
TD3,739,5837,46,3.4739247311827954,0,1
TD3,739,5837,47,8.148399835458658,0,1
TD3,739,5837,48,1.8459682977257064,0,1
TD3,739,5837,49,1.307503152819681,0,1
TD3,739,5837,50,1.5461403067638921,0,1
TD3,739,5837,52,1.201650846389827,0,1
TD3,739,5837,55,1.6152122419315764,0,1
TD3,739,5837,56,1.2389342119700264,0,1
TD3,739,5837,57,0.6198450952435028,1,1
TD3,739,5837,58,15.915082717353046,0,1
TD3,739,5837,59,1.6640237345055942,0,1
TD3,739,5837,61,1.5205867644607434,0,1
TD3,739,5837,62,2.4492126447406006,0,1
TD3,739,5837,63,9.27197113326402,0,1
TD3,739,5837,64,1.6747508009967962,0,1
TD3,739,5837,65,2.3164949830673613,0,1
TD3,739,5837,66,0.9917835834840029,1,1
TD3,739,5837,67,2.5794789143413,0,1
TD3,739,5837,68,2.3279377998676827,0,1
TD3,739,5837,70,1.5805103570833567,0,1
TD3,739,5837,71,1.1254188535380303,0,1
TD3,739,5837,72,1.6888357424441525,0,1
TD3,739,5837,73,0.8351471718423087,1,1
TD3,739,5837,74,16.034250884781752,0,1
TD3,739,5837,75,15.977787973658641,0,1
TD3,739,5837,76,2.4267051975733724,0,1
TD3,739,5837,77,1.1922951200854601,0,1
TD3,739,5837,78,1.8559260239844788,0,1
TD3,739,5837,79,2.402846180676666,0,1
TD3,739,5837,80,1.8942751205042643,0,1
TD3,739,5837,81,7.9630778097982695,0,1
TD3,739,5837,82,1.89442171139728,0,1
TD3,739,5837,83,1.263334921826864,0,1
TD3,739,5837,84,4.607216914006911,0,1
TD3,739,5837,85,1.7312330894369587,0,1
TD3,739,5837,86,2.9532784105796948,0,1
TD3,739,5837,87,1.5215296844629607,0,1
TD3,739,5837,88,1.340874594140721,0,1
TD3,739,5837,89,1.5976590945706457,0,1
TD3,739,5837,90,2.6167236282181254,0,1
TD3,739,5837,91,5.565417399539981,0,1
TD3,739,5837,92,2.4861000498473067,0,1
TD3,739,5837,93,0.9862667786481947,1,1
TD3,739,5837,94,1.5795302055311793,0,1
TD3,739,5837,95,3.54051737974045,0,1
TD3,739,5837,96,2.3568356342132692,0,1
TD3,739,5837,97,9.248555990311159,0,1
TD3,739,5837,98,1.8346749610495179,0,1
TD3,739,5838,5,5.42966316199377,0,1
TD3,739,5838,8,7.652076038019011,0,1
TD3,739,5838,9,4.406752354649104,0,1
TD3,739,5838,10,2.723801863535704,0,1
TD3,739,5838,11,9.507257257257255,0,1
TD3,739,5838,12,2.880590989827224,0,1
TD3,739,5838,13,3.427152610205403,0,1
TD3,739,5838,14,2.386648054269831,0,1
TD3,739,5838,15,2.0236414740787008,0,1
TD3,739,5838,16,1.4737217822315607,0,1
TD3,739,5838,17,1.3718087758663673,0,1
TD3,739,5838,18,1.3245483484228369,0,1
TD3,739,5838,19,2.118997229490534,0,1
TD3,739,5838,20,2.4556997362391946,0,1
TD3,739,5838,21,2.3918936345816566,0,1
TD3,739,5838,22,1.2918553252092597,0,1
TD3,739,5838,23,2.0805857240199694,0,1
TD3,739,5838,24,1.4472894298484325,0,1
TD3,739,5838,25,1.2938864709015114,0,1
TD3,739,5838,26,2.2469275855549253,0,1
TD3,739,5838,27,3.7505661931233276,0,1
TD3,739,5838,28,1.4620495570505558,0,1
TD3,739,5838,29,1.4901810344827586,0,1
TD3,739,5838,30,3.586056155075939,0,1
TD3,739,5838,31,3.8279521374377485,0,1
TD3,739,5838,32,3.147221188438159,0,1
TD3,739,5838,33,3.247161800449189,0,1
TD3,739,5838,34,2.984209781948569,0,1
TD3,739,5838,35,1.8406505734440441,0,1
TD3,739,5838,36,1.4781222295307004,0,1
TD3,739,5838,37,10.978306695795487,0,1
TD3,739,5838,38,1.3096931167599566,0,1
TD3,739,5838,40,2.5667745882072097,0,1
TD3,739,5838,41,1.9588388637704865,0,1
TD3,739,5838,43,2.3041886043995676,0,1
TD3,739,5838,44,10.710393464431291,0,1
TD3,739,5838,45,1.1115232122194783,0,1
TD3,739,5838,48,0.816322271089044,1,1
TD3,739,5838,49,1.5042140816616423,0,1
TD3,739,5838,51,5.334392165147583,0,1
TD3,739,5838,53,1.081056549522713,0,1
TD3,739,5838,54,0.936079186428582,1,1
TD3,739,5838,55,1.9368518001674577,0,1
TD3,739,5838,57,8.34005600975654,0,1
TD3,739,5838,59,1.132064898744883,0,1
TD3,739,5838,60,0.9731273112654459,1,1
TD3,739,5838,61,10.062787627310447,0,1
TD3,739,5838,62,2.4853721605003227,0,1
TD3,739,5838,64,1.770070525040615,0,1
TD3,739,5838,65,1.6053133916356255,0,1
TD3,739,5838,66,1.722297418976304,0,1
TD3,739,5838,67,0.6748652759578153,1,1
TD3,739,5838,69,16.806895837647545,0,1
TD3,739,5838,70,0.8670302725936646,1,1
TD3,739,5838,71,17.978624846523047,0,1
TD3,739,5838,72,1.2964795144157812,0,1
TD3,739,5838,73,2.7855205760841972,0,1
TD3,739,5838,74,3.005599173553719,0,1
TD3,739,5838,75,1.7907323212071486,0,1
TD3,739,5838,76,1.427904392701054,0,1
TD3,739,5838,77,2.4776858888392193,0,1
TD3,739,5838,78,1.8779734629637006,0,1
TD3,739,5838,79,1.685746623218328,0,1
TD3,739,5838,80,3.6557271211061493,0,1
TD3,739,5838,81,1.5366620062751626,0,1
TD3,739,5838,82,0.9473898253958423,1,1
TD3,739,5838,83,3.986086618886606,0,1
TD3,739,5838,84,2.1289210573818163,0,1
TD3,739,5838,85,5.757647142806154,0,1
TD3,739,5838,86,1.9212624473421942,0,1
TD3,739,5838,87,1.5366582500823363,0,1
TD3,739,5838,88,2.621835949549801,0,1
TD3,739,5838,89,1.2644310079934293,0,1
TD3,739,5838,90,17.359508404482387,0,1
TD3,739,5838,91,1.7438610325548942,0,1
TD3,739,5838,92,4.829756391610532,0,1
TD3,739,5838,93,1.178220475676544,0,1
TD3,739,5838,94,1.524480781238019,0,1
TD3,739,5838,95,1.5870629986359797,0,1
TD3,739,5838,96,2.153700265199257,0,1
TD3,739,5838,97,4.334722638961818,0,1
TD3,739,5838,98,3.146197986213866,0,1
TD3,739,5839,5,1.7418491725299772,0,1
TD3,739,5839,9,9.804498496142278,0,1
TD3,739,5839,10,10.47936210131332,0,1
TD3,739,5839,11,2.8684726978874053,0,1
TD3,739,5839,12,1.742943213160932,0,1
TD3,739,5839,13,2.4262657063245885,0,1
TD3,739,5839,14,2.2779025516251794,0,1
TD3,739,5839,15,2.4792312714215763,0,1
TD3,739,5839,16,3.862722744492774,0,1
TD3,739,5839,17,2.1768708971553608,0,1
TD3,739,5839,18,2.1281622452902726,0,1
TD3,739,5839,19,2.9291461892999924,0,1
TD3,739,5839,20,8.510777130020859,0,1
TD3,739,5839,21,3.5592302043594293,0,1
TD3,739,5839,22,2.9014658494976935,0,1
TD3,739,5839,23,1.8494608016290235,0,1
TD3,739,5839,24,2.767372723894463,0,1
TD3,739,5839,25,3.2550280147181807,0,1
TD3,739,5839,26,2.0488828411114475,0,1
TD3,739,5839,27,3.2774300737258457,0,1
TD3,739,5839,28,1.962088411737561,0,1
TD3,739,5839,29,2.167334068442536,0,1
TD3,739,5839,30,2.197997463567085,0,1
TD3,739,5839,31,4.004492546457015,0,1
TD3,739,5839,32,2.259850002568449,0,1
TD3,739,5839,34,1.8687189442052674,0,1
TD3,739,5839,35,1.826580143013247,0,1
TD3,739,5839,37,0.9001553726859532,1,1
TD3,739,5839,40,1.3631524100708816,0,1
TD3,739,5839,42,1.5434841016898904,0,1
TD3,739,5839,43,2.1701057977524094,0,1
TD3,739,5839,45,2.216054320043122,0,1
TD3,739,5839,46,0.9043720703125,1,1
TD3,739,5839,48,1.001821845710824,0,1
TD3,739,5839,51,2.408880834010075,0,1
TD3,739,5839,52,2.551681823059803,0,1
TD3,739,5839,53,7.020661223829926,0,1
TD3,739,5839,54,2.330954447363483,0,1
TD3,739,5839,55,1.332589347250291,0,1
TD3,739,5839,56,0.9467981551933009,1,1
TD3,739,5839,60,1.0453575172326166,0,1
TD3,739,5839,61,5.466257206059794,0,1
TD3,739,5839,62,3.715978725338667,0,1
TD3,739,5839,63,1.018981702252461,0,1
TD3,739,5839,65,1.0510455992346708,0,1
TD3,739,5839,67,2.2415703016621364,0,1
TD3,739,5839,68,1.453629812446791,0,1
TD3,739,5839,69,1.609322237744123,0,1
TD3,739,5839,70,2.2571488783072495,0,1
TD3,739,5839,71,1.0289195648668898,0,1
TD3,739,5839,74,1.8720650038325655,0,1
TD3,739,5839,75,1.0231709132601703,0,1
TD3,739,5839,76,2.525461961193481,0,1
TD3,739,5839,77,1.1506883629840112,0,1
TD3,739,5839,78,6.243948135837698,0,1
TD3,739,5839,80,1.3776598514753517,0,1
TD3,739,5839,81,0.8531101569661113,1,1
TD3,739,5839,82,1.387999085685125,0,1
TD3,739,5839,83,1.006270007332296,0,1
TD3,739,5839,84,2.2877596498209307,0,1
TD3,739,5839,86,1.2706962713990868,0,1
TD3,739,5839,87,2.4115728780334336,0,1
TD3,739,5839,88,2.3824383206053787,0,1
TD3,739,5839,89,1.438158177147882,0,1
TD3,739,5839,90,1.8390760299534112,0,1
TD3,739,5839,91,5.259714478797095,0,1
TD3,739,5839,92,1.7534855511239127,0,1
TD3,739,5839,93,2.998282526518558,0,1
TD3,739,5839,94,2.955826061803983,0,1
TD3,739,5839,95,2.2034938727698687,0,1
TD3,739,5839,96,2.1476943163830056,0,1
TD3,739,5839,97,1.0059108407366433,0,1
TD3,739,5839,98,0.8295683716145799,1,1
TD3,739,5841,5,1.888706956435447,0,1
TD3,739,5841,9,13.869291532954826,0,1
TD3,739,5841,10,3.6649262043998885,0,1
TD3,739,5841,11,5.154330175913396,0,1
TD3,739,5841,12,7.958174112415759,0,1
TD3,739,5841,13,3.6342816500711232,0,1
TD3,739,5841,14,2.183276894440582,0,1
TD3,739,5841,15,1.8965403382617312,0,1
TD3,739,5841,16,2.6331407429932585,0,1
TD3,739,5841,17,1.7656540084388184,0,1
TD3,739,5841,18,2.345441437444543,0,1
TD3,739,5841,19,1.8214290950140006,0,1
TD3,739,5841,20,1.8889861290237675,0,1
TD3,739,5841,21,1.6990910254768914,0,1
TD3,739,5841,22,3.0242395329289624,0,1
TD3,739,5841,23,1.7051066947089821,0,1
TD3,739,5841,24,4.196476886765298,0,1
TD3,739,5841,25,3.082548869834645,0,1
TD3,739,5841,26,2.883085019712137,0,1
TD3,739,5841,27,3.232881369902532,0,1
TD3,739,5841,28,6.395997965066984,0,1
TD3,739,5841,29,1.7006121527210527,0,1
TD3,739,5841,30,2.2664786214826917,0,1
TD3,739,5841,31,3.093810169929574,0,1
TD3,739,5841,32,5.867784070674464,0,1
TD3,739,5841,33,1.828468902412011,0,1
TD3,739,5841,35,1.5296692950453104,0,1
TD3,739,5841,36,1.5714935515901487,0,1
TD3,739,5841,37,1.8058160984608178,0,1
TD3,739,5841,39,2.2509156529080903,0,1
TD3,739,5841,41,0.9987715638304514,1,1
TD3,739,5841,43,2.3404928418627615,0,1
TD3,739,5841,45,1.4454850820663763,0,1
TD3,739,5841,46,4.07862703725262,0,1
TD3,739,5841,47,2.393291142556671,0,1
TD3,739,5841,48,1.6467671306861806,0,1
TD3,739,5841,51,1.1567954309265165,0,1
TD3,739,5841,52,1.5912517894067122,0,1
TD3,739,5841,53,2.1478786417395566,0,1
TD3,739,5841,56,1.112010286145272,0,1
TD3,739,5841,58,1.02078343625031,0,1
TD3,739,5841,59,1.004694374009323,0,1
TD3,739,5841,62,6.8432352678172235,0,1
TD3,739,5841,63,1.266423747556613,0,1
TD3,739,5841,64,1.3672591988654073,0,1
TD3,739,5841,65,1.1188322462524314,0,1
TD3,739,5841,67,15.220551378446116,0,1
TD3,739,5841,68,3.291939276073263,0,1
TD3,739,5841,69,1.7386511293317413,0,1
TD3,739,5841,70,1.515366934683133,0,1
TD3,739,5841,71,0.8435967862001693,1,1
TD3,739,5841,72,14.627641939494408,0,1
TD3,739,5841,73,1.0729772500883648,0,1
TD3,739,5841,76,1.9396296945509983,0,1
TD3,739,5841,77,2.3222934939128157,0,1
TD3,739,5841,78,1.3707125796563293,0,1
TD3,739,5841,79,2.800716451206956,0,1
TD3,739,5841,80,4.01147440619111,0,1
TD3,739,5841,81,1.0201158457186474,0,1
TD3,739,5841,83,0.6464010546307353,1,1
TD3,739,5841,84,1.4041829006697897,0,1
TD3,739,5841,85,0.9441788865799745,1,1
TD3,739,5841,86,5.232045397043408,0,1
TD3,739,5841,87,1.442025256323978,0,1
TD3,739,5841,88,1.9183085600229839,0,1
TD3,739,5841,89,4.45905890636001,0,1
TD3,739,5841,90,3.69085155547461,0,1
TD3,739,5841,91,2.0632867874332494,0,1
TD3,739,5841,92,1.7187469446387342,0,1
TD3,739,5841,93,1.9323564308064536,0,1
TD3,739,5841,94,1.3064647100521598,0,1
TD3,739,5841,96,9.084237343852728,0,1
TD3,739,5841,97,1.1188178675689209,0,1
TD3,739,5843,5,1.9383453450488695,0,1
TD3,739,5843,9,4.235740539068881,0,1
TD3,739,5843,10,10.454215014679157,0,1
TD3,739,5843,11,4.908885590759502,0,1
TD3,739,5843,12,1.4421400401300768,0,1
TD3,739,5843,13,2.31557484527431,0,1
TD3,739,5843,14,2.1974755182500316,0,1
TD3,739,5843,15,2.9750922765242973,0,1
TD3,739,5843,16,2.8839673006339672,0,1
TD3,739,5843,17,2.930543054305431,0,1
TD3,739,5843,18,1.9156759373823231,0,1
TD3,739,5843,19,1.905519791143038,0,1
TD3,739,5843,20,4.815378554544804,0,1
TD3,739,5843,21,2.736806137024085,0,1
TD3,739,5843,22,3.755835743017302,0,1
TD3,739,5843,23,2.9189647881690077,0,1
TD3,739,5843,24,3.6172822120447705,0,1
TD3,739,5843,25,1.9712341820615646,0,1
TD3,739,5843,26,5.495352732771016,0,1
TD3,739,5843,27,3.582687161549969,0,1
TD3,739,5843,28,2.859885152844179,0,1
TD3,739,5843,29,2.3251376507603565,0,1
TD3,739,5843,30,3.5437063626681393,0,1
TD3,739,5843,31,2.204308702046066,0,1
TD3,739,5843,33,2.3130198341924895,0,1
TD3,739,5843,35,1.078001738200294,0,1
TD3,739,5843,38,1.0706636028452403,0,1
TD3,739,5843,41,0.7686195815763427,1,1
TD3,739,5843,42,0.8777869286428611,1,1
TD3,739,5843,44,18.32705718270572,0,1
TD3,739,5843,46,2.093548406311613,0,1
TD3,739,5843,47,2.4270507123494536,0,1
TD3,739,5843,48,2.8589734522662376,0,1
TD3,739,5843,49,2.4685150571131884,0,1
TD3,739,5843,50,1.5093931564462448,0,1
TD3,739,5843,52,1.6473079194374858,0,1
TD3,739,5843,54,1.5745629064647468,0,1
TD3,739,5843,56,1.114323061664811,0,1
TD3,739,5843,58,2.2832600058451353,0,1
TD3,739,5843,60,1.3043800919141952,0,1
TD3,739,5843,61,7.868985051764211,0,1
TD3,739,5843,62,2.021310664670017,0,1
TD3,739,5843,63,1.2060823800532419,0,1
TD3,739,5843,66,1.0325839307053963,0,1
TD3,739,5843,68,3.354209056376057,0,1
TD3,739,5843,69,1.925026285236773,0,1
TD3,739,5843,71,1.1639194629359912,0,1
TD3,739,5843,73,1.1636025963934513,0,1
TD3,739,5843,74,0.8396252871827506,1,1
TD3,739,5843,77,1.430568706601548,0,1
TD3,739,5843,79,2.1473059025226546,0,1
TD3,739,5843,80,1.4408036919427951,0,1
TD3,739,5843,81,1.4284957583789404,0,1
TD3,739,5843,83,0.9919063317542249,1,1
TD3,739,5843,86,1.4915548911763035,0,1
TD3,739,5843,87,1.0520924774915856,0,1
TD3,739,5843,88,3.091187525198008,0,1
TD3,739,5843,89,0.9695247114791649,1,1
TD3,739,5843,90,15.76806469682117,0,1
TD3,739,5843,92,1.2187018869457478,0,1
TD3,739,5843,93,7.25673834674715,0,1
TD3,739,5843,94,3.776916353133432,0,1
TD3,739,5843,95,1.4639335030400702,0,1
TD3,739,5843,96,1.9639332929705504,0,1
TD3,739,5843,97,1.0074080703024202,0,1
TD3,739,5843,98,13.566576288812954,0,1
TD3,739,5845,5,2.0775002468160726,0,1
TD3,739,5845,9,5.873867738200641,0,1
TD3,739,5845,10,6.371385364414281,0,1
TD3,739,5845,11,9.04666148205755,0,1
TD3,739,5845,12,4.019586206896552,0,1
TD3,739,5845,13,1.5008633995018261,0,1
TD3,739,5845,14,1.8050872306113475,0,1
TD3,739,5845,15,2.2284408361567474,0,1
TD3,739,5845,16,3.043066440373384,0,1
TD3,739,5845,17,3.4232547648584637,0,1
TD3,739,5845,18,3.4678356010660685,0,1
TD3,739,5845,19,1.993742502110517,0,1
TD3,739,5845,20,2.733628541096273,0,1
TD3,739,5845,21,2.8723829176169615,0,1
TD3,739,5845,22,2.4394132161307733,0,1
TD3,739,5845,23,2.938020412177371,0,1
TD3,739,5845,24,5.1955599522307185,0,1
TD3,739,5845,25,1.9754342275320744,0,1
TD3,739,5845,26,2.1770469568964974,0,1
TD3,739,5845,27,2.3599427618687474,0,1
TD3,739,5845,28,2.580724350506385,0,1
TD3,739,5845,29,1.856319519926063,0,1
TD3,739,5845,30,3.0849758663458804,0,1
TD3,739,5845,31,1.40299982185839,0,1
TD3,739,5845,33,2.6180898964435,0,1
TD3,739,5845,35,1.0967567657227077,0,1
TD3,739,5845,37,0.9917136566741295,1,1
TD3,739,5845,38,1.0354998054849964,0,1
TD3,739,5845,41,1.6348609878332865,0,1
TD3,739,5845,43,1.7130299372506381,0,1
TD3,739,5845,44,2.3235399712781235,0,1
TD3,739,5845,45,0.8783902540975145,1,1
TD3,739,5845,47,2.834318797733432,0,1
TD3,739,5845,48,9.422587504088975,0,1
TD3,739,5845,49,2.1350785828946877,0,1
TD3,739,5845,50,13.21773262165621,0,1
TD3,739,5845,51,1.364038889961169,0,1
TD3,739,5845,52,1.8283729303941265,0,1
TD3,739,5845,54,1.1533143302618065,0,1
TD3,739,5845,57,1.9201028911596305,0,1
TD3,739,5845,59,1.1344244925727063,0,1
TD3,739,5845,61,4.539904921013194,0,1
TD3,739,5845,62,0.9551184314451616,1,1
TD3,739,5845,63,15.332291602203107,0,1
TD3,739,5845,64,0.8430118313564826,1,1
TD3,739,5845,66,15.353958685301796,0,1
TD3,739,5845,67,12.399126884005046,0,1
TD3,739,5845,68,2.3662020884445156,0,1
TD3,739,5845,69,1.256675149938908,0,1
TD3,739,5845,70,0.9411153270958733,1,1
TD3,739,5845,74,1.3960972477274627,0,1
TD3,739,5845,75,11.59192956818247,0,1
TD3,739,5845,76,4.082014001936438,0,1
TD3,739,5845,78,2.2309702337162585,0,1
TD3,739,5845,79,1.013310153257934,0,1
TD3,739,5845,80,0.8518832904688907,1,1
TD3,739,5845,82,1.2385818609853654,0,1
TD3,739,5845,84,1.1201801003360707,0,1
TD3,739,5845,85,2.4591426045065097,0,1
TD3,739,5845,86,1.6693070001402832,0,1
TD3,739,5845,87,1.187148168190539,0,1
TD3,739,5845,88,2.847867631286442,0,1
TD3,739,5845,89,3.4511050233932528,0,1
TD3,739,5845,90,1.4262271604810848,0,1
TD3,739,5845,91,11.249689988252186,0,1
TD3,739,5845,92,1.4635697723661096,0,1
TD3,739,5845,93,1.9062916516962023,0,1
TD3,739,5845,94,1.9940102988833883,0,1
TD3,739,5845,95,1.4721355849466538,0,1
TD3,739,5845,96,12.040117534180856,0,1
TD3,739,5845,97,6.029892720770955,0,1
TD3,739,5845,98,2.0164079157047197,0,1
TD3,739,5846,5,2.6578168180023685,0,1
TD3,739,5846,7,10.624309392265191,0,1
TD3,739,5846,8,8.12618914381645,0,1
TD3,739,5846,9,10.740284663361585,0,1
TD3,739,5846,10,5.458823529411764,0,1
TD3,739,5846,11,3.2721085448318257,0,1
TD3,739,5846,12,2.476001404532318,0,1
TD3,739,5846,13,2.5900931606453077,0,1
TD3,739,5846,14,2.298635112823335,0,1
TD3,739,5846,15,2.280910431946147,0,1
TD3,739,5846,16,2.8761285404607064,0,1
TD3,739,5846,17,2.558167618445703,0,1
TD3,739,5846,18,1.5939593245009909,0,1
TD3,739,5846,19,1.6368406597377814,0,1
TD3,739,5846,20,4.406919870006237,0,1
TD3,739,5846,21,3.7031371763186605,0,1
TD3,739,5846,22,2.2870991218860364,0,1
TD3,739,5846,23,2.641979091981405,0,1
TD3,739,5846,24,2.0859158911352558,0,1
TD3,739,5846,25,4.257993296415038,0,1
TD3,739,5846,26,2.046721189221438,0,1
TD3,739,5846,27,2.7831637612598024,0,1
TD3,739,5846,28,2.321707597511719,0,1
TD3,739,5846,29,2.2423551448882066,0,1
TD3,739,5846,30,3.027086781836974,0,1
TD3,739,5846,31,1.7712748422999347,0,1
TD3,739,5846,32,5.873275277086632,0,1
TD3,739,5846,33,1.6130894209626192,0,1
TD3,739,5846,35,1.4069041210442417,0,1
TD3,739,5846,37,1.1107826917166381,0,1
TD3,739,5846,38,1.5145807238976137,0,1
TD3,739,5846,40,13.242383331990006,0,1
TD3,739,5846,41,1.3479201627725426,0,1
TD3,739,5846,43,2.555047195086765,0,1
TD3,739,5846,44,1.396919282229151,0,1
TD3,739,5846,46,1.3187469959757856,0,1
TD3,739,5846,50,2.1876435320615317,0,1
TD3,739,5846,51,0.8867786338949839,1,1
TD3,739,5846,52,1.643638431097908,0,1
TD3,739,5846,53,1.6683005394003703,0,1
TD3,739,5846,55,1.021432970130043,0,1
TD3,739,5846,56,11.06584894656266,0,1
TD3,739,5846,57,1.7492807661361542,0,1
TD3,739,5846,58,0.9993917417241783,1,1
TD3,739,5846,61,2.1462061523528257,0,1
TD3,739,5846,62,1.6224071656512913,0,1
TD3,739,5846,63,1.7977693641941919,0,1
TD3,739,5846,64,1.5134219769192174,0,1
TD3,739,5846,67,0.9486691580768094,1,1
TD3,739,5846,68,2.5591459663717853,0,1
TD3,739,5846,69,0.6676383559908928,1,1
TD3,739,5846,71,8.097871545929797,0,1
TD3,739,5846,72,4.775972439020546,0,1
TD3,739,5846,73,1.9892646477486766,0,1
TD3,739,5846,74,1.9499677770309134,0,1
TD3,739,5846,75,2.164046488430282,0,1
TD3,739,5846,76,1.78700756563905,0,1
TD3,739,5846,77,11.9792371616242,0,1
TD3,739,5846,78,1.0777329802183941,0,1
TD3,739,5846,79,1.8329424807060926,0,1
TD3,739,5846,80,2.279248048176077,0,1
TD3,739,5846,82,1.5272964347295257,0,1
TD3,739,5846,83,1.4891636711849772,0,1
TD3,739,5846,84,0.7871527256881192,1,1
TD3,739,5846,85,9.219472012703452,0,1
TD3,739,5846,86,0.7802431221129821,1,1
TD3,739,5846,87,12.635731289986609,0,1
TD3,739,5846,88,4.172634717838027,0,1
TD3,739,5846,89,1.4326760168202042,0,1
TD3,739,5846,90,2.138488160400882,0,1
TD3,739,5846,91,2.226443136160467,0,1
TD3,739,5846,92,7.219381923685599,0,1
TD3,739,5846,93,1.5224734322786526,0,1
TD3,739,5846,94,2.0144496403553256,0,1
TD3,739,5846,95,2.3256516413658557,0,1
TD3,739,5846,96,0.9418342859474277,1,1
TD3,739,5846,97,2.8230873972464576,0,1
TD3,739,5846,98,3.465218535494199,0,1
TD3,739,5848,5,1.9445767589560383,0,1
TD3,739,5848,9,17.50543352601156,0,1
TD3,739,5848,10,4.272263214070258,0,1
TD3,739,5848,11,5.066864592745579,0,1
TD3,739,5848,12,1.3428760953810703,0,1
TD3,739,5848,13,2.5344823435957924,0,1
TD3,739,5848,14,2.1421816158849705,0,1
TD3,739,5848,15,3.0796071370989417,0,1
TD3,739,5848,16,2.7140652951699464,0,1
TD3,739,5848,17,3.366669893045541,0,1
TD3,739,5848,18,1.5692969608202125,0,1
TD3,739,5848,19,3.058556210335449,0,1
TD3,739,5848,20,2.4719670396971214,0,1
TD3,739,5848,21,2.417025360979623,0,1
TD3,739,5848,22,2.539077381619345,0,1
TD3,739,5848,23,3.711503913267617,0,1
TD3,739,5848,24,2.5021166575378078,0,1
TD3,739,5848,25,2.6034678771850617,0,1
TD3,739,5848,26,4.824970631523515,0,1
TD3,739,5848,27,2.396969762202035,0,1
TD3,739,5848,28,3.8919373438400924,0,1
TD3,739,5848,29,3.343605231024486,0,1
TD3,739,5848,30,2.333269963761993,0,1
TD3,739,5848,31,3.216762322089363,0,1
TD3,739,5848,33,2.0184441723976523,0,1
TD3,739,5848,35,1.2312517198003066,0,1
TD3,739,5848,36,1.85608074902025,0,1
TD3,739,5848,38,0.9929472009412647,1,1
TD3,739,5848,41,0.8236636234218456,1,1
TD3,739,5848,44,2.4649182425138934,0,1
TD3,739,5848,46,1.3713018722284547,0,1
TD3,739,5848,47,2.138955308564423,0,1
TD3,739,5848,48,7.841728165078454,0,1
TD3,739,5848,49,0.9847021991725564,1,1
TD3,739,5848,52,1.52111882794817,0,1
TD3,739,5848,54,1.2913684823135907,0,1
TD3,739,5848,55,0.6990749954392426,1,1
TD3,739,5848,58,1.2180837349872162,0,1
TD3,739,5848,60,3.0824394550763246,0,1
TD3,739,5848,61,3.5454337422519377,0,1
TD3,739,5848,62,1.9962483567935203,0,1
TD3,739,5848,63,4.365430535976294,0,1
TD3,739,5848,64,1.0146606792112611,0,1
TD3,739,5848,66,4.39182888369311,0,1
TD3,739,5848,67,0.6207665688514361,1,1
TD3,739,5848,70,1.69206022360343,0,1
TD3,739,5848,72,2.316891037710474,0,1
TD3,739,5848,73,2.8763143503872954,0,1
TD3,739,5848,74,2.8271251156445514,0,1
TD3,739,5848,75,1.1579333083683427,0,1
TD3,739,5848,76,1.9327465769026342,0,1
TD3,739,5848,78,1.0763594866908324,0,1
TD3,739,5848,79,11.683441483731418,0,1
TD3,739,5848,80,1.8592022182875088,0,1
TD3,739,5848,81,1.0513852300031847,0,1
TD3,739,5848,84,2.123895024579503,0,1
TD3,739,5848,85,1.4332203062979092,0,1
TD3,739,5848,86,1.2062038868481366,0,1
TD3,739,5848,88,1.725340081777324,0,1
TD3,739,5848,90,1.3304824946046323,0,1
TD3,739,5848,91,5.691889530977019,0,1
TD3,739,5848,92,1.0138573945327018,0,1
TD3,739,5848,94,4.978737315336151,0,1
TD3,739,5848,95,0.9622466667066524,1,1
TD3,739,5848,96,11.756372321088895,0,1
TD3,739,5848,97,2.5258382114754308,0,1
TD3,739,5848,98,1.1182338486933114,0,1
TD3,739,5849,5,2.1463763823064768,0,1
TD3,739,5849,9,4.764496644295303,0,1
TD3,739,5849,10,5.725338062513854,0,1
TD3,739,5849,11,2.104253005319931,0,1
TD3,739,5849,12,2.822676946263985,0,1
TD3,739,5849,13,2.2188490941717265,0,1
TD3,739,5849,14,5.6826691482373555,0,1
TD3,739,5849,15,3.291768473882322,0,1
TD3,739,5849,16,2.3882406122534796,0,1
TD3,739,5849,17,2.24876102262629,0,1
TD3,739,5849,18,2.7878915184614663,0,1
TD3,739,5849,19,2.3091250598659,0,1
TD3,739,5849,20,2.625128457173495,0,1
TD3,739,5849,21,2.366282174516715,0,1
TD3,739,5849,22,2.1534770899102864,0,1
TD3,739,5849,23,2.619849651316982,0,1
TD3,739,5849,24,2.9485325541409506,0,1
TD3,739,5849,25,3.011619123789212,0,1
TD3,739,5849,26,4.837774043847015,0,1
TD3,739,5849,27,1.893813300262176,0,1
TD3,739,5849,28,2.2274699805212412,0,1
TD3,739,5849,29,2.1628735901469263,0,1
TD3,739,5849,30,3.1772832785817067,0,1
TD3,739,5849,31,2.4951819075712884,0,1
TD3,739,5849,33,1.5939391849433688,0,1
TD3,739,5849,35,0.9631216932272108,1,1
TD3,739,5849,36,1.7867584082590477,0,1
TD3,739,5849,39,1.739751595772284,0,1
TD3,739,5849,40,5.638618451553082,0,1
TD3,739,5849,41,1.4782699718868295,0,1
TD3,739,5849,44,1.0673331043233032,0,1
TD3,739,5849,46,1.2296339833261027,0,1
TD3,739,5849,50,2.079943616592831,0,1
TD3,739,5849,51,0.8517477207358104,1,1
TD3,739,5849,52,1.7136709300352408,0,1
TD3,739,5849,53,0.8215774971759177,1,1
TD3,739,5849,56,7.8362097935669714,0,1
TD3,739,5849,57,1.565971289529225,0,1
TD3,739,5849,58,1.173474949046722,0,1
TD3,739,5849,59,1.3659151236829679,0,1
TD3,739,5849,60,17.16903521566993,0,1
TD3,739,5849,61,8.161865583070146,0,1
TD3,739,5849,62,1.2411656869382202,0,1
TD3,739,5849,63,2.931762730450278,0,1
TD3,739,5849,64,1.6576361303227878,0,1
TD3,739,5849,65,0.9481969238371734,1,1
TD3,739,5849,68,0.996564074751994,1,1
TD3,739,5849,70,1.7448743452557613,0,1
TD3,739,5849,71,1.572691774578913,0,1
TD3,739,5849,72,6.592350746268657,0,1
TD3,739,5849,73,1.736260701925845,0,1
TD3,739,5849,74,10.074897215111319,0,1
TD3,739,5849,75,1.0967923509239237,0,1
TD3,739,5849,77,1.6225060591130553,0,1
TD3,739,5849,78,1.9487597163296275,0,1
TD3,739,5849,79,12.48690649385002,0,1
TD3,739,5849,80,1.5302260471131153,0,1
TD3,739,5849,81,2.692761111482299,0,1
TD3,739,5849,82,0.7306373338519602,1,1
TD3,739,5849,83,0.766010078341766,1,1
TD3,739,5849,84,4.126757627000857,0,1
TD3,739,5849,85,11.66615884115884,0,1
TD3,739,5849,86,3.244004921074303,0,1
TD3,739,5849,87,0.9983418982520913,1,1
TD3,739,5849,88,1.2130855233566793,0,1
TD3,739,5849,89,0.968561495818848,1,1
TD3,739,5849,90,0.9490736972595963,1,1
TD3,739,5849,91,0.6570350739608967,1,1
TD3,739,5849,92,0.9690230114771883,1,1
TD3,739,5849,93,0.8658158520202542,1,1
TD3,739,5849,94,0.7753193628343127,1,1
TD3,739,5849,95,0.1702412957177111,1,1
TD3,739,5851,5,5.844142565001462,0,1
TD3,739,5851,8,7.8296593186372725,0,1
TD3,739,5851,9,3.5776536723371417,0,1
TD3,739,5851,10,1.8072630173564754,0,1
TD3,739,5851,11,1.725431489961254,0,1
TD3,739,5851,12,5.7440952118371476,0,1
TD3,739,5851,13,4.788595025387235,0,1
TD3,739,5851,14,3.285583229643377,0,1
TD3,739,5851,15,3.0013841025930725,0,1
TD3,739,5851,16,2.4986395633947636,0,1
TD3,739,5851,17,1.9783068125310788,0,1
TD3,739,5851,18,2.6744229527144174,0,1
TD3,739,5851,19,2.551850271291837,0,1
TD3,739,5851,20,2.0942756360089376,0,1
TD3,739,5851,21,2.092531949353919,0,1
TD3,739,5851,22,1.7471841319103565,0,1
TD3,739,5851,23,1.9409371326511085,0,1
TD3,739,5851,24,2.444155298075126,0,1
TD3,739,5851,25,2.9998171445289645,0,1
TD3,739,5851,26,2.387371934541746,0,1
TD3,739,5851,27,3.2778467928996378,0,1
TD3,739,5851,28,1.711654040181068,0,1
TD3,739,5851,29,1.6472768333021965,0,1
TD3,739,5851,30,2.099311740890688,0,1
TD3,739,5851,31,3.7640647467236352,0,1
TD3,739,5851,32,1.9307932507668442,0,1
TD3,739,5851,34,1.5606330351886668,0,1
TD3,739,5851,35,1.719370262561538,0,1
TD3,739,5851,36,1.2732171629620754,0,1
TD3,739,5851,38,3.2319768939619133,0,1
TD3,739,5851,40,2.5145395764147,0,1
TD3,739,5851,41,0.9555821020892518,1,1
TD3,739,5851,43,4.652784795158187,0,1
TD3,739,5851,44,12.29472336065574,0,1
TD3,739,5851,45,1.233767924027281,0,1
TD3,739,5851,47,0.9628783029095995,1,1
TD3,739,5851,50,0.648769147755794,1,1
TD3,739,5851,51,2.86428049837981,0,1
TD3,739,5851,52,4.675290457748715,0,1
TD3,739,5851,53,1.0013493156381985,0,1
TD3,739,5851,54,16.28761656098471,0,1
TD3,739,5851,55,2.2923325102497207,0,1
TD3,739,5851,56,2.8001586889140473,0,1
TD3,739,5851,57,3.2576863576993267,0,1
TD3,739,5851,58,2.293144277366804,0,1
TD3,739,5851,59,2.1468923870267336,0,1
TD3,739,5851,60,1.1959135834203927,0,1
TD3,739,5851,62,1.819318053005056,0,1
TD3,739,5851,63,12.342286269672162,0,1
TD3,739,5851,64,1.3183447081798234,0,1
TD3,739,5851,65,1.439453389945468,0,1
TD3,739,5851,67,1.6700248560014666,0,1
TD3,739,5851,68,8.584576655419653,0,1
TD3,739,5851,69,0.775379113089596,1,1
TD3,739,5851,70,3.0719407525440916,0,1
TD3,739,5851,71,1.330984793202654,0,1
TD3,739,5851,73,3.5751939670799793,0,1
TD3,739,5851,74,1.092781592132121,0,1
TD3,739,5851,75,1.1216253545809631,0,1
TD3,739,5851,76,5.918321506237839,0,1
TD3,739,5851,77,1.4580262070064645,0,1
TD3,739,5851,79,11.567875762891946,0,1
TD3,739,5851,80,1.5842380361987114,0,1
TD3,739,5851,81,1.3856340888761292,0,1
TD3,739,5851,82,1.2636630998001346,0,1
TD3,739,5851,83,6.8856015442168745,0,1
TD3,739,5851,84,2.0715015886172123,0,1
TD3,739,5851,85,1.314034532161765,0,1
TD3,739,5851,86,1.5202427015722317,0,1
TD3,739,5851,87,1.8174712347794377,0,1
TD3,739,5851,88,7.708221663299385,0,1
TD3,739,5851,89,18.568884032478724,0,1
TD3,739,5851,90,4.449166775652365,0,1
TD3,739,5851,91,3.1859347829317963,0,1
TD3,739,5851,92,3.3051062610048727,0,1
TD3,739,5851,93,4.507078689684393,0,1
TD3,739,5851,94,2.8609512390641285,0,1
TD3,739,5851,95,4.731160073898006,0,1
TD3,739,5851,96,2.3930677956707296,0,1
TD3,739,5851,97,1.485530141698747,0,1
TD3,739,5851,98,2.9613202730855948,0,1
TD3,739,5852,5,6.064282941975549,0,1
TD3,739,5852,7,13.616914767487817,0,1
TD3,739,5852,8,5.515425065731815,0,1
TD3,739,5852,9,2.2539498703543646,0,1
TD3,739,5852,10,1.351406456484803,0,1
TD3,739,5852,11,1.260264665300832,0,1
TD3,739,5852,12,1.7367934495509776,0,1
TD3,739,5852,13,2.3832822522038613,0,1
TD3,739,5852,14,2.4396457651305297,0,1
TD3,739,5852,15,2.0214687297875518,0,1
TD3,739,5852,16,4.705342483054772,0,1
TD3,739,5852,17,1.6463742106115402,0,1
TD3,739,5852,18,1.7318863374226698,0,1
TD3,739,5852,19,2.7504821859094566,0,1
TD3,739,5852,20,3.0919850269734668,0,1
TD3,739,5852,21,1.4296394723360657,0,1
TD3,739,5852,22,1.601814036230613,0,1
TD3,739,5852,23,2.0406373157902813,0,1
TD3,739,5852,24,3.221819954048597,0,1
TD3,739,5852,25,3.355888558658711,0,1
TD3,739,5852,26,1.9356174582002046,0,1
TD3,739,5852,27,2.3558918894660668,0,1
TD3,739,5852,28,2.9312314736981815,0,1
TD3,739,5852,29,3.508319001333358,0,1
TD3,739,5852,30,2.842385410716799,0,1
TD3,739,5852,31,3.0515279696798943,0,1
TD3,739,5852,32,2.4866654590802377,0,1
TD3,739,5852,33,2.9714633382755142,0,1
TD3,739,5852,34,1.6090384865052005,0,1
TD3,739,5852,36,2.365423075461727,0,1
TD3,739,5852,38,1.7133579193696493,0,1
TD3,739,5852,40,0.996768202145822,1,1
TD3,739,5852,41,2.5167239314302625,0,1
TD3,739,5852,42,1.1341344765385688,0,1
TD3,739,5852,43,2.0310401545611194,0,1
TD3,739,5852,46,0.8261508290500261,1,1
TD3,739,5852,47,5.477671981871479,0,1
TD3,739,5852,48,1.738756389389706,0,1
TD3,739,5852,50,3.96343800678166,0,1
TD3,739,5852,51,2.3873891023200544,0,1
TD3,739,5852,52,1.7284953225900594,0,1
TD3,739,5852,53,0.6696783442497702,1,1
TD3,739,5852,55,6.253651131015634,0,1
TD3,739,5852,56,1.6277146248538492,0,1
TD3,739,5852,57,9.830321527052714,0,1
TD3,739,5852,58,3.0251768931063174,0,1
TD3,739,5852,59,3.9693065532563767,0,1
TD3,739,5852,60,1.5273887939125772,0,1
TD3,739,5852,61,1.3796600640684884,0,1
TD3,739,5852,62,1.4312539679064777,0,1
TD3,739,5852,64,6.139409506604947,0,1
TD3,739,5852,65,2.2409996634129925,0,1
TD3,739,5852,66,0.8100786472269984,1,1
TD3,739,5852,67,1.388191281924252,0,1
TD3,739,5852,68,2.0725235252453706,0,1
TD3,739,5852,69,3.523059273422562,0,1
TD3,739,5852,70,5.785855124621923,0,1
TD3,739,5852,71,1.6595339095795227,0,1
TD3,739,5852,72,1.9899949800153778,0,1
TD3,739,5852,73,3.0812895473456825,0,1
TD3,739,5852,74,2.2858826969255848,0,1
TD3,739,5852,75,1.58752293484205,0,1
TD3,739,5852,76,0.8649968566895363,1,1
TD3,739,5852,77,9.548508839612197,0,1
TD3,739,5852,78,1.3187346434321898,0,1
TD3,739,5852,80,10.855431216311224,0,1
TD3,739,5852,81,1.639684301280405,0,1
TD3,739,5852,82,1.7917219968144555,0,1
TD3,739,5852,83,0.977905577348853,1,1
TD3,739,5852,85,4.143893838375583,0,1
TD3,739,5852,86,13.590699476845572,0,1
TD3,739,5852,87,1.3808708440459483,0,1
TD3,739,5852,88,1.602416335580487,0,1
TD3,739,5852,89,2.3551233701757908,0,1
TD3,739,5852,90,7.774531853127891,0,1
TD3,739,5852,91,5.88059731064909,0,1
TD3,739,5852,92,0.9269459510335658,1,1
TD3,739,5852,93,1.924655892442418,0,1
TD3,739,5852,94,1.5703338375718092,0,1
TD3,739,5852,95,3.789597816252831,0,1
TD3,739,5852,96,10.811135144128777,0,1
TD3,739,5852,97,1.6457096318449504,0,1
TD3,739,5852,98,2.3387764314443524,0,1
TD3,739,5853,5,1.4577996226789791,0,1
TD3,739,5853,9,15.597903885480575,0,1
TD3,739,5853,10,10.835436473638719,0,1
TD3,739,5853,11,6.605329949238578,0,1
TD3,739,5853,12,2.448591730160089,0,1
TD3,739,5853,13,1.8254888388994637,0,1
TD3,739,5853,14,1.8854100174475508,0,1
TD3,739,5853,15,1.524002765750786,0,1
TD3,739,5853,16,3.1528782949339345,0,1
TD3,739,5853,17,4.777329749103942,0,1
TD3,739,5853,18,1.8833170990879302,0,1
TD3,739,5853,19,2.3943022608871583,0,1
TD3,739,5853,20,2.53208590812843,0,1
TD3,739,5853,21,1.417749670303321,0,1
TD3,739,5853,22,2.5995513337963922,0,1
TD3,739,5853,23,2.4002209908841263,0,1
TD3,739,5853,24,4.576611149487042,0,1
TD3,739,5853,25,2.1652753681112555,0,1
TD3,739,5853,26,3.0476979840650236,0,1
TD3,739,5853,27,2.1085462248428826,0,1
TD3,739,5853,28,3.976646032639279,0,1
TD3,739,5853,29,2.4929733666594935,0,1
TD3,739,5853,30,2.2668705815874652,0,1
TD3,739,5853,31,1.7074623961171271,0,1
TD3,739,5853,32,2.2837518355359765,0,1
TD3,739,5853,33,2.274998024973627,0,1
TD3,739,5853,35,1.4562323171702574,0,1
TD3,739,5853,37,1.7011227461601246,0,1
TD3,739,5853,38,0.7165915408770271,1,1
TD3,739,5853,41,1.1922687097910207,0,1
TD3,739,5853,43,3.590061670184261,0,1
TD3,739,5853,44,3.4712170830063065,0,1
TD3,739,5853,45,2.4663236862934035,0,1
TD3,739,5853,46,1.886009328911537,0,1
TD3,739,5853,47,3.197598465348939,0,1
TD3,739,5853,48,1.0469276270980863,0,1
TD3,739,5853,51,2.833753680835508,0,1
TD3,739,5853,52,1.0766959943255148,0,1
TD3,739,5853,54,0.9072441446704551,1,1
TD3,739,5853,57,1.2316008296757226,0,1
TD3,739,5853,59,2.3175135998995056,0,1
TD3,739,5853,60,2.043264358378982,0,1
TD3,739,5853,63,2.2482203328397006,0,1
TD3,739,5853,64,2.758335866921474,0,1
TD3,739,5853,65,1.938468100137535,0,1
TD3,739,5853,66,2.4125776702625568,0,1
TD3,739,5853,67,2.363133858559056,0,1
TD3,739,5853,68,1.6615055333970001,0,1
TD3,739,5853,69,1.2182066966213345,0,1
TD3,739,5853,72,1.211975525200845,0,1
TD3,739,5853,74,0.6482403078497481,1,1
TD3,739,5853,75,0.9527870573482856,1,1
TD3,739,5853,78,16.191013580153253,0,1
TD3,739,5853,79,1.010152736238899,0,1
TD3,739,5853,80,1.481713060815556,0,1
TD3,739,5853,81,1.3056281710727888,0,1
TD3,739,5853,82,6.9585451563781175,0,1
TD3,739,5853,83,2.488667725603097,0,1
TD3,739,5853,84,5.639628922551492,0,1
TD3,739,5853,85,1.3198647824565037,0,1
TD3,739,5853,86,2.346361120990542,0,1
TD3,739,5853,87,4.184583265842377,0,1
TD3,739,5853,88,1.5620012643582188,0,1
TD3,739,5853,89,1.504399172605947,0,1
TD3,739,5853,90,3.1893666927286946,0,1
TD3,739,5853,91,4.134965254193009,0,1
TD3,739,5853,92,1.3142372576094135,0,1
TD3,739,5853,93,0.34751695712848474,1,1
TD3,739,5854,5,5.066705675833821,0,1
TD3,739,5854,7,11.412845231891612,0,1
TD3,739,5854,8,5.547995780590716,0,1
TD3,739,5854,9,6.056354515050167,0,1
TD3,739,5854,10,1.438012946480176,0,1
TD3,739,5854,11,1.66453660600931,0,1
TD3,739,5854,12,2.049346167816927,0,1
TD3,739,5854,13,2.1189694206179652,0,1
TD3,739,5854,14,1.4735920154801916,0,1
TD3,739,5854,15,2.3280879914732355,0,1
TD3,739,5854,16,1.860193707513686,0,1
TD3,739,5854,17,1.810749910936943,0,1
TD3,739,5854,18,2.3393357799001615,0,1
TD3,739,5854,19,2.253978084802287,0,1
TD3,739,5854,20,2.427787417779751,0,1
TD3,739,5854,21,1.713173462547191,0,1
TD3,739,5854,22,1.949665836718648,0,1
TD3,739,5854,23,2.279401857113565,0,1
TD3,739,5854,24,1.8161466854724966,0,1
TD3,739,5854,25,2.6023338943210423,0,1
TD3,739,5854,26,1.7997870381029122,0,1
TD3,739,5854,27,3.2802163720285336,0,1
TD3,739,5854,28,2.2857343701946315,0,1
TD3,739,5854,29,2.9118134176101127,0,1
TD3,739,5854,30,1.6042163193998695,0,1
TD3,739,5854,31,1.9484972845611608,0,1
TD3,739,5854,32,4.6393290757246115,0,1
TD3,739,5854,33,1.9936446231849771,0,1
TD3,739,5854,34,1.8241925024764982,0,1
TD3,739,5854,35,18.994937900994763,0,1
TD3,739,5854,36,1.7009729040295432,0,1
TD3,739,5854,37,2.3771563068685992,0,1
TD3,739,5854,38,18.57183936295714,0,1
TD3,739,5854,39,0.8341784559503703,1,1
TD3,739,5854,41,16.768982073024354,0,1
TD3,739,5854,42,1.130417735956658,0,1
TD3,739,5854,44,13.063625816694142,0,1
TD3,739,5854,45,3.703713479008102,0,1
TD3,739,5854,46,1.2373125373561717,0,1
TD3,739,5854,47,2.929579423485532,0,1
TD3,739,5854,48,2.0045988977570808,0,1
TD3,739,5854,50,1.3887193838142975,0,1
TD3,739,5854,52,1.1753678856145333,0,1
TD3,739,5854,55,1.029811074503812,0,1
TD3,739,5854,57,0.6549289919756569,1,1
TD3,739,5854,61,1.5506106664708619,0,1
TD3,739,5854,62,1.0406504722735468,0,1
TD3,739,5854,63,1.9893973601945123,0,1
TD3,739,5854,64,0.9358913647242522,1,1
TD3,739,5854,67,1.434947260074328,0,1
TD3,739,5854,68,2.2999318476913406,0,1
TD3,739,5854,69,1.6733161003593982,0,1
TD3,739,5854,70,2.903481407092441,0,1
TD3,739,5854,71,1.7665698455424266,0,1
TD3,739,5854,72,5.786837070482895,0,1
TD3,739,5854,73,1.1101331245105717,0,1
TD3,739,5854,75,0.9505800268997984,1,1
TD3,739,5854,76,4.9239159044548275,0,1
TD3,739,5854,77,1.7575079066657164,0,1
TD3,739,5854,78,1.339069161233012,0,1
TD3,739,5854,79,3.556756421648654,0,1
TD3,739,5854,80,1.7573854891369731,0,1
TD3,739,5854,81,2.432517522135353,0,1
TD3,739,5854,82,3.2030821701509504,0,1
TD3,739,5854,83,2.3225643518322836,0,1
TD3,739,5854,84,1.8504297015154885,0,1
TD3,739,5854,85,1.3640022853964375,0,1
TD3,739,5854,86,1.3297218779775435,0,1
TD3,739,5854,87,1.0771935472233245,0,1
TD3,739,5854,88,1.763802349554818,0,1
TD3,739,5854,89,1.872402874834662,0,1
TD3,739,5854,90,2.436079653096451,0,1
TD3,739,5854,91,1.2666075471419829,0,1
TD3,739,5854,92,1.5798346646851198,0,1
TD3,739,5854,93,2.5752935312361536,0,1
TD3,739,5854,94,1.9506931982124633,0,1
TD3,739,5854,95,9.057273098764215,0,1
TD3,739,5854,96,2.6312105900530334,0,1
TD3,739,5854,97,1.6544152270258887,0,1
TD3,739,5854,98,1.9542776096822996,0,1
TD3,739,5855,5,1.8723203652242952,0,1
TD3,739,5855,9,13.756438289601554,0,1
TD3,739,5855,10,3.1609305141579727,0,1
TD3,739,5855,11,11.588246677848018,0,1
TD3,739,5855,12,1.6841805215804966,0,1
TD3,739,5855,13,2.9664185091294164,0,1
TD3,739,5855,14,2.128868424172958,0,1
TD3,739,5855,15,3.5872018659243095,0,1
TD3,739,5855,16,2.164744579714796,0,1
TD3,739,5855,17,2.727423373732975,0,1
TD3,739,5855,18,2.3530339737449992,0,1
TD3,739,5855,19,2.127172953979041,0,1
TD3,739,5855,20,1.8915888878413627,0,1
TD3,739,5855,21,2.592359249329759,0,1
TD3,739,5855,22,1.769073689399007,0,1
TD3,739,5855,23,1.594489915229465,0,1
TD3,739,5855,24,1.5713979715862674,0,1
TD3,739,5855,25,2.9865212045583833,0,1
TD3,739,5855,26,1.7895238826096014,0,1
TD3,739,5855,27,2.4179281066221248,0,1
TD3,739,5855,28,3.0436586985391765,0,1
TD3,739,5855,29,2.2072302743474084,0,1
TD3,739,5855,30,1.3331117082042423,0,1
TD3,739,5855,31,1.5720136908157447,0,1
TD3,739,5855,32,1.9757135786173898,0,1
TD3,739,5855,33,3.03706387052015,0,1
TD3,739,5855,34,1.5190699703005255,0,1
TD3,739,5855,35,1.9140644929384756,0,1
TD3,739,5855,36,4.358555504720709,0,1
TD3,739,5855,37,3.023486330778846,0,1
TD3,739,5855,38,1.4392251063288632,0,1
TD3,739,5855,39,2.6224445677894312,0,1
TD3,739,5855,40,2.4136271724385066,0,1
TD3,739,5855,41,1.6602834400792175,0,1
TD3,739,5855,42,5.434175425366451,0,1
TD3,739,5855,43,1.5982908090150116,0,1
TD3,739,5855,44,2.4352115204340103,0,1
TD3,739,5855,45,2.6793015243807528,0,1
TD3,739,5855,46,1.5231863695579726,0,1
TD3,739,5855,47,2.5503808886137675,0,1
TD3,739,5855,49,1.667533936249916,0,1
TD3,739,5855,51,1.248206394953216,0,1
TD3,739,5855,52,8.648581964101728,0,1
TD3,739,5855,54,1.2278772463999381,0,1
TD3,739,5855,56,1.444962451974505,0,1
TD3,739,5855,59,1.4990615376204968,0,1
TD3,739,5855,61,1.0773691057219363,0,1
TD3,739,5855,63,1.160131779043032,0,1
TD3,739,5855,64,0.9558960981113064,1,1
TD3,739,5855,67,1.0721722603901405,0,1
TD3,739,5855,69,1.0453002016268667,0,1
TD3,739,5855,71,1.9931033114684724,0,1
TD3,739,5855,72,10.1452237276557,0,1
TD3,739,5855,73,2.329780280906689,0,1
TD3,739,5855,74,0.9301606448862213,1,1
TD3,739,5855,76,6.621448831994297,0,1
TD3,739,5855,77,1.1884346232629939,0,1
TD3,739,5855,78,4.054910094532955,0,1
TD3,739,5855,79,0.8285359276358888,1,1
TD3,739,5855,81,0.9558271499612722,1,1
TD3,739,5855,82,9.592409130463887,0,1
TD3,739,5855,84,3.955864193432741,0,1
TD3,739,5855,85,2.6671773537083974,0,1
TD3,739,5855,86,1.14068009882664,0,1
TD3,739,5855,87,6.1012268274956885,0,1
TD3,739,5855,88,1.7283607724755323,0,1
TD3,739,5855,89,1.1310975506254985,0,1
TD3,739,5855,90,0.6113157393897101,1,1
TD3,739,5855,91,4.836206146078175,0,1
TD3,739,5855,92,11.891004016064256,0,1
TD3,739,5855,93,0.4460699644343286,1,1
TD3,739,5857,5,2.095092327441493,0,1
TD3,739,5857,9,4.763870879683342,0,1
TD3,739,5857,10,5.523537697383053,0,1
TD3,739,5857,11,2.4484236348768893,0,1
TD3,739,5857,12,2.791666666666667,0,1
TD3,739,5857,13,2.0228501345526424,0,1
TD3,739,5857,14,3.9308925645626895,0,1
TD3,739,5857,15,2.986404877906468,0,1
TD3,739,5857,16,4.37845802482779,0,1
TD3,739,5857,17,2.279417735910346,0,1
TD3,739,5857,18,1.8955544569516278,0,1
TD3,739,5857,19,3.55472954057669,0,1
TD3,739,5857,20,1.9191104676610211,0,1
TD3,739,5857,21,1.8889120377789892,0,1
TD3,739,5857,22,2.396221080619353,0,1
TD3,739,5857,23,2.4572537570911983,0,1
TD3,739,5857,24,1.54757349104192,0,1
TD3,739,5857,25,2.241154219378953,0,1
TD3,739,5857,26,2.188772034566427,0,1
TD3,739,5857,27,2.384611488987059,0,1
TD3,739,5857,28,2.4550282439285867,0,1
TD3,739,5857,29,2.939771903275639,0,1
TD3,739,5857,30,1.8818061750853499,0,1
TD3,739,5857,31,1.812441490599705,0,1
TD3,739,5857,32,1.9524981547268196,0,1
TD3,739,5857,33,3.4196283351212933,0,1
TD3,739,5857,34,0.9617859905928424,1,1
TD3,739,5857,36,2.016145921522845,0,1
TD3,739,5857,37,1.4909291102872235,0,1
TD3,739,5857,39,2.3830799775693,0,1
TD3,739,5857,40,2.5537216034187784,0,1
TD3,739,5857,41,0.97788342994149,1,1
TD3,739,5857,43,1.2838573324799285,0,1
TD3,739,5857,45,1.248604550456675,0,1
TD3,739,5857,46,1.0921730068104467,0,1
TD3,739,5857,47,1.5017077365275222,0,1
TD3,739,5857,48,7.057949260042283,0,1
TD3,739,5857,49,1.6196519705322834,0,1
TD3,739,5857,50,2.993312493124564,0,1
TD3,739,5857,51,1.8859187059311486,0,1
TD3,739,5857,52,2.060675275913073,0,1
TD3,739,5857,53,1.5326100948053156,0,1
TD3,739,5857,55,1.5389913667028359,0,1
TD3,739,5857,56,1.7441978173917336,0,1
TD3,739,5857,57,2.2866623305351736,0,1
TD3,739,5857,58,0.7985072279839714,1,1
TD3,739,5857,59,19.558560495313444,0,1
TD3,739,5857,61,1.8910629213483146,0,1
TD3,739,5857,62,1.57008028984859,0,1
TD3,739,5857,63,1.2588783652770525,0,1
TD3,739,5857,64,2.4458313692785576,0,1
TD3,739,5857,65,1.0766693849021434,0,1
TD3,739,5857,67,7.491008787856779,0,1
TD3,739,5857,68,2.2379320263662184,0,1
TD3,739,5857,69,1.3617829104787516,0,1
TD3,739,5857,70,1.4475875255065154,0,1
TD3,739,5857,71,4.624202558708921,0,1
TD3,739,5857,72,1.302219479795673,0,1
TD3,739,5857,73,6.5221632254629345,0,1
TD3,739,5857,74,2.0868831377592025,0,1
TD3,739,5857,75,1.9821700221536742,0,1
TD3,739,5857,76,1.3074512193340664,0,1
TD3,739,5857,77,2.153927720801749,0,1
TD3,739,5857,78,3.5051892820942223,0,1
TD3,739,5857,79,8.9357220793391,0,1
TD3,739,5857,80,1.08139822154731,0,1
TD3,739,5857,81,1.8126244353578385,0,1
TD3,739,5857,82,1.8040323804301241,0,1
TD3,739,5857,83,16.090823553563485,0,1
TD3,739,5857,84,4.971922474512102,0,1
TD3,739,5857,85,1.9758336081449517,0,1
TD3,739,5857,86,1.0381504795268803,0,1
TD3,739,5857,87,2.2022573341714025,0,1
TD3,739,5857,89,4.248450981527593,0,1
TD3,739,5857,90,1.0880570814471275,0,1
TD3,739,5857,91,3.414622669546094,0,1
TD3,739,5857,92,1.192161332269359,0,1
TD3,739,5857,93,19.899494498959264,0,1
TD3,739,5857,94,17.628309572301426,0,1
TD3,739,5857,95,1.323619010935862,0,1
TD3,739,5857,96,2.3548681839403907,0,1
TD3,739,5857,97,7.991687841853654,0,1
TD3,739,5857,98,8.952172340614275,0,1
TD3,739,5858,5,2.557238724958058,0,1
TD3,739,5858,7,10.598015873015873,0,1
TD3,739,5858,8,7.969643101326405,0,1
TD3,739,5858,9,11.240127985016386,0,1
TD3,739,5858,10,4.405318033550793,0,1
TD3,739,5858,11,3.466586726928931,0,1
TD3,739,5858,12,1.6476609453210247,0,1
TD3,739,5858,13,2.3825209395251146,0,1
TD3,739,5858,14,4.885210681944188,0,1
TD3,739,5858,15,3.3033614268914153,0,1
TD3,739,5858,16,2.638584896721621,0,1
TD3,739,5858,17,2.10617975444193,0,1
TD3,739,5858,18,2.4356896519231857,0,1
TD3,739,5858,19,2.326422476202212,0,1
TD3,739,5858,20,3.7031574035669843,0,1
TD3,739,5858,21,3.1142280917795486,0,1
TD3,739,5858,22,4.053784717741357,0,1
TD3,739,5858,23,2.8621894443719267,0,1
TD3,739,5858,24,2.8100621234939758,0,1
TD3,739,5858,25,2.1696900102072516,0,1
TD3,739,5858,26,2.3946627498855486,0,1
TD3,739,5858,27,2.16736641755535,0,1
TD3,739,5858,28,2.3791952426153045,0,1
TD3,739,5858,29,14.654466754294521,0,1
TD3,739,5858,30,1.9235951663752728,0,1
TD3,739,5858,32,2.7816863650138703,0,1
TD3,739,5858,33,2.4650925722982,0,1
TD3,739,5858,34,11.718779582028688,0,1
TD3,739,5858,35,1.0967833171608585,0,1
TD3,739,5858,38,0.8949788105772443,1,1
TD3,739,5858,41,0.9321967555747288,1,1
TD3,739,5858,43,4.723221174122802,0,1
TD3,739,5858,44,1.0327731808355434,0,1
TD3,739,5858,47,0.9873012652821526,1,1
TD3,739,5858,49,2.897385267892719,0,1
TD3,739,5858,50,2.168018131552209,0,1
TD3,739,5858,52,2.100459130884635,0,1
TD3,739,5858,53,2.6502067738955515,0,1
TD3,739,5858,55,0.9725792583548288,1,1
TD3,739,5858,58,0.9353874257367666,1,1
TD3,739,5858,60,15.905740212071779,0,1
TD3,739,5858,61,2.3660364809491776,0,1
TD3,739,5858,63,1.6689684931430826,0,1
TD3,739,5858,64,2.494407876300729,0,1
TD3,739,5858,66,0.887668574435892,1,1
TD3,739,5858,67,1.3267300698621771,0,1
TD3,739,5858,69,10.810738689200662,0,1
TD3,739,5858,70,15.765082644628102,0,1
TD3,739,5858,71,1.095344173379975,0,1
TD3,739,5858,72,1.4784102017239846,0,1
TD3,739,5858,73,2.059724263994738,0,1
TD3,739,5858,74,17.788875248450836,0,1
TD3,739,5858,75,1.2955509992833825,0,1
TD3,739,5858,77,1.7973093271686644,0,1
TD3,739,5858,78,1.376723402243153,0,1
TD3,739,5858,80,7.805704878376564,0,1
TD3,739,5858,81,1.6109085785957766,0,1
TD3,739,5858,83,0.9819700066952523,1,1
TD3,739,5858,85,8.013270783145261,0,1
TD3,739,5858,86,0.8741483706367433,1,1
TD3,739,5858,88,2.8849949121679526,0,1
TD3,739,5858,89,1.359751690434872,0,1
TD3,739,5858,91,0.9994272607253403,1,1
TD3,739,5858,92,0.6270152338012774,1,1
TD3,739,5858,93,5.962199755296542,0,1
TD3,739,5858,94,11.421301572828813,0,1
TD3,739,5858,95,0.5320262692168276,1,1
TD3,739,5858,96,12.538819875776397,0,1
TD3,739,5858,97,0.2815863539914465,1,1
TD3,739,5861,5,4.595746765974128,0,1
TD3,739,5861,8,4.018255147527063,0,1
TD3,739,5861,9,4.570002044850385,0,1
TD3,739,5861,10,1.8323102206539865,0,1
TD3,739,5861,11,0.98080362098097,1,1
TD3,739,5861,12,1.8910148096610675,0,1
TD3,739,5861,13,2.036928449071024,0,1
TD3,739,5861,14,3.4197935975151554,0,1
TD3,739,5861,15,2.7776724342261194,0,1
TD3,739,5861,16,1.3791476803571974,0,1
TD3,739,5861,17,4.672095808383234,0,1
TD3,739,5861,18,2.211486688603051,0,1
TD3,739,5861,19,2.3256764608233733,0,1
TD3,739,5861,20,1.2367317425885758,0,1
TD3,739,5861,21,2.5534538335277945,0,1
TD3,739,5861,22,2.149782400483928,0,1
TD3,739,5861,23,3.421320073119777,0,1
TD3,739,5861,24,2.243506789392144,0,1
TD3,739,5861,25,2.1901885075835748,0,1
TD3,739,5861,26,1.5132569602426602,0,1
TD3,739,5861,27,2.071462560432449,0,1
TD3,739,5861,28,2.574005231288874,0,1
TD3,739,5861,29,2.834018433633989,0,1
TD3,739,5861,30,2.1029508306538047,0,1
TD3,739,5861,31,2.8189201649885156,0,1
TD3,739,5861,32,2.4633778796143813,0,1
TD3,739,5861,33,1.9140822027841922,0,1
TD3,739,5861,34,2.1568872027276775,0,1
TD3,739,5861,35,1.7090672688290862,0,1
TD3,739,5861,36,1.744630932523765,0,1
TD3,739,5861,37,1.460793349718601,0,1
TD3,739,5861,39,2.5749933715404545,0,1
TD3,739,5861,41,3.324854948600043,0,1
TD3,739,5861,42,2.6242983573042573,0,1
TD3,739,5861,43,1.1353866986766137,0,1
TD3,739,5861,44,1.3014412313544277,0,1
TD3,739,5861,46,0.7631829336547984,1,1
TD3,739,5861,49,0.8094279804365058,1,1
TD3,739,5861,51,7.011691649796421,0,1
TD3,739,5861,52,2.46324479314365,0,1
TD3,739,5861,53,1.0007502763114373,0,1
TD3,739,5861,54,4.452699205134989,0,1
TD3,739,5861,55,0.9649300756346754,1,1
TD3,739,5861,56,6.068775688130527,0,1
TD3,739,5861,57,8.176657712427541,0,1
TD3,739,5861,58,1.316452862204137,0,1
TD3,739,5861,59,1.0987447485472992,0,1
TD3,739,5861,61,1.9446146058272087,0,1
TD3,739,5861,62,1.981228314298106,0,1
TD3,739,5861,64,1.0311689299888003,0,1
TD3,739,5861,65,1.7038575476558477,0,1
TD3,739,5861,66,12.146635850025678,0,1
TD3,739,5861,67,1.1882852707571678,0,1
TD3,739,5861,69,1.2427753417761764,0,1
TD3,739,5861,70,2.649726342009643,0,1
TD3,739,5861,71,1.7638433364942105,0,1
TD3,739,5861,72,1.3211773319172404,0,1
TD3,739,5861,73,3.7586787375496185,0,1
TD3,739,5861,74,18.17938185980742,0,1
TD3,739,5861,75,1.18356255374931,0,1
TD3,739,5861,76,16.30256332524926,0,1
TD3,739,5861,77,0.9557006644147534,1,1
TD3,739,5861,78,0.759203731619423,1,1
TD3,739,5861,79,4.813603737039991,0,1
TD3,739,5861,80,19.52281036401208,0,1
TD3,739,5861,81,2.1156682116214345,0,1
TD3,739,5861,82,4.954032981170326,0,1
TD3,739,5861,83,2.0862026084433376,0,1
TD3,739,5861,84,2.9858528997852014,0,1
TD3,739,5861,85,1.109195986315326,0,1
TD3,739,5861,86,0.7233882078611252,1,1
TD3,739,5861,87,1.123540152751001,0,1
TD3,739,5861,89,9.791338032108294,0,1
TD3,739,5861,90,2.259731261809784,0,1
TD3,739,5861,91,0.9527893951104851,1,1
TD3,739,5861,92,1.9401030680261955,0,1
TD3,739,5861,93,1.3612380123969359,0,1
TD3,739,5861,94,1.9408368002046623,0,1
TD3,739,5861,95,2.612606860897865,0,1
TD3,739,5861,96,1.201566868300895,0,1
TD3,739,5861,97,1.9873593643566079,0,1
TD3,739,5861,98,2.7617671128006127,0,1
TD3,739,5863,5,3.6750606501698204,0,1
TD3,739,5863,7,11.879324269753669,0,1
TD3,739,5863,8,5.269834299432051,0,1
TD3,739,5863,9,2.353873924892932,0,1
TD3,739,5863,11,2.6934735987944123,0,1
TD3,739,5863,12,1.2199818929420199,0,1
TD3,739,5863,13,2.444331259291889,0,1
TD3,739,5863,14,1.6737231975889177,0,1
TD3,739,5863,15,2.486390639470534,0,1
TD3,739,5863,16,5.08945861175508,0,1
TD3,739,5863,17,2.1625086044910793,0,1
TD3,739,5863,18,1.1756455139752786,0,1
TD3,739,5863,19,3.1041615799896913,0,1
TD3,739,5863,20,2.2845986822401914,0,1
TD3,739,5863,21,2.05197158516114,0,1
TD3,739,5863,22,3.087922427333945,0,1
TD3,739,5863,23,2.7422978214084313,0,1
TD3,739,5863,24,2.2170312649976873,0,1
TD3,739,5863,25,5.595570388349515,0,1
TD3,739,5863,26,2.579780616517999,0,1
TD3,739,5863,27,2.3272802397893444,0,1
TD3,739,5863,28,2.297309890429908,0,1
TD3,739,5863,29,2.4797112193744266,0,1
TD3,739,5863,30,1.6727385529721266,0,1
TD3,739,5863,31,4.688518097023251,0,1
TD3,739,5863,32,2.224989762722661,0,1
TD3,739,5863,33,7.793177931115828,0,1
TD3,739,5863,34,2.353289007898682,0,1
TD3,739,5863,36,1.0275964278244678,0,1
TD3,739,5863,38,0.8865013600097903,1,1
TD3,739,5863,39,1.2132991910057949,0,1
TD3,739,5863,42,1.6175233899270447,0,1
TD3,739,5863,43,2.8165525670037144,0,1
TD3,739,5863,44,3.5902967341568317,0,1
TD3,739,5863,45,1.1137568259199044,0,1
TD3,739,5863,46,9.76616598778004,0,1
TD3,739,5863,47,1.5856514634056773,0,1
TD3,739,5863,48,4.606526569741605,0,1
TD3,739,5863,49,2.3892780380382006,0,1
TD3,739,5863,51,1.9410905207318647,0,1
TD3,739,5863,53,1.9274385310193363,0,1
TD3,739,5863,54,1.3251463875525347,0,1
TD3,739,5863,56,0.940079016180047,1,1
TD3,739,5863,59,0.9236381322957198,1,1
TD3,739,5863,61,13.181288513193238,0,1
TD3,739,5863,62,0.8697264008128803,1,1
TD3,739,5863,64,1.0622796983198899,0,1
TD3,739,5863,66,2.699201754085444,0,1
TD3,739,5863,68,1.2408205047307794,0,1
TD3,739,5863,69,1.6439136222452297,0,1
TD3,739,5863,70,1.0065422503907429,0,1
TD3,739,5863,72,10.067977109234892,0,1
TD3,739,5863,73,6.602406577979812,0,1
TD3,739,5863,74,1.226141310923756,0,1
TD3,739,5863,75,1.2747239682606646,0,1
TD3,739,5863,76,5.93481338001937,0,1
TD3,739,5863,77,1.084737837665512,0,1
TD3,739,5863,79,1.5682497786181493,0,1
TD3,739,5863,80,10.165014432749219,0,1
TD3,739,5863,81,1.4677877730861026,0,1
TD3,739,5863,82,1.1494423621903282,0,1
TD3,739,5863,83,4.327119151898622,0,1
TD3,739,5863,84,4.804029613068559,0,1
TD3,739,5863,85,2.7421550705796176,0,1
TD3,739,5863,86,1.2544689429483182,0,1
TD3,739,5863,87,4.44166309724777,0,1
TD3,739,5863,88,1.3148780958889863,0,1
TD3,739,5863,89,16.948870883036985,0,1
TD3,739,5863,90,10.211942615959936,0,1
TD3,739,5863,91,1.0043647107867155,0,1
TD3,739,5863,92,2.0580749789677877,0,1
TD3,739,5863,93,2.0091780296590906,0,1
TD3,739,5863,94,2.2939163260317117,0,1
TD3,739,5863,95,9.052363636363635,0,1
TD3,739,5863,96,1.3819403491012434,0,1
TD3,739,5863,97,1.0295830436416378,0,1
TD3,739,5863,98,3.154767004395441,0,1
TD3,739,5867,5,2.1377055676639585,0,1
TD3,739,5867,9,9.079652285898263,0,1
TD3,739,5867,10,3.378783240027992,0,1
TD3,739,5867,11,2.4549182754944927,0,1
TD3,739,5867,12,2.616928421298459,0,1
TD3,739,5867,13,2.029625668449198,0,1
TD3,739,5867,14,4.7573912164552485,0,1
TD3,739,5867,15,3.673155853447301,0,1
TD3,739,5867,16,3.6904640359385366,0,1
TD3,739,5867,17,1.9158704517247496,0,1
TD3,739,5867,18,2.02785243627536,0,1
TD3,739,5867,19,4.441392357169883,0,1
TD3,739,5867,20,1.725117245473434,0,1
TD3,739,5867,21,1.0994276354534747,0,1
TD3,739,5867,22,2.3304955099668025,0,1
TD3,739,5867,23,2.1297577390768074,0,1
TD3,739,5867,24,1.5465235848728869,0,1
TD3,739,5867,25,1.4651498414282151,0,1
TD3,739,5867,26,2.2288935352622063,0,1
TD3,739,5867,27,2.1021023382615076,0,1
TD3,739,5867,28,2.336323575700346,0,1
TD3,739,5867,29,3.1820428143151585,0,1
TD3,739,5867,30,1.9871576837272464,0,1
TD3,739,5867,31,1.7268109752377303,0,1
TD3,739,5867,32,1.7272878741129285,0,1
TD3,739,5867,33,2.247638461056671,0,1
TD3,739,5867,34,6.0394703135160706,0,1
TD3,739,5867,35,1.8315001435974811,0,1
TD3,739,5867,36,1.777834490510201,0,1
TD3,739,5867,37,10.061215136833834,0,1
TD3,739,5867,38,1.0857056911624468,0,1
TD3,739,5867,40,1.553873585576541,0,1
TD3,739,5867,41,1.0057514270414116,0,1
TD3,739,5867,42,9.786233142327953,0,1
TD3,739,5867,43,1.6803109492009485,0,1
TD3,739,5867,44,2.110673342313742,0,1
TD3,739,5867,45,1.427590674127138,0,1
TD3,739,5867,46,1.4637768280813777,0,1
TD3,739,5867,47,1.924702923463855,0,1
TD3,739,5867,48,9.730515326748888,0,1
TD3,739,5867,49,1.3187097654457276,0,1
TD3,739,5867,50,6.589097098232909,0,1
TD3,739,5867,51,1.1838260139923575,0,1
TD3,739,5867,52,1.9405483961858432,0,1
TD3,739,5867,53,5.787235601032242,0,1
TD3,739,5867,54,1.6899449430911515,0,1
TD3,739,5867,55,3.9994606444428973,0,1
TD3,739,5867,56,1.5810884624326678,0,1
TD3,739,5867,57,1.3556516997771562,0,1
TD3,739,5867,58,2.292220323292743,0,1
TD3,739,5867,59,2.1657060518731988,0,1
TD3,739,5867,60,6.100830811429608,0,1
TD3,739,5867,61,1.6459596695896543,0,1
TD3,739,5867,62,1.4805470986138953,0,1
TD3,739,5867,63,0.9294048281417385,1,1
TD3,739,5867,64,2.2236351892222337,0,1
TD3,739,5867,65,3.0955287390340467,0,1
TD3,739,5867,66,6.929593127207711,0,1
TD3,739,5867,67,2.0370079513104935,0,1
TD3,739,5867,68,1.7675033836182155,0,1
TD3,739,5867,69,2.4083321176249926,0,1
TD3,739,5867,70,1.532225438279117,0,1
TD3,739,5867,71,1.9558235897202874,0,1
TD3,739,5867,72,2.1946380774212115,0,1
TD3,739,5867,73,4.268780606525459,0,1
TD3,739,5867,74,2.970059521773338,0,1
TD3,739,5867,75,1.6212782632707423,0,1
TD3,739,5867,76,4.147023476616598,0,1
TD3,739,5867,77,2.948241862073912,0,1
TD3,739,5867,79,5.3349382978015205,0,1
TD3,739,5867,80,2.0025539089930824,0,1
TD3,739,5867,81,2.0503837558703193,0,1
TD3,739,5867,82,2.2191522854684087,0,1
TD3,739,5867,83,1.057966063236481,0,1
TD3,739,5867,84,0.5918071120294689,1,1
TD3,739,5867,88,2.0897114648365496,0,1
TD3,739,5867,89,1.1590976958456194,0,1
TD3,739,5867,90,2.592697366413379,0,1
TD3,739,5867,91,4.350890711110266,0,1
TD3,739,5867,92,15.910093357498104,0,1
TD3,739,5867,93,2.116587730139913,0,1
TD3,739,5867,95,2.1716891741850706,0,1
TD3,739,5867,96,1.0725518351465742,0,1
TD3,739,5867,97,2.197858207769573,0,1
TD3,739,5867,98,1.1166080461106322,0,1
TD3,739,5868,5,3.940879702194357,0,1
TD3,739,5868,7,16.408539731682147,0,1
TD3,739,5868,8,14.31809201241885,0,1
TD3,739,5868,9,4.381996667717386,0,1
TD3,739,5868,10,2.8441851385936756,0,1
TD3,739,5868,11,2.5209640666082382,0,1
TD3,739,5868,12,3.1000146675956146,0,1
TD3,739,5868,13,1.2581822889694458,0,1
TD3,739,5868,14,2.3715589926852427,0,1
TD3,739,5868,15,2.7663938973647713,0,1
TD3,739,5868,16,1.9927828359611215,0,1
TD3,739,5868,17,3.1171705630749393,0,1
TD3,739,5868,18,2.3934741370549784,0,1
TD3,739,5868,19,2.6069339255232764,0,1
TD3,739,5868,20,2.8313791268164445,0,1
TD3,739,5868,21,1.9465443001823415,0,1
TD3,739,5868,22,2.710490434489254,0,1
TD3,739,5868,23,2.324812341799773,0,1
TD3,739,5868,24,2.5906315768574033,0,1
TD3,739,5868,25,2.889886185774188,0,1
TD3,739,5868,26,3.09935860114889,0,1
TD3,739,5868,27,3.492483614279128,0,1
TD3,739,5868,28,3.6254142640364186,0,1
TD3,739,5868,29,1.9103070368738062,0,1
TD3,739,5868,30,2.410536523961826,0,1
TD3,739,5868,31,3.007342901861534,0,1
TD3,739,5868,32,2.2539625991710066,0,1
TD3,739,5868,34,4.71036513196828,0,1
TD3,739,5868,35,2.77475170418917,0,1
TD3,739,5868,36,1.8648616045608528,0,1
TD3,739,5868,38,1.0724594200255335,0,1
TD3,739,5868,39,1.5778853328911364,0,1
TD3,739,5868,40,1.2549348143634926,0,1
TD3,739,5868,43,1.125143162964945,0,1
TD3,739,5868,45,2.456979175536696,0,1
TD3,739,5868,46,1.1196545904994435,0,1
TD3,739,5868,49,4.45682708837452,0,1
TD3,739,5868,50,1.0112080373516164,0,1
TD3,739,5868,52,1.0863853144042843,0,1
TD3,739,5868,54,2.273445164469199,0,1
TD3,739,5868,56,1.5101252436757213,0,1
TD3,739,5868,57,1.4610086582611812,0,1
TD3,739,5868,58,0.5620198991071558,1,1
TD3,739,5868,59,11.804043340380547,0,1
TD3,739,5868,62,1.1544631041768718,0,1
TD3,739,5868,63,1.2834078510889204,0,1
TD3,739,5868,64,4.633013304073515,0,1
TD3,739,5868,65,2.23342836373549,0,1
TD3,739,5868,66,2.3859093468468466,0,1
TD3,739,5868,67,2.452150698389646,0,1
TD3,739,5868,68,6.953182437734913,0,1
TD3,739,5868,69,1.5743333774659076,0,1
TD3,739,5868,70,1.9705069752057538,0,1
TD3,739,5868,71,2.899987857562821,0,1
TD3,739,5868,72,1.9295612682363292,0,1
TD3,739,5868,73,2.243705662711215,0,1
TD3,739,5868,75,1.935502844470157,0,1
TD3,739,5868,76,1.3538242424801115,0,1
TD3,739,5868,78,0.8412051536356879,1,1
TD3,739,5868,81,0.8235496625878624,1,1
TD3,739,5868,84,2.047037828261775,0,1
TD3,739,5868,85,2.5117679606129384,0,1
TD3,739,5868,86,1.2643094155214198,0,1
TD3,739,5868,87,3.430754242427256,0,1
TD3,739,5868,88,1.255899666933464,0,1
TD3,739,5868,90,0.9855004618223364,1,1
TD3,739,5868,92,1.43027227481214,0,1
TD3,739,5868,94,1.2280952514672432,0,1
TD3,739,5868,95,1.655913753050596,0,1
TD3,739,5868,96,2.0676989501149285,0,1
TD3,739,5868,97,1.58640949951659,0,1
TD3,739,5868,98,0.8214928908671033,1,1
TD3,739,5869,5,3.973576642335766,0,1
TD3,739,5869,7,15.414756631470512,0,1
TD3,739,5869,8,6.900338324215375,0,1
TD3,739,5869,9,3.551334883065652,0,1
TD3,739,5869,10,3.4737448997693807,0,1
TD3,739,5869,12,2.7481739130434786,0,1
TD3,739,5869,13,1.4277329855347403,0,1
TD3,739,5869,14,1.3988964953509757,0,1
TD3,739,5869,15,1.471469589771249,0,1
TD3,739,5869,16,1.8663979424224086,0,1
TD3,739,5869,17,2.631975655430712,0,1
TD3,739,5869,18,1.5457938398094722,0,1
TD3,739,5869,19,5.195930091431345,0,1
TD3,739,5869,20,4.573633531577457,0,1
TD3,739,5869,21,2.690172554946785,0,1
TD3,739,5869,22,1.3907014681892331,0,1
TD3,739,5869,23,2.2375951938776786,0,1
TD3,739,5869,24,2.876662823696346,0,1
TD3,739,5869,25,2.0388499298737726,0,1
TD3,739,5869,26,2.966836377224532,0,1
TD3,739,5869,27,3.872648167180542,0,1
TD3,739,5869,28,2.6768234469124117,0,1
TD3,739,5869,29,2.3922777847579955,0,1
TD3,739,5869,30,1.8393652579245783,0,1
TD3,739,5869,31,1.7157772689231914,0,1
TD3,739,5869,32,2.951276047290002,0,1
TD3,739,5869,33,2.4174368816340097,0,1
TD3,739,5869,34,2.0770067978201694,0,1
TD3,739,5869,36,2.154312709827605,0,1
TD3,739,5869,37,0.9260222689834057,1,1
TD3,739,5869,39,1.4687600897242,0,1
TD3,739,5869,41,1.2663203163029815,0,1
TD3,739,5869,42,11.082217669292447,0,1
TD3,739,5869,43,5.314956392445796,0,1
TD3,739,5869,44,1.8415346212759272,0,1
TD3,739,5869,45,1.8274991359944703,0,1
TD3,739,5869,46,14.256367746797286,0,1
TD3,739,5869,47,2.431547218257067,0,1
TD3,739,5869,48,1.211249877931012,0,1
TD3,739,5869,50,2.447029311452721,0,1
TD3,739,5869,52,1.0989607683368288,0,1
TD3,739,5869,53,10.902042438484933,0,1
TD3,739,5869,54,0.7865097354868693,1,1
TD3,739,5869,57,1.1313985205160877,0,1
TD3,739,5869,59,1.367296730260346,0,1
TD3,739,5869,60,1.8945836351451062,0,1
TD3,739,5869,61,1.1603104700193743,0,1
TD3,739,5869,62,11.555218321031937,0,1
TD3,739,5869,63,1.384668815957768,0,1
TD3,739,5869,64,1.611163877982977,0,1
TD3,739,5869,66,1.561724338456738,0,1
TD3,739,5869,67,1.4796953830903938,0,1
TD3,739,5869,69,1.4019959497034604,0,1
TD3,739,5869,70,3.2644999405833794,0,1
TD3,739,5869,71,11.156215114303741,0,1
TD3,739,5869,72,1.109017828086933,0,1
TD3,739,5869,74,1.1099098474341194,0,1
TD3,739,5869,75,5.318651328837762,0,1
TD3,739,5869,76,1.3871263737736956,0,1
TD3,739,5869,77,2.58016671362047,0,1
TD3,739,5869,78,0.72196897512524,1,1
TD3,739,5869,79,5.692225118846803,0,1
TD3,739,5869,80,3.8772447616110894,0,1
TD3,739,5869,81,1.2022735052288176,0,1
TD3,739,5869,82,10.154737432255653,0,1
TD3,739,5869,83,1.395396545756476,0,1
TD3,739,5869,84,3.4418327632975587,0,1
TD3,739,5869,85,2.37029711447898,0,1
TD3,739,5869,86,1.7504587234810558,0,1
TD3,739,5869,87,1.172381460041097,0,1
TD3,739,5869,89,1.7653447223917023,0,1
TD3,739,5869,90,5.6958454289027225,0,1
TD3,739,5869,91,3.3377615850489497,0,1
TD3,739,5869,92,1.8428160900133046,0,1
TD3,739,5869,93,1.9501623734178832,0,1
TD3,739,5869,94,1.0799389893403653,0,1
TD3,739,5869,95,1.8505426045855204,0,1
TD3,739,5869,97,13.112762719714176,0,1
TD3,739,5869,98,1.0660706705551042,0,1
TD3,739,5871,5,1.6133995037220845,0,1
TD3,739,5871,9,16.46094674556213,0,1
TD3,739,5871,10,6.469672426205903,0,1
TD3,739,5871,11,3.2389696396318914,0,1
TD3,739,5871,12,1.4977391849992618,0,1
TD3,739,5871,13,2.4048848802549085,0,1
TD3,739,5871,14,2.2897293207390597,0,1
TD3,739,5871,15,7.220209417357228,0,1
TD3,739,5871,16,2.851965583741284,0,1
TD3,739,5871,17,2.7381261417171427,0,1
TD3,739,5871,18,1.2940141069629212,0,1
TD3,739,5871,19,2.3615272708710853,0,1
TD3,739,5871,20,2.1394680204380045,0,1
TD3,739,5871,21,2.1639771363607654,0,1
TD3,739,5871,22,2.1157222318790194,0,1
TD3,739,5871,23,2.1454847738704044,0,1
TD3,739,5871,24,3.6958283451514875,0,1
TD3,739,5871,25,3.4137088190073195,0,1
TD3,739,5871,26,2.693793170541881,0,1
TD3,739,5871,27,1.6913508085281697,0,1
TD3,739,5871,28,2.384759403118538,0,1
TD3,739,5871,29,2.207776061207975,0,1
TD3,739,5871,30,4.009125267293252,0,1
TD3,739,5871,31,3.218115141338298,0,1
TD3,739,5871,32,2.3304011632385797,0,1
TD3,739,5871,33,1.9520396664412891,0,1
TD3,739,5871,34,12.5672834886727,0,1
TD3,739,5871,35,1.257299565330664,0,1
TD3,739,5871,37,1.0070239979467,0,1
TD3,739,5871,38,1.3183970082459702,0,1
TD3,739,5871,40,1.6861216877768277,0,1
TD3,739,5871,41,2.0649027725807816,0,1
TD3,739,5871,43,2.1301024877365102,0,1
TD3,739,5871,44,1.3318552756014006,0,1
TD3,739,5871,46,2.1722923191263592,0,1
TD3,739,5871,47,1.692138239555356,0,1
TD3,739,5871,49,1.5183892023307748,0,1
TD3,739,5871,51,0.8852284015597432,1,1
TD3,739,5871,53,3.0377235308360144,0,1
TD3,739,5871,54,1.580259239204007,0,1
TD3,739,5871,56,1.1129689662652884,0,1
TD3,739,5871,57,1.2323256420922135,0,1
TD3,739,5871,58,1.826445256191003,0,1
TD3,739,5871,59,3.903247467603903,0,1
TD3,739,5871,60,1.4419759529884792,0,1
TD3,739,5871,62,1.4497909375441123,0,1
TD3,739,5871,63,0.8606795566209628,1,1
TD3,739,5871,64,4.410693269069102,0,1
TD3,739,5871,65,0.9336941953634278,1,1
TD3,739,5871,66,1.984550804236956,0,1
TD3,739,5871,67,2.6841260560355114,0,1
TD3,739,5871,68,1.8280712864121582,0,1
TD3,739,5871,69,4.054056960936156,0,1
TD3,739,5871,70,3.353623802543922,0,1
TD3,739,5871,71,3.4515143560592345,0,1
TD3,739,5871,72,1.7744575003344,0,1
TD3,739,5871,73,1.3373986051865394,0,1
TD3,739,5871,74,7.3137152536080565,0,1
TD3,739,5871,75,1.1762569183319953,0,1
TD3,739,5871,78,1.4553109079698041,0,1
TD3,739,5871,80,1.1745308086301118,0,1
TD3,739,5871,81,2.348169652928674,0,1
TD3,739,5871,83,1.1107742750490395,0,1
TD3,739,5871,84,5.905332281546681,0,1
TD3,739,5871,85,1.8775214041894384,0,1
TD3,739,5871,86,1.4072898252366355,0,1
TD3,739,5871,87,13.257550617283949,0,1
TD3,739,5871,88,1.4161902098481551,0,1
TD3,739,5871,90,1.7878407496796154,0,1
TD3,739,5871,91,0.7109264865449842,1,1
TD3,739,5871,92,0.5637147964754355,1,1
TD3,739,5871,93,7.169176033824893,0,1
TD3,739,5871,94,1.5207578401109472,0,1
TD3,739,5871,95,18.169193497968113,0,1
TD3,739,5871,96,0.7027709922240661,1,1
TD3,739,5871,97,0.6709275027852938,1,1
TD3,739,5871,98,2.862218122833243,0,1
TD3,739,5873,5,1.7425668979187312,0,1
TD3,739,5873,9,7.651104351276285,0,1
TD3,739,5873,10,10.287010506208214,0,1
TD3,739,5873,11,5.352016762702987,0,1
TD3,739,5873,12,3.3416040538179277,0,1
TD3,739,5873,13,1.2442073217607899,0,1
TD3,739,5873,14,2.299594649371706,0,1
TD3,739,5873,15,3.501289629231596,0,1
TD3,739,5873,16,5.850621636667285,0,1
TD3,739,5873,17,6.089139032552478,0,1
TD3,739,5873,18,1.7867253803042438,0,1
TD3,739,5873,19,2.597656167368265,0,1
TD3,739,5873,20,2.2050316957210776,0,1
TD3,739,5873,21,2.288435474729553,0,1
TD3,739,5873,22,4.05729274700961,0,1
TD3,739,5873,23,4.145752431079304,0,1
TD3,739,5873,24,2.3109320799362574,0,1
TD3,739,5873,25,3.0914566771294747,0,1
TD3,739,5873,26,3.151163525133767,0,1
TD3,739,5873,27,2.150909457010538,0,1
TD3,739,5873,28,2.4989526676796796,0,1
TD3,739,5873,29,2.567366059646344,0,1
TD3,739,5873,30,2.2738963298409893,0,1
TD3,739,5873,31,3.058141274171931,0,1
TD3,739,5873,33,1.6566504543046408,0,1
TD3,739,5873,35,2.647991181407467,0,1
TD3,739,5873,36,1.202911209118202,0,1
TD3,739,5873,39,2.8947116434559104,0,1
TD3,739,5873,40,1.6363963770132577,0,1
TD3,739,5873,42,0.9399981859807588,1,1
TD3,739,5873,43,0.8398049185043502,1,1
TD3,739,5873,47,1.4499251793495005,0,1
TD3,739,5873,48,1.4389248906250545,0,1
TD3,739,5873,49,2.534791112459569,0,1
TD3,739,5873,50,10.709679823515383,0,1
TD3,739,5873,51,3.0976360173398945,0,1
TD3,739,5873,52,3.653850724982172,0,1
TD3,739,5873,53,1.598737763454526,0,1
TD3,739,5873,54,1.082296502034317,0,1
TD3,739,5873,57,1.2425392889675198,0,1
TD3,739,5873,59,1.19441711839454,0,1
TD3,739,5873,60,1.217721095921678,0,1
TD3,739,5873,62,3.795657934749554,0,1
TD3,739,5873,63,1.9271672806189684,0,1
TD3,739,5873,65,2.9140738302419664,0,1
TD3,739,5873,66,1.5096187536965557,0,1
TD3,739,5873,68,1.2652055979627217,0,1
TD3,739,5873,70,1.4768816510648872,0,1
TD3,739,5873,72,17.418048352932587,0,1
TD3,739,5873,74,1.3969879908984533,0,1
TD3,739,5873,75,0.7529088324956275,1,1
TD3,739,5873,77,1.4513638264068902,0,1
TD3,739,5873,80,0.8663591444663281,1,1
TD3,739,5873,81,1.9864880583126554,0,1
TD3,739,5873,82,0.9475125340110214,1,1
TD3,739,5873,83,5.274617012056791,0,1
TD3,739,5873,84,1.5180400703283747,0,1
TD3,739,5873,85,7.3015019707535505,0,1
TD3,739,5873,86,1.8282689554758906,0,1
TD3,739,5873,87,2.1873757480669083,0,1
TD3,739,5873,88,2.36748947000253,0,1
TD3,739,5873,89,1.9899721913527106,0,1
TD3,739,5873,90,1.6410802835949345,0,1
TD3,739,5873,91,6.489943038565691,0,1
TD3,739,5873,92,1.3043544318836078,0,1
TD3,739,5873,94,1.689111747851003,0,1
TD3,739,5873,95,3.049807426548151,0,1
TD3,739,5873,96,1.4963926788084554,0,1
TD3,739,5873,97,0.8536228434806621,1,1
TD3,739,5873,98,11.920817369093234,0,1
TD3,739,5876,5,2.146968799368089,0,1
TD3,739,5876,9,4.638058459284906,0,1
TD3,739,5876,10,5.599839439497883,0,1
TD3,739,5876,11,2.3902936378466557,0,1
TD3,739,5876,12,1.4460772086335159,0,1
TD3,739,5876,13,3.479808555189949,0,1
TD3,739,5876,14,4.0492443981240225,0,1
TD3,739,5876,15,2.4181652903423654,0,1
TD3,739,5876,16,3.1219211080999703,0,1
TD3,739,5876,17,1.7763556957418416,0,1
TD3,739,5876,18,1.8418126888217519,0,1
TD3,739,5876,19,2.7894502140478834,0,1
TD3,739,5876,20,3.110333306817278,0,1
TD3,739,5876,21,4.7896993297637325,0,1
TD3,739,5876,22,2.890552458283961,0,1
TD3,739,5876,23,3.6281042523375224,0,1
TD3,739,5876,24,3.7141933028919327,0,1
TD3,739,5876,25,3.251501154734411,0,1
TD3,739,5876,26,2.5086808551148025,0,1
TD3,739,5876,27,2.6038735452492614,0,1
TD3,739,5876,28,3.5608205783857216,0,1
TD3,739,5876,29,3.084679705215419,0,1
TD3,739,5876,30,2.0588177059800072,0,1
TD3,739,5876,31,3.8195875659308456,0,1
TD3,739,5876,32,13.776358706731358,0,1
TD3,739,5876,33,1.55170508547028,0,1
TD3,739,5876,35,5.207245782567946,0,1
TD3,739,5876,36,1.0175220171070087,0,1
TD3,739,5876,37,1.943729140658837,0,1
TD3,739,5876,41,2.372140212353792,0,1
TD3,739,5876,42,1.3505615216504763,0,1
TD3,739,5876,43,1.1175915073828955,0,1
TD3,739,5876,44,0.9957446432828045,1,1
TD3,739,5876,46,1.0398149540756263,0,1
TD3,739,5876,49,2.697685484145057,0,1
TD3,739,5876,50,2.828009640702059,0,1
TD3,739,5876,51,1.6412838450885825,0,1
TD3,739,5876,52,1.44359031213923,0,1
TD3,739,5876,55,1.0810190376328117,0,1
TD3,739,5876,57,1.0749530486715768,0,1
TD3,739,5876,59,13.152422340254306,0,1
TD3,739,5876,61,2.0181867452015014,0,1
TD3,739,5876,62,0.6892739475496833,1,1
TD3,739,5876,64,10.402823326346935,0,1
TD3,739,5876,66,1.7281118702114888,0,1
TD3,739,5876,67,3.581918124512139,0,1
TD3,739,5876,68,2.6543797188631766,0,1
TD3,739,5876,69,1.2286993425571582,0,1
TD3,739,5876,72,1.4504867536963832,0,1
TD3,739,5876,73,2.7026017692527198,0,1
TD3,739,5876,75,1.1658418466234528,0,1
TD3,739,5876,77,1.3518496771499724,0,1
TD3,739,5876,78,1.6968028705922062,0,1
TD3,739,5876,79,1.5930457606936541,0,1
TD3,739,5876,82,0.7861854853107025,1,1
TD3,739,5876,84,1.3443096441669142,0,1
TD3,739,5876,86,9.272889594286282,0,1
TD3,739,5876,87,1.0736993463292082,0,1
TD3,739,5876,88,1.1603496314937982,0,1
TD3,739,5876,89,19.001389178301032,0,1
TD3,739,5876,90,0.9869064711191756,1,1
TD3,739,5876,93,1.2250007517063732,0,1
TD3,739,5876,94,4.3841791663916885,0,1
TD3,739,5876,95,1.5971477893435018,0,1
TD3,739,5876,96,1.1962506383229876,0,1
TD3,739,5876,97,12.291866532020533,0,1
TD3,739,5876,98,1.3359598995186364,0,1
TD3,739,5877,5,2.403604938271605,0,1
TD3,739,5877,9,5.980890424883105,0,1
TD3,739,5877,10,3.3522413466994525,0,1
TD3,739,5877,11,2.032025995043747,0,1
TD3,739,5877,12,1.2188268932052182,0,1
TD3,739,5877,13,3.279139408458491,0,1
TD3,739,5877,14,3.1431383577052867,0,1
TD3,739,5877,15,2.1424049927560462,0,1
TD3,739,5877,16,3.325568860530839,0,1
TD3,739,5877,17,1.8969322298667202,0,1
TD3,739,5877,18,2.076618352122323,0,1
TD3,739,5877,19,1.7443240594544562,0,1
TD3,739,5877,20,2.572632184616649,0,1
TD3,739,5877,21,2.204768805760609,0,1
TD3,739,5877,22,1.168924924357035,0,1
TD3,739,5877,23,1.6102880555624952,0,1
TD3,739,5877,24,1.6170934295698003,0,1
TD3,739,5877,25,1.935560493448778,0,1
TD3,739,5877,26,2.5174048023284024,0,1
TD3,739,5877,27,4.892180548844494,0,1
TD3,739,5877,28,4.370553822675003,0,1
TD3,739,5877,29,6.250221553554131,0,1
TD3,739,5877,30,2.000889800815693,0,1
TD3,739,5877,31,1.0866823134953898,0,1
TD3,739,5877,32,1.9620038200274184,0,1
TD3,739,5877,33,3.0962986016017258,0,1
TD3,739,5877,35,2.304511869837337,0,1
TD3,739,5877,36,11.620896293075335,0,1
TD3,739,5877,37,2.899153260887635,0,1
TD3,739,5877,38,1.4207541529102863,0,1
TD3,739,5877,40,1.0596235803310865,0,1
TD3,739,5877,42,2.5126798931413195,0,1
TD3,739,5877,43,2.86842366130166,0,1
TD3,739,5877,45,1.7863837471524893,0,1
TD3,739,5877,47,0.9365600261430227,1,1
TD3,739,5877,48,0.8373726281983161,1,1
TD3,739,5877,50,1.2682394886330677,0,1
TD3,739,5877,52,6.154361051329413,0,1
TD3,739,5877,53,1.4140203628392602,0,1
TD3,739,5877,54,3.0259772170387613,0,1
TD3,739,5877,55,2.8404891290534118,0,1
TD3,739,5877,56,1.0992811013169868,0,1
TD3,739,5877,59,1.5624603493722913,0,1
TD3,739,5877,60,1.2892257227980584,0,1
TD3,739,5877,62,1.0236414968494576,0,1
TD3,739,5877,64,0.8896775421680562,1,1
TD3,739,5877,65,12.073837546841188,0,1
TD3,739,5877,66,0.9274656261508316,1,1
TD3,739,5877,68,1.1560179696761714,0,1
TD3,739,5877,69,9.076862246882213,0,1
TD3,739,5877,70,3.4189193405793334,0,1
TD3,739,5877,71,1.640086505732011,0,1
TD3,739,5877,72,1.1123629024895996,0,1
TD3,739,5877,73,7.036379470506269,0,1
TD3,739,5877,74,1.6018421594283865,0,1
TD3,739,5877,76,1.9573843661949828,0,1
TD3,739,5877,77,2.468004913730527,0,1
TD3,739,5877,78,2.349393594321788,0,1
TD3,739,5877,79,0.9708754002392149,1,1
TD3,739,5877,81,10.167890299861275,0,1
TD3,739,5877,82,1.0951398602695916,0,1
TD3,739,5877,84,1.0660543447911004,0,1
TD3,739,5877,85,0.8278146318218297,1,1
TD3,739,5877,87,1.7373448422139839,0,1
TD3,739,5877,88,2.03194516085245,0,1
TD3,739,5877,89,9.460230239439072,0,1
TD3,739,5877,90,1.7571117149480344,0,1
TD3,739,5877,91,3.3211511535886045,0,1
TD3,739,5877,92,2.0240611429225557,0,1
TD3,739,5877,93,4.464075309156594,0,1
TD3,739,5877,94,3.5457228863745494,0,1
TD3,739,5877,95,1.0785578932661128,0,1
TD3,739,5877,96,4.252612403976502,0,1
TD3,739,5877,97,1.116057064190466,0,1
TD3,739,5878,5,3.786875669360336,0,1
TD3,739,5878,8,4.770636623748211,0,1
TD3,739,5878,9,2.6134268323069807,0,1
TD3,739,5878,11,2.4850004322642003,0,1
TD3,739,5878,12,1.1806325359782186,0,1
TD3,739,5878,13,3.6228364042434396,0,1
TD3,739,5878,14,3.0509011808576756,0,1
TD3,739,5878,15,2.4005057996741486,0,1
TD3,739,5878,16,2.440563418741182,0,1
TD3,739,5878,17,4.941834877914604,0,1
TD3,739,5878,18,2.2275642136642517,0,1
TD3,739,5878,19,1.2785299584643273,0,1
TD3,739,5878,20,1.9496501416652314,0,1
TD3,739,5878,21,1.983512539084934,0,1
TD3,739,5878,22,3.3132656058328585,0,1
TD3,739,5878,23,2.141538260885767,0,1
TD3,739,5878,24,2.7575047439313964,0,1
TD3,739,5878,25,3.4196758005335184,0,1
TD3,739,5878,26,9.141315381738526,0,1
TD3,739,5878,27,2.645728008088979,0,1
TD3,739,5878,28,2.46055643339191,0,1
TD3,739,5878,29,2.5411862887522023,0,1
TD3,739,5878,30,1.5310219904469624,0,1
TD3,739,5878,31,3.9377461791283,0,1
TD3,739,5878,32,1.7845709696625636,0,1
TD3,739,5878,34,1.5552671392836794,0,1
TD3,739,5878,36,0.9545786270108162,1,1
TD3,739,5878,38,1.7204949612517313,0,1
TD3,739,5878,40,1.6238768489609086,0,1
TD3,739,5878,42,2.261725122836898,0,1
TD3,739,5878,43,1.883229039694962,0,1
TD3,739,5878,45,1.3784193831790867,0,1
TD3,739,5878,47,1.23452910462193,0,1
TD3,739,5878,48,0.8158510296748154,1,1
TD3,739,5878,51,1.7537918352919684,0,1
TD3,739,5878,53,3.059287887855824,0,1
TD3,739,5878,54,9.10330604834857,0,1
TD3,739,5878,55,2.0238715845802617,0,1
TD3,739,5878,56,0.9741289196639626,1,1
TD3,739,5878,58,6.088078638548478,0,1
TD3,739,5878,59,0.6990948393694248,1,1
TD3,739,5878,61,18.644454498448813,0,1
TD3,739,5878,62,1.4486098094345516,0,1
TD3,739,5878,64,1.2200761759664827,0,1
TD3,739,5878,65,1.1909533663593985,0,1
TD3,739,5878,66,1.213842257675005,0,1
TD3,739,5878,68,1.4918368037593734,0,1
TD3,739,5878,69,6.0811048171079785,0,1
TD3,739,5878,70,1.5121533155731781,0,1
TD3,739,5878,71,2.2174992472235835,0,1
TD3,739,5878,72,2.1994456617956497,0,1
TD3,739,5878,73,1.628195611239861,0,1
TD3,739,5878,74,1.8194222751319926,0,1
TD3,739,5878,75,3.54625050868777,0,1
TD3,739,5878,76,0.8723868245164061,1,1
TD3,739,5878,78,1.9960453500223212,0,1
TD3,739,5878,79,1.632810753855487,0,1
TD3,739,5878,80,8.88683633172444,0,1
TD3,739,5878,81,1.7122499753183928,0,1
TD3,739,5878,82,2.4200442297313303,0,1
TD3,739,5878,83,0.7411489570055306,1,1
TD3,739,5878,84,16.185581961077848,0,1
TD3,739,5878,85,0.9216654586507854,1,1
TD3,739,5878,86,1.645327390101445,0,1
TD3,739,5878,87,1.567699284313882,0,1
TD3,739,5878,88,1.669861978574581,0,1
TD3,739,5878,89,2.061890223667618,0,1
TD3,739,5878,90,1.6250561738734586,0,1
TD3,739,5878,91,2.960509246110032,0,1
TD3,739,5878,92,2.0890705767777,0,1
TD3,739,5878,93,2.441378563695417,0,1
TD3,739,5878,94,1.5480959914436596,0,1
TD3,739,5878,95,1.5800212870901587,0,1
TD3,739,5878,96,0.6386560062988373,1,1
TD3,739,5878,97,3.351201542381051,0,1
TD3,739,5878,98,0.9096328517004274,1,1
TD3,739,5879,5,3.405024390243902,0,1
TD3,739,5879,7,11.444575308299848,0,1
TD3,739,5879,8,11.913161773041606,0,1
TD3,739,5879,9,4.902866614664587,0,1
TD3,739,5879,11,3.9839540360775385,0,1
TD3,739,5879,12,2.3657037348665453,0,1
TD3,739,5879,13,3.4024633751602664,0,1
TD3,739,5879,14,4.1311348272988235,0,1
TD3,739,5879,15,4.1572981959515625,0,1
TD3,739,5879,16,3.758598557398427,0,1
TD3,739,5879,17,2.626852345415778,0,1
TD3,739,5879,18,2.1866667404881075,0,1
TD3,739,5879,19,2.2694161115736886,0,1
TD3,739,5879,20,2.6370867124142228,0,1
TD3,739,5879,21,2.720309081119474,0,1
TD3,739,5879,22,3.106547208014888,0,1
TD3,739,5879,23,2.159312635433719,0,1
TD3,739,5879,24,2.2696709193451245,0,1
TD3,739,5879,25,2.4158533776969557,0,1
TD3,739,5879,26,2.6914607075519883,0,1
TD3,739,5879,27,2.713038000937157,0,1
TD3,739,5879,29,1.5841180767262535,0,1
TD3,739,5879,30,2.2595235786025265,0,1
TD3,739,5879,31,3.1428368521369405,0,1
TD3,739,5879,32,1.943772712385171,0,1
TD3,739,5879,34,2.281359657338378,0,1
TD3,739,5879,35,1.544110443108439,0,1
TD3,739,5879,36,19.382303468065107,0,1
TD3,739,5879,37,0.9172059055959985,1,1
TD3,739,5879,39,13.298661174047375,0,1
TD3,739,5879,40,0.9314202063550673,1,1
TD3,739,5879,43,1.0717082842462837,0,1
TD3,739,5879,45,1.793115146903931,0,1
TD3,739,5879,46,2.5501104477611944,0,1
TD3,739,5879,47,1.8336307630235409,0,1
TD3,739,5879,49,1.5752210487608616,0,1
TD3,739,5879,50,1.0683528251713525,0,1
TD3,739,5879,53,0.9185846326424892,1,1
TD3,739,5879,54,1.035626960649021,0,1
TD3,739,5879,56,0.7651104120925519,1,1
TD3,739,5879,57,8.893408987284058,0,1
TD3,739,5879,59,2.8762852493607274,0,1
TD3,739,5879,60,1.746197357674066,0,1
TD3,739,5879,61,2.3188428017526292,0,1
TD3,739,5879,62,2.4213838651461046,0,1
TD3,739,5879,63,2.8887028894102107,0,1
TD3,739,5879,64,2.8562973452766522,0,1
TD3,739,5879,65,0.9993986483323939,1,1
TD3,739,5879,66,17.130212579168496,0,1
TD3,739,5879,67,5.147073895664651,0,1
TD3,739,5879,68,1.3668407649672942,0,1
TD3,739,5879,70,1.6426984691815252,0,1
TD3,739,5879,71,3.7161147279070517,0,1
TD3,739,5879,72,1.3892300296450604,0,1
TD3,739,5879,73,0.7365570136214384,1,1
TD3,739,5879,74,1.6449044962879389,0,1
TD3,739,5879,77,1.7013424708352927,0,1
TD3,739,5879,78,1.3989446273866897,0,1
TD3,739,5879,79,2.462423925223611,0,1
TD3,739,5879,80,2.1343424505048896,0,1
TD3,739,5879,81,0.6933128651443736,1,1
TD3,739,5879,82,0.9256953054585881,1,1
TD3,739,5879,83,2.282027567686068,0,1
TD3,739,5879,84,1.1248542451366113,0,1
TD3,739,5879,85,3.2099078100019427,0,1
TD3,739,5879,86,2.071338532124458,0,1
TD3,739,5879,87,2.2934059494674433,0,1
TD3,739,5879,88,3.2001361470388026,0,1
TD3,739,5879,89,1.9411015317716163,0,1
TD3,739,5879,90,2.8304318735967158,0,1
TD3,739,5879,91,3.3185752012472562,0,1
TD3,739,5879,92,1.4505818331757252,0,1
TD3,739,5879,93,12.779972477064218,0,1
TD3,739,5879,94,1.30340717672052,0,1
TD3,739,5879,95,3.1886477326865608,0,1
TD3,739,5879,96,1.3437937004105502,0,1
TD3,739,5879,97,3.903156272416707,0,1
TD3,739,5879,98,1.6295834684169088,0,1
TD3,739,5881,5,1.6633574903206592,0,1
TD3,739,5881,9,18.079459322890347,0,1
TD3,739,5881,10,7.510333002436603,0,1
TD3,739,5881,11,6.1322369458905195,0,1
TD3,739,5881,12,1.6281293283443243,0,1
TD3,739,5881,13,2.9230352219571887,0,1
TD3,739,5881,14,1.3745465580758534,0,1
TD3,739,5881,15,3.423824096866476,0,1
TD3,739,5881,16,2.907237846086767,0,1
TD3,739,5881,17,4.976340991649762,0,1
TD3,739,5881,18,1.9815977251998502,0,1
TD3,739,5881,19,2.842364692824965,0,1
TD3,739,5881,20,2.950233823654451,0,1
TD3,739,5881,21,2.00065431644379,0,1
TD3,739,5881,22,3.3139112447635104,0,1
TD3,739,5881,23,2.939838482146323,0,1
TD3,739,5881,24,2.161203106682298,0,1
TD3,739,5881,25,2.704857274010099,0,1
TD3,739,5881,26,2.016692248656945,0,1
TD3,739,5881,27,2.2455916349539424,0,1
TD3,739,5881,28,3.091468186980141,0,1
TD3,739,5881,29,2.092955091623969,0,1
TD3,739,5881,30,2.0893802820009264,0,1
TD3,739,5881,31,9.231978563241535,0,1
TD3,739,5881,32,2.0337666232439577,0,1
TD3,739,5881,33,1.171107583509903,0,1
TD3,739,5881,35,2.2922537475384797,0,1
TD3,739,5881,37,1.5031324041811849,0,1
TD3,739,5881,39,2.7689477177199326,0,1
TD3,739,5881,40,1.1371627303977034,0,1
TD3,739,5881,43,0.7645733847553842,1,1
TD3,739,5881,45,1.1485328725417594,0,1
TD3,739,5881,47,17.11707684851096,0,1
TD3,739,5881,48,2.529067799041689,0,1
TD3,739,5881,49,4.442788645243994,0,1
TD3,739,5881,50,1.2836084643127479,0,1
TD3,739,5881,51,1.9163128608819004,0,1
TD3,739,5881,52,15.943800078444555,0,1
TD3,739,5881,53,2.000766398184001,0,1
TD3,739,5881,55,1.5315475168755062,0,1
TD3,739,5881,56,2.3585621279847007,0,1
TD3,739,5881,58,1.1408645973909135,0,1
TD3,739,5881,61,1.3505417518568574,0,1
TD3,739,5881,63,1.042189758635387,0,1
TD3,739,5881,65,4.283254492098904,0,1
TD3,739,5881,66,0.922735734029393,1,1
TD3,739,5881,67,17.769104504833116,0,1
TD3,739,5881,69,0.9281252747344757,1,1
TD3,739,5881,71,1.3572172018326316,0,1
TD3,739,5881,72,6.3205381768036,0,1
TD3,739,5881,73,1.2421951298619394,0,1
TD3,739,5881,74,6.201673571332425,0,1
TD3,739,5881,75,2.0662430692693303,0,1
TD3,739,5881,76,0.9610719812389326,1,1
TD3,739,5881,77,6.890189255289464,0,1
TD3,739,5881,78,8.386245553734861,0,1
TD3,739,5881,79,0.9587092480424405,1,1
TD3,739,5881,80,3.8812334755634668,0,1
TD3,739,5881,81,1.2943986880953335,0,1
TD3,739,5881,82,1.259022108389805,0,1
TD3,739,5881,83,4.788056977746236,0,1
TD3,739,5881,84,12.158277465397926,0,1
TD3,739,5881,85,2.118769279082607,0,1
TD3,739,5881,86,1.4783676039417315,0,1
TD3,739,5881,87,0.6713019712813328,1,1
TD3,739,5881,88,5.089186691312384,0,1
TD3,739,5881,89,0.9568048612053852,1,1
TD3,739,5881,91,2.259212970907979,0,1
TD3,739,5881,92,3.2262676295988206,0,1
TD3,739,5881,93,2.067772732085505,0,1
TD3,739,5881,94,1.004676450460041,0,1
TD3,739,5881,95,0.9849596232567488,1,1
TD3,739,5881,96,18.656390090444354,0,1
TD3,739,5881,97,0.9643548731297472,1,1
TD3,739,5881,98,11.532736343073157,0,1
TD3,739,5882,5,5.577489515263826,0,1
TD3,739,5882,7,11.35211718050403,0,1
TD3,739,5882,8,6.943770672546856,0,1
TD3,739,5882,9,2.9581830871234147,0,1
TD3,739,5882,10,1.760849661234206,0,1
TD3,739,5882,11,1.5508789169123267,0,1
TD3,739,5882,12,2.8429936701005336,0,1
TD3,739,5882,13,2.4931504682358896,0,1
TD3,739,5882,14,3.54040657098887,0,1
TD3,739,5882,15,3.284259024431482,0,1
TD3,739,5882,16,2.0178518582992426,0,1
TD3,739,5882,17,1.9013771463435891,0,1
TD3,739,5882,18,2.7777173500619736,0,1
TD3,739,5882,19,1.6141723816578657,0,1
TD3,739,5882,20,2.7224728264332225,0,1
TD3,739,5882,21,4.416640278657379,0,1
TD3,739,5882,22,2.9751665186500893,0,1
TD3,739,5882,23,2.6807043870603877,0,1
TD3,739,5882,24,3.4588348347058635,0,1
TD3,739,5882,25,2.1033175145252136,0,1
TD3,739,5882,26,2.649730872156672,0,1
TD3,739,5882,27,2.9458551769331582,0,1
TD3,739,5882,28,3.467973975991937,0,1
TD3,739,5882,29,2.4770245110779894,0,1
TD3,739,5882,30,3.729868403852019,0,1
TD3,739,5882,31,3.009424789209762,0,1
TD3,739,5882,32,1.6090316547397827,0,1
TD3,739,5882,34,1.4643840651046793,0,1
TD3,739,5882,35,1.9972914625739273,0,1
TD3,739,5882,37,11.750801347074576,0,1
TD3,739,5882,38,1.0032644842419989,0,1
TD3,739,5882,40,1.1989328811119413,0,1
TD3,739,5882,41,0.820290050883157,1,1
TD3,739,5882,44,2.0762283376432897,0,1
TD3,739,5882,46,3.2450885295807437,0,1
TD3,739,5882,47,1.489606230330977,0,1
TD3,739,5882,48,1.7573163970780068,0,1
TD3,739,5882,49,1.3123726398932432,0,1
TD3,739,5882,52,5.146621488255805,0,1
TD3,739,5882,53,1.1038821420719414,0,1
TD3,739,5882,54,1.618682811367518,0,1
TD3,739,5882,55,9.592266847559122,0,1
TD3,739,5882,56,10.053063640340719,0,1
TD3,739,5882,57,14.07049117421335,0,1
TD3,739,5882,58,1.0067512203013123,0,1
TD3,739,5882,59,15.338924518993586,0,1
TD3,739,5882,60,0.7103671260519617,1,1
TD3,739,5882,63,1.0245026848064993,0,1
TD3,739,5882,65,2.7091139096568786,0,1
TD3,739,5882,66,1.7908323371189478,0,1
TD3,739,5882,67,1.2606516628201019,0,1
TD3,739,5882,69,1.3504922115761018,0,1
TD3,739,5882,71,11.898869586324077,0,1
TD3,739,5882,72,1.002260503307355,0,1
TD3,739,5882,74,1.077289729719116,0,1
TD3,739,5882,75,9.654073199527746,0,1
TD3,739,5882,76,8.969594907407407,0,1
TD3,739,5882,77,1.8434129550432878,0,1
TD3,739,5882,78,9.817804056149347,0,1
TD3,739,5882,79,0.9497215292093356,1,1
TD3,739,5882,81,1.6749086468966883,0,1
TD3,739,5882,82,0.7680078976689946,1,1
TD3,739,5882,84,1.7949300945290816,0,1
TD3,739,5882,85,1.2821111689908709,0,1
TD3,739,5882,87,1.3644601578387654,0,1
TD3,739,5882,88,1.2123207668048266,0,1
TD3,739,5882,89,6.10599630098316,0,1
TD3,739,5882,90,1.8046724342728535,0,1
TD3,739,5882,91,1.1094399030690278,0,1
TD3,739,5882,93,2.0602660560922956,0,1
TD3,739,5882,94,1.8637068612341245,0,1
TD3,739,5882,95,2.403831176139561,0,1
TD3,739,5882,96,2.2147150461564076,0,1
TD3,739,5882,97,6.33104981864322,0,1
TD3,739,5882,98,1.2646030914227402,0,1
TD3,739,5883,5,3.463853658536585,0,1
TD3,739,5883,7,4.730916815129506,0,1
TD3,739,5883,8,6.208591515729267,0,1
TD3,739,5883,9,3.6502009989036424,0,1
TD3,739,5883,10,16.071830306925918,0,1
TD3,739,5883,13,1.4815188102926964,0,1
TD3,739,5883,14,0.9223507041942118,1,1
TD3,739,5883,15,1.2320731100420745,0,1
TD3,739,5883,16,1.7735859096472093,0,1
TD3,739,5883,17,2.4764253699576835,0,1
TD3,739,5883,18,2.858713404306799,0,1
TD3,739,5883,19,3.78870210331084,0,1
TD3,739,5883,20,2.7262538137623236,0,1
TD3,739,5883,21,1.2464598116776575,0,1
TD3,739,5883,22,2.046913988722997,0,1
TD3,739,5883,23,2.1844903856178974,0,1
TD3,739,5883,24,4.252570093457945,0,1
TD3,739,5883,25,2.151818847018241,0,1
TD3,739,5883,26,2.0270771316885074,0,1
TD3,739,5883,27,1.8958534193970098,0,1
TD3,739,5883,28,2.6662869121399924,0,1
TD3,739,5883,29,3.369877281633494,0,1
TD3,739,5883,30,2.873879761015683,0,1
TD3,739,5883,31,3.1260307021167604,0,1
TD3,739,5883,32,2.0754009827710895,0,1
TD3,739,5883,33,1.7504697401090947,0,1
TD3,739,5883,34,2.08527396523535,0,1
TD3,739,5883,36,2.262434412741781,0,1
TD3,739,5883,38,2.411821827364324,0,1
TD3,739,5883,39,1.5844435639641423,0,1
TD3,739,5883,41,0.8326969350924773,1,1
TD3,739,5883,42,1.2188250103088307,0,1
TD3,739,5883,45,6.979131851604277,0,1
TD3,739,5883,46,1.397505147595173,0,1
TD3,739,5883,47,1.4832213405710872,0,1
TD3,739,5883,48,0.8397876129662163,1,1
TD3,739,5883,50,13.014886355384501,0,1
TD3,739,5883,51,1.6789937212114976,0,1
TD3,739,5883,53,1.7336937407679092,0,1
TD3,739,5883,54,4.112314748262997,0,1
TD3,739,5883,55,1.2981018852223647,0,1
TD3,739,5883,56,1.52493224075442,0,1
TD3,739,5883,59,1.4836576585712113,0,1
TD3,739,5883,61,0.9267345176973055,1,1
TD3,739,5883,63,17.88773274917853,0,1
TD3,739,5883,64,0.7478793403337869,1,1
TD3,739,5883,67,3.4489417717353295,0,1
TD3,739,5883,69,4.022406561960725,0,1
TD3,739,5883,70,3.4224648798644557,0,1
TD3,739,5883,71,2.0653176241178373,0,1
TD3,739,5883,72,2.0647862435544195,0,1
TD3,739,5883,73,0.7056710794685247,1,1
TD3,739,5883,74,1.6364222064540281,0,1
TD3,739,5883,76,1.3795479677428055,0,1
TD3,739,5883,77,0.9289026393040186,1,1
TD3,739,5883,79,4.136584272540984,0,1
TD3,739,5883,80,2.198076773811259,0,1
TD3,739,5883,81,1.7381683620432888,0,1
TD3,739,5883,82,16.954588040782582,0,1
TD3,739,5883,83,4.879160633685901,0,1
TD3,739,5883,84,1.608232037386775,0,1
TD3,739,5883,85,1.2956526788888143,0,1
TD3,739,5883,88,0.9666498750280837,1,1
TD3,739,5883,90,0.7944847576198107,1,1
TD3,739,5883,91,1.309184302623466,0,1
TD3,739,5883,94,2.054074159278018,0,1
TD3,739,5883,95,1.2039603744884844,0,1
TD3,739,5883,96,1.5818490862073975,0,1
TD3,739,5883,97,6.761173427512621,0,1
TD3,739,5883,98,2.8510861500240376,0,1
TD3,739,5887,5,2.102387556964534,0,1
TD3,739,5887,9,8.239226869455006,0,1
TD3,739,5887,10,3.3581764933890352,0,1
TD3,739,5887,11,4.679989458889669,0,1
TD3,739,5887,12,2.937265459291891,0,1
TD3,739,5887,13,1.134980478445789,0,1
TD3,739,5887,14,4.271081147859236,0,1
TD3,739,5887,15,3.7425581395348844,0,1
TD3,739,5887,16,4.5385538793965825,0,1
TD3,739,5887,17,1.689737751918374,0,1
TD3,739,5887,18,2.233551700432691,0,1
TD3,739,5887,19,2.8008279394829843,0,1
TD3,739,5887,20,1.946123355802974,0,1
TD3,739,5887,21,1.6913849178418001,0,1
TD3,739,5887,22,1.7299389778794811,0,1
TD3,739,5887,23,5.321103715293431,0,1
TD3,739,5887,24,1.8419375422265596,0,1
TD3,739,5887,25,1.5454133058251827,0,1
TD3,739,5887,26,2.7660234961707193,0,1
TD3,739,5887,27,5.100050849372857,0,1
TD3,739,5887,28,1.5017621816519815,0,1
TD3,739,5887,29,4.006314084676582,0,1
TD3,739,5887,30,1.7573001253474307,0,1
TD3,739,5887,31,1.1560091739440743,0,1
TD3,739,5887,32,15.3643509968272,0,1
TD3,739,5887,33,2.4803642527693466,0,1
TD3,739,5887,34,1.1116094938053753,0,1
TD3,739,5887,36,2.8618693892506784,0,1
TD3,739,5887,37,1.0815142626855179,0,1
TD3,739,5887,39,1.4568351910362751,0,1
TD3,739,5887,40,2.3115229172407465,0,1
TD3,739,5887,41,5.4593334903112325,0,1
TD3,739,5887,42,2.703357805310756,0,1
TD3,739,5887,43,1.18305751986586,0,1
TD3,739,5887,45,1.063603653585653,0,1
TD3,739,5887,47,18.261597551461325,0,1
TD3,739,5887,48,1.2513395470304831,0,1
TD3,739,5887,50,0.917084567938287,1,1
TD3,739,5887,52,4.127864055217563,0,1
TD3,739,5887,53,2.2002707061697153,0,1
TD3,739,5887,54,12.095403946140515,0,1
TD3,739,5887,55,1.3758301341670953,0,1
TD3,739,5887,56,7.516344108338087,0,1
TD3,739,5887,57,0.9448551059416076,1,1
TD3,739,5887,59,6.024991333396363,0,1
TD3,739,5887,60,0.7938831426908265,1,1
TD3,739,5887,63,0.8996087473102954,1,1
TD3,739,5887,65,1.0478036864188114,0,1
TD3,739,5887,66,1.459285724853165,0,1
TD3,739,5887,67,2.392127629237932,0,1
TD3,739,5887,69,1.3633305337812618,0,1
TD3,739,5887,70,2.894891710740353,0,1
TD3,739,5887,71,1.8486229819563154,0,1
TD3,739,5887,72,1.280683926722503,0,1
TD3,739,5887,73,12.205813689569078,0,1
TD3,739,5887,74,1.8794842793363988,0,1
TD3,739,5887,75,2.907622797124412,0,1
TD3,739,5887,76,1.9345677844597557,0,1
TD3,739,5887,77,1.216844570173888,0,1
TD3,739,5887,78,3.0050077309015175,0,1
TD3,739,5887,79,1.7923880867516464,0,1
TD3,739,5887,80,5.879664253321663,0,1
TD3,739,5887,81,2.618351537370329,0,1
TD3,739,5887,82,1.2552082527667634,0,1
TD3,739,5887,83,2.5700097655601244,0,1
TD3,739,5887,84,1.9737458208552032,0,1
TD3,739,5887,85,14.956115107913668,0,1
TD3,739,5887,86,6.97904076670411,0,1
TD3,739,5887,87,0.9549520495513077,1,1
TD3,739,5887,88,0.7011512449220918,1,1
TD3,739,5887,89,17.927075753900883,0,1
TD3,739,5887,91,6.784725836848246,0,1
TD3,739,5887,92,1.4635406467447356,0,1
TD3,739,5887,93,2.5031551322501695,0,1
TD3,739,5887,94,4.3572458893388015,0,1
TD3,739,5887,95,2.6593576587190952,0,1
TD3,739,5887,96,5.052152801862954,0,1
TD3,739,5887,97,0.8113528890573818,1,1
TD3,739,5887,98,0.5266104604819425,1,1
TD3,739,5888,5,2.056436428500644,0,1
TD3,739,5888,9,8.388222755129231,0,1
TD3,739,5888,10,3.1764808743169404,0,1
TD3,739,5888,11,9.386075219197044,0,1
TD3,739,5888,12,2.7269859329747623,0,1
TD3,739,5888,13,2.612074095154322,0,1
TD3,739,5888,14,1.5678697300172892,0,1
TD3,739,5888,15,3.5649749023982156,0,1
TD3,739,5888,16,2.9780425777358293,0,1
TD3,739,5888,17,2.8364319857798272,0,1
TD3,739,5888,18,2.4548629299807927,0,1
TD3,739,5888,19,1.7576778257000067,0,1
TD3,739,5888,20,7.7839058776806995,0,1
TD3,739,5888,21,1.998845908004072,0,1
TD3,739,5888,22,2.614674781108274,0,1
TD3,739,5888,23,2.265757158640175,0,1
TD3,739,5888,24,3.044347596116762,0,1
TD3,739,5888,25,5.935763466990684,0,1
TD3,739,5888,26,1.993480648274485,0,1
TD3,739,5888,27,2.8327783713937835,0,1
TD3,739,5888,28,1.8168499807279332,0,1
TD3,739,5888,29,1.9744621554749362,0,1
TD3,739,5888,30,2.0651245625729047,0,1
TD3,739,5888,31,9.72982452258193,0,1
TD3,739,5888,32,1.7527446862873477,0,1
TD3,739,5888,34,1.4930167525506508,0,1
TD3,739,5888,36,0.8965725123321788,1,1
TD3,739,5888,38,9.259308660002246,0,1
TD3,739,5888,39,0.90819280784896,1,1
TD3,739,5888,41,19.601706098595532,0,1
TD3,739,5888,42,1.7048510554511818,0,1
TD3,739,5888,44,1.9998365216844556,0,1
TD3,739,5888,45,1.1560326677926107,0,1
TD3,739,5888,47,1.063005253786892,0,1
TD3,739,5888,49,1.1830111498094948,0,1
TD3,739,5888,51,1.624137967101547,0,1
TD3,739,5888,53,1.4805864818730732,0,1
TD3,739,5888,54,1.6590881444587862,0,1
TD3,739,5888,55,4.453806719022688,0,1
TD3,739,5888,56,1.1698564593301437,0,1
TD3,739,5888,58,2.865525697078301,0,1
TD3,739,5888,59,0.9462228492047252,1,1
TD3,739,5888,61,1.5294332385560259,0,1
TD3,739,5888,62,0.7728088259605381,1,1
TD3,739,5888,64,2.4562198500605152,0,1
TD3,739,5888,65,1.4469813287840012,0,1
TD3,739,5888,67,2.3743332735843117,0,1
TD3,739,5888,68,1.705884650775187,0,1
TD3,739,5888,69,0.8402821224104349,1,1
TD3,739,5888,70,16.262207474676913,0,1
TD3,739,5888,71,0.8318575795809874,1,1
TD3,739,5888,72,1.5298073880407326,0,1
TD3,739,5888,74,2.0756568897036356,0,1
TD3,739,5888,75,3.0259078860618125,0,1
TD3,739,5888,76,1.7610840945670139,0,1
TD3,739,5888,77,1.9081244049508093,0,1
TD3,739,5888,78,1.9522941822173436,0,1
TD3,739,5888,80,1.36123933844884,0,1
TD3,739,5888,81,4.431987223152972,0,1
TD3,739,5888,82,0.9259309907114927,1,1
TD3,739,5888,83,5.4690872974018205,0,1
TD3,739,5888,84,2.27679616346869,0,1
TD3,739,5888,85,1.3624244517354518,0,1
TD3,739,5888,86,4.099932008029528,0,1
TD3,739,5888,87,6.364063843508169,0,1
TD3,739,5888,88,2.5167286685780623,0,1
TD3,739,5888,89,1.4396533169464194,0,1
TD3,739,5888,90,0.6049674951823508,1,1
TD3,739,5888,91,0.3195760696745571,1,1
TD3,739,5892,5,1.568159253375695,0,1
TD3,739,5892,9,14.54962522615663,0,1
TD3,739,5892,10,5.976993293591655,0,1
TD3,739,5892,11,12.47695927308129,0,1
TD3,739,5892,12,1.7655948626018287,0,1
TD3,739,5892,13,3.5906032700620187,0,1
TD3,739,5892,14,1.8102043733028446,0,1
TD3,739,5892,15,2.977873781306556,0,1
TD3,739,5892,16,4.1688296684253086,0,1
TD3,739,5892,17,3.723635666007497,0,1
TD3,739,5892,18,1.764856719055735,0,1
TD3,739,5892,19,2.0676288790173425,0,1
TD3,739,5892,20,2.4968059013032655,0,1
TD3,739,5892,21,2.4585,0,1
TD3,739,5892,22,2.561426092796776,0,1
TD3,739,5892,23,4.757457988483558,0,1
TD3,739,5892,24,4.151499071371717,0,1
TD3,739,5892,25,1.7350076410230575,0,1
TD3,739,5892,26,1.7918068680193155,0,1
TD3,739,5892,27,1.9156359711694722,0,1
TD3,739,5892,28,2.8422262314572886,0,1
TD3,739,5892,29,2.4455534808141857,0,1
TD3,739,5892,30,10.335697034374295,0,1
TD3,739,5892,31,2.869046997389034,0,1
TD3,739,5892,32,2.6483173863264637,0,1
TD3,739,5892,33,1.5032257885799605,0,1
TD3,739,5892,35,2.0120141306885664,0,1
TD3,739,5892,37,0.9921851439630129,1,1
TD3,739,5892,38,1.605636248445456,0,1
TD3,739,5892,40,4.2943636862314865,0,1
TD3,739,5892,41,1.6225786754013187,0,1
TD3,739,5892,43,1.6895892574357827,0,1
TD3,739,5892,44,1.6419155079401262,0,1
TD3,739,5892,46,1.4455753293062181,0,1
TD3,739,5892,47,1.8269274393795405,0,1
TD3,739,5892,49,1.0966163131204913,0,1
TD3,739,5892,50,8.678528730478964,0,1
TD3,739,5892,51,1.540933262296565,0,1
TD3,739,5892,52,8.48931623931624,0,1
TD3,739,5892,53,1.4155785446879656,0,1
TD3,739,5892,55,1.8551850706378705,0,1
TD3,739,5892,56,0.7996335279813102,1,1
TD3,739,5892,58,6.265072626689937,0,1
TD3,739,5892,59,1.9248772696540033,0,1
TD3,739,5892,61,1.5910659638149045,0,1
TD3,739,5892,62,1.4834033825736452,0,1
TD3,739,5892,63,1.1128930981399816,0,1
TD3,739,5892,65,1.4939933096562816,0,1
TD3,739,5892,67,2.0053173479438566,0,1
TD3,739,5892,68,1.5289763879501246,0,1
TD3,739,5892,69,14.277550863131939,0,1
TD3,739,5892,70,1.455980799794513,0,1
TD3,739,5892,71,12.846905144694535,0,1
TD3,739,5892,72,1.0707864988146056,0,1
TD3,739,5892,74,2.37763651277244,0,1
TD3,739,5892,76,1.228598455156751,0,1
TD3,739,5892,77,2.708833852062777,0,1
TD3,739,5892,79,2.0055801224112733,0,1
TD3,739,5892,80,1.5238322333513183,0,1
TD3,739,5892,82,1.3084899080885852,0,1
TD3,739,5892,84,1.0948214788952906,0,1
TD3,739,5892,87,0.9608808300883563,1,1
TD3,739,5892,89,1.8648173185638497,0,1
TD3,739,5892,90,15.406642082061715,0,1
TD3,739,5892,91,1.1288193078006856,0,1
TD3,739,5892,92,0.7334432138130323,1,1
TD3,739,5892,94,0.9753005023465079,1,1
TD3,739,5892,95,5.557727414980179,0,1
TD3,739,5892,97,1.4355571307324262,0,1
TD3,739,5892,98,1.4535870665115709,0,1
TD3,739,5893,5,1.942814814814815,0,1
TD3,739,5893,9,4.226010616578195,0,1
TD3,739,5893,10,11.704005006257823,0,1
TD3,739,5893,11,5.511423437299448,0,1
TD3,739,5893,12,2.1988687073353113,0,1
TD3,739,5893,13,1.4770595102465642,0,1
TD3,739,5893,14,2.801416407401343,0,1
TD3,739,5893,15,3.44409564721079,0,1
TD3,739,5893,16,3.8767411179971774,0,1
TD3,739,5893,17,3.7191140593733722,0,1
TD3,739,5893,18,2.3162733488992666,0,1
TD3,739,5893,19,2.3311213274399036,0,1
TD3,739,5893,20,3.328161192611511,0,1
TD3,739,5893,21,3.416642201345148,0,1
TD3,739,5893,22,3.183981800501807,0,1
TD3,739,5893,23,3.159507143542046,0,1
TD3,739,5893,24,2.6692945227418323,0,1
TD3,739,5893,25,2.6780962611870422,0,1
TD3,739,5893,26,2.460345637558049,0,1
TD3,739,5893,27,3.264481178987975,0,1
TD3,739,5893,28,2.7235857700437927,0,1
TD3,739,5893,29,4.217430997876858,0,1
TD3,739,5893,30,2.7226831289274993,0,1
TD3,739,5893,31,11.485177918727153,0,1
TD3,739,5893,32,1.0917872709165923,0,1
TD3,739,5893,34,0.9650779987036511,1,1
TD3,739,5893,35,1.4682263837734089,0,1
TD3,739,5893,37,12.594410521371532,0,1
TD3,739,5893,38,1.6931241486294277,0,1
TD3,739,5893,40,2.9027327503465927,0,1
TD3,739,5893,41,4.32244394596076,0,1
TD3,739,5893,42,1.756430811140591,0,1
TD3,739,5893,43,2.6802500098740074,0,1
TD3,739,5893,44,1.2701110939248639,0,1
TD3,739,5893,48,1.3683439612954769,0,1
TD3,739,5893,49,0.6069755774941132,1,1
TD3,739,5893,54,1.5009049604313853,0,1
TD3,739,5893,55,6.554113108806193,0,1
TD3,739,5893,56,7.4531716046927805,0,1
TD3,739,5893,57,1.9269891308962765,0,1
TD3,739,5893,58,1.6266076266995788,0,1
TD3,739,5893,60,0.9510518919589164,1,1
TD3,739,5893,62,1.5067494953648326,0,1
TD3,739,5893,64,1.7007335254105937,0,1
TD3,739,5893,65,2.9309365655917,0,1
TD3,739,5893,66,1.6328451225316318,0,1
TD3,739,5893,68,1.1623593340704008,0,1
TD3,739,5893,70,1.803675379770446,0,1
TD3,739,5893,72,0.9973044358858449,1,1
TD3,739,5893,73,16.57925213182761,0,1
TD3,739,5893,74,1.8087726094647778,0,1
TD3,739,5893,76,11.903814613731479,0,1
TD3,739,5893,77,1.2018422546559964,0,1
TD3,739,5893,78,3.1979292566853,0,1
TD3,739,5893,79,1.0657922449737265,0,1
TD3,739,5893,81,19.589484500770684,0,1
TD3,739,5893,83,1.4668880665734456,0,1
TD3,739,5893,84,0.6366290256579922,1,1
TD3,739,5893,86,1.2797600512329395,0,1
TD3,739,5893,87,10.68302936996684,0,1
TD3,739,5893,89,1.396152132248281,0,1
TD3,739,5893,90,2.53181968429784,0,1
TD3,739,5893,91,2.0906287505000667,0,1
TD3,739,5893,92,1.812570528362178,0,1
TD3,739,5893,93,3.2771944731039233,0,1
TD3,739,5893,94,9.33175098331751,0,1
TD3,739,5893,95,1.0953357320176476,0,1
TD3,739,5893,97,0.9844557090952665,1,1
TD3,739,5893,98,16.431770587043165,0,1
TD3,739,5894,5,1.8660811749528632,0,1
TD3,739,5894,9,19.005790593240366,0,1
TD3,739,5894,10,3.486047596826878,0,1
TD3,739,5894,11,9.924120472543164,0,1
TD3,739,5894,12,3.1933905040786454,0,1
TD3,739,5894,13,1.3955496963886227,0,1
TD3,739,5894,14,1.9463722082384436,0,1
TD3,739,5894,15,4.492455237341075,0,1
TD3,739,5894,16,2.2679796500423954,0,1
TD3,739,5894,17,3.2271399831267438,0,1
TD3,739,5894,18,2.5965765148921607,0,1
TD3,739,5894,19,2.912919951701115,0,1
TD3,739,5894,20,2.32061557112069,0,1
TD3,739,5894,21,2.2149492317806616,0,1
TD3,739,5894,22,3.9107918901718337,0,1
TD3,739,5894,23,2.711410687963391,0,1
TD3,739,5894,24,2.960601092896175,0,1
TD3,739,5894,25,2.901895250468605,0,1
TD3,739,5894,26,5.169042193761295,0,1
TD3,739,5894,27,2.5607078339163847,0,1
TD3,739,5894,28,2.601450983032588,0,1
TD3,739,5894,29,2.799846749216039,0,1
TD3,739,5894,30,3.4867055226258454,0,1
TD3,739,5894,31,2.2419346587130238,0,1
TD3,739,5894,32,2.067950667537829,0,1
TD3,739,5894,34,1.3946163514091472,0,1
TD3,739,5894,36,1.2609204496211575,0,1
TD3,739,5894,38,1.2066515086226655,0,1
TD3,739,5894,40,4.836764570117246,0,1
TD3,739,5894,41,14.170918729587735,0,1
TD3,739,5894,42,1.2835970947930118,0,1
TD3,739,5894,43,1.2568015638338674,0,1
TD3,739,5894,45,12.23145832619643,0,1
TD3,739,5894,47,0.9361389402894388,1,1
TD3,739,5894,48,5.131197026991785,0,1
TD3,739,5894,49,1.384512474388333,0,1
TD3,739,5894,52,1.8268278187960725,0,1
TD3,739,5894,53,1.7089715068024298,0,1
TD3,739,5894,55,1.5514365545899669,0,1
TD3,739,5894,57,1.3911781508426888,0,1
TD3,739,5894,59,16.924250247407596,0,1
TD3,739,5894,60,18.341964156001957,0,1
TD3,739,5894,61,2.824256835372417,0,1
TD3,739,5894,62,1.5154640433861373,0,1
TD3,739,5894,63,1.3846718515486423,0,1
TD3,739,5894,64,0.8973659772164159,1,1
TD3,739,5894,65,0.7761128710649208,1,1
TD3,739,5894,69,1.2719079860897775,0,1
TD3,739,5894,70,1.2102536897279803,0,1
TD3,739,5894,71,1.8190931354631183,0,1
TD3,739,5894,72,2.7088332315210755,0,1
TD3,739,5894,73,15.151745100539898,0,1
TD3,739,5894,74,1.1218741688068754,0,1
TD3,739,5894,75,6.984845958227374,0,1
TD3,739,5894,76,1.707936906567242,0,1
TD3,739,5894,77,0.7520134105483517,1,1
TD3,739,5894,79,1.4978433765050054,0,1
TD3,739,5894,80,2.341795533248279,0,1
TD3,739,5894,81,2.9310005905677885,0,1
TD3,739,5894,82,3.328953524940363,0,1
TD3,739,5894,83,1.7081782991927188,0,1
TD3,739,5894,84,0.8055857558054422,1,1
TD3,739,5894,85,12.225562720044307,0,1
TD3,739,5894,86,1.8589446543570733,0,1
TD3,739,5894,87,1.498206273643464,0,1
TD3,739,5894,88,5.870021528525298,0,1
TD3,739,5894,89,1.939754854959429,0,1
TD3,739,5894,90,1.5192419121953664,0,1
TD3,739,5894,92,1.3616632799041106,0,1
TD3,739,5894,93,6.268073641670408,0,1
TD3,739,5894,94,1.1663924453029941,0,1
TD3,739,5894,95,2.778923984373005,0,1
TD3,739,5894,96,1.105596490100182,0,1
TD3,739,5894,98,8.299411764705882,0,1
TD3,739,5896,5,1.7054713053820993,0,1
TD3,739,5896,9,7.608579272477694,0,1
TD3,739,5896,10,10.51244232036915,0,1
TD3,739,5896,11,10.089039125431533,0,1
TD3,739,5896,12,3.405056308894507,0,1
TD3,739,5896,13,1.595574109649771,0,1
TD3,739,5896,14,2.2146946564885495,0,1
TD3,739,5896,15,1.77704887040363,0,1
TD3,739,5896,16,3.7419468459814285,0,1
TD3,739,5896,17,3.0950816680354047,0,1
TD3,739,5896,18,4.193047018752691,0,1
TD3,739,5896,19,1.4977742832950285,0,1
TD3,739,5896,20,2.963899550163015,0,1
TD3,739,5896,21,1.9870186093022124,0,1
TD3,739,5896,22,2.5086485823378775,0,1
TD3,739,5896,23,3.119236588917121,0,1
TD3,739,5896,24,3.097778922663003,0,1
TD3,739,5896,25,2.021808309047427,0,1
TD3,739,5896,26,3.1352511704658843,0,1
TD3,739,5896,27,4.256512513938794,0,1
TD3,739,5896,28,2.8798516300583197,0,1
TD3,739,5896,29,1.9198837717543198,0,1
TD3,739,5896,30,2.3577064753780532,0,1
TD3,739,5896,31,2.381539793060526,0,1
TD3,739,5896,33,1.3564292850007136,0,1
TD3,739,5896,35,2.5490759510277328,0,1
TD3,739,5896,36,1.2221108006733221,0,1
TD3,739,5896,39,1.6553016877637132,0,1
TD3,739,5896,40,2.254858810044806,0,1
TD3,739,5896,42,1.3959967939179136,0,1
TD3,739,5896,43,0.9968280322793676,1,1
TD3,739,5896,44,1.0430926047099631,0,1
TD3,739,5896,48,2.302160531663157,0,1
TD3,739,5896,49,2.2300362268996197,0,1
TD3,739,5896,50,1.1191238559815513,0,1
TD3,739,5896,52,16.069281554990567,0,1
TD3,739,5896,53,0.8951953828319615,1,1
TD3,739,5896,56,1.267044224221734,0,1
TD3,739,5896,58,1.2802341069626637,0,1
TD3,739,5896,60,1.183849409528811,0,1
TD3,739,5896,62,1.3477888576142192,0,1
TD3,739,5896,64,1.1566317529088592,0,1
TD3,739,5896,66,1.8760498045662461,0,1
TD3,739,5896,68,1.1040680016608393,0,1
TD3,739,5896,69,1.3126733351033373,0,1
TD3,739,5896,71,9.184749688223766,0,1
TD3,739,5896,72,0.9119985179792516,1,1
TD3,739,5896,74,1.2456821885794527,0,1
TD3,739,5896,75,8.568489231089378,0,1
TD3,739,5896,76,1.430706965206606,0,1
TD3,739,5896,77,3.1154711066690894,0,1
TD3,739,5896,78,0.9476846763275985,1,1
TD3,739,5896,80,1.570696151430878,0,1
TD3,739,5896,82,1.1919205530528179,0,1
TD3,739,5896,83,6.983591885441528,0,1
TD3,739,5896,84,1.2103456680382514,0,1
TD3,739,5896,85,10.56767534215104,0,1
TD3,739,5896,86,0.8834878231452806,1,1
TD3,739,5896,87,19.68571882951654,0,1
TD3,739,5896,88,1.8711491318248064,0,1
TD3,739,5896,89,2.2191518085750195,0,1
TD3,739,5896,90,2.3632290385993517,0,1
TD3,739,5896,91,1.3705190837726704,0,1
TD3,739,5896,92,2.6774886096551582,0,1
TD3,739,5896,93,6.551252702530841,0,1
TD3,739,5896,94,1.1738242207695702,0,1
TD3,739,5896,95,18.421647271494745,0,1
TD3,739,5896,96,1.633466619579788,0,1
TD3,739,5896,97,1.154528055777697,0,1
TD3,739,5898,5,1.2297967278135844,0,1
TD3,739,5898,8,5.533733352846481,0,1
TD3,739,5898,10,10.442712651301608,0,1
TD3,739,5898,11,9.081316141588614,0,1
TD3,739,5898,12,5.1619583948793695,0,1
TD3,739,5898,13,1.9148853262079715,0,1
TD3,739,5898,14,1.4331720831419383,0,1
TD3,739,5898,15,2.7597475739371538,0,1
TD3,739,5898,16,4.956918224619463,0,1
TD3,739,5898,17,4.2959609721794925,0,1
TD3,739,5898,18,2.6838990849138593,0,1
TD3,739,5898,19,1.6322457255432048,0,1
TD3,739,5898,20,3.9119426893298925,0,1
TD3,739,5898,21,2.108524784323226,0,1
TD3,739,5898,22,10.622498979175175,0,1
TD3,739,5898,23,3.0211768654211877,0,1
TD3,739,5898,24,2.1836831706701125,0,1
TD3,739,5898,25,2.412427512010074,0,1
TD3,739,5898,26,2.3047059320958945,0,1
TD3,739,5898,27,1.997429044713069,0,1
TD3,739,5898,28,3.320893251491071,0,1
TD3,739,5898,29,2.742470660901791,0,1
TD3,739,5898,30,2.0744350594093732,0,1
TD3,739,5898,31,14.407901190529273,0,1
TD3,739,5898,32,2.114385855310001,0,1
TD3,739,5898,33,1.279618724073307,0,1
TD3,739,5898,35,1.206345932567682,0,1
TD3,739,5898,37,1.2193031365470577,0,1
TD3,739,5898,39,1.4434332453965775,0,1
TD3,739,5898,41,1.0757035406440725,0,1
TD3,739,5898,43,1.9641042392566785,0,1
TD3,739,5898,45,1.2036800554532092,0,1
TD3,739,5898,47,1.3620976437174566,0,1
TD3,739,5898,49,9.744701610512797,0,1
TD3,739,5898,50,1.1189959454478435,0,1
TD3,739,5898,52,0.804725659264731,1,1
TD3,739,5898,54,8.451051968650866,0,1
TD3,739,5898,56,1.6102176476895043,0,1
TD3,739,5898,57,1.1069267102904103,0,1
TD3,739,5898,58,0.6543798774316135,1,1
TD3,739,5898,59,7.055478039310847,0,1
TD3,739,5898,60,7.5046463603510585,0,1
TD3,739,5898,62,2.0724362172839097,0,1
TD3,739,5898,63,3.440044970995597,0,1
TD3,739,5898,64,2.7761900850207417,0,1
TD3,739,5898,65,3.5760497667185076,0,1
TD3,739,5898,66,1.2122125932644372,0,1
TD3,739,5898,67,0.9682178667127669,1,1
TD3,739,5898,69,11.846847755892801,0,1
TD3,739,5898,70,1.2033908474868653,0,1
TD3,739,5898,72,0.9150816202100612,1,1
TD3,739,5898,73,1.029207205837641,0,1
TD3,739,5898,74,12.336293680493329,0,1
TD3,739,5898,75,7.2023125195592375,0,1
TD3,739,5898,76,1.1099793639875126,0,1
TD3,739,5898,77,9.888320153879036,0,1
TD3,739,5898,78,4.502344089582514,0,1
TD3,739,5898,79,1.6845027664244128,0,1
TD3,739,5898,80,0.9455528330641262,1,1
TD3,739,5898,81,17.140917962973916,0,1
TD3,739,5898,82,0.8786343655114818,1,1
TD3,739,5898,85,1.3256014056952392,0,1
TD3,739,5898,86,2.2580222029434225,0,1
TD3,739,5898,87,1.223506128925389,0,1
TD3,739,5898,88,0.8772886313044316,1,1
TD3,739,5898,89,11.55795886936039,0,1
TD3,739,5898,90,8.799875190680904,0,1
TD3,739,5898,91,0.9633481248054947,1,1
TD3,739,5898,92,10.687080152156906,0,1
TD3,739,5898,93,2.021817330210773,0,1
TD3,739,5898,94,2.3693226578317685,0,1
TD3,739,5898,95,5.346956190278176,0,1
TD3,739,5898,96,1.8285450931725833,0,1
TD3,739,5898,97,1.4199486782278616,0,1
TD3,739,5898,98,2.8575563180665373,0,1
TD3,739,5899,5,1.5694072088173967,0,1
TD3,739,5899,9,19.02240477968633,0,1
TD3,739,5899,10,6.868433200997136,0,1
TD3,739,5899,11,4.179858358202307,0,1
TD3,739,5899,12,3.192100403271398,0,1
TD3,739,5899,13,1.2547341232298657,0,1
TD3,739,5899,14,2.4043966739309823,0,1
TD3,739,5899,15,3.6297005332968695,0,1
TD3,739,5899,16,2.712032505093558,0,1
TD3,739,5899,17,1.9873614335698633,0,1
TD3,739,5899,18,3.298385093167702,0,1
TD3,739,5899,19,1.5123871560889253,0,1
TD3,739,5899,20,2.0325621191463314,0,1
TD3,739,5899,21,3.36006207380893,0,1
TD3,739,5899,22,2.120014881845349,0,1
TD3,739,5899,23,2.9805016320219897,0,1
TD3,739,5899,24,3.2289741135997483,0,1
TD3,739,5899,25,2.4502282775277022,0,1
TD3,739,5899,26,3.366319527994071,0,1
TD3,739,5899,27,2.7838751742434464,0,1
TD3,739,5899,28,2.783416682324714,0,1
TD3,739,5899,29,2.1291829852389417,0,1
TD3,739,5899,30,3.58313719144429,0,1
TD3,739,5899,31,2.0862562419317716,0,1
TD3,739,5899,32,10.582278131810533,0,1
TD3,739,5899,33,1.5081762081668817,0,1
TD3,739,5899,35,0.9273668625799629,1,1
TD3,739,5899,37,3.9210040901435557,0,1
TD3,739,5899,38,7.0642726580350335,0,1
TD3,739,5899,39,1.6696895931470919,0,1
TD3,739,5899,41,4.602116739552964,0,1
TD3,739,5899,42,1.8118134330498634,0,1
TD3,739,5899,45,1.7170557470112648,0,1
TD3,739,5899,46,1.5516335741717757,0,1
TD3,739,5899,47,1.5752333158311176,0,1
TD3,739,5899,48,1.1993090905177515,0,1
TD3,739,5899,50,1.1199508889703258,0,1
TD3,739,5899,51,1.4546777958094605,0,1
TD3,739,5899,54,0.9178513343730489,1,1
TD3,739,5899,56,0.6976755289271672,1,1
TD3,739,5899,58,4.091573056007622,0,1
TD3,739,5899,60,2.002576843560275,0,1
TD3,739,5899,61,1.36597305991154,0,1
TD3,739,5899,62,2.88432654705974,0,1
TD3,739,5899,63,1.9491373028765482,0,1
TD3,739,5899,64,0.8999415615100058,1,1
TD3,739,5899,66,2.1224401673640165,0,1
TD3,739,5899,67,2.115546712531528,0,1
TD3,739,5899,68,8.068180743403008,0,1
TD3,739,5899,69,1.5343861310248432,0,1
TD3,739,5899,70,3.057202640174198,0,1
TD3,739,5899,71,1.9408765187963795,0,1
TD3,739,5899,72,0.7941072933328344,1,1
TD3,739,5899,75,0.982303548384303,1,1
TD3,739,5899,77,3.1432616962823614,0,1
TD3,739,5899,78,2.9514281608162967,0,1
TD3,739,5899,79,1.2833065146192173,0,1
TD3,739,5899,80,2.254403791497627,0,1
TD3,739,5899,81,0.7644445946859576,1,1
TD3,739,5899,84,1.1592262765280752,0,1
TD3,739,5899,86,1.9546564694604789,0,1
TD3,739,5899,87,1.5797037783459225,0,1
TD3,739,5899,88,1.0532249156345053,0,1
TD3,739,5899,89,9.316882705521172,0,1
TD3,739,5899,90,1.1442241387166643,0,1
TD3,739,5899,91,1.711185381309953,0,1
TD3,739,5899,92,6.775750661308887,0,1
TD3,739,5899,93,1.2525719659488326,0,1
TD3,739,5899,94,0.8400218874559463,1,1
TD3,739,5899,95,3.163343998687341,0,1
TD3,739,5899,96,1.2955085039916696,0,1
TD3,739,5899,97,1.5343662853303635,0,1
TD3,739,5899,98,7.535869565217392,0,1
TD3,739,5900,5,2.0429672066376927,0,1
TD3,739,5900,9,4.6194684059190685,0,1
TD3,739,5900,10,6.730140098447556,0,1
TD3,739,5900,11,4.596981707317074,0,1
TD3,739,5900,12,1.7299114111770215,0,1
TD3,739,5900,13,2.5310115465461136,0,1
TD3,739,5900,14,3.9831226053639854,0,1
TD3,739,5900,15,2.537175043327556,0,1
TD3,739,5900,16,3.6586245512334905,0,1
TD3,739,5900,17,2.474707859772691,0,1
TD3,739,5900,18,3.154450679503205,0,1
TD3,739,5900,19,2.4592210537826453,0,1
TD3,739,5900,20,3.4636970514047136,0,1
TD3,739,5900,21,3.421912024830624,0,1
TD3,739,5900,22,2.0657613759100313,0,1
TD3,739,5900,23,2.9538825943633067,0,1
TD3,739,5900,24,2.2376183269533225,0,1
TD3,739,5900,25,2.9634414240125837,0,1
TD3,739,5900,26,2.3703217455621304,0,1
TD3,739,5900,27,3.50186086719141,0,1
TD3,739,5900,28,1.9578387840491844,0,1
TD3,739,5900,29,2.538791517315634,0,1
TD3,739,5900,30,1.8549797849007739,0,1
TD3,739,5900,31,5.724190750175685,0,1
TD3,739,5900,32,1.803701841295782,0,1
TD3,739,5900,34,2.0644650200674133,0,1
TD3,739,5900,35,4.03299899286786,0,1
TD3,739,5900,36,1.3552310626436501,0,1
TD3,739,5900,39,1.214435221402765,0,1
TD3,739,5900,41,0.7265922380478869,1,1
TD3,739,5900,45,1.3448928714703259,0,1
TD3,739,5900,46,1.5253915414893207,0,1
TD3,739,5900,47,0.8295647096901119,1,1
TD3,739,5900,49,1.6132031663023136,0,1
TD3,739,5900,51,2.9890070526061154,0,1
TD3,739,5900,52,2.6356888486176673,0,1
TD3,739,5900,53,3.7316630720865627,0,1
TD3,739,5900,54,2.555173509372683,0,1
TD3,739,5900,55,1.8428945568321446,0,1
TD3,739,5900,57,0.9610435720920575,1,1
TD3,739,5900,60,0.9859182464250897,1,1
TD3,739,5900,62,3.057958431991581,0,1
TD3,739,5900,63,1.7162284053221573,0,1
TD3,739,5900,65,0.9244553192176623,1,1
TD3,739,5900,67,0.5871018493012663,1,1
TD3,739,5900,69,1.3205870218659752,0,1
TD3,739,5900,71,1.5645549268389958,0,1
TD3,739,5900,72,2.250719634051953,0,1
TD3,739,5900,73,2.881694215298435,0,1
TD3,739,5900,74,3.1680764283976224,0,1
TD3,739,5900,75,2.209959416321484,0,1
TD3,739,5900,76,1.2397145890558467,0,1
TD3,739,5900,77,1.5411796895250711,0,1
TD3,739,5900,78,1.2913260500561605,0,1
TD3,739,5900,79,5.903601440576231,0,1
TD3,739,5900,80,1.945224664546118,0,1
TD3,739,5900,81,3.013884848837435,0,1
TD3,739,5900,82,2.4122759816450676,0,1
TD3,739,5900,83,2.2566752522000426,0,1
TD3,739,5900,84,2.5049747407768366,0,1
TD3,739,5900,85,1.045091060316814,0,1
TD3,739,5900,87,1.1134530916844347,0,1
TD3,739,5900,88,5.512535437129521,0,1
TD3,739,5900,89,1.8998704556670507,0,1
TD3,739,5900,90,1.2021531247881994,0,1
TD3,739,5900,91,1.2736679021622581,0,1
TD3,739,5900,92,0.7499713397245746,1,1
TD3,739,5900,93,1.2017260691401654,0,1
TD3,739,5900,94,3.433466310205104,0,1
TD3,739,5900,95,0.9236695700128137,1,1
TD3,739,5900,96,1.3751940381582608,0,1
TD3,739,5900,97,2.880149891360253,0,1
TD3,739,5900,98,3.054104958257612,0,1
TD3,739,5902,5,3.6947609309572496,0,1
TD3,739,5902,7,13.558372334893393,0,1
TD3,739,5902,8,6.163191094619667,0,1
TD3,739,5902,9,2.864621721222631,0,1
TD3,739,5902,11,2.436246717593698,0,1
TD3,739,5902,12,6.729661078452718,0,1
TD3,739,5902,13,1.34064545847932,0,1
TD3,739,5902,14,2.589644792293799,0,1
TD3,739,5902,15,5.052232877489645,0,1
TD3,739,5902,16,3.3490117130307473,0,1
TD3,739,5902,17,3.0831634058969417,0,1
TD3,739,5902,18,2.0028407498084357,0,1
TD3,739,5902,19,5.691080531888346,0,1
TD3,739,5902,20,2.1851921785834167,0,1
TD3,739,5902,21,3.121346111958179,0,1
TD3,739,5902,22,2.3342368357953776,0,1
TD3,739,5902,23,2.8456661510454486,0,1
TD3,739,5902,24,1.8902315615883867,0,1
TD3,739,5902,25,2.9620639814993255,0,1
TD3,739,5902,26,2.1019137165843897,0,1
TD3,739,5902,27,3.5009813333333324,0,1
TD3,739,5902,28,1.4158184473654647,0,1
TD3,739,5902,29,2.4513524908649,0,1
TD3,739,5902,30,2.3299744501437787,0,1
TD3,739,5902,31,13.05514511873351,0,1
TD3,739,5902,32,1.5943259526654296,0,1
TD3,739,5902,34,2.3489282003869727,0,1
TD3,739,5902,35,1.144023942640092,0,1
TD3,739,5902,38,1.3448181344470422,0,1
TD3,739,5902,40,1.6062609037066116,0,1
TD3,739,5902,41,2.534161524689702,0,1
TD3,739,5902,43,0.8075810138693115,1,1
TD3,739,5902,46,1.4856294656933613,0,1
TD3,739,5902,48,1.0360099303610064,0,1
TD3,739,5902,49,1.932787160899783,0,1
TD3,739,5902,50,13.291780883476385,0,1
TD3,739,5902,51,1.056255672611326,0,1
TD3,739,5902,53,3.8225893307903744,0,1
TD3,739,5902,54,1.0931627608608216,0,1
TD3,739,5902,56,1.195119448764472,0,1
TD3,739,5902,57,1.6132898745915392,0,1
TD3,739,5902,58,9.956534850789321,0,1
TD3,739,5902,59,1.2581897601719207,0,1
TD3,739,5902,61,1.7227561675539869,0,1
TD3,739,5902,62,2.445594261587047,0,1
TD3,739,5902,63,0.9696454271882767,1,1
TD3,739,5902,64,10.35599166098705,0,1
TD3,739,5902,65,0.6719769138852023,1,1
TD3,739,5902,66,5.829463278710276,0,1
TD3,739,5902,67,4.212989295730142,0,1
TD3,739,5902,68,1.356299123086233,0,1
TD3,739,5902,69,3.3894518797831825,0,1
TD3,739,5902,70,3.723381571314341,0,1
TD3,739,5902,71,2.5566443547268056,0,1
TD3,739,5902,72,2.045856771505586,0,1
TD3,739,5902,73,0.8106542414964912,1,1
TD3,739,5902,74,2.397672322439981,0,1
TD3,739,5902,75,0.752974366210847,1,1
TD3,739,5902,77,8.07652752571083,0,1
TD3,739,5902,78,2.3297874733779285,0,1
TD3,739,5902,79,2.3233913553686683,0,1
TD3,739,5902,80,1.038923929330592,0,1
TD3,739,5902,81,2.2561793681158933,0,1
TD3,739,5902,82,1.7345213334743423,0,1
TD3,739,5902,83,2.220003413135696,0,1
TD3,739,5902,84,3.2149198859167876,0,1
TD3,739,5902,85,1.518979582933426,0,1
TD3,739,5902,86,1.9634154708135614,0,1
TD3,739,5902,87,2.227606371495349,0,1
TD3,739,5902,88,1.4797193050540234,0,1
TD3,739,5902,90,3.5891686159457636,0,1
TD3,739,5902,91,1.9144912945914034,0,1
TD3,739,5902,92,0.9728454140475655,1,1
TD3,739,5902,93,0.6991077119184193,1,1
TD3,739,5902,94,1.1611676793651453,0,1
TD3,739,5902,95,15.894184521206821,0,1
TD3,739,5902,96,4.207907935417382,0,1
TD3,739,5902,97,1.2780820075005659,0,1
TD3,739,5902,98,1.9419483458930251,0,1
TD3,739,5904,5,2.0080446155364724,0,1
TD3,739,5904,9,4.826162982514021,0,1
TD3,739,5904,10,9.430089942763695,0,1
TD3,739,5904,11,5.466691408424569,0,1
TD3,739,5904,12,3.890679759880635,0,1
TD3,739,5904,13,1.6428592868291514,0,1
TD3,739,5904,14,2.27128637763781,0,1
TD3,739,5904,15,2.9947208899547024,0,1
TD3,739,5904,16,3.577929882159816,0,1
TD3,739,5904,17,3.6571588218077324,0,1
TD3,739,5904,18,2.074096098953378,0,1
TD3,739,5904,19,1.6428874340692832,0,1
TD3,739,5904,20,2.8066861494863624,0,1
TD3,739,5904,21,2.3409999611816317,0,1
TD3,739,5904,22,1.9666442083986901,0,1
TD3,739,5904,23,2.6246335533999092,0,1
TD3,739,5904,24,4.601708667430318,0,1
TD3,739,5904,25,1.9074234092694422,0,1
TD3,739,5904,26,2.7515411453004908,0,1
TD3,739,5904,27,3.8488313892757664,0,1
TD3,739,5904,28,2.6625956834109576,0,1
TD3,739,5904,29,3.3409206713161996,0,1
TD3,739,5904,30,3.668284396991022,0,1
TD3,739,5904,31,2.4506259525886445,0,1
TD3,739,5904,32,2.2934611730154613,0,1
TD3,739,5904,33,3.9643109321290844,0,1
TD3,739,5904,34,1.7298963333754418,0,1
TD3,739,5904,35,3.377333647223712,0,1
TD3,739,5904,36,2.9915312035901076,0,1
TD3,739,5904,38,2.203071388496531,0,1
TD3,739,5904,40,1.0216800424314618,0,1
TD3,739,5904,41,1.007078178091917,0,1
TD3,739,5904,42,0.8211755152754373,1,1
TD3,739,5904,46,1.2595009093739247,0,1
TD3,739,5904,47,1.9066586391652554,0,1
TD3,739,5904,48,4.472811756153879,0,1
TD3,739,5904,49,1.1660083806994979,0,1
TD3,739,5904,52,1.314250346645668,0,1
TD3,739,5904,54,1.4135099372601205,0,1
TD3,739,5904,55,5.635810228833485,0,1
TD3,739,5904,56,5.382872134424387,0,1
TD3,739,5904,57,1.2805929267074543,0,1
TD3,739,5904,60,0.9725918858546476,1,1
TD3,739,5904,62,0.9002868800772486,1,1
TD3,739,5904,66,1.852900517126619,0,1
TD3,739,5904,67,0.9675928387840115,1,1
TD3,739,5904,68,15.7469759533641,0,1
TD3,739,5904,69,2.0173809628089847,0,1
TD3,739,5904,72,1.0997447851303346,0,1
TD3,739,5904,74,1.0309437931806127,0,1
TD3,739,5904,77,1.0596745322023946,0,1
TD3,739,5904,78,8.850275575922716,0,1
TD3,739,5904,79,1.0341729900293002,0,1
TD3,739,5904,81,1.8679039683002152,0,1
TD3,739,5904,82,1.4580765508811246,0,1
TD3,739,5904,83,14.44633212216439,0,1
TD3,739,5904,84,1.7619621712383404,0,1
TD3,739,5904,85,4.483969637194437,0,1
TD3,739,5904,86,0.9002745999960345,1,1
TD3,739,5904,88,0.6671983550596268,1,1
TD3,739,5904,89,1.6187833216263836,0,1
TD3,739,5904,91,0.9941683648503842,1,1
TD3,739,5904,92,3.0555547351477474,0,1
TD3,739,5904,93,2.6884789623685887,0,1
TD3,739,5904,94,4.139910543298618,0,1
TD3,739,5904,95,1.7350101332153218,0,1
TD3,739,5904,96,1.4160476355276492,0,1
TD3,739,5904,97,5.688192356732602,0,1
TD3,739,5904,98,1.3553952472296285,0,1
TD3,739,5905,5,2.165956603586644,0,1
TD3,739,5905,9,8.10944262295082,0,1
TD3,739,5905,10,3.2881428694084316,0,1
TD3,739,5905,11,4.854676012993673,0,1
TD3,739,5905,12,2.563934994173412,0,1
TD3,739,5905,13,4.725966508166218,0,1
TD3,739,5905,14,1.7095127036291038,0,1
TD3,739,5905,15,3.134797645572146,0,1
TD3,739,5905,16,2.434261814963865,0,1
TD3,739,5905,17,2.2301946582163867,0,1
TD3,739,5905,18,4.072522436509452,0,1
TD3,739,5905,19,1.871272453410675,0,1
TD3,739,5905,20,4.25846303780778,0,1
TD3,739,5905,21,1.934986971211989,0,1
TD3,739,5905,22,3.651170321861001,0,1
TD3,739,5905,23,2.093070200021018,0,1
TD3,739,5905,24,2.8401558934550346,0,1
TD3,739,5905,25,3.2990074580833286,0,1
TD3,739,5905,26,2.2498475836431227,0,1
TD3,739,5905,27,2.123816342000457,0,1
TD3,739,5905,28,2.243513909928106,0,1
TD3,739,5905,29,2.210754012954098,0,1
TD3,739,5905,30,4.046754067287948,0,1
TD3,739,5905,31,2.612922397120447,0,1
TD3,739,5905,32,2.309911625131426,0,1
TD3,739,5905,33,2.151744183741043,0,1
TD3,739,5905,35,1.0128522744039712,0,1
TD3,739,5905,37,3.743998714829944,0,1
TD3,739,5905,38,1.2571107736264302,0,1
TD3,739,5905,41,1.0619884611764274,0,1
TD3,739,5905,42,0.8905586540889164,1,1
TD3,739,5905,44,1.227307436510087,0,1
TD3,739,5905,47,1.8467958055352127,0,1
TD3,739,5905,48,1.7758617722971035,0,1
TD3,739,5905,49,1.3972748994839972,0,1
TD3,739,5905,50,2.046213501578923,0,1
TD3,739,5905,51,10.11715815943307,0,1
TD3,739,5905,52,1.241282269084463,0,1
TD3,739,5905,54,1.368944165169764,0,1
TD3,739,5905,55,1.6113788511536478,0,1
TD3,739,5905,56,1.843064738535516,0,1
TD3,739,5905,57,4.417113246481259,0,1
TD3,739,5905,58,1.8411842221719594,0,1
TD3,739,5905,59,16.068186724230976,0,1
TD3,739,5905,60,1.345153067662721,0,1
TD3,739,5905,61,7.390345023738158,0,1
TD3,739,5905,62,1.7124421203689848,0,1
TD3,739,5905,63,1.965155314168618,0,1
TD3,739,5905,65,0.8559310053530331,1,1
TD3,739,5905,67,12.210444802378884,0,1
TD3,739,5905,68,1.1773296804271698,0,1
TD3,739,5905,70,1.4361947645577349,0,1
TD3,739,5905,71,1.0938243781711385,0,1
TD3,739,5905,73,1.1506043671343718,0,1
TD3,739,5905,74,4.9182654855438575,0,1
TD3,739,5905,75,1.8741494060259027,0,1
TD3,739,5905,76,1.6012795204585548,0,1
TD3,739,5905,77,1.839073053963757,0,1
TD3,739,5905,78,3.88698906160046,0,1
TD3,739,5905,79,1.1157880324785103,0,1
TD3,739,5905,80,1.3504758425296126,0,1
TD3,739,5905,81,1.647178589587261,0,1
TD3,739,5905,82,1.7560021115797526,0,1
TD3,739,5905,83,2.902610468174645,0,1
TD3,739,5905,84,1.9003489852963067,0,1
TD3,739,5905,85,2.106133796829267,0,1
TD3,739,5905,86,2.6325898957759692,0,1
TD3,739,5905,87,2.768346889222074,0,1
TD3,739,5905,88,1.4538592503663577,0,1
TD3,739,5905,89,2.315848220545756,0,1
TD3,739,5905,90,2.1477983018627245,0,1
TD3,739,5905,91,3.781315336683142,0,1
TD3,739,5905,92,11.944801868134487,0,1
TD3,739,5905,93,1.0520857041148013,0,1
TD3,739,5905,94,0.9832485113875366,1,1
TD3,739,5905,97,13.097456210293476,0,1
TD3,739,5905,98,1.6320369317947832,0,1
TD3,739,5907,5,1.8927474487268399,0,1
TD3,739,5907,9,7.903141025641025,0,1
TD3,739,5907,10,5.59802105263158,0,1
TD3,739,5907,11,5.056039975853512,0,1
TD3,739,5907,12,2.593790246788959,0,1
TD3,739,5907,13,1.2841015225416215,0,1
TD3,739,5907,14,4.317371841776783,0,1
TD3,739,5907,15,2.2512513384964015,0,1
TD3,739,5907,16,4.7091869466660965,0,1
TD3,739,5907,17,2.3624934974856946,0,1
TD3,739,5907,18,1.7859339979905708,0,1
TD3,739,5907,19,1.6160349812903958,0,1
TD3,739,5907,20,2.4202979976178174,0,1
TD3,739,5907,21,4.861265710810511,0,1
TD3,739,5907,22,1.532499505418416,0,1
TD3,739,5907,23,1.5850980588854893,0,1
TD3,739,5907,24,1.5537877016600423,0,1
TD3,739,5907,25,3.833300119569549,0,1
TD3,739,5907,26,4.825028968713788,0,1
TD3,739,5907,27,3.0732697198722922,0,1
TD3,739,5907,28,2.8361193235874826,0,1
TD3,739,5907,29,2.1354156355177194,0,1
TD3,739,5907,30,2.828164911172976,0,1
TD3,739,5907,31,1.4810955362811322,0,1
TD3,739,5907,32,1.9493860936874416,0,1
TD3,739,5907,34,1.463146146667068,0,1
TD3,739,5907,35,1.2526476538790758,0,1
TD3,739,5907,37,1.6267752031078,0,1
TD3,739,5907,38,2.645018542920408,0,1
TD3,739,5907,39,14.132968294199227,0,1
TD3,739,5907,40,1.8688898248939316,0,1
TD3,739,5907,41,1.0690986408030692,0,1
TD3,739,5907,43,1.6362575264835626,0,1
TD3,739,5907,45,1.447749834684278,0,1
TD3,739,5907,46,2.1664222130800552,0,1
TD3,739,5907,47,1.078941724255748,0,1
TD3,739,5907,49,1.677411974839716,0,1
TD3,739,5907,51,1.7537651312013296,0,1
TD3,739,5907,52,1.3859717273308352,0,1
TD3,739,5907,53,1.7409486184487353,0,1
TD3,739,5907,55,1.2950535749025394,0,1
TD3,739,5907,57,1.9560423119760182,0,1
TD3,739,5907,58,1.502210612514862,0,1
TD3,739,5907,59,11.161004308916144,0,1
TD3,739,5907,60,0.9637303034286465,1,1
TD3,739,5907,61,15.822551928783382,0,1
TD3,739,5907,62,6.484597809816434,0,1
TD3,739,5907,63,1.9821626829552852,0,1
TD3,739,5907,65,1.0882810200088124,0,1
TD3,739,5907,66,6.154736316880324,0,1
TD3,739,5907,67,2.9810308323975896,0,1
TD3,739,5907,68,1.1824145026395154,0,1
TD3,739,5907,70,1.1097970546800273,0,1
TD3,739,5907,71,13.550595136006587,0,1
TD3,739,5907,72,3.987052491596947,0,1
TD3,739,5907,73,1.1793324351818757,0,1
TD3,739,5907,74,16.982601070703343,0,1
TD3,739,5907,75,6.817769851930768,0,1
TD3,739,5907,76,1.1645867767571063,0,1
TD3,739,5907,78,1.0992316182393924,0,1
TD3,739,5907,79,12.988922457200403,0,1
TD3,739,5907,80,2.7184994771697455,0,1
TD3,739,5907,81,2.1585328611615195,0,1
TD3,739,5907,82,2.2439505589936424,0,1
TD3,739,5907,83,1.2169776029347878,0,1
TD3,739,5907,84,7.599317821494763,0,1
TD3,739,5907,85,19.747843862842817,0,1
TD3,739,5907,86,7.463370928639192,0,1
TD3,739,5907,87,1.1222208542103835,0,1
TD3,739,5907,88,0.6808335092069857,1,1
TD3,739,5907,89,0.5661306977094052,1,1
TD3,739,5907,90,12.958794860434205,0,1
TD3,739,5907,91,10.731745874913546,0,1
TD3,739,5907,92,3.783239209874019,0,1
TD3,739,5907,93,0.6510063971210117,1,1
TD3,739,5907,94,0.6323438157528727,1,1
TD3,739,5907,95,1.3255360623781678,0,1
TD3,739,5907,96,0.3447812823209366,1,1
TD3,739,5908,5,2.9737589346910807,0,1
TD3,739,5908,7,18.795141497620833,0,1
TD3,739,5908,8,13.550683994528043,0,1
TD3,739,5908,9,4.626500322650032,0,1
TD3,739,5908,10,5.008995815899582,0,1
TD3,739,5908,11,1.9759799930208213,0,1
TD3,739,5908,12,1.6698721564203802,0,1
TD3,739,5908,13,1.7377296572208782,0,1
TD3,739,5908,14,2.1957621456523815,0,1
TD3,739,5908,15,2.658504294423924,0,1
TD3,739,5908,16,2.8556236043246592,0,1
TD3,739,5908,17,1.7516095429621379,0,1
TD3,739,5908,18,1.8145035696112752,0,1
TD3,739,5908,19,2.1656326562870465,0,1
TD3,739,5908,20,1.4080539846460671,0,1
TD3,739,5908,21,1.453167544018878,0,1
TD3,739,5908,22,1.5960298756842355,0,1
TD3,739,5908,23,1.6443592942434506,0,1
TD3,739,5908,24,3.2719891141894757,0,1
TD3,739,5908,25,3.0892037094832583,0,1
TD3,739,5908,26,2.354672076894299,0,1
TD3,739,5908,27,2.8948465420150655,0,1
TD3,739,5908,28,1.7170971812740108,0,1
TD3,739,5908,29,1.9662851745541081,0,1
TD3,739,5908,30,1.929336203650418,0,1
TD3,739,5908,31,2.4878447440303106,0,1
TD3,739,5908,32,2.1326075976086907,0,1
TD3,739,5908,33,2.343746656078756,0,1
TD3,739,5908,34,1.5009143784289192,0,1
TD3,739,5908,35,8.041619242734653,0,1
TD3,739,5908,36,1.456713402463366,0,1
TD3,739,5908,37,5.879773499757219,0,1
TD3,739,5908,38,1.0115599124751165,0,1
TD3,739,5908,40,1.5539664343360238,0,1
TD3,739,5908,42,0.9188849596334113,1,1
TD3,739,5908,43,2.203106231783017,0,1
TD3,739,5908,44,1.3779822751894,0,1
TD3,739,5908,46,1.6551979631151406,0,1
TD3,739,5908,47,4.490003774457879,0,1
TD3,739,5908,48,1.807991325340644,0,1
TD3,739,5908,49,2.2514049979167274,0,1
TD3,739,5908,50,0.9861751958435406,1,1
TD3,739,5908,52,1.5094460768795173,0,1
TD3,739,5908,54,0.976648931678068,1,1
TD3,739,5908,55,7.2237714173498935,0,1
TD3,739,5908,56,1.9196686405920693,0,1
TD3,739,5908,57,2.5674058920454996,0,1
TD3,739,5908,58,2.8853465608784115,0,1
TD3,739,5908,59,1.329922302859517,0,1
TD3,739,5908,60,2.8259317734561478,0,1
TD3,739,5908,61,1.4774011425411508,0,1
TD3,739,5908,62,11.372703785040693,0,1
TD3,739,5908,63,0.9131111128384707,1,1
TD3,739,5908,64,2.931391546035615,0,1
TD3,739,5908,65,1.3685471282957837,0,1
TD3,739,5908,66,6.707548419574491,0,1
TD3,739,5908,67,0.8317467762553528,1,1
TD3,739,5908,68,1.9626507480209603,0,1
TD3,739,5908,69,1.43505921092522,0,1
TD3,739,5908,70,4.751756758690767,0,1
TD3,739,5908,71,2.8646778165401185,0,1
TD3,739,5908,72,1.892483642323314,0,1
TD3,739,5908,73,2.500756168931656,0,1
TD3,739,5908,74,1.5919800831901774,0,1
TD3,739,5908,75,2.613285940126471,0,1
TD3,739,5908,76,17.77022614374544,0,1
TD3,739,5908,77,1.3719183462067757,0,1
TD3,739,5908,78,5.641414427798633,0,1
TD3,739,5908,79,0.9290227078229277,1,1
TD3,739,5908,80,1.2151365504011613,0,1
TD3,739,5908,81,2.225319908767283,0,1
TD3,739,5908,82,1.661011659314968,0,1
TD3,739,5908,83,1.9292715392061954,0,1
TD3,739,5908,84,4.118167101557476,0,1
TD3,739,5908,85,2.421583473584004,0,1
TD3,739,5908,86,2.3456100598730507,0,1
TD3,739,5908,87,2.3907408293960164,0,1
TD3,739,5908,88,2.677186257002266,0,1
TD3,739,5908,89,1.5754470313341682,0,1
TD3,739,5908,90,3.2784566619302655,0,1
TD3,739,5908,91,1.5804097700856403,0,1
TD3,739,5908,93,2.67998424824119,0,1
TD3,739,5908,94,1.0640589690160533,0,1
TD3,739,5908,95,11.167951836536124,0,1
TD3,739,5908,96,0.9471311158904978,1,1
TD3,739,5910,5,1.7663509914175788,0,1
TD3,739,5910,8,6.964066295185026,0,1
TD3,739,5910,9,5.989667523879501,0,1
TD3,739,5910,11,2.709529522666895,0,1
TD3,739,5910,12,3.396177335444469,0,1
TD3,739,5910,13,2.870993639226827,0,1
TD3,739,5910,14,2.0421195350181147,0,1
TD3,739,5910,15,1.2730668498561675,0,1
TD3,739,5910,16,3.0053987351534777,0,1
TD3,739,5910,17,2.3986348347952253,0,1
TD3,739,5910,18,2.030276471110322,0,1
TD3,739,5910,19,3.5375352463095036,0,1
TD3,739,5910,20,3.0385062401416825,0,1
TD3,739,5910,21,1.582478574343627,0,1
TD3,739,5910,22,1.5961788660196197,0,1
TD3,739,5910,23,2.747828491826115,0,1
TD3,739,5910,24,4.019293541618093,0,1
TD3,739,5910,25,2.3931420504907917,0,1
TD3,739,5910,26,2.9844620958751396,0,1
TD3,739,5910,27,3.9594601158455873,0,1
TD3,739,5910,28,6.426770380405095,0,1
TD3,739,5910,29,3.401565727761967,0,1
TD3,739,5910,30,2.3103821499651063,0,1
TD3,739,5910,31,1.9207750574484381,0,1
TD3,739,5910,32,1.8932938837296482,0,1
TD3,739,5910,34,2.0141058736006165,0,1
TD3,739,5910,35,19.503621015729507,0,1
TD3,739,5910,36,2.820337432596016,0,1
TD3,739,5910,37,2.0631734882078248,0,1
TD3,739,5910,38,1.3730984733420997,0,1
TD3,739,5910,40,1.905597929924328,0,1
TD3,739,5910,42,1.5179532184374394,0,1
TD3,739,5910,44,1.3970034190218419,0,1
TD3,739,5910,47,1.4155054425051612,0,1
TD3,739,5910,49,1.1992436212150785,0,1
TD3,739,5910,53,3.6814915458937203,0,1
TD3,739,5910,54,1.126545983262939,0,1
TD3,739,5910,55,2.041511308979608,0,1
TD3,739,5910,56,1.0239001390498654,0,1
TD3,739,5910,58,0.8350896812246694,1,1
TD3,739,5910,61,1.0814225765626364,0,1
TD3,739,5910,63,2.274045998452166,0,1
TD3,739,5910,64,3.7344250471968263,0,1
TD3,739,5910,65,1.1172215139065964,0,1
TD3,739,5910,67,1.597995975782836,0,1
TD3,739,5910,69,1.0613972998298817,0,1
TD3,739,5910,71,1.3913999602890654,0,1
TD3,739,5910,73,1.2048096192384772,0,1
TD3,739,5910,74,7.303456340611003,0,1
TD3,739,5910,75,2.6403473492412664,0,1
TD3,739,5910,77,1.5982699163695733,0,1
TD3,739,5910,79,1.0136888553094816,0,1
TD3,739,5910,80,0.8146543869919707,1,1
TD3,739,5910,82,1.2634853449692613,0,1
TD3,739,5910,84,4.251177508671574,0,1
TD3,739,5910,85,1.2405960096581523,0,1
TD3,739,5910,86,1.8831657308611214,0,1
TD3,739,5910,87,1.473897337536714,0,1
TD3,739,5910,88,0.9875277273331953,1,1
TD3,739,5910,90,3.5399313953999725,0,1
TD3,739,5910,91,1.6884732854882103,0,1
TD3,739,5910,92,1.5131183494435871,0,1
TD3,739,5910,93,1.2723340225516706,0,1
TD3,739,5910,94,2.384472883368796,0,1
TD3,739,5910,95,2.6328903943782165,0,1
TD3,739,5910,96,1.775542034261556,0,1
TD3,739,5910,97,3.9411037981326387,0,1
TD3,739,5910,98,2.062699483702786,0,1
TD3,739,5911,5,1.8317307692307696,0,1
TD3,739,5911,9,8.68801236392958,0,1
TD3,739,5911,10,5.883502669192355,0,1
TD3,739,5911,11,9.336594911937379,0,1
TD3,739,5911,12,1.5816640354294385,0,1
TD3,739,5911,13,1.2635070269589714,0,1
TD3,739,5911,14,2.6211280564307025,0,1
TD3,739,5911,15,2.4737447082901114,0,1
TD3,739,5911,16,4.65389040395432,0,1
TD3,739,5911,17,5.292827458827151,0,1
TD3,739,5911,18,2.205373926504736,0,1
TD3,739,5911,19,1.4000401706069305,0,1
TD3,739,5911,20,2.1968621314445724,0,1
TD3,739,5911,21,2.2735461785056352,0,1
TD3,739,5911,22,2.347253757162936,0,1
TD3,739,5911,23,2.720143737166324,0,1
TD3,739,5911,24,2.4513829027411767,0,1
TD3,739,5911,25,1.6493124915152335,0,1
TD3,739,5911,26,2.200283044918998,0,1
TD3,739,5911,27,5.0868682658763245,0,1
TD3,739,5911,28,2.793173255356239,0,1
TD3,739,5911,29,2.21337291458381,0,1
TD3,739,5911,30,1.8859138210982087,0,1
TD3,739,5911,31,2.5659094425533797,0,1
TD3,739,5911,32,1.8003530701862225,0,1
TD3,739,5911,33,19.64773919123645,0,1
TD3,739,5911,34,1.5532821945427504,0,1
TD3,739,5911,36,1.0519383189130536,0,1
TD3,739,5911,38,3.9752306764581977,0,1
TD3,739,5911,39,1.7672664657770127,0,1
TD3,739,5911,40,3.185906798683927,0,1
TD3,739,5911,41,1.4804748022724263,0,1
TD3,739,5911,42,0.7389504382451111,1,1
TD3,739,5911,45,1.6211363413481688,0,1
TD3,739,5911,47,2.0019051050032846,0,1
TD3,739,5911,48,2.8979923647695482,0,1
TD3,739,5911,49,3.5212482784193235,0,1
TD3,739,5911,50,1.849835683033544,0,1
TD3,739,5911,51,1.0536724309201857,0,1
TD3,739,5911,54,1.0501533066071185,0,1
TD3,739,5911,56,1.6335110972797873,0,1
TD3,739,5911,57,7.641851476948559,0,1
TD3,739,5911,58,3.539612651525708,0,1
TD3,739,5911,59,1.0464648979301516,0,1
TD3,739,5911,60,0.8328526462712925,1,1
TD3,739,5911,61,0.9477424784170555,1,1
TD3,739,5911,64,17.972770874209722,0,1
TD3,739,5911,65,1.0651231281999156,0,1
TD3,739,5911,66,2.9638797886119175,0,1
TD3,739,5911,67,3.3054094230957536,0,1
TD3,739,5911,68,2.292548119027694,0,1
TD3,739,5911,69,0.8360640267696375,1,1
TD3,739,5911,70,13.949167117094984,0,1
TD3,739,5911,71,0.9503177679882525,1,1
TD3,739,5911,72,15.833934001576752,0,1
TD3,739,5911,73,3.5014284518928482,0,1
TD3,739,5911,74,2.749476287561917,0,1
TD3,739,5911,75,1.193806348260189,0,1
TD3,739,5911,76,1.3540410697436565,0,1
TD3,739,5911,77,2.338590703408566,0,1
TD3,739,5911,78,3.9450911515089353,0,1
TD3,739,5911,79,1.208890523818475,0,1
TD3,739,5911,80,5.013944190466828,0,1
TD3,739,5911,81,1.3750660299477333,0,1
TD3,739,5911,82,2.019570605601753,0,1
TD3,739,5911,83,10.92744919298622,0,1
TD3,739,5911,84,1.9662549021039795,0,1
TD3,739,5911,85,3.4469970951643996,0,1
TD3,739,5911,86,0.9305533574090328,1,1
TD3,739,5911,87,1.417515559710138,0,1
TD3,739,5911,88,3.258104487608841,0,1
TD3,739,5911,89,1.2836546950595051,0,1
TD3,739,5911,91,1.4941530789799924,0,1
TD3,739,5911,92,2.2511097370209905,0,1
TD3,739,5911,93,3.26519644302856,0,1
TD3,739,5911,94,2.195162223878467,0,1
TD3,739,5911,95,3.151194202139686,0,1
TD3,739,5911,96,1.623374040262474,0,1
TD3,739,5911,97,1.920848025460552,0,1
TD3,739,5911,98,3.3264539461808034,0,1
TD3,739,5914,5,6.067145352222006,0,1
TD3,739,5914,7,11.474039596171494,0,1
TD3,739,5914,8,3.2685882833946613,0,1
TD3,739,5914,9,2.821560887780894,0,1
TD3,739,5914,10,1.7191240324712103,0,1
TD3,739,5914,11,1.4639414147489076,0,1
TD3,739,5914,12,3.4461695376246597,0,1
TD3,739,5914,13,3.8116948470209344,0,1
TD3,739,5914,14,6.29759179780639,0,1
TD3,739,5914,15,2.5808364700961945,0,1
TD3,739,5914,16,4.553179647910015,0,1
TD3,739,5914,17,1.777096940269127,0,1
TD3,739,5914,18,3.054365236399269,0,1
TD3,739,5914,19,3.266135471704524,0,1
TD3,739,5914,20,2.6200739503816797,0,1
TD3,739,5914,21,2.8610712521465036,0,1
TD3,739,5914,22,2.164134923870465,0,1
TD3,739,5914,23,2.5170987583097393,0,1
TD3,739,5914,24,3.7622519600582267,0,1
TD3,739,5914,25,3.51885020262048,0,1
TD3,739,5914,26,3.1242965589344966,0,1
TD3,739,5914,27,4.08909449282184,0,1
TD3,739,5914,28,1.8676656229809654,0,1
TD3,739,5914,29,2.330000761523482,0,1
TD3,739,5914,30,4.353232206539755,0,1
TD3,739,5914,31,2.3092138977144616,0,1
TD3,739,5914,33,1.6936318613623842,0,1
TD3,739,5914,34,1.9548247316000515,0,1
TD3,739,5914,36,1.41806721313622,0,1
TD3,739,5914,38,3.292378569179524,0,1
TD3,739,5914,39,0.8810457538369757,1,1
TD3,739,5914,42,1.8792807767863733,0,1
TD3,739,5914,44,1.1995830705626795,0,1
TD3,739,5914,45,0.8113351419372042,1,1
TD3,739,5914,47,1.8285817583177195,0,1
TD3,739,5914,50,1.7974168544907398,0,1
TD3,739,5914,51,2.7818641251356135,0,1
TD3,739,5914,52,0.8620051975443485,1,1
TD3,739,5914,54,5.677476083286438,0,1
TD3,739,5914,55,1.6408949871961032,0,1
TD3,739,5914,56,2.021897810218978,0,1
TD3,739,5914,58,3.0497119451197174,0,1
TD3,739,5914,59,0.9874862377856373,1,1
TD3,739,5914,60,2.0285646496798306,0,1
TD3,739,5914,62,0.8893683370064243,1,1
TD3,739,5914,65,0.9000982475322076,1,1
TD3,739,5914,67,1.5379339368225775,0,1
TD3,739,5914,68,1.1889695299916112,0,1
TD3,739,5914,71,2.694283488037005,0,1
TD3,739,5914,72,0.8937405914169979,1,1
TD3,739,5914,73,1.063642883955384,0,1
TD3,739,5914,75,1.1498027786727592,0,1
TD3,739,5914,77,9.468086107295411,0,1
TD3,739,5914,78,1.3758385093167702,0,1
TD3,739,5914,79,1.6993658028159062,0,1
TD3,739,5914,80,1.6157424131451357,0,1
TD3,739,5914,81,4.031214876364805,0,1
TD3,739,5914,82,1.1729917226772708,0,1
TD3,739,5914,84,1.0582869687625687,0,1
TD3,739,5914,85,3.444304694419841,0,1
TD3,739,5914,86,2.1090839694656487,0,1
TD3,739,5914,87,10.867192815349027,0,1
TD3,739,5914,88,2.556329748146169,0,1
TD3,739,5914,89,0.8996137637280824,1,1
TD3,739,5914,90,1.3452032554108442,0,1
TD3,739,5914,91,19.39812256687178,0,1
TD3,739,5914,92,1.4259986967082006,0,1
TD3,739,5914,93,1.9204985045668077,0,1
TD3,739,5914,94,7.340624285249966,0,1
TD3,739,5914,95,1.3783830561503556,0,1
TD3,739,5914,96,10.711705815334643,0,1
TD3,739,5914,97,1.6178832839460715,0,1
TD3,739,5914,98,1.5762039823308185,0,1
TD3,739,5917,5,3.708308866705813,0,1
TD3,739,5917,8,12.097531847133755,0,1
TD3,739,5917,9,2.4491937872952723,0,1
TD3,739,5917,10,2.918294889190411,0,1
TD3,739,5917,11,2.165729888544694,0,1
TD3,739,5917,12,1.0834174695667222,0,1
TD3,739,5917,13,2.1583456852608367,0,1
TD3,739,5917,14,1.8287727666955769,0,1
TD3,739,5917,15,2.039993474550748,0,1
TD3,739,5917,16,2.484735523795491,0,1
TD3,739,5917,17,1.5458678819334557,0,1
TD3,739,5917,18,3.5574096964702653,0,1
TD3,739,5917,19,1.1994367783722897,0,1
TD3,739,5917,20,1.2752811274942009,0,1
TD3,739,5917,21,2.210224976424626,0,1
TD3,739,5917,22,1.7045245289380522,0,1
TD3,739,5917,23,2.290231999690151,0,1
TD3,739,5917,24,3.9920992592175306,0,1
TD3,739,5917,25,2.6842730846319975,0,1
TD3,739,5917,26,1.6762348362878718,0,1
TD3,739,5917,27,1.589055154355225,0,1
TD3,739,5917,28,4.635867026785533,0,1
TD3,739,5917,29,2.9466990210024266,0,1
TD3,739,5917,30,2.6560792211061397,0,1
TD3,739,5917,31,2.600960659434422,0,1
TD3,739,5917,32,2.2507321604583717,0,1
TD3,739,5917,33,2.450899330307465,0,1
TD3,739,5917,34,2.1801413899443802,0,1
TD3,739,5917,35,1.7838801165108078,0,1
TD3,739,5917,36,1.8246579570003085,0,1
TD3,739,5917,37,7.10034474267422,0,1
TD3,739,5917,38,1.376823209803867,0,1
TD3,739,5917,40,1.62735040681658,0,1
TD3,739,5917,41,2.5911110404881454,0,1
TD3,739,5917,42,1.3043685686789006,0,1
TD3,739,5917,44,1.0678030643421998,0,1
TD3,739,5917,46,1.7973521647407273,0,1
TD3,739,5917,48,1.5235140546979948,0,1
TD3,739,5917,49,4.85727528790958,0,1
TD3,739,5917,50,0.9570575759956013,1,1
TD3,739,5917,52,14.072330031211836,0,1
TD3,739,5917,53,0.9901210442885242,1,1
TD3,739,5917,55,1.7409781655742502,0,1
TD3,739,5917,56,2.5655229348754673,0,1
TD3,739,5917,57,7.707330102348915,0,1
TD3,739,5917,58,1.6334723466644945,0,1
TD3,739,5917,59,1.4679724468924502,0,1
TD3,739,5917,62,1.2356825600791743,0,1
TD3,739,5917,64,0.9452296517106098,1,1
TD3,739,5917,67,1.1380744555708227,0,1
TD3,739,5917,68,4.057497670533045,0,1
TD3,739,5917,69,1.063238147183289,0,1
TD3,739,5917,71,1.1971726641908051,0,1
TD3,739,5917,72,4.604254399419918,0,1
TD3,739,5917,73,0.891281709338014,1,1
TD3,739,5917,74,7.522065650772845,0,1
TD3,739,5917,75,1.2854480655564897,0,1
TD3,739,5917,77,1.8360136030895147,0,1
TD3,739,5917,78,1.290146892807225,0,1
TD3,739,5917,79,1.578257276021773,0,1
TD3,739,5917,80,3.568682102859445,0,1
TD3,739,5917,81,1.3162505039950483,0,1
TD3,739,5917,82,3.8894311694964867,0,1
TD3,739,5917,83,2.3086514319758287,0,1
TD3,739,5917,84,2.564862977720267,0,1
TD3,739,5917,85,1.0249741348935435,0,1
TD3,739,5917,86,2.1704680835584176,0,1
TD3,739,5917,87,2.0395670720804553,0,1
TD3,739,5917,88,3.130874055832246,0,1
TD3,739,5917,89,11.778227434199902,0,1
TD3,739,5917,90,1.641146747314839,0,1
TD3,739,5917,91,1.6193849780682283,0,1
TD3,739,5917,92,1.7874078982242245,0,1
TD3,739,5917,93,1.7619209926660668,0,1
TD3,739,5917,96,1.6206326659390597,0,1
TD3,739,5917,97,1.984973461746078,0,1
TD3,739,5917,98,1.3088310962170862,0,1
TD3,739,5920,5,2.4485141672425708,0,1
TD3,739,5920,9,5.213187755640585,0,1
TD3,739,5920,10,3.0726997349488827,0,1
TD3,739,5920,11,4.041279744631457,0,1
TD3,739,5920,12,1.2399579807240244,0,1
TD3,739,5920,13,2.873502722323049,0,1
TD3,739,5920,14,4.271915659315308,0,1
TD3,739,5920,15,2.4764438266144317,0,1
TD3,739,5920,16,2.2847223867864166,0,1
TD3,739,5920,17,5.677355427152476,0,1
TD3,739,5920,18,2.522492505873775,0,1
TD3,739,5920,19,2.709709815158155,0,1
TD3,739,5920,20,3.5814898164267612,0,1
TD3,739,5920,21,4.189716362803742,0,1
TD3,739,5920,22,4.237356095306702,0,1
TD3,739,5920,23,2.139700029847777,0,1
TD3,739,5920,24,2.1663552122635914,0,1
TD3,739,5920,25,2.900777383012966,0,1
TD3,739,5920,26,2.778843679172444,0,1
TD3,739,5920,27,2.787258028263984,0,1
TD3,739,5920,29,1.831397203979088,0,1
TD3,739,5920,30,2.450169620297896,0,1
TD3,739,5920,32,1.5360249936478059,0,1
TD3,739,5920,34,1.2322090351067005,0,1
TD3,739,5920,35,1.0062883158386955,0,1
TD3,739,5920,38,1.2511976308683912,0,1
TD3,739,5920,40,2.9806435811175858,0,1
TD3,739,5920,41,2.0020027257013697,0,1
TD3,739,5920,42,2.709301860105148,0,1
TD3,739,5920,43,6.577645373704419,0,1
TD3,739,5920,44,1.4329027731450064,0,1
TD3,739,5920,46,10.701936024417249,0,1
TD3,739,5920,47,1.304918377940808,0,1
TD3,739,5920,49,1.1458976742976406,0,1
TD3,739,5920,53,1.3842917643686272,0,1
TD3,739,5920,54,1.06045682042256,0,1
TD3,739,5920,58,0.8057430688156649,1,1
TD3,739,5920,59,5.181584069471477,0,1
TD3,739,5920,60,1.057252651137876,0,1
TD3,739,5920,64,1.0267639144597083,0,1
TD3,739,5920,65,0.9228964629572683,1,1
TD3,739,5920,66,0.6318541554377624,1,1
TD3,739,5920,67,19.52650028042625,0,1
TD3,739,5920,69,7.2142154309197215,0,1
TD3,739,5920,70,0.9446696306356971,1,1
TD3,739,5920,71,1.4183960553984485,0,1
TD3,739,5920,72,3.0565332890586085,0,1
TD3,739,5920,73,1.854399212081418,0,1
TD3,739,5920,74,1.517649440664375,0,1
TD3,739,5920,75,1.6355498828960895,0,1
TD3,739,5920,76,1.830308037158571,0,1
TD3,739,5920,77,2.6361170301189345,0,1
TD3,739,5920,78,2.9207912493189725,0,1
TD3,739,5920,79,1.7735992589410932,0,1
TD3,739,5920,80,2.3285443948224964,0,1
TD3,739,5920,81,4.605612087573235,0,1
TD3,739,5920,82,2.6652975355640143,0,1
TD3,739,5920,83,1.6888962958567901,0,1
TD3,739,5920,84,1.5700693765380316,0,1
TD3,739,5920,85,4.216411747809852,0,1
TD3,739,5920,86,1.3306742620403935,0,1
TD3,739,5920,88,1.284281793897308,0,1
TD3,739,5920,90,1.59598198098277,0,1
TD3,739,5920,91,16.36600855691238,0,1
TD3,739,5920,92,1.7532858401093903,0,1
TD3,739,5920,93,0.6106064185772149,1,1
TD3,739,5920,95,8.942399165960774,0,1
TD3,739,5920,96,0.8782597738905255,1,1
TD3,739,5920,97,7.402502426174964,0,1
TD3,739,5920,98,0.7000721450883778,1,1
TD3,739,5924,5,5.608139761858285,0,1
TD3,739,5924,7,11.549767321613237,0,1
TD3,739,5924,8,6.722432192085372,0,1
TD3,739,5924,9,2.9586241476133175,0,1
TD3,739,5924,10,1.6209591345718986,0,1
TD3,739,5924,11,1.4890229596111948,0,1
TD3,739,5924,12,2.6000809245631333,0,1
TD3,739,5924,13,3.477277769560715,0,1
TD3,739,5924,14,2.8677408264049506,0,1
TD3,739,5924,15,2.4773007254642514,0,1
TD3,739,5924,16,1.5110605074821082,0,1
TD3,739,5924,17,1.3096080329659416,0,1
TD3,739,5924,18,1.753629165291983,0,1
TD3,739,5924,19,3.6581035397982844,0,1
TD3,739,5924,20,2.1429474508965933,0,1
TD3,739,5924,21,2.570743564247044,0,1
TD3,739,5924,22,1.897079939153552,0,1
TD3,739,5924,23,1.6274937979304422,0,1
TD3,739,5924,24,1.7760142550329232,0,1
TD3,739,5924,25,2.140685568311773,0,1
TD3,739,5924,26,3.5672289229467067,0,1
TD3,739,5924,27,2.933551505282058,0,1
TD3,739,5924,28,1.7449554047760807,0,1
TD3,739,5924,29,5.898255491237809,0,1
TD3,739,5924,30,5.992860798362335,0,1
TD3,739,5924,31,1.5159007455213085,0,1
TD3,739,5924,32,2.211309523809524,0,1
TD3,739,5924,33,5.287021717420143,0,1
TD3,739,5924,34,1.087464664707334,0,1
TD3,739,5924,36,6.95570751075328,0,1
TD3,739,5924,37,0.8249951111400821,1,1
TD3,739,5924,39,2.717861490774398,0,1
TD3,739,5924,40,2.3244741577362356,0,1
TD3,739,5924,42,2.4426075614142575,0,1
TD3,739,5924,43,1.9396832989690722,0,1
TD3,739,5924,44,8.456454918032787,0,1
TD3,739,5924,45,0.8893747997266631,1,1
TD3,739,5924,48,1.282566903923022,0,1
TD3,739,5924,50,15.962985141659493,0,1
TD3,739,5924,51,3.457548501213706,0,1
TD3,739,5924,52,1.3956164959744144,0,1
TD3,739,5924,53,0.6410200540968826,1,1
TD3,739,5924,58,1.3582841542776445,0,1
TD3,739,5924,59,1.777554025172168,0,1
TD3,739,5924,60,1.9930113395977078,0,1
TD3,739,5924,62,10.442517495699713,0,1
TD3,739,5924,63,1.0592468196505407,0,1
TD3,739,5924,65,1.980382777172374,0,1
TD3,739,5924,67,1.058797374079356,0,1
TD3,739,5924,68,0.9074176933952738,1,1
TD3,739,5924,70,1.0740839758658767,0,1
TD3,739,5924,72,6.745465613865464,0,1
TD3,739,5924,73,1.000141530717771,0,1
TD3,739,5924,74,1.1495298449576752,0,1
TD3,739,5924,75,12.15801815885996,0,1
TD3,739,5924,76,1.4866946378574286,0,1
TD3,739,5924,77,13.065271705184259,0,1
TD3,739,5924,79,1.8175413552311503,0,1
TD3,739,5924,80,1.1900082034454469,0,1
TD3,739,5924,81,1.3290324185339373,0,1
TD3,739,5924,83,4.23412291517944,0,1
TD3,739,5924,84,1.0144049921344545,0,1
TD3,739,5924,85,6.33965814501029,0,1
TD3,739,5924,86,1.473079698458039,0,1
TD3,739,5924,87,4.825812352992421,0,1
TD3,739,5924,88,8.997170913038474,0,1
TD3,739,5924,89,1.2301667417600746,0,1
TD3,739,5924,90,3.3025460122699384,0,1
TD3,739,5924,91,1.7026581054675547,0,1
TD3,739,5924,92,1.8384573769734711,0,1
TD3,739,5924,93,1.6499910447167148,0,1
TD3,739,5924,94,1.728914832251771,0,1
TD3,739,5924,95,9.540964876718387,0,1
TD3,739,5924,96,9.459718332320021,0,1
TD3,739,5924,97,2.4537766802482905,0,1
TD3,739,5924,98,4.926196832995765,0,1
TD3,739,5926,5,5.075891986742055,0,1
TD3,739,5926,7,10.632241649269313,0,1
TD3,739,5926,8,9.556352229442078,0,1
TD3,739,5926,9,3.176072570451334,0,1
TD3,739,5926,10,1.472318938155237,0,1
TD3,739,5926,11,1.8530980408822404,0,1
TD3,739,5926,12,4.223685835425843,0,1
TD3,739,5926,13,2.7502509882662984,0,1
TD3,739,5926,14,2.512804860736493,0,1
TD3,739,5926,15,1.9819673079147229,0,1
TD3,739,5926,16,5.3894694342849,0,1
TD3,739,5926,17,1.7763091193442266,0,1
TD3,739,5926,18,2.9962738126659314,0,1
TD3,739,5926,19,4.104107937865739,0,1
TD3,739,5926,20,6.048597194388777,0,1
TD3,739,5926,21,2.0264017485563115,0,1
TD3,739,5926,22,2.739896663405739,0,1
TD3,739,5926,23,2.5379976768899986,0,1
TD3,739,5926,24,3.539475937660558,0,1
TD3,739,5926,25,2.5165885779409902,0,1
TD3,739,5926,26,5.036006748186733,0,1
TD3,739,5926,27,2.319041335681488,0,1
TD3,739,5926,28,2.2708683678194537,0,1
TD3,739,5926,29,2.2300690969740287,0,1
TD3,739,5926,30,11.97628636151163,0,1
TD3,739,5926,31,1.8310134847794806,0,1
TD3,739,5926,32,4.063963958190476,0,1
TD3,739,5926,34,2.3307660659093643,0,1
TD3,739,5926,36,1.2032147555016395,0,1
TD3,739,5926,37,1.285457757620504,0,1
TD3,739,5926,38,1.3568731848983546,0,1
TD3,739,5926,40,1.4874392395492024,0,1
TD3,739,5926,42,2.8183322836629303,0,1
TD3,739,5926,43,1.739511246481975,0,1
TD3,739,5926,45,1.3034280245509702,0,1
TD3,739,5926,47,1.1874809048467296,0,1
TD3,739,5926,49,4.130903181591627,0,1
TD3,739,5926,51,1.4356183568405902,0,1
TD3,739,5926,52,0.5839724574282333,1,1
TD3,739,5926,54,6.392330480579329,0,1
TD3,739,5926,55,14.018828192741235,0,1
TD3,739,5926,56,4.892730885350811,0,1
TD3,739,5926,57,1.2868834263554652,0,1
TD3,739,5926,58,5.98289101203114,0,1
TD3,739,5926,59,7.593761347955551,0,1
TD3,739,5926,60,3.6531559935020517,0,1
TD3,739,5926,61,1.966367025664838,0,1
TD3,739,5926,62,1.9580206459596017,0,1
TD3,739,5926,63,0.8531843128287219,1,1
TD3,739,5926,65,3.5460141168624255,0,1
TD3,739,5926,66,1.1911569523684848,0,1
TD3,739,5926,68,3.4767508152607687,0,1
TD3,739,5926,69,3.1561802109181145,0,1
TD3,739,5926,70,0.9599488364060275,1,1
TD3,739,5926,72,1.660566678794898,0,1
TD3,739,5926,73,1.1038730176836993,0,1
TD3,739,5926,75,7.57855643849183,0,1
TD3,739,5926,76,0.90831055539401,1,1
TD3,739,5926,78,0.7838727264367212,1,1
TD3,739,5926,79,1.8645952253462785,0,1
TD3,739,5926,80,6.568101729494134,0,1
TD3,739,5926,81,6.671128948731228,0,1
TD3,739,5926,82,1.655695302712518,0,1
TD3,739,5926,83,2.169440940387177,0,1
TD3,739,5926,84,3.007073416024137,0,1
TD3,739,5926,85,1.5976043462134266,0,1
TD3,739,5926,86,13.56196535727965,0,1
TD3,739,5926,87,0.9357721371018245,1,1
TD3,739,5926,89,1.5767069982551154,0,1
TD3,739,5926,90,1.5479466401619852,0,1
TD3,739,5926,91,14.131478176212884,0,1
TD3,739,5926,92,1.5785626914245015,0,1
TD3,739,5926,93,0.9830244436546244,1,1
TD3,739,5926,94,1.2838850535099522,0,1
TD3,739,5926,95,9.520334048872291,0,1
TD3,739,5926,96,0.9279880604248242,1,1
TD3,739,5926,97,2.2997665503147466,0,1
TD3,739,5926,98,6.754915993829819,0,1
TD3,739,5931,5,2.076873703959712,0,1
TD3,739,5931,9,4.259530280855809,0,1
TD3,739,5931,10,5.542736968604477,0,1
TD3,739,5931,11,4.361256700416914,0,1
TD3,739,5931,12,3.3862725450901796,0,1
TD3,739,5931,13,2.5158499733364934,0,1
TD3,739,5931,14,2.3993512284300174,0,1
TD3,739,5931,15,2.312253055754523,0,1
TD3,739,5931,16,3.45997458703939,0,1
TD3,739,5931,17,2.6021424396385058,0,1
TD3,739,5931,18,1.9418092792548527,0,1
TD3,739,5931,19,3.380332858082913,0,1
TD3,739,5931,20,1.9533926885201676,0,1
TD3,739,5931,21,3.034128149235583,0,1
TD3,739,5931,22,3.9884738311134247,0,1
TD3,739,5931,23,4.710757673733886,0,1
TD3,739,5931,24,4.77705090484722,0,1
TD3,739,5931,25,2.0496457405634856,0,1
TD3,739,5931,26,2.76434812922979,0,1
TD3,739,5931,27,2.5494876963130935,0,1
TD3,739,5931,28,2.37713966604549,0,1
TD3,739,5931,30,1.7671303074670575,0,1
TD3,739,5931,31,4.591945091945091,0,1
TD3,739,5931,32,2.230777942411688,0,1
TD3,739,5931,34,2.2813490711195104,0,1
TD3,739,5931,36,0.8564660980054412,1,1
TD3,739,5931,37,1.0099270368599957,0,1
TD3,739,5931,38,0.8336026633075401,1,1
TD3,739,5931,42,1.6521500310157535,0,1
TD3,739,5931,43,2.272691987095871,0,1
TD3,739,5931,44,4.081253699722716,0,1
TD3,739,5931,45,2.2993955335566336,0,1
TD3,739,5931,46,2.6655854996422605,0,1
TD3,739,5931,48,1.7336341302846865,0,1
TD3,739,5931,49,2.2500230494130893,0,1
TD3,739,5931,51,1.337041280297877,0,1
TD3,739,5931,54,1.3909774436090223,0,1
TD3,739,5931,56,1.1534286109736929,0,1
TD3,739,5931,60,0.9366254548572593,1,1
TD3,739,5931,61,0.7652216862788863,1,1
TD3,739,5931,63,1.5428068029844442,0,1
TD3,739,5931,66,1.3723996566303243,0,1
TD3,739,5931,67,2.5513033832501386,0,1
TD3,739,5931,68,1.513856543031177,0,1
TD3,739,5931,69,17.533844513278833,0,1
TD3,739,5931,70,1.6607481452845123,0,1
TD3,739,5931,72,2.1239184386781194,0,1
TD3,739,5931,73,0.9954508040238608,1,1
TD3,739,5931,75,12.98735449292354,0,1
TD3,739,5931,76,1.2414348932930455,0,1
TD3,739,5931,77,2.0000321398727263,0,1
TD3,739,5931,78,0.9947070921604475,1,1
TD3,739,5931,79,1.6764804652305678,0,1
TD3,739,5931,80,4.04088959470098,0,1
TD3,739,5931,82,1.1003126828506298,0,1
TD3,739,5931,83,17.153370088103344,0,1
TD3,739,5931,84,2.2034692735591324,0,1
TD3,739,5931,85,1.2458294183040957,0,1
TD3,739,5931,86,4.291438324199635,0,1
TD3,739,5931,87,1.3125402499059937,0,1
TD3,739,5931,88,1.6170230504934378,0,1
TD3,739,5931,90,1.7360847088941296,0,1
TD3,739,5931,91,1.4545639501265684,0,1
TD3,739,5931,92,7.251862871234052,0,1
TD3,739,5931,93,1.3934218599005195,0,1
TD3,739,5931,95,1.022399838699166,0,1
TD3,739,5931,96,10.236739883746925,0,1
TD3,739,5931,97,4.915396710722026,0,1
TD3,739,5931,98,1.0397110565110566,0,1
TD3,739,5935,5,3.6607073455110766,0,1
TD3,739,5935,7,5.194642857142858,0,1
TD3,739,5935,8,2.8906325446644137,0,1
TD3,739,5935,9,2.420619476202059,0,1
TD3,739,5935,13,3.0527695837430353,0,1
TD3,739,5935,14,2.15353693747511,0,1
TD3,739,5935,15,2.299548796791443,0,1
TD3,739,5935,16,1.5421169092093834,0,1
TD3,739,5935,17,4.6278445006321105,0,1
TD3,739,5935,18,3.9064197221874606,0,1
TD3,739,5935,19,3.6046285255396295,0,1
TD3,739,5935,20,1.6647996029535397,0,1
TD3,739,5935,21,2.2318068824332227,0,1
TD3,739,5935,22,2.0971887410901657,0,1
TD3,739,5935,23,3.0028600551624893,0,1
TD3,739,5935,24,5.705069722192196,0,1
TD3,739,5935,25,4.71376421304608,0,1
TD3,739,5935,26,2.9244193891147057,0,1
TD3,739,5935,27,1.9065385131162254,0,1
TD3,739,5935,28,4.387202897618895,0,1
TD3,739,5935,29,2.664055974038454,0,1
TD3,739,5935,30,2.693458907685881,0,1
TD3,739,5935,31,2.5963791306661554,0,1
TD3,739,5935,32,2.909510588842976,0,1
TD3,739,5935,33,1.7391072334835955,0,1
TD3,739,5935,35,2.2127320820837686,0,1
TD3,739,5935,37,5.584955404162278,0,1
TD3,739,5935,38,2.992249820484366,0,1
TD3,739,5935,40,1.7097663408557104,0,1
TD3,739,5935,41,1.8881505424744285,0,1
TD3,739,5935,42,5.084671275132865,0,1
TD3,739,5935,43,3.1180087499968083,0,1
TD3,739,5935,44,2.521797198593692,0,1
TD3,739,5935,45,5.3574815144461185,0,1
TD3,739,5935,46,3.464378010532589,0,1
TD3,739,5935,47,2.0946515510859736,0,1
TD3,739,5935,48,2.8910310167366164,0,1
TD3,739,5935,49,2.283518988446932,0,1
TD3,739,5935,50,0.899885636102986,1,1
TD3,739,5935,52,1.2636109217583489,0,1
TD3,739,5935,53,0.8441488907485528,1,1
TD3,739,5935,57,0.8140727917895454,1,1
TD3,739,5935,58,10.43585234422897,0,1
TD3,739,5935,59,1.091527788346904,0,1
TD3,739,5935,62,1.2386024080942732,0,1
TD3,739,5935,63,2.692281365759381,0,1
TD3,739,5935,64,1.7891175549672858,0,1
TD3,739,5935,65,5.449502994775074,0,1
TD3,739,5935,66,1.5277172291948695,0,1
TD3,739,5935,68,0.7978576454228662,1,1
TD3,739,5935,70,13.147231525379496,0,1
TD3,739,5935,71,0.9623947177375313,1,1
TD3,739,5935,73,16.19333878394079,0,1
TD3,739,5935,74,1.1310349343249309,0,1
TD3,739,5935,75,18.204393589971023,0,1
TD3,739,5935,76,1.0931743776006169,0,1
TD3,739,5935,77,2.951878263084172,0,1
TD3,739,5935,78,2.648126979367727,0,1
TD3,739,5935,79,5.778054535920295,0,1
TD3,739,5935,80,1.7983590055364254,0,1
TD3,739,5935,81,0.6958186160058005,1,1
TD3,739,5935,82,13.178387313683741,0,1
TD3,739,5935,83,1.598430721458269,0,1
TD3,739,5935,84,8.643628168690611,0,1
TD3,739,5935,85,5.062284189363409,0,1
TD3,739,5935,86,1.8592719736699872,0,1
TD3,739,5935,87,2.0661765010116384,0,1
TD3,739,5935,88,1.235533340931407,0,1
TD3,739,5935,89,8.98502015848742,0,1
TD3,739,5935,90,1.0263644069040418,0,1
TD3,739,5935,91,16.307154813344233,0,1
TD3,739,5935,92,1.7213643643212158,0,1
TD3,739,5935,93,1.4748706783177952,0,1
TD3,739,5935,94,4.200687344769826,0,1
TD3,739,5935,95,2.7644436147674787,0,1
TD3,739,5935,96,4.0350978743455075,0,1
TD3,739,5935,97,6.620740495569364,0,1
TD3,739,5935,98,3.287286890632853,0,1
TD3,739,5940,5,3.225619270528574,0,1
TD3,739,5940,7,6.228799559471366,0,1
TD3,739,5940,8,8.957111647694607,0,1
TD3,739,5940,9,3.326688395361177,0,1
TD3,739,5940,10,5.784688286687398,0,1
TD3,739,5940,11,2.8374526678141136,0,1
TD3,739,5940,12,2.745568133276378,0,1
TD3,739,5940,13,1.9295996969314306,0,1
TD3,739,5940,14,2.4766691614834695,0,1
TD3,739,5940,15,1.945950277817353,0,1
TD3,739,5940,16,3.4830522271424855,0,1
TD3,739,5940,17,2.7239402362751908,0,1
TD3,739,5940,18,1.842672089170056,0,1
TD3,739,5940,19,1.8961777841125045,0,1
TD3,739,5940,20,2.4891784417584835,0,1
TD3,739,5940,21,2.0472039616576407,0,1
TD3,739,5940,22,2.1512310110005237,0,1
TD3,739,5940,23,4.10032189779745,0,1
TD3,739,5940,24,2.6005792288151506,0,1
TD3,739,5940,25,2.372219920450779,0,1
TD3,739,5940,26,4.789597647694201,0,1
TD3,739,5940,27,1.675410400938059,0,1
TD3,739,5940,28,2.931859007624446,0,1
TD3,739,5940,29,2.45484965802987,0,1
TD3,739,5940,30,2.9055711246919,0,1
TD3,739,5940,31,1.9064204456911331,0,1
TD3,739,5940,33,1.611724295922533,0,1
TD3,739,5940,35,1.0223768662847088,0,1
TD3,739,5940,37,1.6274116753567307,0,1
TD3,739,5940,38,0.8943819133056383,1,1
TD3,739,5940,41,1.9827775897088695,0,1
TD3,739,5940,42,1.7003784887120104,0,1
TD3,739,5940,44,5.828457738748629,0,1
TD3,739,5940,45,2.31344189995519,0,1
TD3,739,5940,46,2.353188681442379,0,1
TD3,739,5940,47,1.1442608574108144,0,1
TD3,739,5940,48,2.3809415270349907,0,1
TD3,739,5940,51,1.1195667798458449,0,1
TD3,739,5940,53,1.1791575764863518,0,1
TD3,739,5940,56,0.9778176983941071,1,1
TD3,739,5940,59,1.4503308614374257,0,1
TD3,739,5940,60,0.9191877579189026,1,1
TD3,739,5940,61,9.095889003083249,0,1
TD3,739,5940,62,0.6909435486745643,1,1
TD3,739,5940,65,14.015478536749505,0,1
TD3,739,5940,66,1.884134244913351,0,1
TD3,739,5940,67,1.52176005405639,0,1
TD3,739,5940,68,2.3951043249135266,0,1
TD3,739,5940,69,2.899975115608735,0,1
TD3,739,5940,70,1.7775438200192546,0,1
TD3,739,5940,71,4.505230467473031,0,1
TD3,739,5940,72,1.3209694215291945,0,1
TD3,739,5940,73,6.3821946773605545,0,1
TD3,739,5940,74,0.9053223684505928,1,1
TD3,739,5940,76,1.5743588106336335,0,1
TD3,739,5940,77,8.4521523443751,0,1
TD3,739,5940,78,0.874139729375284,1,1
TD3,739,5940,79,11.317486836776022,0,1
TD3,739,5940,80,1.6809263879384204,0,1
TD3,739,5940,81,2.10652017815156,0,1
TD3,739,5940,82,4.530577179325339,0,1
TD3,739,5940,83,1.3380131974930283,0,1
TD3,739,5940,84,1.359653760157229,0,1
TD3,739,5940,86,0.981136724277454,1,1
TD3,739,5940,88,2.1926112400489135,0,1
TD3,739,5940,89,1.3294303090133555,0,1
TD3,739,5940,90,3.5169092162069036,0,1
TD3,739,5940,91,1.6814110424775122,0,1
TD3,739,5940,92,2.0506208389965215,0,1
TD3,739,5940,93,6.985657658471581,0,1
TD3,739,5940,94,1.138728959657826,0,1
TD3,739,5940,95,9.148250019167369,0,1
TD3,739,5940,96,2.1553343618839067,0,1
TD3,739,5940,97,2.525623130962275,0,1
TD3,739,5940,98,1.1049048442272897,0,1
TD3,739,5942,5,1.942567901234568,0,1
TD3,739,5942,9,3.5195977130261067,0,1
TD3,739,5942,10,10.354767656671877,0,1
TD3,739,5942,11,8.15951183613394,0,1
TD3,739,5942,12,1.5301188424203938,0,1
TD3,739,5942,13,2.598976900559372,0,1
TD3,739,5942,14,3.4643674052894937,0,1
TD3,739,5942,15,1.7676854996398066,0,1
TD3,739,5942,16,2.2231918659696213,0,1
TD3,739,5942,17,5.138444108761329,0,1
TD3,739,5942,18,2.4883385403106826,0,1
TD3,739,5942,19,1.882900572455698,0,1
TD3,739,5942,20,2.0011024972437568,0,1
TD3,739,5942,21,1.9318554773898031,0,1
TD3,739,5942,22,2.0691522654700143,0,1
TD3,739,5942,23,3.3062646040995,0,1
TD3,739,5942,24,2.536801921592177,0,1
TD3,739,5942,25,3.7002142634355377,0,1
TD3,739,5942,26,3.238363093902822,0,1
TD3,739,5942,27,1.8809598512247714,0,1
TD3,739,5942,28,2.3050989376096886,0,1
TD3,739,5942,29,2.50842865743528,0,1
TD3,739,5942,30,2.8160514708320896,0,1
TD3,739,5942,31,2.8409917149053694,0,1
TD3,739,5942,32,3.333476128445661,0,1
TD3,739,5942,33,1.9224730824820957,0,1
TD3,739,5942,34,9.959853199743238,0,1
TD3,739,5942,35,1.2430825325427655,0,1
TD3,739,5942,37,2.830082618175999,0,1
TD3,739,5942,38,1.4838976967884705,0,1
TD3,739,5942,40,1.2834157470974106,0,1
TD3,739,5942,42,2.04288115932942,0,1
TD3,739,5942,43,2.199974413598616,0,1
TD3,739,5942,44,5.330696230836659,0,1
TD3,739,5942,45,3.1152804751048437,0,1
TD3,739,5942,46,0.9039154417922558,1,1
TD3,739,5942,49,1.3352851667710932,0,1
TD3,739,5942,52,1.327621116811321,0,1
TD3,739,5942,54,0.710116734069584,1,1
TD3,739,5942,55,0.7160231979478737,1,1
TD3,739,5942,59,1.5362880695814927,0,1
TD3,739,5942,60,4.202630840793811,0,1
TD3,739,5942,61,2.9219506364668617,0,1
TD3,739,5942,62,3.860886775217851,0,1
TD3,739,5942,63,2.441097547859754,0,1
TD3,739,5942,64,1.0031866287183968,0,1
TD3,739,5942,66,11.10366564417178,0,1
TD3,739,5942,67,1.2736246091273304,0,1
TD3,739,5942,69,1.0221759606852774,0,1
TD3,739,5942,71,1.9703458961388098,0,1
TD3,739,5942,72,0.6789879119131277,1,1
TD3,739,5942,73,5.925373615047667,0,1
TD3,739,5942,75,1.3146279193966472,0,1
TD3,739,5942,77,2.2135010225499165,0,1
TD3,739,5942,78,1.7950456342644467,0,1
TD3,739,5942,79,1.6323670714624745,0,1
TD3,739,5942,80,0.6129230743818034,1,1
TD3,739,5942,81,5.144410910540401,0,1
TD3,739,5942,82,2.3192153393800456,0,1
TD3,739,5942,83,1.218302025130837,0,1
TD3,739,5942,84,9.997898475654877,0,1
TD3,739,5942,85,1.5359887894385758,0,1
TD3,739,5942,86,7.114047723960274,0,1
TD3,739,5942,87,2.3227557250552224,0,1
TD3,739,5942,88,1.4089254383749397,0,1
TD3,739,5942,89,1.175268627030287,0,1
TD3,739,5942,90,18.501114930781384,0,1
TD3,739,5942,91,1.7943675677041866,0,1
TD3,739,5942,93,1.8586880769176066,0,1
TD3,739,5942,94,1.6381011622439197,0,1
TD3,739,5942,95,1.0976186014474771,0,1
TD3,739,5942,96,0.5388998931995431,1,1
TD3,739,5942,97,1.55477466236054,0,1
TD3,739,5942,98,3.0195609872665825,0,1
TD3,739,5944,5,2.094747274529237,0,1
TD3,739,5944,9,9.241877998629198,0,1
TD3,739,5944,10,3.1489166852803216,0,1
TD3,739,5944,11,2.4407888743813198,0,1
TD3,739,5944,12,4.801240096451946,0,1
TD3,739,5944,13,4.895805862663557,0,1
TD3,739,5944,14,2.0614141550356235,0,1
TD3,739,5944,15,2.641686266980271,0,1
TD3,739,5944,16,2.5430823688316524,0,1
TD3,739,5944,17,2.289579322492115,0,1
TD3,739,5944,18,2.2581286645618928,0,1
TD3,739,5944,19,4.188435685915063,0,1
TD3,739,5944,20,5.221911023320263,0,1
TD3,739,5944,21,2.1973006146922156,0,1
TD3,739,5944,22,4.274974831245565,0,1
TD3,739,5944,23,3.042110850621489,0,1
TD3,739,5944,24,2.098803216952831,0,1
TD3,739,5944,25,3.3580088369301015,0,1
TD3,739,5944,26,1.975721912630061,0,1
TD3,739,5944,27,3.0402515770842475,0,1
TD3,739,5944,28,4.961841588277441,0,1
TD3,739,5944,29,2.1153547780861435,0,1
TD3,739,5944,30,2.1214530254581536,0,1
TD3,739,5944,32,1.3989902888000068,0,1
TD3,739,5944,33,1.9227170073542186,0,1
TD3,739,5944,35,1.1834699453551913,0,1
TD3,739,5944,37,1.7603460588567856,0,1
TD3,739,5944,39,1.637111236868534,0,1
TD3,739,5944,41,1.399375870019402,0,1
TD3,739,5944,42,1.3868039835301245,0,1
TD3,739,5944,45,1.176768544724485,0,1
TD3,739,5944,47,1.238462233240728,0,1
TD3,739,5944,49,19.79801424562918,0,1
TD3,739,5944,50,1.265980452968098,0,1
TD3,739,5944,53,1.060607799361529,0,1
TD3,739,5944,55,1.3391099165348372,0,1
TD3,739,5944,59,1.112395786494077,0,1
TD3,739,5944,60,0.5408702312487955,1,1
TD3,739,5944,61,19.8828022697512,0,1
TD3,739,5944,62,15.313920114805072,0,1
TD3,739,5944,65,0.9891246036098327,1,1
TD3,739,5944,66,9.954848918368231,0,1
TD3,739,5944,67,12.253275794429186,0,1
TD3,739,5944,68,2.362992507402748,0,1
TD3,739,5944,69,2.551175574448368,0,1
TD3,739,5944,70,1.3456464696949306,0,1
TD3,739,5944,71,1.1867892637010846,0,1
TD3,739,5944,72,1.0599951970591222,0,1
TD3,739,5944,74,0.9899567597063298,1,1
TD3,739,5944,76,3.4334575155589833,0,1
TD3,739,5944,77,1.3634184758018388,0,1
TD3,739,5944,78,3.0322913500455937,0,1
TD3,739,5944,79,3.439014855355747,0,1
TD3,739,5944,80,1.6385700909023113,0,1
TD3,739,5944,81,1.724758246681726,0,1
TD3,739,5944,82,4.830510440835266,0,1
TD3,739,5944,83,1.190238295238516,0,1
TD3,739,5944,85,1.3420820014830142,0,1
TD3,739,5944,86,1.7877962598899249,0,1
TD3,739,5944,88,0.929444470755387,1,1
TD3,739,5944,89,9.957573400178639,0,1
TD3,739,5944,90,3.529781942658295,0,1
TD3,739,5944,91,1.1562603855612694,0,1
TD3,739,5944,92,3.479524865378524,0,1
TD3,739,5944,93,1.0593051156236313,0,1
TD3,739,5944,94,1.1245082045868915,0,1
TD3,739,5944,95,4.045033083434809,0,1
TD3,739,5944,96,0.9905433503997346,1,1
TD3,739,5944,97,4.40155809922727,0,1
TD3,739,5944,98,1.2867894822336716,0,1
TD3,739,5945,5,3.8583958678491372,0,1
TD3,739,5945,7,7.0030986286919825,0,1
TD3,739,5945,8,8.335105204872647,0,1
TD3,739,5945,9,2.6810628162044385,0,1
TD3,739,5945,10,2.7744090824492837,0,1
TD3,739,5945,11,2.237859826548773,0,1
TD3,739,5945,12,2.303263504551068,0,1
TD3,739,5945,13,2.912567575595556,0,1
TD3,739,5945,14,3.1114455084359327,0,1
TD3,739,5945,15,2.5728530545102193,0,1
TD3,739,5945,16,3.530267573975429,0,1
TD3,739,5945,17,1.6313139576392195,0,1
TD3,739,5945,18,1.3283679920498155,0,1
TD3,739,5945,19,2.6131423214390344,0,1
TD3,739,5945,20,3.0614929907021615,0,1
TD3,739,5945,21,1.9733233753048676,0,1
TD3,739,5945,22,2.233452320244773,0,1
TD3,739,5945,23,2.9611452850529525,0,1
TD3,739,5945,24,2.967262197521149,0,1
TD3,739,5945,25,1.8752727717690565,0,1
TD3,739,5945,26,3.1798456762350398,0,1
TD3,739,5945,27,2.4506608133443404,0,1
TD3,739,5945,28,2.221254117692922,0,1
TD3,739,5945,29,2.4795311740609596,0,1
TD3,739,5945,30,2.373581376166383,0,1
TD3,739,5945,31,1.490195875166512,0,1
TD3,739,5945,32,1.745653674138366,0,1
TD3,739,5945,33,1.9721437555413515,0,1
TD3,739,5945,35,2.3693767673632666,0,1
TD3,739,5945,36,18.482517322075896,0,1
TD3,739,5945,37,2.116927035658347,0,1
TD3,739,5945,38,1.70197558929393,0,1
TD3,739,5945,40,0.9103878802601164,1,1
TD3,739,5945,43,1.002169679241003,0,1
TD3,739,5945,46,1.4741906838928154,0,1
TD3,739,5945,48,1.2216292402490154,0,1
TD3,739,5945,50,8.819806793654786,0,1
TD3,739,5945,52,0.8939826252911136,1,1
TD3,739,5945,53,0.5248273642322097,1,1
TD3,739,5945,55,14.57226683137739,0,1
TD3,739,5945,57,8.957780630437881,0,1
TD3,739,5945,58,0.7602580337589202,1,1
TD3,739,5945,59,7.149051350793977,0,1
TD3,739,5945,60,3.5536597642893097,0,1
TD3,739,5945,61,3.712173670249896,0,1
TD3,739,5945,62,3.1382095790085858,0,1
TD3,739,5945,63,1.2885178700346032,0,1
TD3,739,5945,64,2.604830330496297,0,1
TD3,739,5945,65,3.144279341709647,0,1
TD3,739,5945,66,1.7739659934116392,0,1
TD3,739,5945,67,2.1792918026082186,0,1
TD3,739,5945,68,7.260064192661897,0,1
TD3,739,5945,69,1.7581484067733952,0,1
TD3,739,5945,70,0.9475551784968825,1,1
TD3,739,5945,72,0.8716222656436164,1,1
TD3,739,5945,74,9.942447281146361,0,1
TD3,739,5945,75,1.2941483510989338,0,1
TD3,739,5945,76,1.6517663067489,0,1
TD3,739,5945,77,1.4422633822727322,0,1
TD3,739,5945,78,1.4386517943743937,0,1
TD3,739,5945,79,18.427265372168286,0,1
TD3,739,5945,81,2.061967997885452,0,1
TD3,739,5945,82,1.0486307693481562,0,1
TD3,739,5945,83,0.8752524336416956,1,1
TD3,739,5945,84,6.18587290376624,0,1
TD3,739,5945,85,3.5369272803699037,0,1
TD3,739,5945,86,3.922935381498289,0,1
TD3,739,5945,87,2.7258656678855346,0,1
TD3,739,5945,88,1.375159161143345,0,1
TD3,739,5945,89,1.8393212983996627,0,1
TD3,739,5945,91,2.958520950594122,0,1
TD3,739,5945,92,4.686411510791366,0,1
TD3,739,5945,93,0.9514507356248731,1,1
TD3,739,5945,94,0.7170276906018276,1,1
TD3,739,5945,95,6.025663946480579,0,1
TD3,739,5945,97,6.949717818161748,0,1
TD3,739,5945,98,1.7614556456401345,0,1
TD3,739,5948,5,3.637435698340289,0,1
TD3,739,5948,7,8.973708857372221,0,1
TD3,739,5948,8,5.380055746649272,0,1
TD3,739,5948,9,2.5326823435631725,0,1
TD3,739,5948,11,3.308270087185599,0,1
TD3,739,5948,12,2.783949070128829,0,1
TD3,739,5948,13,1.4403381768085048,0,1
TD3,739,5948,14,1.8091979138752037,0,1
TD3,739,5948,15,2.231655781790242,0,1
TD3,739,5948,16,2.962900868369014,0,1
TD3,739,5948,17,2.135058636655514,0,1
TD3,739,5948,18,2.557000287880242,0,1
TD3,739,5948,19,4.823450875677374,0,1
TD3,739,5948,20,1.7040767006757886,0,1
TD3,739,5948,21,3.3169638507259087,0,1
TD3,739,5948,22,2.8050512527759306,0,1
TD3,739,5948,23,2.9915691773347572,0,1
TD3,739,5948,24,2.680522444604609,0,1
TD3,739,5948,25,3.61101908863478,0,1
TD3,739,5948,26,2.7222118059982447,0,1
TD3,739,5948,27,3.0456284087551606,0,1
TD3,739,5948,28,3.2953160167305815,0,1
TD3,739,5948,29,2.450190330369949,0,1
TD3,739,5948,30,2.644012024699382,0,1
TD3,739,5948,31,2.1857430600873453,0,1
TD3,739,5948,32,2.4830112148338763,0,1
TD3,739,5948,34,1.4594411507039096,0,1
TD3,739,5948,35,2.558801842756334,0,1
TD3,739,5948,37,0.8369890863389795,1,1
TD3,739,5948,40,1.4124622026462519,0,1
TD3,739,5948,42,2.286109003909669,0,1
TD3,739,5948,43,4.679288733727312,0,1
TD3,739,5948,44,1.8619000817452858,0,1
TD3,739,5948,45,2.7917526209194246,0,1
TD3,739,5948,46,1.8904264849074972,0,1
TD3,739,5948,48,2.1526123293056005,0,1
TD3,739,5948,50,0.8853243996376736,1,1
TD3,739,5948,52,15.150239114019636,0,1
TD3,739,5948,53,1.4061703235808893,0,1
TD3,739,5948,54,2.160603526907875,0,1
TD3,739,5948,56,2.6764986313167047,0,1
TD3,739,5948,58,2.1342158383797942,0,1
TD3,739,5948,59,1.5066023043725003,0,1
TD3,739,5948,61,1.363845956792759,0,1
TD3,739,5948,62,1.996897399180266,0,1
TD3,739,5948,65,2.0272824811043657,0,1
TD3,739,5948,66,0.5796297595112295,1,1
TD3,739,5948,68,2.3135965923943966,0,1
TD3,739,5948,71,1.3135864608548369,0,1
TD3,739,5948,72,2.6395667498316904,0,1
TD3,739,5948,73,5.4821396951111545,0,1
TD3,739,5948,74,1.693734294766743,0,1
TD3,739,5948,75,4.674521444888286,0,1
TD3,739,5948,76,1.6036665497666496,0,1
TD3,739,5948,77,1.7243666975195329,0,1
TD3,739,5948,78,5.228350772837791,0,1
TD3,739,5948,79,2.1901366576526735,0,1
TD3,739,5948,80,1.4924116628278605,0,1
TD3,739,5948,81,2.590771298653016,0,1
TD3,739,5948,82,2.9731856019594973,0,1
TD3,739,5948,83,0.8996248130938964,1,1
TD3,739,5948,86,1.2846256729193832,0,1
TD3,739,5948,88,1.391881785368183,0,1
TD3,739,5948,89,2.711437967624177,0,1
TD3,739,5948,90,10.61266630777513,0,1
TD3,739,5948,91,1.3485702381291025,0,1
TD3,739,5948,92,17.490247444403312,0,1
TD3,739,5948,94,1.1011894252386503,0,1
TD3,739,5948,96,0.8498869542121613,1,1
TD3,739,5948,97,1.3030946343127903,0,1
TD3,739,5949,5,3.942812377594986,0,1
TD3,739,5949,8,11.996050341411165,0,1
TD3,739,5949,9,3.2491760933463967,0,1
TD3,739,5949,10,4.000652359742655,0,1
TD3,739,5949,11,3.8333599846488413,0,1
TD3,739,5949,12,1.76276182684691,0,1
TD3,739,5949,13,5.169392479034644,0,1
TD3,739,5949,14,3.470442973523422,0,1
TD3,739,5949,15,3.004296428117452,0,1
TD3,739,5949,16,2.473729505287813,0,1
TD3,739,5949,17,2.3820933370178317,0,1
TD3,739,5949,18,1.618050158954433,0,1
TD3,739,5949,19,1.817643792575739,0,1
TD3,739,5949,20,1.5866819274727444,0,1
TD3,739,5949,21,1.5487251735275924,0,1
TD3,739,5949,22,1.9185191575839493,0,1
TD3,739,5949,23,2.543017762028928,0,1
TD3,739,5949,24,2.1132497330976423,0,1
TD3,739,5949,25,5.199401163125469,0,1
TD3,739,5949,26,2.146711156994322,0,1
TD3,739,5949,27,1.6279505798200933,0,1
TD3,739,5949,28,2.1375505830266626,0,1
TD3,739,5949,29,2.45184761053543,0,1
TD3,739,5949,30,2.211314681069048,0,1
TD3,739,5949,31,2.5329035331724783,0,1
TD3,739,5949,32,4.580919684734781,0,1
TD3,739,5949,33,2.072884797110805,0,1
TD3,739,5949,34,1.7769892462970738,0,1
TD3,739,5949,35,3.236511124189272,0,1
TD3,739,5949,36,5.731712112588607,0,1
TD3,739,5949,37,1.1140680738174653,0,1
TD3,739,5949,39,9.820318251989075,0,1
TD3,739,5949,40,1.4649327841050308,0,1
TD3,739,5949,41,2.80256961529016,0,1
TD3,739,5949,43,0.9835948310842446,1,1
TD3,739,5949,44,0.8210572944647081,1,1
TD3,739,5949,46,1.104245629278962,0,1
TD3,739,5949,48,4.856080098445017,0,1
TD3,739,5949,49,1.1300675556682656,0,1
TD3,739,5949,50,3.24974690663667,0,1
TD3,739,5949,51,2.0871601834519757,0,1
TD3,739,5949,52,2.0911762389195543,0,1
TD3,739,5949,53,1.47380658353274,0,1
TD3,739,5949,55,1.8366970981415067,0,1
TD3,739,5949,56,0.8287381984648268,1,1
TD3,739,5949,58,1.7138327324875013,0,1
TD3,739,5949,59,2.0577873420441266,0,1
TD3,739,5949,60,6.670533990992923,0,1
TD3,739,5949,61,1.2148844039910378,0,1
TD3,739,5949,62,3.239821319391588,0,1
TD3,739,5949,63,0.873024781756504,1,1
TD3,739,5949,64,3.085100320152869,0,1
TD3,739,5949,65,1.6073662857319833,0,1
TD3,739,5949,66,7.157134783322091,0,1
TD3,739,5949,67,1.9452360686118175,0,1
TD3,739,5949,68,1.382863224883232,0,1
TD3,739,5949,69,3.4710842919576033,0,1
TD3,739,5949,70,1.5708683571905884,0,1
TD3,739,5949,71,1.2409235513451409,0,1
TD3,739,5949,73,5.439063005206765,0,1
TD3,739,5949,74,2.0891058026457965,0,1
TD3,739,5949,75,1.059995036605038,0,1
TD3,739,5949,76,1.3277604556647034,0,1
TD3,739,5949,77,1.4546151665120115,0,1
TD3,739,5949,78,3.201163022861136,0,1
TD3,739,5949,80,1.586904607944275,0,1
TD3,739,5949,81,1.708088452643842,0,1
TD3,739,5949,82,0.9655408525795491,1,1
TD3,739,5949,83,4.687264063889401,0,1
TD3,739,5949,84,2.462233504394359,0,1
TD3,739,5949,85,1.724511950127474,0,1
TD3,739,5949,86,9.135506900922062,0,1
TD3,739,5949,87,2.59703727611254,0,1
TD3,739,5949,88,3.230286701493151,0,1
TD3,739,5949,89,1.486247159546002,0,1
TD3,739,5949,90,0.7613810490978914,1,1
TD3,739,5949,91,0.3274798244669537,1,1
TD3,739,5950,5,1.6131017369727048,0,1
TD3,739,5950,9,13.712234555984555,0,1
TD3,739,5950,10,5.42391600763567,0,1
TD3,739,5950,11,5.92777178870553,0,1
TD3,739,5950,12,3.032321050226413,0,1
TD3,739,5950,13,1.3075001185977007,0,1
TD3,739,5950,14,1.9113406840025369,0,1
TD3,739,5950,15,2.81809408531798,0,1
TD3,739,5950,16,2.3807021098756365,0,1
TD3,739,5950,17,4.075303508268807,0,1
TD3,739,5950,18,2.940911134422298,0,1
TD3,739,5950,19,2.232320355164421,0,1
TD3,739,5950,20,2.220467176465672,0,1
TD3,739,5950,21,1.7130797224102914,0,1
TD3,739,5950,22,1.765135135135135,0,1
TD3,739,5950,23,3.740258877312354,0,1
TD3,739,5950,24,2.602277877002639,0,1
TD3,739,5950,25,2.2535973811065544,0,1
TD3,739,5950,26,2.0555415998960544,0,1
TD3,739,5950,27,6.170323951602412,0,1
TD3,739,5950,28,1.9184371055952885,0,1
TD3,739,5950,29,2.2378677468118924,0,1
TD3,739,5950,30,3.380578537351289,0,1
TD3,739,5950,31,2.837214652982014,0,1
TD3,739,5950,32,2.0871837151781873,0,1
TD3,739,5950,33,3.4744483107568307,0,1
TD3,739,5950,34,1.3297852348444927,0,1
TD3,739,5950,35,14.228112342546845,0,1
TD3,739,5950,36,1.2330340936455368,0,1
TD3,739,5950,38,1.5393682112679161,0,1
TD3,739,5950,40,2.111484072315044,0,1
TD3,739,5950,41,1.1638654641038921,0,1
TD3,739,5950,43,1.3033156805619843,0,1
TD3,739,5950,45,1.8859686177897022,0,1
TD3,739,5950,47,1.9203243749970107,0,1
TD3,739,5950,48,3.7789163987138266,0,1
TD3,739,5950,49,1.092384222870449,0,1
TD3,739,5950,50,1.4366047733986134,0,1
TD3,739,5950,53,0.7413650648953805,1,1
TD3,739,5950,55,2.1442611683848796,0,1
TD3,739,5950,56,1.7746771260942098,0,1
TD3,739,5950,58,2.025127998653911,0,1
TD3,739,5950,59,1.697557152780929,0,1
TD3,739,5950,60,2.4104021103664617,0,1
TD3,739,5950,61,1.349148687494077,0,1
TD3,739,5950,62,4.5129320798322325,0,1
TD3,739,5950,63,3.0861748528211077,0,1
TD3,739,5950,64,0.7371839473560073,1,1
TD3,739,5950,66,2.007004608294931,0,1
TD3,739,5950,67,1.9223931338126292,0,1
TD3,739,5950,69,1.2978731606755889,0,1
TD3,739,5950,70,3.156068436426668,0,1
TD3,739,5950,71,1.7980377111459296,0,1
TD3,739,5950,72,0.8046924361536962,1,1
TD3,739,5950,74,9.974992467610727,0,1
TD3,739,5950,75,1.0332541089775027,0,1
TD3,739,5950,77,1.7153267020264713,0,1
TD3,739,5950,78,2.5307453577553884,0,1
TD3,739,5950,79,1.1709718389325752,0,1
TD3,739,5950,81,1.0906728751219987,0,1
TD3,739,5950,83,6.343798521830943,0,1
TD3,739,5950,84,1.2250611178366366,0,1
TD3,739,5950,85,2.266733054388432,0,1
TD3,739,5950,86,14.62644127418409,0,1
TD3,739,5950,87,1.1903314416386628,0,1
TD3,739,5950,89,1.254429359924805,0,1
TD3,739,5950,90,0.8934726042969949,1,1
TD3,739,5950,93,17.843670740142958,0,1
TD3,739,5950,94,1.47045387521631,0,1
TD3,739,5950,95,0.829332867329691,1,1
TD3,739,5950,96,10.173743365594756,0,1
TD3,739,5950,97,1.1143121391909148,0,1
TD3,739,5951,5,5.674512670565302,0,1
TD3,739,5951,8,4.436310499679236,0,1
TD3,739,5951,9,2.7371282987299415,0,1
TD3,739,5951,10,1.5500655761594229,0,1
TD3,739,5951,11,1.5362304091186645,0,1
TD3,739,5951,12,2.834311492641907,0,1
TD3,739,5951,13,2.788019891500904,0,1
TD3,739,5951,14,2.2115055345214265,0,1
TD3,739,5951,15,4.791308923724589,0,1
TD3,739,5951,16,0.914560639070443,1,1
TD3,739,5951,17,0.9798812750032262,1,1
TD3,739,5951,18,1.854527452046284,0,1
TD3,739,5951,19,1.466456411887346,0,1
TD3,739,5951,20,1.247871384947009,0,1
TD3,739,5951,21,1.6925495402961144,0,1
TD3,739,5951,22,2.1585303695313605,0,1
TD3,739,5951,23,1.0917533284758563,0,1
TD3,739,5951,24,2.4211523567160875,0,1
TD3,739,5951,25,3.748079396530747,0,1
TD3,739,5951,26,2.629460485448061,0,1
TD3,739,5951,27,2.592184771043703,0,1
TD3,739,5951,28,2.1361335452058383,0,1
TD3,739,5951,29,1.7216393780957624,0,1
TD3,739,5951,30,1.0446202801375117,0,1
TD3,739,5951,31,1.1274356465394366,0,1
TD3,739,5951,32,1.154019887866286,0,1
TD3,739,5951,33,5.120186113099498,0,1
TD3,739,5951,34,2.064913221528861,0,1
TD3,739,5951,35,1.965111515703232,0,1
TD3,739,5951,36,3.070849215772043,0,1
TD3,739,5951,37,3.6718733465802873,0,1
TD3,739,5951,38,3.0903047047927035,0,1
TD3,739,5951,39,1.6874725219192965,0,1
TD3,739,5951,40,2.844654175959745,0,1
TD3,739,5951,41,2.3549297319698206,0,1
TD3,739,5951,42,1.8337054288467716,0,1
TD3,739,5951,43,1.2832680790202915,0,1
TD3,739,5951,45,0.746729814069253,1,1
TD3,739,5951,47,8.90801204941067,0,1
TD3,739,5951,48,1.6965389514943652,0,1
TD3,739,5951,49,2.8336358796680132,0,1
TD3,739,5951,50,2.5054803609341825,0,1
TD3,739,5951,51,1.3259195912732258,0,1
TD3,739,5951,52,0.6305875488355573,1,1
TD3,739,5951,53,13.538445667125172,0,1
TD3,739,5951,54,3.843010679235831,0,1
TD3,739,5951,55,1.3102072187869103,0,1
TD3,739,5951,57,1.6787917049877115,0,1
TD3,739,5951,58,9.412936245437955,0,1
TD3,739,5951,59,1.5353045967542631,0,1
TD3,739,5951,60,1.3436932574748819,0,1
TD3,739,5951,61,2.519176334779378,0,1
TD3,739,5951,62,3.106488268310264,0,1
TD3,739,5951,63,1.5942966664324856,0,1
TD3,739,5951,65,1.235008318162997,0,1
TD3,739,5951,66,0.9328702541660754,1,1
TD3,739,5951,68,4.782058337919648,0,1
TD3,739,5951,69,1.0336525189786059,0,1
TD3,739,5951,70,4.64298869077664,0,1
TD3,739,5951,71,1.6693076268969127,0,1
TD3,739,5951,72,1.6221828691145208,0,1
TD3,739,5951,73,12.854880404522472,0,1
TD3,739,5951,74,2.178088715845095,0,1
TD3,739,5951,75,2.648623972194122,0,1
TD3,739,5951,76,1.431200120056289,0,1
TD3,739,5951,77,2.3898126544394893,0,1
TD3,739,5951,78,2.324270527397622,0,1
TD3,739,5951,79,1.2520188034652524,0,1
TD3,739,5951,80,13.086771029293203,0,1
TD3,739,5951,81,1.563052267563564,0,1
TD3,739,5951,82,1.2014767728776496,0,1
TD3,739,5951,84,4.3571967310576145,0,1
TD3,739,5951,85,1.2100899152693014,0,1
TD3,739,5951,86,8.65229098899205,0,1
TD3,739,5951,87,1.0104104315650004,0,1
TD3,739,5951,88,16.182217255966158,0,1
TD3,739,5951,89,9.9824418811793,0,1
TD3,739,5951,90,1.1544163909687155,0,1
TD3,739,5951,91,4.5297232339140985,0,1
TD3,739,5951,92,0.9432559259128437,1,1
TD3,739,5951,93,14.70561568538562,0,1
TD3,739,5951,94,8.020838127675244,0,1
TD3,739,5951,95,2.920036421879457,0,1
TD3,739,5951,96,1.8971640263446838,0,1
TD3,739,5951,97,1.766184202361108,0,1
TD3,739,5951,98,1.819276209129642,0,1
TD3,739,5952,5,3.6055059234802873,0,1
TD3,739,5952,7,4.955733849771751,0,1
TD3,739,5952,8,2.078038758739114,0,1
TD3,739,5952,9,1.081466742467311,0,1
TD3,739,5952,10,19.07740825688073,0,1
TD3,739,5952,14,13.276476683937824,0,1
TD3,739,5952,15,14.562352778162673,0,1
TD3,739,5952,16,3.4673202614379077,0,1
TD3,739,5952,17,3.6571092748254737,0,1
TD3,739,5952,18,2.3329332824177627,0,1
TD3,739,5952,19,1.4472191528545117,0,1
TD3,739,5952,20,1.0641423208748166,0,1
TD3,739,5952,21,1.9172388008972876,0,1
TD3,739,5952,22,2.0601579751995924,0,1
TD3,739,5952,23,1.978293367032425,0,1
TD3,739,5952,24,2.342227629539508,0,1
TD3,739,5952,25,2.911855920487239,0,1
TD3,739,5952,26,3.6878853619547836,0,1
TD3,739,5952,27,1.5030244707176241,0,1
TD3,739,5952,28,1.962422577790886,0,1
TD3,739,5952,29,3.1844201440446294,0,1
TD3,739,5952,30,2.4498430672656784,0,1
TD3,739,5952,31,4.358587194521595,0,1
TD3,739,5952,32,3.568744506299443,0,1
TD3,739,5952,33,2.160005440953823,0,1
TD3,739,5952,34,1.6670075268636948,0,1
TD3,739,5952,35,1.4565713190847622,0,1
TD3,739,5952,36,2.417184181322437,0,1
TD3,739,5952,37,3.109155647786026,0,1
TD3,739,5952,38,1.613777903072862,0,1
TD3,739,5952,40,2.767720258149804,0,1
TD3,739,5952,41,1.0304342674898175,0,1
TD3,739,5952,42,1.2253601131270522,0,1
TD3,739,5952,44,1.3637934778674579,0,1
TD3,739,5952,46,4.128147900881878,0,1
TD3,739,5952,47,2.773646664844972,0,1
TD3,739,5952,48,1.2481120580684677,0,1
TD3,739,5952,49,18.85631655765177,0,1
TD3,739,5952,50,0.8890605710228977,1,1
TD3,739,5952,51,0.6451556052036506,1,1
TD3,739,5952,54,0.9007766107238745,1,1
TD3,739,5952,55,3.571751216122306,0,1
TD3,739,5952,56,1.1840963839561915,0,1
TD3,739,5952,57,4.792510017466351,0,1
TD3,739,5952,58,3.9491503901740774,0,1
TD3,739,5952,59,1.428823678568959,0,1
TD3,739,5952,60,4.016425313688813,0,1
TD3,739,5952,61,3.580555910951894,0,1
TD3,739,5952,62,3.064680952555682,0,1
TD3,739,5952,63,3.9345323907395557,0,1
TD3,739,5952,64,1.5246518073832265,0,1
TD3,739,5952,65,1.507402294414385,0,1
TD3,739,5952,67,4.639981727859305,0,1
TD3,739,5952,68,1.3156882076718233,0,1
TD3,739,5952,70,0.9502495715833674,1,1
TD3,739,5952,73,1.0717538734367928,0,1
TD3,739,5952,74,8.945352233244373,0,1
TD3,739,5952,75,1.0417001318910382,0,1
TD3,739,5952,76,7.848856346668162,0,1
TD3,739,5952,77,1.5493659973418588,0,1
TD3,739,5952,78,1.133391973098359,0,1
TD3,739,5952,79,2.321845961633567,0,1
TD3,739,5952,80,3.460853037595034,0,1
TD3,739,5952,81,1.5471152031721367,0,1
TD3,739,5952,82,13.107432514223461,0,1
TD3,739,5952,83,2.7429978007105396,0,1
TD3,739,5952,84,2.0084464815935887,0,1
TD3,739,5952,85,1.3531703128974815,0,1
TD3,739,5952,86,0.6756881673806042,1,1
TD3,739,5952,89,2.170140889331169,0,1
TD3,739,5952,90,1.5948815898267266,0,1
TD3,739,5952,91,1.9613138659574392,0,1
TD3,739,5952,92,2.9182196983016286,0,1
TD3,739,5952,93,1.8691434888863026,0,1
TD3,739,5952,94,17.73520699626208,0,1
TD3,739,5952,95,1.5440201994061407,0,1
TD3,739,5952,96,0.7623401045325485,1,1
TD3,739,5952,97,0.4137864783893412,1,1
TD3,739,5954,5,1.7735381565906836,0,1
TD3,739,5954,9,8.433688286544045,0,1
TD3,739,5954,10,7.557994135908933,0,1
TD3,739,5954,11,5.239193818791458,0,1
TD3,739,5954,12,4.163963110873235,0,1
TD3,739,5954,13,2.6219375379017587,0,1
TD3,739,5954,14,1.744133412745682,0,1
TD3,739,5954,15,2.575734274549351,0,1
TD3,739,5954,16,4.220808940926026,0,1
TD3,739,5954,17,3.0169474176756155,0,1
TD3,739,5954,18,2.3909826191705386,0,1
TD3,739,5954,19,2.187575484139654,0,1
TD3,739,5954,20,1.68608901813765,0,1
TD3,739,5954,21,2.7167701552954115,0,1
TD3,739,5954,22,2.733170222124478,0,1
TD3,739,5954,23,3.158492285119273,0,1
TD3,739,5954,24,3.1556089092047865,0,1
TD3,739,5954,26,1.69304661169226,0,1
TD3,739,5954,27,2.389586948536397,0,1
TD3,739,5954,28,2.182005024751302,0,1
TD3,739,5954,29,3.402912621359223,0,1
TD3,739,5954,30,4.414749725256661,0,1
TD3,739,5954,31,4.524936229596331,0,1
TD3,739,5954,32,1.5151703506464338,0,1
TD3,739,5954,33,6.694674486208763,0,1
TD3,739,5954,34,0.9586087885245821,1,1
TD3,739,5954,35,1.619098141735135,0,1
TD3,739,5954,37,9.537177591588629,0,1
TD3,739,5954,38,1.4147623507375322,0,1
TD3,739,5954,40,3.1213173533240943,0,1
TD3,739,5954,41,2.9975875528569875,0,1
TD3,739,5954,43,3.877828876556843,0,1
TD3,739,5954,44,1.524788082258143,0,1
TD3,739,5954,45,2.0303683876463614,0,1
TD3,739,5954,46,1.6670928251950168,0,1
TD3,739,5954,48,2.3434078462381653,0,1
TD3,739,5954,49,0.9804478108531081,1,1
TD3,739,5954,51,12.020210968163976,0,1
TD3,739,5954,52,0.9028009673765676,1,1
TD3,739,5954,54,7.220544701006513,0,1
TD3,739,5954,55,0.8048002122578934,1,1
TD3,739,5954,57,4.943429706768978,0,1
TD3,739,5954,58,2.3942690980142762,0,1
TD3,739,5954,59,9.482050538725417,0,1
TD3,739,5954,60,2.5777415522143166,0,1
TD3,739,5954,61,1.5515163704750412,0,1
TD3,739,5954,62,1.41113764438776,0,1
TD3,739,5954,63,0.7707324381176011,1,1
TD3,739,5954,66,0.7241677526359436,1,1
TD3,739,5954,67,18.2900824964132,0,1
TD3,739,5954,68,1.6719820081253627,0,1
TD3,739,5954,69,2.3903583383636064,0,1
TD3,739,5954,70,7.075611305827133,0,1
TD3,739,5954,71,2.100528877078312,0,1
TD3,739,5954,72,2.7588544152744627,0,1
TD3,739,5954,73,2.9505736726600698,0,1
TD3,739,5954,74,2.148220998161196,0,1
TD3,739,5954,75,1.4566065588005441,0,1
TD3,739,5954,77,1.3092399101043228,0,1
TD3,739,5954,79,0.8508019104457982,1,1
TD3,739,5954,80,1.1418329116387702,0,1
TD3,739,5954,82,19.1722117936436,0,1
TD3,739,5954,83,1.3963825735240616,0,1
TD3,739,5954,85,1.9260528754057173,0,1
TD3,739,5954,86,3.540825694811681,0,1
TD3,739,5954,87,2.375956501935778,0,1
TD3,739,5954,88,1.2141104739783697,0,1
TD3,739,5954,90,15.811622380643769,0,1
TD3,739,5954,91,1.0803750552046882,0,1
TD3,739,5954,93,0.8705030761478604,1,1
TD3,739,5954,94,4.018130799782523,0,1
TD3,739,5954,95,19.948880822746524,0,1
TD3,739,5954,96,1.4676548327247028,0,1
TD3,739,5954,97,2.2717519882072468,0,1
TD3,739,5954,98,1.263138268424842,0,1
TD3,739,5955,5,1.8020513328708752,0,1
TD3,739,5955,9,7.935063224446788,0,1
TD3,739,5955,10,6.069295558958655,0,1
TD3,739,5955,11,5.3139907440370235,0,1
TD3,739,5955,12,3.4506140917905626,0,1
TD3,739,5955,13,1.3332755345134346,0,1
TD3,739,5955,14,4.1342102981969475,0,1
TD3,739,5955,15,1.4741568182181637,0,1
TD3,739,5955,16,2.941965837098024,0,1
TD3,739,5955,17,5.0653583861891365,0,1
TD3,739,5955,18,3.45150244996753,0,1
TD3,739,5955,19,1.6642476543495888,0,1
TD3,739,5955,20,2.567200646292684,0,1
TD3,739,5955,21,4.135541775456919,0,1
TD3,739,5955,22,2.4711413919105336,0,1
TD3,739,5955,23,3.06787596170497,0,1
TD3,739,5955,24,2.2145560455472912,0,1
TD3,739,5955,25,2.7445558794571325,0,1
TD3,739,5955,26,2.978366029394083,0,1
TD3,739,5955,27,2.201759751420585,0,1
TD3,739,5955,28,2.7160182693091914,0,1
TD3,739,5955,29,3.5137711426326455,0,1
TD3,739,5955,30,2.519350530630901,0,1
TD3,739,5955,31,2.5233243461690495,0,1
TD3,739,5955,32,1.91055380722188,0,1
TD3,739,5955,33,3.6278661642914396,0,1
TD3,739,5955,34,1.0772445950908796,0,1
TD3,739,5955,36,2.1350339835140533,0,1
TD3,739,5955,38,1.5847979257088098,0,1
TD3,739,5955,40,2.8752225062906875,0,1
TD3,739,5955,41,0.9908332873156993,1,1
TD3,739,5955,44,0.9354593439521669,1,1
TD3,739,5955,46,4.584186476107142,0,1
TD3,739,5955,47,1.034805315924458,0,1
TD3,739,5955,50,1.1171038368124642,0,1
TD3,739,5955,52,2.296612147584988,0,1
TD3,739,5955,53,1.1742011549902127,0,1
TD3,739,5955,56,0.955543411482762,1,1
TD3,739,5955,58,1.258721713924443,0,1
TD3,739,5955,59,3.0093897185092935,0,1
TD3,739,5955,61,3.3550711524224726,0,1
TD3,739,5955,62,1.0616927991592928,0,1
TD3,739,5955,64,1.0860426505252931,0,1
TD3,739,5955,66,1.963671531563215,0,1
TD3,739,5955,68,1.3294721901061883,0,1
TD3,739,5955,69,1.28073925135496,0,1
TD3,739,5955,70,1.5000781194322772,0,1
TD3,739,5955,74,1.455352043445988,0,1
TD3,739,5955,75,0.8563943564956518,1,1
TD3,739,5955,77,8.853708013922402,0,1
TD3,739,5955,79,0.9179770197486535,1,1
TD3,739,5955,80,5.257494112105511,0,1
TD3,739,5955,81,0.8838632133446253,1,1
TD3,739,5955,82,18.811816274539186,0,1
TD3,739,5955,84,0.9299719205194702,1,1
TD3,739,5955,85,14.627963695973774,0,1
TD3,739,5955,86,1.3798863873818794,0,1
TD3,739,5955,87,2.8175124610312285,0,1
TD3,739,5955,88,1.2605645338304239,0,1
TD3,739,5955,89,4.54327984212303,0,1
TD3,739,5955,90,1.1800814101378871,0,1
TD3,739,5955,92,0.8817781192595735,1,1
TD3,739,5955,93,15.427590803065646,0,1
TD3,739,5955,94,2.017541350434843,0,1
TD3,739,5955,95,1.8872432277600462,0,1
TD3,739,5955,96,1.4789139465008354,0,1
TD3,739,5955,97,13.603594873397938,0,1
TD3,739,5955,98,5.06469318169672,0,1
TD3,739,5956,5,1.7004658539002875,0,1
TD3,739,5956,9,8.723485886544259,0,1
TD3,739,5956,10,11.821193686287407,0,1
TD3,739,5956,11,3.115906362545018,0,1
TD3,739,5956,12,3.341989230529109,0,1
TD3,739,5956,13,2.596850948827919,0,1
TD3,739,5956,14,2.2566392479435957,0,1
TD3,739,5956,15,2.7245054915400595,0,1
TD3,739,5956,16,5.010231923601637,0,1
TD3,739,5956,17,2.450214556513769,0,1
TD3,739,5956,18,2.5622950167961993,0,1
TD3,739,5956,19,2.850189589796622,0,1
TD3,739,5956,20,1.3047842308581241,0,1
TD3,739,5956,21,3.9323611494464377,0,1
TD3,739,5956,22,1.9743350790129672,0,1
TD3,739,5956,23,1.4612021541490534,0,1
TD3,739,5956,24,1.6832951988173592,0,1
TD3,739,5956,25,1.6782512914007894,0,1
TD3,739,5956,26,2.833861505421403,0,1
TD3,739,5956,27,2.2807012984763047,0,1
TD3,739,5956,28,2.028090904292619,0,1
TD3,739,5956,29,1.5639374447976286,0,1
TD3,739,5956,30,2.575127835321883,0,1
TD3,739,5956,31,2.090139232817829,0,1
TD3,739,5956,32,2.920291368798935,0,1
TD3,739,5956,33,1.4955974352983932,0,1
TD3,739,5956,34,1.9865294220055711,0,1
TD3,739,5956,35,1.17096676460153,0,1
TD3,739,5956,36,14.53669904433652,0,1
TD3,739,5956,37,1.0998702145555006,0,1
TD3,739,5956,39,1.0840807578704703,0,1
TD3,739,5956,40,13.371956751852414,0,1
TD3,739,5956,41,1.018428426812987,0,1
TD3,739,5956,42,8.92674283821825,0,1
TD3,739,5956,43,0.9605076614822836,1,1
TD3,739,5956,44,4.221255712807154,0,1
TD3,739,5956,45,1.6156524691244751,0,1
TD3,739,5956,46,9.309403313241592,0,1
TD3,739,5956,47,2.472160222652733,0,1
TD3,739,5956,48,1.6512893576765904,0,1
TD3,739,5956,49,1.6857025190472925,0,1
TD3,739,5956,50,4.825391674464938,0,1
TD3,739,5956,51,1.8765986028433588,0,1
TD3,739,5956,53,4.43664339432561,0,1
TD3,739,5956,54,1.1645056090945027,0,1
TD3,739,5956,55,1.407882048294801,0,1
TD3,739,5956,56,0.9669544424998314,1,1
TD3,739,5956,57,1.1713156303771568,0,1
TD3,739,5956,60,2.2587053206793524,0,1
TD3,739,5956,61,1.964902916738564,0,1
TD3,739,5956,62,3.02937044678089,0,1
TD3,739,5956,63,1.6840135959915903,0,1
TD3,739,5956,64,14.402330711403943,0,1
TD3,739,5956,65,0.8732359755669451,1,1
TD3,739,5956,67,0.8455336640131914,1,1
TD3,739,5956,70,1.8373518485032796,0,1
TD3,739,5956,71,3.075686095842764,0,1
TD3,739,5956,72,1.8956990654829282,0,1
TD3,739,5956,73,3.836674358626306,0,1
TD3,739,5956,74,1.9159299106943084,0,1
TD3,739,5956,75,0.8307886021682247,1,1
TD3,739,5956,77,0.9200711099556345,1,1
TD3,739,5956,78,0.9550643684785448,1,1
TD3,739,5956,79,8.39046915404507,0,1
TD3,739,5956,80,0.9002117345517356,1,1
TD3,739,5956,81,3.8249153250637815,0,1
TD3,739,5956,82,2.807911862443986,0,1
TD3,739,5956,83,3.904875975581485,0,1
TD3,739,5956,84,6.843141233766234,0,1
TD3,739,5956,85,2.2954520155638876,0,1
TD3,739,5956,86,1.8844112041081371,0,1
TD3,739,5956,87,2.224684633772443,0,1
TD3,739,5956,88,1.516483835229564,0,1
TD3,739,5956,89,1.002702116494665,0,1
TD3,739,5956,92,2.660307714123653,0,1
TD3,739,5956,93,1.4366893318764191,0,1
TD3,739,5956,95,1.3472635844025267,0,1
TD3,739,5956,96,9.406086141166892,0,1
TD3,739,5956,97,2.1599285428223918,0,1
TD3,739,5956,98,0.9060401854093789,1,1
TD3,739,5960,5,5.474311569524181,0,1
TD3,739,5960,8,6.379267277268943,0,1
TD3,739,5960,9,3.30299867807695,0,1
TD3,739,5960,10,1.3688097616669046,0,1
TD3,739,5960,11,1.6013880387782098,0,1
TD3,739,5960,12,2.6804808193022045,0,1
TD3,739,5960,13,3.8148212652936824,0,1
TD3,739,5960,14,2.0316574561782232,0,1
TD3,739,5960,15,1.4823900138865576,0,1
TD3,739,5960,16,3.397126681284157,0,1
TD3,739,5960,17,1.5495985087467739,0,1
TD3,739,5960,18,2.14786980738977,0,1
TD3,739,5960,19,3.1601482210578125,0,1
TD3,739,5960,20,2.3312832283758067,0,1
TD3,739,5960,21,3.046327809016474,0,1
TD3,739,5960,22,1.8353464836246074,0,1
TD3,739,5960,23,2.1652721340352703,0,1
TD3,739,5960,24,2.875597104786101,0,1
TD3,739,5960,25,4.262341045566937,0,1
TD3,739,5960,26,3.4345819508615247,0,1
TD3,739,5960,27,1.695633779899116,0,1
TD3,739,5960,28,2.190638529630753,0,1
TD3,739,5960,29,4.650621520534248,0,1
TD3,739,5960,30,1.869548547328423,0,1
TD3,739,5960,31,2.1372336023174014,0,1
TD3,739,5960,32,15.880649557120146,0,1
TD3,739,5960,33,1.8049771593664463,0,1
TD3,739,5960,34,1.846801794184202,0,1
TD3,739,5960,36,1.691999622100546,0,1
TD3,739,5960,38,2.083973318518357,0,1
TD3,739,5960,39,1.9040034213710515,0,1
TD3,739,5960,41,1.7701064538789917,0,1
TD3,739,5960,43,1.3827455657658143,0,1
TD3,739,5960,44,2.157052471550896,0,1
TD3,739,5960,47,1.2324410721185937,0,1
TD3,739,5960,48,0.5536121898437733,1,1
TD3,739,5960,50,6.238501903488013,0,1
TD3,739,5960,51,17.59579772079772,0,1
TD3,739,5960,53,0.9555120127528751,1,1
TD3,739,5960,54,7.177203757225433,0,1
TD3,739,5960,55,7.142387507704953,0,1
TD3,739,5960,56,2.707007843753822,0,1
TD3,739,5960,57,6.422902554449409,0,1
TD3,739,5960,58,3.2345522926680776,0,1
TD3,739,5960,59,5.100795871960819,0,1
TD3,739,5960,60,3.4852691740412984,0,1
TD3,739,5960,61,2.129196381107133,0,1
TD3,739,5960,62,1.0363206334928845,0,1
TD3,739,5960,63,0.8761299409845419,1,1
TD3,739,5960,67,1.1910338792121902,0,1
TD3,739,5960,68,1.6494816242440355,0,1
TD3,739,5960,69,0.9258975028686636,1,1
TD3,739,5960,71,7.840290255701452,0,1
TD3,739,5960,72,2.68167633972584,0,1
TD3,739,5960,73,0.6324722708380102,1,1
TD3,739,5960,74,3.530474649406688,0,1
TD3,739,5960,75,2.7960264900662244,0,1
TD3,739,5960,76,1.4042523310440544,0,1
TD3,739,5960,77,3.766236136013836,0,1
TD3,739,5960,78,2.154624683722238,0,1
TD3,739,5960,79,2.341417051605632,0,1
TD3,739,5960,80,1.3963469081198363,0,1
TD3,739,5960,81,2.2844555861764553,0,1
TD3,739,5960,82,1.7649709207538662,0,1
TD3,739,5960,83,1.5161324888084577,0,1
TD3,739,5960,84,3.5988531479145123,0,1
TD3,739,5960,85,1.4750756341633697,0,1
TD3,739,5960,86,1.0541695163574958,0,1
TD3,739,5960,87,10.818836220725057,0,1
TD3,739,5960,88,2.258266317517756,0,1
TD3,739,5960,89,1.3805566286832671,0,1
TD3,739,5960,90,8.28958521367186,0,1
TD3,739,5960,91,1.8564692505061862,0,1
TD3,739,5960,92,2.0834426071308956,0,1
TD3,739,5960,93,0.8613234017642664,1,1
TD3,739,5960,94,1.809917073045751,0,1
TD3,739,5960,95,1.170347551459657,0,1
TD3,739,5960,96,3.3132392700236566,0,1
TD3,739,5960,97,3.051804454915399,0,1
TD3,739,5960,98,1.1830300495509227,0,1
TD3,739,5964,5,1.733026067994846,0,1
TD3,739,5964,9,7.255910244423667,0,1
TD3,739,5964,10,14.282285714285713,0,1
TD3,739,5964,11,5.587842874180082,0,1
TD3,739,5964,12,1.777140024237083,0,1
TD3,739,5964,13,2.8954956312142217,0,1
TD3,739,5964,14,3.9695515438653817,0,1
TD3,739,5964,15,1.2766727990839968,0,1
TD3,739,5964,16,2.6085007257573634,0,1
TD3,739,5964,17,3.876018083931529,0,1
TD3,739,5964,18,2.651354404305743,0,1
TD3,739,5964,19,2.279814417421713,0,1
TD3,739,5964,20,2.3125570428962576,0,1
TD3,739,5964,21,4.302032347307938,0,1
TD3,739,5964,22,1.902501323451562,0,1
TD3,739,5964,23,3.5075925076133663,0,1
TD3,739,5964,24,3.4338316066082237,0,1
TD3,739,5964,26,3.5970743065397857,0,1
TD3,739,5964,27,1.9144988240457599,0,1
TD3,739,5964,28,1.9261943581382475,0,1
TD3,739,5964,29,1.756986610134991,0,1
TD3,739,5964,31,2.7961421185204824,0,1
TD3,739,5964,32,3.0973440137225046,0,1
TD3,739,5964,33,18.44026336173509,0,1
TD3,739,5964,34,2.426259911414768,0,1
TD3,739,5964,35,8.85011009150959,0,1
TD3,739,5964,36,1.4678332919763941,0,1
TD3,739,5964,37,1.3140259848944493,0,1
TD3,739,5964,38,1.6966867231249712,0,1
TD3,739,5964,40,1.0091547987348555,0,1
TD3,739,5964,43,1.5968999674632152,0,1
TD3,739,5964,45,1.534458528239631,0,1
TD3,739,5964,46,1.288867110119482,0,1
TD3,739,5964,48,1.396264634966705,0,1
TD3,739,5964,50,1.470791443017271,0,1
TD3,739,5964,52,1.7032259585290026,0,1
TD3,739,5964,54,0.9782158521728775,1,1
TD3,739,5964,56,17.19555630936228,0,1
TD3,739,5964,57,0.7239507701282099,1,1
TD3,739,5964,60,1.3932300727205564,0,1
TD3,739,5964,62,1.3205697274956307,0,1
TD3,739,5964,63,1.0684763223636058,0,1
TD3,739,5964,64,17.99797037849698,0,1
TD3,739,5964,65,3.2260325381369688,0,1
TD3,739,5964,66,0.9597069420627734,1,1
TD3,739,5964,68,3.7696739960418255,0,1
TD3,739,5964,69,1.2241353634273324,0,1
TD3,739,5964,71,1.2895378998240283,0,1
TD3,739,5964,72,1.989878530660032,0,1
TD3,739,5964,73,0.7320603903439734,1,1
TD3,739,5964,75,1.2208525528869096,0,1
TD3,739,5964,77,1.4316851407960631,0,1
TD3,739,5964,78,3.0398353840658463,0,1
TD3,739,5964,79,5.902846909725411,0,1
TD3,739,5964,80,1.154429748286924,0,1
TD3,739,5964,81,1.7337989085191008,0,1
TD3,739,5964,82,2.0546937204734856,0,1
TD3,739,5964,83,1.1672288453771709,0,1
TD3,739,5964,85,6.624450086073484,0,1
TD3,739,5964,86,1.7902583624883768,0,1
TD3,739,5964,87,1.8755457441787287,0,1
TD3,739,5964,88,0.9039579086272087,1,1
TD3,739,5964,89,2.9773298523317226,0,1
TD3,739,5964,90,2.2185015924845435,0,1
TD3,739,5964,91,11.451130878886518,0,1
TD3,739,5964,92,1.409995742170868,0,1
TD3,739,5964,93,1.2012901504004945,0,1
TD3,739,5964,94,0.8254868674796971,1,1
TD3,739,5964,95,8.047672573393282,0,1
TD3,739,5964,96,1.2228556372118486,0,1
TD3,739,5964,98,1.516492029617998,0,1
TD3,739,5967,5,3.6159110765945055,0,1
TD3,739,5967,7,8.973237157880543,0,1
TD3,739,5967,8,4.96283101769386,0,1
TD3,739,5967,9,2.4860942500827727,0,1
TD3,739,5967,11,2.593852249872422,0,1
TD3,739,5967,12,2.1644454335986594,0,1
TD3,739,5967,13,1.4535367205843985,0,1
TD3,739,5967,14,1.70060250984161,0,1
TD3,739,5967,15,3.1206182380216383,0,1
TD3,739,5967,16,2.84974544850866,0,1
TD3,739,5967,17,2.78936141118556,0,1
TD3,739,5967,18,2.2753363228699555,0,1
TD3,739,5967,19,1.7821066392013942,0,1
TD3,739,5967,20,1.9804378082097636,0,1
TD3,739,5967,21,1.9246965098634294,0,1
TD3,739,5967,22,3.8482792680390943,0,1
TD3,739,5967,23,2.261815450131338,0,1
TD3,739,5967,24,2.6805952271261404,0,1
TD3,739,5967,25,5.7163386471846875,0,1
TD3,739,5967,26,2.163347972133164,0,1
TD3,739,5967,27,4.3759361041462554,0,1
TD3,739,5967,28,1.8760438878057464,0,1
TD3,739,5967,29,1.893482221384596,0,1
TD3,739,5967,30,3.400801032041282,0,1
TD3,739,5967,31,2.315289293304199,0,1
TD3,739,5967,33,1.5026792211842632,0,1
TD3,739,5967,35,1.5200986571786197,0,1
TD3,739,5967,37,5.877426760113718,0,1
TD3,739,5967,38,1.1103212046791184,0,1
TD3,739,5967,40,1.0353216574667505,0,1
TD3,739,5967,44,1.029920668137889,0,1
TD3,739,5967,45,0.824336027713626,1,1
TD3,739,5967,46,0.5914339293127389,1,1
TD3,739,5967,50,1.4336811714118471,0,1
TD3,739,5967,51,2.06688255643424,0,1
TD3,739,5967,52,5.279854336594971,0,1
TD3,739,5967,53,1.6221910334258463,0,1
TD3,739,5967,54,0.9651677434958367,1,1
TD3,739,5967,56,1.973984592051131,0,1
TD3,739,5967,57,1.4397552389910881,0,1
TD3,739,5967,59,2.580752410653476,0,1
TD3,739,5967,60,2.50252103875465,0,1
TD3,739,5967,61,1.3902586093053504,0,1
TD3,739,5967,63,1.6890650387985364,0,1
TD3,739,5967,65,2.0337494852378826,0,1
TD3,739,5967,66,1.301282391309517,0,1
TD3,739,5967,69,1.011983309761358,0,1
TD3,739,5967,71,0.9029855929072774,1,1
TD3,739,5967,74,1.9575943004982121,0,1
TD3,739,5967,75,1.00995406747764,0,1
TD3,739,5967,76,1.01074524420413,0,1
TD3,739,5967,77,3.3668798872647896,0,1
TD3,739,5967,78,1.9245259860989254,0,1
TD3,739,5967,80,1.2903520223028588,0,1
TD3,739,5967,81,1.4949580419580417,0,1
TD3,739,5967,82,1.9823229490008354,0,1
TD3,739,5967,83,0.709689811158182,1,1
TD3,739,5967,84,11.133771000988283,0,1
TD3,739,5967,85,3.3223439811517177,0,1
TD3,739,5967,86,2.0513286693949793,0,1
TD3,739,5967,87,1.5226638053182564,0,1
TD3,739,5967,88,3.408205152971289,0,1
TD3,739,5967,89,4.181677134539715,0,1
TD3,739,5967,90,1.4655687695752357,0,1
TD3,739,5967,91,1.4688205582675928,0,1
TD3,739,5967,92,8.942783365044848,0,1
TD3,739,5967,93,1.08112396100462,0,1
TD3,739,5967,94,5.1195074705522075,0,1
TD3,739,5967,95,1.7574996817673934,0,1
TD3,739,5967,96,0.9534162708466172,1,1
TD3,739,5967,97,8.77941425069732,0,1
TD3,739,5967,98,3.1180988032058923,0,1
TD3,739,5968,5,6.058346288379323,0,1
TD3,739,5968,7,14.091204588910138,0,1
TD3,739,5968,8,6.625528342307916,0,1
TD3,739,5968,9,3.761013471663054,0,1
TD3,739,5968,10,1.8068220437512295,0,1
TD3,739,5968,11,1.370367012150041,0,1
TD3,739,5968,12,5.391378744550185,0,1
TD3,739,5968,13,3.4282509300542414,0,1
TD3,739,5968,14,2.5462226517009836,0,1
TD3,739,5968,15,2.2765226331881276,0,1
TD3,739,5968,16,1.982227239315342,0,1
TD3,739,5968,17,0.8328347426623818,1,1
TD3,739,5968,18,1.4967987194877954,0,1
TD3,739,5968,19,1.4456568076165728,0,1
TD3,739,5968,20,1.3040851079413325,0,1
TD3,739,5968,21,1.1926887469228096,0,1
TD3,739,5968,22,2.9481938355931625,0,1
TD3,739,5968,23,5.378556647697877,0,1
TD3,739,5968,24,5.033522385817307,0,1
TD3,739,5968,25,1.6662772422464376,0,1
TD3,739,5968,26,3.2894487612733814,0,1
TD3,739,5968,27,1.9452824795960495,0,1
TD3,739,5968,28,2.1309897510195324,0,1
TD3,739,5968,29,0.9954341301432554,1,1
TD3,739,5968,30,1.3405550952775476,0,1
TD3,739,5968,31,1.473365340649291,0,1
TD3,739,5968,32,1.6424565805583689,0,1
TD3,739,5968,33,3.1178929531705135,0,1
TD3,739,5968,34,2.3073893398376586,0,1
TD3,739,5968,35,3.2491943147543694,0,1
TD3,739,5968,36,2.99870241309307,0,1
TD3,739,5968,37,1.4967691007738146,0,1
TD3,739,5968,38,1.7960516143994643,0,1
TD3,739,5968,39,1.5767684713030268,0,1
TD3,739,5968,40,1.3925910967510322,0,1
TD3,739,5968,41,8.365920783626517,0,1
TD3,739,5968,42,1.4290468639152025,0,1
TD3,739,5968,43,8.144930823315946,0,1
TD3,739,5968,44,1.505959910479712,0,1
TD3,739,5968,45,1.5686511489107726,0,1
TD3,739,5968,46,1.2248403448316418,0,1
TD3,739,5968,48,2.194721207424629,0,1
TD3,739,5968,50,1.9878106086237357,0,1
TD3,739,5968,51,1.145642283726662,0,1
TD3,739,5968,52,19.898281533575318,0,1
TD3,739,5968,53,1.2975005152059351,0,1
TD3,739,5968,55,2.647636749867233,0,1
TD3,739,5968,56,1.214464198232305,0,1
TD3,739,5968,57,2.4995806839663173,0,1
TD3,739,5968,58,1.052065821689907,0,1
TD3,739,5968,61,1.7936864167993118,0,1
TD3,739,5968,62,1.455760254366848,0,1
TD3,739,5968,63,0.5794769867323212,1,1
TD3,739,5968,64,1.0582203776629056,0,1
TD3,739,5968,65,3.0627203688635745,0,1
TD3,739,5968,67,1.209446862601595,0,1
TD3,739,5968,68,1.472480900549044,0,1
TD3,739,5968,69,3.064836202736969,0,1
TD3,739,5968,70,5.3468729289476435,0,1
TD3,739,5968,71,1.8494146165351486,0,1
TD3,739,5968,72,1.6143525776998984,0,1
TD3,739,5968,73,1.2254828356388072,0,1
TD3,739,5968,74,2.9310576718137917,0,1
TD3,739,5968,75,2.9672900298771716,0,1
TD3,739,5968,76,2.4049616856075566,0,1
TD3,739,5968,77,2.462910818304925,0,1
TD3,739,5968,78,1.1323923523163655,0,1
TD3,739,5968,79,1.6404180575247749,0,1
TD3,739,5968,80,2.902068048515446,0,1
TD3,739,5968,81,2.2975169139224,0,1
TD3,739,5968,82,1.3968675381179485,0,1
TD3,739,5968,83,1.6555854419575395,0,1
TD3,739,5968,84,1.8963231489756287,0,1
TD3,739,5968,85,3.7911759831795258,0,1
TD3,739,5968,86,3.2661438310523345,0,1
TD3,739,5968,87,3.043515275205953,0,1
TD3,739,5968,88,1.1972025575392788,0,1
TD3,739,5968,89,1.4904186268734505,0,1
TD3,739,5968,90,0.958442373696611,1,1
TD3,739,5968,93,1.930120011163829,0,1
TD3,739,5968,94,1.554284176234656,0,1
TD3,739,5968,95,1.6727238381021496,0,1
TD3,739,5968,96,6.278513259773414,0,1
TD3,739,5968,97,1.860269105399303,0,1
TD3,739,5968,98,1.4348819532041794,0,1
TD3,739,5969,5,2.149935840489586,0,1
TD3,739,5969,9,4.406729870476699,0,1
TD3,739,5969,10,5.161080612539728,0,1
TD3,739,5969,11,4.578921985815603,0,1
TD3,739,5969,12,2.64774873575824,0,1
TD3,739,5969,13,5.078302669464642,0,1
TD3,739,5969,14,1.3008408705483323,0,1
TD3,739,5969,15,2.384840067896744,0,1
TD3,739,5969,16,2.975138725637591,0,1
TD3,739,5969,17,4.322722558031403,0,1
TD3,739,5969,18,2.2572626628376415,0,1
TD3,739,5969,19,1.90450198125368,0,1
TD3,739,5969,20,1.9584610872637107,0,1
TD3,739,5969,21,1.812177273193585,0,1
TD3,739,5969,22,2.0085448983524423,0,1
TD3,739,5969,23,1.5776894633714684,0,1
TD3,739,5969,24,1.6840765692662112,0,1
TD3,739,5969,25,2.8119068777496192,0,1
TD3,739,5969,26,2.443110548841216,0,1
TD3,739,5969,27,2.6582435616899516,0,1
TD3,739,5969,28,2.340681089992846,0,1
TD3,739,5969,29,2.5497473613694512,0,1
TD3,739,5969,30,1.6793249912148016,0,1
TD3,739,5969,31,2.1700689635188786,0,1
TD3,739,5969,32,2.1200223697942255,0,1
TD3,739,5969,33,3.2881808404394257,0,1
TD3,739,5969,34,1.39721736197483,0,1
TD3,739,5969,35,3.4959254074592536,0,1
TD3,739,5969,36,3.629785133388297,0,1
TD3,739,5969,37,1.0105523989012106,0,1
TD3,739,5969,39,6.413321913808541,0,1
TD3,739,5969,40,0.8941472261917804,1,1
TD3,739,5969,42,1.1511228176814234,0,1
TD3,739,5969,43,2.6528485554423114,0,1
TD3,739,5969,44,2.8153236528585204,0,1
TD3,739,5969,45,3.041800003316145,0,1
TD3,739,5969,46,0.9689649125370822,1,1
TD3,739,5969,47,11.798190279214063,0,1
TD3,739,5969,48,1.3979736502752136,0,1
TD3,739,5969,49,10.623945509285479,0,1
TD3,739,5969,50,2.301503607309015,0,1
TD3,739,5969,51,3.5108582510655553,0,1
TD3,739,5969,52,1.64386843421402,0,1
TD3,739,5969,53,1.268189754930424,0,1
TD3,739,5969,55,6.68400294939726,0,1
TD3,739,5969,56,4.308810979945953,0,1
TD3,739,5969,57,0.907614271579155,1,1
TD3,739,5969,58,0.7798810093059181,1,1
TD3,739,5969,59,3.4831676924080637,0,1
TD3,739,5969,60,7.806110336231713,0,1
TD3,739,5969,61,11.993297152808717,0,1
TD3,739,5969,62,1.6089700782963496,0,1
TD3,739,5969,63,1.647185192624257,0,1
TD3,739,5969,64,7.340315850389865,0,1
TD3,739,5969,65,1.6648792991424917,0,1
TD3,739,5969,66,5.992393110081314,0,1
TD3,739,5969,67,0.8640273525888461,1,1
TD3,739,5969,69,0.9619165274865062,1,1
TD3,739,5969,70,15.28304635072569,0,1
TD3,739,5969,71,5.806369979028875,0,1
TD3,739,5969,72,1.1977604238337691,0,1
TD3,739,5969,73,1.8708939839474261,0,1
TD3,739,5969,74,1.342153036673635,0,1
TD3,739,5969,75,1.68184421534937,0,1
TD3,739,5969,76,4.176309248937454,0,1
TD3,739,5969,77,1.9926218341184772,0,1
TD3,739,5969,78,1.6595735892440402,0,1
TD3,739,5969,79,1.914108112599038,0,1
TD3,739,5969,80,12.259990421169217,0,1
TD3,739,5969,81,2.197046511030639,0,1
TD3,739,5969,82,1.0171587659520718,0,1
TD3,739,5969,83,0.9411029231310069,1,1
TD3,739,5969,84,0.7927009787213322,1,1
TD3,739,5969,85,1.5051674461332887,0,1
TD3,739,5969,86,4.868071685288868,0,1
TD3,739,5969,87,0.8215903151445205,1,1
TD3,739,5969,88,1.8241016631710925,0,1
TD3,739,5969,89,2.3510898268240377,0,1
TD3,739,5969,90,4.833008191477089,0,1
TD3,739,5969,91,2.66888157002927,0,1
TD3,739,5969,92,2.570673956550433,0,1
TD3,739,5969,93,2.090529705273336,0,1
TD3,739,5969,94,1.4573504990547552,0,1
TD3,739,5969,95,0.9432809480726916,1,1
TD3,739,5969,96,1.1086535757415346,0,1
TD3,739,5969,97,2.4039718526597293,0,1
TD3,739,5969,98,2.1897267019299758,0,1
TD3,739,5971,5,1.7342650411339084,0,1
TD3,739,5971,9,7.201508767160526,0,1
TD3,739,5971,10,11.207134541826044,0,1
TD3,739,5971,11,5.436781174334142,0,1
TD3,739,5971,12,3.176002645193916,0,1
TD3,739,5971,13,2.9189035979859272,0,1
TD3,739,5971,14,4.9220284076750564,0,1
TD3,739,5971,15,1.5735984447359688,0,1
TD3,739,5971,16,3.019247167742721,0,1
TD3,739,5971,17,2.9444819303122722,0,1
TD3,739,5971,18,2.7975304733259456,0,1
TD3,739,5971,19,2.533458918362429,0,1
TD3,739,5971,20,2.6409528956137978,0,1
TD3,739,5971,21,4.367878006221076,0,1
TD3,739,5971,22,1.5385463977441507,0,1
TD3,739,5971,23,1.2773417185122407,0,1
TD3,739,5971,24,1.4600846017152127,0,1
TD3,739,5971,25,1.500526162165484,0,1
TD3,739,5971,26,2.0527719358078027,0,1
TD3,739,5971,27,1.7097466627909574,0,1
TD3,739,5971,28,5.134177509293679,0,1
TD3,739,5971,29,1.6876503148302575,0,1
TD3,739,5971,30,1.8957486231921357,0,1
TD3,739,5971,31,2.0811348944993293,0,1
TD3,739,5971,32,2.308784973904009,0,1
TD3,739,5971,33,1.851372438904258,0,1
TD3,739,5971,34,2.2117045680860947,0,1
TD3,739,5971,35,2.033296780419335,0,1
TD3,739,5971,36,2.3097319519965724,0,1
TD3,739,5971,37,13.376293103448276,0,1
TD3,739,5971,38,1.2877039842689941,0,1
TD3,739,5971,39,13.26742421847836,0,1
TD3,739,5971,40,1.306491725497286,0,1
TD3,739,5971,41,1.697773046559334,0,1
TD3,739,5971,42,13.045168767662657,0,1
TD3,739,5971,43,1.2480560096666429,0,1
TD3,739,5971,44,2.502982544827381,0,1
TD3,739,5971,45,1.1791169893195372,0,1
TD3,739,5971,46,1.5461227435395537,0,1
TD3,739,5971,47,4.720935457715867,0,1
TD3,739,5971,48,5.478301362066512,0,1
TD3,739,5971,49,1.4541260512846887,0,1
TD3,739,5971,50,1.734598948200131,0,1
TD3,739,5971,51,0.9235198364710886,1,1
TD3,739,5971,52,0.9733425155353805,1,1
TD3,739,5971,53,15.63095238095238,0,1
TD3,739,5971,54,3.1868857854892556,0,1
TD3,739,5971,55,2.6164231425605657,0,1
TD3,739,5971,56,2.39302210460888,0,1
TD3,739,5971,57,3.2958084041845974,0,1
TD3,739,5971,58,3.801928415465969,0,1
TD3,739,5971,59,1.5972156629526626,0,1
TD3,739,5971,60,1.0014336948462852,0,1
TD3,739,5971,61,1.786454267499349,0,1
TD3,739,5971,62,1.7681217871991024,0,1
TD3,739,5971,64,4.1194227246325,0,1
TD3,739,5971,65,1.7318654580027708,0,1
TD3,739,5971,66,1.5221215010823637,0,1
TD3,739,5971,67,1.780492489944066,0,1
TD3,739,5971,69,5.245085118066997,0,1
TD3,739,5971,70,1.6182680441390769,0,1
TD3,739,5971,71,1.1175819832236462,0,1
TD3,739,5971,72,13.378819519454645,0,1
TD3,739,5971,73,5.992705679071751,0,1
TD3,739,5971,74,7.391313416767596,0,1
TD3,739,5971,75,1.138138105242864,0,1
TD3,739,5971,76,0.897340767680709,1,1
TD3,739,5971,77,16.729146221786063,0,1
TD3,739,5971,78,8.588086971548869,0,1
TD3,739,5971,79,11.066858375269593,0,1
TD3,739,5971,80,0.8841249398579917,1,1
TD3,739,5971,82,2.44224912696108,0,1
TD3,739,5971,83,1.4225322472828104,0,1
TD3,739,5971,84,3.4409581144036245,0,1
TD3,739,5971,85,1.7053000037984576,0,1
TD3,739,5971,86,5.449266866754205,0,1
TD3,739,5971,87,1.7393893611331424,0,1
TD3,739,5971,89,1.3552495828985456,0,1
TD3,739,5971,90,1.2622042619682643,0,1
TD3,739,5971,92,2.8996314735142716,0,1
TD3,739,5971,93,1.513806662278715,0,1
TD3,739,5971,94,3.32490145662959,0,1
TD3,739,5971,95,0.6255271563001628,1,1
TD3,739,5971,97,5.653766907281519,0,1
TD3,739,5971,98,1.3063567345946039,0,1
TD3,739,5972,5,1.7823867578550896,0,1
TD3,739,5972,9,7.181855444732887,0,1
TD3,739,5972,10,6.071353574240965,0,1
TD3,739,5972,11,10.061053361053359,0,1
TD3,739,5972,12,3.7140676266861106,0,1
TD3,739,5972,13,3.245039793745096,0,1
TD3,739,5972,14,2.0565750263269926,0,1
TD3,739,5972,15,2.09432538484757,0,1
TD3,739,5972,16,1.862651788644568,0,1
TD3,739,5972,17,5.468840202526853,0,1
TD3,739,5972,18,2.809538645273516,0,1
TD3,739,5972,19,3.3341521617069065,0,1
TD3,739,5972,20,1.9635911840968023,0,1
TD3,739,5972,21,2.375396637861194,0,1
TD3,739,5972,22,3.235103181755694,0,1
TD3,739,5972,23,2.420627955731071,0,1
TD3,739,5972,24,3.05881733540235,0,1
TD3,739,5972,25,4.80884702560101,0,1
TD3,739,5972,26,3.023354443075336,0,1
TD3,739,5972,27,1.605984703973758,0,1
TD3,739,5972,28,3.057586176425697,0,1
TD3,739,5972,29,2.1543673129038985,0,1
TD3,739,5972,30,8.124196510560148,0,1
TD3,739,5972,31,1.999951055568245,0,1
TD3,739,5972,32,2.4431395466114507,0,1
TD3,739,5972,33,1.1965367681563472,0,1
TD3,739,5972,35,1.6044078196847054,0,1
TD3,739,5972,37,1.3753815612525884,0,1
TD3,739,5972,39,2.275196679376418,0,1
TD3,739,5972,40,1.859914507336519,0,1
TD3,739,5972,41,2.129338976162783,0,1
TD3,739,5972,43,1.0790475899067784,0,1
TD3,739,5972,45,9.813771858063198,0,1
TD3,739,5972,46,1.266433478727407,0,1
TD3,739,5972,48,1.6368831251519398,0,1
TD3,739,5972,49,16.05779587839943,0,1
TD3,739,5972,50,1.370232981908109,0,1
TD3,739,5972,52,1.0754070660867885,0,1
TD3,739,5972,53,2.1619686850863284,0,1
TD3,739,5972,56,1.2719019894594519,0,1
TD3,739,5972,58,0.8942021274529983,1,1
TD3,739,5972,61,0.8657060883888895,1,1
TD3,739,5972,63,1.8953310643036936,0,1
TD3,739,5972,64,1.1883206532914257,0,1
TD3,739,5972,67,1.102000556219419,0,1
TD3,739,5972,68,18.425533441775908,0,1
TD3,739,5972,69,1.274321255540874,0,1
TD3,739,5972,71,3.108835527313658,0,1
TD3,739,5972,72,2.038265909970036,0,1
TD3,739,5972,73,1.4391988128879962,0,1
TD3,739,5972,74,1.173554323600622,0,1
TD3,739,5972,76,19.306468716861083,0,1
TD3,739,5972,77,11.246060258422897,0,1
TD3,739,5972,78,1.3393360569907518,0,1
TD3,739,5972,79,1.053525007905447,0,1
TD3,739,5972,80,3.71412431255919,0,1
TD3,739,5972,83,0.8871795017316944,1,1
TD3,739,5972,84,2.060312333331336,0,1
TD3,739,5972,85,1.062291733551794,0,1
TD3,739,5972,86,4.579869104039721,0,1
TD3,739,5972,87,18.027944969905416,0,1
TD3,739,5972,88,1.4619457964438451,0,1
TD3,739,5972,89,4.271005330149816,0,1
TD3,739,5972,90,2.8417325387128147,0,1
TD3,739,5972,91,3.178445617398736,0,1
TD3,739,5972,92,3.152678970340586,0,1
TD3,739,5972,93,1.2824582311739496,0,1
TD3,739,5972,94,1.2049735642562633,0,1
TD3,739,5972,98,0.8351097375982451,1,1
TD3,739,5977,5,4.168005485893417,0,1
TD3,739,5977,7,13.066666666666666,0,1
TD3,739,5977,8,5.064785679323125,0,1
TD3,739,5977,9,4.78066037735849,0,1
TD3,739,5977,10,1.861832748648905,0,1
TD3,739,5977,11,2.0064404486195317,0,1
TD3,739,5977,12,1.6976253347218089,0,1
TD3,739,5977,13,2.918067458711884,0,1
TD3,739,5977,14,3.4488335100742313,0,1
TD3,739,5977,15,2.375518134715026,0,1
TD3,739,5977,16,1.5449663232691808,0,1
TD3,739,5977,17,4.573030813899035,0,1
TD3,739,5977,18,3.5271782455933156,0,1
TD3,739,5977,19,1.830732151779679,0,1
TD3,739,5977,20,1.9500379740205318,0,1
TD3,739,5977,21,2.176356494285225,0,1
TD3,739,5977,22,2.5721034311287916,0,1
TD3,739,5977,23,1.4659689055990246,0,1
TD3,739,5977,24,5.849715814108994,0,1
TD3,739,5977,25,2.8378826666666663,0,1
TD3,739,5977,26,2.4639407259231962,0,1
TD3,739,5977,27,2.1515773774538616,0,1
TD3,739,5977,28,2.5007897920342734,0,1
TD3,739,5977,29,1.6865563274070836,0,1
TD3,739,5977,30,3.2001669300990288,0,1
TD3,739,5977,31,2.212141239826204,0,1
TD3,739,5977,32,3.872146865766356,0,1
TD3,739,5977,33,1.8568323931960296,0,1
TD3,739,5977,34,7.473288203814663,0,1
TD3,739,5977,35,1.377594143838201,0,1
TD3,739,5977,37,1.590850153433894,0,1
TD3,739,5977,38,2.2218401256985647,0,1
TD3,739,5977,40,0.6794211584784875,1,1
TD3,739,5977,43,1.823316944543632,0,1
TD3,739,5977,45,2.1556922443412128,0,1
TD3,739,5977,46,4.686972059779078,0,1
TD3,739,5977,47,3.0127414621561477,0,1
TD3,739,5977,48,0.8973879081530723,1,1
TD3,739,5977,50,6.772273614684256,0,1
TD3,739,5977,51,1.0343811624135075,0,1
TD3,739,5977,54,2.476030387939117,0,1
TD3,739,5977,55,1.7891722733582593,0,1
TD3,739,5977,56,1.1693018737227558,0,1
TD3,739,5977,58,1.008964995820724,0,1
TD3,739,5977,59,16.98152805838453,0,1
TD3,739,5977,61,1.3991217729576801,0,1
TD3,739,5977,62,2.1054020632971677,0,1
TD3,739,5977,63,1.4520171734928013,0,1
TD3,739,5977,64,1.2291077953399787,0,1
TD3,739,5977,67,0.902977278132006,1,1
TD3,739,5977,68,0.7492338880072813,1,1
TD3,739,5977,69,1.0028875954769472,0,1
TD3,739,5977,70,0.8389034692036414,1,1
TD3,739,5977,71,1.187305679175775,0,1
TD3,739,5977,72,2.575595802358263,0,1
TD3,739,5977,73,2.35306561141238,0,1
TD3,739,5977,74,2.1020827528559485,0,1
TD3,739,5977,75,5.545653761869979,0,1
TD3,739,5977,76,2.9429888100709367,0,1
TD3,739,5977,77,1.9720614555720253,0,1
TD3,739,5977,78,1.833830818306921,0,1
TD3,739,5977,79,1.1931348470988492,0,1
TD3,739,5977,81,1.9727095228961646,0,1
TD3,739,5977,82,5.657840589127139,0,1
TD3,739,5977,83,0.9698460427936536,1,1
TD3,739,5977,84,1.2020349792885794,0,1
TD3,739,5977,85,1.4122149394246275,0,1
TD3,739,5977,86,5.079540124830132,0,1
TD3,739,5977,87,3.797473188595344,0,1
TD3,739,5977,88,1.8736080792044278,0,1
TD3,739,5977,89,2.7225062083818647,0,1
TD3,739,5977,90,2.833897503093834,0,1
TD3,739,5977,91,2.1815561465440365,0,1
TD3,739,5977,92,14.829057154776804,0,1
TD3,739,5977,93,1.1901141568622418,0,1
TD3,739,5977,94,2.0857162196717858,0,1
TD3,739,5977,95,2.6833756801457365,0,1
TD3,739,5977,96,1.226609831099688,0,1
TD3,739,5977,98,2.4258794103277608,0,1
TD3,739,5978,5,2.566105532585155,0,1
TD3,739,5978,7,9.627127951674902,0,1
TD3,739,5978,8,7.013909117390037,0,1
TD3,739,5978,9,5.303577441077442,0,1
TD3,739,5978,10,6.92746141564662,0,1
TD3,739,5978,11,7.302378653559203,0,1
TD3,739,5978,12,5.568681990463383,0,1
TD3,739,5978,13,1.3192929951404528,0,1
TD3,739,5978,14,3.626652262328419,0,1
TD3,739,5978,15,1.7039013960118377,0,1
TD3,739,5978,16,2.295917785298703,0,1
TD3,739,5978,17,3.2548132862066694,0,1
TD3,739,5978,18,3.198402808066961,0,1
TD3,739,5978,19,1.887155546759491,0,1
TD3,739,5978,20,2.3704572005936035,0,1
TD3,739,5978,21,1.6015082446958189,0,1
TD3,739,5978,22,1.4611987341611274,0,1
TD3,739,5978,23,2.119555099893429,0,1
TD3,739,5978,24,2.5558075559359335,0,1
TD3,739,5978,25,1.8832917546216332,0,1
TD3,739,5978,26,2.1256372383524647,0,1
TD3,739,5978,27,2.7287258725378885,0,1
TD3,739,5978,28,1.901264544200773,0,1
TD3,739,5978,29,2.380225080385852,0,1
TD3,739,5978,30,2.448607489308438,0,1
TD3,739,5978,31,1.7390988962523648,0,1
TD3,739,5978,32,3.0740680629430983,0,1
TD3,739,5978,33,2.101360891639379,0,1
TD3,739,5978,34,1.928847212892528,0,1
TD3,739,5978,35,1.9049064196340617,0,1
TD3,739,5978,36,19.841112071449146,0,1
TD3,739,5978,37,0.7948244766880376,1,1
TD3,739,5978,38,10.438307590600397,0,1
TD3,739,5978,39,5.8219067309135175,0,1
TD3,739,5978,40,1.061996411918488,0,1
TD3,739,5978,43,3.403994792019447,0,1
TD3,739,5978,44,1.1141559352097652,0,1
TD3,739,5978,45,1.042407133256112,0,1
TD3,739,5978,46,8.272415122105043,0,1
TD3,739,5978,47,0.8292229017173355,1,1
TD3,739,5978,50,1.529568498332326,0,1
TD3,739,5978,51,2.400903888056083,0,1
TD3,739,5978,52,1.6262493783366265,0,1
TD3,739,5978,53,4.429344255960431,0,1
TD3,739,5978,54,1.2158118444738473,0,1
TD3,739,5978,56,0.8586151601492065,1,1
TD3,739,5978,57,5.6974396900129145,0,1
TD3,739,5978,58,1.9121314962139924,0,1
TD3,739,5978,59,1.5862791107409426,0,1
TD3,739,5978,61,1.6328512151322014,0,1
TD3,739,5978,62,2.238313687680776,0,1
TD3,739,5978,63,2.085329902572557,0,1
TD3,739,5978,64,1.3010593645854964,0,1
TD3,739,5978,66,1.0269834596356417,0,1
TD3,739,5978,67,4.4641128784352295,0,1
TD3,739,5978,68,2.001664911980021,0,1
TD3,739,5978,69,2.4401626621169163,0,1
TD3,739,5978,70,0.9354824368267731,1,1
TD3,739,5978,71,3.455262240318535,0,1
TD3,739,5978,72,1.014105819134726,0,1
TD3,739,5978,73,9.266945184758338,0,1
TD3,739,5978,74,10.695524578136462,0,1
TD3,739,5978,75,1.558762089850508,0,1
TD3,739,5978,76,2.3107144355413856,0,1
TD3,739,5978,77,0.9628051571703661,1,1
TD3,739,5978,78,2.035789936295141,0,1
TD3,739,5978,79,6.201835139113439,0,1
TD3,739,5978,80,1.9945065269975812,0,1
TD3,739,5978,81,1.8479231191476917,0,1
TD3,739,5978,82,1.7300608609303556,0,1
TD3,739,5978,83,1.3086306635009821,0,1
TD3,739,5978,84,3.2362733411119495,0,1
TD3,739,5978,85,19.190973095297963,0,1
TD3,739,5978,86,3.2642590070118027,0,1
TD3,739,5978,87,0.9843409894655489,1,1
TD3,739,5978,88,1.4026262530060238,0,1
TD3,739,5978,89,1.0562876664699932,0,1
TD3,739,5978,93,1.2604768588109256,0,1
TD3,739,5978,94,1.1899433186721122,0,1
TD3,739,5978,96,1.7248914892828746,0,1
TD3,739,5978,98,1.5893034691387915,0,1
TD3,739,5979,5,1.6421986518636,0,1
TD3,739,5979,9,8.453863977102358,0,1
TD3,739,5979,10,13.591846758349707,0,1
TD3,739,5979,11,3.149045091729701,0,1
TD3,739,5979,12,1.8648828132981876,0,1
TD3,739,5979,13,2.6755022175841376,0,1
TD3,739,5979,14,3.375141049752095,0,1
TD3,739,5979,15,2.3052691410223174,0,1
TD3,739,5979,16,2.605390176483096,0,1
TD3,739,5979,17,3.7281620044619874,0,1
TD3,739,5979,18,1.842065165089476,0,1
TD3,739,5979,19,3.1687510136413604,0,1
TD3,739,5979,20,4.432068457599776,0,1
TD3,739,5979,21,2.7328757468310507,0,1
TD3,739,5979,22,2.8879934971953958,0,1
TD3,739,5979,23,3.2000260728998273,0,1
TD3,739,5979,24,2.7767610138654657,0,1
TD3,739,5979,25,3.5090288020321205,0,1
TD3,739,5979,26,3.010163440118211,0,1
TD3,739,5979,27,2.9211247675264818,0,1
TD3,739,5979,28,3.2366421154892895,0,1
TD3,739,5979,29,2.570537181594084,0,1
TD3,739,5979,30,3.2504303149299822,0,1
TD3,739,5979,31,1.850935278430425,0,1
TD3,739,5979,33,1.8403508254479835,0,1
TD3,739,5979,35,4.761577788750361,0,1
TD3,739,5979,36,1.646955164436296,0,1
TD3,739,5979,38,0.7571050801131296,1,1
TD3,739,5979,41,2.2610515438506678,0,1
TD3,739,5979,43,2.935630765930058,0,1
TD3,739,5979,44,1.2730489986114706,0,1
TD3,739,5979,46,2.1499615230611377,0,1
TD3,739,5979,47,2.0899104563298523,0,1
TD3,739,5979,50,1.279489757043329,0,1
TD3,739,5979,51,2.3418679357081897,0,1
TD3,739,5979,52,0.9819270081781393,1,1
TD3,739,5979,55,2.2211978299286583,0,1
TD3,739,5979,56,1.2049439669397768,0,1
TD3,739,5979,58,1.1215553603660124,0,1
TD3,739,5979,60,1.7947920351643347,0,1
TD3,739,5979,62,0.8324502427020374,1,1
TD3,739,5979,63,9.966596391315061,0,1
TD3,739,5979,64,19.451442968392122,0,1
TD3,739,5979,65,1.5772010641215988,0,1
TD3,739,5979,67,1.055832301980198,0,1
TD3,739,5979,68,0.9489432387776843,1,1
TD3,739,5979,71,1.4057969001722124,0,1
TD3,739,5979,73,1.2230946381418228,0,1
TD3,739,5979,74,1.4756315924734067,0,1
TD3,739,5979,77,1.118450572357264,0,1
TD3,739,5979,79,0.845924618106653,1,1
TD3,739,5979,81,15.476011202424132,0,1
TD3,739,5979,82,1.027765089338076,0,1
TD3,739,5979,83,5.529526337193125,0,1
TD3,739,5979,84,1.2441102545503617,0,1
TD3,739,5979,85,0.9334548350951087,1,1
TD3,739,5979,87,10.178000069106114,0,1
TD3,739,5979,88,1.692675722282363,0,1
TD3,739,5979,89,1.8531202852832258,0,1
TD3,739,5979,90,1.3504493706157616,0,1
TD3,739,5979,91,0.7195296728359865,1,1
TD3,739,5979,92,9.338539607222883,0,1
TD3,739,5979,93,7.7155232761638075,0,1
TD3,739,5979,94,0.9756392790840531,1,1
TD3,739,5979,95,16.858146144176636,0,1
TD3,739,5979,96,2.988034990609865,0,1
TD3,739,5979,97,2.7693504565665923,0,1
TD3,739,5979,98,2.1949681254924425,0,1
TD3,739,5981,5,1.9003368337626312,0,1
TD3,739,5981,9,8.638628483369718,0,1
TD3,739,5981,10,6.307760141093476,0,1
TD3,739,5981,11,5.122429968727128,0,1
TD3,739,5981,12,3.5212459645755176,0,1
TD3,739,5981,13,1.7628223953564703,0,1
TD3,739,5981,14,4.001408618363622,0,1
TD3,739,5981,15,1.5262323347393698,0,1
TD3,739,5981,16,2.2421727994982232,0,1
TD3,739,5981,17,5.023619771863119,0,1
TD3,739,5981,18,3.383241540847657,0,1
TD3,739,5981,19,2.3814905445725207,0,1
TD3,739,5981,20,3.459931448643137,0,1
TD3,739,5981,21,7.143377851975514,0,1
TD3,739,5981,22,2.0973861113005787,0,1
TD3,739,5981,23,3.045283801902654,0,1
TD3,739,5981,24,3.7029804457527336,0,1
TD3,739,5981,25,2.214502818348852,0,1
TD3,739,5981,26,3.2644486425972574,0,1
TD3,739,5981,27,2.7817816256315595,0,1
TD3,739,5981,28,2.5618153214511827,0,1
TD3,739,5981,29,8.56122645931563,0,1
TD3,739,5981,30,1.8907838335626947,0,1
TD3,739,5981,31,1.8205146590184833,0,1
TD3,739,5981,33,2.2568395058049666,0,1
TD3,739,5981,35,2.5812514686629293,0,1
TD3,739,5981,37,1.6856775472212862,0,1
TD3,739,5981,38,3.535527766377777,0,1
TD3,739,5981,39,3.894519493388913,0,1
TD3,739,5981,40,2.728316730734785,0,1
TD3,739,5981,41,2.627326131481721,0,1
TD3,739,5981,43,2.4852116170219802,0,1
TD3,739,5981,44,4.23693702675481,0,1
TD3,739,5981,45,2.011592630952284,0,1
TD3,739,5981,46,2.2369108681900043,0,1
TD3,739,5981,47,1.0569326996868997,0,1
TD3,739,5981,48,2.14313406470807,0,1
TD3,739,5981,49,1.137878847806072,0,1
TD3,739,5981,53,2.5708429548969343,0,1
TD3,739,5981,54,1.0754500547490946,0,1
TD3,739,5981,56,1.4050935431849625,0,1
TD3,739,5981,58,0.8833352742517759,1,1
TD3,739,5981,60,1.1569717041943588,0,1
TD3,739,5981,63,1.0106340347646374,0,1
TD3,739,5981,64,11.692508176614883,0,1
TD3,739,5981,65,0.8180983136106331,1,1
TD3,739,5981,67,2.822289384844633,0,1
TD3,739,5981,68,2.576899728232097,0,1
TD3,739,5981,69,1.0202549628188415,0,1
TD3,739,5981,70,3.5896463818485853,0,1
TD3,739,5981,71,1.9348879027087673,0,1
TD3,739,5981,72,9.598324847097105,0,1
TD3,739,5981,73,2.466308204235439,0,1
TD3,739,5981,74,1.6090845777760672,0,1
TD3,739,5981,75,1.332647907953333,0,1
TD3,739,5981,77,6.509442073032775,0,1
TD3,739,5981,78,1.1061212171862087,0,1
TD3,739,5981,79,13.406128523901241,0,1
TD3,739,5981,80,0.8554177739797851,1,1
TD3,739,5981,82,4.676674749924219,0,1
TD3,739,5981,83,1.3832177060740212,0,1
TD3,739,5981,84,6.47858420458659,0,1
TD3,739,5981,85,1.4902267655430868,0,1
TD3,739,5981,86,1.346436156994763,0,1
TD3,739,5981,87,14.654349223150493,0,1
TD3,739,5981,88,1.6810401912479376,0,1
TD3,739,5981,89,1.5435245159457378,0,1
TD3,739,5981,90,13.819375117478748,0,1
TD3,739,5981,91,2.042259559058473,0,1
TD3,739,5981,92,7.543550337402972,0,1
TD3,739,5981,93,1.3884499812678393,0,1
TD3,739,5981,94,1.3629164590018683,0,1
TD3,739,5981,95,1.573359449926039,0,1
TD3,739,5981,96,3.5395718305372688,0,1
TD3,739,5981,98,2.0617093191694833,0,1
TD3,739,5986,5,3.2174549000487573,0,1
TD3,739,5986,7,6.485749352243283,0,1
TD3,739,5986,8,7.003186189317576,0,1
TD3,739,5986,9,2.6211643028252025,0,1
TD3,739,5986,10,6.178430202193539,0,1
TD3,739,5986,11,2.57489539748954,0,1
TD3,739,5986,12,4.9035400390625,0,1
TD3,739,5986,13,3.8619748809008234,0,1
TD3,739,5986,14,2.1024214085001756,0,1
TD3,739,5986,15,2.254121863799283,0,1
TD3,739,5986,16,2.8760756101001554,0,1
TD3,739,5986,17,2.801490487538878,0,1
TD3,739,5986,18,1.9621295196320327,0,1
TD3,739,5986,19,1.6757196203516413,0,1
TD3,739,5986,20,1.7695816080588345,0,1
TD3,739,5986,21,1.362143735903219,0,1
TD3,739,5986,22,1.4535878051803195,0,1
TD3,739,5986,23,1.3625928850917182,0,1
TD3,739,5986,24,1.270572437156024,0,1
TD3,739,5986,25,1.9046593276576043,0,1
TD3,739,5986,26,1.169917016387839,0,1
TD3,739,5986,27,1.6356392233279975,0,1
TD3,739,5986,28,1.5616983173186183,0,1
TD3,739,5986,29,2.5579341376193656,0,1
TD3,739,5986,30,1.5015476661713272,0,1
TD3,739,5986,31,3.7697925872017475,0,1
TD3,739,5986,32,4.018907903260635,0,1
TD3,739,5986,33,1.8306912382346157,0,1
TD3,739,5986,34,6.081160598957086,0,1
TD3,739,5986,35,1.6407081008453541,0,1
TD3,739,5986,36,2.8603210212013015,0,1
TD3,739,5986,37,1.9213093248132709,0,1
TD3,739,5986,38,1.5679416783822737,0,1
TD3,739,5986,39,1.7403114473466232,0,1
TD3,739,5986,41,1.047649048038171,0,1
TD3,739,5986,43,2.5290497877451044,0,1
TD3,739,5986,44,1.0288049714398597,0,1
TD3,739,5986,46,1.644449387638118,0,1
TD3,739,5986,47,0.9394016091428125,1,1
TD3,739,5986,49,1.1623881962938942,0,1
TD3,739,5986,50,2.231428056734432,0,1
TD3,739,5986,51,6.345126518113917,0,1
TD3,739,5986,52,1.6569187714594797,0,1
TD3,739,5986,53,1.8155243442437725,0,1
TD3,739,5986,54,4.563039352597845,0,1
TD3,739,5986,55,1.2363641774609953,0,1
TD3,739,5986,57,2.2318749321884157,0,1
TD3,739,5986,58,1.1426011506177498,0,1
TD3,739,5986,60,1.4275625516174437,0,1
TD3,739,5986,61,1.7935552302869067,0,1
TD3,739,5986,62,1.3086571619743683,0,1
TD3,739,5986,63,1.8129110154778565,0,1
TD3,739,5986,64,2.1358401342384252,0,1
TD3,739,5986,65,2.1265392609524585,0,1
TD3,739,5986,66,4.093752906706353,0,1
TD3,739,5986,67,0.9086127417029055,1,1
TD3,739,5986,68,7.983211856626258,0,1
TD3,739,5986,69,2.4507785712171755,0,1
TD3,739,5986,70,1.6189140368045796,0,1
TD3,739,5986,71,5.787183819830511,0,1
TD3,739,5986,72,1.482143195857386,0,1
TD3,739,5986,73,1.0092280861562686,0,1
TD3,739,5986,74,1.0801423120934437,0,1
TD3,739,5986,76,1.7197475248970533,0,1
TD3,739,5986,77,4.588384654887119,0,1
TD3,739,5986,78,1.8720595417849129,0,1
TD3,739,5986,79,2.1780344685006465,0,1
TD3,739,5986,80,1.3850182999945138,0,1
TD3,739,5986,81,2.750584278742553,0,1
TD3,739,5986,82,1.9386857317891801,0,1
TD3,739,5986,83,1.8280192391190935,0,1
TD3,739,5986,84,2.850143765365115,0,1
TD3,739,5986,85,2.0958769519000153,0,1
TD3,739,5986,86,1.1725127178960633,0,1
TD3,739,5986,87,6.728841538696296,0,1
TD3,739,5986,88,2.4803849163920155,0,1
TD3,739,5986,89,3.3847649611754558,0,1
TD3,739,5986,90,1.1169583626283253,0,1
TD3,739,5986,91,1.4426986541239026,0,1
TD3,739,5986,93,9.498607497526475,0,1
TD3,739,5986,94,3.273927765623449,0,1
TD3,739,5986,95,1.0081329246967214,0,1
TD3,739,5986,96,2.8201772394443303,0,1
TD3,739,5986,97,2.211452293665445,0,1
TD3,739,5986,98,7.367152020890099,0,1
TD3,739,5989,5,3.3548434299092773,0,1
TD3,739,5989,7,5.982435434601499,0,1
TD3,739,5989,8,8.788827537593985,0,1
TD3,739,5989,9,3.6763110307414104,0,1
TD3,739,5989,10,18.98159130219916,0,1
TD3,739,5989,12,4.01647951557889,0,1
TD3,739,5989,13,1.4387677929935445,0,1
TD3,739,5989,14,1.6291758143950634,0,1
TD3,739,5989,15,1.9175689073963909,0,1
TD3,739,5989,16,2.0503147465932257,0,1
TD3,739,5989,17,3.272329171002428,0,1
TD3,739,5989,18,2.3635216614560073,0,1
TD3,739,5989,19,1.6725898884698491,0,1
TD3,739,5989,20,3.1219807067476006,0,1
TD3,739,5989,21,2.059122747364842,0,1
TD3,739,5989,22,1.7642499014140052,0,1
TD3,739,5989,23,2.408275349855367,0,1
TD3,739,5989,24,2.020881606149321,0,1
TD3,739,5989,25,1.1380114994026285,0,1
TD3,739,5989,26,1.2916497961412792,0,1
TD3,739,5989,27,1.4149760109664153,0,1
TD3,739,5989,28,2.07263075242387,0,1
TD3,739,5989,29,1.7583096342862847,0,1
TD3,739,5989,30,2.7949417567425754,0,1
TD3,739,5989,31,2.347681105175406,0,1
TD3,739,5989,32,1.2350855810192374,0,1
TD3,739,5989,33,3.0977272321189275,0,1
TD3,739,5989,34,2.424884559428173,0,1
TD3,739,5989,35,2.7877891464235165,0,1
TD3,739,5989,36,2.067714711480295,0,1
TD3,739,5989,37,4.971189645654956,0,1
TD3,739,5989,38,2.8395933060161607,0,1
TD3,739,5989,39,2.3738981879096483,0,1
TD3,739,5989,40,1.5084708440940602,0,1
TD3,739,5989,42,0.9213272490953125,1,1
TD3,739,5989,44,6.76330545614606,0,1
TD3,739,5989,45,0.8969616990584749,1,1
TD3,739,5989,48,1.4469107909991177,0,1
TD3,739,5989,50,1.0430919477578455,0,1
TD3,739,5989,51,2.027080099390602,0,1
TD3,739,5989,52,9.37838104639684,0,1
TD3,739,5989,53,1.1710591508705277,0,1
TD3,739,5989,54,13.06620885626332,0,1
TD3,739,5989,56,1.7745814411555507,0,1
TD3,739,5989,57,14.117872986572184,0,1
TD3,739,5989,58,1.3039171403810281,0,1
TD3,739,5989,60,2.108886420989484,0,1
TD3,739,5989,61,0.8518133049026079,1,1
TD3,739,5989,63,0.9178637812819282,1,1
TD3,739,5989,66,0.9478281598270301,1,1
TD3,739,5989,67,0.7965989673480417,1,1
TD3,739,5989,68,7.5796895672658025,0,1
TD3,739,5989,69,2.0272713263409328,0,1
TD3,739,5989,70,5.562852604480475,0,1
TD3,739,5989,71,18.708464813423493,0,1
TD3,739,5989,72,1.2296380015069381,0,1
TD3,739,5989,73,1.3636696113217002,0,1
TD3,739,5989,74,1.02091434039924,0,1
TD3,739,5989,76,2.6938062887276626,0,1
TD3,739,5989,77,7.433351726992119,0,1
TD3,739,5989,78,1.8009187256850996,0,1
TD3,739,5989,79,1.2797440925762338,0,1
TD3,739,5989,80,1.5086877570276476,0,1
TD3,739,5989,82,2.760790963542379,0,1
TD3,739,5989,84,1.0526134281341575,0,1
TD3,739,5989,85,0.756959727361129,1,1
TD3,739,5989,86,3.0235612123276008,0,1
TD3,739,5989,88,5.835285463701694,0,1
TD3,739,5989,89,1.5195871734073012,0,1
TD3,739,5989,90,1.7161902642593025,0,1
TD3,739,5989,91,1.2969511076691056,0,1
TD3,739,5989,92,11.070758649437266,0,1
TD3,739,5989,93,1.462018827990652,0,1
TD3,739,5989,94,1.043883678852717,0,1
TD3,739,5989,95,0.7382800007653432,1,1
TD3,739,5989,96,3.5077930247186817,0,1
TD3,739,5989,97,1.2258716123930702,0,1
TD3,739,5989,98,2.2368231781788577,0,1
TD3,739,5993,5,5.478156996587032,0,1
TD3,739,5993,7,11.337769737692208,0,1
TD3,739,5993,8,3.0636594077658716,0,1
TD3,739,5993,9,3.596650192202087,0,1
TD3,739,5993,10,1.4445848054793438,0,1
TD3,739,5993,11,0.8686137906395139,1,1
TD3,739,5993,12,2.585744070888715,0,1
TD3,739,5993,13,1.7546418690439596,0,1
TD3,739,5993,14,2.1908258900490627,0,1
TD3,739,5993,15,2.443109540636043,0,1
TD3,739,5993,16,2.0487127661746394,0,1
TD3,739,5993,17,3.042550722715821,0,1
TD3,739,5993,18,3.9995498316761915,0,1
TD3,739,5993,19,1.3224773733872521,0,1
TD3,739,5993,20,2.1156994790437635,0,1
TD3,739,5993,21,2.132221924506816,0,1
TD3,739,5993,22,1.665131630958969,0,1
TD3,739,5993,23,2.8349896653235067,0,1
TD3,739,5993,24,3.62071858296781,0,1
TD3,739,5993,25,2.590929634046827,0,1
TD3,739,5993,26,2.3946441737369737,0,1
TD3,739,5993,27,2.1170423243874774,0,1
TD3,739,5993,28,2.6099247656299633,0,1
TD3,739,5993,29,6.187303340697596,0,1
TD3,739,5993,30,2.5818660535489135,0,1
TD3,739,5993,31,1.8734264139343249,0,1
TD3,739,5993,32,2.1022399727714607,0,1
TD3,739,5993,33,1.6793027695687424,0,1
TD3,739,5993,34,1.5779696884972474,0,1
TD3,739,5993,36,2.4831619881740474,0,1
TD3,739,5993,37,1.432256546965658,0,1
TD3,739,5993,39,2.5176291330184366,0,1
TD3,739,5993,40,5.963590979514547,0,1
TD3,739,5993,41,2.6205657664581787,0,1
TD3,739,5993,43,7.9794808525835625,0,1
TD3,739,5993,44,1.8972388152491233,0,1
TD3,739,5993,45,2.48236936856703,0,1
TD3,739,5993,46,3.499208839093087,0,1
TD3,739,5993,47,2.505206431906365,0,1
TD3,739,5993,48,4.052160945599419,0,1
TD3,739,5993,49,2.916712726062486,0,1
TD3,739,5993,50,1.3594449305334606,0,1
TD3,739,5993,51,1.3634833656201806,0,1
TD3,739,5993,52,1.0461330201673542,0,1
TD3,739,5993,55,1.9495054390919915,0,1
TD3,739,5993,57,1.0080962945992544,0,1
TD3,739,5993,58,1.0924943263783824,0,1
TD3,739,5993,59,1.5515691967371767,0,1
TD3,739,5993,62,1.4374028761266369,0,1
TD3,739,5993,63,2.615664087171586,0,1
TD3,739,5993,64,1.485571879940143,0,1
TD3,739,5993,66,3.4363103450642836,0,1
TD3,739,5993,67,1.4386113817880464,0,1
TD3,739,5993,69,1.0595979893760044,0,1
TD3,739,5993,71,17.91752961202922,0,1
TD3,739,5993,72,1.1699585632517355,0,1
TD3,739,5993,74,1.167758064325481,0,1
TD3,739,5993,76,1.8186729843238008,0,1
TD3,739,5993,77,0.9142651002695912,1,1
TD3,739,5993,78,5.5271636024973265,0,1
TD3,739,5993,80,1.3148788620706242,0,1
TD3,739,5993,81,2.2144778011602044,0,1
TD3,739,5993,82,1.776706405277022,0,1
TD3,739,5993,83,6.462476622272599,0,1
TD3,739,5993,84,1.8459716211373607,0,1
TD3,739,5993,85,2.626953930657172,0,1
TD3,739,5993,86,1.1330151350180888,0,1
TD3,739,5993,87,0.6368696169060174,1,1
TD3,739,5993,88,1.6540443285528033,0,1
TD3,739,5993,89,12.576634621940412,0,1
TD3,739,5993,90,2.0691525167999445,0,1
TD3,739,5993,91,1.382224287059815,0,1
TD3,739,5993,92,3.5662698732201576,0,1
TD3,739,5993,93,6.097013010999835,0,1
TD3,739,5993,94,4.6516342989221915,0,1
TD3,739,5993,95,1.3945990478665466,0,1
TD3,739,5993,96,0.7346310736854558,1,1
TD3,739,5993,97,0.41070593601005695,1,1
TD3,739,5994,5,1.8992075284794452,0,1
TD3,739,5994,9,8.539592043582923,0,1
TD3,739,5994,10,5.739887781592833,0,1
TD3,739,5994,11,9.27199146693437,0,1
TD3,739,5994,12,1.828541407966377,0,1
TD3,739,5994,13,1.408260363824356,0,1
TD3,739,5994,14,3.5667268147813997,0,1
TD3,739,5994,15,1.9951238077115196,0,1
TD3,739,5994,16,6.344661101420383,0,1
TD3,739,5994,17,3.395665664695045,0,1
TD3,739,5994,18,3.3867711905928464,0,1
TD3,739,5994,19,1.536844252667499,0,1
TD3,739,5994,20,2.7258827366875966,0,1
TD3,739,5994,21,3.189711248611772,0,1
TD3,739,5994,22,1.4809722032664574,0,1
TD3,739,5994,23,2.2162315550510785,0,1
TD3,739,5994,24,1.6235447830624476,0,1
TD3,739,5994,25,1.2993778049113145,0,1
TD3,739,5994,26,1.8929652081418522,0,1
TD3,739,5994,27,1.893235560451461,0,1
TD3,739,5994,28,2.2859638872346877,0,1
TD3,739,5994,29,1.6370372053172708,0,1
TD3,739,5994,30,1.8324615622888034,0,1
TD3,739,5994,31,4.923741993101748,0,1
TD3,739,5994,32,1.9072032222102346,0,1
TD3,739,5994,33,1.9711288404490275,0,1
TD3,739,5994,34,2.4128092872251465,0,1
TD3,739,5994,35,1.7807556310382266,0,1
TD3,739,5994,36,1.3810025265366428,0,1
TD3,739,5994,38,1.5213894077242878,0,1
TD3,739,5994,39,1.1853625228657896,0,1
TD3,739,5994,40,18.402706486234248,0,1
TD3,739,5994,41,1.4768397959932804,0,1
TD3,739,5994,42,2.22095098167571,0,1
TD3,739,5994,43,18.881306780269977,0,1
TD3,739,5994,44,0.8250611903621837,1,1
TD3,739,5994,45,1.6094701189391125,0,1
TD3,739,5994,46,10.545943375521253,0,1
TD3,739,5994,47,0.959433757617058,1,1
TD3,739,5994,48,13.016992743639204,0,1
TD3,739,5994,49,13.583400221687114,0,1
TD3,739,5994,50,1.2539502475891668,0,1
TD3,739,5994,51,1.5502944587981702,0,1
TD3,739,5994,52,1.1813450805234955,0,1
TD3,739,5994,53,1.1106369457887275,0,1
TD3,739,5994,54,1.1614261202665497,0,1
TD3,739,5994,55,6.6120439072898325,0,1
TD3,739,5994,56,1.5216862343920305,0,1
TD3,739,5994,57,2.009402642026328,0,1
TD3,739,5994,58,3.221083477886007,0,1
TD3,739,5994,59,2.8092679883543603,0,1
TD3,739,5994,60,2.5787267336517874,0,1
TD3,739,5994,61,1.1453222100572096,0,1
TD3,739,5994,62,0.7672130536738492,1,1
TD3,739,5994,63,7.5639838094496765,0,1
TD3,739,5994,64,1.5499750205476137,0,1
TD3,739,5994,65,7.330540339358312,0,1
TD3,739,5994,66,1.485088885374413,0,1
TD3,739,5994,67,1.5718535426294225,0,1
TD3,739,5994,68,3.4972652650975786,0,1
TD3,739,5994,69,3.3078026590156413,0,1
TD3,739,5994,70,1.5226969326146098,0,1
TD3,739,5994,71,17.292356521170078,0,1
TD3,739,5994,72,2.3941005141481915,0,1
TD3,739,5994,73,1.3604819663222725,0,1
TD3,739,5994,74,1.365136193859889,0,1
TD3,739,5994,75,4.816159442752685,0,1
TD3,739,5994,76,2.478110821347313,0,1
TD3,739,5994,78,1.829075435554985,0,1
TD3,739,5994,79,1.281406070444263,0,1
TD3,739,5994,80,3.4466548080331876,0,1
TD3,739,5994,81,1.3138422728736536,0,1
TD3,739,5994,83,5.635878169449597,0,1
TD3,739,5994,84,1.5094744521511925,0,1
TD3,739,5994,86,1.7350472839142856,0,1
TD3,739,5994,87,6.26342957569671,0,1
TD3,739,5994,88,1.4040539916744685,0,1
TD3,739,5994,89,1.3707052785749156,0,1
TD3,739,5994,92,11.469788110527478,0,1
TD3,739,5994,93,1.9875577758065266,0,1
TD3,739,5994,94,2.199158304402175,0,1
TD3,739,5994,96,2.1821566313838088,0,1
TD3,739,5994,97,1.1673690365313791,0,1
TD3,739,5994,98,0.9692670799756817,1,1
TD3,739,5999,5,1.9184771874382776,0,1
TD3,739,5999,9,5.129366327158384,0,1
TD3,739,5999,10,13.306595113684505,0,1
TD3,739,5999,11,2.8428133629689505,0,1
TD3,739,5999,12,1.3424260896068272,0,1
TD3,739,5999,13,2.2979896436186413,0,1
TD3,739,5999,15,1.988168273444347,0,1
TD3,739,5999,16,3.3022739951651037,0,1
TD3,739,5999,17,2.712985062343113,0,1
TD3,739,5999,18,1.405799715637799,0,1
TD3,739,5999,19,1.488413299517076,0,1
TD3,739,5999,20,3.255334950735257,0,1
TD3,739,5999,21,2.2560650781081275,0,1
TD3,739,5999,22,1.997252715135786,0,1
TD3,739,5999,23,3.1286287152067933,0,1
TD3,739,5999,24,1.905833803611738,0,1
TD3,739,5999,25,3.3444975534613994,0,1
TD3,739,5999,26,2.8698752538945014,0,1
TD3,739,5999,27,4.6885163661002816,0,1
TD3,739,5999,28,2.7216624068070647,0,1
TD3,739,5999,29,1.9230616046013096,0,1
TD3,739,5999,30,2.0996374462383023,0,1
TD3,739,5999,31,2.886950652350334,0,1
TD3,739,5999,32,2.386625839060787,0,1
TD3,739,5999,34,3.0947916221719134,0,1
TD3,739,5999,35,1.5418907925252257,0,1
TD3,739,5999,36,2.3233434259532166,0,1
TD3,739,5999,37,1.8654464490357225,0,1
TD3,739,5999,39,2.132054150174955,0,1
TD3,739,5999,40,14.219292749991299,0,1
TD3,739,5999,41,3.082584051498812,0,1
TD3,739,5999,42,1.322698480230951,0,1
TD3,739,5999,45,1.7826539848565397,0,1
TD3,739,5999,47,0.7480736153616052,1,1
TD3,739,5999,48,1.025803726207778,0,1
TD3,739,5999,51,12.219695306669008,0,1
TD3,739,5999,52,1.2095907928388745,0,1
TD3,739,5999,53,4.832814542393159,0,1
TD3,739,5999,54,5.80881058605724,0,1
TD3,739,5999,55,1.5749851018333507,0,1
TD3,739,5999,57,1.197002153170027,0,1
TD3,739,5999,58,0.6432505583734005,1,1
TD3,739,5999,60,0.9113698059225718,1,1
TD3,739,5999,61,14.597196796338674,0,1
TD3,739,5999,62,6.957947053114228,0,1
TD3,739,5999,63,1.8800633387065842,0,1
TD3,739,5999,64,5.149612692755416,0,1
TD3,739,5999,65,3.6392450721398086,0,1
TD3,739,5999,66,2.334367105438107,0,1
TD3,739,5999,67,1.2402114690186303,0,1
TD3,739,5999,68,0.9019782150172931,1,1
TD3,739,5999,69,1.2744336442929052,0,1
TD3,739,5999,70,19.50348145334852,0,1
TD3,739,5999,71,2.3597328929417682,0,1
TD3,739,5999,72,6.442736616621883,0,1
TD3,739,5999,73,1.673824061214329,0,1
TD3,739,5999,74,1.3574581203596614,0,1
TD3,739,5999,75,1.4531449847937925,0,1
TD3,739,5999,77,1.6873174664006028,0,1
TD3,739,5999,79,1.8298073159062243,0,1
TD3,739,5999,80,0.9969812068282432,1,1
TD3,739,5999,82,2.01962317893164,0,1
TD3,739,5999,83,1.0790792190222809,0,1
TD3,739,5999,85,0.982354976730949,1,1
TD3,739,5999,86,4.092789059793974,0,1
TD3,739,5999,87,1.8720772089012974,0,1
TD3,739,5999,88,1.3959198237055057,0,1
TD3,739,5999,89,1.5983769630809352,0,1
TD3,739,5999,90,7.014746804858946,0,1
TD3,739,5999,91,1.313738969125062,0,1
TD3,739,5999,92,2.633491483323438,0,1
TD3,739,5999,93,3.2595201827875098,0,1
TD3,739,5999,94,1.640012608245206,0,1
TD3,739,5999,95,0.7152856763724598,1,1
TD3,739,5999,96,17.83273448147689,0,1
TD3,739,5999,97,0.4157426804433465,1,1
