0.1,0.125,0.1,1.0,1.25,0.8,0.8,0.1,0.1,0.0,0.05,0.5,0.5,0.8,0.5,0.8,0.5,0.0,0.0,0.0,0.0,0.8,0.5,0.8,0.5,0.0,0.0,0.0,0.0,0.8,10.0,0.8,10.0,-0.5,0.0,0.0,0.5
0.10942,0.1376,0.1,1.124,1.25,0.8,1.2,0.0,0.0,0.0,0.05,0.5,0.5,0.8,0.5,0.8,0.5,0.0,0.0,0.0,0.0,0.8,0.624,0.8,0.542,0.0,0.0,0.0,0.0,1.2,10.0,1.1999062299728394,10.0,-0.5,0.0,0.0,0.0
0.13244,0.14079999999999998,0.1,1.1079999999999999,1.14,1.2,1.2,0.0,0.0,0.0,0.05,0.5,0.5,1.2,0.45599999999999996,1.1999062299728394,0.45599999999999996,0.0,0.0,0.0,0.0,1.2,0.6519999999999999,1.1999062299728394,0.568,0.0,0.0,0.0,0.0,1.2,10.0,1.6913142510496826,10.0,-0.5,0.0,0.0,0.0
0.13776,0.14009999999999997,0.1,1.152,1.145,1.2,1.2,0.0,0.0,0.0,0.05,0.5,0.5,1.2,0.458,1.6913142510496826,0.458,0.0,0.0,0.0,0.0,1.2,0.6940000000000001,1.6913142510496826,0.5860000000000001,0.0,0.0,0.0,0.0,1.2,10.0,1.814168700181229,10.0,-0.5,0.0,0.0,0.5
0.14806999999999998,0.13055,0.1,1.238,1.1425,1.2,1.8,0.0,0.0,0.1,0.05,0.5,0.5,1.2,0.457,1.814168700181229,0.457,0.0,0.0,0.0,0.0,1.2,0.7809999999999999,1.814168700181229,0.607,0.0,0.0,0.0,0.0,1.8,10.0,1.74669125487049,10.0,-0.5,0.0,0.0,0.20999999999999996
0.09190999999999999,0.128,0.0,1.068,1.0425,1.8,2.178,0.0,0.0,0.0,0.0,0.5,0.5,1.8,0.417,1.74669125487049,0.417,0.0,0.0,0.0,0.0,1.8,0.651,1.74669125487049,0.661,0.0,0.0,0.0,0.0,2.178,10.0,2.2352272836789315,10.0,-0.5,0.19999999999999996,0.19999999999999996,0.0
0.2055,0.0857,0.0,0.943,0.52,2.178,2.178,0.0,0.0,0.0,0.0,0.6,0.6,2.178,0.20800000000000002,2.2352272836789315,0.20800000000000002,0.0,0.0,0.0,0.0,2.178,0.735,2.2352272836789315,0.78,0.0,0.0,0.0,0.0,2.178,10.0,2.8720005916771596,10.0,-0.5,0.0,0.0,0.0
0.18653999999999998,0.09775,0.0,0.8550000000000001,0.9775,2.178,2.178,0.0,0.0,0.0,0.0,0.6,0.6,2.178,0.387,2.8720005916771596,0.40700000000000003,10.0,0.004,0.0,0.0,2.178,0.46799999999999997,2.8720005916771596,0.827,10.0,0.025,0.0,0.0,2.178,10.0,3.3518879172422564,10.0,-0.5,0.0,0.0,0.5
0.14175,0.117,0.0,0.65,0.8425,2.178,3.2670000000000003,0.0,0.0,0.0,0.0,0.6,0.6,2.178,0.337,3.3518879172422564,0.337,0.0,0.0,0.0,0.0,2.178,0.313,3.3518879172422564,1.034,0.0,0.0,0.0,0.0,3.2670000000000003,10.0,4.735917204116125,10.0,-0.35890652557319225,-0.16666666666666663,-0.16666666666666663,0.1836547291092745
0.19422999999999999,0.10235,0.0016699999999999998,0.5940000000000001,0.44749999999999995,3.2670000000000003,3.867,0.02,0.0016699999999999998,0.0,0.001,0.5,0.5,3.2670000000000003,0.179,4.735917204116125,0.179,0.0,0.0,0.0,0.0,3.2670000000000003,0.41500000000000004,4.735917204116125,0.713,0.0,0.0,0.0,0.0,3.867,10.0,2.445354580217213,10.0,-0.39702929516552543,0.0,0.0,-0.051719679337988156
0.26658,0.11484999999999998,0.01299,0.6900000000000001,0.8149999999999998,3.867,3.6670000000000003,0.019999999999999993,0.01132,0.0,0.006,0.5,0.5,3.867,0.32599999999999996,2.445354580217213,0.32599999999999996,0.0,0.0,0.0,0.0,3.867,0.364,2.445354580217213,0.619,0.0,0.0,0.0,0.0,3.6670000000000003,10.0,3.520417187529387,10.0,-0.42497561707554954,0.0,0.0,0.0
0.33362,0.12309999999999999,0.03173,0.9099999999999999,0.9925,3.6670000000000003,3.6670000000000003,0.020000000000000004,0.01874,0.0,0.016,0.5,0.5,3.6670000000000003,0.397,3.520417187529387,0.397,0.0,0.0,0.0,0.0,3.6670000000000003,0.513,3.520417187529387,0.826,0.0,0.0,0.0,0.0,3.6670000000000003,10.0,4.562790965949275,10.0,-0.44005155566213056,0.0,0.0,0.13635124079629124
0.36257,0.13144999999999998,0.05123,0.9890000000000001,1.0725,3.6670000000000003,4.167,0.020000000000000004,0.0195,0.0,0.026000000000000002,0.5,0.5,3.6670000000000003,0.429,4.562790965949275,0.429,0.0,0.0,0.0,0.0,3.6670000000000003,0.5599999999999999,4.562790965949275,0.8619999999999999,0.0,0.0,0.0,0.0,4.167,10.0,4.984005708826835,10.0,-0.44483823813332596,0.0,0.0,0.19198464122870162
0.45391000000000004,0.12695,0.07114,1.0899999999999999,1.045,4.167,4.9670000000000005,0.020000000000000007,0.01991,0.0016699999999999998,0.036,0.5,0.5,4.167,0.418,4.984005708826835,0.418,0.0,0.0,0.0,0.0,4.167,0.6719999999999999,4.984005708826835,0.95,0.0,0.0,0.0,0.0,4.9670000000000005,10.0,5.4372913969793935,10.0,-0.4559384018858364,0.19999999999999996,0.19999999999999996,0.10066438494060792
0.55779,0.125,0.07651000000000001,1.127,1.1075,4.9670000000000005,5.467,0.020000000000000004,0.00704,0.01132,0.038,0.6,0.6,4.9670000000000005,0.44299999999999995,5.4372913969793935,0.44299999999999995,0.0,0.0,0.0,0.0,4.9670000000000005,0.6839999999999999,5.4372913969793935,0.893,0.0,0.0,0.0,0.0,5.467,10.0,5.621966158181349,10.0,-0.4641442119794188,0.0,0.0,0.018291567587342294
0.61139,0.13785,0.07001,1.139,1.2675,5.467,5.566999999999999,0.01999999999999999,0.0048200000000000005,0.01874,0.034999999999999996,0.6,0.6,5.467,0.507,5.621966158181349,0.507,0.0,0.0,0.0,0.0,5.467,0.632,5.621966158181349,0.9099999999999999,0.0,0.0,0.0,0.0,5.566999999999999,10.0,6.11698455295183,10.0,-0.4509314839954857,0.0,0.0,0.089814981138854
0.71578,0.1425,0.07845999999999999,1.3210000000000002,1.3675,5.566999999999999,6.066999999999999,0.02999999999999999,0.027190000000000002,0.0195,0.039,0.6,0.6,5.566999999999999,0.5469999999999999,6.11698455295183,0.5469999999999999,0.0,0.0,0.0,0.0,5.566999999999999,0.774,6.11698455295183,0.925,0.0,0.0,0.0,0.0,6.066999999999999,10.0,5.755131537961875,10.0,-0.5,0.16666666666666674,0.16666666666666674,-0.03296522169111571
0.84738,0.146,0.05896,1.4289999999999998,1.46,6.066999999999999,5.867,0.0,0.0,0.01991,0.028999999999999998,0.7,0.7,6.066999999999999,0.5509999999999999,5.755131537961875,0.605,10.0,0.033,0.0,0.0,6.066999999999999,0.8779999999999999,5.755131537961875,1.116,10.0,0.087,0.0,0.0,5.867,10.0,6.136358384465678,10.0,-0.5,0.4285714285714286,0.4285714285714286,0.034088972217487745
0.68202,0.20279999999999998,0.039049999999999994,1.1969999999999998,1.765,5.867,6.067000000000001,0.0,0.0,0.00704,0.02,1.0,1.0,5.867,0.706,6.136358384465678,0.706,0.0,0.0,0.0,0.0,5.867,0.491,6.136358384465678,0.72,0.0,0.0,0.0,0.0,6.067000000000001,10.0,5.605699466820729,10.0,-0.5,-0.30000000000000004,-0.30000000000000004,-0.08241305422778977
0.78727,0.21789999999999998,0.03201,1.309,1.46,6.067000000000001,5.567,0.0,0.0,0.0048200000000000005,0.016,0.7,0.7,6.067000000000001,0.584,5.605699466820729,0.584,0.0,0.0,0.0,0.0,6.067000000000001,0.725,5.605699466820729,1.002,0.0,0.0,0.0,0.0,5.567,10.0,6.2505874269387025,10.0,-0.5,0.0,0.0,0.07185198491108324
0.8943099999999999,0.2229,0.027190000000000002,1.6149999999999998,1.6649999999999998,5.567,5.9670000000000005,0.0,0.0,0.027190000000000002,0.014000000000000002,0.7,0.7,5.567,0.666,6.2505874269387025,0.666,0.0,0.0,0.0,0.0,5.567,0.9490000000000001,6.2505874269387025,1.105,0.0,0.0,0.0,0.0,5.9670000000000005,10.0,6.248660991594138,10.0,-0.5,0.2857142857142858,0.2857142857142858,0.03351768057650406
1.12502,0.21280000000000002,0.0,1.9310000000000003,1.83,5.9670000000000005,6.167000000000001,0.0,0.0,0.0,0.0,0.9,0.9,5.9670000000000005,0.732,6.248660991594138,0.732,0.0,0.0,0.0,0.0,5.9670000000000005,1.199,6.248660991594138,1.361,0.0,0.0,0.0,0.0,6.167000000000001,10.0,6.46478563801174,10.0,-0.5,0.22222222222222232,0.22222222222222232,0.048646019134100715
1.3175899999999998,0.21574999999999997,0.0,2.136,2.1574999999999998,6.167000000000001,6.4670000000000005,0.0,0.0,0.0,0.0,1.1,1.1,6.167000000000001,0.82,6.46478563801174,0.891,10.0,0.043,0.0,0.0,6.167000000000001,1.316,6.46478563801174,1.377,10.0,0.11399999999999999,0.0,0.0,6.4670000000000005,10.0,7.124133552750291,10.0,-0.5,0.0,0.0,0.06185248183083347
1.08965,0.2895999999999999,0.0,1.684,2.4225,6.4670000000000005,6.867,0.0,0.0,0.0,0.0,1.1,1.1,6.4670000000000005,0.969,7.124133552750291,0.969,0.0,0.0,0.0,0.0,6.4670000000000005,0.7150000000000001,7.124133552750291,1.026,0.0,0.0,0.0,0.0,6.867,10.0,5.658026699213235,10.0,-0.5,0.0,0.0,-0.21843599825251203
1.3205,0.31479999999999997,0.0,1.9229999999999996,2.175,6.867,5.367,0.0,0.0,0.0,0.0,1.1,1.1,6.867,0.8699999999999999,5.658026699213235,0.8699999999999999,0.0,0.0,0.0,0.0,6.867,1.053,5.658026699213235,1.329,0.0,0.0,0.0,0.0,5.367,10.0,7.0938442020555925,10.0,-0.5,0.0,0.0,0.14905906465436924
1.2748499999999998,0.3422,0.0,2.376,2.65,5.367,6.167,0.0,0.0,0.0,0.0,1.1,1.1,5.367,1.06,7.0938442020555925,1.06,0.0,0.0,0.0,0.0,5.367,1.316,7.0938442020555925,1.6010000000000002,0.0,0.0,0.0,0.0,6.167,10.0,6.737138806071431,10.0,-0.5,0.09090909090909083,0.09090909090909083,0.11350737797956878
1.6865899999999998,0.3157,0.0,2.7350000000000003,2.47,6.167,6.867,0.0,0.0,0.0,0.0,1.2,1.2,6.167,0.9880000000000001,6.737138806071431,0.9880000000000001,0.0,0.0,0.0,0.0,6.167,1.7469999999999999,6.737138806071431,1.8699999999999999,0.0,0.0,0.0,0.0,6.867,10.0,7.803693517724699,10.0,-0.5,0.0,0.0,0.058249599534003105
1.53836,0.3791,0.0,2.241,2.875,6.867,7.267,0.0,0.0,0.0,0.0,1.2,1.2,6.867,1.15,7.803693517724699,1.15,0.0,0.0,0.0,0.0,6.867,1.091,7.803693517724699,1.557,0.0,0.0,0.0,0.0,7.267,10.0,7.766469783364546,10.0,-0.5,0.08333333333333326,0.08333333333333326,0.08256501995321308
1.86297,0.37854999999999994,0.0,2.563,2.5575,7.267,7.867,0.0,0.0,0.0,0.0,1.3,1.3,7.267,1.0230000000000001,7.766469783364546,1.0230000000000001,0.0,0.0,0.0,0.0,7.267,1.54,7.766469783364546,1.75,0.0,0.0,0.0,0.0,7.867,10.0,7.455496764671101,10.0,-0.5,0.23076923076923084,0.23076923076923084,0.0
1.95156,0.43444999999999995,0.0,2.4810000000000003,3.04,7.867,7.867,0.0,0.0,0.0,0.0,1.6,1.6,7.867,1.216,7.455496764671101,1.216,0.0,0.0,0.0,0.0,7.867,1.2650000000000001,7.455496764671101,1.9100000000000001,0.0,0.0,0.0,0.0,7.867,10.0,8.446167860424419,10.0,-0.5,0.0,0.0,0.0889792805389602
2.28194,0.44345,0.0,2.9,2.99,7.867,8.567,0.0,0.0,0.0,0.0,1.6,1.6,7.867,1.1960000000000002,8.446167860424419,1.1960000000000002,0.0,0.0,0.0,0.0,7.867,1.704,8.446167860424419,2.033,0.0,0.0,0.0,0.0,8.567,10.0,7.042056595751551,10.0,-0.5,0.125,0.125,-0.11672697560406209
2.88783,0.47185000000000005,0.0,3.371,3.655,8.567,7.567,0.0,0.0,0.0,0.0,1.8,1.8,8.567,1.462,7.042056595751551,1.462,0.0,0.0,0.0,0.0,8.567,1.909,7.042056595751551,2.415,0.0,0.0,0.0,0.0,7.567,10.0,9.307597270991472,10.0,-0.5,0.2777777777777777,0.2777777777777777,0.0
2.89723,0.5168,0.0,3.8280000000000003,4.2775,7.567,7.567,0.0,0.0,0.0,0.0,2.3,2.3,7.567,1.7109999999999999,9.307597270991472,1.7109999999999999,0.0,0.0,0.0,0.0,7.567,2.117,9.307597270991472,2.627,0.0,0.0,0.0,0.0,7.567,10.0,6.876289936740467,10.0,-0.5,0.08695652173913038,0.08695652173913038,0.0
3.44289,0.5633,0.0,4.55,5.015,7.567,7.567,0.0,0.0,0.0,0.0,2.5,2.5,7.567,2.006,6.876289936740467,2.006,0.0,0.0,0.0,0.0,7.567,2.544,6.876289936740467,3.066,0.0,0.0,0.0,0.0,7.567,10.0,9.616599033322274,10.0,-0.5,0.15999999999999992,0.15999999999999992,0.31716664464120514
3.3204499999999997,0.6254,0.0,4.389,5.01,7.567,9.967,0.0,0.0,0.0,0.0,2.8999999999999995,2.8999999999999995,7.567,2.004,9.616599033322274,2.004,0.0,0.0,0.0,0.0,7.567,2.3850000000000002,9.616599033322274,3.131,0.0,0.0,0.0,0.0,9.967,10.0,5.718326909707807,10.0,-0.5,2.220446049250313e-16,2.220446049250313e-16,0.0
5.03021,0.6499499999999999,0.0,5.047,5.2925,9.967,9.967,0.0,0.0,0.0,0.0,2.9000000000000004,2.9000000000000004,9.967,2.117,5.718326909707807,2.117,0.0,0.0,0.0,0.0,9.967,2.93,5.718326909707807,3.941,0.0,0.0,0.0,0.0,9.967,10.0,8.547590106538117,10.0,-0.5,0.20689655172413768,0.20689655172413768,0.0
6.08764,0.7184,0.0,6.108,6.792500000000001,9.967,9.967,0.0,0.0,0.0,0.0,3.5,3.5,9.967,2.717,8.547590106538117,2.717,0.0,0.0,0.0,0.0,9.967,3.3909999999999996,8.547590106538117,3.312,0.0,0.0,0.0,0.0,9.967,10.0,7.094991927027893,10.0,-0.5,-0.05714285714285716,-0.05714285714285716,-0.19735125915521223
6.48522,0.9386,0.0,6.048,8.25,9.967,8.0,0.0,0.0,0.0,0.0,3.3,3.3,9.967,3.3,7.094991927027893,3.3,0.0,0.0,0.0,0.0,9.967,2.748,7.094991927027893,4.4990000000000006,0.0,0.0,0.0,0.0,8.0,10.0,9.180677233349202,10.0,-0.5,-0.5,-0.09090909090909094,0.25
6.80222,0.8022,0.0,5.489,4.125,8.0,10.0,0.0,0.0,0.0,0.0,1.65,3.0,8.0,1.65,9.180677233349202,3.0,0.0,0.0,0.0,0.0,8.0,3.839,9.180677233349202,2.627,0.0,0.0,0.0,0.0,10.0,10.0,5.933472406850127,10.0,-0.5,0.1212121212121211,0.0,-0.5
6.945180000000001,0.8874,0.0,3.7730000000000006,4.625,10.0,5.0,0.0,0.0,0.0,0.0,1.85,3.0,10.0,1.85,5.933472406850127,3.0,0.0,0.0,0.0,0.0,10.0,1.923,5.933472406850127,3.782,0.0,0.0,0.0,0.0,5.0,10.0,8.622279562993983,10.0,-0.5,0.10810810810810811,0.10000000000000009,0.5
5.49833,0.9152,0.0,4.8469999999999995,5.125,5.0,7.5,0.0,0.0,0.0,0.0,2.05,3.3,5.0,2.05,8.622279562993983,3.3,0.0,0.0,0.0,0.0,5.0,2.7969999999999997,8.622279562993983,1.922,0.0,0.0,0.0,0.0,7.5,10.0,7.459110249122274,10.0,-0.5,0.24390243902439024,-0.24242424242424243,-0.026666666666666616
4.68505,1.145,0.0,3.9519999999999995,6.25,7.5,7.3,0.0,0.0,0.0,0.0,2.55,2.5,7.5,2.55,7.459110249122274,2.5,0.0,0.0,0.0,0.0,7.5,1.402,7.459110249122274,2.663,0.0,0.0,0.0,0.0,7.3,10.0,9.328326007111944,10.0,-0.5,0.196078431372549,0.19999999999999996,0.23287671232876717
3.5038,1.3642500000000002,0.0,4.8,6.9925,7.3,9.0,0.0,0.0,0.0,0.0,3.05,3.0,7.3,2.8440000000000003,9.328326007111944,2.7969999999999997,0.0,0.0,0.0,0.0,7.3,1.956,9.328326007111944,2.045,0.0,0.0,0.0,0.0,9.0,10.0,4.956798836677398,10.0,-0.5,-0.5,-0.5,-0.4444444444444444
4.528779999999999,1.39025,0.0,3.4899999999999998,3.75,9.0,5.0,0.0,0.0,0.0,0.0,1.525,1.5,9.0,1.525,4.956798836677398,1.5,0.0,0.0,0.0,0.0,9.0,1.9649999999999999,4.956798836677398,2.831,0.0,0.0,0.0,0.0,5.0,10.0,7.433915566508692,10.0,-0.5,0.0,0.0,0.30000000000000004
4.26019,1.44345,0.0,3.218,3.75,5.0,6.5,0.0,0.0,0.0,0.0,1.525,1.5,5.0,1.525,7.433915566508692,1.5,0.0,0.0,0.0,0.0,5.0,1.693,7.433915566508692,1.705,0.0,0.0,0.0,0.0,6.5,10.0,9.112264898757541,10.0,-0.5,0.3278688524590163,0.33333333333333326,0.46153846153846145
3.01104,1.6527500000000002,0.0,2.907,5.0,6.5,9.5,0.0,0.0,0.0,0.0,2.025,2.0,6.5,2.025,9.112264898757541,2.0,0.0,0.0,0.0,0.0,6.5,0.882,9.112264898757541,1.306,0.0,0.0,0.0,0.0,9.5,10.0,7.627247040504281,10.0,-0.5,-0.34592592592592597,-0.44999999999999996,0.0
3.18094,1.68915,0.0,2.386,2.75,9.5,9.5,0.0,0.0,0.0,0.0,1.3245,1.1,9.5,1.324,7.627247040504281,1.1,0.0,0.0,0.0,0.0,9.5,1.0619999999999998,7.627247040504281,1.907,0.0,0.0,0.0,0.0,9.5,10.0,7.609260045437621,10.0,-0.5,0.15100037750094364,0.5,0.0
3.35706,1.7670499999999998,0.0,3.031,3.81,9.5,9.5,0.0,0.0,0.0,0.0,1.5244999999999997,1.65,9.5,1.524,7.609260045437621,1.65,0.0,0.0,0.0,0.0,9.5,1.5070000000000001,7.609260045437621,1.714,0.0,0.0,0.0,0.0,9.5,10.0,8.017303714712828,10.0,-0.5,2.220446049250313e-16,0.0,-0.03157894736842104
3.53235,1.8379499999999995,0.0,3.101,3.81,9.5,9.2,0.0,0.0,0.0,0.0,1.5245000000000002,1.65,9.5,1.524,8.017303714712828,1.65,0.0,0.0,0.0,0.0,9.5,1.577,8.017303714712828,2.131,0.0,0.0,0.0,0.0,9.2,10.0,8.200493215772209,10.0,-0.5,-1.1102230246251565e-16,0.0,-0.07608695652173914
4.02019,1.8664499999999995,0.0,3.525,3.81,9.2,8.5,0.0,0.0,0.0,0.0,1.5245,1.65,9.2,1.524,8.200493215772209,1.65,0.0,0.0,0.0,0.0,9.2,2.0010000000000003,8.200493215772209,2.337,0.0,0.0,0.0,0.0,8.5,10.0,8.069356070076283,10.0,-0.5,0.13119055428009196,0.1212121212121211,0.0
4.09306,1.9408499999999995,0.0,3.566,4.31,8.5,8.5,0.0,0.0,0.0,0.0,1.7245000000000001,1.85,8.5,1.7239999999999998,8.069356070076283,1.85,0.0,0.0,0.0,0.0,8.5,1.842,8.069356070076283,2.538,0.0,0.0,0.0,0.0,8.5,10.0,7.679278856771762,10.0,-0.5,0.17396346767178894,0.16216216216216206,-0.14117647058823535
4.14627,2.0439499999999993,0.0,4.029,5.06,8.5,7.3,0.0,0.0,0.0,0.0,2.0245,2.1499999999999995,8.5,2.024,7.679278856771762,2.15,0.0,0.0,0.0,0.0,8.5,2.005,7.679278856771762,2.0149999999999997,0.0,0.0,0.0,0.0,7.3,10.0,8.474490110964762,10.0,-0.5,0.0,2.220446049250313e-16,0.19178082191780832
3.50393,2.185949999999999,0.0,3.6399999999999997,5.06,7.3,8.700000000000001,0.0,0.0,0.0,0.0,2.0245,2.15,7.3,2.024,8.474490110964762,2.15,0.0,0.0,0.0,0.0,7.3,1.616,8.474490110964762,2.25,0.0,0.0,0.0,0.0,8.700000000000001,10.0,8.316890087043085,10.0,-0.5,0.049394912324030704,0.09302325581395343,-1.1102230246251565e-16
3.41548,2.282849999999999,0.0,3.9259999999999997,4.895,8.700000000000001,8.7,0.0,0.0,0.0,0.0,2.1245000000000003,2.35,8.700000000000001,1.9579999999999997,8.316890087043085,2.165,0.0,0.0,0.0,0.0,8.700000000000001,1.968,8.316890087043085,1.971,0.0,0.0,0.0,0.0,8.7,10.0,7.677487820591982,10.0,-0.5,-2.220446049250313e-16,0.0,-0.1954022988505747
3.1198699999999997,2.420999999999999,0.0,3.586,4.9675,8.7,7.0,0.0,0.0,0.0,0.0,2.1245,2.35,8.7,1.987,7.677487820591982,2.197,0.0,0.0,0.0,0.0,8.7,1.599,7.677487820591982,2.7199999999999998,0.0,0.0,0.0,0.0,7.0,10.0,9.083638884198066,10.0,-0.5,2.220446049250313e-16,0.0,0.41428571428571437
2.7051399999999997,2.492099999999999,0.0,3.864,4.575,7.0,9.9,0.0,0.0,0.0,0.0,2.1245000000000003,2.35,7.0,1.83,9.083638884198066,2.024,0.0,0.0,0.0,0.0,7.0,2.034,9.083638884198066,2.165,0.0,0.0,0.0,0.0,9.9,10.0,6.474503463158376,10.0,-0.5,-2.220446049250313e-16,0.0,-0.3939393939393939
3.2257800000000003,2.562549999999999,0.0,3.258,3.9625,9.9,6.0,0.0,0.0,0.0,0.0,2.1245,2.35,9.9,1.585,6.474503463158376,1.754,0.0,0.0,0.0,0.0,9.9,1.673,6.474503463158376,2.952,0.0,0.0,0.0,0.0,6.0,10.0,9.503362764246567,10.0,-0.5,2.220446049250313e-16,0.0,0.41649999999999987
2.4633000000000003,2.6404499999999986,0.0,4.106,4.885,6.0,8.498999999999999,0.0,0.0,0.0,0.0,2.1245000000000003,2.35,6.0,1.954,9.503362764246567,2.161,0.0,0.0,0.0,0.0,6.0,2.152,9.503362764246567,1.9609999999999999,0.0,0.0,0.0,0.0,8.498999999999999,10.0,5.264316259493617,10.0,-0.5,-2.220446049250313e-16,0.0,2.220446049250313e-16
2.5448000000000004,2.7710499999999985,0.0,2.9939999999999998,4.3,8.498999999999999,8.499,0.0,0.0,0.0,0.0,2.1245,2.35,8.498999999999999,1.72,5.264316259493617,1.902,0.0,0.0,0.0,0.0,8.498999999999999,1.274,5.264316259493617,2.418,0.0,0.0,0.0,0.0,8.499,10.0,7.885174469796399,10.0,-0.5,2.220446049250313e-16,0.0,-2.220446049250313e-16
2.6851,2.8245499999999986,0.0,3.16,3.6949999999999994,8.499,8.498999999999999,0.0,0.0,0.0,0.0,2.1245000000000003,2.35,8.499,1.478,7.885174469796399,1.6350000000000002,0.0,0.0,0.0,0.0,8.499,1.682,7.885174469796399,2.25,0.0,0.0,0.0,0.0,8.498999999999999,10.0,7.8464345458024685,10.0,-0.5,-0.09413979759943536,-0.17021276595744683,2.220446049250313e-16
2.98511,2.881349999999999,0.0,3.5120000000000005,4.08,8.498999999999999,8.499,0.0,0.0,0.0,0.0,1.9244999999999997,1.95,8.498999999999999,1.6320000000000001,7.8464345458024685,1.654,0.0,0.0,0.0,0.0,8.498999999999999,1.8800000000000001,7.8464345458024685,2.122,0.0,0.0,0.0,0.0,8.499,10.0,8.596012239174357,10.0,-0.5,2.220446049250313e-16,0.0,-2.220446049250313e-16
2.88646,2.9753999999999987,0.0,3.397,4.3375,8.499,8.498999999999999,0.0,0.0,0.0,0.0,1.9245,1.95,8.499,1.735,8.596012239174357,1.7579999999999998,0.0,0.0,0.0,0.0,8.499,1.6620000000000001,8.596012239174357,2.557,0.0,0.0,0.0,0.0,8.498999999999999,10.0,7.6373041308167915,10.0,-0.5,0.14315406599116653,0.1282051282051282,2.220446049250313e-16
3.4154299999999997,3.0207499999999987,0.0,4.019,4.4725,8.498999999999999,8.499,0.0,0.0,0.0,0.0,2.2,2.2,8.498999999999999,1.7890000000000001,7.6373041308167915,1.7890000000000001,0.0,0.0,0.0,0.0,8.498999999999999,2.23,7.6373041308167915,2.427,0.0,0.0,0.0,0.0,8.499,10.0,8.554733208270806,10.0,-0.5,0.045454545454545414,0.045454545454545414,-2.220446049250313e-16
3.19604,3.1453999999999986,0.0,3.761,5.0075,8.499,8.498999999999999,0.0,0.0,0.0,0.0,2.3,2.3,8.499,2.003,8.554733208270806,2.003,0.0,0.0,0.0,0.0,8.499,1.7579999999999998,8.554733208270806,2.396,0.0,0.0,0.0,0.0,8.498999999999999,10.0,7.854350724205689,10.0,-0.5,-0.08695652173913049,-0.08695652173913049,2.220446049250313e-16
3.50558,3.2214999999999985,0.0,4.124,4.885,8.498999999999999,8.499,0.0,0.0,0.0,0.0,2.1,2.1,8.498999999999999,1.954,7.854350724205689,1.954,0.0,0.0,0.0,0.0,8.498999999999999,2.17,7.854350724205689,2.0,0.0,0.0,0.0,0.0,8.499,10.0,8.45321964203919,10.0,-0.5,0.0,0.0,-2.220446049250313e-16
3.02975,3.3819999999999983,0.0,3.565,5.17,8.499,8.498999999999999,0.0,0.0,0.0,0.0,2.1,2.1,8.499,2.068,8.45321964203919,2.068,0.0,0.0,0.0,0.0,8.499,1.497,8.45321964203919,2.588,0.0,0.0,0.0,0.0,8.498999999999999,10.0,8.271935067523732,10.0,-0.5,0.0,0.0,2.220446049250313e-16
3.16767,3.4609499999999986,0.0,3.728,4.5175,8.498999999999999,8.499,0.0,0.0,0.0,0.0,2.1,2.1,8.498999999999999,1.807,8.271935067523732,1.807,0.0,0.0,0.0,0.0,8.498999999999999,1.921,8.271935067523732,2.3329999999999997,0.0,0.0,0.0,0.0,8.499,10.0,7.211002917709093,10.0,-0.5,-0.04761904761904767,0.0,-2.220446049250313e-16
3.51842,3.539699999999999,0.0,4.140000000000001,4.9275,8.499,8.498999999999999,0.0,0.0,0.0,0.0,2.0,2.1,8.499,1.971,7.211002917709093,2.07,0.0,0.0,0.0,0.0,8.499,2.169,7.211002917709093,2.835,0.0,0.0,0.0,0.0,8.498999999999999,10.0,9.305543422196793,10.0,-0.5,0.0,0.09523809523809534,0.023532180256500945
3.10371,3.632599999999999,0.0,3.6510000000000007,4.58,8.498999999999999,8.699000000000002,0.0,0.0,0.0,0.0,2.0,2.3000000000000003,8.498999999999999,1.832,9.305543422196793,2.107,0.0,0.0,0.0,0.0,8.498999999999999,1.8190000000000002,9.305543422196793,2.253,0.0,0.0,0.0,0.0,8.699000000000002,10.0,6.746627360408093,10.0,-0.5,0.0,-0.1304347826086958,-0.1954247614668354
3.41589,3.741599999999999,0.0,3.91,5.0,8.699000000000002,6.999,0.0,0.0,0.0,0.0,2.0,2.0,8.699000000000002,2.0,6.746627360408093,2.0,0.0,0.0,0.0,0.0,8.699000000000002,1.9100000000000001,6.746627360408093,1.9949999999999999,0.0,0.0,0.0,0.0,6.999,10.0,9.477900564386951,10.0,-0.5,-0.050000000000000044,-0.050000000000000044,0.34304900700100016
2.71463,3.8694999999999995,0.0,3.471,4.75,6.999,9.4,0.0,0.0,0.0,0.0,1.9,1.9,6.999,1.9,9.477900564386951,1.9,0.0,0.0,0.0,0.0,6.999,1.5710000000000002,9.477900564386951,2.214,0.0,0.0,0.0,0.0,9.4,10.0,7.393561116920084,10.0,-0.5,0.0,0.0,-0.0957446808510638
3.39231,3.9126999999999987,0.0,3.6079999999999997,4.04,9.4,8.5,0.0,0.0,0.0,0.0,1.9,1.9,9.4,1.616,7.393561116920084,1.616,0.0,0.0,0.0,0.0,9.4,1.9920000000000002,7.393561116920084,2.45,0.0,0.0,0.0,0.0,8.5,10.0,8.848788630599376,10.0,-0.5,0.0,0.0,0.0
2.85854,4.062699999999999,0.0,3.25,4.75,8.5,8.5,0.0,0.0,0.0,0.0,1.9,1.9,8.5,1.9,8.848788630599376,1.9,0.0,0.0,0.0,0.0,8.5,1.35,8.848788630599376,2.274,0.0,0.0,0.0,0.0,8.5,10.0,7.061320342973568,10.0,-0.5,0.0,0.0,0.0
3.1160300000000003,4.1553499999999985,0.0,3.6659999999999995,4.5925,8.5,8.5,0.0,0.0,0.0,0.0,1.9,1.9,8.5,1.8370000000000002,7.061320342973568,1.8370000000000002,0.0,0.0,0.0,0.0,8.5,1.829,7.061320342973568,1.9739999999999998,0.0,0.0,0.0,0.0,8.5,10.0,8.827545656409653,10.0,-0.5,0.0,0.0,0.0
2.84549,4.270149999999998,0.0,3.347,4.495,8.5,8.5,0.0,0.0,0.0,0.0,1.9,1.9,8.5,1.798,8.827545656409653,1.798,0.0,0.0,0.0,0.0,8.5,1.549,8.827545656409653,2.122,0.0,0.0,0.0,0.0,8.5,10.0,7.71046365387258,10.0,-0.5,0.0,0.0,0.0
3.1923000000000004,4.333399999999998,0.0,3.755,4.3875,8.5,8.5,0.0,0.0,0.0,0.0,1.9,1.9,8.5,1.7550000000000001,7.71046365387258,1.7550000000000001,0.0,0.0,0.0,0.0,8.5,2.0,7.71046365387258,2.0309999999999997,0.0,0.0,0.0,0.0,8.5,10.0,8.681042364811681,10.0,-0.5,0.0,0.0,0.0235294117647058
2.87136,4.460099999999998,0.0,3.378,4.645,8.5,8.7,0.0,0.0,0.0,0.0,1.9,1.9,8.5,1.8579999999999999,8.681042364811681,1.8579999999999999,0.0,0.0,0.0,0.0,8.5,1.52,8.681042364811681,2.522,0.0,0.0,0.0,0.0,8.7,10.0,7.984241420180079,10.0,-0.5,0.0,0.0,-0.11494252873563215
3.12765,4.530849999999998,0.0,3.595,4.3025,8.7,7.7,0.0,0.0,0.0,0.0,1.9,1.9,8.7,1.721,7.984241420180079,1.721,0.0,0.0,0.0,0.0,8.7,1.8739999999999999,7.984241420180079,2.2800000000000002,0.0,0.0,0.0,0.0,7.7,10.0,7.718033221463041,10.0,-0.5,0.0,0.0,0.0
3.01257,4.640349999999998,0.0,3.655,4.75,7.7,7.7,0.0,0.0,0.0,0.0,1.9,1.9,7.7,1.9,7.718033221463041,1.9,0.0,0.0,0.0,0.0,7.7,1.7550000000000001,7.718033221463041,1.998,0.0,0.0,0.0,0.0,7.7,10.0,9.031350051214622,10.0,-0.5,0.0,0.0,0.0
2.4370700000000003,4.773999999999998,0.0,3.1660000000000004,4.5025,7.7,7.7,0.0,0.0,0.0,0.0,1.9,1.9,7.7,1.8010000000000002,9.031350051214622,1.8010000000000002,0.0,0.0,0.0,0.0,7.7,1.365,9.031350051214622,1.607,0.0,0.0,0.0,0.0,7.7,10.0,7.490441073519728,10.0,-0.5,-0.21052631578947367,-0.21052631578947367,0.0
2.20439,4.883299999999998,0.0,2.657,3.75,7.7,7.7,0.0,0.0,0.0,0.0,1.5,1.5,7.7,1.5,7.490441073519728,1.5,0.0,0.0,0.0,0.0,7.7,1.157,7.490441073519728,2.104,0.0,0.0,0.0,0.0,7.7,10.0,9.186621066776278,10.0,-0.5,0.0,0.0,0.2857142857142858
2.1859499999999996,4.925749999999999,0.0,2.838,3.2625,7.7,9.900000000000002,0.0,0.0,0.0,0.0,1.5,1.5,7.7,1.3050000000000002,9.186621066776278,1.3050000000000002,0.0,0.0,0.0,0.0,7.7,1.533,9.186621066776278,2.783,0.0,0.0,0.0,0.0,9.900000000000002,10.0,6.844897617921793,10.0,-0.5,0.0,0.0,-0.29292929292929315
3.32714,4.915999999999999,0.0,3.3600000000000003,3.2625,9.900000000000002,6.999999999999998,0.0,0.0,0.0,0.0,1.5,1.5,9.900000000000002,1.3050000000000002,6.844897617921793,1.3050000000000002,0.0,0.0,0.0,0.0,9.900000000000002,2.055,6.844897617921793,2.129,0.0,0.0,0.0,0.0,6.999999999999998,10.0,8.522043524548119,10.0,-0.5,0.19999999999999996,0.19999999999999996,0.14285714285714302
2.65067,5.063499999999999,0.0,3.025,4.5,6.999999999999998,8.0,0.0,0.0,0.0,0.0,1.8,1.8,6.999999999999998,1.8,8.522043524548119,1.8,0.0,0.0,0.0,0.0,6.999999999999998,1.225,8.522043524548119,1.921,0.0,0.0,0.0,0.0,8.0,10.0,8.771124590167837,10.0,-0.5,-0.4444444444444444,-0.4444444444444444,0.0
3.05436,5.053399999999999,0.0,2.601,2.5,8.0,8.0,0.0,0.0,0.0,0.0,1.0,1.0,8.0,1.0,8.771124590167837,1.0,0.0,0.0,0.0,0.0,8.0,1.6010000000000002,8.771124590167837,2.275,0.0,0.0,0.0,0.0,8.0,10.0,7.1816382958942935,10.0,-0.5,0.0,0.0,0.0
3.3266,5.079599999999998,0.0,2.2380000000000004,2.5,8.0,8.0,0.0,0.0,0.0,0.0,1.0,1.0,8.0,1.0,7.1816382958942935,1.0,0.0,0.0,0.0,0.0,8.0,1.238,7.1816382958942935,1.8350000000000002,0.0,0.0,0.0,0.0,8.0,10.0,8.96126426440762,10.0,-0.5,0.10000000000000009,0.10000000000000009,-0.025000000000000022
3.50726,5.098799999999999,0.0,2.558,2.75,8.0,7.8,0.0,0.0,0.0,0.0,1.1,1.1,8.0,1.1,8.96126426440762,1.1,0.0,0.0,0.0,0.0,8.0,1.458,8.96126426440762,2.065,0.0,0.0,0.0,0.0,7.8,10.0,7.648374496497292,10.0,-0.5,0.18181818181818188,0.18181818181818188,-0.02564102564102566
3.40217,5.179799999999999,0.0,2.44,3.25,7.8,7.6,0.0,0.0,0.0,0.0,1.3,1.3,7.8,1.3,7.648374496497292,1.3,0.0,0.0,0.0,0.0,7.8,1.1400000000000001,7.648374496497292,2.008,0.0,0.0,0.0,0.0,7.6,10.0,9.015531075020736,10.0,-0.5,-0.15384615384615385,-0.15384615384615385,0.14473684210526305
3.13702,5.249199999999998,0.0,2.056,2.75,7.6,8.7,0.0,0.0,0.0,0.0,1.1,1.1,7.6,1.1,9.015531075020736,1.1,0.0,0.0,0.0,0.0,7.6,0.9560000000000001,9.015531075020736,1.687,0.0,0.0,0.0,0.0,8.7,10.0,7.101967863199643,10.0,-0.5,-0.18181818181818177,-0.18181818181818177,-0.1724137931034483
3.5235700000000003,5.266299999999998,0.0,2.0789999999999997,2.25,8.7,7.199999999999998,0.0,0.0,0.0,0.0,0.9,0.9,8.7,0.9,7.101967863199643,0.9,0.0,0.0,0.0,0.0,8.7,1.1789999999999998,7.101967863199643,2.4989999999999997,0.0,0.0,0.0,0.0,7.199999999999998,10.0,9.269342487845696,10.0,-0.5,0.0,0.0,2.220446049250313e-16
3.25237,5.323099999999999,0.0,1.682,2.25,7.199999999999998,7.2,0.0,0.0,0.0,0.0,0.9,0.9,7.199999999999998,0.9,9.269342487845696,0.9,0.0,0.0,0.0,0.0,7.199999999999998,0.782,9.269342487845696,1.311,0.0,0.0,0.0,0.0,7.2,10.0,6.2402377675087966,10.0,-0.5,-0.11111111111111116,-0.11111111111111116,0.01388888888888884
3.5069899999999996,5.338399999999999,0.0,1.847,2.0,7.2,7.3,0.0,0.0,0.0,0.0,0.8,0.8,7.2,0.8,6.2402377675087966,0.8,0.0,0.0,0.0,0.0,7.2,1.0470000000000002,6.2402377675087966,1.906,0.0,0.0,0.0,0.0,7.3,10.0,9.081221283541803,10.0,-0.5,0.0,0.0,0.20547945205479445
3.17177,5.404799999999999,0.0,1.3359999999999999,2.0,7.3,8.8,0.0,0.0,0.0,0.0,0.8,0.8,7.3,0.8,9.081221283541803,0.8,0.0,0.0,0.0,0.0,7.3,0.536,9.081221283541803,2.8449999999999998,0.0,0.0,0.0,0.0,8.8,10.0,6.883006734846953,10.0,-0.5,-0.375,-0.375,-0.25
3.5157800000000003,5.401599999999998,0.0,1.282,1.25,8.8,6.6,0.0,0.0,0.0,0.0,0.5,0.5,8.8,0.5,6.883006734846953,0.5,0.0,0.0,0.0,0.0,8.8,0.782,6.883006734846953,1.526,0.0,0.0,0.0,0.0,6.6,10.0,7.939763283016144,10.0,-0.5,0.0,0.0,0.0
3.8104699999999996,5.371799999999999,0.0,1.548,1.25,6.6,6.6,0.0,0.0,0.0,0.0,0.5,0.5,6.6,0.5,7.939763283016144,0.5,0.0,0.0,0.0,0.0,6.6,1.048,7.939763283016144,1.4060000000000001,0.0,0.0,0.0,0.0,6.6,10.0,9.424943210144539,10.0,-0.5,0.0,0.0,0.0
3.7306,5.387499999999999,0.0,1.093,1.25,6.6,6.6,0.0,0.0,0.0,0.0,0.5,0.5,6.6,0.5,9.424943210144539,0.5,0.0,0.0,0.0,0.0,6.6,0.593,9.424943210144539,2.065,0.0,0.0,0.0,0.0,6.6,10.0,7.237085302354636,10.0,-0.5,0.0,0.0,0.045454545454545414
3.94889,5.374599999999999,0.0,1.379,1.25,6.6,6.9,0.0,0.0,0.0,0.0,0.5,0.5,6.6,0.5,7.237085302354636,0.5,0.0,0.0,0.0,0.0,6.6,0.8789999999999999,7.237085302354636,1.941,0.0,0.0,0.0,0.0,6.9,10.0,8.95340816835746,10.0,-0.5,0.0,0.0,0.08695652173913038
4.09462,5.363599999999999,0.0,1.3599999999999999,1.25,6.9,7.5,0.0,0.0,0.0,0.0,0.5,0.5,6.9,0.5,8.95340816835746,0.5,0.0,0.0,0.0,0.0,6.9,0.86,8.95340816835746,2.8899999999999997,0.0,0.0,0.0,0.0,7.5,10.0,6.68563999360055,10.0,-0.5,0.0,0.19999999999999996,0.0
0.1,0.125,0.1,1.0,1.25,0.8,0.8,0.1,0.1,0.0,0.05,0.5,0.5,0.8,0.5,0.8,0.5,0.0,0.0,0.0,0.0,0.8,0.5,0.8,0.5,0.0,0.0,0.0,0.0,0.8,10.0,0.8,10.0,-0.5,0.0,0.0,0.0
0.10942,0.1376,0.1,1.124,1.25,0.8,0.8,0.0,0.0,0.0,0.05,0.5,0.5,0.8,0.5,0.8,0.5,0.0,0.0,0.0,0.0,0.8,0.624,0.8,0.542,0.0,0.0,0.0,0.0,0.8,10.0,1.1999062299728394,10.0,-0.5,0.0,0.0,0.375
0.10156,0.14679999999999999,0.1,1.158,1.25,0.8,1.1,0.0,0.0,0.0,0.05,0.5,0.5,0.8,0.5,1.1999062299728394,0.5,0.0,0.0,0.0,0.0,0.8,0.658,1.1999062299728394,0.595,0.0,0.0,0.0,0.0,1.1,10.0,1.0774431593198885,10.0,0.48463962189838516,0.19999999999999996,0.19999999999999996,0.0
0.13208,0.1508,0.10690999999999999,1.205,1.245,1.1,1.1,0.1,0.00691,0.0,0.053000000000000005,0.6,0.6,1.1,0.49800000000000005,1.0774431593198885,0.49800000000000005,0.0,0.0,0.0,0.0,1.1,0.7070000000000001,1.0774431593198885,0.561,0.0,0.0,0.0,0.0,1.1,10.0,1.3557397020991289,10.0,0.2571168988491822,0.0,0.0,0.0
0.14005,0.16065,0.11003,1.279,1.3775,1.1,1.1,0.1,0.00312,0.1,0.05500000000000001,0.6,0.6,1.1,0.5509999999999999,1.3557397020991289,0.5509999999999999,0.0,0.0,0.0,0.0,1.1,0.728,1.3557397020991289,0.609,0.0,0.0,0.0,0.0,1.1,10.0,1.5463840320256714,10.0,-0.5,0.16666666666666674,0.16666666666666674,0.2727272727272727
0.05065,0.1555,0.010029999999999999,1.3739999999999999,1.3225,1.1,1.4,0.0,0.0,0.0,0.005,0.7,0.7,1.1,0.529,1.5463840320256714,0.529,0.0,0.0,0.0,0.0,1.1,0.845,1.5463840320256714,0.619,0.0,0.0,0.0,0.0,1.4,10.0,1.5818450805568272,10.0,-0.5,0.0,0.0,-0.0714285714285714
0.12955,0.1054,0.010029999999999999,0.9259999999999999,0.425,1.4,1.3,0.0,0.0,0.0,0.005,0.7,0.7,1.4,0.16999999999999998,1.5818450805568272,0.16999999999999998,0.0,0.0,0.0,0.0,1.4,0.756,1.5818450805568272,0.619,0.0,0.0,0.0,0.0,1.3,10.0,1.8135601971024482,10.0,-0.5,0.0,0.0,0.0
0.11347,0.12209999999999999,0.010029999999999999,0.873,1.04,1.3,1.3,0.0,0.0,0.00691,0.005,0.7,0.7,1.3,0.41600000000000004,1.8135601971024482,0.41600000000000004,0.0,0.0,0.0,0.0,1.3,0.457,1.8135601971024482,0.529,0.0,0.0,0.0,0.0,1.3,10.0,2.242496495842884,10.0,-0.5,-0.2857142857142857,-0.2857142857142857,0.5
0.11209999999999999,0.11059999999999999,0.00312,0.915,0.8,1.3,1.95,0.0,0.0,0.00312,0.002,0.5,0.5,1.3,0.32,2.242496495842884,0.32,0.0,0.0,0.0,0.0,1.3,0.595,2.242496495842884,0.628,0.0,0.0,0.0,0.0,1.95,10.0,2.1251497653308276,10.0,-0.5,0.0,0.0,0.20512820512820507
0.15836,0.09654999999999997,0.0,0.8280000000000001,0.6875,1.95,2.35,0.0,0.0,0.0,0.0,0.5,0.5,1.95,0.275,2.1251497653308276,0.275,0.0,0.0,0.0,0.0,1.95,0.553,2.1251497653308276,0.741,0.0,0.0,0.0,0.0,2.35,10.0,2.6551410681996943,10.0,-0.5,0.0,0.0,0.0
0.22250999999999999,0.08095,0.0,0.9460000000000001,0.79,2.35,2.35,0.0,0.0,0.0,0.0,0.5,0.5,2.35,0.316,2.6551410681996943,0.316,0.0,0.0,0.0,0.0,2.35,0.63,2.6551410681996943,0.959,0.0,0.0,0.0,0.0,2.35,10.0,3.4809801200381743,10.0,-0.5,0.0,0.0,0.0
0.19104,0.0785,0.0,0.8109999999999999,0.785,2.35,2.35,0.0,0.0,0.0,0.0,0.5,0.5,2.35,0.294,3.4809801200381743,0.382,10.0,0.02,0.0,0.0,2.35,0.517,3.4809801200381743,1.2109999999999999,10.0,0.154,0.0,0.0,2.35,10.0,3.52248899492457,10.0,-0.5,-0.19999999999999996,-0.19999999999999996,0.34042553191489366
0.16046000000000002,0.09155,0.0,0.682,0.8125,2.35,3.15,0.0,0.0,0.0,0.0,0.4,0.4,2.35,0.325,3.52248899492457,0.325,0.0,0.0,0.0,0.0,2.35,0.357,3.52248899492457,0.682,0.0,0.0,0.0,0.0,3.15,10.0,4.816829251732076,10.0,-0.5,0.0,0.0,0.19047619047619047
0.15216,0.09359999999999999,0.0,0.48200000000000004,0.5025,3.15,3.75,0.0,0.0,0.0,0.0,0.4,0.4,3.15,0.20099999999999998,4.816829251732076,0.20099999999999998,0.0,0.0,0.0,0.0,3.15,0.281,4.816829251732076,0.639,0.0,0.0,0.0,0.0,3.75,10.0,2.7094655927831033,10.0,-0.5,0.0,0.0,0.0
0.21722,0.09459999999999999,0.0,0.58,0.59,3.75,3.75,0.0,0.0,0.0,0.0,0.4,0.4,3.75,0.236,2.7094655927831033,0.236,0.0,0.0,0.0,0.0,3.75,0.344,2.7094655927831033,0.818,0.0,0.0,0.0,0.0,3.75,10.0,3.8929763216528146,10.0,-0.5,0.0,0.0,0.0
0.25554,0.09749999999999998,0.0,0.681,0.71,3.75,3.75,0.0,0.0,0.0,0.0,0.4,0.4,3.75,0.284,3.8929763216528146,0.284,0.0,0.0,0.0,0.0,3.75,0.397,3.8929763216528146,0.835,0.0,0.0,0.0,0.0,3.75,10.0,4.941565358521432,10.0,-0.5,0.0,0.0,0.08000000000000007
0.23476,0.10839999999999998,0.0,0.626,0.735,3.75,4.05,0.0,0.0,0.0,0.0,0.4,0.4,3.75,0.294,4.941565358521432,0.294,0.0,0.0,0.0,0.0,3.75,0.33199999999999996,4.941565358521432,0.614,0.0,0.0,0.0,0.0,4.05,10.0,4.754159081838457,10.0,-0.5,0.5,0.5,0.024691358024691468
0.26132,0.11054999999999998,0.0,0.646,0.6675,4.05,4.15,0.0,0.0,0.0,0.0,0.6,0.6,4.05,0.267,4.754159081838457,0.267,0.0,0.0,0.0,0.0,4.05,0.379,4.754159081838457,0.6990000000000001,0.0,0.0,0.0,0.0,4.15,10.0,5.298170789172367,10.0,-0.5,0.0,0.0,0.0
0.27102,0.11439999999999997,0.0,0.654,0.6925,4.15,4.15,0.0,0.0,0.0,0.0,0.6,0.6,4.15,0.277,5.298170789172367,0.277,0.0,0.0,0.0,0.0,4.15,0.377,5.298170789172367,0.693,0.0,0.0,0.0,0.0,4.15,10.0,5.747783099444079,10.0,-0.5,0.0,0.0,0.2168674698795181
0.23181000000000002,0.127,0.0,0.5589999999999999,0.685,4.15,5.050000000000001,0.0,0.0,0.0,0.0,0.6,0.6,4.15,0.274,5.747783099444079,0.274,0.0,0.0,0.0,0.0,4.15,0.28500000000000003,5.747783099444079,0.525,0.0,0.0,0.0,0.0,5.050000000000001,10.0,5.038594310735937,10.0,-0.5,0.0,0.0,-1.1102230246251565e-16
0.29569999999999996,0.12589999999999998,0.0,0.586,0.575,5.050000000000001,5.05,0.0,0.0,0.0,0.0,0.6,0.6,5.050000000000001,0.22999999999999998,5.038594310735937,0.22999999999999998,0.0,0.0,0.0,0.0,5.050000000000001,0.356,5.038594310735937,0.613,0.0,0.0,0.0,0.0,5.05,10.0,5.7055187781524,10.0,-0.5,0.0,0.0,0.07920792079207928
0.3004,0.13514999999999996,0.0,0.595,0.6875,5.05,5.45,0.0,0.0,0.0,0.0,0.6,0.6,5.05,0.275,5.7055187781524,0.275,0.0,0.0,0.0,0.0,5.05,0.32,5.7055187781524,0.546,0.0,0.0,0.0,0.0,5.45,10.0,5.823874673963264,10.0,-0.5,0.0,0.0,0.0183486238532109
0.31606,0.14374999999999996,0.0,0.579,0.665,5.45,5.549999999999999,0.0,0.0,0.0,0.0,0.6,0.6,5.45,0.266,5.823874673963264,0.266,0.0,0.0,0.0,0.0,5.45,0.313,5.823874673963264,0.518,0.0,0.0,0.0,0.0,5.549999999999999,10.0,5.732037803430932,10.0,-0.5,0.0,0.0,2.220446049250313e-16
0.37367,0.14644999999999997,0.0,0.673,0.7,5.549999999999999,5.550000000000001,0.0,0.0,0.0,0.0,0.6,0.6,5.549999999999999,0.27999999999999997,5.732037803430932,0.27999999999999997,0.0,0.0,0.0,0.0,5.549999999999999,0.393,5.732037803430932,0.5589999999999999,0.0,0.0,0.0,0.0,5.550000000000001,10.0,5.830815764225859,10.0,-0.5,0.0,0.0,-1.1102230246251565e-16
0.45049,0.14734999999999995,0.0,0.8109999999999999,0.82,5.550000000000001,5.55,0.0,0.0,0.0,0.0,0.6,0.6,5.550000000000001,0.32799999999999996,5.830815764225859,0.32799999999999996,0.0,0.0,0.0,0.0,5.550000000000001,0.483,5.830815764225859,0.63,0.0,0.0,0.0,0.0,5.55,10.0,5.718277713984208,10.0,-0.5,0.0,0.0,0.0
0.5347799999999999,0.15094999999999995,0.0,0.9640000000000001,1.0,5.55,5.55,0.0,0.0,0.0,0.0,0.6,0.6,5.55,0.4,5.718277713984208,0.4,0.0,0.0,0.0,0.0,5.55,0.564,5.718277713984208,0.663,0.0,0.0,0.0,0.0,5.55,10.0,5.976166371090434,10.0,-0.5,0.0,0.0,0.0
0.6570900000000001,0.14854999999999993,0.0,1.184,1.16,5.55,5.55,0.0,0.0,0.0,0.0,0.6,0.6,5.55,0.46399999999999997,5.976166371090434,0.46399999999999997,0.0,0.0,0.0,0.0,5.55,0.72,5.976166371090434,0.8480000000000001,0.0,0.0,0.0,0.0,5.55,10.0,5.817855491601323,10.0,-0.5,0.0,0.0,0.0
0.8136599999999999,0.1464499999999999,0.0,1.466,1.445,5.55,5.55,0.0,0.0,0.0,0.0,0.6,0.6,5.55,0.5780000000000001,5.817855491601323,0.5780000000000001,0.0,0.0,0.0,0.0,5.55,0.8880000000000001,5.817855491601323,1.0550000000000002,0.0,0.0,0.0,0.0,5.55,10.0,5.858148770107263,10.0,-0.5,0.33333333333333326,0.33333333333333326,0.0
0.81147,0.16175,0.0,1.4629999999999999,1.6175000000000002,5.55,5.55,0.0,0.0,0.0,0.0,0.8,0.8,5.55,0.563,5.858148770107263,0.713,10.0,0.08399999999999999,0.0,0.0,5.55,0.9,5.858148770107263,1.299,10.0,0.23900000000000002,0.0,0.0,5.55,10.0,6.161410410870095,10.0,-0.5,0.0,0.0,0.0
0.70138,0.2086,0.0,1.264,1.7325,5.55,5.55,0.0,0.0,0.0,0.0,0.8,0.8,5.55,0.693,6.161410410870095,0.693,0.0,0.0,0.0,0.0,5.55,0.571,6.161410410870095,0.9480000000000001,0.0,0.0,0.0,0.0,5.55,10.0,5.484732134285445,10.0,-0.5,-0.25,-0.25,0.03603603603603611
0.8301799999999999,0.2161,0.0,1.425,1.5,5.55,5.750000000000001,0.0,0.0,0.0,0.0,0.6,0.6,5.55,0.6,5.484732134285445,0.6,0.0,0.0,0.0,0.0,5.55,0.825,5.484732134285445,1.216,0.0,0.0,0.0,0.0,5.750000000000001,10.0,6.208678849888914,10.0,-0.5,0.0,0.0,-1.1102230246251565e-16
1.0021900000000001,0.2114,0.0,1.5470000000000002,1.5,5.750000000000001,5.75,0.0,0.0,0.0,0.0,0.6,0.6,5.750000000000001,0.6,6.208678849888914,0.6,0.0,0.0,0.0,0.0,5.750000000000001,0.9470000000000001,6.208678849888914,1.282,0.0,0.0,0.0,0.0,5.75,10.0,6.273736562323455,10.0,-0.5,0.0,0.0,0.0
1.24217,0.1942,0.0,1.672,1.5,5.75,5.75,0.0,0.0,0.0,0.0,0.6,0.6,5.75,0.6,6.273736562323455,0.6,0.0,0.0,0.0,0.0,5.75,1.072,6.273736562323455,1.302,0.0,0.0,0.0,0.0,5.75,10.0,6.696687751611949,10.0,-0.5,0.0,0.0,0.0
1.3906500000000002,0.1885,0.0,1.557,1.5,5.75,5.75,0.0,0.0,0.0,0.0,0.6,0.6,5.75,0.6,6.696687751611949,0.6,0.0,0.0,0.0,0.0,5.75,0.9570000000000001,6.696687751611949,1.1960000000000002,0.0,0.0,0.0,0.0,5.75,10.0,7.003457622967076,10.0,-0.5,0.0,0.0,0.20869565217391295
1.5799400000000001,0.1725,0.0,1.6600000000000001,1.5,5.75,6.95,0.0,0.0,0.0,0.0,0.6,0.6,5.75,0.6,7.003457622967076,0.6,0.0,0.0,0.0,0.0,5.75,1.06,7.003457622967076,1.16,0.0,0.0,0.0,0.0,6.95,10.0,6.922005313268559,10.0,-0.5,0.0,0.0,0.0
1.68726,0.1873,0.0,1.3519999999999999,1.5,6.95,6.95,0.0,0.0,0.0,0.0,0.6,0.6,6.95,0.6,6.922005313268559,0.6,0.0,0.0,0.0,0.0,6.95,0.752,6.922005313268559,1.1099999999999999,0.0,0.0,0.0,0.0,6.95,10.0,7.610216531852792,10.0,-0.5,0.33333333333333326,0.33333333333333326,0.02877697841726623
1.62818,0.22820000000000001,0.0,1.591,2.0,6.95,7.15,0.0,0.0,0.0,0.0,0.8,0.8,6.95,0.8,7.610216531852792,0.8,0.0,0.0,0.0,0.0,6.95,0.791,7.610216531852792,0.954,0.0,0.0,0.0,0.0,7.15,10.0,7.063106468186822,10.0,-0.5,-0.125,-0.125,0.0
1.88094,0.22870000000000001,0.0,1.7449999999999999,1.75,7.15,7.15,0.0,0.0,0.0,0.0,0.7,0.7,7.15,0.7,7.063106468186822,0.7,0.0,0.0,0.0,0.0,7.15,1.045,7.063106468186822,1.191,0.0,0.0,0.0,0.0,7.15,10.0,7.907449622945629,10.0,-0.5,0.0,0.0,0.0
1.80432,0.267,0.0,1.367,1.75,7.15,7.15,0.0,0.0,0.0,0.0,0.7,0.7,7.15,0.7,7.907449622945629,0.7,0.0,0.0,0.0,0.0,7.15,0.667,7.907449622945629,1.224,0.0,0.0,0.0,0.0,7.15,10.0,7.137794248236974,10.0,-0.5,0.0,0.0,0.0
1.96319,0.27990000000000004,0.0,1.621,1.75,7.15,7.15,0.0,0.0,0.0,0.0,0.7,0.7,7.15,0.7,7.137794248236974,0.7,0.0,0.0,0.0,0.0,7.15,0.921,7.137794248236974,1.0710000000000002,0.0,0.0,0.0,0.0,7.15,10.0,7.438710602532389,10.0,-0.5,0.0,0.0,0.0
1.96658,0.31160000000000004,0.0,1.433,1.75,7.15,7.15,0.0,0.0,0.0,0.0,0.7,0.7,7.15,0.7,7.438710602532389,0.7,0.0,0.0,0.0,0.0,7.15,0.733,7.438710602532389,1.291,0.0,0.0,0.0,0.0,7.15,10.0,7.777186670516822,10.0,-0.5,0.0,0.0,0.0
2.11573,0.31960000000000005,0.0,1.67,1.75,7.15,7.15,0.0,0.0,0.0,0.0,0.7,0.7,7.15,0.7,7.777186670516822,0.7,0.0,0.0,0.0,0.0,7.15,0.97,7.777186670516822,1.082,0.0,0.0,0.0,0.0,7.15,10.0,6.779540414233333,10.0,-0.5,0.0,0.0,0.0
2.23461,0.3416,0.0,1.53,1.75,7.15,7.15,0.0,0.0,0.0,0.0,0.7,0.7,7.15,0.7,6.779540414233333,0.7,0.0,0.0,0.0,0.0,7.15,0.8300000000000001,6.779540414233333,1.322,0.0,0.0,0.0,0.0,7.15,10.0,8.366979449359182,10.0,-0.5,0.2857142857142858,0.2857142857142858,0.19580419580419584
2.12222,0.387,0.0,1.796,2.25,7.15,8.55,0.0,0.0,0.0,0.0,0.9,0.9,7.15,0.9,8.366979449359182,0.9,0.0,0.0,0.0,0.0,7.15,0.8960000000000001,8.366979449359182,1.093,0.0,0.0,0.0,0.0,8.55,10.0,6.439873123198625,10.0,-0.5,0.0,0.0,0.0
2.43525,0.4176,0.0,1.9439999999999997,2.25,8.55,8.55,0.0,0.0,0.0,0.0,0.9,0.9,8.55,0.9,6.439873123198625,0.9,0.0,0.0,0.0,0.0,8.55,1.044,6.439873123198625,1.4289999999999998,0.0,0.0,0.0,0.0,8.55,10.0,8.532170828054367,10.0,-0.5,0.0,0.0,-0.04678362573099415
2.59417,0.44420000000000004,0.0,1.984,2.25,8.55,8.15,0.0,0.0,0.0,0.0,0.9,0.9,8.55,0.9,8.532170828054367,0.9,0.0,0.0,0.0,0.0,8.55,1.084,8.532170828054367,1.614,0.0,0.0,0.0,0.0,8.15,10.0,6.696797219492366,10.0,-0.5,0.0,0.0,-0.024539877300613466
3.1838,0.4329,0.0,2.3630000000000004,2.25,8.15,7.95,0.0,0.0,0.0,0.0,0.9,0.9,8.15,0.9,6.696797219492366,0.9,0.0,0.0,0.0,0.0,8.15,1.463,6.696797219492366,1.529,0.0,0.0,0.0,0.0,7.95,10.0,8.555880752268116,10.0,-0.5,0.0,0.0,0.05031446540880502
3.12211,0.47879999999999995,0.0,1.791,2.25,7.95,8.35,0.0,0.0,0.0,0.0,0.9,0.9,7.95,0.9,8.555880752268116,0.9,0.0,0.0,0.0,0.0,7.95,0.891,8.555880752268116,1.546,0.0,0.0,0.0,0.0,8.35,10.0,7.871143146729972,10.0,-0.5,0.0,0.0,0.0
3.4274,0.49239999999999995,0.0,2.114,2.25,8.35,8.35,0.0,0.0,0.0,0.0,0.9,0.9,8.35,0.9,7.871143146729972,0.9,0.0,0.0,0.0,0.0,8.35,1.214,7.871143146729972,1.44,0.0,0.0,0.0,0.0,8.35,10.0,7.61276659337008,10.0,-0.5,0.0,0.0,0.0
3.56055,0.5294,0.0,1.8800000000000001,2.25,8.35,8.35,0.0,0.0,0.0,0.0,0.9,0.9,8.35,0.9,7.61276659337008,0.9,0.0,0.0,0.0,0.0,8.35,0.9800000000000001,7.61276659337008,1.537,0.0,0.0,0.0,0.0,8.35,10.0,8.59418509322142,10.0,-0.5,0.33333333333333326,0.33333333333333326,0.0
3.55881,0.5861,0.0,2.433,3.0,8.35,8.35,0.0,0.0,0.0,0.0,1.2,1.2,8.35,1.2,8.59418509322142,1.2,0.0,0.0,0.0,0.0,8.35,1.233,8.59418509322142,1.5550000000000002,0.0,0.0,0.0,0.0,8.35,10.0,6.534932134490939,10.0,-0.5,0.0,0.0,0.0
4.12732,0.6041,0.0,2.82,3.0,8.35,8.35,0.0,0.0,0.0,0.0,1.2,1.2,8.35,1.2,6.534932134490939,1.2,0.0,0.0,0.0,0.0,8.35,1.6199999999999999,6.534932134490939,1.8190000000000002,0.0,0.0,0.0,0.0,8.35,10.0,8.67135397822511,10.0,-0.5,0.41666666666666674,0.41666666666666674,0.0
3.76875,0.7254999999999999,0.0,3.036,4.25,8.35,8.35,0.0,0.0,0.0,0.0,1.7,1.7,8.35,1.7,8.67135397822511,1.7,0.0,0.0,0.0,0.0,8.35,1.3359999999999999,8.67135397822511,1.8489999999999998,0.0,0.0,0.0,0.0,8.35,10.0,7.7132637502875685,10.0,-0.5,0.0,0.0,0.0
3.7325399999999997,0.8278,0.0,3.2269999999999994,4.25,8.35,8.35,0.0,0.0,0.0,0.0,1.7,1.7,8.35,1.7,7.7132637502875685,1.7,0.0,0.0,0.0,0.0,8.35,1.527,7.7132637502875685,1.952,0.0,0.0,0.0,0.0,8.35,10.0,8.156537614482119,10.0,-0.5,0.0,0.0,0.0
3.9933899999999998,0.8855,0.0,3.6730000000000005,4.25,8.35,8.35,0.0,0.0,0.0,0.0,1.7,1.7,8.35,1.7,8.156537614482119,1.7,0.0,0.0,0.0,0.0,8.35,1.973,8.156537614482119,2.2510000000000003,0.0,0.0,0.0,0.0,8.35,10.0,7.8072226303838095,10.0,-0.5,0.0,0.0,0.0
4.28606,0.9465,0.0,3.6399999999999997,4.25,8.35,8.35,0.0,0.0,0.0,0.0,1.7,1.7,8.35,1.7,7.8072226303838095,1.7,0.0,0.0,0.0,0.0,8.35,1.94,7.8072226303838095,1.9440000000000002,0.0,0.0,0.0,0.0,8.35,10.0,8.651542621323872,10.0,-0.5,0.0,0.0,0.0
4.2206,1.0332000000000001,0.0,3.383,4.25,8.35,8.35,0.0,0.0,0.0,0.0,1.7,1.7,8.35,1.7,8.651542621323872,1.7,0.0,0.0,0.0,0.0,8.35,1.6829999999999998,8.651542621323872,2.102,0.0,0.0,0.0,0.0,8.35,10.0,7.747963424681518,10.0,-0.5,0.0,0.0,0.0
4.53755,1.0925,0.0,3.657,4.25,8.35,8.35,0.0,0.0,0.0,0.0,1.7,1.7,8.35,1.7,7.747963424681518,1.7,0.0,0.0,0.0,0.0,8.35,1.957,7.747963424681518,2.5420000000000003,0.0,0.0,0.0,0.0,8.35,10.0,8.551108730200905,10.0,-0.5,0.0,0.0,0.0
4.8407,1.1371,0.0,3.804,4.25,8.35,8.35,0.0,0.0,0.0,0.0,1.7,1.7,8.35,1.7,8.551108730200905,1.7,0.0,0.0,0.0,0.0,8.35,2.104,8.551108730200905,2.3289999999999997,0.0,0.0,0.0,0.0,8.35,10.0,7.270395103416924,10.0,-0.5,0.0,0.0,0.0
5.06681,1.217,0.0,3.4510000000000005,4.25,8.35,8.35,0.0,0.0,0.0,0.0,1.7,1.7,8.35,1.7,7.270395103416924,1.7,0.0,0.0,0.0,0.0,8.35,1.7510000000000001,7.270395103416924,1.581,0.0,0.0,0.0,0.0,8.35,10.0,8.95453377323317,10.0,-0.5,0.0,0.0,0.0
4.94233,1.3046,0.0,3.3739999999999997,4.25,8.35,8.35,0.0,0.0,0.0,0.0,1.7,1.7,8.35,1.7,8.95453377323317,1.7,0.0,0.0,0.0,0.0,8.35,1.674,8.95453377323317,1.9609999999999999,0.0,0.0,0.0,0.0,8.35,10.0,7.387771933130926,10.0,-0.5,0.0,0.0,0.0
5.34639,1.3608000000000002,0.0,3.6879999999999997,4.25,8.35,8.35,0.0,0.0,0.0,0.0,1.7,1.7,8.35,1.7,7.387771933130926,1.7,0.0,0.0,0.0,0.0,8.35,1.988,7.387771933130926,2.025,0.0,0.0,0.0,0.0,8.35,10.0,9.103423146942635,10.0,-0.5,0.0,0.0,0.08383233532934131
4.822520000000001,1.4931999999999999,0.0,2.9259999999999997,4.25,8.35,9.05,0.0,0.0,0.0,0.0,1.7,1.7,8.35,1.7,9.103423146942635,1.7,0.0,0.0,0.0,0.0,8.35,1.226,9.103423146942635,2.452,0.0,0.0,0.0,0.0,9.05,10.0,7.132503556395139,10.0,-0.5,0.0,0.0,0.0
5.20279,1.5722,0.0,3.46,4.25,9.05,9.05,0.0,0.0,0.0,0.0,1.7,1.7,9.05,1.7,7.132503556395139,1.7,0.0,0.0,0.0,0.0,9.05,1.7600000000000002,7.132503556395139,1.78,0.0,0.0,0.0,0.0,9.05,10.0,8.414348376331244,10.0,-0.5,0.0,0.0,0.0
5.4556499999999994,1.6412,0.0,3.56,4.25,9.05,9.05,0.0,0.0,0.0,0.0,1.7,1.7,9.05,1.7,8.414348376331244,1.7,0.0,0.0,0.0,0.0,9.05,1.86,8.414348376331244,1.9829999999999999,0.0,0.0,0.0,0.0,9.05,10.0,7.878832364047843,10.0,-0.5,0.0,0.0,0.0
5.93168,1.6956,0.0,3.7060000000000004,4.25,9.05,9.05,0.0,0.0,0.0,0.0,1.7,1.7,9.05,1.7,7.878832364047843,1.7,0.0,0.0,0.0,0.0,9.05,2.006,7.878832364047843,2.051,0.0,0.0,0.0,0.0,9.05,10.0,8.8219753222753,10.0,-0.5,0.0,0.0,0.0
5.4736,1.8355000000000001,0.0,2.851,4.25,9.05,9.05,0.0,0.0,0.0,0.0,1.7,1.7,9.05,1.7,8.8219753222753,1.7,0.0,0.0,0.0,0.0,9.05,1.151,8.8219753222753,2.119,0.0,0.0,0.0,0.0,9.05,10.0,7.137182981393093,10.0,-0.5,0.0,0.0,0.0
5.78792,1.9217000000000002,0.0,3.3879999999999995,4.25,9.05,9.05,0.0,0.0,0.0,0.0,1.7,1.7,9.05,1.7,7.137182981393093,1.7,0.0,0.0,0.0,0.0,9.05,1.688,7.137182981393093,1.72,0.0,0.0,0.0,0.0,9.05,10.0,8.680681772940698,10.0,-0.5,0.0,0.0,0.0
5.34662,2.0624000000000002,0.0,2.843,4.25,9.05,9.05,0.0,0.0,0.0,0.0,1.7,1.7,9.05,1.7,8.680681772940698,1.7,0.0,0.0,0.0,0.0,9.05,1.143,8.680681772940698,2.109,0.0,0.0,0.0,0.0,9.05,10.0,7.512807108846228,10.0,-0.5,0.0,0.0,0.0
5.59798,2.1485000000000003,0.0,3.3890000000000002,4.25,9.05,9.05,0.0,0.0,0.0,0.0,1.7,1.7,9.05,1.7,7.512807108846228,1.7,0.0,0.0,0.0,0.0,9.05,1.689,7.512807108846228,1.5050000000000001,0.0,0.0,0.0,0.0,9.05,10.0,8.20633552110132,10.0,-0.5,-0.05882352941176472,-0.05882352941176472,0.0
5.464180000000001,2.2582000000000004,0.0,2.903,4.0,9.05,9.05,0.0,0.0,0.0,0.0,1.6,1.6,9.05,1.6,8.20633552110132,1.6,0.0,0.0,0.0,0.0,9.05,1.303,8.20633552110132,2.182,0.0,0.0,0.0,0.0,9.05,10.0,8.187137695240583,10.0,-0.5,0.0,0.0,0.0
5.64296,2.3337000000000003,0.0,3.245,4.0,9.05,9.05,0.0,0.0,0.0,0.0,1.6,1.6,9.05,1.6,8.187137695240583,1.6,0.0,0.0,0.0,0.0,9.05,1.645,8.187137695240583,1.943,0.0,0.0,0.0,0.0,9.05,10.0,7.322756638136353,10.0,-0.5,0.0,0.0,0.0
6.308470000000001,2.3707000000000003,0.0,3.63,4.0,9.05,9.05,0.0,0.0,0.0,0.0,1.6,1.6,9.05,1.6,7.322756638136353,1.6,0.0,0.0,0.0,0.0,9.05,2.0300000000000002,7.322756638136353,2.408,0.0,0.0,0.0,0.0,9.05,10.0,9.042032386801159,10.0,-0.5,0.0,0.0,0.0
6.49888,2.4298,0.0,3.4090000000000003,4.0,9.05,9.05,0.0,0.0,0.0,0.0,1.6,1.6,9.05,1.6,9.042032386801159,1.6,0.0,0.0,0.0,0.0,9.05,1.809,9.042032386801159,1.528,0.0,0.0,0.0,0.0,9.05,10.0,6.857568652032723,10.0,-0.5,0.0,0.0,0.0
6.857810000000001,2.5089,0.0,3.2090000000000005,4.0,9.05,9.05,0.0,0.0,0.0,0.0,1.6,1.6,9.05,1.6,6.857568652032723,1.6,0.0,0.0,0.0,0.0,9.05,1.609,6.857568652032723,2.127,0.0,0.0,0.0,0.0,9.05,10.0,9.626748549104338,10.0,-0.5,0.0,0.0,0.0
6.15918,2.6559000000000004,0.0,2.5300000000000002,4.0,9.05,9.05,0.0,0.0,0.0,0.0,1.6,1.6,9.05,1.6,9.626748549104338,1.6,0.0,0.0,0.0,0.0,9.05,0.93,9.626748549104338,3.161,0.0,0.0,0.0,0.0,9.05,10.0,5.17856659373418,10.0,-0.5,0.0,0.0,0.0
6.55689,2.7604,0.0,2.955,4.0,9.05,9.05,0.0,0.0,0.0,0.0,1.6,1.6,9.05,1.6,5.17856659373418,1.6,0.0,0.0,0.0,0.0,9.05,1.355,5.17856659373418,1.739,0.0,0.0,0.0,0.0,9.05,10.0,7.755948940313212,10.0,-0.5,0.0,0.0,0.0
6.8653,2.8292,0.0,3.3120000000000003,4.0,9.05,9.05,0.0,0.0,0.0,0.0,1.6,1.6,9.05,1.6,7.755948940313212,1.6,0.0,0.0,0.0,0.0,9.05,1.7120000000000002,7.755948940313212,1.7579999999999998,0.0,0.0,0.0,0.0,9.05,10.0,8.879244900722222,10.0,-0.5,0.0,0.0,-0.02209944751381221
7.36503,2.8570000000000007,0.0,3.722,4.0,9.05,8.85,0.0,0.0,0.0,0.0,1.6,1.6,9.05,1.6,8.879244900722222,1.6,0.0,0.0,0.0,0.0,9.05,2.122,8.879244900722222,2.007,0.0,0.0,0.0,0.0,8.85,10.0,7.178372337605988,10.0,-0.5,0.0,0.0,-0.011299435028248594
8.282969999999999,2.8635,0.0,3.935,4.0,8.85,8.75,0.0,0.0,0.0,0.0,1.6,1.6,8.85,1.6,7.178372337605988,1.6,0.0,0.0,0.0,0.0,8.85,2.335,7.178372337605988,1.9489999999999998,0.0,0.0,0.0,0.0,8.75,10.0,9.339496258813476,10.0,-0.5,0.0,0.0,-0.011428571428571455
7.81065,2.9867000000000004,0.0,2.768,4.0,8.75,8.65,0.0,0.0,0.0,0.0,1.6,1.6,8.75,1.6,9.339496258813476,1.6,0.0,0.0,0.0,0.0,8.75,1.168,9.339496258813476,2.915,0.0,0.0,0.0,0.0,8.65,10.0,5.146811160744401,10.0,-0.5,0.0,0.0,0.0
8.41441,3.0617,0.0,3.25,4.0,8.65,8.65,0.0,0.0,0.0,0.0,1.6,1.6,8.65,1.6,5.146811160744401,1.6,0.0,0.0,0.0,0.0,8.65,1.65,5.146811160744401,1.6280000000000001,0.0,0.0,0.0,0.0,8.65,10.0,7.712874569154598,10.0,-0.5,0.0,0.0,0.0
8.75379,3.1198,0.0,3.4189999999999996,4.0,8.65,8.65,0.0,0.0,0.0,0.0,1.6,1.6,8.65,1.6,7.712874569154598,1.6,0.0,0.0,0.0,0.0,8.65,1.8190000000000002,7.712874569154598,1.33,0.0,0.0,0.0,0.0,8.65,10.0,9.1998346129653,10.0,-0.5,0.0,0.0,0.0
8.663219999999999,3.2001,0.0,3.197,4.0,8.65,8.65,0.0,0.0,0.0,0.0,1.6,1.6,8.65,1.6,9.1998346129653,1.6,0.0,0.0,0.0,0.0,8.65,1.597,9.1998346129653,1.941,0.0,0.0,0.0,0.0,8.65,10.0,7.112298541150736,10.0,-0.5,0.0,0.0,-0.12716763005780352
8.70425,3.3038,0.0,2.963,4.0,8.65,7.55,0.0,0.0,0.0,0.0,1.6,1.6,8.65,1.6,7.112298541150736,1.6,0.0,0.0,0.0,0.0,8.65,1.363,7.112298541150736,1.798,0.0,0.0,0.0,0.0,7.55,10.0,9.179656906593227,10.0,-0.5,0.0,0.0,0.1589403973509933
8.547690000000001,3.37,0.0,3.3379999999999996,4.0,7.55,8.75,0.0,0.0,0.0,0.0,1.6,1.6,7.55,1.6,9.179656906593227,1.6,0.0,0.0,0.0,0.0,7.55,1.738,9.179656906593227,2.6550000000000002,0.0,0.0,0.0,0.0,8.75,10.0,7.5369377716475,10.0,-0.5,0.0,0.0,0.0
9.18366,3.3994999999999997,0.0,3.7049999999999996,4.0,8.75,8.75,0.0,0.0,0.0,0.0,1.6,1.6,8.75,1.6,7.5369377716475,1.6,0.0,0.0,0.0,0.0,8.75,2.105,7.5369377716475,1.516,0.0,0.0,0.0,0.0,8.75,10.0,8.538572539853416,10.0,-0.5,0.0,0.0,0.0
9.44411,3.4536000000000002,0.0,3.4590000000000005,4.0,8.75,8.75,0.0,0.0,0.0,0.0,1.6,1.6,8.75,1.6,8.538572539853416,1.6,0.0,0.0,0.0,0.0,8.75,1.859,8.538572539853416,1.598,0.0,0.0,0.0,0.0,8.75,10.0,7.8960343977896015,10.0,-0.5,0.0,0.0,-0.02285714285714291
9.002360000000001,3.5997000000000003,0.0,2.539,4.0,8.75,8.55,0.0,0.0,0.0,0.0,1.6,1.6,8.75,1.6,7.8960343977896015,1.6,0.0,0.0,0.0,0.0,8.75,0.9390000000000001,7.8960343977896015,2.394,0.0,0.0,0.0,0.0,8.55,10.0,9.313111827098469,10.0,-0.5,0.0,0.0,0.023391812865497075
8.69216,3.7017,0.0,2.98,4.0,8.55,8.75,0.0,0.0,0.0,0.0,1.6,1.6,8.55,1.6,9.313111827098469,1.6,0.0,0.0,0.0,0.0,8.55,1.3800000000000001,9.313111827098469,2.137,0.0,0.0,0.0,0.0,8.75,10.0,5.382333966303988,10.0,-0.5,0.0,0.0,-0.27428571428571424
9.60899,3.7385,0.0,3.632,4.0,8.75,6.3500000000000005,0.0,0.0,0.0,0.0,1.6,1.6,8.75,1.6,5.382333966303988,1.6,0.0,0.0,0.0,0.0,8.75,2.032,5.382333966303988,1.4220000000000002,0.0,0.0,0.0,0.0,6.3500000000000005,10.0,8.063348529608872,10.0,-0.5,0.0,0.0,-1.1102230246251565e-16
9.32533,3.82,0.0,3.185,4.0,6.3500000000000005,6.35,0.0,0.0,0.0,0.0,1.6,1.6,6.3500000000000005,1.6,8.063348529608872,1.6,0.0,0.0,0.0,0.0,6.3500000000000005,1.585,8.063348529608872,2.122,0.0,0.0,0.0,0.0,6.35,10.0,10.128816166017838,10.0,-0.5,0.1875,0.1875,0.0
8.52197,3.9323,0.0,3.627,4.75,6.35,6.35,0.0,0.0,0.0,0.0,1.9,1.9,6.35,1.9,0.0,0.0,0.0,0.0,10.0,1.9,6.35,1.7269999999999999,0.0,0.0,0.0,0.0,10.0,1.1560000000000001,6.35,10.0,5.602947835716205,10.0,-0.5,0.0,0.0,-0.13385826771653542
8.00605,4.1309000000000005,0.0,2.7640000000000002,4.75,6.35,5.5,0.0,0.0,0.0,0.0,1.9,1.9,6.35,1.9,5.602947835716205,1.9,0.0,0.0,0.0,0.0,6.35,0.8640000000000001,5.602947835716205,0.6980000000000001,0.0,0.0,0.0,0.0,5.5,10.0,4.289682212786389,10.0,-0.5,0.0,0.0,0.0
7.581510000000001,4.3449,0.0,2.6100000000000003,4.75,5.5,5.5,0.0,0.0,0.0,0.0,1.9,1.9,5.5,1.9,4.289682212786389,1.9,0.0,0.0,0.0,0.0,5.5,0.71,4.289682212786389,1.0470000000000002,0.0,0.0,0.0,0.0,5.5,10.0,6.4334179929916235,10.0,-0.5,0.0,0.0,0.0
6.91741,4.5284,0.0,2.915,4.75,5.5,5.5,0.0,0.0,0.0,0.0,1.9,1.9,5.5,1.9,6.4334179929916235,1.9,0.0,0.0,0.0,0.0,5.5,1.0150000000000001,6.4334179929916235,1.534,0.0,0.0,0.0,0.0,5.5,10.0,9.416582964985478,10.0,-0.5,-0.3157894736842105,-0.3157894736842105,0.4998181818181817
6.4583,4.5843,0.0,2.691,3.25,5.5,8.248999999999999,0.0,0.0,0.0,0.0,1.3,1.3,5.5,1.3,9.416582964985478,1.3,0.0,0.0,0.0,0.0,5.5,1.391,9.416582964985478,1.893,0.0,0.0,0.0,0.0,8.248999999999999,10.0,8.248356514133594,10.0,-0.5,0.0,0.0,2.220446049250313e-16
6.808140000000001,4.6068999999999996,0.0,3.024,3.25,8.248999999999999,8.249,0.0,0.0,0.0,0.0,1.3,1.3,8.248999999999999,1.3,8.248356514133594,1.3,0.0,0.0,0.0,0.0,8.248999999999999,1.7239999999999998,8.248356514133594,2.3899999999999997,0.0,0.0,0.0,0.0,8.249,10.0,8.86653483981226,10.0,-0.5,0.0,0.0,-2.220446049250313e-16
0.1,0.125,0.1,1.0,1.25,0.8,0.8,0.1,0.1,0.0,0.05,0.5,0.5,0.8,0.5,0.8,0.5,0.0,0.0,0.0,0.0,0.8,0.5,0.8,0.5,0.0,0.0,0.0,0.0,0.8,10.0,0.8,10.0,-0.5,0.0,0.0,0.0
0.10942,0.1376,0.1,1.124,1.25,0.8,0.8,0.0,0.0,0.0,0.05,0.5,0.5,0.8,0.5,0.8,0.5,0.0,0.0,0.0,0.0,0.8,0.624,0.8,0.542,0.0,0.0,0.0,0.0,0.8,10.0,1.1999062299728394,10.0,-0.5,0.0,0.0,0.0
0.10156,0.14679999999999999,0.1,1.158,1.25,0.8,0.8,0.0,0.0,0.0,0.05,0.5,0.5,0.8,0.5,1.1999062299728394,0.5,0.0,0.0,0.0,0.0,0.8,0.658,1.1999062299728394,0.595,0.0,0.0,0.0,0.0,0.8,10.0,1.0774431593198885,10.0,-0.5,0.0,0.0,0.25
0.10903,0.1445,0.1,1.2730000000000001,1.25,0.8,1.0,0.0,0.0,0.0,0.05,0.5,0.5,0.8,0.5,1.0774431593198885,0.5,0.0,0.0,0.0,0.0,0.8,0.773,1.0774431593198885,0.657,0.0,0.0,0.0,0.0,1.0,10.0,1.0757208525627426,10.0,-0.5,0.0,0.0,0.0
0.12544,0.1488,0.1,1.207,1.25,1.0,1.0,0.0,0.0,0.1,0.05,0.5,0.5,1.0,0.5,1.0757208525627426,0.5,0.0,0.0,0.0,0.0,1.0,0.7070000000000001,1.0757208525627426,0.581,0.0,0.0,0.0,0.0,1.0,10.0,1.194309510863556,10.0,-0.5,0.0,0.0,0.0
0.03622,0.1528,0.0,1.21,1.25,1.0,1.0,0.0,0.0,0.0,0.0,0.5,0.5,1.0,0.5,1.194309510863556,0.5,0.0,0.0,0.0,0.0,1.0,0.71,1.194309510863556,0.5599999999999999,0.0,0.0,0.0,0.0,1.0,10.0,1.396420728753312,10.0,-0.5,0.0,0.0,0.0
0.09043000000000001,0.10014999999999999,0.0,0.9040000000000001,0.3775,1.0,1.0,0.0,0.0,0.0,0.0,0.5,0.5,1.0,0.151,1.396420728753312,0.151,0.0,0.0,0.0,0.0,1.0,0.753,1.396420728753312,0.6,0.0,0.0,0.0,0.0,1.0,10.0,1.4802360333832818,10.0,-0.5,0.0,0.0,0.0
0.081,0.11029999999999998,0.0,0.8109999999999999,0.9125,1.0,1.0,0.0,0.0,0.0,0.0,0.5,0.5,1.0,0.365,1.4802360333832818,0.365,0.0,0.0,0.0,0.0,1.0,0.446,1.4802360333832818,0.397,0.0,0.0,0.0,0.0,1.0,10.0,1.740826326250873,10.0,-0.5,0.0,0.0,0.0
0.08217,0.10199999999999998,0.0,0.8230000000000001,0.74,1.0,1.0,0.0,0.0,0.0,0.0,0.5,0.5,1.0,0.296,1.740826326250873,0.296,0.0,0.0,0.0,0.0,1.0,0.5269999999999999,1.740826326250873,0.45499999999999996,0.0,0.0,0.0,0.0,1.0,10.0,1.8640378010704342,10.0,-0.5,0.0,0.0,0.0
0.07687000000000001,0.09684999999999999,0.0,0.769,0.7175,1.0,1.0,0.0,0.0,0.0,0.0,0.5,0.5,1.0,0.28700000000000003,1.8640378010704342,0.28700000000000003,0.0,0.0,0.0,0.0,1.0,0.48200000000000004,1.8640378010704342,0.44800000000000006,0.0,0.0,0.0,0.0,1.0,10.0,1.8517045811973183,10.0,-0.5,0.0,0.0,0.10000000000000009
0.07287,0.09134999999999999,0.0,0.73,0.675,1.0,1.1,0.0,0.0,0.0,0.0,0.5,0.5,1.0,0.27,1.8517045811973183,0.27,0.0,0.0,0.0,0.0,1.0,0.45999999999999996,1.8517045811973183,0.434,0.0,0.0,0.0,0.0,1.1,10.0,1.857421463633743,10.0,-0.5,0.0,0.0,0.0
0.07448,0.08524999999999999,0.0,0.6759999999999999,0.615,1.1,1.1,0.0,0.0,0.0,0.0,0.5,0.5,1.1,0.246,1.857421463633743,0.246,0.0,0.0,0.0,0.0,1.1,0.43,1.857421463633743,0.442,0.0,0.0,0.0,0.0,1.1,10.0,1.9886457093230188,10.0,-0.5,0.0,0.0,0.0
0.07176,0.08029999999999998,0.0,0.652,0.6025,1.1,1.1,0.0,0.0,0.0,0.0,0.5,0.5,1.1,0.24100000000000002,1.9886457093230188,0.24100000000000002,0.0,0.0,0.0,0.0,1.1,0.41100000000000003,1.9886457093230188,0.46399999999999997,0.0,0.0,0.0,0.0,1.1,10.0,2.07072908012941,10.0,-0.5,0.0,0.0,0.5
0.0683,0.07479999999999996,0.0,0.6199999999999999,0.565,1.1,1.65,0.0,0.0,0.0,0.0,0.5,0.5,1.1,0.22599999999999998,2.07072908012941,0.22599999999999998,0.0,0.0,0.0,0.0,1.1,0.394,2.07072908012941,0.492,0.0,0.0,0.0,0.0,1.65,10.0,2.0589297146732983,10.0,-0.5,0.0,0.0,0.24242424242424243
0.09262000000000001,0.06469999999999997,0.0,0.561,0.4600000000000001,1.65,2.05,0.0,0.0,0.0,0.0,0.5,0.5,1.65,0.184,2.0589297146732983,0.184,0.0,0.0,0.0,0.0,1.65,0.377,2.0589297146732983,0.609,0.0,0.0,0.0,0.0,2.05,10.0,2.6070300710413052,10.0,-0.5,-0.19999999999999996,-0.19999999999999996,0.0
0.10962000000000001,0.06094999999999997,0.0,0.5349999999999999,0.49749999999999994,2.05,2.05,0.0,0.0,0.0,0.0,0.4,0.4,2.05,0.199,2.6070300710413052,0.199,0.0,0.0,0.0,0.0,2.05,0.33599999999999997,2.6070300710413052,0.742,0.0,0.0,0.0,0.0,2.05,10.0,3.2216824858291773,10.0,-0.5,0.0,0.0,0.3902439024390243
0.10615999999999999,0.06114999999999997,0.0,0.518,0.52,2.05,2.8499999999999996,0.0,0.0,0.0,0.0,0.4,0.4,2.05,0.20800000000000002,3.2216824858291773,0.20800000000000002,0.0,0.0,0.0,0.0,2.05,0.31,3.2216824858291773,0.837,0.0,0.0,0.0,0.0,2.8499999999999996,10.0,3.191111149112658,10.0,-0.5,0.0,0.0,2.220446049250313e-16
0.12695,0.06054999999999997,0.0,0.446,0.44000000000000006,2.8499999999999996,2.8500000000000005,0.0,0.0,0.0,0.0,0.4,0.4,2.8499999999999996,0.176,3.191111149112658,0.176,0.0,0.0,0.0,0.0,2.8499999999999996,0.27,3.191111149112658,0.851,0.0,0.0,0.0,0.0,2.8500000000000005,10.0,3.8532526240657416,10.0,-0.5,0.0,0.0,-2.220446049250313e-16
0.1419,0.05809999999999997,0.0,0.497,0.4725,2.8500000000000005,2.8499999999999996,0.0,0.0,0.0,0.0,0.4,0.4,2.8500000000000005,0.189,3.8532526240657416,0.189,0.0,0.0,0.0,0.0,2.8500000000000005,0.308,3.8532526240657416,0.905,0.0,0.0,0.0,0.0,2.8499999999999996,10.0,2.376846568727767,10.0,-0.5,0.0,0.0,2.220446049250313e-16
0.16755,0.06574999999999999,0.0,0.579,0.6575,2.8499999999999996,2.8500000000000005,0.0,0.0,0.0,0.0,0.4,0.4,2.8499999999999996,0.263,2.376846568727767,0.271,0.0,0.0,0.0,0.0,2.8499999999999996,0.316,2.376846568727767,1.002,10.0,0.01,0.0,0.0,2.8500000000000005,10.0,3.3787882610329283,10.0,-0.5,0.0,0.0,-2.220446049250313e-16
0.13651,0.08509999999999998,0.0,0.479,0.6725,2.8500000000000005,2.8499999999999996,0.0,0.0,0.0,0.0,0.4,0.4,2.8500000000000005,0.269,3.3787882610329283,0.269,0.0,0.0,0.0,0.0,2.8500000000000005,0.21000000000000002,3.3787882610329283,0.524,0.0,0.0,0.0,0.0,2.8499999999999996,10.0,4.229259119157014,10.0,-0.5,0.0,0.0,0.2807017543859651
0.11588,0.09264999999999997,0.0,0.40700000000000003,0.48250000000000004,2.8499999999999996,3.65,0.0,0.0,0.0,0.0,0.4,0.4,2.8499999999999996,0.193,4.229259119157014,0.193,0.0,0.0,0.0,0.0,2.8499999999999996,0.21400000000000002,4.229259119157014,0.619,0.0,0.0,0.0,0.0,3.65,10.0,3.1719008549661734,10.0,-0.5,0.0,0.0,0.0
0.15175,0.09354999999999997,0.0,0.41600000000000004,0.425,3.65,3.65,0.0,0.0,0.0,0.0,0.4,0.4,3.65,0.16999999999999998,3.1719008549661734,0.16999999999999998,0.0,0.0,0.0,0.0,3.65,0.246,3.1719008549661734,0.734,0.0,0.0,0.0,0.0,3.65,10.0,4.327956958446655,10.0,-0.5,0.0,0.0,0.08219178082191791
0.18813999999999997,0.08954999999999996,0.0,0.515,0.475,3.65,3.9500000000000006,0.0,0.0,0.0,0.0,0.4,0.4,3.65,0.19,4.327956958446655,0.19,0.0,0.0,0.0,0.0,3.65,0.325,4.327956958446655,0.73,0.0,0.0,0.0,0.0,3.9500000000000006,10.0,4.960158027418422,10.0,-0.5,0.0,0.0,-2.220446049250313e-16
0.18263,0.09609999999999996,0.0,0.4619999999999999,0.5275,3.9500000000000006,3.95,0.0,0.0,0.0,0.0,0.4,0.4,3.9500000000000006,0.211,4.960158027418422,0.211,0.0,0.0,0.0,0.0,3.9500000000000006,0.251,4.960158027418422,0.5589999999999999,0.0,0.0,0.0,0.0,3.95,10.0,4.91513763658575,10.0,-0.5,0.0,0.0,0.025316455696202445
0.21252000000000001,0.09379999999999995,0.0,0.538,0.515,3.95,4.05,0.0,0.0,0.0,0.0,0.4,0.4,3.95,0.20600000000000002,4.91513763658575,0.20600000000000002,0.0,0.0,0.0,0.0,3.95,0.33199999999999996,4.91513763658575,0.607,0.0,0.0,0.0,0.0,4.05,10.0,5.167614334276859,10.0,-0.5,0.0,0.0,0.0
0.26000999999999996,0.08724999999999994,0.0,0.643,0.5775,4.05,4.05,0.0,0.0,0.0,0.0,0.4,0.4,4.05,0.231,5.167614334276859,0.231,0.0,0.0,0.0,0.0,4.05,0.41200000000000003,5.167614334276859,0.647,0.0,0.0,0.0,0.0,4.05,10.0,5.380315123503205,10.0,-0.5,0.0,0.0,0.09876543209876543
0.25529,0.09314999999999994,0.0,0.631,0.69,4.05,4.45,0.0,0.0,0.0,0.0,0.4,0.4,4.05,0.27599999999999997,5.380315123503205,0.27599999999999997,0.0,0.0,0.0,0.0,4.05,0.355,5.380315123503205,0.517,0.0,0.0,0.0,0.0,4.45,10.0,5.3874096911108085,10.0,-0.5,0.0,0.0,0.0
0.29144,0.09254999999999995,0.0,0.656,0.65,4.45,4.45,0.0,0.0,0.0,0.0,0.4,0.4,4.45,0.26,5.3874096911108085,0.26,0.0,0.0,0.0,0.0,4.45,0.396,5.3874096911108085,0.516,0.0,0.0,0.0,0.0,4.45,10.0,5.235368180415861,10.0,-0.5,0.0,0.0,0.0
0.3568,0.08759999999999994,0.0,0.8019999999999999,0.7525,4.45,4.45,0.0,0.0,0.0,0.0,0.4,0.4,4.45,0.301,5.235368180415861,0.301,0.0,0.0,0.0,0.0,4.45,0.501,5.235368180415861,0.671,0.0,0.0,0.0,0.0,4.45,10.0,5.531017004427637,10.0,-0.5,0.0,0.0,0.04494382022471921
0.37739,0.09214999999999993,0.0,0.8470000000000001,0.8924999999999998,4.45,4.65,0.0,0.0,0.0,0.0,0.4,0.4,4.45,0.357,5.531017004427637,0.357,0.0,0.0,0.0,0.0,4.45,0.49000000000000005,5.531017004427637,0.6599999999999999,0.0,0.0,0.0,0.0,4.65,10.0,5.761550250470002,10.0,-0.5,0.0,0.0,0.0
0.42942,0.08574999999999999,0.0,0.923,0.8574999999999999,4.65,4.65,0.0,0.0,0.0,0.0,0.4,0.4,4.65,0.32599999999999996,5.761550250470002,0.362,10.0,0.017,0.0,0.0,4.65,0.597,5.761550250470002,0.849,10.0,0.066,0.0,0.0,4.65,10.0,5.695365966962826,10.0,-0.5,0.0,0.0,0.0
0.35599000000000003,0.11254999999999998,0.0,0.732,1.0,4.65,4.65,0.0,0.0,0.0,0.0,0.4,0.4,4.65,0.4,5.695365966962826,0.4,0.0,0.0,0.0,0.0,4.65,0.33199999999999996,5.695365966962826,0.595,0.0,0.0,0.0,0.0,4.65,10.0,4.754559092047293,10.0,-0.5,0.0,0.0,0.0
0.39713,0.12179999999999999,0.0,0.8550000000000001,0.9475,4.65,4.65,0.0,0.0,0.0,0.0,0.4,0.4,4.65,0.379,4.754559092047293,0.379,0.0,0.0,0.0,0.0,4.65,0.476,4.754559092047293,0.808,0.0,0.0,0.0,0.0,4.65,10.0,5.575788077057755,10.0,-0.5,0.0,0.0,0.0
0.49141,0.11320000000000001,0.0,1.0559999999999998,0.97,4.65,4.65,0.0,0.0,0.0,0.0,0.4,0.4,4.65,0.388,5.575788077057755,0.388,0.0,0.0,0.0,0.0,4.65,0.6679999999999999,5.575788077057755,1.034,0.0,0.0,0.0,0.0,4.65,10.0,5.485374345306535,10.0,-0.5,0.5,0.5,0.0
0.52359,0.11199999999999999,0.0,1.125,1.1199999999999999,4.65,4.65,0.0,0.0,0.0,0.0,0.6,0.6,4.65,0.417,5.485374345306535,0.485,10.0,0.031,0.0,0.0,4.65,0.708,5.485374345306535,1.136,10.0,0.11499999999999999,0.0,0.0,4.65,10.0,5.509427556516646,10.0,-0.5,0.0,0.0,0.0
0.43143,0.14805,0.0,0.9269999999999999,1.2875,4.65,4.65,0.0,0.0,0.0,0.0,0.6,0.6,4.65,0.515,5.509427556516646,0.515,0.0,0.0,0.0,0.0,4.65,0.41200000000000003,5.509427556516646,0.743,0.0,0.0,0.0,0.0,4.65,10.0,5.144458622732469,10.0,-0.5,0.0,0.0,0.0
0.48825999999999997,0.15315,0.0,1.049,1.1,4.65,4.65,0.0,0.0,0.0,0.0,0.6,0.6,4.65,0.44000000000000006,5.144458622732469,0.44000000000000006,0.0,0.0,0.0,0.0,4.65,0.609,5.144458622732469,1.002,0.0,0.0,0.0,0.0,4.65,10.0,5.638468856152999,10.0,-0.5,0.0,0.0,0.0
0.5887100000000001,0.1452,0.0,1.267,1.1875,4.65,4.65,0.0,0.0,0.0,0.0,0.6,0.6,4.65,0.475,5.638468856152999,0.475,0.0,0.0,0.0,0.0,4.65,0.792,5.638468856152999,1.193,0.0,0.0,0.0,0.0,4.65,10.0,5.577982167934472,10.0,-0.5,0.0,0.0,0.0
0.67599,0.1355,0.0,1.454,1.355,4.65,4.65,0.0,0.0,0.0,0.0,0.6,0.6,4.65,0.513,5.577982167934472,0.576,10.0,0.028999999999999998,0.0,0.0,4.65,0.9410000000000001,5.577982167934472,1.315,10.0,0.11599999999999999,0.0,0.0,4.65,10.0,5.678901769004626,10.0,-0.5,0.0,0.0,0.0
0.58078,0.1727,0.0,1.1280000000000001,1.5,4.65,4.65,0.0,0.0,0.0,0.0,0.6,0.6,4.65,0.6,5.678901769004626,0.6,0.0,0.0,0.0,0.0,4.65,0.528,5.678901769004626,0.876,0.0,0.0,0.0,0.0,4.65,10.0,5.670800227701988,10.0,-0.5,0.0,0.0,0.0
0.62607,0.17875,0.0,1.347,1.4075,4.65,4.65,0.0,0.0,0.0,0.0,0.6,0.6,4.65,0.563,5.670800227701988,0.563,0.0,0.0,0.0,0.0,4.65,0.784,5.670800227701988,1.097,0.0,0.0,0.0,0.0,4.65,10.0,5.650297477547344,10.0,-0.5,0.0,0.0,0.0
0.7929700000000001,0.15994999999999998,0.0,1.6880000000000002,1.5,4.65,4.65,0.0,0.0,0.0,0.0,0.6,0.6,4.65,0.6,5.650297477547344,0.6,0.0,0.0,0.0,0.0,4.65,1.088,5.650297477547344,1.3519999999999999,0.0,0.0,0.0,0.0,4.65,10.0,5.947069789439863,10.0,-0.5,0.0,0.0,0.0
0.8846799999999999,0.15,0.0,1.6059999999999999,1.5,4.65,4.65,0.0,0.0,0.0,0.0,0.6,0.6,4.65,0.564,5.947069789439863,0.6,10.0,0.036,0.0,0.0,4.65,1.042,5.947069789439863,1.298,10.0,0.067,0.0,0.0,4.65,10.0,6.432513271940607,10.0,-0.5,0.0,0.0,0.19354838709677424
0.75681,0.1845,0.0,1.155,1.5,4.65,5.550000000000002,0.0,0.0,0.0,0.0,0.6,0.6,4.65,0.6,6.432513271940607,0.6,0.0,0.0,0.0,0.0,4.65,0.5549999999999999,6.432513271940607,0.998,0.0,0.0,0.0,0.0,5.550000000000002,10.0,7.404539703868606,10.0,-0.5,0.0,0.0,-2.220446049250313e-16
0.76505,0.19269999999999998,0.0,1.3780000000000001,1.46,5.550000000000002,5.55,0.0,0.0,0.0,0.0,0.6,0.6,5.550000000000002,0.584,7.404539703868606,0.584,0.0,0.0,0.0,0.0,5.550000000000002,0.794,7.404539703868606,1.2349999999999999,0.0,0.0,0.0,0.0,5.55,10.0,5.469164162257795,10.0,-0.5,0.0,0.0,0.0
1.04296,0.17350000000000002,0.0,1.6920000000000002,1.5,5.55,5.55,0.0,0.0,0.0,0.0,0.6,0.6,5.55,0.6,5.469164162257795,0.6,0.0,0.0,0.0,0.0,5.55,1.092,5.469164162257795,1.405,0.0,0.0,0.0,0.0,5.55,10.0,6.568061880149656,10.0,-0.5,0.0,0.0,0.0
1.25438,0.1544,0.0,1.691,1.5,5.55,5.55,0.0,0.0,0.0,0.0,0.6,0.6,5.55,0.6,6.568061880149656,0.6,0.0,0.0,0.0,0.0,5.55,1.091,6.568061880149656,1.153,0.0,0.0,0.0,0.0,5.55,10.0,6.936022048445535,10.0,-0.5,0.0,0.0,0.0
1.19952,0.1793,0.0,1.251,1.5,5.55,5.55,0.0,0.0,0.0,0.0,0.6,0.6,5.55,0.6,6.936022048445535,0.6,0.0,0.0,0.0,0.0,5.55,0.651,6.936022048445535,1.1720000000000002,0.0,0.0,0.0,0.0,5.55,10.0,7.321146799354823,10.0,-0.5,0.0,0.0,0.0
1.26031,0.17920000000000003,0.0,1.501,1.5,5.55,5.55,0.0,0.0,0.0,0.0,0.6,0.6,5.55,0.6,7.321146799354823,0.6,0.0,0.0,0.0,0.0,5.55,0.901,7.321146799354823,1.034,0.0,0.0,0.0,0.0,5.55,10.0,6.096309224733235,10.0,-0.5,0.0,0.0,0.0
1.43621,0.17160000000000003,0.0,1.576,1.5,5.55,5.55,0.0,0.0,0.0,0.0,0.6,0.6,5.55,0.6,6.096309224733235,0.6,0.0,0.0,0.0,0.0,5.55,0.976,6.096309224733235,1.249,0.0,0.0,0.0,0.0,5.55,10.0,7.288073824175916,10.0,-0.5,0.33333333333333326,0.33333333333333326,0.12612612612612617
1.35432,0.20130000000000003,0.0,1.703,2.0,5.55,6.25,0.0,0.0,0.0,0.0,0.8,0.8,5.55,0.8,7.288073824175916,0.8,0.0,0.0,0.0,0.0,5.55,0.9029999999999999,7.288073824175916,1.1019999999999999,0.0,0.0,0.0,0.0,6.25,10.0,7.195870717661625,10.0,-0.5,0.0,0.0,0.0
1.44927,0.21400000000000002,0.0,1.873,2.0,6.25,6.25,0.0,0.0,0.0,0.0,0.8,0.8,6.25,0.8,7.195870717661625,0.8,0.0,0.0,0.0,0.0,6.25,1.073,7.195870717661625,1.385,0.0,0.0,0.0,0.0,6.25,10.0,7.806252635652342,10.0,-0.5,0.0,0.0,0.0
1.27727,0.26160000000000005,0.0,1.524,2.0,6.25,6.25,0.0,0.0,0.0,0.0,0.8,0.8,6.25,0.8,7.806252635652342,0.8,0.0,0.0,0.0,0.0,6.25,0.724,7.806252635652342,1.371,0.0,0.0,0.0,0.0,6.25,10.0,7.981360963713271,10.0,-0.5,0.0,0.0,0.0
1.27876,0.2792,0.0,1.8240000000000003,2.0,6.25,6.25,0.0,0.0,0.0,0.0,0.8,0.8,6.25,0.8,7.981360963713271,0.8,0.0,0.0,0.0,0.0,6.25,1.024,7.981360963713271,1.202,0.0,0.0,0.0,0.0,6.25,10.0,6.120294914246101,10.0,-0.5,0.0,0.0,0.0
1.55664,0.2764,0.0,2.028,2.0,6.25,6.25,0.0,0.0,0.0,0.0,0.8,0.8,6.25,0.8,6.120294914246101,0.8,0.0,0.0,0.0,0.0,6.25,1.228,6.120294914246101,1.5130000000000001,0.0,0.0,0.0,0.0,6.25,10.0,7.977722503139144,10.0,-0.5,0.0,0.0,0.03200000000000003
1.45654,0.3103,0.0,1.661,2.0,6.25,6.45,0.0,0.0,0.0,0.0,0.8,0.8,6.25,0.8,7.977722503139144,0.8,0.0,0.0,0.0,0.0,6.25,0.861,7.977722503139144,1.264,0.0,0.0,0.0,0.0,6.45,10.0,7.803455441776245,10.0,-0.5,0.0,0.0,0.0
1.5546600000000002,0.3183,0.0,1.92,2.0,6.45,6.45,0.0,0.0,0.0,0.0,0.8,0.8,6.45,0.8,7.803455441776245,0.8,0.0,0.0,0.0,0.0,6.45,1.1199999999999999,7.803455441776245,1.506,0.0,0.0,0.0,0.0,6.45,10.0,7.377713113034777,10.0,-0.5,0.0,0.0,0.0
1.5372000000000001,0.34950000000000003,0.0,1.6880000000000002,2.0,6.45,6.45,0.0,0.0,0.0,0.0,0.8,0.8,6.45,0.8,7.377713113034777,0.8,0.0,0.0,0.0,0.0,6.45,0.8880000000000001,7.377713113034777,1.722,0.0,0.0,0.0,0.0,6.45,10.0,8.779962197551345,10.0,-0.5,0.0,0.0,0.0
1.57978,0.35400000000000004,0.0,1.955,2.0,6.45,6.45,0.0,0.0,0.0,0.0,0.8,0.8,6.45,0.8,8.779962197551345,0.8,0.0,0.0,0.0,0.0,6.45,1.155,8.779962197551345,1.325,0.0,0.0,0.0,0.0,6.45,10.0,6.166005849783131,10.0,-0.5,0.25,0.25,0.0
1.79394,0.37520000000000003,0.0,2.2880000000000003,2.5,6.45,6.45,0.0,0.0,0.0,0.0,1.0,1.0,6.45,1.0,6.166005849783131,1.0,0.0,0.0,0.0,0.0,6.45,1.288,6.166005849783131,1.458,0.0,0.0,0.0,0.0,6.45,10.0,8.164167542839824,10.0,-0.5,0.0,0.0,0.1705426356589148
1.56124,0.4347,0.0,1.905,2.5,6.45,7.55,0.0,0.0,0.0,0.0,1.0,1.0,6.45,1.0,8.164167542839824,1.0,0.0,0.0,0.0,0.0,6.45,0.905,8.164167542839824,1.6079999999999999,0.0,0.0,0.0,0.0,7.55,10.0,8.682022971912543,10.0,-0.5,0.0,0.0,0.0
1.5731400000000002,0.4668,0.0,2.084,2.405,7.55,7.55,0.0,0.0,0.0,0.0,1.0,1.0,7.55,0.962,8.682022971912543,0.962,0.0,0.0,0.0,0.0,7.55,1.122,8.682022971912543,1.497,0.0,0.0,0.0,0.0,7.55,10.0,6.50342240889167,10.0,-0.5,0.0,0.0,0.0
1.8507,0.4939,0.0,2.229,2.5,7.55,7.55,0.0,0.0,0.0,0.0,1.0,1.0,7.55,1.0,6.50342240889167,1.0,0.0,0.0,0.0,0.0,7.55,1.2289999999999999,6.50342240889167,1.8030000000000002,0.0,0.0,0.0,0.0,7.55,10.0,8.668132552192606,10.0,-0.5,0.0,0.0,0.0
1.8468499999999999,0.5296,0.0,2.143,2.5,7.55,7.55,0.0,0.0,0.0,0.0,1.0,1.0,7.55,1.0,8.668132552192606,1.0,0.0,0.0,0.0,0.0,7.55,1.143,8.668132552192606,1.55,0.0,0.0,0.0,0.0,7.55,10.0,7.415689677638063,10.0,-0.5,0.0,0.0,0.0
2.04072,0.5557,0.0,2.239,2.5,7.55,7.55,0.0,0.0,0.0,0.0,1.0,1.0,7.55,1.0,7.415689677638063,1.0,0.0,0.0,0.0,0.0,7.55,1.239,7.415689677638063,1.655,0.0,0.0,0.0,0.0,7.55,10.0,8.669724361809298,10.0,-0.5,0.0,0.0,0.0
2.09183,0.5841,0.0,2.216,2.5,7.55,7.55,0.0,0.0,0.0,0.0,1.0,1.0,7.55,1.0,8.669724361809298,1.0,0.0,0.0,0.0,0.0,7.55,1.216,8.669724361809298,2.033,0.0,0.0,0.0,0.0,7.55,10.0,7.597299802517538,10.0,-0.5,0.0,0.0,0.0
2.54539,0.5733999999999999,0.0,2.607,2.5,7.55,7.55,0.0,0.0,0.0,0.0,1.0,1.0,7.55,1.0,7.597299802517538,1.0,0.0,0.0,0.0,0.0,7.55,1.607,7.597299802517538,1.537,0.0,0.0,0.0,0.0,7.55,10.0,8.495403350520334,10.0,-0.5,0.0,0.0,0.0
2.52786,0.6132,0.0,2.102,2.5,7.55,7.55,0.0,0.0,0.0,0.0,1.0,1.0,7.55,1.0,8.495403350520334,1.0,0.0,0.0,0.0,0.0,7.55,1.1019999999999999,8.495403350520334,1.583,0.0,0.0,0.0,0.0,7.55,10.0,8.305658972724295,10.0,-0.5,0.0,0.0,0.0
2.39189,0.6711999999999999,0.0,1.92,2.5,7.55,7.55,0.0,0.0,0.0,0.0,1.0,1.0,7.55,1.0,8.305658972724295,1.0,0.0,0.0,0.0,0.0,7.55,0.9199999999999999,8.305658972724295,1.621,0.0,0.0,0.0,0.0,7.55,10.0,7.936133504367616,10.0,-0.5,0.0,0.0,0.0
2.43935,0.7097999999999999,0.0,2.114,2.5,7.55,7.55,0.0,0.0,0.0,0.0,1.0,1.0,7.55,1.0,7.936133504367616,1.0,0.0,0.0,0.0,0.0,7.55,1.114,7.936133504367616,1.655,0.0,0.0,0.0,0.0,7.55,10.0,7.837292135441629,10.0,-0.5,0.0,0.0,0.0
2.7949200000000003,0.7088999999999999,0.0,2.509,2.5,7.55,7.55,0.0,0.0,0.0,0.0,1.0,1.0,7.55,1.0,7.837292135441629,1.0,0.0,0.0,0.0,0.0,7.55,1.509,7.837292135441629,1.924,0.0,0.0,0.0,0.0,7.55,10.0,8.622617633066573,10.0,-0.5,0.0,0.0,0.026490066225165476
2.90963,0.7294999999999999,0.0,2.2939999999999996,2.5,7.55,7.75,0.0,0.0,0.0,0.0,1.0,1.0,7.55,1.0,8.622617633066573,1.0,0.0,0.0,0.0,0.0,7.55,1.294,8.622617633066573,1.404,0.0,0.0,0.0,0.0,7.75,10.0,7.628665082165895,10.0,-0.5,0.0,0.0,0.0
2.99848,0.7695999999999998,0.0,2.099,2.5,7.75,7.75,0.0,0.0,0.0,0.0,1.0,1.0,7.75,1.0,7.628665082165895,1.0,0.0,0.0,0.0,0.0,7.75,1.099,7.628665082165895,1.736,0.0,0.0,0.0,0.0,7.75,10.0,8.927298432140983,10.0,-0.5,0.0,0.0,0.0
2.8451,0.8241999999999998,0.0,1.954,2.5,7.75,7.75,0.0,0.0,0.0,0.0,1.0,1.0,7.75,1.0,8.927298432140983,1.0,0.0,0.0,0.0,0.0,7.75,0.954,8.927298432140983,2.48,0.0,0.0,0.0,0.0,7.75,10.0,7.124718528750376,10.0,-0.5,0.0,0.0,0.0
3.1889499999999997,0.8378999999999999,0.0,2.3630000000000004,2.5,7.75,7.75,0.0,0.0,0.0,0.0,1.0,1.0,7.75,1.0,7.124718528750376,1.0,0.0,0.0,0.0,0.0,7.75,1.363,7.124718528750376,1.551,0.0,0.0,0.0,0.0,7.75,10.0,8.316904346034448,10.0,-0.5,0.0,0.0,0.0
3.5771100000000002,0.8304999999999998,0.0,2.5740000000000003,2.5,7.75,7.75,0.0,0.0,0.0,0.0,1.0,1.0,7.75,1.0,8.316904346034448,1.0,0.0,0.0,0.0,0.0,7.75,1.574,8.316904346034448,1.7269999999999999,0.0,0.0,0.0,0.0,7.75,10.0,8.643769796651029,10.0,-0.5,0.19999999999999996,0.19999999999999996,0.0
3.2575100000000003,0.9178999999999999,0.0,2.126,3.0,7.75,7.75,0.0,0.0,0.0,0.0,1.2,1.2,7.75,1.2,8.643769796651029,1.2,0.0,0.0,0.0,0.0,7.75,0.9259999999999999,8.643769796651029,2.123,0.0,0.0,0.0,0.0,7.75,10.0,7.954038163903559,10.0,-0.5,0.0,0.0,0.0
3.31595,0.9672,0.0,2.507,3.0,7.75,7.75,0.0,0.0,0.0,0.0,1.2,1.2,7.75,1.2,7.954038163903559,1.2,0.0,0.0,0.0,0.0,7.75,1.307,7.954038163903559,1.9129999999999998,0.0,0.0,0.0,0.0,7.75,10.0,7.420613390829173,10.0,-0.5,0.0,0.0,0.0
3.6058000000000003,0.9948999999999999,0.0,2.723,3.0,7.75,7.75,0.0,0.0,0.0,0.0,1.2,1.2,7.75,1.2,7.420613390829173,1.2,0.0,0.0,0.0,0.0,7.75,1.5230000000000001,7.420613390829173,2.472,0.0,0.0,0.0,0.0,7.75,10.0,9.055246724092722,10.0,-0.5,0.0,0.0,0.0
3.87929,0.9994,0.0,2.955,3.0,7.75,7.75,0.0,0.0,0.0,0.0,1.2,1.2,7.75,1.2,9.055246724092722,1.2,0.0,0.0,0.0,0.0,7.75,1.7550000000000001,9.055246724092722,1.403,0.0,0.0,0.0,0.0,7.75,10.0,6.609458609658397,10.0,-0.5,0.0,0.0,0.0
4.134729999999999,1.0441,0.0,2.553,3.0,7.75,7.75,0.0,0.0,0.0,0.0,1.2,1.2,7.75,1.2,6.609458609658397,1.2,0.0,0.0,0.0,0.0,7.75,1.353,6.609458609658397,1.908,0.0,0.0,0.0,0.0,7.75,10.0,9.454605794839999,10.0,-0.5,0.0,0.0,0.0
3.56128,1.1517,0.0,1.9240000000000002,3.0,7.75,7.75,0.0,0.0,0.0,0.0,1.2,1.2,7.75,1.2,9.454605794839999,1.2,0.0,0.0,0.0,0.0,7.75,0.724,9.454605794839999,2.854,0.0,0.0,0.0,0.0,7.75,10.0,5.585151229486266,10.0,-0.5,0.0,0.0,-0.07741935483870965
3.70016,1.2273,0.0,2.2439999999999998,3.0,7.75,7.15,0.0,0.0,0.0,0.0,1.2,1.2,7.75,1.2,5.585151229486266,1.2,0.0,0.0,0.0,0.0,7.75,1.044,5.585151229486266,1.738,0.0,0.0,0.0,0.0,7.15,10.0,7.810871420493514,10.0,-0.5,0.0,0.0,0.0
3.81963,1.2595,0.0,2.678,3.0,7.15,7.15,0.0,0.0,0.0,0.0,1.2,1.2,7.15,1.2,7.810871420493514,1.2,0.0,0.0,0.0,0.0,7.15,1.478,7.810871420493514,1.248,0.0,0.0,0.0,0.0,7.15,10.0,9.240918370472647,10.0,-0.5,0.0,0.0,0.18181818181818188
3.7145799999999998,1.2991,0.0,2.604,3.0,7.15,8.45,0.0,0.0,0.0,0.0,1.2,1.2,7.15,1.2,9.240918370472647,1.2,0.0,0.0,0.0,0.0,7.15,1.404,9.240918370472647,1.81,0.0,0.0,0.0,0.0,8.45,10.0,7.53277778020272,10.0,-0.5,0.0,0.0,0.0
4.50319,1.2788,0.0,3.2030000000000003,3.0,8.45,8.45,0.0,0.0,0.0,0.0,1.2,1.2,8.45,1.2,7.53277778020272,1.2,0.0,0.0,0.0,0.0,8.45,2.003,7.53277778020272,1.322,0.0,0.0,0.0,0.0,8.45,10.0,8.526789027349626,10.0,-0.5,0.16666666666666674,0.16666666666666674,-0.023668639053254448
4.155279999999999,1.3887,0.0,2.401,3.5,8.45,8.25,0.0,0.0,0.0,0.0,1.4,1.4,8.45,1.4,8.526789027349626,1.4,0.0,0.0,0.0,0.0,8.45,1.001,8.526789027349626,1.9829999999999999,0.0,0.0,0.0,0.0,8.25,10.0,7.550903611836704,10.0,-0.5,0.0,0.0,0.0
4.20943,1.464,0.0,2.747,3.5,8.25,8.25,0.0,0.0,0.0,0.0,1.4,1.4,8.25,1.4,7.550903611836704,1.4,0.0,0.0,0.0,0.0,8.25,1.347,7.550903611836704,1.754,0.0,0.0,0.0,0.0,8.25,10.0,7.850714861945266,10.0,-0.5,0.0,0.0,0.0
4.7347600000000005,1.4771,0.0,3.3689999999999998,3.5,8.25,8.25,0.0,0.0,0.0,0.0,1.4,1.4,8.25,1.4,7.850714861945266,1.4,0.0,0.0,0.0,0.0,8.25,1.969,7.850714861945266,1.6780000000000002,0.0,0.0,0.0,0.0,8.25,10.0,8.5286722404559,10.0,-0.5,0.0,0.0,0.0
5.28315,1.4759,0.0,3.5120000000000005,3.5,8.25,8.25,0.0,0.0,0.0,0.0,1.4,1.4,8.25,1.4,8.5286722404559,1.4,0.0,0.0,0.0,0.0,8.25,2.112,8.5286722404559,1.464,0.0,0.0,0.0,0.0,8.25,10.0,7.981895666213729,10.0,-0.5,0.0,0.0,0.0
6.09948,1.4515,0.0,3.7439999999999998,3.5,8.25,8.25,0.0,0.0,0.0,0.0,1.4,1.4,8.25,1.4,7.981895666213729,1.4,0.0,0.0,0.0,0.0,8.25,2.3440000000000003,7.981895666213729,1.935,0.0,0.0,0.0,0.0,8.25,10.0,8.683739718724196,10.0,-0.5,0.0,0.0,0.0
5.8506599999999995,1.5443,0.0,2.572,3.5,8.25,8.25,0.0,0.0,0.0,0.0,1.4,1.4,8.25,1.4,8.683739718724196,1.4,0.0,0.0,0.0,0.0,8.25,1.1720000000000002,8.683739718724196,2.867,0.0,0.0,0.0,0.0,8.25,10.0,6.515846284457055,10.0,-0.5,0.0,0.0,0.0
6.26422,1.5936000000000001,0.0,3.007,3.5,8.25,8.25,0.0,0.0,0.0,0.0,1.4,1.4,8.25,1.4,6.515846284457055,1.4,0.0,0.0,0.0,0.0,8.25,1.607,6.515846284457055,3.278,0.0,0.0,0.0,0.0,8.25,10.0,9.710234238052973,10.0,-0.5,0.0,0.0,0.0
6.65461,1.5915000000000001,0.0,3.521,3.5,8.25,8.25,0.0,0.0,0.0,0.0,1.4,1.4,8.25,1.4,9.710234238052973,1.4,0.0,0.0,0.0,0.0,8.25,2.121,9.710234238052973,1.7120000000000002,0.0,0.0,0.0,0.0,8.25,10.0,5.352154383890145,10.0,-0.5,0.0,0.0,0.0
7.28966,1.6337000000000002,0.0,3.0780000000000003,3.5,8.25,8.25,0.0,0.0,0.0,0.0,1.4,1.4,8.25,1.4,5.352154383890145,1.4,0.0,0.0,0.0,0.0,8.25,1.6780000000000002,5.352154383890145,1.964,0.0,0.0,0.0,0.0,8.25,10.0,8.022923514188188,10.0,-0.5,0.0,0.0,0.0
7.9996,1.6215000000000002,0.0,3.622,3.5,8.25,8.25,0.0,0.0,0.0,0.0,1.4,1.4,8.25,1.4,8.022923514188188,1.4,0.0,0.0,0.0,0.0,8.25,2.222,8.022923514188188,1.244,0.0,0.0,0.0,0.0,8.25,10.0,8.61130283665566,10.0,-0.5,0.0,0.0,0.0
7.71802,1.7195000000000003,0.0,2.52,3.5,8.25,8.25,0.0,0.0,0.0,0.0,1.4,1.4,8.25,1.4,8.61130283665566,1.4,0.0,0.0,0.0,0.0,8.25,1.1199999999999999,8.61130283665566,1.862,0.0,0.0,0.0,0.0,8.25,10.0,8.10815136336991,10.0,-0.5,0.0,0.0,0.0
0.1,0.125,0.1,1.0,1.25,0.8,0.8,0.1,0.1,0.0,0.05,0.5,0.5,0.8,0.5,0.8,0.5,0.0,0.0,0.0,0.0,0.8,0.5,0.8,0.5,0.0,0.0,0.0,0.0,0.8,10.0,0.8,10.0,-0.5,0.10000000000000009,0.10000000000000009,0.5
0.10542,0.1451,0.1,1.174,1.375,0.8,1.2,0.0,0.0,0.0,0.05,0.55,0.55,0.8,0.55,0.8,0.55,0.0,0.0,0.0,0.0,0.8,0.624,0.8,0.542,0.0,0.0,0.0,0.0,1.2,10.0,1.1999062299728394,10.0,-0.5,0.09999999999999987,0.09999999999999987,0.5
0.13336,0.14335,0.1,1.1149999999999998,1.0975,1.2,1.8,0.0,0.0,0.0,0.05,0.6049999999999999,0.6049999999999999,1.2,0.43899999999999995,1.1999062299728394,0.43899999999999995,0.0,0.0,0.0,0.0,1.2,0.6759999999999999,1.1999062299728394,0.595,0.0,0.0,0.0,0.0,1.8,10.0,1.5232982516245563,10.0,-0.5,0.10000000000000031,0.10000000000000031,0.0
0.1805,0.14309999999999998,0.1,1.0050000000000001,1.0025,1.8,1.8,0.0,0.0,0.0,0.05,0.6655000000000001,0.6655000000000001,1.8,0.40099999999999997,1.5232982516245563,0.40099999999999997,0.0,0.0,0.0,0.0,1.8,0.604,1.5232982516245563,0.603,0.0,0.0,0.0,0.0,1.8,10.0,2.277954614168111,10.0,-0.5,0.09999999999999987,0.09999999999999987,0.10000000000000009
0.20221,0.14115,0.1,1.127,1.1075,1.8,1.98,0.0,0.0,0.1,0.05,0.73205,0.73205,1.8,0.44299999999999995,2.277954614168111,0.44299999999999995,0.0,0.0,0.0,0.0,1.8,0.6839999999999999,2.277954614168111,0.72,0.0,0.0,0.0,0.0,1.98,10.0,2.7242666336689507,10.0,-0.5,0.10000683013455358,0.10000683013455358,0.20999999999999996
0.13347,0.13044999999999998,0.0,1.182,1.075,1.98,2.3958,0.0,0.0,0.0,0.0,0.80526,0.80526,1.98,0.43,2.7242666336689507,0.43,0.0,0.0,0.0,0.0,1.98,0.752,2.7242666336689507,0.8089999999999999,0.0,0.0,0.0,0.0,2.3958,10.0,2.6006282908071237,10.0,-0.4250767962838091,0.0,0.0,0.0
0.27079000000000003,0.08919999999999999,0.00999,1.1300000000000001,0.7175,2.3958,2.3958,0.009999999999999997,0.00999,0.0,0.005,0.80526,0.80526,2.3958,0.28700000000000003,2.6006282908071237,0.28700000000000003,0.0,0.0,0.0,0.0,2.3958,0.843,2.6006282908071237,0.8630000000000001,0.0,0.0,0.0,0.0,2.3958,10.0,2.9562854012372437,10.0,-0.5,0.0,0.0,0.21000083479422327
0.21306999999999998,0.10625,0.00999,0.8879999999999999,1.0625,2.3958,2.89892,0.0,0.0,0.0,0.005,0.80526,0.80526,2.3958,0.4,2.9562854012372437,0.506,10.0,0.025,0.0,0.0,2.3958,0.488,2.9562854012372437,0.9810000000000001,10.0,0.13,0.0,0.0,2.89892,10.0,3.710642120311893,10.0,-0.4671469470127188,0.0,0.0,0.0825652311895464
0.20546,0.1186,0.016989999999999998,0.709,0.8324999999999999,2.89892,3.13827,0.007000000000000004,0.007,0.0,0.008,0.80526,0.80526,2.89892,0.333,3.710642120311893,0.333,0.0,0.0,0.0,0.0,2.89892,0.376,3.710642120311893,0.62,0.0,0.0,0.0,0.0,3.13827,10.0,4.885440354116328,10.0,-0.5,0.0,0.0,0.49999840676551077
0.16975,0.1285,0.016989999999999998,0.541,0.64,3.13827,4.7074,0.0,0.0,0.0,0.008,0.80526,0.80526,3.13827,0.256,4.885440354116328,0.256,0.0,0.0,0.0,0.0,3.13827,0.28500000000000003,4.885440354116328,0.572,0.0,0.0,0.0,0.0,4.7074,10.0,2.847202320167166,10.0,-0.5,-0.2710056379306063,-0.2710056379306063,-0.33449887411309853
0.2859,0.12394999999999999,0.016989999999999998,0.608,0.5625,4.7074,3.13278,0.0,0.0,0.00999,0.008,0.58703,0.58703,4.7074,0.225,2.847202320167166,0.225,0.0,0.0,0.0,0.0,4.7074,0.383,2.847202320167166,0.761,0.0,0.0,0.0,0.0,3.13278,10.0,4.103453796134752,10.0,-0.5,-0.0099994889528644,-0.0099994889528644,0.2100019790729002
0.24781999999999998,0.1404,0.007,0.8230000000000001,0.9875,3.13278,3.79067,0.0,0.0,0.0,0.004,0.58116,0.58116,3.13278,0.395,4.103453796134752,0.395,0.0,0.0,0.0,0.0,3.13278,0.42800000000000005,4.103453796134752,0.779,0.0,0.0,0.0,0.0,3.79067,10.0,4.880925619822626,10.0,-0.5,0.10000688278615177,0.10000688278615177,0.20999981533607515
0.28484,0.1367,0.007,0.752,0.715,3.79067,4.58671,0.0,0.0,0.007,0.004,0.6392800000000001,0.6392800000000001,3.79067,0.286,4.880925619822626,0.286,0.0,0.0,0.0,0.0,3.79067,0.466,4.880925619822626,0.8480000000000001,0.0,0.0,0.0,0.0,4.58671,10.0,5.242175905719105,10.0,-0.5,-0.1000031285195847,-0.1000031285195847,0.2100001962190765
0.30283,0.14159999999999998,0.0,0.6759999999999999,0.725,4.58671,5.54992,0.0,0.0,0.0,0.0,0.5753499999999999,0.5753499999999999,4.58671,0.29,5.242175905719105,0.29,0.0,0.0,0.0,0.0,4.58671,0.386,5.242175905719105,0.613,0.0,0.0,0.0,0.0,5.54992,10.0,4.683362836782274,10.0,-0.45046725885810524,-0.10000869036238802,-0.10000869036238802,-0.02970313085594023
0.40916,0.14554999999999998,0.015,0.7379999999999999,0.7775,5.54992,5.385070000000001,0.01499999999999999,0.015,0.0,0.008,0.51781,0.51781,5.54992,0.311,4.683362836782274,0.311,0.0,0.0,0.0,0.0,5.54992,0.42699999999999994,4.683362836782274,0.705,0.0,0.0,0.0,0.0,5.385070000000001,10.0,5.691090513828253,10.0,-0.5,-0.0999980687897104,-0.0999980687897104,0.10000055709582223
0.41341,0.1611,0.015,0.767,0.9225,5.385070000000001,5.923579999999999,0.0,0.0,0.0,0.008,0.46603000000000006,0.46603000000000006,5.385070000000001,0.369,5.691090513828253,0.369,0.0,0.0,0.0,0.0,5.385070000000001,0.398,5.691090513828253,0.655,0.0,0.0,0.0,0.0,5.923579999999999,10.0,5.69750667825326,10.0,-0.5,0.09999356264618142,0.09999356264618142,0.1000003376336609
0.49542,0.1664,0.015,0.837,0.89,5.923579999999999,6.5159400000000005,0.0,0.0,0.0,0.008,0.5126299999999999,0.5126299999999999,5.923579999999999,0.356,5.69750667825326,0.356,0.0,0.0,0.0,0.0,5.923579999999999,0.481,5.69750667825326,0.741,0.0,0.0,0.0,0.0,6.5159400000000005,10.0,6.056225809765543,10.0,-0.5,0.09999414782591742,0.09999414782591742,0.0
0.5590599999999999,0.17910000000000004,0.015,0.858,0.985,6.5159400000000005,6.5159400000000005,0.0,0.0,0.0,0.008,0.56389,0.56389,6.5159400000000005,0.394,6.056225809765543,0.394,0.0,0.0,0.0,0.0,6.5159400000000005,0.46399999999999997,6.056225809765543,0.6639999999999999,0.0,0.0,0.0,0.0,6.5159400000000005,10.0,5.984238556078824,10.0,-0.5,0.10000177339552052,0.10000177339552052,-0.010000092081879242
0.6394299999999999,0.19275000000000006,0.015,0.9809999999999999,1.1175,6.5159400000000005,6.45078,0.0,0.0,0.015,0.008,0.62028,0.62028,6.5159400000000005,0.44699999999999995,5.984238556078824,0.44699999999999995,0.0,0.0,0.0,0.0,6.5159400000000005,0.534,5.984238556078824,0.776,0.0,0.0,0.0,0.0,6.45078,10.0,6.1318492518116665,10.0,-0.5,0.1000032243502933,0.1000032243502933,0.0
0.74054,0.20265000000000005,0.0,1.171,1.27,6.45078,6.45078,0.0,0.0,0.0,0.0,0.68231,0.68231,6.45078,0.508,6.1318492518116665,0.508,0.0,0.0,0.0,0.0,6.45078,0.663,6.1318492518116665,0.851,0.0,0.0,0.0,0.0,6.45078,10.0,6.254028941720709,10.0,-0.4770437788640722,0.0999985343905263,0.0999985343905263,0.10000031004002619
0.9252400000000001,0.20590000000000003,0.00478,1.435,1.4675,6.45078,7.09586,0.01699999999999999,0.00478,0.0,0.002,0.75054,0.75054,6.45078,0.587,6.254028941720709,0.587,0.0,0.0,0.0,0.0,6.45078,0.8480000000000001,6.254028941720709,1.045,0.0,0.0,0.0,0.0,7.09586,10.0,6.111649487979783,10.0,-0.5,0.09999467050390387,0.09999467050390387,0.0
1.30075,0.19775,0.00478,1.834,1.7525,7.09586,7.09586,0.0,0.0,0.0,0.002,0.82559,0.82559,7.09586,0.701,6.111649487979783,0.701,0.0,0.0,0.0,0.0,7.09586,1.133,6.111649487979783,1.163,0.0,0.0,0.0,0.0,7.09586,10.0,6.7163167809587225,10.0,-0.4953872765712089,0.33101176128586807,0.33101176128586807,0.0
1.3947,0.2314,0.00597,1.966,2.3024999999999998,7.09586,7.09586,0.006000000000000022,0.0011899999999999999,0.0,0.003,1.0988699999999998,1.0988699999999998,7.09586,0.868,6.7163167809587225,0.943,10.0,0.053000000000000005,0.0,0.0,7.09586,1.098,6.7163167809587225,1.393,10.0,0.096,0.0,0.0,7.09586,10.0,7.143212741523837,10.0,-0.4956979995698,0.10000273007726146,0.10000273007726146,0.10000056370897958
1.12738,0.3176,0.00728,1.588,2.45,7.09586,7.80545,0.005999999999999961,0.00131,0.0,0.004,1.20876,1.20876,7.09586,0.9800000000000001,7.143212741523837,0.9800000000000001,0.0,0.0,0.0,0.0,7.09586,0.608,7.143212741523837,1.041,0.0,0.0,0.0,0.0,7.80545,10.0,5.720768512053999,10.0,-0.5,-0.10000330917634603,-0.10000330917634603,-0.2782888878924342
1.35095,0.35284999999999994,0.00728,1.73,2.0825,7.80545,5.63328,0.0,0.0,0.00478,0.004,1.08788,1.08788,7.80545,0.833,5.720768512053999,0.833,0.0,0.0,0.0,0.0,7.80545,0.897,5.720768512053999,1.315,0.0,0.0,0.0,0.0,5.63328,10.0,7.2111145461227535,10.0,-0.5,-0.10000183843806298,-0.10000183843806298,0.21000021301976823
1.37192,0.36979999999999996,0.0025,2.278,2.4475,5.63328,6.81627,0.0,0.0,0.0,0.001,0.97909,0.97909,5.63328,0.9789999999999999,7.2111145461227535,0.9789999999999999,0.0,0.0,0.0,0.0,5.63328,1.299,7.2111145461227535,1.53,0.0,0.0,0.0,0.0,6.81627,10.0,6.355868707048564,10.0,-0.5,0.21000112349222233,0.21000112349222233,0.21000048413575167
1.8438599999999998,0.35969999999999996,0.0025,2.7060000000000004,2.605,6.81627,8.24769,0.0,0.0,0.0011899999999999999,0.001,1.1846999999999999,1.1846999999999999,6.81627,1.042,6.355868707048564,1.042,0.0,0.0,0.0,0.0,6.81627,1.6640000000000001,6.355868707048564,1.778,0.0,0.0,0.0,0.0,8.24769,10.0,8.265222171076394,10.0,-0.5,0.210002532286655,0.210002532286655,0.10000012124606994
2.19287,0.37284999999999996,0.00131,2.661,2.7925,8.24769,9.072459999999998,0.0,0.0,0.00131,0.001,1.4334900000000002,1.4334900000000002,8.24769,1.117,8.265222171076394,1.117,0.0,0.0,0.0,0.0,8.24769,1.544,8.265222171076394,1.923,0.0,0.0,0.0,0.0,9.072459999999998,10.0,7.57804691384609,10.0,-0.5,0.10000069759816932,0.10000069759816932,-0.11790958571324628
2.96174,0.37549999999999994,0.0,3.2659999999999996,3.2924999999999995,9.072459999999998,8.00273,0.0,0.0,0.0,0.0,1.5768399999999998,1.5768399999999998,9.072459999999998,1.317,7.57804691384609,1.317,0.0,0.0,0.0,0.0,9.072459999999998,1.9489999999999998,7.57804691384609,2.146,0.0,0.0,0.0,0.0,8.00273,10.0,8.388924193794475,10.0,-0.5,0.20999594124958798,0.20999594124958798,0.0
3.0028200000000003,0.4462499999999999,0.0,3.752,4.4624999999999995,8.00273,8.00273,0.0,0.0,0.0,0.0,1.90797,1.90797,8.00273,1.6989999999999998,8.388924193794475,1.807,10.0,0.086,0.0,0.0,8.00273,2.053,8.388924193794475,2.427,10.0,0.131,0.0,0.0,8.00273,10.0,8.054473431487589,10.0,-0.5,0.10000157235176665,0.10000157235176665,0.09999962512792515
2.38333,0.6159499999999999,0.0,2.978,4.675,8.00273,8.803,0.0,0.0,0.0,0.0,2.09877,2.09877,8.00273,1.8699999999999999,8.054473431487589,1.8699999999999999,0.0,0.0,0.0,0.0,8.00273,1.108,8.054473431487589,3.003,0.0,0.0,0.0,0.0,8.803,10.0,6.629106113515631,10.0,-0.5,-0.10000142940865364,-0.10000142940865364,-0.5
2.80965,0.68285,0.0,3.191,3.8600000000000003,8.803,4.4015,0.0,0.0,0.0,0.0,1.88889,1.88889,8.803,1.544,6.629106113515631,1.544,0.0,0.0,0.0,0.0,8.803,1.6469999999999998,6.629106113515631,1.673,0.0,0.0,0.0,0.0,4.4015,10.0,7.998029524005553,10.0,-0.5,-0.10000052941145332,-0.10000052941145332,0.33100079518346015
2.2167199999999996,0.7636499999999999,0.0,3.442,4.25,4.4015,5.8584,0.0,0.0,0.0,0.0,1.7,1.7,4.4015,1.7,7.998029524005553,1.7,0.0,0.0,0.0,0.0,4.4015,1.7420000000000002,7.998029524005553,2.051,0.0,0.0,0.0,0.0,5.8584,10.0,8.960413454492528,10.0,-0.5,0.0,0.0,0.46409941280895817
1.88974,0.8150499999999999,0.0,3.2260000000000004,3.7400000000000007,5.8584,8.57728,0.0,0.0,0.0,0.0,1.7,1.7,5.8584,1.496,8.960413454492528,1.496,0.0,0.0,0.0,0.0,5.8584,1.73,8.960413454492528,2.0989999999999998,0.0,0.0,0.0,0.0,8.57728,10.0,7.19411649549191,10.0,-0.5,-0.09999999999999998,-0.09999999999999998,-0.19000079279212068
2.74505,0.79455,0.0,3.2,2.995,8.57728,6.94759,0.0,0.0,0.0,0.0,1.53,1.53,8.57728,1.198,7.19411649549191,1.198,0.0,0.0,0.0,0.0,8.57728,2.002,7.19411649549191,2.55,0.0,0.0,0.0,0.0,6.94759,10.0,8.821153674677815,10.0,-0.5,0.0,0.0,0.19789883974155065
2.7369899999999996,0.83095,0.0,3.461,3.825,6.94759,8.32251,0.0,0.0,0.0,0.0,1.53,1.53,6.94759,1.53,8.821153674677815,1.53,0.0,0.0,0.0,0.0,6.94759,1.9309999999999998,8.821153674677815,2.282,0.0,0.0,0.0,0.0,8.32251,10.0,7.415340958728163,10.0,-0.5,0.09999999999999987,0.09999999999999987,-0.09999987984394121
3.34408,0.8604999999999999,0.0,3.912,4.2075,8.32251,7.490260000000001,0.0,0.0,0.0,0.0,1.6829999999999998,1.6829999999999998,8.32251,1.6829999999999998,7.415340958728163,1.6829999999999998,0.0,0.0,0.0,0.0,8.32251,2.229,7.415340958728163,2.768,0.0,0.0,0.0,0.0,7.490260000000001,10.0,8.888188624400662,10.0,-0.5,0.10000000000000031,0.10000000000000031,0.10000053402685616
3.62612,0.8808499999999999,0.0,4.424,4.6275,7.490260000000001,8.23929,0.0,0.0,0.0,0.0,1.8513000000000002,1.8513000000000002,7.490260000000001,1.8510000000000002,8.888188624400662,1.8510000000000002,0.0,0.0,0.0,0.0,7.490260000000001,2.573,8.888188624400662,2.896,0.0,0.0,0.0,0.0,8.23929,10.0,7.303979064400204,10.0,-0.5,0.09999999999999987,0.09999999999999987,-0.012136968112543722
4.03242,0.9564499999999998,0.0,4.3340000000000005,5.09,8.23929,8.139289999999999,0.0,0.0,0.0,0.0,2.03643,2.03643,8.23929,2.036,7.303979064400204,2.036,0.0,0.0,0.0,0.0,8.23929,2.298,7.303979064400204,3.0100000000000002,0.0,0.0,0.0,0.0,8.139289999999999,10.0,8.9450031707111,10.0,-0.5,0.04910554254258681,0.04910554254258681,0.012286083921324797
4.48379,0.9866499999999999,0.0,5.037999999999999,5.34,8.139289999999999,8.23929,0.0,0.0,0.0,0.0,2.13643,2.13643,8.139289999999999,2.136,8.9450031707111,2.136,0.0,0.0,0.0,0.0,8.139289999999999,2.902,8.9450031707111,2.902,0.0,0.0,0.0,0.0,8.23929,10.0,6.860795747099923,10.0,-0.5,0.0,0.0,-0.10000012136968117
4.32013,1.14905,0.0,3.7159999999999997,5.34,8.23929,7.41536,0.0,0.0,0.0,0.0,2.13643,2.13643,8.23929,2.136,6.860795747099923,2.136,0.0,0.0,0.0,0.0,8.23929,1.58,6.860795747099923,2.898,0.0,0.0,0.0,0.0,7.41536,10.0,9.637411182901824,10.0,-0.5,-0.010002668002227932,-0.010002668002227932,0.10000053942087783
3.88502,1.2501,0.0,4.276999999999999,5.2875,7.41536,8.1569,0.0,0.0,0.0,0.0,2.11506,2.11506,7.41536,2.1149999999999998,9.637411182901824,2.1149999999999998,0.0,0.0,0.0,0.0,7.41536,2.162,9.637411182901824,2.168,0.0,0.0,0.0,0.0,8.1569,10.0,4.910989063508753,10.0,-0.5,-0.009999716320104435,-0.009999716320104435,-0.18999987740440616
3.93092,1.4325,0.0,3.411,5.235,8.1569,6.6070899999999995,0.0,0.0,0.0,0.0,2.09391,2.09391,8.1569,2.0940000000000003,4.910989063508753,2.0940000000000003,0.0,0.0,0.0,0.0,8.1569,1.317,4.910989063508753,2.8760000000000003,0.0,0.0,0.0,0.0,6.6070899999999995,10.0,7.364042329156186,10.0,-0.5,-2.220446049250313e-16,-2.220446049250313e-16,0.10000015135256213
3.4751,1.5822,0.0,3.7380000000000004,5.235,6.6070899999999995,7.267799999999999,0.0,0.0,0.0,0.0,2.0939099999999997,2.0939099999999997,6.6070899999999995,2.0940000000000003,7.364042329156186,2.0940000000000003,0.0,0.0,0.0,0.0,6.6070899999999995,1.6440000000000001,7.364042329156186,1.861,0.0,0.0,0.0,0.0,7.267799999999999,10.0,8.425355299361152,10.0,-0.5,2.220446049250313e-16,2.220446049250313e-16,0.07524010016786375
2.54735,1.7812000000000001,0.0,3.245,5.235,7.267799999999999,7.814629999999999,0.0,0.0,0.0,0.0,2.09391,2.09391,7.267799999999999,2.0940000000000003,8.425355299361152,2.0940000000000003,0.0,0.0,0.0,0.0,7.267799999999999,1.151,8.425355299361152,1.7289999999999999,0.0,0.0,0.0,0.0,7.814629999999999,10.0,8.372009219567328,10.0,-0.4960743517773372,-0.18999861503120974,-0.18999861503120974,0.0
2.2752,1.8835,0.0,2.912,3.935,7.814629999999999,7.814629999999999,0.010000000000000033,0.0,0.0,0.0,1.6960699999999995,1.6960699999999995,7.814629999999999,1.574,8.372009219567328,1.574,0.0,0.0,0.0,0.0,7.814629999999999,1.338,8.372009219567328,2.054,0.0,0.0,0.0,0.0,7.814629999999999,10.0,7.696068686884803,10.0,-0.49560478199718705,-0.009999587281185107,-0.009999587281185107,-0.010000473470912818
2.34597,1.9504499999999998,0.00256,3.003,3.6725000000000003,7.814629999999999,7.73648,0.010000000000000024,0.00256,0.0,0.001,1.67911,1.67911,7.814629999999999,1.4689999999999999,7.696068686884803,1.4689999999999999,0.0,0.0,0.0,0.0,7.814629999999999,1.534,7.696068686884803,2.141,0.0,0.0,0.0,0.0,7.73648,10.0,8.89822287797112,10.0,-0.495737370895621,0.0595553596845948,0.0595553596845948,0.03877732508841225
2.15548,2.0245,0.0030800000000000003,2.787,3.5275,7.73648,8.036480000000001,0.010000000000000057,0.0005200000000000001,0.0,0.002,1.77911,1.77911,7.73648,1.411,8.89822287797112,1.411,0.0,0.0,0.0,0.0,7.73648,1.376,8.89822287797112,2.293,0.0,0.0,0.0,0.0,8.036480000000001,10.0,7.032901696704826,10.0,-0.5,-0.16862363766152744,-0.16862363766152744,-0.03732977622043476
2.51677,2.0689,0.0030800000000000003,3.1310000000000002,3.575,8.036480000000001,7.73648,0.0,0.0,0.0,0.002,1.47911,1.47911,8.036480000000001,1.4300000000000002,7.032901696704826,1.4300000000000002,0.0,0.0,0.0,0.0,8.036480000000001,1.701,7.032901696704826,2.2079999999999997,0.0,0.0,0.0,0.0,7.73648,10.0,8.897703322812983,10.0,-0.5,0.09999932391776123,0.09999932391776123,0.10000025851550043
2.28458,2.15185,0.0030800000000000003,2.9530000000000003,3.7825,7.73648,8.51013,0.0,0.0,0.0,0.002,1.62702,1.62702,7.73648,1.5130000000000001,8.897703322812983,1.5130000000000001,0.0,0.0,0.0,0.0,7.73648,1.44,8.897703322812983,2.225,0.0,0.0,0.0,0.0,8.51013,10.0,7.343680337521216,10.0,-0.5,-0.009999877075880903,-0.009999877075880903,-0.05875350905332832
2.77263,2.1863,0.0030800000000000003,3.258,3.6025,8.51013,8.010129999999998,0.0,0.0,0.00256,0.002,1.6107500000000001,1.6107500000000001,8.51013,1.441,7.343680337521216,1.441,0.0,0.0,0.0,0.0,8.51013,1.8170000000000002,7.343680337521216,1.902,0.0,0.0,0.0,0.0,8.010129999999998,10.0,8.735459898062881,10.0,-0.5,0.0,0.0,0.012484191892016883
2.32799,2.3074500000000002,0.0005200000000000001,2.816,4.0275,8.010129999999998,8.11013,0.0,0.0,0.0005200000000000001,0.0,1.6107500000000001,1.6107500000000001,8.010129999999998,1.611,8.735459898062881,1.611,0.0,0.0,0.0,0.0,8.010129999999998,1.205,8.735459898062881,2.3899999999999997,0.0,0.0,0.0,0.0,8.11013,10.0,8.195435911362582,10.0,-0.5,-0.06208288064566203,-0.06208288064566203,-0.012330258577852637
2.38422,2.37035,0.0,2.941,3.5699999999999994,8.11013,8.01013,0.0,0.0,0.0,0.0,1.51075,1.51075,8.11013,1.428,8.195435911362582,1.428,0.0,0.0,0.0,0.0,8.11013,1.5130000000000001,8.195435911362582,2.035,0.0,0.0,0.0,0.0,8.01013,10.0,7.170851083879543,10.0,-0.5,0.0,0.0,-0.037452575676050426
2.6079499999999998,2.4338,0.0,3.143,3.7775,8.01013,7.710129999999998,0.0,0.0,0.0,0.0,1.51075,1.51075,8.01013,1.511,7.170851083879543,1.511,0.0,0.0,0.0,0.0,8.01013,1.6320000000000001,7.170851083879543,2.2039999999999997,0.0,0.0,0.0,0.0,7.710129999999998,10.0,8.941038709422514,10.0,-0.5,0.06619228859837833,0.06619228859837833,0.051879799692093664
2.2070100000000004,2.5391000000000004,0.0,2.862,3.915,7.710129999999998,8.11013,0.0,0.0,0.0,0.0,1.6107500000000001,1.6107500000000001,7.710129999999998,1.566,8.941038709422514,1.566,0.0,0.0,0.0,0.0,7.710129999999998,1.296,8.941038709422514,1.685,0.0,0.0,0.0,0.0,8.11013,10.0,7.311370191567636,10.0,-0.5,-0.09999689585596783,-0.09999689585596783,-0.09999963009224255
2.14937,2.63185,0.0,2.65,3.5774999999999997,8.11013,7.29912,0.0,0.0,0.0,0.0,1.44968,1.44968,8.11013,1.431,7.311370191567636,1.431,0.0,0.0,0.0,0.0,8.11013,1.2189999999999999,7.311370191567636,1.8690000000000002,0.0,0.0,0.0,0.0,7.29912,10.0,8.829440614237232,10.0,-0.5,-0.10000137961481159,-0.10000137961481159,0.09999972599436635
2.1000300000000003,2.6765,0.0,2.816,3.2625,7.29912,8.02903,0.0,0.0,0.0,0.0,1.30471,1.30471,7.29912,1.3050000000000002,8.829440614237232,1.3050000000000002,0.0,0.0,0.0,0.0,7.29912,1.511,8.829440614237232,2.324,0.0,0.0,0.0,0.0,8.02903,10.0,7.2425967112351755,10.0,-0.5,0.0766453847981543,0.0766453847981543,-0.1089994681798423
2.494,2.70965,0.0,3.106,3.4375,8.02903,7.15387,0.0,0.0,0.0,0.0,1.40471,1.40471,8.02903,1.375,7.2425967112351755,1.375,0.0,0.0,0.0,0.0,8.02903,1.7309999999999999,7.2425967112351755,2.0989999999999998,0.0,0.0,0.0,0.0,7.15387,10.0,8.847398654321427,10.0,-0.5,2.220446049250313e-16,2.220446049250313e-16,0.08387068817297494
2.31973,2.7709999999999995,0.0,2.899,3.5125,7.15387,7.753870000000001,0.0,0.0,0.0,0.0,1.4047100000000001,1.4047100000000001,7.15387,1.405,8.847398654321427,1.405,0.0,0.0,0.0,0.0,7.15387,1.494,8.847398654321427,1.972,0.0,0.0,0.0,0.0,7.753870000000001,10.0,7.793752866856581,10.0,-0.5,-0.07118907105381178,-0.07118907105381178,-0.012896785734091476
2.39362,2.8260499999999995,0.0,2.712,3.2625,7.753870000000001,7.65387,0.0,0.0,0.0,0.0,1.3047100000000003,1.3047100000000003,7.753870000000001,1.3050000000000002,7.793752866856581,1.3050000000000002,0.0,0.0,0.0,0.0,7.753870000000001,1.407,7.793752866856581,2.307,0.0,0.0,0.0,0.0,7.65387,10.0,8.888010576048774,10.0,-0.5,0.0766453847981543,0.0766453847981543,0.05226114370899948
2.2669099999999998,2.8901999999999997,0.0,2.871,3.5125,7.65387,8.05387,0.0,0.0,0.0,0.0,1.4047100000000001,1.4047100000000001,7.65387,1.405,8.888010576048774,1.405,0.0,0.0,0.0,0.0,7.65387,1.466,8.888010576048774,1.985,0.0,0.0,0.0,0.0,8.05387,10.0,6.924259271569044,10.0,-0.5,-0.09999928810928949,-0.09999928810928949,-0.10000037249173377
2.69157,2.9184,0.0,2.878,3.16,8.05387,7.248480000000001,0.0,0.0,0.0,0.0,1.2642400000000003,1.2642400000000003,8.05387,1.264,6.924259271569044,1.264,0.0,0.0,0.0,0.0,8.05387,1.614,6.924259271569044,1.8679999999999999,0.0,0.0,0.0,0.0,7.248480000000001,10.0,9.056353104077298,10.0,-0.5,0.09999683604378884,0.09999683604378884,0.100000275919917
2.31542,3.00515,0.0,2.6100000000000003,3.4775,7.248480000000001,7.973330000000002,0.0,0.0,0.0,0.0,1.39066,1.39066,7.248480000000001,1.391,9.056353104077298,1.391,0.0,0.0,0.0,0.0,7.248480000000001,1.2189999999999999,9.056353104077298,1.8690000000000002,0.0,0.0,0.0,0.0,7.973330000000002,10.0,7.73878081163554,10.0,-0.5,-0.10000287633210136,-0.10000287633210136,-0.09999962374566218
2.42531,3.0576500000000006,0.0,2.6049999999999995,3.13,7.973330000000002,7.176,0.0,0.0,0.0,0.0,1.2515899999999998,1.2515899999999998,7.973330000000002,1.252,7.73878081163554,1.252,0.0,0.0,0.0,0.0,7.973330000000002,1.353,7.73878081163554,1.827,0.0,0.0,0.0,0.0,7.176,10.0,8.536423567637147,10.0,-0.5,2.220446049250313e-16,2.220446049250313e-16,0.10000000000000009
2.17748,3.1310500000000006,0.0,2.396,3.13,7.176,7.893600000000001,0.0,0.0,0.0,0.0,1.2515900000000002,1.2515900000000002,7.176,1.252,8.536423567637147,1.252,0.0,0.0,0.0,0.0,7.176,1.144,8.536423567637147,2.409,0.0,0.0,0.0,0.0,7.893600000000001,10.0,8.162896625108266,10.0,-0.5,-1.1102230246251565e-16,-1.1102230246251565e-16,0.01533647511908387
3.88859,3.132000000000001,1.05833,2.376,1.8575,8.014660000000001,6.29241205953314,1.0583270250015064,1.05833,0.0,0.529,0.7432160328404599,0.9642964812722186,8.014660000000001,0.743,7.2578457152814595,0.9640000000000001,0.0,0.0,0.0,0.0,8.014660000000001,1.6329999999999998,7.2578457152814595,1.8370000000000002,0.0,0.0,0.0,0.0,6.29241205953314,10.0,9.127735701779716,10.0,-0.22783785382362243,0.2970656678593666,-0.00030745862706804683,0.04767614352470062
4.5865100000000005,3.193200000000002,2.11666,1.798,2.41,6.29241205953314,6.592409999999998,1.058327,1.05833,0.0,1.058,0.9640000000000001,0.9640000000000001,6.29241205953314,0.9640000000000001,9.127735701779716,0.9640000000000001,0.0,0.0,0.0,0.0,6.29241205953314,0.834,9.127735701779716,2.324,0.0,0.0,0.0,0.0,6.592409999999998,10.0,8.391013359193993,10.0,-0.26925222009763417,0.09999999999999987,0.09999999999999987,0.09999984831040565
5.5326,3.2327000000000017,3.1749899999999998,2.255,2.65,6.592409999999998,7.25165,1.058327,1.05833,0.0,1.587,1.0604,1.0604,6.592409999999998,1.06,8.391013359193993,1.06,0.0,0.0,0.0,0.0,6.592409999999998,1.1949999999999998,8.391013359193993,1.614,0.0,0.0,0.0,0.0,7.25165,10.0,7.432360927881478,10.0,-0.30871073274771355,0.0,0.0,-0.013789965042438568
6.56243,3.2848000000000015,4.23332,2.129,2.65,7.25165,7.151649999999999,1.058327,1.05833,0.0,2.117,1.0604,1.0604,7.25165,1.06,7.432360927881478,1.06,0.0,0.0,0.0,0.0,7.25165,1.069,7.432360927881478,2.411,0.0,0.0,0.0,0.0,7.151649999999999,10.0,9.530385919347669,10.0,-0.3387294035898288,0.18860807242549993,0.18860807242549993,0.013982787188970391
7.44719,3.327200000000001,5.29165,2.726,3.15,7.151649999999999,7.25165,1.058327,1.05833,1.05833,2.646,1.2604000000000002,1.2604000000000002,7.151649999999999,1.26,9.530385919347669,1.26,0.0,0.0,0.0,0.0,7.151649999999999,1.466,9.530385919347669,1.6149999999999998,0.0,0.0,0.0,0.0,7.25165,10.0,4.917053446500903,10.0,-0.3578890829964053,0.07933989209774639,0.07933989209774639,-0.201170768032103
7.77159,3.3906000000000005,5.29165,2.766,3.4,7.25165,5.79283,1.0583270000000002,1.05833,1.05833,2.646,1.3603999999999998,1.3603999999999998,7.25165,1.3599999999999999,4.917053446500903,1.3599999999999999,0.0,0.0,0.0,0.0,7.25165,1.4060000000000001,4.917053446500903,2.038,0.0,0.0,0.0,0.0,5.79283,10.0,7.371604110458684,10.0,-0.3638210456290154,0.10000000000000009,0.10000000000000009,0.017262719603371668
7.2743400000000005,3.5059000000000005,5.29165,2.587,3.7400000000000007,5.79283,5.892829999999999,1.0583270000000002,1.05833,1.05833,2.646,1.4964399999999998,1.4964399999999998,5.79283,1.496,7.371604110458684,1.496,0.0,0.0,0.0,0.0,5.79283,1.091,7.371604110458684,1.968,0.0,0.0,0.0,0.0,5.892829999999999,10.0,9.182823290489901,10.0,-0.3545122993976086,-0.13365053059260634,-0.13365053059260634,-0.016969775133509613
6.91048,3.5556000000000005,5.29165,2.743,3.2400000000000007,5.892829999999999,5.79283,1.058327,1.05833,1.05833,2.646,1.29644,1.29644,5.892829999999999,1.296,9.182823290489901,1.296,0.0,0.0,0.0,0.0,5.892829999999999,1.447,9.182823290489901,1.355,0.0,0.0,0.0,0.0,5.79283,10.0,6.83372045115369,10.0,-0.34685188293721997,-0.09999691462774996,-0.09999691462774996,0.09999948211841181
6.75559,3.6151500000000003,5.29165,2.322,2.9175,5.79283,6.372109999999999,1.058327,1.05833,1.05833,2.646,1.1667999999999998,1.1667999999999998,5.79283,1.167,6.83372045115369,1.167,0.0,0.0,0.0,0.0,5.79283,1.155,6.83372045115369,1.8359999999999999,0.0,0.0,0.0,0.0,6.372109999999999,10.0,9.825227482147726,10.0,-0.34334055204652736,-0.09999999999999987,-0.09999999999999987,0.09999984306611154
6.47105,3.6512500000000006,5.29165,2.2640000000000002,2.625,6.372109999999999,7.00932,1.0583270000000002,1.05833,1.05833,2.646,1.05012,1.05012,6.372109999999999,1.05,9.825227482147726,1.05,0.0,0.0,0.0,0.0,6.372109999999999,1.214,9.825227482147726,1.684,0.0,0.0,0.0,0.0,7.00932,10.0,5.68667586286122,10.0,-0.5,0.09999809545575755,0.09999809545575755,0.09999971466561686
5.73459,3.6811000000000007,4.23332,2.589,2.8875,7.00932,7.71025,0.0,0.0,1.05833,2.117,1.15513,1.15513,7.00932,1.155,5.68667586286122,1.155,0.0,0.0,0.0,0.0,7.00932,1.434,5.68667586286122,1.8,0.0,0.0,0.0,0.0,7.71025,10.0,8.457345811818527,10.0,-0.5,0.0,0.0,0.025939496125287675
4.4785900000000005,3.7505500000000005,3.1749899999999998,2.193,2.8875,7.71025,7.9102500000000004,0.0,0.0,1.05833,1.587,1.15513,1.15513,7.71025,1.155,8.457345811818527,1.155,0.0,0.0,0.0,0.0,7.71025,1.038,8.457345811818527,1.459,0.0,0.0,0.0,0.0,7.9102500000000004,10.0,8.285084477251981,10.0,-0.5,-0.08657034273198683,-0.08657034273198683,0.012641825479599245
3.42971,3.7951000000000006,2.11666,2.192,2.6375,7.9102500000000004,8.010250000000001,0.0,0.0,1.05833,1.058,1.05513,1.05513,7.9102500000000004,1.0550000000000002,8.285084477251981,1.0550000000000002,0.0,0.0,0.0,0.0,7.9102500000000004,1.137,8.285084477251981,1.826,0.0,0.0,0.0,0.0,8.010250000000001,10.0,8.13781684543304,10.0,-0.5,0.0947750514154655,0.0947750514154655,-0.012484004868761889
2.3180300000000003,3.8563500000000004,1.05833,2.275,2.8875,8.010250000000001,7.9102500000000004,0.0,0.0,1.05833,0.529,1.1551300000000002,1.1551300000000002,8.010250000000001,1.155,8.13781684543304,1.155,0.0,0.0,0.0,0.0,8.010250000000001,1.1199999999999999,8.13781684543304,2.4829999999999997,0.0,0.0,0.0,0.0,7.9102500000000004,10.0,8.316587887573107,10.0,-0.4995685991984573,-1.1102230246251565e-16,-1.1102230246251565e-16,0.012641825479599245
1.39832,3.8901000000000003,0.001,2.55,2.8875,7.9102500000000004,8.010250000000001,0.001000000000000006,0.001,0.0,0.0,1.15513,1.15513,7.9102500000000004,1.155,8.316587887573107,1.155,0.0,0.0,0.0,0.0,7.9102500000000004,1.395,8.316587887573107,1.761,0.0,0.0,0.0,0.0,8.010250000000001,10.0,7.055955109199969,10.0,-0.49928485611304996,-0.08657034273198683,-0.08657034273198683,-0.012484004868761889
2.06151,3.8649500000000008,0.002,2.574,2.3225,8.010250000000001,7.9102500000000004,0.0009999999999999835,0.001,0.0,0.001,1.05513,1.05513,8.010250000000001,0.9289999999999999,7.055955109199969,0.9289999999999999,0.0,0.0,0.0,0.0,8.010250000000001,1.645,7.055955109199969,1.9629999999999999,0.0,0.0,0.0,0.0,7.9102500000000004,10.0,9.2875848856182,10.0,-0.499514918676116,0.0947750514154655,0.0947750514154655,-0.012641825479599245
1.65345,3.954300000000001,0.003,1.9940000000000002,2.8875,7.9102500000000004,7.810250000000001,0.0010000000000000503,0.001,0.0,0.002,1.1551300000000002,1.1551300000000002,7.9102500000000004,1.155,9.2875848856182,1.155,0.0,0.0,0.0,0.0,7.9102500000000004,0.8390000000000001,9.2875848856182,2.508,0.0,0.0,0.0,0.0,7.810250000000001,10.0,7.287022674449657,10.0,-0.49939520396746195,-1.1102230246251565e-16,-1.1102230246251565e-16,-0.01280368746198901
1.81799,3.9955000000000007,0.004,2.3280000000000003,2.74,7.810250000000001,7.71025,0.0010000000000000328,0.001,0.0,0.002,1.15513,1.15513,7.810250000000001,1.096,7.287022674449657,1.096,0.0,0.0,0.0,0.0,7.810250000000001,1.232,7.287022674449657,1.486,0.0,0.0,0.0,0.0,7.71025,10.0,8.30002012567182,10.0,-0.4994499419688777,0.0,0.0,-0.012969748062643838
1.5892899999999999,4.0734,0.005,2.061,2.84,7.71025,7.610250000000001,0.0010000000000000143,0.001,0.001,0.002,1.15513,1.15513,7.71025,1.136,8.30002012567182,1.136,0.0,0.0,0.0,0.0,7.71025,0.925,8.30002012567182,2.2190000000000003,0.0,0.0,0.0,0.0,7.610250000000001,10.0,8.884156823365798,10.0,-0.4993707882136048,0.08657034273198683,0.08657034273198683,-0.013140172793272176
1.75033,4.084300000000001,0.005,2.3009999999999997,2.41,7.610250000000001,7.510250000000001,0.0010000000000000109,0.001,0.001,0.002,1.2551299999999999,1.2551299999999999,7.610250000000001,0.9640000000000001,8.884156823365798,0.9640000000000001,0.0,0.0,0.0,0.0,7.610250000000001,1.337,8.884156823365798,1.459,0.0,0.0,0.0,0.0,7.510250000000001,10.0,6.691328304663811,10.0,-0.49942867916335776,0.09999760980934269,0.09999760980934269,0.10000066575679889
2.012,4.12455,0.005,2.68,3.0825,7.510250000000001,8.26128,0.001000000000000015,0.001,0.001,0.002,1.38064,1.38064,7.510250000000001,1.233,6.691328304663811,1.233,0.0,0.0,0.0,0.0,7.510250000000001,1.447,6.691328304663811,1.698,0.0,0.0,0.0,0.0,8.26128,10.0,9.468215735480989,10.0,-0.4995029821073559,0.0,0.0,-0.012104661747332157
1.54785,4.2209,0.005,1.8739999999999999,2.8375,8.26128,8.16128,0.0009999999999999569,0.001,0.001,0.002,1.38064,1.38064,8.26128,1.135,9.468215735480989,1.135,0.0,0.0,0.0,0.0,8.26128,0.739,9.468215735480989,2.498,0.0,0.0,0.0,0.0,8.16128,10.0,6.85544227723461,10.0,-0.4993539425654941,0.09999710279290763,0.09999710279290763,-0.10900005881430352
1.73306,4.26625,0.005,2.124,2.5775,8.16128,7.2717,0.000999999999999971,0.001,0.001,0.002,1.5187000000000002,1.5187000000000002,8.16128,1.0310000000000001,6.85544227723461,1.0310000000000001,0.0,0.0,0.0,0.0,8.16128,1.093,6.85544227723461,1.609,0.0,0.0,0.0,0.0,7.2717,10.0,8.208553683317989,10.0,-0.49942298593239703,-0.10000000000000009,-0.10000000000000009,-0.03750429748201933
1.93061,4.28065,0.005,2.6559999999999997,2.8,7.2717,6.99898,0.0009999999999999955,0.001,0.001,0.002,1.36683,1.36683,7.2717,1.1199999999999999,8.208553683317989,1.1199999999999999,0.0,0.0,0.0,0.0,7.2717,1.536,8.208553683317989,1.7420000000000002,0.0,0.0,0.0,0.0,6.99898,10.0,8.925119954087112,10.0,-0.4994820289960168,0.0731619879575367,0.0731619879575367,0.07143898110867575
1.88942,4.3138,0.005,2.701,3.0325,6.99898,7.49898,0.0010000000000000224,0.001,0.001,0.002,1.4668299999999999,1.4668299999999999,6.99898,1.213,8.925119954087112,1.213,0.0,0.0,0.0,0.0,6.99898,1.488,8.925119954087112,2.127,0.0,0.0,0.0,0.0,7.49898,10.0,7.990531696136597,10.0,-0.49947073705158196,2.220446049250313e-16,2.220446049250313e-16,-0.02667029382662711
2.39636,4.2992,0.005,3.196,3.05,7.49898,7.29898,0.0010000000000000154,0.001,0.001,0.002,1.4668300000000003,1.4668300000000003,7.49898,1.22,7.990531696136597,1.22,0.0,0.0,0.0,0.0,7.49898,1.9760000000000002,7.990531696136597,1.3699999999999999,0.0,0.0,0.0,0.0,7.29898,10.0,8.457559270395674,10.0,-0.49958270042898395,0.13634845210419733,0.13634845210419733,0.05480217783854724
1.83182,4.428450000000001,0.005,2.5100000000000002,3.8025000000000007,7.29898,7.698980000000001,0.0010000000000000213,0.001,0.001,0.002,1.6668299999999998,1.6668299999999998,7.29898,1.5210000000000001,8.457559270395674,1.5210000000000001,0.0,0.0,0.0,0.0,7.29898,0.9890000000000001,8.457559270395674,2.054,0.0,0.0,0.0,0.0,7.698980000000001,10.0,8.297210917388933,10.0,-0.4994540948346453,0.0,0.0,-0.10000025977467142
2.00114,4.45485,0.005,2.601,2.865,7.698980000000001,6.929080000000001,0.0010000000000000237,0.001,0.001,0.002,1.6668299999999998,1.6668299999999998,7.698980000000001,1.1460000000000001,8.297210917388933,1.1460000000000001,0.0,0.0,0.0,0.0,7.698980000000001,1.455,8.297210917388933,1.5310000000000001,0.0,0.0,0.0,0.0,6.929080000000001,10.0,7.695962409153765,10.0,-0.4995002848376425,-0.09999820017638261,-0.09999820017638261,0.07215965178638428
2.02155,4.5052,0.005,2.9189999999999996,3.4225000000000003,6.929080000000001,7.429080000000001,0.0010000000000000325,0.001,0.001,0.002,1.50015,1.50015,6.929080000000001,1.369,7.695962409153765,1.369,0.0,0.0,0.0,0.0,6.929080000000001,1.55,7.695962409153765,1.572,0.0,0.0,0.0,0.0,7.429080000000001,10.0,9.192903812331002,10.0,-0.4995053300685118,0.0,0.0,-0.06730308463497503
2.18798,4.51475,0.005,2.947,3.0425,7.429080000000001,6.929080000000001,0.0010000000000000174,0.001,0.001,0.002,1.50015,1.50015,7.429080000000001,1.217,9.192903812331002,1.217,0.0,0.0,0.0,0.0,7.429080000000001,1.73,9.192903812331002,1.625,0.0,0.0,0.0,0.0,6.929080000000001,10.0,7.612203339252562,10.0,-0.5,0.0,0.0,-0.04329579107183057
1.8184200000000001,4.62815,0.004,2.616,3.75,6.929080000000001,6.62908,0.0,0.0,0.001,0.002,1.50015,1.50015,6.929080000000001,1.5,7.612203339252562,1.5,0.0,0.0,0.0,0.0,6.929080000000001,1.116,7.612203339252562,2.2489999999999997,0.0,0.0,0.0,0.0,6.62908,10.0,9.733806488697317,10.0,-0.5,0.0,0.0,0.21000048272158423
1.64548,4.6575999999999995,0.003,2.4829999999999997,2.7775,6.62908,8.02119,0.0,0.0,0.001,0.002,1.50015,1.50015,6.62908,1.111,9.733806488697317,1.111,0.0,0.0,0.0,0.0,6.62908,1.372,9.733806488697317,1.9620000000000002,0.0,0.0,0.0,0.0,8.02119,10.0,5.117675639853528,10.0,-0.5,0.0,0.0,-2.220446049250313e-16
0.1,0.125,0.1,1.0,1.25,0.8,0.8,0.1,0.1,0.0,0.05,0.5,0.5,0.8,0.5,0.8,0.5,0.0,0.0,0.0,0.0,0.8,0.5,0.8,0.5,0.0,0.0,0.0,0.0,0.8,10.0,0.8,10.0,-0.5,0.0,0.0,0.050000000000000044
0.10942,0.1376,0.1,1.124,1.25,0.8,0.8400000000000001,0.0,0.0,0.0,0.05,0.5,0.5,0.8,0.5,0.8,0.5,0.0,0.0,0.0,0.0,0.8,0.624,0.8,0.542,0.0,0.0,0.0,0.0,0.8400000000000001,10.0,1.1999062299728394,10.0,-0.5,0.0,0.0,0.050000000000000044
0.10386,0.1472,0.1,1.154,1.25,0.8400000000000001,0.882,0.0,0.0,0.0,0.05,0.5,0.5,0.8400000000000001,0.5,1.1999062299728394,0.5,0.0,0.0,0.0,0.0,0.8400000000000001,0.654,1.1999062299728394,0.589,0.0,0.0,0.0,0.0,0.882,10.0,1.10108488588968,10.0,-0.5,0.0,0.0,0.04999999999999982
0.11499,0.1466,0.1,1.2559999999999998,1.25,0.882,0.9260999999999999,0.0,0.0,0.0,0.05,0.5,0.5,0.882,0.5,1.10108488588968,0.5,0.0,0.0,0.0,0.0,0.882,0.756,1.10108488588968,0.626,0.0,0.0,0.0,0.0,0.9260999999999999,10.0,1.1515182453014163,10.0,-0.5,0.0,0.0,0.0500053989849909
0.12535,0.1477,0.1,1.239,1.25,0.9260999999999999,0.97241,0.0,0.0,0.1,0.05,0.5,0.5,0.9260999999999999,0.5,1.1515182453014163,0.5,0.0,0.0,0.0,0.0,0.9260999999999999,0.739,1.1515182453014163,0.621,0.0,0.0,0.0,0.0,0.97241,10.0,1.2248666949775626,10.0,-0.5,0.0,0.0,0.049999485813597255
0.03382,0.1505,0.0,1.222,1.25,0.97241,1.02103,0.0,0.0,0.0,0.0,0.5,0.5,0.97241,0.5,1.2248666949775626,0.5,0.0,0.0,0.0,0.0,0.97241,0.722,1.2248666949775626,0.5780000000000001,0.0,0.0,0.0,0.0,1.02103,10.0,1.3762664224850758,10.0,-0.5,0.0,0.0,0.0499985308952724
0.09119,0.09645000000000001,0.0,0.893,0.3525,1.02103,1.0720800000000001,0.0,0.0,0.0,0.0,0.5,0.5,1.02103,0.141,1.3762664224850758,0.141,0.0,0.0,0.0,0.0,1.02103,0.752,1.3762664224850758,0.601,0.0,0.0,0.0,0.0,1.0720800000000001,10.0,1.4714468542253312,10.0,-0.5,0.0,0.0,0.049996268935154076
0.0859,0.10595,0.0,0.8,0.8949999999999999,1.0720800000000001,1.12568,0.0,0.0,0.0,0.0,0.5,0.5,1.0720800000000001,0.358,1.4714468542253312,0.358,0.0,0.0,0.0,0.0,1.0720800000000001,0.442,1.4714468542253312,0.396,0.0,0.0,0.0,0.0,1.12568,10.0,1.7825706689196068,10.0,-0.5,0.0,0.0,0.04999644659228197
0.09106,0.0989,0.0,0.808,0.7375,1.12568,1.18196,0.0,0.0,0.0,0.0,0.5,0.5,1.12568,0.29500000000000004,1.7825706689196068,0.29500000000000004,0.0,0.0,0.0,0.0,1.12568,0.513,1.7825706689196068,0.465,0.0,0.0,0.0,0.0,1.18196,10.0,2.034338029628789,10.0,-0.5,0.0,0.0,0.05000169210463978
0.09187999999999999,0.09195,0.0,0.777,0.7075,1.18196,1.24106,0.0,0.0,0.0,0.0,0.5,0.5,1.18196,0.28300000000000003,2.034338029628789,0.28300000000000003,0.0,0.0,0.0,0.0,1.18196,0.49400000000000005,2.034338029628789,0.48600000000000004,0.0,0.0,0.0,0.0,1.24106,10.0,2.080721149684419,10.0,-0.5,0.0,0.0,0.04999758271155308
0.09183,0.08710000000000001,0.0,0.741,0.6925,1.24106,1.30311,0.0,0.0,0.0,0.0,0.5,0.5,1.24106,0.277,2.080721149684419,0.277,0.0,0.0,0.0,0.0,1.24106,0.46399999999999997,2.080721149684419,0.507,0.0,0.0,0.0,0.0,1.30311,10.0,2.109116110430247,10.0,-0.5,0.0,0.0,0.05000345327716005
0.09477,0.08165000000000001,0.0,0.727,0.6725,1.30311,1.36827,0.0,0.0,0.0,0.0,0.5,0.5,1.30311,0.269,2.109116110430247,0.269,0.0,0.0,0.0,0.0,1.30311,0.458,2.109116110430247,0.579,0.0,0.0,0.0,0.0,1.36827,10.0,2.2098554599587845,10.0,-0.5,0.0,0.0,0.049997442025331296
0.096,0.0777,0.0,0.702,0.6625,1.36827,1.4366800000000002,0.0,0.0,0.0,0.0,0.5,0.5,1.36827,0.265,2.2098554599587845,0.265,0.0,0.0,0.0,0.0,1.36827,0.437,2.2098554599587845,0.6519999999999999,0.0,0.0,0.0,0.0,1.4366800000000002,10.0,2.3206809863157387,10.0,-0.5,0.0,0.0,0.04999721580310146
0.10018,0.07185000000000001,0.0,0.696,0.6375,1.4366800000000002,1.5085099999999998,0.0,0.0,0.0,0.0,0.5,0.5,1.4366800000000002,0.255,2.3206809863157387,0.255,0.0,0.0,0.0,0.0,1.4366800000000002,0.441,2.3206809863157387,0.758,0.0,0.0,0.0,0.0,1.5085099999999998,10.0,2.419356224373083,10.0,-0.5,0.0,0.0,0.050002983076015584
0.10139,0.0684,0.0,0.6719999999999999,0.6375,1.5085099999999998,1.5839400000000001,0.0,0.0,0.0,0.0,0.5,0.5,1.5085099999999998,0.255,2.419356224373083,0.255,0.0,0.0,0.0,0.0,1.5085099999999998,0.417,2.419356224373083,0.8099999999999999,0.0,0.0,0.0,0.0,1.5839400000000001,10.0,2.5328127933531084,10.0,-0.5,0.0,0.0,0.05000189401113664
0.10592,0.06310000000000002,0.0,0.6679999999999999,0.615,1.5839400000000001,1.6631399999999998,0.0,0.0,0.0,0.0,0.5,0.5,1.5839400000000001,0.246,2.5328127933531084,0.246,0.0,0.0,0.0,0.0,1.5839400000000001,0.422,2.5328127933531084,0.8539999999999999,0.0,0.0,0.0,0.0,1.6631399999999998,10.0,2.6280761897984357,10.0,-0.5,0.0,0.0,0.05000180381687658
0.10521,0.0605,0.0,0.6279999999999999,0.605,1.6631399999999998,1.7463000000000002,0.0,0.0,0.0,0.0,0.5,0.5,1.6631399999999998,0.242,2.6280761897984357,0.24700000000000003,0.0,0.0,0.0,0.0,1.6631399999999998,0.386,2.6280761897984357,0.8400000000000001,0.0,0.0,0.0,0.0,1.7463000000000002,10.0,2.683186095617726,10.0,-0.5,0.0,0.0,0.050002863196472624
0.10640999999999999,0.0565,0.0,0.608,0.5650000000000001,1.7463000000000002,1.8336200000000002,0.0,0.0,0.0,0.0,0.5,0.5,1.7463000000000002,0.22400000000000003,2.683186095617726,0.238,10.0,0.002,0.0,0.0,1.7463000000000002,0.384,2.683186095617726,0.89,10.0,0.024,0.0,0.0,1.8336200000000002,10.0,2.8033742165203086,10.0,-0.5,0.0,0.0,0.0499994546307303
0.08053,0.06995,0.0,0.438,0.5725,1.8336200000000002,1.9253,0.0,0.0,0.0,0.0,0.5,0.5,1.8336200000000002,0.229,2.8033742165203086,0.229,0.0,0.0,0.0,0.0,1.8336200000000002,0.209,2.8033742165203086,1.099,0.0,0.0,0.0,0.0,1.9253,10.0,1.6763973679241613,10.0,-0.5,0.0,0.0,0.05000259699787035
0.09843,0.07475000000000001,0.0,0.512,0.56,1.9253,2.0215699999999996,0.0,0.0,0.0,0.0,0.5,0.5,1.9253,0.22400000000000003,1.6763973679241613,0.22400000000000003,0.0,0.0,0.0,0.0,1.9253,0.288,1.6763973679241613,0.8539999999999999,0.0,0.0,0.0,0.0,2.0215699999999996,10.0,2.2937533016075493,10.0,-0.5,0.0,0.0,0.05000074199755655
0.12093000000000001,0.07195,0.0,0.5980000000000001,0.57,2.0215699999999996,2.12265,0.0,0.0,0.0,0.0,0.5,0.5,2.0215699999999996,0.22799999999999998,2.2937533016075493,0.22799999999999998,0.0,0.0,0.0,0.0,2.0215699999999996,0.37,2.2937533016075493,0.86,0.0,0.0,0.0,0.0,2.12265,10.0,3.0199946182825466,10.0,-0.5,0.0,0.0,0.04999882222693319
0.15247999999999998,0.05825,0.0,0.716,0.5825,2.12265,2.22878,0.0,0.0,0.0,0.0,0.5,0.5,2.12265,0.233,3.0199946182825466,0.23500000000000001,0.0,0.0,0.0,0.0,2.12265,0.483,3.0199946182825466,1.069,0.0,0.0,0.0,0.0,2.22878,10.0,3.528014958276428,10.0,-0.5,0.0,0.0,0.05000044867595732
0.12944999999999998,0.05525,0.0,0.579,0.5525,2.22878,2.34022,0.0,0.0,0.0,0.0,0.5,0.5,2.22878,0.209,3.528014958276428,0.265,10.0,0.012,0.0,0.0,2.22878,0.37,3.528014958276428,0.8550000000000001,10.0,0.098,0.0,0.0,2.34022,10.0,2.933374820214908,10.0,-0.5,0.0,0.0,0.049999572689747085
0.12053,0.06509999999999999,0.0,0.514,0.6125,2.34022,2.45723,0.0,0.0,0.0,0.0,0.5,0.5,2.34022,0.24500000000000002,2.933374820214908,0.24500000000000002,0.0,0.0,0.0,0.0,2.34022,0.269,2.933374820214908,0.967,0.0,0.0,0.0,0.0,2.45723,10.0,4.278078629999862,10.0,-0.5,0.0,0.0,0.04999938955653316
0.13216,0.056049999999999996,0.0,0.538,0.44749999999999995,2.45723,2.5800899999999998,0.0,0.0,0.0,0.0,0.5,0.5,2.45723,0.179,4.278078629999862,0.179,0.0,0.0,0.0,0.0,2.45723,0.359,4.278078629999862,0.8130000000000001,0.0,0.0,0.0,0.0,2.5800899999999998,10.0,2.1985933960318738,10.0,-0.5,0.0,0.0,0.04999825587479512
0.14547,0.06499999999999999,0.0,0.5619999999999999,0.6499999999999999,2.5800899999999998,2.70909,0.0,0.0,0.0,0.0,0.5,0.5,2.5800899999999998,0.255,2.1985933960318738,0.277,10.0,0.005,0.0,0.0,2.5800899999999998,0.307,2.1985933960318738,0.829,10.0,0.027000000000000003,0.0,0.0,2.70909,10.0,3.1385732115111353,10.0,-0.5,0.0,0.0,0.049998338925617114
0.1383,0.07615,0.0,0.511,0.6225,2.70909,2.8445400000000003,0.0,0.0,0.0,0.0,0.5,0.5,2.70909,0.24900000000000003,3.1385732115111353,0.24900000000000003,0.0,0.0,0.0,0.0,2.70909,0.262,3.1385732115111353,0.48200000000000004,0.0,0.0,0.0,0.0,2.8445400000000003,10.0,4.135605408601907,10.0,-0.5,0.0,0.0,0.050001054652070165
0.13237000000000002,0.07915,0.0,0.465,0.495,2.8445400000000003,2.98677,0.0,0.0,0.0,0.0,0.5,0.5,2.8445400000000003,0.198,4.135605408601907,0.198,0.0,0.0,0.0,0.0,2.8445400000000003,0.267,4.135605408601907,0.5730000000000001,0.0,0.0,0.0,0.0,2.98677,10.0,4.121558070326634,10.0,-0.5,0.0,0.0,0.05000050221476715
0.15218,0.07475,0.0,0.509,0.465,2.98677,3.13611,0.0,0.0,0.0,0.0,0.5,0.5,2.98677,0.186,4.121558070326634,0.186,0.0,0.0,0.0,0.0,2.98677,0.323,4.121558070326634,0.642,0.0,0.0,0.0,0.0,3.13611,10.0,4.436967130036789,10.0,-0.5,0.0,0.0,0.05000143489864839
0.19440000000000002,0.06299999999999999,0.0,0.62,0.5025,3.13611,3.29292,0.0,0.0,0.0,0.0,0.5,0.5,3.13611,0.20099999999999998,4.436967130036789,0.20099999999999998,0.0,0.0,0.0,0.0,3.13611,0.41900000000000004,4.436967130036789,0.6910000000000001,0.0,0.0,0.0,0.0,3.29292,10.0,4.835506944843438,10.0,-0.5,0.0,0.0,0.050001214727354304
0.20923,0.057999999999999996,0.0,0.6279999999999999,0.58,3.29292,3.4575699999999996,0.0,0.0,0.0,0.0,0.5,0.5,3.29292,0.23199999999999998,4.835506944843438,0.23900000000000002,0.0,0.0,0.0,0.0,3.29292,0.396,4.835506944843438,0.658,10.0,0.012,0.0,0.0,3.4575699999999996,10.0,5.208966183281197,10.0,-0.5,0.0,0.0,0.05000043383069608
0.16909,0.06945,0.0,0.4880000000000001,0.6025,3.4575699999999996,3.6304499999999997,0.0,0.0,0.0,0.0,0.5,0.5,3.4575699999999996,0.24100000000000002,5.208966183281197,0.24100000000000002,0.0,0.0,0.0,0.0,3.4575699999999996,0.24700000000000003,5.208966183281197,0.393,0.0,0.0,0.0,0.0,3.6304499999999997,10.0,4.6250127161396914,10.0,-0.5,0.0,0.0,0.04999931138013203
0.16613,0.07490000000000001,0.0,0.458,0.5125,3.6304499999999997,3.81197,0.0,0.0,0.0,0.0,0.5,0.5,3.6304499999999997,0.205,4.6250127161396914,0.205,0.0,0.0,0.0,0.0,3.6304499999999997,0.253,4.6250127161396914,0.43099999999999994,0.0,0.0,0.0,0.0,3.81197,10.0,5.078191448668347,10.0,-0.5,0.0,0.0,0.050000393497325435
0.19619999999999999,0.07015,0.0,0.515,0.4675000000000001,3.81197,4.00257,0.0,0.0,0.0,0.0,0.5,0.5,3.81197,0.187,5.078191448668347,0.187,0.0,0.0,0.0,0.0,3.81197,0.32799999999999996,5.078191448668347,0.499,0.0,0.0,0.0,0.0,4.00257,10.0,5.176122880625421,10.0,-0.5,0.0,0.0,0.05000037475921726
0.21872,0.06895000000000001,0.0,0.547,0.535,4.00257,4.2027,0.0,0.0,0.0,0.0,0.5,0.5,4.00257,0.21400000000000002,5.176122880625421,0.21400000000000002,0.0,0.0,0.0,0.0,4.00257,0.333,5.176122880625421,0.45999999999999996,0.0,0.0,0.0,0.0,4.2027,10.0,5.262645946414083,10.0,-0.5,0.0,0.0,0.050001189711375904
0.28164999999999996,0.05970000000000002,0.0,0.6699999999999999,0.5775,4.2027,4.41284,0.0,0.0,0.0,0.0,0.5,0.5,4.2027,0.231,5.262645946414083,0.231,0.0,0.0,0.0,0.0,4.2027,0.43899999999999995,5.262645946414083,0.5509999999999999,0.0,0.0,0.0,0.0,4.41284,10.0,5.383785641438989,10.0,-0.5,0.0,0.0,0.04999954677713214
0.26442,0.059,0.0,0.599,0.59,4.41284,4.63348,0.0,0.0,0.0,0.0,0.5,0.5,4.41284,0.195,5.383785641438989,0.28700000000000003,10.0,0.040999999999999995,0.0,0.0,4.41284,0.404,5.383785641438989,0.712,10.0,0.19,0.0,0.0,4.63348,10.0,5.521250371749358,10.0,-0.5,0.0,0.0,0.0499991367179744
0.25848000000000004,0.06829999999999999,0.0,0.557,0.65,4.63348,4.865149999999999,0.0,0.0,0.0,0.0,0.5,0.5,4.63348,0.26,5.521250371749358,0.26,0.0,0.0,0.0,0.0,4.63348,0.29700000000000004,5.521250371749358,0.437,0.0,0.0,0.0,0.0,4.865149999999999,10.0,4.66594279122329,10.0,-0.5,0.0,0.0,0.050000513858771134
0.31739,0.07085,0.0,0.6519999999999999,0.6775,4.865149999999999,5.108409999999999,0.0,0.0,0.0,0.0,0.5,0.5,4.865149999999999,0.271,4.66594279122329,0.271,0.0,0.0,0.0,0.0,4.865149999999999,0.381,4.66594279122329,0.563,0.0,0.0,0.0,0.0,5.108409999999999,10.0,5.57957523247424,10.0,-0.5,0.0,0.0,0.04999990212218686
0.36156,0.0695,0.0,0.708,0.6950000000000001,5.108409999999999,5.36383,0.0,0.0,0.0,0.0,0.5,0.5,5.108409999999999,0.258,5.57957523247424,0.29700000000000004,10.0,0.02,0.0,0.0,5.108409999999999,0.45,5.57957523247424,0.768,10.0,0.067,0.0,0.0,5.36383,10.0,5.451558115214551,10.0,-0.5,0.0,0.0,0.04999972034907896
0.31787,0.09380000000000001,0.0,0.592,0.835,5.36383,5.63202,0.0,0.0,0.0,0.0,0.5,0.5,5.36383,0.33399999999999996,5.451558115214551,0.33399999999999996,0.0,0.0,0.0,0.0,5.36383,0.258,5.451558115214551,0.484,0.0,0.0,0.0,0.0,5.63202,10.0,5.014823079365142,10.0,-0.5,0.0,0.0,0.04999982244381229
0.37968999999999997,0.10105,0.0,0.675,0.7475,5.63202,5.91362,0.0,0.0,0.0,0.0,0.5,0.5,5.63202,0.29900000000000004,5.014823079365142,0.29900000000000004,0.0,0.0,0.0,0.0,5.63202,0.376,5.014823079365142,0.633,0.0,0.0,0.0,0.0,5.91362,10.0,5.6210580119678575,10.0,-0.5,0.0,0.0,0.0499998308988403
0.51114,0.09690000000000001,0.0,0.8640000000000001,0.8225,5.91362,6.2093,0.0,0.0,0.0,0.0,0.5,0.5,5.91362,0.329,5.6210580119678575,0.329,0.0,0.0,0.0,0.0,5.91362,0.5349999999999999,5.6210580119678575,0.836,0.0,0.0,0.0,0.0,6.2093,10.0,5.279416744331894,10.0,-0.5,0.0,0.0,0.05000080524374728
0.6027,0.10525000000000001,0.0,0.97,1.0525,6.2093,6.519769999999999,0.0,0.0,0.0,0.0,0.5,0.5,6.2093,0.383,5.279416744331894,0.445,10.0,0.038,0.0,0.0,6.2093,0.587,5.279416744331894,0.9789999999999999,10.0,0.096,0.0,0.0,6.519769999999999,10.0,5.617260136632463,10.0,-0.5,0.0,0.0,0.050000230069465745
0.5465,0.14559999999999998,0.0,0.8390000000000001,1.2425,6.519769999999999,6.84576,0.0,0.0,0.0,0.0,0.5,0.5,6.519769999999999,0.497,5.617260136632463,0.497,0.0,0.0,0.0,0.0,6.519769999999999,0.34199999999999997,5.617260136632463,0.634,0.0,0.0,0.0,0.0,6.84576,10.0,6.042457264871798,10.0,-0.5,0.0,0.0,0.05000029215163826
0.6394299999999999,0.1582,0.0,0.9339999999999999,1.06,6.84576,7.188049999999999,0.0,0.0,0.0,0.0,0.5,0.5,6.84576,0.42400000000000004,6.042457264871798,0.42400000000000004,0.0,0.0,0.0,0.0,6.84576,0.51,6.042457264871798,0.76,0.0,0.0,0.0,0.0,7.188049999999999,10.0,5.649657174287546,10.0,-0.5,0.0,0.0,0.04999965220052749
0.8447100000000001,0.16520000000000004,0.0,1.175,1.245,7.188049999999999,7.5474499999999995,0.0,0.0,0.0,0.0,0.5,0.5,7.188049999999999,0.49800000000000005,5.649657174287546,0.49800000000000005,0.0,0.0,0.0,0.0,7.188049999999999,0.6769999999999999,5.649657174287546,0.998,0.0,0.0,0.0,0.0,7.5474499999999995,10.0,6.292908218822484,10.0,-0.5,0.0,0.0,0.04999966876229722
1.19952,0.15150000000000005,0.0,1.387,1.25,7.5474499999999995,7.9248199999999995,0.0,0.0,0.0,0.0,0.5,0.5,7.5474499999999995,0.5,6.292908218822484,0.5,0.0,0.0,0.0,0.0,7.5474499999999995,0.8869999999999999,6.292908218822484,0.8619999999999999,0.0,0.0,0.0,0.0,7.9248199999999995,10.0,6.84051157400602,10.0,-0.5,0.0,0.0,0.049999873814168705
1.40826,0.15700000000000003,0.0,1.1949999999999998,1.25,7.9248199999999995,8.32106,0.0,0.0,0.0,0.0,0.5,0.5,7.9248199999999995,0.5,6.84051157400602,0.5,0.0,0.0,0.0,0.0,7.9248199999999995,0.6950000000000001,6.84051157400602,1.03,0.0,0.0,0.0,0.0,8.32106,10.0,7.113913362159236,10.0,-0.5,0.0,0.0,0.04999963946900987
1.78148,0.14440000000000003,0.0,1.376,1.25,8.32106,8.73711,0.0,0.0,0.0,0.0,0.5,0.5,8.32106,0.5,7.113913362159236,0.5,0.0,0.0,0.0,0.0,8.32106,0.876,7.113913362159236,0.867,0.0,0.0,0.0,0.0,8.73711,10.0,6.716857204094671,10.0,-0.5,0.0,0.0,0.0
2.12539,0.14160000000000003,0.0,1.278,1.25,8.73711,8.73711,0.0,0.0,0.0,0.0,0.5,0.5,8.73711,0.5,6.716857204094671,0.5,0.0,0.0,0.0,0.0,8.73711,0.778,6.716857204094671,1.05,0.0,0.0,0.0,0.0,8.73711,10.0,7.671722510837188,10.0,-0.5,0.0,0.0,0.0
2.46698,0.13360000000000002,0.0,1.33,1.25,8.73711,8.73711,0.0,0.0,0.0,0.0,0.5,0.5,8.73711,0.5,7.671722510837188,0.5,0.0,0.0,0.0,0.0,8.73711,0.8300000000000001,7.671722510837188,0.923,0.0,0.0,0.0,0.0,8.73711,10.0,6.841923880519286,10.0,-0.5,0.0,0.0,0.0
2.8569,0.125,0.0,1.34,1.25,8.73711,8.73711,0.0,0.0,0.0,0.0,0.5,0.5,8.73711,0.485,6.841923880519286,0.5,10.0,0.015,0.0,0.0,8.73711,0.8550000000000001,6.841923880519286,0.975,10.0,0.026000000000000002,0.0,0.0,8.73711,10.0,7.974224459142309,10.0,-0.5,0.0,0.0,0.0
2.8435,0.1559,0.0,0.9410000000000001,1.25,8.73711,8.73711,0.0,0.0,0.0,0.0,0.5,0.5,8.73711,0.5,7.974224459142309,0.5,0.0,0.0,0.0,0.0,8.73711,0.441,7.974224459142309,0.604,0.0,0.0,0.0,0.0,8.73711,10.0,4.692591012158149,10.0,-0.5,0.0,0.0,0.0
3.16717,0.16699999999999998,0.0,1.139,1.25,8.73711,8.73711,0.0,0.0,0.0,0.0,0.5,0.5,8.73711,0.5,4.692591012158149,0.5,0.0,0.0,0.0,0.0,8.73711,0.639,4.692591012158149,0.8869999999999999,0.0,0.0,0.0,0.0,8.73711,10.0,6.832126521345752,10.0,-0.5,0.0,0.0,0.0
3.37775,0.1788,0.0,1.1320000000000001,1.25,8.73711,8.73711,0.0,0.0,0.0,0.0,0.5,0.5,8.73711,0.5,6.832126521345752,0.5,0.0,0.0,0.0,0.0,8.73711,0.632,6.832126521345752,1.234,0.0,0.0,0.0,0.0,8.73711,10.0,7.451587319162694,10.0,-0.5,0.0,0.0,0.0
3.74083,0.1696,0.0,1.342,1.25,8.73711,8.73711,0.0,0.0,0.0,0.0,0.5,0.5,8.73711,0.5,7.451587319162694,0.5,0.0,0.0,0.0,0.0,8.73711,0.842,7.451587319162694,0.999,0.0,0.0,0.0,0.0,8.73711,10.0,7.358167790815105,10.0,-0.5,0.0,0.0,0.0
4.126060000000001,0.1584,0.0,1.3619999999999999,1.25,8.73711,8.73711,0.0,0.0,0.0,0.0,0.5,0.5,8.73711,0.5,7.358167790815105,0.5,0.0,0.0,0.0,0.0,8.73711,0.8619999999999999,7.358167790815105,1.3359999999999999,0.0,0.0,0.0,0.0,8.73711,10.0,7.9305738041483735,10.0,-0.5,0.0,0.0,0.0
4.629449999999999,0.13040000000000002,0.0,1.53,1.25,8.73711,8.73711,0.0,0.0,0.0,0.0,0.5,0.5,8.73711,0.5,7.9305738041483735,0.5,0.0,0.0,0.0,0.0,8.73711,1.03,7.9305738041483735,1.41,0.0,0.0,0.0,0.0,8.73711,10.0,7.222264435571589,10.0,-0.5,0.0,0.0,0.0
4.94676,0.125,0.0,1.296,1.25,8.73711,8.73711,0.0,0.0,0.0,0.0,0.5,0.5,8.73711,0.365,7.222264435571589,0.5,10.0,0.135,0.0,0.0,8.73711,0.931,7.222264435571589,1.338,10.0,0.344,0.0,0.0,8.73711,10.0,8.395026460437556,10.0,-0.5,0.0,0.0,0.0
5.08444,0.13620000000000002,0.0,1.138,1.25,8.73711,8.73711,0.0,0.0,0.0,0.0,0.5,0.5,8.73711,0.5,8.395026460437556,0.5,0.0,0.0,0.0,0.0,8.73711,0.638,8.395026460437556,1.7550000000000001,0.0,0.0,0.0,0.0,8.73711,10.0,4.300180474986112,10.0,-0.5,0.0,0.0,0.0
5.61791,0.125,0.0,1.361,1.25,8.73711,8.73711,0.0,0.0,0.0,0.0,0.5,0.5,8.73711,0.47000000000000003,4.300180474986112,0.5,10.0,0.03,0.0,0.0,8.73711,0.891,4.300180474986112,2.004,10.0,0.056999999999999995,0.0,0.0,8.73711,10.0,6.427995515894727,10.0,-0.5,0.0,0.0,0.0
5.710649999999999,0.15259999999999999,0.0,0.974,1.25,8.73711,8.73711,0.0,0.0,0.0,0.0,0.5,0.5,8.73711,0.5,6.427995515894727,0.5,0.0,0.0,0.0,0.0,8.73711,0.47400000000000003,6.427995515894727,1.134,0.0,0.0,0.0,0.0,8.73711,10.0,6.785447086362285,10.0,-0.5,0.0,0.0,0.0
5.98735,0.15710000000000002,0.0,1.205,1.25,8.73711,8.73711,0.0,0.0,0.0,0.0,0.5,0.5,8.73711,0.5,6.785447086362285,0.5,0.0,0.0,0.0,0.0,8.73711,0.705,6.785447086362285,1.6629999999999998,0.0,0.0,0.0,0.0,8.73711,10.0,7.794549530264997,10.0,-0.5,0.0,0.0,0.0
6.50366,0.12840000000000001,0.0,1.537,1.25,8.73711,8.73711,0.0,0.0,0.0,0.0,0.5,0.5,8.73711,0.5,7.794549530264997,0.5,0.0,0.0,0.0,0.0,8.73711,1.037,7.794549530264997,1.065,0.0,0.0,0.0,0.0,8.73711,10.0,7.075457410578524,10.0,-0.5,0.0,0.0,0.0
6.81696,0.125,0.0,1.283,1.25,8.73711,8.73711,0.0,0.0,0.0,0.0,0.5,0.5,8.73711,0.365,7.075457410578524,0.5,10.0,0.135,0.0,0.0,8.73711,0.9179999999999999,7.075457410578524,1.593,10.0,0.33999999999999997,0.0,0.0,8.73711,10.0,8.654328756942874,10.0,-0.5,0.0,0.0,0.0
6.9338,0.1371,0.0,1.129,1.25,8.73711,8.73711,0.0,0.0,0.0,0.0,0.5,0.5,8.73711,0.5,8.654328756942874,0.5,0.0,0.0,0.0,0.0,8.73711,0.629,8.654328756942874,1.284,0.0,0.0,0.0,0.0,8.73711,10.0,4.7611003609705165,10.0,-0.5,0.0,0.0,0.0
7.45271,0.125,0.0,1.3699999999999999,1.25,8.73711,8.73711,0.0,0.0,0.0,0.0,0.5,0.5,8.73711,0.475,4.7611003609705165,0.5,10.0,0.025,0.0,0.0,8.73711,0.8949999999999999,4.7611003609705165,1.9260000000000002,10.0,0.047,0.0,0.0,8.73711,10.0,7.117839812355247,10.0,-0.5,0.0,0.0,0.0
7.5083400000000005,0.15289999999999998,0.0,0.9710000000000001,1.25,8.73711,8.73711,0.0,0.0,0.0,0.0,0.5,0.5,8.73711,0.5,7.117839812355247,0.5,0.0,0.0,0.0,0.0,8.73711,0.471,7.117839812355247,0.999,0.0,0.0,0.0,0.0,8.73711,10.0,6.891071577790439,10.0,-0.5,0.0,0.0,0.0
7.77189,0.1583,0.0,1.1960000000000002,1.25,8.73711,8.73711,0.0,0.0,0.0,0.0,0.5,0.5,8.73711,0.5,6.891071577790439,0.5,0.0,0.0,0.0,0.0,8.73711,0.696,6.891071577790439,1.496,0.0,0.0,0.0,0.0,8.73711,10.0,8.281069835486758,10.0,-0.5,0.0,0.0,0.0
8.26038,0.12999999999999998,0.0,1.533,1.25,8.73711,8.73711,0.0,0.0,0.0,0.0,0.5,0.5,8.73711,0.5,8.281069835486758,0.5,0.0,0.0,0.0,0.0,8.73711,1.033,8.281069835486758,2.074,0.0,0.0,0.0,0.0,8.73711,10.0,6.4418108699746055,10.0,-0.5,0.0,0.0,0.0
8.61492,0.125,0.0,1.299,1.25,8.73711,8.73711,0.0,0.0,0.0,0.0,0.5,0.5,8.73711,0.32999999999999996,6.4418108699746055,0.5,10.0,0.16999999999999998,0.0,0.0,8.73711,0.969,6.4418108699746055,2.887,10.0,0.499,0.0,0.0,8.73711,10.0,8.624613245411547,10.0,-0.5,0.0,0.0,0.0
8.82499,0.1266,0.0,1.234,1.25,8.73711,8.73711,0.0,0.0,0.0,0.0,0.5,0.5,8.73711,0.5,8.624613245411547,0.5,0.0,0.0,0.0,0.0,8.73711,0.734,8.624613245411547,1.447,0.0,0.0,0.0,0.0,8.73711,10.0,5.691718563544075,10.0,-0.5,0.0,0.0,0.0
9.19378,0.125,0.0,1.263,1.25,8.73711,8.73711,0.0,0.0,0.0,0.0,0.5,0.5,8.73711,0.395,5.691718563544075,0.5,10.0,0.10500000000000001,0.0,0.0,8.73711,0.868,5.691718563544075,1.6789999999999998,10.0,0.231,0.0,0.0,8.73711,10.0,8.104278660465926,10.0,-0.5,0.0,0.0,0.0
9.26824,0.1451,0.0,1.049,1.25,8.73711,8.73711,0.0,0.0,0.0,0.0,0.5,0.5,8.73711,0.5,8.104278660465926,0.5,0.0,0.0,0.0,0.0,8.73711,0.549,8.104278660465926,1.7129999999999999,0.0,0.0,0.0,0.0,8.73711,10.0,4.774837782340493,10.0,-0.5,0.0,0.0,0.0
9.74944,0.1377,0.0,1.324,1.25,8.73711,8.73711,0.0,0.0,0.0,0.0,0.5,0.5,8.73711,0.5,4.774837782340493,0.5,0.0,0.0,0.0,0.0,8.73711,0.8240000000000001,4.774837782340493,2.504,0.0,0.0,0.0,0.0,8.73711,10.0,7.116288103019249,10.0,-0.5,0.0,0.0,0.0
10.14962,0.125,0.0,1.379,1.25,8.73711,8.73711,0.0,0.0,0.0,0.0,0.5,0.5,8.73711,0.40499999999999997,7.116288103019249,0.5,10.0,0.095,0.0,0.0,8.73711,0.974,7.116288103019249,2.529,10.0,0.22799999999999998,0.0,0.0,8.73711,10.0,8.276350076950997,10.0,-0.5,0.0,0.0,0.0
10.2609,0.1399,0.0,1.101,1.25,8.73711,8.73711,0.0,0.0,0.0,0.0,0.5,0.5,8.73711,0.5,8.276350076950997,0.5,0.0,0.0,0.0,0.0,8.73711,0.601,8.276350076950997,1.268,0.0,0.0,0.0,0.0,8.73711,10.0,6.388923809139721,10.0,-0.5,0.0,0.0,0.0
10.72779,0.125,0.0,1.4,1.25,8.73711,8.73711,0.0,0.0,0.0,0.0,0.5,0.5,8.73711,0.5,6.388923809139721,0.5,0.0,0.0,0.0,0.0,8.73711,0.9,6.388923809139721,1.848,0.0,0.0,0.0,0.0,8.73711,10.0,8.563412890752213,10.0,-0.5,0.0,0.0,0.0
10.943629999999999,0.125,0.0,1.2530000000000001,1.25,8.73711,8.73711,0.0,0.0,0.0,0.0,0.5,0.5,8.73711,0.39,8.563412890752213,0.5,10.0,0.11000000000000001,0.0,0.0,8.73711,0.8630000000000001,8.563412890752213,2.7489999999999997,10.0,0.24300000000000002,0.0,0.0,8.73711,10.0,7.394012171599504,10.0,-0.5,0.0,0.0,0.0
11.06059,0.14429999999999998,0.0,1.057,1.25,8.73711,8.73711,0.0,0.0,0.0,0.0,0.5,0.5,8.73711,0.5,7.394012171599504,0.5,0.0,0.0,0.0,0.0,8.73711,0.557,7.394012171599504,1.424,0.0,0.0,0.0,0.0,8.73711,10.0,7.220539826133733,10.0,-0.5,0.0,0.0,0.0
11.42474,0.13629999999999998,0.0,1.33,1.25,8.73711,8.73711,0.0,0.0,0.0,0.0,0.5,0.5,8.73711,0.5,7.220539826133733,0.5,0.0,0.0,0.0,0.0,8.73711,0.8300000000000001,7.220539826133733,2.123,0.0,0.0,0.0,0.0,8.73711,10.0,8.350818860381363,10.0,-0.5,0.0,0.0,0.0
11.7447,0.125,0.0,1.3599999999999999,1.25,8.73711,8.73711,0.0,0.0,0.0,0.0,0.5,0.5,8.73711,0.39,8.350818860381363,0.5,10.0,0.11000000000000001,0.0,0.0,8.73711,0.97,8.350818860381363,1.511,10.0,0.273,0.0,0.0,8.73711,10.0,4.979768045226674,10.0,-0.5,0.0,0.0,0.0
12.039159999999999,0.1378,0.0,1.1219999999999999,1.25,8.73711,8.73711,0.0,0.0,0.0,0.0,0.5,0.5,8.73711,0.5,4.979768045226674,0.5,0.0,0.0,0.0,0.0,8.73711,0.622,4.979768045226674,1.987,0.0,0.0,0.0,0.0,8.73711,10.0,7.240556450431749,10.0,-0.5,0.0,0.0,0.0
12.44124,0.125,0.0,1.376,1.25,8.73711,8.73711,0.0,0.0,0.0,0.0,0.5,0.5,8.73711,0.49000000000000005,7.240556450431749,0.5,10.0,0.01,0.0,0.0,8.73711,0.8859999999999999,7.240556450431749,2.343,10.0,0.018,0.0,0.0,8.73711,10.0,7.240542963844398,10.0,-0.5,0.0,0.0,0.0
12.7173,0.125,0.0,1.252,1.25,8.73711,8.73711,0.0,0.0,0.0,0.0,0.5,0.5,8.73711,0.35,7.240542963844398,0.5,10.0,0.15,0.0,0.0,8.73711,0.9019999999999999,7.240542963844398,1.175,10.0,0.386,0.0,0.0,8.73711,10.0,6.478123109419232,10.0,-0.5,0.0,0.0,0.0
12.956059999999999,0.1356,0.0,1.1440000000000001,1.25,8.73711,8.73711,0.0,0.0,0.0,0.0,0.5,0.5,8.73711,0.5,6.478123109419232,0.5,0.0,0.0,0.0,0.0,8.73711,0.644,6.478123109419232,0.616,0.0,0.0,0.0,0.0,8.73711,10.0,6.412559244143951,10.0,-0.5,0.0,0.0,0.0
13.37716,0.125,0.0,1.354,1.25,8.73711,8.73711,0.0,0.0,0.0,0.0,0.5,0.5,8.73711,0.465,6.412559244143951,0.5,10.0,0.034999999999999996,0.0,0.0,8.73711,0.889,6.412559244143951,0.924,10.0,0.067,0.0,0.0,8.73711,10.0,8.79044812814738,10.0,-0.5,0.0,0.0,0.0
13.502930000000001,0.1353,0.0,1.1469999999999998,1.25,8.73711,8.73711,0.0,0.0,0.0,0.0,0.5,0.5,8.73711,0.5,8.79044812814738,0.5,0.0,0.0,0.0,0.0,8.73711,0.647,8.79044812814738,1.361,0.0,0.0,0.0,0.0,8.73711,10.0,7.670887474789835,10.0,-0.5,0.0,0.0,0.0
13.84544,0.1272,0.0,1.331,1.25,8.73711,8.73711,0.0,0.0,0.0,0.0,0.5,0.5,8.73711,0.5,7.670887474789835,0.5,0.0,0.0,0.0,0.0,8.73711,0.8310000000000001,7.670887474789835,0.9119999999999999,0.0,0.0,0.0,0.0,8.73711,10.0,7.243585319549977,10.0,-0.5,0.0,0.0,0.0
14.13698,0.125,0.0,1.2670000000000001,1.25,8.73711,8.73711,0.0,0.0,0.0,0.0,0.5,0.5,8.73711,0.37,7.243585319549977,0.5,10.0,0.13,0.0,0.0,8.73711,0.897,7.243585319549977,1.365,10.0,0.315,0.0,0.0,8.73711,10.0,8.844131753896834,10.0,-0.5,0.0,0.0,0.0
14.22424,0.13940000000000002,0.0,1.1059999999999999,1.25,8.73711,8.73711,0.0,0.0,0.0,0.0,0.5,0.5,8.73711,0.5,8.844131753896834,0.5,0.0,0.0,0.0,0.0,8.73711,0.606,8.844131753896834,0.849,0.0,0.0,0.0,0.0,8.73711,10.0,6.791763195369856,10.0,-0.5,0.0,0.0,0.0
14.67012,0.12375,0.0,1.3940000000000001,1.2375,8.73711,8.73711,0.0,0.0,0.0,0.0,0.5,0.5,8.73711,0.495,6.791763195369856,0.5,0.0,0.0,0.0,0.0,8.73711,0.899,6.791763195369856,1.2710000000000001,0.0,0.0,0.0,0.0,8.73711,10.0,9.177701922083823,10.0,-0.5,0.0,0.0,0.0
14.84043,0.125,0.0,1.244,1.25,8.73711,8.73711,0.0,0.0,0.0,0.0,0.5,0.5,8.73711,0.335,9.177701922083823,0.5,10.0,0.16499999999999998,0.0,0.0,8.73711,0.909,9.177701922083823,1.008,10.0,0.44699999999999995,0.0,0.0,8.73711,10.0,5.972111462020782,10.0,-0.5,0.0,0.0,0.0
15.1342,0.13219999999999998,0.0,1.1780000000000002,1.25,8.73711,8.73711,0.0,0.0,0.0,0.0,0.5,0.5,8.73711,0.5,5.972111462020782,0.5,0.0,0.0,0.0,0.0,8.73711,0.678,5.972111462020782,0.513,0.0,0.0,0.0,0.0,8.73711,10.0,7.272957425289102,10.0,-0.5,0.0,0.0,0.0
15.47878,0.125,0.0,1.3199999999999998,1.25,8.73711,8.73711,0.0,0.0,0.0,0.0,0.5,0.5,8.73711,0.43499999999999994,7.272957425289102,0.5,10.0,0.065,0.0,0.0,8.73711,0.885,7.272957425289102,0.769,10.0,0.132,0.0,0.0,8.73711,10.0,8.927838797564242,10.0,-0.5,0.0,0.0,0.0
15.47624,0.1492,0.0,1.008,1.25,8.73711,8.73711,0.0,0.0,0.0,0.0,0.5,0.5,8.73711,0.5,8.927838797564242,0.5,0.0,0.0,0.0,0.0,8.73711,0.508,8.927838797564242,1.153,0.0,0.0,0.0,0.0,8.73711,10.0,8.928782415989836,10.0,-0.5,0.0,0.0,0.0
15.69557,0.14800000000000002,0.0,1.262,1.25,8.73711,8.73711,0.0,0.0,0.0,0.0,0.5,0.5,8.73711,0.5,8.928782415989836,0.5,0.0,0.0,0.0,0.0,8.73711,0.762,8.928782415989836,1.703,0.0,0.0,0.0,0.0,8.73711,10.0,4.505931837350831,10.0,-0.5,0.0,0.0,0.0
0.1,0.125,0.1,1.0,1.25,0.8,0.8,0.1,0.1,0.0,0.05,0.5,0.5,0.8,0.5,0.8,0.5,0.0,0.0,0.0,0.0,0.8,0.5,0.8,0.5,0.0,0.0,0.0,0.0,0.8,10.0,0.8,10.0,-0.5,0.0,0.0,0.050000000000000044
0.10942,0.1376,0.1,1.124,1.25,0.8,0.8400000000000001,0.0,0.0,0.0,0.05,0.5,0.5,0.8,0.5,0.8,0.5,0.0,0.0,0.0,0.0,0.8,0.624,0.8,0.542,0.0,0.0,0.0,0.0,0.8400000000000001,10.0,1.1999062299728394,10.0,-0.5,0.0,0.0,0.050000000000000044
0.10386,0.1472,0.1,1.154,1.25,0.8400000000000001,0.882,0.0,0.0,0.0,0.05,0.5,0.5,0.8400000000000001,0.5,1.1999062299728394,0.5,0.0,0.0,0.0,0.0,0.8400000000000001,0.654,1.1999062299728394,0.589,0.0,0.0,0.0,0.0,0.882,10.0,1.10108488588968,10.0,-0.5,0.0,0.0,0.04999999999999982
0.11499,0.1466,0.1,1.2559999999999998,1.25,0.882,0.9260999999999999,0.0,0.0,0.0,0.05,0.5,0.5,0.882,0.5,1.10108488588968,0.5,0.0,0.0,0.0,0.0,0.882,0.756,1.10108488588968,0.626,0.0,0.0,0.0,0.0,0.9260999999999999,10.0,1.1515182453014163,10.0,-0.5,0.0,0.0,0.0500053989849909
0.12535,0.1477,0.1,1.239,1.25,0.9260999999999999,0.97241,0.0,0.0,0.1,0.05,0.5,0.5,0.9260999999999999,0.5,1.1515182453014163,0.5,0.0,0.0,0.0,0.0,0.9260999999999999,0.739,1.1515182453014163,0.621,0.0,0.0,0.0,0.0,0.97241,10.0,1.2248666949775626,10.0,-0.5,0.0,0.0,0.049999485813597255
0.03382,0.1505,0.0,1.222,1.25,0.97241,1.02103,0.0,0.0,0.0,0.0,0.5,0.5,0.97241,0.5,1.2248666949775626,0.5,0.0,0.0,0.0,0.0,0.97241,0.722,1.2248666949775626,0.5780000000000001,0.0,0.0,0.0,0.0,1.02103,10.0,1.3762664224850758,10.0,-0.5,0.0,0.0,0.0499985308952724
0.09119,0.09645000000000001,0.0,0.893,0.3525,1.02103,1.0720800000000001,0.0,0.0,0.0,0.0,0.5,0.5,1.02103,0.141,1.3762664224850758,0.141,0.0,0.0,0.0,0.0,1.02103,0.752,1.3762664224850758,0.601,0.0,0.0,0.0,0.0,1.0720800000000001,10.0,1.4714468542253312,10.0,-0.5,0.0,0.0,0.049996268935154076
0.0859,0.10595,0.0,0.8,0.8949999999999999,1.0720800000000001,1.12568,0.0,0.0,0.0,0.0,0.5,0.5,1.0720800000000001,0.358,1.4714468542253312,0.358,0.0,0.0,0.0,0.0,1.0720800000000001,0.442,1.4714468542253312,0.396,0.0,0.0,0.0,0.0,1.12568,10.0,1.7825706689196068,10.0,-0.5,0.0,0.0,0.04999644659228197
0.09106,0.0989,0.0,0.808,0.7375,1.12568,1.18196,0.0,0.0,0.0,0.0,0.5,0.5,1.12568,0.29500000000000004,1.7825706689196068,0.29500000000000004,0.0,0.0,0.0,0.0,1.12568,0.513,1.7825706689196068,0.465,0.0,0.0,0.0,0.0,1.18196,10.0,2.034338029628789,10.0,-0.5,0.0,0.0,0.05000169210463978
0.09187999999999999,0.09195,0.0,0.777,0.7075,1.18196,1.24106,0.0,0.0,0.0,0.0,0.5,0.5,1.18196,0.28300000000000003,2.034338029628789,0.28300000000000003,0.0,0.0,0.0,0.0,1.18196,0.49400000000000005,2.034338029628789,0.48600000000000004,0.0,0.0,0.0,0.0,1.24106,10.0,2.080721149684419,10.0,-0.5,0.0,0.0,0.04999758271155308
0.09183,0.08710000000000001,0.0,0.741,0.6925,1.24106,1.30311,0.0,0.0,0.0,0.0,0.5,0.5,1.24106,0.277,2.080721149684419,0.277,0.0,0.0,0.0,0.0,1.24106,0.46399999999999997,2.080721149684419,0.507,0.0,0.0,0.0,0.0,1.30311,10.0,2.109116110430247,10.0,-0.5,0.0,0.0,0.05000345327716005
0.09477,0.08165000000000001,0.0,0.727,0.6725,1.30311,1.36827,0.0,0.0,0.0,0.0,0.5,0.5,1.30311,0.269,2.109116110430247,0.269,0.0,0.0,0.0,0.0,1.30311,0.458,2.109116110430247,0.579,0.0,0.0,0.0,0.0,1.36827,10.0,2.2098554599587845,10.0,-0.5,0.0,0.0,0.049997442025331296
0.096,0.0777,0.0,0.702,0.6625,1.36827,1.4366800000000002,0.0,0.0,0.0,0.0,0.5,0.5,1.36827,0.265,2.2098554599587845,0.265,0.0,0.0,0.0,0.0,1.36827,0.437,2.2098554599587845,0.6519999999999999,0.0,0.0,0.0,0.0,1.4366800000000002,10.0,2.3206809863157387,10.0,-0.5,0.0,0.0,0.04999721580310146
0.10018,0.07185000000000001,0.0,0.696,0.6375,1.4366800000000002,1.5085099999999998,0.0,0.0,0.0,0.0,0.5,0.5,1.4366800000000002,0.255,2.3206809863157387,0.255,0.0,0.0,0.0,0.0,1.4366800000000002,0.441,2.3206809863157387,0.758,0.0,0.0,0.0,0.0,1.5085099999999998,10.0,2.419356224373083,10.0,-0.5,0.0,0.0,0.050002983076015584
0.10139,0.0684,0.0,0.6719999999999999,0.6375,1.5085099999999998,1.5839400000000001,0.0,0.0,0.0,0.0,0.5,0.5,1.5085099999999998,0.255,2.419356224373083,0.255,0.0,0.0,0.0,0.0,1.5085099999999998,0.417,2.419356224373083,0.8099999999999999,0.0,0.0,0.0,0.0,1.5839400000000001,10.0,2.5328127933531084,10.0,-0.5,0.0,0.0,0.05000189401113664
0.10592,0.06310000000000002,0.0,0.6679999999999999,0.615,1.5839400000000001,1.6631399999999998,0.0,0.0,0.0,0.0,0.5,0.5,1.5839400000000001,0.246,2.5328127933531084,0.246,0.0,0.0,0.0,0.0,1.5839400000000001,0.422,2.5328127933531084,0.8539999999999999,0.0,0.0,0.0,0.0,1.6631399999999998,10.0,2.6280761897984357,10.0,-0.5,0.0,0.0,0.05000180381687658
0.10521,0.0605,0.0,0.6279999999999999,0.605,1.6631399999999998,1.7463000000000002,0.0,0.0,0.0,0.0,0.5,0.5,1.6631399999999998,0.242,2.6280761897984357,0.24700000000000003,0.0,0.0,0.0,0.0,1.6631399999999998,0.386,2.6280761897984357,0.8400000000000001,0.0,0.0,0.0,0.0,1.7463000000000002,10.0,2.683186095617726,10.0,-0.5,0.0,0.0,0.050002863196472624
0.10640999999999999,0.0565,0.0,0.608,0.5650000000000001,1.7463000000000002,1.8336200000000002,0.0,0.0,0.0,0.0,0.5,0.5,1.7463000000000002,0.22400000000000003,2.683186095617726,0.238,10.0,0.002,0.0,0.0,1.7463000000000002,0.384,2.683186095617726,0.89,10.0,0.024,0.0,0.0,1.8336200000000002,10.0,2.8033742165203086,10.0,-0.5,0.0,0.0,0.0499994546307303
0.08053,0.06995,0.0,0.438,0.5725,1.8336200000000002,1.9253,0.0,0.0,0.0,0.0,0.5,0.5,1.8336200000000002,0.229,2.8033742165203086,0.229,0.0,0.0,0.0,0.0,1.8336200000000002,0.209,2.8033742165203086,1.099,0.0,0.0,0.0,0.0,1.9253,10.0,1.6763973679241613,10.0,-0.5,0.0,0.0,0.05000259699787035
0.09843,0.07475000000000001,0.0,0.512,0.56,1.9253,2.0215699999999996,0.0,0.0,0.0,0.0,0.5,0.5,1.9253,0.22400000000000003,1.6763973679241613,0.22400000000000003,0.0,0.0,0.0,0.0,1.9253,0.288,1.6763973679241613,0.8539999999999999,0.0,0.0,0.0,0.0,2.0215699999999996,10.0,2.2937533016075493,10.0,-0.5,0.0,0.0,0.05000074199755655
0.12093000000000001,0.07195,0.0,0.5980000000000001,0.57,2.0215699999999996,2.12265,0.0,0.0,0.0,0.0,0.5,0.5,2.0215699999999996,0.22799999999999998,2.2937533016075493,0.22799999999999998,0.0,0.0,0.0,0.0,2.0215699999999996,0.37,2.2937533016075493,0.86,0.0,0.0,0.0,0.0,2.12265,10.0,3.0199946182825466,10.0,-0.5,0.0,0.0,0.04999882222693319
0.15247999999999998,0.05825,0.0,0.716,0.5825,2.12265,2.22878,0.0,0.0,0.0,0.0,0.5,0.5,2.12265,0.233,3.0199946182825466,0.23500000000000001,0.0,0.0,0.0,0.0,2.12265,0.483,3.0199946182825466,1.069,0.0,0.0,0.0,0.0,2.22878,10.0,3.528014958276428,10.0,-0.5,0.0,0.0,0.05000044867595732
0.12944999999999998,0.05525,0.0,0.579,0.5525,2.22878,2.34022,0.0,0.0,0.0,0.0,0.5,0.5,2.22878,0.209,3.528014958276428,0.265,10.0,0.012,0.0,0.0,2.22878,0.37,3.528014958276428,0.8550000000000001,10.0,0.098,0.0,0.0,2.34022,10.0,2.933374820214908,10.0,-0.5,0.0,0.0,0.049999572689747085
0.12053,0.06509999999999999,0.0,0.514,0.6125,2.34022,2.45723,0.0,0.0,0.0,0.0,0.5,0.5,2.34022,0.24500000000000002,2.933374820214908,0.24500000000000002,0.0,0.0,0.0,0.0,2.34022,0.269,2.933374820214908,0.967,0.0,0.0,0.0,0.0,2.45723,10.0,4.278078629999862,10.0,-0.5,0.0,0.0,0.04999938955653316
0.13216,0.056049999999999996,0.0,0.538,0.44749999999999995,2.45723,2.5800899999999998,0.0,0.0,0.0,0.0,0.5,0.5,2.45723,0.179,4.278078629999862,0.179,0.0,0.0,0.0,0.0,2.45723,0.359,4.278078629999862,0.8130000000000001,0.0,0.0,0.0,0.0,2.5800899999999998,10.0,2.1985933960318738,10.0,-0.5,0.0,0.0,0.04999825587479512
0.14547,0.06499999999999999,0.0,0.5619999999999999,0.6499999999999999,2.5800899999999998,2.70909,0.0,0.0,0.0,0.0,0.5,0.5,2.5800899999999998,0.255,2.1985933960318738,0.277,10.0,0.005,0.0,0.0,2.5800899999999998,0.307,2.1985933960318738,0.829,10.0,0.027000000000000003,0.0,0.0,2.70909,10.0,3.1385732115111353,10.0,-0.5,0.0,0.0,0.049998338925617114
0.1383,0.07615,0.0,0.511,0.6225,2.70909,2.8445400000000003,0.0,0.0,0.0,0.0,0.5,0.5,2.70909,0.24900000000000003,3.1385732115111353,0.24900000000000003,0.0,0.0,0.0,0.0,2.70909,0.262,3.1385732115111353,0.48200000000000004,0.0,0.0,0.0,0.0,2.8445400000000003,10.0,4.135605408601907,10.0,-0.5,0.0,0.0,0.050001054652070165
0.13237000000000002,0.07915,0.0,0.465,0.495,2.8445400000000003,2.98677,0.0,0.0,0.0,0.0,0.5,0.5,2.8445400000000003,0.198,4.135605408601907,0.198,0.0,0.0,0.0,0.0,2.8445400000000003,0.267,4.135605408601907,0.5730000000000001,0.0,0.0,0.0,0.0,2.98677,10.0,4.121558070326634,10.0,-0.5,0.0,0.0,0.05000050221476715
0.15218,0.07475,0.0,0.509,0.465,2.98677,3.13611,0.0,0.0,0.0,0.0,0.5,0.5,2.98677,0.186,4.121558070326634,0.186,0.0,0.0,0.0,0.0,2.98677,0.323,4.121558070326634,0.642,0.0,0.0,0.0,0.0,3.13611,10.0,4.436967130036789,10.0,-0.5,0.0,0.0,0.05000143489864839
0.19440000000000002,0.06299999999999999,0.0,0.62,0.5025,3.13611,3.29292,0.0,0.0,0.0,0.0,0.5,0.5,3.13611,0.20099999999999998,4.436967130036789,0.20099999999999998,0.0,0.0,0.0,0.0,3.13611,0.41900000000000004,4.436967130036789,0.6910000000000001,0.0,0.0,0.0,0.0,3.29292,10.0,4.835506944843438,10.0,-0.5,0.0,0.0,0.050001214727354304
0.20923,0.057999999999999996,0.0,0.6279999999999999,0.58,3.29292,3.4575699999999996,0.0,0.0,0.0,0.0,0.5,0.5,3.29292,0.23199999999999998,4.835506944843438,0.23900000000000002,0.0,0.0,0.0,0.0,3.29292,0.396,4.835506944843438,0.658,10.0,0.012,0.0,0.0,3.4575699999999996,10.0,5.208966183281197,10.0,-0.5,0.0,0.0,0.05000043383069608
0.16909,0.06945,0.0,0.4880000000000001,0.6025,3.4575699999999996,3.6304499999999997,0.0,0.0,0.0,0.0,0.5,0.5,3.4575699999999996,0.24100000000000002,5.208966183281197,0.24100000000000002,0.0,0.0,0.0,0.0,3.4575699999999996,0.24700000000000003,5.208966183281197,0.393,0.0,0.0,0.0,0.0,3.6304499999999997,10.0,4.6250127161396914,10.0,-0.5,0.0,0.0,0.04999931138013203
0.16613,0.07490000000000001,0.0,0.458,0.5125,3.6304499999999997,3.81197,0.0,0.0,0.0,0.0,0.5,0.5,3.6304499999999997,0.205,4.6250127161396914,0.205,0.0,0.0,0.0,0.0,3.6304499999999997,0.253,4.6250127161396914,0.43099999999999994,0.0,0.0,0.0,0.0,3.81197,10.0,5.078191448668347,10.0,-0.5,0.0,0.0,0.050000393497325435
0.19619999999999999,0.07015,0.0,0.515,0.4675000000000001,3.81197,4.00257,0.0,0.0,0.0,0.0,0.5,0.5,3.81197,0.187,5.078191448668347,0.187,0.0,0.0,0.0,0.0,3.81197,0.32799999999999996,5.078191448668347,0.499,0.0,0.0,0.0,0.0,4.00257,10.0,5.176122880625421,10.0,-0.5,0.0,0.0,0.05000037475921726
0.21872,0.06895000000000001,0.0,0.547,0.535,4.00257,4.2027,0.0,0.0,0.0,0.0,0.5,0.5,4.00257,0.21400000000000002,5.176122880625421,0.21400000000000002,0.0,0.0,0.0,0.0,4.00257,0.333,5.176122880625421,0.45999999999999996,0.0,0.0,0.0,0.0,4.2027,10.0,5.262645946414083,10.0,-0.5,0.0,0.0,0.050001189711375904
0.28164999999999996,0.05970000000000002,0.0,0.6699999999999999,0.5775,4.2027,4.41284,0.0,0.0,0.0,0.0,0.5,0.5,4.2027,0.231,5.262645946414083,0.231,0.0,0.0,0.0,0.0,4.2027,0.43899999999999995,5.262645946414083,0.5509999999999999,0.0,0.0,0.0,0.0,4.41284,10.0,5.383785641438989,10.0,-0.5,0.0,0.0,0.04999954677713214
0.26442,0.059,0.0,0.599,0.59,4.41284,4.63348,0.0,0.0,0.0,0.0,0.5,0.5,4.41284,0.195,5.383785641438989,0.28700000000000003,10.0,0.040999999999999995,0.0,0.0,4.41284,0.404,5.383785641438989,0.712,10.0,0.19,0.0,0.0,4.63348,10.0,5.521250371749358,10.0,-0.5,0.0,0.0,0.0499991367179744
0.25848000000000004,0.06829999999999999,0.0,0.557,0.65,4.63348,4.865149999999999,0.0,0.0,0.0,0.0,0.5,0.5,4.63348,0.26,5.521250371749358,0.26,0.0,0.0,0.0,0.0,4.63348,0.29700000000000004,5.521250371749358,0.437,0.0,0.0,0.0,0.0,4.865149999999999,10.0,4.66594279122329,10.0,-0.5,0.0,0.0,0.050000513858771134
0.31739,0.07085,0.0,0.6519999999999999,0.6775,4.865149999999999,5.108409999999999,0.0,0.0,0.0,0.0,0.5,0.5,4.865149999999999,0.271,4.66594279122329,0.271,0.0,0.0,0.0,0.0,4.865149999999999,0.381,4.66594279122329,0.563,0.0,0.0,0.0,0.0,5.108409999999999,10.0,5.57957523247424,10.0,-0.5,0.0,0.0,0.04999990212218686
0.36156,0.0695,0.0,0.708,0.6950000000000001,5.108409999999999,5.36383,0.0,0.0,0.0,0.0,0.5,0.5,5.108409999999999,0.258,5.57957523247424,0.29700000000000004,10.0,0.02,0.0,0.0,5.108409999999999,0.45,5.57957523247424,0.768,10.0,0.067,0.0,0.0,5.36383,10.0,5.451558115214551,10.0,-0.5,0.0,0.0,0.04999972034907896
0.31787,0.09380000000000001,0.0,0.592,0.835,5.36383,5.63202,0.0,0.0,0.0,0.0,0.5,0.5,5.36383,0.33399999999999996,5.451558115214551,0.33399999999999996,0.0,0.0,0.0,0.0,5.36383,0.258,5.451558115214551,0.484,0.0,0.0,0.0,0.0,5.63202,10.0,5.014823079365142,10.0,-0.5,0.0,0.0,0.04999982244381229
0.37968999999999997,0.10105,0.0,0.675,0.7475,5.63202,5.91362,0.0,0.0,0.0,0.0,0.5,0.5,5.63202,0.29900000000000004,5.014823079365142,0.29900000000000004,0.0,0.0,0.0,0.0,5.63202,0.376,5.014823079365142,0.633,0.0,0.0,0.0,0.0,5.91362,10.0,5.6210580119678575,10.0,-0.5,0.0,0.0,0.0499998308988403
0.51114,0.09690000000000001,0.0,0.8640000000000001,0.8225,5.91362,6.2093,0.0,0.0,0.0,0.0,0.5,0.5,5.91362,0.329,5.6210580119678575,0.329,0.0,0.0,0.0,0.0,5.91362,0.5349999999999999,5.6210580119678575,0.836,0.0,0.0,0.0,0.0,6.2093,10.0,5.279416744331894,10.0,-0.5,0.0,0.0,0.05000080524374728
0.6027,0.10525000000000001,0.0,0.97,1.0525,6.2093,6.519769999999999,0.0,0.0,0.0,0.0,0.5,0.5,6.2093,0.383,5.279416744331894,0.445,10.0,0.038,0.0,0.0,6.2093,0.587,5.279416744331894,0.9789999999999999,10.0,0.096,0.0,0.0,6.519769999999999,10.0,5.617260136632463,10.0,-0.5,0.0,0.0,0.050000230069465745
0.5465,0.14559999999999998,0.0,0.8390000000000001,1.2425,6.519769999999999,6.84576,0.0,0.0,0.0,0.0,0.5,0.5,6.519769999999999,0.497,5.617260136632463,0.497,0.0,0.0,0.0,0.0,6.519769999999999,0.34199999999999997,5.617260136632463,0.634,0.0,0.0,0.0,0.0,6.84576,10.0,6.042457264871798,10.0,-0.5,0.0,0.0,0.05000029215163826
0.6394299999999999,0.1582,0.0,0.9339999999999999,1.06,6.84576,7.188049999999999,0.0,0.0,0.0,0.0,0.5,0.5,6.84576,0.42400000000000004,6.042457264871798,0.42400000000000004,0.0,0.0,0.0,0.0,6.84576,0.51,6.042457264871798,0.76,0.0,0.0,0.0,0.0,7.188049999999999,10.0,5.649657174287546,10.0,-0.5,0.0,0.0,0.04999965220052749
0.8447100000000001,0.16520000000000004,0.0,1.175,1.245,7.188049999999999,7.5474499999999995,0.0,0.0,0.0,0.0,0.5,0.5,7.188049999999999,0.49800000000000005,5.649657174287546,0.49800000000000005,0.0,0.0,0.0,0.0,7.188049999999999,0.6769999999999999,5.649657174287546,0.998,0.0,0.0,0.0,0.0,7.5474499999999995,10.0,6.292908218822484,10.0,-0.5,0.0,0.0,0.04999966876229722
1.19952,0.15150000000000005,0.0,1.387,1.25,7.5474499999999995,7.9248199999999995,0.0,0.0,0.0,0.0,0.5,0.5,7.5474499999999995,0.5,6.292908218822484,0.5,0.0,0.0,0.0,0.0,7.5474499999999995,0.8869999999999999,6.292908218822484,0.8619999999999999,0.0,0.0,0.0,0.0,7.9248199999999995,10.0,6.84051157400602,10.0,-0.5,0.0,0.0,0.049999873814168705
1.40826,0.15700000000000003,0.0,1.1949999999999998,1.25,7.9248199999999995,8.32106,0.0,0.0,0.0,0.0,0.5,0.5,7.9248199999999995,0.5,6.84051157400602,0.5,0.0,0.0,0.0,0.0,7.9248199999999995,0.6950000000000001,6.84051157400602,1.03,0.0,0.0,0.0,0.0,8.32106,10.0,7.113913362159236,10.0,-0.5,0.0,0.0,0.04999963946900987
1.78148,0.14440000000000003,0.0,1.376,1.25,8.32106,8.73711,0.0,0.0,0.0,0.0,0.5,0.5,8.32106,0.5,7.113913362159236,0.5,0.0,0.0,0.0,0.0,8.32106,0.876,7.113913362159236,0.867,0.0,0.0,0.0,0.0,8.73711,10.0,6.716857204094671,10.0,-0.5,0.0,0.0,0.0
2.12539,0.14160000000000003,0.0,1.278,1.25,8.73711,8.73711,0.0,0.0,0.0,0.0,0.5,0.5,8.73711,0.5,6.716857204094671,0.5,0.0,0.0,0.0,0.0,8.73711,0.778,6.716857204094671,1.05,0.0,0.0,0.0,0.0,8.73711,10.0,7.671722510837188,10.0,-0.5,0.0,0.0,0.0
2.46698,0.13360000000000002,0.0,1.33,1.25,8.73711,8.73711,0.0,0.0,0.0,0.0,0.5,0.5,8.73711,0.5,7.671722510837188,0.5,0.0,0.0,0.0,0.0,8.73711,0.8300000000000001,7.671722510837188,0.923,0.0,0.0,0.0,0.0,8.73711,10.0,6.841923880519286,10.0,-0.5,0.0,0.0,0.0
2.8569,0.125,0.0,1.34,1.25,8.73711,8.73711,0.0,0.0,0.0,0.0,0.5,0.5,8.73711,0.485,6.841923880519286,0.5,10.0,0.015,0.0,0.0,8.73711,0.8550000000000001,6.841923880519286,0.975,10.0,0.026000000000000002,0.0,0.0,8.73711,10.0,7.974224459142309,10.0,-0.5,0.0,0.0,0.0
2.8435,0.1559,0.0,0.9410000000000001,1.25,8.73711,8.73711,0.0,0.0,0.0,0.0,0.5,0.5,8.73711,0.5,7.974224459142309,0.5,0.0,0.0,0.0,0.0,8.73711,0.441,7.974224459142309,0.604,0.0,0.0,0.0,0.0,8.73711,10.0,4.692591012158149,10.0,-0.5,0.0,0.0,0.0
3.16717,0.16699999999999998,0.0,1.139,1.25,8.73711,8.73711,0.0,0.0,0.0,0.0,0.5,0.5,8.73711,0.5,4.692591012158149,0.5,0.0,0.0,0.0,0.0,8.73711,0.639,4.692591012158149,0.8869999999999999,0.0,0.0,0.0,0.0,8.73711,10.0,6.832126521345752,10.0,-0.5,0.0,0.0,0.0
3.37775,0.1788,0.0,1.1320000000000001,1.25,8.73711,8.73711,0.0,0.0,0.0,0.0,0.5,0.5,8.73711,0.5,6.832126521345752,0.5,0.0,0.0,0.0,0.0,8.73711,0.632,6.832126521345752,1.234,0.0,0.0,0.0,0.0,8.73711,10.0,7.451587319162694,10.0,-0.5,0.0,0.0,0.0
3.74083,0.1696,0.0,1.342,1.25,8.73711,8.73711,0.0,0.0,0.0,0.0,0.5,0.5,8.73711,0.5,7.451587319162694,0.5,0.0,0.0,0.0,0.0,8.73711,0.842,7.451587319162694,0.999,0.0,0.0,0.0,0.0,8.73711,10.0,7.358167790815105,10.0,-0.5,0.0,0.0,0.0
4.126060000000001,0.1584,0.0,1.3619999999999999,1.25,8.73711,8.73711,0.0,0.0,0.0,0.0,0.5,0.5,8.73711,0.5,7.358167790815105,0.5,0.0,0.0,0.0,0.0,8.73711,0.8619999999999999,7.358167790815105,1.3359999999999999,0.0,0.0,0.0,0.0,8.73711,10.0,7.9305738041483735,10.0,-0.5,0.0,0.0,0.0
4.629449999999999,0.13040000000000002,0.0,1.53,1.25,8.73711,8.73711,0.0,0.0,0.0,0.0,0.5,0.5,8.73711,0.5,7.9305738041483735,0.5,0.0,0.0,0.0,0.0,8.73711,1.03,7.9305738041483735,1.41,0.0,0.0,0.0,0.0,8.73711,10.0,7.222264435571589,10.0,-0.5,0.0,0.0,0.0
4.94676,0.125,0.0,1.296,1.25,8.73711,8.73711,0.0,0.0,0.0,0.0,0.5,0.5,8.73711,0.365,7.222264435571589,0.5,10.0,0.135,0.0,0.0,8.73711,0.931,7.222264435571589,1.338,10.0,0.344,0.0,0.0,8.73711,10.0,8.395026460437556,10.0,-0.5,0.0,0.0,0.0
5.08444,0.13620000000000002,0.0,1.138,1.25,8.73711,8.73711,0.0,0.0,0.0,0.0,0.5,0.5,8.73711,0.5,8.395026460437556,0.5,0.0,0.0,0.0,0.0,8.73711,0.638,8.395026460437556,1.7550000000000001,0.0,0.0,0.0,0.0,8.73711,10.0,4.300180474986112,10.0,-0.5,0.0,0.0,0.0
5.61791,0.125,0.0,1.361,1.25,8.73711,8.73711,0.0,0.0,0.0,0.0,0.5,0.5,8.73711,0.47000000000000003,4.300180474986112,0.5,10.0,0.03,0.0,0.0,8.73711,0.891,4.300180474986112,2.004,10.0,0.056999999999999995,0.0,0.0,8.73711,10.0,6.427995515894727,10.0,-0.5,0.0,0.0,0.0
5.710649999999999,0.15259999999999999,0.0,0.974,1.25,8.73711,8.73711,0.0,0.0,0.0,0.0,0.5,0.5,8.73711,0.5,6.427995515894727,0.5,0.0,0.0,0.0,0.0,8.73711,0.47400000000000003,6.427995515894727,1.134,0.0,0.0,0.0,0.0,8.73711,10.0,6.785447086362285,10.0,-0.5,0.0,0.0,0.0
5.98735,0.15710000000000002,0.0,1.205,1.25,8.73711,8.73711,0.0,0.0,0.0,0.0,0.5,0.5,8.73711,0.5,6.785447086362285,0.5,0.0,0.0,0.0,0.0,8.73711,0.705,6.785447086362285,1.6629999999999998,0.0,0.0,0.0,0.0,8.73711,10.0,7.794549530264997,10.0,-0.5,0.0,0.0,0.0
6.50366,0.12840000000000001,0.0,1.537,1.25,8.73711,8.73711,0.0,0.0,0.0,0.0,0.5,0.5,8.73711,0.5,7.794549530264997,0.5,0.0,0.0,0.0,0.0,8.73711,1.037,7.794549530264997,1.065,0.0,0.0,0.0,0.0,8.73711,10.0,7.075457410578524,10.0,-0.5,0.0,0.0,0.0
6.81696,0.125,0.0,1.283,1.25,8.73711,8.73711,0.0,0.0,0.0,0.0,0.5,0.5,8.73711,0.365,7.075457410578524,0.5,10.0,0.135,0.0,0.0,8.73711,0.9179999999999999,7.075457410578524,1.593,10.0,0.33999999999999997,0.0,0.0,8.73711,10.0,8.654328756942874,10.0,-0.5,0.0,0.0,0.0
6.9338,0.1371,0.0,1.129,1.25,8.73711,8.73711,0.0,0.0,0.0,0.0,0.5,0.5,8.73711,0.5,8.654328756942874,0.5,0.0,0.0,0.0,0.0,8.73711,0.629,8.654328756942874,1.284,0.0,0.0,0.0,0.0,8.73711,10.0,4.7611003609705165,10.0,-0.5,0.0,0.0,0.0
7.45271,0.125,0.0,1.3699999999999999,1.25,8.73711,8.73711,0.0,0.0,0.0,0.0,0.5,0.5,8.73711,0.475,4.7611003609705165,0.5,10.0,0.025,0.0,0.0,8.73711,0.8949999999999999,4.7611003609705165,1.9260000000000002,10.0,0.047,0.0,0.0,8.73711,10.0,7.117839812355247,10.0,-0.5,0.0,0.0,0.0
7.5083400000000005,0.15289999999999998,0.0,0.9710000000000001,1.25,8.73711,8.73711,0.0,0.0,0.0,0.0,0.5,0.5,8.73711,0.5,7.117839812355247,0.5,0.0,0.0,0.0,0.0,8.73711,0.471,7.117839812355247,0.999,0.0,0.0,0.0,0.0,8.73711,10.0,6.891071577790439,10.0,-0.5,0.0,0.0,0.0
7.77189,0.1583,0.0,1.1960000000000002,1.25,8.73711,8.73711,0.0,0.0,0.0,0.0,0.5,0.5,8.73711,0.5,6.891071577790439,0.5,0.0,0.0,0.0,0.0,8.73711,0.696,6.891071577790439,1.496,0.0,0.0,0.0,0.0,8.73711,10.0,8.281069835486758,10.0,-0.5,0.0,0.0,0.0
8.26038,0.12999999999999998,0.0,1.533,1.25,8.73711,8.73711,0.0,0.0,0.0,0.0,0.5,0.5,8.73711,0.5,8.281069835486758,0.5,0.0,0.0,0.0,0.0,8.73711,1.033,8.281069835486758,2.074,0.0,0.0,0.0,0.0,8.73711,10.0,6.4418108699746055,10.0,-0.5,0.0,0.0,0.0
8.61492,0.125,0.0,1.299,1.25,8.73711,8.73711,0.0,0.0,0.0,0.0,0.5,0.5,8.73711,0.32999999999999996,6.4418108699746055,0.5,10.0,0.16999999999999998,0.0,0.0,8.73711,0.969,6.4418108699746055,2.887,10.0,0.499,0.0,0.0,8.73711,10.0,8.624613245411547,10.0,-0.5,0.0,0.0,0.0
8.82499,0.1266,0.0,1.234,1.25,8.73711,8.73711,0.0,0.0,0.0,0.0,0.5,0.5,8.73711,0.5,8.624613245411547,0.5,0.0,0.0,0.0,0.0,8.73711,0.734,8.624613245411547,1.447,0.0,0.0,0.0,0.0,8.73711,10.0,5.691718563544075,10.0,-0.5,0.0,0.0,0.0
9.19378,0.125,0.0,1.263,1.25,8.73711,8.73711,0.0,0.0,0.0,0.0,0.5,0.5,8.73711,0.395,5.691718563544075,0.5,10.0,0.10500000000000001,0.0,0.0,8.73711,0.868,5.691718563544075,1.6789999999999998,10.0,0.231,0.0,0.0,8.73711,10.0,8.104278660465926,10.0,-0.5,0.0,0.0,0.0
9.26824,0.1451,0.0,1.049,1.25,8.73711,8.73711,0.0,0.0,0.0,0.0,0.5,0.5,8.73711,0.5,8.104278660465926,0.5,0.0,0.0,0.0,0.0,8.73711,0.549,8.104278660465926,1.7129999999999999,0.0,0.0,0.0,0.0,8.73711,10.0,4.774837782340493,10.0,-0.5,0.0,0.0,0.0
9.74944,0.1377,0.0,1.324,1.25,8.73711,8.73711,0.0,0.0,0.0,0.0,0.5,0.5,8.73711,0.5,4.774837782340493,0.5,0.0,0.0,0.0,0.0,8.73711,0.8240000000000001,4.774837782340493,2.504,0.0,0.0,0.0,0.0,8.73711,10.0,7.116288103019249,10.0,-0.5,0.0,0.0,0.0
10.14962,0.125,0.0,1.379,1.25,8.73711,8.73711,0.0,0.0,0.0,0.0,0.5,0.5,8.73711,0.40499999999999997,7.116288103019249,0.5,10.0,0.095,0.0,0.0,8.73711,0.974,7.116288103019249,2.529,10.0,0.22799999999999998,0.0,0.0,8.73711,10.0,8.276350076950997,10.0,-0.5,0.0,0.0,0.0
10.2609,0.1399,0.0,1.101,1.25,8.73711,8.73711,0.0,0.0,0.0,0.0,0.5,0.5,8.73711,0.5,8.276350076950997,0.5,0.0,0.0,0.0,0.0,8.73711,0.601,8.276350076950997,1.268,0.0,0.0,0.0,0.0,8.73711,10.0,6.388923809139721,10.0,-0.5,0.0,0.0,0.0
10.72779,0.125,0.0,1.4,1.25,8.73711,8.73711,0.0,0.0,0.0,0.0,0.5,0.5,8.73711,0.5,6.388923809139721,0.5,0.0,0.0,0.0,0.0,8.73711,0.9,6.388923809139721,1.848,0.0,0.0,0.0,0.0,8.73711,10.0,8.563412890752213,10.0,-0.5,0.0,0.0,0.0
10.943629999999999,0.125,0.0,1.2530000000000001,1.25,8.73711,8.73711,0.0,0.0,0.0,0.0,0.5,0.5,8.73711,0.39,8.563412890752213,0.5,10.0,0.11000000000000001,0.0,0.0,8.73711,0.8630000000000001,8.563412890752213,2.7489999999999997,10.0,0.24300000000000002,0.0,0.0,8.73711,10.0,7.394012171599504,10.0,-0.5,0.0,0.0,0.0
11.06059,0.14429999999999998,0.0,1.057,1.25,8.73711,8.73711,0.0,0.0,0.0,0.0,0.5,0.5,8.73711,0.5,7.394012171599504,0.5,0.0,0.0,0.0,0.0,8.73711,0.557,7.394012171599504,1.424,0.0,0.0,0.0,0.0,8.73711,10.0,7.220539826133733,10.0,-0.5,0.0,0.0,0.0
11.42474,0.13629999999999998,0.0,1.33,1.25,8.73711,8.73711,0.0,0.0,0.0,0.0,0.5,0.5,8.73711,0.5,7.220539826133733,0.5,0.0,0.0,0.0,0.0,8.73711,0.8300000000000001,7.220539826133733,2.123,0.0,0.0,0.0,0.0,8.73711,10.0,8.350818860381363,10.0,-0.5,0.0,0.0,0.0
11.7447,0.125,0.0,1.3599999999999999,1.25,8.73711,8.73711,0.0,0.0,0.0,0.0,0.5,0.5,8.73711,0.39,8.350818860381363,0.5,10.0,0.11000000000000001,0.0,0.0,8.73711,0.97,8.350818860381363,1.511,10.0,0.273,0.0,0.0,8.73711,10.0,4.979768045226674,10.0,-0.5,0.0,0.0,0.0
12.039159999999999,0.1378,0.0,1.1219999999999999,1.25,8.73711,8.73711,0.0,0.0,0.0,0.0,0.5,0.5,8.73711,0.5,4.979768045226674,0.5,0.0,0.0,0.0,0.0,8.73711,0.622,4.979768045226674,1.987,0.0,0.0,0.0,0.0,8.73711,10.0,7.240556450431749,10.0,-0.5,0.0,0.0,0.0
12.44124,0.125,0.0,1.376,1.25,8.73711,8.73711,0.0,0.0,0.0,0.0,0.5,0.5,8.73711,0.49000000000000005,7.240556450431749,0.5,10.0,0.01,0.0,0.0,8.73711,0.8859999999999999,7.240556450431749,2.343,10.0,0.018,0.0,0.0,8.73711,10.0,7.240542963844398,10.0,-0.5,0.0,0.0,0.0
12.7173,0.125,0.0,1.252,1.25,8.73711,8.73711,0.0,0.0,0.0,0.0,0.5,0.5,8.73711,0.35,7.240542963844398,0.5,10.0,0.15,0.0,0.0,8.73711,0.9019999999999999,7.240542963844398,1.175,10.0,0.386,0.0,0.0,8.73711,10.0,6.478123109419232,10.0,-0.5,0.0,0.0,0.0
12.956059999999999,0.1356,0.0,1.1440000000000001,1.25,8.73711,8.73711,0.0,0.0,0.0,0.0,0.5,0.5,8.73711,0.5,6.478123109419232,0.5,0.0,0.0,0.0,0.0,8.73711,0.644,6.478123109419232,0.616,0.0,0.0,0.0,0.0,8.73711,10.0,6.412559244143951,10.0,-0.5,0.0,0.0,0.0
13.37716,0.125,0.0,1.354,1.25,8.73711,8.73711,0.0,0.0,0.0,0.0,0.5,0.5,8.73711,0.465,6.412559244143951,0.5,10.0,0.034999999999999996,0.0,0.0,8.73711,0.889,6.412559244143951,0.924,10.0,0.067,0.0,0.0,8.73711,10.0,8.79044812814738,10.0,-0.5,0.0,0.0,0.0
13.502930000000001,0.1353,0.0,1.1469999999999998,1.25,8.73711,8.73711,0.0,0.0,0.0,0.0,0.5,0.5,8.73711,0.5,8.79044812814738,0.5,0.0,0.0,0.0,0.0,8.73711,0.647,8.79044812814738,1.361,0.0,0.0,0.0,0.0,8.73711,10.0,7.670887474789835,10.0,-0.5,0.0,0.0,0.0
13.84544,0.1272,0.0,1.331,1.25,8.73711,8.73711,0.0,0.0,0.0,0.0,0.5,0.5,8.73711,0.5,7.670887474789835,0.5,0.0,0.0,0.0,0.0,8.73711,0.8310000000000001,7.670887474789835,0.9119999999999999,0.0,0.0,0.0,0.0,8.73711,10.0,7.243585319549977,10.0,-0.5,0.0,0.0,0.0
14.13698,0.125,0.0,1.2670000000000001,1.25,8.73711,8.73711,0.0,0.0,0.0,0.0,0.5,0.5,8.73711,0.37,7.243585319549977,0.5,10.0,0.13,0.0,0.0,8.73711,0.897,7.243585319549977,1.365,10.0,0.315,0.0,0.0,8.73711,10.0,8.844131753896834,10.0,-0.5,0.0,0.0,0.0
14.22424,0.13940000000000002,0.0,1.1059999999999999,1.25,8.73711,8.73711,0.0,0.0,0.0,0.0,0.5,0.5,8.73711,0.5,8.844131753896834,0.5,0.0,0.0,0.0,0.0,8.73711,0.606,8.844131753896834,0.849,0.0,0.0,0.0,0.0,8.73711,10.0,6.791763195369856,10.0,-0.5,0.0,0.0,0.0
14.67012,0.12375,0.0,1.3940000000000001,1.2375,8.73711,8.73711,0.0,0.0,0.0,0.0,0.5,0.5,8.73711,0.495,6.791763195369856,0.5,0.0,0.0,0.0,0.0,8.73711,0.899,6.791763195369856,1.2710000000000001,0.0,0.0,0.0,0.0,8.73711,10.0,9.177701922083823,10.0,-0.5,0.0,0.0,0.0
14.84043,0.125,0.0,1.244,1.25,8.73711,8.73711,0.0,0.0,0.0,0.0,0.5,0.5,8.73711,0.335,9.177701922083823,0.5,10.0,0.16499999999999998,0.0,0.0,8.73711,0.909,9.177701922083823,1.008,10.0,0.44699999999999995,0.0,0.0,8.73711,10.0,5.972111462020782,10.0,-0.5,0.0,0.0,0.0
15.1342,0.13219999999999998,0.0,1.1780000000000002,1.25,8.73711,8.73711,0.0,0.0,0.0,0.0,0.5,0.5,8.73711,0.5,5.972111462020782,0.5,0.0,0.0,0.0,0.0,8.73711,0.678,5.972111462020782,0.513,0.0,0.0,0.0,0.0,8.73711,10.0,7.272957425289102,10.0,-0.5,0.0,0.0,0.0
15.47878,0.125,0.0,1.3199999999999998,1.25,8.73711,8.73711,0.0,0.0,0.0,0.0,0.5,0.5,8.73711,0.43499999999999994,7.272957425289102,0.5,10.0,0.065,0.0,0.0,8.73711,0.885,7.272957425289102,0.769,10.0,0.132,0.0,0.0,8.73711,10.0,8.927838797564242,10.0,-0.5,0.0,0.0,0.0
15.47624,0.1492,0.0,1.008,1.25,8.73711,8.73711,0.0,0.0,0.0,0.0,0.5,0.5,8.73711,0.5,8.927838797564242,0.5,0.0,0.0,0.0,0.0,8.73711,0.508,8.927838797564242,1.153,0.0,0.0,0.0,0.0,8.73711,10.0,8.928782415989836,10.0,-0.5,0.0,0.0,0.0
15.69557,0.14800000000000002,0.0,1.262,1.25,8.73711,8.73711,0.0,0.0,0.0,0.0,0.5,0.5,8.73711,0.5,8.928782415989836,0.5,0.0,0.0,0.0,0.0,8.73711,0.762,8.928782415989836,1.703,0.0,0.0,0.0,0.0,8.73711,10.0,4.505931837350831,10.0,-0.5,0.0,0.0,0.0
