algorithm,seed,episode,day,dscr,dscr_below_1
GAIL+TD3,191,5907,5,6.413039234823347,0
GAIL+TD3,191,5907,6,13.072550486163054,0
GAIL+TD3,191,5907,7,6.188155061019382,0
GAIL+TD3,191,5907,8,13.504158919659456,0
GAIL+TD3,191,5907,9,17.4407977783388,0
GAIL+TD3,191,5907,10,6.839081145584726,0
GAIL+TD3,191,5907,11,9.130759512485136,0
GAIL+TD3,191,5907,12,8.147136838820408,0
GAIL+TD3,191,5907,13,3.8925193586014037,0
GAIL+TD3,191,5907,14,3.589575710107327,0
GAIL+TD3,191,5907,15,8.276869318336928,0
GAIL+TD3,191,5907,16,6.479683992552248,0
GAIL+TD3,191,5907,17,7.307002577413147,0
GAIL+TD3,191,5907,18,7.081907815631263,0
GAIL+TD3,191,5907,19,4.278612051888301,0
GAIL+TD3,191,5907,20,4.9577530082841195,0
GAIL+TD3,191,5907,21,5.329201750082598,0
GAIL+TD3,191,5907,22,5.49494453158959,0
GAIL+TD3,191,5907,23,5.901920266584754,0
GAIL+TD3,191,5907,24,5.894828651994614,0
GAIL+TD3,191,5907,25,4.621318668109146,0
GAIL+TD3,191,5907,26,5.002242744063325,0
GAIL+TD3,191,5907,27,5.471556000820791,0
GAIL+TD3,191,5907,28,5.564608576190262,0
GAIL+TD3,191,5907,29,5.791761276712242,0
GAIL+TD3,191,5907,30,5.700252110265326,0
GAIL+TD3,191,5907,31,5.041438235639151,0
GAIL+TD3,191,5907,32,5.304799153535123,0
GAIL+TD3,191,5907,33,5.645972908926012,0
GAIL+TD3,191,5907,34,5.7234821891883625,0
GAIL+TD3,191,5907,35,6.391028333390711,0
GAIL+TD3,191,5907,36,6.020274868120301,0
GAIL+TD3,191,5907,37,5.664784170163793,0
GAIL+TD3,191,5907,38,5.886435960967132,0
GAIL+TD3,191,5907,39,6.077445090252548,0
GAIL+TD3,191,5907,40,6.189457108084995,0
GAIL+TD3,191,5907,41,6.4579765715762205,0
GAIL+TD3,191,5907,42,6.146914087230292,0
GAIL+TD3,191,5907,43,6.084344779604657,0
GAIL+TD3,191,5907,44,6.111538539615517,0
GAIL+TD3,191,5907,45,5.849657350284049,0
GAIL+TD3,191,5907,46,4.69880526271549,0
GAIL+TD3,191,5907,47,4.097419674550764,0
GAIL+TD3,191,5907,48,3.9780049269983784,0
GAIL+TD3,191,5907,49,3.9334381112856236,0
GAIL+TD3,191,5907,50,5.121652892132469,0
GAIL+TD3,191,5907,51,22.248586163799093,0
GAIL+TD3,191,5907,52,10.114544923898054,0
GAIL+TD3,191,5907,53,4.667716500216913,0
GAIL+TD3,191,5907,54,4.531503185067505,0
GAIL+TD3,191,5907,55,3.285239376055056,0
GAIL+TD3,191,5907,56,2.40748296698668,0
GAIL+TD3,191,5907,57,3.8006801812307103,0
GAIL+TD3,191,5907,58,6.614442755285291,0
GAIL+TD3,191,5907,59,13.327239662211355,0
GAIL+TD3,191,5907,60,11.475240298442024,0
GAIL+TD3,191,5907,61,3.9723414628235,0
GAIL+TD3,191,5907,62,3.6874923875720005,0
GAIL+TD3,191,5907,63,7.896650829079838,0
GAIL+TD3,191,5907,64,2.327074698578293,0
GAIL+TD3,191,5907,65,8.200782025958418,0
GAIL+TD3,191,5907,66,21.314212964600205,0
GAIL+TD3,191,5907,67,3.3553921356014533,0
GAIL+TD3,191,5907,68,4.02252381102578,0
GAIL+TD3,191,5907,69,5.901745437867737,0
GAIL+TD3,191,5907,70,3.0116639820546696,0
GAIL+TD3,191,5907,71,10.01551052787125,0
GAIL+TD3,191,5907,72,3.2261948983903994,0
GAIL+TD3,191,5907,73,9.3963147536174,0
GAIL+TD3,191,5907,74,4.246718925313024,0
GAIL+TD3,191,5907,75,6.76840344633098,0
GAIL+TD3,191,5907,76,3.149001347787205,0
GAIL+TD3,191,5907,77,6.498855970102685,0
GAIL+TD3,191,5907,78,2.4937057476768687,0
GAIL+TD3,191,5907,79,9.106010671688638,0
GAIL+TD3,191,5907,80,4.882140004505704,0
GAIL+TD3,191,5907,81,4.125990531156608,0
GAIL+TD3,191,5907,82,4.971201080443802,0
GAIL+TD3,191,5907,83,2.4047121519873595,0
GAIL+TD3,191,5907,84,6.523207428976837,0
GAIL+TD3,191,5907,85,4.851634683926892,0
GAIL+TD3,191,5907,86,5.313908015263658,0
GAIL+TD3,191,5907,87,4.619084735859815,0
GAIL+TD3,191,5907,88,3.8518268237866735,0
GAIL+TD3,191,5907,89,2.4176306274249946,0
GAIL+TD3,191,5907,90,2.1541907241595193,0
GAIL+TD3,191,5907,91,2.7647327361600205,0
GAIL+TD3,191,5907,92,4.307946202808726,0
GAIL+TD3,191,5907,93,3.1966743419887353,0
GAIL+TD3,191,5907,94,3.3055392729757314,0
GAIL+TD3,191,5907,95,4.201822177517071,0
GAIL+TD3,191,5907,96,6.995658745630836,0
GAIL+TD3,191,5907,97,8.757685427846415,0
GAIL+TD3,191,5907,98,3.959620229048033,0
GAIL+TD3,191,5911,5,10.665828416674726,0
GAIL+TD3,191,5911,6,59.59402691171645,0
GAIL+TD3,191,5911,7,21.566204659392504,0
GAIL+TD3,191,5911,8,12.816336771675497,0
GAIL+TD3,191,5911,9,7.981080375782881,0
GAIL+TD3,191,5911,10,4.955723087520569,0
GAIL+TD3,191,5911,11,2.9305788813537705,0
GAIL+TD3,191,5911,12,5.558383601535466,0
GAIL+TD3,191,5911,13,8.949385952808058,0
GAIL+TD3,191,5911,14,7.479899175460332,0
GAIL+TD3,191,5911,15,6.409637124794495,0
GAIL+TD3,191,5911,16,5.060657468144461,0
GAIL+TD3,191,5911,17,3.739175879738607,0
GAIL+TD3,191,5911,18,5.163883003278844,0
GAIL+TD3,191,5911,19,7.805552355719387,0
GAIL+TD3,191,5911,20,6.42613699605975,0
GAIL+TD3,191,5911,21,5.778557933620957,0
GAIL+TD3,191,5911,22,5.008442364478848,0
GAIL+TD3,191,5911,23,6.159339799749686,0
GAIL+TD3,191,5911,24,3.9358906773805566,0
GAIL+TD3,191,5911,25,6.348152829384175,0
GAIL+TD3,191,5911,26,5.677022522721955,0
GAIL+TD3,191,5911,27,5.495299066516953,0
GAIL+TD3,191,5911,28,5.217067624523847,0
GAIL+TD3,191,5911,29,5.9110641233725945,0
GAIL+TD3,191,5911,30,4.638046363475492,0
GAIL+TD3,191,5911,31,6.414679387659314,0
GAIL+TD3,191,5911,32,5.905044976334149,0
GAIL+TD3,191,5911,33,5.767855581487636,0
GAIL+TD3,191,5911,34,5.651014487546817,0
GAIL+TD3,191,5911,35,6.0826559733056245,0
GAIL+TD3,191,5911,36,5.293659460872162,0
GAIL+TD3,191,5911,37,6.148316745997404,0
GAIL+TD3,191,5911,38,6.474105875276694,0
GAIL+TD3,191,5911,39,5.939922816799081,0
GAIL+TD3,191,5911,40,5.710713435924677,0
GAIL+TD3,191,5911,41,6.023585942321248,0
GAIL+TD3,191,5911,42,5.599575429276557,0
GAIL+TD3,191,5911,43,6.63322597044893,0
GAIL+TD3,191,5911,44,5.34399688267703,0
GAIL+TD3,191,5911,45,4.808268365772784,0
GAIL+TD3,191,5911,46,3.4418380697934015,0
GAIL+TD3,191,5911,47,3.081428920652732,0
GAIL+TD3,191,5911,48,3.1240229023799824,0
GAIL+TD3,191,5911,49,17.587254174397035,0
GAIL+TD3,191,5911,50,13.255979730908146,0
GAIL+TD3,191,5911,51,9.311341378400146,0
GAIL+TD3,191,5911,52,5.101601416850696,0
GAIL+TD3,191,5911,53,3.0379315514528535,0
GAIL+TD3,191,5911,54,6.0657166967976845,0
GAIL+TD3,191,5911,55,3.164440366606496,0
GAIL+TD3,191,5911,56,17.164598388391834,0
GAIL+TD3,191,5911,57,25.5613291334107,0
GAIL+TD3,191,5911,58,6.916866866199396,0
GAIL+TD3,191,5911,59,7.089540266477895,0
GAIL+TD3,191,5911,60,3.945241692544134,0
GAIL+TD3,191,5911,61,3.476990951965961,0
GAIL+TD3,191,5911,62,1.9774350768334994,0
GAIL+TD3,191,5911,63,2.3952900291989883,0
GAIL+TD3,191,5911,64,1.760990837453386,0
GAIL+TD3,191,5911,65,7.294786402315235,0
GAIL+TD3,191,5911,66,2.7127832115622006,0
GAIL+TD3,191,5911,67,80.61462514417532,0
GAIL+TD3,191,5911,68,5.400159971950124,0
GAIL+TD3,191,5911,69,4.408830068257927,0
GAIL+TD3,191,5911,70,4.189605650256416,0
GAIL+TD3,191,5911,71,5.951627517417291,0
GAIL+TD3,191,5911,72,6.074276788371556,0
GAIL+TD3,191,5911,73,3.7433133773642604,0
GAIL+TD3,191,5911,74,6.240160633774393,0
GAIL+TD3,191,5911,75,5.6861358157701405,0
GAIL+TD3,191,5911,76,5.750646662526959,0
GAIL+TD3,191,5911,77,4.503756943721551,0
GAIL+TD3,191,5911,78,2.2166859389271796,0
GAIL+TD3,191,5911,79,7.9262601420183945,0
GAIL+TD3,191,5911,80,3.0702526634290717,0
GAIL+TD3,191,5911,81,12.006861439431775,0
GAIL+TD3,191,5911,82,17.139850091682128,0
GAIL+TD3,191,5911,83,3.6787676587839147,0
GAIL+TD3,191,5911,84,2.4114542424357333,0
GAIL+TD3,191,5911,85,1.7988718297231987,0
GAIL+TD3,191,5911,86,1.8083387137623648,0
GAIL+TD3,191,5911,87,1.9036424048648992,0
GAIL+TD3,191,5911,88,4.433653193757876,0
GAIL+TD3,191,5911,89,1.80413210940226,0
GAIL+TD3,191,5911,90,10.398260451705909,0
GAIL+TD3,191,5911,91,1.8983157638679806,0
GAIL+TD3,191,5911,92,2.3238115104331385,0
GAIL+TD3,191,5911,93,9.99199826646724,0
GAIL+TD3,191,5911,94,4.720919632528742,0
GAIL+TD3,191,5911,95,6.054169114230804,0
GAIL+TD3,191,5911,96,3.4215716503285347,0
GAIL+TD3,191,5911,97,3.5215546617442866,0
GAIL+TD3,191,5911,98,3.8071371665142277,0
GAIL+TD3,191,5912,5,7.344559081175783,0
GAIL+TD3,191,5912,6,39.707325622152126,0
GAIL+TD3,191,5912,7,42.58745450652965,0
GAIL+TD3,191,5912,8,12.940365111561864,0
GAIL+TD3,191,5912,9,10.420234629217331,0
GAIL+TD3,191,5912,10,10.00535449073712,0
GAIL+TD3,191,5912,11,4.955921277706754,0
GAIL+TD3,191,5912,12,2.8858071138839327,0
GAIL+TD3,191,5912,13,6.799925752844321,0
GAIL+TD3,191,5912,14,6.49508742070246,0
GAIL+TD3,191,5912,15,7.297435688202533,0
GAIL+TD3,191,5912,16,7.076347388997487,0
GAIL+TD3,191,5912,17,5.261474952879025,0
GAIL+TD3,191,5912,18,3.464448709058362,0
GAIL+TD3,191,5912,19,5.6581454207842095,0
GAIL+TD3,191,5912,20,5.712226439031859,0
GAIL+TD3,191,5912,21,5.814510797147885,0
GAIL+TD3,191,5912,22,5.871434062379886,0
GAIL+TD3,191,5912,23,4.913442160419187,0
GAIL+TD3,191,5912,24,4.902016339416035,0
GAIL+TD3,191,5912,25,4.6309751761901765,0
GAIL+TD3,191,5912,26,5.49505690166098,0
GAIL+TD3,191,5912,27,5.6314295023972445,0
GAIL+TD3,191,5912,28,5.684887442597329,0
GAIL+TD3,191,5912,29,5.198056914860307,0
GAIL+TD3,191,5912,30,5.258953281327746,0
GAIL+TD3,191,5912,31,5.101976631498107,0
GAIL+TD3,191,5912,32,5.702233847337734,0
GAIL+TD3,191,5912,33,5.793313998386847,0
GAIL+TD3,191,5912,34,5.927779584542375,0
GAIL+TD3,191,5912,35,5.574353501762048,0
GAIL+TD3,191,5912,36,5.7327772974622375,0
GAIL+TD3,191,5912,37,5.614611727562249,0
GAIL+TD3,191,5912,38,5.978472591863415,0
GAIL+TD3,191,5912,39,5.947200402031578,0
GAIL+TD3,191,5912,40,6.321544937027913,0
GAIL+TD3,191,5912,41,5.913503372917263,0
GAIL+TD3,191,5912,42,5.948763173599374,0
GAIL+TD3,191,5912,43,5.986430988365553,0
GAIL+TD3,191,5912,44,5.630522667575731,0
GAIL+TD3,191,5912,45,5.517363306200216,0
GAIL+TD3,191,5912,46,5.754335006534258,0
GAIL+TD3,191,5912,47,4.921998303767345,0
GAIL+TD3,191,5912,48,3.85589442803717,0
GAIL+TD3,191,5912,49,9.393674704003518,0
GAIL+TD3,191,5912,50,7.794536889660605,0
GAIL+TD3,191,5912,51,2.348373751753776,0
GAIL+TD3,191,5912,52,6.539167453980872,0
GAIL+TD3,191,5912,53,30.226472615140224,0
GAIL+TD3,191,5912,54,5.607388830307695,0
GAIL+TD3,191,5912,55,3.275673372431657,0
GAIL+TD3,191,5912,56,12.341909246705649,0
GAIL+TD3,191,5912,57,3.040417208068338,0
GAIL+TD3,191,5912,58,2.0515096060784725,0
GAIL+TD3,191,5912,59,9.207396767974156,0
GAIL+TD3,191,5912,60,7.213750281567375,0
GAIL+TD3,191,5912,61,5.48718364177053,0
GAIL+TD3,191,5912,62,6.522557988048373,0
GAIL+TD3,191,5912,63,7.156116891976411,0
GAIL+TD3,191,5912,64,4.054378840392037,0
GAIL+TD3,191,5912,65,4.393221196544392,0
GAIL+TD3,191,5912,66,4.394239956027032,0
GAIL+TD3,191,5912,67,3.7003988891294126,0
GAIL+TD3,191,5912,68,1.2316028052988979,0
GAIL+TD3,191,5912,69,2.743315900230749,0
GAIL+TD3,191,5912,70,2.797581240250703,0
GAIL+TD3,191,5912,71,4.756509226831619,0
GAIL+TD3,191,5912,72,6.799080662753857,0
GAIL+TD3,191,5912,73,2.170020410410156,0
GAIL+TD3,191,5912,74,3.4930014170409165,0
GAIL+TD3,191,5912,75,3.610875097901608,0
GAIL+TD3,191,5912,76,5.767812270164256,0
GAIL+TD3,191,5912,77,6.6284448087588865,0
GAIL+TD3,191,5912,78,8.84860521154385,0
GAIL+TD3,191,5912,79,7.017821474213769,0
GAIL+TD3,191,5912,80,5.559150393149335,0
GAIL+TD3,191,5912,81,7.304774990477228,0
GAIL+TD3,191,5912,82,5.735198148076531,0
GAIL+TD3,191,5912,83,2.848103680653281,0
GAIL+TD3,191,5912,84,2.3062329894251823,0
GAIL+TD3,191,5912,85,1.8307772126270394,0
GAIL+TD3,191,5912,86,12.10072690992018,0
GAIL+TD3,191,5912,87,5.249403500928827,0
GAIL+TD3,191,5912,88,9.20174745588544,0
GAIL+TD3,191,5912,89,3.4656979608991176,0
GAIL+TD3,191,5912,90,4.267239426992617,0
GAIL+TD3,191,5912,91,3.773508005822417,0
GAIL+TD3,191,5912,92,5.362693564780677,0
GAIL+TD3,191,5912,93,6.090222220157962,0
GAIL+TD3,191,5912,94,5.501454772410724,0
GAIL+TD3,191,5912,95,3.2502604656744425,0
GAIL+TD3,191,5912,96,3.2509379028256546,0
GAIL+TD3,191,5912,97,2.3737740518452517,0
GAIL+TD3,191,5912,98,1.1816327714141839,0
GAIL+TD3,191,5914,5,7.4074687987519505,0
GAIL+TD3,191,5914,6,14.89414834140887,0
GAIL+TD3,191,5914,7,12.238637943015982,0
GAIL+TD3,191,5914,8,13.616435263573768,0
GAIL+TD3,191,5914,9,5.944084648362676,0
GAIL+TD3,191,5914,10,4.357507809990949,0
GAIL+TD3,191,5914,11,6.091712957714545,0
GAIL+TD3,191,5914,12,7.461350370720934,0
GAIL+TD3,191,5914,13,4.4751604468742565,0
GAIL+TD3,191,5914,14,8.475871608664216,0
GAIL+TD3,191,5914,15,5.7951067945987145,0
GAIL+TD3,191,5914,16,5.588823744324014,0
GAIL+TD3,191,5914,17,5.4568661835224015,0
GAIL+TD3,191,5914,18,4.257783867100532,0
GAIL+TD3,191,5914,19,4.890798528929833,0
GAIL+TD3,191,5914,20,7.162453889334403,0
GAIL+TD3,191,5914,21,6.254688516831331,0
GAIL+TD3,191,5914,22,5.382114280335122,0
GAIL+TD3,191,5914,23,5.508145010678319,0
GAIL+TD3,191,5914,24,4.939804175862514,0
GAIL+TD3,191,5914,25,5.597097832910829,0
GAIL+TD3,191,5914,26,5.3262829062829065,0
GAIL+TD3,191,5914,27,5.451032587977021,0
GAIL+TD3,191,5914,28,5.173736773884096,0
GAIL+TD3,191,5914,29,5.368371058795592,0
GAIL+TD3,191,5914,30,5.189706947834045,0
GAIL+TD3,191,5914,31,5.621339613113919,0
GAIL+TD3,191,5914,32,5.560606832382505,0
GAIL+TD3,191,5914,33,5.65905540389137,0
GAIL+TD3,191,5914,34,5.561003809443483,0
GAIL+TD3,191,5914,35,5.688983893156402,0
GAIL+TD3,191,5914,36,5.682595290650539,0
GAIL+TD3,191,5914,37,5.926826706932178,0
GAIL+TD3,191,5914,38,5.958594177040253,0
GAIL+TD3,191,5914,39,6.013679625977201,0
GAIL+TD3,191,5914,40,6.004253793865899,0
GAIL+TD3,191,5914,41,6.0802812098844665,0
GAIL+TD3,191,5914,42,5.8932225495471675,0
GAIL+TD3,191,5914,43,5.768840800202166,0
GAIL+TD3,191,5914,44,5.578616411612821,0
GAIL+TD3,191,5914,45,5.034678498979871,0
GAIL+TD3,191,5914,46,5.85406262438636,0
GAIL+TD3,191,5914,47,5.465168829129893,0
GAIL+TD3,191,5914,48,5.402676629149721,0
GAIL+TD3,191,5914,49,4.675803184012322,0
GAIL+TD3,191,5914,50,6.215424884673002,0
GAIL+TD3,191,5914,51,2.607959977646075,0
GAIL+TD3,191,5914,52,15.544836280159155,0
GAIL+TD3,191,5914,53,9.85260376971042,0
GAIL+TD3,191,5914,54,7.642459078064443,0
GAIL+TD3,191,5914,55,9.078717286751287,0
GAIL+TD3,191,5914,56,4.027739946575312,0
GAIL+TD3,191,5914,57,3.5769539161834056,0
GAIL+TD3,191,5914,58,6.186908804268737,0
GAIL+TD3,191,5914,59,6.321577906951108,0
GAIL+TD3,191,5914,60,5.327645223044752,0
GAIL+TD3,191,5914,61,4.39795999609153,0
GAIL+TD3,191,5914,62,3.001504232412204,0
GAIL+TD3,191,5914,63,3.0954543583237912,0
GAIL+TD3,191,5914,64,8.60132504906585,0
GAIL+TD3,191,5914,65,4.451105287725141,0
GAIL+TD3,191,5914,66,7.046203905656451,0
GAIL+TD3,191,5914,67,8.976648336510806,0
GAIL+TD3,191,5914,68,2.739908836578234,0
GAIL+TD3,191,5914,69,1.600887398239317,0
GAIL+TD3,191,5914,70,6.195313132949849,0
GAIL+TD3,191,5914,71,2.756043224162907,0
GAIL+TD3,191,5914,72,4.187360266662021,0
GAIL+TD3,191,5914,73,64.91685426250368,0
GAIL+TD3,191,5914,74,4.285600209614833,0
GAIL+TD3,191,5914,75,13.341089792420492,0
GAIL+TD3,191,5914,76,3.616307486329101,0
GAIL+TD3,191,5914,77,6.9948131479440665,0
GAIL+TD3,191,5914,78,4.134486140370385,0
GAIL+TD3,191,5914,79,2.5336547741292925,0
GAIL+TD3,191,5914,80,2.413693792794991,0
GAIL+TD3,191,5914,81,7.207368087466329,0
GAIL+TD3,191,5914,82,2.813031668239019,0
GAIL+TD3,191,5914,83,5.422939255730562,0
GAIL+TD3,191,5914,84,3.883522688322906,0
GAIL+TD3,191,5914,85,5.27946990659309,0
GAIL+TD3,191,5914,86,8.307678513710366,0
GAIL+TD3,191,5914,87,4.438345692398778,0
GAIL+TD3,191,5914,88,5.547927490853205,0
GAIL+TD3,191,5914,89,2.9003120218643463,0
GAIL+TD3,191,5914,90,2.2349291151160053,0
GAIL+TD3,191,5914,91,4.5466954310473415,0
GAIL+TD3,191,5914,92,3.9467581031813417,0
GAIL+TD3,191,5914,93,3.710833136490915,0
GAIL+TD3,191,5914,94,3.4879972647497506,0
GAIL+TD3,191,5914,95,5.762990125620157,0
GAIL+TD3,191,5914,96,6.800290179830892,0
GAIL+TD3,191,5914,97,6.504649790734971,0
GAIL+TD3,191,5914,98,3.0754483139824442,0
GAIL+TD3,191,5916,5,4.474906881003725,0
GAIL+TD3,191,5916,6,10.089295935890098,0
GAIL+TD3,191,5916,7,10.789525139664805,0
GAIL+TD3,191,5916,8,10.60204655346902,0
GAIL+TD3,191,5916,9,15.003774279664917,0
GAIL+TD3,191,5916,10,13.817003074455288,0
GAIL+TD3,191,5916,11,7.43411427282395,0
GAIL+TD3,191,5916,12,6.0990900147565155,0
GAIL+TD3,191,5916,13,7.32979359430605,0
GAIL+TD3,191,5916,14,3.325191519043668,0
GAIL+TD3,191,5916,15,4.628139085640695,0
GAIL+TD3,191,5916,16,7.551356015779092,0
GAIL+TD3,191,5916,17,6.75920701486847,0
GAIL+TD3,191,5916,18,6.268063999502434,0
GAIL+TD3,191,5916,19,6.111907606531262,0
GAIL+TD3,191,5916,20,4.949548430674031,0
GAIL+TD3,191,5916,21,4.13932776184957,0
GAIL+TD3,191,5916,22,6.028659136982334,0
GAIL+TD3,191,5916,23,5.46973324050319,0
GAIL+TD3,191,5916,24,5.275070650992459,0
GAIL+TD3,191,5916,25,5.520958901907839,0
GAIL+TD3,191,5916,26,4.907587974861523,0
GAIL+TD3,191,5916,27,4.524932390494769,0
GAIL+TD3,191,5916,28,5.645083902333485,0
GAIL+TD3,191,5916,29,5.475197780572111,0
GAIL+TD3,191,5916,30,5.385137458782594,0
GAIL+TD3,191,5916,31,5.63045478600409,0
GAIL+TD3,191,5916,32,5.348064917828645,0
GAIL+TD3,191,5916,33,5.126053023017939,0
GAIL+TD3,191,5916,34,5.867288392243211,0
GAIL+TD3,191,5916,35,5.6049963929240345,0
GAIL+TD3,191,5916,36,5.6760329306763095,0
GAIL+TD3,191,5916,37,5.813086312018463,0
GAIL+TD3,191,5916,38,5.52312894706041,0
GAIL+TD3,191,5916,39,5.487301315233164,0
GAIL+TD3,191,5916,40,6.690734758128953,0
GAIL+TD3,191,5916,41,5.9959571806265135,0
GAIL+TD3,191,5916,42,5.888270106164602,0
GAIL+TD3,191,5916,43,6.810471755683651,0
GAIL+TD3,191,5916,44,6.116258974302678,0
GAIL+TD3,191,5916,45,5.9386120981689094,0
GAIL+TD3,191,5916,46,4.143550635383558,0
GAIL+TD3,191,5916,47,5.079718489730227,0
GAIL+TD3,191,5916,48,3.9593043877180434,0
GAIL+TD3,191,5916,49,3.8021925944986785,0
GAIL+TD3,191,5916,50,13.609593163810032,0
GAIL+TD3,191,5916,51,11.398344923647313,0
GAIL+TD3,191,5916,52,3.720337588630938,0
GAIL+TD3,191,5916,53,5.020413129661429,0
GAIL+TD3,191,5916,54,5.775569540770079,0
GAIL+TD3,191,5916,55,2.591979082564568,0
GAIL+TD3,191,5916,56,4.462666287956176,0
GAIL+TD3,191,5916,57,6.942220883063549,0
GAIL+TD3,191,5916,58,2.799241456468911,0
GAIL+TD3,191,5916,59,1.5739681337820404,0
GAIL+TD3,191,5916,60,4.193720955876562,0
GAIL+TD3,191,5916,61,5.084930776043798,0
GAIL+TD3,191,5916,62,7.249477285917925,0
GAIL+TD3,191,5916,63,12.11607221768534,0
GAIL+TD3,191,5916,64,8.564231777898351,0
GAIL+TD3,191,5916,65,6.658183723879872,0
GAIL+TD3,191,5916,66,3.7279337033851925,0
GAIL+TD3,191,5916,67,2.437584489419418,0
GAIL+TD3,191,5916,68,4.045731277522513,0
GAIL+TD3,191,5916,69,5.925653554495498,0
GAIL+TD3,191,5916,70,9.116314695652795,0
GAIL+TD3,191,5916,71,9.182159968183287,0
GAIL+TD3,191,5916,72,6.193924408817745,0
GAIL+TD3,191,5916,73,3.219941394566486,0
GAIL+TD3,191,5916,74,2.3671062027497634,0
GAIL+TD3,191,5916,75,1.9482492142429964,0
GAIL+TD3,191,5916,76,5.800447236440722,0
GAIL+TD3,191,5916,77,11.97651840598811,0
GAIL+TD3,191,5916,78,6.963060910643741,0
GAIL+TD3,191,5916,79,5.947419483868407,0
GAIL+TD3,191,5916,80,3.1181522676514164,0
GAIL+TD3,191,5916,81,5.662180364474536,0
GAIL+TD3,191,5916,82,4.472865966006253,0
GAIL+TD3,191,5916,83,2.2996436255414334,0
GAIL+TD3,191,5916,84,2.931835991592615,0
GAIL+TD3,191,5916,85,3.305628480749765,0
GAIL+TD3,191,5916,86,4.839048622803749,0
GAIL+TD3,191,5916,87,20.532347472651015,0
GAIL+TD3,191,5916,88,2.067501323366645,0
GAIL+TD3,191,5916,89,4.712300450867223,0
GAIL+TD3,191,5916,90,5.442919212836507,0
GAIL+TD3,191,5916,91,7.7653962543290405,0
GAIL+TD3,191,5916,92,7.218007795711861,0
GAIL+TD3,191,5916,93,2.3532062884781855,0
GAIL+TD3,191,5916,94,3.916044293381163,0
GAIL+TD3,191,5916,95,1.6769013397391275,0
GAIL+TD3,191,5916,96,0.7659277066792956,1
GAIL+TD3,191,5918,5,5.084827113331374,0
GAIL+TD3,191,5918,6,18.21726721369961,0
GAIL+TD3,191,5918,7,13.323205546492659,0
GAIL+TD3,191,5918,8,5.375110549589388,0
GAIL+TD3,191,5918,9,13.295090130465095,0
GAIL+TD3,191,5918,10,7.810408362788599,0
GAIL+TD3,191,5918,11,10.223383590787162,0
GAIL+TD3,191,5918,12,9.822701800405389,0
GAIL+TD3,191,5918,13,8.731459188171858,0
GAIL+TD3,191,5918,14,4.160948429882202,0
GAIL+TD3,191,5918,15,3.1850923747946247,0
GAIL+TD3,191,5918,16,6.085678514033709,0
GAIL+TD3,191,5918,17,5.906159029208779,0
GAIL+TD3,191,5918,18,7.208999143293479,0
GAIL+TD3,191,5918,19,6.343774256883248,0
GAIL+TD3,191,5918,20,6.103495906016375,0
GAIL+TD3,191,5918,21,3.441982515777291,0
GAIL+TD3,191,5918,22,4.9617884697163,0
GAIL+TD3,191,5918,23,5.202801682123263,0
GAIL+TD3,191,5918,24,5.740286758504357,0
GAIL+TD3,191,5918,25,5.599895075196109,0
GAIL+TD3,191,5918,26,5.035832244917497,0
GAIL+TD3,191,5918,27,4.779740857637817,0
GAIL+TD3,191,5918,28,4.462232870558539,0
GAIL+TD3,191,5918,29,4.947872954332808,0
GAIL+TD3,191,5918,30,5.311103873191651,0
GAIL+TD3,191,5918,31,5.247736210350012,0
GAIL+TD3,191,5918,32,4.972910633498552,0
GAIL+TD3,191,5918,33,5.922419026047565,0
GAIL+TD3,191,5918,34,5.658414166044877,0
GAIL+TD3,191,5918,35,5.61832743844375,0
GAIL+TD3,191,5918,36,5.792002084901836,0
GAIL+TD3,191,5918,37,5.888834806270195,0
GAIL+TD3,191,5918,38,5.798059539120974,0
GAIL+TD3,191,5918,39,5.645750884372043,0
GAIL+TD3,191,5918,40,5.792845277671573,0
GAIL+TD3,191,5918,41,6.569776075043909,0
GAIL+TD3,191,5918,42,5.79261875073949,0
GAIL+TD3,191,5918,43,6.145550967073002,0
GAIL+TD3,191,5918,44,6.554108116475465,0
GAIL+TD3,191,5918,45,5.739898065575225,0
GAIL+TD3,191,5918,46,5.34256134938385,0
GAIL+TD3,191,5918,47,4.941481192645699,0
GAIL+TD3,191,5918,48,4.1521710979907684,0
GAIL+TD3,191,5918,49,3.6652936614564564,0
GAIL+TD3,191,5918,50,3.3819124107922867,0
GAIL+TD3,191,5918,51,5.075408951846915,0
GAIL+TD3,191,5918,52,14.997723688460734,0
GAIL+TD3,191,5918,53,5.201366458999917,0
GAIL+TD3,191,5918,54,6.411528956388405,0
GAIL+TD3,191,5918,55,5.424374013012043,0
GAIL+TD3,191,5918,56,7.085162352870071,0
GAIL+TD3,191,5918,57,2.659190031525504,0
GAIL+TD3,191,5918,58,7.657024813194083,0
GAIL+TD3,191,5918,59,3.901954388742211,0
GAIL+TD3,191,5918,60,5.123576849099494,0
GAIL+TD3,191,5918,61,3.196887395890463,0
GAIL+TD3,191,5918,62,10.630939119375453,0
GAIL+TD3,191,5918,63,10.37129312495747,0
GAIL+TD3,191,5918,64,5.124059901049197,0
GAIL+TD3,191,5918,65,4.157638468742489,0
GAIL+TD3,191,5918,66,3.3500850648625344,0
GAIL+TD3,191,5918,67,1.6311139249735944,0
GAIL+TD3,191,5918,68,4.682954174820613,0
GAIL+TD3,191,5918,69,3.4549989121734774,0
GAIL+TD3,191,5918,70,7.74525573119965,0
GAIL+TD3,191,5918,71,5.308718196191052,0
GAIL+TD3,191,5918,72,4.934092719922094,0
GAIL+TD3,191,5918,73,8.666451617761869,0
GAIL+TD3,191,5918,74,8.753330010304182,0
GAIL+TD3,191,5918,75,4.428848559033185,0
GAIL+TD3,191,5918,76,3.472641630798439,0
GAIL+TD3,191,5918,77,5.589841294428202,0
GAIL+TD3,191,5918,78,4.819411234182683,0
GAIL+TD3,191,5918,79,3.3187124460448385,0
GAIL+TD3,191,5918,80,3.8787657473444503,0
GAIL+TD3,191,5918,81,9.83012668814131,0
GAIL+TD3,191,5918,82,3.493648216844595,0
GAIL+TD3,191,5918,83,7.353685705147286,0
GAIL+TD3,191,5918,84,7.924827317775956,0
GAIL+TD3,191,5918,85,2.195152072272678,0
GAIL+TD3,191,5918,86,2.41449085924216,0
GAIL+TD3,191,5918,87,1.5890642432111506,0
GAIL+TD3,191,5918,88,3.3186780534790605,0
GAIL+TD3,191,5918,89,2.8151121051125405,0
GAIL+TD3,191,5918,90,4.438377400018994,0
GAIL+TD3,191,5918,91,3.6757337583390486,0
GAIL+TD3,191,5918,92,6.462184615804709,0
GAIL+TD3,191,5918,93,3.058738995357679,0
GAIL+TD3,191,5918,94,2.7534489311984656,0
GAIL+TD3,191,5918,95,6.233412013293125,0
GAIL+TD3,191,5918,96,4.595743135260788,0
GAIL+TD3,191,5918,97,5.632081383460189,0
GAIL+TD3,191,5918,98,5.756418221816967,0
GAIL+TD3,191,5920,5,5.759902439024391,0
GAIL+TD3,191,5920,6,22.785816618911173,0
GAIL+TD3,191,5920,7,9.246515586764549,0
GAIL+TD3,191,5920,8,16.205302096177558,0
GAIL+TD3,191,5920,9,7.93982439203788,0
GAIL+TD3,191,5920,10,11.022539520652726,0
GAIL+TD3,191,5920,11,9.600204373594929,0
GAIL+TD3,191,5920,12,6.3646403392003155,0
GAIL+TD3,191,5920,13,4.233309599915165,0
GAIL+TD3,191,5920,14,4.739704131395671,0
GAIL+TD3,191,5920,15,4.170434008577671,0
GAIL+TD3,191,5920,16,7.631705364291432,0
GAIL+TD3,191,5920,17,7.285900684542945,0
GAIL+TD3,191,5920,18,6.349858629520524,0
GAIL+TD3,191,5920,19,5.212889235252262,0
GAIL+TD3,191,5920,20,5.1644030338559235,0
GAIL+TD3,191,5920,21,4.821837066007453,0
GAIL+TD3,191,5920,22,6.10254364198813,0
GAIL+TD3,191,5920,23,5.973714787872869,0
GAIL+TD3,191,5920,24,5.431319218241042,0
GAIL+TD3,191,5920,25,4.884915953995871,0
GAIL+TD3,191,5920,26,5.124586308165875,0
GAIL+TD3,191,5920,27,4.873605283301393,0
GAIL+TD3,191,5920,28,5.852972471388803,0
GAIL+TD3,191,5920,29,5.804922429189691,0
GAIL+TD3,191,5920,30,5.540615547267334,0
GAIL+TD3,191,5920,31,5.2574256178038405,0
GAIL+TD3,191,5920,32,5.50917799197749,0
GAIL+TD3,191,5920,33,5.349869358754386,0
GAIL+TD3,191,5920,34,5.974352552585253,0
GAIL+TD3,191,5920,35,6.015240075902334,0
GAIL+TD3,191,5920,36,5.88771398605128,0
GAIL+TD3,191,5920,37,5.644466841997511,0
GAIL+TD3,191,5920,38,5.652256356584375,0
GAIL+TD3,191,5920,39,5.7967239737043466,0
GAIL+TD3,191,5920,40,6.007391050402013,0
GAIL+TD3,191,5920,41,6.057659196270575,0
GAIL+TD3,191,5920,42,6.4133686702765065,0
GAIL+TD3,191,5920,43,6.5383985633057415,0
GAIL+TD3,191,5920,44,5.464149926325626,0
GAIL+TD3,191,5920,45,6.167987435882659,0
GAIL+TD3,191,5920,46,4.58825210861109,0
GAIL+TD3,191,5920,47,3.925160046625317,0
GAIL+TD3,191,5920,48,4.963528604455481,0
GAIL+TD3,191,5920,49,4.484546448382439,0
GAIL+TD3,191,5920,50,6.396698770159008,0
GAIL+TD3,191,5920,51,12.833208382421192,0
GAIL+TD3,191,5920,52,8.29797244121003,0
GAIL+TD3,191,5920,53,4.283558796620459,0
GAIL+TD3,191,5920,54,2.52545006912017,0
GAIL+TD3,191,5920,55,11.764423855065479,0
GAIL+TD3,191,5920,56,11.82883100906515,0
GAIL+TD3,191,5920,57,4.169619569000463,0
GAIL+TD3,191,5920,58,2.071242314140325,0
GAIL+TD3,191,5920,59,9.459345927780879,0
GAIL+TD3,191,5920,60,5.076032405043781,0
GAIL+TD3,191,5920,61,8.007868003832835,0
GAIL+TD3,191,5920,62,4.969741407776111,0
GAIL+TD3,191,5920,63,8.790182719831149,0
GAIL+TD3,191,5920,64,3.2125925186884983,0
GAIL+TD3,191,5920,65,4.711187144270217,0
GAIL+TD3,191,5920,66,1.601356095266223,0
GAIL+TD3,191,5920,67,1.7523999783379163,0
GAIL+TD3,191,5920,68,2.3612806143628062,0
GAIL+TD3,191,5920,69,6.999154534581597,0
GAIL+TD3,191,5920,70,3.3143430811467915,0
GAIL+TD3,191,5920,71,4.029551758138083,0
GAIL+TD3,191,5920,72,3.950329053734976,0
GAIL+TD3,191,5920,73,5.462797695426782,0
GAIL+TD3,191,5920,74,4.561332613411388,0
GAIL+TD3,191,5920,75,3.752406284197742,0
GAIL+TD3,191,5920,76,6.6421168777045265,0
GAIL+TD3,191,5920,77,9.279013488526177,0
GAIL+TD3,191,5920,78,7.699884681315256,0
GAIL+TD3,191,5920,79,3.664553401893086,0
GAIL+TD3,191,5920,80,2.437125820453897,0
GAIL+TD3,191,5920,81,1.91512586542717,0
GAIL+TD3,191,5920,82,1.8021007384020313,0
GAIL+TD3,191,5920,83,6.123986255885789,0
GAIL+TD3,191,5920,84,2.6030807175227157,0
GAIL+TD3,191,5920,85,3.3576886549972556,0
GAIL+TD3,191,5920,86,2.5050053479098784,0
GAIL+TD3,191,5920,87,4.286099632690542,0
GAIL+TD3,191,5920,88,6.8878476845375545,0
GAIL+TD3,191,5920,89,3.0998169292506876,0
GAIL+TD3,191,5920,90,5.806392008318771,0
GAIL+TD3,191,5920,91,9.122124313575247,0
GAIL+TD3,191,5920,92,5.446057166837199,0
GAIL+TD3,191,5920,93,3.3492546282584525,0
GAIL+TD3,191,5920,94,4.928300428422984,0
GAIL+TD3,191,5920,95,2.6457084469853633,0
GAIL+TD3,191,5920,96,1.6196745100760002,0
GAIL+TD3,191,5920,97,1.7036525763749222,0
GAIL+TD3,191,5920,98,13.25862644450659,0
GAIL+TD3,191,5928,5,4.588835475326204,0
GAIL+TD3,191,5928,6,15.901261261261263,0
GAIL+TD3,191,5928,7,11.377768662838392,0
GAIL+TD3,191,5928,8,11.758199753390876,0
GAIL+TD3,191,5928,9,11.653597468702712,0
GAIL+TD3,191,5928,10,8.49324403255325,0
GAIL+TD3,191,5928,11,12.223420969938202,0
GAIL+TD3,191,5928,12,11.665640790078086,0
GAIL+TD3,191,5928,13,5.516211639337491,0
GAIL+TD3,191,5928,14,3.490877624891836,0
GAIL+TD3,191,5928,15,5.373320148491579,0
GAIL+TD3,191,5928,16,7.036606259042108,0
GAIL+TD3,191,5928,17,8.380419136325147,0
GAIL+TD3,191,5928,18,8.576546779687872,0
GAIL+TD3,191,5928,19,5.744125453527163,0
GAIL+TD3,191,5928,20,3.9277806414882406,0
GAIL+TD3,191,5928,21,5.333323346715402,0
GAIL+TD3,191,5928,22,6.050065431212801,0
GAIL+TD3,191,5928,23,6.312223736076297,0
GAIL+TD3,191,5928,24,6.248972968917067,0
GAIL+TD3,191,5928,25,5.004429743395457,0
GAIL+TD3,191,5928,26,4.346572148848831,0
GAIL+TD3,191,5928,27,4.876247716070054,0
GAIL+TD3,191,5928,28,5.470479203222697,0
GAIL+TD3,191,5928,29,5.86987230230175,0
GAIL+TD3,191,5928,30,8.5558427834004,0
GAIL+TD3,191,5928,31,4.7359403039133365,0
GAIL+TD3,191,5928,32,4.8532958634941865,0
GAIL+TD3,191,5928,33,5.307479794709002,0
GAIL+TD3,191,5928,34,5.794786454693041,0
GAIL+TD3,191,5928,35,5.9750000000000005,0
GAIL+TD3,191,5928,36,7.386339235168956,0
GAIL+TD3,191,5928,37,5.063591083331298,0
GAIL+TD3,191,5928,38,5.557605063241952,0
GAIL+TD3,191,5928,39,5.886168168986298,0
GAIL+TD3,191,5928,40,6.138658231777962,0
GAIL+TD3,191,5928,41,6.2766638167002435,0
GAIL+TD3,191,5928,42,6.996286025234501,0
GAIL+TD3,191,5928,43,5.745021610500631,0
GAIL+TD3,191,5928,44,5.921665009672224,0
GAIL+TD3,191,5928,45,6.134612440456491,0
GAIL+TD3,191,5928,46,5.156538488997259,0
GAIL+TD3,191,5928,47,5.134744452825164,0
GAIL+TD3,191,5928,48,4.659080739705779,0
GAIL+TD3,191,5928,49,3.684767572077908,0
GAIL+TD3,191,5928,50,3.0830375463129545,0
GAIL+TD3,191,5928,51,12.5072971001855,0
GAIL+TD3,191,5928,52,3.946436377344568,0
GAIL+TD3,191,5928,53,7.003256303882203,0
GAIL+TD3,191,5928,54,9.224017529757646,0
GAIL+TD3,191,5928,55,5.26271932741809,0
GAIL+TD3,191,5928,56,4.192878229881941,0
GAIL+TD3,191,5928,57,3.708781578830002,0
GAIL+TD3,191,5928,58,4.082597542368107,0
GAIL+TD3,191,5928,59,4.475547912258584,0
GAIL+TD3,191,5928,60,16.09724931841336,0
GAIL+TD3,191,5928,61,3.4199856046065267,0
GAIL+TD3,191,5928,62,5.808577261919619,0
GAIL+TD3,191,5928,63,6.658396635614837,0
GAIL+TD3,191,5928,64,2.8774807397643203,0
GAIL+TD3,191,5928,65,6.633666727993444,0
GAIL+TD3,191,5928,66,14.91879543767453,0
GAIL+TD3,191,5928,67,6.844873081072896,0
GAIL+TD3,191,5928,68,3.001143914751814,0
GAIL+TD3,191,5928,69,6.964582344300867,0
GAIL+TD3,191,5928,70,4.670086284046486,0
GAIL+TD3,191,5928,71,3.0784877512675863,0
GAIL+TD3,191,5928,72,5.119656367683424,0
GAIL+TD3,191,5928,73,5.766225825670398,0
GAIL+TD3,191,5928,74,3.4635012347429486,0
GAIL+TD3,191,5928,75,8.884015223824184,0
GAIL+TD3,191,5928,76,2.7008881939434373,0
GAIL+TD3,191,5928,77,11.922398347271532,0
GAIL+TD3,191,5928,78,4.88288835561742,0
GAIL+TD3,191,5928,79,5.894624388837185,0
GAIL+TD3,191,5928,80,5.269390352264343,0
GAIL+TD3,191,5928,81,3.04242629772243,0
GAIL+TD3,191,5928,82,1.5652578366703638,0
GAIL+TD3,191,5928,83,5.545970221488357,0
GAIL+TD3,191,5928,84,3.5471480398741093,0
GAIL+TD3,191,5928,85,5.474895922054973,0
GAIL+TD3,191,5928,86,3.986801693739685,0
GAIL+TD3,191,5928,87,8.329743780170812,0
GAIL+TD3,191,5928,88,10.473831660612033,0
GAIL+TD3,191,5928,89,4.477424149099808,0
GAIL+TD3,191,5928,90,3.4687362540506794,0
GAIL+TD3,191,5928,91,3.145305843243208,0
GAIL+TD3,191,5928,92,2.722861279728486,0
GAIL+TD3,191,5928,93,6.086471584526649,0
GAIL+TD3,191,5928,94,9.694722598857497,0
GAIL+TD3,191,5928,95,4.145297221664832,0
GAIL+TD3,191,5928,96,2.9972516013536823,0
GAIL+TD3,191,5928,97,3.708931479034753,0
GAIL+TD3,191,5928,98,5.354771798634665,0
GAIL+TD3,191,5929,5,5.949215686274509,0
GAIL+TD3,191,5929,6,31.420377627360168,0
GAIL+TD3,191,5929,7,13.584232706341867,0
GAIL+TD3,191,5929,8,22.7418890488318,0
GAIL+TD3,191,5929,9,19.27670892809646,0
GAIL+TD3,191,5929,10,7.598579388094229,0
GAIL+TD3,191,5929,11,5.095262978073437,0
GAIL+TD3,191,5929,12,4.588675321190164,0
GAIL+TD3,191,5929,13,3.075435845784834,0
GAIL+TD3,191,5929,14,9.002002321532213,0
GAIL+TD3,191,5929,15,8.627194805194803,0
GAIL+TD3,191,5929,16,6.21133835050486,0
GAIL+TD3,191,5929,17,5.328534155277067,0
GAIL+TD3,191,5929,18,5.104658272566693,0
GAIL+TD3,191,5929,19,4.013318273418709,0
GAIL+TD3,191,5929,20,7.076199038317465,0
GAIL+TD3,191,5929,21,7.097722863269683,0
GAIL+TD3,191,5929,22,6.906557395998289,0
GAIL+TD3,191,5929,23,4.604547562500878,0
GAIL+TD3,191,5929,24,4.957466984618388,0
GAIL+TD3,191,5929,25,4.47671096614502,0
GAIL+TD3,191,5929,26,6.071448526830805,0
GAIL+TD3,191,5929,27,6.1218510116331215,0
GAIL+TD3,191,5929,28,6.328617650894593,0
GAIL+TD3,191,5929,29,5.07659951902415,0
GAIL+TD3,191,5929,30,5.371034385544504,0
GAIL+TD3,191,5929,31,5.046250786225704,0
GAIL+TD3,191,5929,32,6.053542574446608,0
GAIL+TD3,191,5929,33,6.105297367565812,0
GAIL+TD3,191,5929,34,6.119654193860803,0
GAIL+TD3,191,5929,35,5.411151009175909,0
GAIL+TD3,191,5929,36,5.498774904096028,0
GAIL+TD3,191,5929,37,5.314594195722039,0
GAIL+TD3,191,5929,38,5.891844011114491,0
GAIL+TD3,191,5929,39,6.43331265205624,0
GAIL+TD3,191,5929,40,6.494772955966252,0
GAIL+TD3,191,5929,41,6.119528801257681,0
GAIL+TD3,191,5929,42,5.912461679282838,0
GAIL+TD3,191,5929,43,5.784014803027671,0
GAIL+TD3,191,5929,44,4.967520491510762,0
GAIL+TD3,191,5929,45,5.769664909817731,0
GAIL+TD3,191,5929,46,5.014991209450765,0
GAIL+TD3,191,5929,47,5.676747039733903,0
GAIL+TD3,191,5929,48,4.029858832284127,0
GAIL+TD3,191,5929,49,14.02550437200971,0
GAIL+TD3,191,5929,50,4.108863041272329,0
GAIL+TD3,191,5929,51,8.194742571707451,0
GAIL+TD3,191,5929,52,5.830495576020463,0
GAIL+TD3,191,5929,53,2.7085916337862432,0
GAIL+TD3,191,5929,54,2.3631474145522047,0
GAIL+TD3,191,5929,55,10.447877008118846,0
GAIL+TD3,191,5929,56,16.387615715487954,0
GAIL+TD3,191,5929,57,3.9534269544775174,0
GAIL+TD3,191,5929,58,6.049257698944455,0
GAIL+TD3,191,5929,59,7.782693786611334,0
GAIL+TD3,191,5929,60,4.281868708382274,0
GAIL+TD3,191,5929,61,2.7995710732900827,0
GAIL+TD3,191,5929,62,13.239467371917096,0
GAIL+TD3,191,5929,63,5.508557052314735,0
GAIL+TD3,191,5929,64,2.6072916445181544,0
GAIL+TD3,191,5929,65,3.11888114654002,0
GAIL+TD3,191,5929,66,8.71408481013042,0
GAIL+TD3,191,5929,67,3.2207485193430503,0
GAIL+TD3,191,5929,68,6.947875237203981,0
GAIL+TD3,191,5929,69,14.03284967034662,0
GAIL+TD3,191,5929,70,4.751229380294249,0
GAIL+TD3,191,5929,71,5.572073383433853,0
GAIL+TD3,191,5929,72,2.999132007949862,0
GAIL+TD3,191,5929,73,2.4943456019753607,0
GAIL+TD3,191,5929,74,5.57268272192663,0
GAIL+TD3,191,5929,75,16.44089801512767,0
GAIL+TD3,191,5929,76,4.634673332702133,0
GAIL+TD3,191,5929,77,10.338893764272965,0
GAIL+TD3,191,5929,78,3.0925971853341574,0
GAIL+TD3,191,5929,79,2.511344115677742,0
GAIL+TD3,191,5929,80,5.164221752099292,0
GAIL+TD3,191,5929,81,3.9957558921050276,0
GAIL+TD3,191,5929,82,5.962553347422422,0
GAIL+TD3,191,5929,83,4.6698982522470525,0
GAIL+TD3,191,5929,84,8.948091897598594,0
GAIL+TD3,191,5929,85,4.4007724266097545,0
GAIL+TD3,191,5929,86,6.553527464834435,0
GAIL+TD3,191,5929,87,3.2937191394422802,0
GAIL+TD3,191,5929,88,1.639707160739951,0
GAIL+TD3,191,5929,89,2.3654926423371845,0
GAIL+TD3,191,5929,90,6.4005983430500155,0
GAIL+TD3,191,5929,91,2.1751216689277006,0
GAIL+TD3,191,5929,92,6.718301406058318,0
GAIL+TD3,191,5929,93,5.770093245888661,0
GAIL+TD3,191,5929,94,4.088989685107358,0
GAIL+TD3,191,5929,95,3.714008210444236,0
GAIL+TD3,191,5929,96,5.711983565725375,0
GAIL+TD3,191,5929,97,6.022310917536926,0
GAIL+TD3,191,5929,98,4.14985224325661,0
GAIL+TD3,191,5932,5,6.3939629234203625,0
GAIL+TD3,191,5932,6,17.72988613029681,0
GAIL+TD3,191,5932,7,11.69834622755341,0
GAIL+TD3,191,5932,8,19.138083402375038,0
GAIL+TD3,191,5932,9,9.841354800034253,0
GAIL+TD3,191,5932,10,11.558941759371784,0
GAIL+TD3,191,5932,11,5.115602279049246,0
GAIL+TD3,191,5932,12,3.2574571928726272,0
GAIL+TD3,191,5932,13,4.169698736041232,0
GAIL+TD3,191,5932,14,7.928147283806561,0
GAIL+TD3,191,5932,15,6.564956590370954,0
GAIL+TD3,191,5932,16,7.789435263104533,0
GAIL+TD3,191,5932,17,5.391902234921932,0
GAIL+TD3,191,5932,18,4.974813979457583,0
GAIL+TD3,191,5932,19,3.9246451210811606,0
GAIL+TD3,191,5932,20,6.638783014816405,0
GAIL+TD3,191,5932,21,5.5676397167456315,0
GAIL+TD3,191,5932,22,5.990555043221824,0
GAIL+TD3,191,5932,23,4.96087786259542,0
GAIL+TD3,191,5932,24,4.807822504996126,0
GAIL+TD3,191,5932,25,4.286307331025809,0
GAIL+TD3,191,5932,26,5.360760182226151,0
GAIL+TD3,191,5932,27,5.21534240038177,0
GAIL+TD3,191,5932,28,5.096508890842575,0
GAIL+TD3,191,5932,29,4.748096983366226,0
GAIL+TD3,191,5932,30,4.711313906105538,0
GAIL+TD3,191,5932,31,5.428841400064487,0
GAIL+TD3,191,5932,32,5.526747367416409,0
GAIL+TD3,191,5932,33,6.7251633022512145,0
GAIL+TD3,191,5932,34,5.834996764315403,0
GAIL+TD3,191,5932,35,5.389878366637706,0
GAIL+TD3,191,5932,36,5.4961558692729895,0
GAIL+TD3,191,5932,37,5.3093982309212375,0
GAIL+TD3,191,5932,38,5.695810270675692,0
GAIL+TD3,191,5932,39,5.751690548055404,0
GAIL+TD3,191,5932,40,6.61970628332452,0
GAIL+TD3,191,5932,41,5.691811107496863,0
GAIL+TD3,191,5932,42,5.7120802000078745,0
GAIL+TD3,191,5932,43,6.140424813984637,0
GAIL+TD3,191,5932,44,5.918229965031615,0
GAIL+TD3,191,5932,45,7.469786343249991,0
GAIL+TD3,191,5932,46,5.0116896759906835,0
GAIL+TD3,191,5932,47,4.4142071598140085,0
GAIL+TD3,191,5932,48,5.453730576127947,0
GAIL+TD3,191,5932,49,4.030445037885629,0
GAIL+TD3,191,5932,50,4.728804269827226,0
GAIL+TD3,191,5932,51,5.079665761717802,0
GAIL+TD3,191,5932,52,8.29996892827928,0
GAIL+TD3,191,5932,53,5.04361942110407,0
GAIL+TD3,191,5932,54,6.215579837406683,0
GAIL+TD3,191,5932,55,2.6478587828871145,0
GAIL+TD3,191,5932,56,4.893082506880926,0
GAIL+TD3,191,5932,57,7.065677510249678,0
GAIL+TD3,191,5932,58,7.019235845175408,0
GAIL+TD3,191,5932,59,6.997895288610746,0
GAIL+TD3,191,5932,60,7.310228459952477,0
GAIL+TD3,191,5932,61,2.7623892987635856,0
GAIL+TD3,191,5932,62,2.448980877037474,0
GAIL+TD3,191,5932,63,5.035812865278452,0
GAIL+TD3,191,5932,64,9.626516704196947,0
GAIL+TD3,191,5932,65,22.908835918578458,0
GAIL+TD3,191,5932,66,4.403750354171496,0
GAIL+TD3,191,5932,67,3.599381607485753,0
GAIL+TD3,191,5932,68,4.952063904755214,0
GAIL+TD3,191,5932,69,6.739370697952628,0
GAIL+TD3,191,5932,70,2.5362451093610825,0
GAIL+TD3,191,5932,71,4.696506845933894,0
GAIL+TD3,191,5932,72,7.0906101364264975,0
GAIL+TD3,191,5932,73,5.468297355680949,0
GAIL+TD3,191,5932,74,3.231710562366746,0
GAIL+TD3,191,5932,75,6.2462482621502735,0
GAIL+TD3,191,5932,76,3.1741619647467245,0
GAIL+TD3,191,5932,77,4.578207103769512,0
GAIL+TD3,191,5932,78,6.23115603494977,0
GAIL+TD3,191,5932,79,4.951477193989773,0
GAIL+TD3,191,5932,80,7.03194507534379,0
GAIL+TD3,191,5932,81,5.337699613883416,0
GAIL+TD3,191,5932,82,3.0969605686006405,0
GAIL+TD3,191,5932,83,2.3093760142810775,0
GAIL+TD3,191,5932,84,3.8453799452558326,0
GAIL+TD3,191,5932,85,3.8871202948270724,0
GAIL+TD3,191,5932,86,7.269116822804069,0
GAIL+TD3,191,5932,87,3.862435402941588,0
GAIL+TD3,191,5932,88,5.386005289571373,0
GAIL+TD3,191,5932,89,6.333706043664682,0
GAIL+TD3,191,5932,90,4.25079001301971,0
GAIL+TD3,191,5932,91,2.79210411170617,0
GAIL+TD3,191,5932,92,10.056106310413686,0
GAIL+TD3,191,5932,93,4.172143324726334,0
GAIL+TD3,191,5932,94,3.9956698318819424,0
GAIL+TD3,191,5932,95,2.298509061053533,0
GAIL+TD3,191,5932,96,7.031763425659904,0
GAIL+TD3,191,5932,97,2.055729643177598,0
GAIL+TD3,191,5932,98,5.088469885842781,0
GAIL+TD3,191,5933,5,6.569325273010921,0
GAIL+TD3,191,5933,6,26.744408945686903,0
GAIL+TD3,191,5933,7,10.071695033807416,0
GAIL+TD3,191,5933,8,13.61226815874003,0
GAIL+TD3,191,5933,9,7.58021342014831,0
GAIL+TD3,191,5933,10,9.108610914245217,0
GAIL+TD3,191,5933,11,8.661560682656127,0
GAIL+TD3,191,5933,12,8.96156510957955,0
GAIL+TD3,191,5933,13,4.145014838109581,0
GAIL+TD3,191,5933,14,4.945922904617031,0
GAIL+TD3,191,5933,15,4.375748230181538,0
GAIL+TD3,191,5933,16,6.458979752826716,0
GAIL+TD3,191,5933,17,7.83469600416817,0
GAIL+TD3,191,5933,18,6.7600810163874065,0
GAIL+TD3,191,5933,19,4.871409127466952,0
GAIL+TD3,191,5933,20,5.4248948787061995,0
GAIL+TD3,191,5933,21,4.631597742396265,0
GAIL+TD3,191,5933,22,5.608750674449404,0
GAIL+TD3,191,5933,23,5.939528666767783,0
GAIL+TD3,191,5933,24,5.513049537033152,0
GAIL+TD3,191,5933,25,4.406801146028029,0
GAIL+TD3,191,5933,26,4.82583787247677,0
GAIL+TD3,191,5933,27,4.5505667802998815,0
GAIL+TD3,191,5933,28,5.143411903868901,0
GAIL+TD3,191,5933,29,6.346746647755737,0
GAIL+TD3,191,5933,30,6.622054455296407,0
GAIL+TD3,191,5933,31,5.149270730907899,0
GAIL+TD3,191,5933,32,5.400454472187168,0
GAIL+TD3,191,5933,33,5.311168371663719,0
GAIL+TD3,191,5933,34,5.731090698444224,0
GAIL+TD3,191,5933,35,5.9431532865512136,0
GAIL+TD3,191,5933,36,5.9820352789498346,0
GAIL+TD3,191,5933,37,5.671123924022164,0
GAIL+TD3,191,5933,38,5.8458826309874645,0
GAIL+TD3,191,5933,39,5.787423597527238,0
GAIL+TD3,191,5933,40,6.103052328915077,0
GAIL+TD3,191,5933,41,6.173569604000411,0
GAIL+TD3,191,5933,42,6.769433712095588,0
GAIL+TD3,191,5933,43,6.173530662341994,0
GAIL+TD3,191,5933,44,5.776116451848519,0
GAIL+TD3,191,5933,45,5.545957113612137,0
GAIL+TD3,191,5933,46,5.18197976309876,0
GAIL+TD3,191,5933,47,4.2893277236753065,0
GAIL+TD3,191,5933,48,3.5427641391039884,0
GAIL+TD3,191,5933,49,4.69600934963389,0
GAIL+TD3,191,5933,50,3.380640780913477,0
GAIL+TD3,191,5933,51,5.342829541739778,0
GAIL+TD3,191,5933,52,11.588282149582085,0
GAIL+TD3,191,5933,53,8.795716215092261,0
GAIL+TD3,191,5933,54,4.7488968711466235,0
GAIL+TD3,191,5933,55,5.922049377569774,0
GAIL+TD3,191,5933,56,2.1254304525573646,0
GAIL+TD3,191,5933,57,2.0418554213300175,0
GAIL+TD3,191,5933,58,4.95416224161549,0
GAIL+TD3,191,5933,59,17.313130250027957,0
GAIL+TD3,191,5933,60,16.449186478439294,0
GAIL+TD3,191,5933,61,12.19317687527186,0
GAIL+TD3,191,5933,62,4.48451955778806,0
GAIL+TD3,191,5933,63,3.623291439994481,0
GAIL+TD3,191,5933,64,5.783666091931501,0
GAIL+TD3,191,5933,65,2.4218831582456244,0
GAIL+TD3,191,5933,66,2.836216284188438,0
GAIL+TD3,191,5933,67,6.756897328238731,0
GAIL+TD3,191,5933,68,5.838505410179152,0
GAIL+TD3,191,5933,69,10.272369471279555,0
GAIL+TD3,191,5933,70,6.0768290245757415,0
GAIL+TD3,191,5933,71,3.22626877082762,0
GAIL+TD3,191,5933,72,5.355425325604315,0
GAIL+TD3,191,5933,73,4.196037970945601,0
GAIL+TD3,191,5933,74,2.236573507641434,0
GAIL+TD3,191,5933,75,3.4185895133776274,0
GAIL+TD3,191,5933,76,12.933149176332618,0
GAIL+TD3,191,5933,77,4.076028428715893,0
GAIL+TD3,191,5933,78,5.944457929620865,0
GAIL+TD3,191,5933,79,4.824683989675945,0
GAIL+TD3,191,5933,80,6.693632333097732,0
GAIL+TD3,191,5933,81,3.7618739588536227,0
GAIL+TD3,191,5933,82,3.922446655817487,0
GAIL+TD3,191,5933,83,5.353946314319428,0
GAIL+TD3,191,5933,84,4.689808777679744,0
GAIL+TD3,191,5933,85,5.111661028859679,0
GAIL+TD3,191,5933,86,5.976185761535682,0
GAIL+TD3,191,5933,87,2.793365318518063,0
GAIL+TD3,191,5933,88,6.3293836521255455,0
GAIL+TD3,191,5933,89,2.8894445683530834,0
GAIL+TD3,191,5933,90,4.342524971846139,0
GAIL+TD3,191,5933,91,3.5943391676147725,0
GAIL+TD3,191,5933,92,9.783870327217452,0
GAIL+TD3,191,5933,93,5.749994155336041,0
GAIL+TD3,191,5933,94,3.655825798863492,0
GAIL+TD3,191,5933,95,2.6020896189902816,0
GAIL+TD3,191,5933,96,4.571489914235432,0
GAIL+TD3,191,5933,97,2.1743464889638164,0
GAIL+TD3,191,5933,98,8.090979775321065,0
GAIL+TD3,191,5934,5,5.923499411533935,0
GAIL+TD3,191,5934,6,31.89674883887103,0
GAIL+TD3,191,5934,7,29.409418174742164,0
GAIL+TD3,191,5934,8,26.32789622399178,0
GAIL+TD3,191,5934,9,13.273677135524869,0
GAIL+TD3,191,5934,10,7.940331715210355,0
GAIL+TD3,191,5934,11,5.08479694826353,0
GAIL+TD3,191,5934,12,3.4799234939453823,0
GAIL+TD3,191,5934,13,4.114482314031056,0
GAIL+TD3,191,5934,14,9.181089029498262,0
GAIL+TD3,191,5934,15,7.2208679754494405,0
GAIL+TD3,191,5934,16,6.256229742445892,0
GAIL+TD3,191,5934,17,5.281214436676963,0
GAIL+TD3,191,5934,18,4.433290168148017,0
GAIL+TD3,191,5934,19,4.958304454823967,0
GAIL+TD3,191,5934,20,7.304739159844835,0
GAIL+TD3,191,5934,21,6.774693906861513,0
GAIL+TD3,191,5934,22,7.476063766031404,0
GAIL+TD3,191,5934,23,4.714404844905603,0
GAIL+TD3,191,5934,24,4.734872162242692,0
GAIL+TD3,191,5934,25,5.082922013820336,0
GAIL+TD3,191,5934,26,6.243106227106226,0
GAIL+TD3,191,5934,27,5.7602790362633405,0
GAIL+TD3,191,5934,28,6.3181514795156195,0
GAIL+TD3,191,5934,29,5.210378836141035,0
GAIL+TD3,191,5934,30,5.069643155374937,0
GAIL+TD3,191,5934,31,5.2704600952588185,0
GAIL+TD3,191,5934,32,6.070757301192634,0
GAIL+TD3,191,5934,33,5.711480515581906,0
GAIL+TD3,191,5934,34,6.085162289718274,0
GAIL+TD3,191,5934,35,5.5603694605600555,0
GAIL+TD3,191,5934,36,5.305125012373594,0
GAIL+TD3,191,5934,37,5.536698386010402,0
GAIL+TD3,191,5934,38,6.7306438932124,0
GAIL+TD3,191,5934,39,5.883334200507182,0
GAIL+TD3,191,5934,40,6.0316121963877265,0
GAIL+TD3,191,5934,41,5.510996867575793,0
GAIL+TD3,191,5934,42,5.504635855584139,0
GAIL+TD3,191,5934,43,5.20600346340377,0
GAIL+TD3,191,5934,44,5.167543718546775,0
GAIL+TD3,191,5934,45,5.017244931474128,0
GAIL+TD3,191,5934,46,6.31328231849293,0
GAIL+TD3,191,5934,47,5.595671235996641,0
GAIL+TD3,191,5934,48,7.582980751236207,0
GAIL+TD3,191,5934,49,5.344823547309622,0
GAIL+TD3,191,5934,50,5.005030274571219,0
GAIL+TD3,191,5934,51,2.6086748452942556,0
GAIL+TD3,191,5934,52,7.654526334466441,0
GAIL+TD3,191,5934,53,4.8626188603022245,0
GAIL+TD3,191,5934,54,8.441506527529784,0
GAIL+TD3,191,5934,55,5.099406540649028,0
GAIL+TD3,191,5934,56,5.42944588822885,0
GAIL+TD3,191,5934,57,3.0859290036174825,0
GAIL+TD3,191,5934,58,6.413441681872718,0
GAIL+TD3,191,5934,59,1.819553193413949,0
GAIL+TD3,191,5934,60,14.67581431292252,0
GAIL+TD3,191,5934,61,10.709575892944304,0
GAIL+TD3,191,5934,62,5.94807483574472,0
GAIL+TD3,191,5934,63,5.531221029433131,0
GAIL+TD3,191,5934,64,7.176108925954263,0
GAIL+TD3,191,5934,65,3.8034006615698392,0
GAIL+TD3,191,5934,66,7.001540054752944,0
GAIL+TD3,191,5934,67,2.033745479223047,0
GAIL+TD3,191,5934,68,2.3563532352973287,0
GAIL+TD3,191,5934,69,3.059757469476888,0
GAIL+TD3,191,5934,70,11.268954226676401,0
GAIL+TD3,191,5934,71,3.6789249613841046,0
GAIL+TD3,191,5934,72,6.870506636424574,0
GAIL+TD3,191,5934,73,10.031298981191224,0
GAIL+TD3,191,5934,74,7.0889690213638366,0
GAIL+TD3,191,5934,75,4.879642568563145,0
GAIL+TD3,191,5934,76,2.898681310947582,0
GAIL+TD3,191,5934,77,2.2977486223629855,0
GAIL+TD3,191,5934,78,2.130594733095584,0
GAIL+TD3,191,5934,79,4.786791629963556,0
GAIL+TD3,191,5934,80,7.37210297333131,0
GAIL+TD3,191,5934,81,5.697982816840971,0
GAIL+TD3,191,5934,82,7.100845864501471,0
GAIL+TD3,191,5934,83,6.036960465615674,0
GAIL+TD3,191,5934,84,4.045097989786123,0
GAIL+TD3,191,5934,85,3.272181452708382,0
GAIL+TD3,191,5934,86,2.308459549995771,0
GAIL+TD3,191,5934,87,3.5755576597068734,0
GAIL+TD3,191,5934,88,5.19122972132272,0
GAIL+TD3,191,5934,89,7.11645145129794,0
GAIL+TD3,191,5934,90,3.1763765149128287,0
GAIL+TD3,191,5934,91,3.3844726518676835,0
GAIL+TD3,191,5934,92,5.690309092492927,0
GAIL+TD3,191,5934,93,4.358639823652692,0
GAIL+TD3,191,5934,94,2.9179541548381853,0
GAIL+TD3,191,5934,95,5.050639268402471,0
GAIL+TD3,191,5934,96,7.027769739836611,0
GAIL+TD3,191,5934,97,6.228994576959791,0
GAIL+TD3,191,5934,98,4.9953813528633715,0
GAIL+TD3,191,5939,5,6.637968018720749,0
GAIL+TD3,191,5939,6,35.800484094052564,0
GAIL+TD3,191,5939,7,36.4936318023929,0
GAIL+TD3,191,5939,8,12.73452561382237,0
GAIL+TD3,191,5939,9,11.427872860635699,0
GAIL+TD3,191,5939,10,7.322632562149735,0
GAIL+TD3,191,5939,11,4.692066175582659,0
GAIL+TD3,191,5939,12,2.935989197859876,0
GAIL+TD3,191,5939,13,8.80089498631024,0
GAIL+TD3,191,5939,14,7.955011203141914,0
GAIL+TD3,191,5939,15,6.657251289755094,0
GAIL+TD3,191,5939,16,6.22192296046026,0
GAIL+TD3,191,5939,17,4.859130336186858,0
GAIL+TD3,191,5939,18,3.6954861981673046,0
GAIL+TD3,191,5939,19,6.368723612008857,0
GAIL+TD3,191,5939,20,7.232189015712584,0
GAIL+TD3,191,5939,21,5.652295558912081,0
GAIL+TD3,191,5939,22,5.385654068729013,0
GAIL+TD3,191,5939,23,4.610798838205487,0
GAIL+TD3,191,5939,24,4.4899322150376415,0
GAIL+TD3,191,5939,25,5.194749479537337,0
GAIL+TD3,191,5939,26,5.377154300643887,0
GAIL+TD3,191,5939,27,5.007746532968559,0
GAIL+TD3,191,5939,28,4.67941202993958,0
GAIL+TD3,191,5939,29,4.260483045125055,0
GAIL+TD3,191,5939,30,4.090593109922391,0
GAIL+TD3,191,5939,31,5.16103663897908,0
GAIL+TD3,191,5939,32,5.96023846224915,0
GAIL+TD3,191,5939,33,6.364337087800244,0
GAIL+TD3,191,5939,34,6.077022291806457,0
GAIL+TD3,191,5939,35,6.091704202849579,0
GAIL+TD3,191,5939,36,6.697648313604812,0
GAIL+TD3,191,5939,37,5.931083973621369,0
GAIL+TD3,191,5939,38,5.931624607880552,0
GAIL+TD3,191,5939,39,5.9257060316718535,0
GAIL+TD3,191,5939,40,5.968660243874493,0
GAIL+TD3,191,5939,41,8.6301676540096,0
GAIL+TD3,191,5939,42,4.491666894143748,0
GAIL+TD3,191,5939,43,6.916846733911307,0
GAIL+TD3,191,5939,44,5.907898187518602,0
GAIL+TD3,191,5939,45,4.3229457220836585,0
GAIL+TD3,191,5939,46,3.8367487522171353,0
GAIL+TD3,191,5939,47,4.246359154453974,0
GAIL+TD3,191,5939,48,2.3848307096328254,0
GAIL+TD3,191,5939,49,3.32077049983087,0
GAIL+TD3,191,5939,50,21.412016093876183,0
GAIL+TD3,191,5939,51,32.232064513742465,0
GAIL+TD3,191,5939,52,4.1201902841626525,0
GAIL+TD3,191,5939,53,9.000057299594667,0
GAIL+TD3,191,5939,54,3.1643581115766413,0
GAIL+TD3,191,5939,55,3.415030970406056,0
GAIL+TD3,191,5939,56,2.2918754230648277,0
GAIL+TD3,191,5939,57,9.767266603207146,0
GAIL+TD3,191,5939,58,20.69756447476927,0
GAIL+TD3,191,5939,59,11.88593293402425,0
GAIL+TD3,191,5939,60,2.9895790824869617,0
GAIL+TD3,191,5939,61,4.677212690908662,0
GAIL+TD3,191,5939,62,2.3460551622077306,0
GAIL+TD3,191,5939,63,3.689801070884011,0
GAIL+TD3,191,5939,64,2.404130133711847,0
GAIL+TD3,191,5939,65,8.577266086653148,0
GAIL+TD3,191,5939,66,4.097471463278607,0
GAIL+TD3,191,5939,67,6.265555199007755,0
GAIL+TD3,191,5939,68,6.261424453926361,0
GAIL+TD3,191,5939,69,8.523840123840122,0
GAIL+TD3,191,5939,70,7.716681180117732,0
GAIL+TD3,191,5939,71,4.230517273462629,0
GAIL+TD3,191,5939,72,2.6130304443408163,0
GAIL+TD3,191,5939,73,2.379470862402818,0
GAIL+TD3,191,5939,74,2.6284739180792256,0
GAIL+TD3,191,5939,75,11.9214932724702,0
GAIL+TD3,191,5939,76,5.5477092715782215,0
GAIL+TD3,191,5939,77,11.443770140417898,0
GAIL+TD3,191,5939,78,2.805115891814872,0
GAIL+TD3,191,5939,79,5.654801398563095,0
GAIL+TD3,191,5939,80,3.7499635520104717,0
GAIL+TD3,191,5939,81,4.112117353047248,0
GAIL+TD3,191,5939,82,4.105160105193394,0
GAIL+TD3,191,5939,83,13.7631057206842,0
GAIL+TD3,191,5939,84,9.811867713106203,0
GAIL+TD3,191,5939,85,2.9964961547264712,0
GAIL+TD3,191,5939,86,5.367629674232276,0
GAIL+TD3,191,5939,87,4.162409185960021,0
GAIL+TD3,191,5939,88,1.9181596042501292,0
GAIL+TD3,191,5939,89,2.1707435204923318,0
GAIL+TD3,191,5939,90,1.8637266186779295,0
GAIL+TD3,191,5939,91,8.812226546962895,0
GAIL+TD3,191,5939,92,30.944352319617447,0
GAIL+TD3,191,5939,93,1.3952657521966008,0
GAIL+TD3,191,5939,94,0.7142849495864351,1
GAIL+TD3,191,5940,5,6.143692157817828,0
GAIL+TD3,191,5940,6,25.015957446808514,0
GAIL+TD3,191,5940,7,19.503988831272437,0
GAIL+TD3,191,5940,8,11.968989547038328,0
GAIL+TD3,191,5940,9,9.445125130344108,0
GAIL+TD3,191,5940,10,10.399242919899056,0
GAIL+TD3,191,5940,11,8.584632352941176,0
GAIL+TD3,191,5940,12,6.96521517264841,0
GAIL+TD3,191,5940,13,2.981133127418294,0
GAIL+TD3,191,5940,14,3.8057261087450116,0
GAIL+TD3,191,5940,15,6.338406226380405,0
GAIL+TD3,191,5940,16,6.356506436973234,0
GAIL+TD3,191,5940,17,6.185242464858921,0
GAIL+TD3,191,5940,18,6.011394765984729,0
GAIL+TD3,191,5940,19,3.9741085446139706,0
GAIL+TD3,191,5940,20,4.426452798478175,0
GAIL+TD3,191,5940,21,6.004846049287867,0
GAIL+TD3,191,5940,22,7.875791635761969,0
GAIL+TD3,191,5940,23,5.726651904504941,0
GAIL+TD3,191,5940,24,5.469897582957804,0
GAIL+TD3,191,5940,25,4.537212018260962,0
GAIL+TD3,191,5940,26,4.63533661185856,0
GAIL+TD3,191,5940,27,4.250280913749183,0
GAIL+TD3,191,5940,28,4.443193318366349,0
GAIL+TD3,191,5940,29,4.573427660315672,0
GAIL+TD3,191,5940,30,5.677378435517969,0
GAIL+TD3,191,5940,31,5.3356057447076735,0
GAIL+TD3,191,5940,32,6.651384694299487,0
GAIL+TD3,191,5940,33,6.369105830791045,0
GAIL+TD3,191,5940,34,5.811248047334006,0
GAIL+TD3,191,5940,35,5.675468329052066,0
GAIL+TD3,191,5940,36,5.636470554487824,0
GAIL+TD3,191,5940,37,5.1402019692364425,0
GAIL+TD3,191,5940,38,5.5948029372386765,0
GAIL+TD3,191,5940,39,5.4012756018684875,0
GAIL+TD3,191,5940,40,6.209430650742875,0
GAIL+TD3,191,5940,41,6.268864017140329,0
GAIL+TD3,191,5940,42,6.537470965451781,0
GAIL+TD3,191,5940,43,6.30050309791832,0
GAIL+TD3,191,5940,44,6.142154457941709,0
GAIL+TD3,191,5940,45,5.392932529284587,0
GAIL+TD3,191,5940,46,6.705018432304302,0
GAIL+TD3,191,5940,47,5.674297693824113,0
GAIL+TD3,191,5940,48,4.61257515305626,0
GAIL+TD3,191,5940,49,6.046022648860181,0
GAIL+TD3,191,5940,50,3.318918607442977,0
GAIL+TD3,191,5940,51,1.7843843957008234,0
GAIL+TD3,191,5940,52,2.2318517498733805,0
GAIL+TD3,191,5940,53,5.185226332353767,0
GAIL+TD3,191,5940,54,4.259951593975306,0
GAIL+TD3,191,5940,55,9.154189074685712,0
GAIL+TD3,191,5940,56,11.167782137997673,0
GAIL+TD3,191,5940,57,7.142504285120321,0
GAIL+TD3,191,5940,58,6.647624304700437,0
GAIL+TD3,191,5940,59,2.7735385268885127,0
GAIL+TD3,191,5940,60,3.5776519259870234,0
GAIL+TD3,191,5940,61,6.16058245573003,0
GAIL+TD3,191,5940,62,2.24526596834788,0
GAIL+TD3,191,5940,63,13.856507423863697,0
GAIL+TD3,191,5940,64,15.028620313517122,0
GAIL+TD3,191,5940,65,9.080949666973266,0
GAIL+TD3,191,5940,66,5.350867279972219,0
GAIL+TD3,191,5940,67,2.476017138177016,0
GAIL+TD3,191,5940,68,5.365894980838089,0
GAIL+TD3,191,5940,69,6.3525537530389125,0
GAIL+TD3,191,5940,70,2.93738305100713,0
GAIL+TD3,191,5940,71,19.044221430385495,0
GAIL+TD3,191,5940,72,18.5378360246932,0
GAIL+TD3,191,5940,73,4.121281163281453,0
GAIL+TD3,191,5940,74,3.4580213600737526,0
GAIL+TD3,191,5940,75,5.158004362306426,0
GAIL+TD3,191,5940,76,3.0005781042152555,0
GAIL+TD3,191,5940,77,4.742474785381965,0
GAIL+TD3,191,5940,78,2.897709541120491,0
GAIL+TD3,191,5940,79,3.2729643578121426,0
GAIL+TD3,191,5940,80,3.5081248017789552,0
GAIL+TD3,191,5940,81,2.682402968871975,0
GAIL+TD3,191,5940,82,7.934851755880777,0
GAIL+TD3,191,5940,83,5.8975154259890505,0
GAIL+TD3,191,5940,84,9.099921518929673,0
GAIL+TD3,191,5940,85,4.018923014904144,0
GAIL+TD3,191,5940,86,2.569135317646949,0
GAIL+TD3,191,5940,87,5.5062196214116215,0
GAIL+TD3,191,5940,88,5.720966713510324,0
GAIL+TD3,191,5940,89,1.7935004102217296,0
GAIL+TD3,191,5940,90,6.228142085058147,0
GAIL+TD3,191,5940,91,3.1195950452530417,0
GAIL+TD3,191,5940,92,2.293054300878573,0
GAIL+TD3,191,5940,93,2.547979339065088,0
GAIL+TD3,191,5940,94,3.9737989390717954,0
GAIL+TD3,191,5940,95,3.444415755175489,0
GAIL+TD3,191,5940,96,2.766486429094498,0
GAIL+TD3,191,5940,97,1.8853746804576426,0
GAIL+TD3,191,5940,98,2.947678309643699,0
GAIL+TD3,191,5941,5,3.8013517484572437,0
GAIL+TD3,191,5941,6,13.178701677607586,0
GAIL+TD3,191,5941,7,10.00206611570248,0
GAIL+TD3,191,5941,8,5.274690377897745,0
GAIL+TD3,191,5941,9,13.313056680161942,0
GAIL+TD3,191,5941,10,14.63527860661994,0
GAIL+TD3,191,5941,11,14.910462511529843,0
GAIL+TD3,191,5941,12,13.727935042544912,0
GAIL+TD3,191,5941,13,5.856131547112326,0
GAIL+TD3,191,5941,14,4.486925410282336,0
GAIL+TD3,191,5941,15,3.63369512677418,0
GAIL+TD3,191,5941,16,8.257337551715747,0
GAIL+TD3,191,5941,17,8.93917963224894,0
GAIL+TD3,191,5941,18,9.07674036966661,0
GAIL+TD3,191,5941,19,5.542323968425266,0
GAIL+TD3,191,5941,20,4.459534217256453,0
GAIL+TD3,191,5941,21,5.308431711533712,0
GAIL+TD3,191,5941,22,5.8395124277284385,0
GAIL+TD3,191,5941,23,7.070227862956243,0
GAIL+TD3,191,5941,24,6.813085756169069,0
GAIL+TD3,191,5941,25,5.239381910368482,0
GAIL+TD3,191,5941,26,4.666153122427378,0
GAIL+TD3,191,5941,27,5.491798054985534,0
GAIL+TD3,191,5941,28,5.454477093937991,0
GAIL+TD3,191,5941,29,5.996292292920937,0
GAIL+TD3,191,5941,30,5.96582548154005,0
GAIL+TD3,191,5941,31,5.272611583586815,0
GAIL+TD3,191,5941,32,5.021682957403121,0
GAIL+TD3,191,5941,33,5.284513373617957,0
GAIL+TD3,191,5941,34,5.950739713174094,0
GAIL+TD3,191,5941,35,5.576011494011788,0
GAIL+TD3,191,5941,36,5.75187751081088,0
GAIL+TD3,191,5941,37,5.250499416088479,0
GAIL+TD3,191,5941,38,5.878888555893308,0
GAIL+TD3,191,5941,39,6.201201522101752,0
GAIL+TD3,191,5941,40,6.904542599405651,0
GAIL+TD3,191,5941,41,6.253143073190188,0
GAIL+TD3,191,5941,42,6.705474444144162,0
GAIL+TD3,191,5941,43,6.161985197155294,0
GAIL+TD3,191,5941,44,5.309334984270344,0
GAIL+TD3,191,5941,45,5.428133783669937,0
GAIL+TD3,191,5941,46,4.556267699723198,0
GAIL+TD3,191,5941,47,4.830933157782015,0
GAIL+TD3,191,5941,48,6.732251569488083,0
GAIL+TD3,191,5941,49,3.0984663735427573,0
GAIL+TD3,191,5941,50,7.936457611433645,0
GAIL+TD3,191,5941,51,6.5585709036678415,0
GAIL+TD3,191,5941,52,7.278788365329529,0
GAIL+TD3,191,5941,53,4.729879034294661,0
GAIL+TD3,191,5941,54,6.101404282814071,0
GAIL+TD3,191,5941,55,1.8698747134293352,0
GAIL+TD3,191,5941,56,1.4198131013798387,0
GAIL+TD3,191,5941,57,5.929692642837267,0
GAIL+TD3,191,5941,58,4.128945974844252,0
GAIL+TD3,191,5941,59,3.327669669554181,0
GAIL+TD3,191,5941,60,7.056043159996958,0
GAIL+TD3,191,5941,61,6.253171987950516,0
GAIL+TD3,191,5941,62,9.717641436003879,0
GAIL+TD3,191,5941,63,7.349621259032024,0
GAIL+TD3,191,5941,64,7.561574691347338,0
GAIL+TD3,191,5941,65,5.35038242099871,0
GAIL+TD3,191,5941,66,2.9236994516902466,0
GAIL+TD3,191,5941,67,3.0756976520056827,0
GAIL+TD3,191,5941,68,6.2648537360620065,0
GAIL+TD3,191,5941,69,12.08752337727179,0
GAIL+TD3,191,5941,70,2.7463523194972628,0
GAIL+TD3,191,5941,71,9.308142351680294,0
GAIL+TD3,191,5941,72,5.380283185619616,0
GAIL+TD3,191,5941,73,6.015186411171964,0
GAIL+TD3,191,5941,74,2.019586921232665,0
GAIL+TD3,191,5941,75,6.592417743439456,0
GAIL+TD3,191,5941,76,3.0043790531398185,0
GAIL+TD3,191,5941,77,3.297041259353044,0
GAIL+TD3,191,5941,78,8.657806376789905,0
GAIL+TD3,191,5941,79,6.816319081920037,0
GAIL+TD3,191,5941,80,7.308869213664849,0
GAIL+TD3,191,5941,81,3.1663502873810856,0
GAIL+TD3,191,5941,82,4.13985183898437,0
GAIL+TD3,191,5941,83,4.849116412585965,0
GAIL+TD3,191,5941,84,2.3309634809108153,0
GAIL+TD3,191,5941,85,2.083940426971877,0
GAIL+TD3,191,5941,86,10.133022236283107,0
GAIL+TD3,191,5941,87,4.29909394417719,0
GAIL+TD3,191,5941,88,5.139784775638483,0
GAIL+TD3,191,5941,89,5.14487205089436,0
GAIL+TD3,191,5941,90,7.061803098770395,0
GAIL+TD3,191,5941,91,9.843400033159707,0
GAIL+TD3,191,5941,92,3.778473327916312,0
GAIL+TD3,191,5941,93,2.945363676759376,0
GAIL+TD3,191,5941,94,2.4585693217981093,0
GAIL+TD3,191,5941,95,4.661162748314197,0
GAIL+TD3,191,5941,96,5.842057378267483,0
GAIL+TD3,191,5941,97,10.039773587116239,0
GAIL+TD3,191,5941,98,4.452431469065604,0
GAIL+TD3,191,5942,5,8.446257846450989,0
GAIL+TD3,191,5942,6,17.39258851586865,0
GAIL+TD3,191,5942,7,7.326537885807966,0
GAIL+TD3,191,5942,8,4.310346345112881,0
GAIL+TD3,191,5942,9,4.147598668568711,0
GAIL+TD3,191,5942,10,4.964860907759884,0
GAIL+TD3,191,5942,11,4.558474858474859,0
GAIL+TD3,191,5942,12,7.282329243728254,0
GAIL+TD3,191,5942,13,9.554704027461781,0
GAIL+TD3,191,5942,14,11.326707212539288,0
GAIL+TD3,191,5942,15,4.769904190517003,0
GAIL+TD3,191,5942,16,6.791300829455795,0
GAIL+TD3,191,5942,17,3.5889050721357294,0
GAIL+TD3,191,5942,18,5.217272261336356,0
GAIL+TD3,191,5942,19,6.26554606821941,0
GAIL+TD3,191,5942,20,7.877916235695876,0
GAIL+TD3,191,5942,21,5.58044976461014,0
GAIL+TD3,191,5942,22,6.0797057940558386,0
GAIL+TD3,191,5942,23,4.124381909547738,0
GAIL+TD3,191,5942,24,5.364253149419944,0
GAIL+TD3,191,5942,25,5.452056952056952,0
GAIL+TD3,191,5942,26,5.884720552142187,0
GAIL+TD3,191,5942,27,5.520078388952497,0
GAIL+TD3,191,5942,28,5.256442052528458,0
GAIL+TD3,191,5942,29,4.04858175215282,0
GAIL+TD3,191,5942,30,4.926953752827783,0
GAIL+TD3,191,5942,31,6.017867849183814,0
GAIL+TD3,191,5942,32,5.616526100790596,0
GAIL+TD3,191,5942,33,5.582093379064527,0
GAIL+TD3,191,5942,34,6.782038220634392,0
GAIL+TD3,191,5942,35,5.112732397744994,0
GAIL+TD3,191,5942,36,5.62414771252607,0
GAIL+TD3,191,5942,37,5.849972761011928,0
GAIL+TD3,191,5942,38,6.146894122611956,0
GAIL+TD3,191,5942,39,5.781954377124464,0
GAIL+TD3,191,5942,40,5.912222927871313,0
GAIL+TD3,191,5942,41,6.001252781322169,0
GAIL+TD3,191,5942,42,5.319893392941581,0
GAIL+TD3,191,5942,43,5.916976588721197,0
GAIL+TD3,191,5942,44,6.32764955432619,0
GAIL+TD3,191,5942,45,6.133682426505602,0
GAIL+TD3,191,5942,46,6.293572601819246,0
GAIL+TD3,191,5942,47,5.4268546002251,0
GAIL+TD3,191,5942,48,3.9250814474595597,0
GAIL+TD3,191,5942,49,4.111525801740884,0
GAIL+TD3,191,5942,50,4.1677528363935,0
GAIL+TD3,191,5942,51,5.0829269834170345,0
GAIL+TD3,191,5942,52,8.373562418890412,0
GAIL+TD3,191,5942,53,10.252654380086167,0
GAIL+TD3,191,5942,54,5.57309487423072,0
GAIL+TD3,191,5942,55,3.396603454833754,0
GAIL+TD3,191,5942,56,1.9746986980449335,0
GAIL+TD3,191,5942,57,1.5259584512729132,0
GAIL+TD3,191,5942,58,2.797424128598039,0
GAIL+TD3,191,5942,59,3.674028216125813,0
GAIL+TD3,191,5942,60,16.961737996958508,0
GAIL+TD3,191,5942,61,5.051043945810196,0
GAIL+TD3,191,5942,62,9.784708452632385,0
GAIL+TD3,191,5942,63,6.740271305230886,0
GAIL+TD3,191,5942,64,5.884802300908663,0
GAIL+TD3,191,5942,65,5.316979435138819,0
GAIL+TD3,191,5942,66,7.177250320781368,0
GAIL+TD3,191,5942,67,9.74128201257415,0
GAIL+TD3,191,5942,68,3.045442345170438,0
GAIL+TD3,191,5942,69,2.7725893894134135,0
GAIL+TD3,191,5942,70,1.443027631697602,0
GAIL+TD3,191,5942,71,2.8198602669452266,0
GAIL+TD3,191,5942,72,6.679244319110674,0
GAIL+TD3,191,5942,73,8.604461244616802,0
GAIL+TD3,191,5942,74,6.046386465626759,0
GAIL+TD3,191,5942,75,5.557394916993254,0
GAIL+TD3,191,5942,76,5.937235481535884,0
GAIL+TD3,191,5942,77,4.22584636270982,0
GAIL+TD3,191,5942,78,5.104720667823528,0
GAIL+TD3,191,5942,79,7.4260820677167425,0
GAIL+TD3,191,5942,80,4.262046996221858,0
GAIL+TD3,191,5942,81,2.065661565788792,0
GAIL+TD3,191,5942,82,5.404846584758016,0
GAIL+TD3,191,5942,83,8.828991735234293,0
GAIL+TD3,191,5942,84,2.522084903351194,0
GAIL+TD3,191,5942,85,10.471738471202373,0
GAIL+TD3,191,5942,86,12.885760215880465,0
GAIL+TD3,191,5942,87,4.487356262056526,0
GAIL+TD3,191,5942,88,2.9953383510092366,0
GAIL+TD3,191,5942,89,2.9598775208531305,0
GAIL+TD3,191,5942,90,4.19243827349527,0
GAIL+TD3,191,5942,91,6.3575551924347256,0
GAIL+TD3,191,5942,92,5.93223698466803,0
GAIL+TD3,191,5942,93,9.115203516080625,0
GAIL+TD3,191,5942,94,5.748985971698896,0
GAIL+TD3,191,5942,95,6.1637365126657855,0
GAIL+TD3,191,5942,96,4.93879849055199,0
GAIL+TD3,191,5942,97,3.121114919664768,0
GAIL+TD3,191,5942,98,5.246732928400516,0
GAIL+TD3,191,5943,5,5.075061244487996,0
GAIL+TD3,191,5943,6,25.471934215230604,0
GAIL+TD3,191,5943,7,18.917146830915957,0
GAIL+TD3,191,5943,8,8.131343474370444,0
GAIL+TD3,191,5943,9,20.78672936259143,0
GAIL+TD3,191,5943,10,8.156874954215809,0
GAIL+TD3,191,5943,11,5.666146570969059,0
GAIL+TD3,191,5943,12,7.152621215147969,0
GAIL+TD3,191,5943,13,6.257032191020524,0
GAIL+TD3,191,5943,14,3.110892206886629,0
GAIL+TD3,191,5943,15,8.125136539230052,0
GAIL+TD3,191,5943,16,6.892080715038445,0
GAIL+TD3,191,5943,17,5.971125370187562,0
GAIL+TD3,191,5943,18,6.324929844520288,0
GAIL+TD3,191,5943,19,5.656646753675027,0
GAIL+TD3,191,5943,20,3.7437852763227353,0
GAIL+TD3,191,5943,21,6.067514189525881,0
GAIL+TD3,191,5943,22,5.5615119228817855,0
GAIL+TD3,191,5943,23,5.126323719512717,0
GAIL+TD3,191,5943,24,5.5780393160206385,0
GAIL+TD3,191,5943,25,5.168034330706336,0
GAIL+TD3,191,5943,26,3.997279847421327,0
GAIL+TD3,191,5943,27,5.478154958889154,0
GAIL+TD3,191,5943,28,5.267437910132851,0
GAIL+TD3,191,5943,29,5.051611080001884,0
GAIL+TD3,191,5943,30,5.803014765071069,0
GAIL+TD3,191,5943,31,5.288153113644907,0
GAIL+TD3,191,5943,32,5.182035470711462,0
GAIL+TD3,191,5943,33,5.823909840309029,0
GAIL+TD3,191,5943,34,5.778924199631735,0
GAIL+TD3,191,5943,35,5.682495406981388,0
GAIL+TD3,191,5943,36,5.725348430485188,0
GAIL+TD3,191,5943,37,5.670685917624443,0
GAIL+TD3,191,5943,38,5.272906596694749,0
GAIL+TD3,191,5943,39,5.832012614215251,0
GAIL+TD3,191,5943,40,5.948892531326159,0
GAIL+TD3,191,5943,41,6.831892856640949,0
GAIL+TD3,191,5943,42,5.826853404286338,0
GAIL+TD3,191,5943,43,5.634494290144276,0
GAIL+TD3,191,5943,44,6.554254078659745,0
GAIL+TD3,191,5943,45,4.6425879132045225,0
GAIL+TD3,191,5943,46,5.014305632930499,0
GAIL+TD3,191,5943,47,3.766874505416542,0
GAIL+TD3,191,5943,48,2.930426607284118,0
GAIL+TD3,191,5943,49,1.9652357766181212,0
GAIL+TD3,191,5943,50,4.828378808465842,0
GAIL+TD3,191,5943,51,3.284126667493337,0
GAIL+TD3,191,5943,52,10.857143552169385,0
GAIL+TD3,191,5943,53,21.855445988346034,0
GAIL+TD3,191,5943,54,5.704697493657586,0
GAIL+TD3,191,5943,55,7.299170984263728,0
GAIL+TD3,191,5943,56,6.312811718773432,0
GAIL+TD3,191,5943,57,3.3946013535628055,0
GAIL+TD3,191,5943,58,2.7973077746331483,0
GAIL+TD3,191,5943,59,1.5196350918092572,0
GAIL+TD3,191,5943,60,7.783849913554324,0
GAIL+TD3,191,5943,61,9.698421026332884,0
GAIL+TD3,191,5943,62,7.33534464380645,0
GAIL+TD3,191,5943,63,5.220387031005073,0
GAIL+TD3,191,5943,64,4.703987414080497,0
GAIL+TD3,191,5943,65,9.762717395804668,0
GAIL+TD3,191,5943,66,8.267731068986825,0
GAIL+TD3,191,5943,67,2.7657908289454283,0
GAIL+TD3,191,5943,68,4.812685896319002,0
GAIL+TD3,191,5943,69,5.041392595814756,0
GAIL+TD3,191,5943,70,2.1270959160847616,0
GAIL+TD3,191,5943,71,5.017702687323062,0
GAIL+TD3,191,5943,72,15.791527019988111,0
GAIL+TD3,191,5943,73,6.429334115244001,0
GAIL+TD3,191,5943,74,5.143017806708415,0
GAIL+TD3,191,5943,75,4.111347250903051,0
GAIL+TD3,191,5943,76,3.957753400959346,0
GAIL+TD3,191,5943,77,6.17151523377812,0
GAIL+TD3,191,5943,78,2.2268173032052827,0
GAIL+TD3,191,5943,79,7.809548358802933,0
GAIL+TD3,191,5943,80,8.49962325554437,0
GAIL+TD3,191,5943,81,4.651348879743942,0
GAIL+TD3,191,5943,82,2.2954575924629617,0
GAIL+TD3,191,5943,83,16.22370020899754,0
GAIL+TD3,191,5943,84,3.8682278808804487,0
GAIL+TD3,191,5943,85,4.195499927120713,0
GAIL+TD3,191,5943,86,4.9267228809510515,0
GAIL+TD3,191,5943,87,5.6622247515769235,0
GAIL+TD3,191,5943,88,7.601188499993614,0
GAIL+TD3,191,5943,89,2.4714368505556354,0
GAIL+TD3,191,5943,90,3.990523342312678,0
GAIL+TD3,191,5943,91,5.723953783498633,0
GAIL+TD3,191,5943,92,4.089257728658055,0
GAIL+TD3,191,5943,93,2.6850369063939916,0
GAIL+TD3,191,5943,94,12.834309989926863,0
GAIL+TD3,191,5943,95,2.7215817875024726,0
GAIL+TD3,191,5943,96,2.0739863625177026,0
GAIL+TD3,191,5943,97,4.902229161377998,0
GAIL+TD3,191,5943,98,3.5011907389853407,0
GAIL+TD3,191,5944,5,6.9673106947697105,0
GAIL+TD3,191,5944,6,28.493547261946283,0
GAIL+TD3,191,5944,7,10.663658306223109,0
GAIL+TD3,191,5944,8,11.223201462331897,0
GAIL+TD3,191,5944,9,14.827593448131038,0
GAIL+TD3,191,5944,10,6.823605371900827,0
GAIL+TD3,191,5944,11,8.619418588965333,0
GAIL+TD3,191,5944,12,7.515111695137975,0
GAIL+TD3,191,5944,13,3.411846642157422,0
GAIL+TD3,191,5944,14,5.14192972490465,0
GAIL+TD3,191,5944,15,8.328476853788793,0
GAIL+TD3,191,5944,16,7.1067754175957445,0
GAIL+TD3,191,5944,17,6.5144825955513515,0
GAIL+TD3,191,5944,18,6.699055873703761,0
GAIL+TD3,191,5944,19,4.075920290899227,0
GAIL+TD3,191,5944,20,4.6035633722742855,0
GAIL+TD3,191,5944,21,6.395578231292517,0
GAIL+TD3,191,5944,22,6.461183564397141,0
GAIL+TD3,191,5944,23,5.731673696688997,0
GAIL+TD3,191,5944,24,5.534162649918042,0
GAIL+TD3,191,5944,25,4.665619740604256,0
GAIL+TD3,191,5944,26,4.594466581884979,0
GAIL+TD3,191,5944,27,5.865588614065134,0
GAIL+TD3,191,5944,28,5.353523022150551,0
GAIL+TD3,191,5944,29,5.573782370531393,0
GAIL+TD3,191,5944,30,5.482239699609433,0
GAIL+TD3,191,5944,31,4.937940778572058,0
GAIL+TD3,191,5944,32,5.006156109221292,0
GAIL+TD3,191,5944,33,6.108744295038004,0
GAIL+TD3,191,5944,34,5.571121605422342,0
GAIL+TD3,191,5944,35,5.711152997872197,0
GAIL+TD3,191,5944,36,5.5141472325756125,0
GAIL+TD3,191,5944,37,5.193806339052051,0
GAIL+TD3,191,5944,38,5.422711197032662,0
GAIL+TD3,191,5944,39,5.756395157884859,0
GAIL+TD3,191,5944,40,5.854300015963647,0
GAIL+TD3,191,5944,41,6.654973450037798,0
GAIL+TD3,191,5944,42,6.53642323476378,0
GAIL+TD3,191,5944,43,7.269497386817382,0
GAIL+TD3,191,5944,44,5.62338070627503,0
GAIL+TD3,191,5944,45,5.90707066120452,0
GAIL+TD3,191,5944,46,5.400368422328333,0
GAIL+TD3,191,5944,47,5.127716616691384,0
GAIL+TD3,191,5944,48,4.047238189677879,0
GAIL+TD3,191,5944,49,6.619585898153329,0
GAIL+TD3,191,5944,50,3.6452104143885466,0
GAIL+TD3,191,5944,51,9.322675186295111,0
GAIL+TD3,191,5944,52,3.0082016957975335,0
GAIL+TD3,191,5944,53,7.504873462903566,0
GAIL+TD3,191,5944,54,3.6021907192626976,0
GAIL+TD3,191,5944,55,20.075756804366204,0
GAIL+TD3,191,5944,56,7.822885691859033,0
GAIL+TD3,191,5944,57,5.526752596624554,0
GAIL+TD3,191,5944,58,2.7003664921854313,0
GAIL+TD3,191,5944,59,1.5323653364739325,0
GAIL+TD3,191,5944,60,3.301818263345515,0
GAIL+TD3,191,5944,61,4.699401937459746,0
GAIL+TD3,191,5944,62,2.384662973700559,0
GAIL+TD3,191,5944,63,5.775405663004554,0
GAIL+TD3,191,5944,64,7.219905402994556,0
GAIL+TD3,191,5944,65,5.0855360454346945,0
GAIL+TD3,191,5944,66,2.9176920750725053,0
GAIL+TD3,191,5944,67,6.447254084497143,0
GAIL+TD3,191,5944,68,8.593652872578897,0
GAIL+TD3,191,5944,69,7.765082389397207,0
GAIL+TD3,191,5944,70,4.018442001883794,0
GAIL+TD3,191,5944,71,5.760039288395159,0
GAIL+TD3,191,5944,72,2.8355348736986037,0
GAIL+TD3,191,5944,73,3.910414878188284,0
GAIL+TD3,191,5944,74,6.3292774213153535,0
GAIL+TD3,191,5944,75,5.596110972133261,0
GAIL+TD3,191,5944,76,5.176664748361706,0
GAIL+TD3,191,5944,77,7.076970845019036,0
GAIL+TD3,191,5944,78,3.2117369820735626,0
GAIL+TD3,191,5944,79,2.1322071160030545,0
GAIL+TD3,191,5944,80,9.248940968197433,0
GAIL+TD3,191,5944,81,4.67246438707997,0
GAIL+TD3,191,5944,82,7.116411678434326,0
GAIL+TD3,191,5944,83,2.6362141635836456,0
GAIL+TD3,191,5944,84,4.448230146233679,0
GAIL+TD3,191,5944,85,4.217158623066854,0
GAIL+TD3,191,5944,86,1.9820439254555555,0
GAIL+TD3,191,5944,87,4.91840550283446,0
GAIL+TD3,191,5944,88,2.4228194594263766,0
GAIL+TD3,191,5944,89,9.807217021722701,0
GAIL+TD3,191,5944,90,2.8777643775197266,0
GAIL+TD3,191,5944,91,1.9566411931955505,0
GAIL+TD3,191,5944,92,3.7805654804440003,0
GAIL+TD3,191,5944,93,3.2307466635878237,0
GAIL+TD3,191,5944,94,1.7280782351603368,0
GAIL+TD3,191,5944,95,2.9211772673083956,0
GAIL+TD3,191,5944,96,2.758428011490665,0
GAIL+TD3,191,5944,97,4.475426102721994,0
GAIL+TD3,191,5944,98,4.210550235126167,0
GAIL+TD3,191,5946,5,7.913330742324133,0
GAIL+TD3,191,5946,6,23.121044885945548,0
GAIL+TD3,191,5946,7,26.225742047118327,0
GAIL+TD3,191,5946,8,12.984975058597268,0
GAIL+TD3,191,5946,9,10.567242607766298,0
GAIL+TD3,191,5946,10,6.370460936544809,0
GAIL+TD3,191,5946,11,4.170059397665882,0
GAIL+TD3,191,5946,12,3.235516484491053,0
GAIL+TD3,191,5946,13,7.945439045183289,0
GAIL+TD3,191,5946,14,7.472820052446312,0
GAIL+TD3,191,5946,15,6.570334384610864,0
GAIL+TD3,191,5946,16,5.880846291412809,0
GAIL+TD3,191,5946,17,4.679937191272203,0
GAIL+TD3,191,5946,18,4.893865128944418,0
GAIL+TD3,191,5946,19,5.083161591520861,0
GAIL+TD3,191,5946,20,7.174996189710835,0
GAIL+TD3,191,5946,21,5.826961530426479,0
GAIL+TD3,191,5946,22,5.419750472205516,0
GAIL+TD3,191,5946,23,4.758281110116383,0
GAIL+TD3,191,5946,24,4.961432880552379,0
GAIL+TD3,191,5946,25,5.3601899688733425,0
GAIL+TD3,191,5946,26,5.639486229499702,0
GAIL+TD3,191,5946,27,5.402315233261489,0
GAIL+TD3,191,5946,28,5.223182703187596,0
GAIL+TD3,191,5946,29,4.879401101582654,0
GAIL+TD3,191,5946,30,4.990769444979095,0
GAIL+TD3,191,5946,31,6.2147549453793935,0
GAIL+TD3,191,5946,32,6.32041681325493,0
GAIL+TD3,191,5946,33,5.8206632653061225,0
GAIL+TD3,191,5946,34,5.5276784747048,0
GAIL+TD3,191,5946,35,5.208313818292372,0
GAIL+TD3,191,5946,36,5.242663654000006,0
GAIL+TD3,191,5946,37,5.422889545756169,0
GAIL+TD3,191,5946,38,5.76227880781841,0
GAIL+TD3,191,5946,39,6.7778701770673795,0
GAIL+TD3,191,5946,40,7.202829886530014,0
GAIL+TD3,191,5946,41,6.6766350674052255,0
GAIL+TD3,191,5946,42,6.614443057468302,0
GAIL+TD3,191,5946,43,5.923262171128557,0
GAIL+TD3,191,5946,44,5.522574320743756,0
GAIL+TD3,191,5946,45,4.515656825233663,0
GAIL+TD3,191,5946,46,4.07429782193609,0
GAIL+TD3,191,5946,47,3.577070733966072,0
GAIL+TD3,191,5946,48,3.1894768952961416,0
GAIL+TD3,191,5946,49,20.11989886662763,0
GAIL+TD3,191,5946,50,7.3679440110142265,0
GAIL+TD3,191,5946,51,5.183006580826613,0
GAIL+TD3,191,5946,52,4.2879530449797745,0
GAIL+TD3,191,5946,53,3.89354284430056,0
GAIL+TD3,191,5946,54,1.8750840740079266,0
GAIL+TD3,191,5946,55,2.7384276845975974,0
GAIL+TD3,191,5946,56,6.811024816455311,0
GAIL+TD3,191,5946,57,8.833602965332144,0
GAIL+TD3,191,5946,58,17.157005914951768,0
GAIL+TD3,191,5946,59,3.7509884955228037,0
GAIL+TD3,191,5946,60,6.456401825336047,0
GAIL+TD3,191,5946,61,6.022010186641233,0
GAIL+TD3,191,5946,62,3.6660625014912656,0
GAIL+TD3,191,5946,63,3.9220298056886884,0
GAIL+TD3,191,5946,64,7.357029596569912,0
GAIL+TD3,191,5946,65,3.8539473592394247,0
GAIL+TD3,191,5946,66,3.0244210209213254,0
GAIL+TD3,191,5946,67,12.378080854640602,0
GAIL+TD3,191,5946,68,8.04733306560549,0
GAIL+TD3,191,5946,69,5.520450963720355,0
GAIL+TD3,191,5946,70,2.056012219310701,0
GAIL+TD3,191,5946,71,12.248335768793636,0
GAIL+TD3,191,5946,72,2.792841368855229,0
GAIL+TD3,191,5946,73,5.644035001777613,0
GAIL+TD3,191,5946,74,20.77548198462082,0
GAIL+TD3,191,5946,75,4.291806825751269,0
GAIL+TD3,191,5946,76,3.8329169657812874,0
GAIL+TD3,191,5946,77,2.7719866412681156,0
GAIL+TD3,191,5946,78,3.8281360342905333,0
GAIL+TD3,191,5946,79,3.011959466644169,0
GAIL+TD3,191,5946,80,3.388216286604827,0
GAIL+TD3,191,5946,81,5.985326220064104,0
GAIL+TD3,191,5946,82,5.50196260366874,0
GAIL+TD3,191,5946,83,5.518559634043473,0
GAIL+TD3,191,5946,84,3.999695103830654,0
GAIL+TD3,191,5946,85,5.099797330435536,0
GAIL+TD3,191,5946,86,5.880793566497232,0
GAIL+TD3,191,5946,87,5.984606603984033,0
GAIL+TD3,191,5946,88,3.22000230254659,0
GAIL+TD3,191,5946,89,2.05274312979857,0
GAIL+TD3,191,5946,90,6.902540261885416,0
GAIL+TD3,191,5946,91,6.181156567514483,0
GAIL+TD3,191,5946,92,1.6722542227530404,0
GAIL+TD3,191,5946,93,3.6667340957599315,0
GAIL+TD3,191,5946,94,4.015340176066095,0
GAIL+TD3,191,5946,95,4.210021042588882,0
GAIL+TD3,191,5946,96,4.819952398511616,0
GAIL+TD3,191,5946,97,4.5583337523786325,0
GAIL+TD3,191,5946,98,3.712037796866124,0
GAIL+TD3,191,5948,5,6.4278902296613465,0
GAIL+TD3,191,5948,6,34.73634120549877,0
GAIL+TD3,191,5948,7,24.321379580638848,0
GAIL+TD3,191,5948,8,13.231917190575983,0
GAIL+TD3,191,5948,9,9.216101694915256,0
GAIL+TD3,191,5948,10,10.849295067755627,0
GAIL+TD3,191,5948,11,4.9197972626663375,0
GAIL+TD3,191,5948,12,6.4568847076357025,0
GAIL+TD3,191,5948,13,2.9723662508765165,0
GAIL+TD3,191,5948,14,6.2457208063902625,0
GAIL+TD3,191,5948,15,6.8187604340567605,0
GAIL+TD3,191,5948,16,7.161152765708049,0
GAIL+TD3,191,5948,17,5.342392882599858,0
GAIL+TD3,191,5948,18,6.2698871456096885,0
GAIL+TD3,191,5948,19,5.256923392273419,0
GAIL+TD3,191,5948,20,4.768860089440539,0
GAIL+TD3,191,5948,21,6.242834241015088,0
GAIL+TD3,191,5948,22,6.062855575422627,0
GAIL+TD3,191,5948,23,5.022725012811982,0
GAIL+TD3,191,5948,24,5.525629593185941,0
GAIL+TD3,191,5948,25,4.8953287359191195,0
GAIL+TD3,191,5948,26,5.009781755561543,0
GAIL+TD3,191,5948,27,5.736093007740348,0
GAIL+TD3,191,5948,28,5.8511676804084995,0
GAIL+TD3,191,5948,29,5.1776457007660674,0
GAIL+TD3,191,5948,30,5.513339857092742,0
GAIL+TD3,191,5948,31,5.166769703886881,0
GAIL+TD3,191,5948,32,5.058390580808361,0
GAIL+TD3,191,5948,33,5.605883755479341,0
GAIL+TD3,191,5948,34,6.135953332645024,0
GAIL+TD3,191,5948,35,5.344858027771463,0
GAIL+TD3,191,5948,36,5.655929042198304,0
GAIL+TD3,191,5948,37,6.304988119380641,0
GAIL+TD3,191,5948,38,5.729314610713023,0
GAIL+TD3,191,5948,39,5.985431681243068,0
GAIL+TD3,191,5948,40,6.371717135516645,0
GAIL+TD3,191,5948,41,5.915154535665436,0
GAIL+TD3,191,5948,42,6.337508480183003,0
GAIL+TD3,191,5948,43,6.093717218067713,0
GAIL+TD3,191,5948,44,6.112902768765179,0
GAIL+TD3,191,5948,45,6.4437545597861305,0
GAIL+TD3,191,5948,46,4.734430196212465,0
GAIL+TD3,191,5948,47,6.175626056219308,0
GAIL+TD3,191,5948,48,3.622429373673565,0
GAIL+TD3,191,5948,49,3.6423626966764426,0
GAIL+TD3,191,5948,50,21.815584933898727,0
GAIL+TD3,191,5948,51,5.73584801630109,0
GAIL+TD3,191,5948,52,3.3190465092513426,0
GAIL+TD3,191,5948,53,14.586554561589075,0
GAIL+TD3,191,5948,54,4.640029202119619,0
GAIL+TD3,191,5948,55,2.303582283394405,0
GAIL+TD3,191,5948,56,5.574970807025462,0
GAIL+TD3,191,5948,57,6.156919888608251,0
GAIL+TD3,191,5948,58,4.316189337152264,0
GAIL+TD3,191,5948,59,6.605845579393052,0
GAIL+TD3,191,5948,60,12.569428234993094,0
GAIL+TD3,191,5948,61,4.73623853990679,0
GAIL+TD3,191,5948,62,4.082601245802628,0
GAIL+TD3,191,5948,63,5.285434952035728,0
GAIL+TD3,191,5948,64,4.3955737085012805,0
GAIL+TD3,191,5948,65,1.9267957721235698,0
GAIL+TD3,191,5948,66,1.9643530728287184,0
GAIL+TD3,191,5948,67,7.3295762436328165,0
GAIL+TD3,191,5948,68,3.0124854325563297,0
GAIL+TD3,191,5948,69,10.222070194095513,0
GAIL+TD3,191,5948,70,13.949619010036331,0
GAIL+TD3,191,5948,71,5.520687412936425,0
GAIL+TD3,191,5948,72,4.816628863790541,0
GAIL+TD3,191,5948,73,2.89623578132783,0
GAIL+TD3,191,5948,74,3.0628646831012687,0
GAIL+TD3,191,5948,75,5.641839657330993,0
GAIL+TD3,191,5948,76,3.8755889495228932,0
GAIL+TD3,191,5948,77,15.107635821655125,0
GAIL+TD3,191,5948,78,8.389386455299357,0
GAIL+TD3,191,5948,79,2.6138363813228294,0
GAIL+TD3,191,5948,80,2.0686954788139302,0
GAIL+TD3,191,5948,81,3.9496759810418025,0
GAIL+TD3,191,5948,82,2.449397896127093,0
GAIL+TD3,191,5948,83,9.411309168820267,0
GAIL+TD3,191,5948,84,6.251915556006748,0
GAIL+TD3,191,5948,85,3.7624600529632466,0
GAIL+TD3,191,5948,86,3.0027133893348,0
GAIL+TD3,191,5948,87,5.197321956170783,0
GAIL+TD3,191,5948,88,8.8556376495786,0
GAIL+TD3,191,5948,89,6.870567516363581,0
GAIL+TD3,191,5948,90,3.2558715801057905,0
GAIL+TD3,191,5948,91,5.702990932072692,0
GAIL+TD3,191,5948,92,3.368624703319124,0
GAIL+TD3,191,5948,93,2.3968645809831797,0
GAIL+TD3,191,5948,94,3.153856143592451,0
GAIL+TD3,191,5948,95,12.990527032412327,0
GAIL+TD3,191,5948,96,3.1547224452045928,0
GAIL+TD3,191,5948,97,3.0750283152447535,0
GAIL+TD3,191,5948,98,9.414230594921671,0
GAIL+TD3,191,5949,5,10.872163753982814,0
GAIL+TD3,191,5949,6,24.620844564240794,0
GAIL+TD3,191,5949,7,14.534823430493269,0
GAIL+TD3,191,5949,8,19.183925422020664,0
GAIL+TD3,191,5949,9,7.196844275767266,0
GAIL+TD3,191,5949,10,4.783695611647591,0
GAIL+TD3,191,5949,11,6.099481143729927,0
GAIL+TD3,191,5949,12,3.308654338549076,0
GAIL+TD3,191,5949,13,5.867051058622863,0
GAIL+TD3,191,5949,14,8.597274318579645,0
GAIL+TD3,191,5949,15,6.107981296096925,0
GAIL+TD3,191,5949,16,4.991925885023621,0
GAIL+TD3,191,5949,17,5.895607771391123,0
GAIL+TD3,191,5949,18,3.8275465118247536,0
GAIL+TD3,191,5949,19,5.706668562491115,0
GAIL+TD3,191,5949,20,6.57086153437813,0
GAIL+TD3,191,5949,21,5.515557762330355,0
GAIL+TD3,191,5949,22,4.6991239048811,0
GAIL+TD3,191,5949,23,4.977421847771733,0
GAIL+TD3,191,5949,24,4.294120826327168,0
GAIL+TD3,191,5949,25,4.798241977957671,0
GAIL+TD3,191,5949,26,5.608330638380442,0
GAIL+TD3,191,5949,27,6.192345662761616,0
GAIL+TD3,191,5949,28,5.675083304454456,0
GAIL+TD3,191,5949,29,5.439827209118712,0
GAIL+TD3,191,5949,30,5.045030763857169,0
GAIL+TD3,191,5949,31,5.454874051457051,0
GAIL+TD3,191,5949,32,5.919177842933961,0
GAIL+TD3,191,5949,33,5.6157134943135505,0
GAIL+TD3,191,5949,34,5.574194541857094,0
GAIL+TD3,191,5949,35,5.732400666295285,0
GAIL+TD3,191,5949,36,5.4239116024230265,0
GAIL+TD3,191,5949,37,5.488993941619241,0
GAIL+TD3,191,5949,38,6.328612742470173,0
GAIL+TD3,191,5949,39,5.827719403622052,0
GAIL+TD3,191,5949,40,5.792389798308764,0
GAIL+TD3,191,5949,41,6.136489945555926,0
GAIL+TD3,191,5949,42,6.639435292262593,0
GAIL+TD3,191,5949,43,5.688432705834567,0
GAIL+TD3,191,5949,44,4.740806539827647,0
GAIL+TD3,191,5949,45,4.1450229468599025,0
GAIL+TD3,191,5949,46,4.55545324530298,0
GAIL+TD3,191,5949,47,4.792263470172286,0
GAIL+TD3,191,5949,48,5.313668018631854,0
GAIL+TD3,191,5949,49,7.0784294342847085,0
GAIL+TD3,191,5949,50,8.877879424147945,0
GAIL+TD3,191,5949,51,6.55288013042758,0
GAIL+TD3,191,5949,52,2.275531596965657,0
GAIL+TD3,191,5949,53,3.7394081898180813,0
GAIL+TD3,191,5949,54,2.919552873324018,0
GAIL+TD3,191,5949,55,7.653714429614706,0
GAIL+TD3,191,5949,56,3.9834740041094143,0
GAIL+TD3,191,5949,57,8.452857260288303,0
GAIL+TD3,191,5949,58,71.39004414389031,0
GAIL+TD3,191,5949,59,3.2949588622570545,0
GAIL+TD3,191,5949,60,2.865542823404141,0
GAIL+TD3,191,5949,61,7.262398506928999,0
GAIL+TD3,191,5949,62,6.045578247876791,0
GAIL+TD3,191,5949,63,5.7630385925553895,0
GAIL+TD3,191,5949,64,4.1227074015903655,0
GAIL+TD3,191,5949,65,6.419174996258576,0
GAIL+TD3,191,5949,66,2.9711562933368034,0
GAIL+TD3,191,5949,67,3.374184013567465,0
GAIL+TD3,191,5949,68,9.476952267303103,0
GAIL+TD3,191,5949,69,5.32120031166924,0
GAIL+TD3,191,5949,70,4.281824355305848,0
GAIL+TD3,191,5949,71,2.6121783220653967,0
GAIL+TD3,191,5949,72,3.462967043587514,0
GAIL+TD3,191,5949,73,1.9652908367748128,0
GAIL+TD3,191,5949,74,3.5168159970848722,0
GAIL+TD3,191,5949,75,6.325442777647252,0
GAIL+TD3,191,5949,76,5.078592273622587,0
GAIL+TD3,191,5949,77,3.4932931373213196,0
GAIL+TD3,191,5949,78,4.2421663131719445,0
GAIL+TD3,191,5949,79,3.7755036518945513,0
GAIL+TD3,191,5949,80,7.701826048429393,0
GAIL+TD3,191,5949,81,6.654540829305519,0
GAIL+TD3,191,5949,82,7.631809155308169,0
GAIL+TD3,191,5949,83,3.2929892984618956,0
GAIL+TD3,191,5949,84,2.398164340237402,0
GAIL+TD3,191,5949,85,4.09587112877442,0
GAIL+TD3,191,5949,86,1.8566447997347275,0
GAIL+TD3,191,5949,87,10.042870452643655,0
GAIL+TD3,191,5949,88,7.088589534952061,0
GAIL+TD3,191,5949,89,6.733457487819818,0
GAIL+TD3,191,5949,90,3.4166086132975426,0
GAIL+TD3,191,5949,91,3.4323541792013774,0
GAIL+TD3,191,5949,92,2.569838855822638,0
GAIL+TD3,191,5949,93,1.384074643084648,0
GAIL+TD3,191,5949,94,0.7388370089779678,1
GAIL+TD3,191,5950,5,7.823351835621774,0
GAIL+TD3,191,5950,6,21.378503805457587,0
GAIL+TD3,191,5950,7,9.974592555689984,0
GAIL+TD3,191,5950,8,17.67866824805151,0
GAIL+TD3,191,5950,9,14.143395262721064,0
GAIL+TD3,191,5950,10,6.54310227797236,0
GAIL+TD3,191,5950,11,4.337919904164518,0
GAIL+TD3,191,5950,12,6.642799410450245,0
GAIL+TD3,191,5950,13,3.040289256198347,0
GAIL+TD3,191,5950,14,8.763885337651637,0
GAIL+TD3,191,5950,15,7.658643172629757,0
GAIL+TD3,191,5950,16,5.6999807741604736,0
GAIL+TD3,191,5950,17,4.841881815695275,0
GAIL+TD3,191,5950,18,6.605244886741689,0
GAIL+TD3,191,5950,19,3.8501463955052624,0
GAIL+TD3,191,5950,20,6.3500231108446075,0
GAIL+TD3,191,5950,21,6.381511571528247,0
GAIL+TD3,191,5950,22,5.235951608661349,0
GAIL+TD3,191,5950,23,4.701104043814022,0
GAIL+TD3,191,5950,24,5.253557221542228,0
GAIL+TD3,191,5950,25,4.081229322653665,0
GAIL+TD3,191,5950,26,5.434327088649614,0
GAIL+TD3,191,5950,27,5.286254490451882,0
GAIL+TD3,191,5950,28,4.978625572766608,0
GAIL+TD3,191,5950,29,5.19905995350857,0
GAIL+TD3,191,5950,30,5.202862758933522,0
GAIL+TD3,191,5950,31,5.098069926419004,0
GAIL+TD3,191,5950,32,6.1731848628894745,0
GAIL+TD3,191,5950,33,5.749402314239266,0
GAIL+TD3,191,5950,34,5.367877069718183,0
GAIL+TD3,191,5950,35,5.023567782924225,0
GAIL+TD3,191,5950,36,5.468938358916659,0
GAIL+TD3,191,5950,37,5.592718799004854,0
GAIL+TD3,191,5950,38,5.958042880018411,0
GAIL+TD3,191,5950,39,6.490196783049922,0
GAIL+TD3,191,5950,40,7.441686401060135,0
GAIL+TD3,191,5950,41,6.115201375857685,0
GAIL+TD3,191,5950,42,5.774561511100209,0
GAIL+TD3,191,5950,43,5.874898589775507,0
GAIL+TD3,191,5950,44,5.261590798919692,0
GAIL+TD3,191,5950,45,4.643140353167825,0
GAIL+TD3,191,5950,46,4.656706392173076,0
GAIL+TD3,191,5950,47,7.396641551408547,0
GAIL+TD3,191,5950,48,3.0374864780481756,0
GAIL+TD3,191,5950,49,10.797116754111533,0
GAIL+TD3,191,5950,50,7.766822577554014,0
GAIL+TD3,191,5950,51,4.333284313421505,0
GAIL+TD3,191,5950,52,3.821420172503466,0
GAIL+TD3,191,5950,53,16.164893636500132,0
GAIL+TD3,191,5950,54,4.50759803004914,0
GAIL+TD3,191,5950,55,3.128220005469224,0
GAIL+TD3,191,5950,56,3.2827290731190812,0
GAIL+TD3,191,5950,57,19.250839165508324,0
GAIL+TD3,191,5950,58,3.160519709348483,0
GAIL+TD3,191,5950,59,6.009276884475737,0
GAIL+TD3,191,5950,60,29.336614502768903,0
GAIL+TD3,191,5950,61,6.87729323530717,0
GAIL+TD3,191,5950,62,4.792511253498923,0
GAIL+TD3,191,5950,63,1.8256875916497144,0
GAIL+TD3,191,5950,64,1.9884842472587236,0
GAIL+TD3,191,5950,65,4.624562653965313,0
GAIL+TD3,191,5950,66,4.321851477819354,0
GAIL+TD3,191,5950,67,10.926642053429562,0
GAIL+TD3,191,5950,68,5.851631514535022,0
GAIL+TD3,191,5950,69,4.437909436342449,0
GAIL+TD3,191,5950,70,14.896960740850202,0
GAIL+TD3,191,5950,71,24.237372736867748,0
GAIL+TD3,191,5950,72,7.607459510206221,0
GAIL+TD3,191,5950,73,5.265920964112932,0
GAIL+TD3,191,5950,74,3.7758493633872257,0
GAIL+TD3,191,5950,75,2.6247924142323886,0
GAIL+TD3,191,5950,76,2.308984510078845,0
GAIL+TD3,191,5950,77,2.265505890571668,0
GAIL+TD3,191,5950,78,2.447375207388627,0
GAIL+TD3,191,5950,79,3.873601771200127,0
GAIL+TD3,191,5950,80,3.559874370145411,0
GAIL+TD3,191,5950,81,5.571998289749426,0
GAIL+TD3,191,5950,82,4.746918878093996,0
GAIL+TD3,191,5950,83,7.128865143657169,0
GAIL+TD3,191,5950,84,4.125010806998385,0
GAIL+TD3,191,5950,85,5.352194837190708,0
GAIL+TD3,191,5950,86,3.126423695859016,0
GAIL+TD3,191,5950,87,5.204599007695735,0
GAIL+TD3,191,5950,88,2.958888574472816,0
GAIL+TD3,191,5950,89,3.1901099904157726,0
GAIL+TD3,191,5950,90,7.7510532494640305,0
GAIL+TD3,191,5950,91,6.837517999658312,0
GAIL+TD3,191,5950,92,4.7848942281460225,0
GAIL+TD3,191,5950,93,3.1045614992879655,0
GAIL+TD3,191,5950,94,2.908520631676803,0
GAIL+TD3,191,5950,95,3.8173032820107644,0
GAIL+TD3,191,5950,96,3.694864623006523,0
GAIL+TD3,191,5950,97,21.014628088369864,0
GAIL+TD3,191,5950,98,4.825824527420832,0
GAIL+TD3,191,5954,5,10.353430755830832,0
GAIL+TD3,191,5954,6,44.83147540983605,0
GAIL+TD3,191,5954,7,18.581900452488686,0
GAIL+TD3,191,5954,8,13.497486566129314,0
GAIL+TD3,191,5954,9,8.26818181818182,0
GAIL+TD3,191,5954,10,4.889660565661832,0
GAIL+TD3,191,5954,11,5.702248589445736,0
GAIL+TD3,191,5954,12,4.9838190415506896,0
GAIL+TD3,191,5954,13,4.663343625937362,0
GAIL+TD3,191,5954,14,7.88253859348199,0
GAIL+TD3,191,5954,15,6.482167807740674,0
GAIL+TD3,191,5954,16,5.370434369682498,0
GAIL+TD3,191,5954,17,5.954336177296849,0
GAIL+TD3,191,5954,18,5.957519157088123,0
GAIL+TD3,191,5954,19,5.567755448062635,0
GAIL+TD3,191,5954,20,7.571543817407816,0
GAIL+TD3,191,5954,21,6.494907479396672,0
GAIL+TD3,191,5954,22,5.624205348718504,0
GAIL+TD3,191,5954,23,6.044995591674013,0
GAIL+TD3,191,5954,24,5.825073539901765,0
GAIL+TD3,191,5954,25,5.708737088538369,0
GAIL+TD3,191,5954,26,6.6247074754805295,0
GAIL+TD3,191,5954,27,6.269510530589679,0
GAIL+TD3,191,5954,28,5.683966209639155,0
GAIL+TD3,191,5954,29,5.877814547745072,0
GAIL+TD3,191,5954,30,5.733890785127288,0
GAIL+TD3,191,5954,31,5.709014619973417,0
GAIL+TD3,191,5954,32,6.232481393605428,0
GAIL+TD3,191,5954,33,6.097560215623345,0
GAIL+TD3,191,5954,34,5.864153868218449,0
GAIL+TD3,191,5954,35,6.034971092443746,0
GAIL+TD3,191,5954,36,5.993477430128411,0
GAIL+TD3,191,5954,37,6.008711734540693,0
GAIL+TD3,191,5954,38,6.3285015661218,0
GAIL+TD3,191,5954,39,6.296322087401551,0
GAIL+TD3,191,5954,40,6.021081497016377,0
GAIL+TD3,191,5954,41,6.176184056323633,0
GAIL+TD3,191,5954,42,6.161406403849592,0
GAIL+TD3,191,5954,43,5.72200886000394,0
GAIL+TD3,191,5954,44,5.631087943425484,0
GAIL+TD3,191,5954,45,5.143983312181486,0
GAIL+TD3,191,5954,46,3.815007362512822,0
GAIL+TD3,191,5954,47,3.106062919142904,0
GAIL+TD3,191,5954,48,4.6839632568407215,0
GAIL+TD3,191,5954,49,3.8244784162875596,0
GAIL+TD3,191,5954,50,8.059762347003222,0
GAIL+TD3,191,5954,51,9.30260530815041,0
GAIL+TD3,191,5954,52,10.706472008976995,0
GAIL+TD3,191,5954,53,3.2076814949500623,0
GAIL+TD3,191,5954,54,5.152373801076833,0
GAIL+TD3,191,5954,55,5.454792992190091,0
GAIL+TD3,191,5954,56,7.271673349820249,0
GAIL+TD3,191,5954,57,2.1250715485830773,0
GAIL+TD3,191,5954,58,12.053046295966588,0
GAIL+TD3,191,5954,59,4.043489772563464,0
GAIL+TD3,191,5954,60,5.017446262729281,0
GAIL+TD3,191,5954,61,3.6727457124370217,0
GAIL+TD3,191,5954,62,17.600896454517848,0
GAIL+TD3,191,5954,63,8.789098957471452,0
GAIL+TD3,191,5954,64,7.607067340049499,0
GAIL+TD3,191,5954,65,2.5991031888198233,0
GAIL+TD3,191,5954,66,2.746012166792763,0
GAIL+TD3,191,5954,67,2.2348366870105196,0
GAIL+TD3,191,5954,68,3.021273759651006,0
GAIL+TD3,191,5954,69,3.380264916252952,0
GAIL+TD3,191,5954,70,6.498266500452793,0
GAIL+TD3,191,5954,71,2.6778178952294165,0
GAIL+TD3,191,5954,72,37.17182206510532,0
GAIL+TD3,191,5954,73,7.895936538538198,0
GAIL+TD3,191,5954,74,5.373685943131565,0
GAIL+TD3,191,5954,75,14.017331433998102,0
GAIL+TD3,191,5954,76,3.680759091202043,0
GAIL+TD3,191,5954,77,2.8439624508840686,0
GAIL+TD3,191,5954,78,2.3568675044823233,0
GAIL+TD3,191,5954,79,5.101797161713053,0
GAIL+TD3,191,5954,80,4.145901758250067,0
GAIL+TD3,191,5954,81,5.862141213287031,0
GAIL+TD3,191,5954,82,6.911171145312935,0
GAIL+TD3,191,5954,83,5.039171849034623,0
GAIL+TD3,191,5954,84,3.034793365751178,0
GAIL+TD3,191,5954,85,2.5863465698215635,0
GAIL+TD3,191,5954,86,4.522846788054652,0
GAIL+TD3,191,5954,87,5.984590801912008,0
GAIL+TD3,191,5954,88,3.969303082677202,0
GAIL+TD3,191,5954,89,5.68656971708037,0
GAIL+TD3,191,5954,90,3.759147888742196,0
GAIL+TD3,191,5954,91,6.128337977324613,0
GAIL+TD3,191,5954,92,4.879153540101576,0
GAIL+TD3,191,5954,93,2.489390621586328,0
GAIL+TD3,191,5954,94,2.2389436076046554,0
GAIL+TD3,191,5954,95,7.98506651120292,0
GAIL+TD3,191,5954,96,2.8090811419456236,0
GAIL+TD3,191,5954,97,9.36254190276856,0
GAIL+TD3,191,5954,98,2.6078993808571926,0
GAIL+TD3,191,5956,5,5.68360975609756,0
GAIL+TD3,191,5956,6,28.78617478510029,0
GAIL+TD3,191,5956,7,13.95010460251046,0
GAIL+TD3,191,5956,8,23.168967052537845,0
GAIL+TD3,191,5956,9,10.359595111484278,0
GAIL+TD3,191,5956,10,13.39995548631204,0
GAIL+TD3,191,5956,11,5.755268094760263,0
GAIL+TD3,191,5956,12,4.286388729675102,0
GAIL+TD3,191,5956,13,3.0989493851456182,0
GAIL+TD3,191,5956,14,10.268706472588047,0
GAIL+TD3,191,5956,15,7.8476020563863,0
GAIL+TD3,191,5956,16,8.213050035486162,0
GAIL+TD3,191,5956,17,6.041026806642705,0
GAIL+TD3,191,5956,18,5.060163150614811,0
GAIL+TD3,191,5956,19,4.078461037904669,0
GAIL+TD3,191,5956,20,7.180065262533372,0
GAIL+TD3,191,5956,21,6.443113085195515,0
GAIL+TD3,191,5956,22,6.273383464902701,0
GAIL+TD3,191,5956,23,5.2990947910502655,0
GAIL+TD3,191,5956,24,4.925715805336405,0
GAIL+TD3,191,5956,25,4.433272374433054,0
GAIL+TD3,191,5956,26,6.263505047741117,0
GAIL+TD3,191,5956,27,5.893522193815361,0
GAIL+TD3,191,5956,28,6.014833329440072,0
GAIL+TD3,191,5956,29,5.520067036704061,0
GAIL+TD3,191,5956,30,5.173825520566212,0
GAIL+TD3,191,5956,31,4.89351351550715,0
GAIL+TD3,191,5956,32,6.013435320064596,0
GAIL+TD3,191,5956,33,5.65614072581091,0
GAIL+TD3,191,5956,34,5.8162213583728,0
GAIL+TD3,191,5956,35,5.982711682018667,0
GAIL+TD3,191,5956,36,5.5386126530240825,0
GAIL+TD3,191,5956,37,5.147207470811207,0
GAIL+TD3,191,5956,38,6.846741396397937,0
GAIL+TD3,191,5956,39,5.927507643098237,0
GAIL+TD3,191,5956,40,5.999758969205252,0
GAIL+TD3,191,5956,41,5.998725233966207,0
GAIL+TD3,191,5956,42,7.002472376474087,0
GAIL+TD3,191,5956,43,5.933900953092881,0
GAIL+TD3,191,5956,44,5.592790905495085,0
GAIL+TD3,191,5956,45,4.941630003625717,0
GAIL+TD3,191,5956,46,5.004261300693724,0
GAIL+TD3,191,5956,47,4.7267565306186725,0
GAIL+TD3,191,5956,48,4.924702521450627,0
GAIL+TD3,191,5956,49,7.450456512157166,0
GAIL+TD3,191,5956,50,7.56065711400792,0
GAIL+TD3,191,5956,51,3.3171658270709137,0
GAIL+TD3,191,5956,52,3.588985279891234,0
GAIL+TD3,191,5956,53,2.8095284395578903,0
GAIL+TD3,191,5956,54,5.717046017494927,0
GAIL+TD3,191,5956,55,7.940786009289672,0
GAIL+TD3,191,5956,56,7.823050642668166,0
GAIL+TD3,191,5956,57,6.019580279286355,0
GAIL+TD3,191,5956,58,6.1052170898907505,0
GAIL+TD3,191,5956,59,3.320143096017304,0
GAIL+TD3,191,5956,60,6.431693896640557,0
GAIL+TD3,191,5956,61,4.767234186360881,0
GAIL+TD3,191,5956,62,4.771589487518087,0
GAIL+TD3,191,5956,63,3.2561705809887416,0
GAIL+TD3,191,5956,64,17.853016180285774,0
GAIL+TD3,191,5956,65,5.035203244297505,0
GAIL+TD3,191,5956,66,4.196676563856209,0
GAIL+TD3,191,5956,67,2.6517343289389026,0
GAIL+TD3,191,5956,68,2.94649070209823,0
GAIL+TD3,191,5956,69,2.8734050943147516,0
GAIL+TD3,191,5956,70,7.515594746772371,0
GAIL+TD3,191,5956,71,4.630629244714048,0
GAIL+TD3,191,5956,72,7.053086236108944,0
GAIL+TD3,191,5956,73,5.042914468463567,0
GAIL+TD3,191,5956,74,5.045653674576725,0
GAIL+TD3,191,5956,75,2.5469651712220753,0
GAIL+TD3,191,5956,76,40.15680024830188,0
GAIL+TD3,191,5956,77,1.904129821987103,0
GAIL+TD3,191,5956,78,10.108869498278183,0
GAIL+TD3,191,5956,79,4.85254647332196,0
GAIL+TD3,191,5956,80,5.0313993031939255,0
GAIL+TD3,191,5956,81,3.0797686021798674,0
GAIL+TD3,191,5956,82,10.356680552101466,0
GAIL+TD3,191,5956,83,4.697791459786416,0
GAIL+TD3,191,5956,84,11.004150133513013,0
GAIL+TD3,191,5956,85,2.8277514757579847,0
GAIL+TD3,191,5956,86,3.0417903457849143,0
GAIL+TD3,191,5956,87,6.944845742757837,0
GAIL+TD3,191,5956,88,5.736674776482529,0
GAIL+TD3,191,5956,89,3.9430341327025027,0
GAIL+TD3,191,5956,90,8.456769436351118,0
GAIL+TD3,191,5956,91,6.753964372817686,0
GAIL+TD3,191,5956,92,2.7701076065158863,0
GAIL+TD3,191,5956,93,1.828383259268963,0
GAIL+TD3,191,5956,94,1.6026420096840663,0
GAIL+TD3,191,5956,95,4.065034192166886,0
GAIL+TD3,191,5956,96,3.4059873254351714,0
GAIL+TD3,191,5956,97,6.592174139220339,0
GAIL+TD3,191,5956,98,3.4167581518222168,0
GAIL+TD3,191,5957,5,5.9638413685847596,0
GAIL+TD3,191,5957,6,31.640691114245413,0
GAIL+TD3,191,5957,7,12.948306409588325,0
GAIL+TD3,191,5957,8,13.5237881508079,0
GAIL+TD3,191,5957,9,10.256291272532573,0
GAIL+TD3,191,5957,10,11.995084201304389,0
GAIL+TD3,191,5957,11,5.129126440361259,0
GAIL+TD3,191,5957,12,6.658667299027746,0
GAIL+TD3,191,5957,13,2.9780817321451485,0
GAIL+TD3,191,5957,14,8.182320300713426,0
GAIL+TD3,191,5957,15,7.125317562783724,0
GAIL+TD3,191,5957,16,7.85453504643175,0
GAIL+TD3,191,5957,17,5.571698162319747,0
GAIL+TD3,191,5957,18,6.425188937681539,0
GAIL+TD3,191,5957,19,3.837372027897728,0
GAIL+TD3,191,5957,20,6.657735862976305,0
GAIL+TD3,191,5957,21,6.927126434008469,0
GAIL+TD3,191,5957,22,6.292897927498186,0
GAIL+TD3,191,5957,23,5.147675534569466,0
GAIL+TD3,191,5957,24,5.5933410226835845,0
GAIL+TD3,191,5957,25,4.1378487384448635,0
GAIL+TD3,191,5957,26,5.887870051428845,0
GAIL+TD3,191,5957,27,5.741013016793687,0
GAIL+TD3,191,5957,28,5.9285251553046505,0
GAIL+TD3,191,5957,29,5.351349028632541,0
GAIL+TD3,191,5957,30,5.527649493469023,0
GAIL+TD3,191,5957,31,4.705921890225254,0
GAIL+TD3,191,5957,32,5.764942030381861,0
GAIL+TD3,191,5957,33,5.753708874324748,0
GAIL+TD3,191,5957,34,5.908893030595726,0
GAIL+TD3,191,5957,35,5.940992552829066,0
GAIL+TD3,191,5957,36,5.840038282104511,0
GAIL+TD3,191,5957,37,5.313737290183467,0
GAIL+TD3,191,5957,38,6.021645708352561,0
GAIL+TD3,191,5957,39,5.933628571177643,0
GAIL+TD3,191,5957,40,6.662207783508607,0
GAIL+TD3,191,5957,41,6.045850419131256,0
GAIL+TD3,191,5957,42,5.8097607720423,0
GAIL+TD3,191,5957,43,5.996805290971612,0
GAIL+TD3,191,5957,44,6.134795727985383,0
GAIL+TD3,191,5957,45,4.762636910989175,0
GAIL+TD3,191,5957,46,4.934787326792595,0
GAIL+TD3,191,5957,47,5.590020899022042,0
GAIL+TD3,191,5957,48,3.852272657703317,0
GAIL+TD3,191,5957,49,5.482786343183911,0
GAIL+TD3,191,5957,50,16.451529033608022,0
GAIL+TD3,191,5957,51,3.2755900226057157,0
GAIL+TD3,191,5957,52,4.986668772751937,0
GAIL+TD3,191,5957,53,3.1349206905822253,0
GAIL+TD3,191,5957,54,8.264156724186432,0
GAIL+TD3,191,5957,55,6.875347801005238,0
GAIL+TD3,191,5957,56,9.0128379883291,0
GAIL+TD3,191,5957,57,5.303678856852702,0
GAIL+TD3,191,5957,58,2.550183847221064,0
GAIL+TD3,191,5957,59,1.5152476254092027,0
GAIL+TD3,191,5957,60,5.059449873326094,0
GAIL+TD3,191,5957,61,4.074245450856769,0
GAIL+TD3,191,5957,62,4.420707810098842,0
GAIL+TD3,191,5957,63,10.521330907810578,0
GAIL+TD3,191,5957,64,3.9884923810164796,0
GAIL+TD3,191,5957,65,8.301407714605096,0
GAIL+TD3,191,5957,66,10.52775881961936,0
GAIL+TD3,191,5957,67,5.729457874861565,0
GAIL+TD3,191,5957,68,3.3171347401426163,0
GAIL+TD3,191,5957,69,3.795220779973344,0
GAIL+TD3,191,5957,70,3.8302446948731292,0
GAIL+TD3,191,5957,71,2.636169237645574,0
GAIL+TD3,191,5957,72,11.105753618596916,0
GAIL+TD3,191,5957,73,53.24064796065954,0
GAIL+TD3,191,5957,74,10.510710324583636,0
GAIL+TD3,191,5957,75,2.817679329790162,0
GAIL+TD3,191,5957,76,1.9854413929524335,0
GAIL+TD3,191,5957,77,1.5918355330528524,0
GAIL+TD3,191,5957,78,2.7202225572491123,0
GAIL+TD3,191,5957,79,6.990369554180034,0
GAIL+TD3,191,5957,80,5.448938568287368,0
GAIL+TD3,191,5957,81,6.71581075721818,0
GAIL+TD3,191,5957,82,3.499311873031105,0
GAIL+TD3,191,5957,83,6.955391868265182,0
GAIL+TD3,191,5957,84,7.844184902987734,0
GAIL+TD3,191,5957,85,3.537090385803929,0
GAIL+TD3,191,5957,86,3.0654178504262264,0
GAIL+TD3,191,5957,87,6.323017935293673,0
GAIL+TD3,191,5957,88,5.658375959484558,0
GAIL+TD3,191,5957,89,5.006458943027985,0
GAIL+TD3,191,5957,90,4.149853119608108,0
GAIL+TD3,191,5957,91,1.9531899939514972,0
GAIL+TD3,191,5957,92,1.1941740558333906,0
GAIL+TD3,191,5957,93,0.7915567385450012,1
GAIL+TD3,191,5958,5,5.950816485225506,0
GAIL+TD3,191,5958,6,22.747446283902782,0
GAIL+TD3,191,5958,7,12.320193929173692,0
GAIL+TD3,191,5958,8,9.926500379843,0
GAIL+TD3,191,5958,9,9.936571454854885,0
GAIL+TD3,191,5958,10,11.639137793707688,0
GAIL+TD3,191,5958,11,9.395142563477865,0
GAIL+TD3,191,5958,12,4.518060099153486,0
GAIL+TD3,191,5958,13,5.261101539487579,0
GAIL+TD3,191,5958,14,3.865048629419853,0
GAIL+TD3,191,5958,15,6.856254133597884,0
GAIL+TD3,191,5958,16,8.992011827264706,0
GAIL+TD3,191,5958,17,7.915322731524789,0
GAIL+TD3,191,5958,18,5.436283093479294,0
GAIL+TD3,191,5958,19,5.573780978746401,0
GAIL+TD3,191,5958,20,4.982864845792659,0
GAIL+TD3,191,5958,21,6.722789467632517,0
GAIL+TD3,191,5958,22,5.925818638617806,0
GAIL+TD3,191,5958,23,6.369078051238036,0
GAIL+TD3,191,5958,24,5.340673045757529,0
GAIL+TD3,191,5958,25,5.6061056083433005,0
GAIL+TD3,191,5958,26,5.147740922110321,0
GAIL+TD3,191,5958,27,6.146156881262088,0
GAIL+TD3,191,5958,28,5.840841752964303,0
GAIL+TD3,191,5958,29,6.009243086670211,0
GAIL+TD3,191,5958,30,5.438166803331944,0
GAIL+TD3,191,5958,31,5.550548301991757,0
GAIL+TD3,191,5958,32,5.315333974406392,0
GAIL+TD3,191,5958,33,6.0150587024398865,0
GAIL+TD3,191,5958,34,5.910542834773292,0
GAIL+TD3,191,5958,35,6.081126191985716,0
GAIL+TD3,191,5958,36,5.788709161603071,0
GAIL+TD3,191,5958,37,5.892366426195878,0
GAIL+TD3,191,5958,38,5.805383761403937,0
GAIL+TD3,191,5958,39,6.231673478440677,0
GAIL+TD3,191,5958,40,6.196583719596193,0
GAIL+TD3,191,5958,41,6.076331510011345,0
GAIL+TD3,191,5958,42,6.138979438314945,0
GAIL+TD3,191,5958,43,6.239882792634988,0
GAIL+TD3,191,5958,44,6.05781674614162,0
GAIL+TD3,191,5958,45,5.802607248650324,0
GAIL+TD3,191,5958,46,5.550371159093247,0
GAIL+TD3,191,5958,47,3.656771005500885,0
GAIL+TD3,191,5958,48,3.379524312080665,0
GAIL+TD3,191,5958,49,3.230273575443677,0
GAIL+TD3,191,5958,50,4.8004853048483,0
GAIL+TD3,191,5958,51,13.234208509007283,0
GAIL+TD3,191,5958,52,9.202622804489923,0
GAIL+TD3,191,5958,53,6.726742219345791,0
GAIL+TD3,191,5958,54,4.644747172610447,0
GAIL+TD3,191,5958,55,2.606810969603017,0
GAIL+TD3,191,5958,56,3.9019069088534537,0
GAIL+TD3,191,5958,57,3.0530680754682495,0
GAIL+TD3,191,5958,58,6.279264939696595,0
GAIL+TD3,191,5958,59,25.077047629646117,0
GAIL+TD3,191,5958,60,12.022945859668466,0
GAIL+TD3,191,5958,61,3.8465891084554134,0
GAIL+TD3,191,5958,62,4.279081631445257,0
GAIL+TD3,191,5958,63,2.106892506790775,0
GAIL+TD3,191,5958,64,1.2736007821360738,0
GAIL+TD3,191,5958,65,2.381586494533653,0
GAIL+TD3,191,5958,66,3.7545543147208122,0
GAIL+TD3,191,5958,67,2.2554422442469657,0
GAIL+TD3,191,5958,68,2.8530568146449484,0
GAIL+TD3,191,5958,69,2.732047677979669,0
GAIL+TD3,191,5958,70,3.5404080395861866,0
GAIL+TD3,191,5958,71,2.696755217622579,0
GAIL+TD3,191,5958,72,4.531423271213753,0
GAIL+TD3,191,5958,73,6.009844816573834,0
GAIL+TD3,191,5958,74,4.7463720163462435,0
GAIL+TD3,191,5958,75,3.6774570728480516,0
GAIL+TD3,191,5958,76,5.869190034811685,0
GAIL+TD3,191,5958,77,3.711340272135825,0
GAIL+TD3,191,5958,78,7.464776911844068,0
GAIL+TD3,191,5958,79,3.595886478978725,0
GAIL+TD3,191,5958,80,7.066615528702088,0
GAIL+TD3,191,5958,81,5.298420328074988,0
GAIL+TD3,191,5958,82,3.8549285182966835,0
GAIL+TD3,191,5958,83,2.6346201699517473,0
GAIL+TD3,191,5958,84,5.537717166588082,0
GAIL+TD3,191,5958,85,10.640791141725659,0
GAIL+TD3,191,5958,86,7.101601916576011,0
GAIL+TD3,191,5958,87,3.9093708961141194,0
GAIL+TD3,191,5958,88,2.895473740657573,0
GAIL+TD3,191,5958,89,3.164909558028774,0
GAIL+TD3,191,5958,90,2.05031282335106,0
GAIL+TD3,191,5958,91,8.96543887918522,0
GAIL+TD3,191,5958,92,21.619991570295827,0
GAIL+TD3,191,5958,93,2.501306208853031,0
GAIL+TD3,191,5958,94,3.984449935892033,0
GAIL+TD3,191,5958,95,3.7733844507884506,0
GAIL+TD3,191,5958,96,3.2044577244717045,0
GAIL+TD3,191,5958,97,4.597715086818547,0
GAIL+TD3,191,5958,98,7.085244505195179,0
GAIL+TD3,191,5961,5,5.8637701059238925,0
GAIL+TD3,191,5961,6,31.151862464183377,0
GAIL+TD3,191,5961,7,21.418736553882262,0
GAIL+TD3,191,5961,8,24.29380971077084,0
GAIL+TD3,191,5961,9,13.157412565769112,0
GAIL+TD3,191,5961,10,7.733274677675883,0
GAIL+TD3,191,5961,11,5.046762005362802,0
GAIL+TD3,191,5961,12,6.594820405381529,0
GAIL+TD3,191,5961,13,3.1035758057926763,0
GAIL+TD3,191,5961,14,6.258413486835181,0
GAIL+TD3,191,5961,15,7.458550185873606,0
GAIL+TD3,191,5961,16,5.972032428222468,0
GAIL+TD3,191,5961,17,5.458698890912101,0
GAIL+TD3,191,5961,18,6.125928955198623,0
GAIL+TD3,191,5961,19,4.106429032764851,0
GAIL+TD3,191,5961,20,5.856750765333052,0
GAIL+TD3,191,5961,21,7.616201213231087,0
GAIL+TD3,191,5961,22,7.56152425062448,0
GAIL+TD3,191,5961,23,4.294136035283005,0
GAIL+TD3,191,5961,24,5.621382583845218,0
GAIL+TD3,191,5961,25,4.499692088485316,0
GAIL+TD3,191,5961,26,5.26845947634168,0
GAIL+TD3,191,5961,27,5.635049589211484,0
GAIL+TD3,191,5961,28,6.294437205572818,0
GAIL+TD3,191,5961,29,4.678732641254099,0
GAIL+TD3,191,5961,30,5.456630570028774,0
GAIL+TD3,191,5961,31,4.874306208516327,0
GAIL+TD3,191,5961,32,5.839873139237528,0
GAIL+TD3,191,5961,33,5.7864144114883596,0
GAIL+TD3,191,5961,34,5.958782888687905,0
GAIL+TD3,191,5961,35,5.182634862127264,0
GAIL+TD3,191,5961,36,5.657212203230267,0
GAIL+TD3,191,5961,37,5.141728497535199,0
GAIL+TD3,191,5961,38,5.6111614921639035,0
GAIL+TD3,191,5961,39,6.729889709056375,0
GAIL+TD3,191,5961,40,6.238361299064681,0
GAIL+TD3,191,5961,41,5.7059720697037255,0
GAIL+TD3,191,5961,42,7.007050959007956,0
GAIL+TD3,191,5961,43,5.846939713804661,0
GAIL+TD3,191,5961,44,6.058893964989448,0
GAIL+TD3,191,5961,45,5.546909719538161,0
GAIL+TD3,191,5961,46,4.666768155655112,0
GAIL+TD3,191,5961,47,4.341105466254308,0
GAIL+TD3,191,5961,48,3.6194585688782284,0
GAIL+TD3,191,5961,49,4.148537644014632,0
GAIL+TD3,191,5961,50,6.845384922433682,0
GAIL+TD3,191,5961,51,12.751851930144559,0
GAIL+TD3,191,5961,52,8.71496199368944,0
GAIL+TD3,191,5961,53,5.235702262079975,0
GAIL+TD3,191,5961,54,2.106348974784737,0
GAIL+TD3,191,5961,55,2.8208718082498616,0
GAIL+TD3,191,5961,56,3.621395028024162,0
GAIL+TD3,191,5961,57,11.37466755640661,0
GAIL+TD3,191,5961,58,8.574489074707943,0
GAIL+TD3,191,5961,59,8.130961201935962,0
GAIL+TD3,191,5961,60,8.408583886490105,0
GAIL+TD3,191,5961,61,3.3048531917838955,0
GAIL+TD3,191,5961,62,2.390094547256856,0
GAIL+TD3,191,5961,63,2.970401974893335,0
GAIL+TD3,191,5961,64,3.866285928590674,0
GAIL+TD3,191,5961,65,2.7176054229098145,0
GAIL+TD3,191,5961,66,5.677691801324009,0
GAIL+TD3,191,5961,67,3.4873536080595406,0
GAIL+TD3,191,5961,68,6.016037768922441,0
GAIL+TD3,191,5961,69,5.299611243278662,0
GAIL+TD3,191,5961,70,6.1906062607141195,0
GAIL+TD3,191,5961,71,7.7340176061093455,0
GAIL+TD3,191,5961,72,6.8047094641200685,0
GAIL+TD3,191,5961,73,4.640278830409357,0
GAIL+TD3,191,5961,74,9.115429891529041,0
GAIL+TD3,191,5961,75,3.4931943978835687,0
GAIL+TD3,191,5961,76,7.153278303773432,0
GAIL+TD3,191,5961,77,4.532279176920258,0
GAIL+TD3,191,5961,78,3.5948197579800647,0
GAIL+TD3,191,5961,79,2.0515743246661917,0
GAIL+TD3,191,5961,80,17.133713927227102,0
GAIL+TD3,191,5961,81,3.3899090025180127,0
GAIL+TD3,191,5961,82,10.322933214716908,0
GAIL+TD3,191,5961,83,3.1595442016977238,0
GAIL+TD3,191,5961,84,8.03776685136192,0
GAIL+TD3,191,5961,85,6.60553971662274,0
GAIL+TD3,191,5961,86,5.031156797122236,0
GAIL+TD3,191,5961,87,3.0576255385283866,0
GAIL+TD3,191,5961,88,5.203406846114119,0
GAIL+TD3,191,5961,89,6.527922266062657,0
GAIL+TD3,191,5961,90,3.862431933563345,0
GAIL+TD3,191,5961,91,9.01575745543223,0
GAIL+TD3,191,5961,92,2.855830051178038,0
GAIL+TD3,191,5961,93,4.652641603188042,0
GAIL+TD3,191,5961,94,2.5864149222012576,0
GAIL+TD3,191,5961,95,7.44602841470635,0
GAIL+TD3,191,5961,96,2.9365408313693697,0
GAIL+TD3,191,5961,97,6.639476271225896,0
GAIL+TD3,191,5961,98,2.2802804266734547,0
GAIL+TD3,191,5962,5,4.567107195301028,0
GAIL+TD3,191,5962,6,22.43889091572419,0
GAIL+TD3,191,5962,7,23.823589118960616,0
GAIL+TD3,191,5962,8,16.984423319207423,0
GAIL+TD3,191,5962,9,9.06649358906432,0
GAIL+TD3,191,5962,10,11.53607351297653,0
GAIL+TD3,191,5962,11,6.457057788604682,0
GAIL+TD3,191,5962,12,4.18317063385932,0
GAIL+TD3,191,5962,13,5.6739356178608515,0
GAIL+TD3,191,5962,14,6.276209547186873,0
GAIL+TD3,191,5962,15,6.652213582166925,0
GAIL+TD3,191,5962,16,4.565433882431858,0
GAIL+TD3,191,5962,17,6.548059196617336,0
GAIL+TD3,191,5962,18,4.936966498393759,0
GAIL+TD3,191,5962,19,5.960491818099627,0
GAIL+TD3,191,5962,20,6.220689052334512,0
GAIL+TD3,191,5962,21,6.429094257650169,0
GAIL+TD3,191,5962,22,5.292959695554403,0
GAIL+TD3,191,5962,23,6.095008923735362,0
GAIL+TD3,191,5962,24,5.497706082581027,0
GAIL+TD3,191,5962,25,5.921534823066551,0
GAIL+TD3,191,5962,26,6.1610877025942,0
GAIL+TD3,191,5962,27,6.110403480494293,0
GAIL+TD3,191,5962,28,5.332083636035827,0
GAIL+TD3,191,5962,29,5.770184293682268,0
GAIL+TD3,191,5962,30,5.390301515787169,0
GAIL+TD3,191,5962,31,5.747578851081025,0
GAIL+TD3,191,5962,32,5.87525280688467,0
GAIL+TD3,191,5962,33,5.950544522248613,0
GAIL+TD3,191,5962,34,5.639247058511237,0
GAIL+TD3,191,5962,35,5.975445010816963,0
GAIL+TD3,191,5962,36,5.775294895477748,0
GAIL+TD3,191,5962,37,5.9905153838478356,0
GAIL+TD3,191,5962,38,6.120434185050311,0
GAIL+TD3,191,5962,39,6.18747135005487,0
GAIL+TD3,191,5962,40,5.842058296185416,0
GAIL+TD3,191,5962,41,6.080425597280906,0
GAIL+TD3,191,5962,42,5.908920515414571,0
GAIL+TD3,191,5962,43,6.156735301987704,0
GAIL+TD3,191,5962,44,6.164361371660631,0
GAIL+TD3,191,5962,45,6.144299982111507,0
GAIL+TD3,191,5962,46,4.551646397612168,0
GAIL+TD3,191,5962,47,4.981574348076503,0
GAIL+TD3,191,5962,48,4.8701587565211275,0
GAIL+TD3,191,5962,49,4.1882397093157335,0
GAIL+TD3,191,5962,50,7.684535468542062,0
GAIL+TD3,191,5962,51,14.165043810895904,0
GAIL+TD3,191,5962,52,3.8736856495678342,0
GAIL+TD3,191,5962,53,2.7536288615209616,0
GAIL+TD3,191,5962,54,8.250614245575177,0
GAIL+TD3,191,5962,55,8.127785119113165,0
GAIL+TD3,191,5962,56,4.166255909099248,0
GAIL+TD3,191,5962,57,7.316015449307851,0
GAIL+TD3,191,5962,58,17.78506564434259,0
GAIL+TD3,191,5962,59,4.023621483651389,0
GAIL+TD3,191,5962,60,3.2864920532566675,0
GAIL+TD3,191,5962,61,6.678917005559673,0
GAIL+TD3,191,5962,62,5.170866632314592,0
GAIL+TD3,191,5962,63,8.552528937669043,0
GAIL+TD3,191,5962,64,3.677379393954578,0
GAIL+TD3,191,5962,65,2.95319415741357,0
GAIL+TD3,191,5962,66,3.765306945553452,0
GAIL+TD3,191,5962,67,4.723912333933732,0
GAIL+TD3,191,5962,68,4.612497016903369,0
GAIL+TD3,191,5962,69,4.987816541952248,0
GAIL+TD3,191,5962,70,10.784956265705022,0
GAIL+TD3,191,5962,71,3.161876158936642,0
GAIL+TD3,191,5962,72,4.527686250186901,0
GAIL+TD3,191,5962,73,7.424439981240223,0
GAIL+TD3,191,5962,74,2.599163132174441,0
GAIL+TD3,191,5962,75,4.4255485967896755,0
GAIL+TD3,191,5962,76,9.889012275364268,0
GAIL+TD3,191,5962,77,4.608749203050839,0
GAIL+TD3,191,5962,78,4.4743374912757,0
GAIL+TD3,191,5962,79,4.278222711117708,0
GAIL+TD3,191,5962,80,4.6478430797903645,0
GAIL+TD3,191,5962,81,7.199557978024742,0
GAIL+TD3,191,5962,82,2.4274212431085482,0
GAIL+TD3,191,5962,83,7.044972929822601,0
GAIL+TD3,191,5962,84,2.696068205922429,0
GAIL+TD3,191,5962,85,6.492902908809342,0
GAIL+TD3,191,5962,86,2.1046075199550627,0
GAIL+TD3,191,5962,87,5.682437805540467,0
GAIL+TD3,191,5962,88,2.65892633258013,0
GAIL+TD3,191,5962,89,7.260999348342478,0
GAIL+TD3,191,5962,90,5.6052919952714815,0
GAIL+TD3,191,5962,91,6.594551502086995,0
GAIL+TD3,191,5962,92,4.372020310907113,0
GAIL+TD3,191,5962,93,3.899089945334933,0
GAIL+TD3,191,5962,94,5.597045043209273,0
GAIL+TD3,191,5962,95,3.715945273004289,0
GAIL+TD3,191,5962,96,5.187746039067782,0
GAIL+TD3,191,5962,97,3.645065426635502,0
GAIL+TD3,191,5962,98,2.652772591386584,0
GAIL+TD3,191,5965,5,5.6337254901960785,0
GAIL+TD3,191,5965,6,20.681508078994614,0
GAIL+TD3,191,5965,7,9.690142341193965,0
GAIL+TD3,191,5965,8,17.10206630336058,0
GAIL+TD3,191,5965,9,18.305435175153484,0
GAIL+TD3,191,5965,10,8.339605998235813,0
GAIL+TD3,191,5965,11,10.701906862109224,0
GAIL+TD3,191,5965,12,5.688299525340033,0
GAIL+TD3,191,5965,13,3.6122570058066144,0
GAIL+TD3,191,5965,14,4.556345511966591,0
GAIL+TD3,191,5965,15,8.923286908077994,0
GAIL+TD3,191,5965,16,6.834584861361741,0
GAIL+TD3,191,5965,17,8.58152437609434,0
GAIL+TD3,191,5965,18,5.409856511473027,0
GAIL+TD3,191,5965,19,4.535652708785729,0
GAIL+TD3,191,5965,20,5.134528166772755,0
GAIL+TD3,191,5965,21,7.437119158188601,0
GAIL+TD3,191,5965,22,5.793203124226615,0
GAIL+TD3,191,5965,23,6.203409753254324,0
GAIL+TD3,191,5965,24,5.020079218225975,0
GAIL+TD3,191,5965,25,4.755184825816144,0
GAIL+TD3,191,5965,26,4.996641655573036,0
GAIL+TD3,191,5965,27,6.159221468431995,0
GAIL+TD3,191,5965,28,5.690539073701076,0
GAIL+TD3,191,5965,29,5.926814972102872,0
GAIL+TD3,191,5965,30,5.11576390399536,0
GAIL+TD3,191,5965,31,4.8508930563079575,0
GAIL+TD3,191,5965,32,5.103640181607464,0
GAIL+TD3,191,5965,33,5.774027121478665,0
GAIL+TD3,191,5965,34,5.570737555381808,0
GAIL+TD3,191,5965,35,6.705560009183256,0
GAIL+TD3,191,5965,36,6.122651413231207,0
GAIL+TD3,191,5965,37,5.579726961768593,0
GAIL+TD3,191,5965,38,5.789960750337394,0
GAIL+TD3,191,5965,39,6.227535785459925,0
GAIL+TD3,191,5965,40,6.146210075152653,0
GAIL+TD3,191,5965,41,6.011137668049533,0
GAIL+TD3,191,5965,42,5.980302244006407,0
GAIL+TD3,191,5965,43,5.6917757667283615,0
GAIL+TD3,191,5965,44,5.006029731324382,0
GAIL+TD3,191,5965,45,4.961842097846123,0
GAIL+TD3,191,5965,46,5.09400197840422,0
GAIL+TD3,191,5965,47,3.9800862144359694,0
GAIL+TD3,191,5965,48,4.960391686284569,0
GAIL+TD3,191,5965,49,7.610112859097127,0
GAIL+TD3,191,5965,50,5.59238304830108,0
GAIL+TD3,191,5965,51,7.401182203600035,0
GAIL+TD3,191,5965,52,5.595832674811823,0
GAIL+TD3,191,5965,53,6.570319192745046,0
GAIL+TD3,191,5965,54,2.0992578898830985,0
GAIL+TD3,191,5965,55,5.413503346628549,0
GAIL+TD3,191,5965,56,7.587942245892488,0
GAIL+TD3,191,5965,57,2.290228927704536,0
GAIL+TD3,191,5965,58,4.563368781483555,0
GAIL+TD3,191,5965,59,13.142653318146394,0
GAIL+TD3,191,5965,60,8.715496567432183,0
GAIL+TD3,191,5965,61,9.873471698540484,0
GAIL+TD3,191,5965,62,5.257315766379829,0
GAIL+TD3,191,5965,63,3.7810690575138097,0
GAIL+TD3,191,5965,64,4.603675160466265,0
GAIL+TD3,191,5965,65,3.3170810969394466,0
GAIL+TD3,191,5965,66,6.851167374614406,0
GAIL+TD3,191,5965,67,24.095458807565354,0
GAIL+TD3,191,5965,68,2.443265721868185,0
GAIL+TD3,191,5965,69,1.3903921896366074,0
GAIL+TD3,191,5965,70,4.373370482681006,0
GAIL+TD3,191,5965,71,2.165893097769127,0
GAIL+TD3,191,5965,72,6.614756540041118,0
GAIL+TD3,191,5965,73,11.877346341182651,0
GAIL+TD3,191,5965,74,2.717727182047005,0
GAIL+TD3,191,5965,75,5.813675306660865,0
GAIL+TD3,191,5965,76,5.37581498367196,0
GAIL+TD3,191,5965,77,4.5957837193542925,0
GAIL+TD3,191,5965,78,5.503358413738161,0
GAIL+TD3,191,5965,79,3.461204133654327,0
GAIL+TD3,191,5965,80,7.793024127781631,0
GAIL+TD3,191,5965,81,6.06502069341718,0
GAIL+TD3,191,5965,82,3.4761321677488755,0
GAIL+TD3,191,5965,83,4.394068188117897,0
GAIL+TD3,191,5965,84,2.8567773897163056,0
GAIL+TD3,191,5965,85,1.864646138548655,0
GAIL+TD3,191,5965,86,5.59127398025703,0
GAIL+TD3,191,5965,87,3.565769831808504,0
GAIL+TD3,191,5965,88,3.8901471903309015,0
GAIL+TD3,191,5965,89,4.226476165186645,0
GAIL+TD3,191,5965,90,4.501586639008743,0
GAIL+TD3,191,5965,91,6.253383338822604,0
GAIL+TD3,191,5965,92,6.304045692527368,0
GAIL+TD3,191,5965,93,2.986049397247643,0
GAIL+TD3,191,5965,94,3.0028987428504483,0
GAIL+TD3,191,5965,95,5.861414223875801,0
GAIL+TD3,191,5965,96,8.162985267147937,0
GAIL+TD3,191,5965,97,4.376271491686005,0
GAIL+TD3,191,5965,98,4.80381527581771,0
GAIL+TD3,191,5971,5,7.700828863968795,0
GAIL+TD3,191,5971,6,21.758031569173635,0
GAIL+TD3,191,5971,7,22.797037037037036,0
GAIL+TD3,191,5971,8,11.936910234696347,0
GAIL+TD3,191,5971,9,15.214472888530537,0
GAIL+TD3,191,5971,10,6.167578904291781,0
GAIL+TD3,191,5971,11,4.400969843915744,0
GAIL+TD3,191,5971,12,3.906977064916079,0
GAIL+TD3,191,5971,13,5.888218968322328,0
GAIL+TD3,191,5971,14,5.571985103571367,0
GAIL+TD3,191,5971,15,7.916760819940511,0
GAIL+TD3,191,5971,16,5.305793562708103,0
GAIL+TD3,191,5971,17,4.5801245587079675,0
GAIL+TD3,191,5971,18,4.336678309948099,0
GAIL+TD3,191,5971,19,5.812414717922176,0
GAIL+TD3,191,5971,20,5.369987169617654,0
GAIL+TD3,191,5971,21,6.266784551792493,0
GAIL+TD3,191,5971,22,5.172792905364365,0
GAIL+TD3,191,5971,23,4.6922178904206335,0
GAIL+TD3,191,5971,24,4.512844283047337,0
GAIL+TD3,191,5971,25,5.1903391475480545,0
GAIL+TD3,191,5971,26,5.197948629652632,0
GAIL+TD3,191,5971,27,5.754068288800314,0
GAIL+TD3,191,5971,28,5.375806839699128,0
GAIL+TD3,191,5971,29,5.102667582705073,0
GAIL+TD3,191,5971,30,5.078120517087325,0
GAIL+TD3,191,5971,31,5.301734066275147,0
GAIL+TD3,191,5971,32,5.453907718108243,0
GAIL+TD3,191,5971,33,5.519610188165028,0
GAIL+TD3,191,5971,34,5.478940621491032,0
GAIL+TD3,191,5971,35,5.0638539443208135,0
GAIL+TD3,191,5971,36,5.8072606119086405,0
GAIL+TD3,191,5971,37,5.518544703202599,0
GAIL+TD3,191,5971,38,6.213389413709234,0
GAIL+TD3,191,5971,39,5.174986640011596,0
GAIL+TD3,191,5971,40,6.140033748750919,0
GAIL+TD3,191,5971,41,5.655861996090241,0
GAIL+TD3,191,5971,42,5.873787455755528,0
GAIL+TD3,191,5971,43,6.52131426727986,0
GAIL+TD3,191,5971,44,8.096552684504775,0
GAIL+TD3,191,5971,45,4.8598114911498165,0
GAIL+TD3,191,5971,46,7.052065075005283,0
GAIL+TD3,191,5971,47,2.8445510022971208,0
GAIL+TD3,191,5971,48,6.899529236616913,0
GAIL+TD3,191,5971,49,5.741585530569265,0
GAIL+TD3,191,5971,50,10.477072234177587,0
GAIL+TD3,191,5971,51,3.0909714212709782,0
GAIL+TD3,191,5971,52,10.314591662355172,0
GAIL+TD3,191,5971,53,4.236776033115591,0
GAIL+TD3,191,5971,54,6.886153219174592,0
GAIL+TD3,191,5971,55,2.6640822147185723,0
GAIL+TD3,191,5971,56,19.75376421064689,0
GAIL+TD3,191,5971,57,12.012613357752636,0
GAIL+TD3,191,5971,58,5.247860446524173,0
GAIL+TD3,191,5971,59,2.1829819144631517,0
GAIL+TD3,191,5971,60,7.057376873180987,0
GAIL+TD3,191,5971,61,5.717098605150376,0
GAIL+TD3,191,5971,62,3.1484502363394915,0
GAIL+TD3,191,5971,63,5.4344952205364265,0
GAIL+TD3,191,5971,64,26.010131963629537,0
GAIL+TD3,191,5971,65,2.711320961609046,0
GAIL+TD3,191,5971,66,4.041817155906409,0
GAIL+TD3,191,5971,67,4.9956853167693485,0
GAIL+TD3,191,5971,68,2.41011337211357,0
GAIL+TD3,191,5971,69,3.1964355638344233,0
GAIL+TD3,191,5971,70,8.14442461823595,0
GAIL+TD3,191,5971,71,7.644967382338973,0
GAIL+TD3,191,5971,72,11.124506061410237,0
GAIL+TD3,191,5971,73,6.5557479488433215,0
GAIL+TD3,191,5971,74,2.9709275900360397,0
GAIL+TD3,191,5971,75,2.400403642787901,0
GAIL+TD3,191,5971,76,3.9822601618095086,0
GAIL+TD3,191,5971,77,5.155750592686313,0
GAIL+TD3,191,5971,78,3.923923000287512,0
GAIL+TD3,191,5971,79,10.598613478804408,0
GAIL+TD3,191,5971,80,6.2473517801832665,0
GAIL+TD3,191,5971,81,3.4045834017831815,0
GAIL+TD3,191,5971,82,4.983287741020898,0
GAIL+TD3,191,5971,83,5.215677697650174,0
GAIL+TD3,191,5971,84,6.175882481100118,0
GAIL+TD3,191,5971,85,4.84655148093666,0
GAIL+TD3,191,5971,86,4.327357993006898,0
GAIL+TD3,191,5971,87,2.924684275469255,0
GAIL+TD3,191,5971,88,8.768733456074695,0
GAIL+TD3,191,5971,89,4.8572288767427745,0
GAIL+TD3,191,5971,90,3.1369375646845445,0
GAIL+TD3,191,5971,91,1.504653184127364,0
GAIL+TD3,191,5971,92,2.601846593597971,0
GAIL+TD3,191,5971,93,1.792861145313835,0
GAIL+TD3,191,5971,94,4.294744788539075,0
GAIL+TD3,191,5971,95,14.082125652348452,0
GAIL+TD3,191,5971,96,1.584744822234954,0
GAIL+TD3,191,5971,97,2.33131797918671,0
GAIL+TD3,191,5971,98,2.099489044118233,0
GAIL+TD3,191,5972,5,4.038148475041679,0
GAIL+TD3,191,5972,6,17.912771439087226,0
GAIL+TD3,191,5972,7,5.994688197174121,0
GAIL+TD3,191,5972,8,10.597798899449723,0
GAIL+TD3,191,5972,9,10.207897153351698,0
GAIL+TD3,191,5972,10,10.73005822416303,0
GAIL+TD3,191,5972,11,7.362591222633211,0
GAIL+TD3,191,5972,12,11.215194031251464,0
GAIL+TD3,191,5972,13,5.481623756393379,0
GAIL+TD3,191,5972,14,7.05408139444401,0
GAIL+TD3,191,5972,15,6.50454436476973,0
GAIL+TD3,191,5972,16,3.6224424259106343,0
GAIL+TD3,191,5972,17,6.156602086438152,0
GAIL+TD3,191,5972,18,7.385011671898896,0
GAIL+TD3,191,5972,19,5.277614781780959,0
GAIL+TD3,191,5972,20,5.076523994811932,0
GAIL+TD3,191,5972,21,5.423770283683033,0
GAIL+TD3,191,5972,22,5.275210941377599,0
GAIL+TD3,191,5972,23,5.466226249280281,0
GAIL+TD3,191,5972,24,6.093191883819137,0
GAIL+TD3,191,5972,25,5.092817160527654,0
GAIL+TD3,191,5972,26,4.99744801113595,0
GAIL+TD3,191,5972,27,5.304736109595023,0
GAIL+TD3,191,5972,28,4.618573942223359,0
GAIL+TD3,191,5972,29,5.568003660577746,0
GAIL+TD3,191,5972,30,5.855654701587174,0
GAIL+TD3,191,5972,31,5.358631154375689,0
GAIL+TD3,191,5972,32,5.3245821601209125,0
GAIL+TD3,191,5972,33,5.321175786916841,0
GAIL+TD3,191,5972,34,5.008967144156435,0
GAIL+TD3,191,5972,35,5.540829918590597,0
GAIL+TD3,191,5972,36,5.497187839973726,0
GAIL+TD3,191,5972,37,5.22931524895955,0
GAIL+TD3,191,5972,38,6.1393991937780426,0
GAIL+TD3,191,5972,39,5.338627011089033,0
GAIL+TD3,191,5972,40,5.081909821273289,0
GAIL+TD3,191,5972,41,6.6126567398119125,0
GAIL+TD3,191,5972,42,6.47950254494396,0
GAIL+TD3,191,5972,43,5.839338140612927,0
GAIL+TD3,191,5972,44,7.119161084386099,0
GAIL+TD3,191,5972,45,6.531955524339662,0
GAIL+TD3,191,5972,46,5.488086849166798,0
GAIL+TD3,191,5972,47,4.9318114605569505,0
GAIL+TD3,191,5972,48,4.1473194511525255,0
GAIL+TD3,191,5972,49,3.5714409340690625,0
GAIL+TD3,191,5972,50,4.581836229799733,0
GAIL+TD3,191,5972,51,5.123169991017451,0
GAIL+TD3,191,5972,52,7.005008387883313,0
GAIL+TD3,191,5972,53,9.254457662833438,0
GAIL+TD3,191,5972,54,6.146003117692907,0
GAIL+TD3,191,5972,55,3.0787717349707524,0
GAIL+TD3,191,5972,56,4.036934674879725,0
GAIL+TD3,191,5972,57,10.051512709372481,0
GAIL+TD3,191,5972,58,4.836291945602723,0
GAIL+TD3,191,5972,59,9.065900946051707,0
GAIL+TD3,191,5972,60,4.445695855563625,0
GAIL+TD3,191,5972,61,3.9562723328063583,0
GAIL+TD3,191,5972,62,4.778422958464691,0
GAIL+TD3,191,5972,63,4.461175499187454,0
GAIL+TD3,191,5972,64,17.481867775035717,0
GAIL+TD3,191,5972,65,4.92219543555127,0
GAIL+TD3,191,5972,66,4.194796621651809,0
GAIL+TD3,191,5972,67,2.2972534317938886,0
GAIL+TD3,191,5972,68,7.464641944693043,0
GAIL+TD3,191,5972,69,6.06491407114255,0
GAIL+TD3,191,5972,70,2.950908145237779,0
GAIL+TD3,191,5972,71,8.249449690607813,0
GAIL+TD3,191,5972,72,4.572862052468684,0
GAIL+TD3,191,5972,73,7.509328598938028,0
GAIL+TD3,191,5972,74,8.778295020458213,0
GAIL+TD3,191,5972,75,2.9144081687988366,0
GAIL+TD3,191,5972,76,5.416399143743804,0
GAIL+TD3,191,5972,77,5.304171159992085,0
GAIL+TD3,191,5972,78,2.3618192520085555,0
GAIL+TD3,191,5972,79,3.5738918111790263,0
GAIL+TD3,191,5972,80,5.966164802497915,0
GAIL+TD3,191,5972,81,3.385577956974455,0
GAIL+TD3,191,5972,82,3.4085794816840016,0
GAIL+TD3,191,5972,83,4.076144866950332,0
GAIL+TD3,191,5972,84,8.127492598441734,0
GAIL+TD3,191,5972,85,5.451839028006784,0
GAIL+TD3,191,5972,86,5.73421479293325,0
GAIL+TD3,191,5972,87,5.5150449957809755,0
GAIL+TD3,191,5972,88,3.1492474438697613,0
GAIL+TD3,191,5972,89,2.9354749505765296,0
GAIL+TD3,191,5972,90,6.64863350557181,0
GAIL+TD3,191,5972,91,4.789232993169861,0
GAIL+TD3,191,5972,92,12.310141794632166,0
GAIL+TD3,191,5972,93,2.7403380331027236,0
GAIL+TD3,191,5972,94,2.4234550964733375,0
GAIL+TD3,191,5972,95,1.3319844690676044,0
GAIL+TD3,191,5972,96,1.014601559400804,0
GAIL+TD3,191,5972,97,0.15023290088360367,1
GAIL+TD3,191,5975,5,8.102424301431213,0
GAIL+TD3,191,5975,6,22.265031353744007,0
GAIL+TD3,191,5975,7,13.95558990935282,0
GAIL+TD3,191,5975,8,18.1051491418097,0
GAIL+TD3,191,5975,9,14.252762259466174,0
GAIL+TD3,191,5975,10,6.42728377557221,0
GAIL+TD3,191,5975,11,4.280570825875736,0
GAIL+TD3,191,5975,12,3.006542124772916,0
GAIL+TD3,191,5975,13,6.24420279267809,0
GAIL+TD3,191,5975,14,8.941106853020742,0
GAIL+TD3,191,5975,15,7.092098895318254,0
GAIL+TD3,191,5975,16,5.929003540370536,0
GAIL+TD3,191,5975,17,4.470178750516193,0
GAIL+TD3,191,5975,18,3.52802611040159,0
GAIL+TD3,191,5975,19,5.53108411840658,0
GAIL+TD3,191,5975,20,6.199480134581981,0
GAIL+TD3,191,5975,21,5.91900069337928,0
GAIL+TD3,191,5975,22,5.213262796104727,0
GAIL+TD3,191,5975,23,4.656964628176991,0
GAIL+TD3,191,5975,24,4.174732654680359,0
GAIL+TD3,191,5975,25,5.454234682525233,0
GAIL+TD3,191,5975,26,5.876094507323128,0
GAIL+TD3,191,5975,27,5.72302234459388,0
GAIL+TD3,191,5975,28,5.404515579050376,0
GAIL+TD3,191,5975,29,5.112143874488761,0
GAIL+TD3,191,5975,30,4.6031398607416385,0
GAIL+TD3,191,5975,31,5.477726642239202,0
GAIL+TD3,191,5975,32,5.707669227898902,0
GAIL+TD3,191,5975,33,5.791022007651543,0
GAIL+TD3,191,5975,34,5.613913643033873,0
GAIL+TD3,191,5975,35,6.435705865536879,0
GAIL+TD3,191,5975,36,5.463711163549859,0
GAIL+TD3,191,5975,37,6.013066692320642,0
GAIL+TD3,191,5975,38,6.201143171275175,0
GAIL+TD3,191,5975,39,6.087093063856881,0
GAIL+TD3,191,5975,40,6.308944327893128,0
GAIL+TD3,191,5975,41,5.598421724234656,0
GAIL+TD3,191,5975,42,5.787353843277167,0
GAIL+TD3,191,5975,43,6.115180205290145,0
GAIL+TD3,191,5975,44,5.900370460968976,0
GAIL+TD3,191,5975,45,4.649530096148694,0
GAIL+TD3,191,5975,46,4.579625478310928,0
GAIL+TD3,191,5975,47,3.5807901281357704,0
GAIL+TD3,191,5975,48,2.8720006141650343,0
GAIL+TD3,191,5975,49,7.125542843050002,0
GAIL+TD3,191,5975,50,7.582454104475953,0
GAIL+TD3,191,5975,51,8.766524699090466,0
GAIL+TD3,191,5975,52,4.769997336848092,0
GAIL+TD3,191,5975,53,7.589490106181446,0
GAIL+TD3,191,5975,54,2.9436315091938887,0
GAIL+TD3,191,5975,55,5.883581402301259,0
GAIL+TD3,191,5975,56,3.2498730645836233,0
GAIL+TD3,191,5975,57,5.787695509233879,0
GAIL+TD3,191,5975,58,8.889207107514563,0
GAIL+TD3,191,5975,59,5.150836680363984,0
GAIL+TD3,191,5975,60,5.496580382997104,0
GAIL+TD3,191,5975,61,6.79042318943581,0
GAIL+TD3,191,5975,62,2.695571899112362,0
GAIL+TD3,191,5975,63,2.626271750459392,0
GAIL+TD3,191,5975,64,4.0171853685056655,0
GAIL+TD3,191,5975,65,5.57095591718348,0
GAIL+TD3,191,5975,66,4.444970293395479,0
GAIL+TD3,191,5975,67,11.227037887485649,0
GAIL+TD3,191,5975,68,6.564084326891656,0
GAIL+TD3,191,5975,69,9.204095002199127,0
GAIL+TD3,191,5975,70,3.0526733413746006,0
GAIL+TD3,191,5975,71,2.5649479882894606,0
GAIL+TD3,191,5975,72,5.523704628638223,0
GAIL+TD3,191,5975,73,4.4757343924537665,0
GAIL+TD3,191,5975,74,16.153703292820218,0
GAIL+TD3,191,5975,75,8.877428518763486,0
GAIL+TD3,191,5975,76,3.245834321681686,0
GAIL+TD3,191,5975,77,3.649423528307201,0
GAIL+TD3,191,5975,78,2.2372467704967964,0
GAIL+TD3,191,5975,79,6.084344920813609,0
GAIL+TD3,191,5975,80,5.6508786950842875,0
GAIL+TD3,191,5975,81,2.4802707504416746,0
GAIL+TD3,191,5975,82,5.66013690002213,0
GAIL+TD3,191,5975,83,3.7698398134954703,0
GAIL+TD3,191,5975,84,5.147432974942154,0
GAIL+TD3,191,5975,85,10.752969631537713,0
GAIL+TD3,191,5975,86,4.490999397655795,0
GAIL+TD3,191,5975,87,3.364664413066744,0
GAIL+TD3,191,5975,88,5.993305630245254,0
GAIL+TD3,191,5975,89,2.7132966037919233,0
GAIL+TD3,191,5975,90,3.0419102094564012,0
GAIL+TD3,191,5975,91,7.625416360864902,0
GAIL+TD3,191,5975,92,3.6420076089565434,0
GAIL+TD3,191,5975,93,3.6299229474992765,0
GAIL+TD3,191,5975,94,3.8352309136218006,0
GAIL+TD3,191,5975,95,2.703597344027668,0
GAIL+TD3,191,5975,96,6.159879040496914,0
GAIL+TD3,191,5975,97,6.2967074437636485,0
GAIL+TD3,191,5975,98,6.713274060601676,0
GAIL+TD3,191,5977,5,7.099073622623112,0
GAIL+TD3,191,5977,6,19.282875185735517,0
GAIL+TD3,191,5977,7,23.507019438444917,0
GAIL+TD3,191,5977,8,24.110579115367077,0
GAIL+TD3,191,5977,9,9.987796790025202,0
GAIL+TD3,191,5977,10,6.935842935451394,0
GAIL+TD3,191,5977,11,4.907656501979182,0
GAIL+TD3,191,5977,12,3.306952972172281,0
GAIL+TD3,191,5977,13,5.203681761200694,0
GAIL+TD3,191,5977,14,9.655751288976186,0
GAIL+TD3,191,5977,15,6.905086425872002,0
GAIL+TD3,191,5977,16,6.671006912695221,0
GAIL+TD3,191,5977,17,5.4546720820641,0
GAIL+TD3,191,5977,18,4.1065877323387365,0
GAIL+TD3,191,5977,19,5.343684348739496,0
GAIL+TD3,191,5977,20,6.485876493771464,0
GAIL+TD3,191,5977,21,5.844458797567145,0
GAIL+TD3,191,5977,22,5.42364496246471,0
GAIL+TD3,191,5977,23,4.765665930831495,0
GAIL+TD3,191,5977,24,4.325956004292265,0
GAIL+TD3,191,5977,25,5.167877555615899,0
GAIL+TD3,191,5977,26,5.884616186392979,0
GAIL+TD3,191,5977,27,5.377493024072246,0
GAIL+TD3,191,5977,28,5.291718597411286,0
GAIL+TD3,191,5977,29,5.010261539601393,0
GAIL+TD3,191,5977,30,4.739412165810705,0
GAIL+TD3,191,5977,31,5.198971014199192,0
GAIL+TD3,191,5977,32,6.499997604962517,0
GAIL+TD3,191,5977,33,5.581228683676553,0
GAIL+TD3,191,5977,34,5.615533664943593,0
GAIL+TD3,191,5977,35,5.45548964416492,0
GAIL+TD3,191,5977,36,5.740518020891697,0
GAIL+TD3,191,5977,37,6.897772735594511,0
GAIL+TD3,191,5977,38,6.2103742481781055,0
GAIL+TD3,191,5977,39,6.036982820228817,0
GAIL+TD3,191,5977,40,5.865565155042883,0
GAIL+TD3,191,5977,41,5.516428676866822,0
GAIL+TD3,191,5977,42,5.699857686526593,0
GAIL+TD3,191,5977,43,6.043219141932315,0
GAIL+TD3,191,5977,44,5.6074582269443,0
GAIL+TD3,191,5977,45,5.673971011999485,0
GAIL+TD3,191,5977,46,5.587654422822836,0
GAIL+TD3,191,5977,47,3.6522121880056075,0
GAIL+TD3,191,5977,48,4.723889517105983,0
GAIL+TD3,191,5977,49,11.46170632410613,0
GAIL+TD3,191,5977,50,5.526815078758607,0
GAIL+TD3,191,5977,51,4.6271836728155264,0
GAIL+TD3,191,5977,52,3.829425301395455,0
GAIL+TD3,191,5977,53,1.4629098174412818,0
GAIL+TD3,191,5977,54,4.4019133759888245,0
GAIL+TD3,191,5977,55,3.8833581577989724,0
GAIL+TD3,191,5977,56,9.362581659584821,0
GAIL+TD3,191,5977,57,47.797986239301885,0
GAIL+TD3,191,5977,58,5.377712521849811,0
GAIL+TD3,191,5977,59,14.902139344654714,0
GAIL+TD3,191,5977,60,4.6893829025316,0
GAIL+TD3,191,5977,61,3.2400982991312013,0
GAIL+TD3,191,5977,62,5.299860320393065,0
GAIL+TD3,191,5977,63,2.40278078904737,0
GAIL+TD3,191,5977,64,4.970485881193072,0
GAIL+TD3,191,5977,65,13.07988188105034,0
GAIL+TD3,191,5977,66,9.75715916615293,0
GAIL+TD3,191,5977,67,5.36660106716415,0
GAIL+TD3,191,5977,68,3.1923685739238965,0
GAIL+TD3,191,5977,69,2.094956875911728,0
GAIL+TD3,191,5977,70,2.340487338524974,0
GAIL+TD3,191,5977,71,9.474991180347958,0
GAIL+TD3,191,5977,72,27.501772734645957,0
GAIL+TD3,191,5977,73,5.407210404794655,0
GAIL+TD3,191,5977,74,3.912824690932194,0
GAIL+TD3,191,5977,75,5.644977427543804,0
GAIL+TD3,191,5977,76,3.768200445066553,0
GAIL+TD3,191,5977,77,2.756215895237367,0
GAIL+TD3,191,5977,78,3.063732209073219,0
GAIL+TD3,191,5977,79,6.603357596562222,0
GAIL+TD3,191,5977,80,4.032149324448815,0
GAIL+TD3,191,5977,81,5.17920100186627,0
GAIL+TD3,191,5977,82,5.8370176614784075,0
GAIL+TD3,191,5977,83,5.872118751851143,0
GAIL+TD3,191,5977,84,5.927295423107724,0
GAIL+TD3,191,5977,85,2.5303182981875163,0
GAIL+TD3,191,5977,86,2.064227817671896,0
GAIL+TD3,191,5977,87,1.841970961007402,0
GAIL+TD3,191,5977,88,5.4209514887279475,0
GAIL+TD3,191,5977,89,4.895594283987455,0
GAIL+TD3,191,5977,90,4.954403817875089,0
GAIL+TD3,191,5977,91,3.542276314487248,0
GAIL+TD3,191,5977,92,6.404000955859761,0
GAIL+TD3,191,5977,93,3.5089790417052105,0
GAIL+TD3,191,5977,94,2.2224723785378697,0
GAIL+TD3,191,5977,95,3.5690827037593786,0
GAIL+TD3,191,5977,96,2.6246899444094125,0
GAIL+TD3,191,5977,97,2.9842719641753264,0
GAIL+TD3,191,5977,98,2.9255005156806178,0
GAIL+TD3,191,5978,5,8.719366436692257,0
GAIL+TD3,191,5978,6,50.37356321839081,0
GAIL+TD3,191,5978,7,39.72863008585293,0
GAIL+TD3,191,5978,8,12.992348713192674,0
GAIL+TD3,191,5978,9,9.099489795918368,0
GAIL+TD3,191,5978,10,5.584158192599942,0
GAIL+TD3,191,5978,11,3.3264563717838986,0
GAIL+TD3,191,5978,12,4.169405673120216,0
GAIL+TD3,191,5978,13,9.467483231262758,0
GAIL+TD3,191,5978,14,7.150959186301017,0
GAIL+TD3,191,5978,15,6.7653686856812145,0
GAIL+TD3,191,5978,16,5.176964321507317,0
GAIL+TD3,191,5978,17,4.201869123801302,0
GAIL+TD3,191,5978,18,6.345914558274576,0
GAIL+TD3,191,5978,19,6.8554720244827365,0
GAIL+TD3,191,5978,20,6.564090222197348,0
GAIL+TD3,191,5978,21,6.175407850820625,0
GAIL+TD3,191,5978,22,5.318964086104809,0
GAIL+TD3,191,5978,23,5.205501368737018,0
GAIL+TD3,191,5978,24,5.247699844664835,0
GAIL+TD3,191,5978,25,4.917540580659507,0
GAIL+TD3,191,5978,26,5.775981700828942,0
GAIL+TD3,191,5978,27,5.6337376480522146,0
GAIL+TD3,191,5978,28,5.303337271404719,0
GAIL+TD3,191,5978,29,5.332236158896144,0
GAIL+TD3,191,5978,30,6.126980799466388,0
GAIL+TD3,191,5978,31,5.411845119615427,0
GAIL+TD3,191,5978,32,5.885935980143334,0
GAIL+TD3,191,5978,33,5.898058383882148,0
GAIL+TD3,191,5978,34,5.705895384762772,0
GAIL+TD3,191,5978,35,5.798442923321579,0
GAIL+TD3,191,5978,36,5.806215240387661,0
GAIL+TD3,191,5978,37,5.67442200726918,0
GAIL+TD3,191,5978,38,5.877974397758353,0
GAIL+TD3,191,5978,39,5.94996950355044,0
GAIL+TD3,191,5978,40,5.756031560866729,0
GAIL+TD3,191,5978,41,6.030737103529703,0
GAIL+TD3,191,5978,42,6.531427446206721,0
GAIL+TD3,191,5978,43,6.7137034855838715,0
GAIL+TD3,191,5978,44,5.4085758753187445,0
GAIL+TD3,191,5978,45,4.963954229696052,0
GAIL+TD3,191,5978,46,3.415174917070814,0
GAIL+TD3,191,5978,47,3.9879494550046526,0
GAIL+TD3,191,5978,48,2.318263947429076,0
GAIL+TD3,191,5978,49,7.196512131956562,0
GAIL+TD3,191,5978,50,5.6717160082153475,0
GAIL+TD3,191,5978,51,7.4432839492157195,0
GAIL+TD3,191,5978,52,5.998096416504069,0
GAIL+TD3,191,5978,53,6.125407556007891,0
GAIL+TD3,191,5978,54,4.460735458242311,0
GAIL+TD3,191,5978,55,5.641811609232867,0
GAIL+TD3,191,5978,56,5.080876849756727,0
GAIL+TD3,191,5978,57,4.235228468747527,0
GAIL+TD3,191,5978,58,1.9999827027206547,0
GAIL+TD3,191,5978,59,3.0421983024351578,0
GAIL+TD3,191,5978,60,4.60355239786856,0
GAIL+TD3,191,5978,61,1.7301613379051335,0
GAIL+TD3,191,5978,62,5.427400369042822,0
GAIL+TD3,191,5978,63,12.531467205216002,0
GAIL+TD3,191,5978,64,4.755938977307267,0
GAIL+TD3,191,5978,65,8.756949180565028,0
GAIL+TD3,191,5978,66,7.601672343156128,0
GAIL+TD3,191,5978,67,5.118281227982953,0
GAIL+TD3,191,5978,68,3.401285890923565,0
GAIL+TD3,191,5978,69,2.252775322339745,0
GAIL+TD3,191,5978,70,4.8294695751149135,0
GAIL+TD3,191,5978,71,2.787137692448005,0
GAIL+TD3,191,5978,72,4.061125197671422,0
GAIL+TD3,191,5978,73,2.5006185285927858,0
GAIL+TD3,191,5978,74,5.18156581395017,0
GAIL+TD3,191,5978,75,5.2636746573391004,0
GAIL+TD3,191,5978,76,4.972489247626815,0
GAIL+TD3,191,5978,77,7.613585564272081,0
GAIL+TD3,191,5978,78,3.4583843810086243,0
GAIL+TD3,191,5978,79,7.375827846931614,0
GAIL+TD3,191,5978,80,7.38952095243486,0
GAIL+TD3,191,5978,81,3.4585147603480872,0
GAIL+TD3,191,5978,82,2.5605861376813124,0
GAIL+TD3,191,5978,83,9.35588997824597,0
GAIL+TD3,191,5978,84,2.72450440096767,0
GAIL+TD3,191,5978,85,2.6401480454646356,0
GAIL+TD3,191,5978,86,2.8688038147864106,0
GAIL+TD3,191,5978,87,3.83910549705554,0
GAIL+TD3,191,5978,88,2.8634305746635564,0
GAIL+TD3,191,5978,89,2.285785833114438,0
GAIL+TD3,191,5978,90,2.451447489918583,0
GAIL+TD3,191,5978,91,3.0209147514131924,0
GAIL+TD3,191,5978,92,3.0470975983648443,0
GAIL+TD3,191,5978,93,3.6868633103654322,0
GAIL+TD3,191,5978,94,3.3353801870952267,0
GAIL+TD3,191,5978,95,3.986739036315061,0
GAIL+TD3,191,5978,96,2.5958897318734375,0
GAIL+TD3,191,5978,97,4.508087628840317,0
GAIL+TD3,191,5978,98,2.941047314933598,0
GAIL+TD3,191,5979,5,5.800724992652101,0
GAIL+TD3,191,5979,6,31.599714591509095,0
GAIL+TD3,191,5979,7,10.287093130711574,0
GAIL+TD3,191,5979,8,12.863752938662108,0
GAIL+TD3,191,5979,9,13.261723481571206,0
GAIL+TD3,191,5979,10,7.764964204000297,0
GAIL+TD3,191,5979,11,4.675488291236323,0
GAIL+TD3,191,5979,12,8.911090775988287,0
GAIL+TD3,191,5979,13,6.337495599108087,0
GAIL+TD3,191,5979,14,5.230176547710985,0
GAIL+TD3,191,5979,15,4.018095717142472,0
GAIL+TD3,191,5979,16,6.313320459900438,0
GAIL+TD3,191,5979,17,5.528943138993571,0
GAIL+TD3,191,5979,18,7.4434561626429465,0
GAIL+TD3,191,5979,19,6.142062911485004,0
GAIL+TD3,191,5979,20,5.630917333631835,0
GAIL+TD3,191,5979,21,5.064098270134243,0
GAIL+TD3,191,5979,22,5.615217743532503,0
GAIL+TD3,191,5979,23,5.299420360845784,0
GAIL+TD3,191,5979,24,6.2453835733637515,0
GAIL+TD3,191,5979,25,5.629868458895297,0
GAIL+TD3,191,5979,26,5.33257483049446,0
GAIL+TD3,191,5979,27,4.86900639280683,0
GAIL+TD3,191,5979,28,6.012979958075565,0
GAIL+TD3,191,5979,29,5.314539863937308,0
GAIL+TD3,191,5979,30,5.877425129792077,0
GAIL+TD3,191,5979,31,5.71191055811018,0
GAIL+TD3,191,5979,32,5.58542451954509,0
GAIL+TD3,191,5979,33,5.399147500222005,0
GAIL+TD3,191,5979,34,5.680725291563803,0
GAIL+TD3,191,5979,35,5.729978709721728,0
GAIL+TD3,191,5979,36,6.085921127833872,0
GAIL+TD3,191,5979,37,6.070825435588394,0
GAIL+TD3,191,5979,38,5.845077403350611,0
GAIL+TD3,191,5979,39,5.821162302086842,0
GAIL+TD3,191,5979,40,5.866047750896843,0
GAIL+TD3,191,5979,41,5.953997899833177,0
GAIL+TD3,191,5979,42,6.163155216841828,0
GAIL+TD3,191,5979,43,6.891932875803844,0
GAIL+TD3,191,5979,44,5.187447223026443,0
GAIL+TD3,191,5979,45,4.463429655720541,0
GAIL+TD3,191,5979,46,3.448271418317154,0
GAIL+TD3,191,5979,47,2.685262730520984,0
GAIL+TD3,191,5979,48,2.172569344144459,0
GAIL+TD3,191,5979,49,5.321299804799634,0
GAIL+TD3,191,5979,50,3.014876436710135,0
GAIL+TD3,191,5979,51,4.8090709008017605,0
GAIL+TD3,191,5979,52,3.7200060812608475,0
GAIL+TD3,191,5979,53,3.243752843265808,0
GAIL+TD3,191,5979,54,4.084741815622509,0
GAIL+TD3,191,5979,55,5.82857610674059,0
GAIL+TD3,191,5979,56,2.394224256213419,0
GAIL+TD3,191,5979,57,9.220640569395018,0
GAIL+TD3,191,5979,58,4.055560557509597,0
GAIL+TD3,191,5979,59,8.588082950409534,0
GAIL+TD3,191,5979,60,12.104695985518049,0
GAIL+TD3,191,5979,61,11.095087578275919,0
GAIL+TD3,191,5979,62,4.833176088131041,0
GAIL+TD3,191,5979,63,3.567440850303313,0
GAIL+TD3,191,5979,64,6.123094424217814,0
GAIL+TD3,191,5979,65,2.659438526107302,0
GAIL+TD3,191,5979,66,4.402869207512921,0
GAIL+TD3,191,5979,67,9.993511227048215,0
GAIL+TD3,191,5979,68,3.2998587974981453,0
GAIL+TD3,191,5979,69,2.674502479883106,0
GAIL+TD3,191,5979,70,5.632648717084926,0
GAIL+TD3,191,5979,71,8.821482305053085,0
GAIL+TD3,191,5979,72,5.294945012444088,0
GAIL+TD3,191,5979,73,5.908970527656069,0
GAIL+TD3,191,5979,74,2.7410653136350844,0
GAIL+TD3,191,5979,75,4.410778042008863,0
GAIL+TD3,191,5979,76,3.6773637015443543,0
GAIL+TD3,191,5979,77,2.8631660046516667,0
GAIL+TD3,191,5979,78,7.481057475810017,0
GAIL+TD3,191,5979,79,13.755276759007748,0
GAIL+TD3,191,5979,80,3.752112999172596,0
GAIL+TD3,191,5979,81,7.919793865825315,0
GAIL+TD3,191,5979,82,2.5904751601121014,0
GAIL+TD3,191,5979,83,2.528103928139631,0
GAIL+TD3,191,5979,84,7.118834591538579,0
GAIL+TD3,191,5979,85,4.035644159989307,0
GAIL+TD3,191,5979,86,8.48948554495879,0
GAIL+TD3,191,5979,87,5.139364549421275,0
GAIL+TD3,191,5979,88,2.3113375639040035,0
GAIL+TD3,191,5979,89,3.181457025078051,0
GAIL+TD3,191,5979,90,3.7838405159385538,0
GAIL+TD3,191,5979,91,1.3537496604132861,0
GAIL+TD3,191,5979,92,1.728880652436075,0
GAIL+TD3,191,5979,93,1.0731240409654572,0
GAIL+TD3,191,5979,94,0.171800046828347,1
GAIL+TD3,191,5982,5,7.506285937043171,0
GAIL+TD3,191,5982,6,30.252326783867634,0
GAIL+TD3,191,5982,7,10.192628071636818,0
GAIL+TD3,191,5982,8,16.42615791288358,0
GAIL+TD3,191,5982,9,8.94750085295121,0
GAIL+TD3,191,5982,10,6.096127839262552,0
GAIL+TD3,191,5982,11,6.921801159161836,0
GAIL+TD3,191,5982,12,9.10444108543871,0
GAIL+TD3,191,5982,13,4.057439396138771,0
GAIL+TD3,191,5982,14,3.432768663615,0
GAIL+TD3,191,5982,15,6.616928446771378,0
GAIL+TD3,191,5982,16,5.646580202112251,0
GAIL+TD3,191,5982,17,5.963977468166685,0
GAIL+TD3,191,5982,18,7.11525044648073,0
GAIL+TD3,191,5982,19,4.717128252231386,0
GAIL+TD3,191,5982,20,4.289243730241468,0
GAIL+TD3,191,5982,21,5.8137996425301885,0
GAIL+TD3,191,5982,22,5.4501883891541,0
GAIL+TD3,191,5982,23,5.542817996994608,0
GAIL+TD3,191,5982,24,6.259882022162192,0
GAIL+TD3,191,5982,25,4.740727593136104,0
GAIL+TD3,191,5982,26,4.33988300256957,0
GAIL+TD3,191,5982,27,5.494798386335458,0
GAIL+TD3,191,5982,28,5.282724486345976,0
GAIL+TD3,191,5982,29,5.440234116673001,0
GAIL+TD3,191,5982,30,5.6518269634607305,0
GAIL+TD3,191,5982,31,5.561275719615613,0
GAIL+TD3,191,5982,32,5.016249223763196,0
GAIL+TD3,191,5982,33,5.814745794928944,0
GAIL+TD3,191,5982,34,5.643174873063318,0
GAIL+TD3,191,5982,35,5.775136484167836,0
GAIL+TD3,191,5982,36,5.7027997757376125,0
GAIL+TD3,191,5982,37,5.18651030228937,0
GAIL+TD3,191,5982,38,5.245648606508567,0
GAIL+TD3,191,5982,39,5.9780731989908595,0
GAIL+TD3,191,5982,40,6.1184501204400945,0
GAIL+TD3,191,5982,41,6.53433982282107,0
GAIL+TD3,191,5982,42,7.000633174465408,0
GAIL+TD3,191,5982,43,6.011479036958382,0
GAIL+TD3,191,5982,44,6.133074654174357,0
GAIL+TD3,191,5982,45,5.253745142412086,0
GAIL+TD3,191,5982,46,4.445431218577989,0
GAIL+TD3,191,5982,47,4.420671556549894,0
GAIL+TD3,191,5982,48,2.64077332983736,0
GAIL+TD3,191,5982,49,3.4983859961843216,0
GAIL+TD3,191,5982,50,3.029553224260723,0
GAIL+TD3,191,5982,51,5.948895015834266,0
GAIL+TD3,191,5982,52,23.02720097787704,0
GAIL+TD3,191,5982,53,7.318631456032878,0
GAIL+TD3,191,5982,54,4.9197129255901,0
GAIL+TD3,191,5982,55,5.641026174491273,0
GAIL+TD3,191,5982,56,6.648517307919505,0
GAIL+TD3,191,5982,57,3.2736105012866994,0
GAIL+TD3,191,5982,58,2.7350406626249355,0
GAIL+TD3,191,5982,59,12.508446671438797,0
GAIL+TD3,191,5982,60,9.038195109215907,0
GAIL+TD3,191,5982,61,8.694054062671885,0
GAIL+TD3,191,5982,62,2.5348843952746307,0
GAIL+TD3,191,5982,63,6.857737677512214,0
GAIL+TD3,191,5982,64,2.578186000512571,0
GAIL+TD3,191,5982,65,2.839632028517063,0
GAIL+TD3,191,5982,66,3.297478709688425,0
GAIL+TD3,191,5982,67,8.178591166707003,0
GAIL+TD3,191,5982,68,4.098276406837499,0
GAIL+TD3,191,5982,69,3.9165475313512705,0
GAIL+TD3,191,5982,70,4.43971390907984,0
GAIL+TD3,191,5982,71,7.553098678452023,0
GAIL+TD3,191,5982,72,7.509917853356419,0
GAIL+TD3,191,5982,73,8.02892666021999,0
GAIL+TD3,191,5982,74,6.557878218416413,0
GAIL+TD3,191,5982,75,3.3278413930905715,0
GAIL+TD3,191,5982,76,2.6704028082207594,0
GAIL+TD3,191,5982,77,3.1218065749049058,0
GAIL+TD3,191,5982,78,4.605387545258533,0
GAIL+TD3,191,5982,79,8.958521838621978,0
GAIL+TD3,191,5982,80,5.8831098702360425,0
GAIL+TD3,191,5982,81,3.719289688899541,0
GAIL+TD3,191,5982,82,2.7469463727037686,0
GAIL+TD3,191,5982,83,4.1373183573342,0
GAIL+TD3,191,5982,84,7.901834964055009,0
GAIL+TD3,191,5982,85,4.571514406421724,0
GAIL+TD3,191,5982,86,4.678561362485712,0
GAIL+TD3,191,5982,87,4.01232179962586,0
GAIL+TD3,191,5982,88,4.0922406755674245,0
GAIL+TD3,191,5982,89,2.3036505315956743,0
GAIL+TD3,191,5982,90,11.950881024955581,0
GAIL+TD3,191,5982,91,13.095775465115414,0
GAIL+TD3,191,5982,92,3.9819458800333285,0
GAIL+TD3,191,5982,93,2.366909385113269,0
GAIL+TD3,191,5982,94,10.86353738714082,0
GAIL+TD3,191,5982,95,3.3023066350015964,0
GAIL+TD3,191,5982,96,2.6673243267971114,0
GAIL+TD3,191,5982,97,12.503586226991061,0
GAIL+TD3,191,5982,98,9.85883518143666,0
GAIL+TD3,191,5983,5,5.814607843137254,0
GAIL+TD3,191,5983,6,22.674044983934312,0
GAIL+TD3,191,5983,7,9.094107672742686,0
GAIL+TD3,191,5983,8,15.258195768425946,0
GAIL+TD3,191,5983,9,18.394732158747107,0
GAIL+TD3,191,5983,10,7.359625892527908,0
GAIL+TD3,191,5983,11,9.642845501955673,0
GAIL+TD3,191,5983,12,6.546738880515034,0
GAIL+TD3,191,5983,13,4.137558051545322,0
GAIL+TD3,191,5983,14,3.0225019979864447,0
GAIL+TD3,191,5983,15,7.750735506201327,0
GAIL+TD3,191,5983,16,6.137974893546424,0
GAIL+TD3,191,5983,17,7.89756178060151,0
GAIL+TD3,191,5983,18,6.654895666131622,0
GAIL+TD3,191,5983,19,5.191586815721765,0
GAIL+TD3,191,5983,20,5.59786853776395,0
GAIL+TD3,191,5983,21,4.93220664665837,0
GAIL+TD3,191,5983,22,5.891079596064735,0
GAIL+TD3,191,5983,23,6.356789750290077,0
GAIL+TD3,191,5983,24,5.927352670954193,0
GAIL+TD3,191,5983,25,4.981930553552938,0
GAIL+TD3,191,5983,26,5.375137055971678,0
GAIL+TD3,191,5983,27,4.947216676486909,0
GAIL+TD3,191,5983,28,5.581280437106545,0
GAIL+TD3,191,5983,29,5.840528714884672,0
GAIL+TD3,191,5983,30,5.987249321119712,0
GAIL+TD3,191,5983,31,5.227379124613021,0
GAIL+TD3,191,5983,32,5.336443959906274,0
GAIL+TD3,191,5983,33,5.271847720923153,0
GAIL+TD3,191,5983,34,5.56863493104776,0
GAIL+TD3,191,5983,35,5.8354734001207635,0
GAIL+TD3,191,5983,36,5.4879286156570535,0
GAIL+TD3,191,5983,37,6.253734246267272,0
GAIL+TD3,191,5983,38,5.718807704433202,0
GAIL+TD3,191,5983,39,6.12696264278494,0
GAIL+TD3,191,5983,40,6.02280080343837,0
GAIL+TD3,191,5983,41,7.228108789039003,0
GAIL+TD3,191,5983,42,6.243643266517325,0
GAIL+TD3,191,5983,43,5.691011336978823,0
GAIL+TD3,191,5983,44,5.770969415318124,0
GAIL+TD3,191,5983,45,5.1274271708840224,0
GAIL+TD3,191,5983,46,4.366538322482576,0
GAIL+TD3,191,5983,47,3.8800609474604406,0
GAIL+TD3,191,5983,48,4.973017064339737,0
GAIL+TD3,191,5983,49,4.597939470704171,0
GAIL+TD3,191,5983,50,7.116848500818381,0
GAIL+TD3,191,5983,51,12.313582586442319,0
GAIL+TD3,191,5983,52,6.697376586389136,0
GAIL+TD3,191,5983,53,5.680946165337323,0
GAIL+TD3,191,5983,54,2.4375683949244284,0
GAIL+TD3,191,5983,55,3.2954939332455244,0
GAIL+TD3,191,5983,56,4.802565440189542,0
GAIL+TD3,191,5983,57,11.068499451579802,0
GAIL+TD3,191,5983,58,15.90015907600214,0
GAIL+TD3,191,5983,59,4.049895120493668,0
GAIL+TD3,191,5983,60,5.369800894316697,0
GAIL+TD3,191,5983,61,3.2850553608562896,0
GAIL+TD3,191,5983,62,5.95646971271101,0
GAIL+TD3,191,5983,63,3.7053541014800877,0
GAIL+TD3,191,5983,64,8.068846066883669,0
GAIL+TD3,191,5983,65,5.465307833288557,0
GAIL+TD3,191,5983,66,3.958636962717742,0
GAIL+TD3,191,5983,67,4.464528009499179,0
GAIL+TD3,191,5983,68,5.274756432773871,0
GAIL+TD3,191,5983,69,4.653170801783296,0
GAIL+TD3,191,5983,70,6.41186128863426,0
GAIL+TD3,191,5983,71,2.4048646631561885,0
GAIL+TD3,191,5983,72,4.012658524317193,0
GAIL+TD3,191,5983,73,5.162438094505181,0
GAIL+TD3,191,5983,74,6.68245512995654,0
GAIL+TD3,191,5983,75,6.3316944557408155,0
GAIL+TD3,191,5983,76,5.87209758695408,0
GAIL+TD3,191,5983,77,2.744319966118591,0
GAIL+TD3,191,5983,78,4.775604578736625,0
GAIL+TD3,191,5983,79,2.9063272917620893,0
GAIL+TD3,191,5983,80,1.4493738799061173,0
GAIL+TD3,191,5983,81,2.028550922615554,0
GAIL+TD3,191,5983,82,8.038898531882966,0
GAIL+TD3,191,5983,83,12.147199973104946,0
GAIL+TD3,191,5983,84,4.064793892313246,0
GAIL+TD3,191,5983,85,2.037103529562542,0
GAIL+TD3,191,5983,86,1.85244539875245,0
GAIL+TD3,191,5983,87,2.3101593835354217,0
GAIL+TD3,191,5983,88,2.070273504345024,0
GAIL+TD3,191,5983,89,2.0097092815131674,0
GAIL+TD3,191,5983,90,1.586379487775057,0
GAIL+TD3,191,5983,91,1.4382700979984495,0
GAIL+TD3,191,5983,92,0.7423908632384486,1
GAIL+TD3,191,5985,5,4.608827856792545,0
GAIL+TD3,191,5985,6,22.150862068965516,0
GAIL+TD3,191,5985,7,22.01909163987138,0
GAIL+TD3,191,5985,8,23.298057442497917,0
GAIL+TD3,191,5985,9,14.053740438221189,0
GAIL+TD3,191,5985,10,9.506797522323222,0
GAIL+TD3,191,5985,11,6.659380838003738,0
GAIL+TD3,191,5985,12,4.494847091208165,0
GAIL+TD3,191,5985,13,2.8962926468776944,0
GAIL+TD3,191,5985,14,7.347037484885129,0
GAIL+TD3,191,5985,15,7.090113755767737,0
GAIL+TD3,191,5985,16,7.805321402325681,0
GAIL+TD3,191,5985,17,6.025298178591305,0
GAIL+TD3,191,5985,18,4.947473863584028,0
GAIL+TD3,191,5985,19,5.2042735719863735,0
GAIL+TD3,191,5985,20,4.917665768249739,0
GAIL+TD3,191,5985,21,5.8716403139830415,0
GAIL+TD3,191,5985,22,5.765119237525997,0
GAIL+TD3,191,5985,23,5.382646476813215,0
GAIL+TD3,191,5985,24,4.831685822943788,0
GAIL+TD3,191,5985,25,4.999451794703802,0
GAIL+TD3,191,5985,26,4.803156642620001,0
GAIL+TD3,191,5985,27,5.686874340564605,0
GAIL+TD3,191,5985,28,5.68104530145518,0
GAIL+TD3,191,5985,29,5.484950367410081,0
GAIL+TD3,191,5985,30,5.205357540754209,0
GAIL+TD3,191,5985,31,5.3302650849749025,0
GAIL+TD3,191,5985,32,5.319600879418231,0
GAIL+TD3,191,5985,33,5.621815035876498,0
GAIL+TD3,191,5985,34,5.709069325900806,0
GAIL+TD3,191,5985,35,5.690065857063005,0
GAIL+TD3,191,5985,36,5.264370496855609,0
GAIL+TD3,191,5985,37,5.687851139028433,0
GAIL+TD3,191,5985,38,6.4365165959975155,0
GAIL+TD3,191,5985,39,6.080698181420556,0
GAIL+TD3,191,5985,40,5.92789243133482,0
GAIL+TD3,191,5985,41,7.098702170239791,0
GAIL+TD3,191,5985,42,5.043773330804528,0
GAIL+TD3,191,5985,43,5.664773735893095,0
GAIL+TD3,191,5985,44,4.930770884803912,0
GAIL+TD3,191,5985,45,6.481645514083553,0
GAIL+TD3,191,5985,46,7.327279807239405,0
GAIL+TD3,191,5985,47,4.08652835478581,0
GAIL+TD3,191,5985,48,7.195386762745996,0
GAIL+TD3,191,5985,49,4.791426732606193,0
GAIL+TD3,191,5985,50,2.655671525908503,0
GAIL+TD3,191,5985,51,3.9692032719991346,0
GAIL+TD3,191,5985,52,32.69050906337684,0
GAIL+TD3,191,5985,53,8.583106109922813,0
GAIL+TD3,191,5985,54,5.8575103574123775,0
GAIL+TD3,191,5985,55,4.42815100922865,0
GAIL+TD3,191,5985,56,2.815662165525134,0
GAIL+TD3,191,5985,57,1.3549242007821105,0
GAIL+TD3,191,5985,58,2.228081323163064,0
GAIL+TD3,191,5985,59,4.528720042410515,0
GAIL+TD3,191,5985,60,2.9346775458503136,0
GAIL+TD3,191,5985,61,1.6931293602444268,0
GAIL+TD3,191,5985,62,5.294220235986594,0
GAIL+TD3,191,5985,63,3.939079209870623,0
GAIL+TD3,191,5985,64,6.7579994435169715,0
GAIL+TD3,191,5985,65,4.652365290249429,0
GAIL+TD3,191,5985,66,3.4663755711592774,0
GAIL+TD3,191,5985,67,10.004760906439992,0
GAIL+TD3,191,5985,68,9.235152223743519,0
GAIL+TD3,191,5985,69,6.668811094845697,0
GAIL+TD3,191,5985,70,3.760481723050789,0
GAIL+TD3,191,5985,71,7.322989739130747,0
GAIL+TD3,191,5985,72,4.342571464698044,0
GAIL+TD3,191,5985,73,6.807239220002678,0
GAIL+TD3,191,5985,74,2.294134931646455,0
GAIL+TD3,191,5985,75,17.132828678796397,0
GAIL+TD3,191,5985,76,3.483963857067018,0
GAIL+TD3,191,5985,77,4.447860968095444,0
GAIL+TD3,191,5985,78,3.684266712326613,0
GAIL+TD3,191,5985,79,6.372804405276916,0
GAIL+TD3,191,5985,80,7.1284133820528055,0
GAIL+TD3,191,5985,81,5.2943886653561325,0
GAIL+TD3,191,5985,82,2.585657520422992,0
GAIL+TD3,191,5985,83,3.6487138885878765,0
GAIL+TD3,191,5985,84,7.7121745793215695,0
GAIL+TD3,191,5985,85,2.0601566640625775,0
GAIL+TD3,191,5985,86,5.32810773853769,0
GAIL+TD3,191,5985,87,7.054143937341192,0
GAIL+TD3,191,5985,88,4.5754808299314,0
GAIL+TD3,191,5985,89,2.6963822859724242,0
GAIL+TD3,191,5985,90,9.58234305622751,0
GAIL+TD3,191,5985,91,4.258272210129685,0
GAIL+TD3,191,5985,92,10.779291066295455,0
GAIL+TD3,191,5985,93,3.796200338635052,0
GAIL+TD3,191,5985,94,3.1242550792287567,0
GAIL+TD3,191,5985,95,4.6234053075714066,0
GAIL+TD3,191,5985,96,3.6340237246248286,0
GAIL+TD3,191,5985,97,2.5690238696120367,0
GAIL+TD3,191,5985,98,7.709742755856652,0
GAIL+TD3,191,5986,5,7.480315727928279,0
GAIL+TD3,191,5986,6,15.591052533877852,0
GAIL+TD3,191,5986,7,7.273040235243492,0
GAIL+TD3,191,5986,8,11.842446255030923,0
GAIL+TD3,191,5986,9,10.507058047493405,0
GAIL+TD3,191,5986,10,6.067530312357806,0
GAIL+TD3,191,5986,11,8.333493101441336,0
GAIL+TD3,191,5986,12,7.539470776709755,0
GAIL+TD3,191,5986,13,6.527432081157553,0
GAIL+TD3,191,5986,14,5.513739654421373,0
GAIL+TD3,191,5986,15,3.895823048488278,0
GAIL+TD3,191,5986,16,6.567657784552455,0
GAIL+TD3,191,5986,17,6.260346876560859,0
GAIL+TD3,191,5986,18,6.489482342794167,0
GAIL+TD3,191,5986,19,5.809520134789263,0
GAIL+TD3,191,5986,20,4.632669847014312,0
GAIL+TD3,191,5986,21,4.004147339260404,0
GAIL+TD3,191,5986,22,5.646285480290524,0
GAIL+TD3,191,5986,23,5.509451394846752,0
GAIL+TD3,191,5986,24,5.313313976906552,0
GAIL+TD3,191,5986,25,4.925094821463651,0
GAIL+TD3,191,5986,26,4.474432422290325,0
GAIL+TD3,191,5986,27,4.250337147083134,0
GAIL+TD3,191,5986,28,4.73076145766568,0
GAIL+TD3,191,5986,29,5.087585034013607,0
GAIL+TD3,191,5986,30,5.705510300111833,0
GAIL+TD3,191,5986,31,4.8933046968138845,0
GAIL+TD3,191,5986,32,4.463698743191304,0
GAIL+TD3,191,5986,33,4.950926520134766,0
GAIL+TD3,191,5986,34,4.9734170583904405,0
GAIL+TD3,191,5986,35,6.629170295437797,0
GAIL+TD3,191,5986,36,5.508123744671026,0
GAIL+TD3,191,5986,37,6.643879558709859,0
GAIL+TD3,191,5986,38,5.990239481100679,0
GAIL+TD3,191,5986,39,5.06971454948384,0
GAIL+TD3,191,5986,40,5.201234308672414,0
GAIL+TD3,191,5986,41,5.642646405043851,0
GAIL+TD3,191,5986,42,6.460424972111483,0
GAIL+TD3,191,5986,43,5.678460241154348,0
GAIL+TD3,191,5986,44,6.516006122862993,0
GAIL+TD3,191,5986,45,6.281389461684185,0
GAIL+TD3,191,5986,46,4.950376598176967,0
GAIL+TD3,191,5986,47,7.117271875094817,0
GAIL+TD3,191,5986,48,7.344210094777769,0
GAIL+TD3,191,5986,49,3.7100332412739343,0
GAIL+TD3,191,5986,50,4.904029885150985,0
GAIL+TD3,191,5986,51,2.573466094211504,0
GAIL+TD3,191,5986,52,3.922981016150539,0
GAIL+TD3,191,5986,53,27.535441989536945,0
GAIL+TD3,191,5986,54,6.234987800362666,0
GAIL+TD3,191,5986,55,5.107343238975979,0
GAIL+TD3,191,5986,56,6.3025706310588046,0
GAIL+TD3,191,5986,57,2.760877433330563,0
GAIL+TD3,191,5986,58,2.590685905536117,0
GAIL+TD3,191,5986,59,13.079425413549094,0
GAIL+TD3,191,5986,60,12.380891411170321,0
GAIL+TD3,191,5986,61,8.41502527861874,0
GAIL+TD3,191,5986,62,3.116578927004157,0
GAIL+TD3,191,5986,63,4.463488823789275,0
GAIL+TD3,191,5986,64,4.611618548841525,0
GAIL+TD3,191,5986,65,3.0030908508441994,0
GAIL+TD3,191,5986,66,10.548692309520412,0
GAIL+TD3,191,5986,67,6.865894005318443,0
GAIL+TD3,191,5986,68,4.71953391111617,0
GAIL+TD3,191,5986,69,5.679766369773724,0
GAIL+TD3,191,5986,70,3.5691216895565274,0
GAIL+TD3,191,5986,71,4.963760252449936,0
GAIL+TD3,191,5986,72,4.1956670497863255,0
GAIL+TD3,191,5986,73,8.573877554620198,0
GAIL+TD3,191,5986,74,5.527024262798312,0
GAIL+TD3,191,5986,75,2.5417754603226332,0
GAIL+TD3,191,5986,76,2.7370954001869814,0
GAIL+TD3,191,5986,77,2.8040256063667646,0
GAIL+TD3,191,5986,78,8.979980355158064,0
GAIL+TD3,191,5986,79,8.325264299713616,0
GAIL+TD3,191,5986,80,5.373878332549045,0
GAIL+TD3,191,5986,81,5.301888282470211,0
GAIL+TD3,191,5986,82,2.9281946830926406,0
GAIL+TD3,191,5986,83,4.7200729434601145,0
GAIL+TD3,191,5986,84,2.3149566057894746,0
GAIL+TD3,191,5986,85,9.368256096187935,0
GAIL+TD3,191,5986,86,9.58158722488445,0
GAIL+TD3,191,5986,87,4.348520577582581,0
GAIL+TD3,191,5986,88,5.578774348860782,0
GAIL+TD3,191,5986,89,3.9320044924991895,0
GAIL+TD3,191,5986,90,2.7261394194116724,0
GAIL+TD3,191,5986,91,3.577638396174825,0
GAIL+TD3,191,5986,92,10.876689346630627,0
GAIL+TD3,191,5986,93,4.4349309014175535,0
GAIL+TD3,191,5986,94,2.529451839118474,0
GAIL+TD3,191,5986,95,6.521420203185928,0
GAIL+TD3,191,5986,96,1.9760593621444127,0
GAIL+TD3,191,5986,97,3.955083917675202,0
GAIL+TD3,191,5986,98,2.8583931175771826,0
GAIL+TD3,191,5990,5,6.477648439792625,0
GAIL+TD3,191,5990,6,25.46004927842309,0
GAIL+TD3,191,5990,7,17.308446757405925,0
GAIL+TD3,191,5990,8,8.43112045659357,0
GAIL+TD3,191,5990,9,17.112383272431995,0
GAIL+TD3,191,5990,10,6.835942258496772,0
GAIL+TD3,191,5990,11,9.202813510870381,0
GAIL+TD3,191,5990,12,8.330395784984006,0
GAIL+TD3,191,5990,13,4.098473665352921,0
GAIL+TD3,191,5990,14,3.066894705229617,0
GAIL+TD3,191,5990,15,8.056632871626446,0
GAIL+TD3,191,5990,16,5.779456503161854,0
GAIL+TD3,191,5990,17,6.914880738456883,0
GAIL+TD3,191,5990,18,7.396198349966274,0
GAIL+TD3,191,5990,19,4.797942164198148,0
GAIL+TD3,191,5990,20,5.291822560416513,0
GAIL+TD3,191,5990,21,5.423614120799023,0
GAIL+TD3,191,5990,22,7.316616882266836,0
GAIL+TD3,191,5990,23,5.528191528305417,0
GAIL+TD3,191,5990,24,6.211072841795791,0
GAIL+TD3,191,5990,25,4.99546353002171,0
GAIL+TD3,191,5990,26,5.2006345321744405,0
GAIL+TD3,191,5990,27,5.211115125100512,0
GAIL+TD3,191,5990,28,6.034076336664925,0
GAIL+TD3,191,5990,29,5.218552235443505,0
GAIL+TD3,191,5990,30,5.442188883573703,0
GAIL+TD3,191,5990,31,4.9258647051531055,0
GAIL+TD3,191,5990,32,5.11413512294336,0
GAIL+TD3,191,5990,33,5.975004955986622,0
GAIL+TD3,191,5990,34,5.908767592169791,0
GAIL+TD3,191,5990,35,6.484516356746114,0
GAIL+TD3,191,5990,36,5.953027277975559,0
GAIL+TD3,191,5990,37,5.636782583155504,0
GAIL+TD3,191,5990,38,5.849853452856384,0
GAIL+TD3,191,5990,39,5.765929195559843,0
GAIL+TD3,191,5990,40,6.314143911861244,0
GAIL+TD3,191,5990,41,5.928312320795273,0
GAIL+TD3,191,5990,42,5.842187053606359,0
GAIL+TD3,191,5990,43,6.096869974019548,0
GAIL+TD3,191,5990,44,6.065579243975361,0
GAIL+TD3,191,5990,45,5.086093434675861,0
GAIL+TD3,191,5990,46,5.427656092779506,0
GAIL+TD3,191,5990,47,5.901378583633395,0
GAIL+TD3,191,5990,48,3.5696540893408732,0
GAIL+TD3,191,5990,49,6.572691877395563,0
GAIL+TD3,191,5990,50,3.6406792535827095,0
GAIL+TD3,191,5990,51,7.164325109414714,0
GAIL+TD3,191,5990,52,4.088771054893429,0
GAIL+TD3,191,5990,53,8.914058994913486,0
GAIL+TD3,191,5990,54,9.855733784351534,0
GAIL+TD3,191,5990,55,5.136192463572325,0
GAIL+TD3,191,5990,56,4.67395730589497,0
GAIL+TD3,191,5990,57,2.262052254082824,0
GAIL+TD3,191,5990,58,1.4283542420202922,0
GAIL+TD3,191,5990,59,5.98400636958523,0
GAIL+TD3,191,5990,60,10.950793629692651,0
GAIL+TD3,191,5990,61,8.865060394106411,0
GAIL+TD3,191,5990,62,3.2531941000486477,0
GAIL+TD3,191,5990,63,15.25478552971576,0
GAIL+TD3,191,5990,64,6.530525197631146,0
GAIL+TD3,191,5990,65,5.854193904392839,0
GAIL+TD3,191,5990,66,4.227152337878789,0
GAIL+TD3,191,5990,67,3.532780496254277,0
GAIL+TD3,191,5990,68,5.783326957297491,0
GAIL+TD3,191,5990,69,3.9686592907788882,0
GAIL+TD3,191,5990,70,4.937104730404038,0
GAIL+TD3,191,5990,71,2.893034225203197,0
GAIL+TD3,191,5990,72,6.448531283242728,0
GAIL+TD3,191,5990,73,5.652061858615736,0
GAIL+TD3,191,5990,74,7.7811187914298445,0
GAIL+TD3,191,5990,75,5.071015381683708,0
GAIL+TD3,191,5990,76,4.12069358980846,0
GAIL+TD3,191,5990,77,2.330987305983238,0
GAIL+TD3,191,5990,78,1.9891031034812665,0
GAIL+TD3,191,5990,79,4.089499294578331,0
GAIL+TD3,191,5990,80,10.580078179018887,0
GAIL+TD3,191,5990,81,5.097690221996273,0
GAIL+TD3,191,5990,82,6.352454514129363,0
GAIL+TD3,191,5990,83,3.6280213996697346,0
GAIL+TD3,191,5990,84,8.238878424621934,0
GAIL+TD3,191,5990,85,6.405127046391441,0
GAIL+TD3,191,5990,86,4.654348085363128,0
GAIL+TD3,191,5990,87,3.1102746050188856,0
GAIL+TD3,191,5990,88,2.528200597893523,0
GAIL+TD3,191,5990,89,3.726756961410427,0
GAIL+TD3,191,5990,90,2.2629446186055784,0
GAIL+TD3,191,5990,91,5.810861042491673,0
GAIL+TD3,191,5990,92,8.957203360086108,0
GAIL+TD3,191,5990,93,6.565760765929416,0
GAIL+TD3,191,5990,94,13.336761065564463,0
GAIL+TD3,191,5990,95,4.267789471606971,0
GAIL+TD3,191,5990,96,3.517965195333162,0
GAIL+TD3,191,5990,97,2.7175095804471003,0
GAIL+TD3,191,5990,98,2.2827950561937675,0
GAIL+TD3,191,5991,5,5.674520494596436,0
GAIL+TD3,191,5991,6,21.768794326241135,0
GAIL+TD3,191,5991,7,14.863443253085173,0
GAIL+TD3,191,5991,8,7.874151370379682,0
GAIL+TD3,191,5991,9,8.692911987927744,0
GAIL+TD3,191,5991,10,11.560148975791435,0
GAIL+TD3,191,5991,11,10.383473318062272,0
GAIL+TD3,191,5991,12,9.046753160566745,0
GAIL+TD3,191,5991,13,4.444708313414654,0
GAIL+TD3,191,5991,14,3.316732611752395,0
GAIL+TD3,191,5991,15,7.4804127562216935,0
GAIL+TD3,191,5991,16,8.404518419258528,0
GAIL+TD3,191,5991,17,7.904460391163641,0
GAIL+TD3,191,5991,18,7.375990544050075,0
GAIL+TD3,191,5991,19,5.211476487300174,0
GAIL+TD3,191,5991,20,4.062670422874704,0
GAIL+TD3,191,5991,21,6.613365155131265,0
GAIL+TD3,191,5991,22,6.737718704265962,0
GAIL+TD3,191,5991,23,6.498903976721629,0
GAIL+TD3,191,5991,24,6.243901618384306,0
GAIL+TD3,191,5991,25,5.350326038001867,0
GAIL+TD3,191,5991,26,4.592837647403963,0
GAIL+TD3,191,5991,27,6.003171062273437,0
GAIL+TD3,191,5991,28,6.11863112249926,0
GAIL+TD3,191,5991,29,5.994408201304754,0
GAIL+TD3,191,5991,30,5.844914887155156,0
GAIL+TD3,191,5991,31,5.338124666399786,0
GAIL+TD3,191,5991,32,5.030108976114626,0
GAIL+TD3,191,5991,33,5.930317450475866,0
GAIL+TD3,191,5991,34,6.0739841405604444,0
GAIL+TD3,191,5991,35,6.084038422100647,0
GAIL+TD3,191,5991,36,6.046539897542763,0
GAIL+TD3,191,5991,37,5.789689755954608,0
GAIL+TD3,191,5991,38,5.565639919596055,0
GAIL+TD3,191,5991,39,6.161254325077377,0
GAIL+TD3,191,5991,40,6.319983406707252,0
GAIL+TD3,191,5991,41,6.217722501368091,0
GAIL+TD3,191,5991,42,6.314929911040238,0
GAIL+TD3,191,5991,43,6.157756543469043,0
GAIL+TD3,191,5991,44,5.3781138116247,0
GAIL+TD3,191,5991,45,5.516267519028263,0
GAIL+TD3,191,5991,46,5.21689096143777,0
GAIL+TD3,191,5991,47,3.990582744754882,0
GAIL+TD3,191,5991,48,3.6269800778269325,0
GAIL+TD3,191,5991,49,6.6483062135225515,0
GAIL+TD3,191,5991,50,3.3822548122074982,0
GAIL+TD3,191,5991,51,6.2307514559532535,0
GAIL+TD3,191,5991,52,7.836625042186974,0
GAIL+TD3,191,5991,53,5.486776226485402,0
GAIL+TD3,191,5991,54,5.186037744974616,0
GAIL+TD3,191,5991,55,5.119562531032287,0
GAIL+TD3,191,5991,56,5.0228518050191955,0
GAIL+TD3,191,5991,57,4.569341189542573,0
GAIL+TD3,191,5991,58,6.549788346381846,0
GAIL+TD3,191,5991,59,6.356171718436873,0
GAIL+TD3,191,5991,60,2.1683973463981583,0
GAIL+TD3,191,5991,61,10.958203514737187,0
GAIL+TD3,191,5991,62,5.128164277310118,0
GAIL+TD3,191,5991,63,2.6280399742059832,0
GAIL+TD3,191,5991,64,19.658187950059066,0
GAIL+TD3,191,5991,65,22.882420259893685,0
GAIL+TD3,191,5991,66,3.969348556723323,0
GAIL+TD3,191,5991,67,3.14806035780977,0
GAIL+TD3,191,5991,68,5.453373613251548,0
GAIL+TD3,191,5991,69,2.7381705884031433,0
GAIL+TD3,191,5991,70,7.723618611803284,0
GAIL+TD3,191,5991,71,12.648057607632785,0
GAIL+TD3,191,5991,72,5.220764123652436,0
GAIL+TD3,191,5991,73,3.1479370037565615,0
GAIL+TD3,191,5991,74,5.082458401218777,0
GAIL+TD3,191,5991,75,2.5549897294318353,0
GAIL+TD3,191,5991,76,4.51077981327087,0
GAIL+TD3,191,5991,77,10.288890905345353,0
GAIL+TD3,191,5991,78,5.874223662877723,0
GAIL+TD3,191,5991,79,5.847432698225416,0
GAIL+TD3,191,5991,80,6.15496970863221,0
GAIL+TD3,191,5991,81,2.889799347383714,0
GAIL+TD3,191,5991,82,3.283791686799372,0
GAIL+TD3,191,5991,83,2.518288827092301,0
GAIL+TD3,191,5991,84,4.68119446605637,0
GAIL+TD3,191,5991,85,6.742081762880253,0
GAIL+TD3,191,5991,86,10.616959354181121,0
GAIL+TD3,191,5991,87,3.2496740951793313,0
GAIL+TD3,191,5991,88,3.5260331994465894,0
GAIL+TD3,191,5991,89,5.626754217120459,0
GAIL+TD3,191,5991,90,5.431995686565887,0
GAIL+TD3,191,5991,91,2.985438385106107,0
GAIL+TD3,191,5991,92,6.762546865231274,0
GAIL+TD3,191,5991,93,2.89628654282979,0
GAIL+TD3,191,5991,94,2.84369560653538,0
GAIL+TD3,191,5991,95,2.2809733995770882,0
GAIL+TD3,191,5991,96,1.5007065346534652,0
GAIL+TD3,191,5991,97,3.429870539765202,0
GAIL+TD3,191,5991,98,3.720346264022952,0
GAIL+TD3,191,5992,5,10.556888544891642,0
GAIL+TD3,191,5992,6,46.11081967213114,0
GAIL+TD3,191,5992,7,21.996942519364048,0
GAIL+TD3,191,5992,8,12.940404499488691,0
GAIL+TD3,191,5992,9,8.021055051898566,0
GAIL+TD3,191,5992,10,4.854443089049451,0
GAIL+TD3,191,5992,11,5.620841527368077,0
GAIL+TD3,191,5992,12,3.4089766606822254,0
GAIL+TD3,191,5992,13,8.47332762037384,0
GAIL+TD3,191,5992,14,7.689689380745574,0
GAIL+TD3,191,5992,15,6.483614392025671,0
GAIL+TD3,191,5992,16,5.096427685437857,0
GAIL+TD3,191,5992,17,5.958855261954833,0
GAIL+TD3,191,5992,18,4.227509527638894,0
GAIL+TD3,191,5992,19,7.190848525394435,0
GAIL+TD3,191,5992,20,7.085012689325902,0
GAIL+TD3,191,5992,21,6.28480988665226,0
GAIL+TD3,191,5992,22,5.213487389160416,0
GAIL+TD3,191,5992,23,7.306377509423828,0
GAIL+TD3,191,5992,24,5.20842117404315,0
GAIL+TD3,191,5992,25,4.91359583454379,0
GAIL+TD3,191,5992,26,6.102329062426037,0
GAIL+TD3,191,5992,27,5.86086701320104,0
GAIL+TD3,191,5992,28,5.272081265580951,0
GAIL+TD3,191,5992,29,6.417489737659144,0
GAIL+TD3,191,5992,30,5.458546426304534,0
GAIL+TD3,191,5992,31,5.330898732394875,0
GAIL+TD3,191,5992,32,6.055596044900597,0
GAIL+TD3,191,5992,33,5.939744927146077,0
GAIL+TD3,191,5992,34,5.677216748768473,0
GAIL+TD3,191,5992,35,6.340206927575349,0
GAIL+TD3,191,5992,36,5.672389512279766,0
GAIL+TD3,191,5992,37,5.659245778714321,0
GAIL+TD3,191,5992,38,6.100775106641811,0
GAIL+TD3,191,5992,39,6.044321945409753,0
GAIL+TD3,191,5992,40,5.913580741350246,0
GAIL+TD3,191,5992,41,6.813885946005189,0
GAIL+TD3,191,5992,42,5.545102633638441,0
GAIL+TD3,191,5992,43,5.202269245704093,0
GAIL+TD3,191,5992,44,5.012953071190767,0
GAIL+TD3,191,5992,45,4.287793061813028,0
GAIL+TD3,191,5992,46,5.154528916758527,0
GAIL+TD3,191,5992,47,5.7979051683095,0
GAIL+TD3,191,5992,48,5.775623842199487,0
GAIL+TD3,191,5992,49,4.919081390881146,0
GAIL+TD3,191,5992,50,6.6096804533657165,0
GAIL+TD3,191,5992,51,4.681627595453518,0
GAIL+TD3,191,5992,52,3.101495066683136,0
GAIL+TD3,191,5992,53,6.343533974941766,0
GAIL+TD3,191,5992,54,26.35413188393434,0
GAIL+TD3,191,5992,55,10.70362453793843,0
GAIL+TD3,191,5992,56,4.2449574063644055,0
GAIL+TD3,191,5992,57,2.9300728240627345,0
GAIL+TD3,191,5992,58,3.806860883518012,0
GAIL+TD3,191,5992,59,12.83805884679719,0
GAIL+TD3,191,5992,60,15.166378540096842,0
GAIL+TD3,191,5992,61,27.579227943262953,0
GAIL+TD3,191,5992,62,4.660087816836708,0
GAIL+TD3,191,5992,63,4.585018548379991,0
GAIL+TD3,191,5992,64,10.989338876851907,0
GAIL+TD3,191,5992,65,7.066285705585416,0
GAIL+TD3,191,5992,66,6.547244632611008,0
GAIL+TD3,191,5992,67,3.9056867119056973,0
GAIL+TD3,191,5992,68,5.47394076479304,0
GAIL+TD3,191,5992,69,3.9883517628064373,0
GAIL+TD3,191,5992,70,4.180048732378022,0
GAIL+TD3,191,5992,71,2.099205064254388,0
GAIL+TD3,191,5992,72,3.76125904202022,0
GAIL+TD3,191,5992,73,2.371606111600357,0
GAIL+TD3,191,5992,74,7.811674266086401,0
GAIL+TD3,191,5992,75,5.854388867845538,0
GAIL+TD3,191,5992,76,10.332301815471439,0
GAIL+TD3,191,5992,77,3.0504754355082513,0
GAIL+TD3,191,5992,78,4.648391949054525,0
GAIL+TD3,191,5992,79,2.6445386194705987,0
GAIL+TD3,191,5992,80,2.036661831614261,0
GAIL+TD3,191,5992,81,3.2620365352858545,0
GAIL+TD3,191,5992,82,4.980954895085498,0
GAIL+TD3,191,5992,83,4.88905648441871,0
GAIL+TD3,191,5992,84,10.89241981707735,0
GAIL+TD3,191,5992,85,5.162093807226282,0
GAIL+TD3,191,5992,86,6.194933216777262,0
GAIL+TD3,191,5992,87,6.147011167378405,0
GAIL+TD3,191,5992,88,2.8841007463787167,0
GAIL+TD3,191,5992,89,1.9206579858728048,0
GAIL+TD3,191,5992,90,1.4089257442445948,0
GAIL+TD3,191,5992,91,3.787617308375184,0
GAIL+TD3,191,5992,92,3.157984910613221,0
GAIL+TD3,191,5992,93,9.051526921874531,0
GAIL+TD3,191,5992,94,3.543833730934086,0
GAIL+TD3,191,5992,95,2.4689514591032165,0
GAIL+TD3,191,5992,96,3.1314177359073687,0
GAIL+TD3,191,5992,97,2.0212753844628173,0
GAIL+TD3,191,5992,98,2.1214964408059656,0
GAIL+TD3,191,5993,5,4.866360348030111,0
GAIL+TD3,191,5993,6,17.096960926193926,0
GAIL+TD3,191,5993,7,14.137151008762991,0
GAIL+TD3,191,5993,8,6.643360009627535,0
GAIL+TD3,191,5993,9,13.189811320754716,0
GAIL+TD3,191,5993,10,12.17307924984876,0
GAIL+TD3,191,5993,11,11.176213206046143,0
GAIL+TD3,191,5993,12,6.189729675409506,0
GAIL+TD3,191,5993,13,4.796278759820426,0
GAIL+TD3,191,5993,14,3.1329468430573413,0
GAIL+TD3,191,5993,15,5.506572233334693,0
GAIL+TD3,191,5993,16,7.178951741630769,0
GAIL+TD3,191,5993,17,8.11463088982686,0
GAIL+TD3,191,5993,18,5.922810391887878,0
GAIL+TD3,191,5993,19,5.434036767748418,0
GAIL+TD3,191,5993,20,5.464061703495202,0
GAIL+TD3,191,5993,21,4.505571862520906,0
GAIL+TD3,191,5993,22,6.456297609298048,0
GAIL+TD3,191,5993,23,6.541517247048427,0
GAIL+TD3,191,5993,24,5.699606340584103,0
GAIL+TD3,191,5993,25,5.433199638663053,0
GAIL+TD3,191,5993,26,5.337473284412654,0
GAIL+TD3,191,5993,27,4.755978580218855,0
GAIL+TD3,191,5993,28,5.967732020158683,0
GAIL+TD3,191,5993,29,5.917559961699246,0
GAIL+TD3,191,5993,30,5.570560844318657,0
GAIL+TD3,191,5993,31,5.353585789403914,0
GAIL+TD3,191,5993,32,5.483263176519481,0
GAIL+TD3,191,5993,33,5.178782478525859,0
GAIL+TD3,191,5993,34,5.989302849951496,0
GAIL+TD3,191,5993,35,6.090327039656696,0
GAIL+TD3,191,5993,36,5.820608586255701,0
GAIL+TD3,191,5993,37,5.693748886910062,0
GAIL+TD3,191,5993,38,5.688396584777954,0
GAIL+TD3,191,5993,39,5.479463375976452,0
GAIL+TD3,191,5993,40,5.88672382261884,0
GAIL+TD3,191,5993,41,6.030686654558269,0
GAIL+TD3,191,5993,42,5.9788827037695125,0
GAIL+TD3,191,5993,43,6.077297343363833,0
GAIL+TD3,191,5993,44,5.802063783818646,0
GAIL+TD3,191,5993,45,5.195802864166699,0
GAIL+TD3,191,5993,46,4.566360300398389,0
GAIL+TD3,191,5993,47,4.995286091708588,0
GAIL+TD3,191,5993,48,7.19679716064782,0
GAIL+TD3,191,5993,49,3.9364301880600903,0
GAIL+TD3,191,5993,50,9.753963400291669,0
GAIL+TD3,191,5993,51,5.5890054148390185,0
GAIL+TD3,191,5993,52,5.989586191179183,0
GAIL+TD3,191,5993,53,2.3227870740960856,0
GAIL+TD3,191,5993,54,9.984962481307411,0
GAIL+TD3,191,5993,55,15.428991339821023,0
GAIL+TD3,191,5993,56,5.411347854871193,0
GAIL+TD3,191,5993,57,3.8063139232003884,0
GAIL+TD3,191,5993,58,4.845628663169818,0
GAIL+TD3,191,5993,59,5.030395774324427,0
GAIL+TD3,191,5993,60,1.8009726876522678,0
GAIL+TD3,191,5993,61,4.207072450348372,0
GAIL+TD3,191,5993,62,18.97152411836238,0
GAIL+TD3,191,5993,63,3.7865255229808197,0
GAIL+TD3,191,5993,64,7.029045238755284,0
GAIL+TD3,191,5993,65,5.828694713293666,0
GAIL+TD3,191,5993,66,7.458266435077068,0
GAIL+TD3,191,5993,67,7.223145127501781,0
GAIL+TD3,191,5993,68,6.039491789813189,0
GAIL+TD3,191,5993,69,2.817387412554249,0
GAIL+TD3,191,5993,70,1.7889690384673935,0
GAIL+TD3,191,5993,71,6.691149987896107,0
GAIL+TD3,191,5993,72,5.717717473329091,0
GAIL+TD3,191,5993,73,5.69529267206456,0
GAIL+TD3,191,5993,74,9.48842576302619,0
GAIL+TD3,191,5993,75,6.50044745533463,0
GAIL+TD3,191,5993,76,4.389351737347523,0
GAIL+TD3,191,5993,77,3.1949028237651884,0
GAIL+TD3,191,5993,78,5.291918825174394,0
GAIL+TD3,191,5993,79,1.7897706698853348,0
GAIL+TD3,191,5993,80,5.842872935685108,0
GAIL+TD3,191,5993,81,25.76371934944304,0
GAIL+TD3,191,5993,82,4.209238282073999,0
GAIL+TD3,191,5993,83,4.899500579613486,0
GAIL+TD3,191,5993,84,4.304698779592787,0
GAIL+TD3,191,5993,85,6.588834568341016,0
GAIL+TD3,191,5993,86,3.8800901116155235,0
GAIL+TD3,191,5993,87,2.7859041076329945,0
GAIL+TD3,191,5993,88,4.360588364135775,0
GAIL+TD3,191,5993,89,4.551359376449847,0
GAIL+TD3,191,5993,90,2.601217030111251,0
GAIL+TD3,191,5993,91,6.034749379209849,0
GAIL+TD3,191,5993,92,8.126842297658806,0
GAIL+TD3,191,5993,93,5.42328174158514,0
GAIL+TD3,191,5993,94,2.3557258437385804,0
GAIL+TD3,191,5993,95,3.825484936087802,0
GAIL+TD3,191,5993,96,4.261662593822323,0
GAIL+TD3,191,5993,97,2.020624774309625,0
GAIL+TD3,191,5993,98,4.343687286889165,0
GAIL+TD3,191,5995,5,8.38475656877898,0
GAIL+TD3,191,5995,6,23.600517368810056,0
GAIL+TD3,191,5995,7,12.696745772346175,0
GAIL+TD3,191,5995,8,16.340666347839946,0
GAIL+TD3,191,5995,9,7.0709429686516465,0
GAIL+TD3,191,5995,10,9.928655636407983,0
GAIL+TD3,191,5995,11,4.046053349547107,0
GAIL+TD3,191,5995,12,3.7901470015034247,0
GAIL+TD3,191,5995,13,5.393154767215689,0
GAIL+TD3,191,5995,14,7.083277512478662,0
GAIL+TD3,191,5995,15,5.35952482097342,0
GAIL+TD3,191,5995,16,7.087130753377605,0
GAIL+TD3,191,5995,17,4.823541882596816,0
GAIL+TD3,191,5995,18,4.1847271559217,0
GAIL+TD3,191,5995,19,5.918982423896986,0
GAIL+TD3,191,5995,20,6.207461979930485,0
GAIL+TD3,191,5995,21,5.146385574690925,0
GAIL+TD3,191,5995,22,5.800389186714235,0
GAIL+TD3,191,5995,23,5.468467358355719,0
GAIL+TD3,191,5995,24,4.098201402065604,0
GAIL+TD3,191,5995,25,5.556812707229292,0
GAIL+TD3,191,5995,26,5.614275400621398,0
GAIL+TD3,191,5995,27,5.042036987285279,0
GAIL+TD3,191,5995,28,5.554917831739024,0
GAIL+TD3,191,5995,29,5.376358820652621,0
GAIL+TD3,191,5995,30,4.570821980954237,0
GAIL+TD3,191,5995,31,5.305594177796493,0
GAIL+TD3,191,5995,32,6.739514489358701,0
GAIL+TD3,191,5995,33,5.604076222481816,0
GAIL+TD3,191,5995,34,5.883973819601899,0
GAIL+TD3,191,5995,35,5.893599675051498,0
GAIL+TD3,191,5995,36,5.484474472146588,0
GAIL+TD3,191,5995,37,5.945935158958035,0
GAIL+TD3,191,5995,38,6.040706371254109,0
GAIL+TD3,191,5995,39,6.3255367326944665,0
GAIL+TD3,191,5995,40,5.8488690783172474,0
GAIL+TD3,191,5995,41,5.705798574357424,0
GAIL+TD3,191,5995,42,5.1959021817059705,0
GAIL+TD3,191,5995,43,5.285288220833447,0
GAIL+TD3,191,5995,44,5.578951883377793,0
GAIL+TD3,191,5995,45,5.690313024808294,0
GAIL+TD3,191,5995,46,5.772493474941635,0
GAIL+TD3,191,5995,47,5.023381568196468,0
GAIL+TD3,191,5995,48,5.046626372478665,0
GAIL+TD3,191,5995,49,2.0518262733523986,0
GAIL+TD3,191,5995,50,2.8630617780061405,0
GAIL+TD3,191,5995,51,4.312347260979365,0
GAIL+TD3,191,5995,52,4.670672945636873,0
GAIL+TD3,191,5995,53,56.97613342125155,0
GAIL+TD3,191,5995,54,10.09469639493054,0
GAIL+TD3,191,5995,55,5.315424949029951,0
GAIL+TD3,191,5995,56,3.171593902847451,0
GAIL+TD3,191,5995,57,4.577706845766811,0
GAIL+TD3,191,5995,58,2.0938341157644866,0
GAIL+TD3,191,5995,59,3.2684052076624135,0
GAIL+TD3,191,5995,60,9.846611487810382,0
GAIL+TD3,191,5995,61,15.893177945600268,0
GAIL+TD3,191,5995,62,4.672258578174449,0
GAIL+TD3,191,5995,63,5.374565343884559,0
GAIL+TD3,191,5995,64,4.0027356481956415,0
GAIL+TD3,191,5995,65,5.877931213198342,0
GAIL+TD3,191,5995,66,3.1582121199163935,0
GAIL+TD3,191,5995,67,21.830999211686503,0
GAIL+TD3,191,5995,68,9.083007620279503,0
GAIL+TD3,191,5995,69,2.5003627427967317,0
GAIL+TD3,191,5995,70,6.62433015805059,0
GAIL+TD3,191,5995,71,2.248820979579167,0
GAIL+TD3,191,5995,72,2.7446605337037724,0
GAIL+TD3,191,5995,73,8.355376500365121,0
GAIL+TD3,191,5995,74,14.077179105973538,0
GAIL+TD3,191,5995,75,4.1802146767934705,0
GAIL+TD3,191,5995,76,4.605816195505424,0
GAIL+TD3,191,5995,77,7.084091417838225,0
GAIL+TD3,191,5995,78,8.293356033342043,0
GAIL+TD3,191,5995,79,3.8751462276675643,0
GAIL+TD3,191,5995,80,2.235282247323788,0
GAIL+TD3,191,5995,81,4.778377490068307,0
GAIL+TD3,191,5995,82,3.962425415725784,0
GAIL+TD3,191,5995,83,2.0096033188498343,0
GAIL+TD3,191,5995,84,2.7052110822863993,0
GAIL+TD3,191,5995,85,5.106779900712954,0
GAIL+TD3,191,5995,86,1.8958876106145532,0
GAIL+TD3,191,5995,87,17.019216746021534,0
GAIL+TD3,191,5995,88,3.2503231457993897,0
GAIL+TD3,191,5995,89,3.107372451020533,0
GAIL+TD3,191,5995,90,4.2930538820294,0
GAIL+TD3,191,5995,91,4.1415352644099,0
GAIL+TD3,191,5995,92,6.241245685077004,0
GAIL+TD3,191,5995,93,3.931417673267574,0
GAIL+TD3,191,5995,94,2.701308864427146,0
GAIL+TD3,191,5995,95,1.9004097797828299,0
GAIL+TD3,191,5995,96,1.8615581304945152,0
GAIL+TD3,191,5995,97,2.1685308525692792,0
GAIL+TD3,191,5995,98,2.2636595895442047,0
GAIL+TD3,191,5997,5,8.198578106739383,0
GAIL+TD3,191,5997,6,17.903421633554082,0
GAIL+TD3,191,5997,7,20.574797751268342,0
GAIL+TD3,191,5997,8,11.774320141499004,0
GAIL+TD3,191,5997,9,14.479538831876344,0
GAIL+TD3,191,5997,10,5.813980647313982,0
GAIL+TD3,191,5997,11,8.11554109031733,0
GAIL+TD3,191,5997,12,4.097791520729222,0
GAIL+TD3,191,5997,13,3.613232953849921,0
GAIL+TD3,191,5997,14,7.2379231901512115,0
GAIL+TD3,191,5997,15,7.912066883841719,0
GAIL+TD3,191,5997,16,5.535017054938674,0
GAIL+TD3,191,5997,17,7.254615679158274,0
GAIL+TD3,191,5997,18,5.451681002537787,0
GAIL+TD3,191,5997,19,4.72174512298558,0
GAIL+TD3,191,5997,20,7.393223516119507,0
GAIL+TD3,191,5997,21,7.1130907854471275,0
GAIL+TD3,191,5997,22,5.4965922845097195,0
GAIL+TD3,191,5997,23,6.329072764065933,0
GAIL+TD3,191,5997,24,5.271829579496282,0
GAIL+TD3,191,5997,25,5.170648305380446,0
GAIL+TD3,191,5997,26,6.336583067315285,0
GAIL+TD3,191,5997,27,6.417710615508493,0
GAIL+TD3,191,5997,28,5.604519917634797,0
GAIL+TD3,191,5997,29,5.777917815677635,0
GAIL+TD3,191,5997,30,5.232806524981047,0
GAIL+TD3,191,5997,31,5.149867249138532,0
GAIL+TD3,191,5997,32,5.8323241331831275,0
GAIL+TD3,191,5997,33,5.9430178901553194,0
GAIL+TD3,191,5997,34,6.6282087992592285,0
GAIL+TD3,191,5997,35,5.939916819924754,0
GAIL+TD3,191,5997,36,5.710727135826336,0
GAIL+TD3,191,5997,37,5.469437182107716,0
GAIL+TD3,191,5997,38,5.701177975812479,0
GAIL+TD3,191,5997,39,5.9013886958938375,0
GAIL+TD3,191,5997,40,6.193554081134681,0
GAIL+TD3,191,5997,41,5.5934308278442,0
GAIL+TD3,191,5997,42,6.067242494380398,0
GAIL+TD3,191,5997,43,7.087103090777452,0
GAIL+TD3,191,5997,44,5.8951379651903215,0
GAIL+TD3,191,5997,45,5.0180963356819195,0
GAIL+TD3,191,5997,46,7.566748782132821,0
GAIL+TD3,191,5997,47,5.091044798700872,0
GAIL+TD3,191,5997,48,3.07582797249628,0
GAIL+TD3,191,5997,49,6.082816258272148,0
GAIL+TD3,191,5997,50,10.992882999726557,0
GAIL+TD3,191,5997,51,3.427424405547693,0
GAIL+TD3,191,5997,52,8.413054671790396,0
GAIL+TD3,191,5997,53,3.6839448673018134,0
GAIL+TD3,191,5997,54,1.659690620497789,0
GAIL+TD3,191,5997,55,2.0778673969489145,0
GAIL+TD3,191,5997,56,8.42122279226496,0
GAIL+TD3,191,5997,57,4.862536846181983,0
GAIL+TD3,191,5997,58,4.886761544455188,0
GAIL+TD3,191,5997,59,6.123901035217758,0
GAIL+TD3,191,5997,60,4.741924835681207,0
GAIL+TD3,191,5997,61,8.871153410645013,0
GAIL+TD3,191,5997,62,4.948660064083892,0
GAIL+TD3,191,5997,63,5.563448718978395,0
GAIL+TD3,191,5997,64,6.770521464146245,0
GAIL+TD3,191,5997,65,6.006228193941827,0
GAIL+TD3,191,5997,66,4.507225547078441,0
GAIL+TD3,191,5997,67,2.3101973384204912,0
GAIL+TD3,191,5997,68,7.289343948633081,0
GAIL+TD3,191,5997,69,4.820716424853894,0
GAIL+TD3,191,5997,70,4.737653222494617,0
GAIL+TD3,191,5997,71,2.8167331029033296,0
GAIL+TD3,191,5997,72,21.879028929496084,0
GAIL+TD3,191,5997,73,6.16871229906916,0
GAIL+TD3,191,5997,74,4.990180704351267,0
GAIL+TD3,191,5997,75,3.3961621735182326,0
GAIL+TD3,191,5997,76,2.6258795001921316,0
GAIL+TD3,191,5997,77,5.3963321174883205,0
GAIL+TD3,191,5997,78,2.6233662631755617,0
GAIL+TD3,191,5997,79,8.76517870384102,0
GAIL+TD3,191,5997,80,5.7748710274425985,0
GAIL+TD3,191,5997,81,3.4252870909739164,0
GAIL+TD3,191,5997,82,4.046867222665859,0
GAIL+TD3,191,5997,83,6.297692171490841,0
GAIL+TD3,191,5997,84,6.49618646041697,0
GAIL+TD3,191,5997,85,2.735861223383518,0
GAIL+TD3,191,5997,86,3.653726392823418,0
GAIL+TD3,191,5997,87,5.012520374140228,0
GAIL+TD3,191,5997,88,3.694448625194405,0
GAIL+TD3,191,5997,89,1.7244128263280138,0
GAIL+TD3,191,5997,90,5.508082530269335,0
GAIL+TD3,191,5997,91,7.837373810880054,0
GAIL+TD3,191,5997,92,6.010950725018043,0
GAIL+TD3,191,5997,93,4.921363810831622,0
GAIL+TD3,191,5997,94,4.355348717260472,0
GAIL+TD3,191,5997,95,2.8008387625123228,0
GAIL+TD3,191,5997,96,1.4108001542087683,0
GAIL+TD3,191,5997,97,0.4951710847222178,1
GAIL+TD3,191,5998,5,7.941887675507021,0
GAIL+TD3,191,5998,6,42.96309072093824,0
GAIL+TD3,191,5998,7,15.294863987007714,0
GAIL+TD3,191,5998,8,23.382561307901906,0
GAIL+TD3,191,5998,9,10.127396468128639,0
GAIL+TD3,191,5998,10,6.325022986995928,0
GAIL+TD3,191,5998,11,4.059124188423816,0
GAIL+TD3,191,5998,12,6.972935495852422,0
GAIL+TD3,191,5998,13,3.506283662477558,0
GAIL+TD3,191,5998,14,8.750992706074516,0
GAIL+TD3,191,5998,15,7.364461574103326,0
GAIL+TD3,191,5998,16,5.698770169083855,0
GAIL+TD3,191,5998,17,4.898158228996551,0
GAIL+TD3,191,5998,18,7.111911852293031,0
GAIL+TD3,191,5998,19,5.304803650414867,0
GAIL+TD3,191,5998,20,7.009444886733735,0
GAIL+TD3,191,5998,21,6.738128499066915,0
GAIL+TD3,191,5998,22,5.834677625633068,0
GAIL+TD3,191,5998,23,5.322291543593216,0
GAIL+TD3,191,5998,24,6.1075743494423795,0
GAIL+TD3,191,5998,25,5.021984920867439,0
GAIL+TD3,191,5998,26,6.084602732368836,0
GAIL+TD3,191,5998,27,6.053034304032227,0
GAIL+TD3,191,5998,28,5.601013395396409,0
GAIL+TD3,191,5998,29,5.2834963662429155,0
GAIL+TD3,191,5998,30,5.850059830633284,0
GAIL+TD3,191,5998,31,5.345125233745339,0
GAIL+TD3,191,5998,32,6.001213117474818,0
GAIL+TD3,191,5998,33,6.017077312138729,0
GAIL+TD3,191,5998,34,5.87109427405084,0
GAIL+TD3,191,5998,35,5.691242469172343,0
GAIL+TD3,191,5998,36,6.073020710673963,0
GAIL+TD3,191,5998,37,5.805515239477504,0
GAIL+TD3,191,5998,38,6.227927949252036,0
GAIL+TD3,191,5998,39,6.196264359086748,0
GAIL+TD3,191,5998,40,6.155870699955979,0
GAIL+TD3,191,5998,41,6.017253398396653,0
GAIL+TD3,191,5998,42,6.281877638654856,0
GAIL+TD3,191,5998,43,6.112693579297915,0
GAIL+TD3,191,5998,44,6.021826837792147,0
GAIL+TD3,191,5998,45,5.122755233065539,0
GAIL+TD3,191,5998,46,4.144435394834483,0
GAIL+TD3,191,5998,47,3.5022835065427547,0
GAIL+TD3,191,5998,48,3.1526525520491204,0
GAIL+TD3,191,5998,49,5.7836702973534155,0
GAIL+TD3,191,5998,50,6.645768238986935,0
GAIL+TD3,191,5998,51,12.565652594482378,0
GAIL+TD3,191,5998,52,8.264385014963016,0
GAIL+TD3,191,5998,53,7.945336793388265,0
GAIL+TD3,191,5998,54,4.491415955961475,0
GAIL+TD3,191,5998,55,5.860092987798313,0
GAIL+TD3,191,5998,56,3.8821821537587846,0
GAIL+TD3,191,5998,57,4.532994567278959,0
GAIL+TD3,191,5998,58,1.9468922827895268,0
GAIL+TD3,191,5998,59,5.645466013293872,0
GAIL+TD3,191,5998,60,3.156732195179524,0
GAIL+TD3,191,5998,61,6.593758914669599,0
GAIL+TD3,191,5998,62,5.818073375219428,0
GAIL+TD3,191,5998,63,7.09601071317157,0
GAIL+TD3,191,5998,64,10.977457053764546,0
GAIL+TD3,191,5998,65,7.605217869504738,0
GAIL+TD3,191,5998,66,3.2782373259274746,0
GAIL+TD3,191,5998,67,4.719348288203854,0
GAIL+TD3,191,5998,68,2.200782358679633,0
GAIL+TD3,191,5998,69,7.27140813830559,0
GAIL+TD3,191,5998,70,5.769203851251756,0
GAIL+TD3,191,5998,71,6.51101534885973,0
GAIL+TD3,191,5998,72,4.473985563130144,0
GAIL+TD3,191,5998,73,5.1518831965078435,0
GAIL+TD3,191,5998,74,3.5842429158497757,0
GAIL+TD3,191,5998,75,7.904515721041142,0
GAIL+TD3,191,5998,76,4.976233129531534,0
GAIL+TD3,191,5998,77,3.231463241133797,0
GAIL+TD3,191,5998,78,5.922742168924534,0
GAIL+TD3,191,5998,79,2.8258653427184584,0
GAIL+TD3,191,5998,80,6.176834974653467,0
GAIL+TD3,191,5998,81,3.554318338948899,0
GAIL+TD3,191,5998,82,9.49780310940489,0
GAIL+TD3,191,5998,83,2.679010414126801,0
GAIL+TD3,191,5998,84,7.141008095736156,0
GAIL+TD3,191,5998,85,6.597046507815875,0
GAIL+TD3,191,5998,86,2.565068300635224,0
GAIL+TD3,191,5998,87,6.399455643412931,0
GAIL+TD3,191,5998,88,4.75557879227168,0
GAIL+TD3,191,5998,89,1.8924084250419064,0
GAIL+TD3,191,5998,90,2.202737327506435,0
GAIL+TD3,191,5998,91,3.1211817573214438,0
GAIL+TD3,191,5998,92,2.700435593117908,0
GAIL+TD3,191,5998,93,2.805375227394702,0
GAIL+TD3,191,5998,94,3.1144220445727187,0
GAIL+TD3,191,5998,95,8.955485416617412,0
GAIL+TD3,191,5998,96,8.299694518142072,0
GAIL+TD3,191,5998,97,5.093755219980903,0
GAIL+TD3,191,5998,98,4.199164838786081,0
GAIL+TD3,191,6003,5,8.000870153727156,0
GAIL+TD3,191,6003,6,21.702413856642714,0
GAIL+TD3,191,6003,7,10.267583774250442,0
GAIL+TD3,191,6003,8,17.812321638408594,0
GAIL+TD3,191,6003,9,7.499109028511089,0
GAIL+TD3,191,6003,10,10.048144803808897,0
GAIL+TD3,191,6003,11,4.322842393934506,0
GAIL+TD3,191,6003,12,6.392634024222467,0
GAIL+TD3,191,6003,13,3.1697679567330503,0
GAIL+TD3,191,6003,14,8.41313240043057,0
GAIL+TD3,191,6003,15,6.07827368497662,0
GAIL+TD3,191,6003,16,6.653294478295424,0
GAIL+TD3,191,6003,17,4.7638595658877945,0
GAIL+TD3,191,6003,18,6.250527651708487,0
GAIL+TD3,191,6003,19,3.8887420101077685,0
GAIL+TD3,191,6003,20,6.1910896602933,0
GAIL+TD3,191,6003,21,6.194041456790696,0
GAIL+TD3,191,6003,22,5.8882673889150565,0
GAIL+TD3,191,6003,23,4.672823218997362,0
GAIL+TD3,191,6003,24,5.421351993421252,0
GAIL+TD3,191,6003,25,4.251557542781057,0
GAIL+TD3,191,6003,26,5.796975229958314,0
GAIL+TD3,191,6003,27,5.418095260568449,0
GAIL+TD3,191,6003,28,5.673350074772157,0
GAIL+TD3,191,6003,29,5.082152521300325,0
GAIL+TD3,191,6003,30,5.275896387184731,0
GAIL+TD3,191,6003,31,4.704609316688376,0
GAIL+TD3,191,6003,32,5.636147012771644,0
GAIL+TD3,191,6003,33,5.524569333712985,0
GAIL+TD3,191,6003,34,5.668285975248668,0
GAIL+TD3,191,6003,35,6.191076539717817,0
GAIL+TD3,191,6003,36,5.8546431520031375,0
GAIL+TD3,191,6003,37,5.364876060289396,0
GAIL+TD3,191,6003,38,5.9300718423546055,0
GAIL+TD3,191,6003,39,5.763679722128619,0
GAIL+TD3,191,6003,40,6.1691893236971085,0
GAIL+TD3,191,6003,41,5.297739135138059,0
GAIL+TD3,191,6003,42,5.9896845365886975,0
GAIL+TD3,191,6003,43,5.648209601416053,0
GAIL+TD3,191,6003,44,6.362414759075357,0
GAIL+TD3,191,6003,45,6.993418324305998,0
GAIL+TD3,191,6003,46,5.512902090482985,0
GAIL+TD3,191,6003,47,5.974146258391447,0
GAIL+TD3,191,6003,48,4.3612512281460525,0
GAIL+TD3,191,6003,49,2.9770137612361407,0
GAIL+TD3,191,6003,50,2.10856193949645,0
GAIL+TD3,191,6003,51,3.8085039997745476,0
GAIL+TD3,191,6003,52,3.098509675929941,0
GAIL+TD3,191,6003,53,9.029352846146537,0
GAIL+TD3,191,6003,54,13.951392138772635,0
GAIL+TD3,191,6003,55,12.12397082425397,0
GAIL+TD3,191,6003,56,6.945573139103291,0
GAIL+TD3,191,6003,57,3.303569722341776,0
GAIL+TD3,191,6003,58,5.041938565940885,0
GAIL+TD3,191,6003,59,3.5237307731992056,0
GAIL+TD3,191,6003,60,2.0001620903352917,0
GAIL+TD3,191,6003,61,12.090794585601033,0
GAIL+TD3,191,6003,62,42.67773950550406,0
GAIL+TD3,191,6003,63,4.834863179674015,0
GAIL+TD3,191,6003,64,5.4351286856369745,0
GAIL+TD3,191,6003,65,4.45388246954221,0
GAIL+TD3,191,6003,66,3.9330322646652065,0
GAIL+TD3,191,6003,67,3.29968461523619,0
GAIL+TD3,191,6003,68,18.05431483964332,0
GAIL+TD3,191,6003,69,4.508946725043346,0
GAIL+TD3,191,6003,70,7.071670022386567,0
GAIL+TD3,191,6003,71,3.1650578763968444,0
GAIL+TD3,191,6003,72,2.101688282379153,0
GAIL+TD3,191,6003,73,5.472261991954451,0
GAIL+TD3,191,6003,74,10.931944429106247,0
GAIL+TD3,191,6003,75,13.51490817514433,0
GAIL+TD3,191,6003,76,4.259392652190751,0
GAIL+TD3,191,6003,77,2.113195394033055,0
GAIL+TD3,191,6003,78,3.5583474625513642,0
GAIL+TD3,191,6003,79,1.686233572678072,0
GAIL+TD3,191,6003,80,4.160582978597373,0
GAIL+TD3,191,6003,81,10.828022215160754,0
GAIL+TD3,191,6003,82,4.765088692677883,0
GAIL+TD3,191,6003,83,5.514638075338229,0
GAIL+TD3,191,6003,84,3.127576386203017,0
GAIL+TD3,191,6003,85,7.2716788649595365,0
GAIL+TD3,191,6003,86,3.445523260412912,0
GAIL+TD3,191,6003,87,4.667502625868157,0
GAIL+TD3,191,6003,88,7.548359716504689,0
GAIL+TD3,191,6003,89,5.011980810053703,0
GAIL+TD3,191,6003,90,3.1219387680040023,0
GAIL+TD3,191,6003,91,3.0135795156526406,0
GAIL+TD3,191,6003,92,1.8150620358810765,0
GAIL+TD3,191,6003,93,1.123621545379441,0
GAIL+TD3,191,6003,94,0.6499428235970378,1
GAIL+TD3,191,6004,5,4.923790007806401,0
GAIL+TD3,191,6004,6,12.412464589235128,0
GAIL+TD3,191,6004,7,7.81313347608851,0
GAIL+TD3,191,6004,8,12.876772799849723,0
GAIL+TD3,191,6004,9,15.204298377655128,0
GAIL+TD3,191,6004,10,12.916056698036483,0
GAIL+TD3,191,6004,11,6.23407056345445,0
GAIL+TD3,191,6004,12,4.361908171790018,0
GAIL+TD3,191,6004,13,5.649537252250349,0
GAIL+TD3,191,6004,14,4.9928469976213705,0
GAIL+TD3,191,6004,15,6.272094122781494,0
GAIL+TD3,191,6004,16,8.992757133859794,0
GAIL+TD3,191,6004,17,5.784979796572384,0
GAIL+TD3,191,6004,18,5.213237305132646,0
GAIL+TD3,191,6004,19,6.270299796747969,0
GAIL+TD3,191,6004,20,4.986489277800729,0
GAIL+TD3,191,6004,21,6.03162642610772,0
GAIL+TD3,191,6004,22,6.576831035391236,0
GAIL+TD3,191,6004,23,5.10611236167299,0
GAIL+TD3,191,6004,24,5.052403880704276,0
GAIL+TD3,191,6004,25,5.581588710264058,0
GAIL+TD3,191,6004,26,5.052675615481852,0
GAIL+TD3,191,6004,27,5.513497551052062,0
GAIL+TD3,191,6004,28,5.911938886780289,0
GAIL+TD3,191,6004,29,5.274284678221582,0
GAIL+TD3,191,6004,30,5.244839142091153,0
GAIL+TD3,191,6004,31,5.438485339619861,0
GAIL+TD3,191,6004,32,5.255213396528311,0
GAIL+TD3,191,6004,33,5.913174522193005,0
GAIL+TD3,191,6004,34,5.902637180908146,0
GAIL+TD3,191,6004,35,5.6145619547515695,0
GAIL+TD3,191,6004,36,6.097175844870013,0
GAIL+TD3,191,6004,37,5.740615931362242,0
GAIL+TD3,191,6004,38,5.607911934924782,0
GAIL+TD3,191,6004,39,5.899720681554769,0
GAIL+TD3,191,6004,40,5.84521582484584,0
GAIL+TD3,191,6004,41,5.570907863148058,0
GAIL+TD3,191,6004,42,6.246452643666683,0
GAIL+TD3,191,6004,43,6.56483762024971,0
GAIL+TD3,191,6004,44,5.476410045514149,0
GAIL+TD3,191,6004,45,6.703529819986541,0
GAIL+TD3,191,6004,46,5.820052178564216,0
GAIL+TD3,191,6004,47,5.546146959633227,0
GAIL+TD3,191,6004,48,3.6189325408752584,0
GAIL+TD3,191,6004,49,5.371570379481243,0
GAIL+TD3,191,6004,50,7.095023867577871,0
GAIL+TD3,191,6004,51,4.020265704170504,0
GAIL+TD3,191,6004,52,7.71302554798936,0
GAIL+TD3,191,6004,53,3.1802811576579417,0
GAIL+TD3,191,6004,54,7.00939308675228,0
GAIL+TD3,191,6004,55,2.50431307574968,0
GAIL+TD3,191,6004,56,11.62219357773818,0
GAIL+TD3,191,6004,57,6.278797947850076,0
GAIL+TD3,191,6004,58,6.288856022647663,0
GAIL+TD3,191,6004,59,5.154051155154327,0
GAIL+TD3,191,6004,60,5.243476733654671,0
GAIL+TD3,191,6004,61,5.469645900784756,0
GAIL+TD3,191,6004,62,4.432557512631768,0
GAIL+TD3,191,6004,63,2.9806368736609503,0
GAIL+TD3,191,6004,64,8.144262989264641,0
GAIL+TD3,191,6004,65,3.890184288414483,0
GAIL+TD3,191,6004,66,8.0738681133714,0
GAIL+TD3,191,6004,67,11.977953001689661,0
GAIL+TD3,191,6004,68,3.9618349303539233,0
GAIL+TD3,191,6004,69,8.055489781047225,0
GAIL+TD3,191,6004,70,6.601957435869186,0
GAIL+TD3,191,6004,71,3.8500026175421858,0
GAIL+TD3,191,6004,72,5.620268850901368,0
GAIL+TD3,191,6004,73,3.141482592875226,0
GAIL+TD3,191,6004,74,4.683176000086705,0
GAIL+TD3,191,6004,75,3.9598057987746698,0
GAIL+TD3,191,6004,76,3.6681785661999298,0
GAIL+TD3,191,6004,77,4.016755750231553,0
GAIL+TD3,191,6004,78,6.799504026698663,0
GAIL+TD3,191,6004,79,6.656375222439861,0
GAIL+TD3,191,6004,80,3.711139034283745,0
GAIL+TD3,191,6004,81,1.547448253947958,0
GAIL+TD3,191,6004,82,6.855515754166913,0
GAIL+TD3,191,6004,83,1.9340980196017923,0
GAIL+TD3,191,6004,84,5.113074899646867,0
GAIL+TD3,191,6004,85,27.05194139819706,0
GAIL+TD3,191,6004,86,5.371004093857092,0
GAIL+TD3,191,6004,87,4.877603333542627,0
GAIL+TD3,191,6004,88,4.785777950150812,0
GAIL+TD3,191,6004,89,6.411634635010693,0
GAIL+TD3,191,6004,90,6.751283966673294,0
GAIL+TD3,191,6004,91,2.257396064674013,0
GAIL+TD3,191,6004,92,1.2749699087100606,0
GAIL+TD3,191,6004,93,0.614208488310358,1
GAIL+TD3,191,6007,5,3.9772682735645706,0
GAIL+TD3,191,6007,6,13.674623576937202,0
GAIL+TD3,191,6007,7,8.288361440766188,0
GAIL+TD3,191,6007,8,8.142165383660291,0
GAIL+TD3,191,6007,9,4.931784419751619,0
GAIL+TD3,191,6007,10,7.707377791188895,0
GAIL+TD3,191,6007,11,12.216366723259764,0
GAIL+TD3,191,6007,12,12.911720531790621,0
GAIL+TD3,191,6007,13,6.969069839569179,0
GAIL+TD3,191,6007,14,8.877145922746783,0
GAIL+TD3,191,6007,15,9.294689201164704,0
GAIL+TD3,191,6007,16,3.746489951164538,0
GAIL+TD3,191,6007,17,4.937885742532308,0
GAIL+TD3,191,6007,18,8.808566706864978,0
GAIL+TD3,191,6007,19,6.474775428726976,0
GAIL+TD3,191,6007,20,6.167662380481372,0
GAIL+TD3,191,6007,21,6.902096387824981,0
GAIL+TD3,191,6007,22,4.789558632886615,0
GAIL+TD3,191,6007,23,5.475394522038818,0
GAIL+TD3,191,6007,24,6.968803660370516,0
GAIL+TD3,191,6007,25,6.036268445243115,0
GAIL+TD3,191,6007,26,5.459592114308523,0
GAIL+TD3,191,6007,27,5.902317057789187,0
GAIL+TD3,191,6007,28,4.704014321362699,0
GAIL+TD3,191,6007,29,5.254603167366664,0
GAIL+TD3,191,6007,30,6.004178739912353,0
GAIL+TD3,191,6007,31,5.6239792511940845,0
GAIL+TD3,191,6007,32,5.43471029187268,0
GAIL+TD3,191,6007,33,5.735275223302679,0
GAIL+TD3,191,6007,34,5.4437551521193175,0
GAIL+TD3,191,6007,35,5.591003181050986,0
GAIL+TD3,191,6007,36,6.074665891923302,0
GAIL+TD3,191,6007,37,5.929982297153593,0
GAIL+TD3,191,6007,38,5.86939174083722,0
GAIL+TD3,191,6007,39,6.003029926143896,0
GAIL+TD3,191,6007,40,5.652556759586856,0
GAIL+TD3,191,6007,41,5.922532306396241,0
GAIL+TD3,191,6007,42,6.173402285107503,0
GAIL+TD3,191,6007,43,6.139505791389406,0
GAIL+TD3,191,6007,44,6.076683094285692,0
GAIL+TD3,191,6007,45,5.406753266789554,0
GAIL+TD3,191,6007,46,5.5283875873682735,0
GAIL+TD3,191,6007,47,5.914198878333463,0
GAIL+TD3,191,6007,48,4.8368572926299755,0
GAIL+TD3,191,6007,49,6.091220696691749,0
GAIL+TD3,191,6007,50,6.075504895221966,0
GAIL+TD3,191,6007,51,4.2450289867452025,0
GAIL+TD3,191,6007,52,3.1046829993738254,0
GAIL+TD3,191,6007,53,12.945619752064692,0
GAIL+TD3,191,6007,54,9.046726161094133,0
GAIL+TD3,191,6007,55,4.737782003402107,0
GAIL+TD3,191,6007,56,2.4950735941662017,0
GAIL+TD3,191,6007,57,7.5866010879772885,0
GAIL+TD3,191,6007,58,3.090513289532292,0
GAIL+TD3,191,6007,59,8.068957331167612,0
GAIL+TD3,191,6007,60,8.48485347650133,0
GAIL+TD3,191,6007,61,7.143247161190905,0
GAIL+TD3,191,6007,62,2.8362593267215797,0
GAIL+TD3,191,6007,63,7.92838696954615,0
GAIL+TD3,191,6007,64,2.422826323538826,0
GAIL+TD3,191,6007,65,3.6754736771464294,0
GAIL+TD3,191,6007,66,5.301642660670337,0
GAIL+TD3,191,6007,67,19.52597331688924,0
GAIL+TD3,191,6007,68,5.081693055706177,0
GAIL+TD3,191,6007,69,6.051709442925488,0
GAIL+TD3,191,6007,70,6.376526633411424,0
GAIL+TD3,191,6007,71,6.073592046921829,0
GAIL+TD3,191,6007,72,5.371267707573939,0
GAIL+TD3,191,6007,73,2.6897128382276896,0
GAIL+TD3,191,6007,74,1.7787618008670778,0
GAIL+TD3,191,6007,75,6.465266593201661,0
GAIL+TD3,191,6007,76,5.369303168196899,0
GAIL+TD3,191,6007,77,6.245741390776223,0
GAIL+TD3,191,6007,78,3.1691355085967094,0
GAIL+TD3,191,6007,79,6.0298710889377425,0
GAIL+TD3,191,6007,80,9.34688164847129,0
GAIL+TD3,191,6007,81,7.223760652824179,0
GAIL+TD3,191,6007,82,3.051359898505719,0
GAIL+TD3,191,6007,83,4.994848287661768,0
GAIL+TD3,191,6007,84,3.13245552411827,0
GAIL+TD3,191,6007,85,4.2238983883473304,0
GAIL+TD3,191,6007,86,15.353944112499248,0
GAIL+TD3,191,6007,87,5.225996060663995,0
GAIL+TD3,191,6007,88,3.3015753839184794,0
GAIL+TD3,191,6007,89,3.0844033647865783,0
GAIL+TD3,191,6007,90,4.926140883610216,0
GAIL+TD3,191,6007,91,4.914929078304714,0
GAIL+TD3,191,6007,92,2.6392731131337044,0
GAIL+TD3,191,6007,93,4.461572890499374,0
GAIL+TD3,191,6007,94,4.204873179157605,0
GAIL+TD3,191,6007,95,5.034585195885288,0
GAIL+TD3,191,6007,96,1.7229526683654686,0
GAIL+TD3,191,6007,97,5.4633679957127015,0
GAIL+TD3,191,6007,98,2.607897128802866,0
GAIL+TD3,191,6008,5,7.637931034482758,0
GAIL+TD3,191,6008,6,32.237311385459535,0
GAIL+TD3,191,6008,7,34.337521747535284,0
GAIL+TD3,191,6008,8,15.367207572684245,0
GAIL+TD3,191,6008,9,10.30128205128205,0
GAIL+TD3,191,6008,10,6.596449160757106,0
GAIL+TD3,191,6008,11,7.743512511584802,0
GAIL+TD3,191,6008,12,3.117895608045564,0
GAIL+TD3,191,6008,13,4.396642794646617,0
GAIL+TD3,191,6008,14,7.944456831413353,0
GAIL+TD3,191,6008,15,6.965864005970853,0
GAIL+TD3,191,6008,16,6.450123905501403,0
GAIL+TD3,191,6008,17,6.6025485343621755,0
GAIL+TD3,191,6008,18,5.427335376090351,0
GAIL+TD3,191,6008,19,4.352064645906537,0
GAIL+TD3,191,6008,20,7.329770536884024,0
GAIL+TD3,191,6008,21,7.003733410143355,0
GAIL+TD3,191,6008,22,6.044142897189713,0
GAIL+TD3,191,6008,23,6.391576692373608,0
GAIL+TD3,191,6008,24,5.812733463594045,0
GAIL+TD3,191,6008,25,5.040920730731417,0
GAIL+TD3,191,6008,26,6.489799008810573,0
GAIL+TD3,191,6008,27,6.1516727356870575,0
GAIL+TD3,191,6008,28,5.801826537264859,0
GAIL+TD3,191,6008,29,5.882664803963939,0
GAIL+TD3,191,6008,30,5.452471888991422,0
GAIL+TD3,191,6008,31,5.209491277114196,0
GAIL+TD3,191,6008,32,6.121458269017195,0
GAIL+TD3,191,6008,33,5.815188155058686,0
GAIL+TD3,191,6008,34,6.087568447739249,0
GAIL+TD3,191,6008,35,5.975500551693531,0
GAIL+TD3,191,6008,36,5.779934851680773,0
GAIL+TD3,191,6008,37,5.65021092425772,0
GAIL+TD3,191,6008,38,6.941931670216997,0
GAIL+TD3,191,6008,39,6.2004702337274376,0
GAIL+TD3,191,6008,40,6.1777994873569,0
GAIL+TD3,191,6008,41,6.325906338125839,0
GAIL+TD3,191,6008,42,5.627916996580816,0
GAIL+TD3,191,6008,43,5.443174979370762,0
GAIL+TD3,191,6008,44,5.802781787717147,0
GAIL+TD3,191,6008,45,5.226527008725764,0
GAIL+TD3,191,6008,46,5.19301582831276,0
GAIL+TD3,191,6008,47,6.733449995270462,0
GAIL+TD3,191,6008,48,5.327124287407975,0
GAIL+TD3,191,6008,49,3.2242431844468333,0
GAIL+TD3,191,6008,50,8.176710625155009,0
GAIL+TD3,191,6008,51,4.510003147843727,0
GAIL+TD3,191,6008,52,7.42599487617421,0
GAIL+TD3,191,6008,53,10.735497076771528,0
GAIL+TD3,191,6008,54,3.811841325180735,0
GAIL+TD3,191,6008,55,2.2285468547972678,0
GAIL+TD3,191,6008,56,2.405216468405115,0
GAIL+TD3,191,6008,57,14.543453284641581,0
GAIL+TD3,191,6008,58,3.0930233798583586,0
GAIL+TD3,191,6008,59,4.413089892567028,0
GAIL+TD3,191,6008,60,2.889939591981905,0
GAIL+TD3,191,6008,61,120.65324408938788,0
GAIL+TD3,191,6008,62,15.415233702645342,0
GAIL+TD3,191,6008,63,3.3020712676064545,0
GAIL+TD3,191,6008,64,4.06534830746872,0
GAIL+TD3,191,6008,65,6.035469255843836,0
GAIL+TD3,191,6008,66,6.961471618651782,0
GAIL+TD3,191,6008,67,6.632423382397196,0
GAIL+TD3,191,6008,68,4.451708704513486,0
GAIL+TD3,191,6008,69,2.893886830534543,0
GAIL+TD3,191,6008,70,2.6064782543996365,0
GAIL+TD3,191,6008,71,22.572683461749342,0
GAIL+TD3,191,6008,72,5.0431930903124815,0
GAIL+TD3,191,6008,73,10.064223538877917,0
GAIL+TD3,191,6008,74,3.136838545675039,0
GAIL+TD3,191,6008,75,2.4061805863855996,0
GAIL+TD3,191,6008,76,1.937929056405048,0
GAIL+TD3,191,6008,77,9.170347106119236,0
GAIL+TD3,191,6008,78,8.295744611133257,0
GAIL+TD3,191,6008,79,6.183284438948214,0
GAIL+TD3,191,6008,80,5.908225192415794,0
GAIL+TD3,191,6008,81,4.150452436438454,0
GAIL+TD3,191,6008,82,3.197442124741045,0
GAIL+TD3,191,6008,83,4.760291243181706,0
GAIL+TD3,191,6008,84,4.80605711665222,0
GAIL+TD3,191,6008,85,2.6994463075647617,0
GAIL+TD3,191,6008,86,14.159293206598276,0
GAIL+TD3,191,6008,87,5.641830122170239,0
GAIL+TD3,191,6008,88,2.805095745916367,0
GAIL+TD3,191,6008,89,4.365053257550077,0
GAIL+TD3,191,6008,90,1.8437222915405227,0
GAIL+TD3,191,6008,91,1.173699963841842,0
GAIL+TD3,191,6008,92,0.4983454776214508,1
GAIL+TD3,191,6009,5,5.841220179898317,0
GAIL+TD3,191,6009,6,22.126855123674908,0
GAIL+TD3,191,6009,7,12.05028583527419,0
GAIL+TD3,191,6009,8,24.747085531967116,0
GAIL+TD3,191,6009,9,12.43875995256649,0
GAIL+TD3,191,6009,10,7.738973897389738,0
GAIL+TD3,191,6009,11,9.86142145909287,0
GAIL+TD3,191,6009,12,4.814220024892823,0
GAIL+TD3,191,6009,13,2.9369538263155284,0
GAIL+TD3,191,6009,14,10.903413064764303,0
GAIL+TD3,191,6009,15,7.834916972082713,0
GAIL+TD3,191,6009,16,7.756023100705855,0
GAIL+TD3,191,6009,17,6.969118579581484,0
GAIL+TD3,191,6009,18,5.607170161010077,0
GAIL+TD3,191,6009,19,4.093178736733835,0
GAIL+TD3,191,6009,20,8.134847704110843,0
GAIL+TD3,191,6009,21,6.6969873789764875,0
GAIL+TD3,191,6009,22,6.350971198928333,0
GAIL+TD3,191,6009,23,6.206196791865639,0
GAIL+TD3,191,6009,24,5.4604466605800965,0
GAIL+TD3,191,6009,25,4.428813550231433,0
GAIL+TD3,191,6009,26,6.408637706217131,0
GAIL+TD3,191,6009,27,6.006810780634556,0
GAIL+TD3,191,6009,28,5.765518586635457,0
GAIL+TD3,191,6009,29,5.697809807269082,0
GAIL+TD3,191,6009,30,5.4222718147193065,0
GAIL+TD3,191,6009,31,4.89507231453651,0
GAIL+TD3,191,6009,32,6.102864453940177,0
GAIL+TD3,191,6009,33,6.335610757092707,0
GAIL+TD3,191,6009,34,5.999443528098499,0
GAIL+TD3,191,6009,35,5.970817091020853,0
GAIL+TD3,191,6009,36,5.847454817230603,0
GAIL+TD3,191,6009,37,5.54469092346497,0
GAIL+TD3,191,6009,38,6.144928529133982,0
GAIL+TD3,191,6009,39,5.966493513377418,0
GAIL+TD3,191,6009,40,5.904026055580122,0
GAIL+TD3,191,6009,41,5.550716243298809,0
GAIL+TD3,191,6009,42,5.85890949027932,0
GAIL+TD3,191,6009,43,6.494305000194599,0
GAIL+TD3,191,6009,44,6.135369656556943,0
GAIL+TD3,191,6009,45,4.904680627217478,0
GAIL+TD3,191,6009,46,5.561150224382694,0
GAIL+TD3,191,6009,47,3.068046644723328,0
GAIL+TD3,191,6009,48,3.022866303799218,0
GAIL+TD3,191,6009,49,4.533715260091758,0
GAIL+TD3,191,6009,50,9.250334277174767,0
GAIL+TD3,191,6009,51,6.697567631838205,0
GAIL+TD3,191,6009,52,7.959649513401738,0
GAIL+TD3,191,6009,53,5.207556795210748,0
GAIL+TD3,191,6009,54,6.853840621224208,0
GAIL+TD3,191,6009,55,3.148630759524803,0
GAIL+TD3,191,6009,56,5.69550091280085,0
GAIL+TD3,191,6009,57,3.247119860812865,0
GAIL+TD3,191,6009,58,11.554325156975995,0
GAIL+TD3,191,6009,59,6.80521902149216,0
GAIL+TD3,191,6009,60,3.382373075651512,0
GAIL+TD3,191,6009,61,3.9684658111769586,0
GAIL+TD3,191,6009,62,3.494291791209583,0
GAIL+TD3,191,6009,63,1.8866358676920616,0
GAIL+TD3,191,6009,64,5.961926656745352,0
GAIL+TD3,191,6009,65,4.086117631729499,0
GAIL+TD3,191,6009,66,4.802770609805785,0
GAIL+TD3,191,6009,67,3.4687623678407875,0
GAIL+TD3,191,6009,68,3.846901146575767,0
GAIL+TD3,191,6009,69,6.13188420304752,0
GAIL+TD3,191,6009,70,4.703030872408001,0
GAIL+TD3,191,6009,71,5.570819661801176,0
GAIL+TD3,191,6009,72,6.03297917070962,0
GAIL+TD3,191,6009,73,6.123332558574078,0
GAIL+TD3,191,6009,74,5.498399193685272,0
GAIL+TD3,191,6009,75,4.928585711289827,0
GAIL+TD3,191,6009,76,2.3210082550005304,0
GAIL+TD3,191,6009,77,3.714132872516088,0
GAIL+TD3,191,6009,78,2.60834631211917,0
GAIL+TD3,191,6009,79,1.815294673575855,0
GAIL+TD3,191,6009,80,8.684167128391497,0
GAIL+TD3,191,6009,81,7.7422840887297815,0
GAIL+TD3,191,6009,82,4.586397049583025,0
GAIL+TD3,191,6009,83,7.929511829498793,0
GAIL+TD3,191,6009,84,3.5101641433157447,0
GAIL+TD3,191,6009,85,4.73490400596407,0
GAIL+TD3,191,6009,86,5.371201733946832,0
GAIL+TD3,191,6009,87,5.6362684596727135,0
GAIL+TD3,191,6009,88,2.433896247985651,0
GAIL+TD3,191,6009,89,4.181873700455657,0
GAIL+TD3,191,6009,90,1.9292352883396555,0
GAIL+TD3,191,6009,91,3.980621917868073,0
GAIL+TD3,191,6009,92,3.5401353862301774,0
GAIL+TD3,191,6009,93,4.072825422540791,0
GAIL+TD3,191,6009,94,4.796897885709814,0
GAIL+TD3,191,6009,95,4.928148952617368,0
GAIL+TD3,191,6009,96,7.30212676044892,0
GAIL+TD3,191,6009,97,8.656800606957304,0
GAIL+TD3,191,6009,98,3.3868550270442137,0
GAIL+TD3,191,6010,5,13.678329031641333,0
GAIL+TD3,191,6010,6,36.84338402377207,0
GAIL+TD3,191,6010,7,15.327911427009294,0
GAIL+TD3,191,6010,8,9.953330134775591,0
GAIL+TD3,191,6010,9,5.53147128245476,0
GAIL+TD3,191,6010,10,4.061294525118363,0
GAIL+TD3,191,6010,11,2.9992852595959483,0
GAIL+TD3,191,6010,12,7.844116888143466,0
GAIL+TD3,191,6010,13,7.923279886340573,0
GAIL+TD3,191,6010,14,6.885043454696785,0
GAIL+TD3,191,6010,15,4.915372700623407,0
GAIL+TD3,191,6010,16,4.615260768297788,0
GAIL+TD3,191,6010,17,5.8875666140793275,0
GAIL+TD3,191,6010,18,4.515807863543291,0
GAIL+TD3,191,6010,19,5.6712254538172475,0
GAIL+TD3,191,6010,20,7.161808706926646,0
GAIL+TD3,191,6010,21,5.146725088888709,0
GAIL+TD3,191,6010,22,4.753113077019832,0
GAIL+TD3,191,6010,23,7.512708931904453,0
GAIL+TD3,191,6010,24,7.26425515640426,0
GAIL+TD3,191,6010,25,4.582718550321501,0
GAIL+TD3,191,6010,26,5.841668250498907,0
GAIL+TD3,191,6010,27,5.363178112066616,0
GAIL+TD3,191,6010,28,5.216942826493613,0
GAIL+TD3,191,6010,29,5.645121378711232,0
GAIL+TD3,191,6010,30,6.554575406032482,0
GAIL+TD3,191,6010,31,5.080324669126481,0
GAIL+TD3,191,6010,32,5.949877968926724,0
GAIL+TD3,191,6010,33,5.685622425706147,0
GAIL+TD3,191,6010,34,5.678846664895031,0
GAIL+TD3,191,6010,35,5.891771145520041,0
GAIL+TD3,191,6010,36,6.303867461421357,0
GAIL+TD3,191,6010,37,5.595615075505128,0
GAIL+TD3,191,6010,38,5.996234761370665,0
GAIL+TD3,191,6010,39,5.8980457327423705,0
GAIL+TD3,191,6010,40,6.111628177023037,0
GAIL+TD3,191,6010,41,6.43109079606795,0
GAIL+TD3,191,6010,42,5.902040266171024,0
GAIL+TD3,191,6010,43,6.605326549939306,0
GAIL+TD3,191,6010,44,5.034473006489656,0
GAIL+TD3,191,6010,45,4.790697351200472,0
GAIL+TD3,191,6010,46,5.3538081323094,0
GAIL+TD3,191,6010,47,4.042481927139996,0
GAIL+TD3,191,6010,48,3.712115014308018,0
GAIL+TD3,191,6010,49,24.345987307687096,0
GAIL+TD3,191,6010,50,4.913618932104706,0
GAIL+TD3,191,6010,51,5.387304145284187,0
GAIL+TD3,191,6010,52,4.687758588332668,0
GAIL+TD3,191,6010,53,5.4151286950140385,0
GAIL+TD3,191,6010,54,9.849286799303473,0
GAIL+TD3,191,6010,55,5.046683766014728,0
GAIL+TD3,191,6010,56,4.403388054344194,0
GAIL+TD3,191,6010,57,4.5931818282725585,0
GAIL+TD3,191,6010,58,4.73562557301939,0
GAIL+TD3,191,6010,59,2.4056984414107307,0
GAIL+TD3,191,6010,60,1.8884894557426344,0
GAIL+TD3,191,6010,61,6.908259147354012,0
GAIL+TD3,191,6010,62,43.565049675929046,0
GAIL+TD3,191,6010,63,3.6889021587628785,0
GAIL+TD3,191,6010,64,3.4436731469443522,0
GAIL+TD3,191,6010,65,3.611963834301057,0
GAIL+TD3,191,6010,66,7.22086391951569,0
GAIL+TD3,191,6010,67,6.786630617922495,0
GAIL+TD3,191,6010,68,6.220564645492461,0
GAIL+TD3,191,6010,69,7.452880077260936,0
GAIL+TD3,191,6010,70,5.698013457401186,0
GAIL+TD3,191,6010,71,8.704112840795878,0
GAIL+TD3,191,6010,72,3.746701236705435,0
GAIL+TD3,191,6010,73,3.0184439385980273,0
GAIL+TD3,191,6010,74,2.9201229599465526,0
GAIL+TD3,191,6010,75,3.856115464735642,0
GAIL+TD3,191,6010,76,3.896032396996377,0
GAIL+TD3,191,6010,77,7.4123241811371035,0
GAIL+TD3,191,6010,78,6.446482000469606,0
GAIL+TD3,191,6010,79,5.91016597337655,0
GAIL+TD3,191,6010,80,2.938380156499748,0
GAIL+TD3,191,6010,81,2.6891141258385582,0
GAIL+TD3,191,6010,82,3.006876118200805,0
GAIL+TD3,191,6010,83,1.7773471566547254,0
GAIL+TD3,191,6010,84,6.15934089208308,0
GAIL+TD3,191,6010,85,8.098976999959564,0
GAIL+TD3,191,6010,86,4.100662705145666,0
GAIL+TD3,191,6010,87,5.877964328460843,0
GAIL+TD3,191,6010,88,3.2594789031888984,0
GAIL+TD3,191,6010,89,7.742467210542241,0
GAIL+TD3,191,6010,90,5.706920506272476,0
GAIL+TD3,191,6010,91,5.758495656155651,0
GAIL+TD3,191,6010,92,3.4786418780753925,0
GAIL+TD3,191,6010,93,5.020729325078423,0
GAIL+TD3,191,6010,94,2.256059481449068,0
GAIL+TD3,191,6010,95,3.214527607576842,0
GAIL+TD3,191,6010,96,3.2906579592353062,0
GAIL+TD3,191,6010,97,2.5342971034258337,0
GAIL+TD3,191,6010,98,3.717458228100967,0
GAIL+TD3,191,6011,5,5.396820752876924,0
GAIL+TD3,191,6011,6,9.950292950292951,0
GAIL+TD3,191,6011,7,11.087090883551058,0
GAIL+TD3,191,6011,8,6.096627392307215,0
GAIL+TD3,191,6011,9,8.25918381681534,0
GAIL+TD3,191,6011,10,8.394026867991562,0
GAIL+TD3,191,6011,11,11.089305889865896,0
GAIL+TD3,191,6011,12,5.689122359215114,0
GAIL+TD3,191,6011,13,7.2645878870043985,0
GAIL+TD3,191,6011,14,6.791046938381301,0
GAIL+TD3,191,6011,15,6.5267503580756605,0
GAIL+TD3,191,6011,16,3.975388860455284,0
GAIL+TD3,191,6011,17,7.967967076094105,0
GAIL+TD3,191,6011,18,5.599917108974959,0
GAIL+TD3,191,6011,19,6.530551394330492,0
GAIL+TD3,191,6011,20,6.250618046971571,0
GAIL+TD3,191,6011,21,5.826272431467717,0
GAIL+TD3,191,6011,22,4.978652311119362,0
GAIL+TD3,191,6011,23,6.145096519989038,0
GAIL+TD3,191,6011,24,5.121583162353563,0
GAIL+TD3,191,6011,25,5.913442380615721,0
GAIL+TD3,191,6011,26,5.4913169319826345,0
GAIL+TD3,191,6011,27,5.577638089270095,0
GAIL+TD3,191,6011,28,5.0092934709746615,0
GAIL+TD3,191,6011,29,5.663792237366463,0
GAIL+TD3,191,6011,30,5.182456304765474,0
GAIL+TD3,191,6011,31,5.743324090252982,0
GAIL+TD3,191,6011,32,5.600334879472988,0
GAIL+TD3,191,6011,33,5.5977693942697595,0
GAIL+TD3,191,6011,34,5.378619297702233,0
GAIL+TD3,191,6011,35,5.778264809531801,0
GAIL+TD3,191,6011,36,5.5643562612817545,0
GAIL+TD3,191,6011,37,5.93061745927187,0
GAIL+TD3,191,6011,38,6.2614968240205435,0
GAIL+TD3,191,6011,39,6.055799852706693,0
GAIL+TD3,191,6011,40,5.93209199042987,0
GAIL+TD3,191,6011,41,6.071616834755783,0
GAIL+TD3,191,6011,42,5.604060382019753,0
GAIL+TD3,191,6011,43,6.612950251969596,0
GAIL+TD3,191,6011,44,5.490887715771585,0
GAIL+TD3,191,6011,45,5.034034213440578,0
GAIL+TD3,191,6011,46,6.087099468328153,0
GAIL+TD3,191,6011,47,6.302839316268328,0
GAIL+TD3,191,6011,48,3.6964891756443627,0
GAIL+TD3,191,6011,49,6.0922256640473655,0
GAIL+TD3,191,6011,50,7.051046765347644,0
GAIL+TD3,191,6011,51,3.3374357993445956,0
GAIL+TD3,191,6011,52,4.854328901530126,0
GAIL+TD3,191,6011,53,5.876663490514856,0
GAIL+TD3,191,6011,54,8.206510912774151,0
GAIL+TD3,191,6011,55,6.502841593687276,0
GAIL+TD3,191,6011,56,3.234660141806803,0
GAIL+TD3,191,6011,57,4.855464481255644,0
GAIL+TD3,191,6011,58,4.2273744388114265,0
GAIL+TD3,191,6011,59,2.6707756405805156,0
GAIL+TD3,191,6011,60,11.256812360724556,0
GAIL+TD3,191,6011,61,31.50421633638698,0
GAIL+TD3,191,6011,62,5.973577694677672,0
GAIL+TD3,191,6011,63,3.09947115062358,0
GAIL+TD3,191,6011,64,5.792523777599329,0
GAIL+TD3,191,6011,65,3.605920567420403,0
GAIL+TD3,191,6011,66,2.8333531645358914,0
GAIL+TD3,191,6011,67,13.298800207997767,0
GAIL+TD3,191,6011,68,12.66881043266446,0
GAIL+TD3,191,6011,69,4.935584640589707,0
GAIL+TD3,191,6011,70,3.62936806308158,0
GAIL+TD3,191,6011,71,3.409127346828691,0
GAIL+TD3,191,6011,72,3.7509737020647638,0
GAIL+TD3,191,6011,73,11.012894225975158,0
GAIL+TD3,191,6011,74,9.73130708103893,0
GAIL+TD3,191,6011,75,2.8381941052619957,0
GAIL+TD3,191,6011,76,3.026340241510504,0
GAIL+TD3,191,6011,77,1.8745340816740086,0
GAIL+TD3,191,6011,78,2.64339936637862,0
GAIL+TD3,191,6011,79,5.8575222528345865,0
GAIL+TD3,191,6011,80,5.453949326877239,0
GAIL+TD3,191,6011,81,5.287705444828221,0
GAIL+TD3,191,6011,82,5.615584376510232,0
GAIL+TD3,191,6011,83,4.685358705794226,0
GAIL+TD3,191,6011,84,10.098259309492686,0
GAIL+TD3,191,6011,85,4.332258474187821,0
GAIL+TD3,191,6011,86,5.84282111777645,0
GAIL+TD3,191,6011,87,5.298708657577441,0
GAIL+TD3,191,6011,88,2.484728916841662,0
GAIL+TD3,191,6011,89,2.249055361955799,0
GAIL+TD3,191,6011,90,4.014349253731343,0
GAIL+TD3,191,6011,91,8.17065214740385,0
GAIL+TD3,191,6011,92,13.203114175214392,0
GAIL+TD3,191,6011,93,2.8224295819725493,0
GAIL+TD3,191,6011,94,3.985739266763146,0
GAIL+TD3,191,6011,95,6.384977108865796,0
GAIL+TD3,191,6011,96,6.624314058526441,0
GAIL+TD3,191,6011,97,3.015354063982,0
GAIL+TD3,191,6011,98,8.19255740658143,0
GAIL+TD3,191,6012,5,8.669400752677799,0
GAIL+TD3,191,6012,6,24.434870475840526,0
GAIL+TD3,191,6012,7,10.626866723020568,0
GAIL+TD3,191,6012,8,8.186093046523263,0
GAIL+TD3,191,6012,9,9.589922200108557,0
GAIL+TD3,191,6012,10,8.565040800502159,0
GAIL+TD3,191,6012,11,3.7834199875702965,0
GAIL+TD3,191,6012,12,6.965065159365677,0
GAIL+TD3,191,6012,13,3.8547247628836474,0
GAIL+TD3,191,6012,14,5.624356208240534,0
GAIL+TD3,191,6012,15,6.142249134948097,0
GAIL+TD3,191,6012,16,6.662228475344016,0
GAIL+TD3,191,6012,17,4.436832253722555,0
GAIL+TD3,191,6012,18,5.637909192257019,0
GAIL+TD3,191,6012,19,4.264879273640351,0
GAIL+TD3,191,6012,20,5.077164188850918,0
GAIL+TD3,191,6012,21,5.3782458556331045,0
GAIL+TD3,191,6012,22,5.3787857510649255,0
GAIL+TD3,191,6012,23,3.9924899333872035,0
GAIL+TD3,191,6012,24,4.632810797460447,0
GAIL+TD3,191,6012,25,5.2205543917623105,0
GAIL+TD3,191,6012,26,4.901485351609633,0
GAIL+TD3,191,6012,27,4.863277776833904,0
GAIL+TD3,191,6012,28,6.5568964332348285,0
GAIL+TD3,191,6012,29,4.821757224078308,0
GAIL+TD3,191,6012,30,4.954715322048802,0
GAIL+TD3,191,6012,31,4.870931649129006,0
GAIL+TD3,191,6012,32,6.023778547515661,0
GAIL+TD3,191,6012,33,5.394738174392899,0
GAIL+TD3,191,6012,34,5.93870473311343,0
GAIL+TD3,191,6012,35,5.370770866678112,0
GAIL+TD3,191,6012,36,5.387276274104333,0
GAIL+TD3,191,6012,37,5.394701094763844,0
GAIL+TD3,191,6012,38,6.008391543737486,0
GAIL+TD3,191,6012,39,7.792035654019473,0
GAIL+TD3,191,6012,40,5.178932303868642,0
GAIL+TD3,191,6012,41,5.429256464934024,0
GAIL+TD3,191,6012,42,4.964696100316109,0
GAIL+TD3,191,6012,43,5.877835849221874,0
GAIL+TD3,191,6012,44,5.990957704741379,0
GAIL+TD3,191,6012,45,5.982603654146402,0
GAIL+TD3,191,6012,46,6.216988532367114,0
GAIL+TD3,191,6012,47,3.4910407581479626,0
GAIL+TD3,191,6012,48,3.0287301717680553,0
GAIL+TD3,191,6012,49,1.197390620358243,0
GAIL+TD3,191,6012,50,5.62455519364374,0
GAIL+TD3,191,6012,51,2.074690563963544,0
GAIL+TD3,191,6012,52,5.349796392144923,0
GAIL+TD3,191,6012,53,2.210050326936834,0
GAIL+TD3,191,6012,54,4.221412119142079,0
GAIL+TD3,191,6012,55,3.402013725553372,0
GAIL+TD3,191,6012,56,4.441799114387532,0
GAIL+TD3,191,6012,57,8.526168973994048,0
GAIL+TD3,191,6012,58,5.996723137126659,0
GAIL+TD3,191,6012,59,7.232433958074352,0
GAIL+TD3,191,6012,60,11.334435239869462,0
GAIL+TD3,191,6012,61,11.398231271476764,0
GAIL+TD3,191,6012,62,4.847823624585822,0
GAIL+TD3,191,6012,63,2.764462809917355,0
GAIL+TD3,191,6012,64,2.4247498331683173,0
GAIL+TD3,191,6012,65,1.8014127985299322,0
GAIL+TD3,191,6012,66,3.489097805916385,0
GAIL+TD3,191,6012,67,18.536403968132554,0
GAIL+TD3,191,6012,68,5.368979125317599,0
GAIL+TD3,191,6012,69,3.7706477981395086,0
GAIL+TD3,191,6012,70,5.290676522588473,0
GAIL+TD3,191,6012,71,8.611555282287254,0
GAIL+TD3,191,6012,72,7.881426731012664,0
GAIL+TD3,191,6012,73,6.526032421044418,0
GAIL+TD3,191,6012,74,3.319306344123438,0
GAIL+TD3,191,6012,75,3.0802230980550713,0
GAIL+TD3,191,6012,76,1.739661013211609,0
GAIL+TD3,191,6012,77,5.388127122755943,0
GAIL+TD3,191,6012,78,8.986515574843326,0
GAIL+TD3,191,6012,79,8.255486729294006,0
GAIL+TD3,191,6012,80,5.449225445031028,0
GAIL+TD3,191,6012,81,3.853245274041387,0
GAIL+TD3,191,6012,82,4.062687199974649,0
GAIL+TD3,191,6012,83,2.5772848718637857,0
GAIL+TD3,191,6012,84,5.009915538706593,0
GAIL+TD3,191,6012,85,6.640109714271441,0
GAIL+TD3,191,6012,86,5.586216648106827,0
GAIL+TD3,191,6012,87,3.801537383730747,0
GAIL+TD3,191,6012,88,6.811066330893783,0
GAIL+TD3,191,6012,89,3.4357402540053177,0
GAIL+TD3,191,6012,90,2.4275747533839653,0
GAIL+TD3,191,6012,91,6.258351982681702,0
GAIL+TD3,191,6012,92,8.41555692270068,0
GAIL+TD3,191,6012,93,2.8489741753926077,0
GAIL+TD3,191,6012,94,3.993651728906016,0
GAIL+TD3,191,6012,95,5.2021682860627045,0
GAIL+TD3,191,6012,96,3.351712519643793,0
GAIL+TD3,191,6012,97,2.1908271171844325,0
GAIL+TD3,191,6012,98,8.649617178562,0
GAIL+TD3,191,6014,5,6.022633744855965,0
GAIL+TD3,191,6014,6,11.682084198602984,0
GAIL+TD3,191,6014,7,8.970604781997185,0
GAIL+TD3,191,6014,8,7.0424342105263165,0
GAIL+TD3,191,6014,9,6.196227080394922,0
GAIL+TD3,191,6014,10,3.821105671300432,0
GAIL+TD3,191,6014,11,4.697893784726708,0
GAIL+TD3,191,6014,12,7.490996967399547,0
GAIL+TD3,191,6014,13,9.34262023217247,0
GAIL+TD3,191,6014,14,9.007305255311218,0
GAIL+TD3,191,6014,15,4.419685980176027,0
GAIL+TD3,191,6014,16,7.448907770040974,0
GAIL+TD3,191,6014,17,4.336559523203097,0
GAIL+TD3,191,6014,18,5.528569852303716,0
GAIL+TD3,191,6014,19,5.714926083419043,0
GAIL+TD3,191,6014,20,6.4377810103147315,0
GAIL+TD3,191,6014,21,4.62594027809437,0
GAIL+TD3,191,6014,22,5.4624399772116865,0
GAIL+TD3,191,6014,23,4.395699962740913,0
GAIL+TD3,191,6014,24,4.903823178016727,0
GAIL+TD3,191,6014,25,5.340507712026977,0
GAIL+TD3,191,6014,26,5.9029936897291,0
GAIL+TD3,191,6014,27,4.944922240835763,0
GAIL+TD3,191,6014,28,5.4303370711653915,0
GAIL+TD3,191,6014,29,4.757391911110637,0
GAIL+TD3,191,6014,30,5.188643946742849,0
GAIL+TD3,191,6014,31,5.433038606945883,0
GAIL+TD3,191,6014,32,5.797859219670214,0
GAIL+TD3,191,6014,33,5.249022308581548,0
GAIL+TD3,191,6014,34,5.5984000381511025,0
GAIL+TD3,191,6014,35,5.228026211077059,0
GAIL+TD3,191,6014,36,5.4511978356619135,0
GAIL+TD3,191,6014,37,5.665536062977599,0
GAIL+TD3,191,6014,38,5.945624449220693,0
GAIL+TD3,191,6014,39,5.5604384482252565,0
GAIL+TD3,191,6014,40,5.836904670493156,0
GAIL+TD3,191,6014,41,6.147466066277089,0
GAIL+TD3,191,6014,42,5.642632764699056,0
GAIL+TD3,191,6014,43,5.844877750177761,0
GAIL+TD3,191,6014,44,6.351217146288511,0
GAIL+TD3,191,6014,45,5.720241912886452,0
GAIL+TD3,191,6014,46,6.23907081692348,0
GAIL+TD3,191,6014,47,7.039859591149332,0
GAIL+TD3,191,6014,48,4.917908656367183,0
GAIL+TD3,191,6014,49,6.3459352175506964,0
GAIL+TD3,191,6014,50,4.832252121253961,0
GAIL+TD3,191,6014,51,3.0290925816909327,0
GAIL+TD3,191,6014,52,3.1163999899525257,0
GAIL+TD3,191,6014,53,4.343222724234841,0
GAIL+TD3,191,6014,54,1.836367098220183,0
GAIL+TD3,191,6014,55,2.9908886201576244,0
GAIL+TD3,191,6014,56,4.16108433347088,0
GAIL+TD3,191,6014,57,16.369131853065856,0
GAIL+TD3,191,6014,58,11.920276022613903,0
GAIL+TD3,191,6014,59,4.443278283518804,0
GAIL+TD3,191,6014,60,14.220238486517756,0
GAIL+TD3,191,6014,61,10.55498456813586,0
GAIL+TD3,191,6014,62,4.197863915826366,0
GAIL+TD3,191,6014,63,2.3072294896587597,0
GAIL+TD3,191,6014,64,3.181804702669939,0
GAIL+TD3,191,6014,65,2.048768368300348,0
GAIL+TD3,191,6014,66,2.698902161089026,0
GAIL+TD3,191,6014,67,15.184350027692066,0
GAIL+TD3,191,6014,68,6.87863375635755,0
GAIL+TD3,191,6014,69,6.933489007627361,0
GAIL+TD3,191,6014,70,5.8051264231350235,0
GAIL+TD3,191,6014,71,4.448703181212005,0
GAIL+TD3,191,6014,72,3.9395811811591215,0
GAIL+TD3,191,6014,73,8.158135683207725,0
GAIL+TD3,191,6014,74,4.882199632058115,0
GAIL+TD3,191,6014,75,6.204072781466399,0
GAIL+TD3,191,6014,76,2.5098542740931915,0
GAIL+TD3,191,6014,77,4.114665025745487,0
GAIL+TD3,191,6014,78,2.117106397726403,0
GAIL+TD3,191,6014,79,9.530903504121843,0
GAIL+TD3,191,6014,80,5.377070069827494,0
GAIL+TD3,191,6014,81,4.716286097110361,0
GAIL+TD3,191,6014,82,13.848596750369275,0
GAIL+TD3,191,6014,83,3.7021536853339896,0
GAIL+TD3,191,6014,84,3.2089128874037987,0
GAIL+TD3,191,6014,85,4.884629518345748,0
GAIL+TD3,191,6014,86,4.6147931937172775,0
GAIL+TD3,191,6014,87,2.1095573810309713,0
GAIL+TD3,191,6014,88,2.1116500386223023,0
GAIL+TD3,191,6014,89,10.009252156124324,0
GAIL+TD3,191,6014,90,2.908896354529293,0
GAIL+TD3,191,6014,91,2.8770272939669908,0
GAIL+TD3,191,6014,92,4.480900734859762,0
GAIL+TD3,191,6014,93,6.28620119292266,0
GAIL+TD3,191,6014,94,10.872482835088919,0
GAIL+TD3,191,6014,95,7.968076955441488,0
GAIL+TD3,191,6014,96,4.484809575048172,0
GAIL+TD3,191,6014,97,3.5867155863748246,0
GAIL+TD3,191,6014,98,2.4344290226063827,0
GAIL+TD3,191,6015,5,6.574379363847942,0
GAIL+TD3,191,6015,6,13.512744186046513,0
GAIL+TD3,191,6015,7,6.441128168511245,0
GAIL+TD3,191,6015,8,7.060229212387222,0
GAIL+TD3,191,6015,9,11.98267843903754,0
GAIL+TD3,191,6015,10,10.154833975417352,0
GAIL+TD3,191,6015,11,8.648503537094138,0
GAIL+TD3,191,6015,12,7.62895410082769,0
GAIL+TD3,191,6015,13,3.5988449220791394,0
GAIL+TD3,191,6015,14,4.941277490580917,0
GAIL+TD3,191,6015,15,4.721499829121031,0
GAIL+TD3,191,6015,16,7.737167771343008,0
GAIL+TD3,191,6015,17,6.97747074931541,0
GAIL+TD3,191,6015,18,6.518278899368618,0
GAIL+TD3,191,6015,19,3.919798236780269,0
GAIL+TD3,191,6015,20,5.895727977029632,0
GAIL+TD3,191,6015,21,4.209860319034631,0
GAIL+TD3,191,6015,22,5.741996608111221,0
GAIL+TD3,191,6015,23,5.594767533784097,0
GAIL+TD3,191,6015,24,5.456316105568716,0
GAIL+TD3,191,6015,25,4.270715791107688,0
GAIL+TD3,191,6015,26,5.144245991342219,0
GAIL+TD3,191,6015,27,4.653534673672325,0
GAIL+TD3,191,6015,28,5.622706504317871,0
GAIL+TD3,191,6015,29,5.312656854649375,0
GAIL+TD3,191,6015,30,5.382655388010298,0
GAIL+TD3,191,6015,31,4.7247791287442285,0
GAIL+TD3,191,6015,32,5.3023882865943905,0
GAIL+TD3,191,6015,33,5.040298207428152,0
GAIL+TD3,191,6015,34,6.70153271091123,0
GAIL+TD3,191,6015,35,5.8480070898985,0
GAIL+TD3,191,6015,36,5.678274585225558,0
GAIL+TD3,191,6015,37,5.365607680275066,0
GAIL+TD3,191,6015,38,5.743090220737027,0
GAIL+TD3,191,6015,39,6.05648407009907,0
GAIL+TD3,191,6015,40,5.661727047146403,0
GAIL+TD3,191,6015,41,7.205351988784738,0
GAIL+TD3,191,6015,42,6.058979402526042,0
GAIL+TD3,191,6015,43,6.031637425802088,0
GAIL+TD3,191,6015,44,6.077968313362849,0
GAIL+TD3,191,6015,45,5.6235383568882735,0
GAIL+TD3,191,6015,46,4.52005451110354,0
GAIL+TD3,191,6015,47,5.017610389754764,0
GAIL+TD3,191,6015,48,4.052814702558007,0
GAIL+TD3,191,6015,49,4.443458919624092,0
GAIL+TD3,191,6015,50,6.007625390943676,0
GAIL+TD3,191,6015,51,8.955837501524949,0
GAIL+TD3,191,6015,52,6.149958338564792,0
GAIL+TD3,191,6015,53,3.284838123130627,0
GAIL+TD3,191,6015,54,4.64420737877769,0
GAIL+TD3,191,6015,55,5.947495876661992,0
GAIL+TD3,191,6015,56,9.065514389647243,0
GAIL+TD3,191,6015,57,2.7465766332917654,0
GAIL+TD3,191,6015,58,12.491695005955563,0
GAIL+TD3,191,6015,59,8.646294162627113,0
GAIL+TD3,191,6015,60,7.9076676781846675,0
GAIL+TD3,191,6015,61,2.9163909324136057,0
GAIL+TD3,191,6015,62,6.434304202858958,0
GAIL+TD3,191,6015,63,7.342944557109475,0
GAIL+TD3,191,6015,64,2.4885248913497966,0
GAIL+TD3,191,6015,65,2.7153075979209187,0
GAIL+TD3,191,6015,66,3.4668623556500795,0
GAIL+TD3,191,6015,67,11.715613725256508,0
GAIL+TD3,191,6015,68,3.974213816384994,0
GAIL+TD3,191,6015,69,11.343209245897452,0
GAIL+TD3,191,6015,70,11.882846136415134,0
GAIL+TD3,191,6015,71,3.8548234636906775,0
GAIL+TD3,191,6015,72,3.8325636349670615,0
GAIL+TD3,191,6015,73,4.307492548263205,0
GAIL+TD3,191,6015,74,2.7509074619808085,0
GAIL+TD3,191,6015,75,3.594987875506522,0
GAIL+TD3,191,6015,76,15.425415869355303,0
GAIL+TD3,191,6015,77,5.643734960874591,0
GAIL+TD3,191,6015,78,13.827374310455923,0
GAIL+TD3,191,6015,79,2.2873153052102486,0
GAIL+TD3,191,6015,80,4.377191402584802,0
GAIL+TD3,191,6015,81,1.502931488072867,0
GAIL+TD3,191,6015,82,2.5455019506921435,0
GAIL+TD3,191,6015,83,3.061006006126732,0
GAIL+TD3,191,6015,84,8.283480679698137,0
GAIL+TD3,191,6015,85,4.183572594520669,0
GAIL+TD3,191,6015,86,5.9509648624445095,0
GAIL+TD3,191,6015,87,3.842153575511515,0
GAIL+TD3,191,6015,88,6.137161764564019,0
GAIL+TD3,191,6015,89,3.2046465281514034,0
GAIL+TD3,191,6015,90,4.043670138836997,0
GAIL+TD3,191,6015,91,4.110396511074204,0
GAIL+TD3,191,6015,92,2.259596912221873,0
GAIL+TD3,191,6015,93,3.012798009198569,0
GAIL+TD3,191,6015,94,4.280199904277461,0
GAIL+TD3,191,6015,95,5.398846748828787,0
GAIL+TD3,191,6015,96,4.795272222935035,0
GAIL+TD3,191,6015,97,7.177140375014313,0
GAIL+TD3,191,6015,98,3.817157154271912,0
GAIL+TD3,191,6018,5,5.051548412387299,0
GAIL+TD3,191,6018,6,18.196486195769094,0
GAIL+TD3,191,6018,7,18.278527607361962,0
GAIL+TD3,191,6018,8,7.677766393442622,0
GAIL+TD3,191,6018,9,16.02497365648051,0
GAIL+TD3,191,6018,10,7.69847158332097,0
GAIL+TD3,191,6018,11,10.615905245346871,0
GAIL+TD3,191,6018,12,5.147160139429978,0
GAIL+TD3,191,6018,13,6.477821265492496,0
GAIL+TD3,191,6018,14,5.756124944865472,0
GAIL+TD3,191,6018,15,4.952789504743747,0
GAIL+TD3,191,6018,16,5.987238573781675,0
GAIL+TD3,191,6018,17,6.433596008656722,0
GAIL+TD3,191,6018,18,5.60095603581768,0
GAIL+TD3,191,6018,19,6.10721452460583,0
GAIL+TD3,191,6018,20,5.534576135910154,0
GAIL+TD3,191,6018,21,4.713458919655016,0
GAIL+TD3,191,6018,22,5.756090504021758,0
GAIL+TD3,191,6018,23,5.66846098265896,0
GAIL+TD3,191,6018,24,5.136928853937427,0
GAIL+TD3,191,6018,25,5.630581270860886,0
GAIL+TD3,191,6018,26,5.276140327341024,0
GAIL+TD3,191,6018,27,4.561697976197736,0
GAIL+TD3,191,6018,28,5.093980726819447,0
GAIL+TD3,191,6018,29,4.931196744931494,0
GAIL+TD3,191,6018,30,4.55835624008499,0
GAIL+TD3,191,6018,31,4.94431257819975,0
GAIL+TD3,191,6018,32,5.7613228770673,0
GAIL+TD3,191,6018,33,6.0266221796033825,0
GAIL+TD3,191,6018,34,5.844422429165841,0
GAIL+TD3,191,6018,35,6.910825269778933,0
GAIL+TD3,191,6018,36,5.406665808851482,0
GAIL+TD3,191,6018,37,5.525987416793827,0
GAIL+TD3,191,6018,38,5.518148690784778,0
GAIL+TD3,191,6018,39,6.123843626408662,0
GAIL+TD3,191,6018,40,5.69009788182784,0
GAIL+TD3,191,6018,41,6.167190082462746,0
GAIL+TD3,191,6018,42,6.4855483133960155,0
GAIL+TD3,191,6018,43,6.0938914908843556,0
GAIL+TD3,191,6018,44,6.19863127074675,0
GAIL+TD3,191,6018,45,4.962369598132566,0
GAIL+TD3,191,6018,46,5.512354437659002,0
GAIL+TD3,191,6018,47,5.243482837473231,0
GAIL+TD3,191,6018,48,4.823113114350795,0
GAIL+TD3,191,6018,49,5.716709211509593,0
GAIL+TD3,191,6018,50,4.310677793712737,0
GAIL+TD3,191,6018,51,3.754979283194123,0
GAIL+TD3,191,6018,52,1.9414074011988351,0
GAIL+TD3,191,6018,53,6.020899772008894,0
GAIL+TD3,191,6018,54,3.5660834750008874,0
GAIL+TD3,191,6018,55,10.797237887100799,0
GAIL+TD3,191,6018,56,13.588334735071488,0
GAIL+TD3,191,6018,57,3.5965494853921838,0
GAIL+TD3,191,6018,58,11.573639675637557,0
GAIL+TD3,191,6018,59,4.191652716415851,0
GAIL+TD3,191,6018,60,8.839870355785957,0
GAIL+TD3,191,6018,61,3.120803402875527,0
GAIL+TD3,191,6018,62,5.557686412212222,0
GAIL+TD3,191,6018,63,2.9425950327291983,0
GAIL+TD3,191,6018,64,14.157252583132676,0
GAIL+TD3,191,6018,65,4.19854990228698,0
GAIL+TD3,191,6018,66,6.16480206473223,0
GAIL+TD3,191,6018,67,7.5835746243671815,0
GAIL+TD3,191,6018,68,3.845135799569508,0
GAIL+TD3,191,6018,69,2.0181646981068884,0
GAIL+TD3,191,6018,70,4.797121126882464,0
GAIL+TD3,191,6018,71,9.85378738136453,0
GAIL+TD3,191,6018,72,6.97486860829815,0
GAIL+TD3,191,6018,73,2.1506262144778314,0
GAIL+TD3,191,6018,74,8.007821531935928,0
GAIL+TD3,191,6018,75,6.386118479486344,0
GAIL+TD3,191,6018,76,8.208050200401194,0
GAIL+TD3,191,6018,77,6.238367596928958,0
GAIL+TD3,191,6018,78,2.9484079336003575,0
GAIL+TD3,191,6018,79,3.6714100764464455,0
GAIL+TD3,191,6018,80,2.229026792352163,0
GAIL+TD3,191,6018,81,4.161542655850999,0
GAIL+TD3,191,6018,82,10.2875254451967,0
GAIL+TD3,191,6018,83,5.168591276038538,0
GAIL+TD3,191,6018,84,6.2424784114889045,0
GAIL+TD3,191,6018,85,3.461773862795424,0
GAIL+TD3,191,6018,86,7.34081190861762,0
GAIL+TD3,191,6018,87,2.8566474807829123,0
GAIL+TD3,191,6018,88,9.308184787422498,0
GAIL+TD3,191,6018,89,2.3471665622365405,0
GAIL+TD3,191,6018,90,3.26973456467445,0
GAIL+TD3,191,6018,91,2.04413829533586,0
GAIL+TD3,191,6018,92,3.8572847241004853,0
GAIL+TD3,191,6018,93,4.263242155489174,0
GAIL+TD3,191,6018,94,3.4347354672442663,0
GAIL+TD3,191,6018,95,3.348359044799842,0
GAIL+TD3,191,6018,96,3.7982039015267954,0
GAIL+TD3,191,6018,97,5.113120211050452,0
GAIL+TD3,191,6018,98,2.4821579878097744,0
GAIL+TD3,191,6019,5,5.790185960471231,0
GAIL+TD3,191,6019,6,14.94518741759277,0
GAIL+TD3,191,6019,7,6.76815323041738,0
GAIL+TD3,191,6019,8,13.058318584070797,0
GAIL+TD3,191,6019,9,12.248568011581796,0
GAIL+TD3,191,6019,10,11.507984238905017,0
GAIL+TD3,191,6019,11,5.514719453672941,0
GAIL+TD3,191,6019,12,7.729615007866069,0
GAIL+TD3,191,6019,13,3.5543523584488446,0
GAIL+TD3,191,6019,14,4.305257581777248,0
GAIL+TD3,191,6019,15,6.1099680666154645,0
GAIL+TD3,191,6019,16,8.123939702389608,0
GAIL+TD3,191,6019,17,5.76286858064709,0
GAIL+TD3,191,6019,18,6.709086445515083,0
GAIL+TD3,191,6019,19,4.304117987169721,0
GAIL+TD3,191,6019,20,4.671399440413524,0
GAIL+TD3,191,6019,21,5.4186486598279275,0
GAIL+TD3,191,6019,22,6.051622094424018,0
GAIL+TD3,191,6019,23,5.153352260675184,0
GAIL+TD3,191,6019,24,5.734829198012427,0
GAIL+TD3,191,6019,25,4.534609273178483,0
GAIL+TD3,191,6019,26,4.908546462819104,0
GAIL+TD3,191,6019,27,5.341146526976236,0
GAIL+TD3,191,6019,28,5.7952967236458885,0
GAIL+TD3,191,6019,29,5.14106897540052,0
GAIL+TD3,191,6019,30,5.572586148892201,0
GAIL+TD3,191,6019,31,4.844692956943477,0
GAIL+TD3,191,6019,32,5.141005469671893,0
GAIL+TD3,191,6019,33,5.488407561220106,0
GAIL+TD3,191,6019,34,6.790580012729712,0
GAIL+TD3,191,6019,35,5.559578048927091,0
GAIL+TD3,191,6019,36,5.5729361068739145,0
GAIL+TD3,191,6019,37,5.267709132536871,0
GAIL+TD3,191,6019,38,5.172192624129797,0
GAIL+TD3,191,6019,39,5.746048008091447,0
GAIL+TD3,191,6019,40,6.378829784857353,0
GAIL+TD3,191,6019,41,6.931898674088174,0
GAIL+TD3,191,6019,42,5.9341645767602405,0
GAIL+TD3,191,6019,43,7.920144037280238,0
GAIL+TD3,191,6019,44,5.018039618724704,0
GAIL+TD3,191,6019,45,5.2793252034014,0
GAIL+TD3,191,6019,46,6.815822306172306,0
GAIL+TD3,191,6019,47,3.7240092512729333,0
GAIL+TD3,191,6019,48,4.579357553518871,0
GAIL+TD3,191,6019,49,5.272159119211839,0
GAIL+TD3,191,6019,50,10.39045289182755,0
GAIL+TD3,191,6019,51,4.184651748931706,0
GAIL+TD3,191,6019,52,7.8288624598692245,0
GAIL+TD3,191,6019,53,2.920500499839097,0
GAIL+TD3,191,6019,54,4.7638466167058695,0
GAIL+TD3,191,6019,55,6.073365853362392,0
GAIL+TD3,191,6019,56,18.75791273811375,0
GAIL+TD3,191,6019,57,6.196234871187479,0
GAIL+TD3,191,6019,58,2.1964336884722715,0
GAIL+TD3,191,6019,59,1.7729528546257767,0
GAIL+TD3,191,6019,60,2.3570617111166565,0
GAIL+TD3,191,6019,61,1.60928256411697,0
GAIL+TD3,191,6019,62,2.4980382214444505,0
GAIL+TD3,191,6019,63,3.524893585400336,0
GAIL+TD3,191,6019,64,4.551610988281596,0
GAIL+TD3,191,6019,65,3.3690934454221835,0
GAIL+TD3,191,6019,66,4.134308784479488,0
GAIL+TD3,191,6019,67,4.495455238331818,0
GAIL+TD3,191,6019,68,4.046452742627308,0
GAIL+TD3,191,6019,69,8.045215723758169,0
GAIL+TD3,191,6019,70,5.109209397950657,0
GAIL+TD3,191,6019,71,8.726855068369739,0
GAIL+TD3,191,6019,72,9.58532812159408,0
GAIL+TD3,191,6019,73,5.576541244437672,0
GAIL+TD3,191,6019,74,2.9145728439405483,0
GAIL+TD3,191,6019,75,2.139092272691389,0
GAIL+TD3,191,6019,76,1.3877054540642422,0
GAIL+TD3,191,6019,77,2.3903822658365184,0
GAIL+TD3,191,6019,78,9.152524942717447,0
GAIL+TD3,191,6019,79,11.529210622044378,0
GAIL+TD3,191,6019,80,3.3213803787152223,0
GAIL+TD3,191,6019,81,3.8205606803854413,0
GAIL+TD3,191,6019,82,4.928962372116019,0
GAIL+TD3,191,6019,83,10.656893258125773,0
GAIL+TD3,191,6019,84,6.622982932951137,0
GAIL+TD3,191,6019,85,8.34157260918065,0
GAIL+TD3,191,6019,86,7.35543436611205,0
GAIL+TD3,191,6019,87,4.118658871929544,0
GAIL+TD3,191,6019,88,2.7293515035447573,0
GAIL+TD3,191,6019,89,1.6109158610339627,0
GAIL+TD3,191,6019,90,1.9093927616603592,0
GAIL+TD3,191,6019,91,2.277380950211152,0
GAIL+TD3,191,6019,92,3.3732088537958704,0
GAIL+TD3,191,6019,93,3.4987369514100717,0
GAIL+TD3,191,6019,94,1.8101490119526389,0
GAIL+TD3,191,6019,95,1.8053304025278194,0
GAIL+TD3,191,6019,96,1.397311673744278,0
GAIL+TD3,191,6019,97,0.6592462706698733,1
GAIL+TD3,191,6023,5,10.83027079303675,0
GAIL+TD3,191,6023,6,24.270611582175714,0
GAIL+TD3,191,6023,7,21.19726980728052,0
GAIL+TD3,191,6023,8,12.124855236309491,0
GAIL+TD3,191,6023,9,7.678989160159468,0
GAIL+TD3,191,6023,10,4.719691593624734,0
GAIL+TD3,191,6023,11,5.925299491031939,0
GAIL+TD3,191,6023,12,6.771561826192931,0
GAIL+TD3,191,6023,13,3.8721850497241626,0
GAIL+TD3,191,6023,14,7.469890634141949,0
GAIL+TD3,191,6023,15,6.626181206704319,0
GAIL+TD3,191,6023,16,5.1166046407073456,0
GAIL+TD3,191,6023,17,6.206873905429071,0
GAIL+TD3,191,6023,18,6.5486333610221115,0
GAIL+TD3,191,6023,19,5.163748088740154,0
GAIL+TD3,191,6023,20,6.8755983681939306,0
GAIL+TD3,191,6023,21,6.09286628310199,0
GAIL+TD3,191,6023,22,5.185903218408378,0
GAIL+TD3,191,6023,23,5.785236092643558,0
GAIL+TD3,191,6023,24,6.156573270260435,0
GAIL+TD3,191,6023,25,5.167283141820206,0
GAIL+TD3,191,6023,26,6.276326461200355,0
GAIL+TD3,191,6023,27,5.884337377000354,0
GAIL+TD3,191,6023,28,5.395786105458536,0
GAIL+TD3,191,6023,29,5.698570415157452,0
GAIL+TD3,191,6023,30,5.857280689719271,0
GAIL+TD3,191,6023,31,5.3256655161871365,0
GAIL+TD3,191,6023,32,6.051585523266725,0
GAIL+TD3,191,6023,33,5.770070886910649,0
GAIL+TD3,191,6023,34,5.619610339459615,0
GAIL+TD3,191,6023,35,5.810721088435375,0
GAIL+TD3,191,6023,36,5.949554159178125,0
GAIL+TD3,191,6023,37,5.653912764518132,0
GAIL+TD3,191,6023,38,6.84636814727559,0
GAIL+TD3,191,6023,39,6.118628592820598,0
GAIL+TD3,191,6023,40,5.908408363606526,0
GAIL+TD3,191,6023,41,5.715151186753527,0
GAIL+TD3,191,6023,42,5.5437452507290335,0
GAIL+TD3,191,6023,43,6.305809358600218,0
GAIL+TD3,191,6023,44,5.420143207345956,0
GAIL+TD3,191,6023,45,4.917571871046547,0
GAIL+TD3,191,6023,46,5.489271115825989,0
GAIL+TD3,191,6023,47,5.202085553151874,0
GAIL+TD3,191,6023,48,4.094863284261596,0
GAIL+TD3,191,6023,49,7.842120294951113,0
GAIL+TD3,191,6023,50,10.532615993130191,0
GAIL+TD3,191,6023,51,5.940862973567916,0
GAIL+TD3,191,6023,52,3.770155393866957,0
GAIL+TD3,191,6023,53,1.5914362741897696,0
GAIL+TD3,191,6023,54,5.102043188271809,0
GAIL+TD3,191,6023,55,5.390710752056099,0
GAIL+TD3,191,6023,56,9.790989357264262,0
GAIL+TD3,191,6023,57,7.431657418163053,0
GAIL+TD3,191,6023,58,7.640010859631614,0
GAIL+TD3,191,6023,59,6.084837007463033,0
GAIL+TD3,191,6023,60,8.158287521826777,0
GAIL+TD3,191,6023,61,3.721308262711864,0
GAIL+TD3,191,6023,62,2.627468393447262,0
GAIL+TD3,191,6023,63,6.847871758059018,0
GAIL+TD3,191,6023,64,4.555814422233287,0
GAIL+TD3,191,6023,65,4.917785555202037,0
GAIL+TD3,191,6023,66,14.6390680801776,0
GAIL+TD3,191,6023,67,3.892208675149141,0
GAIL+TD3,191,6023,68,5.209664055140239,0
GAIL+TD3,191,6023,69,2.148316127161007,0
GAIL+TD3,191,6023,70,5.1993882702761285,0
GAIL+TD3,191,6023,71,14.485268666556783,0
GAIL+TD3,191,6023,72,5.052038899995368,0
GAIL+TD3,191,6023,73,4.205897611797055,0
GAIL+TD3,191,6023,74,6.064713977380875,0
GAIL+TD3,191,6023,75,3.4832829461814194,0
GAIL+TD3,191,6023,76,2.3350304414245757,0
GAIL+TD3,191,6023,77,7.688904719399432,0
GAIL+TD3,191,6023,78,13.657267738709802,0
GAIL+TD3,191,6023,79,2.778761017288431,0
GAIL+TD3,191,6023,80,7.578147097271239,0
GAIL+TD3,191,6023,81,8.19006184617409,0
GAIL+TD3,191,6023,82,10.122427376818893,0
GAIL+TD3,191,6023,83,4.862472671814085,0
GAIL+TD3,191,6023,84,5.084197871708399,0
GAIL+TD3,191,6023,85,5.949878647889107,0
GAIL+TD3,191,6023,86,4.350948754064065,0
GAIL+TD3,191,6023,87,3.069286563735726,0
GAIL+TD3,191,6023,88,1.8912780079987255,0
GAIL+TD3,191,6023,89,1.8933436274349222,0
GAIL+TD3,191,6023,90,2.689401734528884,0
GAIL+TD3,191,6023,91,3.766930043484421,0
GAIL+TD3,191,6023,92,3.1679402596512864,0
GAIL+TD3,191,6023,93,6.209812681066246,0
GAIL+TD3,191,6023,94,4.52133928008754,0
GAIL+TD3,191,6023,95,7.377593409965303,0
GAIL+TD3,191,6023,96,4.951690226747465,0
GAIL+TD3,191,6023,97,3.881562630929249,0
GAIL+TD3,191,6023,98,3.532717035528158,0
GAIL+TD3,191,6025,5,14.033763749402201,0
GAIL+TD3,191,6025,6,37.105767555323226,0
GAIL+TD3,191,6025,7,15.38538819026791,0
GAIL+TD3,191,6025,8,10.011252845423698,0
GAIL+TD3,191,6025,9,5.789990421455939,0
GAIL+TD3,191,6025,10,3.986212255096133,0
GAIL+TD3,191,6025,11,2.862775794298843,0
GAIL+TD3,191,6025,12,7.687008513680379,0
GAIL+TD3,191,6025,13,7.521583516722693,0
GAIL+TD3,191,6025,14,6.846129416435093,0
GAIL+TD3,191,6025,15,4.764143798439827,0
GAIL+TD3,191,6025,16,5.824215457321707,0
GAIL+TD3,191,6025,17,5.630933962032467,0
GAIL+TD3,191,6025,18,4.2889837656408965,0
GAIL+TD3,191,6025,19,6.418988875426808,0
GAIL+TD3,191,6025,20,6.521092681558368,0
GAIL+TD3,191,6025,21,4.931540144865512,0
GAIL+TD3,191,6025,22,5.353468773757339,0
GAIL+TD3,191,6025,23,4.97027914494036,0
GAIL+TD3,191,6025,24,4.160503667699717,0
GAIL+TD3,191,6025,25,5.228233521251833,0
GAIL+TD3,191,6025,26,5.171024573669952,0
GAIL+TD3,191,6025,27,4.751104880364697,0
GAIL+TD3,191,6025,28,6.113863218438074,0
GAIL+TD3,191,6025,29,5.214058589918945,0
GAIL+TD3,191,6025,30,5.116696625963346,0
GAIL+TD3,191,6025,31,5.524056627734773,0
GAIL+TD3,191,6025,32,5.521182697675733,0
GAIL+TD3,191,6025,33,5.408406913798719,0
GAIL+TD3,191,6025,34,5.328961522428003,0
GAIL+TD3,191,6025,35,6.635336871552198,0
GAIL+TD3,191,6025,36,5.171197771201012,0
GAIL+TD3,191,6025,37,5.558215239197262,0
GAIL+TD3,191,6025,38,5.713793052316283,0
GAIL+TD3,191,6025,39,6.557166710207975,0
GAIL+TD3,191,6025,40,5.4416789635904905,0
GAIL+TD3,191,6025,41,6.432912092322236,0
GAIL+TD3,191,6025,42,5.731824662589353,0
GAIL+TD3,191,6025,43,6.090985939186631,0
GAIL+TD3,191,6025,44,5.9208267059207085,0
GAIL+TD3,191,6025,45,6.759011475798772,0
GAIL+TD3,191,6025,46,3.365958605807129,0
GAIL+TD3,191,6025,47,6.238299869258545,0
GAIL+TD3,191,6025,48,1.8855925562076852,0
GAIL+TD3,191,6025,49,2.7771491160875756,0
GAIL+TD3,191,6025,50,2.350681543868761,0
GAIL+TD3,191,6025,51,3.879471005662676,0
GAIL+TD3,191,6025,52,3.2367513574883047,0
GAIL+TD3,191,6025,53,14.57272757442007,0
GAIL+TD3,191,6025,54,10.089234093323913,0
GAIL+TD3,191,6025,55,8.377930283075111,0
GAIL+TD3,191,6025,56,17.09692614887898,0
GAIL+TD3,191,6025,57,6.7328879110988895,0
GAIL+TD3,191,6025,58,4.272427435267277,0
GAIL+TD3,191,6025,59,3.0128964398255245,0
GAIL+TD3,191,6025,60,1.8135404652302165,0
GAIL+TD3,191,6025,61,8.413831146017685,0
GAIL+TD3,191,6025,62,2.6928326769258843,0
GAIL+TD3,191,6025,63,15.379379457954586,0
GAIL+TD3,191,6025,64,7.026389564103824,0
GAIL+TD3,191,6025,65,6.443391873766217,0
GAIL+TD3,191,6025,66,4.330356154958322,0
GAIL+TD3,191,6025,67,6.619828223898032,0
GAIL+TD3,191,6025,68,3.134616584331983,0
GAIL+TD3,191,6025,69,2.6931459998558043,0
GAIL+TD3,191,6025,70,8.540589840780184,0
GAIL+TD3,191,6025,71,3.2887761528437633,0
GAIL+TD3,191,6025,72,11.21462862294245,0
GAIL+TD3,191,6025,73,10.563277954046232,0
GAIL+TD3,191,6025,74,4.0541434803373315,0
GAIL+TD3,191,6025,75,6.587121522668727,0
GAIL+TD3,191,6025,76,2.2820383726568605,0
GAIL+TD3,191,6025,77,3.4658435280013196,0
GAIL+TD3,191,6025,78,2.5605919341235754,0
GAIL+TD3,191,6025,79,2.9125566683539157,0
GAIL+TD3,191,6025,80,3.6738981427732793,0
GAIL+TD3,191,6025,81,9.972912816020115,0
GAIL+TD3,191,6025,82,3.777624448038286,0
GAIL+TD3,191,6025,83,6.150851400982569,0
GAIL+TD3,191,6025,84,5.332505797572364,0
GAIL+TD3,191,6025,85,7.8372997387613355,0
GAIL+TD3,191,6025,86,3.7079379120785654,0
GAIL+TD3,191,6025,87,3.0427729860533956,0
GAIL+TD3,191,6025,88,5.735644592727306,0
GAIL+TD3,191,6025,89,2.1473875136204725,0
GAIL+TD3,191,6025,90,7.407211727032706,0
GAIL+TD3,191,6025,91,3.0384989996841107,0
GAIL+TD3,191,6025,92,4.5117965192246725,0
GAIL+TD3,191,6025,93,1.3708313166039292,0
GAIL+TD3,191,6025,94,1.8929411627008736,0
GAIL+TD3,191,6025,95,1.7776868702699686,0
GAIL+TD3,191,6025,96,0.7928784302916501,1
GAIL+TD3,191,6032,5,6.182932762479323,0
GAIL+TD3,191,6032,6,12.012779552715653,0
GAIL+TD3,191,6032,7,5.694378463974665,0
GAIL+TD3,191,6032,8,7.303604476954262,0
GAIL+TD3,191,6032,9,7.824745374555533,0
GAIL+TD3,191,6032,10,8.325555555555555,0
GAIL+TD3,191,6032,11,8.180712645633132,0
GAIL+TD3,191,6032,12,6.1721928113680695,0
GAIL+TD3,191,6032,13,8.287886349269721,0
GAIL+TD3,191,6032,14,3.7934843714863957,0
GAIL+TD3,191,6032,15,5.194853666852088,0
GAIL+TD3,191,6032,16,5.473652447352539,0
GAIL+TD3,191,6032,17,6.239959923186106,0
GAIL+TD3,191,6032,18,6.187183837137568,0
GAIL+TD3,191,6032,19,6.83927824772442,0
GAIL+TD3,191,6032,20,4.9271238124594054,0
GAIL+TD3,191,6032,21,4.1802618414414106,0
GAIL+TD3,191,6032,22,4.844053088310363,0
GAIL+TD3,191,6032,23,4.793503712814907,0
GAIL+TD3,191,6032,24,4.951919866444075,0
GAIL+TD3,191,6032,25,5.276221216557967,0
GAIL+TD3,191,6032,26,4.424628056491714,0
GAIL+TD3,191,6032,27,4.686923443296902,0
GAIL+TD3,191,6032,28,6.041232193217152,0
GAIL+TD3,191,6032,29,5.224574543833806,0
GAIL+TD3,191,6032,30,5.297252197129824,0
GAIL+TD3,191,6032,31,6.137274488602995,0
GAIL+TD3,191,6032,32,5.1792690135964286,0
GAIL+TD3,191,6032,33,4.813901840840713,0
GAIL+TD3,191,6032,34,5.218321064503157,0
GAIL+TD3,191,6032,35,5.35529254351013,0
GAIL+TD3,191,6032,36,6.088350371058763,0
GAIL+TD3,191,6032,37,5.772505126888723,0
GAIL+TD3,191,6032,38,6.1946960359210275,0
GAIL+TD3,191,6032,39,5.554188129047271,0
GAIL+TD3,191,6032,40,5.720003161440676,0
GAIL+TD3,191,6032,41,5.896802900920362,0
GAIL+TD3,191,6032,42,5.947729898622896,0
GAIL+TD3,191,6032,43,5.848338056410937,0
GAIL+TD3,191,6032,44,5.8860906054866575,0
GAIL+TD3,191,6032,45,6.120978725618323,0
GAIL+TD3,191,6032,46,6.098056385628589,0
GAIL+TD3,191,6032,47,5.125190222358889,0
GAIL+TD3,191,6032,48,5.722028666584965,0
GAIL+TD3,191,6032,49,6.066827222830173,0
GAIL+TD3,191,6032,50,3.9538962723566216,0
GAIL+TD3,191,6032,51,2.5658197346481377,0
GAIL+TD3,191,6032,52,8.091339180779386,0
GAIL+TD3,191,6032,53,4.10816071322816,0
GAIL+TD3,191,6032,54,5.697009960783203,0
GAIL+TD3,191,6032,55,7.452124610862595,0
GAIL+TD3,191,6032,56,12.254349186709938,0
GAIL+TD3,191,6032,57,8.064170508725276,0
GAIL+TD3,191,6032,58,4.005302471779863,0
GAIL+TD3,191,6032,59,2.3359607623693597,0
GAIL+TD3,191,6032,60,3.8400883729751527,0
GAIL+TD3,191,6032,61,1.8292714251833313,0
GAIL+TD3,191,6032,62,3.5473968313714765,0
GAIL+TD3,191,6032,63,3.3938857991022733,0
GAIL+TD3,191,6032,64,12.516523218190887,0
GAIL+TD3,191,6032,65,2.6725750208883805,0
GAIL+TD3,191,6032,66,36.718834653718375,0
GAIL+TD3,191,6032,67,5.125657250206831,0
GAIL+TD3,191,6032,68,5.733235975536108,0
GAIL+TD3,191,6032,69,6.680827726734525,0
GAIL+TD3,191,6032,70,5.2668729995104115,0
GAIL+TD3,191,6032,71,3.3585107714019493,0
GAIL+TD3,191,6032,72,7.519481223764195,0
GAIL+TD3,191,6032,73,3.2381430172217414,0
GAIL+TD3,191,6032,74,4.418571026734914,0
GAIL+TD3,191,6032,75,6.450182152701627,0
GAIL+TD3,191,6032,76,4.982285737169401,0
GAIL+TD3,191,6032,77,3.7763743238256,0
GAIL+TD3,191,6032,78,4.454714174869652,0
GAIL+TD3,191,6032,79,5.543113629238033,0
GAIL+TD3,191,6032,80,6.028114580846002,0
GAIL+TD3,191,6032,81,4.3654084529389126,0
GAIL+TD3,191,6032,82,2.3053931169592894,0
GAIL+TD3,191,6032,83,3.570311709757779,0
GAIL+TD3,191,6032,84,4.3977910000565315,0
GAIL+TD3,191,6032,85,8.633338975857358,0
GAIL+TD3,191,6032,86,2.3529259360215473,0
GAIL+TD3,191,6032,87,2.4307608729257852,0
GAIL+TD3,191,6032,88,5.225896328090437,0
GAIL+TD3,191,6032,89,1.7937167265138683,0
GAIL+TD3,191,6032,90,1.2239945054120456,0
GAIL+TD3,191,6032,91,0.8349784781865359,1
GAIL+TD3,191,6033,5,5.368107738850394,0
GAIL+TD3,191,6033,6,19.37871730562523,0
GAIL+TD3,191,6033,7,9.131425543190248,0
GAIL+TD3,191,6033,8,17.38269632542706,0
GAIL+TD3,191,6033,9,9.10532025280634,0
GAIL+TD3,191,6033,10,12.73968038850302,0
GAIL+TD3,191,6033,11,11.135715249966252,0
GAIL+TD3,191,6033,12,5.919296644061903,0
GAIL+TD3,191,6033,13,3.7899865951742626,0
GAIL+TD3,191,6033,14,4.388921140273152,0
GAIL+TD3,191,6033,15,5.904125378794922,0
GAIL+TD3,191,6033,16,8.385538113896969,0
GAIL+TD3,191,6033,17,8.042691202299217,0
GAIL+TD3,191,6033,18,6.395370383774628,0
GAIL+TD3,191,6033,19,5.254202438891016,0
GAIL+TD3,191,6033,20,4.304420755998759,0
GAIL+TD3,191,6033,21,5.8684001695818075,0
GAIL+TD3,191,6033,22,6.298749958916266,0
GAIL+TD3,191,6033,23,6.194281517747858,0
GAIL+TD3,191,6033,24,5.3644145995363,0
GAIL+TD3,191,6033,25,5.093238112578984,0
GAIL+TD3,191,6033,26,4.559234056196484,0
GAIL+TD3,191,6033,27,5.5823187862895685,0
GAIL+TD3,191,6033,28,5.959670162164147,0
GAIL+TD3,191,6033,29,5.902234326983882,0
GAIL+TD3,191,6033,30,5.489160306782881,0
GAIL+TD3,191,6033,31,5.3309215632276,0
GAIL+TD3,191,6033,32,5.078892796287569,0
GAIL+TD3,191,6033,33,5.746824756580304,0
GAIL+TD3,191,6033,34,6.026296801663108,0
GAIL+TD3,191,6033,35,6.0284428454577155,0
GAIL+TD3,191,6033,36,5.879951391043542,0
GAIL+TD3,191,6033,37,5.774145793541108,0
GAIL+TD3,191,6033,38,5.695194522799355,0
GAIL+TD3,191,6033,39,6.092033135471214,0
GAIL+TD3,191,6033,40,6.25383884923947,0
GAIL+TD3,191,6033,41,6.334856371397579,0
GAIL+TD3,191,6033,42,6.139915335676157,0
GAIL+TD3,191,6033,43,5.9647103338500775,0
GAIL+TD3,191,6033,44,5.322681096459968,0
GAIL+TD3,191,6033,45,5.1621815516229805,0
GAIL+TD3,191,6033,46,4.704720093373944,0
GAIL+TD3,191,6033,47,4.702846205144651,0
GAIL+TD3,191,6033,48,4.482753067260111,0
GAIL+TD3,191,6033,49,8.07332068217142,0
GAIL+TD3,191,6033,50,6.3154062177663155,0
GAIL+TD3,191,6033,51,5.130785836646581,0
GAIL+TD3,191,6033,52,6.281875900378709,0
GAIL+TD3,191,6033,53,5.313283909804115,0
GAIL+TD3,191,6033,54,2.553940753579432,0
GAIL+TD3,191,6033,55,8.019332824413437,0
GAIL+TD3,191,6033,56,8.825836694994976,0
GAIL+TD3,191,6033,57,2.9259715710076173,0
GAIL+TD3,191,6033,58,11.505315391228113,0
GAIL+TD3,191,6033,59,4.560668507582443,0
GAIL+TD3,191,6033,60,4.826403222391056,0
GAIL+TD3,191,6033,61,4.680433647521131,0
GAIL+TD3,191,6033,62,6.920948299454238,0
GAIL+TD3,191,6033,63,3.3431418136442703,0
GAIL+TD3,191,6033,64,6.683569495803067,0
GAIL+TD3,191,6033,65,5.357249487546822,0
GAIL+TD3,191,6033,66,6.563768415587161,0
GAIL+TD3,191,6033,67,2.5690103375360875,0
GAIL+TD3,191,6033,68,10.073443757725588,0
GAIL+TD3,191,6033,69,3.63781115301604,0
GAIL+TD3,191,6033,70,7.31184855866025,0
GAIL+TD3,191,6033,71,5.254650582801147,0
GAIL+TD3,191,6033,72,4.2478537651354085,0
GAIL+TD3,191,6033,73,2.834040876225823,0
GAIL+TD3,191,6033,74,9.827635002849993,0
GAIL+TD3,191,6033,75,2.6851173392641265,0
GAIL+TD3,191,6033,76,6.228707970643455,0
GAIL+TD3,191,6033,77,4.224747886340936,0
GAIL+TD3,191,6033,78,4.2425635539858675,0
GAIL+TD3,191,6033,79,2.5237845025199395,0
GAIL+TD3,191,6033,80,6.069770057686437,0
GAIL+TD3,191,6033,81,4.1373611841655595,0
GAIL+TD3,191,6033,82,8.663942856801153,0
GAIL+TD3,191,6033,83,4.772912183126242,0
GAIL+TD3,191,6033,84,2.091361580961109,0
GAIL+TD3,191,6033,85,2.71998769024327,0
GAIL+TD3,191,6033,86,5.573982068983865,0
GAIL+TD3,191,6033,87,2.085696103992389,0
GAIL+TD3,191,6033,88,2.3086204012084903,0
GAIL+TD3,191,6033,89,2.7158713886300094,0
GAIL+TD3,191,6033,90,3.9579042489420146,0
GAIL+TD3,191,6033,91,3.2892321911929754,0
GAIL+TD3,191,6033,92,5.0562737683260135,0
GAIL+TD3,191,6033,93,2.5822878056051373,0
GAIL+TD3,191,6033,94,4.162872003820782,0
GAIL+TD3,191,6033,95,5.5175860747976815,0
GAIL+TD3,191,6033,96,5.18940180661326,0
GAIL+TD3,191,6033,97,2.98611823845534,0
GAIL+TD3,191,6033,98,4.0650522476937665,0
GAIL+TD3,191,6034,5,5.595999999999999,0
GAIL+TD3,191,6034,6,28.330110991765128,0
GAIL+TD3,191,6034,7,10.037893649974187,0
GAIL+TD3,191,6034,8,18.200068477516545,0
GAIL+TD3,191,6034,9,9.656992459809361,0
GAIL+TD3,191,6034,10,12.555846521689627,0
GAIL+TD3,191,6034,11,5.484393502692317,0
GAIL+TD3,191,6034,12,7.919020022690338,0
GAIL+TD3,191,6034,13,3.3118357459239296,0
GAIL+TD3,191,6034,14,4.728000389660995,0
GAIL+TD3,191,6034,15,7.175225824201017,0
GAIL+TD3,191,6034,16,7.016123926302682,0
GAIL+TD3,191,6034,17,5.796215060574867,0
GAIL+TD3,191,6034,18,6.76564465408805,0
GAIL+TD3,191,6034,19,4.183919733645282,0
GAIL+TD3,191,6034,20,4.784384181879485,0
GAIL+TD3,191,6034,21,6.822398175042109,0
GAIL+TD3,191,6034,22,7.227590147282883,0
GAIL+TD3,191,6034,23,4.601619331229537,0
GAIL+TD3,191,6034,24,5.746119395389078,0
GAIL+TD3,191,6034,25,4.387744884761864,0
GAIL+TD3,191,6034,26,4.869238955273799,0
GAIL+TD3,191,6034,27,5.623800868097107,0
GAIL+TD3,191,6034,28,6.175169541233614,0
GAIL+TD3,191,6034,29,4.946118242114806,0
GAIL+TD3,191,6034,30,5.45944926255591,0
GAIL+TD3,191,6034,31,4.760557528436929,0
GAIL+TD3,191,6034,32,5.083964624626702,0
GAIL+TD3,191,6034,33,6.067019955356393,0
GAIL+TD3,191,6034,34,6.014318167453031,0
GAIL+TD3,191,6034,35,5.853856046627132,0
GAIL+TD3,191,6034,36,5.919787965972627,0
GAIL+TD3,191,6034,37,5.358847005542279,0
GAIL+TD3,191,6034,38,5.6531455547340626,0
GAIL+TD3,191,6034,39,5.921010800051604,0
GAIL+TD3,191,6034,40,6.033110343082066,0
GAIL+TD3,191,6034,41,5.794574136743434,0
GAIL+TD3,191,6034,42,6.324110974862048,0
GAIL+TD3,191,6034,43,5.706455586089949,0
GAIL+TD3,191,6034,44,6.463340405579085,0
GAIL+TD3,191,6034,45,6.048186825975638,0
GAIL+TD3,191,6034,46,4.798754249780588,0
GAIL+TD3,191,6034,47,5.055009579098506,0
GAIL+TD3,191,6034,48,3.82433590856736,0
GAIL+TD3,191,6034,49,3.3383508292636708,0
GAIL+TD3,191,6034,50,5.814763072046002,0
GAIL+TD3,191,6034,51,6.012438958278046,0
GAIL+TD3,191,6034,52,8.217181830469004,0
GAIL+TD3,191,6034,53,5.157775962179142,0
GAIL+TD3,191,6034,54,6.7714988532734655,0
GAIL+TD3,191,6034,55,4.873010042361584,0
GAIL+TD3,191,6034,56,2.691136270557527,0
GAIL+TD3,191,6034,57,8.544151177199506,0
GAIL+TD3,191,6034,58,9.729117057948713,0
GAIL+TD3,191,6034,59,3.2957945040938292,0
GAIL+TD3,191,6034,60,13.21876619154954,0
GAIL+TD3,191,6034,61,3.7721167527028596,0
GAIL+TD3,191,6034,62,2.61730741253276,0
GAIL+TD3,191,6034,63,4.223965523870107,0
GAIL+TD3,191,6034,64,9.267940980825035,0
GAIL+TD3,191,6034,65,5.175451812967231,0
GAIL+TD3,191,6034,66,6.590838902349333,0
GAIL+TD3,191,6034,67,7.0029818071325405,0
GAIL+TD3,191,6034,68,3.0536965387430723,0
GAIL+TD3,191,6034,69,3.0906128899170437,0
GAIL+TD3,191,6034,70,2.2677605700285466,0
GAIL+TD3,191,6034,71,7.768158094543454,0
GAIL+TD3,191,6034,72,11.912828473940394,0
GAIL+TD3,191,6034,73,4.9285804891380005,0
GAIL+TD3,191,6034,74,7.883469711518389,0
GAIL+TD3,191,6034,75,6.400454670276275,0
GAIL+TD3,191,6034,76,5.381104818278989,0
GAIL+TD3,191,6034,77,3.1131288872639384,0
GAIL+TD3,191,6034,78,2.3045197215648674,0
GAIL+TD3,191,6034,79,4.4173057228504655,0
GAIL+TD3,191,6034,80,2.9848566906390253,0
GAIL+TD3,191,6034,81,5.236093660201002,0
GAIL+TD3,191,6034,82,7.1361420781787155,0
GAIL+TD3,191,6034,83,15.607032693848845,0
GAIL+TD3,191,6034,84,3.9280180998125585,0
GAIL+TD3,191,6034,85,3.3142989261924787,0
GAIL+TD3,191,6034,86,4.947787720519147,0
GAIL+TD3,191,6034,87,3.725650906868669,0
GAIL+TD3,191,6034,88,2.118665497262785,0
GAIL+TD3,191,6034,89,6.5990338950853475,0
GAIL+TD3,191,6034,90,6.259871925754061,0
GAIL+TD3,191,6034,91,3.1941554172899873,0
GAIL+TD3,191,6034,92,6.208501422508592,0
GAIL+TD3,191,6034,93,7.174783272506718,0
GAIL+TD3,191,6034,94,6.740206335084925,0
GAIL+TD3,191,6034,95,2.716943055647673,0
GAIL+TD3,191,6034,96,2.1256204162618664,0
GAIL+TD3,191,6034,97,1.9032627284881218,0
GAIL+TD3,191,6034,98,9.969953457893673,0
GAIL+TD3,191,6035,5,5.95158938466025,0
GAIL+TD3,191,6035,6,31.563072586328406,0
GAIL+TD3,191,6035,7,17.088930348258707,0
GAIL+TD3,191,6035,8,13.805424977766483,0
GAIL+TD3,191,6035,9,10.570435567591966,0
GAIL+TD3,191,6035,10,12.303130148270181,0
GAIL+TD3,191,6035,11,5.294284484782097,0
GAIL+TD3,191,6035,12,3.4920314633350653,0
GAIL+TD3,191,6035,13,4.35309539414884,0
GAIL+TD3,191,6035,14,8.303332046828766,0
GAIL+TD3,191,6035,15,6.559848571319863,0
GAIL+TD3,191,6035,16,7.9447227718603965,0
GAIL+TD3,191,6035,17,5.628469842911629,0
GAIL+TD3,191,6035,18,5.085697418558472,0
GAIL+TD3,191,6035,19,4.705823738824019,0
GAIL+TD3,191,6035,20,6.704419024683925,0
GAIL+TD3,191,6035,21,6.4325196060452425,0
GAIL+TD3,191,6035,22,6.415506554211969,0
GAIL+TD3,191,6035,23,5.194259209976049,0
GAIL+TD3,191,6035,24,4.724070837107825,0
GAIL+TD3,191,6035,25,4.741952030564596,0
GAIL+TD3,191,6035,26,5.883937243686595,0
GAIL+TD3,191,6035,27,5.5007409709109165,0
GAIL+TD3,191,6035,28,5.523786169691024,0
GAIL+TD3,191,6035,29,4.807506900071836,0
GAIL+TD3,191,6035,30,4.68051600209972,0
GAIL+TD3,191,6035,31,4.786782785320484,0
GAIL+TD3,191,6035,32,6.339692236491959,0
GAIL+TD3,191,6035,33,6.533468975136603,0
GAIL+TD3,191,6035,34,6.899603273301068,0
GAIL+TD3,191,6035,35,5.724800516822937,0
GAIL+TD3,191,6035,36,5.47065589939909,0
GAIL+TD3,191,6035,37,5.562437194990023,0
GAIL+TD3,191,6035,38,6.050568711630306,0
GAIL+TD3,191,6035,39,6.501861305978748,0
GAIL+TD3,191,6035,40,5.605349595886472,0
GAIL+TD3,191,6035,41,6.485410775727397,0
GAIL+TD3,191,6035,42,5.562978265910575,0
GAIL+TD3,191,6035,43,5.405151543769234,0
GAIL+TD3,191,6035,44,6.5365891683466035,0
GAIL+TD3,191,6035,45,5.4926229530835275,0
GAIL+TD3,191,6035,46,4.199256604584661,0
GAIL+TD3,191,6035,47,6.339419624223646,0
GAIL+TD3,191,6035,48,5.917536789843927,0
GAIL+TD3,191,6035,49,2.9480182323221795,0
GAIL+TD3,191,6035,50,8.547495981139546,0
GAIL+TD3,191,6035,51,11.117443811060275,0
GAIL+TD3,191,6035,52,3.189863971435322,0
GAIL+TD3,191,6035,53,3.3323237044596237,0
GAIL+TD3,191,6035,54,13.766631650445298,0
GAIL+TD3,191,6035,55,5.291690910196178,0
GAIL+TD3,191,6035,56,3.129739986059764,0
GAIL+TD3,191,6035,57,8.654691413465677,0
GAIL+TD3,191,6035,58,8.367821790915931,0
GAIL+TD3,191,6035,59,7.4695489952040175,0
GAIL+TD3,191,6035,60,7.699513392447988,0
GAIL+TD3,191,6035,61,3.003951700509236,0
GAIL+TD3,191,6035,62,6.668454083874859,0
GAIL+TD3,191,6035,63,1.8890201158958932,0
GAIL+TD3,191,6035,64,2.798038023969155,0
GAIL+TD3,191,6035,65,3.6598451158578165,0
GAIL+TD3,191,6035,66,5.977971410124258,0
GAIL+TD3,191,6035,67,4.626345367007904,0
GAIL+TD3,191,6035,68,6.463794147924407,0
GAIL+TD3,191,6035,69,4.762236433580033,0
GAIL+TD3,191,6035,70,8.38903500707496,0
GAIL+TD3,191,6035,71,8.523835579921363,0
GAIL+TD3,191,6035,72,11.66350242303514,0
GAIL+TD3,191,6035,73,4.518421029196993,0
GAIL+TD3,191,6035,74,3.2586259455602113,0
GAIL+TD3,191,6035,75,5.9764381180862225,0
GAIL+TD3,191,6035,76,4.989790828864087,0
GAIL+TD3,191,6035,77,3.6430560188092453,0
GAIL+TD3,191,6035,78,4.721958078860491,0
GAIL+TD3,191,6035,79,4.896687327699598,0
GAIL+TD3,191,6035,80,3.3230318273975743,0
GAIL+TD3,191,6035,81,2.3656073555670787,0
GAIL+TD3,191,6035,82,4.136048243052062,0
GAIL+TD3,191,6035,83,3.7314091475315587,0
GAIL+TD3,191,6035,84,3.2846793437250206,0
GAIL+TD3,191,6035,85,3.058362033955517,0
GAIL+TD3,191,6035,86,4.160563757775039,0
GAIL+TD3,191,6035,87,7.377937312288806,0
GAIL+TD3,191,6035,88,3.4349529318159466,0
GAIL+TD3,191,6035,89,5.88045454963644,0
GAIL+TD3,191,6035,90,10.275886992144002,0
GAIL+TD3,191,6035,91,4.631940148919046,0
GAIL+TD3,191,6035,92,3.9253115056714685,0
GAIL+TD3,191,6035,93,2.877150744735491,0
GAIL+TD3,191,6035,94,3.446150208896705,0
GAIL+TD3,191,6035,95,4.192685684724844,0
GAIL+TD3,191,6035,96,4.418727294034923,0
GAIL+TD3,191,6035,97,7.542546523961043,0
GAIL+TD3,191,6035,98,5.330948483102081,0
GAIL+TD3,191,6039,5,9.96475941523865,0
GAIL+TD3,191,6039,6,22.845693563009974,0
GAIL+TD3,191,6039,7,26.721886336154768,0
GAIL+TD3,191,6039,8,12.366619598983338,0
GAIL+TD3,191,6039,9,8.016320577817904,0
GAIL+TD3,191,6039,10,4.835553359683796,0
GAIL+TD3,191,6039,11,6.352961050243738,0
GAIL+TD3,191,6039,12,3.0111396384595235,0
GAIL+TD3,191,6039,13,6.686246107047151,0
GAIL+TD3,191,6039,14,7.083373451792202,0
GAIL+TD3,191,6039,15,6.191083492900754,0
GAIL+TD3,191,6039,16,4.87006721106338,0
GAIL+TD3,191,6039,17,6.0024969143246265,0
GAIL+TD3,191,6039,18,5.340228253399578,0
GAIL+TD3,191,6039,19,4.894481637337416,0
GAIL+TD3,191,6039,20,6.103793585637601,0
GAIL+TD3,191,6039,21,5.482416127834227,0
GAIL+TD3,191,6039,22,4.895669199207476,0
GAIL+TD3,191,6039,23,5.3375058897439915,0
GAIL+TD3,191,6039,24,4.807493205642551,0
GAIL+TD3,191,6039,25,4.7892435943574885,0
GAIL+TD3,191,6039,26,5.650366763707555,0
GAIL+TD3,191,6039,27,5.454386776933244,0
GAIL+TD3,191,6039,28,5.245394273361577,0
GAIL+TD3,191,6039,29,5.514619991902344,0
GAIL+TD3,191,6039,30,5.304280121017975,0
GAIL+TD3,191,6039,31,5.321236277183415,0
GAIL+TD3,191,6039,32,5.9773871309782916,0
GAIL+TD3,191,6039,33,5.904584138168013,0
GAIL+TD3,191,6039,34,5.574425621896458,0
GAIL+TD3,191,6039,35,5.986986284054616,0
GAIL+TD3,191,6039,36,5.83321394579973,0
GAIL+TD3,191,6039,37,5.88332611639208,0
GAIL+TD3,191,6039,38,6.122893214752161,0
GAIL+TD3,191,6039,39,7.11120627395789,0
GAIL+TD3,191,6039,40,5.393746548071454,0
GAIL+TD3,191,6039,41,5.72973452868555,0
GAIL+TD3,191,6039,42,5.926637959691695,0
GAIL+TD3,191,6039,43,6.3250534939077845,0
GAIL+TD3,191,6039,44,5.511443524349207,0
GAIL+TD3,191,6039,45,5.636707189975781,0
GAIL+TD3,191,6039,46,4.480563525041062,0
GAIL+TD3,191,6039,47,2.7788032022574716,0
GAIL+TD3,191,6039,48,2.5249121886579187,0
GAIL+TD3,191,6039,49,2.121508749062276,0
GAIL+TD3,191,6039,50,5.955389323887646,0
GAIL+TD3,191,6039,51,52.82440653703924,0
GAIL+TD3,191,6039,52,5.368197145672037,0
GAIL+TD3,191,6039,53,4.362050271590199,0
GAIL+TD3,191,6039,54,7.507106989098885,0
GAIL+TD3,191,6039,55,8.25402850036721,0
GAIL+TD3,191,6039,56,3.9023293945567787,0
GAIL+TD3,191,6039,57,9.564954525768732,0
GAIL+TD3,191,6039,58,2.921280022257535,0
GAIL+TD3,191,6039,59,9.744292580354461,0
GAIL+TD3,191,6039,60,3.097002905635638,0
GAIL+TD3,191,6039,61,9.022381648969015,0
GAIL+TD3,191,6039,62,6.850697440964019,0
GAIL+TD3,191,6039,63,4.932012787118162,0
GAIL+TD3,191,6039,64,1.9321278926409076,0
GAIL+TD3,191,6039,65,69.38000809388912,0
GAIL+TD3,191,6039,66,19.466993359427445,0
GAIL+TD3,191,6039,67,6.216710453719189,0
GAIL+TD3,191,6039,68,2.4262764545087094,0
GAIL+TD3,191,6039,69,1.5336399621707597,0
GAIL+TD3,191,6039,70,7.014063536452095,0
GAIL+TD3,191,6039,71,1.421945803860751,0
GAIL+TD3,191,6039,72,34.929428883230266,0
GAIL+TD3,191,6039,73,46.13040916530278,0
GAIL+TD3,191,6039,74,2.858205045628522,0
GAIL+TD3,191,6039,75,3.529976392896268,0
GAIL+TD3,191,6039,76,4.427206797439848,0
GAIL+TD3,191,6039,77,9.088536820248597,0
GAIL+TD3,191,6039,78,3.709780308665069,0
GAIL+TD3,191,6039,79,5.816236004066301,0
GAIL+TD3,191,6039,80,3.8688254404218005,0
GAIL+TD3,191,6039,81,5.387486204526997,0
GAIL+TD3,191,6039,82,8.57597842755561,0
GAIL+TD3,191,6039,83,6.48565167109189,0
GAIL+TD3,191,6039,84,2.8235540998091344,0
GAIL+TD3,191,6039,85,2.2422873945399457,0
GAIL+TD3,191,6039,86,2.008834619085932,0
GAIL+TD3,191,6039,87,4.2219846308052125,0
GAIL+TD3,191,6039,88,5.653621902821477,0
GAIL+TD3,191,6039,89,3.7706465050677336,0
GAIL+TD3,191,6039,90,6.40667472932504,0
GAIL+TD3,191,6039,91,8.075333108220873,0
GAIL+TD3,191,6039,92,4.520871762535763,0
GAIL+TD3,191,6039,93,4.348230243427162,0
GAIL+TD3,191,6039,94,3.1992898834935333,0
GAIL+TD3,191,6039,95,2.445236884721124,0
GAIL+TD3,191,6039,96,3.297321573507927,0
GAIL+TD3,191,6039,97,12.658675285909517,0
GAIL+TD3,191,6039,98,2.5326461148865285,0
GAIL+TD3,191,6041,5,10.272410791993039,0
GAIL+TD3,191,6041,6,21.906623235613463,0
GAIL+TD3,191,6041,7,18.66473364801079,0
GAIL+TD3,191,6041,8,8.493914582872316,0
GAIL+TD3,191,6041,9,7.306265580854248,0
GAIL+TD3,191,6041,10,5.009392241923936,0
GAIL+TD3,191,6041,11,6.592228130042589,0
GAIL+TD3,191,6041,12,7.124281514051864,0
GAIL+TD3,191,6041,13,8.112608515915667,0
GAIL+TD3,191,6041,14,3.4039668041129487,0
GAIL+TD3,191,6041,15,5.398720161526687,0
GAIL+TD3,191,6041,16,5.251363383416806,0
GAIL+TD3,191,6041,17,6.1347385823517255,0
GAIL+TD3,191,6041,18,6.740202049150964,0
GAIL+TD3,191,6041,19,7.376703111858705,0
GAIL+TD3,191,6041,20,5.36036512766239,0
GAIL+TD3,191,6041,21,5.116001792174173,0
GAIL+TD3,191,6041,22,5.496929711584003,0
GAIL+TD3,191,6041,23,5.784126984126985,0
GAIL+TD3,191,6041,24,5.906231203668263,0
GAIL+TD3,191,6041,25,6.302511232042129,0
GAIL+TD3,191,6041,26,5.064044667508748,0
GAIL+TD3,191,6041,27,5.17967142540597,0
GAIL+TD3,191,6041,28,5.4690350136832135,0
GAIL+TD3,191,6041,29,5.613138039482037,0
GAIL+TD3,191,6041,30,5.764725879510102,0
GAIL+TD3,191,6041,31,5.862902085163833,0
GAIL+TD3,191,6041,32,5.3281988379142,0
GAIL+TD3,191,6041,33,5.447931271067626,0
GAIL+TD3,191,6041,34,6.111159168088664,0
GAIL+TD3,191,6041,35,5.8880081312858925,0
GAIL+TD3,191,6041,36,5.9942916693017745,0
GAIL+TD3,191,6041,37,6.080903219555479,0
GAIL+TD3,191,6041,38,5.640914947597731,0
GAIL+TD3,191,6041,39,5.765129229154015,0
GAIL+TD3,191,6041,40,6.358061424136763,0
GAIL+TD3,191,6041,41,6.114489829679498,0
GAIL+TD3,191,6041,42,6.232102585749875,0
GAIL+TD3,191,6041,43,7.212573220467378,0
GAIL+TD3,191,6041,44,5.875551370302338,0
GAIL+TD3,191,6041,45,5.045741070586893,0
GAIL+TD3,191,6041,46,4.4611594865736866,0
GAIL+TD3,191,6041,47,4.098852601758895,0
GAIL+TD3,191,6041,48,4.62676603217916,0
GAIL+TD3,191,6041,49,7.159102771238448,0
GAIL+TD3,191,6041,50,6.60955622597894,0
GAIL+TD3,191,6041,51,8.513404790459685,0
GAIL+TD3,191,6041,52,5.72625814812525,0
GAIL+TD3,191,6041,53,2.385780505763598,0
GAIL+TD3,191,6041,54,3.315358170236566,0
GAIL+TD3,191,6041,55,10.84074880340872,0
GAIL+TD3,191,6041,56,3.7468739288051442,0
GAIL+TD3,191,6041,57,5.834925825206558,0
GAIL+TD3,191,6041,58,13.301123229605428,0
GAIL+TD3,191,6041,59,4.934386308077632,0
GAIL+TD3,191,6041,60,7.6463551280805735,0
GAIL+TD3,191,6041,61,4.900490017547925,0
GAIL+TD3,191,6041,62,2.521577558387824,0
GAIL+TD3,191,6041,63,1.7970413597833188,0
GAIL+TD3,191,6041,64,2.754612155081864,0
GAIL+TD3,191,6041,65,2.8930630651859075,0
GAIL+TD3,191,6041,66,3.984989091356052,0
GAIL+TD3,191,6041,67,3.043222871493972,0
GAIL+TD3,191,6041,68,12.353521136200644,0
GAIL+TD3,191,6041,69,3.810723240046934,0
GAIL+TD3,191,6041,70,5.436484562998381,0
GAIL+TD3,191,6041,71,3.0508149259352115,0
GAIL+TD3,191,6041,72,6.61979194103909,0
GAIL+TD3,191,6041,73,4.693958372732025,0
GAIL+TD3,191,6041,74,6.69461052143645,0
GAIL+TD3,191,6041,75,3.6151753420089507,0
GAIL+TD3,191,6041,76,5.461006210488206,0
GAIL+TD3,191,6041,77,6.684862910320195,0
GAIL+TD3,191,6041,78,5.444486524676355,0
GAIL+TD3,191,6041,79,4.764253583900576,0
GAIL+TD3,191,6041,80,2.1856869860832218,0
GAIL+TD3,191,6041,81,3.487879102258187,0
GAIL+TD3,191,6041,82,2.2149207066983108,0
GAIL+TD3,191,6041,83,7.323172820494761,0
GAIL+TD3,191,6041,84,4.698464652475859,0
GAIL+TD3,191,6041,85,4.552581871540052,0
GAIL+TD3,191,6041,86,6.118773986980767,0
GAIL+TD3,191,6041,87,3.6745199206302264,0
GAIL+TD3,191,6041,88,6.100093644539464,0
GAIL+TD3,191,6041,89,7.14054128553731,0
GAIL+TD3,191,6041,90,2.936597669648285,0
GAIL+TD3,191,6041,91,4.84301546478337,0
GAIL+TD3,191,6041,92,2.4142276599923704,0
GAIL+TD3,191,6041,93,8.281970023805634,0
GAIL+TD3,191,6041,94,3.258246344004009,0
GAIL+TD3,191,6041,95,12.746722732923068,0
GAIL+TD3,191,6041,96,4.260561215985332,0
GAIL+TD3,191,6041,97,5.444630096782159,0
GAIL+TD3,191,6041,98,2.802563004786722,0
GAIL+TD3,191,6042,5,6.450107611035021,0
GAIL+TD3,191,6042,6,25.320874471086032,0
GAIL+TD3,191,6042,7,23.854417670682732,0
GAIL+TD3,191,6042,8,8.31163401815576,0
GAIL+TD3,191,6042,9,13.45934263110676,0
GAIL+TD3,191,6042,10,6.677874853873131,0
GAIL+TD3,191,6042,11,8.901347668079953,0
GAIL+TD3,191,6042,12,4.195150471797703,0
GAIL+TD3,191,6042,13,6.518742729625147,0
GAIL+TD3,191,6042,14,5.593685309859942,0
GAIL+TD3,191,6042,15,4.114463048498846,0
GAIL+TD3,191,6042,16,5.619208231125646,0
GAIL+TD3,191,6042,17,6.731444503051767,0
GAIL+TD3,191,6042,18,5.075317401045557,0
GAIL+TD3,191,6042,19,6.213694446676848,0
GAIL+TD3,191,6042,20,5.611543611974851,0
GAIL+TD3,191,6042,21,4.456188103981032,0
GAIL+TD3,191,6042,22,5.4585662790582195,0
GAIL+TD3,191,6042,23,5.750071145345197,0
GAIL+TD3,191,6042,24,4.649168050305578,0
GAIL+TD3,191,6042,25,5.3765385279694815,0
GAIL+TD3,191,6042,26,5.199113495088552,0
GAIL+TD3,191,6042,27,4.774701300141381,0
GAIL+TD3,191,6042,28,5.302596767942301,0
GAIL+TD3,191,6042,29,5.639344441171015,0
GAIL+TD3,191,6042,30,4.916431235420797,0
GAIL+TD3,191,6042,31,5.138052345723163,0
GAIL+TD3,191,6042,32,4.9997628417189555,0
GAIL+TD3,191,6042,33,4.72879020607867,0
GAIL+TD3,191,6042,34,5.224265334747357,0
GAIL+TD3,191,6042,35,6.420270639010911,0
GAIL+TD3,191,6042,36,6.157333468965636,0
GAIL+TD3,191,6042,37,6.245417847581869,0
GAIL+TD3,191,6042,38,5.919039352491736,0
GAIL+TD3,191,6042,39,5.514313585794926,0
GAIL+TD3,191,6042,40,5.696221395464842,0
GAIL+TD3,191,6042,41,6.887813903200023,0
GAIL+TD3,191,6042,42,5.542207719218152,0
GAIL+TD3,191,6042,43,8.129977558641272,0
GAIL+TD3,191,6042,44,5.206576267752804,0
GAIL+TD3,191,6042,45,5.235694888733828,0
GAIL+TD3,191,6042,46,4.563375252797811,0
GAIL+TD3,191,6042,47,4.710872431286004,0
GAIL+TD3,191,6042,48,3.5699348310438244,0
GAIL+TD3,191,6042,49,3.962206188946187,0
GAIL+TD3,191,6042,50,10.56209330408014,0
GAIL+TD3,191,6042,51,5.851554770139947,0
GAIL+TD3,191,6042,52,5.236030588705219,0
GAIL+TD3,191,6042,53,3.931302435500472,0
GAIL+TD3,191,6042,54,6.46076574187333,0
GAIL+TD3,191,6042,55,5.82957495466038,0
GAIL+TD3,191,6042,56,6.5227902898297,0
GAIL+TD3,191,6042,57,5.141721244823217,0
GAIL+TD3,191,6042,58,4.651611750060104,0
GAIL+TD3,191,6042,59,5.080673627596615,0
GAIL+TD3,191,6042,60,2.718939628091968,0
GAIL+TD3,191,6042,61,13.34342299114292,0
GAIL+TD3,191,6042,62,11.308913552765038,0
GAIL+TD3,191,6042,63,12.306548444782251,0
GAIL+TD3,191,6042,64,3.9379398751977304,0
GAIL+TD3,191,6042,65,2.742564979048414,0
GAIL+TD3,191,6042,66,2.36185798550612,0
GAIL+TD3,191,6042,67,3.1188117271391165,0
GAIL+TD3,191,6042,68,3.337391958893519,0
GAIL+TD3,191,6042,69,4.962637421955125,0
GAIL+TD3,191,6042,70,6.859467165152099,0
GAIL+TD3,191,6042,71,7.943941863836244,0
GAIL+TD3,191,6042,72,6.42720114313511,0
GAIL+TD3,191,6042,73,7.369554824067308,0
GAIL+TD3,191,6042,74,3.794614855241173,0
GAIL+TD3,191,6042,75,2.753392333025126,0
GAIL+TD3,191,6042,76,2.3198870620034824,0
GAIL+TD3,191,6042,77,10.396878633053907,0
GAIL+TD3,191,6042,78,8.244672947059069,0
GAIL+TD3,191,6042,79,4.042962243336677,0
GAIL+TD3,191,6042,80,8.839223342707195,0
GAIL+TD3,191,6042,81,3.2247345931770606,0
GAIL+TD3,191,6042,82,6.3064111287271825,0
GAIL+TD3,191,6042,83,3.123985288343155,0
GAIL+TD3,191,6042,84,5.129652852272097,0
GAIL+TD3,191,6042,85,4.253527320402935,0
GAIL+TD3,191,6042,86,4.2827640382323535,0
GAIL+TD3,191,6042,87,5.429556912346505,0
GAIL+TD3,191,6042,88,5.717883051463453,0
GAIL+TD3,191,6042,89,2.990579749871028,0
GAIL+TD3,191,6042,90,9.928033215849618,0
GAIL+TD3,191,6042,91,2.836849229744202,0
GAIL+TD3,191,6042,92,6.323914107122765,0
GAIL+TD3,191,6042,93,5.401494477304042,0
GAIL+TD3,191,6042,94,8.327786069540247,0
GAIL+TD3,191,6042,95,7.247973496455788,0
GAIL+TD3,191,6042,96,4.315613529610532,0
GAIL+TD3,191,6042,97,3.702324665204759,0
GAIL+TD3,191,6042,98,3.2837853528061887,0
GAIL+TD3,191,6044,5,7.907108081791627,0
GAIL+TD3,191,6044,6,33.596147230822154,0
GAIL+TD3,191,6044,7,11.819458683616979,0
GAIL+TD3,191,6044,8,7.8307140887786035,0
GAIL+TD3,191,6044,9,13.422879584468237,0
GAIL+TD3,191,6044,10,5.9633737087724805,0
GAIL+TD3,191,6044,11,6.57769045576556,0
GAIL+TD3,191,6044,12,7.543797453395964,0
GAIL+TD3,191,6044,13,5.5101015137312785,0
GAIL+TD3,191,6044,14,2.9089151450053707,0
GAIL+TD3,191,6044,15,6.3494089316987745,0
GAIL+TD3,191,6044,16,6.107363605392516,0
GAIL+TD3,191,6044,17,6.480264385692069,0
GAIL+TD3,191,6044,18,7.201725769092748,0
GAIL+TD3,191,6044,19,5.767212124871687,0
GAIL+TD3,191,6044,20,5.481835856434453,0
GAIL+TD3,191,6044,21,4.185702438986585,0
GAIL+TD3,191,6044,22,5.353679308532806,0
GAIL+TD3,191,6044,23,5.571726683222957,0
GAIL+TD3,191,6044,24,5.7636365129283105,0
GAIL+TD3,191,6044,25,5.367711594364937,0
GAIL+TD3,191,6044,26,5.388860870802137,0
GAIL+TD3,191,6044,27,4.647461849891,0
GAIL+TD3,191,6044,28,5.253784364870616,0
GAIL+TD3,191,6044,29,5.4266485905765585,0
GAIL+TD3,191,6044,30,5.583812866843135,0
GAIL+TD3,191,6044,31,5.399955990199356,0
GAIL+TD3,191,6044,32,5.222560749342801,0
GAIL+TD3,191,6044,33,5.385298029083609,0
GAIL+TD3,191,6044,34,5.45100901759822,0
GAIL+TD3,191,6044,35,5.596571541083669,0
GAIL+TD3,191,6044,36,5.704146967522853,0
GAIL+TD3,191,6044,37,6.648698213174235,0
GAIL+TD3,191,6044,38,5.770376743987599,0
GAIL+TD3,191,6044,39,5.56237726442579,0
GAIL+TD3,191,6044,40,6.039558821162421,0
GAIL+TD3,191,6044,41,6.09487758181524,0
GAIL+TD3,191,6044,42,6.213850083447727,0
GAIL+TD3,191,6044,43,6.807526866555721,0
GAIL+TD3,191,6044,44,5.495705202839989,0
GAIL+TD3,191,6044,45,4.8293128686205975,0
GAIL+TD3,191,6044,46,5.592342839797588,0
GAIL+TD3,191,6044,47,4.659314467226263,0
GAIL+TD3,191,6044,48,3.992469349961321,0
GAIL+TD3,191,6044,49,4.886627269527659,0
GAIL+TD3,191,6044,50,3.2407719249794336,0
GAIL+TD3,191,6044,51,1.684033338711757,0
GAIL+TD3,191,6044,52,4.44398859648072,0
GAIL+TD3,191,6044,53,5.448002087848263,0
GAIL+TD3,191,6044,54,27.654412190182267,0
GAIL+TD3,191,6044,55,5.331551100299028,0
GAIL+TD3,191,6044,56,7.241750719001902,0
GAIL+TD3,191,6044,57,9.246342719886789,0
GAIL+TD3,191,6044,58,4.0703793799094825,0
GAIL+TD3,191,6044,59,3.1313178657917353,0
GAIL+TD3,191,6044,60,3.4854585763274577,0
GAIL+TD3,191,6044,61,5.4890062142077936,0
GAIL+TD3,191,6044,62,2.403661302403799,0
GAIL+TD3,191,6044,63,12.256389456840608,0
GAIL+TD3,191,6044,64,9.386539233570216,0
GAIL+TD3,191,6044,65,5.23334040191101,0
GAIL+TD3,191,6044,66,4.156315170897796,0
GAIL+TD3,191,6044,67,4.503449934000745,0
GAIL+TD3,191,6044,68,2.8608727935520193,0
GAIL+TD3,191,6044,69,3.7204357463957556,0
GAIL+TD3,191,6044,70,6.754260040631349,0
GAIL+TD3,191,6044,71,6.430197006225906,0
GAIL+TD3,191,6044,72,5.257695228165214,0
GAIL+TD3,191,6044,73,4.97198849668352,0
GAIL+TD3,191,6044,74,3.13860372148149,0
GAIL+TD3,191,6044,75,2.0503330565550324,0
GAIL+TD3,191,6044,76,6.584790951721648,0
GAIL+TD3,191,6044,77,7.314020772351752,0
GAIL+TD3,191,6044,78,2.269463498275795,0
GAIL+TD3,191,6044,79,2.9656252209133966,0
GAIL+TD3,191,6044,80,3.8743806528906877,0
GAIL+TD3,191,6044,81,3.2122055025479437,0
GAIL+TD3,191,6044,82,3.613749341750688,0
GAIL+TD3,191,6044,83,3.1300549992495235,0
GAIL+TD3,191,6044,84,4.551815651718575,0
GAIL+TD3,191,6044,85,7.252028796553483,0
GAIL+TD3,191,6044,86,7.011182833217026,0
GAIL+TD3,191,6044,87,4.422579929277428,0
GAIL+TD3,191,6044,88,6.023863090726251,0
GAIL+TD3,191,6044,89,4.663520618967427,0
GAIL+TD3,191,6044,90,4.375701662772284,0
GAIL+TD3,191,6044,91,2.425059766691604,0
GAIL+TD3,191,6044,92,6.9360657400831895,0
GAIL+TD3,191,6044,93,5.842916125298738,0
GAIL+TD3,191,6044,94,2.0801392547406694,0
GAIL+TD3,191,6044,95,2.740638057812594,0
GAIL+TD3,191,6044,96,9.993877959913624,0
GAIL+TD3,191,6044,97,6.451915257864328,0
GAIL+TD3,191,6044,98,2.3200366955154204,0
GAIL+TD3,191,6046,5,11.076410355486864,0
GAIL+TD3,191,6046,6,23.84271076757145,0
GAIL+TD3,191,6046,7,14.652357198060844,0
GAIL+TD3,191,6046,8,9.652200042927667,0
GAIL+TD3,191,6046,9,11.180378396320357,0
GAIL+TD3,191,6046,10,4.990900227494311,0
GAIL+TD3,191,6046,11,6.265986303806474,0
GAIL+TD3,191,6046,12,3.2700874585325916,0
GAIL+TD3,191,6046,13,6.968187859991138,0
GAIL+TD3,191,6046,14,7.5497534737785745,0
GAIL+TD3,191,6046,15,6.840586305629823,0
GAIL+TD3,191,6046,16,5.054366027943602,0
GAIL+TD3,191,6046,17,6.112893951425207,0
GAIL+TD3,191,6046,18,4.243088704530951,0
GAIL+TD3,191,6046,19,6.329605374039919,0
GAIL+TD3,191,6046,20,6.032612552553198,0
GAIL+TD3,191,6046,21,5.9183657183896585,0
GAIL+TD3,191,6046,22,4.993468094152205,0
GAIL+TD3,191,6046,23,5.398338183489048,0
GAIL+TD3,191,6046,24,4.45170536632725,0
GAIL+TD3,191,6046,25,5.67157219280417,0
GAIL+TD3,191,6046,26,5.6781914397467865,0
GAIL+TD3,191,6046,27,5.70621378162832,0
GAIL+TD3,191,6046,28,5.255663008753897,0
GAIL+TD3,191,6046,29,5.3964939906907805,0
GAIL+TD3,191,6046,30,4.908544276062843,0
GAIL+TD3,191,6046,31,5.632234120078528,0
GAIL+TD3,191,6046,32,5.729113783533765,0
GAIL+TD3,191,6046,33,5.8133038208240535,0
GAIL+TD3,191,6046,34,6.065673546598258,0
GAIL+TD3,191,6046,35,5.789355111236271,0
GAIL+TD3,191,6046,36,5.446525183955121,0
GAIL+TD3,191,6046,37,5.73726772900492,0
GAIL+TD3,191,6046,38,5.8326562120025605,0
GAIL+TD3,191,6046,39,5.837203657919527,0
GAIL+TD3,191,6046,40,6.273229589759376,0
GAIL+TD3,191,6046,41,5.793807206602301,0
GAIL+TD3,191,6046,42,5.419524676887192,0
GAIL+TD3,191,6046,43,5.747262049547172,0
GAIL+TD3,191,6046,44,5.680922430698698,0
GAIL+TD3,191,6046,45,4.725470815694821,0
GAIL+TD3,191,6046,46,8.036792118734105,0
GAIL+TD3,191,6046,47,6.224201138429727,0
GAIL+TD3,191,6046,48,3.37822075645341,0
GAIL+TD3,191,6046,49,3.5658269999339667,0
GAIL+TD3,191,6046,50,5.899797646162081,0
GAIL+TD3,191,6046,51,6.103882123198436,0
GAIL+TD3,191,6046,52,5.410879760694148,0
GAIL+TD3,191,6046,53,8.901740717587769,0
GAIL+TD3,191,6046,54,6.801415870232922,0
GAIL+TD3,191,6046,55,4.55025251431075,0
GAIL+TD3,191,6046,56,2.1829470667490263,0
GAIL+TD3,191,6046,57,2.199900846005075,0
GAIL+TD3,191,6046,58,3.384047363263957,0
GAIL+TD3,191,6046,59,14.040271858513414,0
GAIL+TD3,191,6046,60,14.355726802284956,0
GAIL+TD3,191,6046,61,11.705026349023003,0
GAIL+TD3,191,6046,62,3.399818962143395,0
GAIL+TD3,191,6046,63,5.179907732665954,0
GAIL+TD3,191,6046,64,5.762466776812011,0
GAIL+TD3,191,6046,65,4.6609341861734155,0
GAIL+TD3,191,6046,66,2.518216554629883,0
GAIL+TD3,191,6046,67,13.030749971380773,0
GAIL+TD3,191,6046,68,7.5282756794885035,0
GAIL+TD3,191,6046,69,3.9367124871250723,0
GAIL+TD3,191,6046,70,5.3019220344442,0
GAIL+TD3,191,6046,71,8.360382982567067,0
GAIL+TD3,191,6046,72,3.493109045994589,0
GAIL+TD3,191,6046,73,4.88999723096893,0
GAIL+TD3,191,6046,74,3.977659533491441,0
GAIL+TD3,191,6046,75,3.8005855560118262,0
GAIL+TD3,191,6046,76,4.364248473111872,0
GAIL+TD3,191,6046,77,6.313923242214786,0
GAIL+TD3,191,6046,78,2.2057888654558475,0
GAIL+TD3,191,6046,79,3.099909848495752,0
GAIL+TD3,191,6046,80,1.7382321602882378,0
GAIL+TD3,191,6046,81,14.323550555335899,0
GAIL+TD3,191,6046,82,19.289342023219216,0
GAIL+TD3,191,6046,83,6.5810927072109315,0
GAIL+TD3,191,6046,84,5.29024289684034,0
GAIL+TD3,191,6046,85,3.4698564788387833,0
GAIL+TD3,191,6046,86,8.222757470373658,0
GAIL+TD3,191,6046,87,3.127829325581698,0
GAIL+TD3,191,6046,88,4.449305332421574,0
GAIL+TD3,191,6046,89,2.1309592837145477,0
GAIL+TD3,191,6046,90,4.011509100218778,0
GAIL+TD3,191,6046,91,7.140757381393668,0
GAIL+TD3,191,6046,92,6.387817160175946,0
GAIL+TD3,191,6046,93,6.105467452158863,0
GAIL+TD3,191,6046,94,3.5951011199142187,0
GAIL+TD3,191,6046,95,6.122149753322785,0
GAIL+TD3,191,6046,96,3.596105852445667,0
GAIL+TD3,191,6046,97,3.8120729824649664,0
GAIL+TD3,191,6046,98,1.9354854180691596,0
GAIL+TD3,191,6048,5,8.517076967986766,0
GAIL+TD3,191,6048,6,24.582919197496782,0
GAIL+TD3,191,6048,7,14.87552831783601,0
GAIL+TD3,191,6048,8,18.140622427136503,0
GAIL+TD3,191,6048,9,13.605680625218712,0
GAIL+TD3,191,6048,10,5.672040461514145,0
GAIL+TD3,191,6048,11,4.389170330720703,0
GAIL+TD3,191,6048,12,3.2352277457660543,0
GAIL+TD3,191,6048,13,6.881640903686088,0
GAIL+TD3,191,6048,14,8.575159429092015,0
GAIL+TD3,191,6048,15,7.885831394231795,0
GAIL+TD3,191,6048,16,4.980341464023881,0
GAIL+TD3,191,6048,17,4.714967283104259,0
GAIL+TD3,191,6048,18,5.209960033418385,0
GAIL+TD3,191,6048,19,5.321010899809621,0
GAIL+TD3,191,6048,20,7.284215051588105,0
GAIL+TD3,191,6048,21,6.665002571134729,0
GAIL+TD3,191,6048,22,5.12386930604502,0
GAIL+TD3,191,6048,23,4.885224877994677,0
GAIL+TD3,191,6048,24,5.414580757039501,0
GAIL+TD3,191,6048,25,4.875145283332149,0
GAIL+TD3,191,6048,26,6.104561912640188,0
GAIL+TD3,191,6048,27,5.894371963208883,0
GAIL+TD3,191,6048,28,5.2119538235365,0
GAIL+TD3,191,6048,29,5.226439939953121,0
GAIL+TD3,191,6048,30,5.582852824874524,0
GAIL+TD3,191,6048,31,5.25293027182791,0
GAIL+TD3,191,6048,32,6.1071914256079305,0
GAIL+TD3,191,6048,33,6.041874971654241,0
GAIL+TD3,191,6048,34,5.698026992134267,0
GAIL+TD3,191,6048,35,5.726019635911768,0
GAIL+TD3,191,6048,36,5.9354312968241105,0
GAIL+TD3,191,6048,37,5.717581257233497,0
GAIL+TD3,191,6048,38,6.206594342889429,0
GAIL+TD3,191,6048,39,5.995418744640284,0
GAIL+TD3,191,6048,40,5.839246031819212,0
GAIL+TD3,191,6048,41,6.173875246099842,0
GAIL+TD3,191,6048,42,6.0148501550832485,0
GAIL+TD3,191,6048,43,4.985324773619216,0
GAIL+TD3,191,6048,44,4.8614040769581,0
GAIL+TD3,191,6048,45,3.273114051854871,0
GAIL+TD3,191,6048,46,2.643521432868012,0
GAIL+TD3,191,6048,47,1.7469499155165773,0
GAIL+TD3,191,6048,48,2.9992054222463853,0
GAIL+TD3,191,6048,49,1.9784643017876475,0
GAIL+TD3,191,6048,50,5.998674456696105,0
GAIL+TD3,191,6048,51,3.0736093551345935,0
GAIL+TD3,191,6048,52,2.4872466628106102,0
GAIL+TD3,191,6048,53,3.2956941974898553,0
GAIL+TD3,191,6048,54,4.3227910121000495,0
GAIL+TD3,191,6048,55,8.457967939460925,0
GAIL+TD3,191,6048,56,8.158665966213023,0
GAIL+TD3,191,6048,57,8.903239451860742,0
GAIL+TD3,191,6048,58,7.754695858869894,0
GAIL+TD3,191,6048,59,5.5006852770477215,0
GAIL+TD3,191,6048,60,3.352456955590264,0
GAIL+TD3,191,6048,61,4.876565774173507,0
GAIL+TD3,191,6048,62,6.4585072744638055,0
GAIL+TD3,191,6048,63,2.412609914230342,0
GAIL+TD3,191,6048,64,15.03949886068613,0
GAIL+TD3,191,6048,65,11.989358758123668,0
GAIL+TD3,191,6048,66,4.749956567008419,0
GAIL+TD3,191,6048,67,3.8865516678593393,0
GAIL+TD3,191,6048,68,3.3582007223169303,0
GAIL+TD3,191,6048,69,2.54178649046166,0
GAIL+TD3,191,6048,70,4.805682088001468,0
GAIL+TD3,191,6048,71,14.604761689903592,0
GAIL+TD3,191,6048,72,5.944902077988368,0
GAIL+TD3,191,6048,73,2.2519732415205027,0
GAIL+TD3,191,6048,74,4.80224279867533,0
GAIL+TD3,191,6048,75,3.3844985690846943,0
GAIL+TD3,191,6048,76,3.5194648094876477,0
GAIL+TD3,191,6048,77,2.7925246215679898,0
GAIL+TD3,191,6048,78,5.034272721972833,0
GAIL+TD3,191,6048,79,4.175995908499163,0
GAIL+TD3,191,6048,80,4.263769376046752,0
GAIL+TD3,191,6048,81,4.424862593865079,0
GAIL+TD3,191,6048,82,4.403981835441414,0
GAIL+TD3,191,6048,83,4.624582388623027,0
GAIL+TD3,191,6048,84,7.266102467383773,0
GAIL+TD3,191,6048,85,3.2666649819815268,0
GAIL+TD3,191,6048,86,6.073942178497415,0
GAIL+TD3,191,6048,87,5.856606153594247,0
GAIL+TD3,191,6048,88,5.813939739315554,0
GAIL+TD3,191,6048,89,2.562702036656263,0
GAIL+TD3,191,6048,90,3.63259738348085,0
GAIL+TD3,191,6048,91,2.8634810315956347,0
GAIL+TD3,191,6048,92,10.02868307175612,0
GAIL+TD3,191,6048,93,2.4670646796240674,0
GAIL+TD3,191,6048,94,15.705928466927315,0
GAIL+TD3,191,6048,95,4.397437932834438,0
GAIL+TD3,191,6048,96,2.3470598471680297,0
GAIL+TD3,191,6048,97,5.68215239227119,0
GAIL+TD3,191,6048,98,4.128364553650675,0
GAIL+TD3,191,6049,5,4.615392128137513,0
GAIL+TD3,191,6049,6,11.460881124192934,0
GAIL+TD3,191,6049,7,9.983020180932497,0
GAIL+TD3,191,6049,8,7.672807017543859,0
GAIL+TD3,191,6049,9,17.223147742218327,0
GAIL+TD3,191,6049,10,13.105594817432275,0
GAIL+TD3,191,6049,11,6.745248970845317,0
GAIL+TD3,191,6049,12,9.056456846203762,0
GAIL+TD3,191,6049,13,4.200154547318289,0
GAIL+TD3,191,6049,14,3.0757595557007513,0
GAIL+TD3,191,6049,15,7.865619011115371,0
GAIL+TD3,191,6049,16,8.9411838790932,0
GAIL+TD3,191,6049,17,6.701292517006803,0
GAIL+TD3,191,6049,18,7.037467464646297,0
GAIL+TD3,191,6049,19,4.458553809137234,0
GAIL+TD3,191,6049,20,3.7271785708638387,0
GAIL+TD3,191,6049,21,6.122589481594608,0
GAIL+TD3,191,6049,22,6.120156023823467,0
GAIL+TD3,191,6049,23,5.385577597924681,0
GAIL+TD3,191,6049,24,5.827505070281565,0
GAIL+TD3,191,6049,25,4.600116510264301,0
GAIL+TD3,191,6049,26,4.161154254280148,0
GAIL+TD3,191,6049,27,5.7752737682118305,0
GAIL+TD3,191,6049,28,5.828221920177933,0
GAIL+TD3,191,6049,29,5.2458102630672645,0
GAIL+TD3,191,6049,30,5.556819046363126,0
GAIL+TD3,191,6049,31,4.87165987110888,0
GAIL+TD3,191,6049,32,4.463229504359115,0
GAIL+TD3,191,6049,33,5.497520367703627,0
GAIL+TD3,191,6049,34,6.501965643962055,0
GAIL+TD3,191,6049,35,5.370558050648065,0
GAIL+TD3,191,6049,36,5.785652336268475,0
GAIL+TD3,191,6049,37,6.270178930756185,0
GAIL+TD3,191,6049,38,5.432031477502803,0
GAIL+TD3,191,6049,39,6.128393289758508,0
GAIL+TD3,191,6049,40,6.973342430130173,0
GAIL+TD3,191,6049,41,5.519256597590904,0
GAIL+TD3,191,6049,42,6.764827060937604,0
GAIL+TD3,191,6049,43,5.407834683584877,0
GAIL+TD3,191,6049,44,5.883935632077559,0
GAIL+TD3,191,6049,45,5.876661085237272,0
GAIL+TD3,191,6049,46,4.90681940958662,0
GAIL+TD3,191,6049,47,5.3750398749643225,0
GAIL+TD3,191,6049,48,3.1765499745146197,0
GAIL+TD3,191,6049,49,3.5792696786707374,0
GAIL+TD3,191,6049,50,8.718200094015982,0
GAIL+TD3,191,6049,51,16.652412798557908,0
GAIL+TD3,191,6049,52,6.5264863131818505,0
GAIL+TD3,191,6049,53,12.825910716345598,0
GAIL+TD3,191,6049,54,3.862561542063763,0
GAIL+TD3,191,6049,55,3.462488301933634,0
GAIL+TD3,191,6049,56,8.146376864329003,0
GAIL+TD3,191,6049,57,6.109932189777098,0
GAIL+TD3,191,6049,58,3.7682264237867837,0
GAIL+TD3,191,6049,59,3.3620652094982213,0
GAIL+TD3,191,6049,60,2.399184691695637,0
GAIL+TD3,191,6049,61,1.2097679462328004,0
GAIL+TD3,191,6049,62,32.16953382996697,0
GAIL+TD3,191,6049,63,34.32313355063305,0
GAIL+TD3,191,6049,64,61.51494420456457,0
GAIL+TD3,191,6049,65,3.848609221347763,0
GAIL+TD3,191,6049,66,6.6507964654595755,0
GAIL+TD3,191,6049,67,10.3051911623439,0
GAIL+TD3,191,6049,68,5.091997502296416,0
GAIL+TD3,191,6049,69,5.850785010940919,0
GAIL+TD3,191,6049,70,3.102855546968851,0
GAIL+TD3,191,6049,71,3.1536564365806097,0
GAIL+TD3,191,6049,72,4.223009361167157,0
GAIL+TD3,191,6049,73,7.980640966093823,0
GAIL+TD3,191,6049,74,3.9098072846086223,0
GAIL+TD3,191,6049,75,7.176803654663969,0
GAIL+TD3,191,6049,76,2.7411811830262987,0
GAIL+TD3,191,6049,77,4.086935211267606,0
GAIL+TD3,191,6049,78,3.834149295541791,0
GAIL+TD3,191,6049,79,5.818451257018333,0
GAIL+TD3,191,6049,80,4.685774858160047,0
GAIL+TD3,191,6049,81,7.389906635933955,0
GAIL+TD3,191,6049,82,3.400019840859771,0
GAIL+TD3,191,6049,83,2.5154406922113433,0
GAIL+TD3,191,6049,84,3.325967286550261,0
GAIL+TD3,191,6049,85,2.990368959819449,0
GAIL+TD3,191,6049,86,3.3178839441480736,0
GAIL+TD3,191,6049,87,5.910605184675384,0
GAIL+TD3,191,6049,88,4.83608597201084,0
GAIL+TD3,191,6049,89,4.044091170999456,0
GAIL+TD3,191,6049,90,4.912969197773393,0
GAIL+TD3,191,6049,91,5.233633714906736,0
GAIL+TD3,191,6049,92,2.634739337982379,0
GAIL+TD3,191,6049,93,5.040762064691535,0
GAIL+TD3,191,6049,94,2.789165947371656,0
GAIL+TD3,191,6049,95,4.439034726768609,0
GAIL+TD3,191,6049,96,7.029037041733593,0
GAIL+TD3,191,6049,97,5.455835584498612,0
GAIL+TD3,191,6049,98,5.858246972418082,0
GAIL+TD3,191,6051,5,6.67300380228137,0
GAIL+TD3,191,6051,6,36.179104477611936,0
GAIL+TD3,191,6051,7,27.52717810331534,0
GAIL+TD3,191,6051,8,11.936240990574754,0
GAIL+TD3,191,6051,9,10.93005284674444,0
GAIL+TD3,191,6051,10,7.111572527951213,0
GAIL+TD3,191,6051,11,4.471522022056306,0
GAIL+TD3,191,6051,12,5.29912154545808,0
GAIL+TD3,191,6051,13,4.5214528227398345,0
GAIL+TD3,191,6051,14,6.566058801637514,0
GAIL+TD3,191,6051,15,6.682473521001974,0
GAIL+TD3,191,6051,16,6.186161048080363,0
GAIL+TD3,191,6051,17,5.299862971985384,0
GAIL+TD3,191,6051,18,5.375070773752878,0
GAIL+TD3,191,6051,19,4.813302157982105,0
GAIL+TD3,191,6051,20,5.60954170224879,0
GAIL+TD3,191,6051,21,5.65144504444282,0
GAIL+TD3,191,6051,22,5.3630894323765075,0
GAIL+TD3,191,6051,23,4.742696026961737,0
GAIL+TD3,191,6051,24,4.834233135957273,0
GAIL+TD3,191,6051,25,4.605705681109383,0
GAIL+TD3,191,6051,26,4.872860884379688,0
GAIL+TD3,191,6051,27,5.177060691171083,0
GAIL+TD3,191,6051,28,5.066190395625146,0
GAIL+TD3,191,6051,29,5.7013885755538505,0
GAIL+TD3,191,6051,30,5.159603270339098,0
GAIL+TD3,191,6051,31,5.639592255531763,0
GAIL+TD3,191,6051,32,5.522200314088046,0
GAIL+TD3,191,6051,33,5.688421701826625,0
GAIL+TD3,191,6051,34,5.730220975027224,0
GAIL+TD3,191,6051,35,5.319456032279914,0
GAIL+TD3,191,6051,36,5.449755016268237,0
GAIL+TD3,191,6051,37,5.449533888004129,0
GAIL+TD3,191,6051,38,5.547600283246799,0
GAIL+TD3,191,6051,39,5.656178818613919,0
GAIL+TD3,191,6051,40,6.784555735987931,0
GAIL+TD3,191,6051,41,6.159488285879243,0
GAIL+TD3,191,6051,42,6.091495931812637,0
GAIL+TD3,191,6051,43,6.183062173155141,0
GAIL+TD3,191,6051,44,5.594488263443605,0
GAIL+TD3,191,6051,45,4.851342754140077,0
GAIL+TD3,191,6051,46,5.990637436722544,0
GAIL+TD3,191,6051,47,4.073624454623595,0
GAIL+TD3,191,6051,48,9.959061006707094,0
GAIL+TD3,191,6051,49,3.5156601178020614,0
GAIL+TD3,191,6051,50,7.938978242848992,0
GAIL+TD3,191,6051,51,2.111253534516566,0
GAIL+TD3,191,6051,52,1.8121387256647261,0
GAIL+TD3,191,6051,53,4.269565405458849,0
GAIL+TD3,191,6051,54,6.62654095462581,0
GAIL+TD3,191,6051,55,4.64107168109319,0
GAIL+TD3,191,6051,56,13.720034643671852,0
GAIL+TD3,191,6051,57,6.739632801587884,0
GAIL+TD3,191,6051,58,7.7856055602410255,0
GAIL+TD3,191,6051,59,4.494384898184184,0
GAIL+TD3,191,6051,60,4.551473870673607,0
GAIL+TD3,191,6051,61,4.635777933948237,0
GAIL+TD3,191,6051,62,4.573652102814867,0
GAIL+TD3,191,6051,63,6.31840230701358,0
GAIL+TD3,191,6051,64,4.098946194867384,0
GAIL+TD3,191,6051,65,7.988994651055046,0
GAIL+TD3,191,6051,66,3.103450213184628,0
GAIL+TD3,191,6051,67,3.0457343169684306,0
GAIL+TD3,191,6051,68,3.5227282406553,0
GAIL+TD3,191,6051,69,5.927733357259448,0
GAIL+TD3,191,6051,70,5.635487071982231,0
GAIL+TD3,191,6051,71,3.5982235637789493,0
GAIL+TD3,191,6051,72,18.1974230001719,0
GAIL+TD3,191,6051,73,6.939956431901256,0
GAIL+TD3,191,6051,74,3.346116400261475,0
GAIL+TD3,191,6051,75,6.440012348055845,0
GAIL+TD3,191,6051,76,2.8363758064407976,0
GAIL+TD3,191,6051,77,2.3747326902335053,0
GAIL+TD3,191,6051,78,5.926207259005847,0
GAIL+TD3,191,6051,79,16.19023051591658,0
GAIL+TD3,191,6051,80,5.902032137762545,0
GAIL+TD3,191,6051,81,2.81991285066919,0
GAIL+TD3,191,6051,82,4.128497764108685,0
GAIL+TD3,191,6051,83,6.939371485428078,0
GAIL+TD3,191,6051,84,4.576165695781306,0
GAIL+TD3,191,6051,85,6.129608582324754,0
GAIL+TD3,191,6051,86,12.97196235876252,0
GAIL+TD3,191,6051,87,2.8472200174730347,0
GAIL+TD3,191,6051,88,2.2185911001274827,0
GAIL+TD3,191,6051,89,1.5011966088059847,0
GAIL+TD3,191,6051,90,6.708099659380792,0
GAIL+TD3,191,6051,91,4.124006867761917,0
GAIL+TD3,191,6051,92,4.945434041731307,0
GAIL+TD3,191,6051,93,5.268577858071059,0
GAIL+TD3,191,6051,94,5.175938081757959,0
GAIL+TD3,191,6051,95,11.383994797217271,0
GAIL+TD3,191,6051,96,4.766364417295028,0
GAIL+TD3,191,6051,97,3.065468378543767,0
GAIL+TD3,191,6051,98,4.783909191678769,0
GAIL+TD3,191,6052,5,7.550302203158511,0
GAIL+TD3,191,6052,6,40.65268630849221,0
GAIL+TD3,191,6052,7,15.67610837438424,0
GAIL+TD3,191,6052,8,11.54063420551031,0
GAIL+TD3,191,6052,9,15.516824145197472,0
GAIL+TD3,191,6052,10,6.99040619389587,0
GAIL+TD3,191,6052,11,4.2278065412299535,0
GAIL+TD3,191,6052,12,5.772468437797637,0
GAIL+TD3,191,6052,13,4.329605129544203,0
GAIL+TD3,191,6052,14,5.897636612791199,0
GAIL+TD3,191,6052,15,8.794447368421052,0
GAIL+TD3,191,6052,16,6.642618242629149,0
GAIL+TD3,191,6052,17,5.1833067141341855,0
GAIL+TD3,191,6052,18,6.096023898353725,0
GAIL+TD3,191,6052,19,5.079765121078289,0
GAIL+TD3,191,6052,20,5.65331200465353,0
GAIL+TD3,191,6052,21,7.038532881557145,0
GAIL+TD3,191,6052,22,5.536380148512206,0
GAIL+TD3,191,6052,23,4.805455656796827,0
GAIL+TD3,191,6052,24,5.458587413415428,0
GAIL+TD3,191,6052,25,4.967222452681828,0
GAIL+TD3,191,6052,26,5.474216581958779,0
GAIL+TD3,191,6052,27,6.044547104438211,0
GAIL+TD3,191,6052,28,5.563365157043867,0
GAIL+TD3,191,6052,29,5.157804124647951,0
GAIL+TD3,191,6052,30,5.542544413272019,0
GAIL+TD3,191,6052,31,5.324510859985507,0
GAIL+TD3,191,6052,32,5.59238868547362,0
GAIL+TD3,191,6052,33,5.980478703201802,0
GAIL+TD3,191,6052,34,5.816679173998551,0
GAIL+TD3,191,6052,35,5.574601464148879,0
GAIL+TD3,191,6052,36,5.714172152257123,0
GAIL+TD3,191,6052,37,6.089723035518107,0
GAIL+TD3,191,6052,38,5.994186194526413,0
GAIL+TD3,191,6052,39,6.009369756653911,0
GAIL+TD3,191,6052,40,6.070301734659328,0
GAIL+TD3,191,6052,41,6.095146738270187,0
GAIL+TD3,191,6052,42,6.029457870020601,0
GAIL+TD3,191,6052,43,5.8371243566329065,0
GAIL+TD3,191,6052,44,6.377982262497024,0
GAIL+TD3,191,6052,45,4.552440587677701,0
GAIL+TD3,191,6052,46,5.155070914920209,0
GAIL+TD3,191,6052,47,3.7974546193655314,0
GAIL+TD3,191,6052,48,5.094939256873565,0
GAIL+TD3,191,6052,49,6.052592591643267,0
GAIL+TD3,191,6052,50,10.473336711930394,0
GAIL+TD3,191,6052,51,9.480470471848081,0
GAIL+TD3,191,6052,52,5.492305786367215,0
GAIL+TD3,191,6052,53,2.5236499421341616,0
GAIL+TD3,191,6052,54,3.306710565047913,0
GAIL+TD3,191,6052,55,6.223631681864823,0
GAIL+TD3,191,6052,56,4.178691193607002,0
GAIL+TD3,191,6052,57,3.997329264645235,0
GAIL+TD3,191,6052,58,7.033382594914707,0
GAIL+TD3,191,6052,59,5.316469937571974,0
GAIL+TD3,191,6052,60,6.466407357761059,0
GAIL+TD3,191,6052,61,16.28305955908115,0
GAIL+TD3,191,6052,62,6.443632639214063,0
GAIL+TD3,191,6052,63,2.666694223921716,0
GAIL+TD3,191,6052,64,5.161515247375177,0
GAIL+TD3,191,6052,65,2.6152527592036976,0
GAIL+TD3,191,6052,66,5.92563943769849,0
GAIL+TD3,191,6052,67,8.935363589264577,0
GAIL+TD3,191,6052,68,11.7774920243758,0
GAIL+TD3,191,6052,69,3.8614984361633335,0
GAIL+TD3,191,6052,70,5.160417353620048,0
GAIL+TD3,191,6052,71,5.235218947009713,0
GAIL+TD3,191,6052,72,2.257852047920142,0
GAIL+TD3,191,6052,73,4.259829286567994,0
GAIL+TD3,191,6052,74,2.870844359608404,0
GAIL+TD3,191,6052,75,8.5452230357217,0
GAIL+TD3,191,6052,76,9.267404719678598,0
GAIL+TD3,191,6052,77,4.396871096874247,0
GAIL+TD3,191,6052,78,5.557726363810076,0
GAIL+TD3,191,6052,79,3.584971530306934,0
GAIL+TD3,191,6052,80,6.606756787434549,0
GAIL+TD3,191,6052,81,3.5972078294104635,0
GAIL+TD3,191,6052,82,6.873036542571059,0
GAIL+TD3,191,6052,83,13.702981611006859,0
GAIL+TD3,191,6052,84,3.4030204253353453,0
GAIL+TD3,191,6052,85,3.0397385061332853,0
GAIL+TD3,191,6052,86,4.172902809419974,0
GAIL+TD3,191,6052,87,3.491516639290288,0
GAIL+TD3,191,6052,88,3.53591621523436,0
GAIL+TD3,191,6052,89,3.396550073522847,0
GAIL+TD3,191,6052,90,2.7564033856329013,0
GAIL+TD3,191,6052,91,3.7082929364611346,0
GAIL+TD3,191,6052,92,4.402124661418405,0
GAIL+TD3,191,6052,93,4.413838054585767,0
GAIL+TD3,191,6052,94,5.005593473400173,0
GAIL+TD3,191,6052,95,5.059947114636802,0
GAIL+TD3,191,6052,96,3.8384898371398086,0
GAIL+TD3,191,6052,97,3.5051576180345294,0
GAIL+TD3,191,6052,98,4.118551569847755,0
GAIL+TD3,191,6053,5,13.764745244240514,0
GAIL+TD3,191,6053,6,36.31373233292619,0
GAIL+TD3,191,6053,7,14.700156451942041,0
GAIL+TD3,191,6053,8,9.862999345121153,0
GAIL+TD3,191,6053,9,5.386406734193607,0
GAIL+TD3,191,6053,10,4.021613466730189,0
GAIL+TD3,191,6053,11,3.1040767768303374,0
GAIL+TD3,191,6053,12,8.395031095930142,0
GAIL+TD3,191,6053,13,7.648553130929791,0
GAIL+TD3,191,6053,14,8.013258391315189,0
GAIL+TD3,191,6053,15,4.927019470025395,0
GAIL+TD3,191,6053,16,4.311329305135952,0
GAIL+TD3,191,6053,17,5.1548235814079115,0
GAIL+TD3,191,6053,18,4.83545315793299,0
GAIL+TD3,191,6053,19,6.028135601262068,0
GAIL+TD3,191,6053,20,5.790746333268055,0
GAIL+TD3,191,6053,21,4.926616755907531,0
GAIL+TD3,191,6053,22,4.609312242090783,0
GAIL+TD3,191,6053,23,5.110153828855735,0
GAIL+TD3,191,6053,24,4.977346541592876,0
GAIL+TD3,191,6053,25,5.612240281772062,0
GAIL+TD3,191,6053,26,5.608687728539347,0
GAIL+TD3,191,6053,27,5.190773386969554,0
GAIL+TD3,191,6053,28,5.046026020417097,0
GAIL+TD3,191,6053,29,5.429832477258049,0
GAIL+TD3,191,6053,30,5.386868366739586,0
GAIL+TD3,191,6053,31,5.847778556677592,0
GAIL+TD3,191,6053,32,5.854313032633549,0
GAIL+TD3,191,6053,33,5.69999575567224,0
GAIL+TD3,191,6053,34,5.591707534796098,0
GAIL+TD3,191,6053,35,5.764484067005098,0
GAIL+TD3,191,6053,36,5.884796800928149,0
GAIL+TD3,191,6053,37,5.969101034568627,0
GAIL+TD3,191,6053,38,6.176443080095024,0
GAIL+TD3,191,6053,39,5.995127321961272,0
GAIL+TD3,191,6053,40,6.404473809150011,0
GAIL+TD3,191,6053,41,5.248471259085361,0
GAIL+TD3,191,6053,42,6.746629027641374,0
GAIL+TD3,191,6053,43,5.498566059703282,0
GAIL+TD3,191,6053,44,5.355003252107122,0
GAIL+TD3,191,6053,45,5.141274234435483,0
GAIL+TD3,191,6053,46,4.821478564942927,0
GAIL+TD3,191,6053,47,3.970963104565969,0
GAIL+TD3,191,6053,48,3.2964799646537926,0
GAIL+TD3,191,6053,49,13.185204340621977,0
GAIL+TD3,191,6053,50,7.506346729565453,0
GAIL+TD3,191,6053,51,7.393993929707245,0
GAIL+TD3,191,6053,52,2.9613346303098056,0
GAIL+TD3,191,6053,53,4.7713558047569204,0
GAIL+TD3,191,6053,54,2.6191029767271816,0
GAIL+TD3,191,6053,55,11.039880598788168,0
GAIL+TD3,191,6053,56,8.178636912947452,0
GAIL+TD3,191,6053,57,7.845374203713383,0
GAIL+TD3,191,6053,58,3.461862931810651,0
GAIL+TD3,191,6053,59,5.592726484525654,0
GAIL+TD3,191,6053,60,2.883297221427306,0
GAIL+TD3,191,6053,61,6.055987277605089,0
GAIL+TD3,191,6053,62,5.202532901209373,0
GAIL+TD3,191,6053,63,5.46288221208931,0
GAIL+TD3,191,6053,64,2.663779800725426,0
GAIL+TD3,191,6053,65,12.880565467714284,0
GAIL+TD3,191,6053,66,8.374880531963207,0
GAIL+TD3,191,6053,67,8.643100128369705,0
GAIL+TD3,191,6053,68,5.99139160448918,0
GAIL+TD3,191,6053,69,2.3636442228897545,0
GAIL+TD3,191,6053,70,1.6524220667371008,0
GAIL+TD3,191,6053,71,2.8538946610644644,0
GAIL+TD3,191,6053,72,4.904206683653469,0
GAIL+TD3,191,6053,73,3.8636452087118194,0
GAIL+TD3,191,6053,74,102.23156138065777,0
GAIL+TD3,191,6053,75,3.358580392117525,0
GAIL+TD3,191,6053,76,3.3967178344615223,0
GAIL+TD3,191,6053,77,4.307268933365909,0
GAIL+TD3,191,6053,78,4.4395007558906014,0
GAIL+TD3,191,6053,79,4.227530032718372,0
GAIL+TD3,191,6053,80,3.647875934741639,0
GAIL+TD3,191,6053,81,8.094854907398238,0
GAIL+TD3,191,6053,82,7.542644831932392,0
GAIL+TD3,191,6053,83,2.908253541595663,0
GAIL+TD3,191,6053,84,5.327934401074637,0
GAIL+TD3,191,6053,85,5.486869861513172,0
GAIL+TD3,191,6053,86,4.16375679111646,0
GAIL+TD3,191,6053,87,2.140507934331837,0
GAIL+TD3,191,6053,88,15.127353327726901,0
GAIL+TD3,191,6053,89,4.010319278908925,0
GAIL+TD3,191,6053,90,5.737806048114849,0
GAIL+TD3,191,6053,91,2.3316748739991584,0
GAIL+TD3,191,6053,92,6.015572759195736,0
GAIL+TD3,191,6053,93,1.4388965937151168,0
GAIL+TD3,191,6053,94,0.7955079381705548,1
GAIL+TD3,191,6054,5,4.485983140560675,0
GAIL+TD3,191,6054,6,10.191975427145323,0
GAIL+TD3,191,6054,7,11.021502334134958,0
GAIL+TD3,191,6054,8,10.730929109088866,0
GAIL+TD3,191,6054,9,15.180236285374122,0
GAIL+TD3,191,6054,10,13.908425882822373,0
GAIL+TD3,191,6054,11,7.469874879692011,0
GAIL+TD3,191,6054,12,6.0464980686538885,0
GAIL+TD3,191,6054,13,7.463824982357092,0
GAIL+TD3,191,6054,14,3.368692484209032,0
GAIL+TD3,191,6054,15,5.734293241611475,0
GAIL+TD3,191,6054,16,8.621607225006658,0
GAIL+TD3,191,6054,17,7.4198441597645415,0
GAIL+TD3,191,6054,18,5.8204280024302975,0
GAIL+TD3,191,6054,19,6.7646990656913175,0
GAIL+TD3,191,6054,20,4.1388396354789485,0
GAIL+TD3,191,6054,21,5.741084895212581,0
GAIL+TD3,191,6054,22,6.820823712735586,0
GAIL+TD3,191,6054,23,6.203755710327267,0
GAIL+TD3,191,6054,24,5.37798898695029,0
GAIL+TD3,191,6054,25,6.077896786757545,0
GAIL+TD3,191,6054,26,4.501225510629429,0
GAIL+TD3,191,6054,27,5.529629676536891,0
GAIL+TD3,191,6054,28,6.002328023583891,0
GAIL+TD3,191,6054,29,5.574158175482635,0
GAIL+TD3,191,6054,30,5.277070426276791,0
GAIL+TD3,191,6054,31,5.5819336712880965,0
GAIL+TD3,191,6054,32,4.852317169098503,0
GAIL+TD3,191,6054,33,5.566449924974029,0
GAIL+TD3,191,6054,34,6.046826160374609,0
GAIL+TD3,191,6054,35,5.592736564097988,0
GAIL+TD3,191,6054,36,5.725503140561969,0
GAIL+TD3,191,6054,37,5.7028699137562215,0
GAIL+TD3,191,6054,38,5.252663200297795,0
GAIL+TD3,191,6054,39,6.480601622079651,0
GAIL+TD3,191,6054,40,5.827185191407337,0
GAIL+TD3,191,6054,41,6.807951505299873,0
GAIL+TD3,191,6054,42,6.23350351283732,0
GAIL+TD3,191,6054,43,6.580501996699553,0
GAIL+TD3,191,6054,44,7.258451047772094,0
GAIL+TD3,191,6054,45,5.43955259264337,0
GAIL+TD3,191,6054,46,4.039865636206343,0
GAIL+TD3,191,6054,47,5.0106744603652,0
GAIL+TD3,191,6054,48,4.645632157586504,0
GAIL+TD3,191,6054,49,4.760821235119223,0
GAIL+TD3,191,6054,50,10.650855137934016,0
GAIL+TD3,191,6054,51,9.47899581426852,0
GAIL+TD3,191,6054,52,2.740539650515223,0
GAIL+TD3,191,6054,53,4.485966681819903,0
GAIL+TD3,191,6054,54,3.2410361241468477,0
GAIL+TD3,191,6054,55,10.010608997245741,0
GAIL+TD3,191,6054,56,11.22441057124055,0
GAIL+TD3,191,6054,57,11.552786157215952,0
GAIL+TD3,191,6054,58,4.276070215731453,0
GAIL+TD3,191,6054,59,5.32680318815291,0
GAIL+TD3,191,6054,60,4.856372893295455,0
GAIL+TD3,191,6054,61,2.0329124062338138,0
GAIL+TD3,191,6054,62,5.209424194437642,0
GAIL+TD3,191,6054,63,3.0243724461620363,0
GAIL+TD3,191,6054,64,6.482786937160253,0
GAIL+TD3,191,6054,65,4.2415333407048905,0
GAIL+TD3,191,6054,66,7.5061738005118075,0
GAIL+TD3,191,6054,67,4.145344147792847,0
GAIL+TD3,191,6054,68,10.308037045604665,0
GAIL+TD3,191,6054,69,4.16607058244258,0
GAIL+TD3,191,6054,70,7.918884955541725,0
GAIL+TD3,191,6054,71,5.300147084127878,0
GAIL+TD3,191,6054,72,3.672041648743447,0
GAIL+TD3,191,6054,73,5.954638505671088,0
GAIL+TD3,191,6054,74,3.1113040431041337,0
GAIL+TD3,191,6054,75,16.84248632414459,0
GAIL+TD3,191,6054,76,4.8981739974183665,0
GAIL+TD3,191,6054,77,7.223162341802178,0
GAIL+TD3,191,6054,78,2.3550420450253307,0
GAIL+TD3,191,6054,79,3.153440756348882,0
GAIL+TD3,191,6054,80,3.044012102068936,0
GAIL+TD3,191,6054,81,2.174352477538238,0
GAIL+TD3,191,6054,82,3.884402458585887,0
GAIL+TD3,191,6054,83,2.9602512467123017,0
GAIL+TD3,191,6054,84,1.8642356868895809,0
GAIL+TD3,191,6054,85,3.6366025829087363,0
GAIL+TD3,191,6054,86,5.043226002338816,0
GAIL+TD3,191,6054,87,3.613140365505068,0
GAIL+TD3,191,6054,88,2.2616608333752364,0
GAIL+TD3,191,6054,89,3.7316083364969224,0
GAIL+TD3,191,6054,90,4.1160700640396755,0
GAIL+TD3,191,6054,91,2.1686663030964066,0
GAIL+TD3,191,6054,92,2.170643648457127,0
GAIL+TD3,191,6054,93,2.7205796609418935,0
GAIL+TD3,191,6054,94,2.790541690155281,0
GAIL+TD3,191,6054,95,3.0692553878519973,0
GAIL+TD3,191,6054,96,3.0113544495158404,0
GAIL+TD3,191,6054,97,4.698672079419514,0
GAIL+TD3,191,6054,98,3.033659656189986,0
GAIL+TD3,191,6055,5,7.682061775309365,0
GAIL+TD3,191,6055,6,14.723151244890374,0
GAIL+TD3,191,6055,7,12.786616687491323,0
GAIL+TD3,191,6055,8,5.705676039048344,0
GAIL+TD3,191,6055,9,7.424132608549762,0
GAIL+TD3,191,6055,10,3.8099782209995405,0
GAIL+TD3,191,6055,11,7.810780937805551,0
GAIL+TD3,191,6055,12,7.774625689519306,0
GAIL+TD3,191,6055,13,8.840038691649053,0
GAIL+TD3,191,6055,14,6.441814828825421,0
GAIL+TD3,191,6055,15,6.429177798845126,0
GAIL+TD3,191,6055,16,3.429378531073446,0
GAIL+TD3,191,6055,17,4.229748105937966,0
GAIL+TD3,191,6055,18,5.985261049820814,0
GAIL+TD3,191,6055,19,6.765897937472117,0
GAIL+TD3,191,6055,20,6.392659241016456,0
GAIL+TD3,191,6055,21,6.282907926262775,0
GAIL+TD3,191,6055,22,5.215817033585386,0
GAIL+TD3,191,6055,23,5.373101777781751,0
GAIL+TD3,191,6055,24,5.150522088353413,0
GAIL+TD3,191,6055,25,5.652728385464048,0
GAIL+TD3,191,6055,26,5.626181977581565,0
GAIL+TD3,191,6055,27,5.55569448929256,0
GAIL+TD3,191,6055,28,4.7383829363958005,0
GAIL+TD3,191,6055,29,5.033664615183872,0
GAIL+TD3,191,6055,30,4.665069529682595,0
GAIL+TD3,191,6055,31,5.598922103822362,0
GAIL+TD3,191,6055,32,4.5756819777354325,0
GAIL+TD3,191,6055,33,5.892546235394257,0
GAIL+TD3,191,6055,34,4.878830684443455,0
GAIL+TD3,191,6055,35,6.31958952704776,0
GAIL+TD3,191,6055,36,5.210123858285327,0
GAIL+TD3,191,6055,37,6.90625541375527,0
GAIL+TD3,191,6055,38,5.503863259074047,0
GAIL+TD3,191,6055,39,5.832886989645472,0
GAIL+TD3,191,6055,40,5.443086165871725,0
GAIL+TD3,191,6055,41,6.27947117404533,0
GAIL+TD3,191,6055,42,5.745314527189828,0
GAIL+TD3,191,6055,43,6.560154619250096,0
GAIL+TD3,191,6055,44,5.992442822644211,0
GAIL+TD3,191,6055,45,7.126495931067497,0
GAIL+TD3,191,6055,46,6.063898696068947,0
GAIL+TD3,191,6055,47,4.562033130649867,0
GAIL+TD3,191,6055,48,4.374098584782388,0
GAIL+TD3,191,6055,49,3.860644752293265,0
GAIL+TD3,191,6055,50,3.437652536181194,0
GAIL+TD3,191,6055,51,8.175080870861049,0
GAIL+TD3,191,6055,52,14.599698696443642,0
GAIL+TD3,191,6055,53,4.3268725483032435,0
GAIL+TD3,191,6055,54,5.234838805041011,0
GAIL+TD3,191,6055,55,4.491594282007012,0
GAIL+TD3,191,6055,56,2.144431968347205,0
GAIL+TD3,191,6055,57,6.224376912035492,0
GAIL+TD3,191,6055,58,7.023422356598851,0
GAIL+TD3,191,6055,59,10.506414439222965,0
GAIL+TD3,191,6055,60,4.429317095789487,0
GAIL+TD3,191,6055,61,4.163050225539018,0
GAIL+TD3,191,6055,62,7.704858270958288,0
GAIL+TD3,191,6055,63,5.101977289849605,0
GAIL+TD3,191,6055,64,4.88549657456002,0
GAIL+TD3,191,6055,65,4.056534863863167,0
GAIL+TD3,191,6055,66,10.548504047678712,0
GAIL+TD3,191,6055,67,2.6738844834206263,0
GAIL+TD3,191,6055,68,2.805017328694209,0
GAIL+TD3,191,6055,69,5.550043286557008,0
GAIL+TD3,191,6055,70,7.61080820189646,0
GAIL+TD3,191,6055,71,4.242086650385359,0
GAIL+TD3,191,6055,72,6.237166787443745,0
GAIL+TD3,191,6055,73,5.5660240631402775,0
GAIL+TD3,191,6055,74,6.446441951044318,0
GAIL+TD3,191,6055,75,2.692088096691258,0
GAIL+TD3,191,6055,76,9.738156797447418,0
GAIL+TD3,191,6055,77,4.181311580320892,0
GAIL+TD3,191,6055,78,4.725721757344041,0
GAIL+TD3,191,6055,79,6.025479783210512,0
GAIL+TD3,191,6055,80,3.3570730682749454,0
GAIL+TD3,191,6055,81,4.635379393148837,0
GAIL+TD3,191,6055,82,1.5442738309269763,0
GAIL+TD3,191,6055,83,2.366579786239163,0
GAIL+TD3,191,6055,84,4.032268085038159,0
GAIL+TD3,191,6055,85,7.023077005680659,0
GAIL+TD3,191,6055,86,5.374323182997805,0
GAIL+TD3,191,6055,87,6.895303546612348,0
GAIL+TD3,191,6055,88,4.97455090025471,0
GAIL+TD3,191,6055,89,3.658910996247257,0
GAIL+TD3,191,6055,90,3.4711846458140063,0
GAIL+TD3,191,6055,91,3.175121801010521,0
GAIL+TD3,191,6055,92,5.343133894997381,0
GAIL+TD3,191,6055,93,7.621071455008007,0
GAIL+TD3,191,6055,94,5.36852938055254,0
GAIL+TD3,191,6055,95,3.1116534400909557,0
GAIL+TD3,191,6055,96,3.8474962341497214,0
GAIL+TD3,191,6055,97,2.128379564583033,0
GAIL+TD3,191,6055,98,10.58205158075511,0
GAIL+TD3,191,6060,5,6.073078047354575,0
GAIL+TD3,191,6060,6,24.74320028258566,0
GAIL+TD3,191,6060,7,8.400444350402031,0
GAIL+TD3,191,6060,8,6.0073382254836565,0
GAIL+TD3,191,6060,9,9.165596592715023,0
GAIL+TD3,191,6060,10,8.596403978576895,0
GAIL+TD3,191,6060,11,8.101835070231084,0
GAIL+TD3,191,6060,12,9.635554998747182,0
GAIL+TD3,191,6060,13,5.724933351407527,0
GAIL+TD3,191,6060,14,3.89855132393279,0
GAIL+TD3,191,6060,15,4.797035044646347,0
GAIL+TD3,191,6060,16,4.809094380636254,0
GAIL+TD3,191,6060,17,7.00524268883212,0
GAIL+TD3,191,6060,18,7.779677676600952,0
GAIL+TD3,191,6060,19,6.201573151546933,0
GAIL+TD3,191,6060,20,5.076926123200602,0
GAIL+TD3,191,6060,21,5.538815439975142,0
GAIL+TD3,191,6060,22,5.071274851403976,0
GAIL+TD3,191,6060,23,6.1143982298297095,0
GAIL+TD3,191,6060,24,6.265166648170756,0
GAIL+TD3,191,6060,25,5.583190135962136,0
GAIL+TD3,191,6060,26,4.752088507563784,0
GAIL+TD3,191,6060,27,5.050094828978778,0
GAIL+TD3,191,6060,28,4.928781506977742,0
GAIL+TD3,191,6060,29,5.59676930503014,0
GAIL+TD3,191,6060,30,5.71483695082311,0
GAIL+TD3,191,6060,31,6.307662452282466,0
GAIL+TD3,191,6060,32,5.1975920048671425,0
GAIL+TD3,191,6060,33,5.435469869192437,0
GAIL+TD3,191,6060,34,5.230349560828812,0
GAIL+TD3,191,6060,35,5.489556508349484,0
GAIL+TD3,191,6060,36,5.682588963637597,0
GAIL+TD3,191,6060,37,5.580551957210583,0
GAIL+TD3,191,6060,38,5.396363777461435,0
GAIL+TD3,191,6060,39,6.442317676601786,0
GAIL+TD3,191,6060,40,6.844470005838643,0
GAIL+TD3,191,6060,41,6.12170086808253,0
GAIL+TD3,191,6060,42,6.177106622430034,0
GAIL+TD3,191,6060,43,6.632041303416546,0
GAIL+TD3,191,6060,44,5.928852510152787,0
GAIL+TD3,191,6060,45,5.597568265940359,0
GAIL+TD3,191,6060,46,5.205996286644366,0
GAIL+TD3,191,6060,47,6.061521848609282,0
GAIL+TD3,191,6060,48,5.580041198713245,0
GAIL+TD3,191,6060,49,4.370214897790119,0
GAIL+TD3,191,6060,50,4.271685800636708,0
GAIL+TD3,191,6060,51,3.2992409975460824,0
GAIL+TD3,191,6060,52,1.623482065370829,0
GAIL+TD3,191,6060,53,9.02056603223644,0
GAIL+TD3,191,6060,54,3.765719909966892,0
GAIL+TD3,191,6060,55,24.828865925532565,0
GAIL+TD3,191,6060,56,22.519628314357856,0
GAIL+TD3,191,6060,57,4.432620449403788,0
GAIL+TD3,191,6060,58,9.907518117247784,0
GAIL+TD3,191,6060,59,4.6736760393146115,0
GAIL+TD3,191,6060,60,4.331620857254756,0
GAIL+TD3,191,6060,61,2.673648469909037,0
GAIL+TD3,191,6060,62,9.415586458810733,0
GAIL+TD3,191,6060,63,2.1561060570502995,0
GAIL+TD3,191,6060,64,4.336643680369382,0
GAIL+TD3,191,6060,65,4.27195219113571,0
GAIL+TD3,191,6060,66,2.970241958367412,0
GAIL+TD3,191,6060,67,166.64835164835165,0
GAIL+TD3,191,6060,68,8.131271140970911,0
GAIL+TD3,191,6060,69,2.4837524968881866,0
GAIL+TD3,191,6060,70,2.6769048850668895,0
GAIL+TD3,191,6060,71,5.918955279172091,0
GAIL+TD3,191,6060,72,2.3973127464495456,0
GAIL+TD3,191,6060,73,21.76466237063594,0
GAIL+TD3,191,6060,74,7.427127632128656,0
GAIL+TD3,191,6060,75,3.187567807985259,0
GAIL+TD3,191,6060,76,4.9471695016413015,0
GAIL+TD3,191,6060,77,2.781149608129052,0
GAIL+TD3,191,6060,78,2.3288956967991665,0
GAIL+TD3,191,6060,79,2.067406003792707,0
GAIL+TD3,191,6060,80,13.424493216698968,0
GAIL+TD3,191,6060,81,4.271165527872331,0
GAIL+TD3,191,6060,82,3.3834442345080635,0
GAIL+TD3,191,6060,83,2.9988122712410177,0
GAIL+TD3,191,6060,84,1.7267133687367826,0
GAIL+TD3,191,6060,85,2.076414269128616,0
GAIL+TD3,191,6060,86,1.8489145850779767,0
GAIL+TD3,191,6060,87,2.3427349327207736,0
GAIL+TD3,191,6060,88,2.0449279802912974,0
GAIL+TD3,191,6060,89,1.9132873313809693,0
GAIL+TD3,191,6060,90,1.60849017263907,0
GAIL+TD3,191,6060,91,0.7721905372721904,1
GAIL+TD3,191,6061,5,10.896468544963334,0
GAIL+TD3,191,6061,6,31.059235325794297,0
GAIL+TD3,191,6061,7,13.60840769659788,0
GAIL+TD3,191,6061,8,8.9308808973936,0
GAIL+TD3,191,6061,9,10.32352024228388,0
GAIL+TD3,191,6061,10,5.123137441888186,0
GAIL+TD3,191,6061,11,3.3144536567256537,0
GAIL+TD3,191,6061,12,5.857816217177669,0
GAIL+TD3,191,6061,13,5.731936590340225,0
GAIL+TD3,191,6061,14,6.413365083531774,0
GAIL+TD3,191,6061,15,6.2867357823854935,0
GAIL+TD3,191,6061,16,5.6768818681318685,0
GAIL+TD3,191,6061,17,5.19359715938377,0
GAIL+TD3,191,6061,18,4.988033399928283,0
GAIL+TD3,191,6061,19,5.696224719599729,0
GAIL+TD3,191,6061,20,5.990888701990468,0
GAIL+TD3,191,6061,21,5.785155208531708,0
GAIL+TD3,191,6061,22,4.8474912458708745,0
GAIL+TD3,191,6061,23,4.781932375222816,0
GAIL+TD3,191,6061,24,4.759106420626897,0
GAIL+TD3,191,6061,25,5.250491740666475,0
GAIL+TD3,191,6061,26,5.396546029915993,0
GAIL+TD3,191,6061,27,6.42515698458099,0
GAIL+TD3,191,6061,28,5.086723627378864,0
GAIL+TD3,191,6061,29,5.134156407054175,0
GAIL+TD3,191,6061,30,5.095286363941137,0
GAIL+TD3,191,6061,31,5.439690099070451,0
GAIL+TD3,191,6061,32,5.5225164217512015,0
GAIL+TD3,191,6061,33,6.138086991369564,0
GAIL+TD3,191,6061,34,5.549212695377572,0
GAIL+TD3,191,6061,35,5.643729869300184,0
GAIL+TD3,191,6061,36,5.703738133056163,0
GAIL+TD3,191,6061,37,5.899410131130787,0
GAIL+TD3,191,6061,38,5.838554294350302,0
GAIL+TD3,191,6061,39,5.955691603636672,0
GAIL+TD3,191,6061,40,5.815860602245529,0
GAIL+TD3,191,6061,41,6.051056482102817,0
GAIL+TD3,191,6061,42,6.124190903330808,0
GAIL+TD3,191,6061,43,6.511435744612012,0
GAIL+TD3,191,6061,44,5.706551410373067,0
GAIL+TD3,191,6061,45,4.930247917928865,0
GAIL+TD3,191,6061,46,4.744655104128677,0
GAIL+TD3,191,6061,47,5.581968695240507,0
GAIL+TD3,191,6061,48,5.831190079414689,0
GAIL+TD3,191,6061,49,4.609488080851302,0
GAIL+TD3,191,6061,50,14.342680918148162,0
GAIL+TD3,191,6061,51,3.258837519019287,0
GAIL+TD3,191,6061,52,2.47983511985469,0
GAIL+TD3,191,6061,53,5.396832463760767,0
GAIL+TD3,191,6061,54,10.203817068779257,0
GAIL+TD3,191,6061,55,3.50836587026792,0
GAIL+TD3,191,6061,56,6.354014107796357,0
GAIL+TD3,191,6061,57,5.951839442471352,0
GAIL+TD3,191,6061,58,3.493331965622107,0
GAIL+TD3,191,6061,59,6.521154813306511,0
GAIL+TD3,191,6061,60,4.985626535339393,0
GAIL+TD3,191,6061,61,5.937579177377163,0
GAIL+TD3,191,6061,62,5.946143873759196,0
GAIL+TD3,191,6061,63,4.02661786562312,0
GAIL+TD3,191,6061,64,2.477527401475514,0
GAIL+TD3,191,6061,65,5.227682594864561,0
GAIL+TD3,191,6061,66,5.449684663201117,0
GAIL+TD3,191,6061,67,7.144144944269283,0
GAIL+TD3,191,6061,68,5.516702495960547,0
GAIL+TD3,191,6061,69,9.368237245472049,0
GAIL+TD3,191,6061,70,3.7478538250244835,0
GAIL+TD3,191,6061,71,3.326468527001756,0
GAIL+TD3,191,6061,72,3.2078163212082544,0
GAIL+TD3,191,6061,73,7.564089906445327,0
GAIL+TD3,191,6061,74,4.301732284127429,0
GAIL+TD3,191,6061,75,5.547304595858158,0
GAIL+TD3,191,6061,76,3.536039141517418,0
GAIL+TD3,191,6061,77,6.279196655074325,0
GAIL+TD3,191,6061,78,2.9165969387966793,0
GAIL+TD3,191,6061,79,6.694339767076907,0
GAIL+TD3,191,6061,80,4.362560764322822,0
GAIL+TD3,191,6061,81,3.360506310907977,0
GAIL+TD3,191,6061,82,2.7647484190639777,0
GAIL+TD3,191,6061,83,4.4594001404159656,0
GAIL+TD3,191,6061,84,2.345280845824931,0
GAIL+TD3,191,6061,85,8.795213174186662,0
GAIL+TD3,191,6061,86,3.7306728433169507,0
GAIL+TD3,191,6061,87,2.6287722853232376,0
GAIL+TD3,191,6061,88,4.466880981953678,0
GAIL+TD3,191,6061,89,3.633142386422778,0
GAIL+TD3,191,6061,90,1.8330706761024138,0
GAIL+TD3,191,6061,91,4.638381703288686,0
GAIL+TD3,191,6061,92,1.0340834502374545,0
GAIL+TD3,191,6061,93,0.07829393254800712,1
GAIL+TD3,191,6062,5,8.142884764114465,0
GAIL+TD3,191,6062,6,17.92431235000923,0
GAIL+TD3,191,6062,7,9.93712617487895,0
GAIL+TD3,191,6062,8,9.439837030330468,0
GAIL+TD3,191,6062,9,10.92725562048133,0
GAIL+TD3,191,6062,10,8.614129843766994,0
GAIL+TD3,191,6062,11,7.744489067380634,0
GAIL+TD3,191,6062,12,4.342188929729059,0
GAIL+TD3,191,6062,13,3.230671456783899,0
GAIL+TD3,191,6062,14,6.625566769050754,0
GAIL+TD3,191,6062,15,7.078137813571084,0
GAIL+TD3,191,6062,16,6.457458876914351,0
GAIL+TD3,191,6062,17,7.150943396226416,0
GAIL+TD3,191,6062,18,4.683045971270454,0
GAIL+TD3,191,6062,19,4.0329126071469235,0
GAIL+TD3,191,6062,20,5.803243981943029,0
GAIL+TD3,191,6062,21,6.174703530680082,0
GAIL+TD3,191,6062,22,5.703831702654601,0
GAIL+TD3,191,6062,23,5.659760743741239,0
GAIL+TD3,191,6062,24,4.6221960238619815,0
GAIL+TD3,191,6062,25,4.244691014895557,0
GAIL+TD3,191,6062,26,5.188229571984436,0
GAIL+TD3,191,6062,27,5.329646244166793,0
GAIL+TD3,191,6062,28,5.292273414062671,0
GAIL+TD3,191,6062,29,5.279831832548155,0
GAIL+TD3,191,6062,30,4.768804424185985,0
GAIL+TD3,191,6062,31,5.53307558629406,0
GAIL+TD3,191,6062,32,5.561799789430652,0
GAIL+TD3,191,6062,33,5.727924732561287,0
GAIL+TD3,191,6062,34,5.718201979346795,0
GAIL+TD3,191,6062,35,5.768305744308648,0
GAIL+TD3,191,6062,36,6.062750804148634,0
GAIL+TD3,191,6062,37,5.4912710353927,0
GAIL+TD3,191,6062,38,5.837889514633847,0
GAIL+TD3,191,6062,39,5.643663129417104,0
GAIL+TD3,191,6062,40,5.506022508942811,0
GAIL+TD3,191,6062,41,5.257682212217163,0
GAIL+TD3,191,6062,42,5.897787506790487,0
GAIL+TD3,191,6062,43,6.816287078383749,0
GAIL+TD3,191,6062,44,7.384267237849474,0
GAIL+TD3,191,6062,45,6.2127530852974635,0
GAIL+TD3,191,6062,46,5.8545434620742665,0
GAIL+TD3,191,6062,47,2.7650481751649596,0
GAIL+TD3,191,6062,48,3.153905247595373,0
GAIL+TD3,191,6062,49,5.648271641920152,0
GAIL+TD3,191,6062,50,9.136265736966408,0
GAIL+TD3,191,6062,51,6.945144434485006,0
GAIL+TD3,191,6062,52,7.5513172594503475,0
GAIL+TD3,191,6062,53,5.578767360589059,0
GAIL+TD3,191,6062,54,2.593221131755688,0
GAIL+TD3,191,6062,55,1.998732259230008,0
GAIL+TD3,191,6062,56,7.321368887860001,0
GAIL+TD3,191,6062,57,10.398938831337523,0
GAIL+TD3,191,6062,58,2.5533401044172415,0
GAIL+TD3,191,6062,59,10.521653063596384,0
GAIL+TD3,191,6062,60,5.829326056073666,0
GAIL+TD3,191,6062,61,5.432815549237595,0
GAIL+TD3,191,6062,62,6.392863310284288,0
GAIL+TD3,191,6062,63,7.128986597785414,0
GAIL+TD3,191,6062,64,3.93391353716055,0
GAIL+TD3,191,6062,65,6.3258296016247275,0
GAIL+TD3,191,6062,66,4.709848786384736,0
GAIL+TD3,191,6062,67,5.129364389449057,0
GAIL+TD3,191,6062,68,2.480863058049132,0
GAIL+TD3,191,6062,69,5.963316743852657,0
GAIL+TD3,191,6062,70,7.212849359925701,0
GAIL+TD3,191,6062,71,10.402792252050215,0
GAIL+TD3,191,6062,72,5.241199851881187,0
GAIL+TD3,191,6062,73,2.6155999628240383,0
GAIL+TD3,191,6062,74,4.837434404871641,0
GAIL+TD3,191,6062,75,3.962306752962706,0
GAIL+TD3,191,6062,76,2.31309411058494,0
GAIL+TD3,191,6062,77,8.549275724275725,0
GAIL+TD3,191,6062,78,5.195734802487647,0
GAIL+TD3,191,6062,79,5.753486791214458,0
GAIL+TD3,191,6062,80,5.263780872497855,0
GAIL+TD3,191,6062,81,5.570668206269669,0
GAIL+TD3,191,6062,82,4.873915922924091,0
GAIL+TD3,191,6062,83,6.324074099504263,0
GAIL+TD3,191,6062,84,6.149287025681589,0
GAIL+TD3,191,6062,85,2.8385327667069533,0
GAIL+TD3,191,6062,86,2.3904379480719693,0
GAIL+TD3,191,6062,87,3.419759452109279,0
GAIL+TD3,191,6062,88,7.574171804892758,0
GAIL+TD3,191,6062,89,11.584452022384069,0
GAIL+TD3,191,6062,90,6.758511363575838,0
GAIL+TD3,191,6062,91,3.456106741269327,0
GAIL+TD3,191,6062,92,4.814889069665086,0
GAIL+TD3,191,6062,93,2.4779338192629496,0
GAIL+TD3,191,6062,94,1.7231325623626106,0
GAIL+TD3,191,6062,95,1.2207106605386762,0
GAIL+TD3,191,6062,96,0.5670721065016823,1
GAIL+TD3,191,6066,5,5.689114121430658,0
GAIL+TD3,191,6066,6,30.495190594941217,0
GAIL+TD3,191,6066,7,14.745087900723886,0
GAIL+TD3,191,6066,8,19.20715950010591,0
GAIL+TD3,191,6066,9,8.989972096267875,0
GAIL+TD3,191,6066,10,11.158861526039566,0
GAIL+TD3,191,6066,11,4.813988251889592,0
GAIL+TD3,191,6066,12,3.623287768861269,0
GAIL+TD3,191,6066,13,4.217968646646382,0
GAIL+TD3,191,6066,14,6.251889220211592,0
GAIL+TD3,191,6066,15,5.669560669456066,0
GAIL+TD3,191,6066,16,7.056512285697792,0
GAIL+TD3,191,6066,17,4.661296984717059,0
GAIL+TD3,191,6066,18,5.3782656,0
GAIL+TD3,191,6066,19,3.9341765148306,0
GAIL+TD3,191,6066,20,7.310814175450246,0
GAIL+TD3,191,6066,21,5.792834295600395,0
GAIL+TD3,191,6066,22,7.2691439693362145,0
GAIL+TD3,191,6066,23,6.1467672838731655,0
GAIL+TD3,191,6066,24,6.0494946260396905,0
GAIL+TD3,191,6066,25,3.8928799770435516,0
GAIL+TD3,191,6066,26,6.2984425052468795,0
GAIL+TD3,191,6066,27,6.1331251232822686,0
GAIL+TD3,191,6066,28,5.530388354672476,0
GAIL+TD3,191,6066,29,5.688872164841437,0
GAIL+TD3,191,6066,30,5.8075909305396,0
GAIL+TD3,191,6066,31,4.606561082825585,0
GAIL+TD3,191,6066,32,5.682418509723885,0
GAIL+TD3,191,6066,33,5.951832437005257,0
GAIL+TD3,191,6066,34,6.348590018495186,0
GAIL+TD3,191,6066,35,5.995395826330446,0
GAIL+TD3,191,6066,36,6.019570732150255,0
GAIL+TD3,191,6066,37,5.156740923809196,0
GAIL+TD3,191,6066,38,5.918700478818393,0
GAIL+TD3,191,6066,39,6.118515372665602,0
GAIL+TD3,191,6066,40,5.813661298534577,0
GAIL+TD3,191,6066,41,6.121499044602562,0
GAIL+TD3,191,6066,42,6.935844724581861,0
GAIL+TD3,191,6066,43,5.775023823861277,0
GAIL+TD3,191,6066,44,5.898665051163206,0
GAIL+TD3,191,6066,45,6.596435607589226,0
GAIL+TD3,191,6066,46,4.618671511471229,0
GAIL+TD3,191,6066,47,4.280069703305616,0
GAIL+TD3,191,6066,48,2.8821835920604646,0
GAIL+TD3,191,6066,49,3.1741554460572083,0
GAIL+TD3,191,6066,50,2.58176422952992,0
GAIL+TD3,191,6066,51,4.8747731330510105,0
GAIL+TD3,191,6066,52,13.300945914408237,0
GAIL+TD3,191,6066,53,45.83878796126193,0
GAIL+TD3,191,6066,54,5.076361104370338,0
GAIL+TD3,191,6066,55,3.9103696161287034,0
GAIL+TD3,191,6066,56,4.599228241907945,0
GAIL+TD3,191,6066,57,2.4588592231471376,0
GAIL+TD3,191,6066,58,5.676751978131985,0
GAIL+TD3,191,6066,59,15.530444683670089,0
GAIL+TD3,191,6066,60,8.342217808213906,0
GAIL+TD3,191,6066,61,2.601695852691411,0
GAIL+TD3,191,6066,62,8.238950435524666,0
GAIL+TD3,191,6066,63,2.5159338518433265,0
GAIL+TD3,191,6066,64,4.042436508091164,0
GAIL+TD3,191,6066,65,3.4288353153083357,0
GAIL+TD3,191,6066,66,6.965827057907037,0
GAIL+TD3,191,6066,67,6.0308582272179825,0
GAIL+TD3,191,6066,68,5.404979625053811,0
GAIL+TD3,191,6066,69,5.637913626734102,0
GAIL+TD3,191,6066,70,5.458185148083178,0
GAIL+TD3,191,6066,71,2.9082283174692702,0
GAIL+TD3,191,6066,72,6.540506675881219,0
GAIL+TD3,191,6066,73,3.007529550464675,0
GAIL+TD3,191,6066,74,8.381995821852195,0
GAIL+TD3,191,6066,75,14.084137918455196,0
GAIL+TD3,191,6066,76,3.501716935596146,0
GAIL+TD3,191,6066,77,3.172805694117861,0
GAIL+TD3,191,6066,78,3.7156024059731343,0
GAIL+TD3,191,6066,79,5.077285476348649,0
GAIL+TD3,191,6066,80,3.597999130406776,0
GAIL+TD3,191,6066,81,8.100730744423732,0
GAIL+TD3,191,6066,82,5.526975675651542,0
GAIL+TD3,191,6066,83,2.747773107397589,0
GAIL+TD3,191,6066,84,5.4676759927797836,0
GAIL+TD3,191,6066,85,2.328284101929864,0
GAIL+TD3,191,6066,86,1.7417379376831983,0
GAIL+TD3,191,6066,87,5.518027347229645,0
GAIL+TD3,191,6066,88,11.284754905599684,0
GAIL+TD3,191,6066,89,2.163445801575895,0
GAIL+TD3,191,6066,90,4.103363636903925,0
GAIL+TD3,191,6066,91,4.12478956186831,0
GAIL+TD3,191,6066,92,2.6925633010971484,0
GAIL+TD3,191,6066,93,3.1555002076730942,0
GAIL+TD3,191,6066,94,3.5803144348987264,0
GAIL+TD3,191,6066,95,4.692274820670145,0
GAIL+TD3,191,6066,96,6.233376154420939,0
GAIL+TD3,191,6066,97,3.938948450897159,0
GAIL+TD3,191,6066,98,5.5175588030363025,0
GAIL+TD3,191,6067,5,4.965944574551132,0
GAIL+TD3,191,6067,6,12.618541033434651,0
GAIL+TD3,191,6067,7,7.952493891044991,0
GAIL+TD3,191,6067,8,17.36422657132104,0
GAIL+TD3,191,6067,9,17.801325044986093,0
GAIL+TD3,191,6067,10,13.59244716479963,0
GAIL+TD3,191,6067,11,6.5867811470519575,0
GAIL+TD3,191,6067,12,4.536250399233472,0
GAIL+TD3,191,6067,13,3.033454222485381,0
GAIL+TD3,191,6067,14,5.4473549260528,0
GAIL+TD3,191,6067,15,7.729598599474803,0
GAIL+TD3,191,6067,16,8.414490330742815,0
GAIL+TD3,191,6067,17,6.254966278356836,0
GAIL+TD3,191,6067,18,5.029783445016496,0
GAIL+TD3,191,6067,19,5.125313092152549,0
GAIL+TD3,191,6067,20,5.031864461836749,0
GAIL+TD3,191,6067,21,5.393061571386149,0
GAIL+TD3,191,6067,22,6.170942826229017,0
GAIL+TD3,191,6067,23,5.332609322767303,0
GAIL+TD3,191,6067,24,4.936660076935704,0
GAIL+TD3,191,6067,25,4.923633726764778,0
GAIL+TD3,191,6067,26,5.022129540860878,0
GAIL+TD3,191,6067,27,5.459474941497659,0
GAIL+TD3,191,6067,28,5.857548608692519,0
GAIL+TD3,191,6067,29,5.451917732073374,0
GAIL+TD3,191,6067,30,5.235762997077319,0
GAIL+TD3,191,6067,31,5.317574947426765,0
GAIL+TD3,191,6067,32,5.42648035227767,0
GAIL+TD3,191,6067,33,5.761768953997346,0
GAIL+TD3,191,6067,34,6.0415735892859015,0
GAIL+TD3,191,6067,35,5.90814000600008,0
GAIL+TD3,191,6067,36,5.763642728380292,0
GAIL+TD3,191,6067,37,5.674667953373797,0
GAIL+TD3,191,6067,38,5.576717739382686,0
GAIL+TD3,191,6067,39,5.773265016800063,0
GAIL+TD3,191,6067,40,5.861187848198902,0
GAIL+TD3,191,6067,41,5.817115447173252,0
GAIL+TD3,191,6067,42,6.668083403587428,0
GAIL+TD3,191,6067,43,6.402337706051288,0
GAIL+TD3,191,6067,44,5.130549681267021,0
GAIL+TD3,191,6067,45,5.638012646207023,0
GAIL+TD3,191,6067,46,4.882738113282423,0
GAIL+TD3,191,6067,47,3.498459910409732,0
GAIL+TD3,191,6067,48,4.889677042094608,0
GAIL+TD3,191,6067,49,10.181221804849116,0
GAIL+TD3,191,6067,50,3.3221976380088694,0
GAIL+TD3,191,6067,51,7.582448601178237,0
GAIL+TD3,191,6067,52,5.1149497283050795,0
GAIL+TD3,191,6067,53,5.391664175924808,0
GAIL+TD3,191,6067,54,2.9619678955961644,0
GAIL+TD3,191,6067,55,14.284508819027254,0
GAIL+TD3,191,6067,56,9.825371682645546,0
GAIL+TD3,191,6067,57,12.086257134874065,0
GAIL+TD3,191,6067,58,2.9739661014657974,0
GAIL+TD3,191,6067,59,5.4141687132360845,0
GAIL+TD3,191,6067,60,5.033495494926689,0
GAIL+TD3,191,6067,61,4.080849729938271,0
GAIL+TD3,191,6067,62,3.640225433585106,0
GAIL+TD3,191,6067,63,5.756086293234962,0
GAIL+TD3,191,6067,64,5.240169775741866,0
GAIL+TD3,191,6067,65,3.2047854069569435,0
GAIL+TD3,191,6067,66,3.844790124362258,0
GAIL+TD3,191,6067,67,7.33866967947744,0
GAIL+TD3,191,6067,68,7.877065365555372,0
GAIL+TD3,191,6067,69,3.012003130198392,0
GAIL+TD3,191,6067,70,7.612041189633881,0
GAIL+TD3,191,6067,71,5.703932558705993,0
GAIL+TD3,191,6067,72,2.9642473207736084,0
GAIL+TD3,191,6067,73,3.5453521421540897,0
GAIL+TD3,191,6067,74,14.252844839127137,0
GAIL+TD3,191,6067,75,2.6596999311276783,0
GAIL+TD3,191,6067,76,5.415091435687201,0
GAIL+TD3,191,6067,77,6.778034975052036,0
GAIL+TD3,191,6067,78,4.77782571664256,0
GAIL+TD3,191,6067,79,5.7915148930803255,0
GAIL+TD3,191,6067,80,4.67436699141446,0
GAIL+TD3,191,6067,81,2.6815430595482965,0
GAIL+TD3,191,6067,82,3.305839568673286,0
GAIL+TD3,191,6067,83,5.678461188052843,0
GAIL+TD3,191,6067,84,9.321304791029561,0
GAIL+TD3,191,6067,85,3.9932832955908037,0
GAIL+TD3,191,6067,86,7.158617268938151,0
GAIL+TD3,191,6067,87,3.0787635961894644,0
GAIL+TD3,191,6067,88,5.562671422790425,0
GAIL+TD3,191,6067,89,2.940644429799212,0
GAIL+TD3,191,6067,90,5.396085119345705,0
GAIL+TD3,191,6067,91,4.792419978351631,0
GAIL+TD3,191,6067,92,7.760446808105071,0
GAIL+TD3,191,6067,93,4.97176031989417,0
GAIL+TD3,191,6067,94,2.141697115496297,0
GAIL+TD3,191,6067,95,1.7109323989819292,0
GAIL+TD3,191,6067,96,2.004838666151982,0
GAIL+TD3,191,6067,97,3.8515964642016915,0
GAIL+TD3,191,6067,98,2.751800042725913,0
GAIL+TD3,191,6069,5,5.860916179337233,0
GAIL+TD3,191,6069,6,21.915242165242162,0
GAIL+TD3,191,6069,7,10.137703198741479,0
GAIL+TD3,191,6069,8,9.257838307736886,0
GAIL+TD3,191,6069,9,13.99911510448574,0
GAIL+TD3,191,6069,10,12.335562442233458,0
GAIL+TD3,191,6069,11,10.172648312028844,0
GAIL+TD3,191,6069,12,5.467034410296822,0
GAIL+TD3,191,6069,13,3.422989787324896,0
GAIL+TD3,191,6069,14,4.040637663969727,0
GAIL+TD3,191,6069,15,7.929626953076328,0
GAIL+TD3,191,6069,16,7.677691224364053,0
GAIL+TD3,191,6069,17,7.4864286246183624,0
GAIL+TD3,191,6069,18,5.408013461444667,0
GAIL+TD3,191,6069,19,5.2128630024610345,0
GAIL+TD3,191,6069,20,4.180327197358828,0
GAIL+TD3,191,6069,21,6.736080500736749,0
GAIL+TD3,191,6069,22,6.075005801320591,0
GAIL+TD3,191,6069,23,6.041028039167034,0
GAIL+TD3,191,6069,24,5.099846220632923,0
GAIL+TD3,191,6069,25,5.011993834388499,0
GAIL+TD3,191,6069,26,4.3322223015380565,0
GAIL+TD3,191,6069,27,5.753305055262664,0
GAIL+TD3,191,6069,28,5.639242590231257,0
GAIL+TD3,191,6069,29,5.627744560024026,0
GAIL+TD3,191,6069,30,5.079266612147528,0
GAIL+TD3,191,6069,31,6.007205478513283,0
GAIL+TD3,191,6069,32,4.988895721184792,0
GAIL+TD3,191,6069,33,5.9822152559272785,0
GAIL+TD3,191,6069,34,5.949441323104402,0
GAIL+TD3,191,6069,35,6.072234304770189,0
GAIL+TD3,191,6069,36,5.770435492849011,0
GAIL+TD3,191,6069,37,5.627676588753257,0
GAIL+TD3,191,6069,38,5.671752783525018,0
GAIL+TD3,191,6069,39,6.0385892728648125,0
GAIL+TD3,191,6069,40,6.107463277657354,0
GAIL+TD3,191,6069,41,6.139826392516999,0
GAIL+TD3,191,6069,42,6.518169291494922,0
GAIL+TD3,191,6069,43,5.041605097365407,0
GAIL+TD3,191,6069,44,5.549582730278447,0
GAIL+TD3,191,6069,45,5.9016683532838705,0
GAIL+TD3,191,6069,46,5.147639242801045,0
GAIL+TD3,191,6069,47,6.070172422526522,0
GAIL+TD3,191,6069,48,5.335853921242142,0
GAIL+TD3,191,6069,49,7.580440738364538,0
GAIL+TD3,191,6069,50,2.6528594019055602,0
GAIL+TD3,191,6069,51,5.904421479941841,0
GAIL+TD3,191,6069,52,4.996013597074424,0
GAIL+TD3,191,6069,53,5.714159571035538,0
GAIL+TD3,191,6069,54,4.2736288800835265,0
GAIL+TD3,191,6069,55,10.79865060949104,0
GAIL+TD3,191,6069,56,8.462770214643596,0
GAIL+TD3,191,6069,57,3.2024777417351085,0
GAIL+TD3,191,6069,58,2.5416770817459744,0
GAIL+TD3,191,6069,59,15.733965587054412,0
GAIL+TD3,191,6069,60,8.369679585272833,0
GAIL+TD3,191,6069,61,3.351143885718232,0
GAIL+TD3,191,6069,62,10.952555337483915,0
GAIL+TD3,191,6069,63,2.886586139165132,0
GAIL+TD3,191,6069,64,5.59592925302725,0
GAIL+TD3,191,6069,65,5.488630140616166,0
GAIL+TD3,191,6069,66,6.051705770001009,0
GAIL+TD3,191,6069,67,9.535107510232802,0
GAIL+TD3,191,6069,68,5.559764141402156,0
GAIL+TD3,191,6069,69,3.1152925587165163,0
GAIL+TD3,191,6069,70,1.6815846610621346,0
GAIL+TD3,191,6069,71,4.602329222744702,0
GAIL+TD3,191,6069,72,2.2099966524395347,0
GAIL+TD3,191,6069,73,1.9830794736296755,0
GAIL+TD3,191,6069,74,3.4167436845348123,0
GAIL+TD3,191,6069,75,8.661669627365114,0
GAIL+TD3,191,6069,76,3.4561306921541597,0
GAIL+TD3,191,6069,77,5.852491380269159,0
GAIL+TD3,191,6069,78,3.18548089398455,0
GAIL+TD3,191,6069,79,6.874199528539367,0
GAIL+TD3,191,6069,80,3.567886623282719,0
GAIL+TD3,191,6069,81,4.86581459549449,0
GAIL+TD3,191,6069,82,7.782155365544813,0
GAIL+TD3,191,6069,83,7.531263008776721,0
GAIL+TD3,191,6069,84,3.2007206058722915,0
GAIL+TD3,191,6069,85,5.315815261213584,0
GAIL+TD3,191,6069,86,2.3280001698121713,0
GAIL+TD3,191,6069,87,4.41094209590821,0
GAIL+TD3,191,6069,88,2.770208292283282,0
GAIL+TD3,191,6069,89,12.714793623884535,0
GAIL+TD3,191,6069,90,18.022642073549367,0
GAIL+TD3,191,6069,91,5.698680092280082,0
GAIL+TD3,191,6069,92,3.3525345656290924,0
GAIL+TD3,191,6069,93,2.2482030370138215,0
GAIL+TD3,191,6069,94,2.770847849118554,0
GAIL+TD3,191,6069,95,2.277022688904172,0
GAIL+TD3,191,6069,96,5.221983604791098,0
GAIL+TD3,191,6069,97,8.434142463692723,0
GAIL+TD3,191,6069,98,4.933246592114518,0
GAIL+TD3,191,6073,5,7.812384563040729,0
GAIL+TD3,191,6073,6,43.4218963165075,0
GAIL+TD3,191,6073,7,21.117761209273826,0
GAIL+TD3,191,6073,8,14.206005368624757,0
GAIL+TD3,191,6073,9,10.997117896064127,0
GAIL+TD3,191,6073,10,6.521359634903614,0
GAIL+TD3,191,6073,11,3.9423501419029328,0
GAIL+TD3,191,6073,12,3.30400870669327,0
GAIL+TD3,191,6073,13,7.663240596243879,0
GAIL+TD3,191,6073,14,8.08540543239465,0
GAIL+TD3,191,6073,15,7.605149659277149,0
GAIL+TD3,191,6073,16,6.675918353995616,0
GAIL+TD3,191,6073,17,4.755894693454803,0
GAIL+TD3,191,6073,18,5.199058622165169,0
GAIL+TD3,191,6073,19,5.650198738442928,0
GAIL+TD3,191,6073,20,7.172450814264833,0
GAIL+TD3,191,6073,21,6.008607928622124,0
GAIL+TD3,191,6073,22,5.4608013937282225,0
GAIL+TD3,191,6073,23,4.697522319189488,0
GAIL+TD3,191,6073,24,4.889161225258348,0
GAIL+TD3,191,6073,25,5.280961194999188,0
GAIL+TD3,191,6073,26,5.8065014062397795,0
GAIL+TD3,191,6073,27,5.537365528531337,0
GAIL+TD3,191,6073,28,5.07426013276982,0
GAIL+TD3,191,6073,29,4.767611661565596,0
GAIL+TD3,191,6073,30,5.40407940459865,0
GAIL+TD3,191,6073,31,5.440406170236378,0
GAIL+TD3,191,6073,32,6.230445239140892,0
GAIL+TD3,191,6073,33,6.860113421550094,0
GAIL+TD3,191,6073,34,5.798027159866369,0
GAIL+TD3,191,6073,35,5.65097621795849,0
GAIL+TD3,191,6073,36,5.779234470180001,0
GAIL+TD3,191,6073,37,5.769101686525902,0
GAIL+TD3,191,6073,38,6.064142892061121,0
GAIL+TD3,191,6073,39,6.106662299678318,0
GAIL+TD3,191,6073,40,5.723605547577659,0
GAIL+TD3,191,6073,41,5.958069059712321,0
GAIL+TD3,191,6073,42,6.88936885452559,0
GAIL+TD3,191,6073,43,5.099450045165023,0
GAIL+TD3,191,6073,44,4.417194731763237,0
GAIL+TD3,191,6073,45,5.6098523398860864,0
GAIL+TD3,191,6073,46,3.215226212684264,0
GAIL+TD3,191,6073,47,4.292604621330957,0
GAIL+TD3,191,6073,48,9.48648791148534,0
GAIL+TD3,191,6073,49,10.790392967537462,0
GAIL+TD3,191,6073,50,3.97010195254754,0
GAIL+TD3,191,6073,51,11.57355590218376,0
GAIL+TD3,191,6073,52,3.528837564428948,0
GAIL+TD3,191,6073,53,4.778543141365846,0
GAIL+TD3,191,6073,54,5.504531270038044,0
GAIL+TD3,191,6073,55,17.47569426638359,0
GAIL+TD3,191,6073,56,3.387228812719798,0
GAIL+TD3,191,6073,57,6.7344772016304875,0
GAIL+TD3,191,6073,58,6.592407984989313,0
GAIL+TD3,191,6073,59,2.2654940736977127,0
GAIL+TD3,191,6073,60,3.551579886254229,0
GAIL+TD3,191,6073,61,4.575043426977556,0
GAIL+TD3,191,6073,62,5.072897103311094,0
GAIL+TD3,191,6073,63,8.200524744341296,0
GAIL+TD3,191,6073,64,5.088272829234601,0
GAIL+TD3,191,6073,65,5.024381869703947,0
GAIL+TD3,191,6073,66,3.7336644662644263,0
GAIL+TD3,191,6073,67,3.98675181247887,0
GAIL+TD3,191,6073,68,1.876235159330641,0
GAIL+TD3,191,6073,69,6.319099204487075,0
GAIL+TD3,191,6073,70,11.698642263474278,0
GAIL+TD3,191,6073,71,3.1515622038833286,0
GAIL+TD3,191,6073,72,29.032385466034754,0
GAIL+TD3,191,6073,73,2.982170631233198,0
GAIL+TD3,191,6073,74,2.0510455003991765,0
GAIL+TD3,191,6073,75,3.4920541083059584,0
GAIL+TD3,191,6073,76,31.566682385218844,0
GAIL+TD3,191,6073,77,6.650770203524335,0
GAIL+TD3,191,6073,78,3.3635891351569285,0
GAIL+TD3,191,6073,79,6.503912858513806,0
GAIL+TD3,191,6073,80,4.073877513727448,0
GAIL+TD3,191,6073,81,8.381606955320452,0
GAIL+TD3,191,6073,82,2.91178378840386,0
GAIL+TD3,191,6073,83,4.872312568347529,0
GAIL+TD3,191,6073,84,5.563661773291428,0
GAIL+TD3,191,6073,85,5.534798829957503,0
GAIL+TD3,191,6073,86,2.1734317488785706,0
GAIL+TD3,191,6073,87,10.748051153577254,0
GAIL+TD3,191,6073,88,6.057447698807524,0
GAIL+TD3,191,6073,89,4.566465428602612,0
GAIL+TD3,191,6073,90,2.2904617838363195,0
GAIL+TD3,191,6073,91,9.214900741106295,0
GAIL+TD3,191,6073,92,2.7877815821332286,0
GAIL+TD3,191,6073,93,4.378259606304932,0
GAIL+TD3,191,6073,94,4.932748240873327,0
GAIL+TD3,191,6073,95,2.204421458936785,0
GAIL+TD3,191,6073,96,4.812991537346625,0
GAIL+TD3,191,6073,97,3.241072684152818,0
GAIL+TD3,191,6073,98,3.7688444829189307,0
GAIL+TD3,191,6074,5,7.893209518282067,0
GAIL+TD3,191,6074,6,32.32091592617908,0
GAIL+TD3,191,6074,7,11.317346620990344,0
GAIL+TD3,191,6074,8,9.339400492581245,0
GAIL+TD3,191,6074,9,6.137047317797431,0
GAIL+TD3,191,6074,10,8.648385107531027,0
GAIL+TD3,191,6074,11,6.805511588468062,0
GAIL+TD3,191,6074,12,8.000827966881323,0
GAIL+TD3,191,6074,13,4.089309171033489,0
GAIL+TD3,191,6074,14,4.819412160508931,0
GAIL+TD3,191,6074,15,4.200243785970997,0
GAIL+TD3,191,6074,16,6.380269107351226,0
GAIL+TD3,191,6074,17,5.9787616934795755,0
GAIL+TD3,191,6074,18,6.575800647170896,0
GAIL+TD3,191,6074,19,4.889312211750551,0
GAIL+TD3,191,6074,20,5.326641323332991,0
GAIL+TD3,191,6074,21,4.608597531817076,0
GAIL+TD3,191,6074,22,5.637441945616773,0
GAIL+TD3,191,6074,23,5.242774516944433,0
GAIL+TD3,191,6074,24,5.510724376561155,0
GAIL+TD3,191,6074,25,4.657775454388974,0
GAIL+TD3,191,6074,26,4.895155618345167,0
GAIL+TD3,191,6074,27,4.4587186545657875,0
GAIL+TD3,191,6074,28,6.315690071318505,0
GAIL+TD3,191,6074,29,5.273821997479234,0
GAIL+TD3,191,6074,30,5.431761515555914,0
GAIL+TD3,191,6074,31,4.9697922431693025,0
GAIL+TD3,191,6074,32,6.498413241007211,0
GAIL+TD3,191,6074,33,5.382953886017355,0
GAIL+TD3,191,6074,34,5.872826072515179,0
GAIL+TD3,191,6074,35,5.930194036914338,0
GAIL+TD3,191,6074,36,6.105934581679824,0
GAIL+TD3,191,6074,37,5.778880528537346,0
GAIL+TD3,191,6074,38,5.773362070153993,0
GAIL+TD3,191,6074,39,5.730074905817413,0
GAIL+TD3,191,6074,40,6.217081001779731,0
GAIL+TD3,191,6074,41,5.898360445166203,0
GAIL+TD3,191,6074,42,5.592286148975943,0
GAIL+TD3,191,6074,43,5.748961261954914,0
GAIL+TD3,191,6074,44,5.687217491929374,0
GAIL+TD3,191,6074,45,4.3440640264821075,0
GAIL+TD3,191,6074,46,5.3555962894729925,0
GAIL+TD3,191,6074,47,6.71401287993765,0
GAIL+TD3,191,6074,48,6.171904401221424,0
GAIL+TD3,191,6074,49,3.132082007054021,0
GAIL+TD3,191,6074,50,6.579566436847055,0
GAIL+TD3,191,6074,51,5.595647489472199,0
GAIL+TD3,191,6074,52,2.7441169715991736,0
GAIL+TD3,191,6074,53,8.969250894038055,0
GAIL+TD3,191,6074,54,8.216831681487728,0
GAIL+TD3,191,6074,55,6.652086707990468,0
GAIL+TD3,191,6074,56,8.145973446770755,0
GAIL+TD3,191,6074,57,4.110394740416746,0
GAIL+TD3,191,6074,58,2.4040907755927186,0
GAIL+TD3,191,6074,59,1.8187120021588328,0
GAIL+TD3,191,6074,60,4.975882701471239,0
GAIL+TD3,191,6074,61,11.841708670854334,0
GAIL+TD3,191,6074,62,23.032641753904706,0
GAIL+TD3,191,6074,63,5.705274160928942,0
GAIL+TD3,191,6074,64,4.786262905905805,0
GAIL+TD3,191,6074,65,6.463365316149946,0
GAIL+TD3,191,6074,66,2.751820507633372,0
GAIL+TD3,191,6074,67,1.8891548611636184,0
GAIL+TD3,191,6074,68,9.943680251487594,0
GAIL+TD3,191,6074,69,12.78070010954632,0
GAIL+TD3,191,6074,70,11.238587307876793,0
GAIL+TD3,191,6074,71,3.8603640577924367,0
GAIL+TD3,191,6074,72,4.167820995032513,0
GAIL+TD3,191,6074,73,6.998201775162682,0
GAIL+TD3,191,6074,74,7.397166987033373,0
GAIL+TD3,191,6074,75,2.2482267314946953,0
GAIL+TD3,191,6074,76,16.553677921743606,0
GAIL+TD3,191,6074,77,4.454049263961464,0
GAIL+TD3,191,6074,78,2.174987054428251,0
GAIL+TD3,191,6074,79,2.7433057896161013,0
GAIL+TD3,191,6074,80,5.035578456333324,0
GAIL+TD3,191,6074,81,3.472008374299381,0
GAIL+TD3,191,6074,82,3.154568983091409,0
GAIL+TD3,191,6074,83,2.4850226477208888,0
GAIL+TD3,191,6074,84,3.91834576559977,0
GAIL+TD3,191,6074,85,3.6830666374002816,0
GAIL+TD3,191,6074,86,5.349270802848504,0
GAIL+TD3,191,6074,87,3.9859221116264676,0
GAIL+TD3,191,6074,88,7.079096468934423,0
GAIL+TD3,191,6074,89,7.4852080940911145,0
GAIL+TD3,191,6074,90,4.392617928217206,0
GAIL+TD3,191,6074,91,3.791175616932556,0
GAIL+TD3,191,6074,92,6.839581605110347,0
GAIL+TD3,191,6074,93,3.7958708708708704,0
GAIL+TD3,191,6074,94,4.865523299091857,0
GAIL+TD3,191,6074,95,6.722988121060716,0
GAIL+TD3,191,6074,96,3.3066983161663406,0
GAIL+TD3,191,6074,97,3.6304603416867702,0
GAIL+TD3,191,6074,98,10.598226968763127,0
GAIL+TD3,191,6076,5,5.841055718475073,0
GAIL+TD3,191,6076,6,30.475605475605477,0
GAIL+TD3,191,6076,7,16.500980493342965,0
GAIL+TD3,191,6076,8,25.09417522081642,0
GAIL+TD3,191,6076,9,12.87220429509291,0
GAIL+TD3,191,6076,10,7.984296724470135,0
GAIL+TD3,191,6076,11,5.29110181423227,0
GAIL+TD3,191,6076,12,3.4776838966202783,0
GAIL+TD3,191,6076,13,4.53188838296825,0
GAIL+TD3,191,6076,14,9.593541679407986,0
GAIL+TD3,191,6076,15,8.059779347274155,0
GAIL+TD3,191,6076,16,7.6234730402833275,0
GAIL+TD3,191,6076,17,5.780815983617319,0
GAIL+TD3,191,6076,18,4.529177405802438,0
GAIL+TD3,191,6076,19,5.129975012493753,0
GAIL+TD3,191,6076,20,7.448307816277195,0
GAIL+TD3,191,6076,21,6.216556186031713,0
GAIL+TD3,191,6076,22,5.808672689367617,0
GAIL+TD3,191,6076,23,5.235010866977445,0
GAIL+TD3,191,6076,24,4.575294818929864,0
GAIL+TD3,191,6076,25,4.922160976946738,0
GAIL+TD3,191,6076,26,6.232482866350497,0
GAIL+TD3,191,6076,27,5.924488518633296,0
GAIL+TD3,191,6076,28,5.78028774239169,0
GAIL+TD3,191,6076,29,5.477862126049426,0
GAIL+TD3,191,6076,30,5.079183509301156,0
GAIL+TD3,191,6076,31,5.33773570294653,0
GAIL+TD3,191,6076,32,6.080311131541383,0
GAIL+TD3,191,6076,33,5.979703698389353,0
GAIL+TD3,191,6076,34,5.926566359757466,0
GAIL+TD3,191,6076,35,5.837153284247353,0
GAIL+TD3,191,6076,36,5.61509983318494,0
GAIL+TD3,191,6076,37,5.781035912838036,0
GAIL+TD3,191,6076,38,6.178070827850564,0
GAIL+TD3,191,6076,39,5.9571921238505325,0
GAIL+TD3,191,6076,40,5.879507631708518,0
GAIL+TD3,191,6076,41,5.894646708445496,0
GAIL+TD3,191,6076,42,6.153093744702492,0
GAIL+TD3,191,6076,43,5.974414803430063,0
GAIL+TD3,191,6076,44,6.418587354409317,0
GAIL+TD3,191,6076,45,6.406132065383985,0
GAIL+TD3,191,6076,46,4.875716831478946,0
GAIL+TD3,191,6076,47,4.173001392734696,0
GAIL+TD3,191,6076,48,4.090736318947934,0
GAIL+TD3,191,6076,49,6.953163574451038,0
GAIL+TD3,191,6076,50,3.187370474804512,0
GAIL+TD3,191,6076,51,12.780687196712714,0
GAIL+TD3,191,6076,52,6.962385622211562,0
GAIL+TD3,191,6076,53,4.57950069061038,0
GAIL+TD3,191,6076,54,2.2804427166256676,0
GAIL+TD3,191,6076,55,5.451801182532497,0
GAIL+TD3,191,6076,56,2.7203266080533957,0
GAIL+TD3,191,6076,57,8.771524777760135,0
GAIL+TD3,191,6076,58,9.580640024498546,0
GAIL+TD3,191,6076,59,7.879704666476797,0
GAIL+TD3,191,6076,60,5.865022604055264,0
GAIL+TD3,191,6076,61,3.1237147681643793,0
GAIL+TD3,191,6076,62,4.592076063078064,0
GAIL+TD3,191,6076,63,4.597504259336005,0
GAIL+TD3,191,6076,64,3.856981545499965,0
GAIL+TD3,191,6076,65,6.525164302293026,0
GAIL+TD3,191,6076,66,6.459168174376373,0
GAIL+TD3,191,6076,67,6.521974874166222,0
GAIL+TD3,191,6076,68,4.9720842784564585,0
GAIL+TD3,191,6076,69,5.2166103172248,0
GAIL+TD3,191,6076,70,3.359376506598594,0
GAIL+TD3,191,6076,71,2.867033351328044,0
GAIL+TD3,191,6076,72,8.749024862819686,0
GAIL+TD3,191,6076,73,7.412826972157293,0
GAIL+TD3,191,6076,74,5.792786387149176,0
GAIL+TD3,191,6076,75,3.0023801873119913,0
GAIL+TD3,191,6076,76,4.586730136610154,0
GAIL+TD3,191,6076,77,6.478883401839312,0
GAIL+TD3,191,6076,78,3.1302241508296706,0
GAIL+TD3,191,6076,79,8.455840579942729,0
GAIL+TD3,191,6076,80,7.107737544373385,0
GAIL+TD3,191,6076,81,3.0880874845024824,0
GAIL+TD3,191,6076,82,3.8345771750683233,0
GAIL+TD3,191,6076,83,3.8490300150567083,0
GAIL+TD3,191,6076,84,8.049626988644874,0
GAIL+TD3,191,6076,85,4.485193788544475,0
GAIL+TD3,191,6076,86,4.3538295858697476,0
GAIL+TD3,191,6076,87,3.8905111054281023,0
GAIL+TD3,191,6076,88,5.173102416504555,0
GAIL+TD3,191,6076,89,4.016354956300402,0
GAIL+TD3,191,6076,90,7.002001867786298,0
GAIL+TD3,191,6076,91,3.6245124672265523,0
GAIL+TD3,191,6076,92,2.691203398316182,0
GAIL+TD3,191,6076,93,3.3762039056117774,0
GAIL+TD3,191,6076,94,8.858082198171301,0
GAIL+TD3,191,6076,95,2.9865056202077525,0
GAIL+TD3,191,6076,96,2.9005377214861845,0
GAIL+TD3,191,6076,97,7.039574797980941,0
GAIL+TD3,191,6076,98,2.780590962900619,0
GAIL+TD3,191,6078,5,7.952348470083804,0
GAIL+TD3,191,6078,6,45.80308747855919,0
GAIL+TD3,191,6078,7,17.213926260655235,0
GAIL+TD3,191,6078,8,12.511747387865846,0
GAIL+TD3,191,6078,9,14.773400266886954,0
GAIL+TD3,191,6078,10,6.128155675889524,0
GAIL+TD3,191,6078,11,3.8377052462955548,0
GAIL+TD3,191,6078,12,6.2467919439732045,0
GAIL+TD3,191,6078,13,4.133819787557721,0
GAIL+TD3,191,6078,14,7.570664439830278,0
GAIL+TD3,191,6078,15,8.194669055885317,0
GAIL+TD3,191,6078,16,5.463643952975954,0
GAIL+TD3,191,6078,17,4.521275062785623,0
GAIL+TD3,191,6078,18,6.829831727753072,0
GAIL+TD3,191,6078,19,5.212239075650233,0
GAIL+TD3,191,6078,20,7.208588659868724,0
GAIL+TD3,191,6078,21,7.133606891013301,0
GAIL+TD3,191,6078,22,5.647969005679084,0
GAIL+TD3,191,6078,23,5.069680546672502,0
GAIL+TD3,191,6078,24,5.837974367998123,0
GAIL+TD3,191,6078,25,5.090659389658802,0
GAIL+TD3,191,6078,26,6.10194403688954,0
GAIL+TD3,191,6078,27,6.208671921266476,0
GAIL+TD3,191,6078,28,5.494613241145004,0
GAIL+TD3,191,6078,29,5.245488179812754,0
GAIL+TD3,191,6078,30,5.778916158207997,0
GAIL+TD3,191,6078,31,5.420743691598481,0
GAIL+TD3,191,6078,32,6.0306767067348295,0
GAIL+TD3,191,6078,33,6.117761605594565,0
GAIL+TD3,191,6078,34,5.785521754694063,0
GAIL+TD3,191,6078,35,5.616049744405535,0
GAIL+TD3,191,6078,36,5.919494525265753,0
GAIL+TD3,191,6078,37,5.695647050783228,0
GAIL+TD3,191,6078,38,6.112432266264125,0
GAIL+TD3,191,6078,39,6.096105205628026,0
GAIL+TD3,191,6078,40,6.41288416218991,0
GAIL+TD3,191,6078,41,6.2346257659112165,0
GAIL+TD3,191,6078,42,5.997665480189167,0
GAIL+TD3,191,6078,43,6.05116085448238,0
GAIL+TD3,191,6078,44,5.543330792400885,0
GAIL+TD3,191,6078,45,5.508756761839585,0
GAIL+TD3,191,6078,46,4.753576988572812,0
GAIL+TD3,191,6078,47,5.4995493315454596,0
GAIL+TD3,191,6078,48,2.8226690826146226,0
GAIL+TD3,191,6078,49,9.247899288675093,0
GAIL+TD3,191,6078,50,2.692611985168855,0
GAIL+TD3,191,6078,51,3.703372917349717,0
GAIL+TD3,191,6078,52,7.946569164282095,0
GAIL+TD3,191,6078,53,10.672359231776516,0
GAIL+TD3,191,6078,54,6.80529438758631,0
GAIL+TD3,191,6078,55,4.236296672116052,0
GAIL+TD3,191,6078,56,4.9128449532976495,0
GAIL+TD3,191,6078,57,2.6644294643951465,0
GAIL+TD3,191,6078,58,5.67818635318837,0
GAIL+TD3,191,6078,59,6.791871183162809,0
GAIL+TD3,191,6078,60,13.038730217038601,0
GAIL+TD3,191,6078,61,5.4323044577443,0
GAIL+TD3,191,6078,62,4.214395575269159,0
GAIL+TD3,191,6078,63,4.1897801651077,0
GAIL+TD3,191,6078,64,2.261413307723043,0
GAIL+TD3,191,6078,65,4.804379420769258,0
GAIL+TD3,191,6078,66,15.375000548657109,0
GAIL+TD3,191,6078,67,4.059462982322662,0
GAIL+TD3,191,6078,68,9.911277010426259,0
GAIL+TD3,191,6078,69,5.596119210680656,0
GAIL+TD3,191,6078,70,6.160134495086208,0
GAIL+TD3,191,6078,71,2.942425995704026,0
GAIL+TD3,191,6078,72,4.218336067306048,0
GAIL+TD3,191,6078,73,2.6587795865056867,0
GAIL+TD3,191,6078,74,9.063183722321964,0
GAIL+TD3,191,6078,75,20.12500260352663,0
GAIL+TD3,191,6078,76,9.62722875825842,0
GAIL+TD3,191,6078,77,3.7072300481699645,0
GAIL+TD3,191,6078,78,3.1050038599755156,0
GAIL+TD3,191,6078,79,4.490406632632074,0
GAIL+TD3,191,6078,80,2.990546662257903,0
GAIL+TD3,191,6078,81,3.660774355372549,0
GAIL+TD3,191,6078,82,6.59238879944439,0
GAIL+TD3,191,6078,83,8.782540509551698,0
GAIL+TD3,191,6078,84,7.296823535082504,0
GAIL+TD3,191,6078,85,3.2368586381894726,0
GAIL+TD3,191,6078,86,3.6361813281559354,0
GAIL+TD3,191,6078,87,2.799658539361469,0
GAIL+TD3,191,6078,88,1.9605557158919806,0
GAIL+TD3,191,6078,89,1.9125479831861238,0
GAIL+TD3,191,6078,90,5.708483651021866,0
GAIL+TD3,191,6078,91,3.341226249788034,0
GAIL+TD3,191,6078,92,4.55676617924046,0
GAIL+TD3,191,6078,93,3.444558429692177,0
GAIL+TD3,191,6078,94,6.632688547946951,0
GAIL+TD3,191,6078,95,7.850342184765544,0
GAIL+TD3,191,6078,96,3.226051874925684,0
GAIL+TD3,191,6078,97,2.556911554927365,0
GAIL+TD3,191,6078,98,3.517042632261042,0
GAIL+TD3,191,6081,5,2.8268909216091274,0
GAIL+TD3,191,6081,6,11.333709981167607,0
GAIL+TD3,191,6081,7,8.405827702702704,0
GAIL+TD3,191,6081,8,7.147142182333492,0
GAIL+TD3,191,6081,9,8.188499137435306,0
GAIL+TD3,191,6081,10,8.922643597223617,0
GAIL+TD3,191,6081,11,6.252455259711916,0
GAIL+TD3,191,6081,12,5.072467411211261,0
GAIL+TD3,191,6081,13,6.171042980783335,0
GAIL+TD3,191,6081,14,8.432114349359573,0
GAIL+TD3,191,6081,15,8.00617039530126,0
GAIL+TD3,191,6081,16,6.925697154524075,0
GAIL+TD3,191,6081,17,6.468872310520056,0
GAIL+TD3,191,6081,18,3.233056598122444,0
GAIL+TD3,191,6081,19,5.597183867933118,0
GAIL+TD3,191,6081,20,6.149050503210529,0
GAIL+TD3,191,6081,21,6.779548213991276,0
GAIL+TD3,191,6081,22,7.406824530868349,0
GAIL+TD3,191,6081,23,5.4057386013402,0
GAIL+TD3,191,6081,24,3.9368872760388283,0
GAIL+TD3,191,6081,25,5.326834991960367,0
GAIL+TD3,191,6081,26,5.663678749947494,0
GAIL+TD3,191,6081,27,5.525947491318405,0
GAIL+TD3,191,6081,28,5.931129052138544,0
GAIL+TD3,191,6081,29,5.11571113694715,0
GAIL+TD3,191,6081,30,4.2546961875915414,0
GAIL+TD3,191,6081,31,5.2183772142811895,0
GAIL+TD3,191,6081,32,5.336698657195874,0
GAIL+TD3,191,6081,33,6.1817969562541135,0
GAIL+TD3,191,6081,34,5.799097680881563,0
GAIL+TD3,191,6081,35,5.789128324438127,0
GAIL+TD3,191,6081,36,4.952989184733739,0
GAIL+TD3,191,6081,37,5.663470732818647,0
GAIL+TD3,191,6081,38,5.644283687688012,0
GAIL+TD3,191,6081,39,5.53083579471402,0
GAIL+TD3,191,6081,40,6.213571938411339,0
GAIL+TD3,191,6081,41,5.622726151428493,0
GAIL+TD3,191,6081,42,5.413041003983586,0
GAIL+TD3,191,6081,43,6.374885377234476,0
GAIL+TD3,191,6081,44,6.531636253994576,0
GAIL+TD3,191,6081,45,7.0411529950256275,0
GAIL+TD3,191,6081,46,5.917724644968566,0
GAIL+TD3,191,6081,47,5.6203111124720575,0
GAIL+TD3,191,6081,48,4.775146475169462,0
GAIL+TD3,191,6081,49,4.808886631871443,0
GAIL+TD3,191,6081,50,3.926503169692119,0
GAIL+TD3,191,6081,51,4.14593639319163,0
GAIL+TD3,191,6081,52,5.771564339884039,0
GAIL+TD3,191,6081,53,6.341822757001044,0
GAIL+TD3,191,6081,54,5.545795340341647,0
GAIL+TD3,191,6081,55,6.828009208883595,0
GAIL+TD3,191,6081,56,5.74882627159674,0
GAIL+TD3,191,6081,57,2.708031299110559,0
GAIL+TD3,191,6081,58,12.953946002675647,0
GAIL+TD3,191,6081,59,5.823438472463814,0
GAIL+TD3,191,6081,60,7.715457877352458,0
GAIL+TD3,191,6081,61,9.085730618100767,0
GAIL+TD3,191,6081,62,5.040783624311318,0
GAIL+TD3,191,6081,63,3.3370631302666114,0
GAIL+TD3,191,6081,64,2.7631962904721776,0
GAIL+TD3,191,6081,65,6.211250485935572,0
GAIL+TD3,191,6081,66,3.736262526814587,0
GAIL+TD3,191,6081,67,3.017809066555803,0
GAIL+TD3,191,6081,68,9.30378290030416,0
GAIL+TD3,191,6081,69,5.134534558409578,0
GAIL+TD3,191,6081,70,7.398845327915943,0
GAIL+TD3,191,6081,71,6.019969343646495,0
GAIL+TD3,191,6081,72,5.103162655670547,0
GAIL+TD3,191,6081,73,3.6414995863399797,0
GAIL+TD3,191,6081,74,3.2065592655569914,0
GAIL+TD3,191,6081,75,5.90780929030548,0
GAIL+TD3,191,6081,76,3.4351985566035035,0
GAIL+TD3,191,6081,77,10.302507605880242,0
GAIL+TD3,191,6081,78,2.6245457320501906,0
GAIL+TD3,191,6081,79,3.97498173347253,0
GAIL+TD3,191,6081,80,5.44907783759212,0
GAIL+TD3,191,6081,81,3.8931041277535168,0
GAIL+TD3,191,6081,82,2.352275373733832,0
GAIL+TD3,191,6081,83,7.86749634199141,0
GAIL+TD3,191,6081,84,2.8920479998569655,0
GAIL+TD3,191,6081,85,13.109248058977428,0
GAIL+TD3,191,6081,86,2.628579556311098,0
GAIL+TD3,191,6081,87,2.0895033406325743,0
GAIL+TD3,191,6081,88,4.179538306719933,0
GAIL+TD3,191,6081,89,3.392638953340023,0
GAIL+TD3,191,6081,90,5.260261153840188,0
GAIL+TD3,191,6081,91,5.135551741995756,0
GAIL+TD3,191,6081,92,6.570221563222595,0
GAIL+TD3,191,6081,93,10.750520989596426,0
GAIL+TD3,191,6081,94,4.133309527120122,0
GAIL+TD3,191,6081,95,3.2728936516865437,0
GAIL+TD3,191,6081,96,2.606751946395599,0
GAIL+TD3,191,6081,97,5.445040171094612,0
GAIL+TD3,191,6081,98,2.4913592759810395,0
GAIL+TD3,191,6082,5,5.569511119819732,0
GAIL+TD3,191,6082,6,21.467216051594413,0
GAIL+TD3,191,6082,7,6.613010842368641,0
GAIL+TD3,191,6082,8,7.876833807751259,0
GAIL+TD3,191,6082,9,5.897925238553796,0
GAIL+TD3,191,6082,10,3.4556860864700707,0
GAIL+TD3,191,6082,11,5.020662263477329,0
GAIL+TD3,191,6082,12,6.535147273866723,0
GAIL+TD3,191,6082,13,4.579171387451389,0
GAIL+TD3,191,6082,14,10.577778866888845,0
GAIL+TD3,191,6082,15,5.782348298435395,0
GAIL+TD3,191,6082,16,4.530861185655039,0
GAIL+TD3,191,6082,17,6.570297374317473,0
GAIL+TD3,191,6082,18,6.238153441143286,0
GAIL+TD3,191,6082,19,3.35372272326382,0
GAIL+TD3,191,6082,20,6.561543096115679,0
GAIL+TD3,191,6082,21,5.4006309148264995,0
GAIL+TD3,191,6082,22,4.911454984813886,0
GAIL+TD3,191,6082,23,5.374257750560447,0
GAIL+TD3,191,6082,24,5.275465859931612,0
GAIL+TD3,191,6082,25,3.7923629840884754,0
GAIL+TD3,191,6082,26,5.500124153098506,0
GAIL+TD3,191,6082,27,5.189384603964073,0
GAIL+TD3,191,6082,28,4.884302740530673,0
GAIL+TD3,191,6082,29,5.287803873094355,0
GAIL+TD3,191,6082,30,5.343272162457573,0
GAIL+TD3,191,6082,31,4.721543096904585,0
GAIL+TD3,191,6082,32,5.268740691709415,0
GAIL+TD3,191,6082,33,5.141022413602738,0
GAIL+TD3,191,6082,34,4.876467311056309,0
GAIL+TD3,191,6082,35,5.223186690093621,0
GAIL+TD3,191,6082,36,5.289084764874333,0
GAIL+TD3,191,6082,37,4.864695116020667,0
GAIL+TD3,191,6082,38,6.327624328539248,0
GAIL+TD3,191,6082,39,6.2082786904790295,0
GAIL+TD3,191,6082,40,5.577916195602552,0
GAIL+TD3,191,6082,41,5.7688010883864225,0
GAIL+TD3,191,6082,42,6.457964814065011,0
GAIL+TD3,191,6082,43,5.9058422677326305,0
GAIL+TD3,191,6082,44,5.8793720649855405,0
GAIL+TD3,191,6082,45,6.224342347502352,0
GAIL+TD3,191,6082,46,6.361393733727469,0
GAIL+TD3,191,6082,47,5.7081663419811255,0
GAIL+TD3,191,6082,48,4.751808775085386,0
GAIL+TD3,191,6082,49,4.649652564551239,0
GAIL+TD3,191,6082,50,3.88008864170367,0
GAIL+TD3,191,6082,51,4.078464105170917,0
GAIL+TD3,191,6082,52,10.168791428451923,0
GAIL+TD3,191,6082,53,10.497425224853105,0
GAIL+TD3,191,6082,54,3.9198011072995222,0
GAIL+TD3,191,6082,55,12.503980191538712,0
GAIL+TD3,191,6082,56,3.2304688713661944,0
GAIL+TD3,191,6082,57,2.553665601310293,0
GAIL+TD3,191,6082,58,8.436606710751276,0
GAIL+TD3,191,6082,59,4.295809174840861,0
GAIL+TD3,191,6082,60,6.4553396359110815,0
GAIL+TD3,191,6082,61,8.191486912263695,0
GAIL+TD3,191,6082,62,4.428444660877092,0
GAIL+TD3,191,6082,63,2.6565106027186136,0
GAIL+TD3,191,6082,64,13.152192259923858,0
GAIL+TD3,191,6082,65,3.444927201875094,0
GAIL+TD3,191,6082,66,4.8973233767426905,0
GAIL+TD3,191,6082,67,6.505596593833002,0
GAIL+TD3,191,6082,68,3.962310950961399,0
GAIL+TD3,191,6082,69,4.083686809021047,0
GAIL+TD3,191,6082,70,9.171907087775478,0
GAIL+TD3,191,6082,71,6.418960790923877,0
GAIL+TD3,191,6082,72,5.553422443200821,0
GAIL+TD3,191,6082,73,2.909493801715495,0
GAIL+TD3,191,6082,74,7.739503479301041,0
GAIL+TD3,191,6082,75,1.8826897430578196,0
GAIL+TD3,191,6082,76,8.20578348192149,0
GAIL+TD3,191,6082,77,3.6676123935526337,0
GAIL+TD3,191,6082,78,11.255394401146331,0
GAIL+TD3,191,6082,79,4.209436296068756,0
GAIL+TD3,191,6082,80,6.751848794040405,0
GAIL+TD3,191,6082,81,9.451325989552512,0
GAIL+TD3,191,6082,82,3.294486654551028,0
GAIL+TD3,191,6082,83,5.522511492868838,0
GAIL+TD3,191,6082,84,2.8721146885277444,0
GAIL+TD3,191,6082,85,2.443082829881268,0
GAIL+TD3,191,6082,86,4.879132954110159,0
GAIL+TD3,191,6082,87,14.745816067864705,0
GAIL+TD3,191,6082,88,3.692899691548427,0
GAIL+TD3,191,6082,89,2.226614375420141,0
GAIL+TD3,191,6082,90,6.2544820641531,0
GAIL+TD3,191,6082,91,5.546343429690199,0
GAIL+TD3,191,6082,92,2.829964532459463,0
GAIL+TD3,191,6082,93,4.602408254502115,0
GAIL+TD3,191,6082,94,3.868159371829283,0
GAIL+TD3,191,6082,95,5.426185029525988,0
GAIL+TD3,191,6082,96,2.3714866453536145,0
GAIL+TD3,191,6082,97,3.217826486497776,0
GAIL+TD3,191,6082,98,4.2954967415548335,0
GAIL+TD3,191,6084,5,5.881228668941978,0
GAIL+TD3,191,6084,6,11.249005870100358,0
GAIL+TD3,191,6084,7,10.546266118747342,0
GAIL+TD3,191,6084,8,9.937968643490116,0
GAIL+TD3,191,6084,9,6.702321494635591,0
GAIL+TD3,191,6084,10,10.094987732211708,0
GAIL+TD3,191,6084,11,9.849084249084251,0
GAIL+TD3,191,6084,12,6.904636193753152,0
GAIL+TD3,191,6084,13,8.414087581867213,0
GAIL+TD3,191,6084,14,3.654527152591369,0
GAIL+TD3,191,6084,15,4.969973625481843,0
GAIL+TD3,191,6084,16,5.021790037102366,0
GAIL+TD3,191,6084,17,8.524333204042984,0
GAIL+TD3,191,6084,18,6.450695071884857,0
GAIL+TD3,191,6084,19,6.851906822691268,0
GAIL+TD3,191,6084,20,5.218992480057461,0
GAIL+TD3,191,6084,21,5.263854538344983,0
GAIL+TD3,191,6084,22,5.031629312515739,0
GAIL+TD3,191,6084,23,6.568205779092501,0
GAIL+TD3,191,6084,24,5.992889525589847,0
GAIL+TD3,191,6084,25,6.1653230566846,0
GAIL+TD3,191,6084,26,5.17579775177552,0
GAIL+TD3,191,6084,27,5.090998118549206,0
GAIL+TD3,191,6084,28,5.027967738637769,0
GAIL+TD3,191,6084,29,5.934126923595914,0
GAIL+TD3,191,6084,30,5.7026540710751235,0
GAIL+TD3,191,6084,31,5.777391960192767,0
GAIL+TD3,191,6084,32,5.340378216321287,0
GAIL+TD3,191,6084,33,5.306782435039827,0
GAIL+TD3,191,6084,34,5.31747256515775,0
GAIL+TD3,191,6084,35,5.895683216130611,0
GAIL+TD3,191,6084,36,6.24915055456891,0
GAIL+TD3,191,6084,37,6.066333981408879,0
GAIL+TD3,191,6084,38,5.814505337351243,0
GAIL+TD3,191,6084,39,5.8681114246802295,0
GAIL+TD3,191,6084,40,5.874481350055995,0
GAIL+TD3,191,6084,41,6.045908216897941,0
GAIL+TD3,191,6084,42,5.953810028783518,0
GAIL+TD3,191,6084,43,5.867274524843255,0
GAIL+TD3,191,6084,44,5.462996476756534,0
GAIL+TD3,191,6084,45,5.250481380126586,0
GAIL+TD3,191,6084,46,5.549631017359297,0
GAIL+TD3,191,6084,47,5.017997019601849,0
GAIL+TD3,191,6084,48,5.923138285583824,0
GAIL+TD3,191,6084,49,6.3529068167394005,0
GAIL+TD3,191,6084,50,6.451929620510028,0
GAIL+TD3,191,6084,51,4.214627966156991,0
GAIL+TD3,191,6084,52,6.905415545994622,0
GAIL+TD3,191,6084,53,2.8036390278818817,0
GAIL+TD3,191,6084,54,3.9601280020672807,0
GAIL+TD3,191,6084,55,10.014935905267961,0
GAIL+TD3,191,6084,56,11.890973620996808,0
GAIL+TD3,191,6084,57,2.8451631991474464,0
GAIL+TD3,191,6084,58,7.121213726915685,0
GAIL+TD3,191,6084,59,5.331486213853395,0
GAIL+TD3,191,6084,60,3.0402083800857347,0
GAIL+TD3,191,6084,61,4.6866637125204385,0
GAIL+TD3,191,6084,62,36.15964293766782,0
GAIL+TD3,191,6084,63,5.012398211309284,0
GAIL+TD3,191,6084,64,2.081169557466011,0
GAIL+TD3,191,6084,65,6.928916903298281,0
GAIL+TD3,191,6084,66,7.926503015271934,0
GAIL+TD3,191,6084,67,4.250549052108153,0
GAIL+TD3,191,6084,68,6.02737115514378,0
GAIL+TD3,191,6084,69,5.508805836965366,0
GAIL+TD3,191,6084,70,7.064544946183691,0
GAIL+TD3,191,6084,71,3.8069109313668807,0
GAIL+TD3,191,6084,72,5.057309286162582,0
GAIL+TD3,191,6084,73,5.717627517563212,0
GAIL+TD3,191,6084,74,5.009697600759267,0
GAIL+TD3,191,6084,75,4.958496586350092,0
GAIL+TD3,191,6084,76,1.8569635227955164,0
GAIL+TD3,191,6084,77,6.029938149606208,0
GAIL+TD3,191,6084,78,2.99899181564629,0
GAIL+TD3,191,6084,79,7.5589931665726295,0
GAIL+TD3,191,6084,80,3.202901978392435,0
GAIL+TD3,191,6084,81,3.3953974452219717,0
GAIL+TD3,191,6084,82,3.4850974632394482,0
GAIL+TD3,191,6084,83,7.529146093081629,0
GAIL+TD3,191,6084,84,5.83391593299104,0
GAIL+TD3,191,6084,85,6.29772761321293,0
GAIL+TD3,191,6084,86,7.710842728759535,0
GAIL+TD3,191,6084,87,3.8283565506092008,0
GAIL+TD3,191,6084,88,3.1163713152999124,0
GAIL+TD3,191,6084,89,4.017141994962403,0
GAIL+TD3,191,6084,90,6.7503574616324515,0
GAIL+TD3,191,6084,91,3.6151257892973363,0
GAIL+TD3,191,6084,92,6.2049056854471765,0
GAIL+TD3,191,6084,93,4.075115358385956,0
GAIL+TD3,191,6084,94,4.417178116394512,0
GAIL+TD3,191,6084,95,2.2827935219166147,0
GAIL+TD3,191,6084,96,4.16419009888281,0
GAIL+TD3,191,6084,97,5.132477983601579,0
GAIL+TD3,191,6084,98,3.3425126198349995,0
GAIL+TD3,191,6086,5,6.127485380116959,0
GAIL+TD3,191,6086,6,16.44987728903153,0
GAIL+TD3,191,6086,7,13.08266519214819,0
GAIL+TD3,191,6086,8,12.526623376623377,0
GAIL+TD3,191,6086,9,6.599398941419216,0
GAIL+TD3,191,6086,10,10.624843554443052,0
GAIL+TD3,191,6086,11,4.7258262451864095,0
GAIL+TD3,191,6086,12,9.013747941638265,0
GAIL+TD3,191,6086,13,6.486022037885355,0
GAIL+TD3,191,6086,14,5.319060669770236,0
GAIL+TD3,191,6086,15,3.5394683161875777,0
GAIL+TD3,191,6086,16,7.441738299904488,0
GAIL+TD3,191,6086,17,5.920433586309073,0
GAIL+TD3,191,6086,18,7.74151001991195,0
GAIL+TD3,191,6086,19,6.230749301152247,0
GAIL+TD3,191,6086,20,5.584227263565719,0
GAIL+TD3,191,6086,21,4.178116091374758,0
GAIL+TD3,191,6086,22,6.40837533844886,0
GAIL+TD3,191,6086,23,5.375249106510534,0
GAIL+TD3,191,6086,24,6.297408429367527,0
GAIL+TD3,191,6086,25,5.709529860228718,0
GAIL+TD3,191,6086,26,5.3873506657191506,0
GAIL+TD3,191,6086,27,4.839819165955928,0
GAIL+TD3,191,6086,28,5.588001155776228,0
GAIL+TD3,191,6086,29,5.347030959055473,0
GAIL+TD3,191,6086,30,5.894722964693962,0
GAIL+TD3,191,6086,31,5.704525296489674,0
GAIL+TD3,191,6086,32,5.480134451859537,0
GAIL+TD3,191,6086,33,5.26177668185016,0
GAIL+TD3,191,6086,34,5.413795824812309,0
GAIL+TD3,191,6086,35,5.2684283902876,0
GAIL+TD3,191,6086,36,5.70881866617674,0
GAIL+TD3,191,6086,37,5.89166735971676,0
GAIL+TD3,191,6086,38,5.463790743220288,0
GAIL+TD3,191,6086,39,5.607866174196458,0
GAIL+TD3,191,6086,40,6.359907504964136,0
GAIL+TD3,191,6086,41,5.455804338331635,0
GAIL+TD3,191,6086,42,5.966199350560555,0
GAIL+TD3,191,6086,43,5.877272826848932,0
GAIL+TD3,191,6086,44,5.536445900469013,0
GAIL+TD3,191,6086,45,5.511110261151836,0
GAIL+TD3,191,6086,46,4.592828119388773,0
GAIL+TD3,191,6086,47,5.332727665070664,0
GAIL+TD3,191,6086,48,5.359746876200303,0
GAIL+TD3,191,6086,49,7.05427735702539,0
GAIL+TD3,191,6086,50,5.322936648871589,0
GAIL+TD3,191,6086,51,4.929631412663146,0
GAIL+TD3,191,6086,52,5.345558252672164,0
GAIL+TD3,191,6086,53,2.6962678146251937,0
GAIL+TD3,191,6086,54,7.781170306106551,0
GAIL+TD3,191,6086,55,11.125712841587097,0
GAIL+TD3,191,6086,56,13.9714685831243,0
GAIL+TD3,191,6086,57,4.712741658970486,0
GAIL+TD3,191,6086,58,11.541996640685191,0
GAIL+TD3,191,6086,59,6.246715585076713,0
GAIL+TD3,191,6086,60,4.243818442352769,0
GAIL+TD3,191,6086,61,7.610891295875032,0
GAIL+TD3,191,6086,62,3.4482757225456924,0
GAIL+TD3,191,6086,63,4.911457289467399,0
GAIL+TD3,191,6086,64,2.1326436568806972,0
GAIL+TD3,191,6086,65,6.84449978634503,0
GAIL+TD3,191,6086,66,2.791534099688152,0
GAIL+TD3,191,6086,67,3.7639110356847603,0
GAIL+TD3,191,6086,68,5.808402439204018,0
GAIL+TD3,191,6086,69,7.449462759199845,0
GAIL+TD3,191,6086,70,3.5796428233994804,0
GAIL+TD3,191,6086,71,9.914107961481838,0
GAIL+TD3,191,6086,72,3.2280041824618206,0
GAIL+TD3,191,6086,73,6.422795372252237,0
GAIL+TD3,191,6086,74,4.749697623083554,0
GAIL+TD3,191,6086,75,4.322053006039248,0
GAIL+TD3,191,6086,76,6.080647322881579,0
GAIL+TD3,191,6086,77,4.211532183483062,0
GAIL+TD3,191,6086,78,3.1764998187497806,0
GAIL+TD3,191,6086,79,4.92519111125934,0
GAIL+TD3,191,6086,80,9.762686993369645,0
GAIL+TD3,191,6086,81,2.527647382363204,0
GAIL+TD3,191,6086,82,8.21029790890862,0
GAIL+TD3,191,6086,83,3.6937696733279175,0
GAIL+TD3,191,6086,84,7.928203246132022,0
GAIL+TD3,191,6086,85,2.4830042342704526,0
GAIL+TD3,191,6086,86,9.114899382705945,0
GAIL+TD3,191,6086,87,3.649489450985911,0
GAIL+TD3,191,6086,88,9.6645264156749,0
GAIL+TD3,191,6086,89,4.689465278510193,0
GAIL+TD3,191,6086,90,2.9676766462991346,0
GAIL+TD3,191,6086,91,2.6050247980478693,0
GAIL+TD3,191,6086,92,5.960082219719231,0
GAIL+TD3,191,6086,93,2.8257107452029353,0
GAIL+TD3,191,6086,94,8.498027183642703,0
GAIL+TD3,191,6086,95,4.319913283308676,0
GAIL+TD3,191,6086,96,1.6923442293705464,0
GAIL+TD3,191,6086,97,2.948395926161681,0
GAIL+TD3,191,6086,98,2.7508549361606516,0
GAIL+TD3,191,6087,5,9.642843308154173,0
GAIL+TD3,191,6087,6,39.10293137908061,0
GAIL+TD3,191,6087,7,15.491197895588828,0
GAIL+TD3,191,6087,8,11.528727651449401,0
GAIL+TD3,191,6087,9,8.112001418188266,0
GAIL+TD3,191,6087,10,5.526491838373026,0
GAIL+TD3,191,6087,11,6.381062957609649,0
GAIL+TD3,191,6087,12,5.799502636029046,0
GAIL+TD3,191,6087,13,4.441796728500129,0
GAIL+TD3,191,6087,14,5.827306140744062,0
GAIL+TD3,191,6087,15,6.695040240286495,0
GAIL+TD3,191,6087,16,5.4438891673229755,0
GAIL+TD3,191,6087,17,6.050851519765408,0
GAIL+TD3,191,6087,18,6.020786915130647,0
GAIL+TD3,191,6087,19,5.220057867068747,0
GAIL+TD3,191,6087,20,5.540516047572498,0
GAIL+TD3,191,6087,21,6.056510771244314,0
GAIL+TD3,191,6087,22,5.359149855907781,0
GAIL+TD3,191,6087,23,5.362223949378616,0
GAIL+TD3,191,6087,24,5.376382781180501,0
GAIL+TD3,191,6087,25,5.11645639816997,0
GAIL+TD3,191,6087,26,5.448325601579355,0
GAIL+TD3,191,6087,27,5.694497354497354,0
GAIL+TD3,191,6087,28,5.499945478619831,0
GAIL+TD3,191,6087,29,5.508072817384674,0
GAIL+TD3,191,6087,30,5.582678785649863,0
GAIL+TD3,191,6087,31,5.364782568424953,0
GAIL+TD3,191,6087,32,5.6930874513973055,0
GAIL+TD3,191,6087,33,5.87236646468047,0
GAIL+TD3,191,6087,34,5.8826384265117495,0
GAIL+TD3,191,6087,35,5.872890774395923,0
GAIL+TD3,191,6087,36,5.95134135010733,0
GAIL+TD3,191,6087,37,5.854839754587095,0
GAIL+TD3,191,6087,38,5.8943959167206845,0
GAIL+TD3,191,6087,39,6.0450705417905874,0
GAIL+TD3,191,6087,40,5.989449454766607,0
GAIL+TD3,191,6087,41,5.635253193268972,0
GAIL+TD3,191,6087,42,6.102631290912269,0
GAIL+TD3,191,6087,43,6.57299068109879,0
GAIL+TD3,191,6087,44,5.594889772617051,0
GAIL+TD3,191,6087,45,4.800690534367365,0
GAIL+TD3,191,6087,46,6.170175415591696,0
GAIL+TD3,191,6087,47,3.9627419811423468,0
GAIL+TD3,191,6087,48,5.020143850917663,0
GAIL+TD3,191,6087,49,5.5566905070604244,0
GAIL+TD3,191,6087,50,13.413161213007134,0
GAIL+TD3,191,6087,51,4.405031973363228,0
GAIL+TD3,191,6087,52,2.6461745508567693,0
GAIL+TD3,191,6087,53,6.469808202669833,0
GAIL+TD3,191,6087,54,3.0552791265918255,0
GAIL+TD3,191,6087,55,7.834211172226761,0
GAIL+TD3,191,6087,56,11.951022003529772,0
GAIL+TD3,191,6087,57,10.170096138798037,0
GAIL+TD3,191,6087,58,8.428352766398056,0
GAIL+TD3,191,6087,59,3.2567560255270314,0
GAIL+TD3,191,6087,60,2.79477642568772,0
GAIL+TD3,191,6087,61,1.5248662509101267,0
GAIL+TD3,191,6087,62,2.3355175847454035,0
GAIL+TD3,191,6087,63,3.118506275860475,0
GAIL+TD3,191,6087,64,2.8360860067199685,0
GAIL+TD3,191,6087,65,2.31768065045327,0
GAIL+TD3,191,6087,66,15.444319563272702,0
GAIL+TD3,191,6087,67,3.2864595369148892,0
GAIL+TD3,191,6087,68,4.105755342091923,0
GAIL+TD3,191,6087,69,7.0483445218492715,0
GAIL+TD3,191,6087,70,9.765386326931635,0
GAIL+TD3,191,6087,71,5.764025859868999,0
GAIL+TD3,191,6087,72,6.560464437749805,0
GAIL+TD3,191,6087,73,4.038188079101106,0
GAIL+TD3,191,6087,74,3.544395551672778,0
GAIL+TD3,191,6087,75,3.2959213209657263,0
GAIL+TD3,191,6087,76,6.336132362699561,0
GAIL+TD3,191,6087,77,9.80577350035385,0
GAIL+TD3,191,6087,78,4.441973889115256,0
GAIL+TD3,191,6087,79,4.3114697534405195,0
GAIL+TD3,191,6087,80,2.0975235359340156,0
GAIL+TD3,191,6087,81,7.444934633811631,0
GAIL+TD3,191,6087,82,6.785846652768127,0
GAIL+TD3,191,6087,83,7.495441221903234,0
GAIL+TD3,191,6087,84,4.070068372483647,0
GAIL+TD3,191,6087,85,2.5227255371444524,0
GAIL+TD3,191,6087,86,4.0243588802527235,0
GAIL+TD3,191,6087,87,2.2834045745211755,0
GAIL+TD3,191,6087,88,4.0465432568537345,0
GAIL+TD3,191,6087,89,6.230538456293586,0
GAIL+TD3,191,6087,90,6.3437726087431745,0
GAIL+TD3,191,6087,91,7.037782308352521,0
GAIL+TD3,191,6087,92,5.756756241152882,0
GAIL+TD3,191,6087,93,3.740987348815833,0
GAIL+TD3,191,6087,94,2.9385373935518073,0
GAIL+TD3,191,6087,95,2.0282821914508102,0
GAIL+TD3,191,6087,96,3.3993186490455214,0
GAIL+TD3,191,6087,97,13.56163028572713,0
GAIL+TD3,191,6087,98,15.353419643462347,0
GAIL+TD3,191,6088,5,4.076598666143585,0
GAIL+TD3,191,6088,6,19.996301775147927,0
GAIL+TD3,191,6088,7,17.20271364925071,0
GAIL+TD3,191,6088,8,14.105516871987142,0
GAIL+TD3,191,6088,9,8.4324358488181,0
GAIL+TD3,191,6088,10,14.93193677102517,0
GAIL+TD3,191,6088,11,6.53715233238432,0
GAIL+TD3,191,6088,12,4.768831223451236,0
GAIL+TD3,191,6088,13,6.700965318073644,0
GAIL+TD3,191,6088,14,5.533301987079892,0
GAIL+TD3,191,6088,15,3.3855483582756314,0
GAIL+TD3,191,6088,16,8.30729125523343,0
GAIL+TD3,191,6088,17,6.303601793167413,0
GAIL+TD3,191,6088,18,5.3145351291723975,0
GAIL+TD3,191,6088,19,5.731677386594448,0
GAIL+TD3,191,6088,20,5.511142500409883,0
GAIL+TD3,191,6088,21,4.967357998957791,0
GAIL+TD3,191,6088,22,4.769419608482576,0
GAIL+TD3,191,6088,23,5.4127726150308195,0
GAIL+TD3,191,6088,24,4.990054213663748,0
GAIL+TD3,191,6088,25,5.4501480592236895,0
GAIL+TD3,191,6088,26,5.223566963691981,0
GAIL+TD3,191,6088,27,4.9868979041549215,0
GAIL+TD3,191,6088,28,4.868276211931944,0
GAIL+TD3,191,6088,29,5.418787616319097,0
GAIL+TD3,191,6088,30,5.279127595486154,0
GAIL+TD3,191,6088,31,5.5684425148798296,0
GAIL+TD3,191,6088,32,5.521227319663667,0
GAIL+TD3,191,6088,33,5.3837968716358375,0
GAIL+TD3,191,6088,34,5.1601743570838545,0
GAIL+TD3,191,6088,35,5.539682539682539,0
GAIL+TD3,191,6088,36,5.505865168204379,0
GAIL+TD3,191,6088,37,5.800743991381205,0
GAIL+TD3,191,6088,38,5.724765316742486,0
GAIL+TD3,191,6088,39,6.771780689092853,0
GAIL+TD3,191,6088,40,5.754360191677218,0
GAIL+TD3,191,6088,41,6.120818639418874,0
GAIL+TD3,191,6088,42,6.016261006547017,0
GAIL+TD3,191,6088,43,6.244651229327427,0
GAIL+TD3,191,6088,44,6.223329270643542,0
GAIL+TD3,191,6088,45,6.790392375613519,0
GAIL+TD3,191,6088,46,4.946534202664049,0
GAIL+TD3,191,6088,47,5.091960038597652,0
GAIL+TD3,191,6088,48,4.78359468391815,0
GAIL+TD3,191,6088,49,4.314881866114931,0
GAIL+TD3,191,6088,50,3.784693039494074,0
GAIL+TD3,191,6088,51,11.538545863757186,0
GAIL+TD3,191,6088,52,5.163905437801144,0
GAIL+TD3,191,6088,53,4.4041325792734245,0
GAIL+TD3,191,6088,54,5.466083996800327,0
GAIL+TD3,191,6088,55,5.185369688956417,0
GAIL+TD3,191,6088,56,5.348995356894041,0
GAIL+TD3,191,6088,57,4.464095526442375,0
GAIL+TD3,191,6088,58,2.69346483232567,0
GAIL+TD3,191,6088,59,10.515467360598935,0
GAIL+TD3,191,6088,60,5.57503840382739,0
GAIL+TD3,191,6088,61,10.693870622828122,0
GAIL+TD3,191,6088,62,2.24027825377213,0
GAIL+TD3,191,6088,63,12.694588261757923,0
GAIL+TD3,191,6088,64,8.454145396326497,0
GAIL+TD3,191,6088,65,3.6055764807741575,0
GAIL+TD3,191,6088,66,10.769951963351687,0
GAIL+TD3,191,6088,67,13.758525034033728,0
GAIL+TD3,191,6088,68,3.7544638281298046,0
GAIL+TD3,191,6088,69,2.114477266272052,0
GAIL+TD3,191,6088,70,1.863827586991244,0
GAIL+TD3,191,6088,71,4.902841909153603,0
GAIL+TD3,191,6088,72,8.421867548728146,0
GAIL+TD3,191,6088,73,24.520759723387002,0
GAIL+TD3,191,6088,74,7.176076303976287,0
GAIL+TD3,191,6088,75,3.0824420188916317,0
GAIL+TD3,191,6088,76,5.003927710244363,0
GAIL+TD3,191,6088,77,6.432230113030161,0
GAIL+TD3,191,6088,78,2.709089744888769,0
GAIL+TD3,191,6088,79,2.8381160582902916,0
GAIL+TD3,191,6088,80,12.790379250217958,0
GAIL+TD3,191,6088,81,2.419657720918756,0
GAIL+TD3,191,6088,82,4.688030157572754,0
GAIL+TD3,191,6088,83,8.217967958489957,0
GAIL+TD3,191,6088,84,3.5722440505890454,0
GAIL+TD3,191,6088,85,7.160538346169506,0
GAIL+TD3,191,6088,86,6.02668579814975,0
GAIL+TD3,191,6088,87,2.842232449570858,0
GAIL+TD3,191,6088,88,3.0722230438767397,0
GAIL+TD3,191,6088,89,1.499708494733195,0
GAIL+TD3,191,6088,90,1.1573642161152682,0
GAIL+TD3,191,6088,91,0.30919506334325064,1
GAIL+TD3,191,6089,5,7.845886106545489,0
GAIL+TD3,191,6089,6,23.743537666174298,0
GAIL+TD3,191,6089,7,22.44621995434403,0
GAIL+TD3,191,6089,8,11.926541584375684,0
GAIL+TD3,191,6089,9,7.401037445290971,0
GAIL+TD3,191,6089,10,8.087487642988279,0
GAIL+TD3,191,6089,11,3.9845100153381225,0
GAIL+TD3,191,6089,12,5.5044457263342155,0
GAIL+TD3,191,6089,13,4.14901616400011,0
GAIL+TD3,191,6089,14,7.244736486181868,0
GAIL+TD3,191,6089,15,8.079210597458772,0
GAIL+TD3,191,6089,16,5.559827322802641,0
GAIL+TD3,191,6089,17,4.762783981304909,0
GAIL+TD3,191,6089,18,5.613940632135561,0
GAIL+TD3,191,6089,19,5.137405843887096,0
GAIL+TD3,191,6089,20,6.381973317907372,0
GAIL+TD3,191,6089,21,6.631294533432139,0
GAIL+TD3,191,6089,22,5.31997651302269,0
GAIL+TD3,191,6089,23,4.516330048765437,0
GAIL+TD3,191,6089,24,5.228099740081689,0
GAIL+TD3,191,6089,25,4.822372942665943,0
GAIL+TD3,191,6089,26,5.636485723739272,0
GAIL+TD3,191,6089,27,5.805498676674633,0
GAIL+TD3,191,6089,28,5.793006891386605,0
GAIL+TD3,191,6089,29,4.962515187552861,0
GAIL+TD3,191,6089,30,5.4646714710355315,0
GAIL+TD3,191,6089,31,5.2745295036472,0
GAIL+TD3,191,6089,32,5.798097050428163,0
GAIL+TD3,191,6089,33,5.974677401644252,0
GAIL+TD3,191,6089,34,5.684113418283916,0
GAIL+TD3,191,6089,35,5.531717853929295,0
GAIL+TD3,191,6089,36,5.834935169603878,0
GAIL+TD3,191,6089,37,5.522018039896741,0
GAIL+TD3,191,6089,38,5.816271263583092,0
GAIL+TD3,191,6089,39,5.922445251625261,0
GAIL+TD3,191,6089,40,5.462500823940413,0
GAIL+TD3,191,6089,41,5.515723525887716,0
GAIL+TD3,191,6089,42,6.469320786033516,0
GAIL+TD3,191,6089,43,6.069915490319257,0
GAIL+TD3,191,6089,44,5.257135817287839,0
GAIL+TD3,191,6089,45,7.761769345940893,0
GAIL+TD3,191,6089,46,5.0288618140989065,0
GAIL+TD3,191,6089,47,5.185266459269852,0
GAIL+TD3,191,6089,48,4.484125400287742,0
GAIL+TD3,191,6089,49,6.195137229461706,0
GAIL+TD3,191,6089,50,2.515090736885823,0
GAIL+TD3,191,6089,51,5.6404835375829006,0
GAIL+TD3,191,6089,52,6.998724093505717,0
GAIL+TD3,191,6089,53,7.702669096102233,0
GAIL+TD3,191,6089,54,4.128310636408602,0
GAIL+TD3,191,6089,55,8.128678904246422,0
GAIL+TD3,191,6089,56,7.670579270886707,0
GAIL+TD3,191,6089,57,4.48939330561792,0
GAIL+TD3,191,6089,58,3.208695899602453,0
GAIL+TD3,191,6089,59,4.4332651245941435,0
GAIL+TD3,191,6089,60,12.540415309306946,0
GAIL+TD3,191,6089,61,11.758359689462875,0
GAIL+TD3,191,6089,62,5.536760700461257,0
GAIL+TD3,191,6089,63,6.5067702481957435,0
GAIL+TD3,191,6089,64,3.7534713044019097,0
GAIL+TD3,191,6089,65,4.660273267376061,0
GAIL+TD3,191,6089,66,3.76828553547155,0
GAIL+TD3,191,6089,67,4.316260119212703,0
GAIL+TD3,191,6089,68,3.3520372795193714,0
GAIL+TD3,191,6089,69,2.5481332349158223,0
GAIL+TD3,191,6089,70,5.12489054026913,0
GAIL+TD3,191,6089,71,2.6787606443732,0
GAIL+TD3,191,6089,72,2.522393025300252,0
GAIL+TD3,191,6089,73,5.595425296201457,0
GAIL+TD3,191,6089,74,3.9519471809897464,0
GAIL+TD3,191,6089,75,5.903685471142066,0
GAIL+TD3,191,6089,76,2.6175497109770056,0
GAIL+TD3,191,6089,77,6.264963746260755,0
GAIL+TD3,191,6089,78,3.9336437042016246,0
GAIL+TD3,191,6089,79,6.268228656581135,0
GAIL+TD3,191,6089,80,3.9864921463984113,0
GAIL+TD3,191,6089,81,8.501148238994553,0
GAIL+TD3,191,6089,82,5.396007126797976,0
GAIL+TD3,191,6089,83,6.2669464889596185,0
GAIL+TD3,191,6089,84,4.187884906527813,0
GAIL+TD3,191,6089,85,2.7263947783082934,0
GAIL+TD3,191,6089,86,4.73272885841453,0
GAIL+TD3,191,6089,87,2.1121522363289156,0
GAIL+TD3,191,6089,88,3.827557968058737,0
GAIL+TD3,191,6089,89,2.9939261851524153,0
GAIL+TD3,191,6089,90,7.736279144969392,0
GAIL+TD3,191,6089,91,7.032754095623228,0
GAIL+TD3,191,6089,92,3.991523183476376,0
GAIL+TD3,191,6089,93,6.585563069237565,0
GAIL+TD3,191,6089,94,2.8351274984580375,0
GAIL+TD3,191,6089,95,4.510452670870375,0
GAIL+TD3,191,6089,96,1.9267312376516204,0
GAIL+TD3,191,6089,97,2.653697966292064,0
GAIL+TD3,191,6089,98,1.387269622751404,0
GAIL+TD3,191,6092,5,4.3775120086266055,0
GAIL+TD3,191,6092,6,6.765496066014201,0
GAIL+TD3,191,6092,7,5.0288048151332765,0
GAIL+TD3,191,6092,8,4.297193431931991,0
GAIL+TD3,191,6092,9,4.839323265150067,0
GAIL+TD3,191,6092,10,5.577975577460644,0
GAIL+TD3,191,6092,11,7.835531928857385,0
GAIL+TD3,191,6092,12,12.212252576476363,0
GAIL+TD3,191,6092,13,13.1111852642819,0
GAIL+TD3,191,6092,14,7.870958941481382,0
GAIL+TD3,191,6092,15,6.445261458840409,0
GAIL+TD3,191,6092,16,4.868619289169012,0
GAIL+TD3,191,6092,17,6.322651387928479,0
GAIL+TD3,191,6092,18,5.383997806249144,0
GAIL+TD3,191,6092,19,6.293573907465583,0
GAIL+TD3,191,6092,20,6.3835633241337,0
GAIL+TD3,191,6092,21,5.558235461203117,0
GAIL+TD3,191,6092,22,5.455076582978052,0
GAIL+TD3,191,6092,23,5.732355338223309,0
GAIL+TD3,191,6092,24,5.614169778251924,0
GAIL+TD3,191,6092,25,5.864339356424377,0
GAIL+TD3,191,6092,26,5.865056709894373,0
GAIL+TD3,191,6092,27,5.2837936882041845,0
GAIL+TD3,191,6092,28,5.3104796169556625,0
GAIL+TD3,191,6092,29,5.355712447001817,0
GAIL+TD3,191,6092,30,5.5378770074422246,0
GAIL+TD3,191,6092,31,5.567757614499926,0
GAIL+TD3,191,6092,32,5.6572377164797,0
GAIL+TD3,191,6092,33,5.4073004577313695,0
GAIL+TD3,191,6092,34,5.526707217658494,0
GAIL+TD3,191,6092,35,5.622225316485073,0
GAIL+TD3,191,6092,36,5.639851022883711,0
GAIL+TD3,191,6092,37,5.802200695131744,0
GAIL+TD3,191,6092,38,5.904451853910039,0
GAIL+TD3,191,6092,39,5.615849740186356,0
GAIL+TD3,191,6092,40,5.768485632087693,0
GAIL+TD3,191,6092,41,5.71099134753055,0
GAIL+TD3,191,6092,42,5.8269543278391245,0
GAIL+TD3,191,6092,43,5.9480455744147935,0
GAIL+TD3,191,6092,44,6.933433842749764,0
GAIL+TD3,191,6092,45,6.104956721077543,0
GAIL+TD3,191,6092,46,6.645487101006429,0
GAIL+TD3,191,6092,47,6.300755254865723,0
GAIL+TD3,191,6092,48,5.279749612543526,0
GAIL+TD3,191,6092,49,4.742141859878466,0
GAIL+TD3,191,6092,50,4.143176095214212,0
GAIL+TD3,191,6092,51,3.676577456493091,0
GAIL+TD3,191,6092,52,3.9428748591310168,0
GAIL+TD3,191,6092,53,13.960665824314672,0
GAIL+TD3,191,6092,54,6.930315512532444,0
GAIL+TD3,191,6092,55,6.488377092927457,0
GAIL+TD3,191,6092,56,4.718039210237456,0
GAIL+TD3,191,6092,57,2.436561569893558,0
GAIL+TD3,191,6092,58,2.0790619856213675,0
GAIL+TD3,191,6092,59,5.04608909054005,0
GAIL+TD3,191,6092,60,28.66592738172356,0
GAIL+TD3,191,6092,61,9.942657131633919,0
GAIL+TD3,191,6092,62,6.663090153361043,0
GAIL+TD3,191,6092,63,5.683932943025669,0
GAIL+TD3,191,6092,64,3.741322128084216,0
GAIL+TD3,191,6092,65,6.074512728261241,0
GAIL+TD3,191,6092,66,2.9040764524990528,0
GAIL+TD3,191,6092,67,3.074742721968449,0
GAIL+TD3,191,6092,68,16.993884132102746,0
GAIL+TD3,191,6092,69,10.143720162963334,0
GAIL+TD3,191,6092,70,2.8061453989726077,0
GAIL+TD3,191,6092,71,8.622778139287979,0
GAIL+TD3,191,6092,72,3.5910444707341123,0
GAIL+TD3,191,6092,73,3.1858617938103935,0
GAIL+TD3,191,6092,74,7.582589871160123,0
GAIL+TD3,191,6092,75,32.07959887182702,0
GAIL+TD3,191,6092,76,3.194771903963058,0
GAIL+TD3,191,6092,77,4.415427417722291,0
GAIL+TD3,191,6092,78,6.102381457875681,0
GAIL+TD3,191,6092,79,4.684444997076018,0
GAIL+TD3,191,6092,80,10.34186267442582,0
GAIL+TD3,191,6092,81,2.546991491299771,0
GAIL+TD3,191,6092,82,2.1317717169393564,0
GAIL+TD3,191,6092,83,6.311920266035807,0
GAIL+TD3,191,6092,84,2.5857344175860137,0
GAIL+TD3,191,6092,85,4.883514223969715,0
GAIL+TD3,191,6092,86,11.444674342734153,0
GAIL+TD3,191,6092,87,11.309389173746256,0
GAIL+TD3,191,6092,88,3.5961622101528725,0
GAIL+TD3,191,6092,89,3.5959720216920914,0
GAIL+TD3,191,6092,90,5.346604863038653,0
GAIL+TD3,191,6092,91,2.7810661217212154,0
GAIL+TD3,191,6092,92,4.45014048102027,0
GAIL+TD3,191,6092,93,20.751203289980758,0
GAIL+TD3,191,6092,94,2.271817417677106,0
GAIL+TD3,191,6092,95,4.7297895369500695,0
GAIL+TD3,191,6092,96,4.278243586780679,0
GAIL+TD3,191,6092,97,3.822335326275857,0
GAIL+TD3,191,6092,98,5.0744603367287695,0
GAIL+TD3,191,6093,5,6.616322152886115,0
GAIL+TD3,191,6093,6,26.034662045060653,0
GAIL+TD3,191,6093,7,26.902841247764748,0
GAIL+TD3,191,6093,8,12.724178259263818,0
GAIL+TD3,191,6093,9,11.322591961511476,0
GAIL+TD3,191,6093,10,7.135676066522053,0
GAIL+TD3,191,6093,11,8.767907244025285,0
GAIL+TD3,191,6093,12,3.8318298880334933,0
GAIL+TD3,191,6093,13,3.513113586713819,0
GAIL+TD3,191,6093,14,7.536456916800593,0
GAIL+TD3,191,6093,15,6.8296412748320705,0
GAIL+TD3,191,6093,16,7.041508677264109,0
GAIL+TD3,191,6093,17,7.155661493728236,0
GAIL+TD3,191,6093,18,4.627424297407363,0
GAIL+TD3,191,6093,19,4.192386866869637,0
GAIL+TD3,191,6093,20,6.555564176170894,0
GAIL+TD3,191,6093,21,5.690633279650892,0
GAIL+TD3,191,6093,22,5.4504060298393195,0
GAIL+TD3,191,6093,23,5.768691319496776,0
GAIL+TD3,191,6093,24,4.716697252568886,0
GAIL+TD3,191,6093,25,4.497095115533215,0
GAIL+TD3,191,6093,26,5.649106161648567,0
GAIL+TD3,191,6093,27,5.526698852911282,0
GAIL+TD3,191,6093,28,5.1499182718154515,0
GAIL+TD3,191,6093,29,5.102949890506247,0
GAIL+TD3,191,6093,30,4.444831156518593,0
GAIL+TD3,191,6093,31,4.934589910861014,0
GAIL+TD3,191,6093,32,5.332075986002156,0
GAIL+TD3,191,6093,33,6.3112057494972635,0
GAIL+TD3,191,6093,34,6.708163092106061,0
GAIL+TD3,191,6093,35,6.569535273831066,0
GAIL+TD3,191,6093,36,5.544640238025394,0
GAIL+TD3,191,6093,37,5.609293875176837,0
GAIL+TD3,191,6093,38,6.1561405183523465,0
GAIL+TD3,191,6093,39,5.923589289713977,0
GAIL+TD3,191,6093,40,6.0434865421473045,0
GAIL+TD3,191,6093,41,6.4080416112161425,0
GAIL+TD3,191,6093,42,5.481265892881581,0
GAIL+TD3,191,6093,43,5.140748195353287,0
GAIL+TD3,191,6093,44,6.9048269311696275,0
GAIL+TD3,191,6093,45,5.704685683514425,0
GAIL+TD3,191,6093,46,4.767314588115742,0
GAIL+TD3,191,6093,47,5.518155073563056,0
GAIL+TD3,191,6093,48,4.786950785273733,0
GAIL+TD3,191,6093,49,2.249313662407697,0
GAIL+TD3,191,6093,50,1.8470935103165298,0
GAIL+TD3,191,6093,51,9.512790795547987,0
GAIL+TD3,191,6093,52,3.8306433759737697,0
GAIL+TD3,191,6093,53,27.40723368004796,0
GAIL+TD3,191,6093,54,5.970140959892973,0
GAIL+TD3,191,6093,55,9.801795907685765,0
GAIL+TD3,191,6093,56,7.595678847101783,0
GAIL+TD3,191,6093,57,3.4890889865986634,0
GAIL+TD3,191,6093,58,5.578998374067669,0
GAIL+TD3,191,6093,59,4.479819911563713,0
GAIL+TD3,191,6093,60,6.594381677479516,0
GAIL+TD3,191,6093,61,5.04404417537481,0
GAIL+TD3,191,6093,62,5.09160391200544,0
GAIL+TD3,191,6093,63,3.3792558277805114,0
GAIL+TD3,191,6093,64,6.417930794442672,0
GAIL+TD3,191,6093,65,3.2773809507513167,0
GAIL+TD3,191,6093,66,4.4850948097891825,0
GAIL+TD3,191,6093,67,28.80456421319202,0
GAIL+TD3,191,6093,68,5.59176401120316,0
GAIL+TD3,191,6093,69,5.824789904902528,0
GAIL+TD3,191,6093,70,3.78477036197951,0
GAIL+TD3,191,6093,71,5.843406110122945,0
GAIL+TD3,191,6093,72,2.699273778843984,0
GAIL+TD3,191,6093,73,2.5517856560096606,0
GAIL+TD3,191,6093,74,2.3166761383615047,0
GAIL+TD3,191,6093,75,3.288390089865247,0
GAIL+TD3,191,6093,76,2.596255983926093,0
GAIL+TD3,191,6093,77,2.7882077062574275,0
GAIL+TD3,191,6093,78,3.055118344010909,0
GAIL+TD3,191,6093,79,3.8175245868678958,0
GAIL+TD3,191,6093,80,3.733641443242265,0
GAIL+TD3,191,6093,81,4.500278320029377,0
GAIL+TD3,191,6093,82,4.704278797671544,0
GAIL+TD3,191,6093,83,5.380904830620789,0
GAIL+TD3,191,6093,84,4.353024937907984,0
GAIL+TD3,191,6093,85,9.70846120226325,0
GAIL+TD3,191,6093,86,3.566444290812871,0
GAIL+TD3,191,6093,87,5.65047452208448,0
GAIL+TD3,191,6093,88,5.181277795689845,0
GAIL+TD3,191,6093,89,2.74369202251895,0
GAIL+TD3,191,6093,90,2.8994026231265684,0
GAIL+TD3,191,6093,91,10.288580016358035,0
GAIL+TD3,191,6093,92,6.08314840591827,0
GAIL+TD3,191,6093,93,3.390795421592208,0
GAIL+TD3,191,6093,94,4.679950154362453,0
GAIL+TD3,191,6093,95,1.7418179408614587,0
GAIL+TD3,191,6093,96,0.9089532340745665,1
GAIL+TD3,191,6094,5,10.434060629465145,0
GAIL+TD3,191,6094,6,30.319992788894897,0
GAIL+TD3,191,6094,7,14.645065357216962,0
GAIL+TD3,191,6094,8,18.45169842584921,0
GAIL+TD3,191,6094,9,6.951174973806316,0
GAIL+TD3,191,6094,10,5.147400103788272,0
GAIL+TD3,191,6094,11,3.316052155468214,0
GAIL+TD3,191,6094,12,4.568976039056979,0
GAIL+TD3,191,6094,13,6.8874355568563,0
GAIL+TD3,191,6094,14,8.2977348663522,0
GAIL+TD3,191,6094,15,5.555712187958884,0
GAIL+TD3,191,6094,16,5.125374343364917,0
GAIL+TD3,191,6094,17,4.138406046654945,0
GAIL+TD3,191,6094,18,5.112315207884463,0
GAIL+TD3,191,6094,19,6.161971830985915,0
GAIL+TD3,191,6094,20,6.488940795118696,0
GAIL+TD3,191,6094,21,5.404178333757591,0
GAIL+TD3,191,6094,22,4.916617133799704,0
GAIL+TD3,191,6094,23,4.528246358438333,0
GAIL+TD3,191,6094,24,4.931055772792757,0
GAIL+TD3,191,6094,25,5.668476194922206,0
GAIL+TD3,191,6094,26,5.922433358551021,0
GAIL+TD3,191,6094,27,5.255074804532846,0
GAIL+TD3,191,6094,28,5.194205267682248,0
GAIL+TD3,191,6094,29,4.921471588579148,0
GAIL+TD3,191,6094,30,5.381861689208828,0
GAIL+TD3,191,6094,31,5.75652850186417,0
GAIL+TD3,191,6094,32,6.506329012256438,0
GAIL+TD3,191,6094,33,5.754683219232505,0
GAIL+TD3,191,6094,34,5.744503862150921,0
GAIL+TD3,191,6094,35,5.473508735260681,0
GAIL+TD3,191,6094,36,5.709548454698578,0
GAIL+TD3,191,6094,37,5.957956477865192,0
GAIL+TD3,191,6094,38,6.0945397450013346,0
GAIL+TD3,191,6094,39,5.995185448322457,0
GAIL+TD3,191,6094,40,6.448781381361899,0
GAIL+TD3,191,6094,41,6.533489866749625,0
GAIL+TD3,191,6094,42,6.266804038368096,0
GAIL+TD3,191,6094,43,5.94760919151812,0
GAIL+TD3,191,6094,44,4.675521697742411,0
GAIL+TD3,191,6094,45,3.567220843377786,0
GAIL+TD3,191,6094,46,2.734056442813538,0
GAIL+TD3,191,6094,47,2.0180336516119626,0
GAIL+TD3,191,6094,48,1.8231682512143412,0
GAIL+TD3,191,6094,49,4.826033062872929,0
GAIL+TD3,191,6094,50,6.521358102183486,0
GAIL+TD3,191,6094,51,6.372467263852897,0
GAIL+TD3,191,6094,52,7.480345661053263,0
GAIL+TD3,191,6094,53,9.179257134080112,0
GAIL+TD3,191,6094,54,6.3036401038920715,0
GAIL+TD3,191,6094,55,9.942096204755574,0
GAIL+TD3,191,6094,56,4.276727340904006,0
GAIL+TD3,191,6094,57,3.0354727934037364,0
GAIL+TD3,191,6094,58,5.122330740408495,0
GAIL+TD3,191,6094,59,5.1006341902355175,0
GAIL+TD3,191,6094,60,4.280677523848581,0
GAIL+TD3,191,6094,61,7.190501634521729,0
GAIL+TD3,191,6094,62,7.915852889547864,0
GAIL+TD3,191,6094,63,4.084905616469341,0
GAIL+TD3,191,6094,64,1.916205612038286,0
GAIL+TD3,191,6094,65,8.510562853702115,0
GAIL+TD3,191,6094,66,4.455830098346048,0
GAIL+TD3,191,6094,67,1.948307365756043,0
GAIL+TD3,191,6094,68,8.331377764705131,0
GAIL+TD3,191,6094,69,10.483425235626937,0
GAIL+TD3,191,6094,70,7.386626526458615,0
GAIL+TD3,191,6094,71,7.932578333057592,0
GAIL+TD3,191,6094,72,3.5048442808701235,0
GAIL+TD3,191,6094,73,2.9361972076834295,0
GAIL+TD3,191,6094,74,4.322307301495137,0
GAIL+TD3,191,6094,75,3.26700976961264,0
GAIL+TD3,191,6094,76,1.7123628715966577,0
GAIL+TD3,191,6094,77,4.877030473053128,0
GAIL+TD3,191,6094,78,6.561324937297147,0
GAIL+TD3,191,6094,79,5.076059230045589,0
GAIL+TD3,191,6094,80,6.981316474992123,0
GAIL+TD3,191,6094,81,6.331781526206863,0
GAIL+TD3,191,6094,82,7.45194083773794,0
GAIL+TD3,191,6094,83,3.6839456724555464,0
GAIL+TD3,191,6094,84,2.673566856400614,0
GAIL+TD3,191,6094,85,1.9205647472541092,0
GAIL+TD3,191,6094,86,4.159413558577534,0
GAIL+TD3,191,6094,87,6.806221420222693,0
GAIL+TD3,191,6094,88,3.979037281960112,0
GAIL+TD3,191,6094,89,4.559488772906765,0
GAIL+TD3,191,6094,90,7.246675270558663,0
GAIL+TD3,191,6094,91,4.160111318453524,0
GAIL+TD3,191,6094,92,6.965551351485026,0
GAIL+TD3,191,6094,93,3.0686264912502157,0
GAIL+TD3,191,6094,94,4.891589756464387,0
GAIL+TD3,191,6094,95,2.51543409966711,0
GAIL+TD3,191,6094,96,16.647560282908238,0
GAIL+TD3,191,6094,97,4.696133485119022,0
GAIL+TD3,191,6094,98,2.762283743077155,0
GAIL+TD3,191,6095,5,10.679276000766135,0
GAIL+TD3,191,6095,6,24.477088948787063,0
GAIL+TD3,191,6095,7,14.470105838648626,0
GAIL+TD3,191,6095,8,10.115988153648942,0
GAIL+TD3,191,6095,9,6.064737666010201,0
GAIL+TD3,191,6095,10,7.220609415153485,0
GAIL+TD3,191,6095,11,6.1155979930596995,0
GAIL+TD3,191,6095,12,3.185907981462964,0
GAIL+TD3,191,6095,13,6.36608039706143,0
GAIL+TD3,191,6095,14,6.76426167775018,0
GAIL+TD3,191,6095,15,5.356817473624857,0
GAIL+TD3,191,6095,16,6.079381729552957,0
GAIL+TD3,191,6095,17,6.349098230732982,0
GAIL+TD3,191,6095,18,4.052303415086211,0
GAIL+TD3,191,6095,19,6.368737378594094,0
GAIL+TD3,191,6095,20,5.977102321673562,0
GAIL+TD3,191,6095,21,5.219401742027275,0
GAIL+TD3,191,6095,22,5.594219081633524,0
GAIL+TD3,191,6095,23,5.596906073922512,0
GAIL+TD3,191,6095,24,4.405271197267199,0
GAIL+TD3,191,6095,25,5.641612972438769,0
GAIL+TD3,191,6095,26,5.7691535528256725,0
GAIL+TD3,191,6095,27,5.406838020827849,0
GAIL+TD3,191,6095,28,5.647579267708957,0
GAIL+TD3,191,6095,29,5.563644109662301,0
GAIL+TD3,191,6095,30,4.9610594710007545,0
GAIL+TD3,191,6095,31,5.621456347337323,0
GAIL+TD3,191,6095,32,5.818871797103341,0
GAIL+TD3,191,6095,33,5.616079267527906,0
GAIL+TD3,191,6095,34,5.841559259046299,0
GAIL+TD3,191,6095,35,5.806812305390211,0
GAIL+TD3,191,6095,36,5.948106906502696,0
GAIL+TD3,191,6095,37,5.9694015253392525,0
GAIL+TD3,191,6095,38,6.075150630304748,0
GAIL+TD3,191,6095,39,6.018481566598318,0
GAIL+TD3,191,6095,40,6.185380575600209,0
GAIL+TD3,191,6095,41,5.687132401595446,0
GAIL+TD3,191,6095,42,6.677997347257433,0
GAIL+TD3,191,6095,43,5.246861953984195,0
GAIL+TD3,191,6095,44,5.036741794903099,0
GAIL+TD3,191,6095,45,5.0406949451932155,0
GAIL+TD3,191,6095,46,6.6947012778705695,0
GAIL+TD3,191,6095,47,3.016049246365523,0
GAIL+TD3,191,6095,48,9.105324620531006,0
GAIL+TD3,191,6095,49,5.036760698571806,0
GAIL+TD3,191,6095,50,3.6346760685315647,0
GAIL+TD3,191,6095,51,4.968967537228902,0
GAIL+TD3,191,6095,52,19.064393745456034,0
GAIL+TD3,191,6095,53,3.4356055613041847,0
GAIL+TD3,191,6095,54,4.895025434179063,0
GAIL+TD3,191,6095,55,4.764418043750723,0
GAIL+TD3,191,6095,56,5.160165913292355,0
GAIL+TD3,191,6095,57,5.519277500568966,0
GAIL+TD3,191,6095,58,6.453608372682165,0
GAIL+TD3,191,6095,59,8.629849148232415,0
GAIL+TD3,191,6095,60,2.3770736995595296,0
GAIL+TD3,191,6095,61,5.786161845087321,0
GAIL+TD3,191,6095,62,4.24737523319534,0
GAIL+TD3,191,6095,63,7.9966320558933965,0
GAIL+TD3,191,6095,64,5.005808262574662,0
GAIL+TD3,191,6095,65,14.643043823701598,0
GAIL+TD3,191,6095,66,3.091720834379243,0
GAIL+TD3,191,6095,67,2.954287218220792,0
GAIL+TD3,191,6095,68,3.502263368947978,0
GAIL+TD3,191,6095,69,6.880202169625247,0
GAIL+TD3,191,6095,70,11.630636764786688,0
GAIL+TD3,191,6095,71,9.905665004496036,0
GAIL+TD3,191,6095,72,4.1520387449242495,0
GAIL+TD3,191,6095,73,5.397700611992561,0
GAIL+TD3,191,6095,74,3.2277916344542663,0
GAIL+TD3,191,6095,75,3.1473557054706025,0
GAIL+TD3,191,6095,76,2.9354912291438335,0
GAIL+TD3,191,6095,77,3.9638494494210956,0
GAIL+TD3,191,6095,78,9.290360760942047,0
GAIL+TD3,191,6095,79,13.586574527347537,0
GAIL+TD3,191,6095,80,6.102425938885001,0
GAIL+TD3,191,6095,81,3.747982518753956,0
GAIL+TD3,191,6095,82,2.4864559904396493,0
GAIL+TD3,191,6095,83,12.861432915499282,0
GAIL+TD3,191,6095,84,2.460140341121119,0
GAIL+TD3,191,6095,85,2.9177663519620496,0
GAIL+TD3,191,6095,86,3.953866081591241,0
GAIL+TD3,191,6095,87,6.869823784304285,0
GAIL+TD3,191,6095,88,2.973043815934244,0
GAIL+TD3,191,6095,89,11.26212646469383,0
GAIL+TD3,191,6095,90,3.9518937561870837,0
GAIL+TD3,191,6095,91,4.457666409360965,0
GAIL+TD3,191,6095,92,2.714350726283183,0
GAIL+TD3,191,6095,93,4.520246415020184,0
GAIL+TD3,191,6095,94,2.0257384764683546,0
GAIL+TD3,191,6095,95,3.6559760536185886,0
GAIL+TD3,191,6095,96,7.420400638554543,0
GAIL+TD3,191,6095,97,6.1843373618321245,0
GAIL+TD3,191,6095,98,3.410179432204275,0
GAIL+TD3,191,6096,5,5.431764705882353,0
GAIL+TD3,191,6096,6,19.750179468772433,0
GAIL+TD3,191,6096,7,6.876916569736703,0
GAIL+TD3,191,6096,8,11.678970259786059,0
GAIL+TD3,191,6096,9,11.843665035345296,0
GAIL+TD3,191,6096,10,7.757554119061937,0
GAIL+TD3,191,6096,11,10.437986954158362,0
GAIL+TD3,191,6096,12,10.564927670701362,0
GAIL+TD3,191,6096,13,4.953627992633518,0
GAIL+TD3,191,6096,14,6.307091823233661,0
GAIL+TD3,191,6096,15,3.492981310231817,0
GAIL+TD3,191,6096,16,6.753018901818327,0
GAIL+TD3,191,6096,17,8.636204915134371,0
GAIL+TD3,191,6096,18,7.414290755116444,0
GAIL+TD3,191,6096,19,5.4751964813613085,0
GAIL+TD3,191,6096,20,5.948361705154347,0
GAIL+TD3,191,6096,21,4.13460049883891,0
GAIL+TD3,191,6096,22,5.862065000365876,0
GAIL+TD3,191,6096,23,6.1394276021141705,0
GAIL+TD3,191,6096,24,5.828115566289022,0
GAIL+TD3,191,6096,25,4.886241598805165,0
GAIL+TD3,191,6096,26,5.132834529945783,0
GAIL+TD3,191,6096,27,4.256183400910045,0
GAIL+TD3,191,6096,28,5.36797243048045,0
GAIL+TD3,191,6096,29,5.51847426417534,0
GAIL+TD3,191,6096,30,6.183534053408995,0
GAIL+TD3,191,6096,31,5.666750356914292,0
GAIL+TD3,191,6096,32,5.19797851021369,0
GAIL+TD3,191,6096,33,4.793542637594319,0
GAIL+TD3,191,6096,34,5.4797266564538845,0
GAIL+TD3,191,6096,35,6.323145287825141,0
GAIL+TD3,191,6096,36,5.719315577454677,0
GAIL+TD3,191,6096,37,6.625763910704627,0
GAIL+TD3,191,6096,38,5.93657759391771,0
GAIL+TD3,191,6096,39,5.621339457239386,0
GAIL+TD3,191,6096,40,6.132184801627536,0
GAIL+TD3,191,6096,41,6.129338717962774,0
GAIL+TD3,191,6096,42,6.248371036868836,0
GAIL+TD3,191,6096,43,6.031050373165478,0
GAIL+TD3,191,6096,44,6.068181959217108,0
GAIL+TD3,191,6096,45,5.032276950630937,0
GAIL+TD3,191,6096,46,4.945681851453359,0
GAIL+TD3,191,6096,47,4.1859383873635885,0
GAIL+TD3,191,6096,48,4.053388148533258,0
GAIL+TD3,191,6096,49,3.696034551586635,0
GAIL+TD3,191,6096,50,8.515075998033627,0
GAIL+TD3,191,6096,51,5.808681311935602,0
GAIL+TD3,191,6096,52,4.3316926684260855,0
GAIL+TD3,191,6096,53,6.791839702516604,0
GAIL+TD3,191,6096,54,5.132058429986134,0
GAIL+TD3,191,6096,55,7.062978753308815,0
GAIL+TD3,191,6096,56,4.4524739655016745,0
GAIL+TD3,191,6096,57,6.396132768855412,0
GAIL+TD3,191,6096,58,1.8856176413690333,0
GAIL+TD3,191,6096,59,2.3338973147133433,0
GAIL+TD3,191,6096,60,2.596668785008054,0
GAIL+TD3,191,6096,61,3.7594034260243094,0
GAIL+TD3,191,6096,62,3.4883637335376565,0
GAIL+TD3,191,6096,63,11.87820979055462,0
GAIL+TD3,191,6096,64,3.758211042337841,0
GAIL+TD3,191,6096,65,3.738475057455725,0
GAIL+TD3,191,6096,66,7.290746422919157,0
GAIL+TD3,191,6096,67,7.174202711026228,0
GAIL+TD3,191,6096,68,4.938993295453536,0
GAIL+TD3,191,6096,69,6.372947995684593,0
GAIL+TD3,191,6096,70,6.753269754540327,0
GAIL+TD3,191,6096,71,6.736466259250749,0
GAIL+TD3,191,6096,72,3.675608527630779,0
GAIL+TD3,191,6096,73,2.7035876773710834,0
GAIL+TD3,191,6096,74,6.1643284835584815,0
GAIL+TD3,191,6096,75,6.2007459599419175,0
GAIL+TD3,191,6096,76,6.0614578881574,0
GAIL+TD3,191,6096,77,2.6208633270442743,0
GAIL+TD3,191,6096,78,3.1085316614928886,0
GAIL+TD3,191,6096,79,4.063372106593092,0
GAIL+TD3,191,6096,80,4.590737924806924,0
GAIL+TD3,191,6096,81,5.63271634022122,0
GAIL+TD3,191,6096,82,6.029874605579378,0
GAIL+TD3,191,6096,83,5.658225545621354,0
GAIL+TD3,191,6096,84,4.058143689320389,0
GAIL+TD3,191,6096,85,6.930891013904555,0
GAIL+TD3,191,6096,86,3.3811806204570956,0
GAIL+TD3,191,6096,87,5.621517958991957,0
GAIL+TD3,191,6096,88,4.1771598715759914,0
GAIL+TD3,191,6096,89,2.58997566394654,0
GAIL+TD3,191,6096,90,2.836673039898427,0
GAIL+TD3,191,6096,91,6.550199404950306,0
GAIL+TD3,191,6096,92,1.9642761850127406,0
GAIL+TD3,191,6096,93,4.511950452194754,0
GAIL+TD3,191,6096,94,3.865202830443472,0
GAIL+TD3,191,6096,95,2.518602272603629,0
GAIL+TD3,191,6096,96,4.756343166441136,0
GAIL+TD3,191,6096,97,3.0035887027242483,0
GAIL+TD3,191,6096,98,3.5972388317521067,0
GAIL+TD3,191,6098,5,3.407141451898486,0
GAIL+TD3,191,6098,6,14.527591349738998,0
GAIL+TD3,191,6098,7,11.493668258252024,0
GAIL+TD3,191,6098,8,7.94188984335523,0
GAIL+TD3,191,6098,9,8.032092004381159,0
GAIL+TD3,191,6098,10,10.171826754568976,0
GAIL+TD3,191,6098,11,8.270070214025887,0
GAIL+TD3,191,6098,12,6.498525251309217,0
GAIL+TD3,191,6098,13,10.461111850570123,0
GAIL+TD3,191,6098,14,9.12704757146426,0
GAIL+TD3,191,6098,15,4.347842633556919,0
GAIL+TD3,191,6098,16,3.327111768580906,0
GAIL+TD3,191,6098,17,6.1946228726574395,0
GAIL+TD3,191,6098,18,6.365590846118324,0
GAIL+TD3,191,6098,19,6.598706988497448,0
GAIL+TD3,191,6098,20,6.903666165175392,0
GAIL+TD3,191,6098,21,5.332534361575248,0
GAIL+TD3,191,6098,22,6.516191435234259,0
GAIL+TD3,191,6098,23,3.7713898237691525,0
GAIL+TD3,191,6098,24,5.3782505462904275,0
GAIL+TD3,191,6098,25,5.244869878371952,0
GAIL+TD3,191,6098,26,5.781323322383856,0
GAIL+TD3,191,6098,27,4.861216643611874,0
GAIL+TD3,191,6098,28,5.847966078472377,0
GAIL+TD3,191,6098,29,4.391776042446232,0
GAIL+TD3,191,6098,30,5.463205285622406,0
GAIL+TD3,191,6098,31,5.298685556464812,0
GAIL+TD3,191,6098,32,5.589556689090955,0
GAIL+TD3,191,6098,33,5.063274547674367,0
GAIL+TD3,191,6098,34,6.751471820866926,0
GAIL+TD3,191,6098,35,5.129276285054526,0
GAIL+TD3,191,6098,36,5.6194499017681725,0
GAIL+TD3,191,6098,37,5.82327614224825,0
GAIL+TD3,191,6098,38,6.063820463681406,0
GAIL+TD3,191,6098,39,5.7690705148562635,0
GAIL+TD3,191,6098,40,6.1933864681996,0
GAIL+TD3,191,6098,41,5.769760856813702,0
GAIL+TD3,191,6098,42,6.066180768595075,0
GAIL+TD3,191,6098,43,5.984384915964408,0
GAIL+TD3,191,6098,44,5.855953700283216,0
GAIL+TD3,191,6098,45,5.341866632313527,0
GAIL+TD3,191,6098,46,5.279654280996981,0
GAIL+TD3,191,6098,47,4.371450817407535,0
GAIL+TD3,191,6098,48,4.814107493988569,0
GAIL+TD3,191,6098,49,5.853554035250464,0
GAIL+TD3,191,6098,50,5.799990250263548,0
GAIL+TD3,191,6098,51,4.397959037832121,0
GAIL+TD3,191,6098,52,7.388325907930669,0
GAIL+TD3,191,6098,53,4.4677835887407715,0
GAIL+TD3,191,6098,54,3.0347812308257183,0
GAIL+TD3,191,6098,55,7.937351492321066,0
GAIL+TD3,191,6098,56,19.55340917003203,0
GAIL+TD3,191,6098,57,4.938880510663501,0
GAIL+TD3,191,6098,58,5.718867042161578,0
GAIL+TD3,191,6098,59,2.9408733187480633,0
GAIL+TD3,191,6098,60,3.865127743341939,0
GAIL+TD3,191,6098,61,3.014852715444777,0
GAIL+TD3,191,6098,62,13.112166870663295,0
GAIL+TD3,191,6098,63,7.197676177945893,0
GAIL+TD3,191,6098,64,4.2499467589789415,0
GAIL+TD3,191,6098,65,4.801573253597071,0
GAIL+TD3,191,6098,66,4.065185232864337,0
GAIL+TD3,191,6098,67,5.741433411592695,0
GAIL+TD3,191,6098,68,3.2117378371508742,0
GAIL+TD3,191,6098,69,11.52001525436656,0
GAIL+TD3,191,6098,70,9.07991820567587,0
GAIL+TD3,191,6098,71,5.188511945208366,0
GAIL+TD3,191,6098,72,3.0486932369620945,0
GAIL+TD3,191,6098,73,2.0648182472729486,0
GAIL+TD3,191,6098,74,9.147234810733558,0
GAIL+TD3,191,6098,75,4.417663411708329,0
GAIL+TD3,191,6098,76,7.7623346504433135,0
GAIL+TD3,191,6098,77,3.2350356466827352,0
GAIL+TD3,191,6098,78,3.9772534261628336,0
GAIL+TD3,191,6098,79,5.414463896596966,0
GAIL+TD3,191,6098,80,4.398809433945173,0
GAIL+TD3,191,6098,81,3.100026267144222,0
GAIL+TD3,191,6098,82,3.8326717379338393,0
GAIL+TD3,191,6098,83,8.728498677868572,0
GAIL+TD3,191,6098,84,4.922828028754771,0
GAIL+TD3,191,6098,85,7.5551561246620516,0
GAIL+TD3,191,6098,86,3.104727016217314,0
GAIL+TD3,191,6098,87,7.254573264326552,0
GAIL+TD3,191,6098,88,6.3732669307066745,0
GAIL+TD3,191,6098,89,6.592109135515661,0
GAIL+TD3,191,6098,90,2.490865554873274,0
GAIL+TD3,191,6098,91,3.1259120191949203,0
GAIL+TD3,191,6098,92,3.159749092744358,0
GAIL+TD3,191,6098,93,1.5995456542447133,0
GAIL+TD3,191,6098,94,2.0049210739716288,0
GAIL+TD3,191,6098,95,3.535056552783741,0
GAIL+TD3,191,6098,96,2.131019313073751,0
GAIL+TD3,191,6098,97,16.062900525373827,0
GAIL+TD3,191,6098,98,1.3535031285429364,0
GAIL+TD3,191,6099,5,10.089835430784124,0
GAIL+TD3,191,6099,6,29.65339876408579,0
GAIL+TD3,191,6099,7,26.571616294349543,0
GAIL+TD3,191,6099,8,12.663348618722736,0
GAIL+TD3,191,6099,9,8.216209666251212,0
GAIL+TD3,191,6099,10,5.329529895025104,0
GAIL+TD3,191,6099,11,3.4171297111105523,0
GAIL+TD3,191,6099,12,4.794669983121614,0
GAIL+TD3,191,6099,13,6.674525432616674,0
GAIL+TD3,191,6099,14,7.540133523038195,0
GAIL+TD3,191,6099,15,6.08230640251347,0
GAIL+TD3,191,6099,16,5.213817600335544,0
GAIL+TD3,191,6099,17,5.104962752874442,0
GAIL+TD3,191,6099,18,4.38200886703178,0
GAIL+TD3,191,6099,19,6.9103633153329636,0
GAIL+TD3,191,6099,20,6.608815865827711,0
GAIL+TD3,191,6099,21,5.788698544001341,0
GAIL+TD3,191,6099,22,5.210108154397538,0
GAIL+TD3,191,6099,23,5.667634621029999,0
GAIL+TD3,191,6099,24,4.354073091344505,0
GAIL+TD3,191,6099,25,5.640889403029243,0
GAIL+TD3,191,6099,26,5.5758936807751285,0
GAIL+TD3,191,6099,27,5.087394408354212,0
GAIL+TD3,191,6099,28,4.98076819453221,0
GAIL+TD3,191,6099,29,5.251618474198786,0
GAIL+TD3,191,6099,30,4.566223616294173,0
GAIL+TD3,191,6099,31,6.3213786260984595,0
GAIL+TD3,191,6099,32,6.824888229896073,0
GAIL+TD3,191,6099,33,5.747528154355252,0
GAIL+TD3,191,6099,34,5.671043198377776,0
GAIL+TD3,191,6099,35,5.936266972305282,0
GAIL+TD3,191,6099,36,5.566330131205625,0
GAIL+TD3,191,6099,37,5.962615404985736,0
GAIL+TD3,191,6099,38,6.089414423972499,0
GAIL+TD3,191,6099,39,6.006666855453027,0
GAIL+TD3,191,6099,40,5.974128033207969,0
GAIL+TD3,191,6099,41,6.160606888775446,0
GAIL+TD3,191,6099,42,6.0284780107118525,0
GAIL+TD3,191,6099,43,5.601627287688212,0
GAIL+TD3,191,6099,44,6.260871116999329,0
GAIL+TD3,191,6099,45,5.028195966413889,0
GAIL+TD3,191,6099,46,4.420549068348338,0
GAIL+TD3,191,6099,47,4.682728913903416,0
GAIL+TD3,191,6099,48,5.563555586989864,0
GAIL+TD3,191,6099,49,3.3114598699645477,0
GAIL+TD3,191,6099,50,13.819275030092074,0
GAIL+TD3,191,6099,51,5.296609062925417,0
GAIL+TD3,191,6099,52,8.65775185840924,0
GAIL+TD3,191,6099,53,2.917353096312411,0
GAIL+TD3,191,6099,54,5.119519927481198,0
GAIL+TD3,191,6099,55,8.323879708082265,0
GAIL+TD3,191,6099,56,6.757903595065467,0
GAIL+TD3,191,6099,57,5.7961683306168625,0
GAIL+TD3,191,6099,58,8.764745207133767,0
GAIL+TD3,191,6099,59,3.799981210594441,0
GAIL+TD3,191,6099,60,2.673526356902886,0
GAIL+TD3,191,6099,61,3.2825233746724236,0
GAIL+TD3,191,6099,62,5.4092395730666265,0
GAIL+TD3,191,6099,63,11.042504797782357,0
GAIL+TD3,191,6099,64,3.692971412138054,0
GAIL+TD3,191,6099,65,6.087126882589417,0
GAIL+TD3,191,6099,66,7.767477980426246,0
GAIL+TD3,191,6099,67,3.4332713684801512,0
GAIL+TD3,191,6099,68,2.72262073850398,0
GAIL+TD3,191,6099,69,7.42866754250616,0
GAIL+TD3,191,6099,70,5.974092973613069,0
GAIL+TD3,191,6099,71,3.5707765334901507,0
GAIL+TD3,191,6099,72,4.3817771060677,0
GAIL+TD3,191,6099,73,11.117208680892212,0
GAIL+TD3,191,6099,74,3.790982993571843,0
GAIL+TD3,191,6099,75,5.227756693508792,0
GAIL+TD3,191,6099,76,4.0147437388830935,0
GAIL+TD3,191,6099,77,3.258478423299656,0
GAIL+TD3,191,6099,78,4.197291168551796,0
GAIL+TD3,191,6099,79,5.6314177881308485,0
GAIL+TD3,191,6099,80,4.014241375664228,0
GAIL+TD3,191,6099,81,5.0191477288733095,0
GAIL+TD3,191,6099,82,7.232396487547322,0
GAIL+TD3,191,6099,83,3.03678769366193,0
GAIL+TD3,191,6099,84,3.533050459288623,0
GAIL+TD3,191,6099,85,18.94229993640157,0
GAIL+TD3,191,6099,86,6.43295452908381,0
GAIL+TD3,191,6099,87,2.83744739191083,0
GAIL+TD3,191,6099,88,3.8155794098395206,0
GAIL+TD3,191,6099,89,6.022152242920919,0
GAIL+TD3,191,6099,90,2.179406040570748,0
GAIL+TD3,191,6099,91,3.869368275765863,0
GAIL+TD3,191,6099,92,3.0450498992319464,0
GAIL+TD3,191,6099,93,4.847934517573214,0
GAIL+TD3,191,6099,94,1.0387057745735537,0
GAIL+TD3,191,6099,95,0.6825198185423846,1
