group,run,seed,step,naulc
TD3,run-20260621_202812-6ig7ywjq5ma7q4r3n4d2k,184,1,0.0
TD3,run-20260621_202812-6ig7ywjq5ma7q4r3n4d2k,184,2,0.0011550847457627118
TD3,run-20260621_202812-6ig7ywjq5ma7q4r3n4d2k,184,3,0.002294915254237288
TD3,run-20260621_202812-6ig7ywjq5ma7q4r3n4d2k,184,4,0.0034508474576271184
TD3,run-20260621_202812-6ig7ywjq5ma7q4r3n4d2k,184,5,0.004600847457627118
TD3,run-20260621_202812-6ig7ywjq5ma7q4r3n4d2k,184,6,0.005737288135593221
TD3,run-20260621_202812-6ig7ywjq5ma7q4r3n4d2k,184,7,0.007213559322033898
TD3,run-20260621_202812-6ig7ywjq5ma7q4r3n4d2k,184,8,0.009254237288135594
TD3,run-20260621_202812-6ig7ywjq5ma7q4r3n4d2k,184,9,0.011352542372881356
TD3,run-20260621_202812-6ig7ywjq5ma7q4r3n4d2k,184,10,0.013226271186440677
TD3,run-20260621_202812-6ig7ywjq5ma7q4r3n4d2k,184,11,0.015166101694915253
TD3,run-20260621_202812-6ig7ywjq5ma7q4r3n4d2k,184,12,0.017175423728813557
TD3,run-20260621_202812-6ig7ywjq5ma7q4r3n4d2k,184,13,0.01913728813559322
TD3,run-20260621_202812-6ig7ywjq5ma7q4r3n4d2k,184,14,0.02117372881355932
TD3,run-20260621_202812-6ig7ywjq5ma7q4r3n4d2k,184,15,0.023296610169491524
TD3,run-20260621_202812-6ig7ywjq5ma7q4r3n4d2k,184,16,0.0254135593220339
TD3,run-20260621_202812-6ig7ywjq5ma7q4r3n4d2k,184,17,0.027616949152542373
TD3,run-20260621_202812-6ig7ywjq5ma7q4r3n4d2k,184,18,0.029994915254237288
TD3,run-20260621_202812-6ig7ywjq5ma7q4r3n4d2k,184,19,0.03267542372881356
TD3,run-20260621_202812-6ig7ywjq5ma7q4r3n4d2k,184,20,0.035616101694915255
TD3,run-20260621_202812-6ig7ywjq5ma7q4r3n4d2k,184,21,0.03902457627118644
TD3,run-20260621_202812-6ig7ywjq5ma7q4r3n4d2k,184,22,0.04266779661016949
TD3,run-20260621_202812-6ig7ywjq5ma7q4r3n4d2k,184,23,0.04619322033898306
TD3,run-20260621_202812-6ig7ywjq5ma7q4r3n4d2k,184,24,0.0501406779661017
TD3,run-20260621_202812-6ig7ywjq5ma7q4r3n4d2k,184,25,0.05445677966101695
TD3,run-20260621_202812-6ig7ywjq5ma7q4r3n4d2k,184,26,0.05890338983050848
TD3,run-20260621_202812-6ig7ywjq5ma7q4r3n4d2k,184,27,0.06375762711864406
TD3,run-20260621_202812-6ig7ywjq5ma7q4r3n4d2k,184,28,0.06927118644067798
TD3,run-20260621_202812-6ig7ywjq5ma7q4r3n4d2k,184,29,0.07545762711864408
TD3,run-20260621_202812-6ig7ywjq5ma7q4r3n4d2k,184,30,0.08232796610169492
TD3,run-20260621_202812-6ig7ywjq5ma7q4r3n4d2k,184,31,0.09032118644067796
TD3,run-20260621_202812-6ig7ywjq5ma7q4r3n4d2k,184,32,0.10004237288135594
TD3,run-20260621_202812-6ig7ywjq5ma7q4r3n4d2k,184,33,0.11128135593220338
TD3,run-20260621_202812-6ig7ywjq5ma7q4r3n4d2k,184,34,0.12328898305084746
TD3,run-20260621_202812-6ig7ywjq5ma7q4r3n4d2k,184,35,0.13694830508474576
TD3,run-20260621_202812-6ig7ywjq5ma7q4r3n4d2k,184,36,0.1520491525423729
TD3,run-20260621_202812-6ig7ywjq5ma7q4r3n4d2k,184,37,0.1673457627118644
TD3,run-20260621_202812-6ig7ywjq5ma7q4r3n4d2k,184,38,0.18196949152542374
TD3,run-20260621_202812-6ig7ywjq5ma7q4r3n4d2k,184,39,0.19498813559322034
TD3,run-20260621_202812-6ig7ywjq5ma7q4r3n4d2k,184,40,0.20787457627118644
TD3,run-20260621_202812-6ig7ywjq5ma7q4r3n4d2k,184,41,0.22138898305084745
TD3,run-20260621_202812-6ig7ywjq5ma7q4r3n4d2k,184,42,0.23433474576271182
TD3,run-20260621_202812-6ig7ywjq5ma7q4r3n4d2k,184,43,0.24681779661016948
TD3,run-20260621_202812-6ig7ywjq5ma7q4r3n4d2k,184,44,0.2592279661016949
TD3,run-20260621_202812-6ig7ywjq5ma7q4r3n4d2k,184,45,0.2715974576271186
TD3,run-20260621_202812-6ig7ywjq5ma7q4r3n4d2k,184,46,0.2842822033898305
TD3,run-20260621_202812-6ig7ywjq5ma7q4r3n4d2k,184,47,0.29712627118644064
TD3,run-20260621_202812-6ig7ywjq5ma7q4r3n4d2k,184,48,0.30985254237288135
TD3,run-20260621_202812-6ig7ywjq5ma7q4r3n4d2k,184,49,0.3229915254237288
TD3,run-20260621_202812-6ig7ywjq5ma7q4r3n4d2k,184,50,0.3363177966101695
TD3,run-20260621_202812-6ig7ywjq5ma7q4r3n4d2k,184,51,0.3495067796610169
TD3,run-20260621_202812-6ig7ywjq5ma7q4r3n4d2k,184,52,0.3625728813559322
TD3,run-20260621_202812-6ig7ywjq5ma7q4r3n4d2k,184,53,0.3753915254237288
TD3,run-20260621_202812-6ig7ywjq5ma7q4r3n4d2k,184,54,0.3886406779661017
TD3,run-20260621_202812-6ig7ywjq5ma7q4r3n4d2k,184,55,0.40157881355932207
TD3,run-20260621_202812-6ig7ywjq5ma7q4r3n4d2k,184,56,0.4134838983050848
TD3,run-20260621_202812-6ig7ywjq5ma7q4r3n4d2k,184,57,0.4257635593220339
TD3,run-20260621_202812-6ig7ywjq5ma7q4r3n4d2k,184,58,0.4389228813559322
TD3,run-20260621_202812-6ig7ywjq5ma7q4r3n4d2k,184,59,0.45176016949152537
TD3,run-20260621_202812-6ig7ywjq5ma7q4r3n4d2k,184,60,0.46384661016949147
TD3,run-20260621_221653-3oxu02lub6ic88gg2tlyv,291,1,0.0
TD3,run-20260621_221653-3oxu02lub6ic88gg2tlyv,291,2,0.0012161016949152543
TD3,run-20260621_221653-3oxu02lub6ic88gg2tlyv,291,3,0.0024542372881355932
TD3,run-20260621_221653-3oxu02lub6ic88gg2tlyv,291,4,0.003673728813559322
TD3,run-20260621_221653-3oxu02lub6ic88gg2tlyv,291,5,0.004860169491525424
TD3,run-20260621_221653-3oxu02lub6ic88gg2tlyv,291,6,0.006002542372881356
TD3,run-20260621_221653-3oxu02lub6ic88gg2tlyv,291,7,0.007301694915254237
TD3,run-20260621_221653-3oxu02lub6ic88gg2tlyv,291,8,0.008972033898305086
TD3,run-20260621_221653-3oxu02lub6ic88gg2tlyv,291,9,0.010800847457627119
TD3,run-20260621_221653-3oxu02lub6ic88gg2tlyv,291,10,0.012572033898305085
TD3,run-20260621_221653-3oxu02lub6ic88gg2tlyv,291,11,0.01446271186440678
TD3,run-20260621_221653-3oxu02lub6ic88gg2tlyv,291,12,0.016593220338983052
TD3,run-20260621_221653-3oxu02lub6ic88gg2tlyv,291,13,0.018734745762711866
TD3,run-20260621_221653-3oxu02lub6ic88gg2tlyv,291,14,0.020857627118644067
TD3,run-20260621_221653-3oxu02lub6ic88gg2tlyv,291,15,0.023125423728813557
TD3,run-20260621_221653-3oxu02lub6ic88gg2tlyv,291,16,0.025472033898305085
TD3,run-20260621_221653-3oxu02lub6ic88gg2tlyv,291,17,0.028283898305084747
TD3,run-20260621_221653-3oxu02lub6ic88gg2tlyv,291,18,0.03130508474576271
TD3,run-20260621_221653-3oxu02lub6ic88gg2tlyv,291,19,0.034183050847457624
TD3,run-20260621_221653-3oxu02lub6ic88gg2tlyv,291,20,0.037170338983050846
TD3,run-20260621_221653-3oxu02lub6ic88gg2tlyv,291,21,0.04006440677966101
TD3,run-20260621_221653-3oxu02lub6ic88gg2tlyv,291,22,0.043027118644067795
TD3,run-20260621_221653-3oxu02lub6ic88gg2tlyv,291,23,0.046109322033898295
TD3,run-20260621_221653-3oxu02lub6ic88gg2tlyv,291,24,0.04930169491525423
TD3,run-20260621_221653-3oxu02lub6ic88gg2tlyv,291,25,0.052733898305084737
TD3,run-20260621_221653-3oxu02lub6ic88gg2tlyv,291,26,0.05650084745762711
TD3,run-20260621_221653-3oxu02lub6ic88gg2tlyv,291,27,0.06085677966101694
TD3,run-20260621_221653-3oxu02lub6ic88gg2tlyv,291,28,0.06647118644067795
TD3,run-20260621_221653-3oxu02lub6ic88gg2tlyv,291,29,0.07323559322033897
TD3,run-20260621_221653-3oxu02lub6ic88gg2tlyv,291,30,0.08021694915254236
TD3,run-20260621_221653-3oxu02lub6ic88gg2tlyv,291,31,0.08719322033898304
TD3,run-20260621_221653-3oxu02lub6ic88gg2tlyv,291,32,0.09382881355932202
TD3,run-20260621_221653-3oxu02lub6ic88gg2tlyv,291,33,0.10065677966101692
TD3,run-20260621_221653-3oxu02lub6ic88gg2tlyv,291,34,0.10833135593220336
TD3,run-20260621_221653-3oxu02lub6ic88gg2tlyv,291,35,0.11636525423728811
TD3,run-20260621_221653-3oxu02lub6ic88gg2tlyv,291,36,0.12562711864406775
TD3,run-20260621_221653-3oxu02lub6ic88gg2tlyv,291,37,0.1362152542372881
TD3,run-20260621_221653-3oxu02lub6ic88gg2tlyv,291,38,0.14813305084745762
TD3,run-20260621_221653-3oxu02lub6ic88gg2tlyv,291,39,0.15934745762711863
TD3,run-20260621_221653-3oxu02lub6ic88gg2tlyv,291,40,0.16972033898305083
TD3,run-20260621_221653-3oxu02lub6ic88gg2tlyv,291,41,0.18149067796610166
TD3,run-20260621_221653-3oxu02lub6ic88gg2tlyv,291,42,0.19422542372881355
TD3,run-20260621_221653-3oxu02lub6ic88gg2tlyv,291,43,0.20733474576271185
TD3,run-20260621_221653-3oxu02lub6ic88gg2tlyv,291,44,0.2205593220338983
TD3,run-20260621_221653-3oxu02lub6ic88gg2tlyv,291,45,0.23396525423728814
TD3,run-20260621_221653-3oxu02lub6ic88gg2tlyv,291,46,0.24731440677966102
TD3,run-20260621_221653-3oxu02lub6ic88gg2tlyv,291,47,0.26092118644067797
TD3,run-20260621_221653-3oxu02lub6ic88gg2tlyv,291,48,0.2741932203389831
TD3,run-20260621_221653-3oxu02lub6ic88gg2tlyv,291,49,0.2875262711864407
TD3,run-20260621_221653-3oxu02lub6ic88gg2tlyv,291,50,0.3011305084745763
TD3,run-20260621_221653-3oxu02lub6ic88gg2tlyv,291,51,0.31466610169491527
TD3,run-20260621_221653-3oxu02lub6ic88gg2tlyv,291,52,0.3281483050847458
TD3,run-20260621_221653-3oxu02lub6ic88gg2tlyv,291,53,0.3413305084745763
TD3,run-20260621_221653-3oxu02lub6ic88gg2tlyv,291,54,0.3542313559322034
TD3,run-20260621_221653-3oxu02lub6ic88gg2tlyv,291,55,0.3671542372881356
TD3,run-20260621_221653-3oxu02lub6ic88gg2tlyv,291,56,0.3805305084745763
TD3,run-20260621_221653-3oxu02lub6ic88gg2tlyv,291,57,0.3941762711864407
TD3,run-20260621_221653-3oxu02lub6ic88gg2tlyv,291,58,0.40765254237288145
TD3,run-20260621_221653-3oxu02lub6ic88gg2tlyv,291,59,0.42108474576271193
TD3,run-20260621_221653-3oxu02lub6ic88gg2tlyv,291,60,0.4345720338983051
TD3,run-20260621_235606-cxmnv919c5vgxd18ag5m2,83,1,0.0
TD3,run-20260621_235606-cxmnv919c5vgxd18ag5m2,83,2,0.0012220338983050848
TD3,run-20260621_235606-cxmnv919c5vgxd18ag5m2,83,3,0.002460169491525424
TD3,run-20260621_235606-cxmnv919c5vgxd18ag5m2,83,4,0.003705932203389831
TD3,run-20260621_235606-cxmnv919c5vgxd18ag5m2,83,5,0.0049610169491525425
TD3,run-20260621_235606-cxmnv919c5vgxd18ag5m2,83,6,0.006167796610169492
TD3,run-20260621_235606-cxmnv919c5vgxd18ag5m2,83,7,0.007775423728813559
TD3,run-20260621_235606-cxmnv919c5vgxd18ag5m2,83,8,0.009831355932203389
TD3,run-20260621_235606-cxmnv919c5vgxd18ag5m2,83,9,0.011882203389830507
TD3,run-20260621_235606-cxmnv919c5vgxd18ag5m2,83,10,0.013926271186440676
TD3,run-20260621_235606-cxmnv919c5vgxd18ag5m2,83,11,0.01595
TD3,run-20260621_235606-cxmnv919c5vgxd18ag5m2,83,12,0.01794322033898305
TD3,run-20260621_235606-cxmnv919c5vgxd18ag5m2,83,13,0.01992542372881356
TD3,run-20260621_235606-cxmnv919c5vgxd18ag5m2,83,14,0.02200593220338983
TD3,run-20260621_235606-cxmnv919c5vgxd18ag5m2,83,15,0.0241135593220339
TD3,run-20260621_235606-cxmnv919c5vgxd18ag5m2,83,16,0.026150000000000003
TD3,run-20260621_235606-cxmnv919c5vgxd18ag5m2,83,17,0.02842457627118644
TD3,run-20260621_235606-cxmnv919c5vgxd18ag5m2,83,18,0.030926271186440677
TD3,run-20260621_235606-cxmnv919c5vgxd18ag5m2,83,19,0.03353220338983051
TD3,run-20260621_235606-cxmnv919c5vgxd18ag5m2,83,20,0.03624576271186441
TD3,run-20260621_235606-cxmnv919c5vgxd18ag5m2,83,21,0.03893305084745762
TD3,run-20260621_235606-cxmnv919c5vgxd18ag5m2,83,22,0.041566949152542366
TD3,run-20260621_235606-cxmnv919c5vgxd18ag5m2,83,23,0.04431440677966102
TD3,run-20260621_235606-cxmnv919c5vgxd18ag5m2,83,24,0.04717457627118644
TD3,run-20260621_235606-cxmnv919c5vgxd18ag5m2,83,25,0.050024576271186436
TD3,run-20260621_235606-cxmnv919c5vgxd18ag5m2,83,26,0.0530364406779661
TD3,run-20260621_235606-cxmnv919c5vgxd18ag5m2,83,27,0.05627118644067795
TD3,run-20260621_235606-cxmnv919c5vgxd18ag5m2,83,28,0.05980932203389829
TD3,run-20260621_235606-cxmnv919c5vgxd18ag5m2,83,29,0.06380593220338981
TD3,run-20260621_235606-cxmnv919c5vgxd18ag5m2,83,30,0.06826186440677966
TD3,run-20260621_235606-cxmnv919c5vgxd18ag5m2,83,31,0.07300762711864406
TD3,run-20260621_235606-cxmnv919c5vgxd18ag5m2,83,32,0.07813050847457627
TD3,run-20260621_235606-cxmnv919c5vgxd18ag5m2,83,33,0.08386016949152542
TD3,run-20260621_235606-cxmnv919c5vgxd18ag5m2,83,34,0.08994661016949151
TD3,run-20260621_235606-cxmnv919c5vgxd18ag5m2,83,35,0.09607118644067796
TD3,run-20260621_235606-cxmnv919c5vgxd18ag5m2,83,36,0.10255762711864405
TD3,run-20260621_235606-cxmnv919c5vgxd18ag5m2,83,37,0.10925169491525423
TD3,run-20260621_235606-cxmnv919c5vgxd18ag5m2,83,38,0.11604152542372881
TD3,run-20260621_235606-cxmnv919c5vgxd18ag5m2,83,39,0.12310423728813559
TD3,run-20260621_235606-cxmnv919c5vgxd18ag5m2,83,40,0.1310737288135593
TD3,run-20260621_235606-cxmnv919c5vgxd18ag5m2,83,41,0.14053559322033898
TD3,run-20260621_235606-cxmnv919c5vgxd18ag5m2,83,42,0.1511542372881356
TD3,run-20260621_235606-cxmnv919c5vgxd18ag5m2,83,43,0.16309491525423728
TD3,run-20260621_235606-cxmnv919c5vgxd18ag5m2,83,44,0.17607881355932203
TD3,run-20260621_235606-cxmnv919c5vgxd18ag5m2,83,45,0.18925677966101695
TD3,run-20260621_235606-cxmnv919c5vgxd18ag5m2,83,46,0.20223220338983053
TD3,run-20260621_235606-cxmnv919c5vgxd18ag5m2,83,47,0.2153322033898305
TD3,run-20260621_235606-cxmnv919c5vgxd18ag5m2,83,48,0.22846271186440678
TD3,run-20260621_235606-cxmnv919c5vgxd18ag5m2,83,49,0.24156949152542373
TD3,run-20260621_235606-cxmnv919c5vgxd18ag5m2,83,50,0.2549084745762712
TD3,run-20260621_235606-cxmnv919c5vgxd18ag5m2,83,51,0.2681686440677966
TD3,run-20260621_235606-cxmnv919c5vgxd18ag5m2,83,52,0.28113898305084745
TD3,run-20260621_235606-cxmnv919c5vgxd18ag5m2,83,53,0.294121186440678
TD3,run-20260621_235606-cxmnv919c5vgxd18ag5m2,83,54,0.3070237288135593
TD3,run-20260621_235606-cxmnv919c5vgxd18ag5m2,83,55,0.3196271186440678
TD3,run-20260621_235606-cxmnv919c5vgxd18ag5m2,83,56,0.3324542372881356
TD3,run-20260621_235606-cxmnv919c5vgxd18ag5m2,83,57,0.34551186440677967
TD3,run-20260621_235606-cxmnv919c5vgxd18ag5m2,83,58,0.35855847457627116
TD3,run-20260621_235606-cxmnv919c5vgxd18ag5m2,83,59,0.3714415254237288
TD3,run-20260621_235606-cxmnv919c5vgxd18ag5m2,83,60,0.3841915254237288
TD3,run-20260622_012518-o3wa23ld5k0anno4nhwb9,739,1,0.0
TD3,run-20260622_012518-o3wa23ld5k0anno4nhwb9,739,2,0.001238135593220339
TD3,run-20260622_012518-o3wa23ld5k0anno4nhwb9,739,3,0.0024983050847457626
TD3,run-20260622_012518-o3wa23ld5k0anno4nhwb9,739,4,0.0037864406779661015
TD3,run-20260622_012518-o3wa23ld5k0anno4nhwb9,739,5,0.005062711864406779
TD3,run-20260622_012518-o3wa23ld5k0anno4nhwb9,739,6,0.006320338983050847
TD3,run-20260622_012518-o3wa23ld5k0anno4nhwb9,739,7,0.007896610169491527
TD3,run-20260622_012518-o3wa23ld5k0anno4nhwb9,739,8,0.00986864406779661
TD3,run-20260622_012518-o3wa23ld5k0anno4nhwb9,739,9,0.011842372881355933
TD3,run-20260622_012518-o3wa23ld5k0anno4nhwb9,739,10,0.013680508474576272
TD3,run-20260622_012518-o3wa23ld5k0anno4nhwb9,739,11,0.015438983050847458
TD3,run-20260622_012518-o3wa23ld5k0anno4nhwb9,739,12,0.017282203389830508
TD3,run-20260622_012518-o3wa23ld5k0anno4nhwb9,739,13,0.019215254237288135
TD3,run-20260622_012518-o3wa23ld5k0anno4nhwb9,739,14,0.021105084745762715
TD3,run-20260622_012518-o3wa23ld5k0anno4nhwb9,739,15,0.02295847457627119
TD3,run-20260622_012518-o3wa23ld5k0anno4nhwb9,739,16,0.02478389830508475
TD3,run-20260622_012518-o3wa23ld5k0anno4nhwb9,739,17,0.026696610169491528
TD3,run-20260622_012518-o3wa23ld5k0anno4nhwb9,739,18,0.028741525423728816
TD3,run-20260622_012518-o3wa23ld5k0anno4nhwb9,739,19,0.030694067796610176
TD3,run-20260622_012518-o3wa23ld5k0anno4nhwb9,739,20,0.03255932203389831
TD3,run-20260622_012518-o3wa23ld5k0anno4nhwb9,739,21,0.03457796610169492
TD3,run-20260622_012518-o3wa23ld5k0anno4nhwb9,739,22,0.03693389830508475
TD3,run-20260622_012518-o3wa23ld5k0anno4nhwb9,739,23,0.039544067796610176
TD3,run-20260622_012518-o3wa23ld5k0anno4nhwb9,739,24,0.04226694915254238
TD3,run-20260622_012518-o3wa23ld5k0anno4nhwb9,739,25,0.04494915254237289
TD3,run-20260622_012518-o3wa23ld5k0anno4nhwb9,739,26,0.048009322033898315
TD3,run-20260622_012518-o3wa23ld5k0anno4nhwb9,739,27,0.05172457627118645
TD3,run-20260622_012518-o3wa23ld5k0anno4nhwb9,739,28,0.055823728813559334
TD3,run-20260622_012518-o3wa23ld5k0anno4nhwb9,739,29,0.06057796610169493
TD3,run-20260622_012518-o3wa23ld5k0anno4nhwb9,739,30,0.06650762711864408
TD3,run-20260622_012518-o3wa23ld5k0anno4nhwb9,739,31,0.0737262711864407
TD3,run-20260622_012518-o3wa23ld5k0anno4nhwb9,739,32,0.07959322033898307
TD3,run-20260622_012518-o3wa23ld5k0anno4nhwb9,739,33,0.08416016949152545
TD3,run-20260622_012518-o3wa23ld5k0anno4nhwb9,739,34,0.09152118644067798
TD3,run-20260622_012518-o3wa23ld5k0anno4nhwb9,739,35,0.10021355932203392
TD3,run-20260622_012518-o3wa23ld5k0anno4nhwb9,739,36,0.10755677966101697
TD3,run-20260622_012518-o3wa23ld5k0anno4nhwb9,739,37,0.11462203389830512
TD3,run-20260622_012518-o3wa23ld5k0anno4nhwb9,739,38,0.12181016949152546
TD3,run-20260622_012518-o3wa23ld5k0anno4nhwb9,739,39,0.12983728813559325
TD3,run-20260622_012518-o3wa23ld5k0anno4nhwb9,739,40,0.13994491525423733
TD3,run-20260622_012518-o3wa23ld5k0anno4nhwb9,739,41,0.15134830508474578
TD3,run-20260622_012518-o3wa23ld5k0anno4nhwb9,739,42,0.16283644067796613
TD3,run-20260622_012518-o3wa23ld5k0anno4nhwb9,739,43,0.17458559322033898
TD3,run-20260622_012518-o3wa23ld5k0anno4nhwb9,739,44,0.18647881355932205
TD3,run-20260622_012518-o3wa23ld5k0anno4nhwb9,739,45,0.19892881355932204
TD3,run-20260622_012518-o3wa23ld5k0anno4nhwb9,739,46,0.2124033898305085
TD3,run-20260622_012518-o3wa23ld5k0anno4nhwb9,739,47,0.225335593220339
TD3,run-20260622_012518-o3wa23ld5k0anno4nhwb9,739,48,0.23824237288135594
TD3,run-20260622_012518-o3wa23ld5k0anno4nhwb9,739,49,0.2517703389830509
TD3,run-20260622_012518-o3wa23ld5k0anno4nhwb9,739,50,0.2649728813559322
TD3,run-20260622_012518-o3wa23ld5k0anno4nhwb9,739,51,0.2782084745762712
TD3,run-20260622_012518-o3wa23ld5k0anno4nhwb9,739,52,0.29179406779661016
TD3,run-20260622_012518-o3wa23ld5k0anno4nhwb9,739,53,0.30531610169491524
TD3,run-20260622_012518-o3wa23ld5k0anno4nhwb9,739,54,0.3186389830508475
TD3,run-20260622_012518-o3wa23ld5k0anno4nhwb9,739,55,0.33174745762711866
TD3,run-20260622_012518-o3wa23ld5k0anno4nhwb9,739,56,0.34468898305084744
TD3,run-20260622_012518-o3wa23ld5k0anno4nhwb9,739,57,0.3578067796610169
TD3,run-20260622_012518-o3wa23ld5k0anno4nhwb9,739,58,0.37103050847457625
TD3,run-20260622_012518-o3wa23ld5k0anno4nhwb9,739,59,0.38456440677966097
TD3,run-20260622_012518-o3wa23ld5k0anno4nhwb9,739,60,0.3979364406779661
TD3,run-20260622_025851-vc8eettjrkns0ask0j149,512,1,0.0
TD3,run-20260622_025851-vc8eettjrkns0ask0j149,512,2,0.0011762711864406778
TD3,run-20260622_025851-vc8eettjrkns0ask0j149,512,3,0.0023728813559322033
TD3,run-20260622_025851-vc8eettjrkns0ask0j149,512,4,0.003577966101694915
TD3,run-20260622_025851-vc8eettjrkns0ask0j149,512,5,0.004749152542372881
TD3,run-20260622_025851-vc8eettjrkns0ask0j149,512,6,0.0059101694915254235
TD3,run-20260622_025851-vc8eettjrkns0ask0j149,512,7,0.007388135593220338
TD3,run-20260622_025851-vc8eettjrkns0ask0j149,512,8,0.009216101694915255
TD3,run-20260622_025851-vc8eettjrkns0ask0j149,512,9,0.010939830508474576
TD3,run-20260622_025851-vc8eettjrkns0ask0j149,512,10,0.012606779661016948
TD3,run-20260622_025851-vc8eettjrkns0ask0j149,512,11,0.014378813559322032
TD3,run-20260622_025851-vc8eettjrkns0ask0j149,512,12,0.016145762711864405
TD3,run-20260622_025851-vc8eettjrkns0ask0j149,512,13,0.01784830508474576
TD3,run-20260622_025851-vc8eettjrkns0ask0j149,512,14,0.019589830508474574
TD3,run-20260622_025851-vc8eettjrkns0ask0j149,512,15,0.021389830508474574
TD3,run-20260622_025851-vc8eettjrkns0ask0j149,512,16,0.02325508474576271
TD3,run-20260622_025851-vc8eettjrkns0ask0j149,512,17,0.02539745762711864
TD3,run-20260622_025851-vc8eettjrkns0ask0j149,512,18,0.027781355932203385
TD3,run-20260622_025851-vc8eettjrkns0ask0j149,512,19,0.030020338983050843
TD3,run-20260622_025851-vc8eettjrkns0ask0j149,512,20,0.0321457627118644
TD3,run-20260622_025851-vc8eettjrkns0ask0j149,512,21,0.0345228813559322
TD3,run-20260622_025851-vc8eettjrkns0ask0j149,512,22,0.037170338983050846
TD3,run-20260622_025851-vc8eettjrkns0ask0j149,512,23,0.03990762711864407
TD3,run-20260622_025851-vc8eettjrkns0ask0j149,512,24,0.04281101694915254
TD3,run-20260622_025851-vc8eettjrkns0ask0j149,512,25,0.04596779661016949
TD3,run-20260622_025851-vc8eettjrkns0ask0j149,512,26,0.049647457627118634
TD3,run-20260622_025851-vc8eettjrkns0ask0j149,512,27,0.05383135593220338
TD3,run-20260622_025851-vc8eettjrkns0ask0j149,512,28,0.05838898305084745
TD3,run-20260622_025851-vc8eettjrkns0ask0j149,512,29,0.06402796610169491
TD3,run-20260622_025851-vc8eettjrkns0ask0j149,512,30,0.07101949152542372
TD3,run-20260622_025851-vc8eettjrkns0ask0j149,512,31,0.07797203389830507
TD3,run-20260622_025851-vc8eettjrkns0ask0j149,512,32,0.08405762711864406
TD3,run-20260622_025851-vc8eettjrkns0ask0j149,512,33,0.0906
TD3,run-20260622_025851-vc8eettjrkns0ask0j149,512,34,0.09772711864406779
TD3,run-20260622_025851-vc8eettjrkns0ask0j149,512,35,0.10481101694915253
TD3,run-20260622_025851-vc8eettjrkns0ask0j149,512,36,0.1119686440677966
TD3,run-20260622_025851-vc8eettjrkns0ask0j149,512,37,0.11897627118644066
TD3,run-20260622_025851-vc8eettjrkns0ask0j149,512,38,0.12581694915254235
TD3,run-20260622_025851-vc8eettjrkns0ask0j149,512,39,0.13273898305084744
TD3,run-20260622_025851-vc8eettjrkns0ask0j149,512,40,0.14025169491525424
TD3,run-20260622_025851-vc8eettjrkns0ask0j149,512,41,0.14893389830508474
TD3,run-20260622_025851-vc8eettjrkns0ask0j149,512,42,0.15872203389830508
TD3,run-20260622_025851-vc8eettjrkns0ask0j149,512,43,0.16915084745762712
TD3,run-20260622_025851-vc8eettjrkns0ask0j149,512,44,0.1808762711864407
TD3,run-20260622_025851-vc8eettjrkns0ask0j149,512,45,0.1940957627118644
TD3,run-20260622_025851-vc8eettjrkns0ask0j149,512,46,0.20803050847457624
TD3,run-20260622_025851-vc8eettjrkns0ask0j149,512,47,0.22198559322033898
TD3,run-20260622_025851-vc8eettjrkns0ask0j149,512,48,0.23579491525423726
TD3,run-20260622_025851-vc8eettjrkns0ask0j149,512,49,0.24976355932203387
TD3,run-20260622_025851-vc8eettjrkns0ask0j149,512,50,0.26368474576271184
TD3,run-20260622_025851-vc8eettjrkns0ask0j149,512,51,0.27741779661016946
TD3,run-20260622_025851-vc8eettjrkns0ask0j149,512,52,0.2911101694915254
TD3,run-20260622_025851-vc8eettjrkns0ask0j149,512,53,0.3050838983050847
TD3,run-20260622_025851-vc8eettjrkns0ask0j149,512,54,0.31905338983050846
TD3,run-20260622_025851-vc8eettjrkns0ask0j149,512,55,0.3326949152542373
TD3,run-20260622_025851-vc8eettjrkns0ask0j149,512,56,0.3464322033898305
TD3,run-20260622_025851-vc8eettjrkns0ask0j149,512,57,0.3602915254237288
TD3,run-20260622_025851-vc8eettjrkns0ask0j149,512,58,0.3739983050847457
TD3,run-20260622_025851-vc8eettjrkns0ask0j149,512,59,0.38762796610169487
TD3,run-20260622_025851-vc8eettjrkns0ask0j149,512,60,0.40146864406779653
TD3,run-20260622_043232-p1wsv6nx8qn3fwe50d8dd,117,1,0.0
TD3,run-20260622_043232-p1wsv6nx8qn3fwe50d8dd,117,2,0.00116864406779661
TD3,run-20260622_043232-p1wsv6nx8qn3fwe50d8dd,117,3,0.002333050847457627
TD3,run-20260622_043232-p1wsv6nx8qn3fwe50d8dd,117,4,0.003490677966101695
TD3,run-20260622_043232-p1wsv6nx8qn3fwe50d8dd,117,5,0.004623728813559322
TD3,run-20260622_043232-p1wsv6nx8qn3fwe50d8dd,117,6,0.0057762711864406775
TD3,run-20260622_043232-p1wsv6nx8qn3fwe50d8dd,117,7,0.006992372881355931
TD3,run-20260622_043232-p1wsv6nx8qn3fwe50d8dd,117,8,0.008876271186440677
TD3,run-20260622_043232-p1wsv6nx8qn3fwe50d8dd,117,9,0.011127118644067797
TD3,run-20260622_043232-p1wsv6nx8qn3fwe50d8dd,117,10,0.013064406779661019
TD3,run-20260622_043232-p1wsv6nx8qn3fwe50d8dd,117,11,0.014961016949152544
TD3,run-20260622_043232-p1wsv6nx8qn3fwe50d8dd,117,12,0.016930508474576274
TD3,run-20260622_043232-p1wsv6nx8qn3fwe50d8dd,117,13,0.01899576271186441
TD3,run-20260622_043232-p1wsv6nx8qn3fwe50d8dd,117,14,0.021204237288135596
TD3,run-20260622_043232-p1wsv6nx8qn3fwe50d8dd,117,15,0.02367118644067797
TD3,run-20260622_043232-p1wsv6nx8qn3fwe50d8dd,117,16,0.026198305084745768
TD3,run-20260622_043232-p1wsv6nx8qn3fwe50d8dd,117,17,0.028742372881355935
TD3,run-20260622_043232-p1wsv6nx8qn3fwe50d8dd,117,18,0.031605084745762714
TD3,run-20260622_043232-p1wsv6nx8qn3fwe50d8dd,117,19,0.03468389830508475
TD3,run-20260622_043232-p1wsv6nx8qn3fwe50d8dd,117,20,0.03794661016949153
TD3,run-20260622_043232-p1wsv6nx8qn3fwe50d8dd,117,21,0.04155254237288136
TD3,run-20260622_043232-p1wsv6nx8qn3fwe50d8dd,117,22,0.0454864406779661
TD3,run-20260622_043232-p1wsv6nx8qn3fwe50d8dd,117,23,0.049772881355932205
TD3,run-20260622_043232-p1wsv6nx8qn3fwe50d8dd,117,24,0.0546364406779661
TD3,run-20260622_043232-p1wsv6nx8qn3fwe50d8dd,117,25,0.06008813559322035
TD3,run-20260622_043232-p1wsv6nx8qn3fwe50d8dd,117,26,0.06608135593220339
TD3,run-20260622_043232-p1wsv6nx8qn3fwe50d8dd,117,27,0.07272627118644068
TD3,run-20260622_043232-p1wsv6nx8qn3fwe50d8dd,117,28,0.07947627118644068
TD3,run-20260622_043232-p1wsv6nx8qn3fwe50d8dd,117,29,0.08653135593220339
TD3,run-20260622_043232-p1wsv6nx8qn3fwe50d8dd,117,30,0.09494322033898304
TD3,run-20260622_043232-p1wsv6nx8qn3fwe50d8dd,117,31,0.10406525423728814
TD3,run-20260622_043232-p1wsv6nx8qn3fwe50d8dd,117,32,0.11296271186440679
TD3,run-20260622_043232-p1wsv6nx8qn3fwe50d8dd,117,33,0.12294830508474576
TD3,run-20260622_043232-p1wsv6nx8qn3fwe50d8dd,117,34,0.13542033898305086
TD3,run-20260622_043232-p1wsv6nx8qn3fwe50d8dd,117,35,0.14904745762711866
TD3,run-20260622_043232-p1wsv6nx8qn3fwe50d8dd,117,36,0.16177033898305085
TD3,run-20260622_043232-p1wsv6nx8qn3fwe50d8dd,117,37,0.17523813559322032
TD3,run-20260622_043232-p1wsv6nx8qn3fwe50d8dd,117,38,0.1905186440677966
TD3,run-20260622_043232-p1wsv6nx8qn3fwe50d8dd,117,39,0.2061
TD3,run-20260622_043232-p1wsv6nx8qn3fwe50d8dd,117,40,0.2215635593220339
TD3,run-20260622_043232-p1wsv6nx8qn3fwe50d8dd,117,41,0.23691525423728813
TD3,run-20260622_043232-p1wsv6nx8qn3fwe50d8dd,117,42,0.25221271186440675
TD3,run-20260622_043232-p1wsv6nx8qn3fwe50d8dd,117,43,0.2675898305084745
TD3,run-20260622_043232-p1wsv6nx8qn3fwe50d8dd,117,44,0.28301271186440674
TD3,run-20260622_043232-p1wsv6nx8qn3fwe50d8dd,117,45,0.2983762711864406
TD3,run-20260622_043232-p1wsv6nx8qn3fwe50d8dd,117,46,0.3137525423728813
TD3,run-20260622_043232-p1wsv6nx8qn3fwe50d8dd,117,47,0.32922118644067794
TD3,run-20260622_043232-p1wsv6nx8qn3fwe50d8dd,117,48,0.34475338983050846
TD3,run-20260622_043232-p1wsv6nx8qn3fwe50d8dd,117,49,0.3603652542372881
TD3,run-20260622_043232-p1wsv6nx8qn3fwe50d8dd,117,50,0.37603983050847456
TD3,run-20260622_043232-p1wsv6nx8qn3fwe50d8dd,117,51,0.3913271186440678
TD3,run-20260622_043232-p1wsv6nx8qn3fwe50d8dd,117,52,0.4065652542372882
TD3,run-20260622_043232-p1wsv6nx8qn3fwe50d8dd,117,53,0.4219737288135593
TD3,run-20260622_043232-p1wsv6nx8qn3fwe50d8dd,117,54,0.4372059322033898
TD3,run-20260622_043232-p1wsv6nx8qn3fwe50d8dd,117,55,0.45228813559322034
TD3,run-20260622_043232-p1wsv6nx8qn3fwe50d8dd,117,56,0.46765508474576273
TD3,run-20260622_043232-p1wsv6nx8qn3fwe50d8dd,117,57,0.4833186440677966
TD3,run-20260622_043232-p1wsv6nx8qn3fwe50d8dd,117,58,0.49893983050847457
TD3,run-20260622_043232-p1wsv6nx8qn3fwe50d8dd,117,59,0.5142067796610169
TD3,run-20260622_043232-p1wsv6nx8qn3fwe50d8dd,117,60,0.5293661016949152
TD3,run-20260622_063205-sgs3p05et5bj1by7pfa86,894,1,0.0
TD3,run-20260622_063205-sgs3p05et5bj1by7pfa86,894,2,0.001109322033898305
TD3,run-20260622_063205-sgs3p05et5bj1by7pfa86,894,3,0.002216949152542373
TD3,run-20260622_063205-sgs3p05et5bj1by7pfa86,894,4,0.0033211864406779657
TD3,run-20260622_063205-sgs3p05et5bj1by7pfa86,894,5,0.0044186440677966106
TD3,run-20260622_063205-sgs3p05et5bj1by7pfa86,894,6,0.005556779661016948
TD3,run-20260622_063205-sgs3p05et5bj1by7pfa86,894,7,0.0067220338983050845
TD3,run-20260622_063205-sgs3p05et5bj1by7pfa86,894,8,0.008089830508474576
TD3,run-20260622_063205-sgs3p05et5bj1by7pfa86,894,9,0.009684745762711864
TD3,run-20260622_063205-sgs3p05et5bj1by7pfa86,894,10,0.01133135593220339
TD3,run-20260622_063205-sgs3p05et5bj1by7pfa86,894,11,0.01303050847457627
TD3,run-20260622_063205-sgs3p05et5bj1by7pfa86,894,12,0.014777118644067796
TD3,run-20260622_063205-sgs3p05et5bj1by7pfa86,894,13,0.01653305084745763
TD3,run-20260622_063205-sgs3p05et5bj1by7pfa86,894,14,0.01831949152542373
TD3,run-20260622_063205-sgs3p05et5bj1by7pfa86,894,15,0.020119491525423732
TD3,run-20260622_063205-sgs3p05et5bj1by7pfa86,894,16,0.021866949152542375
TD3,run-20260622_063205-sgs3p05et5bj1by7pfa86,894,17,0.023661016949152545
TD3,run-20260622_063205-sgs3p05et5bj1by7pfa86,894,18,0.025530508474576274
TD3,run-20260622_063205-sgs3p05et5bj1by7pfa86,894,19,0.02756694915254238
TD3,run-20260622_063205-sgs3p05et5bj1by7pfa86,894,20,0.029738135593220347
TD3,run-20260622_063205-sgs3p05et5bj1by7pfa86,894,21,0.03194152542372882
TD3,run-20260622_063205-sgs3p05et5bj1by7pfa86,894,22,0.0343313559322034
TD3,run-20260622_063205-sgs3p05et5bj1by7pfa86,894,23,0.036918644067796616
TD3,run-20260622_063205-sgs3p05et5bj1by7pfa86,894,24,0.039536440677966106
TD3,run-20260622_063205-sgs3p05et5bj1by7pfa86,894,25,0.04222288135593221
TD3,run-20260622_063205-sgs3p05et5bj1by7pfa86,894,26,0.04518983050847459
TD3,run-20260622_063205-sgs3p05et5bj1by7pfa86,894,27,0.048388135593220354
TD3,run-20260622_063205-sgs3p05et5bj1by7pfa86,894,28,0.05157627118644069
TD3,run-20260622_063205-sgs3p05et5bj1by7pfa86,894,29,0.05509406779661018
TD3,run-20260622_063205-sgs3p05et5bj1by7pfa86,894,30,0.059016101694915266
TD3,run-20260622_063205-sgs3p05et5bj1by7pfa86,894,31,0.06297372881355934
TD3,run-20260622_063205-sgs3p05et5bj1by7pfa86,894,32,0.06738220338983052
TD3,run-20260622_063205-sgs3p05et5bj1by7pfa86,894,33,0.07222457627118645
TD3,run-20260622_063205-sgs3p05et5bj1by7pfa86,894,34,0.07718898305084747
TD3,run-20260622_063205-sgs3p05et5bj1by7pfa86,894,35,0.0828584745762712
TD3,run-20260622_063205-sgs3p05et5bj1by7pfa86,894,36,0.08946016949152544
TD3,run-20260622_063205-sgs3p05et5bj1by7pfa86,894,37,0.09699830508474577
TD3,run-20260622_063205-sgs3p05et5bj1by7pfa86,894,38,0.1049127118644068
TD3,run-20260622_063205-sgs3p05et5bj1by7pfa86,894,39,0.11310847457627121
TD3,run-20260622_063205-sgs3p05et5bj1by7pfa86,894,40,0.1213669491525424
TD3,run-20260622_063205-sgs3p05et5bj1by7pfa86,894,41,0.12957033898305087
TD3,run-20260622_063205-sgs3p05et5bj1by7pfa86,894,42,0.1390440677966102
TD3,run-20260622_063205-sgs3p05et5bj1by7pfa86,894,43,0.15082033898305086
TD3,run-20260622_063205-sgs3p05et5bj1by7pfa86,894,44,0.16458305084745767
TD3,run-20260622_063205-sgs3p05et5bj1by7pfa86,894,45,0.178956779661017
TD3,run-20260622_063205-sgs3p05et5bj1by7pfa86,894,46,0.1938110169491526
TD3,run-20260622_063205-sgs3p05et5bj1by7pfa86,894,47,0.20909576271186447
TD3,run-20260622_063205-sgs3p05et5bj1by7pfa86,894,48,0.22425847457627127
TD3,run-20260622_063205-sgs3p05et5bj1by7pfa86,894,49,0.23937627118644075
TD3,run-20260622_063205-sgs3p05et5bj1by7pfa86,894,50,0.254656779661017
TD3,run-20260622_063205-sgs3p05et5bj1by7pfa86,894,51,0.2702508474576272
TD3,run-20260622_063205-sgs3p05et5bj1by7pfa86,894,52,0.2860144067796611
TD3,run-20260622_063205-sgs3p05et5bj1by7pfa86,894,53,0.3014093220338984
TD3,run-20260622_063205-sgs3p05et5bj1by7pfa86,894,54,0.31650254237288145
TD3,run-20260622_063205-sgs3p05et5bj1by7pfa86,894,55,0.3315415254237289
TD3,run-20260622_063205-sgs3p05et5bj1by7pfa86,894,56,0.3465864406779662
TD3,run-20260622_063205-sgs3p05et5bj1by7pfa86,894,57,0.36172627118644074
TD3,run-20260622_063205-sgs3p05et5bj1by7pfa86,894,58,0.37721525423728824
TD3,run-20260622_063205-sgs3p05et5bj1by7pfa86,894,59,0.3927661016949154
TD3,run-20260622_063205-sgs3p05et5bj1by7pfa86,894,60,0.4082313559322035
TD3,run-20260622_080822-vx1bs5edgj8z9ihb6xe1x,652,1,0.0
TD3,run-20260622_080822-vx1bs5edgj8z9ihb6xe1x,652,2,0.001135593220338983
TD3,run-20260622_080822-vx1bs5edgj8z9ihb6xe1x,652,3,0.002263559322033898
TD3,run-20260622_080822-vx1bs5edgj8z9ihb6xe1x,652,4,0.0033813559322033895
TD3,run-20260622_080822-vx1bs5edgj8z9ihb6xe1x,652,5,0.0045050847457627115
TD3,run-20260622_080822-vx1bs5edgj8z9ihb6xe1x,652,6,0.005634745762711864
TD3,run-20260622_080822-vx1bs5edgj8z9ihb6xe1x,652,7,0.006914406779661016
TD3,run-20260622_080822-vx1bs5edgj8z9ihb6xe1x,652,8,0.008781355932203389
TD3,run-20260622_080822-vx1bs5edgj8z9ihb6xe1x,652,9,0.010765254237288134
TD3,run-20260622_080822-vx1bs5edgj8z9ihb6xe1x,652,10,0.0123364406779661
TD3,run-20260622_080822-vx1bs5edgj8z9ihb6xe1x,652,11,0.013947457627118643
TD3,run-20260622_080822-vx1bs5edgj8z9ihb6xe1x,652,12,0.015711864406779658
TD3,run-20260622_080822-vx1bs5edgj8z9ihb6xe1x,652,13,0.017600847457627116
TD3,run-20260622_080822-vx1bs5edgj8z9ihb6xe1x,652,14,0.019515254237288133
TD3,run-20260622_080822-vx1bs5edgj8z9ihb6xe1x,652,15,0.02138135593220339
TD3,run-20260622_080822-vx1bs5edgj8z9ihb6xe1x,652,16,0.02319406779661017
TD3,run-20260622_080822-vx1bs5edgj8z9ihb6xe1x,652,17,0.02506016949152542
TD3,run-20260622_080822-vx1bs5edgj8z9ihb6xe1x,652,18,0.0270728813559322
TD3,run-20260622_080822-vx1bs5edgj8z9ihb6xe1x,652,19,0.029089830508474575
TD3,run-20260622_080822-vx1bs5edgj8z9ihb6xe1x,652,20,0.03115677966101695
TD3,run-20260622_080822-vx1bs5edgj8z9ihb6xe1x,652,21,0.03336779661016949
TD3,run-20260622_080822-vx1bs5edgj8z9ihb6xe1x,652,22,0.035643220338983046
TD3,run-20260622_080822-vx1bs5edgj8z9ihb6xe1x,652,23,0.03790847457627119
TD3,run-20260622_080822-vx1bs5edgj8z9ihb6xe1x,652,24,0.040498305084745764
TD3,run-20260622_080822-vx1bs5edgj8z9ihb6xe1x,652,25,0.04338135593220339
TD3,run-20260622_080822-vx1bs5edgj8z9ihb6xe1x,652,26,0.04639322033898305
TD3,run-20260622_080822-vx1bs5edgj8z9ihb6xe1x,652,27,0.049742372881355926
TD3,run-20260622_080822-vx1bs5edgj8z9ihb6xe1x,652,28,0.05315762711864406
TD3,run-20260622_080822-vx1bs5edgj8z9ihb6xe1x,652,29,0.05728050847457626
TD3,run-20260622_080822-vx1bs5edgj8z9ihb6xe1x,652,30,0.06216271186440677
TD3,run-20260622_080822-vx1bs5edgj8z9ihb6xe1x,652,31,0.06753305084745762
TD3,run-20260622_080822-vx1bs5edgj8z9ihb6xe1x,652,32,0.07314661016949152
TD3,run-20260622_080822-vx1bs5edgj8z9ihb6xe1x,652,33,0.07939491525423728
TD3,run-20260622_080822-vx1bs5edgj8z9ihb6xe1x,652,34,0.08694322033898304
TD3,run-20260622_080822-vx1bs5edgj8z9ihb6xe1x,652,35,0.09573389830508473
TD3,run-20260622_080822-vx1bs5edgj8z9ihb6xe1x,652,36,0.1055737288135593
TD3,run-20260622_080822-vx1bs5edgj8z9ihb6xe1x,652,37,0.11565677966101692
TD3,run-20260622_080822-vx1bs5edgj8z9ihb6xe1x,652,38,0.12626694915254236
TD3,run-20260622_080822-vx1bs5edgj8z9ihb6xe1x,652,39,0.13784915254237287
TD3,run-20260622_080822-vx1bs5edgj8z9ihb6xe1x,652,40,0.15103559322033897
TD3,run-20260622_080822-vx1bs5edgj8z9ihb6xe1x,652,41,0.16529576271186439
TD3,run-20260622_080822-vx1bs5edgj8z9ihb6xe1x,652,42,0.17997627118644066
TD3,run-20260622_080822-vx1bs5edgj8z9ihb6xe1x,652,43,0.19529830508474577
TD3,run-20260622_080822-vx1bs5edgj8z9ihb6xe1x,652,44,0.21104576271186443
TD3,run-20260622_080822-vx1bs5edgj8z9ihb6xe1x,652,45,0.22686525423728815
TD3,run-20260622_080822-vx1bs5edgj8z9ihb6xe1x,652,46,0.24247966101694918
TD3,run-20260622_080822-vx1bs5edgj8z9ihb6xe1x,652,47,0.2580161016949153
TD3,run-20260622_080822-vx1bs5edgj8z9ihb6xe1x,652,48,0.27330847457627117
TD3,run-20260622_080822-vx1bs5edgj8z9ihb6xe1x,652,49,0.2887313559322034
TD3,run-20260622_080822-vx1bs5edgj8z9ihb6xe1x,652,50,0.30434576271186436
TD3,run-20260622_080822-vx1bs5edgj8z9ihb6xe1x,652,51,0.3198516949152542
TD3,run-20260622_080822-vx1bs5edgj8z9ihb6xe1x,652,52,0.3357237288135593
TD3,run-20260622_080822-vx1bs5edgj8z9ihb6xe1x,652,53,0.3516567796610169
TD3,run-20260622_080822-vx1bs5edgj8z9ihb6xe1x,652,54,0.36745508474576266
TD3,run-20260622_080822-vx1bs5edgj8z9ihb6xe1x,652,55,0.3832957627118644
TD3,run-20260622_080822-vx1bs5edgj8z9ihb6xe1x,652,56,0.39900847457627114
TD3,run-20260622_080822-vx1bs5edgj8z9ihb6xe1x,652,57,0.41492118644067794
TD3,run-20260622_080822-vx1bs5edgj8z9ihb6xe1x,652,58,0.43091694915254236
TD3,run-20260622_080822-vx1bs5edgj8z9ihb6xe1x,652,59,0.44686101694915253
TD3,run-20260622_080822-vx1bs5edgj8z9ihb6xe1x,652,60,0.4627957627118644
GAIL+TD3,run-20260621_193255-5pg7iyrvmcx34frn6ale5,184,1,0.0
GAIL+TD3,run-20260621_193255-5pg7iyrvmcx34frn6ale5,184,2,0.0011398305084745761
GAIL+TD3,run-20260621_193255-5pg7iyrvmcx34frn6ale5,184,3,0.0023406779661016945
GAIL+TD3,run-20260621_193255-5pg7iyrvmcx34frn6ale5,184,4,0.003830508474576271
GAIL+TD3,run-20260621_193255-5pg7iyrvmcx34frn6ale5,184,5,0.005514406779661017
GAIL+TD3,run-20260621_193255-5pg7iyrvmcx34frn6ale5,184,6,0.007378813559322034
GAIL+TD3,run-20260621_193255-5pg7iyrvmcx34frn6ale5,184,7,0.009555932203389829
GAIL+TD3,run-20260621_193255-5pg7iyrvmcx34frn6ale5,184,8,0.011970338983050848
GAIL+TD3,run-20260621_193255-5pg7iyrvmcx34frn6ale5,184,9,0.014850847457627119
GAIL+TD3,run-20260621_193255-5pg7iyrvmcx34frn6ale5,184,10,0.021904237288135595
GAIL+TD3,run-20260621_193255-5pg7iyrvmcx34frn6ale5,184,11,0.03437372881355932
GAIL+TD3,run-20260621_193255-5pg7iyrvmcx34frn6ale5,184,12,0.04795932203389831
GAIL+TD3,run-20260621_193255-5pg7iyrvmcx34frn6ale5,184,13,0.06240508474576272
GAIL+TD3,run-20260621_193255-5pg7iyrvmcx34frn6ale5,184,14,0.07766525423728814
GAIL+TD3,run-20260621_193255-5pg7iyrvmcx34frn6ale5,184,15,0.09036949152542374
GAIL+TD3,run-20260621_193255-5pg7iyrvmcx34frn6ale5,184,16,0.10106101694915257
GAIL+TD3,run-20260621_193255-5pg7iyrvmcx34frn6ale5,184,17,0.1123533898305085
GAIL+TD3,run-20260621_193255-5pg7iyrvmcx34frn6ale5,184,18,0.12498389830508476
GAIL+TD3,run-20260621_193255-5pg7iyrvmcx34frn6ale5,184,19,0.1393762711864407
GAIL+TD3,run-20260621_193255-5pg7iyrvmcx34frn6ale5,184,20,0.15391271186440678
GAIL+TD3,run-20260621_193255-5pg7iyrvmcx34frn6ale5,184,21,0.1679491525423729
GAIL+TD3,run-20260621_193255-5pg7iyrvmcx34frn6ale5,184,22,0.18286525423728817
GAIL+TD3,run-20260621_193255-5pg7iyrvmcx34frn6ale5,184,23,0.19850423728813563
GAIL+TD3,run-20260621_193255-5pg7iyrvmcx34frn6ale5,184,24,0.21367711864406783
GAIL+TD3,run-20260621_193255-5pg7iyrvmcx34frn6ale5,184,25,0.22860423728813561
GAIL+TD3,run-20260621_193255-5pg7iyrvmcx34frn6ale5,184,26,0.24397457627118646
GAIL+TD3,run-20260621_193255-5pg7iyrvmcx34frn6ale5,184,27,0.2593669491525424
GAIL+TD3,run-20260621_193255-5pg7iyrvmcx34frn6ale5,184,28,0.27495932203389833
GAIL+TD3,run-20260621_193255-5pg7iyrvmcx34frn6ale5,184,29,0.2906338983050848
GAIL+TD3,run-20260621_193255-5pg7iyrvmcx34frn6ale5,184,30,0.30618728813559326
GAIL+TD3,run-20260621_193255-5pg7iyrvmcx34frn6ale5,184,31,0.32139152542372884
GAIL+TD3,run-20260621_193255-5pg7iyrvmcx34frn6ale5,184,32,0.33656779661016956
GAIL+TD3,run-20260621_193255-5pg7iyrvmcx34frn6ale5,184,33,0.35205000000000003
GAIL+TD3,run-20260621_193255-5pg7iyrvmcx34frn6ale5,184,34,0.36740593220338985
GAIL+TD3,run-20260621_193255-5pg7iyrvmcx34frn6ale5,184,35,0.3826093220338983
GAIL+TD3,run-20260621_193255-5pg7iyrvmcx34frn6ale5,184,36,0.39762966101694913
GAIL+TD3,run-20260621_193255-5pg7iyrvmcx34frn6ale5,184,37,0.41299067796610167
GAIL+TD3,run-20260621_193255-5pg7iyrvmcx34frn6ale5,184,38,0.4283983050847458
GAIL+TD3,run-20260621_193255-5pg7iyrvmcx34frn6ale5,184,39,0.4434991525423729
GAIL+TD3,run-20260621_193255-5pg7iyrvmcx34frn6ale5,184,40,0.4590338983050848
GAIL+TD3,run-20260621_193255-5pg7iyrvmcx34frn6ale5,184,41,0.47482203389830513
GAIL+TD3,run-20260621_193255-5pg7iyrvmcx34frn6ale5,184,42,0.4904296610169492
GAIL+TD3,run-20260621_193255-5pg7iyrvmcx34frn6ale5,184,43,0.506156779661017
GAIL+TD3,run-20260621_193255-5pg7iyrvmcx34frn6ale5,184,44,0.5214432203389832
GAIL+TD3,run-20260621_193255-5pg7iyrvmcx34frn6ale5,184,45,0.5362288135593221
GAIL+TD3,run-20260621_193255-5pg7iyrvmcx34frn6ale5,184,46,0.5513838983050848
GAIL+TD3,run-20260621_193255-5pg7iyrvmcx34frn6ale5,184,47,0.5668144067796611
GAIL+TD3,run-20260621_193255-5pg7iyrvmcx34frn6ale5,184,48,0.5824305084745763
GAIL+TD3,run-20260621_193255-5pg7iyrvmcx34frn6ale5,184,49,0.5978550847457628
GAIL+TD3,run-20260621_193255-5pg7iyrvmcx34frn6ale5,184,50,0.6132271186440679
GAIL+TD3,run-20260621_193255-5pg7iyrvmcx34frn6ale5,184,51,0.6286093220338984
GAIL+TD3,run-20260621_193255-5pg7iyrvmcx34frn6ale5,184,52,0.643941525423729
GAIL+TD3,run-20260621_193255-5pg7iyrvmcx34frn6ale5,184,53,0.6592813559322035
GAIL+TD3,run-20260621_193255-5pg7iyrvmcx34frn6ale5,184,54,0.6743830508474578
GAIL+TD3,run-20260621_193255-5pg7iyrvmcx34frn6ale5,184,55,0.6895771186440679
GAIL+TD3,run-20260621_193255-5pg7iyrvmcx34frn6ale5,184,56,0.704571186440678
GAIL+TD3,run-20260621_193255-5pg7iyrvmcx34frn6ale5,184,57,0.7196466101694915
GAIL+TD3,run-20260621_193255-5pg7iyrvmcx34frn6ale5,184,58,0.7349779661016949
GAIL+TD3,run-20260621_193255-5pg7iyrvmcx34frn6ale5,184,59,0.7502169491525423
GAIL+TD3,run-20260621_193255-5pg7iyrvmcx34frn6ale5,184,60,0.7658449152542373
GAIL+TD3,run-20260621_223131-dm2s10i96kbbd7fky6owy,291,1,0.0
GAIL+TD3,run-20260621_223131-dm2s10i96kbbd7fky6owy,291,2,0.0011957627118644068
GAIL+TD3,run-20260621_223131-dm2s10i96kbbd7fky6owy,291,3,0.002392372881355932
GAIL+TD3,run-20260621_223131-dm2s10i96kbbd7fky6owy,291,4,0.003777118644067797
GAIL+TD3,run-20260621_223131-dm2s10i96kbbd7fky6owy,291,5,0.005538135593220339
GAIL+TD3,run-20260621_223131-dm2s10i96kbbd7fky6owy,291,6,0.007508474576271186
GAIL+TD3,run-20260621_223131-dm2s10i96kbbd7fky6owy,291,7,0.009609322033898304
GAIL+TD3,run-20260621_223131-dm2s10i96kbbd7fky6owy,291,8,0.011777118644067794
GAIL+TD3,run-20260621_223131-dm2s10i96kbbd7fky6owy,291,9,0.014413559322033897
GAIL+TD3,run-20260621_223131-dm2s10i96kbbd7fky6owy,291,10,0.018766101694915254
GAIL+TD3,run-20260621_223131-dm2s10i96kbbd7fky6owy,291,11,0.02449237288135593
GAIL+TD3,run-20260621_223131-dm2s10i96kbbd7fky6owy,291,12,0.030694915254237287
GAIL+TD3,run-20260621_223131-dm2s10i96kbbd7fky6owy,291,13,0.03689491525423729
GAIL+TD3,run-20260621_223131-dm2s10i96kbbd7fky6owy,291,14,0.04307372881355932
GAIL+TD3,run-20260621_223131-dm2s10i96kbbd7fky6owy,291,15,0.050237288135593215
GAIL+TD3,run-20260621_223131-dm2s10i96kbbd7fky6owy,291,16,0.05860254237288136
GAIL+TD3,run-20260621_223131-dm2s10i96kbbd7fky6owy,291,17,0.06829237288135594
GAIL+TD3,run-20260621_223131-dm2s10i96kbbd7fky6owy,291,18,0.07861610169491526
GAIL+TD3,run-20260621_223131-dm2s10i96kbbd7fky6owy,291,19,0.089035593220339
GAIL+TD3,run-20260621_223131-dm2s10i96kbbd7fky6owy,291,20,0.09922881355932205
GAIL+TD3,run-20260621_223131-dm2s10i96kbbd7fky6owy,291,21,0.10911186440677965
GAIL+TD3,run-20260621_223131-dm2s10i96kbbd7fky6owy,291,22,0.1196542372881356
GAIL+TD3,run-20260621_223131-dm2s10i96kbbd7fky6owy,291,23,0.13097881355932206
GAIL+TD3,run-20260621_223131-dm2s10i96kbbd7fky6owy,291,24,0.14243813559322036
GAIL+TD3,run-20260621_223131-dm2s10i96kbbd7fky6owy,291,25,0.15338813559322037
GAIL+TD3,run-20260621_223131-dm2s10i96kbbd7fky6owy,291,26,0.16441779661016953
GAIL+TD3,run-20260621_223131-dm2s10i96kbbd7fky6owy,291,27,0.17599661016949156
GAIL+TD3,run-20260621_223131-dm2s10i96kbbd7fky6owy,291,28,0.18806440677966105
GAIL+TD3,run-20260621_223131-dm2s10i96kbbd7fky6owy,291,29,0.20059491525423734
GAIL+TD3,run-20260621_223131-dm2s10i96kbbd7fky6owy,291,30,0.21297627118644072
GAIL+TD3,run-20260621_223131-dm2s10i96kbbd7fky6owy,291,31,0.22498135593220342
GAIL+TD3,run-20260621_223131-dm2s10i96kbbd7fky6owy,291,32,0.23740677966101695
GAIL+TD3,run-20260621_223131-dm2s10i96kbbd7fky6owy,291,33,0.25026610169491526
GAIL+TD3,run-20260621_223131-dm2s10i96kbbd7fky6owy,291,34,0.2628313559322034
GAIL+TD3,run-20260621_223131-dm2s10i96kbbd7fky6owy,291,35,0.275206779661017
GAIL+TD3,run-20260621_223131-dm2s10i96kbbd7fky6owy,291,36,0.28776101694915257
GAIL+TD3,run-20260621_223131-dm2s10i96kbbd7fky6owy,291,37,0.3004262711864407
GAIL+TD3,run-20260621_223131-dm2s10i96kbbd7fky6owy,291,38,0.31303644067796615
GAIL+TD3,run-20260621_223131-dm2s10i96kbbd7fky6owy,291,39,0.32557457627118647
GAIL+TD3,run-20260621_223131-dm2s10i96kbbd7fky6owy,291,40,0.3381542372881356
GAIL+TD3,run-20260621_223131-dm2s10i96kbbd7fky6owy,291,41,0.3511822033898306
GAIL+TD3,run-20260621_223131-dm2s10i96kbbd7fky6owy,291,42,0.3641152542372882
GAIL+TD3,run-20260621_223131-dm2s10i96kbbd7fky6owy,291,43,0.3767550847457627
GAIL+TD3,run-20260621_223131-dm2s10i96kbbd7fky6owy,291,44,0.38965762711864405
GAIL+TD3,run-20260621_223131-dm2s10i96kbbd7fky6owy,291,45,0.4023983050847458
GAIL+TD3,run-20260621_223131-dm2s10i96kbbd7fky6owy,291,46,0.41490932203389835
GAIL+TD3,run-20260621_223131-dm2s10i96kbbd7fky6owy,291,47,0.4276347457627119
GAIL+TD3,run-20260621_223131-dm2s10i96kbbd7fky6owy,291,48,0.44029322033898305
GAIL+TD3,run-20260621_223131-dm2s10i96kbbd7fky6owy,291,49,0.4529533898305085
GAIL+TD3,run-20260621_223131-dm2s10i96kbbd7fky6owy,291,50,0.46562542372881355
GAIL+TD3,run-20260621_223131-dm2s10i96kbbd7fky6owy,291,51,0.4778440677966102
GAIL+TD3,run-20260621_223131-dm2s10i96kbbd7fky6owy,291,52,0.4897669491525424
GAIL+TD3,run-20260621_223131-dm2s10i96kbbd7fky6owy,291,53,0.5021872881355932
GAIL+TD3,run-20260621_223131-dm2s10i96kbbd7fky6owy,291,54,0.5150796610169492
GAIL+TD3,run-20260621_223131-dm2s10i96kbbd7fky6owy,291,55,0.5277889830508475
GAIL+TD3,run-20260621_223131-dm2s10i96kbbd7fky6owy,291,56,0.5403542372881356
GAIL+TD3,run-20260621_223131-dm2s10i96kbbd7fky6owy,291,57,0.5532203389830509
GAIL+TD3,run-20260621_223131-dm2s10i96kbbd7fky6owy,291,58,0.5660635593220339
GAIL+TD3,run-20260621_223131-dm2s10i96kbbd7fky6owy,291,59,0.5784762711864407
GAIL+TD3,run-20260621_223131-dm2s10i96kbbd7fky6owy,291,60,0.5908898305084745
GAIL+TD3,run-20260622_004812-zslinp7qvacgwbfuqujtw,83,1,0.0
GAIL+TD3,run-20260622_004812-zslinp7qvacgwbfuqujtw,83,2,0.0011940677966101696
GAIL+TD3,run-20260622_004812-zslinp7qvacgwbfuqujtw,83,3,0.0025101694915254237
GAIL+TD3,run-20260622_004812-zslinp7qvacgwbfuqujtw,83,4,0.004460169491525424
GAIL+TD3,run-20260622_004812-zslinp7qvacgwbfuqujtw,83,5,0.006856779661016949
GAIL+TD3,run-20260622_004812-zslinp7qvacgwbfuqujtw,83,6,0.009178813559322034
GAIL+TD3,run-20260622_004812-zslinp7qvacgwbfuqujtw,83,7,0.01141864406779661
GAIL+TD3,run-20260622_004812-zslinp7qvacgwbfuqujtw,83,8,0.013666101694915255
GAIL+TD3,run-20260622_004812-zslinp7qvacgwbfuqujtw,83,9,0.015901694915254238
GAIL+TD3,run-20260622_004812-zslinp7qvacgwbfuqujtw,83,10,0.0182135593220339
GAIL+TD3,run-20260622_004812-zslinp7qvacgwbfuqujtw,83,11,0.020516101694915256
GAIL+TD3,run-20260622_004812-zslinp7qvacgwbfuqujtw,83,12,0.023043220338983053
GAIL+TD3,run-20260622_004812-zslinp7qvacgwbfuqujtw,83,13,0.02603728813559322
GAIL+TD3,run-20260622_004812-zslinp7qvacgwbfuqujtw,83,14,0.03143983050847458
GAIL+TD3,run-20260622_004812-zslinp7qvacgwbfuqujtw,83,15,0.039906779661016946
GAIL+TD3,run-20260622_004812-zslinp7qvacgwbfuqujtw,83,16,0.051
GAIL+TD3,run-20260622_004812-zslinp7qvacgwbfuqujtw,83,17,0.06488559322033897
GAIL+TD3,run-20260622_004812-zslinp7qvacgwbfuqujtw,83,18,0.07927627118644068
GAIL+TD3,run-20260622_004812-zslinp7qvacgwbfuqujtw,83,19,0.09250932203389832
GAIL+TD3,run-20260622_004812-zslinp7qvacgwbfuqujtw,83,20,0.10325338983050848
GAIL+TD3,run-20260622_004812-zslinp7qvacgwbfuqujtw,83,21,0.11251864406779662
GAIL+TD3,run-20260622_004812-zslinp7qvacgwbfuqujtw,83,22,0.12233983050847459
GAIL+TD3,run-20260622_004812-zslinp7qvacgwbfuqujtw,83,23,0.13261440677966102
GAIL+TD3,run-20260622_004812-zslinp7qvacgwbfuqujtw,83,24,0.14304152542372883
GAIL+TD3,run-20260622_004812-zslinp7qvacgwbfuqujtw,83,25,0.15250084745762713
GAIL+TD3,run-20260622_004812-zslinp7qvacgwbfuqujtw,83,26,0.16261525423728815
GAIL+TD3,run-20260622_004812-zslinp7qvacgwbfuqujtw,83,27,0.17543898305084749
GAIL+TD3,run-20260622_004812-zslinp7qvacgwbfuqujtw,83,28,0.18974152542372882
GAIL+TD3,run-20260622_004812-zslinp7qvacgwbfuqujtw,83,29,0.20394237288135597
GAIL+TD3,run-20260622_004812-zslinp7qvacgwbfuqujtw,83,30,0.21819576271186444
GAIL+TD3,run-20260622_004812-zslinp7qvacgwbfuqujtw,83,31,0.23308220338983054
GAIL+TD3,run-20260622_004812-zslinp7qvacgwbfuqujtw,83,32,0.24770932203389834
GAIL+TD3,run-20260622_004812-zslinp7qvacgwbfuqujtw,83,33,0.26232457627118644
GAIL+TD3,run-20260622_004812-zslinp7qvacgwbfuqujtw,83,34,0.2769677966101695
GAIL+TD3,run-20260622_004812-zslinp7qvacgwbfuqujtw,83,35,0.29150932203389834
GAIL+TD3,run-20260622_004812-zslinp7qvacgwbfuqujtw,83,36,0.30606101694915255
GAIL+TD3,run-20260622_004812-zslinp7qvacgwbfuqujtw,83,37,0.32029576271186444
GAIL+TD3,run-20260622_004812-zslinp7qvacgwbfuqujtw,83,38,0.33484322033898306
GAIL+TD3,run-20260622_004812-zslinp7qvacgwbfuqujtw,83,39,0.3491381355932203
GAIL+TD3,run-20260622_004812-zslinp7qvacgwbfuqujtw,83,40,0.3628440677966101
GAIL+TD3,run-20260622_004812-zslinp7qvacgwbfuqujtw,83,41,0.37718220338983044
GAIL+TD3,run-20260622_004812-zslinp7qvacgwbfuqujtw,83,42,0.3918177966101694
GAIL+TD3,run-20260622_004812-zslinp7qvacgwbfuqujtw,83,43,0.4061084745762711
GAIL+TD3,run-20260622_004812-zslinp7qvacgwbfuqujtw,83,44,0.42019491525423724
GAIL+TD3,run-20260622_004812-zslinp7qvacgwbfuqujtw,83,45,0.43425593220338976
GAIL+TD3,run-20260622_004812-zslinp7qvacgwbfuqujtw,83,46,0.4484830508474576
GAIL+TD3,run-20260622_004812-zslinp7qvacgwbfuqujtw,83,47,0.46271694915254236
GAIL+TD3,run-20260622_004812-zslinp7qvacgwbfuqujtw,83,48,0.4768254237288135
GAIL+TD3,run-20260622_004812-zslinp7qvacgwbfuqujtw,83,49,0.4910889830508474
GAIL+TD3,run-20260622_004812-zslinp7qvacgwbfuqujtw,83,50,0.5055211864406779
GAIL+TD3,run-20260622_004812-zslinp7qvacgwbfuqujtw,83,51,0.5203101694915254
GAIL+TD3,run-20260622_004812-zslinp7qvacgwbfuqujtw,83,52,0.5348237288135593
GAIL+TD3,run-20260622_004812-zslinp7qvacgwbfuqujtw,83,53,0.5491372881355931
GAIL+TD3,run-20260622_004812-zslinp7qvacgwbfuqujtw,83,54,0.5636584745762712
GAIL+TD3,run-20260622_004812-zslinp7qvacgwbfuqujtw,83,55,0.5777677966101695
GAIL+TD3,run-20260622_004812-zslinp7qvacgwbfuqujtw,83,56,0.5915686440677966
GAIL+TD3,run-20260622_004812-zslinp7qvacgwbfuqujtw,83,57,0.6056330508474577
GAIL+TD3,run-20260622_004812-zslinp7qvacgwbfuqujtw,83,58,0.6199745762711865
GAIL+TD3,run-20260622_004812-zslinp7qvacgwbfuqujtw,83,59,0.6343500000000001
GAIL+TD3,run-20260622_004812-zslinp7qvacgwbfuqujtw,83,60,0.6491584745762713
GAIL+TD3,run-20260622_031937-daocyl38dnxhsxwoxtkov,739,1,0.0
GAIL+TD3,run-20260622_031937-daocyl38dnxhsxwoxtkov,739,2,0.001202542372881356
GAIL+TD3,run-20260622_031937-daocyl38dnxhsxwoxtkov,739,3,0.00284406779661017
GAIL+TD3,run-20260622_031937-daocyl38dnxhsxwoxtkov,739,4,0.004676271186440679
GAIL+TD3,run-20260622_031937-daocyl38dnxhsxwoxtkov,739,5,0.0065703389830508475
GAIL+TD3,run-20260622_031937-daocyl38dnxhsxwoxtkov,739,6,0.008835593220338984
GAIL+TD3,run-20260622_031937-daocyl38dnxhsxwoxtkov,739,7,0.011122033898305085
GAIL+TD3,run-20260622_031937-daocyl38dnxhsxwoxtkov,739,8,0.013446610169491526
GAIL+TD3,run-20260622_031937-daocyl38dnxhsxwoxtkov,739,9,0.015780508474576273
GAIL+TD3,run-20260622_031937-daocyl38dnxhsxwoxtkov,739,10,0.017943220338983053
GAIL+TD3,run-20260622_031937-daocyl38dnxhsxwoxtkov,739,11,0.020216949152542373
GAIL+TD3,run-20260622_031937-daocyl38dnxhsxwoxtkov,739,12,0.023776271186440677
GAIL+TD3,run-20260622_031937-daocyl38dnxhsxwoxtkov,739,13,0.030115254237288138
GAIL+TD3,run-20260622_031937-daocyl38dnxhsxwoxtkov,739,14,0.039822881355932205
GAIL+TD3,run-20260622_031937-daocyl38dnxhsxwoxtkov,739,15,0.05117711864406781
GAIL+TD3,run-20260622_031937-daocyl38dnxhsxwoxtkov,739,16,0.0638627118644068
GAIL+TD3,run-20260622_031937-daocyl38dnxhsxwoxtkov,739,17,0.07837711864406781
GAIL+TD3,run-20260622_031937-daocyl38dnxhsxwoxtkov,739,18,0.09225254237288137
GAIL+TD3,run-20260622_031937-daocyl38dnxhsxwoxtkov,739,19,0.10491525423728816
GAIL+TD3,run-20260622_031937-daocyl38dnxhsxwoxtkov,739,20,0.1165033898305085
GAIL+TD3,run-20260622_031937-daocyl38dnxhsxwoxtkov,739,21,0.1272889830508475
GAIL+TD3,run-20260622_031937-daocyl38dnxhsxwoxtkov,739,22,0.13858474576271188
GAIL+TD3,run-20260622_031937-daocyl38dnxhsxwoxtkov,739,23,0.15040508474576272
GAIL+TD3,run-20260622_031937-daocyl38dnxhsxwoxtkov,739,24,0.16273220338983052
GAIL+TD3,run-20260622_031937-daocyl38dnxhsxwoxtkov,739,25,0.17472033898305087
GAIL+TD3,run-20260622_031937-daocyl38dnxhsxwoxtkov,739,26,0.18596016949152547
GAIL+TD3,run-20260622_031937-daocyl38dnxhsxwoxtkov,739,27,0.1972262711864407
GAIL+TD3,run-20260622_031937-daocyl38dnxhsxwoxtkov,739,28,0.20872966101694918
GAIL+TD3,run-20260622_031937-daocyl38dnxhsxwoxtkov,739,29,0.22008644067796615
GAIL+TD3,run-20260622_031937-daocyl38dnxhsxwoxtkov,739,30,0.2314118644067797
GAIL+TD3,run-20260622_031937-daocyl38dnxhsxwoxtkov,739,31,0.24272118644067797
GAIL+TD3,run-20260622_031937-daocyl38dnxhsxwoxtkov,739,32,0.2536237288135593
GAIL+TD3,run-20260622_031937-daocyl38dnxhsxwoxtkov,739,33,0.2647237288135593
GAIL+TD3,run-20260622_031937-daocyl38dnxhsxwoxtkov,739,34,0.27604745762711863
GAIL+TD3,run-20260622_031937-daocyl38dnxhsxwoxtkov,739,35,0.2873347457627119
GAIL+TD3,run-20260622_031937-daocyl38dnxhsxwoxtkov,739,36,0.298621186440678
GAIL+TD3,run-20260622_031937-daocyl38dnxhsxwoxtkov,739,37,0.3098542372881356
GAIL+TD3,run-20260622_031937-daocyl38dnxhsxwoxtkov,739,38,0.3210491525423729
GAIL+TD3,run-20260622_031937-daocyl38dnxhsxwoxtkov,739,39,0.332221186440678
GAIL+TD3,run-20260622_031937-daocyl38dnxhsxwoxtkov,739,40,0.34340677966101696
GAIL+TD3,run-20260622_031937-daocyl38dnxhsxwoxtkov,739,41,0.354828813559322
GAIL+TD3,run-20260622_031937-daocyl38dnxhsxwoxtkov,739,42,0.36633050847457627
GAIL+TD3,run-20260622_031937-daocyl38dnxhsxwoxtkov,739,43,0.3775584745762712
GAIL+TD3,run-20260622_031937-daocyl38dnxhsxwoxtkov,739,44,0.38873474576271183
GAIL+TD3,run-20260622_031937-daocyl38dnxhsxwoxtkov,739,45,0.39954152542372884
GAIL+TD3,run-20260622_031937-daocyl38dnxhsxwoxtkov,739,46,0.41024406779661016
GAIL+TD3,run-20260622_031937-daocyl38dnxhsxwoxtkov,739,47,0.4212796610169492
GAIL+TD3,run-20260622_031937-daocyl38dnxhsxwoxtkov,739,48,0.4324542372881356
GAIL+TD3,run-20260622_031937-daocyl38dnxhsxwoxtkov,739,49,0.44365593220338984
GAIL+TD3,run-20260622_031937-daocyl38dnxhsxwoxtkov,739,50,0.4547652542372882
GAIL+TD3,run-20260622_031937-daocyl38dnxhsxwoxtkov,739,51,0.4657338983050848
GAIL+TD3,run-20260622_031937-daocyl38dnxhsxwoxtkov,739,52,0.47650762711864414
GAIL+TD3,run-20260622_031937-daocyl38dnxhsxwoxtkov,739,53,0.48753898305084753
GAIL+TD3,run-20260622_031937-daocyl38dnxhsxwoxtkov,739,54,0.4989245762711865
GAIL+TD3,run-20260622_031937-daocyl38dnxhsxwoxtkov,739,55,0.509906779661017
GAIL+TD3,run-20260622_031937-daocyl38dnxhsxwoxtkov,739,56,0.5208983050847459
GAIL+TD3,run-20260622_031937-daocyl38dnxhsxwoxtkov,739,57,0.5320855932203391
GAIL+TD3,run-20260622_031937-daocyl38dnxhsxwoxtkov,739,58,0.5432211864406781
GAIL+TD3,run-20260622_031937-daocyl38dnxhsxwoxtkov,739,59,0.554377966101695
GAIL+TD3,run-20260622_031937-daocyl38dnxhsxwoxtkov,739,60,0.5653542372881356
GAIL+TD3,run-20260622_053309-3gob8caas2nn2pu2ozthf,894,1,0.0
GAIL+TD3,run-20260622_053309-3gob8caas2nn2pu2ozthf,894,2,0.001152542372881356
GAIL+TD3,run-20260622_053309-3gob8caas2nn2pu2ozthf,894,3,0.002302542372881356
GAIL+TD3,run-20260622_053309-3gob8caas2nn2pu2ozthf,894,4,0.003664406779661017
GAIL+TD3,run-20260622_053309-3gob8caas2nn2pu2ozthf,894,5,0.005238983050847457
GAIL+TD3,run-20260622_053309-3gob8caas2nn2pu2ozthf,894,6,0.006889830508474576
GAIL+TD3,run-20260622_053309-3gob8caas2nn2pu2ozthf,894,7,0.008820338983050848
GAIL+TD3,run-20260622_053309-3gob8caas2nn2pu2ozthf,894,8,0.011176271186440677
GAIL+TD3,run-20260622_053309-3gob8caas2nn2pu2ozthf,894,9,0.013987288135593221
GAIL+TD3,run-20260622_053309-3gob8caas2nn2pu2ozthf,894,10,0.01774491525423729
GAIL+TD3,run-20260622_053309-3gob8caas2nn2pu2ozthf,894,11,0.02475847457627119
GAIL+TD3,run-20260622_053309-3gob8caas2nn2pu2ozthf,894,12,0.03666949152542373
GAIL+TD3,run-20260622_053309-3gob8caas2nn2pu2ozthf,894,13,0.05170254237288136
GAIL+TD3,run-20260622_053309-3gob8caas2nn2pu2ozthf,894,14,0.06724237288135594
GAIL+TD3,run-20260622_053309-3gob8caas2nn2pu2ozthf,894,15,0.08111610169491526
GAIL+TD3,run-20260622_053309-3gob8caas2nn2pu2ozthf,894,16,0.09459406779661017
GAIL+TD3,run-20260622_053309-3gob8caas2nn2pu2ozthf,894,17,0.1099593220338983
GAIL+TD3,run-20260622_053309-3gob8caas2nn2pu2ozthf,894,18,0.12601525423728813
GAIL+TD3,run-20260622_053309-3gob8caas2nn2pu2ozthf,894,19,0.1417779661016949
GAIL+TD3,run-20260622_053309-3gob8caas2nn2pu2ozthf,894,20,0.15750677966101695
GAIL+TD3,run-20260622_053309-3gob8caas2nn2pu2ozthf,894,21,0.17233898305084744
GAIL+TD3,run-20260622_053309-3gob8caas2nn2pu2ozthf,894,22,0.1846415254237288
GAIL+TD3,run-20260622_053309-3gob8caas2nn2pu2ozthf,894,23,0.19529406779661015
GAIL+TD3,run-20260622_053309-3gob8caas2nn2pu2ozthf,894,24,0.20557203389830508
GAIL+TD3,run-20260622_053309-3gob8caas2nn2pu2ozthf,894,25,0.21582881355932204
GAIL+TD3,run-20260622_053309-3gob8caas2nn2pu2ozthf,894,26,0.22635423728813558
GAIL+TD3,run-20260622_053309-3gob8caas2nn2pu2ozthf,894,27,0.237
GAIL+TD3,run-20260622_053309-3gob8caas2nn2pu2ozthf,894,28,0.24759915254237289
GAIL+TD3,run-20260622_053309-3gob8caas2nn2pu2ozthf,894,29,0.2582008474576271
GAIL+TD3,run-20260622_053309-3gob8caas2nn2pu2ozthf,894,30,0.2688805084745763
GAIL+TD3,run-20260622_053309-3gob8caas2nn2pu2ozthf,894,31,0.27945169491525423
GAIL+TD3,run-20260622_053309-3gob8caas2nn2pu2ozthf,894,32,0.29004067796610167
GAIL+TD3,run-20260622_053309-3gob8caas2nn2pu2ozthf,894,33,0.3007694915254237
GAIL+TD3,run-20260622_053309-3gob8caas2nn2pu2ozthf,894,34,0.3115330508474576
GAIL+TD3,run-20260622_053309-3gob8caas2nn2pu2ozthf,894,35,0.3223
GAIL+TD3,run-20260622_053309-3gob8caas2nn2pu2ozthf,894,36,0.3329661016949152
GAIL+TD3,run-20260622_053309-3gob8caas2nn2pu2ozthf,894,37,0.3436898305084745
GAIL+TD3,run-20260622_053309-3gob8caas2nn2pu2ozthf,894,38,0.35436864406779656
GAIL+TD3,run-20260622_053309-3gob8caas2nn2pu2ozthf,894,39,0.36481779661016944
GAIL+TD3,run-20260622_053309-3gob8caas2nn2pu2ozthf,894,40,0.37521186440677956
GAIL+TD3,run-20260622_053309-3gob8caas2nn2pu2ozthf,894,41,0.38559067796610164
GAIL+TD3,run-20260622_053309-3gob8caas2nn2pu2ozthf,894,42,0.39624406779661014
GAIL+TD3,run-20260622_053309-3gob8caas2nn2pu2ozthf,894,43,0.40708305084745755
GAIL+TD3,run-20260622_053309-3gob8caas2nn2pu2ozthf,894,44,0.41773474576271175
GAIL+TD3,run-20260622_053309-3gob8caas2nn2pu2ozthf,894,45,0.42820593220338976
GAIL+TD3,run-20260622_053309-3gob8caas2nn2pu2ozthf,894,46,0.43862881355932193
GAIL+TD3,run-20260622_053309-3gob8caas2nn2pu2ozthf,894,47,0.4488610169491524
GAIL+TD3,run-20260622_053309-3gob8caas2nn2pu2ozthf,894,48,0.4591872881355931
GAIL+TD3,run-20260622_053309-3gob8caas2nn2pu2ozthf,894,49,0.4693923728813558
GAIL+TD3,run-20260622_053309-3gob8caas2nn2pu2ozthf,894,50,0.479478813559322
GAIL+TD3,run-20260622_053309-3gob8caas2nn2pu2ozthf,894,51,0.4899440677966101
GAIL+TD3,run-20260622_053309-3gob8caas2nn2pu2ozthf,894,52,0.5004669491525423
GAIL+TD3,run-20260622_053309-3gob8caas2nn2pu2ozthf,894,53,0.5112025423728813
GAIL+TD3,run-20260622_053309-3gob8caas2nn2pu2ozthf,894,54,0.52205
GAIL+TD3,run-20260622_053309-3gob8caas2nn2pu2ozthf,894,55,0.5327398305084746
GAIL+TD3,run-20260622_053309-3gob8caas2nn2pu2ozthf,894,56,0.5436889830508475
GAIL+TD3,run-20260622_053309-3gob8caas2nn2pu2ozthf,894,57,0.5547906779661017
GAIL+TD3,run-20260622_053309-3gob8caas2nn2pu2ozthf,894,58,0.5655915254237288
GAIL+TD3,run-20260622_053309-3gob8caas2nn2pu2ozthf,894,59,0.5761771186440677
GAIL+TD3,run-20260622_053309-3gob8caas2nn2pu2ozthf,894,60,0.5865050847457627
GAIL+TD3,run-20260622_075227-p7wj1wfq83b3mhkyo053i,652,1,0.0
GAIL+TD3,run-20260622_075227-p7wj1wfq83b3mhkyo053i,652,2,0.0011635593220338982
GAIL+TD3,run-20260622_075227-p7wj1wfq83b3mhkyo053i,652,3,0.0022796610169491523
GAIL+TD3,run-20260622_075227-p7wj1wfq83b3mhkyo053i,652,4,0.003701694915254237
GAIL+TD3,run-20260622_075227-p7wj1wfq83b3mhkyo053i,652,5,0.005556779661016948
GAIL+TD3,run-20260622_075227-p7wj1wfq83b3mhkyo053i,652,6,0.00773728813559322
GAIL+TD3,run-20260622_075227-p7wj1wfq83b3mhkyo053i,652,7,0.010287288135593221
GAIL+TD3,run-20260622_075227-p7wj1wfq83b3mhkyo053i,652,8,0.013498305084745763
GAIL+TD3,run-20260622_075227-p7wj1wfq83b3mhkyo053i,652,9,0.01861271186440678
GAIL+TD3,run-20260622_075227-p7wj1wfq83b3mhkyo053i,652,10,0.027552542372881357
GAIL+TD3,run-20260622_075227-p7wj1wfq83b3mhkyo053i,652,11,0.04005
GAIL+TD3,run-20260622_075227-p7wj1wfq83b3mhkyo053i,652,12,0.0532864406779661
GAIL+TD3,run-20260622_075227-p7wj1wfq83b3mhkyo053i,652,13,0.06721949152542372
GAIL+TD3,run-20260622_075227-p7wj1wfq83b3mhkyo053i,652,14,0.08253474576271186
GAIL+TD3,run-20260622_075227-p7wj1wfq83b3mhkyo053i,652,15,0.09679915254237288
GAIL+TD3,run-20260622_075227-p7wj1wfq83b3mhkyo053i,652,16,0.1108042372881356
GAIL+TD3,run-20260622_075227-p7wj1wfq83b3mhkyo053i,652,17,0.12607372881355933
GAIL+TD3,run-20260622_075227-p7wj1wfq83b3mhkyo053i,652,18,0.1417127118644068
GAIL+TD3,run-20260622_075227-p7wj1wfq83b3mhkyo053i,652,19,0.15770762711864408
GAIL+TD3,run-20260622_075227-p7wj1wfq83b3mhkyo053i,652,20,0.17356016949152545
GAIL+TD3,run-20260622_075227-p7wj1wfq83b3mhkyo053i,652,21,0.18960677966101697
GAIL+TD3,run-20260622_075227-p7wj1wfq83b3mhkyo053i,652,22,0.20614406779661018
GAIL+TD3,run-20260622_075227-p7wj1wfq83b3mhkyo053i,652,23,0.22264406779661017
GAIL+TD3,run-20260622_075227-p7wj1wfq83b3mhkyo053i,652,24,0.23914745762711861
GAIL+TD3,run-20260622_075227-p7wj1wfq83b3mhkyo053i,652,25,0.25574915254237285
GAIL+TD3,run-20260622_075227-p7wj1wfq83b3mhkyo053i,652,26,0.27235762711864403
GAIL+TD3,run-20260622_075227-p7wj1wfq83b3mhkyo053i,652,27,0.2889194915254237
GAIL+TD3,run-20260622_075227-p7wj1wfq83b3mhkyo053i,652,28,0.3055372881355932
GAIL+TD3,run-20260622_075227-p7wj1wfq83b3mhkyo053i,652,29,0.3220152542372881
GAIL+TD3,run-20260622_075227-p7wj1wfq83b3mhkyo053i,652,30,0.33842627118644064
GAIL+TD3,run-20260622_075227-p7wj1wfq83b3mhkyo053i,652,31,0.3548415254237288
GAIL+TD3,run-20260622_075227-p7wj1wfq83b3mhkyo053i,652,32,0.3713576271186441
GAIL+TD3,run-20260622_075227-p7wj1wfq83b3mhkyo053i,652,33,0.38804237288135596
GAIL+TD3,run-20260622_075227-p7wj1wfq83b3mhkyo053i,652,34,0.40461186440677965
GAIL+TD3,run-20260622_075227-p7wj1wfq83b3mhkyo053i,652,35,0.4212161016949153
GAIL+TD3,run-20260622_075227-p7wj1wfq83b3mhkyo053i,652,36,0.43780593220338987
GAIL+TD3,run-20260622_075227-p7wj1wfq83b3mhkyo053i,652,37,0.4543432203389831
GAIL+TD3,run-20260622_075227-p7wj1wfq83b3mhkyo053i,652,38,0.4708601694915255
GAIL+TD3,run-20260622_075227-p7wj1wfq83b3mhkyo053i,652,39,0.4871983050847458
GAIL+TD3,run-20260622_075227-p7wj1wfq83b3mhkyo053i,652,40,0.5036694915254237
GAIL+TD3,run-20260622_075227-p7wj1wfq83b3mhkyo053i,652,41,0.5203313559322034
GAIL+TD3,run-20260622_075227-p7wj1wfq83b3mhkyo053i,652,42,0.5369305084745762
GAIL+TD3,run-20260622_075227-p7wj1wfq83b3mhkyo053i,652,43,0.5535779661016949
GAIL+TD3,run-20260622_075227-p7wj1wfq83b3mhkyo053i,652,44,0.5702347457627118
GAIL+TD3,run-20260622_075227-p7wj1wfq83b3mhkyo053i,652,45,0.5868491525423729
GAIL+TD3,run-20260622_075227-p7wj1wfq83b3mhkyo053i,652,46,0.6034889830508474
GAIL+TD3,run-20260622_075227-p7wj1wfq83b3mhkyo053i,652,47,0.6200466101694916
GAIL+TD3,run-20260622_075227-p7wj1wfq83b3mhkyo053i,652,48,0.6364991525423729
GAIL+TD3,run-20260622_075227-p7wj1wfq83b3mhkyo053i,652,49,0.653
GAIL+TD3,run-20260622_075227-p7wj1wfq83b3mhkyo053i,652,50,0.6696288135593221
GAIL+TD3,run-20260622_075227-p7wj1wfq83b3mhkyo053i,652,51,0.6862940677966102
GAIL+TD3,run-20260622_075227-p7wj1wfq83b3mhkyo053i,652,52,0.7029245762711864
GAIL+TD3,run-20260622_075227-p7wj1wfq83b3mhkyo053i,652,53,0.7195118644067796
GAIL+TD3,run-20260622_075227-p7wj1wfq83b3mhkyo053i,652,54,0.736028813559322
GAIL+TD3,run-20260622_075227-p7wj1wfq83b3mhkyo053i,652,55,0.7525872881355932
GAIL+TD3,run-20260622_075227-p7wj1wfq83b3mhkyo053i,652,56,0.7691262711864406
GAIL+TD3,run-20260622_075227-p7wj1wfq83b3mhkyo053i,652,57,0.7856889830508474
GAIL+TD3,run-20260622_075227-p7wj1wfq83b3mhkyo053i,652,58,0.8023016949152543
GAIL+TD3,run-20260622_075227-p7wj1wfq83b3mhkyo053i,652,59,0.8188957627118644
GAIL+TD3,run-20260622_075227-p7wj1wfq83b3mhkyo053i,652,60,0.8355059322033898
GAIL+TD3,run-20260622_110022-x8utkar2er1eerentcryu,187,1,0.0
GAIL+TD3,run-20260622_110022-x8utkar2er1eerentcryu,187,2,0.0012466101694915254
GAIL+TD3,run-20260622_110022-x8utkar2er1eerentcryu,187,3,0.00276271186440678
GAIL+TD3,run-20260622_110022-x8utkar2er1eerentcryu,187,4,0.0046788135593220335
GAIL+TD3,run-20260622_110022-x8utkar2er1eerentcryu,187,5,0.00665
GAIL+TD3,run-20260622_110022-x8utkar2er1eerentcryu,187,6,0.008697457627118644
GAIL+TD3,run-20260622_110022-x8utkar2er1eerentcryu,187,7,0.011177118644067795
GAIL+TD3,run-20260622_110022-x8utkar2er1eerentcryu,187,8,0.014082203389830508
GAIL+TD3,run-20260622_110022-x8utkar2er1eerentcryu,187,9,0.018062711864406777
GAIL+TD3,run-20260622_110022-x8utkar2er1eerentcryu,187,10,0.02496864406779661
GAIL+TD3,run-20260622_110022-x8utkar2er1eerentcryu,187,11,0.03504915254237288
GAIL+TD3,run-20260622_110022-x8utkar2er1eerentcryu,187,12,0.047827966101694916
GAIL+TD3,run-20260622_110022-x8utkar2er1eerentcryu,187,13,0.06206779661016949
GAIL+TD3,run-20260622_110022-x8utkar2er1eerentcryu,187,14,0.07590677966101696
GAIL+TD3,run-20260622_110022-x8utkar2er1eerentcryu,187,15,0.08903898305084747
GAIL+TD3,run-20260622_110022-x8utkar2er1eerentcryu,187,16,0.10208220338983053
GAIL+TD3,run-20260622_110022-x8utkar2er1eerentcryu,187,17,0.11545677966101696
GAIL+TD3,run-20260622_110022-x8utkar2er1eerentcryu,187,18,0.1282822033898305
GAIL+TD3,run-20260622_110022-x8utkar2er1eerentcryu,187,19,0.14121016949152543
GAIL+TD3,run-20260622_110022-x8utkar2er1eerentcryu,187,20,0.1551220338983051
GAIL+TD3,run-20260622_110022-x8utkar2er1eerentcryu,187,21,0.16906864406779662
GAIL+TD3,run-20260622_110022-x8utkar2er1eerentcryu,187,22,0.18340169491525424
GAIL+TD3,run-20260622_110022-x8utkar2er1eerentcryu,187,23,0.19749322033898306
GAIL+TD3,run-20260622_110022-x8utkar2er1eerentcryu,187,24,0.21108728813559322
GAIL+TD3,run-20260622_110022-x8utkar2er1eerentcryu,187,25,0.2252872881355932
GAIL+TD3,run-20260622_110022-x8utkar2er1eerentcryu,187,26,0.23921525423728812
GAIL+TD3,run-20260622_110022-x8utkar2er1eerentcryu,187,27,0.2526864406779661
GAIL+TD3,run-20260622_110022-x8utkar2er1eerentcryu,187,28,0.2664
GAIL+TD3,run-20260622_110022-x8utkar2er1eerentcryu,187,29,0.2801762711864407
GAIL+TD3,run-20260622_110022-x8utkar2er1eerentcryu,187,30,0.2944593220338983
GAIL+TD3,run-20260622_110022-x8utkar2er1eerentcryu,187,31,0.3087440677966102
GAIL+TD3,run-20260622_110022-x8utkar2er1eerentcryu,187,32,0.3230237288135593
GAIL+TD3,run-20260622_110022-x8utkar2er1eerentcryu,187,33,0.3375652542372881
GAIL+TD3,run-20260622_110022-x8utkar2er1eerentcryu,187,34,0.3520245762711865
GAIL+TD3,run-20260622_110022-x8utkar2er1eerentcryu,187,35,0.3665762711864407
GAIL+TD3,run-20260622_110022-x8utkar2er1eerentcryu,187,36,0.3809754237288136
GAIL+TD3,run-20260622_110022-x8utkar2er1eerentcryu,187,37,0.39521525423728815
GAIL+TD3,run-20260622_110022-x8utkar2er1eerentcryu,187,38,0.4089313559322034
GAIL+TD3,run-20260622_110022-x8utkar2er1eerentcryu,187,39,0.42257542372881357
GAIL+TD3,run-20260622_110022-x8utkar2er1eerentcryu,187,40,0.43682966101694914
GAIL+TD3,run-20260622_110022-x8utkar2er1eerentcryu,187,41,0.45129237288135593
GAIL+TD3,run-20260622_110022-x8utkar2er1eerentcryu,187,42,0.46595084745762716
GAIL+TD3,run-20260622_110022-x8utkar2er1eerentcryu,187,43,0.4807728813559322
GAIL+TD3,run-20260622_110022-x8utkar2er1eerentcryu,187,44,0.4952661016949153
GAIL+TD3,run-20260622_110022-x8utkar2er1eerentcryu,187,45,0.5100703389830509
GAIL+TD3,run-20260622_110022-x8utkar2er1eerentcryu,187,46,0.5246966101694915
GAIL+TD3,run-20260622_110022-x8utkar2er1eerentcryu,187,47,0.5391974576271186
GAIL+TD3,run-20260622_110022-x8utkar2er1eerentcryu,187,48,0.5534813559322034
GAIL+TD3,run-20260622_110022-x8utkar2er1eerentcryu,187,49,0.5678881355932204
GAIL+TD3,run-20260622_110022-x8utkar2er1eerentcryu,187,50,0.5825025423728813
GAIL+TD3,run-20260622_110022-x8utkar2er1eerentcryu,187,51,0.5968525423728813
GAIL+TD3,run-20260622_110022-x8utkar2er1eerentcryu,187,52,0.6115466101694915
GAIL+TD3,run-20260622_110022-x8utkar2er1eerentcryu,187,53,0.6259127118644068
GAIL+TD3,run-20260622_110022-x8utkar2er1eerentcryu,187,54,0.6398779661016949
GAIL+TD3,run-20260622_110022-x8utkar2er1eerentcryu,187,55,0.6535500000000001
GAIL+TD3,run-20260622_110022-x8utkar2er1eerentcryu,187,56,0.6678720338983051
GAIL+TD3,run-20260622_110022-x8utkar2er1eerentcryu,187,57,0.6825347457627119
GAIL+TD3,run-20260622_110022-x8utkar2er1eerentcryu,187,58,0.6966686440677966
GAIL+TD3,run-20260622_110022-x8utkar2er1eerentcryu,187,59,0.7113093220338984
GAIL+TD3,run-20260622_110022-x8utkar2er1eerentcryu,187,60,0.7260372881355933
GAIL+TD3,run-20260622_134950-g5g4dxxf5ozv6uufkbfmk,191,1,0.0
GAIL+TD3,run-20260622_134950-g5g4dxxf5ozv6uufkbfmk,191,2,0.0011322033898305084
GAIL+TD3,run-20260622_134950-g5g4dxxf5ozv6uufkbfmk,191,3,0.002326271186440678
GAIL+TD3,run-20260622_134950-g5g4dxxf5ozv6uufkbfmk,191,4,0.0038432203389830505
GAIL+TD3,run-20260622_134950-g5g4dxxf5ozv6uufkbfmk,191,5,0.005688983050847457
GAIL+TD3,run-20260622_134950-g5g4dxxf5ozv6uufkbfmk,191,6,0.007822033898305084
GAIL+TD3,run-20260622_134950-g5g4dxxf5ozv6uufkbfmk,191,7,0.010210169491525423
GAIL+TD3,run-20260622_134950-g5g4dxxf5ozv6uufkbfmk,191,8,0.012632203389830508
GAIL+TD3,run-20260622_134950-g5g4dxxf5ozv6uufkbfmk,191,9,0.015466101694915255
GAIL+TD3,run-20260622_134950-g5g4dxxf5ozv6uufkbfmk,191,10,0.020574576271186442
GAIL+TD3,run-20260622_134950-g5g4dxxf5ozv6uufkbfmk,191,11,0.03059915254237288
GAIL+TD3,run-20260622_134950-g5g4dxxf5ozv6uufkbfmk,191,12,0.0446686440677966
GAIL+TD3,run-20260622_134950-g5g4dxxf5ozv6uufkbfmk,191,13,0.06019067796610168
GAIL+TD3,run-20260622_134950-g5g4dxxf5ozv6uufkbfmk,191,14,0.07603559322033898
GAIL+TD3,run-20260622_134950-g5g4dxxf5ozv6uufkbfmk,191,15,0.09053135593220339
GAIL+TD3,run-20260622_134950-g5g4dxxf5ozv6uufkbfmk,191,16,0.10442627118644068
GAIL+TD3,run-20260622_134950-g5g4dxxf5ozv6uufkbfmk,191,17,0.11883050847457627
GAIL+TD3,run-20260622_134950-g5g4dxxf5ozv6uufkbfmk,191,18,0.133714406779661
GAIL+TD3,run-20260622_134950-g5g4dxxf5ozv6uufkbfmk,191,19,0.14800338983050848
GAIL+TD3,run-20260622_134950-g5g4dxxf5ozv6uufkbfmk,191,20,0.1618991525423729
GAIL+TD3,run-20260622_134950-g5g4dxxf5ozv6uufkbfmk,191,21,0.1765771186440678
GAIL+TD3,run-20260622_134950-g5g4dxxf5ozv6uufkbfmk,191,22,0.19093728813559321
GAIL+TD3,run-20260622_134950-g5g4dxxf5ozv6uufkbfmk,191,23,0.20525084745762712
GAIL+TD3,run-20260622_134950-g5g4dxxf5ozv6uufkbfmk,191,24,0.2199745762711864
GAIL+TD3,run-20260622_134950-g5g4dxxf5ozv6uufkbfmk,191,25,0.23457627118644067
GAIL+TD3,run-20260622_134950-g5g4dxxf5ozv6uufkbfmk,191,26,0.24890169491525424
GAIL+TD3,run-20260622_134950-g5g4dxxf5ozv6uufkbfmk,191,27,0.26335423728813556
GAIL+TD3,run-20260622_134950-g5g4dxxf5ozv6uufkbfmk,191,28,0.2781610169491525
GAIL+TD3,run-20260622_134950-g5g4dxxf5ozv6uufkbfmk,191,29,0.2924864406779661
GAIL+TD3,run-20260622_134950-g5g4dxxf5ozv6uufkbfmk,191,30,0.30669491525423725
GAIL+TD3,run-20260622_134950-g5g4dxxf5ozv6uufkbfmk,191,31,0.32143389830508473
GAIL+TD3,run-20260622_134950-g5g4dxxf5ozv6uufkbfmk,191,32,0.3361381355932203
GAIL+TD3,run-20260622_134950-g5g4dxxf5ozv6uufkbfmk,191,33,0.3507466101694915
GAIL+TD3,run-20260622_134950-g5g4dxxf5ozv6uufkbfmk,191,34,0.36532203389830503
GAIL+TD3,run-20260622_134950-g5g4dxxf5ozv6uufkbfmk,191,35,0.3799703389830508
GAIL+TD3,run-20260622_134950-g5g4dxxf5ozv6uufkbfmk,191,36,0.3946508474576271
GAIL+TD3,run-20260622_134950-g5g4dxxf5ozv6uufkbfmk,191,37,0.4091508474576271
GAIL+TD3,run-20260622_134950-g5g4dxxf5ozv6uufkbfmk,191,38,0.4235508474576271
GAIL+TD3,run-20260622_134950-g5g4dxxf5ozv6uufkbfmk,191,39,0.43789067796610165
GAIL+TD3,run-20260622_134950-g5g4dxxf5ozv6uufkbfmk,191,40,0.45224237288135594
GAIL+TD3,run-20260622_134950-g5g4dxxf5ozv6uufkbfmk,191,41,0.4668771186440678
GAIL+TD3,run-20260622_134950-g5g4dxxf5ozv6uufkbfmk,191,42,0.4815135593220339
GAIL+TD3,run-20260622_134950-g5g4dxxf5ozv6uufkbfmk,191,43,0.4960610169491525
GAIL+TD3,run-20260622_134950-g5g4dxxf5ozv6uufkbfmk,191,44,0.5104483050847458
GAIL+TD3,run-20260622_134950-g5g4dxxf5ozv6uufkbfmk,191,45,0.5249186440677966
GAIL+TD3,run-20260622_134950-g5g4dxxf5ozv6uufkbfmk,191,46,0.5395703389830508
GAIL+TD3,run-20260622_134950-g5g4dxxf5ozv6uufkbfmk,191,47,0.5540559322033899
GAIL+TD3,run-20260622_134950-g5g4dxxf5ozv6uufkbfmk,191,48,0.5685372881355932
GAIL+TD3,run-20260622_134950-g5g4dxxf5ozv6uufkbfmk,191,49,0.5827449152542373
GAIL+TD3,run-20260622_134950-g5g4dxxf5ozv6uufkbfmk,191,50,0.5970906779661017
GAIL+TD3,run-20260622_134950-g5g4dxxf5ozv6uufkbfmk,191,51,0.6116025423728814
GAIL+TD3,run-20260622_134950-g5g4dxxf5ozv6uufkbfmk,191,52,0.6259237288135593
GAIL+TD3,run-20260622_134950-g5g4dxxf5ozv6uufkbfmk,191,53,0.6402262711864407
GAIL+TD3,run-20260622_134950-g5g4dxxf5ozv6uufkbfmk,191,54,0.6543889830508475
GAIL+TD3,run-20260622_134950-g5g4dxxf5ozv6uufkbfmk,191,55,0.6687737288135593
GAIL+TD3,run-20260622_134950-g5g4dxxf5ozv6uufkbfmk,191,56,0.6832372881355933
GAIL+TD3,run-20260622_134950-g5g4dxxf5ozv6uufkbfmk,191,57,0.6978228813559322
GAIL+TD3,run-20260622_134950-g5g4dxxf5ozv6uufkbfmk,191,58,0.7122898305084745
GAIL+TD3,run-20260622_134950-g5g4dxxf5ozv6uufkbfmk,191,59,0.7265245762711863
GAIL+TD3,run-20260622_134950-g5g4dxxf5ozv6uufkbfmk,191,60,0.7409101694915252
Transformer+GAIL+TD3,run-20260803_140314-fwh9c693aqn1ilbshzxuj,184,1,0.0
Transformer+GAIL+TD3,run-20260803_140314-fwh9c693aqn1ilbshzxuj,184,2,0.0011194915254237289
Transformer+GAIL+TD3,run-20260803_140314-fwh9c693aqn1ilbshzxuj,184,3,0.0022432203389830506
Transformer+GAIL+TD3,run-20260803_140314-fwh9c693aqn1ilbshzxuj,184,4,0.0037415254237288136
Transformer+GAIL+TD3,run-20260803_140314-fwh9c693aqn1ilbshzxuj,184,5,0.005739830508474575
Transformer+GAIL+TD3,run-20260803_140314-fwh9c693aqn1ilbshzxuj,184,6,0.007947457627118643
Transformer+GAIL+TD3,run-20260803_140314-fwh9c693aqn1ilbshzxuj,184,7,0.010494309927360774
Transformer+GAIL+TD3,run-20260803_140314-fwh9c693aqn1ilbshzxuj,184,8,0.013255811138014528
Transformer+GAIL+TD3,run-20260803_140314-fwh9c693aqn1ilbshzxuj,184,9,0.016048789346246973
Transformer+GAIL+TD3,run-20260803_140314-fwh9c693aqn1ilbshzxuj,184,10,0.01914322033898305
Transformer+GAIL+TD3,run-20260803_140314-fwh9c693aqn1ilbshzxuj,184,11,0.023346610169491525
Transformer+GAIL+TD3,run-20260803_140314-fwh9c693aqn1ilbshzxuj,184,12,0.033106900726392254
Transformer+GAIL+TD3,run-20260803_140314-fwh9c693aqn1ilbshzxuj,184,13,0.04857300242130751
Transformer+GAIL+TD3,run-20260803_140314-fwh9c693aqn1ilbshzxuj,184,14,0.06483208232445521
Transformer+GAIL+TD3,run-20260803_140314-fwh9c693aqn1ilbshzxuj,184,15,0.08012869249394673
Transformer+GAIL+TD3,run-20260803_140314-fwh9c693aqn1ilbshzxuj,184,16,0.09505363196125907
Transformer+GAIL+TD3,run-20260803_140314-fwh9c693aqn1ilbshzxuj,184,17,0.11057663438256658
Transformer+GAIL+TD3,run-20260803_140314-fwh9c693aqn1ilbshzxuj,184,18,0.12636355932203389
Transformer+GAIL+TD3,run-20260803_140314-fwh9c693aqn1ilbshzxuj,184,19,0.14199309927360773
Transformer+GAIL+TD3,run-20260803_140314-fwh9c693aqn1ilbshzxuj,184,20,0.1572461259079903
Transformer+GAIL+TD3,run-20260803_140314-fwh9c693aqn1ilbshzxuj,184,21,0.1718865617433414
Transformer+GAIL+TD3,run-20260803_140314-fwh9c693aqn1ilbshzxuj,184,22,0.1871274818401937
Transformer+GAIL+TD3,run-20260803_140314-fwh9c693aqn1ilbshzxuj,184,23,0.202959200968523
Transformer+GAIL+TD3,run-20260803_140314-fwh9c693aqn1ilbshzxuj,184,24,0.21759116222760289
Transformer+GAIL+TD3,run-20260803_140314-fwh9c693aqn1ilbshzxuj,184,25,0.2326093220338983
Transformer+GAIL+TD3,run-20260803_140314-fwh9c693aqn1ilbshzxuj,184,26,0.24907542372881358
Transformer+GAIL+TD3,run-20260803_140314-fwh9c693aqn1ilbshzxuj,184,27,0.2657424939467313
Transformer+GAIL+TD3,run-20260803_140314-fwh9c693aqn1ilbshzxuj,184,28,0.28243256658595645
Transformer+GAIL+TD3,run-20260803_140314-fwh9c693aqn1ilbshzxuj,184,29,0.2992122276029056
Transformer+GAIL+TD3,run-20260803_140314-fwh9c693aqn1ilbshzxuj,184,30,0.3159773607748184
Transformer+GAIL+TD3,run-20260803_140314-fwh9c693aqn1ilbshzxuj,184,31,0.3321311138014528
Transformer+GAIL+TD3,run-20260803_140314-fwh9c693aqn1ilbshzxuj,184,32,0.3480124697336562
Transformer+GAIL+TD3,run-20260803_140314-fwh9c693aqn1ilbshzxuj,184,33,0.364505205811138
Transformer+GAIL+TD3,run-20260803_140314-fwh9c693aqn1ilbshzxuj,184,34,0.38128486682808715
Transformer+GAIL+TD3,run-20260803_140314-fwh9c693aqn1ilbshzxuj,184,35,0.3980645278450363
Transformer+GAIL+TD3,run-20260803_140314-fwh9c693aqn1ilbshzxuj,184,36,0.4148441888619855
Transformer+GAIL+TD3,run-20260803_140314-fwh9c693aqn1ilbshzxuj,184,37,0.43162384987893465
Transformer+GAIL+TD3,run-20260803_140314-fwh9c693aqn1ilbshzxuj,184,38,0.44840351089588376
Transformer+GAIL+TD3,run-20260803_140314-fwh9c693aqn1ilbshzxuj,184,39,0.4651831719128329
Transformer+GAIL+TD3,run-20260803_140314-fwh9c693aqn1ilbshzxuj,184,40,0.4819628329297821
Transformer+GAIL+TD3,run-20260803_140314-fwh9c693aqn1ilbshzxuj,184,41,0.49874249394673126
Transformer+GAIL+TD3,run-20260803_140314-fwh9c693aqn1ilbshzxuj,184,42,0.5155221549636804
Transformer+GAIL+TD3,run-20260803_140314-fwh9c693aqn1ilbshzxuj,184,43,0.5323018159806295
Transformer+GAIL+TD3,run-20260803_140314-fwh9c693aqn1ilbshzxuj,184,44,0.5490814769975787
Transformer+GAIL+TD3,run-20260803_140314-fwh9c693aqn1ilbshzxuj,184,45,0.5658611380145279
Transformer+GAIL+TD3,run-20260803_140314-fwh9c693aqn1ilbshzxuj,184,46,0.582640799031477
Transformer+GAIL+TD3,run-20260803_140314-fwh9c693aqn1ilbshzxuj,184,47,0.5994204600484262
Transformer+GAIL+TD3,run-20260803_140314-fwh9c693aqn1ilbshzxuj,184,48,0.6162001210653753
Transformer+GAIL+TD3,run-20260803_140314-fwh9c693aqn1ilbshzxuj,184,49,0.6329797820823244
Transformer+GAIL+TD3,run-20260803_140314-fwh9c693aqn1ilbshzxuj,184,50,0.6497594430992736
Transformer+GAIL+TD3,run-20260803_140314-fwh9c693aqn1ilbshzxuj,184,51,0.6665391041162227
Transformer+GAIL+TD3,run-20260803_140314-fwh9c693aqn1ilbshzxuj,184,52,0.6833187651331719
Transformer+GAIL+TD3,run-20260803_140314-fwh9c693aqn1ilbshzxuj,184,53,0.700098426150121
Transformer+GAIL+TD3,run-20260803_140314-fwh9c693aqn1ilbshzxuj,184,54,0.7168780871670701
Transformer+GAIL+TD3,run-20260803_140314-fwh9c693aqn1ilbshzxuj,184,55,0.7336577481840193
Transformer+GAIL+TD3,run-20260803_140314-fwh9c693aqn1ilbshzxuj,184,56,0.7504374092009685
Transformer+GAIL+TD3,run-20260803_140314-fwh9c693aqn1ilbshzxuj,184,57,0.7672170702179176
Transformer+GAIL+TD3,run-20260803_140314-fwh9c693aqn1ilbshzxuj,184,58,0.7839967312348668
Transformer+GAIL+TD3,run-20260803_140314-fwh9c693aqn1ilbshzxuj,184,59,0.8007763922518158
Transformer+GAIL+TD3,run-20260803_140314-fwh9c693aqn1ilbshzxuj,184,60,0.817556053268765
Transformer+GAIL+TD3,run-20260803_184318-aul0qxysmhizt29lqppem,291,1,0.0
Transformer+GAIL+TD3,run-20260803_184318-aul0qxysmhizt29lqppem,291,2,0.0012161016949152543
Transformer+GAIL+TD3,run-20260803_184318-aul0qxysmhizt29lqppem,291,3,0.002780508474576271
Transformer+GAIL+TD3,run-20260803_184318-aul0qxysmhizt29lqppem,291,4,0.00495
Transformer+GAIL+TD3,run-20260803_184318-aul0qxysmhizt29lqppem,291,5,0.0073788135593220346
Transformer+GAIL+TD3,run-20260803_184318-aul0qxysmhizt29lqppem,291,6,0.009940677966101695
Transformer+GAIL+TD3,run-20260803_184318-aul0qxysmhizt29lqppem,291,7,0.012896973365617435
Transformer+GAIL+TD3,run-20260803_184318-aul0qxysmhizt29lqppem,291,8,0.016083414043583537
Transformer+GAIL+TD3,run-20260803_184318-aul0qxysmhizt29lqppem,291,9,0.019789225181598064
Transformer+GAIL+TD3,run-20260803_184318-aul0qxysmhizt29lqppem,291,10,0.025395762711864407
Transformer+GAIL+TD3,run-20260803_184318-aul0qxysmhizt29lqppem,291,11,0.03606525423728814
Transformer+GAIL+TD3,run-20260803_184318-aul0qxysmhizt29lqppem,291,12,0.05123958837772397
Transformer+GAIL+TD3,run-20260803_184318-aul0qxysmhizt29lqppem,291,13,0.06719237288135593
Transformer+GAIL+TD3,run-20260803_184318-aul0qxysmhizt29lqppem,291,14,0.0835047215496368
Transformer+GAIL+TD3,run-20260803_184318-aul0qxysmhizt29lqppem,291,15,0.10019116222760291
Transformer+GAIL+TD3,run-20260803_184318-aul0qxysmhizt29lqppem,291,16,0.11659915254237287
Transformer+GAIL+TD3,run-20260803_184318-aul0qxysmhizt29lqppem,291,17,0.13276501210653752
Transformer+GAIL+TD3,run-20260803_184318-aul0qxysmhizt29lqppem,291,18,0.14859309927360773
Transformer+GAIL+TD3,run-20260803_184318-aul0qxysmhizt29lqppem,291,19,0.16391271186440676
Transformer+GAIL+TD3,run-20260803_184318-aul0qxysmhizt29lqppem,291,20,0.17970447941888618
Transformer+GAIL+TD3,run-20260803_184318-aul0qxysmhizt29lqppem,291,21,0.19535944309927356
Transformer+GAIL+TD3,run-20260803_184318-aul0qxysmhizt29lqppem,291,22,0.21050593220338978
Transformer+GAIL+TD3,run-20260803_184318-aul0qxysmhizt29lqppem,291,23,0.21887397094430988
Transformer+GAIL+TD3,run-20260803_184318-aul0qxysmhizt29lqppem,291,24,0.22030375302663435
Transformer+GAIL+TD3,run-20260803_184318-aul0qxysmhizt29lqppem,291,25,0.22181949152542368
Transformer+GAIL+TD3,run-20260803_184318-aul0qxysmhizt29lqppem,291,26,0.22534854721549633
Transformer+GAIL+TD3,run-20260803_184318-aul0qxysmhizt29lqppem,291,27,0.23652651331719124
Transformer+GAIL+TD3,run-20260803_184318-aul0qxysmhizt29lqppem,291,28,0.2476778450363196
Transformer+GAIL+TD3,run-20260803_184318-aul0qxysmhizt29lqppem,291,29,0.2515918886198547
Transformer+GAIL+TD3,run-20260803_184318-aul0qxysmhizt29lqppem,291,30,0.2538388619854721
Transformer+GAIL+TD3,run-20260803_184318-aul0qxysmhizt29lqppem,291,31,0.2568558111380145
Transformer+GAIL+TD3,run-20260803_184318-aul0qxysmhizt29lqppem,291,32,0.26418995157384983
Transformer+GAIL+TD3,run-20260803_184318-aul0qxysmhizt29lqppem,291,33,0.27734854721549634
Transformer+GAIL+TD3,run-20260803_184318-aul0qxysmhizt29lqppem,291,34,0.2931838983050847
Transformer+GAIL+TD3,run-20260803_184318-aul0qxysmhizt29lqppem,291,35,0.30958704600484255
Transformer+GAIL+TD3,run-20260803_184318-aul0qxysmhizt29lqppem,291,36,0.3262916464891041
Transformer+GAIL+TD3,run-20260803_184318-aul0qxysmhizt29lqppem,291,37,0.34307130750605325
Transformer+GAIL+TD3,run-20260803_184318-aul0qxysmhizt29lqppem,291,38,0.35985096852300236
Transformer+GAIL+TD3,run-20260803_184318-aul0qxysmhizt29lqppem,291,39,0.37663062953995147
Transformer+GAIL+TD3,run-20260803_184318-aul0qxysmhizt29lqppem,291,40,0.39341029055690063
Transformer+GAIL+TD3,run-20260803_184318-aul0qxysmhizt29lqppem,291,41,0.4101899515738498
Transformer+GAIL+TD3,run-20260803_184318-aul0qxysmhizt29lqppem,291,42,0.42696961259079896
Transformer+GAIL+TD3,run-20260803_184318-aul0qxysmhizt29lqppem,291,43,0.44374927360774813
Transformer+GAIL+TD3,run-20260803_184318-aul0qxysmhizt29lqppem,291,44,0.46052893462469724
Transformer+GAIL+TD3,run-20260803_184318-aul0qxysmhizt29lqppem,291,45,0.4773085956416464
Transformer+GAIL+TD3,run-20260803_184318-aul0qxysmhizt29lqppem,291,46,0.49408825665859557
Transformer+GAIL+TD3,run-20260803_184318-aul0qxysmhizt29lqppem,291,47,0.5108679176755447
Transformer+GAIL+TD3,run-20260803_184318-aul0qxysmhizt29lqppem,291,48,0.5276475786924939
Transformer+GAIL+TD3,run-20260803_184318-aul0qxysmhizt29lqppem,291,49,0.5444272397094431
Transformer+GAIL+TD3,run-20260803_184318-aul0qxysmhizt29lqppem,291,50,0.5612069007263921
Transformer+GAIL+TD3,run-20260803_184318-aul0qxysmhizt29lqppem,291,51,0.5779865617433413
Transformer+GAIL+TD3,run-20260803_184318-aul0qxysmhizt29lqppem,291,52,0.5947662227602905
Transformer+GAIL+TD3,run-20260803_184318-aul0qxysmhizt29lqppem,291,53,0.6115458837772396
Transformer+GAIL+TD3,run-20260803_184318-aul0qxysmhizt29lqppem,291,54,0.6283255447941888
Transformer+GAIL+TD3,run-20260803_184318-aul0qxysmhizt29lqppem,291,55,0.645105205811138
Transformer+GAIL+TD3,run-20260803_184318-aul0qxysmhizt29lqppem,291,56,0.6618848668280871
Transformer+GAIL+TD3,run-20260803_184318-aul0qxysmhizt29lqppem,291,57,0.6786645278450363
Transformer+GAIL+TD3,run-20260803_184318-aul0qxysmhizt29lqppem,291,58,0.6954441888619853
Transformer+GAIL+TD3,run-20260803_184318-aul0qxysmhizt29lqppem,291,59,0.7122238498789345
Transformer+GAIL+TD3,run-20260803_184318-aul0qxysmhizt29lqppem,291,60,0.7290035108958837
Transformer+GAIL+TD3,run-20260803_230940-fppukurfag5la2x2fx1oi,83,1,0.0
Transformer+GAIL+TD3,run-20260803_230940-fppukurfag5la2x2fx1oi,83,2,0.0011584745762711864
Transformer+GAIL+TD3,run-20260803_230940-fppukurfag5la2x2fx1oi,83,3,0.0027101694915254233
Transformer+GAIL+TD3,run-20260803_230940-fppukurfag5la2x2fx1oi,83,4,0.004833050847457627
Transformer+GAIL+TD3,run-20260803_230940-fppukurfag5la2x2fx1oi,83,5,0.007209322033898304
Transformer+GAIL+TD3,run-20260803_230940-fppukurfag5la2x2fx1oi,83,6,0.009730508474576271
Transformer+GAIL+TD3,run-20260803_230940-fppukurfag5la2x2fx1oi,83,7,0.012511985472154962
Transformer+GAIL+TD3,run-20260803_230940-fppukurfag5la2x2fx1oi,83,8,0.015607627118644064
Transformer+GAIL+TD3,run-20260803_230940-fppukurfag5la2x2fx1oi,83,9,0.02075290556900726
Transformer+GAIL+TD3,run-20260803_230940-fppukurfag5la2x2fx1oi,83,10,0.030978087167070213
Transformer+GAIL+TD3,run-20260803_230940-fppukurfag5la2x2fx1oi,83,11,0.0444998789346247
Transformer+GAIL+TD3,run-20260803_230940-fppukurfag5la2x2fx1oi,83,12,0.05901924939467312
Transformer+GAIL+TD3,run-20260803_230940-fppukurfag5la2x2fx1oi,83,13,0.07479285714285713
Transformer+GAIL+TD3,run-20260803_230940-fppukurfag5la2x2fx1oi,83,14,0.09104225181598063
Transformer+GAIL+TD3,run-20260803_230940-fppukurfag5la2x2fx1oi,83,15,0.1073449152542373
Transformer+GAIL+TD3,run-20260803_230940-fppukurfag5la2x2fx1oi,83,16,0.12378317191283293
Transformer+GAIL+TD3,run-20260803_230940-fppukurfag5la2x2fx1oi,83,17,0.1404599273607748
Transformer+GAIL+TD3,run-20260803_230940-fppukurfag5la2x2fx1oi,83,18,0.15702409200968523
Transformer+GAIL+TD3,run-20260803_230940-fppukurfag5la2x2fx1oi,83,19,0.17239455205811138
Transformer+GAIL+TD3,run-20260803_230940-fppukurfag5la2x2fx1oi,83,20,0.18650351089588377
Transformer+GAIL+TD3,run-20260803_230940-fppukurfag5la2x2fx1oi,83,21,0.1991536319612591
Transformer+GAIL+TD3,run-20260803_230940-fppukurfag5la2x2fx1oi,83,22,0.21259552058111383
Transformer+GAIL+TD3,run-20260803_230940-fppukurfag5la2x2fx1oi,83,23,0.22684128329297823
Transformer+GAIL+TD3,run-20260803_230940-fppukurfag5la2x2fx1oi,83,24,0.24046355932203392
Transformer+GAIL+TD3,run-20260803_230940-fppukurfag5la2x2fx1oi,83,25,0.25476985472154967
Transformer+GAIL+TD3,run-20260803_230940-fppukurfag5la2x2fx1oi,83,26,0.26858341404358355
Transformer+GAIL+TD3,run-20260803_230940-fppukurfag5la2x2fx1oi,83,27,0.28253256658595644
Transformer+GAIL+TD3,run-20260803_230940-fppukurfag5la2x2fx1oi,83,28,0.2978400726392252
Transformer+GAIL+TD3,run-20260803_230940-fppukurfag5la2x2fx1oi,83,29,0.3138110169491526
Transformer+GAIL+TD3,run-20260803_230940-fppukurfag5la2x2fx1oi,83,30,0.32962336561743344
Transformer+GAIL+TD3,run-20260803_230940-fppukurfag5la2x2fx1oi,83,31,0.34480012106537533
Transformer+GAIL+TD3,run-20260803_230940-fppukurfag5la2x2fx1oi,83,32,0.3598497578692494
Transformer+GAIL+TD3,run-20260803_230940-fppukurfag5la2x2fx1oi,83,33,0.3754078692493947
Transformer+GAIL+TD3,run-20260803_230940-fppukurfag5la2x2fx1oi,83,34,0.39116815980629543
Transformer+GAIL+TD3,run-20260803_230940-fppukurfag5la2x2fx1oi,83,35,0.40691755447941896
Transformer+GAIL+TD3,run-20260803_230940-fppukurfag5la2x2fx1oi,83,36,0.4227674334140436
Transformer+GAIL+TD3,run-20260803_230940-fppukurfag5la2x2fx1oi,83,37,0.4385979418886199
Transformer+GAIL+TD3,run-20260803_230940-fppukurfag5la2x2fx1oi,83,38,0.4544889830508475
Transformer+GAIL+TD3,run-20260803_230940-fppukurfag5la2x2fx1oi,83,39,0.470105205811138
Transformer+GAIL+TD3,run-20260803_230940-fppukurfag5la2x2fx1oi,83,40,0.48559430992736075
Transformer+GAIL+TD3,run-20260803_230940-fppukurfag5la2x2fx1oi,83,41,0.5012771186440678
Transformer+GAIL+TD3,run-20260803_230940-fppukurfag5la2x2fx1oi,83,42,0.5167819612590798
Transformer+GAIL+TD3,run-20260803_230940-fppukurfag5la2x2fx1oi,83,43,0.5325967312348668
Transformer+GAIL+TD3,run-20260803_230940-fppukurfag5la2x2fx1oi,83,44,0.5486269975786925
Transformer+GAIL+TD3,run-20260803_230940-fppukurfag5la2x2fx1oi,83,45,0.5645289346246973
Transformer+GAIL+TD3,run-20260803_230940-fppukurfag5la2x2fx1oi,83,46,0.5804405569007264
Transformer+GAIL+TD3,run-20260803_230940-fppukurfag5la2x2fx1oi,83,47,0.5962759079903147
Transformer+GAIL+TD3,run-20260803_230940-fppukurfag5la2x2fx1oi,83,48,0.6119792978208233
Transformer+GAIL+TD3,run-20260803_230940-fppukurfag5la2x2fx1oi,83,49,0.6276826876513317
Transformer+GAIL+TD3,run-20260803_230940-fppukurfag5la2x2fx1oi,83,50,0.6435676755447942
Transformer+GAIL+TD3,run-20260803_230940-fppukurfag5la2x2fx1oi,83,51,0.6596439467312348
Transformer+GAIL+TD3,run-20260803_230940-fppukurfag5la2x2fx1oi,83,52,0.6757020581113802
Transformer+GAIL+TD3,run-20260803_230940-fppukurfag5la2x2fx1oi,83,53,0.6915325665859564
Transformer+GAIL+TD3,run-20260803_230940-fppukurfag5la2x2fx1oi,83,54,0.7071185230024214
Transformer+GAIL+TD3,run-20260803_230940-fppukurfag5la2x2fx1oi,83,55,0.7227952784503633
Transformer+GAIL+TD3,run-20260803_230940-fppukurfag5la2x2fx1oi,83,56,0.7385664648910413
Transformer+GAIL+TD3,run-20260803_230940-fppukurfag5la2x2fx1oi,83,57,0.754324334140436
Transformer+GAIL+TD3,run-20260803_230940-fppukurfag5la2x2fx1oi,83,58,0.7703085956416467
Transformer+GAIL+TD3,run-20260803_230940-fppukurfag5la2x2fx1oi,83,59,0.786411501210654
Transformer+GAIL+TD3,run-20260803_230940-fppukurfag5la2x2fx1oi,83,60,0.8022976997578695
Transformer+GAIL+TD3,run-20260804_032742-bokbzrq8duu2nwsn841zp,739,1,0.0
Transformer+GAIL+TD3,run-20260804_032742-bokbzrq8duu2nwsn841zp,739,2,0.0012228813559322033
Transformer+GAIL+TD3,run-20260804_032742-bokbzrq8duu2nwsn841zp,739,3,0.0028347457627118646
Transformer+GAIL+TD3,run-20260804_032742-bokbzrq8duu2nwsn841zp,739,4,0.004730508474576271
Transformer+GAIL+TD3,run-20260804_032742-bokbzrq8duu2nwsn841zp,739,5,0.006877118644067797
Transformer+GAIL+TD3,run-20260804_032742-bokbzrq8duu2nwsn841zp,739,6,0.009676271186440679
Transformer+GAIL+TD3,run-20260804_032742-bokbzrq8duu2nwsn841zp,739,7,0.01444443099273608
Transformer+GAIL+TD3,run-20260804_032742-bokbzrq8duu2nwsn841zp,739,8,0.02330036319612591
Transformer+GAIL+TD3,run-20260804_032742-bokbzrq8duu2nwsn841zp,739,9,0.03636694915254238
Transformer+GAIL+TD3,run-20260804_032742-bokbzrq8duu2nwsn841zp,739,10,0.05171198547215497
Transformer+GAIL+TD3,run-20260804_032742-bokbzrq8duu2nwsn841zp,739,11,0.06704249394673124
Transformer+GAIL+TD3,run-20260804_032742-bokbzrq8duu2nwsn841zp,739,12,0.08127736077481841
Transformer+GAIL+TD3,run-20260804_032742-bokbzrq8duu2nwsn841zp,739,13,0.09620593220338983
Transformer+GAIL+TD3,run-20260804_032742-bokbzrq8duu2nwsn841zp,739,14,0.11263813559322035
Transformer+GAIL+TD3,run-20260804_032742-bokbzrq8duu2nwsn841zp,739,15,0.1291260290556901
Transformer+GAIL+TD3,run-20260804_032742-bokbzrq8duu2nwsn841zp,739,16,0.14543232445520582
Transformer+GAIL+TD3,run-20260804_032742-bokbzrq8duu2nwsn841zp,739,17,0.1614081113801453
Transformer+GAIL+TD3,run-20260804_032742-bokbzrq8duu2nwsn841zp,739,18,0.1774492736077482
Transformer+GAIL+TD3,run-20260804_032742-bokbzrq8duu2nwsn841zp,739,19,0.1938814769975787
Transformer+GAIL+TD3,run-20260804_032742-bokbzrq8duu2nwsn841zp,739,20,0.21051585956416466
Transformer+GAIL+TD3,run-20260804_032742-bokbzrq8duu2nwsn841zp,739,21,0.2272894673123487
Transformer+GAIL+TD3,run-20260804_032742-bokbzrq8duu2nwsn841zp,739,22,0.24372530266343828
Transformer+GAIL+TD3,run-20260804_032742-bokbzrq8duu2nwsn841zp,739,23,0.25979673123486685
Transformer+GAIL+TD3,run-20260804_032742-bokbzrq8duu2nwsn841zp,739,24,0.2747289346246974
Transformer+GAIL+TD3,run-20260804_032742-bokbzrq8duu2nwsn841zp,739,25,0.28937905569007266
Transformer+GAIL+TD3,run-20260804_032742-bokbzrq8duu2nwsn841zp,739,26,0.3050376513317192
Transformer+GAIL+TD3,run-20260804_032742-bokbzrq8duu2nwsn841zp,739,27,0.3205279661016949
Transformer+GAIL+TD3,run-20260804_032742-bokbzrq8duu2nwsn841zp,739,28,0.3360158595641647
Transformer+GAIL+TD3,run-20260804_032742-bokbzrq8duu2nwsn841zp,739,29,0.3517325665859564
Transformer+GAIL+TD3,run-20260804_032742-bokbzrq8duu2nwsn841zp,739,30,0.3676575060532688
Transformer+GAIL+TD3,run-20260804_032742-bokbzrq8duu2nwsn841zp,739,31,0.38391658595641653
Transformer+GAIL+TD3,run-20260804_032742-bokbzrq8duu2nwsn841zp,739,32,0.4002301452784504
Transformer+GAIL+TD3,run-20260804_032742-bokbzrq8duu2nwsn841zp,739,33,0.41651707021791773
Transformer+GAIL+TD3,run-20260804_032742-bokbzrq8duu2nwsn841zp,739,34,0.432529176755448
Transformer+GAIL+TD3,run-20260804_032742-bokbzrq8duu2nwsn841zp,739,35,0.4484141646489105
Transformer+GAIL+TD3,run-20260804_032742-bokbzrq8duu2nwsn841zp,739,36,0.46433547215496374
Transformer+GAIL+TD3,run-20260804_032742-bokbzrq8duu2nwsn841zp,739,37,0.4802531476997579
Transformer+GAIL+TD3,run-20260804_032742-bokbzrq8duu2nwsn841zp,739,38,0.49637179176755447
Transformer+GAIL+TD3,run-20260804_032742-bokbzrq8duu2nwsn841zp,739,39,0.5126538740920097
Transformer+GAIL+TD3,run-20260804_032742-bokbzrq8duu2nwsn841zp,739,40,0.5287047215496368
Transformer+GAIL+TD3,run-20260804_032742-bokbzrq8duu2nwsn841zp,739,41,0.5447216707021791
Transformer+GAIL+TD3,run-20260804_032742-bokbzrq8duu2nwsn841zp,739,42,0.5608717917675544
Transformer+GAIL+TD3,run-20260804_032742-bokbzrq8duu2nwsn841zp,739,43,0.5770558111380145
Transformer+GAIL+TD3,run-20260804_032742-bokbzrq8duu2nwsn841zp,739,44,0.5932289346246973
Transformer+GAIL+TD3,run-20260804_032742-bokbzrq8duu2nwsn841zp,739,45,0.6091369249394673
Transformer+GAIL+TD3,run-20260804_032742-bokbzrq8duu2nwsn841zp,739,46,0.6250836561743341
Transformer+GAIL+TD3,run-20260804_032742-bokbzrq8duu2nwsn841zp,739,47,0.6411332929782082
Transformer+GAIL+TD3,run-20260804_032742-bokbzrq8duu2nwsn841zp,739,48,0.6572301452784503
Transformer+GAIL+TD3,run-20260804_032742-bokbzrq8duu2nwsn841zp,739,49,0.6733378934624696
Transformer+GAIL+TD3,run-20260804_032742-bokbzrq8duu2nwsn841zp,739,50,0.6895727602905568
Transformer+GAIL+TD3,run-20260804_032742-bokbzrq8duu2nwsn841zp,739,51,0.7058584745762712
Transformer+GAIL+TD3,run-20260804_032742-bokbzrq8duu2nwsn841zp,739,52,0.721995278450363
Transformer+GAIL+TD3,run-20260804_032742-bokbzrq8duu2nwsn841zp,739,53,0.7380049636803873
Transformer+GAIL+TD3,run-20260804_032742-bokbzrq8duu2nwsn841zp,739,54,0.7539698547215494
Transformer+GAIL+TD3,run-20260804_032742-bokbzrq8duu2nwsn841zp,739,55,0.7700727602905567
Transformer+GAIL+TD3,run-20260804_032742-bokbzrq8duu2nwsn841zp,739,56,0.7860776029055688
Transformer+GAIL+TD3,run-20260804_032742-bokbzrq8duu2nwsn841zp,739,57,0.801771307506053
Transformer+GAIL+TD3,run-20260804_032742-bokbzrq8duu2nwsn841zp,739,58,0.8175122276029053
Transformer+GAIL+TD3,run-20260804_032742-bokbzrq8duu2nwsn841zp,739,59,0.8332337772397092
Transformer+GAIL+TD3,run-20260804_032742-bokbzrq8duu2nwsn841zp,739,60,0.84913813559322
Transformer+GAIL+TD3,run-20260804_074910-0ru2eiaczz5qoblq41yzn,894,1,0.0
Transformer+GAIL+TD3,run-20260804_074910-0ru2eiaczz5qoblq41yzn,894,2,0.0011203389830508473
Transformer+GAIL+TD3,run-20260804_074910-0ru2eiaczz5qoblq41yzn,894,3,0.0022110169491525423
Transformer+GAIL+TD3,run-20260804_074910-0ru2eiaczz5qoblq41yzn,894,4,0.0033499999999999997
Transformer+GAIL+TD3,run-20260804_074910-0ru2eiaczz5qoblq41yzn,894,5,0.004623728813559322
Transformer+GAIL+TD3,run-20260804_074910-0ru2eiaczz5qoblq41yzn,894,6,0.00625
Transformer+GAIL+TD3,run-20260804_074910-0ru2eiaczz5qoblq41yzn,894,7,0.008425665859564165
Transformer+GAIL+TD3,run-20260804_074910-0ru2eiaczz5qoblq41yzn,894,8,0.010958353510895885
Transformer+GAIL+TD3,run-20260804_074910-0ru2eiaczz5qoblq41yzn,894,9,0.01403220338983051
Transformer+GAIL+TD3,run-20260804_074910-0ru2eiaczz5qoblq41yzn,894,10,0.018315496368038742
Transformer+GAIL+TD3,run-20260804_074910-0ru2eiaczz5qoblq41yzn,894,11,0.026384503631961265
Transformer+GAIL+TD3,run-20260804_074910-0ru2eiaczz5qoblq41yzn,894,12,0.03820290556900727
Transformer+GAIL+TD3,run-20260804_074910-0ru2eiaczz5qoblq41yzn,894,13,0.05057094430992736
Transformer+GAIL+TD3,run-20260804_074910-0ru2eiaczz5qoblq41yzn,894,14,0.06376222760290556
Transformer+GAIL+TD3,run-20260804_074910-0ru2eiaczz5qoblq41yzn,894,15,0.07925133171912833
Transformer+GAIL+TD3,run-20260804_074910-0ru2eiaczz5qoblq41yzn,894,16,0.09603099273607749
Transformer+GAIL+TD3,run-20260804_074910-0ru2eiaczz5qoblq41yzn,894,17,0.11281065375302664
Transformer+GAIL+TD3,run-20260804_074910-0ru2eiaczz5qoblq41yzn,894,18,0.1295903147699758
Transformer+GAIL+TD3,run-20260804_074910-0ru2eiaczz5qoblq41yzn,894,19,0.14636997578692496
Transformer+GAIL+TD3,run-20260804_074910-0ru2eiaczz5qoblq41yzn,894,20,0.1623820823244552
Transformer+GAIL+TD3,run-20260804_074910-0ru2eiaczz5qoblq41yzn,894,21,0.1781556900726392
Transformer+GAIL+TD3,run-20260804_074910-0ru2eiaczz5qoblq41yzn,894,22,0.1943566585956416
Transformer+GAIL+TD3,run-20260804_074910-0ru2eiaczz5qoblq41yzn,894,23,0.2107961259079903
Transformer+GAIL+TD3,run-20260804_074910-0ru2eiaczz5qoblq41yzn,894,24,0.22757578692493946
Transformer+GAIL+TD3,run-20260804_074910-0ru2eiaczz5qoblq41yzn,894,25,0.2443554479418886
Transformer+GAIL+TD3,run-20260804_074910-0ru2eiaczz5qoblq41yzn,894,26,0.2611351089588378
Transformer+GAIL+TD3,run-20260804_074910-0ru2eiaczz5qoblq41yzn,894,27,0.277782808716707
Transformer+GAIL+TD3,run-20260804_074910-0ru2eiaczz5qoblq41yzn,894,28,0.29434092009685225
Transformer+GAIL+TD3,run-20260804_074910-0ru2eiaczz5qoblq41yzn,894,29,0.31100435835351087
Transformer+GAIL+TD3,run-20260804_074910-0ru2eiaczz5qoblq41yzn,894,30,0.3277573849878934
Transformer+GAIL+TD3,run-20260804_074910-0ru2eiaczz5qoblq41yzn,894,31,0.3445370460048426
Transformer+GAIL+TD3,run-20260804_074910-0ru2eiaczz5qoblq41yzn,894,32,0.3610782082324455
Transformer+GAIL+TD3,run-20260804_074910-0ru2eiaczz5qoblq41yzn,894,33,0.3773711864406779
Transformer+GAIL+TD3,run-20260804_074910-0ru2eiaczz5qoblq41yzn,894,34,0.39356004842615006
Transformer+GAIL+TD3,run-20260804_074910-0ru2eiaczz5qoblq41yzn,894,35,0.40991476997578685
Transformer+GAIL+TD3,run-20260804_074910-0ru2eiaczz5qoblq41yzn,894,36,0.4264014527845036
Transformer+GAIL+TD3,run-20260804_074910-0ru2eiaczz5qoblq41yzn,894,37,0.4429317191283293
Transformer+GAIL+TD3,run-20260804_074910-0ru2eiaczz5qoblq41yzn,894,38,0.45950072639225176
Transformer+GAIL+TD3,run-20260804_074910-0ru2eiaczz5qoblq41yzn,894,39,0.4756859564164649
Transformer+GAIL+TD3,run-20260804_074910-0ru2eiaczz5qoblq41yzn,894,40,0.49188450363196123
Transformer+GAIL+TD3,run-20260804_074910-0ru2eiaczz5qoblq41yzn,894,41,0.5083179176755448
Transformer+GAIL+TD3,run-20260804_074910-0ru2eiaczz5qoblq41yzn,894,42,0.5246968523002421
Transformer+GAIL+TD3,run-20260804_074910-0ru2eiaczz5qoblq41yzn,894,43,0.5411157384987894
Transformer+GAIL+TD3,run-20260804_074910-0ru2eiaczz5qoblq41yzn,894,44,0.5573094430992735
Transformer+GAIL+TD3,run-20260804_074910-0ru2eiaczz5qoblq41yzn,894,45,0.5733663438256659
Transformer+GAIL+TD3,run-20260804_074910-0ru2eiaczz5qoblq41yzn,894,46,0.5896569007263922
Transformer+GAIL+TD3,run-20260804_074910-0ru2eiaczz5qoblq41yzn,894,47,0.6056847457627118
Transformer+GAIL+TD3,run-20260804_074910-0ru2eiaczz5qoblq41yzn,894,48,0.6218760290556901
Transformer+GAIL+TD3,run-20260804_074910-0ru2eiaczz5qoblq41yzn,894,49,0.638188377723971
Transformer+GAIL+TD3,run-20260804_074910-0ru2eiaczz5qoblq41yzn,894,50,0.6542694915254237
Transformer+GAIL+TD3,run-20260804_074910-0ru2eiaczz5qoblq41yzn,894,51,0.6707077481840195
Transformer+GAIL+TD3,run-20260804_074910-0ru2eiaczz5qoblq41yzn,894,52,0.687185956416465
Transformer+GAIL+TD3,run-20260804_074910-0ru2eiaczz5qoblq41yzn,894,53,0.7035842615012107
Transformer+GAIL+TD3,run-20260804_074910-0ru2eiaczz5qoblq41yzn,894,54,0.720097578692494
Transformer+GAIL+TD3,run-20260804_074910-0ru2eiaczz5qoblq41yzn,894,55,0.7366447941888621
Transformer+GAIL+TD3,run-20260804_074910-0ru2eiaczz5qoblq41yzn,894,56,0.753092736077482
Transformer+GAIL+TD3,run-20260804_074910-0ru2eiaczz5qoblq41yzn,894,57,0.7695152542372882
Transformer+GAIL+TD3,run-20260804_074910-0ru2eiaczz5qoblq41yzn,894,58,0.7859147699757869
Transformer+GAIL+TD3,run-20260804_074910-0ru2eiaczz5qoblq41yzn,894,59,0.8023070217917675
Transformer+GAIL+TD3,run-20260804_074910-0ru2eiaczz5qoblq41yzn,894,60,0.8186363196125906
Transformer+GAIL+TD3,run-20260804_143637-xctefb9fj42fjxrikipzi,187,1,0.0
Transformer+GAIL+TD3,run-20260804_143637-xctefb9fj42fjxrikipzi,187,2,0.0011677966101694916
Transformer+GAIL+TD3,run-20260804_143637-xctefb9fj42fjxrikipzi,187,3,0.002713559322033898
Transformer+GAIL+TD3,run-20260804_143637-xctefb9fj42fjxrikipzi,187,4,0.004696610169491525
Transformer+GAIL+TD3,run-20260804_143637-xctefb9fj42fjxrikipzi,187,5,0.006890677966101695
Transformer+GAIL+TD3,run-20260804_143637-xctefb9fj42fjxrikipzi,187,6,0.009657627118644069
Transformer+GAIL+TD3,run-20260804_143637-xctefb9fj42fjxrikipzi,187,7,0.013411016949152543
Transformer+GAIL+TD3,run-20260804_143637-xctefb9fj42fjxrikipzi,187,8,0.01872820823244552
Transformer+GAIL+TD3,run-20260804_143637-xctefb9fj42fjxrikipzi,187,9,0.028973970944309924
Transformer+GAIL+TD3,run-20260804_143637-xctefb9fj42fjxrikipzi,187,10,0.0432366828087167
Transformer+GAIL+TD3,run-20260804_143637-xctefb9fj42fjxrikipzi,187,11,0.0587088377723971
Transformer+GAIL+TD3,run-20260804_143637-xctefb9fj42fjxrikipzi,187,12,0.07428874092009685
Transformer+GAIL+TD3,run-20260804_143637-xctefb9fj42fjxrikipzi,187,13,0.08833474576271186
Transformer+GAIL+TD3,run-20260804_143637-xctefb9fj42fjxrikipzi,187,14,0.10181658595641646
Transformer+GAIL+TD3,run-20260804_143637-xctefb9fj42fjxrikipzi,187,15,0.11531658595641646
Transformer+GAIL+TD3,run-20260804_143637-xctefb9fj42fjxrikipzi,187,16,0.1289691283292978
Transformer+GAIL+TD3,run-20260804_143637-xctefb9fj42fjxrikipzi,187,17,0.14296186440677963
Transformer+GAIL+TD3,run-20260804_143637-xctefb9fj42fjxrikipzi,187,18,0.15754297820823243
Transformer+GAIL+TD3,run-20260804_143637-xctefb9fj42fjxrikipzi,187,19,0.17267978208232443
Transformer+GAIL+TD3,run-20260804_143637-xctefb9fj42fjxrikipzi,187,20,0.18815193704600483
Transformer+GAIL+TD3,run-20260804_143637-xctefb9fj42fjxrikipzi,187,21,0.20361440677966103
Transformer+GAIL+TD3,run-20260804_143637-xctefb9fj42fjxrikipzi,187,22,0.21918462469733654
Transformer+GAIL+TD3,run-20260804_143637-xctefb9fj42fjxrikipzi,187,23,0.23526210653753027
Transformer+GAIL+TD3,run-20260804_143637-xctefb9fj42fjxrikipzi,187,24,0.25143401937046006
Transformer+GAIL+TD3,run-20260804_143637-xctefb9fj42fjxrikipzi,187,25,0.26734322033898306
Transformer+GAIL+TD3,run-20260804_143637-xctefb9fj42fjxrikipzi,187,26,0.28287106537530265
Transformer+GAIL+TD3,run-20260804_143637-xctefb9fj42fjxrikipzi,187,27,0.2984872881355932
Transformer+GAIL+TD3,run-20260804_143637-xctefb9fj42fjxrikipzi,187,28,0.31422457627118644
Transformer+GAIL+TD3,run-20260804_143637-xctefb9fj42fjxrikipzi,187,29,0.3300320823244552
Transformer+GAIL+TD3,run-20260804_143637-xctefb9fj42fjxrikipzi,187,30,0.3461652542372881
Transformer+GAIL+TD3,run-20260804_143637-xctefb9fj42fjxrikipzi,187,31,0.3626240920096852
Transformer+GAIL+TD3,run-20260804_143637-xctefb9fj42fjxrikipzi,187,32,0.37940375302663437
Transformer+GAIL+TD3,run-20260804_143637-xctefb9fj42fjxrikipzi,187,33,0.3961834140435835
Transformer+GAIL+TD3,run-20260804_143637-xctefb9fj42fjxrikipzi,187,34,0.41296307506053265
Transformer+GAIL+TD3,run-20260804_143637-xctefb9fj42fjxrikipzi,187,35,0.4297427360774818
Transformer+GAIL+TD3,run-20260804_143637-xctefb9fj42fjxrikipzi,187,36,0.446522397094431
Transformer+GAIL+TD3,run-20260804_143637-xctefb9fj42fjxrikipzi,187,37,0.4633020581113801
Transformer+GAIL+TD3,run-20260804_143637-xctefb9fj42fjxrikipzi,187,38,0.48008171912832925
Transformer+GAIL+TD3,run-20260804_143637-xctefb9fj42fjxrikipzi,187,39,0.4968613801452784
Transformer+GAIL+TD3,run-20260804_143637-xctefb9fj42fjxrikipzi,187,40,0.5136410411622275
Transformer+GAIL+TD3,run-20260804_143637-xctefb9fj42fjxrikipzi,187,41,0.5304207021791767
Transformer+GAIL+TD3,run-20260804_143637-xctefb9fj42fjxrikipzi,187,42,0.5472003631961259
Transformer+GAIL+TD3,run-20260804_143637-xctefb9fj42fjxrikipzi,187,43,0.563980024213075
Transformer+GAIL+TD3,run-20260804_143637-xctefb9fj42fjxrikipzi,187,44,0.5807596852300242
Transformer+GAIL+TD3,run-20260804_143637-xctefb9fj42fjxrikipzi,187,45,0.5975393462469734
Transformer+GAIL+TD3,run-20260804_143637-xctefb9fj42fjxrikipzi,187,46,0.6143190072639225
Transformer+GAIL+TD3,run-20260804_143637-xctefb9fj42fjxrikipzi,187,47,0.6310986682808717
Transformer+GAIL+TD3,run-20260804_143637-xctefb9fj42fjxrikipzi,187,48,0.6478783292978207
Transformer+GAIL+TD3,run-20260804_143637-xctefb9fj42fjxrikipzi,187,49,0.6646579903147699
Transformer+GAIL+TD3,run-20260804_143637-xctefb9fj42fjxrikipzi,187,50,0.6814376513317191
Transformer+GAIL+TD3,run-20260804_143637-xctefb9fj42fjxrikipzi,187,51,0.6982173123486684
Transformer+GAIL+TD3,run-20260804_143637-xctefb9fj42fjxrikipzi,187,52,0.7149969733656175
Transformer+GAIL+TD3,run-20260804_143637-xctefb9fj42fjxrikipzi,187,53,0.7317766343825667
Transformer+GAIL+TD3,run-20260804_143637-xctefb9fj42fjxrikipzi,187,54,0.7485562953995157
Transformer+GAIL+TD3,run-20260804_143637-xctefb9fj42fjxrikipzi,187,55,0.7653359564164649
Transformer+GAIL+TD3,run-20260804_143637-xctefb9fj42fjxrikipzi,187,56,0.7821156174334141
Transformer+GAIL+TD3,run-20260804_143637-xctefb9fj42fjxrikipzi,187,57,0.7988952784503632
Transformer+GAIL+TD3,run-20260804_143637-xctefb9fj42fjxrikipzi,187,58,0.8156749394673124
Transformer+GAIL+TD3,run-20260804_143637-xctefb9fj42fjxrikipzi,187,59,0.8324546004842616
Transformer+GAIL+TD3,run-20260804_143637-xctefb9fj42fjxrikipzi,187,60,0.8492342615012107
Transformer+GAIL+TD3,run-20260804_194337-vw1q9stutep8qeeqimbam,192,1,0.0
Transformer+GAIL+TD3,run-20260804_194337-vw1q9stutep8qeeqimbam,192,2,0.0011161016949152542
Transformer+GAIL+TD3,run-20260804_194337-vw1q9stutep8qeeqimbam,192,3,0.0022432203389830506
Transformer+GAIL+TD3,run-20260804_194337-vw1q9stutep8qeeqimbam,192,4,0.003953389830508474
Transformer+GAIL+TD3,run-20260804_194337-vw1q9stutep8qeeqimbam,192,5,0.006245762711864406
Transformer+GAIL+TD3,run-20260804_194337-vw1q9stutep8qeeqimbam,192,6,0.008360169491525423
Transformer+GAIL+TD3,run-20260804_194337-vw1q9stutep8qeeqimbam,192,7,0.01072869249394673
Transformer+GAIL+TD3,run-20260804_194337-vw1q9stutep8qeeqimbam,192,8,0.013610048426150118
Transformer+GAIL+TD3,run-20260804_194337-vw1q9stutep8qeeqimbam,192,9,0.017394552058111377
Transformer+GAIL+TD3,run-20260804_194337-vw1q9stutep8qeeqimbam,192,10,0.023654842615012103
Transformer+GAIL+TD3,run-20260804_194337-vw1q9stutep8qeeqimbam,192,11,0.03288002421307505
Transformer+GAIL+TD3,run-20260804_194337-vw1q9stutep8qeeqimbam,192,12,0.04468874092009685
Transformer+GAIL+TD3,run-20260804_194337-vw1q9stutep8qeeqimbam,192,13,0.058311016949152535
Transformer+GAIL+TD3,run-20260804_194337-vw1q9stutep8qeeqimbam,192,14,0.07342481840193704
Transformer+GAIL+TD3,run-20260804_194337-vw1q9stutep8qeeqimbam,192,15,0.08958825665859564
Transformer+GAIL+TD3,run-20260804_194337-vw1q9stutep8qeeqimbam,192,16,0.0995361985472155
Transformer+GAIL+TD3,run-20260804_194337-vw1q9stutep8qeeqimbam,192,17,0.10791997578692494
Transformer+GAIL+TD3,run-20260804_194337-vw1q9stutep8qeeqimbam,192,18,0.12286912832929783
Transformer+GAIL+TD3,run-20260804_194337-vw1q9stutep8qeeqimbam,192,19,0.13964878934624697
Transformer+GAIL+TD3,run-20260804_194337-vw1q9stutep8qeeqimbam,192,20,0.1563267554479419
Transformer+GAIL+TD3,run-20260804_194337-vw1q9stutep8qeeqimbam,192,21,0.17280133171912831
Transformer+GAIL+TD3,run-20260804_194337-vw1q9stutep8qeeqimbam,192,22,0.189377602905569
Transformer+GAIL+TD3,run-20260804_194337-vw1q9stutep8qeeqimbam,192,23,0.20615726392251815
Transformer+GAIL+TD3,run-20260804_194337-vw1q9stutep8qeeqimbam,192,24,0.2229369249394673
Transformer+GAIL+TD3,run-20260804_194337-vw1q9stutep8qeeqimbam,192,25,0.23971658595641646
Transformer+GAIL+TD3,run-20260804_194337-vw1q9stutep8qeeqimbam,192,26,0.2564962469733656
Transformer+GAIL+TD3,run-20260804_194337-vw1q9stutep8qeeqimbam,192,27,0.27327590799031476
Transformer+GAIL+TD3,run-20260804_194337-vw1q9stutep8qeeqimbam,192,28,0.2899780871670702
Transformer+GAIL+TD3,run-20260804_194337-vw1q9stutep8qeeqimbam,192,29,0.30668026634382567
Transformer+GAIL+TD3,run-20260804_194337-vw1q9stutep8qeeqimbam,192,30,0.32345992736077483
Transformer+GAIL+TD3,run-20260804_194337-vw1q9stutep8qeeqimbam,192,31,0.340239588377724
Transformer+GAIL+TD3,run-20260804_194337-vw1q9stutep8qeeqimbam,192,32,0.3570192493946731
Transformer+GAIL+TD3,run-20260804_194337-vw1q9stutep8qeeqimbam,192,33,0.3737989104116222
Transformer+GAIL+TD3,run-20260804_194337-vw1q9stutep8qeeqimbam,192,34,0.3905785714285714
Transformer+GAIL+TD3,run-20260804_194337-vw1q9stutep8qeeqimbam,192,35,0.40735823244552055
Transformer+GAIL+TD3,run-20260804_194337-vw1q9stutep8qeeqimbam,192,36,0.4241378934624697
Transformer+GAIL+TD3,run-20260804_194337-vw1q9stutep8qeeqimbam,192,37,0.4409175544794188
Transformer+GAIL+TD3,run-20260804_194337-vw1q9stutep8qeeqimbam,192,38,0.457697215496368
Transformer+GAIL+TD3,run-20260804_194337-vw1q9stutep8qeeqimbam,192,39,0.47447687651331716
Transformer+GAIL+TD3,run-20260804_194337-vw1q9stutep8qeeqimbam,192,40,0.4912565375302663
Transformer+GAIL+TD3,run-20260804_194337-vw1q9stutep8qeeqimbam,192,41,0.5080361985472155
Transformer+GAIL+TD3,run-20260804_194337-vw1q9stutep8qeeqimbam,192,42,0.5248158595641647
Transformer+GAIL+TD3,run-20260804_194337-vw1q9stutep8qeeqimbam,192,43,0.5415955205811138
Transformer+GAIL+TD3,run-20260804_194337-vw1q9stutep8qeeqimbam,192,44,0.5583751815980629
Transformer+GAIL+TD3,run-20260804_194337-vw1q9stutep8qeeqimbam,192,45,0.575154842615012
Transformer+GAIL+TD3,run-20260804_194337-vw1q9stutep8qeeqimbam,192,46,0.5919345036319612
Transformer+GAIL+TD3,run-20260804_194337-vw1q9stutep8qeeqimbam,192,47,0.6087141646489104
Transformer+GAIL+TD3,run-20260804_194337-vw1q9stutep8qeeqimbam,192,48,0.6254938256658595
Transformer+GAIL+TD3,run-20260804_194337-vw1q9stutep8qeeqimbam,192,49,0.6422734866828087
Transformer+GAIL+TD3,run-20260804_194337-vw1q9stutep8qeeqimbam,192,50,0.6590531476997579
Transformer+GAIL+TD3,run-20260804_194337-vw1q9stutep8qeeqimbam,192,51,0.675832808716707
Transformer+GAIL+TD3,run-20260804_194337-vw1q9stutep8qeeqimbam,192,52,0.6926124697336561
Transformer+GAIL+TD3,run-20260804_194337-vw1q9stutep8qeeqimbam,192,53,0.7093921307506053
Transformer+GAIL+TD3,run-20260804_194337-vw1q9stutep8qeeqimbam,192,54,0.7261717917675544
Transformer+GAIL+TD3,run-20260804_194337-vw1q9stutep8qeeqimbam,192,55,0.7429514527845036
Transformer+GAIL+TD3,run-20260804_194337-vw1q9stutep8qeeqimbam,192,56,0.7597311138014528
Transformer+GAIL+TD3,run-20260804_194337-vw1q9stutep8qeeqimbam,192,57,0.7765107748184019
Transformer+GAIL+TD3,run-20260804_194337-vw1q9stutep8qeeqimbam,192,58,0.7932904358353511
Transformer+GAIL+TD3,run-20260804_194337-vw1q9stutep8qeeqimbam,192,59,0.8100700968523002
Transformer+GAIL+TD3,run-20260804_194337-vw1q9stutep8qeeqimbam,192,60,0.8268497578692494
