algorithm,seed,episode,day,dscr,dscr_below_1
Transformer+GAIL+TD3,291,5912,5,6.598375097885669,0
Transformer+GAIL+TD3,291,5912,6,45.54752640355753,0
Transformer+GAIL+TD3,291,5912,7,21.166962349694458,0
Transformer+GAIL+TD3,291,5912,8,12.309581428699472,0
Transformer+GAIL+TD3,291,5912,9,8.269878946119157,0
Transformer+GAIL+TD3,291,5912,10,6.964607013952487,0
Transformer+GAIL+TD3,291,5912,11,8.027633784152473,0
Transformer+GAIL+TD3,291,5912,12,9.195926499889307,0
Transformer+GAIL+TD3,291,5912,13,8.920527787911954,0
Transformer+GAIL+TD3,291,5912,14,5.876468431985198,0
Transformer+GAIL+TD3,291,5912,15,5.3180455162400175,0
Transformer+GAIL+TD3,291,5912,16,4.119237536656891,0
Transformer+GAIL+TD3,291,5912,17,5.650956100188527,0
Transformer+GAIL+TD3,291,5912,18,6.972952025642373,0
Transformer+GAIL+TD3,291,5912,19,5.732222515159505,0
Transformer+GAIL+TD3,291,5912,20,7.389033338324779,0
Transformer+GAIL+TD3,291,5912,21,3.8897406122434437,0
Transformer+GAIL+TD3,291,5912,22,3.9304934388361925,0
Transformer+GAIL+TD3,291,5912,23,3.3373992321190613,0
Transformer+GAIL+TD3,291,5912,24,3.7174694156899655,0
Transformer+GAIL+TD3,291,5912,25,6.096701975334035,0
Transformer+GAIL+TD3,291,5912,26,6.240961968485439,0
Transformer+GAIL+TD3,291,5912,27,4.047960875170856,0
Transformer+GAIL+TD3,291,5912,28,16.995129965381683,0
Transformer+GAIL+TD3,291,5912,29,4.835166167136813,0
Transformer+GAIL+TD3,291,5912,30,1.908245879411557,0
Transformer+GAIL+TD3,291,5912,31,4.7349482059159484,0
Transformer+GAIL+TD3,291,5912,32,2.9662377557526227,0
Transformer+GAIL+TD3,291,5912,33,38.02015130213563,0
Transformer+GAIL+TD3,291,5912,34,2.667529964900588,0
Transformer+GAIL+TD3,291,5912,35,11.022023280515036,0
Transformer+GAIL+TD3,291,5912,36,3.488177437082547,0
Transformer+GAIL+TD3,291,5912,37,6.960101304224169,0
Transformer+GAIL+TD3,291,5912,38,5.236170556407979,0
Transformer+GAIL+TD3,291,5912,39,3.865582466924062,0
Transformer+GAIL+TD3,291,5912,40,13.121236379082193,0
Transformer+GAIL+TD3,291,5912,41,3.7447556477639456,0
Transformer+GAIL+TD3,291,5912,42,13.706150107806563,0
Transformer+GAIL+TD3,291,5912,43,2.5174682768703303,0
Transformer+GAIL+TD3,291,5912,44,10.347521089240788,0
Transformer+GAIL+TD3,291,5912,45,7.448150333353,0
Transformer+GAIL+TD3,291,5912,46,25.25236481825011,0
Transformer+GAIL+TD3,291,5912,47,3.349208940062256,0
Transformer+GAIL+TD3,291,5912,48,44.71722134557452,0
Transformer+GAIL+TD3,291,5912,49,2.577363041400103,0
Transformer+GAIL+TD3,291,5912,50,92.44490486257929,0
Transformer+GAIL+TD3,291,5912,51,2.852424989947947,0
Transformer+GAIL+TD3,291,5912,52,7.769425166167575,0
Transformer+GAIL+TD3,291,5912,53,60.22795049215475,0
Transformer+GAIL+TD3,291,5912,54,3.9595471328521645,0
Transformer+GAIL+TD3,291,5912,55,110.3965902410347,0
Transformer+GAIL+TD3,291,5912,56,4.1805451444339425,0
Transformer+GAIL+TD3,291,5912,57,4.478334826415385,0
Transformer+GAIL+TD3,291,5912,58,87.25297672256588,0
Transformer+GAIL+TD3,291,5912,59,2.0845614367625456,0
Transformer+GAIL+TD3,291,5912,60,59.20387917611994,0
Transformer+GAIL+TD3,291,5912,61,6.670461392697004,0
Transformer+GAIL+TD3,291,5912,62,26.03176866159758,0
Transformer+GAIL+TD3,291,5912,63,7.516042454406143,0
Transformer+GAIL+TD3,291,5912,64,67.07818633145429,0
Transformer+GAIL+TD3,291,5912,65,5.504600500488151,0
Transformer+GAIL+TD3,291,5912,66,12.128577423155951,0
Transformer+GAIL+TD3,291,5912,67,3.4806563630630607,0
Transformer+GAIL+TD3,291,5912,68,7.31055909965106,0
Transformer+GAIL+TD3,291,5912,69,38.95754641842829,0
Transformer+GAIL+TD3,291,5912,70,5.730898906032407,0
Transformer+GAIL+TD3,291,5912,71,5.304530127324264,0
Transformer+GAIL+TD3,291,5912,72,8.62917143599885,0
Transformer+GAIL+TD3,291,5912,73,3.4681276857346757,0
Transformer+GAIL+TD3,291,5912,74,4.769619626780291,0
Transformer+GAIL+TD3,291,5912,75,6.220044791962936,0
Transformer+GAIL+TD3,291,5912,76,6.630449305793204,0
Transformer+GAIL+TD3,291,5912,77,2.383778745013398,0
Transformer+GAIL+TD3,291,5912,78,86.66988585533055,0
Transformer+GAIL+TD3,291,5912,79,5.2718145120059265,0
Transformer+GAIL+TD3,291,5912,80,106.20629999448337,0
Transformer+GAIL+TD3,291,5912,81,3.1938143954563656,0
Transformer+GAIL+TD3,291,5912,82,8.04602098503577,0
Transformer+GAIL+TD3,291,5912,83,4.030899483622376,0
Transformer+GAIL+TD3,291,5912,84,2.7602369421853012,0
Transformer+GAIL+TD3,291,5912,85,6.354103931265022,0
Transformer+GAIL+TD3,291,5912,86,3.6089623487534666,0
Transformer+GAIL+TD3,291,5912,87,1.618981343815377,0
Transformer+GAIL+TD3,291,5912,88,10.03055496841166,0
Transformer+GAIL+TD3,291,5912,89,4.629409527517471,0
Transformer+GAIL+TD3,291,5912,90,2.8365301764507542,0
Transformer+GAIL+TD3,291,5912,91,19.985867875506855,0
Transformer+GAIL+TD3,291,5912,92,1.1358095340015262,0
Transformer+GAIL+TD3,291,5912,93,0.7908666468569753,1
Transformer+GAIL+TD3,291,5914,5,6.614096916299558,0
Transformer+GAIL+TD3,291,5914,6,55.49197565024903,0
Transformer+GAIL+TD3,291,5914,7,21.968587396415494,0
Transformer+GAIL+TD3,291,5914,8,12.391497292979498,0
Transformer+GAIL+TD3,291,5914,9,8.644217039504996,0
Transformer+GAIL+TD3,291,5914,10,8.614254035377234,0
Transformer+GAIL+TD3,291,5914,11,4.695204350692156,0
Transformer+GAIL+TD3,291,5914,12,10.644963941333764,0
Transformer+GAIL+TD3,291,5914,13,8.305182838113097,0
Transformer+GAIL+TD3,291,5914,14,5.357955872506735,0
Transformer+GAIL+TD3,291,5914,15,5.8559359111687765,0
Transformer+GAIL+TD3,291,5914,16,5.875679357079616,0
Transformer+GAIL+TD3,291,5914,17,4.2435963160034635,0
Transformer+GAIL+TD3,291,5914,18,8.341900958466452,0
Transformer+GAIL+TD3,291,5914,19,4.845441973250482,0
Transformer+GAIL+TD3,291,5914,20,5.2155150888975,0
Transformer+GAIL+TD3,291,5914,21,3.890937649388787,0
Transformer+GAIL+TD3,291,5914,22,3.8515215553677082,0
Transformer+GAIL+TD3,291,5914,23,3.6494974949213326,0
Transformer+GAIL+TD3,291,5914,24,7.46385096232933,0
Transformer+GAIL+TD3,291,5914,25,4.047902321652545,0
Transformer+GAIL+TD3,291,5914,26,45.68517957266252,0
Transformer+GAIL+TD3,291,5914,27,6.275273985993079,0
Transformer+GAIL+TD3,291,5914,28,5.039288586733842,0
Transformer+GAIL+TD3,291,5914,29,4.117406979529584,0
Transformer+GAIL+TD3,291,5914,30,6.083048567040137,0
Transformer+GAIL+TD3,291,5914,31,28.290546010614378,0
Transformer+GAIL+TD3,291,5914,32,3.1838238122715903,0
Transformer+GAIL+TD3,291,5914,33,7.597514302932591,0
Transformer+GAIL+TD3,291,5914,34,3.6688589098572493,0
Transformer+GAIL+TD3,291,5914,35,52.22476807421626,0
Transformer+GAIL+TD3,291,5914,36,4.595363817060485,0
Transformer+GAIL+TD3,291,5914,37,10.140396505740483,0
Transformer+GAIL+TD3,291,5914,38,113.8146367119994,0
Transformer+GAIL+TD3,291,5914,39,3.1812745413354726,0
Transformer+GAIL+TD3,291,5914,40,166.93127087361577,0
Transformer+GAIL+TD3,291,5914,41,4.296132435258658,0
Transformer+GAIL+TD3,291,5914,42,19.309275329004077,0
Transformer+GAIL+TD3,291,5914,43,112.73902533020356,0
Transformer+GAIL+TD3,291,5914,44,3.1706806055711736,0
Transformer+GAIL+TD3,291,5914,45,74.57428571428571,0
Transformer+GAIL+TD3,291,5914,46,4.399894684589713,0
Transformer+GAIL+TD3,291,5914,47,3.6049017209166356,0
Transformer+GAIL+TD3,291,5914,48,49.67761834698919,0
Transformer+GAIL+TD3,291,5914,49,5.308249437925224,0
Transformer+GAIL+TD3,291,5914,50,21.756020406580966,0
Transformer+GAIL+TD3,291,5914,51,3.721590666221346,0
Transformer+GAIL+TD3,291,5914,52,3.1889328456169923,0
Transformer+GAIL+TD3,291,5914,53,7.247429277657553,0
Transformer+GAIL+TD3,291,5914,54,5.212420970652365,0
Transformer+GAIL+TD3,291,5914,55,7.521120787857522,0
Transformer+GAIL+TD3,291,5914,56,4.537359427538075,0
Transformer+GAIL+TD3,291,5914,57,11.744188716189289,0
Transformer+GAIL+TD3,291,5914,58,58.878317321411586,0
Transformer+GAIL+TD3,291,5914,59,2.907740968817168,0
Transformer+GAIL+TD3,291,5914,60,10.824650712521846,0
Transformer+GAIL+TD3,291,5914,61,4.722218696840536,0
Transformer+GAIL+TD3,291,5914,62,4.737068593739219,0
Transformer+GAIL+TD3,291,5914,63,116.00864938249978,0
Transformer+GAIL+TD3,291,5914,64,3.1700606453968314,0
Transformer+GAIL+TD3,291,5914,65,17.180824972568548,0
Transformer+GAIL+TD3,291,5914,66,7.657381260473608,0
Transformer+GAIL+TD3,291,5914,67,8.450379498455208,0
Transformer+GAIL+TD3,291,5914,68,89.97999766536431,0
Transformer+GAIL+TD3,291,5914,69,6.1486642854309554,0
Transformer+GAIL+TD3,291,5914,70,4.951727575706256,0
Transformer+GAIL+TD3,291,5914,71,6.01025755573932,0
Transformer+GAIL+TD3,291,5914,72,3.2084937301908902,0
Transformer+GAIL+TD3,291,5914,73,120.9249593495935,0
Transformer+GAIL+TD3,291,5914,74,4.5078392005500065,0
Transformer+GAIL+TD3,291,5914,75,4.006864513354581,0
Transformer+GAIL+TD3,291,5914,76,2.0246491160954054,0
Transformer+GAIL+TD3,291,5914,77,12.384925011693998,0
Transformer+GAIL+TD3,291,5914,78,4.420067941170874,0
Transformer+GAIL+TD3,291,5914,79,5.46639802790723,0
Transformer+GAIL+TD3,291,5914,80,3.355697324847213,0
Transformer+GAIL+TD3,291,5914,81,30.18099369085174,0
Transformer+GAIL+TD3,291,5914,82,5.212785475271103,0
Transformer+GAIL+TD3,291,5914,83,4.346086258254976,0
Transformer+GAIL+TD3,291,5914,84,4.467532276105574,0
Transformer+GAIL+TD3,291,5914,85,13.355029080468233,0
Transformer+GAIL+TD3,291,5914,86,4.842780803341863,0
Transformer+GAIL+TD3,291,5914,87,7.734661465043495,0
Transformer+GAIL+TD3,291,5914,88,1.57862229378037,0
Transformer+GAIL+TD3,291,5914,89,7.020454095845939,0
Transformer+GAIL+TD3,291,5914,90,5.029777786367062,0
Transformer+GAIL+TD3,291,5914,91,3.922856921898939,0
Transformer+GAIL+TD3,291,5914,92,1.7932970812566682,0
Transformer+GAIL+TD3,291,5914,93,8.936366367060236,0
Transformer+GAIL+TD3,291,5914,94,3.188123713977589,0
Transformer+GAIL+TD3,291,5914,95,3.235364116473317,0
Transformer+GAIL+TD3,291,5914,96,0.9626448788040297,1
Transformer+GAIL+TD3,291,5915,5,6.583749388154674,0
Transformer+GAIL+TD3,291,5915,6,55.83268265476854,0
Transformer+GAIL+TD3,291,5915,7,21.95139826422372,0
Transformer+GAIL+TD3,291,5915,8,12.075599536417936,0
Transformer+GAIL+TD3,291,5915,9,8.67261656020536,0
Transformer+GAIL+TD3,291,5915,10,9.048183377514421,0
Transformer+GAIL+TD3,291,5915,11,4.730722532051942,0
Transformer+GAIL+TD3,291,5915,12,10.645357810088539,0
Transformer+GAIL+TD3,291,5915,13,12.977837861796907,0
Transformer+GAIL+TD3,291,5915,14,5.3083367388639155,0
Transformer+GAIL+TD3,291,5915,15,5.273625787754098,0
Transformer+GAIL+TD3,291,5915,16,6.09446371583183,0
Transformer+GAIL+TD3,291,5915,17,4.373277400766505,0
Transformer+GAIL+TD3,291,5915,18,6.845130563310888,0
Transformer+GAIL+TD3,291,5915,19,5.9086529573605056,0
Transformer+GAIL+TD3,291,5915,20,4.61630193836564,0
Transformer+GAIL+TD3,291,5915,21,4.475922668450478,0
Transformer+GAIL+TD3,291,5915,22,4.801198501872659,0
Transformer+GAIL+TD3,291,5915,23,3.2848570292448396,0
Transformer+GAIL+TD3,291,5915,24,3.99764646356235,0
Transformer+GAIL+TD3,291,5915,25,5.593322894020706,0
Transformer+GAIL+TD3,291,5915,26,5.886013974125768,0
Transformer+GAIL+TD3,291,5915,27,3.7839572091885456,0
Transformer+GAIL+TD3,291,5915,28,14.34486045532132,0
Transformer+GAIL+TD3,291,5915,29,11.21577971668648,0
Transformer+GAIL+TD3,291,5915,30,3.775141641124825,0
Transformer+GAIL+TD3,291,5915,31,16.162215264485546,0
Transformer+GAIL+TD3,291,5915,32,5.180928050015595,0
Transformer+GAIL+TD3,291,5915,33,59.446988676220066,0
Transformer+GAIL+TD3,291,5915,34,2.460798928676719,0
Transformer+GAIL+TD3,291,5915,35,2.796313341127889,0
Transformer+GAIL+TD3,291,5915,36,3.290519095396451,0
Transformer+GAIL+TD3,291,5915,37,2.870136914186351,0
Transformer+GAIL+TD3,291,5915,38,62.552353755624786,0
Transformer+GAIL+TD3,291,5915,39,2.5843074599900224,0
Transformer+GAIL+TD3,291,5915,40,11.843238277098234,0
Transformer+GAIL+TD3,291,5915,41,1.8892354894698717,0
Transformer+GAIL+TD3,291,5915,42,14.632432432432436,0
Transformer+GAIL+TD3,291,5915,43,3.534424082518379,0
Transformer+GAIL+TD3,291,5915,44,10.592373466920023,0
Transformer+GAIL+TD3,291,5915,45,4.755059694232533,0
Transformer+GAIL+TD3,291,5915,46,84.29902690326276,0
Transformer+GAIL+TD3,291,5915,47,4.132649597151393,0
Transformer+GAIL+TD3,291,5915,48,3.958065699813786,0
Transformer+GAIL+TD3,291,5915,49,6.487262508400024,0
Transformer+GAIL+TD3,291,5915,50,8.927210143816504,0
Transformer+GAIL+TD3,291,5915,51,7.238548239376659,0
Transformer+GAIL+TD3,291,5915,52,6.361996947664552,0
Transformer+GAIL+TD3,291,5915,53,5.719944897329051,0
Transformer+GAIL+TD3,291,5915,54,5.994477015493683,0
Transformer+GAIL+TD3,291,5915,55,22.511547968484475,0
Transformer+GAIL+TD3,291,5915,56,6.5042849517732115,0
Transformer+GAIL+TD3,291,5915,57,4.698382745467535,0
Transformer+GAIL+TD3,291,5915,58,15.40039321294629,0
Transformer+GAIL+TD3,291,5915,59,7.530659487660618,0
Transformer+GAIL+TD3,291,5915,60,60.92626654276284,0
Transformer+GAIL+TD3,291,5915,61,6.240074856928338,0
Transformer+GAIL+TD3,291,5915,62,6.970287794740442,0
Transformer+GAIL+TD3,291,5915,63,4.08034024746687,0
Transformer+GAIL+TD3,291,5915,64,7.152226891982606,0
Transformer+GAIL+TD3,291,5915,65,7.576754907130286,0
Transformer+GAIL+TD3,291,5915,66,7.636954857134973,0
Transformer+GAIL+TD3,291,5915,67,8.118160429904377,0
Transformer+GAIL+TD3,291,5915,68,4.057411090379129,0
Transformer+GAIL+TD3,291,5915,69,3.7659482091644274,0
Transformer+GAIL+TD3,291,5915,70,4.009504008269416,0
Transformer+GAIL+TD3,291,5915,71,2.544836188285924,0
Transformer+GAIL+TD3,291,5915,72,1.912262371931279,0
Transformer+GAIL+TD3,291,5915,73,2.7182928602732197,0
Transformer+GAIL+TD3,291,5915,74,2.698391484741803,0
Transformer+GAIL+TD3,291,5915,75,5.054388900673282,0
Transformer+GAIL+TD3,291,5915,76,7.674290440328597,0
Transformer+GAIL+TD3,291,5915,77,45.41631832797427,0
Transformer+GAIL+TD3,291,5915,78,1.7782604222547196,0
Transformer+GAIL+TD3,291,5915,79,30.11720545426689,0
Transformer+GAIL+TD3,291,5915,80,8.109081307121919,0
Transformer+GAIL+TD3,291,5915,81,2.668492857982286,0
Transformer+GAIL+TD3,291,5915,82,88.4817081402151,0
Transformer+GAIL+TD3,291,5915,83,2.446610487157953,0
Transformer+GAIL+TD3,291,5915,84,42.91127394720579,0
Transformer+GAIL+TD3,291,5915,85,2.2608382546074437,0
Transformer+GAIL+TD3,291,5915,86,3.3799350413362923,0
Transformer+GAIL+TD3,291,5915,87,5.055504063436071,0
Transformer+GAIL+TD3,291,5915,88,31.27896906502234,0
Transformer+GAIL+TD3,291,5915,89,2.558849619690781,0
Transformer+GAIL+TD3,291,5915,90,9.575774090501303,0
Transformer+GAIL+TD3,291,5915,91,23.26984082968222,0
Transformer+GAIL+TD3,291,5915,92,2.4861727237966003,0
Transformer+GAIL+TD3,291,5915,93,10.05657177848608,0
Transformer+GAIL+TD3,291,5915,94,2.2090165792942016,0
Transformer+GAIL+TD3,291,5915,95,3.7215207751964527,0
Transformer+GAIL+TD3,291,5915,96,5.582075015361284,0
Transformer+GAIL+TD3,291,5915,97,10.171354118556476,0
Transformer+GAIL+TD3,291,5915,98,3.5059656209078,0
Transformer+GAIL+TD3,291,5917,5,4.966031401204701,0
Transformer+GAIL+TD3,291,5917,6,54.5041841004184,0
Transformer+GAIL+TD3,291,5917,7,21.626023657870793,0
Transformer+GAIL+TD3,291,5917,8,17.551024467873482,0
Transformer+GAIL+TD3,291,5917,9,14.992159559834935,0
Transformer+GAIL+TD3,291,5917,10,6.222945221283862,0
Transformer+GAIL+TD3,291,5917,11,9.874510559085948,0
Transformer+GAIL+TD3,291,5917,12,8.579634985539045,0
Transformer+GAIL+TD3,291,5917,13,7.850702453344517,0
Transformer+GAIL+TD3,291,5917,14,4.5605775266792214,0
Transformer+GAIL+TD3,291,5917,15,5.845978041676003,0
Transformer+GAIL+TD3,291,5917,16,4.360561359301451,0
Transformer+GAIL+TD3,291,5917,17,3.63006457225066,0
Transformer+GAIL+TD3,291,5917,18,5.967503543227374,0
Transformer+GAIL+TD3,291,5917,19,2.734979018120168,0
Transformer+GAIL+TD3,291,5917,20,3.3429409955400624,0
Transformer+GAIL+TD3,291,5917,21,4.702899202764232,0
Transformer+GAIL+TD3,291,5917,22,8.388656139220108,0
Transformer+GAIL+TD3,291,5917,23,14.284197121507006,0
Transformer+GAIL+TD3,291,5917,24,11.839127134724858,0
Transformer+GAIL+TD3,291,5917,25,8.338497646391794,0
Transformer+GAIL+TD3,291,5917,26,7.765470700945403,0
Transformer+GAIL+TD3,291,5917,27,3.648900866070876,0
Transformer+GAIL+TD3,291,5917,28,3.2782651258479727,0
Transformer+GAIL+TD3,291,5917,29,5.653271807232894,0
Transformer+GAIL+TD3,291,5917,30,12.471051352058945,0
Transformer+GAIL+TD3,291,5917,31,3.5166299696086334,0
Transformer+GAIL+TD3,291,5917,32,6.461960486765695,0
Transformer+GAIL+TD3,291,5917,33,3.9160400043902395,0
Transformer+GAIL+TD3,291,5917,34,9.197050880877878,0
Transformer+GAIL+TD3,291,5917,35,10.305893453701577,0
Transformer+GAIL+TD3,291,5917,36,4.722259314715097,0
Transformer+GAIL+TD3,291,5917,37,6.183540291083595,0
Transformer+GAIL+TD3,291,5917,38,4.423770463273427,0
Transformer+GAIL+TD3,291,5917,39,54.52122451961715,0
Transformer+GAIL+TD3,291,5917,40,5.433665551345139,0
Transformer+GAIL+TD3,291,5917,41,35.442921279002015,0
Transformer+GAIL+TD3,291,5917,42,2.6287078856239785,0
Transformer+GAIL+TD3,291,5917,43,4.460264633793669,0
Transformer+GAIL+TD3,291,5917,44,85.06725129217725,0
Transformer+GAIL+TD3,291,5917,45,2.9686301946003657,0
Transformer+GAIL+TD3,291,5917,46,6.48774268328021,0
Transformer+GAIL+TD3,291,5917,47,23.989988199490714,0
Transformer+GAIL+TD3,291,5917,48,2.924061344225532,0
Transformer+GAIL+TD3,291,5917,49,67.58900413693867,0
Transformer+GAIL+TD3,291,5917,50,3.162097885780026,0
Transformer+GAIL+TD3,291,5917,51,5.0170069371268,0
Transformer+GAIL+TD3,291,5917,52,8.801699279951997,0
Transformer+GAIL+TD3,291,5917,53,60.58044154131206,0
Transformer+GAIL+TD3,291,5917,54,2.6609309651423287,0
Transformer+GAIL+TD3,291,5917,55,14.733592987849946,0
Transformer+GAIL+TD3,291,5917,56,4.142737881900432,0
Transformer+GAIL+TD3,291,5917,57,8.52590942877422,0
Transformer+GAIL+TD3,291,5917,58,26.767371750032016,0
Transformer+GAIL+TD3,291,5917,59,3.5579342067279116,0
Transformer+GAIL+TD3,291,5917,60,9.47888606167723,0
Transformer+GAIL+TD3,291,5917,61,4.118464898665958,0
Transformer+GAIL+TD3,291,5917,62,4.442130523851332,0
Transformer+GAIL+TD3,291,5917,63,60.854466800804836,0
Transformer+GAIL+TD3,291,5917,64,8.725265301269285,0
Transformer+GAIL+TD3,291,5917,65,48.69273921462938,0
Transformer+GAIL+TD3,291,5917,66,4.05748772813436,0
Transformer+GAIL+TD3,291,5917,67,16.37860170360424,0
Transformer+GAIL+TD3,291,5917,68,116.25495188828432,0
Transformer+GAIL+TD3,291,5917,69,3.7488450082165867,0
Transformer+GAIL+TD3,291,5917,70,4.686083974080949,0
Transformer+GAIL+TD3,291,5917,71,5.1299034976371445,0
Transformer+GAIL+TD3,291,5917,72,2.9725426098677117,0
Transformer+GAIL+TD3,291,5917,73,80.09719956498097,0
Transformer+GAIL+TD3,291,5917,74,3.748016924339676,0
Transformer+GAIL+TD3,291,5917,75,6.204814027489865,0
Transformer+GAIL+TD3,291,5917,76,9.701029068966085,0
Transformer+GAIL+TD3,291,5917,77,29.162616048435904,0
Transformer+GAIL+TD3,291,5917,78,78.45244753555991,0
Transformer+GAIL+TD3,291,5917,79,4.15889938525193,0
Transformer+GAIL+TD3,291,5917,80,4.994830500197939,0
Transformer+GAIL+TD3,291,5917,81,11.37146628924879,0
Transformer+GAIL+TD3,291,5917,82,9.986996428621058,0
Transformer+GAIL+TD3,291,5917,83,5.200090508920432,0
Transformer+GAIL+TD3,291,5917,84,5.544515600719471,0
Transformer+GAIL+TD3,291,5917,85,5.087999625552016,0
Transformer+GAIL+TD3,291,5917,86,4.180920808583964,0
Transformer+GAIL+TD3,291,5917,87,14.43275804990107,0
Transformer+GAIL+TD3,291,5917,88,3.2964638609357353,0
Transformer+GAIL+TD3,291,5917,89,5.014710108811513,0
Transformer+GAIL+TD3,291,5917,90,4.1462961575135235,0
Transformer+GAIL+TD3,291,5917,91,53.675327255539706,0
Transformer+GAIL+TD3,291,5917,92,5.215993214639119,0
Transformer+GAIL+TD3,291,5917,93,3.1285896155283224,0
Transformer+GAIL+TD3,291,5917,94,3.131259812415244,0
Transformer+GAIL+TD3,291,5917,95,122.145525259458,0
Transformer+GAIL+TD3,291,5917,96,4.645068185238077,0
Transformer+GAIL+TD3,291,5917,97,9.72812144427833,0
Transformer+GAIL+TD3,291,5917,98,2.9746359215135536,0
Transformer+GAIL+TD3,291,5918,5,4.832559517929467,0
Transformer+GAIL+TD3,291,5918,6,29.77219626168224,0
Transformer+GAIL+TD3,291,5918,7,40.18950437317785,0
Transformer+GAIL+TD3,291,5918,8,16.843785632839225,0
Transformer+GAIL+TD3,291,5918,9,14.806410438235714,0
Transformer+GAIL+TD3,291,5918,10,6.57015699124566,0
Transformer+GAIL+TD3,291,5918,11,9.757605559926569,0
Transformer+GAIL+TD3,291,5918,12,7.869414946904429,0
Transformer+GAIL+TD3,291,5918,13,9.654675704822063,0
Transformer+GAIL+TD3,291,5918,14,7.34393230335278,0
Transformer+GAIL+TD3,291,5918,15,6.768952474921888,0
Transformer+GAIL+TD3,291,5918,16,5.522579107729493,0
Transformer+GAIL+TD3,291,5918,17,5.0212971513816855,0
Transformer+GAIL+TD3,291,5918,18,5.16928630935851,0
Transformer+GAIL+TD3,291,5918,19,8.087130499931888,0
Transformer+GAIL+TD3,291,5918,20,5.265536889674821,0
Transformer+GAIL+TD3,291,5918,21,7.817567199171257,0
Transformer+GAIL+TD3,291,5918,22,7.90748653167379,0
Transformer+GAIL+TD3,291,5918,23,3.7037680287838413,0
Transformer+GAIL+TD3,291,5918,24,4.413129254945789,0
Transformer+GAIL+TD3,291,5918,25,6.003632739134733,0
Transformer+GAIL+TD3,291,5918,26,4.269028367451797,0
Transformer+GAIL+TD3,291,5918,27,6.4588645004632745,0
Transformer+GAIL+TD3,291,5918,28,5.073054871549854,0
Transformer+GAIL+TD3,291,5918,29,6.435890018878266,0
Transformer+GAIL+TD3,291,5918,30,4.810909188645414,0
Transformer+GAIL+TD3,291,5918,31,9.349368400079696,0
Transformer+GAIL+TD3,291,5918,32,21.69637983320698,0
Transformer+GAIL+TD3,291,5918,33,2.6587050966278807,0
Transformer+GAIL+TD3,291,5918,34,88.41380303321174,0
Transformer+GAIL+TD3,291,5918,35,3.2257155153084467,0
Transformer+GAIL+TD3,291,5918,36,15.617708954989478,0
Transformer+GAIL+TD3,291,5918,37,38.12894675746789,0
Transformer+GAIL+TD3,291,5918,38,8.749301592439608,0
Transformer+GAIL+TD3,291,5918,39,49.03837868028405,0
Transformer+GAIL+TD3,291,5918,40,3.163987141753271,0
Transformer+GAIL+TD3,291,5918,41,3.3091582997091114,0
Transformer+GAIL+TD3,291,5918,42,10.659839223418777,0
Transformer+GAIL+TD3,291,5918,43,5.302367089800013,0
Transformer+GAIL+TD3,291,5918,44,10.573378698291664,0
Transformer+GAIL+TD3,291,5918,45,6.576654431508404,0
Transformer+GAIL+TD3,291,5918,46,8.084808346884143,0
Transformer+GAIL+TD3,291,5918,47,29.359932630851617,0
Transformer+GAIL+TD3,291,5918,48,2.638905867300082,0
Transformer+GAIL+TD3,291,5918,49,10.203359050445103,0
Transformer+GAIL+TD3,291,5918,50,2.65365435596389,0
Transformer+GAIL+TD3,291,5918,51,4.24956977579963,0
Transformer+GAIL+TD3,291,5918,52,50.05133866961082,0
Transformer+GAIL+TD3,291,5918,53,4.663852832046494,0
Transformer+GAIL+TD3,291,5918,54,82.63376420950794,0
Transformer+GAIL+TD3,291,5918,55,3.8149466915563632,0
Transformer+GAIL+TD3,291,5918,56,16.246666082153347,0
Transformer+GAIL+TD3,291,5918,57,65.59099268636926,0
Transformer+GAIL+TD3,291,5918,58,3.27871233453086,0
Transformer+GAIL+TD3,291,5918,59,106.213443092005,0
Transformer+GAIL+TD3,291,5918,60,4.36137720765263,0
Transformer+GAIL+TD3,291,5918,61,24.657344190233466,0
Transformer+GAIL+TD3,291,5918,62,8.632655057964069,0
Transformer+GAIL+TD3,291,5918,63,5.479174260550343,0
Transformer+GAIL+TD3,291,5918,64,144.5012386078659,0
Transformer+GAIL+TD3,291,5918,65,5.7812078234414175,0
Transformer+GAIL+TD3,291,5918,66,4.267460023902835,0
Transformer+GAIL+TD3,291,5918,67,5.661562177726608,0
Transformer+GAIL+TD3,291,5918,68,4.860730294394521,0
Transformer+GAIL+TD3,291,5918,69,57.26620478717243,0
Transformer+GAIL+TD3,291,5918,70,3.460500767615862,0
Transformer+GAIL+TD3,291,5918,71,3.7078779606504857,0
Transformer+GAIL+TD3,291,5918,72,4.376315634500744,0
Transformer+GAIL+TD3,291,5918,73,20.36926163442669,0
Transformer+GAIL+TD3,291,5918,74,3.6651069520735926,0
Transformer+GAIL+TD3,291,5918,75,8.592344830108626,0
Transformer+GAIL+TD3,291,5918,76,4.396878814478638,0
Transformer+GAIL+TD3,291,5918,77,27.208065696215606,0
Transformer+GAIL+TD3,291,5918,78,3.066699979769659,0
Transformer+GAIL+TD3,291,5918,79,9.392299053453383,0
Transformer+GAIL+TD3,291,5918,80,2.077938798149924,0
Transformer+GAIL+TD3,291,5918,81,5.274323359886338,0
Transformer+GAIL+TD3,291,5918,82,3.336968435972006,0
Transformer+GAIL+TD3,291,5918,83,5.650055330254455,0
Transformer+GAIL+TD3,291,5918,84,3.023550191055805,0
Transformer+GAIL+TD3,291,5918,85,3.552952007793515,0
Transformer+GAIL+TD3,291,5918,86,8.094855915734712,0
Transformer+GAIL+TD3,291,5918,87,16.917728258373177,0
Transformer+GAIL+TD3,291,5918,88,1.8986275129148282,0
Transformer+GAIL+TD3,291,5918,89,11.679080592617055,0
Transformer+GAIL+TD3,291,5918,90,4.302060965401324,0
Transformer+GAIL+TD3,291,5918,91,1.9598468824594506,0
Transformer+GAIL+TD3,291,5918,92,1.876231648147711,0
Transformer+GAIL+TD3,291,5918,93,2.1055983159776317,0
Transformer+GAIL+TD3,291,5918,94,1.6547213831866754,0
Transformer+GAIL+TD3,291,5918,95,1.0579246758830236,0
Transformer+GAIL+TD3,291,5918,96,0.16148595560793558,1
Transformer+GAIL+TD3,291,5920,5,5.761232097312146,0
Transformer+GAIL+TD3,291,5920,6,38.07155222158107,0
Transformer+GAIL+TD3,291,5920,7,18.10211408057439,0
Transformer+GAIL+TD3,291,5920,8,13.471330556236216,0
Transformer+GAIL+TD3,291,5920,9,8.520147000918756,0
Transformer+GAIL+TD3,291,5920,10,17.195156031672102,0
Transformer+GAIL+TD3,291,5920,11,9.211504846655014,0
Transformer+GAIL+TD3,291,5920,12,7.718683045279245,0
Transformer+GAIL+TD3,291,5920,13,8.041209400288215,0
Transformer+GAIL+TD3,291,5920,14,6.492188556089837,0
Transformer+GAIL+TD3,291,5920,15,6.729746378724676,0
Transformer+GAIL+TD3,291,5920,16,6.118974861623617,0
Transformer+GAIL+TD3,291,5920,17,6.006766036261921,0
Transformer+GAIL+TD3,291,5920,18,4.549004284427119,0
Transformer+GAIL+TD3,291,5920,19,6.078359016535366,0
Transformer+GAIL+TD3,291,5920,20,4.822593920587317,0
Transformer+GAIL+TD3,291,5920,21,5.169912733903529,0
Transformer+GAIL+TD3,291,5920,22,3.544827179426685,0
Transformer+GAIL+TD3,291,5920,23,4.029247850693395,0
Transformer+GAIL+TD3,291,5920,24,3.8886593631046327,0
Transformer+GAIL+TD3,291,5920,25,7.876694159070082,0
Transformer+GAIL+TD3,291,5920,26,3.26898886326841,0
Transformer+GAIL+TD3,291,5920,27,17.623617075018945,0
Transformer+GAIL+TD3,291,5920,28,4.682336873709042,0
Transformer+GAIL+TD3,291,5920,29,3.1201328472213086,0
Transformer+GAIL+TD3,291,5920,30,4.003466044745163,0
Transformer+GAIL+TD3,291,5920,31,9.100868261779512,0
Transformer+GAIL+TD3,291,5920,32,2.97623679417122,0
Transformer+GAIL+TD3,291,5920,33,4.438945112436302,0
Transformer+GAIL+TD3,291,5920,34,13.295747292815655,0
Transformer+GAIL+TD3,291,5920,35,3.346777121087902,0
Transformer+GAIL+TD3,291,5920,36,157.9208653572445,0
Transformer+GAIL+TD3,291,5920,37,3.4602543857527395,0
Transformer+GAIL+TD3,291,5920,38,7.637006643770059,0
Transformer+GAIL+TD3,291,5920,39,120.21658749518552,0
Transformer+GAIL+TD3,291,5920,40,9.13159424939346,0
Transformer+GAIL+TD3,291,5920,41,56.01793702867369,0
Transformer+GAIL+TD3,291,5920,42,4.455289002622435,0
Transformer+GAIL+TD3,291,5920,43,6.7041078338285,0
Transformer+GAIL+TD3,291,5920,44,149.27260074231174,0
Transformer+GAIL+TD3,291,5920,45,6.540240179286995,0
Transformer+GAIL+TD3,291,5920,46,28.95460395659844,0
Transformer+GAIL+TD3,291,5920,47,3.0313132359430144,0
Transformer+GAIL+TD3,291,5920,48,4.141270904733682,0
Transformer+GAIL+TD3,291,5920,49,55.180834372611336,0
Transformer+GAIL+TD3,291,5920,50,3.2050361974623707,0
Transformer+GAIL+TD3,291,5920,51,2.78386442851676,0
Transformer+GAIL+TD3,291,5920,52,3.237481179065638,0
Transformer+GAIL+TD3,291,5920,53,2.75079902115033,0
Transformer+GAIL+TD3,291,5920,54,4.851211000136243,0
Transformer+GAIL+TD3,291,5920,55,7.484858139002688,0
Transformer+GAIL+TD3,291,5920,56,12.33021878902817,0
Transformer+GAIL+TD3,291,5920,57,25.6001271359598,0
Transformer+GAIL+TD3,291,5920,58,2.43018092780964,0
Transformer+GAIL+TD3,291,5920,59,18.67095811176416,0
Transformer+GAIL+TD3,291,5920,60,4.727561035076291,0
Transformer+GAIL+TD3,291,5920,61,10.71149006422517,0
Transformer+GAIL+TD3,291,5920,62,14.763603176952298,0
Transformer+GAIL+TD3,291,5920,63,5.277436016270471,0
Transformer+GAIL+TD3,291,5920,64,29.91117186445254,0
Transformer+GAIL+TD3,291,5920,65,3.491306851245455,0
Transformer+GAIL+TD3,291,5920,66,38.77922019423073,0
Transformer+GAIL+TD3,291,5920,67,2.2546249635410778,0
Transformer+GAIL+TD3,291,5920,68,69.44605235711306,0
Transformer+GAIL+TD3,291,5920,69,2.2031609526679596,0
Transformer+GAIL+TD3,291,5920,70,7.476445131189,0
Transformer+GAIL+TD3,291,5920,71,1.9882448019315941,0
Transformer+GAIL+TD3,291,5920,72,10.093540100250628,0
Transformer+GAIL+TD3,291,5920,73,6.019416680656614,0
Transformer+GAIL+TD3,291,5920,74,2.0767690328198745,0
Transformer+GAIL+TD3,291,5920,75,1.5113082657872123,0
Transformer+GAIL+TD3,291,5920,76,44.80379572751444,0
Transformer+GAIL+TD3,291,5920,77,1.3928305166726673,0
Transformer+GAIL+TD3,291,5920,78,9.387623172032887,0
Transformer+GAIL+TD3,291,5920,79,1.8690672970964357,0
Transformer+GAIL+TD3,291,5920,80,2.8852393630797604,0
Transformer+GAIL+TD3,291,5920,81,4.275429052851757,0
Transformer+GAIL+TD3,291,5920,82,2.7503660721594168,0
Transformer+GAIL+TD3,291,5920,83,6.4431533802007355,0
Transformer+GAIL+TD3,291,5920,84,3.9982994752143943,0
Transformer+GAIL+TD3,291,5920,85,3.6569451576184333,0
Transformer+GAIL+TD3,291,5920,86,4.385467745016876,0
Transformer+GAIL+TD3,291,5920,87,4.376121701531141,0
Transformer+GAIL+TD3,291,5920,88,1.8164447802412524,0
Transformer+GAIL+TD3,291,5920,89,1.272440266491995,0
Transformer+GAIL+TD3,291,5920,90,1.3129015036924991,0
Transformer+GAIL+TD3,291,5920,91,1.0357597306749848,0
Transformer+GAIL+TD3,291,5920,92,0.08073488288179931,1
Transformer+GAIL+TD3,291,5921,5,6.395139161113289,0
Transformer+GAIL+TD3,291,5921,6,79.3913043478261,0
Transformer+GAIL+TD3,291,5921,7,23.075237091675447,0
Transformer+GAIL+TD3,291,5921,8,12.672921997914887,0
Transformer+GAIL+TD3,291,5921,9,8.453256917483207,0
Transformer+GAIL+TD3,291,5921,10,9.44984166174655,0
Transformer+GAIL+TD3,291,5921,11,8.621131796325976,0
Transformer+GAIL+TD3,291,5921,12,6.976766446223461,0
Transformer+GAIL+TD3,291,5921,13,8.854439639756803,0
Transformer+GAIL+TD3,291,5921,14,6.938599019890458,0
Transformer+GAIL+TD3,291,5921,15,4.665372558476006,0
Transformer+GAIL+TD3,291,5921,16,4.973408411859343,0
Transformer+GAIL+TD3,291,5921,17,4.728652987958415,0
Transformer+GAIL+TD3,291,5921,18,9.391957382264806,0
Transformer+GAIL+TD3,291,5921,19,3.746823282473561,0
Transformer+GAIL+TD3,291,5921,20,5.539201873276052,0
Transformer+GAIL+TD3,291,5921,21,4.003206155819173,0
Transformer+GAIL+TD3,291,5921,22,6.662263749313794,0
Transformer+GAIL+TD3,291,5921,23,3.876994654782598,0
Transformer+GAIL+TD3,291,5921,24,20.890727532097003,0
Transformer+GAIL+TD3,291,5921,25,4.819758204586482,0
Transformer+GAIL+TD3,291,5921,26,8.798276753705503,0
Transformer+GAIL+TD3,291,5921,27,4.392773250587245,0
Transformer+GAIL+TD3,291,5921,28,8.160976126999515,0
Transformer+GAIL+TD3,291,5921,29,2.4518141942601344,0
Transformer+GAIL+TD3,291,5921,30,6.043148334418081,0
Transformer+GAIL+TD3,291,5921,31,2.4767461595857445,0
Transformer+GAIL+TD3,291,5921,32,25.35270228851655,0
Transformer+GAIL+TD3,291,5921,33,2.6277008434569673,0
Transformer+GAIL+TD3,291,5921,34,27.037936822829234,0
Transformer+GAIL+TD3,291,5921,35,3.3367176418359725,0
Transformer+GAIL+TD3,291,5921,36,15.826948097060644,0
Transformer+GAIL+TD3,291,5921,37,2.831923078745268,0
Transformer+GAIL+TD3,291,5921,38,64.04147031102733,0
Transformer+GAIL+TD3,291,5921,39,5.774965815198416,0
Transformer+GAIL+TD3,291,5921,40,34.59186480124831,0
Transformer+GAIL+TD3,291,5921,41,3.8409708651829084,0
Transformer+GAIL+TD3,291,5921,42,37.489771444695265,0
Transformer+GAIL+TD3,291,5921,43,27.761010735054334,0
Transformer+GAIL+TD3,291,5921,44,4.350955164457671,0
Transformer+GAIL+TD3,291,5921,45,62.763890548452615,0
Transformer+GAIL+TD3,291,5921,46,3.063602143747067,0
Transformer+GAIL+TD3,291,5921,47,3.3518072820673694,0
Transformer+GAIL+TD3,291,5921,48,10.42859666142928,0
Transformer+GAIL+TD3,291,5921,49,7.56063784980361,0
Transformer+GAIL+TD3,291,5921,50,49.12236409241589,0
Transformer+GAIL+TD3,291,5921,51,3.0409386453981675,0
Transformer+GAIL+TD3,291,5921,52,25.44892001403822,0
Transformer+GAIL+TD3,291,5921,53,2.426983725537935,0
Transformer+GAIL+TD3,291,5921,54,9.328293427879935,0
Transformer+GAIL+TD3,291,5921,55,7.423195278314846,0
Transformer+GAIL+TD3,291,5921,56,100.7850788643533,0
Transformer+GAIL+TD3,291,5921,57,7.021552190861185,0
Transformer+GAIL+TD3,291,5921,58,5.004223433414833,0
Transformer+GAIL+TD3,291,5921,59,17.978499382310805,0
Transformer+GAIL+TD3,291,5921,60,9.681981809824348,0
Transformer+GAIL+TD3,291,5921,61,134.27329552575512,0
Transformer+GAIL+TD3,291,5921,62,6.808092773518584,0
Transformer+GAIL+TD3,291,5921,63,2.9166973839917416,0
Transformer+GAIL+TD3,291,5921,64,3.9403727698042075,0
Transformer+GAIL+TD3,291,5921,65,7.772192748297648,0
Transformer+GAIL+TD3,291,5921,66,48.72086697465567,0
Transformer+GAIL+TD3,291,5921,67,4.233646304004484,0
Transformer+GAIL+TD3,291,5921,68,7.614861487170815,0
Transformer+GAIL+TD3,291,5921,69,11.313096109708853,0
Transformer+GAIL+TD3,291,5921,70,5.243291262434141,0
Transformer+GAIL+TD3,291,5921,71,7.265728800136381,0
Transformer+GAIL+TD3,291,5921,72,96.74467002274861,0
Transformer+GAIL+TD3,291,5921,73,3.0525082007915842,0
Transformer+GAIL+TD3,291,5921,74,6.512789655055112,0
Transformer+GAIL+TD3,291,5921,75,6.111322239940586,0
Transformer+GAIL+TD3,291,5921,76,53.32619049680889,0
Transformer+GAIL+TD3,291,5921,77,15.08078211401328,0
Transformer+GAIL+TD3,291,5921,78,3.9866728776547076,0
Transformer+GAIL+TD3,291,5921,79,8.962688937868682,0
Transformer+GAIL+TD3,291,5921,80,6.012678725784235,0
Transformer+GAIL+TD3,291,5921,81,7.361256156045717,0
Transformer+GAIL+TD3,291,5921,82,5.5008664620948515,0
Transformer+GAIL+TD3,291,5921,83,6.633525805838417,0
Transformer+GAIL+TD3,291,5921,84,3.501641171350622,0
Transformer+GAIL+TD3,291,5921,85,3.9381468902780976,0
Transformer+GAIL+TD3,291,5921,86,12.588808039351422,0
Transformer+GAIL+TD3,291,5921,87,3.9759713229267355,0
Transformer+GAIL+TD3,291,5921,88,7.272032836779586,0
Transformer+GAIL+TD3,291,5921,89,6.656538681035537,0
Transformer+GAIL+TD3,291,5921,90,24.933557911871763,0
Transformer+GAIL+TD3,291,5921,91,5.771269449393587,0
Transformer+GAIL+TD3,291,5921,92,16.297231913517262,0
Transformer+GAIL+TD3,291,5921,93,4.36624783970872,0
Transformer+GAIL+TD3,291,5921,94,3.5442061641820084,0
Transformer+GAIL+TD3,291,5921,95,13.8969983821294,0
Transformer+GAIL+TD3,291,5921,96,4.444140258187548,0
Transformer+GAIL+TD3,291,5921,97,10.975142538601059,0
Transformer+GAIL+TD3,291,5921,98,7.969682019334362,0
Transformer+GAIL+TD3,291,5923,5,6.513784954706577,0
Transformer+GAIL+TD3,291,5923,6,72.00404858299595,0
Transformer+GAIL+TD3,291,5923,7,53.07442641298265,0
Transformer+GAIL+TD3,291,5923,8,21.726935902186,0
Transformer+GAIL+TD3,291,5923,9,9.148880648262601,0
Transformer+GAIL+TD3,291,5923,10,6.321892150884223,0
Transformer+GAIL+TD3,291,5923,11,10.09160081943225,0
Transformer+GAIL+TD3,291,5923,12,10.608781950014176,0
Transformer+GAIL+TD3,291,5923,13,9.217485392772128,0
Transformer+GAIL+TD3,291,5923,14,8.751528611773738,0
Transformer+GAIL+TD3,291,5923,15,4.874718533575141,0
Transformer+GAIL+TD3,291,5923,16,6.083244077620968,0
Transformer+GAIL+TD3,291,5923,17,3.8629000202798625,0
Transformer+GAIL+TD3,291,5923,18,6.74613989706392,0
Transformer+GAIL+TD3,291,5923,19,7.64480215775731,0
Transformer+GAIL+TD3,291,5923,20,4.541982429079203,0
Transformer+GAIL+TD3,291,5923,21,6.932203185763992,0
Transformer+GAIL+TD3,291,5923,22,3.5120436907157235,0
Transformer+GAIL+TD3,291,5923,23,2.677737499860146,0
Transformer+GAIL+TD3,291,5923,24,5.141134320484736,0
Transformer+GAIL+TD3,291,5923,25,3.742626172832647,0
Transformer+GAIL+TD3,291,5923,26,3.1109300592418565,0
Transformer+GAIL+TD3,291,5923,27,11.503377538334025,0
Transformer+GAIL+TD3,291,5923,28,6.340332338152107,0
Transformer+GAIL+TD3,291,5923,29,3.470001319783555,0
Transformer+GAIL+TD3,291,5923,30,39.498473732126605,0
Transformer+GAIL+TD3,291,5923,31,12.878867043806487,0
Transformer+GAIL+TD3,291,5923,32,6.96233875040169,0
Transformer+GAIL+TD3,291,5923,33,8.61671074125115,0
Transformer+GAIL+TD3,291,5923,34,2.770537648526226,0
Transformer+GAIL+TD3,291,5923,35,38.759968586013635,0
Transformer+GAIL+TD3,291,5923,36,3.1591178406846616,0
Transformer+GAIL+TD3,291,5923,37,45.593205511409195,0
Transformer+GAIL+TD3,291,5923,38,4.385216230221923,0
Transformer+GAIL+TD3,291,5923,39,22.21948865294395,0
Transformer+GAIL+TD3,291,5923,40,14.502813288507102,0
Transformer+GAIL+TD3,291,5923,41,2.829612912050335,0
Transformer+GAIL+TD3,291,5923,42,18.50574283927729,0
Transformer+GAIL+TD3,291,5923,43,1.6870531626379646,0
Transformer+GAIL+TD3,291,5923,44,4.1746120240952305,0
Transformer+GAIL+TD3,291,5923,45,4.531063590015875,0
Transformer+GAIL+TD3,291,5923,46,8.46963303062017,0
Transformer+GAIL+TD3,291,5923,47,4.4149318253768985,0
Transformer+GAIL+TD3,291,5923,48,4.680087676679264,0
Transformer+GAIL+TD3,291,5923,49,7.868838218473258,0
Transformer+GAIL+TD3,291,5923,50,33.26672709447086,0
Transformer+GAIL+TD3,291,5923,51,3.8472252293446023,0
Transformer+GAIL+TD3,291,5923,52,5.492544207802459,0
Transformer+GAIL+TD3,291,5923,53,61.46113608980575,0
Transformer+GAIL+TD3,291,5923,54,4.008790074963624,0
Transformer+GAIL+TD3,291,5923,55,85.3136451576192,0
Transformer+GAIL+TD3,291,5923,56,4.935520203205518,0
Transformer+GAIL+TD3,291,5923,57,9.257342527991492,0
Transformer+GAIL+TD3,291,5923,58,39.853603519768924,0
Transformer+GAIL+TD3,291,5923,59,3.6357927501270533,0
Transformer+GAIL+TD3,291,5923,60,157.98259449801301,0
Transformer+GAIL+TD3,291,5923,61,5.32595988986156,0
Transformer+GAIL+TD3,291,5923,62,5.631753623018524,0
Transformer+GAIL+TD3,291,5923,63,7.767671239971169,0
Transformer+GAIL+TD3,291,5923,64,5.61222277967342,0
Transformer+GAIL+TD3,291,5923,65,110.3736081473316,0
Transformer+GAIL+TD3,291,5923,66,3.96227292353835,0
Transformer+GAIL+TD3,291,5923,67,16.712517753903292,0
Transformer+GAIL+TD3,291,5923,68,4.404353152765739,0
Transformer+GAIL+TD3,291,5923,69,6.025241079486072,0
Transformer+GAIL+TD3,291,5923,70,4.59652815503107,0
Transformer+GAIL+TD3,291,5923,71,8.420352388939454,0
Transformer+GAIL+TD3,291,5923,72,2.6431443459412574,0
Transformer+GAIL+TD3,291,5923,73,5.88937505761359,0
Transformer+GAIL+TD3,291,5923,74,3.2149955180075613,0
Transformer+GAIL+TD3,291,5923,75,14.370048835400475,0
Transformer+GAIL+TD3,291,5923,76,7.1656203825059075,0
Transformer+GAIL+TD3,291,5923,77,6.6200266883004835,0
Transformer+GAIL+TD3,291,5923,78,3.0407471041476715,0
Transformer+GAIL+TD3,291,5923,79,2.43079135532772,0
Transformer+GAIL+TD3,291,5923,80,8.657819432221304,0
Transformer+GAIL+TD3,291,5923,81,4.946752093140473,0
Transformer+GAIL+TD3,291,5923,82,4.832487417518782,0
Transformer+GAIL+TD3,291,5923,83,3.1043073655713496,0
Transformer+GAIL+TD3,291,5923,84,4.145406612207477,0
Transformer+GAIL+TD3,291,5923,85,5.6302988795441475,0
Transformer+GAIL+TD3,291,5923,86,2.0724078557405297,0
Transformer+GAIL+TD3,291,5923,87,7.469860998968414,0
Transformer+GAIL+TD3,291,5923,88,3.6189443096726692,0
Transformer+GAIL+TD3,291,5923,89,5.7357599635183565,0
Transformer+GAIL+TD3,291,5923,90,4.643769968051119,0
Transformer+GAIL+TD3,291,5923,91,4.4564031670746465,0
Transformer+GAIL+TD3,291,5923,92,3.5628975389192803,0
Transformer+GAIL+TD3,291,5923,93,4.864453886089693,0
Transformer+GAIL+TD3,291,5923,94,3.9416301991194582,0
Transformer+GAIL+TD3,291,5923,95,71.09978110178768,0
Transformer+GAIL+TD3,291,5923,96,5.835499390957314,0
Transformer+GAIL+TD3,291,5923,97,18.05573255336122,0
Transformer+GAIL+TD3,291,5923,98,3.5582911839571056,0
Transformer+GAIL+TD3,291,5924,5,3.458238608283087,0
Transformer+GAIL+TD3,291,5924,6,51.55670103092783,0
Transformer+GAIL+TD3,291,5924,7,21.39930774071743,0
Transformer+GAIL+TD3,291,5924,8,23.60776405344088,0
Transformer+GAIL+TD3,291,5924,9,16.572547139661236,0
Transformer+GAIL+TD3,291,5924,10,14.725836869401228,0
Transformer+GAIL+TD3,291,5924,11,8.696501220504476,0
Transformer+GAIL+TD3,291,5924,12,7.571745767416044,0
Transformer+GAIL+TD3,291,5924,13,5.1905851910828025,0
Transformer+GAIL+TD3,291,5924,14,7.531090826567149,0
Transformer+GAIL+TD3,291,5924,15,7.235766582887115,0
Transformer+GAIL+TD3,291,5924,16,5.887811191985072,0
Transformer+GAIL+TD3,291,5924,17,5.529926045251519,0
Transformer+GAIL+TD3,291,5924,18,13.765292053146151,0
Transformer+GAIL+TD3,291,5924,19,10.30539516980195,0
Transformer+GAIL+TD3,291,5924,20,4.121347786893318,0
Transformer+GAIL+TD3,291,5924,21,3.8104907266804235,0
Transformer+GAIL+TD3,291,5924,22,6.114986246923653,0
Transformer+GAIL+TD3,291,5924,23,4.038091967534654,0
Transformer+GAIL+TD3,291,5924,24,5.00874948776733,0
Transformer+GAIL+TD3,291,5924,25,3.8386374226458586,0
Transformer+GAIL+TD3,291,5924,26,3.823680531553235,0
Transformer+GAIL+TD3,291,5924,27,11.33043846045397,0
Transformer+GAIL+TD3,291,5924,28,3.582389090159939,0
Transformer+GAIL+TD3,291,5924,29,94.67961533594836,0
Transformer+GAIL+TD3,291,5924,30,8.21733099339001,0
Transformer+GAIL+TD3,291,5924,31,2.9073104965824683,0
Transformer+GAIL+TD3,291,5924,32,4.019761175103032,0
Transformer+GAIL+TD3,291,5924,33,49.51394007370614,0
Transformer+GAIL+TD3,291,5924,34,3.3145114124936774,0
Transformer+GAIL+TD3,291,5924,35,22.031423550087872,0
Transformer+GAIL+TD3,291,5924,36,1.9913226575374996,0
Transformer+GAIL+TD3,291,5924,37,9.938003608765719,0
Transformer+GAIL+TD3,291,5924,38,15.54674170915148,0
Transformer+GAIL+TD3,291,5924,39,3.7432372913667407,0
Transformer+GAIL+TD3,291,5924,40,59.72802606416885,0
Transformer+GAIL+TD3,291,5924,41,7.474783034804698,0
Transformer+GAIL+TD3,291,5924,42,4.8069251153994275,0
Transformer+GAIL+TD3,291,5924,43,54.850899157750966,0
Transformer+GAIL+TD3,291,5924,44,3.3349155818805025,0
Transformer+GAIL+TD3,291,5924,45,83.58358585858585,0
Transformer+GAIL+TD3,291,5924,46,6.228179447965149,0
Transformer+GAIL+TD3,291,5924,47,3.8752599915582207,0
Transformer+GAIL+TD3,291,5924,48,15.197335204435733,0
Transformer+GAIL+TD3,291,5924,49,5.078645018494289,0
Transformer+GAIL+TD3,291,5924,50,69.51304005158701,0
Transformer+GAIL+TD3,291,5924,51,2.185009915063744,0
Transformer+GAIL+TD3,291,5924,52,10.999109516473945,0
Transformer+GAIL+TD3,291,5924,53,10.691040630739597,0
Transformer+GAIL+TD3,291,5924,54,4.2621638249704805,0
Transformer+GAIL+TD3,291,5924,55,75.15482223974173,0
Transformer+GAIL+TD3,291,5924,56,3.016508846314096,0
Transformer+GAIL+TD3,291,5924,57,19.40148216113209,0
Transformer+GAIL+TD3,291,5924,58,5.622396018118694,0
Transformer+GAIL+TD3,291,5924,59,12.126525525998213,0
Transformer+GAIL+TD3,291,5924,60,94.47789808284493,0
Transformer+GAIL+TD3,291,5924,61,5.4903889194534665,0
Transformer+GAIL+TD3,291,5924,62,5.666138484595567,0
Transformer+GAIL+TD3,291,5924,63,3.2795982788536824,0
Transformer+GAIL+TD3,291,5924,64,6.176765476152257,0
Transformer+GAIL+TD3,291,5924,65,10.803246918016427,0
Transformer+GAIL+TD3,291,5924,66,6.372070953292517,0
Transformer+GAIL+TD3,291,5924,67,13.536115125972966,0
Transformer+GAIL+TD3,291,5924,68,6.066951466400295,0
Transformer+GAIL+TD3,291,5924,69,4.065350728437796,0
Transformer+GAIL+TD3,291,5924,70,16.739660065293183,0
Transformer+GAIL+TD3,291,5924,71,58.71599710883856,0
Transformer+GAIL+TD3,291,5924,72,6.996909054764121,0
Transformer+GAIL+TD3,291,5924,73,3.6758035604074495,0
Transformer+GAIL+TD3,291,5924,74,4.229021371653661,0
Transformer+GAIL+TD3,291,5924,75,3.530423266934467,0
Transformer+GAIL+TD3,291,5924,76,25.081322463599133,0
Transformer+GAIL+TD3,291,5924,77,8.339679585638336,0
Transformer+GAIL+TD3,291,5924,78,7.378200868095905,0
Transformer+GAIL+TD3,291,5924,79,14.83205944512499,0
Transformer+GAIL+TD3,291,5924,80,4.355671723488023,0
Transformer+GAIL+TD3,291,5924,81,3.501403812685532,0
Transformer+GAIL+TD3,291,5924,82,6.636600305899794,0
Transformer+GAIL+TD3,291,5924,83,10.998120818366957,0
Transformer+GAIL+TD3,291,5924,84,17.186133655685005,0
Transformer+GAIL+TD3,291,5924,85,9.319812618553073,0
Transformer+GAIL+TD3,291,5924,86,2.8296893825645544,0
Transformer+GAIL+TD3,291,5924,87,17.30650044610825,0
Transformer+GAIL+TD3,291,5924,88,11.033287927174737,0
Transformer+GAIL+TD3,291,5924,89,3.9214212316150503,0
Transformer+GAIL+TD3,291,5924,90,3.0449320105864572,0
Transformer+GAIL+TD3,291,5924,91,6.594667929001569,0
Transformer+GAIL+TD3,291,5924,92,12.50900913984001,0
Transformer+GAIL+TD3,291,5924,93,5.391590513795341,0
Transformer+GAIL+TD3,291,5924,94,3.9698976539790154,0
Transformer+GAIL+TD3,291,5924,95,10.132118337201815,0
Transformer+GAIL+TD3,291,5924,96,15.228278483159494,0
Transformer+GAIL+TD3,291,5924,97,4.187943953843318,0
Transformer+GAIL+TD3,291,5924,98,4.5960293075705705,0
Transformer+GAIL+TD3,291,5925,5,6.61065332548558,0
Transformer+GAIL+TD3,291,5925,6,40.79954571266326,0
Transformer+GAIL+TD3,291,5925,7,16.11421168028702,0
Transformer+GAIL+TD3,291,5925,8,10.552444176222089,0
Transformer+GAIL+TD3,291,5925,9,7.051898062118396,0
Transformer+GAIL+TD3,291,5925,10,9.01774778152731,0
Transformer+GAIL+TD3,291,5925,11,10.621043978627208,0
Transformer+GAIL+TD3,291,5925,12,8.679295515052221,0
Transformer+GAIL+TD3,291,5925,13,15.305594444755558,0
Transformer+GAIL+TD3,291,5925,14,11.882844585344769,0
Transformer+GAIL+TD3,291,5925,15,6.706771257810376,0
Transformer+GAIL+TD3,291,5925,16,5.879259386886855,0
Transformer+GAIL+TD3,291,5925,17,4.796987199500467,0
Transformer+GAIL+TD3,291,5925,18,6.858795526774197,0
Transformer+GAIL+TD3,291,5925,19,7.626106393831196,0
Transformer+GAIL+TD3,291,5925,20,5.063343385164844,0
Transformer+GAIL+TD3,291,5925,21,3.7864706632833878,0
Transformer+GAIL+TD3,291,5925,22,4.96495540569937,0
Transformer+GAIL+TD3,291,5925,23,3.0861727973043913,0
Transformer+GAIL+TD3,291,5925,24,5.4578161636586575,0
Transformer+GAIL+TD3,291,5925,25,3.346560443835523,0
Transformer+GAIL+TD3,291,5925,26,4.936587221514696,0
Transformer+GAIL+TD3,291,5925,27,2.604595192537671,0
Transformer+GAIL+TD3,291,5925,28,72.34953940634595,0
Transformer+GAIL+TD3,291,5925,29,5.77406344350297,0
Transformer+GAIL+TD3,291,5925,30,4.515297711270518,0
Transformer+GAIL+TD3,291,5925,31,6.748416661591864,0
Transformer+GAIL+TD3,291,5925,32,33.894054901015465,0
Transformer+GAIL+TD3,291,5925,33,9.546553931952271,0
Transformer+GAIL+TD3,291,5925,34,3.5154698003262776,0
Transformer+GAIL+TD3,291,5925,35,122.73214108296075,0
Transformer+GAIL+TD3,291,5925,36,2.6798716168140957,0
Transformer+GAIL+TD3,291,5925,37,43.54080095301496,0
Transformer+GAIL+TD3,291,5925,38,3.4672241597217606,0
Transformer+GAIL+TD3,291,5925,39,18.32488322939227,0
Transformer+GAIL+TD3,291,5925,40,10.133459108633987,0
Transformer+GAIL+TD3,291,5925,41,3.36659367032784,0
Transformer+GAIL+TD3,291,5925,42,7.654570808141021,0
Transformer+GAIL+TD3,291,5925,43,1.9933061854572551,0
Transformer+GAIL+TD3,291,5925,44,11.06403220207297,0
Transformer+GAIL+TD3,291,5925,45,7.033322942956832,0
Transformer+GAIL+TD3,291,5925,46,3.42547492921728,0
Transformer+GAIL+TD3,291,5925,47,9.582801235315367,0
Transformer+GAIL+TD3,291,5925,48,37.824660453937376,0
Transformer+GAIL+TD3,291,5925,49,4.778709976388551,0
Transformer+GAIL+TD3,291,5925,50,23.23157319914009,0
Transformer+GAIL+TD3,291,5925,51,12.513937386461292,0
Transformer+GAIL+TD3,291,5925,52,6.298160835015421,0
Transformer+GAIL+TD3,291,5925,53,139.49069642121276,0
Transformer+GAIL+TD3,291,5925,54,3.6016371600657053,0
Transformer+GAIL+TD3,291,5925,55,5.693973097939336,0
Transformer+GAIL+TD3,291,5925,56,2.9809829735189433,0
Transformer+GAIL+TD3,291,5925,57,4.03089032046126,0
Transformer+GAIL+TD3,291,5925,58,16.803986578253575,0
Transformer+GAIL+TD3,291,5925,59,3.003886664345404,0
Transformer+GAIL+TD3,291,5925,60,6.43749378962221,0
Transformer+GAIL+TD3,291,5925,61,11.980544635919003,0
Transformer+GAIL+TD3,291,5925,62,10.01262996941896,0
Transformer+GAIL+TD3,291,5925,63,57.22173997287347,0
Transformer+GAIL+TD3,291,5925,64,2.308057210427951,0
Transformer+GAIL+TD3,291,5925,65,5.065646806749967,0
Transformer+GAIL+TD3,291,5925,66,4.123509291032554,0
Transformer+GAIL+TD3,291,5925,67,8.268408837242077,0
Transformer+GAIL+TD3,291,5925,68,6.060862805825081,0
Transformer+GAIL+TD3,291,5925,69,3.4393840858019558,0
Transformer+GAIL+TD3,291,5925,70,6.881174132020057,0
Transformer+GAIL+TD3,291,5925,71,4.143490493227765,0
Transformer+GAIL+TD3,291,5925,72,4.006358833387836,0
Transformer+GAIL+TD3,291,5925,73,3.063801818900168,0
Transformer+GAIL+TD3,291,5925,74,3.0155004641243033,0
Transformer+GAIL+TD3,291,5925,75,3.2518432467091616,0
Transformer+GAIL+TD3,291,5925,76,8.621806774082843,0
Transformer+GAIL+TD3,291,5925,77,3.807331050667194,0
Transformer+GAIL+TD3,291,5925,78,18.702967952740057,0
Transformer+GAIL+TD3,291,5925,79,3.3616401832641243,0
Transformer+GAIL+TD3,291,5925,80,5.147310979126844,0
Transformer+GAIL+TD3,291,5925,81,7.483922163293603,0
Transformer+GAIL+TD3,291,5925,82,13.528895821459642,0
Transformer+GAIL+TD3,291,5925,83,34.23585081828843,0
Transformer+GAIL+TD3,291,5925,84,4.724985694292195,0
Transformer+GAIL+TD3,291,5925,85,11.367401825635385,0
Transformer+GAIL+TD3,291,5925,86,4.484487056813054,0
Transformer+GAIL+TD3,291,5925,87,6.2778388354174774,0
Transformer+GAIL+TD3,291,5925,88,16.524091201914228,0
Transformer+GAIL+TD3,291,5925,89,2.8049375501626312,0
Transformer+GAIL+TD3,291,5925,90,2.6230840157742787,0
Transformer+GAIL+TD3,291,5925,91,2.0401330397969417,0
Transformer+GAIL+TD3,291,5925,92,2.0237462923841343,0
Transformer+GAIL+TD3,291,5925,93,2.0027253146566255,0
Transformer+GAIL+TD3,291,5925,94,4.135404223416219,0
Transformer+GAIL+TD3,291,5925,95,0.8228897301695663,1
Transformer+GAIL+TD3,291,5926,5,5.463613983259478,0
Transformer+GAIL+TD3,291,5926,6,34.39000574382539,0
Transformer+GAIL+TD3,291,5926,7,16.245810055865924,0
Transformer+GAIL+TD3,291,5926,8,12.61968542639469,0
Transformer+GAIL+TD3,291,5926,9,15.890087660148346,0
Transformer+GAIL+TD3,291,5926,10,7.052073972473159,0
Transformer+GAIL+TD3,291,5926,11,10.494376129145055,0
Transformer+GAIL+TD3,291,5926,12,8.892531876138433,0
Transformer+GAIL+TD3,291,5926,13,6.505420696190185,0
Transformer+GAIL+TD3,291,5926,14,7.433848255569567,0
Transformer+GAIL+TD3,291,5926,15,7.785763327501052,0
Transformer+GAIL+TD3,291,5926,16,4.055355325644505,0
Transformer+GAIL+TD3,291,5926,17,6.374703189260497,0
Transformer+GAIL+TD3,291,5926,18,9.835215615974505,0
Transformer+GAIL+TD3,291,5926,19,5.065055908188731,0
Transformer+GAIL+TD3,291,5926,20,4.010640670298513,0
Transformer+GAIL+TD3,291,5926,21,7.5187788133894555,0
Transformer+GAIL+TD3,291,5926,22,4.408637311452326,0
Transformer+GAIL+TD3,291,5926,23,4.234205104926848,0
Transformer+GAIL+TD3,291,5926,24,4.734080456635947,0
Transformer+GAIL+TD3,291,5926,25,4.117586633403912,0
Transformer+GAIL+TD3,291,5926,26,3.5013450516258606,0
Transformer+GAIL+TD3,291,5926,27,3.2236747862558475,0
Transformer+GAIL+TD3,291,5926,28,4.042493300171592,0
Transformer+GAIL+TD3,291,5926,29,14.039597029461893,0
Transformer+GAIL+TD3,291,5926,30,3.129645875579461,0
Transformer+GAIL+TD3,291,5926,31,3.781739836062206,0
Transformer+GAIL+TD3,291,5926,32,14.507732610659442,0
Transformer+GAIL+TD3,291,5926,33,3.974554649928879,0
Transformer+GAIL+TD3,291,5926,34,187.16203451407807,0
Transformer+GAIL+TD3,291,5926,35,4.753682369043626,0
Transformer+GAIL+TD3,291,5926,36,4.249043443550696,0
Transformer+GAIL+TD3,291,5926,37,7.555602746513768,0
Transformer+GAIL+TD3,291,5926,38,35.93443101535587,0
Transformer+GAIL+TD3,291,5926,39,3.097798965171849,0
Transformer+GAIL+TD3,291,5926,40,22.701826675186744,0
Transformer+GAIL+TD3,291,5926,41,2.4470949256981167,0
Transformer+GAIL+TD3,291,5926,42,7.170815334931455,0
Transformer+GAIL+TD3,291,5926,43,34.38204399536891,0
Transformer+GAIL+TD3,291,5926,44,5.064040379886318,0
Transformer+GAIL+TD3,291,5926,45,182.79916883116886,0
Transformer+GAIL+TD3,291,5926,46,1.7236191014615512,0
Transformer+GAIL+TD3,291,5926,47,28.046142882593976,0
Transformer+GAIL+TD3,291,5926,48,2.196740480153276,0
Transformer+GAIL+TD3,291,5926,49,13.777794423325405,0
Transformer+GAIL+TD3,291,5926,50,1.9476367799856613,0
Transformer+GAIL+TD3,291,5926,51,18.108094837261504,0
Transformer+GAIL+TD3,291,5926,52,2.320887243748656,0
Transformer+GAIL+TD3,291,5926,53,15.328741965105602,0
Transformer+GAIL+TD3,291,5926,54,4.487557545440846,0
Transformer+GAIL+TD3,291,5926,55,12.517554550159433,0
Transformer+GAIL+TD3,291,5926,56,6.793392241858398,0
Transformer+GAIL+TD3,291,5926,57,2.889226060455443,0
Transformer+GAIL+TD3,291,5926,58,47.22017605443646,0
Transformer+GAIL+TD3,291,5926,59,2.6046385758684116,0
Transformer+GAIL+TD3,291,5926,60,17.614113135900823,0
Transformer+GAIL+TD3,291,5926,61,3.686850373979668,0
Transformer+GAIL+TD3,291,5926,62,13.111138109173119,0
Transformer+GAIL+TD3,291,5926,63,23.431218230129392,0
Transformer+GAIL+TD3,291,5926,64,6.561827146051477,0
Transformer+GAIL+TD3,291,5926,65,13.428602313782767,0
Transformer+GAIL+TD3,291,5926,66,6.171853890107712,0
Transformer+GAIL+TD3,291,5926,67,9.308307907046494,0
Transformer+GAIL+TD3,291,5926,68,5.846905107807548,0
Transformer+GAIL+TD3,291,5926,69,1.976003349269132,0
Transformer+GAIL+TD3,291,5926,70,5.258457108369647,0
Transformer+GAIL+TD3,291,5926,71,3.9606402225507735,0
Transformer+GAIL+TD3,291,5926,72,2.184994519046314,0
Transformer+GAIL+TD3,291,5926,73,3.3218601817059734,0
Transformer+GAIL+TD3,291,5926,74,69.97957074238462,0
Transformer+GAIL+TD3,291,5926,75,2.090633458175753,0
Transformer+GAIL+TD3,291,5926,76,80.61410301537016,0
Transformer+GAIL+TD3,291,5926,77,3.897523577340092,0
Transformer+GAIL+TD3,291,5926,78,44.08313839243941,0
Transformer+GAIL+TD3,291,5926,79,3.0242918119230486,0
Transformer+GAIL+TD3,291,5926,80,6.415071407913401,0
Transformer+GAIL+TD3,291,5926,81,69.63449986941761,0
Transformer+GAIL+TD3,291,5926,82,3.8441795270030625,0
Transformer+GAIL+TD3,291,5926,83,49.77496825782748,0
Transformer+GAIL+TD3,291,5926,84,2.473407457566005,0
Transformer+GAIL+TD3,291,5926,85,1.9563474393784668,0
Transformer+GAIL+TD3,291,5926,86,29.413861332465984,0
Transformer+GAIL+TD3,291,5926,87,1.3220293078781695,0
Transformer+GAIL+TD3,291,5926,88,6.927695086255215,0
Transformer+GAIL+TD3,291,5926,89,1.4733152835826127,0
Transformer+GAIL+TD3,291,5926,90,41.835811648079314,0
Transformer+GAIL+TD3,291,5926,91,1.4083660092891352,0
Transformer+GAIL+TD3,291,5926,92,7.36341747152558,0
Transformer+GAIL+TD3,291,5926,93,2.9350040979600434,0
Transformer+GAIL+TD3,291,5926,94,1.4110680689246047,0
Transformer+GAIL+TD3,291,5926,95,1.866885872818735,0
Transformer+GAIL+TD3,291,5926,96,1.5766942217127458,0
Transformer+GAIL+TD3,291,5926,97,1.7402945858212329,0
Transformer+GAIL+TD3,291,5926,98,1.3141288191577207,0
Transformer+GAIL+TD3,291,5927,5,2.900980295078721,0
Transformer+GAIL+TD3,291,5927,6,25.907910271546633,0
Transformer+GAIL+TD3,291,5927,7,11.149918699186992,0
Transformer+GAIL+TD3,291,5927,8,13.823208722741432,0
Transformer+GAIL+TD3,291,5927,9,27.382615444315096,0
Transformer+GAIL+TD3,291,5927,10,21.81646294881589,0
Transformer+GAIL+TD3,291,5927,11,36.72060050041702,0
Transformer+GAIL+TD3,291,5927,12,11.28125,0
Transformer+GAIL+TD3,291,5927,13,8.552371685721237,0
Transformer+GAIL+TD3,291,5927,14,9.758847200852172,0
Transformer+GAIL+TD3,291,5927,15,4.59538997466522,0
Transformer+GAIL+TD3,291,5927,16,5.253697383390216,0
Transformer+GAIL+TD3,291,5927,17,7.527391577624135,0
Transformer+GAIL+TD3,291,5927,18,4.540312914515846,0
Transformer+GAIL+TD3,291,5927,19,7.691092451523547,0
Transformer+GAIL+TD3,291,5927,20,6.501051911849786,0
Transformer+GAIL+TD3,291,5927,21,5.904019298480732,0
Transformer+GAIL+TD3,291,5927,22,5.846504650465047,0
Transformer+GAIL+TD3,291,5927,23,9.061198507353481,0
Transformer+GAIL+TD3,291,5927,24,5.476099326113747,0
Transformer+GAIL+TD3,291,5927,25,3.883001831673868,0
Transformer+GAIL+TD3,291,5927,26,6.057437725207582,0
Transformer+GAIL+TD3,291,5927,27,3.3999617134694957,0
Transformer+GAIL+TD3,291,5927,28,3.29558158723518,0
Transformer+GAIL+TD3,291,5927,29,4.61667056830857,0
Transformer+GAIL+TD3,291,5927,30,3.5838073606560674,0
Transformer+GAIL+TD3,291,5927,31,3.4992551696871708,0
Transformer+GAIL+TD3,291,5927,32,5.994571763534455,0
Transformer+GAIL+TD3,291,5927,33,4.68035565309543,0
Transformer+GAIL+TD3,291,5927,34,3.7803597158046403,0
Transformer+GAIL+TD3,291,5927,35,13.430138326114296,0
Transformer+GAIL+TD3,291,5927,36,7.022650664704537,0
Transformer+GAIL+TD3,291,5927,37,2.531267037019434,0
Transformer+GAIL+TD3,291,5927,38,9.955291756182469,0
Transformer+GAIL+TD3,291,5927,39,3.6648273478442586,0
Transformer+GAIL+TD3,291,5927,40,25.087692000797922,0
Transformer+GAIL+TD3,291,5927,41,3.097999374804627,0
Transformer+GAIL+TD3,291,5927,42,2.7868132652696964,0
Transformer+GAIL+TD3,291,5927,43,5.759057808876774,0
Transformer+GAIL+TD3,291,5927,44,2.0797613925144622,0
Transformer+GAIL+TD3,291,5927,45,43.01193874902673,0
Transformer+GAIL+TD3,291,5927,46,4.171178605736685,0
Transformer+GAIL+TD3,291,5927,47,10.4331162748705,0
Transformer+GAIL+TD3,291,5927,48,5.9141379025317615,0
Transformer+GAIL+TD3,291,5927,49,46.87245064892573,0
Transformer+GAIL+TD3,291,5927,50,7.842575803697872,0
Transformer+GAIL+TD3,291,5927,51,121.62283451575647,0
Transformer+GAIL+TD3,291,5927,52,5.5186545751316025,0
Transformer+GAIL+TD3,291,5927,53,5.692100389319569,0
Transformer+GAIL+TD3,291,5927,54,3.721937333470196,0
Transformer+GAIL+TD3,291,5927,55,2.730501401717515,0
Transformer+GAIL+TD3,291,5927,56,12.337811763750102,0
Transformer+GAIL+TD3,291,5927,57,4.011216605922902,0
Transformer+GAIL+TD3,291,5927,58,11.689247117479958,0
Transformer+GAIL+TD3,291,5927,59,5.765690157335203,0
Transformer+GAIL+TD3,291,5927,60,113.99257470352882,0
Transformer+GAIL+TD3,291,5927,61,2.842445262324647,0
Transformer+GAIL+TD3,291,5927,62,16.298050432185743,0
Transformer+GAIL+TD3,291,5927,63,2.209347004535707,0
Transformer+GAIL+TD3,291,5927,64,28.518859490410613,0
Transformer+GAIL+TD3,291,5927,65,5.375686065002441,0
Transformer+GAIL+TD3,291,5927,66,11.770410288158487,0
Transformer+GAIL+TD3,291,5927,67,4.479362752317326,0
Transformer+GAIL+TD3,291,5927,68,4.822325602979223,0
Transformer+GAIL+TD3,291,5927,69,8.551436342940288,0
Transformer+GAIL+TD3,291,5927,70,71.63171826447231,0
Transformer+GAIL+TD3,291,5927,71,3.4478143553046796,0
Transformer+GAIL+TD3,291,5927,72,33.45022401093477,0
Transformer+GAIL+TD3,291,5927,73,27.268885827133282,0
Transformer+GAIL+TD3,291,5927,74,6.236326432752913,0
Transformer+GAIL+TD3,291,5927,75,103.78390628268599,0
Transformer+GAIL+TD3,291,5927,76,3.3193903192001275,0
Transformer+GAIL+TD3,291,5927,77,8.565078011642111,0
Transformer+GAIL+TD3,291,5927,78,12.805853102317156,0
Transformer+GAIL+TD3,291,5927,79,4.839990834920633,0
Transformer+GAIL+TD3,291,5927,80,29.095546362216684,0
Transformer+GAIL+TD3,291,5927,81,4.5431537124640755,0
Transformer+GAIL+TD3,291,5927,82,4.220315728095696,0
Transformer+GAIL+TD3,291,5927,83,5.698859635354041,0
Transformer+GAIL+TD3,291,5927,84,7.488399272115138,0
Transformer+GAIL+TD3,291,5927,85,4.265860948693611,0
Transformer+GAIL+TD3,291,5927,86,14.428139444975486,0
Transformer+GAIL+TD3,291,5927,87,2.6617654053195086,0
Transformer+GAIL+TD3,291,5927,88,22.00441181602617,0
Transformer+GAIL+TD3,291,5927,89,16.065102590695734,0
Transformer+GAIL+TD3,291,5927,90,135.92839716499748,0
Transformer+GAIL+TD3,291,5927,91,3.6871741086853747,0
Transformer+GAIL+TD3,291,5927,92,34.96909503835578,0
Transformer+GAIL+TD3,291,5927,93,3.4947759597903967,0
Transformer+GAIL+TD3,291,5927,94,4.952863512920251,0
Transformer+GAIL+TD3,291,5927,95,6.623113391754838,0
Transformer+GAIL+TD3,291,5927,96,8.356347626805047,0
Transformer+GAIL+TD3,291,5927,97,2.707251114564508,0
Transformer+GAIL+TD3,291,5927,98,4.66845642958314,0
Transformer+GAIL+TD3,291,5928,5,5.463892168437623,0
Transformer+GAIL+TD3,291,5928,6,66.32908704883228,0
Transformer+GAIL+TD3,291,5928,7,29.810169491525425,0
Transformer+GAIL+TD3,291,5928,8,22.254412056315683,0
Transformer+GAIL+TD3,291,5928,9,8.830032555615844,0
Transformer+GAIL+TD3,291,5928,10,17.692950005284857,0
Transformer+GAIL+TD3,291,5928,11,16.38868513460788,0
Transformer+GAIL+TD3,291,5928,12,5.693622215440952,0
Transformer+GAIL+TD3,291,5928,13,11.636506465777705,0
Transformer+GAIL+TD3,291,5928,14,7.641227823148409,0
Transformer+GAIL+TD3,291,5928,15,4.5365177567089825,0
Transformer+GAIL+TD3,291,5928,16,6.1754878158438995,0
Transformer+GAIL+TD3,291,5928,17,5.311493252067915,0
Transformer+GAIL+TD3,291,5928,18,3.6241141195711433,0
Transformer+GAIL+TD3,291,5928,19,5.737250308261404,0
Transformer+GAIL+TD3,291,5928,20,7.338033531403397,0
Transformer+GAIL+TD3,291,5928,21,6.518280561237721,0
Transformer+GAIL+TD3,291,5928,22,7.454616744420962,0
Transformer+GAIL+TD3,291,5928,23,3.472140205837692,0
Transformer+GAIL+TD3,291,5928,24,4.856893209857551,0
Transformer+GAIL+TD3,291,5928,25,3.248754994127573,0
Transformer+GAIL+TD3,291,5928,26,20.43799522072695,0
Transformer+GAIL+TD3,291,5928,27,4.546051488548447,0
Transformer+GAIL+TD3,291,5928,28,11.302703047100236,0
Transformer+GAIL+TD3,291,5928,29,2.786404570270727,0
Transformer+GAIL+TD3,291,5928,30,12.102513141519772,0
Transformer+GAIL+TD3,291,5928,31,5.840516562290755,0
Transformer+GAIL+TD3,291,5928,32,4.1309011842188115,0
Transformer+GAIL+TD3,291,5928,33,27.590213921577966,0
Transformer+GAIL+TD3,291,5928,34,4.014119436318671,0
Transformer+GAIL+TD3,291,5928,35,24.774137519268766,0
Transformer+GAIL+TD3,291,5928,36,2.1112981096716097,0
Transformer+GAIL+TD3,291,5928,37,10.980575054462465,0
Transformer+GAIL+TD3,291,5928,38,4.334157104415599,0
Transformer+GAIL+TD3,291,5928,39,9.914236091446263,0
Transformer+GAIL+TD3,291,5928,40,8.635461525774707,0
Transformer+GAIL+TD3,291,5928,41,9.531769729107536,0
Transformer+GAIL+TD3,291,5928,42,3.205043571393798,0
Transformer+GAIL+TD3,291,5928,43,11.22822703388988,0
Transformer+GAIL+TD3,291,5928,44,35.71606200204434,0
Transformer+GAIL+TD3,291,5928,45,2.9567991014365975,0
Transformer+GAIL+TD3,291,5928,46,26.829393490191126,0
Transformer+GAIL+TD3,291,5928,47,15.144954293867695,0
Transformer+GAIL+TD3,291,5928,48,126.17550356475394,0
Transformer+GAIL+TD3,291,5928,49,3.6687640994162796,0
Transformer+GAIL+TD3,291,5928,50,15.58992912355222,0
Transformer+GAIL+TD3,291,5928,51,3.014418231654039,0
Transformer+GAIL+TD3,291,5928,52,6.629130162605931,0
Transformer+GAIL+TD3,291,5928,53,87.04397424874705,0
Transformer+GAIL+TD3,291,5928,54,3.9973138375268142,0
Transformer+GAIL+TD3,291,5928,55,2.6147697535297936,0
Transformer+GAIL+TD3,291,5928,56,10.485133121903322,0
Transformer+GAIL+TD3,291,5928,57,3.6085689495257753,0
Transformer+GAIL+TD3,291,5928,58,5.148100584421431,0
Transformer+GAIL+TD3,291,5928,59,5.073680988236875,0
Transformer+GAIL+TD3,291,5928,60,2.930309812911298,0
Transformer+GAIL+TD3,291,5928,61,2.014732586244781,0
Transformer+GAIL+TD3,291,5928,62,4.638950363578881,0
Transformer+GAIL+TD3,291,5928,63,8.253587119612583,0
Transformer+GAIL+TD3,291,5928,64,5.049477643807747,0
Transformer+GAIL+TD3,291,5928,65,38.977077288314426,0
Transformer+GAIL+TD3,291,5928,66,3.758951392973638,0
Transformer+GAIL+TD3,291,5928,67,47.91965507234361,0
Transformer+GAIL+TD3,291,5928,68,2.7303697357836123,0
Transformer+GAIL+TD3,291,5928,69,9.286145803516279,0
Transformer+GAIL+TD3,291,5928,70,62.29708830015912,0
Transformer+GAIL+TD3,291,5928,71,3.024984912915947,0
Transformer+GAIL+TD3,291,5928,72,13.275485558661218,0
Transformer+GAIL+TD3,291,5928,73,8.915770621695223,0
Transformer+GAIL+TD3,291,5928,74,4.369422729564489,0
Transformer+GAIL+TD3,291,5928,75,93.11991790166309,0
Transformer+GAIL+TD3,291,5928,76,1.4844556527778223,0
Transformer+GAIL+TD3,291,5928,77,1.8129953972981299,0
Transformer+GAIL+TD3,291,5928,78,1.7876402147546513,0
Transformer+GAIL+TD3,291,5928,79,4.775488700956605,0
Transformer+GAIL+TD3,291,5928,80,2.5036026462825216,0
Transformer+GAIL+TD3,291,5928,81,9.855928246713356,0
Transformer+GAIL+TD3,291,5928,82,1.9987324810777534,0
Transformer+GAIL+TD3,291,5928,83,8.092461042329116,0
Transformer+GAIL+TD3,291,5928,84,1.9395338773308355,0
Transformer+GAIL+TD3,291,5928,85,2.888159490440486,0
Transformer+GAIL+TD3,291,5928,86,1.5776410671806114,0
Transformer+GAIL+TD3,291,5928,87,1.6114204018828036,0
Transformer+GAIL+TD3,291,5928,88,1.6977351780098975,0
Transformer+GAIL+TD3,291,5928,89,16.141479874668594,0
Transformer+GAIL+TD3,291,5928,90,1.8555693957820714,0
Transformer+GAIL+TD3,291,5928,91,0.5374416677569889,1
Transformer+GAIL+TD3,291,5929,5,6.659815106215578,0
Transformer+GAIL+TD3,291,5929,6,40.91144952058658,0
Transformer+GAIL+TD3,291,5929,7,29.110393603936036,0
Transformer+GAIL+TD3,291,5929,8,23.512404766555967,0
Transformer+GAIL+TD3,291,5929,9,9.044795959058886,0
Transformer+GAIL+TD3,291,5929,10,5.852133105802047,0
Transformer+GAIL+TD3,291,5929,11,10.958415251712838,0
Transformer+GAIL+TD3,291,5929,12,9.604907341127813,0
Transformer+GAIL+TD3,291,5929,13,7.260769483722459,0
Transformer+GAIL+TD3,291,5929,14,9.390913193073496,0
Transformer+GAIL+TD3,291,5929,15,6.74670426380258,0
Transformer+GAIL+TD3,291,5929,16,4.312840687785639,0
Transformer+GAIL+TD3,291,5929,17,4.367379619051186,0
Transformer+GAIL+TD3,291,5929,18,6.937092221857565,0
Transformer+GAIL+TD3,291,5929,19,6.288560678384904,0
Transformer+GAIL+TD3,291,5929,20,5.136477492960837,0
Transformer+GAIL+TD3,291,5929,21,5.778960802187785,0
Transformer+GAIL+TD3,291,5929,22,3.5100905866505188,0
Transformer+GAIL+TD3,291,5929,23,4.581114024476362,0
Transformer+GAIL+TD3,291,5929,24,3.938317716654433,0
Transformer+GAIL+TD3,291,5929,25,5.580857773573006,0
Transformer+GAIL+TD3,291,5929,26,3.879586257526202,0
Transformer+GAIL+TD3,291,5929,27,12.351349364824635,0
Transformer+GAIL+TD3,291,5929,28,5.542241395802644,0
Transformer+GAIL+TD3,291,5929,29,118.31053351573189,0
Transformer+GAIL+TD3,291,5929,30,3.455505468912657,0
Transformer+GAIL+TD3,291,5929,31,53.05065367599544,0
Transformer+GAIL+TD3,291,5929,32,2.842615043989759,0
Transformer+GAIL+TD3,291,5929,33,4.375918807125835,0
Transformer+GAIL+TD3,291,5929,34,65.81812699752757,0
Transformer+GAIL+TD3,291,5929,35,2.9926285670159682,0
Transformer+GAIL+TD3,291,5929,36,10.325227676179875,0
Transformer+GAIL+TD3,291,5929,37,2.590732692257969,0
Transformer+GAIL+TD3,291,5929,38,46.79509874759153,0
Transformer+GAIL+TD3,291,5929,39,4.021338917750661,0
Transformer+GAIL+TD3,291,5929,40,4.334414810741454,0
Transformer+GAIL+TD3,291,5929,41,71.04508263343267,0
Transformer+GAIL+TD3,291,5929,42,5.390190378105431,0
Transformer+GAIL+TD3,291,5929,43,82.95544723789978,0
Transformer+GAIL+TD3,291,5929,44,1.9335616272206095,0
Transformer+GAIL+TD3,291,5929,45,4.807892177428582,0
Transformer+GAIL+TD3,291,5929,46,3.664337923804874,0
Transformer+GAIL+TD3,291,5929,47,72.35629221471739,0
Transformer+GAIL+TD3,291,5929,48,9.271425979680698,0
Transformer+GAIL+TD3,291,5929,49,4.675855146005026,0
Transformer+GAIL+TD3,291,5929,50,6.152284967644126,0
Transformer+GAIL+TD3,291,5929,51,9.42000043016303,0
Transformer+GAIL+TD3,291,5929,52,116.29333333333334,0
Transformer+GAIL+TD3,291,5929,53,3.030755493693824,0
Transformer+GAIL+TD3,291,5929,54,3.1432722549619467,0
Transformer+GAIL+TD3,291,5929,55,6.346947889009726,0
Transformer+GAIL+TD3,291,5929,56,246.3846705899239,0
Transformer+GAIL+TD3,291,5929,57,7.441335144872227,0
Transformer+GAIL+TD3,291,5929,58,27.522382170852996,0
Transformer+GAIL+TD3,291,5929,59,4.714427331053653,0
Transformer+GAIL+TD3,291,5929,60,75.99043646352631,0
Transformer+GAIL+TD3,291,5929,61,3.7177534035350375,0
Transformer+GAIL+TD3,291,5929,62,5.256763858649481,0
Transformer+GAIL+TD3,291,5929,63,13.767911794524641,0
Transformer+GAIL+TD3,291,5929,64,4.922641051871631,0
Transformer+GAIL+TD3,291,5929,65,6.8750104825440355,0
Transformer+GAIL+TD3,291,5929,66,13.149405398678448,0
Transformer+GAIL+TD3,291,5929,67,3.2485514788861365,0
Transformer+GAIL+TD3,291,5929,68,4.461745827706328,0
Transformer+GAIL+TD3,291,5929,69,10.282722826807552,0
Transformer+GAIL+TD3,291,5929,70,96.65968433821483,0
Transformer+GAIL+TD3,291,5929,71,3.0238347234256517,0
Transformer+GAIL+TD3,291,5929,72,29.54461689391225,0
Transformer+GAIL+TD3,291,5929,73,5.648697442213152,0
Transformer+GAIL+TD3,291,5929,74,148.4179716966899,0
Transformer+GAIL+TD3,291,5929,75,2.9471781108990065,0
Transformer+GAIL+TD3,291,5929,76,27.09377335483617,0
Transformer+GAIL+TD3,291,5929,77,139.09943818650527,0
Transformer+GAIL+TD3,291,5929,78,3.1980717851789024,0
Transformer+GAIL+TD3,291,5929,79,120.66837837591324,0
Transformer+GAIL+TD3,291,5929,80,4.847010649481819,0
Transformer+GAIL+TD3,291,5929,81,4.153076959284538,0
Transformer+GAIL+TD3,291,5929,82,26.956769080982482,0
Transformer+GAIL+TD3,291,5929,83,3.4923595415387765,0
Transformer+GAIL+TD3,291,5929,84,2.183804878814358,0
Transformer+GAIL+TD3,291,5929,85,2.421110126908347,0
Transformer+GAIL+TD3,291,5929,86,2.9924487252791754,0
Transformer+GAIL+TD3,291,5929,87,2.4596417896261458,0
Transformer+GAIL+TD3,291,5929,88,2.9419893831874715,0
Transformer+GAIL+TD3,291,5929,89,1.3446954298004354,0
Transformer+GAIL+TD3,291,5929,90,6.285800931367342,0
Transformer+GAIL+TD3,291,5929,91,3.286075540517652,0
Transformer+GAIL+TD3,291,5929,92,34.48216905710093,0
Transformer+GAIL+TD3,291,5929,93,0.6043831447713942,1
Transformer+GAIL+TD3,291,5933,5,5.072630646589904,0
Transformer+GAIL+TD3,291,5933,6,39.36513545347468,0
Transformer+GAIL+TD3,291,5933,7,55.31944444444445,0
Transformer+GAIL+TD3,291,5933,8,24.501213818860876,0
Transformer+GAIL+TD3,291,5933,9,10.98965564175854,0
Transformer+GAIL+TD3,291,5933,10,20.33808483733762,0
Transformer+GAIL+TD3,291,5933,11,9.586786516853932,0
Transformer+GAIL+TD3,291,5933,12,7.934189897135864,0
Transformer+GAIL+TD3,291,5933,13,7.804878771711423,0
Transformer+GAIL+TD3,291,5933,14,7.416512545891186,0
Transformer+GAIL+TD3,291,5933,15,9.598868573761411,0
Transformer+GAIL+TD3,291,5933,16,6.24343218310084,0
Transformer+GAIL+TD3,291,5933,17,7.8000999946431415,0
Transformer+GAIL+TD3,291,5933,18,5.368422677865613,0
Transformer+GAIL+TD3,291,5933,19,13.430288989147664,0
Transformer+GAIL+TD3,291,5933,20,6.191206272745598,0
Transformer+GAIL+TD3,291,5933,21,6.122926022661081,0
Transformer+GAIL+TD3,291,5933,22,4.897308637722909,0
Transformer+GAIL+TD3,291,5933,23,4.65204229170432,0
Transformer+GAIL+TD3,291,5933,24,4.681275426322169,0
Transformer+GAIL+TD3,291,5933,25,4.743965978353463,0
Transformer+GAIL+TD3,291,5933,26,4.620224128874103,0
Transformer+GAIL+TD3,291,5933,27,5.107806634372529,0
Transformer+GAIL+TD3,291,5933,28,8.450544004153786,0
Transformer+GAIL+TD3,291,5933,29,2.8602789665557142,0
Transformer+GAIL+TD3,291,5933,30,5.321163474159861,0
Transformer+GAIL+TD3,291,5933,31,5.050387364921031,0
Transformer+GAIL+TD3,291,5933,32,186.91968207487977,0
Transformer+GAIL+TD3,291,5933,33,2.1605123139563114,0
Transformer+GAIL+TD3,291,5933,34,41.57285007504587,0
Transformer+GAIL+TD3,291,5933,35,3.336770725309091,0
Transformer+GAIL+TD3,291,5933,36,37.69886933527856,0
Transformer+GAIL+TD3,291,5933,37,5.604982544470041,0
Transformer+GAIL+TD3,291,5933,38,5.558213631954281,0
Transformer+GAIL+TD3,291,5933,39,61.47453270375235,0
Transformer+GAIL+TD3,291,5933,40,6.395932928625842,0
Transformer+GAIL+TD3,291,5933,41,72.3575239373918,0
Transformer+GAIL+TD3,291,5933,42,3.505479837614412,0
Transformer+GAIL+TD3,291,5933,43,81.60660442180995,0
Transformer+GAIL+TD3,291,5933,44,2.513470141393112,0
Transformer+GAIL+TD3,291,5933,45,8.495628650048184,0
Transformer+GAIL+TD3,291,5933,46,38.478462500434226,0
Transformer+GAIL+TD3,291,5933,47,2.827834559772281,0
Transformer+GAIL+TD3,291,5933,48,107.25985581606807,0
Transformer+GAIL+TD3,291,5933,49,2.2376984699295934,0
Transformer+GAIL+TD3,291,5933,50,2.803488657047167,0
Transformer+GAIL+TD3,291,5933,51,3.6795326615057724,0
Transformer+GAIL+TD3,291,5933,52,3.2608793484730434,0
Transformer+GAIL+TD3,291,5933,53,67.94392840192555,0
Transformer+GAIL+TD3,291,5933,54,4.799708249884455,0
Transformer+GAIL+TD3,291,5933,55,7.021570056310036,0
Transformer+GAIL+TD3,291,5933,56,11.878286075426292,0
Transformer+GAIL+TD3,291,5933,57,5.689923129665794,0
Transformer+GAIL+TD3,291,5933,58,200.72565837968233,0
Transformer+GAIL+TD3,291,5933,59,3.892461581413168,0
Transformer+GAIL+TD3,291,5933,60,79.33732325739608,0
Transformer+GAIL+TD3,291,5933,61,7.883358832427973,0
Transformer+GAIL+TD3,291,5933,62,6.0247870654074935,0
Transformer+GAIL+TD3,291,5933,63,5.963089029169167,0
Transformer+GAIL+TD3,291,5933,64,9.109990205238615,0
Transformer+GAIL+TD3,291,5933,65,4.7556488842370515,0
Transformer+GAIL+TD3,291,5933,66,6.478384198824948,0
Transformer+GAIL+TD3,291,5933,67,51.0089840483117,0
Transformer+GAIL+TD3,291,5933,68,6.844273986886955,0
Transformer+GAIL+TD3,291,5933,69,3.427589154061452,0
Transformer+GAIL+TD3,291,5933,70,16.64258552125499,0
Transformer+GAIL+TD3,291,5933,71,4.139446688351145,0
Transformer+GAIL+TD3,291,5933,72,3.551779849205862,0
Transformer+GAIL+TD3,291,5933,73,5.268593037710949,0
Transformer+GAIL+TD3,291,5933,74,4.494131063437598,0
Transformer+GAIL+TD3,291,5933,75,26.587053156303675,0
Transformer+GAIL+TD3,291,5933,76,3.3166163050162383,0
Transformer+GAIL+TD3,291,5933,77,2.4987907969441903,0
Transformer+GAIL+TD3,291,5933,78,41.20271573927446,0
Transformer+GAIL+TD3,291,5933,79,2.177760713160545,0
Transformer+GAIL+TD3,291,5933,80,34.37307074829062,0
Transformer+GAIL+TD3,291,5933,81,4.906974780737756,0
Transformer+GAIL+TD3,291,5933,82,104.73555176099845,0
Transformer+GAIL+TD3,291,5933,83,2.7377385891462613,0
Transformer+GAIL+TD3,291,5933,84,131.98719196065625,0
Transformer+GAIL+TD3,291,5933,85,5.327278936926837,0
Transformer+GAIL+TD3,291,5933,86,4.445420024801941,0
Transformer+GAIL+TD3,291,5933,87,6.438349543282407,0
Transformer+GAIL+TD3,291,5933,88,8.216584667637841,0
Transformer+GAIL+TD3,291,5933,89,2.450055604302007,0
Transformer+GAIL+TD3,291,5933,90,61.412495412551266,0
Transformer+GAIL+TD3,291,5933,91,3.743995117140555,0
Transformer+GAIL+TD3,291,5933,92,1.7192335314223157,0
Transformer+GAIL+TD3,291,5933,93,4.200996990359817,0
Transformer+GAIL+TD3,291,5933,94,2.1316920864144864,0
Transformer+GAIL+TD3,291,5933,95,1.6174039255532626,0
Transformer+GAIL+TD3,291,5933,96,9.67480625594486,0
Transformer+GAIL+TD3,291,5933,97,1.477935238965672,0
Transformer+GAIL+TD3,291,5933,98,5.6848857764481915,0
Transformer+GAIL+TD3,291,5937,5,6.620615324319028,0
Transformer+GAIL+TD3,291,5937,6,84.48252427184467,0
Transformer+GAIL+TD3,291,5937,7,23.248644138506467,0
Transformer+GAIL+TD3,291,5937,8,13.299999999999997,0
Transformer+GAIL+TD3,291,5937,9,8.718260020743092,0
Transformer+GAIL+TD3,291,5937,10,9.0490630505579,0
Transformer+GAIL+TD3,291,5937,11,7.247727348965147,0
Transformer+GAIL+TD3,291,5937,12,9.963289171785952,0
Transformer+GAIL+TD3,291,5937,13,9.46499217959334,0
Transformer+GAIL+TD3,291,5937,14,5.698338552093494,0
Transformer+GAIL+TD3,291,5937,15,4.342518248175183,0
Transformer+GAIL+TD3,291,5937,16,5.612848939532135,0
Transformer+GAIL+TD3,291,5937,17,5.222626232731193,0
Transformer+GAIL+TD3,291,5937,18,6.830836108028118,0
Transformer+GAIL+TD3,291,5937,19,7.231646756972991,0
Transformer+GAIL+TD3,291,5937,20,4.342080650943837,0
Transformer+GAIL+TD3,291,5937,21,4.121208846138258,0
Transformer+GAIL+TD3,291,5937,22,4.044483154812646,0
Transformer+GAIL+TD3,291,5937,23,3.7087116548681642,0
Transformer+GAIL+TD3,291,5937,24,5.460587515299877,0
Transformer+GAIL+TD3,291,5937,25,4.182217168845935,0
Transformer+GAIL+TD3,291,5937,26,3.2613844223243156,0
Transformer+GAIL+TD3,291,5937,27,17.144495955343203,0
Transformer+GAIL+TD3,291,5937,28,3.4351520615343296,0
Transformer+GAIL+TD3,291,5937,29,3.4678638071004486,0
Transformer+GAIL+TD3,291,5937,30,117.13652318492518,0
Transformer+GAIL+TD3,291,5937,31,4.154868765974945,0
Transformer+GAIL+TD3,291,5937,32,3.112632642748863,0
Transformer+GAIL+TD3,291,5937,33,14.239829375437703,0
Transformer+GAIL+TD3,291,5937,34,4.767733641059797,0
Transformer+GAIL+TD3,291,5937,35,115.37858635759075,0
Transformer+GAIL+TD3,291,5937,36,4.428974320449736,0
Transformer+GAIL+TD3,291,5937,37,4.903308104698834,0
Transformer+GAIL+TD3,291,5937,38,156.6564077903342,0
Transformer+GAIL+TD3,291,5937,39,3.0259306235667256,0
Transformer+GAIL+TD3,291,5937,40,6.781406068239265,0
Transformer+GAIL+TD3,291,5937,41,23.951004660135506,0
Transformer+GAIL+TD3,291,5937,42,5.865101602517865,0
Transformer+GAIL+TD3,291,5937,43,157.26725901304013,0
Transformer+GAIL+TD3,291,5937,44,5.151651079753503,0
Transformer+GAIL+TD3,291,5937,45,11.400980004354214,0
Transformer+GAIL+TD3,291,5937,46,4.843786960824541,0
Transformer+GAIL+TD3,291,5937,47,3.9866873348262652,0
Transformer+GAIL+TD3,291,5937,48,141.39847328244275,0
Transformer+GAIL+TD3,291,5937,49,4.115384948192531,0
Transformer+GAIL+TD3,291,5937,50,4.165439918100272,0
Transformer+GAIL+TD3,291,5937,51,5.60481767969211,0
Transformer+GAIL+TD3,291,5937,52,4.9160323992566894,0
Transformer+GAIL+TD3,291,5937,53,238.19836633407436,0
Transformer+GAIL+TD3,291,5937,54,3.184668495256249,0
Transformer+GAIL+TD3,291,5937,55,5.234295723405866,0
Transformer+GAIL+TD3,291,5937,56,12.130861236556717,0
Transformer+GAIL+TD3,291,5937,57,124.1630932157997,0
Transformer+GAIL+TD3,291,5937,58,4.424426737883007,0
Transformer+GAIL+TD3,291,5937,59,219.30791596814748,0
Transformer+GAIL+TD3,291,5937,60,5.32569690272948,0
Transformer+GAIL+TD3,291,5937,61,2.7074284203833576,0
Transformer+GAIL+TD3,291,5937,62,4.015645897638163,0
Transformer+GAIL+TD3,291,5937,63,6.1412598428333025,0
Transformer+GAIL+TD3,291,5937,64,3.682273476596791,0
Transformer+GAIL+TD3,291,5937,65,22.046857909341067,0
Transformer+GAIL+TD3,291,5937,66,4.0429921299395355,0
Transformer+GAIL+TD3,291,5937,67,4.591977389630955,0
Transformer+GAIL+TD3,291,5937,68,9.866656573494067,0
Transformer+GAIL+TD3,291,5937,69,62.75806664433685,0
Transformer+GAIL+TD3,291,5937,70,2.88199010925437,0
Transformer+GAIL+TD3,291,5937,71,110.82931018895218,0
Transformer+GAIL+TD3,291,5937,72,4.041153119263566,0
Transformer+GAIL+TD3,291,5937,73,82.64996455221025,0
Transformer+GAIL+TD3,291,5937,74,90.7709045759073,0
Transformer+GAIL+TD3,291,5937,75,4.408660080509313,0
Transformer+GAIL+TD3,291,5937,76,14.517559954579395,0
Transformer+GAIL+TD3,291,5937,77,6.49454047829087,0
Transformer+GAIL+TD3,291,5937,78,3.509709158471425,0
Transformer+GAIL+TD3,291,5937,79,13.19631382346594,0
Transformer+GAIL+TD3,291,5937,80,4.636605213220424,0
Transformer+GAIL+TD3,291,5937,81,6.315540405190015,0
Transformer+GAIL+TD3,291,5937,82,4.395333816645137,0
Transformer+GAIL+TD3,291,5937,83,3.9356610775112797,0
Transformer+GAIL+TD3,291,5937,84,4.73720358371304,0
Transformer+GAIL+TD3,291,5937,85,3.955804496747533,0
Transformer+GAIL+TD3,291,5937,86,3.4619468478273765,0
Transformer+GAIL+TD3,291,5937,87,83.73371944608375,0
Transformer+GAIL+TD3,291,5937,88,3.1850282012061553,0
Transformer+GAIL+TD3,291,5937,89,5.650146606539746,0
Transformer+GAIL+TD3,291,5937,90,2.9293759580030074,0
Transformer+GAIL+TD3,291,5937,91,8.720536827716883,0
Transformer+GAIL+TD3,291,5937,92,12.975847863464846,0
Transformer+GAIL+TD3,291,5937,93,20.369789235980427,0
Transformer+GAIL+TD3,291,5937,94,3.1172939200202006,0
Transformer+GAIL+TD3,291,5937,95,4.766284452728396,0
Transformer+GAIL+TD3,291,5937,96,15.575876905439404,0
Transformer+GAIL+TD3,291,5937,97,6.253792818288934,0
Transformer+GAIL+TD3,291,5937,98,4.073557901986722,0
Transformer+GAIL+TD3,291,5939,5,6.309936368086147,0
Transformer+GAIL+TD3,291,5939,6,48.22788353863381,0
Transformer+GAIL+TD3,291,5939,7,21.644739449177727,0
Transformer+GAIL+TD3,291,5939,8,12.372556086133885,0
Transformer+GAIL+TD3,291,5939,9,8.070970448960018,0
Transformer+GAIL+TD3,291,5939,10,10.737292935013453,0
Transformer+GAIL+TD3,291,5939,11,5.750483949024036,0
Transformer+GAIL+TD3,291,5939,12,7.4499560632688935,0
Transformer+GAIL+TD3,291,5939,13,7.029628524541248,0
Transformer+GAIL+TD3,291,5939,14,5.1181165367254815,0
Transformer+GAIL+TD3,291,5939,15,4.833930704898448,0
Transformer+GAIL+TD3,291,5939,16,4.517769164146469,0
Transformer+GAIL+TD3,291,5939,17,5.859302037785661,0
Transformer+GAIL+TD3,291,5939,18,6.554767554383128,0
Transformer+GAIL+TD3,291,5939,19,9.892782033949226,0
Transformer+GAIL+TD3,291,5939,20,10.491500673955368,0
Transformer+GAIL+TD3,291,5939,21,5.718029179622098,0
Transformer+GAIL+TD3,291,5939,22,5.318662331338455,0
Transformer+GAIL+TD3,291,5939,23,3.0934663171417336,0
Transformer+GAIL+TD3,291,5939,24,5.248410225060303,0
Transformer+GAIL+TD3,291,5939,25,5.915805605968945,0
Transformer+GAIL+TD3,291,5939,26,7.233936035029164,0
Transformer+GAIL+TD3,291,5939,27,5.213044404382769,0
Transformer+GAIL+TD3,291,5939,28,8.515771267971031,0
Transformer+GAIL+TD3,291,5939,29,3.293674714078404,0
Transformer+GAIL+TD3,291,5939,30,16.06586447118429,0
Transformer+GAIL+TD3,291,5939,31,3.7232217189107346,0
Transformer+GAIL+TD3,291,5939,32,6.738674049596619,0
Transformer+GAIL+TD3,291,5939,33,66.21984253702583,0
Transformer+GAIL+TD3,291,5939,34,3.682815457413249,0
Transformer+GAIL+TD3,291,5939,35,106.33340915984229,0
Transformer+GAIL+TD3,291,5939,36,2.5059869064639932,0
Transformer+GAIL+TD3,291,5939,37,15.990239381344765,0
Transformer+GAIL+TD3,291,5939,38,8.915634469193556,0
Transformer+GAIL+TD3,291,5939,39,2.6915502871494614,0
Transformer+GAIL+TD3,291,5939,40,137.8195752134881,0
Transformer+GAIL+TD3,291,5939,41,4.73842962330834,0
Transformer+GAIL+TD3,291,5939,42,97.98311554837763,0
Transformer+GAIL+TD3,291,5939,43,4.938791267305644,0
Transformer+GAIL+TD3,291,5939,44,5.927485455924577,0
Transformer+GAIL+TD3,291,5939,45,101.2275241800207,0
Transformer+GAIL+TD3,291,5939,46,12.617731277197196,0
Transformer+GAIL+TD3,291,5939,47,156.02025835554647,0
Transformer+GAIL+TD3,291,5939,48,3.6339853576233714,0
Transformer+GAIL+TD3,291,5939,49,3.0569824813873914,0
Transformer+GAIL+TD3,291,5939,50,85.78558837668929,0
Transformer+GAIL+TD3,291,5939,51,2.7330030839158583,0
Transformer+GAIL+TD3,291,5939,52,119.3380360909304,0
Transformer+GAIL+TD3,291,5939,53,3.3581850096698846,0
Transformer+GAIL+TD3,291,5939,54,4.80769225056185,0
Transformer+GAIL+TD3,291,5939,55,7.995516382193442,0
Transformer+GAIL+TD3,291,5939,56,5.4344067487402725,0
Transformer+GAIL+TD3,291,5939,57,42.455605490100815,0
Transformer+GAIL+TD3,291,5939,58,3.200745874231896,0
Transformer+GAIL+TD3,291,5939,59,5.074264769519725,0
Transformer+GAIL+TD3,291,5939,60,3.221307968303306,0
Transformer+GAIL+TD3,291,5939,61,2.224810149154437,0
Transformer+GAIL+TD3,291,5939,62,5.127474206368391,0
Transformer+GAIL+TD3,291,5939,63,4.688093064185091,0
Transformer+GAIL+TD3,291,5939,64,3.104903222816114,0
Transformer+GAIL+TD3,291,5939,65,2.9709484765664538,0
Transformer+GAIL+TD3,291,5939,66,6.204619452649837,0
Transformer+GAIL+TD3,291,5939,67,42.49538887879339,0
Transformer+GAIL+TD3,291,5939,68,4.61040564624209,0
Transformer+GAIL+TD3,291,5939,69,30.294568681393514,0
Transformer+GAIL+TD3,291,5939,70,3.363416811203091,0
Transformer+GAIL+TD3,291,5939,71,8.751286843336691,0
Transformer+GAIL+TD3,291,5939,72,5.815073177881227,0
Transformer+GAIL+TD3,291,5939,73,7.39751198577173,0
Transformer+GAIL+TD3,291,5939,74,7.7962509188924285,0
Transformer+GAIL+TD3,291,5939,75,3.990437716225799,0
Transformer+GAIL+TD3,291,5939,76,5.792718199334126,0
Transformer+GAIL+TD3,291,5939,77,9.346905997841393,0
Transformer+GAIL+TD3,291,5939,78,5.330334863656188,0
Transformer+GAIL+TD3,291,5939,79,20.17214886359799,0
Transformer+GAIL+TD3,291,5939,80,3.906926381063039,0
Transformer+GAIL+TD3,291,5939,81,94.49078620355216,0
Transformer+GAIL+TD3,291,5939,82,2.7946245460013346,0
Transformer+GAIL+TD3,291,5939,83,72.10358095683507,0
Transformer+GAIL+TD3,291,5939,84,3.0171553469545644,0
Transformer+GAIL+TD3,291,5939,85,4.602428308438454,0
Transformer+GAIL+TD3,291,5939,86,38.094121206445706,0
Transformer+GAIL+TD3,291,5939,87,2.5409640317647315,0
Transformer+GAIL+TD3,291,5939,88,5.439920945593832,0
Transformer+GAIL+TD3,291,5939,89,6.947173298543161,0
Transformer+GAIL+TD3,291,5939,90,2.1148564874571,0
Transformer+GAIL+TD3,291,5939,91,37.45283820191912,0
Transformer+GAIL+TD3,291,5939,92,1.1626179644710637,0
Transformer+GAIL+TD3,291,5939,93,2.7106513765241225,0
Transformer+GAIL+TD3,291,5939,94,1.9577708506268292,0
Transformer+GAIL+TD3,291,5939,95,5.942848795623747,0
Transformer+GAIL+TD3,291,5939,96,0.7222069514610957,1
Transformer+GAIL+TD3,291,5940,5,3.519561351511559,0
Transformer+GAIL+TD3,291,5940,6,22.13666465984347,0
Transformer+GAIL+TD3,291,5940,7,22.348391290217744,0
Transformer+GAIL+TD3,291,5940,8,24.899750623441395,0
Transformer+GAIL+TD3,291,5940,9,16.041097991105655,0
Transformer+GAIL+TD3,291,5940,10,14.147716998191681,0
Transformer+GAIL+TD3,291,5940,11,16.33745215965008,0
Transformer+GAIL+TD3,291,5940,12,5.434866254763401,0
Transformer+GAIL+TD3,291,5940,13,5.2998849391388605,0
Transformer+GAIL+TD3,291,5940,14,13.36932069355076,0
Transformer+GAIL+TD3,291,5940,15,9.55073322470745,0
Transformer+GAIL+TD3,291,5940,16,7.392063974086447,0
Transformer+GAIL+TD3,291,5940,17,6.031394377957138,0
Transformer+GAIL+TD3,291,5940,18,7.460135102610593,0
Transformer+GAIL+TD3,291,5940,19,3.504673678345059,0
Transformer+GAIL+TD3,291,5940,20,6.456022897575116,0
Transformer+GAIL+TD3,291,5940,21,4.563090173290443,0
Transformer+GAIL+TD3,291,5940,22,5.608286203271739,0
Transformer+GAIL+TD3,291,5940,23,4.504057806483286,0
Transformer+GAIL+TD3,291,5940,24,6.029640306840963,0
Transformer+GAIL+TD3,291,5940,25,3.904597114172715,0
Transformer+GAIL+TD3,291,5940,26,19.9171238529883,0
Transformer+GAIL+TD3,291,5940,27,3.4683041788825455,0
Transformer+GAIL+TD3,291,5940,28,14.106620069895156,0
Transformer+GAIL+TD3,291,5940,29,2.8689363420135687,0
Transformer+GAIL+TD3,291,5940,30,10.249435942711397,0
Transformer+GAIL+TD3,291,5940,31,3.2860804510205055,0
Transformer+GAIL+TD3,291,5940,32,5.050622297916939,0
Transformer+GAIL+TD3,291,5940,33,33.55269630530798,0
Transformer+GAIL+TD3,291,5940,34,4.123747730036287,0
Transformer+GAIL+TD3,291,5940,35,5.754861479282843,0
Transformer+GAIL+TD3,291,5940,36,3.723530159575755,0
Transformer+GAIL+TD3,291,5940,37,122.50468672915638,0
Transformer+GAIL+TD3,291,5940,38,2.3293326760476303,0
Transformer+GAIL+TD3,291,5940,39,12.916931933213812,0
Transformer+GAIL+TD3,291,5940,40,2.8011797405806047,0
Transformer+GAIL+TD3,291,5940,41,15.808886556459372,0
Transformer+GAIL+TD3,291,5940,42,3.489914735607455,0
Transformer+GAIL+TD3,291,5940,43,4.062414149164938,0
Transformer+GAIL+TD3,291,5940,44,4.233601725002769,0
Transformer+GAIL+TD3,291,5940,45,4.249463398102125,0
Transformer+GAIL+TD3,291,5940,46,35.6816111966785,0
Transformer+GAIL+TD3,291,5940,47,9.31416653707888,0
Transformer+GAIL+TD3,291,5940,48,55.26950537912318,0
Transformer+GAIL+TD3,291,5940,49,5.66223614552191,0
Transformer+GAIL+TD3,291,5940,50,11.773865250339401,0
Transformer+GAIL+TD3,291,5940,51,89.0434460154549,0
Transformer+GAIL+TD3,291,5940,52,3.911906604160029,0
Transformer+GAIL+TD3,291,5940,53,2.704982122729885,0
Transformer+GAIL+TD3,291,5940,54,6.406496085649053,0
Transformer+GAIL+TD3,291,5940,55,4.206397439132081,0
Transformer+GAIL+TD3,291,5940,56,9.996174598283648,0
Transformer+GAIL+TD3,291,5940,57,5.9656036172007285,0
Transformer+GAIL+TD3,291,5940,58,2.657181604759119,0
Transformer+GAIL+TD3,291,5940,59,10.418773653273208,0
Transformer+GAIL+TD3,291,5940,60,21.570956459475088,0
Transformer+GAIL+TD3,291,5940,61,3.702782438463984,0
Transformer+GAIL+TD3,291,5940,62,23.358996608030292,0
Transformer+GAIL+TD3,291,5940,63,2.9967447019079545,0
Transformer+GAIL+TD3,291,5940,64,2.861040414933498,0
Transformer+GAIL+TD3,291,5940,65,7.122031163471892,0
Transformer+GAIL+TD3,291,5940,66,5.159084240446287,0
Transformer+GAIL+TD3,291,5940,67,21.634362837861957,0
Transformer+GAIL+TD3,291,5940,68,5.016457067347452,0
Transformer+GAIL+TD3,291,5940,69,8.91557871829479,0
Transformer+GAIL+TD3,291,5940,70,6.711089513126346,0
Transformer+GAIL+TD3,291,5940,71,6.687777973395366,0
Transformer+GAIL+TD3,291,5940,72,5.918601290448548,0
Transformer+GAIL+TD3,291,5940,73,2.930208508650038,0
Transformer+GAIL+TD3,291,5940,74,4.283606472554949,0
Transformer+GAIL+TD3,291,5940,75,9.602774383388894,0
Transformer+GAIL+TD3,291,5940,76,10.88535302650289,0
Transformer+GAIL+TD3,291,5940,77,12.206765010139433,0
Transformer+GAIL+TD3,291,5940,78,9.451395582861077,0
Transformer+GAIL+TD3,291,5940,79,4.266950439409338,0
Transformer+GAIL+TD3,291,5940,80,14.82925498385003,0
Transformer+GAIL+TD3,291,5940,81,6.587371771197916,0
Transformer+GAIL+TD3,291,5940,82,3.338879927951007,0
Transformer+GAIL+TD3,291,5940,83,22.025839087634427,0
Transformer+GAIL+TD3,291,5940,84,4.736932234359967,0
Transformer+GAIL+TD3,291,5940,85,13.54923367850912,0
Transformer+GAIL+TD3,291,5940,86,5.298773824132668,0
Transformer+GAIL+TD3,291,5940,87,5.892050823203431,0
Transformer+GAIL+TD3,291,5940,88,5.6608278964026715,0
Transformer+GAIL+TD3,291,5940,89,9.170887799357903,0
Transformer+GAIL+TD3,291,5940,90,6.104151359449471,0
Transformer+GAIL+TD3,291,5940,91,5.219141692596969,0
Transformer+GAIL+TD3,291,5940,92,12.992277085235335,0
Transformer+GAIL+TD3,291,5940,93,5.289050229691665,0
Transformer+GAIL+TD3,291,5940,94,8.582867163422607,0
Transformer+GAIL+TD3,291,5940,95,6.207181832091102,0
Transformer+GAIL+TD3,291,5940,96,7.910618749109525,0
Transformer+GAIL+TD3,291,5940,97,6.4269941850009,0
Transformer+GAIL+TD3,291,5940,98,4.239733150246288,0
Transformer+GAIL+TD3,291,5943,5,5.226199842643588,0
Transformer+GAIL+TD3,291,5943,6,46.372721928277485,0
Transformer+GAIL+TD3,291,5943,7,28.191243539069628,0
Transformer+GAIL+TD3,291,5943,8,23.173020527859236,0
Transformer+GAIL+TD3,291,5943,9,8.60599827483246,0
Transformer+GAIL+TD3,291,5943,10,13.595398138572902,0
Transformer+GAIL+TD3,291,5943,11,5.063659483335563,0
Transformer+GAIL+TD3,291,5943,12,9.311166272971134,0
Transformer+GAIL+TD3,291,5943,13,7.168825859205316,0
Transformer+GAIL+TD3,291,5943,14,8.869089951270908,0
Transformer+GAIL+TD3,291,5943,15,6.013903588954104,0
Transformer+GAIL+TD3,291,5943,16,5.285309894838152,0
Transformer+GAIL+TD3,291,5943,17,5.751664983573866,0
Transformer+GAIL+TD3,291,5943,18,4.5065755459254175,0
Transformer+GAIL+TD3,291,5943,19,5.738103772252816,0
Transformer+GAIL+TD3,291,5943,20,5.6503804089396095,0
Transformer+GAIL+TD3,291,5943,21,7.255229153677829,0
Transformer+GAIL+TD3,291,5943,22,4.199460190750551,0
Transformer+GAIL+TD3,291,5943,23,4.302467204738368,0
Transformer+GAIL+TD3,291,5943,24,3.5129479287662035,0
Transformer+GAIL+TD3,291,5943,25,5.67471581740596,0
Transformer+GAIL+TD3,291,5943,26,4.741705691146493,0
Transformer+GAIL+TD3,291,5943,27,5.925589376431706,0
Transformer+GAIL+TD3,291,5943,28,5.2228474542952625,0
Transformer+GAIL+TD3,291,5943,29,12.275536268903661,0
Transformer+GAIL+TD3,291,5943,30,2.7331216167094032,0
Transformer+GAIL+TD3,291,5943,31,6.599527389903329,0
Transformer+GAIL+TD3,291,5943,32,14.899939700007536,0
Transformer+GAIL+TD3,291,5943,33,3.7161299330175472,0
Transformer+GAIL+TD3,291,5943,34,24.009982041654034,0
Transformer+GAIL+TD3,291,5943,35,3.342254867562634,0
Transformer+GAIL+TD3,291,5943,36,7.212472076106349,0
Transformer+GAIL+TD3,291,5943,37,146.49123859817573,0
Transformer+GAIL+TD3,291,5943,38,5.968610508863666,0
Transformer+GAIL+TD3,291,5943,39,9.88207246906533,0
Transformer+GAIL+TD3,291,5943,40,7.8517524144344275,0
Transformer+GAIL+TD3,291,5943,41,5.7339121820459775,0
Transformer+GAIL+TD3,291,5943,42,121.22553066037734,0
Transformer+GAIL+TD3,291,5943,43,3.485159014193339,0
Transformer+GAIL+TD3,291,5943,44,5.394655659000227,0
Transformer+GAIL+TD3,291,5943,45,6.441814998596708,0
Transformer+GAIL+TD3,291,5943,46,6.682280024550704,0
Transformer+GAIL+TD3,291,5943,47,91.18541586569268,0
Transformer+GAIL+TD3,291,5943,48,4.59067810398438,0
Transformer+GAIL+TD3,291,5943,49,4.546256796319532,0
Transformer+GAIL+TD3,291,5943,50,6.791650157564293,0
Transformer+GAIL+TD3,291,5943,51,3.2494000752636336,0
Transformer+GAIL+TD3,291,5943,52,70.14764672243426,0
Transformer+GAIL+TD3,291,5943,53,4.865426387165518,0
Transformer+GAIL+TD3,291,5943,54,62.630125161847225,0
Transformer+GAIL+TD3,291,5943,55,5.1234452988330474,0
Transformer+GAIL+TD3,291,5943,56,36.115260022989304,0
Transformer+GAIL+TD3,291,5943,57,4.126708379196679,0
Transformer+GAIL+TD3,291,5943,58,3.8545107594434644,0
Transformer+GAIL+TD3,291,5943,59,2.9163558924430557,0
Transformer+GAIL+TD3,291,5943,60,5.563185958302146,0
Transformer+GAIL+TD3,291,5943,61,2.7910063768345044,0
Transformer+GAIL+TD3,291,5943,62,1.897216485996045,0
Transformer+GAIL+TD3,291,5943,63,5.304758580183296,0
Transformer+GAIL+TD3,291,5943,64,14.51428321525409,0
Transformer+GAIL+TD3,291,5943,65,63.5976222508992,0
Transformer+GAIL+TD3,291,5943,66,2.758306169096991,0
Transformer+GAIL+TD3,291,5943,67,8.389609771795552,0
Transformer+GAIL+TD3,291,5943,68,49.92146527520263,0
Transformer+GAIL+TD3,291,5943,69,4.843122212092599,0
Transformer+GAIL+TD3,291,5943,70,96.04714124771158,0
Transformer+GAIL+TD3,291,5943,71,2.458259539945568,0
Transformer+GAIL+TD3,291,5943,72,62.02385381937409,0
Transformer+GAIL+TD3,291,5943,73,5.508798218372362,0
Transformer+GAIL+TD3,291,5943,74,5.691585246855932,0
Transformer+GAIL+TD3,291,5943,75,4.144698339881008,0
Transformer+GAIL+TD3,291,5943,76,26.101496502950024,0
Transformer+GAIL+TD3,291,5943,77,65.61058332138983,0
Transformer+GAIL+TD3,291,5943,78,2.8891090706389155,0
Transformer+GAIL+TD3,291,5943,79,4.559148194583417,0
Transformer+GAIL+TD3,291,5943,80,3.416705390334572,0
Transformer+GAIL+TD3,291,5943,81,3.5321620191035286,0
Transformer+GAIL+TD3,291,5943,82,186.2318934859918,0
Transformer+GAIL+TD3,291,5943,83,2.0933167581939913,0
Transformer+GAIL+TD3,291,5943,84,5.718988655742566,0
Transformer+GAIL+TD3,291,5943,85,10.034878400269287,0
Transformer+GAIL+TD3,291,5943,86,56.38223332919408,0
Transformer+GAIL+TD3,291,5943,87,4.244072713153469,0
Transformer+GAIL+TD3,291,5943,88,2.197417929208733,0
Transformer+GAIL+TD3,291,5943,89,27.02488818284115,0
Transformer+GAIL+TD3,291,5943,90,4.567847418768459,0
Transformer+GAIL+TD3,291,5943,91,24.58493720791057,0
Transformer+GAIL+TD3,291,5943,92,2.0901795730172332,0
Transformer+GAIL+TD3,291,5943,93,8.098670070358633,0
Transformer+GAIL+TD3,291,5943,94,135.95055656225733,0
Transformer+GAIL+TD3,291,5943,95,4.946015633693309,0
Transformer+GAIL+TD3,291,5943,96,3.2346642431924715,0
Transformer+GAIL+TD3,291,5943,97,146.83317877885696,0
Transformer+GAIL+TD3,291,5943,98,3.4616995833877464,0
Transformer+GAIL+TD3,291,5944,5,2.7313935075217737,0
Transformer+GAIL+TD3,291,5944,6,13.26679104477612,0
Transformer+GAIL+TD3,291,5944,7,8.121181938911022,0
Transformer+GAIL+TD3,291,5944,8,8.346415489272633,0
Transformer+GAIL+TD3,291,5944,9,16.274502147598593,0
Transformer+GAIL+TD3,291,5944,10,26.67685919214798,0
Transformer+GAIL+TD3,291,5944,11,30.850016627868303,0
Transformer+GAIL+TD3,291,5944,12,33.51501416430595,0
Transformer+GAIL+TD3,291,5944,13,19.58929976396538,0
Transformer+GAIL+TD3,291,5944,14,21.76732964575732,0
Transformer+GAIL+TD3,291,5944,15,7.1875404321386975,0
Transformer+GAIL+TD3,291,5944,16,9.342509974610085,0
Transformer+GAIL+TD3,291,5944,17,7.667554832557357,0
Transformer+GAIL+TD3,291,5944,18,7.515883766659383,0
Transformer+GAIL+TD3,291,5944,19,7.293239503979777,0
Transformer+GAIL+TD3,291,5944,20,7.715439915578421,0
Transformer+GAIL+TD3,291,5944,21,5.044527852982197,0
Transformer+GAIL+TD3,291,5944,22,9.254451788169426,0
Transformer+GAIL+TD3,291,5944,23,4.699107588361839,0
Transformer+GAIL+TD3,291,5944,24,4.4577384194034675,0
Transformer+GAIL+TD3,291,5944,25,5.842251027616368,0
Transformer+GAIL+TD3,291,5944,26,4.512320531582486,0
Transformer+GAIL+TD3,291,5944,27,4.787562908682294,0
Transformer+GAIL+TD3,291,5944,28,5.391272891350686,0
Transformer+GAIL+TD3,291,5944,29,5.629328596802843,0
Transformer+GAIL+TD3,291,5944,30,3.23127778629465,0
Transformer+GAIL+TD3,291,5944,31,11.439444312514842,0
Transformer+GAIL+TD3,291,5944,32,2.42235384933322,0
Transformer+GAIL+TD3,291,5944,33,58.887910189982726,0
Transformer+GAIL+TD3,291,5944,34,3.5685838697727736,0
Transformer+GAIL+TD3,291,5944,35,7.1939146775418825,0
Transformer+GAIL+TD3,291,5944,36,3.856641030005726,0
Transformer+GAIL+TD3,291,5944,37,8.801704377200391,0
Transformer+GAIL+TD3,291,5944,38,8.270034628200568,0
Transformer+GAIL+TD3,291,5944,39,3.053002556207694,0
Transformer+GAIL+TD3,291,5944,40,96.76558823529412,0
Transformer+GAIL+TD3,291,5944,41,7.994585801388321,0
Transformer+GAIL+TD3,291,5944,42,4.59195744155509,0
Transformer+GAIL+TD3,291,5944,43,2.552363453687076,0
Transformer+GAIL+TD3,291,5944,44,139.28513418079098,0
Transformer+GAIL+TD3,291,5944,45,2.867361612444983,0
Transformer+GAIL+TD3,291,5944,46,3.547411806446692,0
Transformer+GAIL+TD3,291,5944,47,16.575527412316674,0
Transformer+GAIL+TD3,291,5944,48,65.4928903654485,0
Transformer+GAIL+TD3,291,5944,49,5.098877516736092,0
Transformer+GAIL+TD3,291,5944,50,7.463143159079368,0
Transformer+GAIL+TD3,291,5944,51,3.3130020760999552,0
Transformer+GAIL+TD3,291,5944,52,4.872927694898942,0
Transformer+GAIL+TD3,291,5944,53,53.9703833497158,0
Transformer+GAIL+TD3,291,5944,54,3.2840923817083243,0
Transformer+GAIL+TD3,291,5944,55,2.437743096633473,0
Transformer+GAIL+TD3,291,5944,56,13.970070151292614,0
Transformer+GAIL+TD3,291,5944,57,2.377990855589367,0
Transformer+GAIL+TD3,291,5944,58,157.4077658716442,0
Transformer+GAIL+TD3,291,5944,59,4.3617171359331355,0
Transformer+GAIL+TD3,291,5944,60,24.26801705275979,0
Transformer+GAIL+TD3,291,5944,61,4.24693920787038,0
Transformer+GAIL+TD3,291,5944,62,60.46868811479403,0
Transformer+GAIL+TD3,291,5944,63,4.218418113514062,0
Transformer+GAIL+TD3,291,5944,64,29.658206451951052,0
Transformer+GAIL+TD3,291,5944,65,2.2472496459384246,0
Transformer+GAIL+TD3,291,5944,66,5.33688752576232,0
Transformer+GAIL+TD3,291,5944,67,18.621217724423715,0
Transformer+GAIL+TD3,291,5944,68,2.2816702116769227,0
Transformer+GAIL+TD3,291,5944,69,7.598555288832119,0
Transformer+GAIL+TD3,291,5944,70,5.774483124993224,0
Transformer+GAIL+TD3,291,5944,71,3.09677495140541,0
Transformer+GAIL+TD3,291,5944,72,8.810560028734772,0
Transformer+GAIL+TD3,291,5944,73,14.742268350256662,0
Transformer+GAIL+TD3,291,5944,74,4.226226955211377,0
Transformer+GAIL+TD3,291,5944,75,20.065981259760537,0
Transformer+GAIL+TD3,291,5944,76,2.3089351326942005,0
Transformer+GAIL+TD3,291,5944,77,4.873445127555709,0
Transformer+GAIL+TD3,291,5944,78,7.782692326565061,0
Transformer+GAIL+TD3,291,5944,79,4.38355095004374,0
Transformer+GAIL+TD3,291,5944,80,23.098769426559247,0
Transformer+GAIL+TD3,291,5944,81,2.8371583107967546,0
Transformer+GAIL+TD3,291,5944,82,6.087461427501962,0
Transformer+GAIL+TD3,291,5944,83,13.417372535639583,0
Transformer+GAIL+TD3,291,5944,84,2.1983031641586472,0
Transformer+GAIL+TD3,291,5944,85,8.241729687200747,0
Transformer+GAIL+TD3,291,5944,86,3.34467040222706,0
Transformer+GAIL+TD3,291,5944,87,10.145283620704932,0
Transformer+GAIL+TD3,291,5944,88,35.28047279595443,0
Transformer+GAIL+TD3,291,5944,89,4.213836937119389,0
Transformer+GAIL+TD3,291,5944,90,33.33412204709385,0
Transformer+GAIL+TD3,291,5944,91,6.8277608872795055,0
Transformer+GAIL+TD3,291,5944,92,12.67723889707551,0
Transformer+GAIL+TD3,291,5944,93,11.50399435376707,0
Transformer+GAIL+TD3,291,5944,94,11.741011850713603,0
Transformer+GAIL+TD3,291,5944,95,8.903726487665283,0
Transformer+GAIL+TD3,291,5944,96,7.259191938057091,0
Transformer+GAIL+TD3,291,5944,97,4.748195428313521,0
Transformer+GAIL+TD3,291,5944,98,6.439272024813023,0
Transformer+GAIL+TD3,291,5946,5,5.306058221872541,0
Transformer+GAIL+TD3,291,5946,6,41.43717429067747,0
Transformer+GAIL+TD3,291,5946,7,28.538768004903456,0
Transformer+GAIL+TD3,291,5946,8,23.125075407198878,0
Transformer+GAIL+TD3,291,5946,9,9.089681000468136,0
Transformer+GAIL+TD3,291,5946,10,12.627349829500746,0
Transformer+GAIL+TD3,291,5946,11,8.3921217190425,0
Transformer+GAIL+TD3,291,5946,12,10.420914925800254,0
Transformer+GAIL+TD3,291,5946,13,8.935179673548667,0
Transformer+GAIL+TD3,291,5946,14,8.296231199939738,0
Transformer+GAIL+TD3,291,5946,15,5.047896558004006,0
Transformer+GAIL+TD3,291,5946,16,3.7290420525277064,0
Transformer+GAIL+TD3,291,5946,17,5.504849911712773,0
Transformer+GAIL+TD3,291,5946,18,8.54262899466001,0
Transformer+GAIL+TD3,291,5946,19,5.974880016338202,0
Transformer+GAIL+TD3,291,5946,20,5.768368396077191,0
Transformer+GAIL+TD3,291,5946,21,7.781410177805029,0
Transformer+GAIL+TD3,291,5946,22,3.552967424807107,0
Transformer+GAIL+TD3,291,5946,23,3.238941570256659,0
Transformer+GAIL+TD3,291,5946,24,4.978835013456187,0
Transformer+GAIL+TD3,291,5946,25,4.216568952332399,0
Transformer+GAIL+TD3,291,5946,26,4.248070084135658,0
Transformer+GAIL+TD3,291,5946,27,3.9915352390340075,0
Transformer+GAIL+TD3,291,5946,28,11.20034032433319,0
Transformer+GAIL+TD3,291,5946,29,5.428535834994367,0
Transformer+GAIL+TD3,291,5946,30,5.984541178585339,0
Transformer+GAIL+TD3,291,5946,31,4.909423710184238,0
Transformer+GAIL+TD3,291,5946,32,10.763659994341493,0
Transformer+GAIL+TD3,291,5946,33,18.574249013565275,0
Transformer+GAIL+TD3,291,5946,34,3.6418538184802736,0
Transformer+GAIL+TD3,291,5946,35,5.859734965175463,0
Transformer+GAIL+TD3,291,5946,36,7.538519383231517,0
Transformer+GAIL+TD3,291,5946,37,5.886405488649512,0
Transformer+GAIL+TD3,291,5946,38,19.083154760028986,0
Transformer+GAIL+TD3,291,5946,39,4.952305417894767,0
Transformer+GAIL+TD3,291,5946,40,20.149417409184373,0
Transformer+GAIL+TD3,291,5946,41,2.544747451696333,0
Transformer+GAIL+TD3,291,5946,42,8.14208139147803,0
Transformer+GAIL+TD3,291,5946,43,3.957169167722756,0
Transformer+GAIL+TD3,291,5946,44,5.148668688221969,0
Transformer+GAIL+TD3,291,5946,45,7.269557992977216,0
Transformer+GAIL+TD3,291,5946,46,14.028551167021241,0
Transformer+GAIL+TD3,291,5946,47,3.1817876478037137,0
Transformer+GAIL+TD3,291,5946,48,16.734415464557593,0
Transformer+GAIL+TD3,291,5946,49,35.64532521392198,0
Transformer+GAIL+TD3,291,5946,50,6.377754738837151,0
Transformer+GAIL+TD3,291,5946,51,28.879182574645128,0
Transformer+GAIL+TD3,291,5946,52,3.8340941566392535,0
Transformer+GAIL+TD3,291,5946,53,12.576654684325922,0
Transformer+GAIL+TD3,291,5946,54,8.30436683235521,0
Transformer+GAIL+TD3,291,5946,55,2.598842992461921,0
Transformer+GAIL+TD3,291,5946,56,2.406120695175091,0
Transformer+GAIL+TD3,291,5946,57,3.5530852511095308,0
Transformer+GAIL+TD3,291,5946,58,2.1438633536639164,0
Transformer+GAIL+TD3,291,5946,59,7.178416680542451,0
Transformer+GAIL+TD3,291,5946,60,4.407504029425135,0
Transformer+GAIL+TD3,291,5946,61,5.568534654465273,0
Transformer+GAIL+TD3,291,5946,62,3.2788732146755177,0
Transformer+GAIL+TD3,291,5946,63,23.919144060049696,0
Transformer+GAIL+TD3,291,5946,64,3.975268469476834,0
Transformer+GAIL+TD3,291,5946,65,35.39202517557662,0
Transformer+GAIL+TD3,291,5946,66,5.1387161187242505,0
Transformer+GAIL+TD3,291,5946,67,6.442890872444573,0
Transformer+GAIL+TD3,291,5946,68,12.915410804061478,0
Transformer+GAIL+TD3,291,5946,69,9.634778736018779,0
Transformer+GAIL+TD3,291,5946,70,69.65404046283147,0
Transformer+GAIL+TD3,291,5946,71,5.1736891340889715,0
Transformer+GAIL+TD3,291,5946,72,6.3639623830039405,0
Transformer+GAIL+TD3,291,5946,73,16.199089309738174,0
Transformer+GAIL+TD3,291,5946,74,5.182533957853299,0
Transformer+GAIL+TD3,291,5946,75,26.4657357269643,0
Transformer+GAIL+TD3,291,5946,76,3.5423742080311915,0
Transformer+GAIL+TD3,291,5946,77,3.2876306299483606,0
Transformer+GAIL+TD3,291,5946,78,8.056227285538398,0
Transformer+GAIL+TD3,291,5946,79,5.221800076188248,0
Transformer+GAIL+TD3,291,5946,80,7.044481096620065,0
Transformer+GAIL+TD3,291,5946,81,20.34880881583755,0
Transformer+GAIL+TD3,291,5946,82,7.4399787982103485,0
Transformer+GAIL+TD3,291,5946,83,5.016143434053618,0
Transformer+GAIL+TD3,291,5946,84,2.844127921024852,0
Transformer+GAIL+TD3,291,5946,85,8.274718689378776,0
Transformer+GAIL+TD3,291,5946,86,5.017152301674086,0
Transformer+GAIL+TD3,291,5946,87,4.6762357695437835,0
Transformer+GAIL+TD3,291,5946,88,2.4844741356663516,0
Transformer+GAIL+TD3,291,5946,89,7.612576708454428,0
Transformer+GAIL+TD3,291,5946,90,5.158800160153728,0
Transformer+GAIL+TD3,291,5946,91,3.728307971073857,0
Transformer+GAIL+TD3,291,5946,92,6.1424562586923654,0
Transformer+GAIL+TD3,291,5946,93,47.44962250474414,0
Transformer+GAIL+TD3,291,5946,94,4.8275323412370055,0
Transformer+GAIL+TD3,291,5946,95,11.072310941676207,0
Transformer+GAIL+TD3,291,5946,96,2.1266269102988136,0
Transformer+GAIL+TD3,291,5946,97,10.366783611436624,0
Transformer+GAIL+TD3,291,5946,98,2.191040622026804,0
Transformer+GAIL+TD3,291,5948,5,6.7907978463044545,0
Transformer+GAIL+TD3,291,5948,6,48.90553381777529,0
Transformer+GAIL+TD3,291,5948,7,22.020608439646708,0
Transformer+GAIL+TD3,291,5948,8,13.081899641577062,0
Transformer+GAIL+TD3,291,5948,9,8.529934937026205,0
Transformer+GAIL+TD3,291,5948,10,8.371182214834821,0
Transformer+GAIL+TD3,291,5948,11,6.475555707077593,0
Transformer+GAIL+TD3,291,5948,12,9.187384848813265,0
Transformer+GAIL+TD3,291,5948,13,7.668472318854985,0
Transformer+GAIL+TD3,291,5948,14,5.781294083654843,0
Transformer+GAIL+TD3,291,5948,15,6.28514125444603,0
Transformer+GAIL+TD3,291,5948,16,5.867280074264183,0
Transformer+GAIL+TD3,291,5948,17,4.369022646118275,0
Transformer+GAIL+TD3,291,5948,18,7.123409106148998,0
Transformer+GAIL+TD3,291,5948,19,5.021803650548006,0
Transformer+GAIL+TD3,291,5948,20,5.0368767749416055,0
Transformer+GAIL+TD3,291,5948,21,4.040236457509965,0
Transformer+GAIL+TD3,291,5948,22,4.177841038487816,0
Transformer+GAIL+TD3,291,5948,23,2.9187030049225697,0
Transformer+GAIL+TD3,291,5948,24,8.597814370760991,0
Transformer+GAIL+TD3,291,5948,25,3.0853351500251773,0
Transformer+GAIL+TD3,291,5948,26,14.362943279238241,0
Transformer+GAIL+TD3,291,5948,27,2.9015955859614477,0
Transformer+GAIL+TD3,291,5948,28,8.038228378572915,0
Transformer+GAIL+TD3,291,5948,29,4.40375,0
Transformer+GAIL+TD3,291,5948,30,4.169329690237891,0
Transformer+GAIL+TD3,291,5948,31,32.746000198747886,0
Transformer+GAIL+TD3,291,5948,32,8.492509771838925,0
Transformer+GAIL+TD3,291,5948,33,6.2259800538723535,0
Transformer+GAIL+TD3,291,5948,34,3.1790766812465834,0
Transformer+GAIL+TD3,291,5948,35,4.216041153811553,0
Transformer+GAIL+TD3,291,5948,36,113.12922310446834,0
Transformer+GAIL+TD3,291,5948,37,3.217793671434764,0
Transformer+GAIL+TD3,291,5948,38,4.795650486286129,0
Transformer+GAIL+TD3,291,5948,39,94.16060257883315,0
Transformer+GAIL+TD3,291,5948,40,4.521725212080918,0
Transformer+GAIL+TD3,291,5948,41,165.12384161752317,0
Transformer+GAIL+TD3,291,5948,42,4.6851918386900095,0
Transformer+GAIL+TD3,291,5948,43,9.918662100695352,0
Transformer+GAIL+TD3,291,5948,44,20.749335450377327,0
Transformer+GAIL+TD3,291,5948,45,3.4314305999683836,0
Transformer+GAIL+TD3,291,5948,46,26.030486379807325,0
Transformer+GAIL+TD3,291,5948,47,3.428506674169246,0
Transformer+GAIL+TD3,291,5948,48,2.226295960559625,0
Transformer+GAIL+TD3,291,5948,49,3.992441906065727,0
Transformer+GAIL+TD3,291,5948,50,5.5994509494135745,0
Transformer+GAIL+TD3,291,5948,51,6.597566863862604,0
Transformer+GAIL+TD3,291,5948,52,15.741779532452341,0
Transformer+GAIL+TD3,291,5948,53,3.5191853611148574,0
Transformer+GAIL+TD3,291,5948,54,31.281206812238214,0
Transformer+GAIL+TD3,291,5948,55,3.4808258577004723,0
Transformer+GAIL+TD3,291,5948,56,33.47537826685007,0
Transformer+GAIL+TD3,291,5948,57,5.267618436624322,0
Transformer+GAIL+TD3,291,5948,58,13.47162004107223,0
Transformer+GAIL+TD3,291,5948,59,59.273282967941675,0
Transformer+GAIL+TD3,291,5948,60,4.343228327397212,0
Transformer+GAIL+TD3,291,5948,61,134.9698529015572,0
Transformer+GAIL+TD3,291,5948,62,5.994716230315677,0
Transformer+GAIL+TD3,291,5948,63,3.8229084452706004,0
Transformer+GAIL+TD3,291,5948,64,5.677642674300309,0
Transformer+GAIL+TD3,291,5948,65,3.5707642158713955,0
Transformer+GAIL+TD3,291,5948,66,22.293854926670374,0
Transformer+GAIL+TD3,291,5948,67,4.993102957288013,0
Transformer+GAIL+TD3,291,5948,68,8.258964400064206,0
Transformer+GAIL+TD3,291,5948,69,13.167860409845174,0
Transformer+GAIL+TD3,291,5948,70,3.4205958999368895,0
Transformer+GAIL+TD3,291,5948,71,9.445187058122492,0
Transformer+GAIL+TD3,291,5948,72,13.972421649525032,0
Transformer+GAIL+TD3,291,5948,73,5.255886218041516,0
Transformer+GAIL+TD3,291,5948,74,16.770735833037097,0
Transformer+GAIL+TD3,291,5948,75,7.497861383809428,0
Transformer+GAIL+TD3,291,5948,76,29.59064139521958,0
Transformer+GAIL+TD3,291,5948,77,3.1068133970481795,0
Transformer+GAIL+TD3,291,5948,78,4.4161032333288786,0
Transformer+GAIL+TD3,291,5948,79,3.58777605803953,0
Transformer+GAIL+TD3,291,5948,80,5.054177628995523,0
Transformer+GAIL+TD3,291,5948,81,3.19783115464533,0
Transformer+GAIL+TD3,291,5948,82,7.6280443579314525,0
Transformer+GAIL+TD3,291,5948,83,6.667501373215925,0
Transformer+GAIL+TD3,291,5948,84,3.4589228829466294,0
Transformer+GAIL+TD3,291,5948,85,6.205622946377069,0
Transformer+GAIL+TD3,291,5948,86,97.37618867896605,0
Transformer+GAIL+TD3,291,5948,87,4.38634756832998,0
Transformer+GAIL+TD3,291,5948,88,14.246068269575717,0
Transformer+GAIL+TD3,291,5948,89,3.841913592965869,0
Transformer+GAIL+TD3,291,5948,90,3.219158396977292,0
Transformer+GAIL+TD3,291,5948,91,4.129884738540608,0
Transformer+GAIL+TD3,291,5948,92,5.1470113471663295,0
Transformer+GAIL+TD3,291,5948,93,2.568659029490749,0
Transformer+GAIL+TD3,291,5948,94,4.3526407138588805,0
Transformer+GAIL+TD3,291,5948,95,11.544847587230636,0
Transformer+GAIL+TD3,291,5948,96,2.5946861933200283,0
Transformer+GAIL+TD3,291,5948,97,7.431406851998559,0
Transformer+GAIL+TD3,291,5948,98,109.58863877886195,0
Transformer+GAIL+TD3,291,5949,5,6.856876594074946,0
Transformer+GAIL+TD3,291,5949,6,49.34295227524972,0
Transformer+GAIL+TD3,291,5949,7,20.147853118321354,0
Transformer+GAIL+TD3,291,5949,8,14.667993726625648,0
Transformer+GAIL+TD3,291,5949,9,9.285286458333331,0
Transformer+GAIL+TD3,291,5949,10,6.284837930898009,0
Transformer+GAIL+TD3,291,5949,11,5.287463103930401,0
Transformer+GAIL+TD3,291,5949,12,9.174067621858002,0
Transformer+GAIL+TD3,291,5949,13,9.413796599858047,0
Transformer+GAIL+TD3,291,5949,14,7.331295103928094,0
Transformer+GAIL+TD3,291,5949,15,5.2858615701843465,0
Transformer+GAIL+TD3,291,5949,16,5.705783828636405,0
Transformer+GAIL+TD3,291,5949,17,2.7275719557195575,0
Transformer+GAIL+TD3,291,5949,18,5.4958892254435305,0
Transformer+GAIL+TD3,291,5949,19,5.277175649438422,0
Transformer+GAIL+TD3,291,5949,20,6.5152483108552195,0
Transformer+GAIL+TD3,291,5949,21,8.08021059577159,0
Transformer+GAIL+TD3,291,5949,22,7.752335108306626,0
Transformer+GAIL+TD3,291,5949,23,4.976869973079654,0
Transformer+GAIL+TD3,291,5949,24,4.962358980561323,0
Transformer+GAIL+TD3,291,5949,25,4.573131191162988,0
Transformer+GAIL+TD3,291,5949,26,4.3893609859512575,0
Transformer+GAIL+TD3,291,5949,27,4.992910990462868,0
Transformer+GAIL+TD3,291,5949,28,19.887789060500044,0
Transformer+GAIL+TD3,291,5949,29,3.508868291904636,0
Transformer+GAIL+TD3,291,5949,30,3.391171622955763,0
Transformer+GAIL+TD3,291,5949,31,11.009596175799087,0
Transformer+GAIL+TD3,291,5949,32,2.9751365131862264,0
Transformer+GAIL+TD3,291,5949,33,69.95877844867626,0
Transformer+GAIL+TD3,291,5949,34,2.7682310723952774,0
Transformer+GAIL+TD3,291,5949,35,77.87123633930564,0
Transformer+GAIL+TD3,291,5949,36,3.8369797831461785,0
Transformer+GAIL+TD3,291,5949,37,51.28310164083866,0
Transformer+GAIL+TD3,291,5949,38,2.3554768174803646,0
Transformer+GAIL+TD3,291,5949,39,8.640992594627143,0
Transformer+GAIL+TD3,291,5949,40,5.808509899873323,0
Transformer+GAIL+TD3,291,5949,41,14.376978034955124,0
Transformer+GAIL+TD3,291,5949,42,38.87012681457779,0
Transformer+GAIL+TD3,291,5949,43,4.287527669318287,0
Transformer+GAIL+TD3,291,5949,44,13.747615976611204,0
Transformer+GAIL+TD3,291,5949,45,4.132142080703982,0
Transformer+GAIL+TD3,291,5949,46,6.600918089226797,0
Transformer+GAIL+TD3,291,5949,47,8.485996134875538,0
Transformer+GAIL+TD3,291,5949,48,7.5601288016263934,0
Transformer+GAIL+TD3,291,5949,49,27.15338915356745,0
Transformer+GAIL+TD3,291,5949,50,3.039991555584936,0
Transformer+GAIL+TD3,291,5949,51,11.05659954918839,0
Transformer+GAIL+TD3,291,5949,52,4.388424588892695,0
Transformer+GAIL+TD3,291,5949,53,19.390482037766365,0
Transformer+GAIL+TD3,291,5949,54,4.48028854319956,0
Transformer+GAIL+TD3,291,5949,55,10.106349093830486,0
Transformer+GAIL+TD3,291,5949,56,9.62642952832319,0
Transformer+GAIL+TD3,291,5949,57,59.73875206546541,0
Transformer+GAIL+TD3,291,5949,58,6.2450974645245365,0
Transformer+GAIL+TD3,291,5949,59,3.790271420431489,0
Transformer+GAIL+TD3,291,5949,60,4.66830548874181,0
Transformer+GAIL+TD3,291,5949,61,5.385264631764582,0
Transformer+GAIL+TD3,291,5949,62,5.688438710176827,0
Transformer+GAIL+TD3,291,5949,63,7.780743176756397,0
Transformer+GAIL+TD3,291,5949,64,3.5709948025852514,0
Transformer+GAIL+TD3,291,5949,65,3.548722123759511,0
Transformer+GAIL+TD3,291,5949,66,36.95082732506873,0
Transformer+GAIL+TD3,291,5949,67,2.579008423220991,0
Transformer+GAIL+TD3,291,5949,68,5.86832249707262,0
Transformer+GAIL+TD3,291,5949,69,3.762575979347795,0
Transformer+GAIL+TD3,291,5949,70,3.2881519917299795,0
Transformer+GAIL+TD3,291,5949,71,112.67159563158404,0
Transformer+GAIL+TD3,291,5949,72,3.486005093171417,0
Transformer+GAIL+TD3,291,5949,73,7.9326114785000925,0
Transformer+GAIL+TD3,291,5949,74,3.558000967348161,0
Transformer+GAIL+TD3,291,5949,75,4.778676272836434,0
Transformer+GAIL+TD3,291,5949,76,69.33441246395873,0
Transformer+GAIL+TD3,291,5949,77,7.702899805333032,0
Transformer+GAIL+TD3,291,5949,78,6.3122164059445245,0
Transformer+GAIL+TD3,291,5949,79,11.508071697015767,0
Transformer+GAIL+TD3,291,5949,80,3.6368542570346807,0
Transformer+GAIL+TD3,291,5949,81,14.474150149909788,0
Transformer+GAIL+TD3,291,5949,82,5.423231500596602,0
Transformer+GAIL+TD3,291,5949,83,3.9996802690922193,0
Transformer+GAIL+TD3,291,5949,84,2.233693473327949,0
Transformer+GAIL+TD3,291,5949,85,3.5254666068003933,0
Transformer+GAIL+TD3,291,5949,86,6.3714236949475245,0
Transformer+GAIL+TD3,291,5949,87,9.154395289629667,0
Transformer+GAIL+TD3,291,5949,88,2.2290059352448455,0
Transformer+GAIL+TD3,291,5949,89,26.428784950876466,0
Transformer+GAIL+TD3,291,5949,90,3.186183156782132,0
Transformer+GAIL+TD3,291,5949,91,37.840204721950116,0
Transformer+GAIL+TD3,291,5949,92,2.8146997600151464,0
Transformer+GAIL+TD3,291,5949,93,5.932678426961047,0
Transformer+GAIL+TD3,291,5949,94,3.255221327250695,0
Transformer+GAIL+TD3,291,5949,95,1.5404336102768705,0
Transformer+GAIL+TD3,291,5949,96,1.3065489708466496,0
Transformer+GAIL+TD3,291,5949,97,10.50483292792216,0
Transformer+GAIL+TD3,291,5949,98,0.8389189632065921,1
Transformer+GAIL+TD3,291,5950,5,5.279696880228324,0
Transformer+GAIL+TD3,291,5950,6,35.48611931482575,0
Transformer+GAIL+TD3,291,5950,7,54.64744351961951,0
Transformer+GAIL+TD3,291,5950,8,20.55465510742556,0
Transformer+GAIL+TD3,291,5950,9,8.34237752655019,0
Transformer+GAIL+TD3,291,5950,10,13.93997809419496,0
Transformer+GAIL+TD3,291,5950,11,13.272884432535225,0
Transformer+GAIL+TD3,291,5950,12,5.711517539474845,0
Transformer+GAIL+TD3,291,5950,13,11.56713359816015,0
Transformer+GAIL+TD3,291,5950,14,8.737850232089928,0
Transformer+GAIL+TD3,291,5950,15,9.106215863502344,0
Transformer+GAIL+TD3,291,5950,16,7.315255382017729,0
Transformer+GAIL+TD3,291,5950,17,6.687385663223664,0
Transformer+GAIL+TD3,291,5950,18,3.9801427532776192,0
Transformer+GAIL+TD3,291,5950,19,6.505151019914049,0
Transformer+GAIL+TD3,291,5950,20,4.657673183970206,0
Transformer+GAIL+TD3,291,5950,21,5.180801276369438,0
Transformer+GAIL+TD3,291,5950,22,4.138015589477103,0
Transformer+GAIL+TD3,291,5950,23,4.079810168045462,0
Transformer+GAIL+TD3,291,5950,24,4.382020905175881,0
Transformer+GAIL+TD3,291,5950,25,10.537092380524188,0
Transformer+GAIL+TD3,291,5950,26,5.0683677773091524,0
Transformer+GAIL+TD3,291,5950,27,32.93628935252395,0
Transformer+GAIL+TD3,291,5950,28,6.090807242778418,0
Transformer+GAIL+TD3,291,5950,29,2.7796571932236116,0
Transformer+GAIL+TD3,291,5950,30,4.486133527006671,0
Transformer+GAIL+TD3,291,5950,31,3.3328212046266454,0
Transformer+GAIL+TD3,291,5950,32,66.21779107725789,0
Transformer+GAIL+TD3,291,5950,33,3.485865499964717,0
Transformer+GAIL+TD3,291,5950,34,39.11930064021318,0
Transformer+GAIL+TD3,291,5950,35,3.5269059920199126,0
Transformer+GAIL+TD3,291,5950,36,39.688113175552914,0
Transformer+GAIL+TD3,291,5950,37,3.7980700047312563,0
Transformer+GAIL+TD3,291,5950,38,41.9289067739772,0
Transformer+GAIL+TD3,291,5950,39,8.01780500663552,0
Transformer+GAIL+TD3,291,5950,40,49.252116178785734,0
Transformer+GAIL+TD3,291,5950,41,3.820297075192657,0
Transformer+GAIL+TD3,291,5950,42,6.083930354101827,0
Transformer+GAIL+TD3,291,5950,43,51.450473057750344,0
Transformer+GAIL+TD3,291,5950,44,5.22020581584869,0
Transformer+GAIL+TD3,291,5950,45,15.974010181488518,0
Transformer+GAIL+TD3,291,5950,46,3.872532615144626,0
Transformer+GAIL+TD3,291,5950,47,3.8278368961813984,0
Transformer+GAIL+TD3,291,5950,48,10.745606675437537,0
Transformer+GAIL+TD3,291,5950,49,3.8478944027254163,0
Transformer+GAIL+TD3,291,5950,50,4.7402302213908385,0
Transformer+GAIL+TD3,291,5950,51,4.915461352141295,0
Transformer+GAIL+TD3,291,5950,52,2.372764995866269,0
Transformer+GAIL+TD3,291,5950,53,13.021586008927779,0
Transformer+GAIL+TD3,291,5950,54,5.780704090328078,0
Transformer+GAIL+TD3,291,5950,55,59.64092805105434,0
Transformer+GAIL+TD3,291,5950,56,3.6568870606738866,0
Transformer+GAIL+TD3,291,5950,57,53.233272990586535,0
Transformer+GAIL+TD3,291,5950,58,2.9877183897908046,0
Transformer+GAIL+TD3,291,5950,59,5.371698039027246,0
Transformer+GAIL+TD3,291,5950,60,18.324381060729184,0
Transformer+GAIL+TD3,291,5950,61,3.8685220447071313,0
Transformer+GAIL+TD3,291,5950,62,3.5125680336504157,0
Transformer+GAIL+TD3,291,5950,63,10.136376384636245,0
Transformer+GAIL+TD3,291,5950,64,9.646839798508648,0
Transformer+GAIL+TD3,291,5950,65,5.099493678780307,0
Transformer+GAIL+TD3,291,5950,66,43.87276683937824,0
Transformer+GAIL+TD3,291,5950,67,2.8071608575087663,0
Transformer+GAIL+TD3,291,5950,68,9.293937178276574,0
Transformer+GAIL+TD3,291,5950,69,4.546747585150864,0
Transformer+GAIL+TD3,291,5950,70,103.25015405472024,0
Transformer+GAIL+TD3,291,5950,71,5.063900073274862,0
Transformer+GAIL+TD3,291,5950,72,22.47363760008606,0
Transformer+GAIL+TD3,291,5950,73,15.355563916952606,0
Transformer+GAIL+TD3,291,5950,74,4.594763727016074,0
Transformer+GAIL+TD3,291,5950,75,41.16377000417906,0
Transformer+GAIL+TD3,291,5950,76,3.576029403649474,0
Transformer+GAIL+TD3,291,5950,77,3.902781802564822,0
Transformer+GAIL+TD3,291,5950,78,3.4410950313075026,0
Transformer+GAIL+TD3,291,5950,79,2.6250880828506684,0
Transformer+GAIL+TD3,291,5950,80,6.9764002078702845,0
Transformer+GAIL+TD3,291,5950,81,15.008143620328715,0
Transformer+GAIL+TD3,291,5950,82,17.31887068951797,0
Transformer+GAIL+TD3,291,5950,83,158.9447095324703,0
Transformer+GAIL+TD3,291,5950,84,4.267104693521095,0
Transformer+GAIL+TD3,291,5950,85,16.25588661782157,0
Transformer+GAIL+TD3,291,5950,86,4.051812258504921,0
Transformer+GAIL+TD3,291,5950,87,26.217087416186583,0
Transformer+GAIL+TD3,291,5950,88,3.9056542354907333,0
Transformer+GAIL+TD3,291,5950,89,4.868070894646488,0
Transformer+GAIL+TD3,291,5950,90,12.320367491120969,0
Transformer+GAIL+TD3,291,5950,91,6.83345318840118,0
Transformer+GAIL+TD3,291,5950,92,1.7165623705922528,0
Transformer+GAIL+TD3,291,5950,93,2.0307886253944054,0
Transformer+GAIL+TD3,291,5950,94,11.020953441031425,0
Transformer+GAIL+TD3,291,5950,95,7.721476570146332,0
Transformer+GAIL+TD3,291,5950,96,2.6797757638258224,0
Transformer+GAIL+TD3,291,5950,97,3.184670334477594,0
Transformer+GAIL+TD3,291,5950,98,45.92938069543388,0
Transformer+GAIL+TD3,291,5951,5,7.815075868820362,0
Transformer+GAIL+TD3,291,5951,6,48.771920387305,0
Transformer+GAIL+TD3,291,5951,7,22.27782116360797,0
Transformer+GAIL+TD3,291,5951,8,13.036583184257601,0
Transformer+GAIL+TD3,291,5951,9,8.368834882058614,0
Transformer+GAIL+TD3,291,5951,10,5.812870662460568,0
Transformer+GAIL+TD3,291,5951,11,9.097090768037237,0
Transformer+GAIL+TD3,291,5951,12,9.891225290750008,0
Transformer+GAIL+TD3,291,5951,13,8.940679205545969,0
Transformer+GAIL+TD3,291,5951,14,5.267075501044305,0
Transformer+GAIL+TD3,291,5951,15,5.486075049878379,0
Transformer+GAIL+TD3,291,5951,16,3.636169816748169,0
Transformer+GAIL+TD3,291,5951,17,6.126542632176593,0
Transformer+GAIL+TD3,291,5951,18,6.806353045196858,0
Transformer+GAIL+TD3,291,5951,19,6.256306401540019,0
Transformer+GAIL+TD3,291,5951,20,4.738014164516155,0
Transformer+GAIL+TD3,291,5951,21,4.128731388598772,0
Transformer+GAIL+TD3,291,5951,22,4.09576051894651,0
Transformer+GAIL+TD3,291,5951,23,3.805163996673055,0
Transformer+GAIL+TD3,291,5951,24,5.792615388929394,0
Transformer+GAIL+TD3,291,5951,25,4.05820882006701,0
Transformer+GAIL+TD3,291,5951,26,11.828960850191816,0
Transformer+GAIL+TD3,291,5951,27,5.59941810420767,0
Transformer+GAIL+TD3,291,5951,28,114.09650724108556,0
Transformer+GAIL+TD3,291,5951,29,2.806850404945021,0
Transformer+GAIL+TD3,291,5951,30,37.45751467211024,0
Transformer+GAIL+TD3,291,5951,31,2.684935662808132,0
Transformer+GAIL+TD3,291,5951,32,4.790882362603068,0
Transformer+GAIL+TD3,291,5951,33,106.23939279653028,0
Transformer+GAIL+TD3,291,5951,34,6.033404527624494,0
Transformer+GAIL+TD3,291,5951,35,47.32177944585496,0
Transformer+GAIL+TD3,291,5951,36,2.5754774148714388,0
Transformer+GAIL+TD3,291,5951,37,6.690139881508914,0
Transformer+GAIL+TD3,291,5951,38,9.476604617404838,0
Transformer+GAIL+TD3,291,5951,39,9.740302295559186,0
Transformer+GAIL+TD3,291,5951,40,17.759139860632086,0
Transformer+GAIL+TD3,291,5951,41,5.998565920720194,0
Transformer+GAIL+TD3,291,5951,42,7.680894130539441,0
Transformer+GAIL+TD3,291,5951,43,2.484171367347472,0
Transformer+GAIL+TD3,291,5951,44,3.3870621333546325,0
Transformer+GAIL+TD3,291,5951,45,21.344534642250327,0
Transformer+GAIL+TD3,291,5951,46,3.5525409470036604,0
Transformer+GAIL+TD3,291,5951,47,11.88317863179186,0
Transformer+GAIL+TD3,291,5951,48,15.748852710651787,0
Transformer+GAIL+TD3,291,5951,49,4.711118835025027,0
Transformer+GAIL+TD3,291,5951,50,3.7475529315212794,0
Transformer+GAIL+TD3,291,5951,51,5.080557194571579,0
Transformer+GAIL+TD3,291,5951,52,123.06126978000773,0
Transformer+GAIL+TD3,291,5951,53,3.777616359164208,0
Transformer+GAIL+TD3,291,5951,54,14.101971029268086,0
Transformer+GAIL+TD3,291,5951,55,4.537038755538115,0
Transformer+GAIL+TD3,291,5951,56,3.6911116970886684,0
Transformer+GAIL+TD3,291,5951,57,80.1148976486463,0
Transformer+GAIL+TD3,291,5951,58,3.262658870187053,0
Transformer+GAIL+TD3,291,5951,59,6.875447965262392,0
Transformer+GAIL+TD3,291,5951,60,14.19254176131224,0
Transformer+GAIL+TD3,291,5951,61,6.332558282164323,0
Transformer+GAIL+TD3,291,5951,62,176.80700979959389,0
Transformer+GAIL+TD3,291,5951,63,7.206579634761278,0
Transformer+GAIL+TD3,291,5951,64,10.865230667575375,0
Transformer+GAIL+TD3,291,5951,65,4.836969409057918,0
Transformer+GAIL+TD3,291,5951,66,6.223706526814121,0
Transformer+GAIL+TD3,291,5951,67,98.69951921245323,0
Transformer+GAIL+TD3,291,5951,68,3.101849843733589,0
Transformer+GAIL+TD3,291,5951,69,4.174836853619806,0
Transformer+GAIL+TD3,291,5951,70,3.715122594194102,0
Transformer+GAIL+TD3,291,5951,71,3.759888689914783,0
Transformer+GAIL+TD3,291,5951,72,1.6773164484703726,0
Transformer+GAIL+TD3,291,5951,73,10.411945814473823,0
Transformer+GAIL+TD3,291,5951,74,4.362342888970801,0
Transformer+GAIL+TD3,291,5951,75,13.533799780793974,0
Transformer+GAIL+TD3,291,5951,76,2.7056466618163806,0
Transformer+GAIL+TD3,291,5951,77,10.18211747784285,0
Transformer+GAIL+TD3,291,5951,78,3.171107781437919,0
Transformer+GAIL+TD3,291,5951,79,12.18258900447789,0
Transformer+GAIL+TD3,291,5951,80,3.6063534730282854,0
Transformer+GAIL+TD3,291,5951,81,5.435160847504273,0
Transformer+GAIL+TD3,291,5951,82,4.004650865258662,0
Transformer+GAIL+TD3,291,5951,83,2.0073827893175076,0
Transformer+GAIL+TD3,291,5951,84,3.3570127858832564,0
Transformer+GAIL+TD3,291,5951,85,10.075628575229478,0
Transformer+GAIL+TD3,291,5951,86,10.045344517675254,0
Transformer+GAIL+TD3,291,5951,87,20.57388266543481,0
Transformer+GAIL+TD3,291,5951,88,1.8833299328624524,0
Transformer+GAIL+TD3,291,5951,89,2.4692702343877246,0
Transformer+GAIL+TD3,291,5951,90,3.7325894633728227,0
Transformer+GAIL+TD3,291,5951,91,1.4936487508090337,0
Transformer+GAIL+TD3,291,5951,92,2.544193520234508,0
Transformer+GAIL+TD3,291,5951,93,0.5673722490551852,1
Transformer+GAIL+TD3,291,5952,5,6.299040720438528,0
Transformer+GAIL+TD3,291,5952,6,50.40653153153154,0
Transformer+GAIL+TD3,291,5952,7,22.147633946030506,0
Transformer+GAIL+TD3,291,5952,8,12.501923248948923,0
Transformer+GAIL+TD3,291,5952,9,8.567821456351345,0
Transformer+GAIL+TD3,291,5952,10,12.624292185730464,0
Transformer+GAIL+TD3,291,5952,11,6.455167857786319,0
Transformer+GAIL+TD3,291,5952,12,9.542104889141557,0
Transformer+GAIL+TD3,291,5952,13,11.436538678500247,0
Transformer+GAIL+TD3,291,5952,14,5.549764365440264,0
Transformer+GAIL+TD3,291,5952,15,3.6923388084010176,0
Transformer+GAIL+TD3,291,5952,16,3.5295730513121817,0
Transformer+GAIL+TD3,291,5952,17,5.023628406474074,0
Transformer+GAIL+TD3,291,5952,18,6.573093018227146,0
Transformer+GAIL+TD3,291,5952,19,7.524693491091548,0
Transformer+GAIL+TD3,291,5952,20,8.075299494494843,0
Transformer+GAIL+TD3,291,5952,21,8.093249888243184,0
Transformer+GAIL+TD3,291,5952,22,3.343311519050524,0
Transformer+GAIL+TD3,291,5952,23,3.008043190832966,0
Transformer+GAIL+TD3,291,5952,24,5.235833608641318,0
Transformer+GAIL+TD3,291,5952,25,3.5990989793748684,0
Transformer+GAIL+TD3,291,5952,26,9.291715832256372,0
Transformer+GAIL+TD3,291,5952,27,3.3633377447129353,0
Transformer+GAIL+TD3,291,5952,28,18.145929736576786,0
Transformer+GAIL+TD3,291,5952,29,2.239078846790111,0
Transformer+GAIL+TD3,291,5952,30,32.93271758915931,0
Transformer+GAIL+TD3,291,5952,31,6.68617737544108,0
Transformer+GAIL+TD3,291,5952,32,3.921112121605821,0
Transformer+GAIL+TD3,291,5952,33,2.624500139320867,0
Transformer+GAIL+TD3,291,5952,34,4.733458424979026,0
Transformer+GAIL+TD3,291,5952,35,35.966595269562056,0
Transformer+GAIL+TD3,291,5952,36,4.356659114212945,0
Transformer+GAIL+TD3,291,5952,37,5.710125187660419,0
Transformer+GAIL+TD3,291,5952,38,7.041630878532421,0
Transformer+GAIL+TD3,291,5952,39,2.9540699467321034,0
Transformer+GAIL+TD3,291,5952,40,6.727645248399233,0
Transformer+GAIL+TD3,291,5952,41,3.938857095917418,0
Transformer+GAIL+TD3,291,5952,42,8.378391390101104,0
Transformer+GAIL+TD3,291,5952,43,2.580022436197065,0
Transformer+GAIL+TD3,291,5952,44,42.35746374021307,0
Transformer+GAIL+TD3,291,5952,45,2.443332801446731,0
Transformer+GAIL+TD3,291,5952,46,33.707667646273045,0
Transformer+GAIL+TD3,291,5952,47,2.4379972107608947,0
Transformer+GAIL+TD3,291,5952,48,3.4002818722373314,0
Transformer+GAIL+TD3,291,5952,49,15.322589823844385,0
Transformer+GAIL+TD3,291,5952,50,2.1202425198812316,0
Transformer+GAIL+TD3,291,5952,51,31.219618370456363,0
Transformer+GAIL+TD3,291,5952,52,1.775628703858178,0
Transformer+GAIL+TD3,291,5952,53,8.030815482901165,0
Transformer+GAIL+TD3,291,5952,54,2.696494634250002,0
Transformer+GAIL+TD3,291,5952,55,13.411558846138286,0
Transformer+GAIL+TD3,291,5952,56,12.157184140020824,0
Transformer+GAIL+TD3,291,5952,57,7.153202207113427,0
Transformer+GAIL+TD3,291,5952,58,25.41471072160102,0
Transformer+GAIL+TD3,291,5952,59,9.37515416371582,0
Transformer+GAIL+TD3,291,5952,60,6.766979108963566,0
Transformer+GAIL+TD3,291,5952,61,7.577468683072222,0
Transformer+GAIL+TD3,291,5952,62,39.63151830673381,0
Transformer+GAIL+TD3,291,5952,63,6.17260200598249,0
Transformer+GAIL+TD3,291,5952,64,3.4858123283847555,0
Transformer+GAIL+TD3,291,5952,65,48.05232636547537,0
Transformer+GAIL+TD3,291,5952,66,4.962171834710683,0
Transformer+GAIL+TD3,291,5952,67,86.36788175019142,0
Transformer+GAIL+TD3,291,5952,68,2.662396322043127,0
Transformer+GAIL+TD3,291,5952,69,26.42720981562512,0
Transformer+GAIL+TD3,291,5952,70,5.405393428888611,0
Transformer+GAIL+TD3,291,5952,71,4.846160830941367,0
Transformer+GAIL+TD3,291,5952,72,53.33019173934983,0
Transformer+GAIL+TD3,291,5952,73,6.166546266500296,0
Transformer+GAIL+TD3,291,5952,74,7.960417377574996,0
Transformer+GAIL+TD3,291,5952,75,4.6316203529226945,0
Transformer+GAIL+TD3,291,5952,76,125.43189485331823,0
Transformer+GAIL+TD3,291,5952,77,2.293058397388209,0
Transformer+GAIL+TD3,291,5952,78,78.7868562578505,0
Transformer+GAIL+TD3,291,5952,79,1.9821040621046697,0
Transformer+GAIL+TD3,291,5952,80,2.174793776192069,0
Transformer+GAIL+TD3,291,5952,81,8.58241542198786,0
Transformer+GAIL+TD3,291,5952,82,6.184885063193045,0
Transformer+GAIL+TD3,291,5952,83,4.616580316827773,0
Transformer+GAIL+TD3,291,5952,84,47.7575001781515,0
Transformer+GAIL+TD3,291,5952,85,2.6450016090374473,0
Transformer+GAIL+TD3,291,5952,86,4.6410360466413065,0
Transformer+GAIL+TD3,291,5952,87,1.3486580121961744,0
Transformer+GAIL+TD3,291,5952,88,7.420000997182958,0
Transformer+GAIL+TD3,291,5952,89,1.371706770450251,0
Transformer+GAIL+TD3,291,5952,90,1.5974692106078965,0
Transformer+GAIL+TD3,291,5952,91,1.1415693616284481,0
Transformer+GAIL+TD3,291,5952,92,5.156689622697039,0
Transformer+GAIL+TD3,291,5952,93,0.3033019447155312,1
Transformer+GAIL+TD3,291,5953,5,2.8097077761267952,0
Transformer+GAIL+TD3,291,5953,6,15.089096573208721,0
Transformer+GAIL+TD3,291,5953,7,23.40886075949367,0
Transformer+GAIL+TD3,291,5953,8,12.781307916335715,0
Transformer+GAIL+TD3,291,5953,9,32.18286852589642,0
Transformer+GAIL+TD3,291,5953,10,20.030144694533764,0
Transformer+GAIL+TD3,291,5953,11,18.096182974856102,0
Transformer+GAIL+TD3,291,5953,12,9.85355387916119,0
Transformer+GAIL+TD3,291,5953,13,15.218645948945618,0
Transformer+GAIL+TD3,291,5953,14,7.00622945687901,0
Transformer+GAIL+TD3,291,5953,15,10.360447707991733,0
Transformer+GAIL+TD3,291,5953,16,8.962193892063823,0
Transformer+GAIL+TD3,291,5953,17,8.822855766493683,0
Transformer+GAIL+TD3,291,5953,18,7.107560367175908,0
Transformer+GAIL+TD3,291,5953,19,4.9630896118080585,0
Transformer+GAIL+TD3,291,5953,20,5.285895035173844,0
Transformer+GAIL+TD3,291,5953,21,4.262826509035742,0
Transformer+GAIL+TD3,291,5953,22,6.35743743044797,0
Transformer+GAIL+TD3,291,5953,23,5.487847187998975,0
Transformer+GAIL+TD3,291,5953,24,4.552426617956719,0
Transformer+GAIL+TD3,291,5953,25,5.373490605319316,0
Transformer+GAIL+TD3,291,5953,26,3.7995381660952647,0
Transformer+GAIL+TD3,291,5953,27,3.2535791310950692,0
Transformer+GAIL+TD3,291,5953,28,7.820586612945776,0
Transformer+GAIL+TD3,291,5953,29,5.219773026665686,0
Transformer+GAIL+TD3,291,5953,30,2.5129732439492964,0
Transformer+GAIL+TD3,291,5953,31,36.413338414634154,0
Transformer+GAIL+TD3,291,5953,32,5.215976475954645,0
Transformer+GAIL+TD3,291,5953,33,3.4655747649378217,0
Transformer+GAIL+TD3,291,5953,34,4.783782628823761,0
Transformer+GAIL+TD3,291,5953,35,3.2368040506329114,0
Transformer+GAIL+TD3,291,5953,36,24.09355583170602,0
Transformer+GAIL+TD3,291,5953,37,3.942113944930846,0
Transformer+GAIL+TD3,291,5953,38,15.920255747838294,0
Transformer+GAIL+TD3,291,5953,39,5.75642576634592,0
Transformer+GAIL+TD3,291,5953,40,7.2907803517390875,0
Transformer+GAIL+TD3,291,5953,41,23.836126629422722,0
Transformer+GAIL+TD3,291,5953,42,7.333057425873699,0
Transformer+GAIL+TD3,291,5953,43,5.055863167047468,0
Transformer+GAIL+TD3,291,5953,44,74.12297297297296,0
Transformer+GAIL+TD3,291,5953,45,3.2276618721112365,0
Transformer+GAIL+TD3,291,5953,46,131.72269923811828,0
Transformer+GAIL+TD3,291,5953,47,4.3660411063658415,0
Transformer+GAIL+TD3,291,5953,48,4.349530671731242,0
Transformer+GAIL+TD3,291,5953,49,96.75524448705657,0
Transformer+GAIL+TD3,291,5953,50,2.697410141238218,0
Transformer+GAIL+TD3,291,5953,51,44.064149040885404,0
Transformer+GAIL+TD3,291,5953,52,1.6062174296054936,0
Transformer+GAIL+TD3,291,5953,53,5.148064308359961,0
Transformer+GAIL+TD3,291,5953,54,3.492326828585291,0
Transformer+GAIL+TD3,291,5953,55,2.844151987787376,0
Transformer+GAIL+TD3,291,5953,56,7.305485306949435,0
Transformer+GAIL+TD3,291,5953,57,1.9754802992792084,0
Transformer+GAIL+TD3,291,5953,58,83.30062366010523,0
Transformer+GAIL+TD3,291,5953,59,2.824501432918723,0
Transformer+GAIL+TD3,291,5953,60,18.72302476788018,0
Transformer+GAIL+TD3,291,5953,61,2.1194245328946266,0
Transformer+GAIL+TD3,291,5953,62,11.375080558539207,0
Transformer+GAIL+TD3,291,5953,63,2.7009278182196925,0
Transformer+GAIL+TD3,291,5953,64,5.661382427239848,0
Transformer+GAIL+TD3,291,5953,65,12.221309258567619,0
Transformer+GAIL+TD3,291,5953,66,3.551322260526755,0
Transformer+GAIL+TD3,291,5953,67,2.835894007593997,0
Transformer+GAIL+TD3,291,5953,68,10.933087943684315,0
Transformer+GAIL+TD3,291,5953,69,3.3327021209445498,0
Transformer+GAIL+TD3,291,5953,70,4.866448710962958,0
Transformer+GAIL+TD3,291,5953,71,2.914948984653424,0
Transformer+GAIL+TD3,291,5953,72,3.1827034416811717,0
Transformer+GAIL+TD3,291,5953,73,4.604029785370127,0
Transformer+GAIL+TD3,291,5953,74,7.297993158352252,0
Transformer+GAIL+TD3,291,5953,75,3.9021007721918264,0
Transformer+GAIL+TD3,291,5953,76,3.5374197240414573,0
Transformer+GAIL+TD3,291,5953,77,7.681051972923263,0
Transformer+GAIL+TD3,291,5953,78,12.487905502917739,0
Transformer+GAIL+TD3,291,5953,79,3.1061517230264024,0
Transformer+GAIL+TD3,291,5953,80,9.024613289230471,0
Transformer+GAIL+TD3,291,5953,81,2.8587454539802932,0
Transformer+GAIL+TD3,291,5953,82,12.70168971816284,0
Transformer+GAIL+TD3,291,5953,83,3.002794846761997,0
Transformer+GAIL+TD3,291,5953,84,4.2064085895717085,0
Transformer+GAIL+TD3,291,5953,85,5.914083677960954,0
Transformer+GAIL+TD3,291,5953,86,3.6505024614422985,0
Transformer+GAIL+TD3,291,5953,87,75.88901465506969,0
Transformer+GAIL+TD3,291,5953,88,2.7731273877800375,0
Transformer+GAIL+TD3,291,5953,89,3.314202224581116,0
Transformer+GAIL+TD3,291,5953,90,1.8837011133888022,0
Transformer+GAIL+TD3,291,5953,91,1.5005744249595852,0
Transformer+GAIL+TD3,291,5953,92,39.457512739292106,0
Transformer+GAIL+TD3,291,5953,93,1.2859369290303235,0
Transformer+GAIL+TD3,291,5953,94,0.5576697777657309,1
Transformer+GAIL+TD3,291,5955,5,7.6825085742283195,0
Transformer+GAIL+TD3,291,5955,6,79.89206642066421,0
Transformer+GAIL+TD3,291,5955,7,22.841481173288955,0
Transformer+GAIL+TD3,291,5955,8,13.414243773084575,0
Transformer+GAIL+TD3,291,5955,9,8.08312327082693,0
Transformer+GAIL+TD3,291,5955,10,4.849920861031972,0
Transformer+GAIL+TD3,291,5955,11,8.602447967216651,0
Transformer+GAIL+TD3,291,5955,12,11.641162790697676,0
Transformer+GAIL+TD3,291,5955,13,8.500779363672486,0
Transformer+GAIL+TD3,291,5955,14,5.334032819116756,0
Transformer+GAIL+TD3,291,5955,15,4.179887231632973,0
Transformer+GAIL+TD3,291,5955,16,6.276456241487441,0
Transformer+GAIL+TD3,291,5955,17,4.105511652212178,0
Transformer+GAIL+TD3,291,5955,18,6.97228862564938,0
Transformer+GAIL+TD3,291,5955,19,8.216629687669702,0
Transformer+GAIL+TD3,291,5955,20,4.8277667464317835,0
Transformer+GAIL+TD3,291,5955,21,4.569258723625172,0
Transformer+GAIL+TD3,291,5955,22,5.339649093699448,0
Transformer+GAIL+TD3,291,5955,23,3.463904346518273,0
Transformer+GAIL+TD3,291,5955,24,5.213381421447408,0
Transformer+GAIL+TD3,291,5955,25,3.681168045769578,0
Transformer+GAIL+TD3,291,5955,26,4.595922052600094,0
Transformer+GAIL+TD3,291,5955,27,3.7307555087409323,0
Transformer+GAIL+TD3,291,5955,28,11.835949014684207,0
Transformer+GAIL+TD3,291,5955,29,5.141314667609881,0
Transformer+GAIL+TD3,291,5955,30,15.887925067377507,0
Transformer+GAIL+TD3,291,5955,31,3.570715642633007,0
Transformer+GAIL+TD3,291,5955,32,35.46200976266621,0
Transformer+GAIL+TD3,291,5955,33,3.4347533512778834,0
Transformer+GAIL+TD3,291,5955,34,5.639337783454226,0
Transformer+GAIL+TD3,291,5955,35,8.186066363158817,0
Transformer+GAIL+TD3,291,5955,36,4.954039229791005,0
Transformer+GAIL+TD3,291,5955,37,143.68621034451414,0
Transformer+GAIL+TD3,291,5955,38,3.6501615711573936,0
Transformer+GAIL+TD3,291,5955,39,14.51876529071886,0
Transformer+GAIL+TD3,291,5955,40,1.8090556861510596,0
Transformer+GAIL+TD3,291,5955,41,3.9450899042932686,0
Transformer+GAIL+TD3,291,5955,42,56.51752992267769,0
Transformer+GAIL+TD3,291,5955,43,4.197616212154123,0
Transformer+GAIL+TD3,291,5955,44,4.651497794637162,0
Transformer+GAIL+TD3,291,5955,45,22.27706401725314,0
Transformer+GAIL+TD3,291,5955,46,2.154303915345099,0
Transformer+GAIL+TD3,291,5955,47,144.78505121638923,0
Transformer+GAIL+TD3,291,5955,48,2.3953465546497648,0
Transformer+GAIL+TD3,291,5955,49,10.09130805915864,0
Transformer+GAIL+TD3,291,5955,50,7.610939564262319,0
Transformer+GAIL+TD3,291,5955,51,4.545553288219622,0
Transformer+GAIL+TD3,291,5955,52,69.53039000053646,0
Transformer+GAIL+TD3,291,5955,53,4.107650891533267,0
Transformer+GAIL+TD3,291,5955,54,5.839779396167715,0
Transformer+GAIL+TD3,291,5955,55,50.09729896694923,0
Transformer+GAIL+TD3,291,5955,56,3.319465296257473,0
Transformer+GAIL+TD3,291,5955,57,49.81136539084094,0
Transformer+GAIL+TD3,291,5955,58,6.45367304194365,0
Transformer+GAIL+TD3,291,5955,59,10.235022951364616,0
Transformer+GAIL+TD3,291,5955,60,100.86539925884561,0
Transformer+GAIL+TD3,291,5955,61,3.18109774338656,0
Transformer+GAIL+TD3,291,5955,62,64.30667207534523,0
Transformer+GAIL+TD3,291,5955,63,2.0760302169945244,0
Transformer+GAIL+TD3,291,5955,64,2.7718349112668546,0
Transformer+GAIL+TD3,291,5955,65,10.5374295022244,0
Transformer+GAIL+TD3,291,5955,66,3.41202909155117,0
Transformer+GAIL+TD3,291,5955,67,4.607234533111311,0
Transformer+GAIL+TD3,291,5955,68,3.9931767149486133,0
Transformer+GAIL+TD3,291,5955,69,6.78833896889738,0
Transformer+GAIL+TD3,291,5955,70,19.638019820108486,0
Transformer+GAIL+TD3,291,5955,71,3.065873566245671,0
Transformer+GAIL+TD3,291,5955,72,60.22627255995385,0
Transformer+GAIL+TD3,291,5955,73,4.655366714131463,0
Transformer+GAIL+TD3,291,5955,74,5.2125442908437005,0
Transformer+GAIL+TD3,291,5955,75,3.9342348364689426,0
Transformer+GAIL+TD3,291,5955,76,25.060766998638677,0
Transformer+GAIL+TD3,291,5955,77,5.33935596037561,0
Transformer+GAIL+TD3,291,5955,78,3.6578813693339116,0
Transformer+GAIL+TD3,291,5955,79,3.768712125958879,0
Transformer+GAIL+TD3,291,5955,80,9.690730003051764,0
Transformer+GAIL+TD3,291,5955,81,16.198381303014706,0
Transformer+GAIL+TD3,291,5955,82,93.8857170896868,0
Transformer+GAIL+TD3,291,5955,83,3.763470862003969,0
Transformer+GAIL+TD3,291,5955,84,122.82535929704373,0
Transformer+GAIL+TD3,291,5955,85,7.096467318731521,0
Transformer+GAIL+TD3,291,5955,86,3.407542334938021,0
Transformer+GAIL+TD3,291,5955,87,3.232807302190509,0
Transformer+GAIL+TD3,291,5955,88,6.504154635367817,0
Transformer+GAIL+TD3,291,5955,89,26.011381955966627,0
Transformer+GAIL+TD3,291,5955,90,4.151665903539687,0
Transformer+GAIL+TD3,291,5955,91,7.692110959422755,0
Transformer+GAIL+TD3,291,5955,92,9.215060111066727,0
Transformer+GAIL+TD3,291,5955,93,7.311073304962587,0
Transformer+GAIL+TD3,291,5955,94,4.303384371860041,0
Transformer+GAIL+TD3,291,5955,95,5.376706448293716,0
Transformer+GAIL+TD3,291,5955,96,9.307028913147851,0
Transformer+GAIL+TD3,291,5955,97,4.571934980658145,0
Transformer+GAIL+TD3,291,5955,98,3.881467985436051,0
Transformer+GAIL+TD3,291,5958,5,6.1567010309278345,0
Transformer+GAIL+TD3,291,5958,6,67.31541582150102,0
Transformer+GAIL+TD3,291,5958,7,19.897724856474593,0
Transformer+GAIL+TD3,291,5958,8,14.158007837188721,0
Transformer+GAIL+TD3,291,5958,9,7.936215782076166,0
Transformer+GAIL+TD3,291,5958,10,9.452399232245682,0
Transformer+GAIL+TD3,291,5958,11,8.914546747633896,0
Transformer+GAIL+TD3,291,5958,12,6.865501868484889,0
Transformer+GAIL+TD3,291,5958,13,8.86284877054402,0
Transformer+GAIL+TD3,291,5958,14,7.382552972083774,0
Transformer+GAIL+TD3,291,5958,15,6.526783192090397,0
Transformer+GAIL+TD3,291,5958,16,5.3947243741596775,0
Transformer+GAIL+TD3,291,5958,17,6.086216828088789,0
Transformer+GAIL+TD3,291,5958,18,5.368316379760042,0
Transformer+GAIL+TD3,291,5958,19,8.397027666517173,0
Transformer+GAIL+TD3,291,5958,20,4.460332902761655,0
Transformer+GAIL+TD3,291,5958,21,5.605340298395278,0
Transformer+GAIL+TD3,291,5958,22,3.8671023649431957,0
Transformer+GAIL+TD3,291,5958,23,5.317120418061958,0
Transformer+GAIL+TD3,291,5958,24,3.730064081802619,0
Transformer+GAIL+TD3,291,5958,25,4.83877696532055,0
Transformer+GAIL+TD3,291,5958,26,4.777608767364293,0
Transformer+GAIL+TD3,291,5958,27,8.22792322979047,0
Transformer+GAIL+TD3,291,5958,28,3.8722000953730635,0
Transformer+GAIL+TD3,291,5958,29,27.68618576799889,0
Transformer+GAIL+TD3,291,5958,30,5.716215711886547,0
Transformer+GAIL+TD3,291,5958,31,5.5182656258489855,0
Transformer+GAIL+TD3,291,5958,32,138.8555402140145,0
Transformer+GAIL+TD3,291,5958,33,3.3222391501801094,0
Transformer+GAIL+TD3,291,5958,34,57.31844858382241,0
Transformer+GAIL+TD3,291,5958,35,3.683328133641533,0
Transformer+GAIL+TD3,291,5958,36,44.678492788726196,0
Transformer+GAIL+TD3,291,5958,37,3.546608284560433,0
Transformer+GAIL+TD3,291,5958,38,10.454388776099162,0
Transformer+GAIL+TD3,291,5958,39,32.46384115816534,0
Transformer+GAIL+TD3,291,5958,40,3.746953191844571,0
Transformer+GAIL+TD3,291,5958,41,20.605490248141354,0
Transformer+GAIL+TD3,291,5958,42,4.485596602068274,0
Transformer+GAIL+TD3,291,5958,43,3.399468897756689,0
Transformer+GAIL+TD3,291,5958,44,4.552435583284823,0
Transformer+GAIL+TD3,291,5958,45,12.553486966728261,0
Transformer+GAIL+TD3,291,5958,46,1.6470494932577007,0
Transformer+GAIL+TD3,291,5958,47,2.7412781113504283,0
Transformer+GAIL+TD3,291,5958,48,3.605567328067809,0
Transformer+GAIL+TD3,291,5958,49,4.583948947386675,0
Transformer+GAIL+TD3,291,5958,50,4.342554111453062,0
Transformer+GAIL+TD3,291,5958,51,6.831471503044641,0
Transformer+GAIL+TD3,291,5958,52,3.422395556791652,0
Transformer+GAIL+TD3,291,5958,53,92.54380925021545,0
Transformer+GAIL+TD3,291,5958,54,1.7099110570893865,0
Transformer+GAIL+TD3,291,5958,55,10.371900709620876,0
Transformer+GAIL+TD3,291,5958,56,2.5568450382704446,0
Transformer+GAIL+TD3,291,5958,57,7.3120023591860805,0
Transformer+GAIL+TD3,291,5958,58,7.221657455914264,0
Transformer+GAIL+TD3,291,5958,59,2.262218027130621,0
Transformer+GAIL+TD3,291,5958,60,2.515873814635892,0
Transformer+GAIL+TD3,291,5958,61,5.200872475431402,0
Transformer+GAIL+TD3,291,5958,62,3.3466999241468853,0
Transformer+GAIL+TD3,291,5958,63,21.77606072929375,0
Transformer+GAIL+TD3,291,5958,64,3.9485825994562562,0
Transformer+GAIL+TD3,291,5958,65,1.9120334871092228,0
Transformer+GAIL+TD3,291,5958,66,26.750496264481903,0
Transformer+GAIL+TD3,291,5958,67,3.5988299149642278,0
Transformer+GAIL+TD3,291,5958,68,177.3124608641202,0
Transformer+GAIL+TD3,291,5958,69,3.092880444800727,0
Transformer+GAIL+TD3,291,5958,70,73.70085669781932,0
Transformer+GAIL+TD3,291,5958,71,4.867981349677258,0
Transformer+GAIL+TD3,291,5958,72,57.23983087342911,0
Transformer+GAIL+TD3,291,5958,73,3.614572199051272,0
Transformer+GAIL+TD3,291,5958,74,6.125915940731875,0
Transformer+GAIL+TD3,291,5958,75,138.22581585081588,0
Transformer+GAIL+TD3,291,5958,76,3.855210438944967,0
Transformer+GAIL+TD3,291,5958,77,123.76561995665604,0
Transformer+GAIL+TD3,291,5958,78,5.407849611391924,0
Transformer+GAIL+TD3,291,5958,79,5.6693478584097114,0
Transformer+GAIL+TD3,291,5958,80,64.07996939475491,0
Transformer+GAIL+TD3,291,5958,81,3.007115835233523,0
Transformer+GAIL+TD3,291,5958,82,133.8785886478194,0
Transformer+GAIL+TD3,291,5958,83,4.087824193433938,0
Transformer+GAIL+TD3,291,5958,84,3.9393746106703373,0
Transformer+GAIL+TD3,291,5958,85,3.407573353359608,0
Transformer+GAIL+TD3,291,5958,86,6.110366771188814,0
Transformer+GAIL+TD3,291,5958,87,89.27168833943017,0
Transformer+GAIL+TD3,291,5958,88,3.5951244066683627,0
Transformer+GAIL+TD3,291,5958,89,128.15302438300608,0
Transformer+GAIL+TD3,291,5958,90,4.176456117155488,0
Transformer+GAIL+TD3,291,5958,91,10.332216048441852,0
Transformer+GAIL+TD3,291,5958,92,118.09265725418754,0
Transformer+GAIL+TD3,291,5958,93,2.1553377852932005,0
Transformer+GAIL+TD3,291,5958,94,8.44243772224388,0
Transformer+GAIL+TD3,291,5958,95,3.2181563295971465,0
Transformer+GAIL+TD3,291,5958,96,1.7390864128463617,0
Transformer+GAIL+TD3,291,5958,97,12.21905129986802,0
Transformer+GAIL+TD3,291,5958,98,14.875520194743013,0
Transformer+GAIL+TD3,291,5959,5,4.801895173230678,0
Transformer+GAIL+TD3,291,5959,6,28.944023323615163,0
Transformer+GAIL+TD3,291,5959,7,25.721871049304678,0
Transformer+GAIL+TD3,291,5959,8,18.394438927507448,0
Transformer+GAIL+TD3,291,5959,9,13.581724411531336,0
Transformer+GAIL+TD3,291,5959,10,6.40796539379475,0
Transformer+GAIL+TD3,291,5959,11,10.571341380713415,0
Transformer+GAIL+TD3,291,5959,12,5.230043207795791,0
Transformer+GAIL+TD3,291,5959,13,16.402583293095123,0
Transformer+GAIL+TD3,291,5959,14,9.358031634446398,0
Transformer+GAIL+TD3,291,5959,15,7.392791970802921,0
Transformer+GAIL+TD3,291,5959,16,7.121383166254161,0
Transformer+GAIL+TD3,291,5959,17,5.356666233628193,0
Transformer+GAIL+TD3,291,5959,18,3.8054315757621615,0
Transformer+GAIL+TD3,291,5959,19,7.8332758025543665,0
Transformer+GAIL+TD3,291,5959,20,7.048165503171718,0
Transformer+GAIL+TD3,291,5959,21,3.4519802158922706,0
Transformer+GAIL+TD3,291,5959,22,5.126378869422497,0
Transformer+GAIL+TD3,291,5959,23,4.0066450151702915,0
Transformer+GAIL+TD3,291,5959,24,3.493533434896762,0
Transformer+GAIL+TD3,291,5959,25,25.44818856885688,0
Transformer+GAIL+TD3,291,5959,26,8.353983918128655,0
Transformer+GAIL+TD3,291,5959,27,4.382693640095968,0
Transformer+GAIL+TD3,291,5959,28,7.468014124628254,0
Transformer+GAIL+TD3,291,5959,29,5.421598127716482,0
Transformer+GAIL+TD3,291,5959,30,33.228444915650634,0
Transformer+GAIL+TD3,291,5959,31,3.129661094783248,0
Transformer+GAIL+TD3,291,5959,32,38.468121046578496,0
Transformer+GAIL+TD3,291,5959,33,2.959596496931367,0
Transformer+GAIL+TD3,291,5959,34,5.386391620935499,0
Transformer+GAIL+TD3,291,5959,35,31.27700853765324,0
Transformer+GAIL+TD3,291,5959,36,5.157378002306084,0
Transformer+GAIL+TD3,291,5959,37,33.82776190260201,0
Transformer+GAIL+TD3,291,5959,38,4.683919192677071,0
Transformer+GAIL+TD3,291,5959,39,6.04147149278448,0
Transformer+GAIL+TD3,291,5959,40,54.072721473566716,0
Transformer+GAIL+TD3,291,5959,41,3.1277054206586143,0
Transformer+GAIL+TD3,291,5959,42,4.478357527121121,0
Transformer+GAIL+TD3,291,5959,43,6.947986991211476,0
Transformer+GAIL+TD3,291,5959,44,6.514715389741498,0
Transformer+GAIL+TD3,291,5959,45,26.040867399336584,0
Transformer+GAIL+TD3,291,5959,46,2.3719173511204414,0
Transformer+GAIL+TD3,291,5959,47,2.848860908192217,0
Transformer+GAIL+TD3,291,5959,48,9.676899657490802,0
Transformer+GAIL+TD3,291,5959,49,3.339608816558652,0
Transformer+GAIL+TD3,291,5959,50,44.41407141908933,0
Transformer+GAIL+TD3,291,5959,51,4.374444121614995,0
Transformer+GAIL+TD3,291,5959,52,12.12651223056539,0
Transformer+GAIL+TD3,291,5959,53,40.00704708108257,0
Transformer+GAIL+TD3,291,5959,54,3.30921445943559,0
Transformer+GAIL+TD3,291,5959,55,87.02645519329002,0
Transformer+GAIL+TD3,291,5959,56,6.558568574529597,0
Transformer+GAIL+TD3,291,5959,57,7.723633253708455,0
Transformer+GAIL+TD3,291,5959,58,12.591728671451463,0
Transformer+GAIL+TD3,291,5959,59,6.977766510594141,0
Transformer+GAIL+TD3,291,5959,60,64.08707420056494,0
Transformer+GAIL+TD3,291,5959,61,3.3733538711102944,0
Transformer+GAIL+TD3,291,5959,62,3.9239410378650894,0
Transformer+GAIL+TD3,291,5959,63,6.331384839198935,0
Transformer+GAIL+TD3,291,5959,64,7.385326424909579,0
Transformer+GAIL+TD3,291,5959,65,48.950014794775335,0
Transformer+GAIL+TD3,291,5959,66,4.029978803713159,0
Transformer+GAIL+TD3,291,5959,67,10.361803180903829,0
Transformer+GAIL+TD3,291,5959,68,4.682333626952236,0
Transformer+GAIL+TD3,291,5959,69,9.687245662571419,0
Transformer+GAIL+TD3,291,5959,70,2.6174870583980328,0
Transformer+GAIL+TD3,291,5959,71,41.42774562027653,0
Transformer+GAIL+TD3,291,5959,72,4.947522387958079,0
Transformer+GAIL+TD3,291,5959,73,11.594703977798336,0
Transformer+GAIL+TD3,291,5959,74,17.115858915417583,0
Transformer+GAIL+TD3,291,5959,75,5.832455510637868,0
Transformer+GAIL+TD3,291,5959,76,6.890623510898382,0
Transformer+GAIL+TD3,291,5959,77,5.159720371077475,0
Transformer+GAIL+TD3,291,5959,78,27.43777535024629,0
Transformer+GAIL+TD3,291,5959,79,2.6013942866886013,0
Transformer+GAIL+TD3,291,5959,80,3.5771470072967375,0
Transformer+GAIL+TD3,291,5959,81,4.374662742707012,0
Transformer+GAIL+TD3,291,5959,82,3.0723013357205082,0
Transformer+GAIL+TD3,291,5959,83,43.67677888081638,0
Transformer+GAIL+TD3,291,5959,84,1.639465625034205,0
Transformer+GAIL+TD3,291,5959,85,4.467207664847689,0
Transformer+GAIL+TD3,291,5959,86,4.493253293592331,0
Transformer+GAIL+TD3,291,5959,87,4.626349522183532,0
Transformer+GAIL+TD3,291,5959,88,11.371129346304809,0
Transformer+GAIL+TD3,291,5959,89,22.392276355078977,0
Transformer+GAIL+TD3,291,5959,90,2.886387209741276,0
Transformer+GAIL+TD3,291,5959,91,3.324342651917176,0
Transformer+GAIL+TD3,291,5959,92,1.8268243201803527,0
Transformer+GAIL+TD3,291,5959,93,2.2008853886258812,0
Transformer+GAIL+TD3,291,5959,94,1.1010587777777217,0
Transformer+GAIL+TD3,291,5959,95,0.5298707125764425,1
Transformer+GAIL+TD3,291,5960,5,4.424341131181522,0
Transformer+GAIL+TD3,291,5960,6,27.589774078477998,0
Transformer+GAIL+TD3,291,5960,7,24.784733312040885,0
Transformer+GAIL+TD3,291,5960,8,22.650220617729648,0
Transformer+GAIL+TD3,291,5960,9,17.11441860465116,0
Transformer+GAIL+TD3,291,5960,10,12.67603113536727,0
Transformer+GAIL+TD3,291,5960,11,13.225842529078436,0
Transformer+GAIL+TD3,291,5960,12,5.514636983932333,0
Transformer+GAIL+TD3,291,5960,13,7.512093456918773,0
Transformer+GAIL+TD3,291,5960,14,7.604986408193524,0
Transformer+GAIL+TD3,291,5960,15,7.26962124170246,0
Transformer+GAIL+TD3,291,5960,16,7.263466471234886,0
Transformer+GAIL+TD3,291,5960,17,8.877259936008636,0
Transformer+GAIL+TD3,291,5960,18,3.7487389084721037,0
Transformer+GAIL+TD3,291,5960,19,8.547532007408002,0
Transformer+GAIL+TD3,291,5960,20,3.9767527675276746,0
Transformer+GAIL+TD3,291,5960,21,5.1705479141132145,0
Transformer+GAIL+TD3,291,5960,22,4.26685341620344,0
Transformer+GAIL+TD3,291,5960,23,4.969608872612405,0
Transformer+GAIL+TD3,291,5960,24,3.2083920037839047,0
Transformer+GAIL+TD3,291,5960,25,6.883265047422868,0
Transformer+GAIL+TD3,291,5960,26,3.125418780632441,0
Transformer+GAIL+TD3,291,5960,27,16.090952539273545,0
Transformer+GAIL+TD3,291,5960,28,4.354552669170943,0
Transformer+GAIL+TD3,291,5960,29,7.796333333333333,0
Transformer+GAIL+TD3,291,5960,30,4.338101317659528,0
Transformer+GAIL+TD3,291,5960,31,40.46060712405685,0
Transformer+GAIL+TD3,291,5960,32,2.336910812110469,0
Transformer+GAIL+TD3,291,5960,33,3.027823567177387,0
Transformer+GAIL+TD3,291,5960,34,3.4739023386893764,0
Transformer+GAIL+TD3,291,5960,35,1.643833788211428,0
Transformer+GAIL+TD3,291,5960,36,52.25307092854312,0
Transformer+GAIL+TD3,291,5960,37,2.27405358259843,0
Transformer+GAIL+TD3,291,5960,38,4.388567648761128,0
Transformer+GAIL+TD3,291,5960,39,10.323043422569487,0
Transformer+GAIL+TD3,291,5960,40,8.165496197540138,0
Transformer+GAIL+TD3,291,5960,41,11.686424828069901,0
Transformer+GAIL+TD3,291,5960,42,3.451774836048126,0
Transformer+GAIL+TD3,291,5960,43,3.204708798017348,0
Transformer+GAIL+TD3,291,5960,44,6.196768656048867,0
Transformer+GAIL+TD3,291,5960,45,7.813594531119973,0
Transformer+GAIL+TD3,291,5960,46,4.47014575846893,0
Transformer+GAIL+TD3,291,5960,47,7.909827499821059,0
Transformer+GAIL+TD3,291,5960,48,16.2492893758655,0
Transformer+GAIL+TD3,291,5960,49,4.377317166119117,0
Transformer+GAIL+TD3,291,5960,50,24.956703333057646,0
Transformer+GAIL+TD3,291,5960,51,2.6780883247488383,0
Transformer+GAIL+TD3,291,5960,52,4.271146196501722,0
Transformer+GAIL+TD3,291,5960,53,12.010828916132809,0
Transformer+GAIL+TD3,291,5960,54,2.5688096126042823,0
Transformer+GAIL+TD3,291,5960,55,57.816059871790934,0
Transformer+GAIL+TD3,291,5960,56,6.153178839267615,0
Transformer+GAIL+TD3,291,5960,57,22.50519652047183,0
Transformer+GAIL+TD3,291,5960,58,15.077645968370033,0
Transformer+GAIL+TD3,291,5960,59,4.593957119208355,0
Transformer+GAIL+TD3,291,5960,60,119.72055605291953,0
Transformer+GAIL+TD3,291,5960,61,3.6083730989954668,0
Transformer+GAIL+TD3,291,5960,62,3.6723384160237194,0
Transformer+GAIL+TD3,291,5960,63,87.20392555880134,0
Transformer+GAIL+TD3,291,5960,64,4.878316487237026,0
Transformer+GAIL+TD3,291,5960,65,28.13620508067574,0
Transformer+GAIL+TD3,291,5960,66,4.092991399107951,0
Transformer+GAIL+TD3,291,5960,67,5.542032474780087,0
Transformer+GAIL+TD3,291,5960,68,18.58302116519432,0
Transformer+GAIL+TD3,291,5960,69,3.660910311873295,0
Transformer+GAIL+TD3,291,5960,70,17.553150393935645,0
Transformer+GAIL+TD3,291,5960,71,4.615637775602526,0
Transformer+GAIL+TD3,291,5960,72,2.068017027506202,0
Transformer+GAIL+TD3,291,5960,73,3.947071586289591,0
Transformer+GAIL+TD3,291,5960,74,10.889312293192216,0
Transformer+GAIL+TD3,291,5960,75,2.6497706718679,0
Transformer+GAIL+TD3,291,5960,76,30.555233661665095,0
Transformer+GAIL+TD3,291,5960,77,4.872413318994012,0
Transformer+GAIL+TD3,291,5960,78,50.357112572833756,0
Transformer+GAIL+TD3,291,5960,79,2.573925759161426,0
Transformer+GAIL+TD3,291,5960,80,4.195435062518274,0
Transformer+GAIL+TD3,291,5960,81,20.756434409344283,0
Transformer+GAIL+TD3,291,5960,82,7.461865067101951,0
Transformer+GAIL+TD3,291,5960,83,89.94458475435523,0
Transformer+GAIL+TD3,291,5960,84,2.9376348294541703,0
Transformer+GAIL+TD3,291,5960,85,61.82950726491172,0
Transformer+GAIL+TD3,291,5960,86,5.155891518358509,0
Transformer+GAIL+TD3,291,5960,87,97.89279980973897,0
Transformer+GAIL+TD3,291,5960,88,2.275439458661,0
Transformer+GAIL+TD3,291,5960,89,3.767673860196555,0
Transformer+GAIL+TD3,291,5960,90,10.744223405345858,0
Transformer+GAIL+TD3,291,5960,91,5.06902079117921,0
Transformer+GAIL+TD3,291,5960,92,5.204837377220756,0
Transformer+GAIL+TD3,291,5960,93,4.691905981473323,0
Transformer+GAIL+TD3,291,5960,94,2.5281889598167178,0
Transformer+GAIL+TD3,291,5960,95,5.296463915084571,0
Transformer+GAIL+TD3,291,5960,96,3.7997865231870134,0
Transformer+GAIL+TD3,291,5960,97,5.067809085410885,0
Transformer+GAIL+TD3,291,5960,98,78.91059683561059,0
Transformer+GAIL+TD3,291,5961,5,5.1498425816607645,0
Transformer+GAIL+TD3,291,5961,6,78.22977346278319,0
Transformer+GAIL+TD3,291,5961,7,31.994916267942582,0
Transformer+GAIL+TD3,291,5961,8,22.746473503621807,0
Transformer+GAIL+TD3,291,5961,9,8.750370071322836,0
Transformer+GAIL+TD3,291,5961,10,16.205341506129596,0
Transformer+GAIL+TD3,291,5961,11,5.828847861363705,0
Transformer+GAIL+TD3,291,5961,12,4.976709006651141,0
Transformer+GAIL+TD3,291,5961,13,10.78270466280399,0
Transformer+GAIL+TD3,291,5961,14,9.463594269554678,0
Transformer+GAIL+TD3,291,5961,15,7.1623768368099565,0
Transformer+GAIL+TD3,291,5961,16,6.277871191669881,0
Transformer+GAIL+TD3,291,5961,17,5.196970221806552,0
Transformer+GAIL+TD3,291,5961,18,4.061239731142644,0
Transformer+GAIL+TD3,291,5961,19,6.480934762431502,0
Transformer+GAIL+TD3,291,5961,20,6.372575991411124,0
Transformer+GAIL+TD3,291,5961,21,5.863725622316771,0
Transformer+GAIL+TD3,291,5961,22,5.079378884238371,0
Transformer+GAIL+TD3,291,5961,23,4.543578013351209,0
Transformer+GAIL+TD3,291,5961,24,3.54529347478115,0
Transformer+GAIL+TD3,291,5961,25,4.479452054794521,0
Transformer+GAIL+TD3,291,5961,26,3.7280901243671654,0
Transformer+GAIL+TD3,291,5961,27,12.30560185736397,0
Transformer+GAIL+TD3,291,5961,28,4.54144039046891,0
Transformer+GAIL+TD3,291,5961,29,5.610264174584943,0
Transformer+GAIL+TD3,291,5961,30,4.235993550987506,0
Transformer+GAIL+TD3,291,5961,31,23.62798316898468,0
Transformer+GAIL+TD3,291,5961,32,2.415412170998395,0
Transformer+GAIL+TD3,291,5961,33,3.8859122046030956,0
Transformer+GAIL+TD3,291,5961,34,93.22532781228433,0
Transformer+GAIL+TD3,291,5961,35,3.2443459969403365,0
Transformer+GAIL+TD3,291,5961,36,28.390125264782032,0
Transformer+GAIL+TD3,291,5961,37,3.2441309563143745,0
Transformer+GAIL+TD3,291,5961,38,42.30879507236107,0
Transformer+GAIL+TD3,291,5961,39,7.189337529425514,0
Transformer+GAIL+TD3,291,5961,40,12.011977190457499,0
Transformer+GAIL+TD3,291,5961,41,10.412032863224075,0
Transformer+GAIL+TD3,291,5961,42,44.34002087818882,0
Transformer+GAIL+TD3,291,5961,43,4.0339409048443855,0
Transformer+GAIL+TD3,291,5961,44,12.649563833872826,0
Transformer+GAIL+TD3,291,5961,45,4.987108579915003,0
Transformer+GAIL+TD3,291,5961,46,5.7509248662795995,0
Transformer+GAIL+TD3,291,5961,47,13.022113101440256,0
Transformer+GAIL+TD3,291,5961,48,8.238125286244975,0
Transformer+GAIL+TD3,291,5961,49,4.7149703785712145,0
Transformer+GAIL+TD3,291,5961,50,7.548834602197142,0
Transformer+GAIL+TD3,291,5961,51,5.001268405350785,0
Transformer+GAIL+TD3,291,5961,52,3.6499919450445497,0
Transformer+GAIL+TD3,291,5961,53,5.625631575667629,0
Transformer+GAIL+TD3,291,5961,54,3.6315880103672415,0
Transformer+GAIL+TD3,291,5961,55,6.933916269072146,0
Transformer+GAIL+TD3,291,5961,56,8.038969529229643,0
Transformer+GAIL+TD3,291,5961,57,22.435779568746185,0
Transformer+GAIL+TD3,291,5961,58,6.5087327196649865,0
Transformer+GAIL+TD3,291,5961,59,170.3506122964272,0
Transformer+GAIL+TD3,291,5961,60,2.514645950499645,0
Transformer+GAIL+TD3,291,5961,61,1.5974025007868606,0
Transformer+GAIL+TD3,291,5961,62,2.576410551684596,0
Transformer+GAIL+TD3,291,5961,63,19.37980188281579,0
Transformer+GAIL+TD3,291,5961,64,10.647960139820254,0
Transformer+GAIL+TD3,291,5961,65,20.824818902865537,0
Transformer+GAIL+TD3,291,5961,66,2.84460587836582,0
Transformer+GAIL+TD3,291,5961,67,49.50954196007494,0
Transformer+GAIL+TD3,291,5961,68,3.177218444028271,0
Transformer+GAIL+TD3,291,5961,69,86.51750342245691,0
Transformer+GAIL+TD3,291,5961,70,4.279420251716152,0
Transformer+GAIL+TD3,291,5961,71,5.631684217255898,0
Transformer+GAIL+TD3,291,5961,72,3.5952070182766214,0
Transformer+GAIL+TD3,291,5961,73,10.031631854639587,0
Transformer+GAIL+TD3,291,5961,74,18.43845889186923,0
Transformer+GAIL+TD3,291,5961,75,2.9391344709172684,0
Transformer+GAIL+TD3,291,5961,76,5.700017246875963,0
Transformer+GAIL+TD3,291,5961,77,18.480668964298342,0
Transformer+GAIL+TD3,291,5961,78,3.6684752170021055,0
Transformer+GAIL+TD3,291,5961,79,2.8487987402209525,0
Transformer+GAIL+TD3,291,5961,80,3.3373388672062383,0
Transformer+GAIL+TD3,291,5961,81,2.006105973560002,0
Transformer+GAIL+TD3,291,5961,82,2.8589977959173445,0
Transformer+GAIL+TD3,291,5961,83,2.752449972925543,0
Transformer+GAIL+TD3,291,5961,84,2.5445290748548244,0
Transformer+GAIL+TD3,291,5961,85,2.2725200289631653,0
Transformer+GAIL+TD3,291,5961,86,3.8380367635371235,0
Transformer+GAIL+TD3,291,5961,87,17.266301201947627,0
Transformer+GAIL+TD3,291,5961,88,2.1942571061501663,0
Transformer+GAIL+TD3,291,5961,89,8.968741221237583,0
Transformer+GAIL+TD3,291,5961,90,2.559963252033831,0
Transformer+GAIL+TD3,291,5961,91,1.9187933845317802,0
Transformer+GAIL+TD3,291,5961,92,1.5218681885969942,0
Transformer+GAIL+TD3,291,5961,93,5.4054948084167975,0
Transformer+GAIL+TD3,291,5961,94,1.3699935054586705,0
Transformer+GAIL+TD3,291,5961,95,0.4847400571353328,1
Transformer+GAIL+TD3,291,5963,5,8.289378365149291,0
Transformer+GAIL+TD3,291,5963,6,53.383172561629145,0
Transformer+GAIL+TD3,291,5963,7,22.267578501252164,0
Transformer+GAIL+TD3,291,5963,8,13.321597290311079,0
Transformer+GAIL+TD3,291,5963,9,8.504070354744783,0
Transformer+GAIL+TD3,291,5963,10,4.525465442858383,0
Transformer+GAIL+TD3,291,5963,11,5.299218126695388,0
Transformer+GAIL+TD3,291,5963,12,9.73286593217914,0
Transformer+GAIL+TD3,291,5963,13,6.856598888127331,0
Transformer+GAIL+TD3,291,5963,14,6.34465250965251,0
Transformer+GAIL+TD3,291,5963,15,5.945717100806701,0
Transformer+GAIL+TD3,291,5963,16,6.736807651163161,0
Transformer+GAIL+TD3,291,5963,17,6.941297735234332,0
Transformer+GAIL+TD3,291,5963,18,5.34031452476644,0
Transformer+GAIL+TD3,291,5963,19,5.058598166646421,0
Transformer+GAIL+TD3,291,5963,20,4.825240212486054,0
Transformer+GAIL+TD3,291,5963,21,4.420611477189528,0
Transformer+GAIL+TD3,291,5963,22,5.317066191899281,0
Transformer+GAIL+TD3,291,5963,23,4.752776179210095,0
Transformer+GAIL+TD3,291,5963,24,5.17452443072551,0
Transformer+GAIL+TD3,291,5963,25,5.396321532807567,0
Transformer+GAIL+TD3,291,5963,26,10.058711020724383,0
Transformer+GAIL+TD3,291,5963,27,4.427051219068765,0
Transformer+GAIL+TD3,291,5963,28,17.930025144527306,0
Transformer+GAIL+TD3,291,5963,29,3.64569996998917,0
Transformer+GAIL+TD3,291,5963,30,5.538723449837792,0
Transformer+GAIL+TD3,291,5963,31,15.860421503839973,0
Transformer+GAIL+TD3,291,5963,32,4.793731031926057,0
Transformer+GAIL+TD3,291,5963,33,62.99875956903886,0
Transformer+GAIL+TD3,291,5963,34,2.964026849708353,0
Transformer+GAIL+TD3,291,5963,35,4.340579012988033,0
Transformer+GAIL+TD3,291,5963,36,4.564921543270847,0
Transformer+GAIL+TD3,291,5963,37,43.96774334066604,0
Transformer+GAIL+TD3,291,5963,38,3.915564269740779,0
Transformer+GAIL+TD3,291,5963,39,63.859647739221884,0
Transformer+GAIL+TD3,291,5963,40,2.4789790445056292,0
Transformer+GAIL+TD3,291,5963,41,34.1302121858185,0
Transformer+GAIL+TD3,291,5963,42,4.606940553170764,0
Transformer+GAIL+TD3,291,5963,43,46.90971889408537,0
Transformer+GAIL+TD3,291,5963,44,3.9392494996699785,0
Transformer+GAIL+TD3,291,5963,45,21.756613377769682,0
Transformer+GAIL+TD3,291,5963,46,4.04035885011687,0
Transformer+GAIL+TD3,291,5963,47,3.911799879313182,0
Transformer+GAIL+TD3,291,5963,48,4.799298919182975,0
Transformer+GAIL+TD3,291,5963,49,1.9836728698347736,0
Transformer+GAIL+TD3,291,5963,50,2.6612521831276124,0
Transformer+GAIL+TD3,291,5963,51,2.317058718543637,0
Transformer+GAIL+TD3,291,5963,52,9.034064740386706,0
Transformer+GAIL+TD3,291,5963,53,3.7568546561352316,0
Transformer+GAIL+TD3,291,5963,54,48.709158159491054,0
Transformer+GAIL+TD3,291,5963,55,4.3471275284418125,0
Transformer+GAIL+TD3,291,5963,56,61.939221027830946,0
Transformer+GAIL+TD3,291,5963,57,4.279653358667192,0
Transformer+GAIL+TD3,291,5963,58,141.59104134762632,0
Transformer+GAIL+TD3,291,5963,59,4.256584682010386,0
Transformer+GAIL+TD3,291,5963,60,7.0742258803840325,0
Transformer+GAIL+TD3,291,5963,61,84.55763697708596,0
Transformer+GAIL+TD3,291,5963,62,6.398323981851531,0
Transformer+GAIL+TD3,291,5963,63,135.2966589156774,0
Transformer+GAIL+TD3,291,5963,64,4.80440357804534,0
Transformer+GAIL+TD3,291,5963,65,8.361658208128473,0
Transformer+GAIL+TD3,291,5963,66,12.121599557654982,0
Transformer+GAIL+TD3,291,5963,67,9.09995117573031,0
Transformer+GAIL+TD3,291,5963,68,101.29757659829998,0
Transformer+GAIL+TD3,291,5963,69,2.648973844269479,0
Transformer+GAIL+TD3,291,5963,70,3.3408579155921756,0
Transformer+GAIL+TD3,291,5963,71,2.8011103065411533,0
Transformer+GAIL+TD3,291,5963,72,3.9567718047658245,0
Transformer+GAIL+TD3,291,5963,73,7.081349718895104,0
Transformer+GAIL+TD3,291,5963,74,7.061901117370666,0
Transformer+GAIL+TD3,291,5963,75,3.1174766572263026,0
Transformer+GAIL+TD3,291,5963,76,17.227021553786976,0
Transformer+GAIL+TD3,291,5963,77,4.118029642193684,0
Transformer+GAIL+TD3,291,5963,78,9.076599442081676,0
Transformer+GAIL+TD3,291,5963,79,4.036676634553312,0
Transformer+GAIL+TD3,291,5963,80,60.59106406949509,0
Transformer+GAIL+TD3,291,5963,81,1.5776741711121336,0
Transformer+GAIL+TD3,291,5963,82,5.203131807521529,0
Transformer+GAIL+TD3,291,5963,83,3.428048586552369,0
Transformer+GAIL+TD3,291,5963,84,8.621138079681776,0
Transformer+GAIL+TD3,291,5963,85,6.254020399002565,0
Transformer+GAIL+TD3,291,5963,86,49.139592758087936,0
Transformer+GAIL+TD3,291,5963,87,2.5676372481966223,0
Transformer+GAIL+TD3,291,5963,88,3.938516320118715,0
Transformer+GAIL+TD3,291,5963,89,2.1657150606562507,0
Transformer+GAIL+TD3,291,5963,90,10.363611775815754,0
Transformer+GAIL+TD3,291,5963,91,1.2668807643583582,0
Transformer+GAIL+TD3,291,5963,92,1.54013482248264,0
Transformer+GAIL+TD3,291,5963,93,1.4599381591146798,0
Transformer+GAIL+TD3,291,5963,94,0.4230283845687232,1
Transformer+GAIL+TD3,291,5964,5,3.106580900544285,0
Transformer+GAIL+TD3,291,5964,6,39.896103896103895,0
Transformer+GAIL+TD3,291,5964,7,29.986335403726713,0
Transformer+GAIL+TD3,291,5964,8,15.115179048637092,0
Transformer+GAIL+TD3,291,5964,9,13.140267350302143,0
Transformer+GAIL+TD3,291,5964,10,23.508163676678095,0
Transformer+GAIL+TD3,291,5964,11,20.25987972508591,0
Transformer+GAIL+TD3,291,5964,12,8.13714800180063,0
Transformer+GAIL+TD3,291,5964,13,10.556151583318913,0
Transformer+GAIL+TD3,291,5964,14,13.99036402569593,0
Transformer+GAIL+TD3,291,5964,15,6.528639159405434,0
Transformer+GAIL+TD3,291,5964,16,8.261958350114906,0
Transformer+GAIL+TD3,291,5964,17,7.283300180993852,0
Transformer+GAIL+TD3,291,5964,18,8.218513993780542,0
Transformer+GAIL+TD3,291,5964,19,5.905037301929837,0
Transformer+GAIL+TD3,291,5964,20,4.6113548246172895,0
Transformer+GAIL+TD3,291,5964,21,4.581478656008491,0
Transformer+GAIL+TD3,291,5964,22,5.397735736630417,0
Transformer+GAIL+TD3,291,5964,23,5.365854093002129,0
Transformer+GAIL+TD3,291,5964,24,4.836684437885032,0
Transformer+GAIL+TD3,291,5964,25,3.4948917564252953,0
Transformer+GAIL+TD3,291,5964,26,4.216903101140542,0
Transformer+GAIL+TD3,291,5964,27,3.6830753560844527,0
Transformer+GAIL+TD3,291,5964,28,4.910482901600115,0
Transformer+GAIL+TD3,291,5964,29,12.588491150884913,0
Transformer+GAIL+TD3,291,5964,30,29.793118774347047,0
Transformer+GAIL+TD3,291,5964,31,3.687717529785655,0
Transformer+GAIL+TD3,291,5964,32,12.386072511955067,0
Transformer+GAIL+TD3,291,5964,33,3.7923351889550303,0
Transformer+GAIL+TD3,291,5964,34,161.1549989735167,0
Transformer+GAIL+TD3,291,5964,35,3.7286853650120766,0
Transformer+GAIL+TD3,291,5964,36,7.828575633527203,0
Transformer+GAIL+TD3,291,5964,37,122.7981910358336,0
Transformer+GAIL+TD3,291,5964,38,3.2877382710376737,0
Transformer+GAIL+TD3,291,5964,39,3.390306981505677,0
Transformer+GAIL+TD3,291,5964,40,9.470559185834276,0
Transformer+GAIL+TD3,291,5964,41,72.93785662753328,0
Transformer+GAIL+TD3,291,5964,42,3.4110787295914085,0
Transformer+GAIL+TD3,291,5964,43,12.635794785660188,0
Transformer+GAIL+TD3,291,5964,44,30.11708661879185,0
Transformer+GAIL+TD3,291,5964,45,3.420156864432587,0
Transformer+GAIL+TD3,291,5964,46,60.361137101108824,0
Transformer+GAIL+TD3,291,5964,47,4.0916630692268345,0
Transformer+GAIL+TD3,291,5964,48,3.2008773125154653,0
Transformer+GAIL+TD3,291,5964,49,5.6779303634227745,0
Transformer+GAIL+TD3,291,5964,50,4.086807320990706,0
Transformer+GAIL+TD3,291,5964,51,13.57431191683921,0
Transformer+GAIL+TD3,291,5964,52,1.5914427318582052,0
Transformer+GAIL+TD3,291,5964,53,8.147233303233621,0
Transformer+GAIL+TD3,291,5964,54,2.219871420643329,0
Transformer+GAIL+TD3,291,5964,55,9.010993424675283,0
Transformer+GAIL+TD3,291,5964,56,2.582202145960952,0
Transformer+GAIL+TD3,291,5964,57,135.64984882842026,0
Transformer+GAIL+TD3,291,5964,58,4.474654316045595,0
Transformer+GAIL+TD3,291,5964,59,115.89869601266301,0
Transformer+GAIL+TD3,291,5964,60,3.2467147176566984,0
Transformer+GAIL+TD3,291,5964,61,29.61842761371821,0
Transformer+GAIL+TD3,291,5964,62,4.168129950942873,0
Transformer+GAIL+TD3,291,5964,63,4.684107051162265,0
Transformer+GAIL+TD3,291,5964,64,118.95505239880782,0
Transformer+GAIL+TD3,291,5964,65,4.733806428420877,0
Transformer+GAIL+TD3,291,5964,66,68.94022280161175,0
Transformer+GAIL+TD3,291,5964,67,3.678030310326739,0
Transformer+GAIL+TD3,291,5964,68,6.82090732173178,0
Transformer+GAIL+TD3,291,5964,69,104.72103015138877,0
Transformer+GAIL+TD3,291,5964,70,4.912356948600328,0
Transformer+GAIL+TD3,291,5964,71,57.32039945043292,0
Transformer+GAIL+TD3,291,5964,72,2.494409353394842,0
Transformer+GAIL+TD3,291,5964,73,9.458643773694464,0
Transformer+GAIL+TD3,291,5964,74,26.414503230330563,0
Transformer+GAIL+TD3,291,5964,75,4.223603526925864,0
Transformer+GAIL+TD3,291,5964,76,3.4620174133391597,0
Transformer+GAIL+TD3,291,5964,77,6.883087016981359,0
Transformer+GAIL+TD3,291,5964,78,5.844201110916586,0
Transformer+GAIL+TD3,291,5964,79,112.69559300409335,0
Transformer+GAIL+TD3,291,5964,80,5.5977066960049875,0
Transformer+GAIL+TD3,291,5964,81,172.53243165292895,0
Transformer+GAIL+TD3,291,5964,82,4.533175530318802,0
Transformer+GAIL+TD3,291,5964,83,15.364815806151897,0
Transformer+GAIL+TD3,291,5964,84,3.3491482317061627,0
Transformer+GAIL+TD3,291,5964,85,4.214931204684019,0
Transformer+GAIL+TD3,291,5964,86,84.44002678229818,0
Transformer+GAIL+TD3,291,5964,87,1.8089482692228938,0
Transformer+GAIL+TD3,291,5964,88,15.179087219986744,0
Transformer+GAIL+TD3,291,5964,89,11.244782968530268,0
Transformer+GAIL+TD3,291,5964,90,2.9334032825343725,0
Transformer+GAIL+TD3,291,5964,91,3.1232228238059427,0
Transformer+GAIL+TD3,291,5964,92,79.37408932955873,0
Transformer+GAIL+TD3,291,5964,93,2.0687342720634248,0
Transformer+GAIL+TD3,291,5964,94,54.53749796648773,0
Transformer+GAIL+TD3,291,5964,95,2.605711591057093,0
Transformer+GAIL+TD3,291,5964,96,18.6010084440788,0
Transformer+GAIL+TD3,291,5964,97,29.026046161002135,0
Transformer+GAIL+TD3,291,5964,98,50.372365929892545,0
Transformer+GAIL+TD3,291,5966,5,7.050171821305842,0
Transformer+GAIL+TD3,291,5966,6,83.14478764478766,0
Transformer+GAIL+TD3,291,5966,7,20.869145137576137,0
Transformer+GAIL+TD3,291,5966,8,15.814050632911393,0
Transformer+GAIL+TD3,291,5966,9,9.435938224961887,0
Transformer+GAIL+TD3,291,5966,10,5.308524929950484,0
Transformer+GAIL+TD3,291,5966,11,8.274675248224169,0
Transformer+GAIL+TD3,291,5966,12,9.898579626388834,0
Transformer+GAIL+TD3,291,5966,13,7.899992162395171,0
Transformer+GAIL+TD3,291,5966,14,8.43562338437065,0
Transformer+GAIL+TD3,291,5966,15,6.272757370329497,0
Transformer+GAIL+TD3,291,5966,16,3.9249608578900874,0
Transformer+GAIL+TD3,291,5966,17,5.7833748960930995,0
Transformer+GAIL+TD3,291,5966,18,7.080201542736928,0
Transformer+GAIL+TD3,291,5966,19,5.180706740307792,0
Transformer+GAIL+TD3,291,5966,20,4.796019011542723,0
Transformer+GAIL+TD3,291,5966,21,4.934359505661215,0
Transformer+GAIL+TD3,291,5966,22,3.0998340150572057,0
Transformer+GAIL+TD3,291,5966,23,3.7076449475056794,0
Transformer+GAIL+TD3,291,5966,24,19.3563756621499,0
Transformer+GAIL+TD3,291,5966,25,3.0970302483974357,0
Transformer+GAIL+TD3,291,5966,26,3.779492750908478,0
Transformer+GAIL+TD3,291,5966,27,6.907792276822495,0
Transformer+GAIL+TD3,291,5966,28,4.78294144051782,0
Transformer+GAIL+TD3,291,5966,29,3.041853438002168,0
Transformer+GAIL+TD3,291,5966,30,15.686742707554227,0
Transformer+GAIL+TD3,291,5966,31,4.734620052277818,0
Transformer+GAIL+TD3,291,5966,32,185.91835469202147,0
Transformer+GAIL+TD3,291,5966,33,3.4429539023683797,0
Transformer+GAIL+TD3,291,5966,34,6.699915108001486,0
Transformer+GAIL+TD3,291,5966,35,10.88004272640665,0
Transformer+GAIL+TD3,291,5966,36,8.831370721567437,0
Transformer+GAIL+TD3,291,5966,37,10.688338242443306,0
Transformer+GAIL+TD3,291,5966,38,3.4063588830858977,0
Transformer+GAIL+TD3,291,5966,39,17.604790212505286,0
Transformer+GAIL+TD3,291,5966,40,2.4226457371130294,0
Transformer+GAIL+TD3,291,5966,41,87.79757448719866,0
Transformer+GAIL+TD3,291,5966,42,3.562809606305314,0
Transformer+GAIL+TD3,291,5966,43,5.804112771708778,0
Transformer+GAIL+TD3,291,5966,44,7.257217282418896,0
Transformer+GAIL+TD3,291,5966,45,110.47054374072671,0
Transformer+GAIL+TD3,291,5966,46,7.248755684525098,0
Transformer+GAIL+TD3,291,5966,47,5.156368820757954,0
Transformer+GAIL+TD3,291,5966,48,26.318019563549566,0
Transformer+GAIL+TD3,291,5966,49,6.628948811073803,0
Transformer+GAIL+TD3,291,5966,50,3.30542644992507,0
Transformer+GAIL+TD3,291,5966,51,9.244394419116873,0
Transformer+GAIL+TD3,291,5966,52,4.860361288483906,0
Transformer+GAIL+TD3,291,5966,53,3.474013958647891,0
Transformer+GAIL+TD3,291,5966,54,4.6105044794492445,0
Transformer+GAIL+TD3,291,5966,55,3.547799179941347,0
Transformer+GAIL+TD3,291,5966,56,4.392583009115335,0
Transformer+GAIL+TD3,291,5966,57,3.469329088014555,0
Transformer+GAIL+TD3,291,5966,58,4.96997323132679,0
Transformer+GAIL+TD3,291,5966,59,44.76829157999456,0
Transformer+GAIL+TD3,291,5966,60,2.722898278789503,0
Transformer+GAIL+TD3,291,5966,61,94.97648902821315,0
Transformer+GAIL+TD3,291,5966,62,2.8454150024917486,0
Transformer+GAIL+TD3,291,5966,63,127.64655276869017,0
Transformer+GAIL+TD3,291,5966,64,3.0284830211042437,0
Transformer+GAIL+TD3,291,5966,65,4.494641734018848,0
Transformer+GAIL+TD3,291,5966,66,49.31901932316534,0
Transformer+GAIL+TD3,291,5966,67,4.827105972355038,0
Transformer+GAIL+TD3,291,5966,68,56.59631531201143,0
Transformer+GAIL+TD3,291,5966,69,5.7334744714739365,0
Transformer+GAIL+TD3,291,5966,70,12.441094285665061,0
Transformer+GAIL+TD3,291,5966,71,4.978263233209063,0
Transformer+GAIL+TD3,291,5966,72,4.790608434987659,0
Transformer+GAIL+TD3,291,5966,73,4.2377769690745275,0
Transformer+GAIL+TD3,291,5966,74,62.06990472416241,0
Transformer+GAIL+TD3,291,5966,75,5.002201976136685,0
Transformer+GAIL+TD3,291,5966,76,49.90372507506885,0
Transformer+GAIL+TD3,291,5966,77,4.729472432566963,0
Transformer+GAIL+TD3,291,5966,78,10.6077201533452,0
Transformer+GAIL+TD3,291,5966,79,8.692817510070158,0
Transformer+GAIL+TD3,291,5966,80,2.722572423781795,0
Transformer+GAIL+TD3,291,5966,81,2.545771160335811,0
Transformer+GAIL+TD3,291,5966,82,11.999741330139969,0
Transformer+GAIL+TD3,291,5966,83,5.878387751767918,0
Transformer+GAIL+TD3,291,5966,84,36.7096191675475,0
Transformer+GAIL+TD3,291,5966,85,11.84096781068778,0
Transformer+GAIL+TD3,291,5966,86,5.1185119344949515,0
Transformer+GAIL+TD3,291,5966,87,3.674578389948602,0
Transformer+GAIL+TD3,291,5966,88,29.183847502863035,0
Transformer+GAIL+TD3,291,5966,89,6.216777869293125,0
Transformer+GAIL+TD3,291,5966,90,6.9260508005734644,0
Transformer+GAIL+TD3,291,5966,91,9.843231624341445,0
Transformer+GAIL+TD3,291,5966,92,9.106062216251026,0
Transformer+GAIL+TD3,291,5966,93,4.094043866253055,0
Transformer+GAIL+TD3,291,5966,94,5.432415916127994,0
Transformer+GAIL+TD3,291,5966,95,35.70685340715906,0
Transformer+GAIL+TD3,291,5966,96,3.470174651233599,0
Transformer+GAIL+TD3,291,5966,97,30.11673823721734,0
Transformer+GAIL+TD3,291,5966,98,14.07867166267043,0
Transformer+GAIL+TD3,291,5970,5,3.7640493827160495,0
Transformer+GAIL+TD3,291,5970,6,30.619939577039272,0
Transformer+GAIL+TD3,291,5970,7,49.70430733410943,0
Transformer+GAIL+TD3,291,5970,8,17.991360294117648,0
Transformer+GAIL+TD3,291,5970,9,15.44929116684842,0
Transformer+GAIL+TD3,291,5970,10,14.586324257425742,0
Transformer+GAIL+TD3,291,5970,11,6.664874055913638,0
Transformer+GAIL+TD3,291,5970,12,5.565099707230845,0
Transformer+GAIL+TD3,291,5970,13,12.570160191666277,0
Transformer+GAIL+TD3,291,5970,14,8.053951425877315,0
Transformer+GAIL+TD3,291,5970,15,8.711170941609174,0
Transformer+GAIL+TD3,291,5970,16,6.372439507882068,0
Transformer+GAIL+TD3,291,5970,17,5.526045424015522,0
Transformer+GAIL+TD3,291,5970,18,4.713154005873659,0
Transformer+GAIL+TD3,291,5970,19,5.136705241397964,0
Transformer+GAIL+TD3,291,5970,20,6.315470875418923,0
Transformer+GAIL+TD3,291,5970,21,6.7663819365629285,0
Transformer+GAIL+TD3,291,5970,22,4.864478594069735,0
Transformer+GAIL+TD3,291,5970,23,3.940980667347583,0
Transformer+GAIL+TD3,291,5970,24,4.280928043123203,0
Transformer+GAIL+TD3,291,5970,25,3.1580422456593906,0
Transformer+GAIL+TD3,291,5970,26,5.019780440199656,0
Transformer+GAIL+TD3,291,5970,27,2.672914580808347,0
Transformer+GAIL+TD3,291,5970,28,8.554885155982172,0
Transformer+GAIL+TD3,291,5970,29,3.617149198520346,0
Transformer+GAIL+TD3,291,5970,30,55.16723549488055,0
Transformer+GAIL+TD3,291,5970,31,3.8996384910745796,0
Transformer+GAIL+TD3,291,5970,32,25.186942386208987,0
Transformer+GAIL+TD3,291,5970,33,5.488877831223162,0
Transformer+GAIL+TD3,291,5970,34,3.1377341273807717,0
Transformer+GAIL+TD3,291,5970,35,86.94836464857342,0
Transformer+GAIL+TD3,291,5970,36,4.431862199110368,0
Transformer+GAIL+TD3,291,5970,37,15.991793531525644,0
Transformer+GAIL+TD3,291,5970,38,4.741078318219291,0
Transformer+GAIL+TD3,291,5970,39,6.834062822951132,0
Transformer+GAIL+TD3,291,5970,40,72.67740476429792,0
Transformer+GAIL+TD3,291,5970,41,3.397622366208092,0
Transformer+GAIL+TD3,291,5970,42,6.348191616145915,0
Transformer+GAIL+TD3,291,5970,43,7.017487134090534,0
Transformer+GAIL+TD3,291,5970,44,4.9934516686610815,0
Transformer+GAIL+TD3,291,5970,45,24.20861853991196,0
Transformer+GAIL+TD3,291,5970,46,3.100717850739656,0
Transformer+GAIL+TD3,291,5970,47,5.542787432182426,0
Transformer+GAIL+TD3,291,5970,48,26.506425738405973,0
Transformer+GAIL+TD3,291,5970,49,3.5105144316135717,0
Transformer+GAIL+TD3,291,5970,50,154.03007709904264,0
Transformer+GAIL+TD3,291,5970,51,5.574441583789718,0
Transformer+GAIL+TD3,291,5970,52,4.592238914229122,0
Transformer+GAIL+TD3,291,5970,53,4.356522887964243,0
Transformer+GAIL+TD3,291,5970,54,12.626412853749965,0
Transformer+GAIL+TD3,291,5970,55,49.423827987310545,0
Transformer+GAIL+TD3,291,5970,56,4.468805921150804,0
Transformer+GAIL+TD3,291,5970,57,3.443787984140668,0
Transformer+GAIL+TD3,291,5970,58,8.035921266520601,0
Transformer+GAIL+TD3,291,5970,59,2.7999573906263957,0
Transformer+GAIL+TD3,291,5970,60,9.533589080564425,0
Transformer+GAIL+TD3,291,5970,61,7.5928460099316055,0
Transformer+GAIL+TD3,291,5970,62,2.047844528216172,0
Transformer+GAIL+TD3,291,5970,63,6.578216133368904,0
Transformer+GAIL+TD3,291,5970,64,2.6671712901741733,0
Transformer+GAIL+TD3,291,5970,65,37.850148559617615,0
Transformer+GAIL+TD3,291,5970,66,5.1877948491171475,0
Transformer+GAIL+TD3,291,5970,67,58.71922323178335,0
Transformer+GAIL+TD3,291,5970,68,2.7340087674800184,0
Transformer+GAIL+TD3,291,5970,69,19.527261518981014,0
Transformer+GAIL+TD3,291,5970,70,65.28188456779641,0
Transformer+GAIL+TD3,291,5970,71,2.8867287998088496,0
Transformer+GAIL+TD3,291,5970,72,38.96337077408288,0
Transformer+GAIL+TD3,291,5970,73,3.609904357978252,0
Transformer+GAIL+TD3,291,5970,74,15.151544542931681,0
Transformer+GAIL+TD3,291,5970,75,7.037732327784902,0
Transformer+GAIL+TD3,291,5970,76,3.2943148737510026,0
Transformer+GAIL+TD3,291,5970,77,26.8227880103805,0
Transformer+GAIL+TD3,291,5970,78,3.908891875519994,0
Transformer+GAIL+TD3,291,5970,79,4.964588718395893,0
Transformer+GAIL+TD3,291,5970,80,15.673280929670087,0
Transformer+GAIL+TD3,291,5970,81,3.3259266075459495,0
Transformer+GAIL+TD3,291,5970,82,110.92808754559667,0
Transformer+GAIL+TD3,291,5970,83,4.271108019614863,0
Transformer+GAIL+TD3,291,5970,84,15.782399044909411,0
Transformer+GAIL+TD3,291,5970,85,12.810217278529118,0
Transformer+GAIL+TD3,291,5970,86,7.046549250684907,0
Transformer+GAIL+TD3,291,5970,87,35.44896052424797,0
Transformer+GAIL+TD3,291,5970,88,6.353128483062083,0
Transformer+GAIL+TD3,291,5970,89,3.575169819491299,0
Transformer+GAIL+TD3,291,5970,90,18.877886881349227,0
Transformer+GAIL+TD3,291,5970,91,3.322302460320518,0
Transformer+GAIL+TD3,291,5970,92,9.333958475937917,0
Transformer+GAIL+TD3,291,5970,93,13.445359076055773,0
Transformer+GAIL+TD3,291,5970,94,49.217783294623715,0
Transformer+GAIL+TD3,291,5970,95,3.0148632120814374,0
Transformer+GAIL+TD3,291,5970,96,10.491156712936116,0
Transformer+GAIL+TD3,291,5970,97,4.680238479380984,0
Transformer+GAIL+TD3,291,5970,98,2.4027860776260006,0
Transformer+GAIL+TD3,291,5971,5,2.7258240126695044,0
Transformer+GAIL+TD3,291,5971,6,14.185669781931464,0
Transformer+GAIL+TD3,291,5971,7,11.163972286374134,0
Transformer+GAIL+TD3,291,5971,8,11.285491419656784,0
Transformer+GAIL+TD3,291,5971,9,27.583078101071976,0
Transformer+GAIL+TD3,291,5971,10,35.28381219341275,0
Transformer+GAIL+TD3,291,5971,11,21.145523568490976,0
Transformer+GAIL+TD3,291,5971,12,10.560862183509263,0
Transformer+GAIL+TD3,291,5971,13,16.636634678095593,0
Transformer+GAIL+TD3,291,5971,14,8.013563717930744,0
Transformer+GAIL+TD3,291,5971,15,9.265939885824334,0
Transformer+GAIL+TD3,291,5971,16,6.269239170003642,0
Transformer+GAIL+TD3,291,5971,17,10.990313114333745,0
Transformer+GAIL+TD3,291,5971,18,5.237050426977498,0
Transformer+GAIL+TD3,291,5971,19,6.590995325817982,0
Transformer+GAIL+TD3,291,5971,20,4.903103303893978,0
Transformer+GAIL+TD3,291,5971,21,5.171839611178615,0
Transformer+GAIL+TD3,291,5971,22,4.933673224913031,0
Transformer+GAIL+TD3,291,5971,23,5.821255498775792,0
Transformer+GAIL+TD3,291,5971,24,3.4175106126047363,0
Transformer+GAIL+TD3,291,5971,25,4.058215468180222,0
Transformer+GAIL+TD3,291,5971,26,4.994457077885162,0
Transformer+GAIL+TD3,291,5971,27,5.02304479436505,0
Transformer+GAIL+TD3,291,5971,28,5.5566000914433555,0
Transformer+GAIL+TD3,291,5971,29,47.31481481481482,0
Transformer+GAIL+TD3,291,5971,30,7.069682318393498,0
Transformer+GAIL+TD3,291,5971,31,3.0324534034534327,0
Transformer+GAIL+TD3,291,5971,32,11.648472219961258,0
Transformer+GAIL+TD3,291,5971,33,3.2927225729482528,0
Transformer+GAIL+TD3,291,5971,34,56.456256022721504,0
Transformer+GAIL+TD3,291,5971,35,3.39317709893565,0
Transformer+GAIL+TD3,291,5971,36,8.99630895759017,0
Transformer+GAIL+TD3,291,5971,37,1.7259243755355556,0
Transformer+GAIL+TD3,291,5971,38,14.079444685466378,0
Transformer+GAIL+TD3,291,5971,39,4.615556356205,0
Transformer+GAIL+TD3,291,5971,40,4.641812871519612,0
Transformer+GAIL+TD3,291,5971,41,6.868003620523846,0
Transformer+GAIL+TD3,291,5971,42,23.624308155624288,0
Transformer+GAIL+TD3,291,5971,43,4.155512331597509,0
Transformer+GAIL+TD3,291,5971,44,30.619122443634975,0
Transformer+GAIL+TD3,291,5971,45,3.926164277017692,0
Transformer+GAIL+TD3,291,5971,46,11.85002801382015,0
Transformer+GAIL+TD3,291,5971,47,13.917509599809705,0
Transformer+GAIL+TD3,291,5971,48,5.47620053816422,0
Transformer+GAIL+TD3,291,5971,49,224.49386569872956,0
Transformer+GAIL+TD3,291,5971,50,2.4847689802856174,0
Transformer+GAIL+TD3,291,5971,51,3.978459646878092,0
Transformer+GAIL+TD3,291,5971,52,11.96909428945002,0
Transformer+GAIL+TD3,291,5971,53,4.772041773317675,0
Transformer+GAIL+TD3,291,5971,54,4.210215663647093,0
Transformer+GAIL+TD3,291,5971,55,39.90817845114078,0
Transformer+GAIL+TD3,291,5971,56,5.987951654628875,0
Transformer+GAIL+TD3,291,5971,57,59.34765269366267,0
Transformer+GAIL+TD3,291,5971,58,6.63550365338126,0
Transformer+GAIL+TD3,291,5971,59,26.847331919432563,0
Transformer+GAIL+TD3,291,5971,60,4.785478700203764,0
Transformer+GAIL+TD3,291,5971,61,2.9320344570975574,0
Transformer+GAIL+TD3,291,5971,62,3.460124372475033,0
Transformer+GAIL+TD3,291,5971,63,3.5134612913948486,0
Transformer+GAIL+TD3,291,5971,64,6.926684534790629,0
Transformer+GAIL+TD3,291,5971,65,2.349830390347224,0
Transformer+GAIL+TD3,291,5971,66,20.418640540795675,0
Transformer+GAIL+TD3,291,5971,67,21.538838548142596,0
Transformer+GAIL+TD3,291,5971,68,49.22224078341014,0
Transformer+GAIL+TD3,291,5971,69,5.205408659876574,0
Transformer+GAIL+TD3,291,5971,70,106.13997849267848,0
Transformer+GAIL+TD3,291,5971,71,4.874660114335536,0
Transformer+GAIL+TD3,291,5971,72,36.305873306225166,0
Transformer+GAIL+TD3,291,5971,73,4.43672863338861,0
Transformer+GAIL+TD3,291,5971,74,4.161312006311117,0
Transformer+GAIL+TD3,291,5971,75,30.19365486344928,0
Transformer+GAIL+TD3,291,5971,76,9.89436257795927,0
Transformer+GAIL+TD3,291,5971,77,3.5162312479433644,0
Transformer+GAIL+TD3,291,5971,78,8.649893612060735,0
Transformer+GAIL+TD3,291,5971,79,4.276973456020891,0
Transformer+GAIL+TD3,291,5971,80,3.2989098339803253,0
Transformer+GAIL+TD3,291,5971,81,3.2385371577884374,0
Transformer+GAIL+TD3,291,5971,82,3.8078078622598146,0
Transformer+GAIL+TD3,291,5971,83,2.887190028219086,0
Transformer+GAIL+TD3,291,5971,84,3.8580828640428675,0
Transformer+GAIL+TD3,291,5971,85,8.854098349882696,0
Transformer+GAIL+TD3,291,5971,86,18.070209849816692,0
Transformer+GAIL+TD3,291,5971,87,1.9586695262890195,0
Transformer+GAIL+TD3,291,5971,88,11.421603694719673,0
Transformer+GAIL+TD3,291,5971,89,1.5102540939089513,0
Transformer+GAIL+TD3,291,5971,90,6.574679857500481,0
Transformer+GAIL+TD3,291,5971,91,1.3199343197146796,0
Transformer+GAIL+TD3,291,5971,92,2.4910671430857017,0
Transformer+GAIL+TD3,291,5971,93,0.793908920748573,1
Transformer+GAIL+TD3,291,5974,5,5.425845790715972,0
Transformer+GAIL+TD3,291,5974,6,48.04946996466432,0
Transformer+GAIL+TD3,291,5974,7,36.04459376908979,0
Transformer+GAIL+TD3,291,5974,8,24.875437913585053,0
Transformer+GAIL+TD3,291,5974,9,9.523859881031063,0
Transformer+GAIL+TD3,291,5974,10,16.32432975198313,0
Transformer+GAIL+TD3,291,5974,11,5.8801891306183345,0
Transformer+GAIL+TD3,291,5974,12,4.142632151017057,0
Transformer+GAIL+TD3,291,5974,13,8.531699909470548,0
Transformer+GAIL+TD3,291,5974,14,8.782464258171679,0
Transformer+GAIL+TD3,291,5974,15,10.194530780682738,0
Transformer+GAIL+TD3,291,5974,16,5.302220410451089,0
Transformer+GAIL+TD3,291,5974,17,10.0268341796533,0
Transformer+GAIL+TD3,291,5974,18,3.4800030807578666,0
Transformer+GAIL+TD3,291,5974,19,7.918919320783894,0
Transformer+GAIL+TD3,291,5974,20,3.8070247829491963,0
Transformer+GAIL+TD3,291,5974,21,4.552375878968677,0
Transformer+GAIL+TD3,291,5974,22,4.131209967936269,0
Transformer+GAIL+TD3,291,5974,23,6.535854576978301,0
Transformer+GAIL+TD3,291,5974,24,3.956813735081198,0
Transformer+GAIL+TD3,291,5974,25,23.815348416289588,0
Transformer+GAIL+TD3,291,5974,26,9.755200290671269,0
Transformer+GAIL+TD3,291,5974,27,4.744736903457441,0
Transformer+GAIL+TD3,291,5974,28,2.7902416223017577,0
Transformer+GAIL+TD3,291,5974,29,3.2710915674072876,0
Transformer+GAIL+TD3,291,5974,30,8.936427644987958,0
Transformer+GAIL+TD3,291,5974,31,4.575611568112321,0
Transformer+GAIL+TD3,291,5974,32,13.284529008744872,0
Transformer+GAIL+TD3,291,5974,33,4.2541259642446825,0
Transformer+GAIL+TD3,291,5974,34,39.139558163617544,0
Transformer+GAIL+TD3,291,5974,35,3.593166870098965,0
Transformer+GAIL+TD3,291,5974,36,43.88986141502552,0
Transformer+GAIL+TD3,291,5974,37,2.332279005339308,0
Transformer+GAIL+TD3,291,5974,38,8.263983628922238,0
Transformer+GAIL+TD3,291,5974,39,84.31958390522286,0
Transformer+GAIL+TD3,291,5974,40,3.016960826824694,0
Transformer+GAIL+TD3,291,5974,41,3.1102247023967537,0
Transformer+GAIL+TD3,291,5974,42,74.1402699470357,0
Transformer+GAIL+TD3,291,5974,43,2.731611392209284,0
Transformer+GAIL+TD3,291,5974,44,39.04345331994838,0
Transformer+GAIL+TD3,291,5974,45,2.0009911605714605,0
Transformer+GAIL+TD3,291,5974,46,11.251840602198815,0
Transformer+GAIL+TD3,291,5974,47,12.242040513734997,0
Transformer+GAIL+TD3,291,5974,48,3.0446261710931837,0
Transformer+GAIL+TD3,291,5974,49,78.89271549444739,0
Transformer+GAIL+TD3,291,5974,50,3.2527599145189727,0
Transformer+GAIL+TD3,291,5974,51,30.83584780339691,0
Transformer+GAIL+TD3,291,5974,52,2.911002660648954,0
Transformer+GAIL+TD3,291,5974,53,21.713128504284487,0
Transformer+GAIL+TD3,291,5974,54,3.8391482200647253,0
Transformer+GAIL+TD3,291,5974,55,27.158780231335438,0
Transformer+GAIL+TD3,291,5974,56,5.5372387972691115,0
Transformer+GAIL+TD3,291,5974,57,3.5109374069244867,0
Transformer+GAIL+TD3,291,5974,58,10.39137165544022,0
Transformer+GAIL+TD3,291,5974,59,24.105389875411717,0
Transformer+GAIL+TD3,291,5974,60,3.7857935770176407,0
Transformer+GAIL+TD3,291,5974,61,2.8102233036732422,0
Transformer+GAIL+TD3,291,5974,62,71.1863375391068,0
Transformer+GAIL+TD3,291,5974,63,3.7013476942289976,0
Transformer+GAIL+TD3,291,5974,64,4.9290014215672056,0
Transformer+GAIL+TD3,291,5974,65,11.342099905534381,0
Transformer+GAIL+TD3,291,5974,66,74.52192386131884,0
Transformer+GAIL+TD3,291,5974,67,5.167691258254039,0
Transformer+GAIL+TD3,291,5974,68,6.502069576886503,0
Transformer+GAIL+TD3,291,5974,69,8.77428515131495,0
Transformer+GAIL+TD3,291,5974,70,12.177308904043255,0
Transformer+GAIL+TD3,291,5974,71,58.35747781596681,0
Transformer+GAIL+TD3,291,5974,72,7.315102625166912,0
Transformer+GAIL+TD3,291,5974,73,3.087607123991832,0
Transformer+GAIL+TD3,291,5974,74,5.597830379674953,0
Transformer+GAIL+TD3,291,5974,75,1.87265875321553,0
Transformer+GAIL+TD3,291,5974,76,7.224885775050626,0
Transformer+GAIL+TD3,291,5974,77,3.6136637731225463,0
Transformer+GAIL+TD3,291,5974,78,2.3474265119570443,0
Transformer+GAIL+TD3,291,5974,79,6.193253867613492,0
Transformer+GAIL+TD3,291,5974,80,3.6397707928155554,0
Transformer+GAIL+TD3,291,5974,81,66.14481170038577,0
Transformer+GAIL+TD3,291,5974,82,2.5130494290095786,0
Transformer+GAIL+TD3,291,5974,83,20.516115516801673,0
Transformer+GAIL+TD3,291,5974,84,4.0816469275323595,0
Transformer+GAIL+TD3,291,5974,85,59.76843691492763,0
Transformer+GAIL+TD3,291,5974,86,7.16532156350451,0
Transformer+GAIL+TD3,291,5974,87,8.075326683788823,0
Transformer+GAIL+TD3,291,5974,88,4.669900545696214,0
Transformer+GAIL+TD3,291,5974,89,3.7825251055689413,0
Transformer+GAIL+TD3,291,5974,90,15.651809094457558,0
Transformer+GAIL+TD3,291,5974,91,7.74664134486882,0
Transformer+GAIL+TD3,291,5974,92,4.4426283154453055,0
Transformer+GAIL+TD3,291,5974,93,7.823521121766227,0
Transformer+GAIL+TD3,291,5974,94,21.932289986228607,0
Transformer+GAIL+TD3,291,5974,95,8.036315989271339,0
Transformer+GAIL+TD3,291,5974,96,3.280977455038413,0
Transformer+GAIL+TD3,291,5974,97,4.089184727233726,0
Transformer+GAIL+TD3,291,5974,98,96.66676076549395,0
Transformer+GAIL+TD3,291,5976,5,7.56058968058968,0
Transformer+GAIL+TD3,291,5976,6,48.941816204458945,0
Transformer+GAIL+TD3,291,5976,7,22.119679812573214,0
Transformer+GAIL+TD3,291,5976,8,12.908750334492906,0
Transformer+GAIL+TD3,291,5976,9,16.541661877945064,0
Transformer+GAIL+TD3,291,5976,10,5.129820895522387,0
Transformer+GAIL+TD3,291,5976,11,6.096146651702207,0
Transformer+GAIL+TD3,291,5976,12,6.403906902436368,0
Transformer+GAIL+TD3,291,5976,13,6.980453893634269,0
Transformer+GAIL+TD3,291,5976,14,5.544044447198298,0
Transformer+GAIL+TD3,291,5976,15,4.353654062107382,0
Transformer+GAIL+TD3,291,5976,16,9.324154102025792,0
Transformer+GAIL+TD3,291,5976,17,9.842822702386048,0
Transformer+GAIL+TD3,291,5976,18,6.284572881267997,0
Transformer+GAIL+TD3,291,5976,19,5.193852662260773,0
Transformer+GAIL+TD3,291,5976,20,3.532137653674337,0
Transformer+GAIL+TD3,291,5976,21,7.3913788725241245,0
Transformer+GAIL+TD3,291,5976,22,4.712435142703511,0
Transformer+GAIL+TD3,291,5976,23,4.987618493330889,0
Transformer+GAIL+TD3,291,5976,24,4.649566694866454,0
Transformer+GAIL+TD3,291,5976,25,4.511831969186326,0
Transformer+GAIL+TD3,291,5976,26,4.667565133869613,0
Transformer+GAIL+TD3,291,5976,27,4.283089289371288,0
Transformer+GAIL+TD3,291,5976,28,5.447824510045206,0
Transformer+GAIL+TD3,291,5976,29,9.038560885608856,0
Transformer+GAIL+TD3,291,5976,30,4.080312390256361,0
Transformer+GAIL+TD3,291,5976,31,6.068799895621825,0
Transformer+GAIL+TD3,291,5976,32,3.013756328095821,0
Transformer+GAIL+TD3,291,5976,33,2.810021220821371,0
Transformer+GAIL+TD3,291,5976,34,7.631247535332205,0
Transformer+GAIL+TD3,291,5976,35,1.6922036218487935,0
Transformer+GAIL+TD3,291,5976,36,11.772547978457101,0
Transformer+GAIL+TD3,291,5976,37,2.530479838938712,0
Transformer+GAIL+TD3,291,5976,38,41.84278233151184,0
Transformer+GAIL+TD3,291,5976,39,2.894176676296184,0
Transformer+GAIL+TD3,291,5976,40,15.341450367476044,0
Transformer+GAIL+TD3,291,5976,41,12.045866219247033,0
Transformer+GAIL+TD3,291,5976,42,5.137072331594899,0
Transformer+GAIL+TD3,291,5976,43,5.458596195712627,0
Transformer+GAIL+TD3,291,5976,44,6.225236555276082,0
Transformer+GAIL+TD3,291,5976,45,3.853004653004653,0
Transformer+GAIL+TD3,291,5976,46,17.907336490980555,0
Transformer+GAIL+TD3,291,5976,47,8.177656801506258,0
Transformer+GAIL+TD3,291,5976,48,16.04432782236857,0
Transformer+GAIL+TD3,291,5976,49,3.6492247616453772,0
Transformer+GAIL+TD3,291,5976,50,5.208267789981829,0
Transformer+GAIL+TD3,291,5976,51,4.784264701243809,0
Transformer+GAIL+TD3,291,5976,52,8.713622756568931,0
Transformer+GAIL+TD3,291,5976,53,95.454457676215,0
Transformer+GAIL+TD3,291,5976,54,5.24312676695274,0
Transformer+GAIL+TD3,291,5976,55,5.735971489436925,0
Transformer+GAIL+TD3,291,5976,56,12.55200002347101,0
Transformer+GAIL+TD3,291,5976,57,71.66756659157737,0
Transformer+GAIL+TD3,291,5976,58,3.055409053538341,0
Transformer+GAIL+TD3,291,5976,59,12.425950810544574,0
Transformer+GAIL+TD3,291,5976,60,3.4477175254758157,0
Transformer+GAIL+TD3,291,5976,61,6.836532056941927,0
Transformer+GAIL+TD3,291,5976,62,17.9022606826375,0
Transformer+GAIL+TD3,291,5976,63,4.657028239695015,0
Transformer+GAIL+TD3,291,5976,64,3.1239181737581156,0
Transformer+GAIL+TD3,291,5976,65,2.63140532067476,0
Transformer+GAIL+TD3,291,5976,66,3.679027684136305,0
Transformer+GAIL+TD3,291,5976,67,7.391667030806206,0
Transformer+GAIL+TD3,291,5976,68,15.161102582827846,0
Transformer+GAIL+TD3,291,5976,69,8.304810229895455,0
Transformer+GAIL+TD3,291,5976,70,6.080380477591686,0
Transformer+GAIL+TD3,291,5976,71,2.575220692952736,0
Transformer+GAIL+TD3,291,5976,72,5.341679896447461,0
Transformer+GAIL+TD3,291,5976,73,3.278488051926949,0
Transformer+GAIL+TD3,291,5976,74,6.510619736084056,0
Transformer+GAIL+TD3,291,5976,75,10.539675809843633,0
Transformer+GAIL+TD3,291,5976,76,29.329155526795297,0
Transformer+GAIL+TD3,291,5976,77,2.3297535829319194,0
Transformer+GAIL+TD3,291,5976,78,20.059382967529576,0
Transformer+GAIL+TD3,291,5976,79,4.558141495311679,0
Transformer+GAIL+TD3,291,5976,80,7.000930253378638,0
Transformer+GAIL+TD3,291,5976,81,63.64233207576524,0
Transformer+GAIL+TD3,291,5976,82,2.997425161356358,0
Transformer+GAIL+TD3,291,5976,83,28.71748019045484,0
Transformer+GAIL+TD3,291,5976,84,2.2269560009126033,0
Transformer+GAIL+TD3,291,5976,85,5.567471974287186,0
Transformer+GAIL+TD3,291,5976,86,8.216248113167563,0
Transformer+GAIL+TD3,291,5976,87,23.690699695924874,0
Transformer+GAIL+TD3,291,5976,88,5.5081673855500055,0
Transformer+GAIL+TD3,291,5976,89,18.08676048640525,0
Transformer+GAIL+TD3,291,5976,90,3.7736897672722858,0
Transformer+GAIL+TD3,291,5976,91,13.625431824665768,0
Transformer+GAIL+TD3,291,5976,92,3.2934969464901456,0
Transformer+GAIL+TD3,291,5976,93,6.916834314691102,0
Transformer+GAIL+TD3,291,5976,94,5.023002404945045,0
Transformer+GAIL+TD3,291,5976,95,8.643057687450211,0
Transformer+GAIL+TD3,291,5976,96,4.692806887667858,0
Transformer+GAIL+TD3,291,5976,97,11.554731235657254,0
Transformer+GAIL+TD3,291,5976,98,9.369014049881383,0
Transformer+GAIL+TD3,291,5977,5,4.813345178166025,0
Transformer+GAIL+TD3,291,5977,6,36.63312248418631,0
Transformer+GAIL+TD3,291,5977,7,33.02103309619549,0
Transformer+GAIL+TD3,291,5977,8,25.513168086754455,0
Transformer+GAIL+TD3,291,5977,9,17.822520793346126,0
Transformer+GAIL+TD3,291,5977,10,7.783240113825926,0
Transformer+GAIL+TD3,291,5977,11,6.796317290185167,0
Transformer+GAIL+TD3,291,5977,12,4.802215189873417,0
Transformer+GAIL+TD3,291,5977,13,7.576001182207771,0
Transformer+GAIL+TD3,291,5977,14,8.074671052631578,0
Transformer+GAIL+TD3,291,5977,15,7.616707820637853,0
Transformer+GAIL+TD3,291,5977,16,5.972860094451002,0
Transformer+GAIL+TD3,291,5977,17,6.642714799787816,0
Transformer+GAIL+TD3,291,5977,18,5.609101844877403,0
Transformer+GAIL+TD3,291,5977,19,9.11578514661551,0
Transformer+GAIL+TD3,291,5977,20,4.69481892134203,0
Transformer+GAIL+TD3,291,5977,21,4.627593040822625,0
Transformer+GAIL+TD3,291,5977,22,4.371113048532404,0
Transformer+GAIL+TD3,291,5977,23,4.528878733576956,0
Transformer+GAIL+TD3,291,5977,24,3.5064909507160054,0
Transformer+GAIL+TD3,291,5977,25,5.519308717080485,0
Transformer+GAIL+TD3,291,5977,26,4.502284732454903,0
Transformer+GAIL+TD3,291,5977,27,23.004976013065225,0
Transformer+GAIL+TD3,291,5977,28,5.468906732550957,0
Transformer+GAIL+TD3,291,5977,29,11.256340864749196,0
Transformer+GAIL+TD3,291,5977,30,3.302950279308338,0
Transformer+GAIL+TD3,291,5977,31,10.115624759773482,0
Transformer+GAIL+TD3,291,5977,32,4.33963309738966,0
Transformer+GAIL+TD3,291,5977,33,8.324129297801779,0
Transformer+GAIL+TD3,291,5977,34,122.41054696012203,0
Transformer+GAIL+TD3,291,5977,35,4.684588755442198,0
Transformer+GAIL+TD3,291,5977,36,4.8323802281368815,0
Transformer+GAIL+TD3,291,5977,37,8.227311080779254,0
Transformer+GAIL+TD3,291,5977,38,5.622002581941597,0
Transformer+GAIL+TD3,291,5977,39,81.86565961732126,0
Transformer+GAIL+TD3,291,5977,40,3.3112804743278335,0
Transformer+GAIL+TD3,291,5977,41,4.933384644987494,0
Transformer+GAIL+TD3,291,5977,42,5.783943922699715,0
Transformer+GAIL+TD3,291,5977,43,13.343756973198126,0
Transformer+GAIL+TD3,291,5977,44,44.99491268033409,0
Transformer+GAIL+TD3,291,5977,45,2.2502265625325073,0
Transformer+GAIL+TD3,291,5977,46,31.68810773424468,0
Transformer+GAIL+TD3,291,5977,47,2.739426398815508,0
Transformer+GAIL+TD3,291,5977,48,9.2882564294377,0
Transformer+GAIL+TD3,291,5977,49,4.2223296463337485,0
Transformer+GAIL+TD3,291,5977,50,3.1088090794835663,0
Transformer+GAIL+TD3,291,5977,51,19.76612552417741,0
Transformer+GAIL+TD3,291,5977,52,2.1222665308223356,0
Transformer+GAIL+TD3,291,5977,53,4.181286795145235,0
Transformer+GAIL+TD3,291,5977,54,6.074462649797908,0
Transformer+GAIL+TD3,291,5977,55,6.374445882377107,0
Transformer+GAIL+TD3,291,5977,56,11.345066432589872,0
Transformer+GAIL+TD3,291,5977,57,4.188568959407566,0
Transformer+GAIL+TD3,291,5977,58,9.583389326547133,0
Transformer+GAIL+TD3,291,5977,59,5.3450732278851785,0
Transformer+GAIL+TD3,291,5977,60,3.9130833214388403,0
Transformer+GAIL+TD3,291,5977,61,12.075781338420995,0
Transformer+GAIL+TD3,291,5977,62,2.2236832723481252,0
Transformer+GAIL+TD3,291,5977,63,36.323084798843645,0
Transformer+GAIL+TD3,291,5977,64,3.898812301012675,0
Transformer+GAIL+TD3,291,5977,65,9.443831855518441,0
Transformer+GAIL+TD3,291,5977,66,31.87755494175573,0
Transformer+GAIL+TD3,291,5977,67,4.998069130033094,0
Transformer+GAIL+TD3,291,5977,68,68.62394261137297,0
Transformer+GAIL+TD3,291,5977,69,9.13098098731082,0
Transformer+GAIL+TD3,291,5977,70,6.4466099935508385,0
Transformer+GAIL+TD3,291,5977,71,6.305223890368174,0
Transformer+GAIL+TD3,291,5977,72,3.0043247538202102,0
Transformer+GAIL+TD3,291,5977,73,5.7400675204282425,0
Transformer+GAIL+TD3,291,5977,74,9.43957063539214,0
Transformer+GAIL+TD3,291,5977,75,5.674554191496035,0
Transformer+GAIL+TD3,291,5977,76,28.349567128772136,0
Transformer+GAIL+TD3,291,5977,77,63.80363519155515,0
Transformer+GAIL+TD3,291,5977,78,4.12781179086764,0
Transformer+GAIL+TD3,291,5977,79,167.02183677932743,0
Transformer+GAIL+TD3,291,5977,80,3.0775543954803135,0
Transformer+GAIL+TD3,291,5977,81,2.7069847501392528,0
Transformer+GAIL+TD3,291,5977,82,6.665074334191929,0
Transformer+GAIL+TD3,291,5977,83,21.57798869808526,0
Transformer+GAIL+TD3,291,5977,84,52.77105856581406,0
Transformer+GAIL+TD3,291,5977,85,2.9311964904177135,0
Transformer+GAIL+TD3,291,5977,86,5.175712718036966,0
Transformer+GAIL+TD3,291,5977,87,2.4169323264579106,0
Transformer+GAIL+TD3,291,5977,88,2.8042899704456166,0
Transformer+GAIL+TD3,291,5977,89,1.651418936554314,0
Transformer+GAIL+TD3,291,5977,90,1.1376410353884157,0
Transformer+GAIL+TD3,291,5977,91,1.5285104942132515,0
Transformer+GAIL+TD3,291,5977,92,0.219426299049758,1
Transformer+GAIL+TD3,291,5978,5,5.9930864197530855,0
Transformer+GAIL+TD3,291,5978,6,46.875722543352595,0
Transformer+GAIL+TD3,291,5978,7,55.05709534368071,0
Transformer+GAIL+TD3,291,5978,8,22.267923133776794,0
Transformer+GAIL+TD3,291,5978,9,17.950553025374106,0
Transformer+GAIL+TD3,291,5978,10,5.948939579204791,0
Transformer+GAIL+TD3,291,5978,11,7.544001727675197,0
Transformer+GAIL+TD3,291,5978,12,8.453162417241865,0
Transformer+GAIL+TD3,291,5978,13,8.821229050279328,0
Transformer+GAIL+TD3,291,5978,14,9.913624115365254,0
Transformer+GAIL+TD3,291,5978,15,6.885965696707384,0
Transformer+GAIL+TD3,291,5978,16,3.5159672029547493,0
Transformer+GAIL+TD3,291,5978,17,4.4386822370630155,0
Transformer+GAIL+TD3,291,5978,18,4.863592114869799,0
Transformer+GAIL+TD3,291,5978,19,6.377592619481086,0
Transformer+GAIL+TD3,291,5978,20,4.554764666267586,0
Transformer+GAIL+TD3,291,5978,21,6.164584311883512,0
Transformer+GAIL+TD3,291,5978,22,6.978800295217979,0
Transformer+GAIL+TD3,291,5978,23,6.295555555555556,0
Transformer+GAIL+TD3,291,5978,24,2.859654542901278,0
Transformer+GAIL+TD3,291,5978,25,11.573169370857231,0
Transformer+GAIL+TD3,291,5978,26,3.8856747790518553,0
Transformer+GAIL+TD3,291,5978,27,4.010471400690587,0
Transformer+GAIL+TD3,291,5978,28,29.278003070987044,0
Transformer+GAIL+TD3,291,5978,29,1.8080226582424481,0
Transformer+GAIL+TD3,291,5978,30,48.03092783505154,0
Transformer+GAIL+TD3,291,5978,31,2.43460883539487,0
Transformer+GAIL+TD3,291,5978,32,38.53393949791273,0
Transformer+GAIL+TD3,291,5978,33,5.597597818517102,0
Transformer+GAIL+TD3,291,5978,34,17.53777461809228,0
Transformer+GAIL+TD3,291,5978,35,8.123577554280958,0
Transformer+GAIL+TD3,291,5978,36,87.49934239368699,0
Transformer+GAIL+TD3,291,5978,37,4.9283705306308345,0
Transformer+GAIL+TD3,291,5978,38,3.2463360012602687,0
Transformer+GAIL+TD3,291,5978,39,11.984107296574324,0
Transformer+GAIL+TD3,291,5978,40,5.261217694275381,0
Transformer+GAIL+TD3,291,5978,41,90.11110590879296,0
Transformer+GAIL+TD3,291,5978,42,4.662140575079872,0
Transformer+GAIL+TD3,291,5978,43,4.891346712784272,0
Transformer+GAIL+TD3,291,5978,44,56.79443931781674,0
Transformer+GAIL+TD3,291,5978,45,3.132430306812451,0
Transformer+GAIL+TD3,291,5978,46,168.65826699124938,0
Transformer+GAIL+TD3,291,5978,47,4.442228322117002,0
Transformer+GAIL+TD3,291,5978,48,95.81265009606147,0
Transformer+GAIL+TD3,291,5978,49,3.1044674008833275,0
Transformer+GAIL+TD3,291,5978,50,10.265718885390278,0
Transformer+GAIL+TD3,291,5978,51,79.70601467713982,0
Transformer+GAIL+TD3,291,5978,52,3.958341851707742,0
Transformer+GAIL+TD3,291,5978,53,9.964504125041875,0
Transformer+GAIL+TD3,291,5978,54,2.3744795969703545,0
Transformer+GAIL+TD3,291,5978,55,2.279358367917318,0
Transformer+GAIL+TD3,291,5978,56,5.0962830016658955,0
Transformer+GAIL+TD3,291,5978,57,4.463615502755443,0
Transformer+GAIL+TD3,291,5978,58,6.30596820174352,0
Transformer+GAIL+TD3,291,5978,59,4.927881288803589,0
Transformer+GAIL+TD3,291,5978,60,40.52146679055461,0
Transformer+GAIL+TD3,291,5978,61,6.837706675301692,0
Transformer+GAIL+TD3,291,5978,62,6.408787498871115,0
Transformer+GAIL+TD3,291,5978,63,79.21872105551671,0
Transformer+GAIL+TD3,291,5978,64,3.665285594969901,0
Transformer+GAIL+TD3,291,5978,65,83.7476268850953,0
Transformer+GAIL+TD3,291,5978,66,3.141335846987098,0
Transformer+GAIL+TD3,291,5978,67,8.868257191300795,0
Transformer+GAIL+TD3,291,5978,68,36.047218303676836,0
Transformer+GAIL+TD3,291,5978,69,3.7426044595848325,0
Transformer+GAIL+TD3,291,5978,70,34.7720868818908,0
Transformer+GAIL+TD3,291,5978,71,1.5125532629336298,0
Transformer+GAIL+TD3,291,5978,72,4.315894689048425,0
Transformer+GAIL+TD3,291,5978,73,4.867315061431394,0
Transformer+GAIL+TD3,291,5978,74,5.766844802158298,0
Transformer+GAIL+TD3,291,5978,75,10.489707194816308,0
Transformer+GAIL+TD3,291,5978,76,36.0371029701115,0
Transformer+GAIL+TD3,291,5978,77,4.24465444308026,0
Transformer+GAIL+TD3,291,5978,78,14.506670921830422,0
Transformer+GAIL+TD3,291,5978,79,3.0956676929950158,0
Transformer+GAIL+TD3,291,5978,80,5.656666413705674,0
Transformer+GAIL+TD3,291,5978,81,4.035098760547113,0
Transformer+GAIL+TD3,291,5978,82,6.9329365442725015,0
Transformer+GAIL+TD3,291,5978,83,5.9422613150327415,0
Transformer+GAIL+TD3,291,5978,84,6.791777891204483,0
Transformer+GAIL+TD3,291,5978,85,79.35136560557544,0
Transformer+GAIL+TD3,291,5978,86,1.9687704137802815,0
Transformer+GAIL+TD3,291,5978,87,6.126423974642205,0
Transformer+GAIL+TD3,291,5978,88,2.657430058775604,0
Transformer+GAIL+TD3,291,5978,89,24.265500676084283,0
Transformer+GAIL+TD3,291,5978,90,3.763000514319205,0
Transformer+GAIL+TD3,291,5978,91,2.3657288982654485,0
Transformer+GAIL+TD3,291,5978,92,1.2895855078911498,0
Transformer+GAIL+TD3,291,5978,93,0.998966034799044,1
Transformer+GAIL+TD3,291,5980,5,3.518375815056313,0
Transformer+GAIL+TD3,291,5980,6,27.171052631578945,0
Transformer+GAIL+TD3,291,5980,7,21.01022364217252,0
Transformer+GAIL+TD3,291,5980,8,26.158079039519762,0
Transformer+GAIL+TD3,291,5980,9,16.648238897396634,0
Transformer+GAIL+TD3,291,5980,10,14.589966178128526,0
Transformer+GAIL+TD3,291,5980,11,8.980500450856628,0
Transformer+GAIL+TD3,291,5980,12,10.78433114229881,0
Transformer+GAIL+TD3,291,5980,13,5.9511307396968425,0
Transformer+GAIL+TD3,291,5980,14,11.837188333071978,0
Transformer+GAIL+TD3,291,5980,15,9.332248616986659,0
Transformer+GAIL+TD3,291,5980,16,6.427402188082706,0
Transformer+GAIL+TD3,291,5980,17,3.9129190433303314,0
Transformer+GAIL+TD3,291,5980,18,4.2536109880372175,0
Transformer+GAIL+TD3,291,5980,19,3.3713739150296935,0
Transformer+GAIL+TD3,291,5980,20,4.624136967155835,0
Transformer+GAIL+TD3,291,5980,21,5.162647491160462,0
Transformer+GAIL+TD3,291,5980,22,6.713025501274477,0
Transformer+GAIL+TD3,291,5980,23,8.936058260070858,0
Transformer+GAIL+TD3,291,5980,24,8.141954615781332,0
Transformer+GAIL+TD3,291,5980,25,12.597883200720613,0
Transformer+GAIL+TD3,291,5980,26,2.8059465011996862,0
Transformer+GAIL+TD3,291,5980,27,3.326201317359975,0
Transformer+GAIL+TD3,291,5980,28,3.736417108349185,0
Transformer+GAIL+TD3,291,5980,29,7.12851426546902,0
Transformer+GAIL+TD3,291,5980,30,4.1215552593807665,0
Transformer+GAIL+TD3,291,5980,31,24.120880396100883,0
Transformer+GAIL+TD3,291,5980,32,8.921310280600885,0
Transformer+GAIL+TD3,291,5980,33,3.755923353529383,0
Transformer+GAIL+TD3,291,5980,34,30.981498325946855,0
Transformer+GAIL+TD3,291,5980,35,7.049619052182662,0
Transformer+GAIL+TD3,291,5980,36,83.21853830478605,0
Transformer+GAIL+TD3,291,5980,37,3.515654798427887,0
Transformer+GAIL+TD3,291,5980,38,4.235661131867216,0
Transformer+GAIL+TD3,291,5980,39,3.0321099182120137,0
Transformer+GAIL+TD3,291,5980,40,6.151073942602731,0
Transformer+GAIL+TD3,291,5980,41,49.39305222619562,0
Transformer+GAIL+TD3,291,5980,42,2.956810046261306,0
Transformer+GAIL+TD3,291,5980,43,3.1645328711874097,0
Transformer+GAIL+TD3,291,5980,44,14.539970619554321,0
Transformer+GAIL+TD3,291,5980,45,7.473198917497245,0
Transformer+GAIL+TD3,291,5980,46,164.36047560013523,0
Transformer+GAIL+TD3,291,5980,47,5.777512632240676,0
Transformer+GAIL+TD3,291,5980,48,37.59521373846422,0
Transformer+GAIL+TD3,291,5980,49,4.7324906513133635,0
Transformer+GAIL+TD3,291,5980,50,4.338811775306539,0
Transformer+GAIL+TD3,291,5980,51,10.933616410501763,0
Transformer+GAIL+TD3,291,5980,52,6.296427366174444,0
Transformer+GAIL+TD3,291,5980,53,10.341909240362934,0
Transformer+GAIL+TD3,291,5980,54,4.330319820508078,0
Transformer+GAIL+TD3,291,5980,55,3.783259868857526,0
Transformer+GAIL+TD3,291,5980,56,4.207151283133272,0
Transformer+GAIL+TD3,291,5980,57,6.9831037127028015,0
Transformer+GAIL+TD3,291,5980,58,5.195801017321093,0
Transformer+GAIL+TD3,291,5980,59,5.001023221860101,0
Transformer+GAIL+TD3,291,5980,60,6.943458951957282,0
Transformer+GAIL+TD3,291,5980,61,33.81511551989217,0
Transformer+GAIL+TD3,291,5980,62,8.250419088290633,0
Transformer+GAIL+TD3,291,5980,63,94.66610351034113,0
Transformer+GAIL+TD3,291,5980,64,4.054408638131343,0
Transformer+GAIL+TD3,291,5980,65,4.538407564972258,0
Transformer+GAIL+TD3,291,5980,66,51.61634267355321,0
Transformer+GAIL+TD3,291,5980,67,4.4423994378919875,0
Transformer+GAIL+TD3,291,5980,68,21.109668865843243,0
Transformer+GAIL+TD3,291,5980,69,3.6040720555998194,0
Transformer+GAIL+TD3,291,5980,70,2.727355578505709,0
Transformer+GAIL+TD3,291,5980,71,34.16587983529925,0
Transformer+GAIL+TD3,291,5980,72,2.6906237674700533,0
Transformer+GAIL+TD3,291,5980,73,5.344649611883579,0
Transformer+GAIL+TD3,291,5980,74,8.501662501427683,0
Transformer+GAIL+TD3,291,5980,75,10.408599268285156,0
Transformer+GAIL+TD3,291,5980,76,22.445276675644628,0
Transformer+GAIL+TD3,291,5980,77,15.92476901557989,0
Transformer+GAIL+TD3,291,5980,78,4.769962738137782,0
Transformer+GAIL+TD3,291,5980,79,10.857133245870756,0
Transformer+GAIL+TD3,291,5980,80,6.8647531189597615,0
Transformer+GAIL+TD3,291,5980,81,5.20554788036335,0
Transformer+GAIL+TD3,291,5980,82,7.489112468191466,0
Transformer+GAIL+TD3,291,5980,83,7.028060764279339,0
Transformer+GAIL+TD3,291,5980,84,2.5431368846304445,0
Transformer+GAIL+TD3,291,5980,85,2.973418169746182,0
Transformer+GAIL+TD3,291,5980,86,2.571029299192965,0
Transformer+GAIL+TD3,291,5980,87,7.749639273874919,0
Transformer+GAIL+TD3,291,5980,88,4.62814674465794,0
Transformer+GAIL+TD3,291,5980,89,3.1167237321724324,0
Transformer+GAIL+TD3,291,5980,90,74.40077092054545,0
Transformer+GAIL+TD3,291,5980,91,2.0535877637005475,0
Transformer+GAIL+TD3,291,5980,92,10.280887667519954,0
Transformer+GAIL+TD3,291,5980,93,6.034638215057595,0
Transformer+GAIL+TD3,291,5980,94,3.3095200175358204,0
Transformer+GAIL+TD3,291,5980,95,4.680432336171962,0
Transformer+GAIL+TD3,291,5980,96,4.4769510695115295,0
Transformer+GAIL+TD3,291,5980,97,4.2351885281552155,0
Transformer+GAIL+TD3,291,5980,98,22.215389998278777,0
Transformer+GAIL+TD3,291,5981,5,3.948928183344858,0
Transformer+GAIL+TD3,291,5981,6,30.995218170950384,0
Transformer+GAIL+TD3,291,5981,7,20.58909321496512,0
Transformer+GAIL+TD3,291,5981,8,18.974371611631348,0
Transformer+GAIL+TD3,291,5981,9,16.637513496837887,0
Transformer+GAIL+TD3,291,5981,10,13.134624250806823,0
Transformer+GAIL+TD3,291,5981,11,8.950561211172019,0
Transformer+GAIL+TD3,291,5981,12,16.78281929616449,0
Transformer+GAIL+TD3,291,5981,13,16.000081201786436,0
Transformer+GAIL+TD3,291,5981,14,7.416846229187072,0
Transformer+GAIL+TD3,291,5981,15,6.479624822451879,0
Transformer+GAIL+TD3,291,5981,16,6.266762252346193,0
Transformer+GAIL+TD3,291,5981,17,10.495698150987078,0
Transformer+GAIL+TD3,291,5981,18,7.07096031626883,0
Transformer+GAIL+TD3,291,5981,19,7.164909751629276,0
Transformer+GAIL+TD3,291,5981,20,7.560403110841367,0
Transformer+GAIL+TD3,291,5981,21,9.470862906238324,0
Transformer+GAIL+TD3,291,5981,22,5.916818528053378,0
Transformer+GAIL+TD3,291,5981,23,4.216848524626029,0
Transformer+GAIL+TD3,291,5981,24,4.835030735246668,0
Transformer+GAIL+TD3,291,5981,25,5.132854276953632,0
Transformer+GAIL+TD3,291,5981,26,4.862369767985659,0
Transformer+GAIL+TD3,291,5981,27,4.543655155726088,0
Transformer+GAIL+TD3,291,5981,28,3.772927735719202,0
Transformer+GAIL+TD3,291,5981,29,6.335959266741264,0
Transformer+GAIL+TD3,291,5981,30,2.364973455349212,0
Transformer+GAIL+TD3,291,5981,31,4.083034902137891,0
Transformer+GAIL+TD3,291,5981,32,17.750519907740006,0
Transformer+GAIL+TD3,291,5981,33,2.3324328790073743,0
Transformer+GAIL+TD3,291,5981,34,1.8389720434160877,0
Transformer+GAIL+TD3,291,5981,35,26.687191806802375,0
Transformer+GAIL+TD3,291,5981,36,2.943960534183775,0
Transformer+GAIL+TD3,291,5981,37,18.86114234315269,0
Transformer+GAIL+TD3,291,5981,38,8.014054819919886,0
Transformer+GAIL+TD3,291,5981,39,10.059636530238238,0
Transformer+GAIL+TD3,291,5981,40,9.22022086117298,0
Transformer+GAIL+TD3,291,5981,41,5.773779018625463,0
Transformer+GAIL+TD3,291,5981,42,9.192160439054852,0
Transformer+GAIL+TD3,291,5981,43,3.9123972993490947,0
Transformer+GAIL+TD3,291,5981,44,9.564894582472938,0
Transformer+GAIL+TD3,291,5981,45,8.891211146838156,0
Transformer+GAIL+TD3,291,5981,46,7.528668465285073,0
Transformer+GAIL+TD3,291,5981,47,15.735746373513289,0
Transformer+GAIL+TD3,291,5981,48,3.28542145180387,0
Transformer+GAIL+TD3,291,5981,49,14.439320274148772,0
Transformer+GAIL+TD3,291,5981,50,4.168643570310697,0
Transformer+GAIL+TD3,291,5981,51,4.269233884339198,0
Transformer+GAIL+TD3,291,5981,52,13.473289370640629,0
Transformer+GAIL+TD3,291,5981,53,11.929022053935999,0
Transformer+GAIL+TD3,291,5981,54,64.79740726025987,0
Transformer+GAIL+TD3,291,5981,55,3.085779423186336,0
Transformer+GAIL+TD3,291,5981,56,24.173984377589466,0
Transformer+GAIL+TD3,291,5981,57,3.782703491963099,0
Transformer+GAIL+TD3,291,5981,58,8.596469351731814,0
Transformer+GAIL+TD3,291,5981,59,5.78717809771297,0
Transformer+GAIL+TD3,291,5981,60,4.757864098956348,0
Transformer+GAIL+TD3,291,5981,61,4.942332596478758,0
Transformer+GAIL+TD3,291,5981,62,2.3462049397512073,0
Transformer+GAIL+TD3,291,5981,63,15.428792032627642,0
Transformer+GAIL+TD3,291,5981,64,8.220629311739271,0
Transformer+GAIL+TD3,291,5981,65,5.567819316722702,0
Transformer+GAIL+TD3,291,5981,66,11.24665808495891,0
Transformer+GAIL+TD3,291,5981,67,5.019352800792163,0
Transformer+GAIL+TD3,291,5981,68,5.428894693555522,0
Transformer+GAIL+TD3,291,5981,69,4.4076295233883425,0
Transformer+GAIL+TD3,291,5981,70,30.810282059868854,0
Transformer+GAIL+TD3,291,5981,71,5.292358503472047,0
Transformer+GAIL+TD3,291,5981,72,4.6076032117254355,0
Transformer+GAIL+TD3,291,5981,73,4.906795728080172,0
Transformer+GAIL+TD3,291,5981,74,3.463760097573047,0
Transformer+GAIL+TD3,291,5981,75,8.280151576125723,0
Transformer+GAIL+TD3,291,5981,76,3.3232049415897,0
Transformer+GAIL+TD3,291,5981,77,5.556817501595316,0
Transformer+GAIL+TD3,291,5981,78,4.941811766275785,0
Transformer+GAIL+TD3,291,5981,79,4.364253381201165,0
Transformer+GAIL+TD3,291,5981,80,6.533508380596585,0
Transformer+GAIL+TD3,291,5981,81,4.837510338872339,0
Transformer+GAIL+TD3,291,5981,82,2.8462303848545,0
Transformer+GAIL+TD3,291,5981,83,8.554182036722343,0
Transformer+GAIL+TD3,291,5981,84,3.844558611563704,0
Transformer+GAIL+TD3,291,5981,85,6.116204139639786,0
Transformer+GAIL+TD3,291,5981,86,4.044448431941648,0
Transformer+GAIL+TD3,291,5981,87,17.430998043736462,0
Transformer+GAIL+TD3,291,5981,88,3.3405967542174655,0
Transformer+GAIL+TD3,291,5981,89,3.7150039714709173,0
Transformer+GAIL+TD3,291,5981,90,2.434247768660293,0
Transformer+GAIL+TD3,291,5981,91,5.517898487850371,0
Transformer+GAIL+TD3,291,5981,92,5.795395551175899,0
Transformer+GAIL+TD3,291,5981,93,2.978100369294373,0
Transformer+GAIL+TD3,291,5981,94,36.42532749072158,0
Transformer+GAIL+TD3,291,5981,95,6.177270774317111,0
Transformer+GAIL+TD3,291,5981,96,7.761923056773137,0
Transformer+GAIL+TD3,291,5981,97,2.656094624897823,0
Transformer+GAIL+TD3,291,5981,98,5.886769755413822,0
Transformer+GAIL+TD3,291,5982,5,3.970809420146448,0
Transformer+GAIL+TD3,291,5982,6,47.66261061946903,0
Transformer+GAIL+TD3,291,5982,7,45.8728562980485,0
Transformer+GAIL+TD3,291,5982,8,26.913718503435987,0
Transformer+GAIL+TD3,291,5982,9,19.248376338423732,0
Transformer+GAIL+TD3,291,5982,10,8.555066946705171,0
Transformer+GAIL+TD3,291,5982,11,14.9429055400558,0
Transformer+GAIL+TD3,291,5982,12,5.43076824501826,0
Transformer+GAIL+TD3,291,5982,13,6.411263896119804,0
Transformer+GAIL+TD3,291,5982,14,12.268153655514249,0
Transformer+GAIL+TD3,291,5982,15,8.912496454997807,0
Transformer+GAIL+TD3,291,5982,16,7.0292756702256,0
Transformer+GAIL+TD3,291,5982,17,5.194751103380545,0
Transformer+GAIL+TD3,291,5982,18,6.496746082730497,0
Transformer+GAIL+TD3,291,5982,19,4.1032086078314505,0
Transformer+GAIL+TD3,291,5982,20,7.0487927312885885,0
Transformer+GAIL+TD3,291,5982,21,4.347040212756201,0
Transformer+GAIL+TD3,291,5982,22,5.24627288348741,0
Transformer+GAIL+TD3,291,5982,23,3.797785121642526,0
Transformer+GAIL+TD3,291,5982,24,5.331401419427084,0
Transformer+GAIL+TD3,291,5982,25,3.5835981865652435,0
Transformer+GAIL+TD3,291,5982,26,21.352449903038142,0
Transformer+GAIL+TD3,291,5982,27,5.436923043971812,0
Transformer+GAIL+TD3,291,5982,28,7.310618122633832,0
Transformer+GAIL+TD3,291,5982,29,2.8816536914394093,0
Transformer+GAIL+TD3,291,5982,30,18.719572623103133,0
Transformer+GAIL+TD3,291,5982,31,2.1733449414676618,0
Transformer+GAIL+TD3,291,5982,32,3.467459067384945,0
Transformer+GAIL+TD3,291,5982,33,19.65227631688326,0
Transformer+GAIL+TD3,291,5982,34,3.6210227708349305,0
Transformer+GAIL+TD3,291,5982,35,118.51291384988734,0
Transformer+GAIL+TD3,291,5982,36,2.3044253085124318,0
Transformer+GAIL+TD3,291,5982,37,5.6162489941372575,0
Transformer+GAIL+TD3,291,5982,38,2.7935510070618266,0
Transformer+GAIL+TD3,291,5982,39,146.3230966090851,0
Transformer+GAIL+TD3,291,5982,40,3.4193446663374916,0
Transformer+GAIL+TD3,291,5982,41,11.27763304800893,0
Transformer+GAIL+TD3,291,5982,42,11.188046719435722,0
Transformer+GAIL+TD3,291,5982,43,15.471218530221185,0
Transformer+GAIL+TD3,291,5982,44,4.9366468949791456,0
Transformer+GAIL+TD3,291,5982,45,11.135803697256073,0
Transformer+GAIL+TD3,291,5982,46,4.770636893203883,0
Transformer+GAIL+TD3,291,5982,47,13.859022747447094,0
Transformer+GAIL+TD3,291,5982,48,9.84122240467068,0
Transformer+GAIL+TD3,291,5982,49,4.113227344227611,0
Transformer+GAIL+TD3,291,5982,50,3.804407021300421,0
Transformer+GAIL+TD3,291,5982,51,3.3638379284148248,0
Transformer+GAIL+TD3,291,5982,52,13.399592694977063,0
Transformer+GAIL+TD3,291,5982,53,2.5524674661029407,0
Transformer+GAIL+TD3,291,5982,54,40.598468341450896,0
Transformer+GAIL+TD3,291,5982,55,2.266111682008001,0
Transformer+GAIL+TD3,291,5982,56,9.597771046999801,0
Transformer+GAIL+TD3,291,5982,57,6.649275863494725,0
Transformer+GAIL+TD3,291,5982,58,13.000777848235044,0
Transformer+GAIL+TD3,291,5982,59,26.65056391155144,0
Transformer+GAIL+TD3,291,5982,60,4.617739465062197,0
Transformer+GAIL+TD3,291,5982,61,6.697892166378879,0
Transformer+GAIL+TD3,291,5982,62,15.006283061643096,0
Transformer+GAIL+TD3,291,5982,63,153.7867874936252,0
Transformer+GAIL+TD3,291,5982,64,4.779151394064781,0
Transformer+GAIL+TD3,291,5982,65,5.410757910475466,0
Transformer+GAIL+TD3,291,5982,66,123.23757206978796,0
Transformer+GAIL+TD3,291,5982,67,5.272318899939437,0
Transformer+GAIL+TD3,291,5982,68,69.67985173711,0
Transformer+GAIL+TD3,291,5982,69,3.4233589370398594,0
Transformer+GAIL+TD3,291,5982,70,4.140330285578146,0
Transformer+GAIL+TD3,291,5982,71,12.930075333204556,0
Transformer+GAIL+TD3,291,5982,72,8.660649408062408,0
Transformer+GAIL+TD3,291,5982,73,5.377812382299787,0
Transformer+GAIL+TD3,291,5982,74,3.052103190567824,0
Transformer+GAIL+TD3,291,5982,75,6.221581547278122,0
Transformer+GAIL+TD3,291,5982,76,4.691001415254065,0
Transformer+GAIL+TD3,291,5982,77,4.507664769436341,0
Transformer+GAIL+TD3,291,5982,78,39.19431678584188,0
Transformer+GAIL+TD3,291,5982,79,5.956749295508955,0
Transformer+GAIL+TD3,291,5982,80,5.454125476228545,0
Transformer+GAIL+TD3,291,5982,81,173.60648281836555,0
Transformer+GAIL+TD3,291,5982,82,3.194855019694428,0
Transformer+GAIL+TD3,291,5982,83,148.06999644349602,0
Transformer+GAIL+TD3,291,5982,84,3.3371324324060336,0
Transformer+GAIL+TD3,291,5982,85,122.02681237632669,0
Transformer+GAIL+TD3,291,5982,86,4.01578899609812,0
Transformer+GAIL+TD3,291,5982,87,5.0138484550827,0
Transformer+GAIL+TD3,291,5982,88,10.856184322375904,0
Transformer+GAIL+TD3,291,5982,89,139.78111669122782,0
Transformer+GAIL+TD3,291,5982,90,7.600900535857738,0
Transformer+GAIL+TD3,291,5982,91,12.650515622746983,0
Transformer+GAIL+TD3,291,5982,92,3.3139930422648622,0
Transformer+GAIL+TD3,291,5982,93,10.095664592339855,0
Transformer+GAIL+TD3,291,5982,94,3.9017042692744086,0
Transformer+GAIL+TD3,291,5982,95,6.361110892783187,0
Transformer+GAIL+TD3,291,5982,96,3.8798757891219062,0
Transformer+GAIL+TD3,291,5982,97,7.396388590593873,0
Transformer+GAIL+TD3,291,5982,98,3.762873411216554,0
Transformer+GAIL+TD3,291,5984,5,3.871701097163191,0
Transformer+GAIL+TD3,291,5984,6,59.214848143981996,0
Transformer+GAIL+TD3,291,5984,7,21.46120689655172,0
Transformer+GAIL+TD3,291,5984,8,24.73998986315256,0
Transformer+GAIL+TD3,291,5984,9,17.277119848413072,0
Transformer+GAIL+TD3,291,5984,10,11.3549129754121,0
Transformer+GAIL+TD3,291,5984,11,7.773444753946148,0
Transformer+GAIL+TD3,291,5984,12,11.628567563911808,0
Transformer+GAIL+TD3,291,5984,13,7.309469583458196,0
Transformer+GAIL+TD3,291,5984,14,11.008761045309269,0
Transformer+GAIL+TD3,291,5984,15,8.56162319699664,0
Transformer+GAIL+TD3,291,5984,16,6.955272006207433,0
Transformer+GAIL+TD3,291,5984,17,6.093447873769356,0
Transformer+GAIL+TD3,291,5984,18,4.933153239601151,0
Transformer+GAIL+TD3,291,5984,19,4.769653380353579,0
Transformer+GAIL+TD3,291,5984,20,6.416835177983847,0
Transformer+GAIL+TD3,291,5984,21,5.316008423848204,0
Transformer+GAIL+TD3,291,5984,22,6.365023801295414,0
Transformer+GAIL+TD3,291,5984,23,3.684344808577102,0
Transformer+GAIL+TD3,291,5984,24,4.690853288875416,0
Transformer+GAIL+TD3,291,5984,25,3.5565554702517366,0
Transformer+GAIL+TD3,291,5984,26,5.25930785632278,0
Transformer+GAIL+TD3,291,5984,27,3.402516865848988,0
Transformer+GAIL+TD3,291,5984,28,10.614138305575668,0
Transformer+GAIL+TD3,291,5984,29,1.6106961298671405,0
Transformer+GAIL+TD3,291,5984,30,42.402540877543814,0
Transformer+GAIL+TD3,291,5984,31,6.109771328056288,0
Transformer+GAIL+TD3,291,5984,32,4.274767833041236,0
Transformer+GAIL+TD3,291,5984,33,18.57416106675655,0
Transformer+GAIL+TD3,291,5984,34,8.699001745825687,0
Transformer+GAIL+TD3,291,5984,35,8.435345165590611,0
Transformer+GAIL+TD3,291,5984,36,3.4782934467817617,0
Transformer+GAIL+TD3,291,5984,37,4.366977095393909,0
Transformer+GAIL+TD3,291,5984,38,3.934996884594885,0
Transformer+GAIL+TD3,291,5984,39,5.300887513783762,0
Transformer+GAIL+TD3,291,5984,40,12.2437585111212,0
Transformer+GAIL+TD3,291,5984,41,2.6733334419127344,0
Transformer+GAIL+TD3,291,5984,42,3.387110394595425,0
Transformer+GAIL+TD3,291,5984,43,55.880829015544045,0
Transformer+GAIL+TD3,291,5984,44,4.633458043166889,0
Transformer+GAIL+TD3,291,5984,45,127.97884373690825,0
Transformer+GAIL+TD3,291,5984,46,2.299074243176434,0
Transformer+GAIL+TD3,291,5984,47,3.7121082432177204,0
Transformer+GAIL+TD3,291,5984,48,17.900684359873143,0
Transformer+GAIL+TD3,291,5984,49,5.052214752300577,0
Transformer+GAIL+TD3,291,5984,50,61.19504195270785,0
Transformer+GAIL+TD3,291,5984,51,3.763692448524387,0
Transformer+GAIL+TD3,291,5984,52,2.4577137997494907,0
Transformer+GAIL+TD3,291,5984,53,7.384469486788873,0
Transformer+GAIL+TD3,291,5984,54,3.8476160318743715,0
Transformer+GAIL+TD3,291,5984,55,88.77994802581942,0
Transformer+GAIL+TD3,291,5984,56,5.142817997479038,0
Transformer+GAIL+TD3,291,5984,57,18.077760834942904,0
Transformer+GAIL+TD3,291,5984,58,54.57114717770892,0
Transformer+GAIL+TD3,291,5984,59,6.812553485718539,0
Transformer+GAIL+TD3,291,5984,60,140.79911478092686,0
Transformer+GAIL+TD3,291,5984,61,4.916039040812822,0
Transformer+GAIL+TD3,291,5984,62,5.298101350775419,0
Transformer+GAIL+TD3,291,5984,63,22.557549575852217,0
Transformer+GAIL+TD3,291,5984,64,3.1962747773281133,0
Transformer+GAIL+TD3,291,5984,65,52.021116805089235,0
Transformer+GAIL+TD3,291,5984,66,4.029355157491506,0
Transformer+GAIL+TD3,291,5984,67,3.544469743239683,0
Transformer+GAIL+TD3,291,5984,68,6.482497419300554,0
Transformer+GAIL+TD3,291,5984,69,6.806457350110841,0
Transformer+GAIL+TD3,291,5984,70,5.046098430828993,0
Transformer+GAIL+TD3,291,5984,71,6.575471819540215,0
Transformer+GAIL+TD3,291,5984,72,35.44591529057696,0
Transformer+GAIL+TD3,291,5984,73,2.588501749886095,0
Transformer+GAIL+TD3,291,5984,74,63.775689771018435,0
Transformer+GAIL+TD3,291,5984,75,3.697504010630707,0
Transformer+GAIL+TD3,291,5984,76,34.14229542487834,0
Transformer+GAIL+TD3,291,5984,77,7.634387261138495,0
Transformer+GAIL+TD3,291,5984,78,9.771339860624751,0
Transformer+GAIL+TD3,291,5984,79,8.743066897622526,0
Transformer+GAIL+TD3,291,5984,80,6.00360315654224,0
Transformer+GAIL+TD3,291,5984,81,5.21987014222393,0
Transformer+GAIL+TD3,291,5984,82,2.9971095659008498,0
Transformer+GAIL+TD3,291,5984,83,6.401625048368292,0
Transformer+GAIL+TD3,291,5984,84,2.4364778311044475,0
Transformer+GAIL+TD3,291,5984,85,5.816736948428219,0
Transformer+GAIL+TD3,291,5984,86,4.980520275359893,0
Transformer+GAIL+TD3,291,5984,87,22.35954989046007,0
Transformer+GAIL+TD3,291,5984,88,8.298219384089421,0
Transformer+GAIL+TD3,291,5984,89,108.25888705927933,0
Transformer+GAIL+TD3,291,5984,90,3.7920652989574544,0
Transformer+GAIL+TD3,291,5984,91,15.559882198680805,0
Transformer+GAIL+TD3,291,5984,92,3.2012231277829435,0
Transformer+GAIL+TD3,291,5984,93,2.326496714587616,0
Transformer+GAIL+TD3,291,5984,94,6.9239967414786925,0
Transformer+GAIL+TD3,291,5984,95,7.413143400127741,0
Transformer+GAIL+TD3,291,5984,96,2.9469581318794362,0
Transformer+GAIL+TD3,291,5984,97,7.457860046125109,0
Transformer+GAIL+TD3,291,5984,98,7.634246517339205,0
Transformer+GAIL+TD3,291,5985,5,2.7129565475601303,0
Transformer+GAIL+TD3,291,5985,6,14.094940662086195,0
Transformer+GAIL+TD3,291,5985,7,11.217046580773042,0
Transformer+GAIL+TD3,291,5985,8,13.857067925517963,0
Transformer+GAIL+TD3,291,5985,9,31.7768159578472,0
Transformer+GAIL+TD3,291,5985,10,37.63096862210096,0
Transformer+GAIL+TD3,291,5985,11,21.39745037921575,0
Transformer+GAIL+TD3,291,5985,12,12.061515928231419,0
Transformer+GAIL+TD3,291,5985,13,9.540194795755196,0
Transformer+GAIL+TD3,291,5985,14,5.816708953626998,0
Transformer+GAIL+TD3,291,5985,15,7.317834667318384,0
Transformer+GAIL+TD3,291,5985,16,7.981261338680414,0
Transformer+GAIL+TD3,291,5985,17,7.642708832454879,0
Transformer+GAIL+TD3,291,5985,18,7.828921649220879,0
Transformer+GAIL+TD3,291,5985,19,6.676138569922894,0
Transformer+GAIL+TD3,291,5985,20,6.2986483666228805,0
Transformer+GAIL+TD3,291,5985,21,3.5687435863883357,0
Transformer+GAIL+TD3,291,5985,22,5.806966145833334,0
Transformer+GAIL+TD3,291,5985,23,4.449544249789903,0
Transformer+GAIL+TD3,291,5985,24,6.14318872767654,0
Transformer+GAIL+TD3,291,5985,25,4.469113822904765,0
Transformer+GAIL+TD3,291,5985,26,4.560806872432552,0
Transformer+GAIL+TD3,291,5985,27,3.977782453187461,0
Transformer+GAIL+TD3,291,5985,28,27.51198782855045,0
Transformer+GAIL+TD3,291,5985,29,2.3209239557217893,0
Transformer+GAIL+TD3,291,5985,30,8.204865995743608,0
Transformer+GAIL+TD3,291,5985,31,3.1458061629556293,0
Transformer+GAIL+TD3,291,5985,32,2.543405779844062,0
Transformer+GAIL+TD3,291,5985,33,54.68626360530707,0
Transformer+GAIL+TD3,291,5985,34,2.8580099971559143,0
Transformer+GAIL+TD3,291,5985,35,23.27708326197897,0
Transformer+GAIL+TD3,291,5985,36,5.169099685368666,0
Transformer+GAIL+TD3,291,5985,37,8.743602212631451,0
Transformer+GAIL+TD3,291,5985,38,3.689240308032254,0
Transformer+GAIL+TD3,291,5985,39,10.021523034758777,0
Transformer+GAIL+TD3,291,5985,40,7.7521151240958,0
Transformer+GAIL+TD3,291,5985,41,3.442707743726584,0
Transformer+GAIL+TD3,291,5985,42,4.770427412519676,0
Transformer+GAIL+TD3,291,5985,43,6.692670070046301,0
Transformer+GAIL+TD3,291,5985,44,29.76435236068564,0
Transformer+GAIL+TD3,291,5985,45,4.263456332001742,0
Transformer+GAIL+TD3,291,5985,46,6.233884088223106,0
Transformer+GAIL+TD3,291,5985,47,16.14341321124666,0
Transformer+GAIL+TD3,291,5985,48,3.4065179191137718,0
Transformer+GAIL+TD3,291,5985,49,15.726064949432644,0
Transformer+GAIL+TD3,291,5985,50,5.156852159180074,0
Transformer+GAIL+TD3,291,5985,51,10.459314864462318,0
Transformer+GAIL+TD3,291,5985,52,20.46747564694831,0
Transformer+GAIL+TD3,291,5985,53,5.727416377713828,0
Transformer+GAIL+TD3,291,5985,54,119.48854573761635,0
Transformer+GAIL+TD3,291,5985,55,3.3082011459342318,0
Transformer+GAIL+TD3,291,5985,56,16.71948257213508,0
Transformer+GAIL+TD3,291,5985,57,7.180789915107133,0
Transformer+GAIL+TD3,291,5985,58,8.205096345129952,0
Transformer+GAIL+TD3,291,5985,59,9.414793506561205,0
Transformer+GAIL+TD3,291,5985,60,5.012575591635023,0
Transformer+GAIL+TD3,291,5985,61,5.1232833169246526,0
Transformer+GAIL+TD3,291,5985,62,4.167674695724562,0
Transformer+GAIL+TD3,291,5985,63,5.335822565980341,0
Transformer+GAIL+TD3,291,5985,64,4.439448801723655,0
Transformer+GAIL+TD3,291,5985,65,12.66116034965743,0
Transformer+GAIL+TD3,291,5985,66,17.65527007344272,0
Transformer+GAIL+TD3,291,5985,67,4.467743249455436,0
Transformer+GAIL+TD3,291,5985,68,3.5848911751714923,0
Transformer+GAIL+TD3,291,5985,69,48.562994815737646,0
Transformer+GAIL+TD3,291,5985,70,1.901335420657186,0
Transformer+GAIL+TD3,291,5985,71,9.847773683402426,0
Transformer+GAIL+TD3,291,5985,72,10.024542290288897,0
Transformer+GAIL+TD3,291,5985,73,21.08918571383767,0
Transformer+GAIL+TD3,291,5985,74,3.1692356239532,0
Transformer+GAIL+TD3,291,5985,75,2.595344202020048,0
Transformer+GAIL+TD3,291,5985,76,3.7877836623399674,0
Transformer+GAIL+TD3,291,5985,77,3.00074876554869,0
Transformer+GAIL+TD3,291,5985,78,3.4403246401904553,0
Transformer+GAIL+TD3,291,5985,79,3.6480559816243523,0
Transformer+GAIL+TD3,291,5985,80,8.59856196747262,0
Transformer+GAIL+TD3,291,5985,81,3.7736132998447394,0
Transformer+GAIL+TD3,291,5985,82,6.291209638386221,0
Transformer+GAIL+TD3,291,5985,83,5.7613359402544955,0
Transformer+GAIL+TD3,291,5985,84,58.2973449122682,0
Transformer+GAIL+TD3,291,5985,85,4.505834067018308,0
Transformer+GAIL+TD3,291,5985,86,88.90075642690445,0
Transformer+GAIL+TD3,291,5985,87,4.33565434713969,0
Transformer+GAIL+TD3,291,5985,88,18.916381614921924,0
Transformer+GAIL+TD3,291,5985,89,4.081038163521638,0
Transformer+GAIL+TD3,291,5985,90,7.125683985837469,0
Transformer+GAIL+TD3,291,5985,91,3.4410595203635603,0
Transformer+GAIL+TD3,291,5985,92,11.744637715768471,0
Transformer+GAIL+TD3,291,5985,93,1.9855653819387427,0
Transformer+GAIL+TD3,291,5985,94,16.328178413028613,0
Transformer+GAIL+TD3,291,5985,95,2.3762686560591186,0
Transformer+GAIL+TD3,291,5985,96,1.6876286814713,0
Transformer+GAIL+TD3,291,5985,97,3.7568178994788908,0
Transformer+GAIL+TD3,291,5985,98,10.784599430060394,0
Transformer+GAIL+TD3,291,5987,5,3.1087688044338875,0
Transformer+GAIL+TD3,291,5987,6,15.221951219512198,0
Transformer+GAIL+TD3,291,5987,7,13.548923679060668,0
Transformer+GAIL+TD3,291,5987,8,13.2078184110971,0
Transformer+GAIL+TD3,291,5987,9,26.22939201790377,0
Transformer+GAIL+TD3,291,5987,10,12.553340883352204,0
Transformer+GAIL+TD3,291,5987,11,19.871036635452597,0
Transformer+GAIL+TD3,291,5987,12,8.193428054199352,0
Transformer+GAIL+TD3,291,5987,13,13.374202693125442,0
Transformer+GAIL+TD3,291,5987,14,13.156173210287774,0
Transformer+GAIL+TD3,291,5987,15,7.278610060785908,0
Transformer+GAIL+TD3,291,5987,16,8.989995716049691,0
Transformer+GAIL+TD3,291,5987,17,7.211942900730087,0
Transformer+GAIL+TD3,291,5987,18,5.957851459256878,0
Transformer+GAIL+TD3,291,5987,19,4.66839743528672,0
Transformer+GAIL+TD3,291,5987,20,4.588651795228577,0
Transformer+GAIL+TD3,291,5987,21,6.12947190998694,0
Transformer+GAIL+TD3,291,5987,22,5.655662799593381,0
Transformer+GAIL+TD3,291,5987,23,5.220963921282798,0
Transformer+GAIL+TD3,291,5987,24,3.9187984282039543,0
Transformer+GAIL+TD3,291,5987,25,3.596026610330571,0
Transformer+GAIL+TD3,291,5987,26,3.1518758999157814,0
Transformer+GAIL+TD3,291,5987,27,4.868003415718753,0
Transformer+GAIL+TD3,291,5987,28,3.5845336869510205,0
Transformer+GAIL+TD3,291,5987,29,23.582961098026477,0
Transformer+GAIL+TD3,291,5987,30,2.6338836661502874,0
Transformer+GAIL+TD3,291,5987,31,5.587330853415279,0
Transformer+GAIL+TD3,291,5987,32,3.70893431843211,0
Transformer+GAIL+TD3,291,5987,33,38.93774724130751,0
Transformer+GAIL+TD3,291,5987,34,3.700932194345584,0
Transformer+GAIL+TD3,291,5987,35,10.593651480787868,0
Transformer+GAIL+TD3,291,5987,36,4.388241828041762,0
Transformer+GAIL+TD3,291,5987,37,7.117580314152657,0
Transformer+GAIL+TD3,291,5987,38,79.9354454949596,0
Transformer+GAIL+TD3,291,5987,39,6.151407863602017,0
Transformer+GAIL+TD3,291,5987,40,3.3721259644238626,0
Transformer+GAIL+TD3,291,5987,41,4.51427743761281,0
Transformer+GAIL+TD3,291,5987,42,3.7969679187547913,0
Transformer+GAIL+TD3,291,5987,43,93.47298308636431,0
Transformer+GAIL+TD3,291,5987,44,3.536741362345209,0
Transformer+GAIL+TD3,291,5987,45,3.322378861128538,0
Transformer+GAIL+TD3,291,5987,46,3.400804286979696,0
Transformer+GAIL+TD3,291,5987,47,4.507065556341874,0
Transformer+GAIL+TD3,291,5987,48,23.24049528399884,0
Transformer+GAIL+TD3,291,5987,49,3.5097838859653603,0
Transformer+GAIL+TD3,291,5987,50,6.494682672325826,0
Transformer+GAIL+TD3,291,5987,51,3.1745346571294744,0
Transformer+GAIL+TD3,291,5987,52,10.123786391876765,0
Transformer+GAIL+TD3,291,5987,53,61.294810043605885,0
Transformer+GAIL+TD3,291,5987,54,2.1880592873494114,0
Transformer+GAIL+TD3,291,5987,55,3.4804307106139785,0
Transformer+GAIL+TD3,291,5987,56,2.9293509451856576,0
Transformer+GAIL+TD3,291,5987,57,30.408285678766784,0
Transformer+GAIL+TD3,291,5987,58,2.683295200541378,0
Transformer+GAIL+TD3,291,5987,59,6.443464570906595,0
Transformer+GAIL+TD3,291,5987,60,25.938674325447817,0
Transformer+GAIL+TD3,291,5987,61,6.699883291396755,0
Transformer+GAIL+TD3,291,5987,62,48.435000258037874,0
Transformer+GAIL+TD3,291,5987,63,5.576386703183798,0
Transformer+GAIL+TD3,291,5987,64,10.739229812226947,0
Transformer+GAIL+TD3,291,5987,65,10.113274507394868,0
Transformer+GAIL+TD3,291,5987,66,4.818780320835038,0
Transformer+GAIL+TD3,291,5987,67,2.7836373663210034,0
Transformer+GAIL+TD3,291,5987,68,8.045711056285311,0
Transformer+GAIL+TD3,291,5987,69,7.8469446556621305,0
Transformer+GAIL+TD3,291,5987,70,7.063602683747146,0
Transformer+GAIL+TD3,291,5987,71,2.1877406209100245,0
Transformer+GAIL+TD3,291,5987,72,23.146312325474018,0
Transformer+GAIL+TD3,291,5987,73,5.519081657599276,0
Transformer+GAIL+TD3,291,5987,74,16.32717408129373,0
Transformer+GAIL+TD3,291,5987,75,7.236991452440152,0
Transformer+GAIL+TD3,291,5987,76,3.831985453050772,0
Transformer+GAIL+TD3,291,5987,77,96.70895625283147,0
Transformer+GAIL+TD3,291,5987,78,3.1220264392257007,0
Transformer+GAIL+TD3,291,5987,79,6.394080004228988,0
Transformer+GAIL+TD3,291,5987,80,5.657793495733168,0
Transformer+GAIL+TD3,291,5987,81,29.182063890064804,0
Transformer+GAIL+TD3,291,5987,82,69.85871796594482,0
Transformer+GAIL+TD3,291,5987,83,2.4714767064859444,0
Transformer+GAIL+TD3,291,5987,84,4.928802098539537,0
Transformer+GAIL+TD3,291,5987,85,20.61643380857636,0
Transformer+GAIL+TD3,291,5987,86,3.5878431666066293,0
Transformer+GAIL+TD3,291,5987,87,10.861547824862097,0
Transformer+GAIL+TD3,291,5987,88,3.3974752203406102,0
Transformer+GAIL+TD3,291,5987,89,1.5158494341211857,0
Transformer+GAIL+TD3,291,5987,90,6.060465250832613,0
Transformer+GAIL+TD3,291,5987,91,3.4632947719375573,0
Transformer+GAIL+TD3,291,5987,92,3.411514057890134,0
Transformer+GAIL+TD3,291,5987,93,3.4840044240620847,0
Transformer+GAIL+TD3,291,5987,94,11.910503933813409,0
Transformer+GAIL+TD3,291,5987,95,3.7036495702690777,0
Transformer+GAIL+TD3,291,5987,96,41.2234489946795,0
Transformer+GAIL+TD3,291,5987,97,3.1467626075472905,0
Transformer+GAIL+TD3,291,5987,98,2.935226179734058,0
Transformer+GAIL+TD3,291,5990,5,4.274587328259366,0
Transformer+GAIL+TD3,291,5990,6,60.50657894736842,0
Transformer+GAIL+TD3,291,5990,7,23.260155038759688,0
Transformer+GAIL+TD3,291,5990,8,23.552019583843325,0
Transformer+GAIL+TD3,291,5990,9,17.459476505834125,0
Transformer+GAIL+TD3,291,5990,10,8.025136154168411,0
Transformer+GAIL+TD3,291,5990,11,7.156216479765968,0
Transformer+GAIL+TD3,291,5990,12,7.968603633743375,0
Transformer+GAIL+TD3,291,5990,13,6.490216514254975,0
Transformer+GAIL+TD3,291,5990,14,6.431472750651149,0
Transformer+GAIL+TD3,291,5990,15,7.104219623792578,0
Transformer+GAIL+TD3,291,5990,16,4.770253240120451,0
Transformer+GAIL+TD3,291,5990,17,5.923143124990396,0
Transformer+GAIL+TD3,291,5990,18,6.4692039299843795,0
Transformer+GAIL+TD3,291,5990,19,11.068919448091586,0
Transformer+GAIL+TD3,291,5990,20,6.570259368697529,0
Transformer+GAIL+TD3,291,5990,21,3.8757170042596996,0
Transformer+GAIL+TD3,291,5990,22,5.402934921310082,0
Transformer+GAIL+TD3,291,5990,23,4.433138669998895,0
Transformer+GAIL+TD3,291,5990,24,4.499309214022196,0
Transformer+GAIL+TD3,291,5990,25,3.95648311189371,0
Transformer+GAIL+TD3,291,5990,26,3.11706350470535,0
Transformer+GAIL+TD3,291,5990,27,2.5056715568933234,0
Transformer+GAIL+TD3,291,5990,28,12.031889755546725,0
Transformer+GAIL+TD3,291,5990,29,3.600921721846562,0
Transformer+GAIL+TD3,291,5990,30,18.361235657546334,0
Transformer+GAIL+TD3,291,5990,31,6.967310767172821,0
Transformer+GAIL+TD3,291,5990,32,11.761004628087784,0
Transformer+GAIL+TD3,291,5990,33,3.5069016897794962,0
Transformer+GAIL+TD3,291,5990,34,7.08167233835683,0
Transformer+GAIL+TD3,291,5990,35,43.77420125125365,0
Transformer+GAIL+TD3,291,5990,36,4.078939089225622,0
Transformer+GAIL+TD3,291,5990,37,2.5352576884528144,0
Transformer+GAIL+TD3,291,5990,38,6.857110244459242,0
Transformer+GAIL+TD3,291,5990,39,2.8044803801534672,0
Transformer+GAIL+TD3,291,5990,40,53.467858400845365,0
Transformer+GAIL+TD3,291,5990,41,5.501462723508088,0
Transformer+GAIL+TD3,291,5990,42,3.7762366740580435,0
Transformer+GAIL+TD3,291,5990,43,26.631421296989664,0
Transformer+GAIL+TD3,291,5990,44,4.670345526124679,0
Transformer+GAIL+TD3,291,5990,45,70.44558041712916,0
Transformer+GAIL+TD3,291,5990,46,2.3798995191796832,0
Transformer+GAIL+TD3,291,5990,47,5.621842855998356,0
Transformer+GAIL+TD3,291,5990,48,36.48725887701191,0
Transformer+GAIL+TD3,291,5990,49,3.5379206640863257,0
Transformer+GAIL+TD3,291,5990,50,44.58553657120152,0
Transformer+GAIL+TD3,291,5990,51,9.56983986919623,0
Transformer+GAIL+TD3,291,5990,52,3.362466841244022,0
Transformer+GAIL+TD3,291,5990,53,18.773670410438516,0
Transformer+GAIL+TD3,291,5990,54,9.046235737924972,0
Transformer+GAIL+TD3,291,5990,55,39.20554701829178,0
Transformer+GAIL+TD3,291,5990,56,3.3932126184828406,0
Transformer+GAIL+TD3,291,5990,57,28.65068234984415,0
Transformer+GAIL+TD3,291,5990,58,2.959176970703551,0
Transformer+GAIL+TD3,291,5990,59,10.023575603141014,0
Transformer+GAIL+TD3,291,5990,60,4.415697559281343,0
Transformer+GAIL+TD3,291,5990,61,11.991116173120728,0
Transformer+GAIL+TD3,291,5990,62,5.805202448035782,0
Transformer+GAIL+TD3,291,5990,63,20.485671918092862,0
Transformer+GAIL+TD3,291,5990,64,4.850093978947008,0
Transformer+GAIL+TD3,291,5990,65,6.844116461273752,0
Transformer+GAIL+TD3,291,5990,66,41.39756658677217,0
Transformer+GAIL+TD3,291,5990,67,2.8636098479711998,0
Transformer+GAIL+TD3,291,5990,68,50.443954630099874,0
Transformer+GAIL+TD3,291,5990,69,2.6333523639742737,0
Transformer+GAIL+TD3,291,5990,70,5.092349972886562,0
Transformer+GAIL+TD3,291,5990,71,4.696102039574201,0
Transformer+GAIL+TD3,291,5990,72,3.3999657689281118,0
Transformer+GAIL+TD3,291,5990,73,7.510064265439897,0
Transformer+GAIL+TD3,291,5990,74,14.640646886540175,0
Transformer+GAIL+TD3,291,5990,75,2.4290592068100927,0
Transformer+GAIL+TD3,291,5990,76,23.39489737084871,0
Transformer+GAIL+TD3,291,5990,77,2.8339671426786457,0
Transformer+GAIL+TD3,291,5990,78,9.097230857903078,0
Transformer+GAIL+TD3,291,5990,79,2.3129276133759924,0
Transformer+GAIL+TD3,291,5990,80,13.042648189266574,0
Transformer+GAIL+TD3,291,5990,81,12.788346518559427,0
Transformer+GAIL+TD3,291,5990,82,4.641639815622833,0
Transformer+GAIL+TD3,291,5990,83,9.208991133716045,0
Transformer+GAIL+TD3,291,5990,84,84.79765871998633,0
Transformer+GAIL+TD3,291,5990,85,6.226368407506278,0
Transformer+GAIL+TD3,291,5990,86,124.2722558143077,0
Transformer+GAIL+TD3,291,5990,87,5.334288330890537,0
Transformer+GAIL+TD3,291,5990,88,10.589397299887564,0
Transformer+GAIL+TD3,291,5990,89,5.423705586330273,0
Transformer+GAIL+TD3,291,5990,90,8.706236262991972,0
Transformer+GAIL+TD3,291,5990,91,7.241544246633966,0
Transformer+GAIL+TD3,291,5990,92,3.710290793476831,0
Transformer+GAIL+TD3,291,5990,93,7.0091511323667035,0
Transformer+GAIL+TD3,291,5990,94,5.922175421612728,0
Transformer+GAIL+TD3,291,5990,95,2.0611867761931277,0
Transformer+GAIL+TD3,291,5990,96,10.549301187255475,0
Transformer+GAIL+TD3,291,5990,97,104.93199571144126,0
Transformer+GAIL+TD3,291,5990,98,1.6305788086328388,0
Transformer+GAIL+TD3,291,5993,5,4.119659810126582,0
Transformer+GAIL+TD3,291,5993,6,26.30796670630202,0
Transformer+GAIL+TD3,291,5993,7,48.492753623188406,0
Transformer+GAIL+TD3,291,5993,8,25.498857578065504,0
Transformer+GAIL+TD3,291,5993,9,17.45030754289414,0
Transformer+GAIL+TD3,291,5993,10,8.060581583198706,0
Transformer+GAIL+TD3,291,5993,11,13.558269024128162,0
Transformer+GAIL+TD3,291,5993,12,4.145525245978908,0
Transformer+GAIL+TD3,291,5993,13,8.196796252219578,0
Transformer+GAIL+TD3,291,5993,14,13.190954013715206,0
Transformer+GAIL+TD3,291,5993,15,7.551026678273338,0
Transformer+GAIL+TD3,291,5993,16,5.546016853444532,0
Transformer+GAIL+TD3,291,5993,17,4.3000467762135415,0
Transformer+GAIL+TD3,291,5993,18,3.5464644765855664,0
Transformer+GAIL+TD3,291,5993,19,3.3574621574128307,0
Transformer+GAIL+TD3,291,5993,20,5.578534700265084,0
Transformer+GAIL+TD3,291,5993,21,6.526466899375917,0
Transformer+GAIL+TD3,291,5993,22,8.493772947569393,0
Transformer+GAIL+TD3,291,5993,23,5.692532645380171,0
Transformer+GAIL+TD3,291,5993,24,9.206481455680331,0
Transformer+GAIL+TD3,291,5993,25,5.235642197587603,0
Transformer+GAIL+TD3,291,5993,26,4.811753603410934,0
Transformer+GAIL+TD3,291,5993,27,2.8597464010713094,0
Transformer+GAIL+TD3,291,5993,28,4.134526434399149,0
Transformer+GAIL+TD3,291,5993,29,4.576632295243404,0
Transformer+GAIL+TD3,291,5993,30,23.72971836906263,0
Transformer+GAIL+TD3,291,5993,31,4.070575986461139,0
Transformer+GAIL+TD3,291,5993,32,5.1992709183120445,0
Transformer+GAIL+TD3,291,5993,33,10.53172573377177,0
Transformer+GAIL+TD3,291,5993,34,2.378965166057518,0
Transformer+GAIL+TD3,291,5993,35,46.298237404461084,0
Transformer+GAIL+TD3,291,5993,36,2.6611465111250276,0
Transformer+GAIL+TD3,291,5993,37,6.10689002460723,0
Transformer+GAIL+TD3,291,5993,38,11.769080641807042,0
Transformer+GAIL+TD3,291,5993,39,2.5784580154389753,0
Transformer+GAIL+TD3,291,5993,40,14.333333333333336,0
Transformer+GAIL+TD3,291,5993,41,2.8678031992211306,0
Transformer+GAIL+TD3,291,5993,42,36.03756436086859,0
Transformer+GAIL+TD3,291,5993,43,4.491969756509336,0
Transformer+GAIL+TD3,291,5993,44,4.516450485808644,0
Transformer+GAIL+TD3,291,5993,45,4.611768736271488,0
Transformer+GAIL+TD3,291,5993,46,10.293379147762655,0
Transformer+GAIL+TD3,291,5993,47,3.7216930052121766,0
Transformer+GAIL+TD3,291,5993,48,3.1014578250609937,0
Transformer+GAIL+TD3,291,5993,49,59.25133963934579,0
Transformer+GAIL+TD3,291,5993,50,5.945473619022705,0
Transformer+GAIL+TD3,291,5993,51,194.04300022592057,0
Transformer+GAIL+TD3,291,5993,52,7.345909940935772,0
Transformer+GAIL+TD3,291,5993,53,69.27287418401413,0
Transformer+GAIL+TD3,291,5993,54,6.465707413199,0
Transformer+GAIL+TD3,291,5993,55,4.024087575688314,0
Transformer+GAIL+TD3,291,5993,56,4.797320218150099,0
Transformer+GAIL+TD3,291,5993,57,5.054196379762071,0
Transformer+GAIL+TD3,291,5993,58,6.79811823088347,0
Transformer+GAIL+TD3,291,5993,59,3.3038906063728763,0
Transformer+GAIL+TD3,291,5993,60,4.87154593295768,0
Transformer+GAIL+TD3,291,5993,61,5.0380480843362285,0
Transformer+GAIL+TD3,291,5993,62,14.949766483301204,0
Transformer+GAIL+TD3,291,5993,63,3.888993851639395,0
Transformer+GAIL+TD3,291,5993,64,32.94191335740072,0
Transformer+GAIL+TD3,291,5993,65,3.6845139601291432,0
Transformer+GAIL+TD3,291,5993,66,3.7110511932453196,0
Transformer+GAIL+TD3,291,5993,67,3.29907248391066,0
Transformer+GAIL+TD3,291,5993,68,5.964295424871791,0
Transformer+GAIL+TD3,291,5993,69,2.6110540355659757,0
Transformer+GAIL+TD3,291,5993,70,3.8663669715289615,0
Transformer+GAIL+TD3,291,5993,71,2.7523029601873166,0
Transformer+GAIL+TD3,291,5993,72,7.724189786398233,0
Transformer+GAIL+TD3,291,5993,73,13.163523632185735,0
Transformer+GAIL+TD3,291,5993,74,19.74187987987988,0
Transformer+GAIL+TD3,291,5993,75,2.7896457619694393,0
Transformer+GAIL+TD3,291,5993,76,31.84727912932138,0
Transformer+GAIL+TD3,291,5993,77,5.9046177934788,0
Transformer+GAIL+TD3,291,5993,78,16.044824731241683,0
Transformer+GAIL+TD3,291,5993,79,3.1420739387874015,0
Transformer+GAIL+TD3,291,5993,80,12.425084064054994,0
Transformer+GAIL+TD3,291,5993,81,3.5259434305284794,0
Transformer+GAIL+TD3,291,5993,82,85.66878212155652,0
Transformer+GAIL+TD3,291,5993,83,7.386739680787278,0
Transformer+GAIL+TD3,291,5993,84,139.66924894304898,0
Transformer+GAIL+TD3,291,5993,85,4.9278782840486794,0
Transformer+GAIL+TD3,291,5993,86,114.50686265417788,0
Transformer+GAIL+TD3,291,5993,87,4.441402531651455,0
Transformer+GAIL+TD3,291,5993,88,4.975649330650088,0
Transformer+GAIL+TD3,291,5993,89,31.518509501025946,0
Transformer+GAIL+TD3,291,5993,90,3.979771029934309,0
Transformer+GAIL+TD3,291,5993,91,3.4241764119002167,0
Transformer+GAIL+TD3,291,5993,92,6.588627507069378,0
Transformer+GAIL+TD3,291,5993,93,2.003401607862523,0
Transformer+GAIL+TD3,291,5993,94,2.274294411642208,0
Transformer+GAIL+TD3,291,5993,95,2.8471514549511334,0
Transformer+GAIL+TD3,291,5993,96,60.572387611052974,0
Transformer+GAIL+TD3,291,5993,97,2.6949513545449855,0
Transformer+GAIL+TD3,291,5993,98,81.56131827731092,0
Transformer+GAIL+TD3,291,5994,5,5.415617623918174,0
Transformer+GAIL+TD3,291,5994,6,37.74723354688409,0
Transformer+GAIL+TD3,291,5994,7,33.08222153273349,0
Transformer+GAIL+TD3,291,5994,8,23.65604223699648,0
Transformer+GAIL+TD3,291,5994,9,9.253020001320222,0
Transformer+GAIL+TD3,291,5994,10,12.20461855670103,0
Transformer+GAIL+TD3,291,5994,11,7.042855088442548,0
Transformer+GAIL+TD3,291,5994,12,3.218498953453603,0
Transformer+GAIL+TD3,291,5994,13,4.454184058835222,0
Transformer+GAIL+TD3,291,5994,14,7.526649822535039,0
Transformer+GAIL+TD3,291,5994,15,5.61947400572292,0
Transformer+GAIL+TD3,291,5994,16,10.577820850062302,0
Transformer+GAIL+TD3,291,5994,17,9.685487854160117,0
Transformer+GAIL+TD3,291,5994,18,8.611980507223997,0
Transformer+GAIL+TD3,291,5994,19,4.248587025558155,0
Transformer+GAIL+TD3,291,5994,20,3.8577759927848705,0
Transformer+GAIL+TD3,291,5994,21,4.6752350239087095,0
Transformer+GAIL+TD3,291,5994,22,6.597508969065186,0
Transformer+GAIL+TD3,291,5994,23,4.742433992618529,0
Transformer+GAIL+TD3,291,5994,24,4.8516490115538895,0
Transformer+GAIL+TD3,291,5994,25,2.668262665063414,0
Transformer+GAIL+TD3,291,5994,26,2.625516383069956,0
Transformer+GAIL+TD3,291,5994,27,3.3082275802205214,0
Transformer+GAIL+TD3,291,5994,28,17.597550555397323,0
Transformer+GAIL+TD3,291,5994,29,2.8699813456037804,0
Transformer+GAIL+TD3,291,5994,30,11.230134449722243,0
Transformer+GAIL+TD3,291,5994,31,7.1478649218447865,0
Transformer+GAIL+TD3,291,5994,32,3.6056017737686896,0
Transformer+GAIL+TD3,291,5994,33,5.0224262464670355,0
Transformer+GAIL+TD3,291,5994,34,10.860507457809108,0
Transformer+GAIL+TD3,291,5994,35,5.297303443962599,0
Transformer+GAIL+TD3,291,5994,36,16.493201283933097,0
Transformer+GAIL+TD3,291,5994,37,7.977478520172656,0
Transformer+GAIL+TD3,291,5994,38,4.523135014084366,0
Transformer+GAIL+TD3,291,5994,39,6.583612830315866,0
Transformer+GAIL+TD3,291,5994,40,10.609435585977684,0
Transformer+GAIL+TD3,291,5994,41,8.089821947751533,0
Transformer+GAIL+TD3,291,5994,42,14.350374914792093,0
Transformer+GAIL+TD3,291,5994,43,3.4683509208633794,0
Transformer+GAIL+TD3,291,5994,44,3.715502942483894,0
Transformer+GAIL+TD3,291,5994,45,3.862523086966213,0
Transformer+GAIL+TD3,291,5994,46,5.621018048882533,0
Transformer+GAIL+TD3,291,5994,47,59.77271788943479,0
Transformer+GAIL+TD3,291,5994,48,1.8585549466219915,0
Transformer+GAIL+TD3,291,5994,49,4.023641568494555,0
Transformer+GAIL+TD3,291,5994,50,3.7475677089302035,0
Transformer+GAIL+TD3,291,5994,51,5.813961635166822,0
Transformer+GAIL+TD3,291,5994,52,19.248807727658985,0
Transformer+GAIL+TD3,291,5994,53,3.250267771343923,0
Transformer+GAIL+TD3,291,5994,54,10.263890151033243,0
Transformer+GAIL+TD3,291,5994,55,2.4789664296168623,0
Transformer+GAIL+TD3,291,5994,56,6.169138380077056,0
Transformer+GAIL+TD3,291,5994,57,5.521023164309804,0
Transformer+GAIL+TD3,291,5994,58,8.128921982127114,0
Transformer+GAIL+TD3,291,5994,59,6.491960106390146,0
Transformer+GAIL+TD3,291,5994,60,6.117618636755825,0
Transformer+GAIL+TD3,291,5994,61,86.18876198579704,0
Transformer+GAIL+TD3,291,5994,62,6.77844312194403,0
Transformer+GAIL+TD3,291,5994,63,46.09944617882721,0
Transformer+GAIL+TD3,291,5994,64,4.979640560130975,0
Transformer+GAIL+TD3,291,5994,65,57.386225196867315,0
Transformer+GAIL+TD3,291,5994,66,8.219065566657944,0
Transformer+GAIL+TD3,291,5994,67,3.3778431805220825,0
Transformer+GAIL+TD3,291,5994,68,13.639282983129563,0
Transformer+GAIL+TD3,291,5994,69,9.169265353713577,0
Transformer+GAIL+TD3,291,5994,70,11.18568904727768,0
Transformer+GAIL+TD3,291,5994,71,4.269655668088052,0
Transformer+GAIL+TD3,291,5994,72,5.693611421455414,0
Transformer+GAIL+TD3,291,5994,73,8.121020138536554,0
Transformer+GAIL+TD3,291,5994,74,4.508700517931875,0
Transformer+GAIL+TD3,291,5994,75,5.278533218829393,0
Transformer+GAIL+TD3,291,5994,76,23.7536478012702,0
Transformer+GAIL+TD3,291,5994,77,3.995085506426432,0
Transformer+GAIL+TD3,291,5994,78,2.3535857724293194,0
Transformer+GAIL+TD3,291,5994,79,4.372033603631492,0
Transformer+GAIL+TD3,291,5994,80,19.245040923250315,0
Transformer+GAIL+TD3,291,5994,81,8.833009169709698,0
Transformer+GAIL+TD3,291,5994,82,4.743234888886366,0
Transformer+GAIL+TD3,291,5994,83,5.735364538571007,0
Transformer+GAIL+TD3,291,5994,84,100.22754896156772,0
Transformer+GAIL+TD3,291,5994,85,2.873803318488949,0
Transformer+GAIL+TD3,291,5994,86,8.059678110180316,0
Transformer+GAIL+TD3,291,5994,87,3.3163338765647463,0
Transformer+GAIL+TD3,291,5994,88,28.551939436303925,0
Transformer+GAIL+TD3,291,5994,89,56.359885742911914,0
Transformer+GAIL+TD3,291,5994,90,2.536362553562904,0
Transformer+GAIL+TD3,291,5994,91,4.858748395270612,0
Transformer+GAIL+TD3,291,5994,92,3.907914545197965,0
Transformer+GAIL+TD3,291,5994,93,2.548442177539023,0
Transformer+GAIL+TD3,291,5994,94,4.652889912763064,0
Transformer+GAIL+TD3,291,5994,95,2.9743100188714244,0
Transformer+GAIL+TD3,291,5994,96,11.575219903533272,0
Transformer+GAIL+TD3,291,5994,97,2.8735613714127344,0
Transformer+GAIL+TD3,291,5994,98,1.9938804897444513,0
Transformer+GAIL+TD3,291,5996,5,2.910153541357108,0
Transformer+GAIL+TD3,291,5996,6,17.350247524752476,0
Transformer+GAIL+TD3,291,5996,7,23.117719950433706,0
Transformer+GAIL+TD3,291,5996,8,13.377737226277373,0
Transformer+GAIL+TD3,291,5996,9,36.001984914648666,0
Transformer+GAIL+TD3,291,5996,10,14.698196001950269,0
Transformer+GAIL+TD3,291,5996,11,11.580544889376487,0
Transformer+GAIL+TD3,291,5996,12,14.599654211891266,0
Transformer+GAIL+TD3,291,5996,13,14.610947230416253,0
Transformer+GAIL+TD3,291,5996,14,7.388785399962204,0
Transformer+GAIL+TD3,291,5996,15,7.234515876127009,0
Transformer+GAIL+TD3,291,5996,16,9.56189698300066,0
Transformer+GAIL+TD3,291,5996,17,7.074987008487789,0
Transformer+GAIL+TD3,291,5996,18,5.260949652067131,0
Transformer+GAIL+TD3,291,5996,19,4.245999431871982,0
Transformer+GAIL+TD3,291,5996,20,4.772292060809189,0
Transformer+GAIL+TD3,291,5996,21,5.642348425062598,0
Transformer+GAIL+TD3,291,5996,22,5.872402268694412,0
Transformer+GAIL+TD3,291,5996,23,7.259922255251037,0
Transformer+GAIL+TD3,291,5996,24,3.853706714106064,0
Transformer+GAIL+TD3,291,5996,25,4.756627941614536,0
Transformer+GAIL+TD3,291,5996,26,3.680731145481198,0
Transformer+GAIL+TD3,291,5996,27,6.161291927526018,0
Transformer+GAIL+TD3,291,5996,28,2.7424150835436727,0
Transformer+GAIL+TD3,291,5996,29,8.962596768265936,0
Transformer+GAIL+TD3,291,5996,30,2.3276736143964203,0
Transformer+GAIL+TD3,291,5996,31,62.326217478318874,0
Transformer+GAIL+TD3,291,5996,32,3.2960300654509815,0
Transformer+GAIL+TD3,291,5996,33,63.581983660599114,0
Transformer+GAIL+TD3,291,5996,34,2.347185355410621,0
Transformer+GAIL+TD3,291,5996,35,36.257638488548814,0
Transformer+GAIL+TD3,291,5996,36,2.9779130348339633,0
Transformer+GAIL+TD3,291,5996,37,28.28890492802438,0
Transformer+GAIL+TD3,291,5996,38,2.1646041610375573,0
Transformer+GAIL+TD3,291,5996,39,12.492941702032612,0
Transformer+GAIL+TD3,291,5996,40,4.191439269132844,0
Transformer+GAIL+TD3,291,5996,41,20.464295699826653,0
Transformer+GAIL+TD3,291,5996,42,4.511672539786015,0
Transformer+GAIL+TD3,291,5996,43,13.47666004217425,0
Transformer+GAIL+TD3,291,5996,44,7.5554805479219045,0
Transformer+GAIL+TD3,291,5996,45,7.992256621167487,0
Transformer+GAIL+TD3,291,5996,46,6.667969419179545,0
Transformer+GAIL+TD3,291,5996,47,4.430948539638386,0
Transformer+GAIL+TD3,291,5996,48,10.056881620611163,0
Transformer+GAIL+TD3,291,5996,49,2.9697184187578416,0
Transformer+GAIL+TD3,291,5996,50,2.588621070920865,0
Transformer+GAIL+TD3,291,5996,51,4.83306809251705,0
Transformer+GAIL+TD3,291,5996,52,6.130581489750354,0
Transformer+GAIL+TD3,291,5996,53,3.421799124129514,0
Transformer+GAIL+TD3,291,5996,54,2.2940375646734577,0
Transformer+GAIL+TD3,291,5996,55,35.19426134160528,0
Transformer+GAIL+TD3,291,5996,56,2.4046897268525447,0
Transformer+GAIL+TD3,291,5996,57,102.37235960844926,0
Transformer+GAIL+TD3,291,5996,58,4.217016154272096,0
Transformer+GAIL+TD3,291,5996,59,62.98193760262726,0
Transformer+GAIL+TD3,291,5996,60,3.028354436223871,0
Transformer+GAIL+TD3,291,5996,61,25.40671225429887,0
Transformer+GAIL+TD3,291,5996,62,6.168677818436596,0
Transformer+GAIL+TD3,291,5996,63,32.195916128549705,0
Transformer+GAIL+TD3,291,5996,64,31.34072907341727,0
Transformer+GAIL+TD3,291,5996,65,4.666671489399873,0
Transformer+GAIL+TD3,291,5996,66,103.00780133153619,0
Transformer+GAIL+TD3,291,5996,67,4.295866129172588,0
Transformer+GAIL+TD3,291,5996,68,3.118793207354282,0
Transformer+GAIL+TD3,291,5996,69,10.248103621965294,0
Transformer+GAIL+TD3,291,5996,70,6.134235910371822,0
Transformer+GAIL+TD3,291,5996,71,119.44623615116103,0
Transformer+GAIL+TD3,291,5996,72,3.699673492215408,0
Transformer+GAIL+TD3,291,5996,73,3.308745225591651,0
Transformer+GAIL+TD3,291,5996,74,8.437799626405877,0
Transformer+GAIL+TD3,291,5996,75,5.796714064733575,0
Transformer+GAIL+TD3,291,5996,76,142.48783796282024,0
Transformer+GAIL+TD3,291,5996,77,3.5657044171036714,0
Transformer+GAIL+TD3,291,5996,78,21.19233730250226,0
Transformer+GAIL+TD3,291,5996,79,4.554888014799648,0
Transformer+GAIL+TD3,291,5996,80,3.2239566050013253,0
Transformer+GAIL+TD3,291,5996,81,84.79896755417741,0
Transformer+GAIL+TD3,291,5996,82,6.070922581619647,0
Transformer+GAIL+TD3,291,5996,83,6.729720824987547,0
Transformer+GAIL+TD3,291,5996,84,11.044696209863114,0
Transformer+GAIL+TD3,291,5996,85,6.131118429846416,0
Transformer+GAIL+TD3,291,5996,86,69.60137142973848,0
Transformer+GAIL+TD3,291,5996,87,7.107370595758557,0
Transformer+GAIL+TD3,291,5996,88,6.6910071902338,0
Transformer+GAIL+TD3,291,5996,89,4.411007904013498,0
Transformer+GAIL+TD3,291,5996,90,4.429203016489187,0
Transformer+GAIL+TD3,291,5996,91,7.514777555334751,0
Transformer+GAIL+TD3,291,5996,92,4.426589464858018,0
Transformer+GAIL+TD3,291,5996,93,5.6405501242099,0
Transformer+GAIL+TD3,291,5996,94,11.211566922395972,0
Transformer+GAIL+TD3,291,5996,95,4.465960088508542,0
Transformer+GAIL+TD3,291,5996,96,17.774689967751062,0
Transformer+GAIL+TD3,291,5996,97,40.09758022678426,0
Transformer+GAIL+TD3,291,5996,98,4.620304101197171,0
Transformer+GAIL+TD3,291,5998,5,2.9461119366022785,0
Transformer+GAIL+TD3,291,5998,6,18.14805675508945,0
Transformer+GAIL+TD3,291,5998,7,24.068450528935905,0
Transformer+GAIL+TD3,291,5998,8,16.517142109395444,0
Transformer+GAIL+TD3,291,5998,9,30.721621621621622,0
Transformer+GAIL+TD3,291,5998,10,12.120275760187122,0
Transformer+GAIL+TD3,291,5998,11,10.566944742710826,0
Transformer+GAIL+TD3,291,5998,12,14.388625142423091,0
Transformer+GAIL+TD3,291,5998,13,7.184695027762701,0
Transformer+GAIL+TD3,291,5998,14,11.015765284309536,0
Transformer+GAIL+TD3,291,5998,15,8.513256875077074,0
Transformer+GAIL+TD3,291,5998,16,4.147362960979854,0
Transformer+GAIL+TD3,291,5998,17,7.379611225950072,0
Transformer+GAIL+TD3,291,5998,18,5.879973649538868,0
Transformer+GAIL+TD3,291,5998,19,6.262593193760489,0
Transformer+GAIL+TD3,291,5998,20,9.727550999859035,0
Transformer+GAIL+TD3,291,5998,21,10.062691037397173,0
Transformer+GAIL+TD3,291,5998,22,3.113338150440347,0
Transformer+GAIL+TD3,291,5998,23,5.823557158954917,0
Transformer+GAIL+TD3,291,5998,24,4.44443984810001,0
Transformer+GAIL+TD3,291,5998,25,4.948875929239315,0
Transformer+GAIL+TD3,291,5998,26,5.596109210847789,0
Transformer+GAIL+TD3,291,5998,27,5.177884360591447,0
Transformer+GAIL+TD3,291,5998,28,2.7567507500833424,0
Transformer+GAIL+TD3,291,5998,29,25.523547651085238,0
Transformer+GAIL+TD3,291,5998,30,4.474512375020489,0
Transformer+GAIL+TD3,291,5998,31,149.43213296398892,0
Transformer+GAIL+TD3,291,5998,32,2.373347830884629,0
Transformer+GAIL+TD3,291,5998,33,32.644474346223596,0
Transformer+GAIL+TD3,291,5998,34,2.4478483002554525,0
Transformer+GAIL+TD3,291,5998,35,7.146790793013623,0
Transformer+GAIL+TD3,291,5998,36,42.32389425521098,0
Transformer+GAIL+TD3,291,5998,37,6.113063442733999,0
Transformer+GAIL+TD3,291,5998,38,20.017354379036767,0
Transformer+GAIL+TD3,291,5998,39,3.0940820173911723,0
Transformer+GAIL+TD3,291,5998,40,9.127506428913373,0
Transformer+GAIL+TD3,291,5998,41,87.14296588161548,0
Transformer+GAIL+TD3,291,5998,42,6.3567928805548455,0
Transformer+GAIL+TD3,291,5998,43,3.4562207957348363,0
Transformer+GAIL+TD3,291,5998,44,51.14802554192574,0
Transformer+GAIL+TD3,291,5998,45,2.680203082182855,0
Transformer+GAIL+TD3,291,5998,46,71.07694228704143,0
Transformer+GAIL+TD3,291,5998,47,4.227646751739271,0
Transformer+GAIL+TD3,291,5998,48,65.83228738819507,0
Transformer+GAIL+TD3,291,5998,49,3.229407338652629,0
Transformer+GAIL+TD3,291,5998,50,224.36708929053142,0
Transformer+GAIL+TD3,291,5998,51,5.3108645139101505,0
Transformer+GAIL+TD3,291,5998,52,72.12263053445562,0
Transformer+GAIL+TD3,291,5998,53,5.434016354664027,0
Transformer+GAIL+TD3,291,5998,54,4.558323521091089,0
Transformer+GAIL+TD3,291,5998,55,5.9982835042204155,0
Transformer+GAIL+TD3,291,5998,56,6.962146524527699,0
Transformer+GAIL+TD3,291,5998,57,54.54236815920398,0
Transformer+GAIL+TD3,291,5998,58,4.717861760472403,0
Transformer+GAIL+TD3,291,5998,59,5.027630611032297,0
Transformer+GAIL+TD3,291,5998,60,3.975035947476848,0
Transformer+GAIL+TD3,291,5998,61,4.0170628621858615,0
Transformer+GAIL+TD3,291,5998,62,6.22162436665397,0
Transformer+GAIL+TD3,291,5998,63,2.135443821207739,0
Transformer+GAIL+TD3,291,5998,64,2.614046755297353,0
Transformer+GAIL+TD3,291,5998,65,4.119312364543117,0
Transformer+GAIL+TD3,291,5998,66,9.914666955808707,0
Transformer+GAIL+TD3,291,5998,67,3.6792791179997746,0
Transformer+GAIL+TD3,291,5998,68,36.63188706979573,0
Transformer+GAIL+TD3,291,5998,69,3.966006482408128,0
Transformer+GAIL+TD3,291,5998,70,10.12787366280816,0
Transformer+GAIL+TD3,291,5998,71,4.242082353000449,0
Transformer+GAIL+TD3,291,5998,72,3.3843150034930516,0
Transformer+GAIL+TD3,291,5998,73,15.20321732080468,0
Transformer+GAIL+TD3,291,5998,74,2.0833989093061,0
Transformer+GAIL+TD3,291,5998,75,4.591786566236234,0
Transformer+GAIL+TD3,291,5998,76,22.67167282512134,0
Transformer+GAIL+TD3,291,5998,77,13.607349718363427,0
Transformer+GAIL+TD3,291,5998,78,31.515595379252076,0
Transformer+GAIL+TD3,291,5998,79,2.7834202922205176,0
Transformer+GAIL+TD3,291,5998,80,2.6247399100909328,0
Transformer+GAIL+TD3,291,5998,81,5.8203780331685655,0
Transformer+GAIL+TD3,291,5998,82,7.74531418109062,0
Transformer+GAIL+TD3,291,5998,83,2.9321980411399102,0
Transformer+GAIL+TD3,291,5998,84,4.259057710677363,0
Transformer+GAIL+TD3,291,5998,85,2.657281971559898,0
Transformer+GAIL+TD3,291,5998,86,7.983217644670824,0
Transformer+GAIL+TD3,291,5998,87,5.66455436824706,0
Transformer+GAIL+TD3,291,5998,88,38.97301590548068,0
Transformer+GAIL+TD3,291,5998,89,3.2188826702402,0
Transformer+GAIL+TD3,291,5998,90,106.0046388101983,0
Transformer+GAIL+TD3,291,5998,91,3.5610474772481715,0
Transformer+GAIL+TD3,291,5998,92,100.68600534927627,0
Transformer+GAIL+TD3,291,5998,93,2.8559269189459586,0
Transformer+GAIL+TD3,291,5998,94,7.462199034229353,0
Transformer+GAIL+TD3,291,5998,95,7.199538615424556,0
Transformer+GAIL+TD3,291,5998,96,11.626081224389683,0
Transformer+GAIL+TD3,291,5998,97,49.72133488346689,0
Transformer+GAIL+TD3,291,5998,98,4.348473627054255,0
Transformer+GAIL+TD3,291,5999,5,3.6733484743754317,0
Transformer+GAIL+TD3,291,5999,6,51.84817351598174,0
Transformer+GAIL+TD3,291,5999,7,23.011797578391803,0
Transformer+GAIL+TD3,291,5999,8,21.987492555092317,0
Transformer+GAIL+TD3,291,5999,9,16.39190457043292,0
Transformer+GAIL+TD3,291,5999,10,24.400948258091116,0
Transformer+GAIL+TD3,291,5999,11,7.974880494891743,0
Transformer+GAIL+TD3,291,5999,12,6.663485940513653,0
Transformer+GAIL+TD3,291,5999,13,6.50539178568631,0
Transformer+GAIL+TD3,291,5999,14,8.96801585055194,0
Transformer+GAIL+TD3,291,5999,15,11.443057358766938,0
Transformer+GAIL+TD3,291,5999,16,5.56401813742588,0
Transformer+GAIL+TD3,291,5999,17,6.3323366606866305,0
Transformer+GAIL+TD3,291,5999,18,4.2843371347113335,0
Transformer+GAIL+TD3,291,5999,19,9.52753487027535,0
Transformer+GAIL+TD3,291,5999,20,4.781721760344663,0
Transformer+GAIL+TD3,291,5999,21,5.219800493204532,0
Transformer+GAIL+TD3,291,5999,22,6.877693379056893,0
Transformer+GAIL+TD3,291,5999,23,4.483854308055962,0
Transformer+GAIL+TD3,291,5999,24,3.574534956397512,0
Transformer+GAIL+TD3,291,5999,25,6.712343935552204,0
Transformer+GAIL+TD3,291,5999,26,3.7601397400534493,0
Transformer+GAIL+TD3,291,5999,27,4.957326414985258,0
Transformer+GAIL+TD3,291,5999,28,3.080601444869271,0
Transformer+GAIL+TD3,291,5999,29,4.882374709993311,0
Transformer+GAIL+TD3,291,5999,30,1.5367860247315144,0
Transformer+GAIL+TD3,291,5999,31,88.16220735785954,0
Transformer+GAIL+TD3,291,5999,32,5.447017095188078,0
Transformer+GAIL+TD3,291,5999,33,10.854722320481075,0
Transformer+GAIL+TD3,291,5999,34,6.013604717593176,0
Transformer+GAIL+TD3,291,5999,35,40.51817616902284,0
Transformer+GAIL+TD3,291,5999,36,16.39157422727851,0
Transformer+GAIL+TD3,291,5999,37,4.8371311879068175,0
Transformer+GAIL+TD3,291,5999,38,4.397585275750372,0
Transformer+GAIL+TD3,291,5999,39,4.9127452042917525,0
Transformer+GAIL+TD3,291,5999,40,39.61315807092326,0
Transformer+GAIL+TD3,291,5999,41,3.561137132088022,0
Transformer+GAIL+TD3,291,5999,42,9.08785791984651,0
Transformer+GAIL+TD3,291,5999,43,30.164253570729798,0
Transformer+GAIL+TD3,291,5999,44,2.160152935467507,0
Transformer+GAIL+TD3,291,5999,45,137.02234693877548,0
Transformer+GAIL+TD3,291,5999,46,1.8763879456171553,0
Transformer+GAIL+TD3,291,5999,47,3.7482690325251418,0
Transformer+GAIL+TD3,291,5999,48,4.769067362067449,0
Transformer+GAIL+TD3,291,5999,49,2.6986428304005994,0
Transformer+GAIL+TD3,291,5999,50,33.90910705826623,0
Transformer+GAIL+TD3,291,5999,51,2.5207675162892587,0
Transformer+GAIL+TD3,291,5999,52,8.489608548686075,0
Transformer+GAIL+TD3,291,5999,53,3.5319262963620464,0
Transformer+GAIL+TD3,291,5999,54,6.812918906286516,0
Transformer+GAIL+TD3,291,5999,55,23.549060190073916,0
Transformer+GAIL+TD3,291,5999,56,3.8527589674352534,0
Transformer+GAIL+TD3,291,5999,57,4.483511865524061,0
Transformer+GAIL+TD3,291,5999,58,3.8883670819635907,0
Transformer+GAIL+TD3,291,5999,59,32.12182294253081,0
Transformer+GAIL+TD3,291,5999,60,3.806199334491499,0
Transformer+GAIL+TD3,291,5999,61,29.44216982790616,0
Transformer+GAIL+TD3,291,5999,62,2.8282120276753355,0
Transformer+GAIL+TD3,291,5999,63,10.390967402521195,0
Transformer+GAIL+TD3,291,5999,64,4.709743711482247,0
Transformer+GAIL+TD3,291,5999,65,4.153334248238613,0
Transformer+GAIL+TD3,291,5999,66,12.434637090921509,0
Transformer+GAIL+TD3,291,5999,67,2.792344307250742,0
Transformer+GAIL+TD3,291,5999,68,34.76221481538899,0
Transformer+GAIL+TD3,291,5999,69,3.6388549685367093,0
Transformer+GAIL+TD3,291,5999,70,11.25388731060606,0
Transformer+GAIL+TD3,291,5999,71,35.3104097469885,0
Transformer+GAIL+TD3,291,5999,72,4.659468433674261,0
Transformer+GAIL+TD3,291,5999,73,19.89657058635832,0
Transformer+GAIL+TD3,291,5999,74,2.6075190846761003,0
Transformer+GAIL+TD3,291,5999,75,3.986687353325528,0
Transformer+GAIL+TD3,291,5999,76,12.842929728455415,0
Transformer+GAIL+TD3,291,5999,77,2.7488383750747105,0
Transformer+GAIL+TD3,291,5999,78,10.136029049800486,0
Transformer+GAIL+TD3,291,5999,79,2.9088434312257725,0
Transformer+GAIL+TD3,291,5999,80,6.401025606271108,0
Transformer+GAIL+TD3,291,5999,81,8.921911454849761,0
Transformer+GAIL+TD3,291,5999,82,4.802425811253886,0
Transformer+GAIL+TD3,291,5999,83,56.74702080765064,0
Transformer+GAIL+TD3,291,5999,84,4.142453541557114,0
Transformer+GAIL+TD3,291,5999,85,53.23419038220468,0
Transformer+GAIL+TD3,291,5999,86,4.27073173771954,0
Transformer+GAIL+TD3,291,5999,87,4.992311809454544,0
Transformer+GAIL+TD3,291,5999,88,12.173882413790029,0
Transformer+GAIL+TD3,291,5999,89,13.613312693498452,0
Transformer+GAIL+TD3,291,5999,90,4.383632478358242,0
Transformer+GAIL+TD3,291,5999,91,2.5378446644917037,0
Transformer+GAIL+TD3,291,5999,92,17.724133487575227,0
Transformer+GAIL+TD3,291,5999,93,133.71300540937014,0
Transformer+GAIL+TD3,291,5999,94,4.520100667949403,0
Transformer+GAIL+TD3,291,5999,95,4.975982784389602,0
Transformer+GAIL+TD3,291,5999,96,13.530718070620749,0
Transformer+GAIL+TD3,291,5999,97,3.477286360659596,0
Transformer+GAIL+TD3,291,5999,98,48.38127745458863,0
Transformer+GAIL+TD3,291,6000,5,5.366794606830036,0
Transformer+GAIL+TD3,291,6000,6,37.13220733838089,0
Transformer+GAIL+TD3,291,6000,7,49.36290784201488,0
Transformer+GAIL+TD3,291,6000,8,20.77827631332959,0
Transformer+GAIL+TD3,291,6000,9,8.746201844818232,0
Transformer+GAIL+TD3,291,6000,10,11.99149298170991,0
Transformer+GAIL+TD3,291,6000,11,6.339631018153117,0
Transformer+GAIL+TD3,291,6000,12,5.853478523895947,0
Transformer+GAIL+TD3,291,6000,13,3.708845468547096,0
Transformer+GAIL+TD3,291,6000,14,5.194751924481654,0
Transformer+GAIL+TD3,291,6000,15,2.61280331124908,0
Transformer+GAIL+TD3,291,6000,16,5.682038399425803,0
Transformer+GAIL+TD3,291,6000,17,6.683054924948328,0
Transformer+GAIL+TD3,291,6000,18,8.04343954716021,0
Transformer+GAIL+TD3,291,6000,19,4.835045662100457,0
Transformer+GAIL+TD3,291,6000,20,12.053579525416897,0
Transformer+GAIL+TD3,291,6000,21,8.707171707220963,0
Transformer+GAIL+TD3,291,6000,22,13.150812229552388,0
Transformer+GAIL+TD3,291,6000,23,6.989581074758356,0
Transformer+GAIL+TD3,291,6000,24,3.150863027220261,0
Transformer+GAIL+TD3,291,6000,25,4.003946089624243,0
Transformer+GAIL+TD3,291,6000,26,6.061666351445065,0
Transformer+GAIL+TD3,291,6000,27,3.935439651845246,0
Transformer+GAIL+TD3,291,6000,28,4.786032116052513,0
Transformer+GAIL+TD3,291,6000,29,4.313612512792604,0
Transformer+GAIL+TD3,291,6000,30,2.4753305133009595,0
Transformer+GAIL+TD3,291,6000,31,3.385841644843149,0
Transformer+GAIL+TD3,291,6000,32,32.62070899009408,0
Transformer+GAIL+TD3,291,6000,33,6.993355656457635,0
Transformer+GAIL+TD3,291,6000,34,3.7985862062751172,0
Transformer+GAIL+TD3,291,6000,35,8.11605103454867,0
Transformer+GAIL+TD3,291,6000,36,5.302256381976517,0
Transformer+GAIL+TD3,291,6000,37,7.869474869485106,0
Transformer+GAIL+TD3,291,6000,38,3.6057583904258075,0
Transformer+GAIL+TD3,291,6000,39,4.863613700575642,0
Transformer+GAIL+TD3,291,6000,40,3.324025806239926,0
Transformer+GAIL+TD3,291,6000,41,7.916087086940446,0
Transformer+GAIL+TD3,291,6000,42,22.942533530798272,0
Transformer+GAIL+TD3,291,6000,43,6.450229612478588,0
Transformer+GAIL+TD3,291,6000,44,7.256378671585562,0
Transformer+GAIL+TD3,291,6000,45,25.84689070506201,0
Transformer+GAIL+TD3,291,6000,46,4.8823172691273475,0
Transformer+GAIL+TD3,291,6000,47,15.084885055343722,0
Transformer+GAIL+TD3,291,6000,48,3.244820332823022,0
Transformer+GAIL+TD3,291,6000,49,3.727589524776267,0
Transformer+GAIL+TD3,291,6000,50,4.485842745645606,0
Transformer+GAIL+TD3,291,6000,51,12.550527966254561,0
Transformer+GAIL+TD3,291,6000,52,11.978654613682195,0
Transformer+GAIL+TD3,291,6000,53,9.239570948767247,0
Transformer+GAIL+TD3,291,6000,54,4.504354348097838,0
Transformer+GAIL+TD3,291,6000,55,6.334846206459217,0
Transformer+GAIL+TD3,291,6000,56,10.543554452601914,0
Transformer+GAIL+TD3,291,6000,57,63.10951647592999,0
Transformer+GAIL+TD3,291,6000,58,5.422390203972536,0
Transformer+GAIL+TD3,291,6000,59,3.3031145234230297,0
Transformer+GAIL+TD3,291,6000,60,4.724856029366096,0
Transformer+GAIL+TD3,291,6000,61,12.12046169944962,0
Transformer+GAIL+TD3,291,6000,62,12.53490998769717,0
Transformer+GAIL+TD3,291,6000,63,4.197982176897968,0
Transformer+GAIL+TD3,291,6000,64,8.474889529169566,0
Transformer+GAIL+TD3,291,6000,65,7.501259701136354,0
Transformer+GAIL+TD3,291,6000,66,7.297444360575143,0
Transformer+GAIL+TD3,291,6000,67,7.855514771085155,0
Transformer+GAIL+TD3,291,6000,68,7.144158128291133,0
Transformer+GAIL+TD3,291,6000,69,9.758541784193426,0
Transformer+GAIL+TD3,291,6000,70,4.192710889582589,0
Transformer+GAIL+TD3,291,6000,71,28.402403754448613,0
Transformer+GAIL+TD3,291,6000,72,4.19416180503609,0
Transformer+GAIL+TD3,291,6000,73,6.876984034162965,0
Transformer+GAIL+TD3,291,6000,74,6.01350865021557,0
Transformer+GAIL+TD3,291,6000,75,5.895684221236909,0
Transformer+GAIL+TD3,291,6000,76,3.4050841408456285,0
Transformer+GAIL+TD3,291,6000,77,12.551553795297014,0
Transformer+GAIL+TD3,291,6000,78,3.435659730229273,0
Transformer+GAIL+TD3,291,6000,79,12.47295679223747,0
Transformer+GAIL+TD3,291,6000,80,28.482155191851376,0
Transformer+GAIL+TD3,291,6000,81,77.05969186164712,0
Transformer+GAIL+TD3,291,6000,82,5.5580064021212925,0
Transformer+GAIL+TD3,291,6000,83,4.41853019681053,0
Transformer+GAIL+TD3,291,6000,84,5.387910784686324,0
Transformer+GAIL+TD3,291,6000,85,3.6152799405158205,0
Transformer+GAIL+TD3,291,6000,86,6.141220575976273,0
Transformer+GAIL+TD3,291,6000,87,6.596293629110491,0
Transformer+GAIL+TD3,291,6000,88,2.3266650687837536,0
Transformer+GAIL+TD3,291,6000,89,2.6976326001645443,0
Transformer+GAIL+TD3,291,6000,90,4.304931581448243,0
Transformer+GAIL+TD3,291,6000,91,5.786084301302919,0
Transformer+GAIL+TD3,291,6000,92,2.103096305047738,0
Transformer+GAIL+TD3,291,6000,93,6.6999104173994715,0
Transformer+GAIL+TD3,291,6000,94,1.4864754802868743,0
Transformer+GAIL+TD3,291,6000,95,5.652143287963591,0
Transformer+GAIL+TD3,291,6000,96,2.46438870821453,0
Transformer+GAIL+TD3,291,6000,97,8.964991085524277,0
Transformer+GAIL+TD3,291,6000,98,1.115336347550954,0
Transformer+GAIL+TD3,291,6001,5,4.4604366294576705,0
Transformer+GAIL+TD3,291,6001,6,33.5345838218054,0
Transformer+GAIL+TD3,291,6001,7,24.0224541429475,0
Transformer+GAIL+TD3,291,6001,8,21.04932844932845,0
Transformer+GAIL+TD3,291,6001,9,15.930872187086338,0
Transformer+GAIL+TD3,291,6001,10,7.388707806198551,0
Transformer+GAIL+TD3,291,6001,11,6.46129541864139,0
Transformer+GAIL+TD3,291,6001,12,7.55017428963769,0
Transformer+GAIL+TD3,291,6001,13,8.523247784555185,0
Transformer+GAIL+TD3,291,6001,14,7.629312785029092,0
Transformer+GAIL+TD3,291,6001,15,7.362179565355253,0
Transformer+GAIL+TD3,291,6001,16,6.059055451207337,0
Transformer+GAIL+TD3,291,6001,17,6.683209151547038,0
Transformer+GAIL+TD3,291,6001,18,6.857698582005271,0
Transformer+GAIL+TD3,291,6001,19,3.6934290671213015,0
Transformer+GAIL+TD3,291,6001,20,6.164014647503215,0
Transformer+GAIL+TD3,291,6001,21,5.51048071119477,0
Transformer+GAIL+TD3,291,6001,22,5.319081908190818,0
Transformer+GAIL+TD3,291,6001,23,6.493867940702471,0
Transformer+GAIL+TD3,291,6001,24,4.728063565536822,0
Transformer+GAIL+TD3,291,6001,25,3.17600511466063,0
Transformer+GAIL+TD3,291,6001,26,7.13844626179168,0
Transformer+GAIL+TD3,291,6001,27,3.162749223434227,0
Transformer+GAIL+TD3,291,6001,28,7.618400114136459,0
Transformer+GAIL+TD3,291,6001,29,2.7016666593239083,0
Transformer+GAIL+TD3,291,6001,30,6.892022691580399,0
Transformer+GAIL+TD3,291,6001,31,2.4127841959001874,0
Transformer+GAIL+TD3,291,6001,32,17.335534867380996,0
Transformer+GAIL+TD3,291,6001,33,1.8407447667045471,0
Transformer+GAIL+TD3,291,6001,34,7.550631046505919,0
Transformer+GAIL+TD3,291,6001,35,1.719193802897719,0
Transformer+GAIL+TD3,291,6001,36,18.190461109703573,0
Transformer+GAIL+TD3,291,6001,37,3.683942742911393,0
Transformer+GAIL+TD3,291,6001,38,51.576939351198874,0
Transformer+GAIL+TD3,291,6001,39,14.340536659786416,0
Transformer+GAIL+TD3,291,6001,40,17.106242513719046,0
Transformer+GAIL+TD3,291,6001,41,10.27637263978902,0
Transformer+GAIL+TD3,291,6001,42,5.98365888962137,0
Transformer+GAIL+TD3,291,6001,43,4.241906968737277,0
Transformer+GAIL+TD3,291,6001,44,11.206486881677549,0
Transformer+GAIL+TD3,291,6001,45,2.5135974597081066,0
Transformer+GAIL+TD3,291,6001,46,3.1639591700311422,0
Transformer+GAIL+TD3,291,6001,47,2.8856756034352524,0
Transformer+GAIL+TD3,291,6001,48,4.966177308284502,0
Transformer+GAIL+TD3,291,6001,49,5.1661598062954,0
Transformer+GAIL+TD3,291,6001,50,6.7596269240803535,0
Transformer+GAIL+TD3,291,6001,51,2.6209798327973566,0
Transformer+GAIL+TD3,291,6001,52,6.557096581438501,0
Transformer+GAIL+TD3,291,6001,53,2.824842510434033,0
Transformer+GAIL+TD3,291,6001,54,5.740022363288988,0
Transformer+GAIL+TD3,291,6001,55,1.8985631087553563,0
Transformer+GAIL+TD3,291,6001,56,10.86961371929891,0
Transformer+GAIL+TD3,291,6001,57,2.515703012840125,0
Transformer+GAIL+TD3,291,6001,58,11.007048071461764,0
Transformer+GAIL+TD3,291,6001,59,3.804924858912305,0
Transformer+GAIL+TD3,291,6001,60,6.881621675910324,0
Transformer+GAIL+TD3,291,6001,61,2.701555737755959,0
Transformer+GAIL+TD3,291,6001,62,3.953707584133256,0
Transformer+GAIL+TD3,291,6001,63,45.981451847541464,0
Transformer+GAIL+TD3,291,6001,64,2.3133575541576095,0
Transformer+GAIL+TD3,291,6001,65,40.37478730487534,0
Transformer+GAIL+TD3,291,6001,66,2.7013765533437795,0
Transformer+GAIL+TD3,291,6001,67,8.747454908507644,0
Transformer+GAIL+TD3,291,6001,68,4.205573093446629,0
Transformer+GAIL+TD3,291,6001,69,2.5563961802832496,0
Transformer+GAIL+TD3,291,6001,70,52.19463753723933,0
Transformer+GAIL+TD3,291,6001,71,3.6060415797190837,0
Transformer+GAIL+TD3,291,6001,72,22.33020999468368,0
Transformer+GAIL+TD3,291,6001,73,1.6622145219719644,0
Transformer+GAIL+TD3,291,6001,74,2.102669959957252,0
Transformer+GAIL+TD3,291,6001,75,34.05752532561505,0
Transformer+GAIL+TD3,291,6001,76,1.6337077012328778,0
Transformer+GAIL+TD3,291,6001,77,99.70172009382328,0
Transformer+GAIL+TD3,291,6001,78,3.0632642989014203,0
Transformer+GAIL+TD3,291,6001,79,3.0373330515900885,0
Transformer+GAIL+TD3,291,6001,80,4.027133814773375,0
Transformer+GAIL+TD3,291,6001,81,16.93231270503694,0
Transformer+GAIL+TD3,291,6001,82,10.421992023618376,0
Transformer+GAIL+TD3,291,6001,83,5.9130389405570885,0
Transformer+GAIL+TD3,291,6001,84,8.65814405646276,0
Transformer+GAIL+TD3,291,6001,85,8.956334122812086,0
Transformer+GAIL+TD3,291,6001,86,3.9508410440687265,0
Transformer+GAIL+TD3,291,6001,87,4.381551764159703,0
Transformer+GAIL+TD3,291,6001,88,1.9998883952459436,0
Transformer+GAIL+TD3,291,6001,89,3.844264864244196,0
Transformer+GAIL+TD3,291,6001,90,4.6965367595388665,0
Transformer+GAIL+TD3,291,6001,91,8.969488400017152,0
Transformer+GAIL+TD3,291,6001,92,3.9189996131588307,0
Transformer+GAIL+TD3,291,6001,93,45.427083940967165,0
Transformer+GAIL+TD3,291,6001,94,3.192423079145719,0
Transformer+GAIL+TD3,291,6001,95,9.745442239874613,0
Transformer+GAIL+TD3,291,6001,96,3.07324529853047,0
Transformer+GAIL+TD3,291,6001,97,42.00452634116292,0
Transformer+GAIL+TD3,291,6001,98,5.8614657414926405,0
Transformer+GAIL+TD3,291,6002,5,5.36445189274448,0
Transformer+GAIL+TD3,291,6002,6,60.603061224489785,0
Transformer+GAIL+TD3,291,6002,7,16.122103004291844,0
Transformer+GAIL+TD3,291,6002,8,13.471428571428572,0
Transformer+GAIL+TD3,291,6002,9,17.411635081533717,0
Transformer+GAIL+TD3,291,6002,10,7.531993553891365,0
Transformer+GAIL+TD3,291,6002,11,8.691159520516367,0
Transformer+GAIL+TD3,291,6002,12,10.986318104080135,0
Transformer+GAIL+TD3,291,6002,13,7.785509799603611,0
Transformer+GAIL+TD3,291,6002,14,7.042295314916204,0
Transformer+GAIL+TD3,291,6002,15,6.283144068956082,0
Transformer+GAIL+TD3,291,6002,16,5.989492143857218,0
Transformer+GAIL+TD3,291,6002,17,12.862924609931056,0
Transformer+GAIL+TD3,291,6002,18,3.1914217737736688,0
Transformer+GAIL+TD3,291,6002,19,5.593103371511894,0
Transformer+GAIL+TD3,291,6002,20,5.5325179111911424,0
Transformer+GAIL+TD3,291,6002,21,5.04183990217289,0
Transformer+GAIL+TD3,291,6002,22,5.451768811972754,0
Transformer+GAIL+TD3,291,6002,23,5.732797320608916,0
Transformer+GAIL+TD3,291,6002,24,4.681765812367741,0
Transformer+GAIL+TD3,291,6002,25,3.8432448053636956,0
Transformer+GAIL+TD3,291,6002,26,7.4868370244179445,0
Transformer+GAIL+TD3,291,6002,27,3.825238130460153,0
Transformer+GAIL+TD3,291,6002,28,24.618515419555344,0
Transformer+GAIL+TD3,291,6002,29,3.3484248495139033,0
Transformer+GAIL+TD3,291,6002,30,15.282895751704565,0
Transformer+GAIL+TD3,291,6002,31,3.2651957807220833,0
Transformer+GAIL+TD3,291,6002,32,11.048609598489797,0
Transformer+GAIL+TD3,291,6002,33,18.173587125382724,0
Transformer+GAIL+TD3,291,6002,34,3.893904197073477,0
Transformer+GAIL+TD3,291,6002,35,7.816735585812742,0
Transformer+GAIL+TD3,291,6002,36,2.5334285551229536,0
Transformer+GAIL+TD3,291,6002,37,7.57601600600225,0
Transformer+GAIL+TD3,291,6002,38,10.589191659774519,0
Transformer+GAIL+TD3,291,6002,39,3.653193065868078,0
Transformer+GAIL+TD3,291,6002,40,17.102054119608884,0
Transformer+GAIL+TD3,291,6002,41,2.5022077092078865,0
Transformer+GAIL+TD3,291,6002,42,3.8949908974566942,0
Transformer+GAIL+TD3,291,6002,43,2.1591219868412574,0
Transformer+GAIL+TD3,291,6002,44,5.261585542213638,0
Transformer+GAIL+TD3,291,6002,45,27.562775203890183,0
Transformer+GAIL+TD3,291,6002,46,3.2075695377648503,0
Transformer+GAIL+TD3,291,6002,47,3.1955749605835373,0
Transformer+GAIL+TD3,291,6002,48,6.154124474126644,0
Transformer+GAIL+TD3,291,6002,49,18.62644527744047,0
Transformer+GAIL+TD3,291,6002,50,2.8110742096411765,0
Transformer+GAIL+TD3,291,6002,51,4.688087028455552,0
Transformer+GAIL+TD3,291,6002,52,2.739226207435077,0
Transformer+GAIL+TD3,291,6002,53,5.185018628478286,0
Transformer+GAIL+TD3,291,6002,54,21.836420831876964,0
Transformer+GAIL+TD3,291,6002,55,2.838436295938446,0
Transformer+GAIL+TD3,291,6002,56,14.82656238814518,0
Transformer+GAIL+TD3,291,6002,57,1.8478965997561392,0
Transformer+GAIL+TD3,291,6002,58,6.619564986059975,0
Transformer+GAIL+TD3,291,6002,59,9.05926891249104,0
Transformer+GAIL+TD3,291,6002,60,3.8956916304599827,0
Transformer+GAIL+TD3,291,6002,61,4.983985197473363,0
Transformer+GAIL+TD3,291,6002,62,29.060432793807173,0
Transformer+GAIL+TD3,291,6002,63,6.171657892852027,0
Transformer+GAIL+TD3,291,6002,64,15.403565886755713,0
Transformer+GAIL+TD3,291,6002,65,2.4598252313817826,0
Transformer+GAIL+TD3,291,6002,66,9.805874128929375,0
Transformer+GAIL+TD3,291,6002,67,3.529460974376265,0
Transformer+GAIL+TD3,291,6002,68,12.638281327427558,0
Transformer+GAIL+TD3,291,6002,69,5.579311387021651,0
Transformer+GAIL+TD3,291,6002,70,9.693547204399634,0
Transformer+GAIL+TD3,291,6002,71,2.518586648623232,0
Transformer+GAIL+TD3,291,6002,72,10.578474472245615,0
Transformer+GAIL+TD3,291,6002,73,6.0741449083798065,0
Transformer+GAIL+TD3,291,6002,74,4.601914402300582,0
Transformer+GAIL+TD3,291,6002,75,5.649363601204573,0
Transformer+GAIL+TD3,291,6002,76,11.31937614246123,0
Transformer+GAIL+TD3,291,6002,77,43.997947765224346,0
Transformer+GAIL+TD3,291,6002,78,3.228377423463579,0
Transformer+GAIL+TD3,291,6002,79,11.425873070345041,0
Transformer+GAIL+TD3,291,6002,80,5.926948794147902,0
Transformer+GAIL+TD3,291,6002,81,2.760257600405083,0
Transformer+GAIL+TD3,291,6002,82,5.724795863701964,0
Transformer+GAIL+TD3,291,6002,83,8.77073530833799,0
Transformer+GAIL+TD3,291,6002,84,3.4541409170313875,0
Transformer+GAIL+TD3,291,6002,85,49.092377508084994,0
Transformer+GAIL+TD3,291,6002,86,3.3593111959645823,0
Transformer+GAIL+TD3,291,6002,87,84.50318442669067,0
Transformer+GAIL+TD3,291,6002,88,4.390374064837905,0
Transformer+GAIL+TD3,291,6002,89,12.768942987520871,0
Transformer+GAIL+TD3,291,6002,90,26.05348621355784,0
Transformer+GAIL+TD3,291,6002,91,3.0496539128578255,0
Transformer+GAIL+TD3,291,6002,92,58.36588579356604,0
Transformer+GAIL+TD3,291,6002,93,4.632169607086869,0
Transformer+GAIL+TD3,291,6002,94,5.867734668599535,0
Transformer+GAIL+TD3,291,6002,95,4.7383654412469,0
Transformer+GAIL+TD3,291,6002,96,49.929118470395615,0
Transformer+GAIL+TD3,291,6002,97,21.70025219098046,0
Transformer+GAIL+TD3,291,6002,98,4.013123152194674,0
Transformer+GAIL+TD3,291,6003,5,7.6415131321050564,0
Transformer+GAIL+TD3,291,6003,6,89.84313725490198,0
Transformer+GAIL+TD3,291,6003,7,23.762229102167176,0
Transformer+GAIL+TD3,291,6003,8,13.72409558892982,0
Transformer+GAIL+TD3,291,6003,9,8.617456236993512,0
Transformer+GAIL+TD3,291,6003,10,5.4948086997936185,0
Transformer+GAIL+TD3,291,6003,11,5.737161806179689,0
Transformer+GAIL+TD3,291,6003,12,10.13893313648549,0
Transformer+GAIL+TD3,291,6003,13,8.387526869226747,0
Transformer+GAIL+TD3,291,6003,14,5.219623492028303,0
Transformer+GAIL+TD3,291,6003,15,4.5684645141123,0
Transformer+GAIL+TD3,291,6003,16,5.78914356299753,0
Transformer+GAIL+TD3,291,6003,17,4.447335775899373,0
Transformer+GAIL+TD3,291,6003,18,7.1640625,0
Transformer+GAIL+TD3,291,6003,19,8.272619884265143,0
Transformer+GAIL+TD3,291,6003,20,4.98803730047987,0
Transformer+GAIL+TD3,291,6003,21,4.03579858379229,0
Transformer+GAIL+TD3,291,6003,22,5.843669250645994,0
Transformer+GAIL+TD3,291,6003,23,3.4385240817799425,0
Transformer+GAIL+TD3,291,6003,24,4.07378412132025,0
Transformer+GAIL+TD3,291,6003,25,4.516609859083278,0
Transformer+GAIL+TD3,291,6003,26,5.628118064067313,0
Transformer+GAIL+TD3,291,6003,27,2.137883595303689,0
Transformer+GAIL+TD3,291,6003,28,16.097629885418304,0
Transformer+GAIL+TD3,291,6003,29,8.287781753130592,0
Transformer+GAIL+TD3,291,6003,30,6.959961747565633,0
Transformer+GAIL+TD3,291,6003,31,5.517515319760503,0
Transformer+GAIL+TD3,291,6003,32,15.663761915248374,0
Transformer+GAIL+TD3,291,6003,33,17.40541138960234,0
Transformer+GAIL+TD3,291,6003,34,4.0525141212831715,0
Transformer+GAIL+TD3,291,6003,35,4.061221362949752,0
Transformer+GAIL+TD3,291,6003,36,31.248826830623074,0
Transformer+GAIL+TD3,291,6003,37,3.8869560434938744,0
Transformer+GAIL+TD3,291,6003,38,18.45937111794402,0
Transformer+GAIL+TD3,291,6003,39,5.21930773160763,0
Transformer+GAIL+TD3,291,6003,40,3.4024074315961013,0
Transformer+GAIL+TD3,291,6003,41,15.921033301952184,0
Transformer+GAIL+TD3,291,6003,42,2.2258577493379983,0
Transformer+GAIL+TD3,291,6003,43,3.8148713982437212,0
Transformer+GAIL+TD3,291,6003,44,2.459128172479112,0
Transformer+GAIL+TD3,291,6003,45,5.972199154810017,0
Transformer+GAIL+TD3,291,6003,46,38.02569484195128,0
Transformer+GAIL+TD3,291,6003,47,6.057378470340911,0
Transformer+GAIL+TD3,291,6003,48,12.63446302122242,0
Transformer+GAIL+TD3,291,6003,49,7.556620423356258,0
Transformer+GAIL+TD3,291,6003,50,5.3372604794794105,0
Transformer+GAIL+TD3,291,6003,51,23.007441238255492,0
Transformer+GAIL+TD3,291,6003,52,3.6331362232951543,0
Transformer+GAIL+TD3,291,6003,53,8.348189256459946,0
Transformer+GAIL+TD3,291,6003,54,6.913380660469126,0
Transformer+GAIL+TD3,291,6003,55,17.28514185308991,0
Transformer+GAIL+TD3,291,6003,56,103.53503239004432,0
Transformer+GAIL+TD3,291,6003,57,3.3084826688191824,0
Transformer+GAIL+TD3,291,6003,58,7.524756991913246,0
Transformer+GAIL+TD3,291,6003,59,13.553064803888363,0
Transformer+GAIL+TD3,291,6003,60,3.1601670496270624,0
Transformer+GAIL+TD3,291,6003,61,19.265445291011982,0
Transformer+GAIL+TD3,291,6003,62,2.6853517339001356,0
Transformer+GAIL+TD3,291,6003,63,12.532406514965373,0
Transformer+GAIL+TD3,291,6003,64,3.208878085949577,0
Transformer+GAIL+TD3,291,6003,65,82.57410683421787,0
Transformer+GAIL+TD3,291,6003,66,3.8620381410831643,0
Transformer+GAIL+TD3,291,6003,67,25.50238738891474,0
Transformer+GAIL+TD3,291,6003,68,16.105598024552823,0
Transformer+GAIL+TD3,291,6003,69,7.83841355226392,0
Transformer+GAIL+TD3,291,6003,70,69.79388939538815,0
Transformer+GAIL+TD3,291,6003,71,4.128844644367387,0
Transformer+GAIL+TD3,291,6003,72,7.06102307534566,0
Transformer+GAIL+TD3,291,6003,73,8.87633172789126,0
Transformer+GAIL+TD3,291,6003,74,4.397661959097558,0
Transformer+GAIL+TD3,291,6003,75,14.946924020292517,0
Transformer+GAIL+TD3,291,6003,76,3.9127034247266246,0
Transformer+GAIL+TD3,291,6003,77,2.6448804641978083,0
Transformer+GAIL+TD3,291,6003,78,2.760831673149689,0
Transformer+GAIL+TD3,291,6003,79,3.6347165547864364,0
Transformer+GAIL+TD3,291,6003,80,2.684874237971335,0
Transformer+GAIL+TD3,291,6003,81,12.464730472312603,0
Transformer+GAIL+TD3,291,6003,82,2.463277547399953,0
Transformer+GAIL+TD3,291,6003,83,41.795985704256815,0
Transformer+GAIL+TD3,291,6003,84,3.640323238553619,0
Transformer+GAIL+TD3,291,6003,85,20.53719845827692,0
Transformer+GAIL+TD3,291,6003,86,3.5674169831123517,0
Transformer+GAIL+TD3,291,6003,87,71.21252690902934,0
Transformer+GAIL+TD3,291,6003,88,2.4120683573557136,0
Transformer+GAIL+TD3,291,6003,89,2.5633622097925173,0
Transformer+GAIL+TD3,291,6003,90,2.1933497734923337,0
Transformer+GAIL+TD3,291,6003,91,6.323441046640281,0
Transformer+GAIL+TD3,291,6003,92,10.447915411391643,0
Transformer+GAIL+TD3,291,6003,93,1.5902883569714459,0
Transformer+GAIL+TD3,291,6003,94,1.7636174156925652,0
Transformer+GAIL+TD3,291,6003,95,8.541918452626707,0
Transformer+GAIL+TD3,291,6003,96,0.9331944690563629,1
Transformer+GAIL+TD3,291,6006,5,4.787187839305104,0
Transformer+GAIL+TD3,291,6006,6,28.659895531050488,0
Transformer+GAIL+TD3,291,6006,7,26.78864353312303,0
Transformer+GAIL+TD3,291,6006,8,23.878266033254157,0
Transformer+GAIL+TD3,291,6006,9,16.306335728282168,0
Transformer+GAIL+TD3,291,6006,10,7.440424266455193,0
Transformer+GAIL+TD3,291,6006,11,12.033425247158517,0
Transformer+GAIL+TD3,291,6006,12,5.9622235537640265,0
Transformer+GAIL+TD3,291,6006,13,6.065814883010733,0
Transformer+GAIL+TD3,291,6006,14,10.004105665181413,0
Transformer+GAIL+TD3,291,6006,15,7.629596080207519,0
Transformer+GAIL+TD3,291,6006,16,6.477894871099916,0
Transformer+GAIL+TD3,291,6006,17,5.675714720194647,0
Transformer+GAIL+TD3,291,6006,18,5.135896151509661,0
Transformer+GAIL+TD3,291,6006,19,4.749450155278038,0
Transformer+GAIL+TD3,291,6006,20,6.258643989584363,0
Transformer+GAIL+TD3,291,6006,21,4.9672899373002775,0
Transformer+GAIL+TD3,291,6006,22,5.182255759957135,0
Transformer+GAIL+TD3,291,6006,23,3.785099821457556,0
Transformer+GAIL+TD3,291,6006,24,2.9743942083198145,0
Transformer+GAIL+TD3,291,6006,25,4.609183045800254,0
Transformer+GAIL+TD3,291,6006,26,5.799766457451468,0
Transformer+GAIL+TD3,291,6006,27,6.048903485928221,0
Transformer+GAIL+TD3,291,6006,28,17.833305221967343,0
Transformer+GAIL+TD3,291,6006,29,11.608897339160038,0
Transformer+GAIL+TD3,291,6006,30,3.345585537718066,0
Transformer+GAIL+TD3,291,6006,31,207.08669476219143,0
Transformer+GAIL+TD3,291,6006,32,2.4452205300573486,0
Transformer+GAIL+TD3,291,6006,33,2.8947216097023154,0
Transformer+GAIL+TD3,291,6006,34,5.850597449273807,0
Transformer+GAIL+TD3,291,6006,35,28.909805660833808,0
Transformer+GAIL+TD3,291,6006,36,3.234752174431073,0
Transformer+GAIL+TD3,291,6006,37,3.948075967672912,0
Transformer+GAIL+TD3,291,6006,38,6.182611072615966,0
Transformer+GAIL+TD3,291,6006,39,2.7401198723437377,0
Transformer+GAIL+TD3,291,6006,40,32.42535658735149,0
Transformer+GAIL+TD3,291,6006,41,2.9505779025078898,0
Transformer+GAIL+TD3,291,6006,42,9.776674664577417,0
Transformer+GAIL+TD3,291,6006,43,3.583821978485552,0
Transformer+GAIL+TD3,291,6006,44,12.939654028226341,0
Transformer+GAIL+TD3,291,6006,45,3.4259474285500677,0
Transformer+GAIL+TD3,291,6006,46,8.929943983549599,0
Transformer+GAIL+TD3,291,6006,47,25.56486824912892,0
Transformer+GAIL+TD3,291,6006,48,6.207173470949683,0
Transformer+GAIL+TD3,291,6006,49,19.388521823437525,0
Transformer+GAIL+TD3,291,6006,50,3.678843812919342,0
Transformer+GAIL+TD3,291,6006,51,5.681017912977239,0
Transformer+GAIL+TD3,291,6006,52,3.3893792598628556,0
Transformer+GAIL+TD3,291,6006,53,4.6796463829933606,0
Transformer+GAIL+TD3,291,6006,54,10.04674185227722,0
Transformer+GAIL+TD3,291,6006,55,6.707617878024708,0
Transformer+GAIL+TD3,291,6006,56,40.11158490743352,0
Transformer+GAIL+TD3,291,6006,57,6.549053375419264,0
Transformer+GAIL+TD3,291,6006,58,19.920864023763674,0
Transformer+GAIL+TD3,291,6006,59,4.9608480937331825,0
Transformer+GAIL+TD3,291,6006,60,5.360194312299943,0
Transformer+GAIL+TD3,291,6006,61,9.630123918706854,0
Transformer+GAIL+TD3,291,6006,62,2.835297053075714,0
Transformer+GAIL+TD3,291,6006,63,34.350844100726206,0
Transformer+GAIL+TD3,291,6006,64,2.7387908568096866,0
Transformer+GAIL+TD3,291,6006,65,21.295769755785802,0
Transformer+GAIL+TD3,291,6006,66,3.0381400072265166,0
Transformer+GAIL+TD3,291,6006,67,35.66442737846704,0
Transformer+GAIL+TD3,291,6006,68,3.350312771061189,0
Transformer+GAIL+TD3,291,6006,69,23.500939937437163,0
Transformer+GAIL+TD3,291,6006,70,2.2848234549752737,0
Transformer+GAIL+TD3,291,6006,71,25.913164948995476,0
Transformer+GAIL+TD3,291,6006,72,8.348763049286983,0
Transformer+GAIL+TD3,291,6006,73,30.102306871678422,0
Transformer+GAIL+TD3,291,6006,74,2.198571332632229,0
Transformer+GAIL+TD3,291,6006,75,8.438767965696437,0
Transformer+GAIL+TD3,291,6006,76,2.1703703425254863,0
Transformer+GAIL+TD3,291,6006,77,21.599961809437044,0
Transformer+GAIL+TD3,291,6006,78,13.583547179173095,0
Transformer+GAIL+TD3,291,6006,79,27.01987772760201,0
Transformer+GAIL+TD3,291,6006,80,6.166432244986849,0
Transformer+GAIL+TD3,291,6006,81,6.4284136572743655,0
Transformer+GAIL+TD3,291,6006,82,4.757566988879197,0
Transformer+GAIL+TD3,291,6006,83,5.918803537157904,0
Transformer+GAIL+TD3,291,6006,84,6.421642767580575,0
Transformer+GAIL+TD3,291,6006,85,5.514477079060099,0
Transformer+GAIL+TD3,291,6006,86,2.427492224795123,0
Transformer+GAIL+TD3,291,6006,87,2.9217302539812025,0
Transformer+GAIL+TD3,291,6006,88,1.6262070055111006,0
Transformer+GAIL+TD3,291,6006,89,10.57636069417932,0
Transformer+GAIL+TD3,291,6006,90,5.82439845783064,0
Transformer+GAIL+TD3,291,6006,91,49.316593003221215,0
Transformer+GAIL+TD3,291,6006,92,2.138343711525767,0
Transformer+GAIL+TD3,291,6006,93,76.47580435723562,0
Transformer+GAIL+TD3,291,6006,94,2.894130119385848,0
Transformer+GAIL+TD3,291,6006,95,9.34355319898031,0
Transformer+GAIL+TD3,291,6006,96,5.099004438047259,0
Transformer+GAIL+TD3,291,6006,97,3.459242580860855,0
Transformer+GAIL+TD3,291,6006,98,76.5385945945946,0
Transformer+GAIL+TD3,291,6010,5,4.18985721319547,0
Transformer+GAIL+TD3,291,6010,6,28.3337342152736,0
Transformer+GAIL+TD3,291,6010,7,12.291496320523303,0
Transformer+GAIL+TD3,291,6010,8,10.810391865079366,0
Transformer+GAIL+TD3,291,6010,9,15.54450405832989,0
Transformer+GAIL+TD3,291,6010,10,30.036270634736113,0
Transformer+GAIL+TD3,291,6010,11,9.000254728395847,0
Transformer+GAIL+TD3,291,6010,12,10.23211169284468,0
Transformer+GAIL+TD3,291,6010,13,6.44027728971664,0
Transformer+GAIL+TD3,291,6010,14,6.9913397706698825,0
Transformer+GAIL+TD3,291,6010,15,7.918986488384505,0
Transformer+GAIL+TD3,291,6010,16,7.963870493009566,0
Transformer+GAIL+TD3,291,6010,17,7.334349611721874,0
Transformer+GAIL+TD3,291,6010,18,5.655308936750804,0
Transformer+GAIL+TD3,291,6010,19,5.812919549137822,0
Transformer+GAIL+TD3,291,6010,20,5.241945425549609,0
Transformer+GAIL+TD3,291,6010,21,8.982445874780574,0
Transformer+GAIL+TD3,291,6010,22,4.155562508555449,0
Transformer+GAIL+TD3,291,6010,23,5.278449579951859,0
Transformer+GAIL+TD3,291,6010,24,4.288632637906152,0
Transformer+GAIL+TD3,291,6010,25,3.1579223952756634,0
Transformer+GAIL+TD3,291,6010,26,3.154917469050894,0
Transformer+GAIL+TD3,291,6010,27,5.142647284527176,0
Transformer+GAIL+TD3,291,6010,28,5.082767338571918,0
Transformer+GAIL+TD3,291,6010,29,7.489994664950418,0
Transformer+GAIL+TD3,291,6010,30,28.610935895555233,0
Transformer+GAIL+TD3,291,6010,31,6.423710968230402,0
Transformer+GAIL+TD3,291,6010,32,3.5533317479717503,0
Transformer+GAIL+TD3,291,6010,33,8.46322001350368,0
Transformer+GAIL+TD3,291,6010,34,5.309904823795406,0
Transformer+GAIL+TD3,291,6010,35,69.68662759722963,0
Transformer+GAIL+TD3,291,6010,36,5.035803352013418,0
Transformer+GAIL+TD3,291,6010,37,4.390924637490828,0
Transformer+GAIL+TD3,291,6010,38,66.52371757925071,0
Transformer+GAIL+TD3,291,6010,39,3.417536371870872,0
Transformer+GAIL+TD3,291,6010,40,128.5671709629245,0
Transformer+GAIL+TD3,291,6010,41,4.227388256625276,0
Transformer+GAIL+TD3,291,6010,42,46.210892432982696,0
Transformer+GAIL+TD3,291,6010,43,2.0252278837202926,0
Transformer+GAIL+TD3,291,6010,44,4.014590087188531,0
Transformer+GAIL+TD3,291,6010,45,8.567379977583,0
Transformer+GAIL+TD3,291,6010,46,3.4270886033255756,0
Transformer+GAIL+TD3,291,6010,47,12.394628197595948,0
Transformer+GAIL+TD3,291,6010,48,3.8798588463174566,0
Transformer+GAIL+TD3,291,6010,49,49.77771088155143,0
Transformer+GAIL+TD3,291,6010,50,2.3791109140971587,0
Transformer+GAIL+TD3,291,6010,51,95.63613147705742,0
Transformer+GAIL+TD3,291,6010,52,7.467539510118589,0
Transformer+GAIL+TD3,291,6010,53,150.40244575936885,0
Transformer+GAIL+TD3,291,6010,54,5.061948822270588,0
Transformer+GAIL+TD3,291,6010,55,6.841766123881915,0
Transformer+GAIL+TD3,291,6010,56,158.67267783025616,0
Transformer+GAIL+TD3,291,6010,57,4.948161274870363,0
Transformer+GAIL+TD3,291,6010,58,156.9289894254132,0
Transformer+GAIL+TD3,291,6010,59,7.01873461771337,0
Transformer+GAIL+TD3,291,6010,60,4.671746297217282,0
Transformer+GAIL+TD3,291,6010,61,33.07969147640871,0
Transformer+GAIL+TD3,291,6010,62,3.566941950651526,0
Transformer+GAIL+TD3,291,6010,63,66.29572771999752,0
Transformer+GAIL+TD3,291,6010,64,4.3481126349487385,0
Transformer+GAIL+TD3,291,6010,65,8.667315448787003,0
Transformer+GAIL+TD3,291,6010,66,7.83402092208043,0
Transformer+GAIL+TD3,291,6010,67,3.8412624041764944,0
Transformer+GAIL+TD3,291,6010,68,40.82486150416854,0
Transformer+GAIL+TD3,291,6010,69,2.0813754889838463,0
Transformer+GAIL+TD3,291,6010,70,3.222898309729622,0
Transformer+GAIL+TD3,291,6010,71,7.46138533853246,0
Transformer+GAIL+TD3,291,6010,72,2.8258211352372147,0
Transformer+GAIL+TD3,291,6010,73,36.28698827102652,0
Transformer+GAIL+TD3,291,6010,74,26.729758424503938,0
Transformer+GAIL+TD3,291,6010,75,118.47074017544153,0
Transformer+GAIL+TD3,291,6010,76,10.265193615114935,0
Transformer+GAIL+TD3,291,6010,77,5.890449994617604,0
Transformer+GAIL+TD3,291,6010,78,9.656136076201257,0
Transformer+GAIL+TD3,291,6010,79,3.7428835228306316,0
Transformer+GAIL+TD3,291,6010,80,8.84208740692658,0
Transformer+GAIL+TD3,291,6010,81,11.076375199185803,0
Transformer+GAIL+TD3,291,6010,82,2.6873735147175446,0
Transformer+GAIL+TD3,291,6010,83,3.709814397977894,0
Transformer+GAIL+TD3,291,6010,84,4.7213895331978275,0
Transformer+GAIL+TD3,291,6010,85,8.35864092956234,0
Transformer+GAIL+TD3,291,6010,86,7.14556202553399,0
Transformer+GAIL+TD3,291,6010,87,59.41420353104542,0
Transformer+GAIL+TD3,291,6010,88,2.109478945247214,0
Transformer+GAIL+TD3,291,6010,89,3.371252824232727,0
Transformer+GAIL+TD3,291,6010,90,5.150121319977225,0
Transformer+GAIL+TD3,291,6010,91,7.579335530100016,0
Transformer+GAIL+TD3,291,6010,92,8.019457529338029,0
Transformer+GAIL+TD3,291,6010,93,1.861434139549057,0
Transformer+GAIL+TD3,291,6010,94,4.123867308732668,0
Transformer+GAIL+TD3,291,6010,95,13.701223418932127,0
Transformer+GAIL+TD3,291,6010,96,2.716088680002375,0
Transformer+GAIL+TD3,291,6010,97,13.352988699070226,0
Transformer+GAIL+TD3,291,6010,98,1.859646365122442,0
Transformer+GAIL+TD3,291,6011,5,4.547719885748054,0
Transformer+GAIL+TD3,291,6011,6,29.30583382439599,0
Transformer+GAIL+TD3,291,6011,7,16.183394532843735,0
Transformer+GAIL+TD3,291,6011,8,11.907350969157624,0
Transformer+GAIL+TD3,291,6011,9,16.185679784060234,0
Transformer+GAIL+TD3,291,6011,10,13.348812191842228,0
Transformer+GAIL+TD3,291,6011,11,9.891989257876466,0
Transformer+GAIL+TD3,291,6011,12,6.643634531407457,0
Transformer+GAIL+TD3,291,6011,13,8.515228426395938,0
Transformer+GAIL+TD3,291,6011,14,8.63683651804671,0
Transformer+GAIL+TD3,291,6011,15,7.086514155712842,0
Transformer+GAIL+TD3,291,6011,16,6.0895018639829415,0
Transformer+GAIL+TD3,291,6011,17,6.253524934196485,0
Transformer+GAIL+TD3,291,6011,18,5.533980807029715,0
Transformer+GAIL+TD3,291,6011,19,4.0401302780039545,0
Transformer+GAIL+TD3,291,6011,20,7.375176869477001,0
Transformer+GAIL+TD3,291,6011,21,4.091006610951728,0
Transformer+GAIL+TD3,291,6011,22,5.234364436171427,0
Transformer+GAIL+TD3,291,6011,23,3.9227088985245135,0
Transformer+GAIL+TD3,291,6011,24,3.562012576935157,0
Transformer+GAIL+TD3,291,6011,25,3.1259824551161963,0
Transformer+GAIL+TD3,291,6011,26,7.038822559629858,0
Transformer+GAIL+TD3,291,6011,27,3.202144698907169,0
Transformer+GAIL+TD3,291,6011,28,43.19010669253153,0
Transformer+GAIL+TD3,291,6011,29,3.3169530497467608,0
Transformer+GAIL+TD3,291,6011,30,4.362689878818911,0
Transformer+GAIL+TD3,291,6011,31,7.831136505841018,0
Transformer+GAIL+TD3,291,6011,32,8.860549604098741,0
Transformer+GAIL+TD3,291,6011,33,20.22336831674249,0
Transformer+GAIL+TD3,291,6011,34,11.68106065775109,0
Transformer+GAIL+TD3,291,6011,35,4.192288249965425,0
Transformer+GAIL+TD3,291,6011,36,2.866462180326242,0
Transformer+GAIL+TD3,291,6011,37,4.895255424237574,0
Transformer+GAIL+TD3,291,6011,38,8.663422318772234,0
Transformer+GAIL+TD3,291,6011,39,17.7130022265236,0
Transformer+GAIL+TD3,291,6011,40,4.7656008119870314,0
Transformer+GAIL+TD3,291,6011,41,16.87976639291624,0
Transformer+GAIL+TD3,291,6011,42,3.09440497369246,0
Transformer+GAIL+TD3,291,6011,43,5.495199312248315,0
Transformer+GAIL+TD3,291,6011,44,33.51469818236218,0
Transformer+GAIL+TD3,291,6011,45,1.8611439764480178,0
Transformer+GAIL+TD3,291,6011,46,7.272978161183887,0
Transformer+GAIL+TD3,291,6011,47,4.120498555091758,0
Transformer+GAIL+TD3,291,6011,48,17.585146975091995,0
Transformer+GAIL+TD3,291,6011,49,6.620338422271589,0
Transformer+GAIL+TD3,291,6011,50,6.706123151014792,0
Transformer+GAIL+TD3,291,6011,51,4.863634171471163,0
Transformer+GAIL+TD3,291,6011,52,47.143927097342676,0
Transformer+GAIL+TD3,291,6011,53,3.692340189082292,0
Transformer+GAIL+TD3,291,6011,54,91.8169673131697,0
Transformer+GAIL+TD3,291,6011,55,4.688851464032208,0
Transformer+GAIL+TD3,291,6011,56,27.403614611391042,0
Transformer+GAIL+TD3,291,6011,57,14.974860344336706,0
Transformer+GAIL+TD3,291,6011,58,3.1375911148453968,0
Transformer+GAIL+TD3,291,6011,59,164.56427711593543,0
Transformer+GAIL+TD3,291,6011,60,4.31155952182676,0
Transformer+GAIL+TD3,291,6011,61,44.6295481687043,0
Transformer+GAIL+TD3,291,6011,62,4.104879549561459,0
Transformer+GAIL+TD3,291,6011,63,3.6891253875999186,0
Transformer+GAIL+TD3,291,6011,64,122.49232966896467,0
Transformer+GAIL+TD3,291,6011,65,2.924651939836603,0
Transformer+GAIL+TD3,291,6011,66,7.93704207808749,0
Transformer+GAIL+TD3,291,6011,67,7.498129186572832,0
Transformer+GAIL+TD3,291,6011,68,8.377378989647807,0
Transformer+GAIL+TD3,291,6011,69,242.89669167103673,0
Transformer+GAIL+TD3,291,6011,70,6.463342565568726,0
Transformer+GAIL+TD3,291,6011,71,10.306306829482876,0
Transformer+GAIL+TD3,291,6011,72,5.443264027733017,0
Transformer+GAIL+TD3,291,6011,73,13.612196372202394,0
Transformer+GAIL+TD3,291,6011,74,2.9922358339319537,0
Transformer+GAIL+TD3,291,6011,75,3.7620435820227542,0
Transformer+GAIL+TD3,291,6011,76,2.343373260527612,0
Transformer+GAIL+TD3,291,6011,77,2.026525226119668,0
Transformer+GAIL+TD3,291,6011,78,17.14341881207795,0
Transformer+GAIL+TD3,291,6011,79,3.1561861248046172,0
Transformer+GAIL+TD3,291,6011,80,15.15129822188796,0
Transformer+GAIL+TD3,291,6011,81,7.461289854859283,0
Transformer+GAIL+TD3,291,6011,82,6.662161318006691,0
Transformer+GAIL+TD3,291,6011,83,3.339558630445935,0
Transformer+GAIL+TD3,291,6011,84,16.073284100117736,0
Transformer+GAIL+TD3,291,6011,85,4.31355367109313,0
Transformer+GAIL+TD3,291,6011,86,2.9439734503870456,0
Transformer+GAIL+TD3,291,6011,87,9.33058217214952,0
Transformer+GAIL+TD3,291,6011,88,80.64524930556924,0
Transformer+GAIL+TD3,291,6011,89,5.233736369144973,0
Transformer+GAIL+TD3,291,6011,90,70.97159717691713,0
Transformer+GAIL+TD3,291,6011,91,3.679468306575368,0
Transformer+GAIL+TD3,291,6011,92,16.24378252449205,0
Transformer+GAIL+TD3,291,6011,93,9.446779978534842,0
Transformer+GAIL+TD3,291,6011,94,6.952980854687654,0
Transformer+GAIL+TD3,291,6011,95,7.186317525278072,0
Transformer+GAIL+TD3,291,6011,96,5.926916073644546,0
Transformer+GAIL+TD3,291,6011,97,5.593553657419159,0
Transformer+GAIL+TD3,291,6011,98,4.2683824483602075,0
Transformer+GAIL+TD3,291,6016,5,2.925148514851485,0
Transformer+GAIL+TD3,291,6016,6,30.075294117647058,0
Transformer+GAIL+TD3,291,6016,7,12.703512729616502,0
Transformer+GAIL+TD3,291,6016,8,15.476666666666668,0
Transformer+GAIL+TD3,291,6016,9,36.63954802259887,0
Transformer+GAIL+TD3,291,6016,10,20.074640619240693,0
Transformer+GAIL+TD3,291,6016,11,16.838415502992305,0
Transformer+GAIL+TD3,291,6016,12,10.354453994270104,0
Transformer+GAIL+TD3,291,6016,13,8.882821875535745,0
Transformer+GAIL+TD3,291,6016,14,5.2746659944542476,0
Transformer+GAIL+TD3,291,6016,15,11.548057344691461,0
Transformer+GAIL+TD3,291,6016,16,11.063226225251539,0
Transformer+GAIL+TD3,291,6016,17,7.515470934510669,0
Transformer+GAIL+TD3,291,6016,18,7.049481115195679,0
Transformer+GAIL+TD3,291,6016,19,6.105455607328313,0
Transformer+GAIL+TD3,291,6016,20,5.920809764810954,0
Transformer+GAIL+TD3,291,6016,21,4.094544167545068,0
Transformer+GAIL+TD3,291,6016,22,6.062492816617385,0
Transformer+GAIL+TD3,291,6016,23,4.933765875207069,0
Transformer+GAIL+TD3,291,6016,24,5.0938797444765145,0
Transformer+GAIL+TD3,291,6016,25,4.020011734629731,0
Transformer+GAIL+TD3,291,6016,26,5.237129594302429,0
Transformer+GAIL+TD3,291,6016,27,4.384146660663993,0
Transformer+GAIL+TD3,291,6016,28,8.512967783700399,0
Transformer+GAIL+TD3,291,6016,29,4.532018174440565,0
Transformer+GAIL+TD3,291,6016,30,11.45583751098248,0
Transformer+GAIL+TD3,291,6016,31,2.1670015911852567,0
Transformer+GAIL+TD3,291,6016,32,3.1832281713839308,0
Transformer+GAIL+TD3,291,6016,33,25.166164406495895,0
Transformer+GAIL+TD3,291,6016,34,2.1217851930595844,0
Transformer+GAIL+TD3,291,6016,35,37.393935273320636,0
Transformer+GAIL+TD3,291,6016,36,2.6122593975895763,0
Transformer+GAIL+TD3,291,6016,37,17.066733406369234,0
Transformer+GAIL+TD3,291,6016,38,5.7302005059646905,0
Transformer+GAIL+TD3,291,6016,39,38.52799642944088,0
Transformer+GAIL+TD3,291,6016,40,11.074545488494836,0
Transformer+GAIL+TD3,291,6016,41,7.639763350459287,0
Transformer+GAIL+TD3,291,6016,42,4.936976618005365,0
Transformer+GAIL+TD3,291,6016,43,10.483786644522548,0
Transformer+GAIL+TD3,291,6016,44,23.39197251170518,0
Transformer+GAIL+TD3,291,6016,45,2.7035382740666885,0
Transformer+GAIL+TD3,291,6016,46,6.929909716607903,0
Transformer+GAIL+TD3,291,6016,47,9.06085905344158,0
Transformer+GAIL+TD3,291,6016,48,10.025518854252283,0
Transformer+GAIL+TD3,291,6016,49,8.497289422399401,0
Transformer+GAIL+TD3,291,6016,50,4.080944486399771,0
Transformer+GAIL+TD3,291,6016,51,3.2463339591221447,0
Transformer+GAIL+TD3,291,6016,52,4.265486368621238,0
Transformer+GAIL+TD3,291,6016,53,5.180091277321982,0
Transformer+GAIL+TD3,291,6016,54,4.352150174092951,0
Transformer+GAIL+TD3,291,6016,55,8.788614458612772,0
Transformer+GAIL+TD3,291,6016,56,5.707006868893565,0
Transformer+GAIL+TD3,291,6016,57,8.410648325054131,0
Transformer+GAIL+TD3,291,6016,58,95.72082575442134,0
Transformer+GAIL+TD3,291,6016,59,6.741963354399838,0
Transformer+GAIL+TD3,291,6016,60,5.4148955548152,0
Transformer+GAIL+TD3,291,6016,61,8.448461342701995,0
Transformer+GAIL+TD3,291,6016,62,3.068714057568585,0
Transformer+GAIL+TD3,291,6016,63,26.88231601677254,0
Transformer+GAIL+TD3,291,6016,64,13.306147277844117,0
Transformer+GAIL+TD3,291,6016,65,6.233789833112205,0
Transformer+GAIL+TD3,291,6016,66,20.460786840183832,0
Transformer+GAIL+TD3,291,6016,67,5.666749672235482,0
Transformer+GAIL+TD3,291,6016,68,9.034147859730055,0
Transformer+GAIL+TD3,291,6016,69,2.7750479822988297,0
Transformer+GAIL+TD3,291,6016,70,5.271727266570111,0
Transformer+GAIL+TD3,291,6016,71,3.7489669549730578,0
Transformer+GAIL+TD3,291,6016,72,5.109540253651825,0
Transformer+GAIL+TD3,291,6016,73,9.548526388087827,0
Transformer+GAIL+TD3,291,6016,74,5.876624441586865,0
Transformer+GAIL+TD3,291,6016,75,5.401097109694668,0
Transformer+GAIL+TD3,291,6016,76,4.756834155530526,0
Transformer+GAIL+TD3,291,6016,77,7.891585815245214,0
Transformer+GAIL+TD3,291,6016,78,5.13784649989426,0
Transformer+GAIL+TD3,291,6016,79,35.54768018075846,0
Transformer+GAIL+TD3,291,6016,80,11.79554618830434,0
Transformer+GAIL+TD3,291,6016,81,4.074093261143845,0
Transformer+GAIL+TD3,291,6016,82,14.192868830733396,0
Transformer+GAIL+TD3,291,6016,83,9.49744054247499,0
Transformer+GAIL+TD3,291,6016,84,5.393143655063866,0
Transformer+GAIL+TD3,291,6016,85,11.559003426037888,0
Transformer+GAIL+TD3,291,6016,86,3.8225264500734992,0
Transformer+GAIL+TD3,291,6016,87,16.189353945085493,0
Transformer+GAIL+TD3,291,6016,88,1.7143543261389211,0
Transformer+GAIL+TD3,291,6016,89,10.362045064327923,0
Transformer+GAIL+TD3,291,6016,90,1.306580009941441,0
Transformer+GAIL+TD3,291,6016,91,2.4830578475134133,0
Transformer+GAIL+TD3,291,6016,92,3.0687212114856077,0
Transformer+GAIL+TD3,291,6016,93,10.484420483919795,0
Transformer+GAIL+TD3,291,6016,94,0.7303166043407582,1
Transformer+GAIL+TD3,291,6019,5,7.175134605971611,0
Transformer+GAIL+TD3,291,6019,6,47.14553472987872,0
Transformer+GAIL+TD3,291,6019,7,22.59211568938194,0
Transformer+GAIL+TD3,291,6019,8,12.333183735750831,0
Transformer+GAIL+TD3,291,6019,9,8.515184186882301,0
Transformer+GAIL+TD3,291,6019,10,5.807743831295104,0
Transformer+GAIL+TD3,291,6019,11,7.0496511881403965,0
Transformer+GAIL+TD3,291,6019,12,6.062701632222825,0
Transformer+GAIL+TD3,291,6019,13,9.191471948275156,0
Transformer+GAIL+TD3,291,6019,14,3.817040694195093,0
Transformer+GAIL+TD3,291,6019,15,7.352415568680904,0
Transformer+GAIL+TD3,291,6019,16,8.293222683264176,0
Transformer+GAIL+TD3,291,6019,17,3.943380883332681,0
Transformer+GAIL+TD3,291,6019,18,6.056628718325376,0
Transformer+GAIL+TD3,291,6019,19,10.102462031883785,0
Transformer+GAIL+TD3,291,6019,20,11.932046148356658,0
Transformer+GAIL+TD3,291,6019,21,3.2861477640293675,0
Transformer+GAIL+TD3,291,6019,22,6.044591627436275,0
Transformer+GAIL+TD3,291,6019,23,4.545260063992856,0
Transformer+GAIL+TD3,291,6019,24,3.983522335693252,0
Transformer+GAIL+TD3,291,6019,25,4.468212126961754,0
Transformer+GAIL+TD3,291,6019,26,6.809608198482832,0
Transformer+GAIL+TD3,291,6019,27,3.055649215360208,0
Transformer+GAIL+TD3,291,6019,28,7.529883257403189,0
Transformer+GAIL+TD3,291,6019,29,17.26146026050719,0
Transformer+GAIL+TD3,291,6019,30,11.328118743159187,0
Transformer+GAIL+TD3,291,6019,31,4.021666235132034,0
Transformer+GAIL+TD3,291,6019,32,88.6464175330149,0
Transformer+GAIL+TD3,291,6019,33,3.285314988393618,0
Transformer+GAIL+TD3,291,6019,34,84.2122867354508,0
Transformer+GAIL+TD3,291,6019,35,3.892766583727349,0
Transformer+GAIL+TD3,291,6019,36,19.477904008808366,0
Transformer+GAIL+TD3,291,6019,37,2.2866568117764956,0
Transformer+GAIL+TD3,291,6019,38,4.710528367596227,0
Transformer+GAIL+TD3,291,6019,39,50.22841328413284,0
Transformer+GAIL+TD3,291,6019,40,2.4334678939104517,0
Transformer+GAIL+TD3,291,6019,41,7.806328150580072,0
Transformer+GAIL+TD3,291,6019,42,11.52912533814247,0
Transformer+GAIL+TD3,291,6019,43,4.844709925404737,0
Transformer+GAIL+TD3,291,6019,44,199.99745138757788,0
Transformer+GAIL+TD3,291,6019,45,4.927819427915404,0
Transformer+GAIL+TD3,291,6019,46,3.967340447311785,0
Transformer+GAIL+TD3,291,6019,47,112.9218550560204,0
Transformer+GAIL+TD3,291,6019,48,9.639030720498493,0
Transformer+GAIL+TD3,291,6019,49,5.137460401558551,0
Transformer+GAIL+TD3,291,6019,50,5.579613979488533,0
Transformer+GAIL+TD3,291,6019,51,4.24845782517925,0
Transformer+GAIL+TD3,291,6019,52,68.05308275634685,0
Transformer+GAIL+TD3,291,6019,53,3.309045464506016,0
Transformer+GAIL+TD3,291,6019,54,6.548358937710139,0
Transformer+GAIL+TD3,291,6019,55,5.804941835301013,0
Transformer+GAIL+TD3,291,6019,56,3.7000684280026106,0
Transformer+GAIL+TD3,291,6019,57,10.280146010194656,0
Transformer+GAIL+TD3,291,6019,58,26.756838765236594,0
Transformer+GAIL+TD3,291,6019,59,4.1529658811807035,0
Transformer+GAIL+TD3,291,6019,60,72.84814584259671,0
Transformer+GAIL+TD3,291,6019,61,2.011966147244689,0
Transformer+GAIL+TD3,291,6019,62,19.147156960070593,0
Transformer+GAIL+TD3,291,6019,63,9.193241277177922,0
Transformer+GAIL+TD3,291,6019,64,10.959251595209121,0
Transformer+GAIL+TD3,291,6019,65,69.01072290019822,0
Transformer+GAIL+TD3,291,6019,66,4.8312555691231305,0
Transformer+GAIL+TD3,291,6019,67,7.608842539970288,0
Transformer+GAIL+TD3,291,6019,68,4.389263216410562,0
Transformer+GAIL+TD3,291,6019,69,2.809418436770181,0
Transformer+GAIL+TD3,291,6019,70,11.701374593468703,0
Transformer+GAIL+TD3,291,6019,71,12.423938875408343,0
Transformer+GAIL+TD3,291,6019,72,7.404830862681253,0
Transformer+GAIL+TD3,291,6019,73,4.905574375248625,0
Transformer+GAIL+TD3,291,6019,74,22.422265430691084,0
Transformer+GAIL+TD3,291,6019,75,10.085929831938543,0
Transformer+GAIL+TD3,291,6019,76,4.522755270750043,0
Transformer+GAIL+TD3,291,6019,77,2.6900681649496128,0
Transformer+GAIL+TD3,291,6019,78,31.373753491258924,0
Transformer+GAIL+TD3,291,6019,79,2.2537216299888723,0
Transformer+GAIL+TD3,291,6019,80,2.814740559524622,0
Transformer+GAIL+TD3,291,6019,81,5.021379598565761,0
Transformer+GAIL+TD3,291,6019,82,16.670310235697368,0
Transformer+GAIL+TD3,291,6019,83,3.574928371182426,0
Transformer+GAIL+TD3,291,6019,84,7.407876850844821,0
Transformer+GAIL+TD3,291,6019,85,9.017888691155516,0
Transformer+GAIL+TD3,291,6019,86,78.9934552613387,0
Transformer+GAIL+TD3,291,6019,87,3.7936057191560026,0
Transformer+GAIL+TD3,291,6019,88,9.726239640464556,0
Transformer+GAIL+TD3,291,6019,89,4.703667283306749,0
Transformer+GAIL+TD3,291,6019,90,18.988522612870238,0
Transformer+GAIL+TD3,291,6019,91,41.80196278178123,0
Transformer+GAIL+TD3,291,6019,92,4.128195669127267,0
Transformer+GAIL+TD3,291,6019,93,7.268737225480503,0
Transformer+GAIL+TD3,291,6019,94,5.376600739464647,0
Transformer+GAIL+TD3,291,6019,95,6.049651629426984,0
Transformer+GAIL+TD3,291,6019,96,4.240211443611585,0
Transformer+GAIL+TD3,291,6019,97,9.153435762095127,0
Transformer+GAIL+TD3,291,6019,98,4.0286120653786694,0
Transformer+GAIL+TD3,291,6022,5,2.681381767791745,0
Transformer+GAIL+TD3,291,6022,6,15.195558297347315,0
Transformer+GAIL+TD3,291,6022,7,13.34098997088321,0
Transformer+GAIL+TD3,291,6022,8,13.59887583035258,0
Transformer+GAIL+TD3,291,6022,9,30.292215118465588,0
Transformer+GAIL+TD3,291,6022,10,27.097826086956523,0
Transformer+GAIL+TD3,291,6022,11,13.700088818711142,0
Transformer+GAIL+TD3,291,6022,12,8.844824703193801,0
Transformer+GAIL+TD3,291,6022,13,15.938997302871648,0
Transformer+GAIL+TD3,291,6022,14,7.861014701867957,0
Transformer+GAIL+TD3,291,6022,15,6.922028212626869,0
Transformer+GAIL+TD3,291,6022,16,9.138784554273515,0
Transformer+GAIL+TD3,291,6022,17,6.769797485429673,0
Transformer+GAIL+TD3,291,6022,18,6.981603900099395,0
Transformer+GAIL+TD3,291,6022,19,5.884428150000607,0
Transformer+GAIL+TD3,291,6022,20,4.32567871237206,0
Transformer+GAIL+TD3,291,6022,21,5.681699162101192,0
Transformer+GAIL+TD3,291,6022,22,4.963397978694345,0
Transformer+GAIL+TD3,291,6022,23,5.2073786373251325,0
Transformer+GAIL+TD3,291,6022,24,3.469690579618462,0
Transformer+GAIL+TD3,291,6022,25,3.6833011449855153,0
Transformer+GAIL+TD3,291,6022,26,2.9503056114618893,0
Transformer+GAIL+TD3,291,6022,27,15.342895571947963,0
Transformer+GAIL+TD3,291,6022,28,4.015103060922845,0
Transformer+GAIL+TD3,291,6022,29,23.757959615820912,0
Transformer+GAIL+TD3,291,6022,30,6.429879285154795,0
Transformer+GAIL+TD3,291,6022,31,6.037672558379564,0
Transformer+GAIL+TD3,291,6022,32,3.6922709727331835,0
Transformer+GAIL+TD3,291,6022,33,12.443838632729559,0
Transformer+GAIL+TD3,291,6022,34,15.12725336720779,0
Transformer+GAIL+TD3,291,6022,35,3.1135082604470354,0
Transformer+GAIL+TD3,291,6022,36,6.3066345111509,0
Transformer+GAIL+TD3,291,6022,37,6.043550385562894,0
Transformer+GAIL+TD3,291,6022,38,160.52024013722126,0
Transformer+GAIL+TD3,291,6022,39,3.798183112257374,0
Transformer+GAIL+TD3,291,6022,40,26.948451622843063,0
Transformer+GAIL+TD3,291,6022,41,5.47563670906925,0
Transformer+GAIL+TD3,291,6022,42,3.732671658825975,0
Transformer+GAIL+TD3,291,6022,43,21.323180538801765,0
Transformer+GAIL+TD3,291,6022,44,5.073523791159791,0
Transformer+GAIL+TD3,291,6022,45,12.637324611610794,0
Transformer+GAIL+TD3,291,6022,46,4.723708370466383,0
Transformer+GAIL+TD3,291,6022,47,10.11059401478036,0
Transformer+GAIL+TD3,291,6022,48,21.04848508934471,0
Transformer+GAIL+TD3,291,6022,49,5.047298791684844,0
Transformer+GAIL+TD3,291,6022,50,3.5076147889965488,0
Transformer+GAIL+TD3,291,6022,51,6.718535557512239,0
Transformer+GAIL+TD3,291,6022,52,6.7159281849307835,0
Transformer+GAIL+TD3,291,6022,53,5.3047141496512475,0
Transformer+GAIL+TD3,291,6022,54,6.216817119876475,0
Transformer+GAIL+TD3,291,6022,55,3.8183616871832244,0
Transformer+GAIL+TD3,291,6022,56,15.427445000946854,0
Transformer+GAIL+TD3,291,6022,57,10.050369979391425,0
Transformer+GAIL+TD3,291,6022,58,8.501029470393219,0
Transformer+GAIL+TD3,291,6022,59,2.515797164005294,0
Transformer+GAIL+TD3,291,6022,60,8.176273616465416,0
Transformer+GAIL+TD3,291,6022,61,16.36777724744501,0
Transformer+GAIL+TD3,291,6022,62,7.1845293086249,0
Transformer+GAIL+TD3,291,6022,63,9.967715279634138,0
Transformer+GAIL+TD3,291,6022,64,14.308232395856043,0
Transformer+GAIL+TD3,291,6022,65,11.856437974274018,0
Transformer+GAIL+TD3,291,6022,66,5.532805026925331,0
Transformer+GAIL+TD3,291,6022,67,2.8198925865425775,0
Transformer+GAIL+TD3,291,6022,68,8.767031674629067,0
Transformer+GAIL+TD3,291,6022,69,2.9872954620273933,0
Transformer+GAIL+TD3,291,6022,70,3.312341646727875,0
Transformer+GAIL+TD3,291,6022,71,36.21029976691113,0
Transformer+GAIL+TD3,291,6022,72,2.995780547044327,0
Transformer+GAIL+TD3,291,6022,73,5.383786272444611,0
Transformer+GAIL+TD3,291,6022,74,7.043708157254989,0
Transformer+GAIL+TD3,291,6022,75,10.60315219055698,0
Transformer+GAIL+TD3,291,6022,76,2.9072986739746436,0
Transformer+GAIL+TD3,291,6022,77,5.006005856708116,0
Transformer+GAIL+TD3,291,6022,78,48.50367911731495,0
Transformer+GAIL+TD3,291,6022,79,2.586586818752503,0
Transformer+GAIL+TD3,291,6022,80,10.935854504130326,0
Transformer+GAIL+TD3,291,6022,81,2.2655373841586726,0
Transformer+GAIL+TD3,291,6022,82,21.101046777132353,0
Transformer+GAIL+TD3,291,6022,83,9.406734634988373,0
Transformer+GAIL+TD3,291,6022,84,8.252721624244671,0
Transformer+GAIL+TD3,291,6022,85,2.9795471933495237,0
Transformer+GAIL+TD3,291,6022,86,7.6055722937070795,0
Transformer+GAIL+TD3,291,6022,87,5.487721915060942,0
Transformer+GAIL+TD3,291,6022,88,9.288993510931707,0
Transformer+GAIL+TD3,291,6022,89,5.647471696568502,0
Transformer+GAIL+TD3,291,6022,90,5.844097661317656,0
Transformer+GAIL+TD3,291,6022,91,16.06650532854031,0
Transformer+GAIL+TD3,291,6022,92,2.654886000233393,0
Transformer+GAIL+TD3,291,6022,93,6.533224964354703,0
Transformer+GAIL+TD3,291,6022,94,16.93257874195621,0
Transformer+GAIL+TD3,291,6022,95,10.70787550179999,0
Transformer+GAIL+TD3,291,6022,96,36.77450785966839,0
Transformer+GAIL+TD3,291,6022,97,13.202329023104197,0
Transformer+GAIL+TD3,291,6022,98,8.809255594149333,0
Transformer+GAIL+TD3,291,6023,5,4.170269469943737,0
Transformer+GAIL+TD3,291,6023,6,24.93384982121573,0
Transformer+GAIL+TD3,291,6023,7,22.001928020565554,0
Transformer+GAIL+TD3,291,6023,8,18.7715438950555,0
Transformer+GAIL+TD3,291,6023,9,13.58381962864721,0
Transformer+GAIL+TD3,291,6023,10,12.313536650615305,0
Transformer+GAIL+TD3,291,6023,11,12.55499127122679,0
Transformer+GAIL+TD3,291,6023,12,5.598367772182671,0
Transformer+GAIL+TD3,291,6023,13,8.88068669527897,0
Transformer+GAIL+TD3,291,6023,14,13.135199893508451,0
Transformer+GAIL+TD3,291,6023,15,9.373689827864592,0
Transformer+GAIL+TD3,291,6023,16,7.663407543112033,0
Transformer+GAIL+TD3,291,6023,17,6.079830814694473,0
Transformer+GAIL+TD3,291,6023,18,4.367582126457082,0
Transformer+GAIL+TD3,291,6023,19,4.942002338387267,0
Transformer+GAIL+TD3,291,6023,20,5.3753385440802415,0
Transformer+GAIL+TD3,291,6023,21,7.320951245529271,0
Transformer+GAIL+TD3,291,6023,22,4.616878846244187,0
Transformer+GAIL+TD3,291,6023,23,5.047722162072125,0
Transformer+GAIL+TD3,291,6023,24,3.531749954789318,0
Transformer+GAIL+TD3,291,6023,25,4.022257069815249,0
Transformer+GAIL+TD3,291,6023,26,3.430984140199938,0
Transformer+GAIL+TD3,291,6023,27,6.307094415000726,0
Transformer+GAIL+TD3,291,6023,28,5.169367600690107,0
Transformer+GAIL+TD3,291,6023,29,9.173723512393465,0
Transformer+GAIL+TD3,291,6023,30,4.83615463057384,0
Transformer+GAIL+TD3,291,6023,31,15.247933736767884,0
Transformer+GAIL+TD3,291,6023,32,2.5548852480608115,0
Transformer+GAIL+TD3,291,6023,33,3.5805088724063467,0
Transformer+GAIL+TD3,291,6023,34,2.4688286423701995,0
Transformer+GAIL+TD3,291,6023,35,2.819174000415772,0
Transformer+GAIL+TD3,291,6023,36,14.235689674335893,0
Transformer+GAIL+TD3,291,6023,37,3.395321027326815,0
Transformer+GAIL+TD3,291,6023,38,19.540151515151514,0
Transformer+GAIL+TD3,291,6023,39,3.0877091553604963,0
Transformer+GAIL+TD3,291,6023,40,6.330961724027018,0
Transformer+GAIL+TD3,291,6023,41,4.056768965388863,0
Transformer+GAIL+TD3,291,6023,42,1.9418101928650688,0
Transformer+GAIL+TD3,291,6023,43,53.802102169981914,0
Transformer+GAIL+TD3,291,6023,44,3.9803907448043305,0
Transformer+GAIL+TD3,291,6023,45,74.5234015879649,0
Transformer+GAIL+TD3,291,6023,46,6.328152792915208,0
Transformer+GAIL+TD3,291,6023,47,14.397663364472786,0
Transformer+GAIL+TD3,291,6023,48,17.08820887478292,0
Transformer+GAIL+TD3,291,6023,49,6.069221568927272,0
Transformer+GAIL+TD3,291,6023,50,128.90128141941844,0
Transformer+GAIL+TD3,291,6023,51,4.827376297355573,0
Transformer+GAIL+TD3,291,6023,52,56.26807508951002,0
Transformer+GAIL+TD3,291,6023,53,3.5678320332312854,0
Transformer+GAIL+TD3,291,6023,54,4.676983772119228,0
Transformer+GAIL+TD3,291,6023,55,20.888419253721796,0
Transformer+GAIL+TD3,291,6023,56,4.83771046660695,0
Transformer+GAIL+TD3,291,6023,57,42.8666029143898,0
Transformer+GAIL+TD3,291,6023,58,3.995169984792125,0
Transformer+GAIL+TD3,291,6023,59,6.229223162428717,0
Transformer+GAIL+TD3,291,6023,60,4.077607789416503,0
Transformer+GAIL+TD3,291,6023,61,30.146750834653204,0
Transformer+GAIL+TD3,291,6023,62,6.573381413480157,0
Transformer+GAIL+TD3,291,6023,63,8.79801275713398,0
Transformer+GAIL+TD3,291,6023,64,14.986312122075594,0
Transformer+GAIL+TD3,291,6023,65,3.1006119277286865,0
Transformer+GAIL+TD3,291,6023,66,49.529355692312386,0
Transformer+GAIL+TD3,291,6023,67,3.4985341328676736,0
Transformer+GAIL+TD3,291,6023,68,7.356263939509328,0
Transformer+GAIL+TD3,291,6023,69,8.872495866920332,0
Transformer+GAIL+TD3,291,6023,70,11.194282070261757,0
Transformer+GAIL+TD3,291,6023,71,24.676306379646142,0
Transformer+GAIL+TD3,291,6023,72,4.329810769201836,0
Transformer+GAIL+TD3,291,6023,73,3.1759495393492374,0
Transformer+GAIL+TD3,291,6023,74,6.84057036826114,0
Transformer+GAIL+TD3,291,6023,75,11.982898137909894,0
Transformer+GAIL+TD3,291,6023,76,23.87096541939809,0
Transformer+GAIL+TD3,291,6023,77,5.1186850113165745,0
Transformer+GAIL+TD3,291,6023,78,11.997445990294167,0
Transformer+GAIL+TD3,291,6023,79,4.403510691729582,0
Transformer+GAIL+TD3,291,6023,80,3.4854827085489486,0
Transformer+GAIL+TD3,291,6023,81,12.85533644751292,0
Transformer+GAIL+TD3,291,6023,82,7.264017954172662,0
Transformer+GAIL+TD3,291,6023,83,36.70111925396382,0
Transformer+GAIL+TD3,291,6023,84,5.460770166573218,0
Transformer+GAIL+TD3,291,6023,85,6.5884428989825325,0
Transformer+GAIL+TD3,291,6023,86,6.4737430045033335,0
Transformer+GAIL+TD3,291,6023,87,3.605601554635133,0
Transformer+GAIL+TD3,291,6023,88,4.079299977763411,0
Transformer+GAIL+TD3,291,6023,89,7.2326549778118325,0
Transformer+GAIL+TD3,291,6023,90,8.168353600255873,0
Transformer+GAIL+TD3,291,6023,91,1.8209403379487736,0
Transformer+GAIL+TD3,291,6023,92,13.566598659096423,0
Transformer+GAIL+TD3,291,6023,93,10.257817886717426,0
Transformer+GAIL+TD3,291,6023,94,55.89094974362988,0
Transformer+GAIL+TD3,291,6023,95,2.3490226708913613,0
Transformer+GAIL+TD3,291,6023,96,30.93892903138622,0
Transformer+GAIL+TD3,291,6023,97,3.8353796051184883,0
Transformer+GAIL+TD3,291,6023,98,10.042111800819482,0
Transformer+GAIL+TD3,291,6027,5,5.588102038806264,0
Transformer+GAIL+TD3,291,6027,6,35.45034246575342,0
Transformer+GAIL+TD3,291,6027,7,16.48989797959592,0
Transformer+GAIL+TD3,291,6027,8,13.107326635628521,0
Transformer+GAIL+TD3,291,6027,9,17.01095813430739,0
Transformer+GAIL+TD3,291,6027,10,7.424836005830905,0
Transformer+GAIL+TD3,291,6027,11,8.776219885383629,0
Transformer+GAIL+TD3,291,6027,12,9.701075634539347,0
Transformer+GAIL+TD3,291,6027,13,7.113414835618701,0
Transformer+GAIL+TD3,291,6027,14,7.372115846401203,0
Transformer+GAIL+TD3,291,6027,15,6.876247895705282,0
Transformer+GAIL+TD3,291,6027,16,5.370444207334195,0
Transformer+GAIL+TD3,291,6027,17,6.3973064440067695,0
Transformer+GAIL+TD3,291,6027,18,4.395782713508466,0
Transformer+GAIL+TD3,291,6027,19,4.93272667606808,0
Transformer+GAIL+TD3,291,6027,20,7.343323838572256,0
Transformer+GAIL+TD3,291,6027,21,8.42911162713972,0
Transformer+GAIL+TD3,291,6027,22,4.080650191489627,0
Transformer+GAIL+TD3,291,6027,23,5.99586268076873,0
Transformer+GAIL+TD3,291,6027,24,4.050628633229687,0
Transformer+GAIL+TD3,291,6027,25,4.14044242967336,0
Transformer+GAIL+TD3,291,6027,26,3.5755902301619655,0
Transformer+GAIL+TD3,291,6027,27,4.6893360186776825,0
Transformer+GAIL+TD3,291,6027,28,2.4131836869074856,0
Transformer+GAIL+TD3,291,6027,29,47.08185017596782,0
Transformer+GAIL+TD3,291,6027,30,3.4152670663821776,0
Transformer+GAIL+TD3,291,6027,31,11.66710429658805,0
Transformer+GAIL+TD3,291,6027,32,4.294763061854413,0
Transformer+GAIL+TD3,291,6027,33,18.146358702511673,0
Transformer+GAIL+TD3,291,6027,34,9.483305669410475,0
Transformer+GAIL+TD3,291,6027,35,2.460112777024959,0
Transformer+GAIL+TD3,291,6027,36,6.221711593973947,0
Transformer+GAIL+TD3,291,6027,37,4.560650041095747,0
Transformer+GAIL+TD3,291,6027,38,8.728961761191286,0
Transformer+GAIL+TD3,291,6027,39,11.243992235626283,0
Transformer+GAIL+TD3,291,6027,40,3.626904622052714,0
Transformer+GAIL+TD3,291,6027,41,5.459012538897032,0
Transformer+GAIL+TD3,291,6027,42,11.828673352245236,0
Transformer+GAIL+TD3,291,6027,43,28.504751754152235,0
Transformer+GAIL+TD3,291,6027,44,4.202816343834428,0
Transformer+GAIL+TD3,291,6027,45,96.09743254826728,0
Transformer+GAIL+TD3,291,6027,46,6.853318603937259,0
Transformer+GAIL+TD3,291,6027,47,164.5274193548387,0
Transformer+GAIL+TD3,291,6027,48,3.454024692724196,0
Transformer+GAIL+TD3,291,6027,49,5.89807539586628,0
Transformer+GAIL+TD3,291,6027,50,18.16026173085436,0
Transformer+GAIL+TD3,291,6027,51,5.084769460050497,0
Transformer+GAIL+TD3,291,6027,52,12.7504553865726,0
Transformer+GAIL+TD3,291,6027,53,5.267335181504566,0
Transformer+GAIL+TD3,291,6027,54,4.07930848307134,0
Transformer+GAIL+TD3,291,6027,55,10.704542011685385,0
Transformer+GAIL+TD3,291,6027,56,5.49429476984886,0
Transformer+GAIL+TD3,291,6027,57,5.317116765836654,0
Transformer+GAIL+TD3,291,6027,58,58.89204286874348,0
Transformer+GAIL+TD3,291,6027,59,3.459339914046489,0
Transformer+GAIL+TD3,291,6027,60,64.43101678113715,0
Transformer+GAIL+TD3,291,6027,61,2.811254318767988,0
Transformer+GAIL+TD3,291,6027,62,6.437984799121816,0
Transformer+GAIL+TD3,291,6027,63,5.307791083709887,0
Transformer+GAIL+TD3,291,6027,64,8.82820975861444,0
Transformer+GAIL+TD3,291,6027,65,1.9668560029335267,0
Transformer+GAIL+TD3,291,6027,66,2.7278284625373113,0
Transformer+GAIL+TD3,291,6027,67,29.09081235781904,0
Transformer+GAIL+TD3,291,6027,68,6.3783138334313785,0
Transformer+GAIL+TD3,291,6027,69,15.676698613770471,0
Transformer+GAIL+TD3,291,6027,70,54.64348371473122,0
Transformer+GAIL+TD3,291,6027,71,3.364848912723914,0
Transformer+GAIL+TD3,291,6027,72,3.0598388012863977,0
Transformer+GAIL+TD3,291,6027,73,5.619161901953257,0
Transformer+GAIL+TD3,291,6027,74,4.566303390350048,0
Transformer+GAIL+TD3,291,6027,75,8.334606157449938,0
Transformer+GAIL+TD3,291,6027,76,10.767549784242103,0
Transformer+GAIL+TD3,291,6027,77,5.449910489055254,0
Transformer+GAIL+TD3,291,6027,78,121.3573356798759,0
Transformer+GAIL+TD3,291,6027,79,2.3994800352969534,0
Transformer+GAIL+TD3,291,6027,80,123.51232555106296,0
Transformer+GAIL+TD3,291,6027,81,3.75048139878225,0
Transformer+GAIL+TD3,291,6027,82,2.9817930429797492,0
Transformer+GAIL+TD3,291,6027,83,10.843861974378358,0
Transformer+GAIL+TD3,291,6027,84,9.164457508227832,0
Transformer+GAIL+TD3,291,6027,85,4.260554472178063,0
Transformer+GAIL+TD3,291,6027,86,2.172044630919256,0
Transformer+GAIL+TD3,291,6027,87,4.105274835972637,0
Transformer+GAIL+TD3,291,6027,88,27.452592056455256,0
Transformer+GAIL+TD3,291,6027,89,1.678350604833021,0
Transformer+GAIL+TD3,291,6027,90,20.95716425998533,0
Transformer+GAIL+TD3,291,6027,91,3.4785852252409297,0
Transformer+GAIL+TD3,291,6027,92,66.3005596582442,0
Transformer+GAIL+TD3,291,6027,93,5.283964136225067,0
Transformer+GAIL+TD3,291,6027,94,78.19551383255204,0
Transformer+GAIL+TD3,291,6027,95,4.823158745516331,0
Transformer+GAIL+TD3,291,6027,96,3.7237308537823184,0
Transformer+GAIL+TD3,291,6027,97,115.12706807218152,0
Transformer+GAIL+TD3,291,6027,98,2.570525135128663,0
Transformer+GAIL+TD3,291,6032,5,7.811062163485071,0
Transformer+GAIL+TD3,291,6032,6,48.25571504518874,0
Transformer+GAIL+TD3,291,6032,7,22.57705045782194,0
Transformer+GAIL+TD3,291,6032,8,13.066446958225704,0
Transformer+GAIL+TD3,291,6032,9,8.081466030989274,0
Transformer+GAIL+TD3,291,6032,10,5.839164606705964,0
Transformer+GAIL+TD3,291,6032,11,7.439532461520659,0
Transformer+GAIL+TD3,291,6032,12,8.260026653128568,0
Transformer+GAIL+TD3,291,6032,13,8.578564388009509,0
Transformer+GAIL+TD3,291,6032,14,5.803248961088024,0
Transformer+GAIL+TD3,291,6032,15,4.1332170630606955,0
Transformer+GAIL+TD3,291,6032,16,4.925937233650091,0
Transformer+GAIL+TD3,291,6032,17,5.501427346310633,0
Transformer+GAIL+TD3,291,6032,18,6.741499980377023,0
Transformer+GAIL+TD3,291,6032,19,5.852143067660308,0
Transformer+GAIL+TD3,291,6032,20,8.371270272691973,0
Transformer+GAIL+TD3,291,6032,21,4.002253955543693,0
Transformer+GAIL+TD3,291,6032,22,3.9521957839382527,0
Transformer+GAIL+TD3,291,6032,23,3.066924172532838,0
Transformer+GAIL+TD3,291,6032,24,4.835920161560804,0
Transformer+GAIL+TD3,291,6032,25,4.075858854696872,0
Transformer+GAIL+TD3,291,6032,26,19.565129797905605,0
Transformer+GAIL+TD3,291,6032,27,5.296909709394656,0
Transformer+GAIL+TD3,291,6032,28,20.68188806535258,0
Transformer+GAIL+TD3,291,6032,29,3.800162360384066,0
Transformer+GAIL+TD3,291,6032,30,17.439921683065833,0
Transformer+GAIL+TD3,291,6032,31,3.606934476569761,0
Transformer+GAIL+TD3,291,6032,32,5.471183804186205,0
Transformer+GAIL+TD3,291,6032,33,40.58902310924369,0
Transformer+GAIL+TD3,291,6032,34,3.079505496229513,0
Transformer+GAIL+TD3,291,6032,35,3.607438822470007,0
Transformer+GAIL+TD3,291,6032,36,8.073010324363873,0
Transformer+GAIL+TD3,291,6032,37,54.77327767333849,0
Transformer+GAIL+TD3,291,6032,38,4.622761823954934,0
Transformer+GAIL+TD3,291,6032,39,16.754953337189523,0
Transformer+GAIL+TD3,291,6032,40,2.760606477952516,0
Transformer+GAIL+TD3,291,6032,41,1.786740692357936,0
Transformer+GAIL+TD3,291,6032,42,4.538148163450812,0
Transformer+GAIL+TD3,291,6032,43,3.6917701629068898,0
Transformer+GAIL+TD3,291,6032,44,3.376277144639111,0
Transformer+GAIL+TD3,291,6032,45,4.770871178277052,0
Transformer+GAIL+TD3,291,6032,46,5.606731226691631,0
Transformer+GAIL+TD3,291,6032,47,2.6336361270227773,0
Transformer+GAIL+TD3,291,6032,48,10.680749801206792,0
Transformer+GAIL+TD3,291,6032,49,6.082769346143681,0
Transformer+GAIL+TD3,291,6032,50,7.040008278326036,0
Transformer+GAIL+TD3,291,6032,51,16.559966085097745,0
Transformer+GAIL+TD3,291,6032,52,2.658268066707844,0
Transformer+GAIL+TD3,291,6032,53,7.010935354254617,0
Transformer+GAIL+TD3,291,6032,54,9.336327622175862,0
Transformer+GAIL+TD3,291,6032,55,3.6069354893879013,0
Transformer+GAIL+TD3,291,6032,56,3.7770131132301366,0
Transformer+GAIL+TD3,291,6032,57,5.57686687714405,0
Transformer+GAIL+TD3,291,6032,58,8.403848825480045,0
Transformer+GAIL+TD3,291,6032,59,3.4847264281717547,0
Transformer+GAIL+TD3,291,6032,60,10.526441744772477,0
Transformer+GAIL+TD3,291,6032,61,14.512260827908813,0
Transformer+GAIL+TD3,291,6032,62,4.120864968115998,0
Transformer+GAIL+TD3,291,6032,63,49.29539951573851,0
Transformer+GAIL+TD3,291,6032,64,2.3471993060270293,0
Transformer+GAIL+TD3,291,6032,65,29.670418250950572,0
Transformer+GAIL+TD3,291,6032,66,3.1724766899492063,0
Transformer+GAIL+TD3,291,6032,67,12.23844007554945,0
Transformer+GAIL+TD3,291,6032,68,47.35586614240827,0
Transformer+GAIL+TD3,291,6032,69,3.4115256534965956,0
Transformer+GAIL+TD3,291,6032,70,3.330676309406368,0
Transformer+GAIL+TD3,291,6032,71,6.84411979854963,0
Transformer+GAIL+TD3,291,6032,72,2.7805365564507922,0
Transformer+GAIL+TD3,291,6032,73,11.80942628960205,0
Transformer+GAIL+TD3,291,6032,74,3.30192071802543,0
Transformer+GAIL+TD3,291,6032,75,4.570990652117982,0
Transformer+GAIL+TD3,291,6032,76,9.890123068866195,0
Transformer+GAIL+TD3,291,6032,77,3.888926722270425,0
Transformer+GAIL+TD3,291,6032,78,5.15019076804532,0
Transformer+GAIL+TD3,291,6032,79,80.45861692926712,0
Transformer+GAIL+TD3,291,6032,80,3.9608374075787354,0
Transformer+GAIL+TD3,291,6032,81,26.33090853981965,0
Transformer+GAIL+TD3,291,6032,82,3.6086934764780794,0
Transformer+GAIL+TD3,291,6032,83,36.155383127290186,0
Transformer+GAIL+TD3,291,6032,84,94.29714669101888,0
Transformer+GAIL+TD3,291,6032,85,8.2445487057758,0
Transformer+GAIL+TD3,291,6032,86,6.22782580810836,0
Transformer+GAIL+TD3,291,6032,87,4.163757266582947,0
Transformer+GAIL+TD3,291,6032,88,13.9722039262472,0
Transformer+GAIL+TD3,291,6032,89,55.392313243351595,0
Transformer+GAIL+TD3,291,6032,90,2.5933889232518776,0
Transformer+GAIL+TD3,291,6032,91,6.255123662559146,0
Transformer+GAIL+TD3,291,6032,92,4.520403049537202,0
Transformer+GAIL+TD3,291,6032,93,5.210125700746063,0
Transformer+GAIL+TD3,291,6032,94,11.346631236357748,0
Transformer+GAIL+TD3,291,6032,95,140.35854528889226,0
Transformer+GAIL+TD3,291,6032,96,2.154125371855846,0
Transformer+GAIL+TD3,291,6032,97,40.873133631329644,0
Transformer+GAIL+TD3,291,6032,98,2.9254809648821825,0
Transformer+GAIL+TD3,291,6035,5,6.993618065783014,0
Transformer+GAIL+TD3,291,6035,6,76.40425531914894,0
Transformer+GAIL+TD3,291,6035,7,20.161956980177138,0
Transformer+GAIL+TD3,291,6035,8,15.171094045071131,0
Transformer+GAIL+TD3,291,6035,9,9.534309117765543,0
Transformer+GAIL+TD3,291,6035,10,5.442381150485987,0
Transformer+GAIL+TD3,291,6035,11,7.179828818494662,0
Transformer+GAIL+TD3,291,6035,12,7.929056487292931,0
Transformer+GAIL+TD3,291,6035,13,7.893251809053683,0
Transformer+GAIL+TD3,291,6035,14,5.610381961972067,0
Transformer+GAIL+TD3,291,6035,15,5.464678570315666,0
Transformer+GAIL+TD3,291,6035,16,6.8428320911880745,0
Transformer+GAIL+TD3,291,6035,17,12.02057316682677,0
Transformer+GAIL+TD3,291,6035,18,3.5060349920141185,0
Transformer+GAIL+TD3,291,6035,19,5.307217298334316,0
Transformer+GAIL+TD3,291,6035,20,5.513076745793962,0
Transformer+GAIL+TD3,291,6035,21,4.989046509086935,0
Transformer+GAIL+TD3,291,6035,22,5.535926175699785,0
Transformer+GAIL+TD3,291,6035,23,5.450930809193955,0
Transformer+GAIL+TD3,291,6035,24,4.1157940981810714,0
Transformer+GAIL+TD3,291,6035,25,3.6156784313321206,0
Transformer+GAIL+TD3,291,6035,26,6.962124859573103,0
Transformer+GAIL+TD3,291,6035,27,2.66921821863144,0
Transformer+GAIL+TD3,291,6035,28,23.968571204639858,0
Transformer+GAIL+TD3,291,6035,29,2.3424542839364193,0
Transformer+GAIL+TD3,291,6035,30,31.092123653703855,0
Transformer+GAIL+TD3,291,6035,31,2.74825109742667,0
Transformer+GAIL+TD3,291,6035,32,12.813458980459748,0
Transformer+GAIL+TD3,291,6035,33,4.014484698622989,0
Transformer+GAIL+TD3,291,6035,34,5.136831379512117,0
Transformer+GAIL+TD3,291,6035,35,3.0741461124432004,0
Transformer+GAIL+TD3,291,6035,36,47.35521634814263,0
Transformer+GAIL+TD3,291,6035,37,6.792561715729682,0
Transformer+GAIL+TD3,291,6035,38,34.75502564102565,0
Transformer+GAIL+TD3,291,6035,39,3.735932899347156,0
Transformer+GAIL+TD3,291,6035,40,45.07979811395935,0
Transformer+GAIL+TD3,291,6035,41,3.3276868492249436,0
Transformer+GAIL+TD3,291,6035,42,3.4429199039609153,0
Transformer+GAIL+TD3,291,6035,43,43.09835564053537,0
Transformer+GAIL+TD3,291,6035,44,2.5717249209164113,0
Transformer+GAIL+TD3,291,6035,45,5.585121675040513,0
Transformer+GAIL+TD3,291,6035,46,5.186013186568912,0
Transformer+GAIL+TD3,291,6035,47,23.868446690616814,0
Transformer+GAIL+TD3,291,6035,48,2.911150215159709,0
Transformer+GAIL+TD3,291,6035,49,19.813242227128963,0
Transformer+GAIL+TD3,291,6035,50,4.374843406128323,0
Transformer+GAIL+TD3,291,6035,51,59.44792006791615,0
Transformer+GAIL+TD3,291,6035,52,4.921123685766672,0
Transformer+GAIL+TD3,291,6035,53,7.31665850613578,0
Transformer+GAIL+TD3,291,6035,54,23.621116337876284,0
Transformer+GAIL+TD3,291,6035,55,2.90485558738759,0
Transformer+GAIL+TD3,291,6035,56,113.69401206712976,0
Transformer+GAIL+TD3,291,6035,57,3.6561223827639946,0
Transformer+GAIL+TD3,291,6035,58,4.1136807431081674,0
Transformer+GAIL+TD3,291,6035,59,17.19896025847283,0
Transformer+GAIL+TD3,291,6035,60,2.9972775421792455,0
Transformer+GAIL+TD3,291,6035,61,87.9041987839326,0
Transformer+GAIL+TD3,291,6035,62,2.414288767196474,0
Transformer+GAIL+TD3,291,6035,63,4.0952095658574414,0
Transformer+GAIL+TD3,291,6035,64,20.64503380834,0
Transformer+GAIL+TD3,291,6035,65,24.35568113038215,0
Transformer+GAIL+TD3,291,6035,66,138.6427707199032,0
Transformer+GAIL+TD3,291,6035,67,8.664622035784607,0
Transformer+GAIL+TD3,291,6035,68,5.801954537135615,0
Transformer+GAIL+TD3,291,6035,69,8.924291278595648,0
Transformer+GAIL+TD3,291,6035,70,7.1945224338331855,0
Transformer+GAIL+TD3,291,6035,71,57.249715871547515,0
Transformer+GAIL+TD3,291,6035,72,3.5063756475406875,0
Transformer+GAIL+TD3,291,6035,73,7.736497222572026,0
Transformer+GAIL+TD3,291,6035,74,4.62057013386726,0
Transformer+GAIL+TD3,291,6035,75,4.878738110824444,0
Transformer+GAIL+TD3,291,6035,76,6.06589467771233,0
Transformer+GAIL+TD3,291,6035,77,3.641915060923607,0
Transformer+GAIL+TD3,291,6035,78,1.4899980887797815,0
Transformer+GAIL+TD3,291,6035,79,3.7614142369890646,0
Transformer+GAIL+TD3,291,6035,80,9.656753961511468,0
Transformer+GAIL+TD3,291,6035,81,2.9637815366999254,0
Transformer+GAIL+TD3,291,6035,82,49.522756583112525,0
Transformer+GAIL+TD3,291,6035,83,2.7617572437317626,0
Transformer+GAIL+TD3,291,6035,84,27.705749031035438,0
Transformer+GAIL+TD3,291,6035,85,3.476939398556491,0
Transformer+GAIL+TD3,291,6035,86,3.473649482074884,0
Transformer+GAIL+TD3,291,6035,87,70.53100903117405,0
Transformer+GAIL+TD3,291,6035,88,1.8284943926205057,0
Transformer+GAIL+TD3,291,6035,89,4.404480229812035,0
Transformer+GAIL+TD3,291,6035,90,5.400095205875221,0
Transformer+GAIL+TD3,291,6035,91,1.6667269559034186,0
Transformer+GAIL+TD3,291,6035,92,24.34062223387864,0
Transformer+GAIL+TD3,291,6035,93,0.9344368250830785,1
Transformer+GAIL+TD3,291,6037,5,6.612139011257955,0
Transformer+GAIL+TD3,291,6037,6,48.993292342090555,0
Transformer+GAIL+TD3,291,6037,7,22.07710417892878,0
Transformer+GAIL+TD3,291,6037,8,12.818735992828326,0
Transformer+GAIL+TD3,291,6037,9,8.2609524944865,0
Transformer+GAIL+TD3,291,6037,10,9.409406762082556,0
Transformer+GAIL+TD3,291,6037,11,7.44798456104577,0
Transformer+GAIL+TD3,291,6037,12,9.714160455940378,0
Transformer+GAIL+TD3,291,6037,13,8.685447805107684,0
Transformer+GAIL+TD3,291,6037,14,4.820778779119197,0
Transformer+GAIL+TD3,291,6037,15,5.480527858415022,0
Transformer+GAIL+TD3,291,6037,16,4.76331045834695,0
Transformer+GAIL+TD3,291,6037,17,6.008851033414735,0
Transformer+GAIL+TD3,291,6037,18,7.2523676589527515,0
Transformer+GAIL+TD3,291,6037,19,6.44312142969446,0
Transformer+GAIL+TD3,291,6037,20,5.302746447987952,0
Transformer+GAIL+TD3,291,6037,21,5.761099702309885,0
Transformer+GAIL+TD3,291,6037,22,4.494976471176298,0
Transformer+GAIL+TD3,291,6037,23,4.457145434861061,0
Transformer+GAIL+TD3,291,6037,24,4.0196331511996455,0
Transformer+GAIL+TD3,291,6037,25,3.9171739826978533,0
Transformer+GAIL+TD3,291,6037,26,2.547161919319192,0
Transformer+GAIL+TD3,291,6037,27,5.042781053832986,0
Transformer+GAIL+TD3,291,6037,28,3.0081418147464163,0
Transformer+GAIL+TD3,291,6037,29,27.795304735828015,0
Transformer+GAIL+TD3,291,6037,30,3.152943318533873,0
Transformer+GAIL+TD3,291,6037,31,11.698260084433489,0
Transformer+GAIL+TD3,291,6037,32,5.444418458100269,0
Transformer+GAIL+TD3,291,6037,33,4.164794771268487,0
Transformer+GAIL+TD3,291,6037,34,5.4107711856123535,0
Transformer+GAIL+TD3,291,6037,35,5.664328849493302,0
Transformer+GAIL+TD3,291,6037,36,58.97177545528507,0
Transformer+GAIL+TD3,291,6037,37,3.0341053703232377,0
Transformer+GAIL+TD3,291,6037,38,11.112317148012787,0
Transformer+GAIL+TD3,291,6037,39,6.1174745015534935,0
Transformer+GAIL+TD3,291,6037,40,3.158848469886113,0
Transformer+GAIL+TD3,291,6037,41,34.32828317373462,0
Transformer+GAIL+TD3,291,6037,42,3.4965118290315753,0
Transformer+GAIL+TD3,291,6037,43,4.168554645416751,0
Transformer+GAIL+TD3,291,6037,44,40.22885211314037,0
Transformer+GAIL+TD3,291,6037,45,3.9239885069970133,0
Transformer+GAIL+TD3,291,6037,46,34.53467348439275,0
Transformer+GAIL+TD3,291,6037,47,5.072297873283745,0
Transformer+GAIL+TD3,291,6037,48,99.08892149669845,0
Transformer+GAIL+TD3,291,6037,49,4.230443215843268,0
Transformer+GAIL+TD3,291,6037,50,40.48515567720808,0
Transformer+GAIL+TD3,291,6037,51,6.423052510837174,0
Transformer+GAIL+TD3,291,6037,52,8.569479346076745,0
Transformer+GAIL+TD3,291,6037,53,161.66372277524138,0
Transformer+GAIL+TD3,291,6037,54,2.728189697252604,0
Transformer+GAIL+TD3,291,6037,55,4.336164227048998,0
Transformer+GAIL+TD3,291,6037,56,8.779685737086877,0
Transformer+GAIL+TD3,291,6037,57,4.2039902420943145,0
Transformer+GAIL+TD3,291,6037,58,106.55842642335354,0
Transformer+GAIL+TD3,291,6037,59,6.321819514623477,0
Transformer+GAIL+TD3,291,6037,60,3.3922026948092956,0
Transformer+GAIL+TD3,291,6037,61,11.116262630012562,0
Transformer+GAIL+TD3,291,6037,62,14.007907855977884,0
Transformer+GAIL+TD3,291,6037,63,89.5757337668202,0
Transformer+GAIL+TD3,291,6037,64,3.147372671559873,0
Transformer+GAIL+TD3,291,6037,65,7.196325443296812,0
Transformer+GAIL+TD3,291,6037,66,3.2987007534586708,0
Transformer+GAIL+TD3,291,6037,67,4.7887185244131185,0
Transformer+GAIL+TD3,291,6037,68,2.0776624106323105,0
Transformer+GAIL+TD3,291,6037,69,12.558872344673256,0
Transformer+GAIL+TD3,291,6037,70,3.1082143148775336,0
Transformer+GAIL+TD3,291,6037,71,5.720205946119934,0
Transformer+GAIL+TD3,291,6037,72,3.924172735002243,0
Transformer+GAIL+TD3,291,6037,73,65.5605841043362,0
Transformer+GAIL+TD3,291,6037,74,3.654629071537821,0
Transformer+GAIL+TD3,291,6037,75,46.83515267647423,0
Transformer+GAIL+TD3,291,6037,76,6.141315483360495,0
Transformer+GAIL+TD3,291,6037,77,4.965090239894549,0
Transformer+GAIL+TD3,291,6037,78,5.095055042696671,0
Transformer+GAIL+TD3,291,6037,79,106.50732756545048,0
Transformer+GAIL+TD3,291,6037,80,2.124715454601282,0
Transformer+GAIL+TD3,291,6037,81,7.587566599373145,0
Transformer+GAIL+TD3,291,6037,82,3.4373741247058174,0
Transformer+GAIL+TD3,291,6037,83,5.995148978308613,0
Transformer+GAIL+TD3,291,6037,84,98.84979950430208,0
Transformer+GAIL+TD3,291,6037,85,4.345060340758343,0
Transformer+GAIL+TD3,291,6037,86,2.335764985005454,0
Transformer+GAIL+TD3,291,6037,87,8.393942027840334,0
Transformer+GAIL+TD3,291,6037,88,7.095808557934317,0
Transformer+GAIL+TD3,291,6037,89,99.727794162882,0
Transformer+GAIL+TD3,291,6037,90,3.316481614644907,0
Transformer+GAIL+TD3,291,6037,91,3.673347726574143,0
Transformer+GAIL+TD3,291,6037,92,2.5551138448634387,0
Transformer+GAIL+TD3,291,6037,93,7.671422586680783,0
Transformer+GAIL+TD3,291,6037,94,226.58552295763351,0
Transformer+GAIL+TD3,291,6037,95,5.327758600869998,0
Transformer+GAIL+TD3,291,6037,96,62.20595971217718,0
Transformer+GAIL+TD3,291,6037,97,15.647565346752131,0
Transformer+GAIL+TD3,291,6037,98,18.407835458045266,0
Transformer+GAIL+TD3,291,6039,5,4.365639201738788,0
Transformer+GAIL+TD3,291,6039,6,27.45491803278689,0
Transformer+GAIL+TD3,291,6039,7,23.75023771790808,0
Transformer+GAIL+TD3,291,6039,8,25.78691823899371,0
Transformer+GAIL+TD3,291,6039,9,16.949498022512927,0
Transformer+GAIL+TD3,291,6039,10,8.078907523876078,0
Transformer+GAIL+TD3,291,6039,11,13.866079618418638,0
Transformer+GAIL+TD3,291,6039,12,6.80659185955033,0
Transformer+GAIL+TD3,291,6039,13,7.935855113722399,0
Transformer+GAIL+TD3,291,6039,14,9.030336280901052,0
Transformer+GAIL+TD3,291,6039,15,7.901592028404536,0
Transformer+GAIL+TD3,291,6039,16,5.974980346583723,0
Transformer+GAIL+TD3,291,6039,17,6.332261253358953,0
Transformer+GAIL+TD3,291,6039,18,3.6019052619735206,0
Transformer+GAIL+TD3,291,6039,19,8.889350762090782,0
Transformer+GAIL+TD3,291,6039,20,5.3657228827076,0
Transformer+GAIL+TD3,291,6039,21,7.474466916226953,0
Transformer+GAIL+TD3,291,6039,22,4.000266524520256,0
Transformer+GAIL+TD3,291,6039,23,5.1408419860298284,0
Transformer+GAIL+TD3,291,6039,24,4.155754150143795,0
Transformer+GAIL+TD3,291,6039,25,11.302922001413872,0
Transformer+GAIL+TD3,291,6039,26,4.039406305176586,0
Transformer+GAIL+TD3,291,6039,27,6.7015056336623795,0
Transformer+GAIL+TD3,291,6039,28,4.171496985909949,0
Transformer+GAIL+TD3,291,6039,29,5.301183800623053,0
Transformer+GAIL+TD3,291,6039,30,217.67656875834444,0
Transformer+GAIL+TD3,291,6039,31,3.8449304008442358,0
Transformer+GAIL+TD3,291,6039,32,83.68265393386544,0
Transformer+GAIL+TD3,291,6039,33,3.7912229346010258,0
Transformer+GAIL+TD3,291,6039,34,55.1299115913556,0
Transformer+GAIL+TD3,291,6039,35,3.767627928083672,0
Transformer+GAIL+TD3,291,6039,36,23.31548233835984,0
Transformer+GAIL+TD3,291,6039,37,15.799588577580682,0
Transformer+GAIL+TD3,291,6039,38,4.146301112310248,0
Transformer+GAIL+TD3,291,6039,39,82.58630844326112,0
Transformer+GAIL+TD3,291,6039,40,3.552196395254135,0
Transformer+GAIL+TD3,291,6039,41,4.551633754211059,0
Transformer+GAIL+TD3,291,6039,42,9.692901126583166,0
Transformer+GAIL+TD3,291,6039,43,7.037907870619563,0
Transformer+GAIL+TD3,291,6039,44,65.54476298713202,0
Transformer+GAIL+TD3,291,6039,45,3.16858650527245,0
Transformer+GAIL+TD3,291,6039,46,4.270091409912781,0
Transformer+GAIL+TD3,291,6039,47,5.80379681301376,0
Transformer+GAIL+TD3,291,6039,48,84.00126325958128,0
Transformer+GAIL+TD3,291,6039,49,4.85644638012846,0
Transformer+GAIL+TD3,291,6039,50,52.258406667701095,0
Transformer+GAIL+TD3,291,6039,51,2.0665910789695645,0
Transformer+GAIL+TD3,291,6039,52,37.12041931726547,0
Transformer+GAIL+TD3,291,6039,53,2.0432495131171957,0
Transformer+GAIL+TD3,291,6039,54,11.783164085095443,0
Transformer+GAIL+TD3,291,6039,55,4.259284929540036,0
Transformer+GAIL+TD3,291,6039,56,11.52915574816009,0
Transformer+GAIL+TD3,291,6039,57,12.362364591465104,0
Transformer+GAIL+TD3,291,6039,58,79.8975621704547,0
Transformer+GAIL+TD3,291,6039,59,5.351426660872209,0
Transformer+GAIL+TD3,291,6039,60,4.7233917875577065,0
Transformer+GAIL+TD3,291,6039,61,7.611625904767773,0
Transformer+GAIL+TD3,291,6039,62,53.27625618877068,0
Transformer+GAIL+TD3,291,6039,63,4.230118675235844,0
Transformer+GAIL+TD3,291,6039,64,4.651249345997976,0
Transformer+GAIL+TD3,291,6039,65,6.112400918317309,0
Transformer+GAIL+TD3,291,6039,66,5.6893861773174565,0
Transformer+GAIL+TD3,291,6039,67,28.76779551902506,0
Transformer+GAIL+TD3,291,6039,68,2.232716159658672,0
Transformer+GAIL+TD3,291,6039,69,12.549067218441238,0
Transformer+GAIL+TD3,291,6039,70,3.5059537974541457,0
Transformer+GAIL+TD3,291,6039,71,43.900502013476455,0
Transformer+GAIL+TD3,291,6039,72,50.933718403873335,0
Transformer+GAIL+TD3,291,6039,73,18.39956960125655,0
Transformer+GAIL+TD3,291,6039,74,8.11792925868895,0
Transformer+GAIL+TD3,291,6039,75,6.328782010735028,0
Transformer+GAIL+TD3,291,6039,76,3.686458281282727,0
Transformer+GAIL+TD3,291,6039,77,4.078055831584586,0
Transformer+GAIL+TD3,291,6039,78,11.819305962893916,0
Transformer+GAIL+TD3,291,6039,79,7.712770291642218,0
Transformer+GAIL+TD3,291,6039,80,5.335561373816312,0
Transformer+GAIL+TD3,291,6039,81,3.717740204937503,0
Transformer+GAIL+TD3,291,6039,82,20.56193950275236,0
Transformer+GAIL+TD3,291,6039,83,2.1086205103129685,0
Transformer+GAIL+TD3,291,6039,84,62.058631714234124,0
Transformer+GAIL+TD3,291,6039,85,4.9183397630668715,0
Transformer+GAIL+TD3,291,6039,86,18.607389542294097,0
Transformer+GAIL+TD3,291,6039,87,43.452775812461674,0
Transformer+GAIL+TD3,291,6039,88,3.7983937510418357,0
Transformer+GAIL+TD3,291,6039,89,10.004125327179521,0
Transformer+GAIL+TD3,291,6039,90,4.639501652360412,0
Transformer+GAIL+TD3,291,6039,91,8.792263944346686,0
Transformer+GAIL+TD3,291,6039,92,4.039832899516223,0
Transformer+GAIL+TD3,291,6039,93,1.658885112806981,0
Transformer+GAIL+TD3,291,6039,94,4.96736771398706,0
Transformer+GAIL+TD3,291,6039,95,4.826259057179716,0
Transformer+GAIL+TD3,291,6039,96,3.3900500392300477,0
Transformer+GAIL+TD3,291,6039,97,1.8952262030639582,0
Transformer+GAIL+TD3,291,6039,98,10.30365277634043,0
Transformer+GAIL+TD3,291,6041,5,6.295173631547969,0
Transformer+GAIL+TD3,291,6041,6,45.01945080091533,0
Transformer+GAIL+TD3,291,6041,7,24.165086887835702,0
Transformer+GAIL+TD3,291,6041,8,16.476196186593114,0
Transformer+GAIL+TD3,291,6041,9,9.506522451655195,0
Transformer+GAIL+TD3,291,6041,10,9.460408319023086,0
Transformer+GAIL+TD3,291,6041,11,8.771423512747875,0
Transformer+GAIL+TD3,291,6041,12,4.819560869750224,0
Transformer+GAIL+TD3,291,6041,13,8.823975773608549,0
Transformer+GAIL+TD3,291,6041,14,8.335937707619124,0
Transformer+GAIL+TD3,291,6041,15,9.228103616813295,0
Transformer+GAIL+TD3,291,6041,16,5.173931744724781,0
Transformer+GAIL+TD3,291,6041,17,6.084786815496407,0
Transformer+GAIL+TD3,291,6041,18,5.4126767430521685,0
Transformer+GAIL+TD3,291,6041,19,5.327556416021317,0
Transformer+GAIL+TD3,291,6041,20,5.954568147778332,0
Transformer+GAIL+TD3,291,6041,21,4.47117785609294,0
Transformer+GAIL+TD3,291,6041,22,4.701660660549095,0
Transformer+GAIL+TD3,291,6041,23,3.715429857682254,0
Transformer+GAIL+TD3,291,6041,24,3.443533254997016,0
Transformer+GAIL+TD3,291,6041,25,4.886982796432575,0
Transformer+GAIL+TD3,291,6041,26,7.732284983840625,0
Transformer+GAIL+TD3,291,6041,27,3.988039082711677,0
Transformer+GAIL+TD3,291,6041,28,33.41557705718271,0
Transformer+GAIL+TD3,291,6041,29,4.788532095706984,0
Transformer+GAIL+TD3,291,6041,30,2.5713960126946502,0
Transformer+GAIL+TD3,291,6041,31,168.5874840357599,0
Transformer+GAIL+TD3,291,6041,32,4.821510888848535,0
Transformer+GAIL+TD3,291,6041,33,5.148803925308638,0
Transformer+GAIL+TD3,291,6041,34,20.750672460169667,0
Transformer+GAIL+TD3,291,6041,35,7.618806006360793,0
Transformer+GAIL+TD3,291,6041,36,112.14296514704772,0
Transformer+GAIL+TD3,291,6041,37,5.8720121374149805,0
Transformer+GAIL+TD3,291,6041,38,8.028458575510161,0
Transformer+GAIL+TD3,291,6041,39,4.5021439280359825,0
Transformer+GAIL+TD3,291,6041,40,4.881307552707638,0
Transformer+GAIL+TD3,291,6041,41,10.419172329574655,0
Transformer+GAIL+TD3,291,6041,42,15.694429867306397,0
Transformer+GAIL+TD3,291,6041,43,3.5145919587124372,0
Transformer+GAIL+TD3,291,6041,44,4.938538529819234,0
Transformer+GAIL+TD3,291,6041,45,10.529161114081726,0
Transformer+GAIL+TD3,291,6041,46,5.7782730917482406,0
Transformer+GAIL+TD3,291,6041,47,41.79108199057019,0
Transformer+GAIL+TD3,291,6041,48,4.5039668646637505,0
Transformer+GAIL+TD3,291,6041,49,43.32967108290982,0
Transformer+GAIL+TD3,291,6041,50,2.3960566100030847,0
Transformer+GAIL+TD3,291,6041,51,6.5553230603673756,0
Transformer+GAIL+TD3,291,6041,52,4.648856127009661,0
Transformer+GAIL+TD3,291,6041,53,20.327275820134926,0
Transformer+GAIL+TD3,291,6041,54,6.092249435680584,0
Transformer+GAIL+TD3,291,6041,55,37.476928242891844,0
Transformer+GAIL+TD3,291,6041,56,2.7017962667525146,0
Transformer+GAIL+TD3,291,6041,57,4.950207104518182,0
Transformer+GAIL+TD3,291,6041,58,2.7718487821065585,0
Transformer+GAIL+TD3,291,6041,59,10.356120998539268,0
Transformer+GAIL+TD3,291,6041,60,21.873772496274498,0
Transformer+GAIL+TD3,291,6041,61,2.318723961153597,0
Transformer+GAIL+TD3,291,6041,62,2.144080757245262,0
Transformer+GAIL+TD3,291,6041,63,2.0491981129244263,0
Transformer+GAIL+TD3,291,6041,64,5.042061870862892,0
Transformer+GAIL+TD3,291,6041,65,2.2709766435923586,0
Transformer+GAIL+TD3,291,6041,66,3.380443364043962,0
Transformer+GAIL+TD3,291,6041,67,3.915233238680007,0
Transformer+GAIL+TD3,291,6041,68,5.845813272280394,0
Transformer+GAIL+TD3,291,6041,69,4.245881800636377,0
Transformer+GAIL+TD3,291,6041,70,4.50380896169763,0
Transformer+GAIL+TD3,291,6041,71,10.395406438388338,0
Transformer+GAIL+TD3,291,6041,72,14.431849577897161,0
Transformer+GAIL+TD3,291,6041,73,4.014095737736527,0
Transformer+GAIL+TD3,291,6041,74,3.1199267786900573,0
Transformer+GAIL+TD3,291,6041,75,14.527086496443188,0
Transformer+GAIL+TD3,291,6041,76,5.18824617877854,0
Transformer+GAIL+TD3,291,6041,77,11.98154751995514,0
Transformer+GAIL+TD3,291,6041,78,4.239112987806546,0
Transformer+GAIL+TD3,291,6041,79,2.1534293675103586,0
Transformer+GAIL+TD3,291,6041,80,12.481904484466304,0
Transformer+GAIL+TD3,291,6041,81,2.9768736365663426,0
Transformer+GAIL+TD3,291,6041,82,2.6052950852183248,0
Transformer+GAIL+TD3,291,6041,83,5.209608070906864,0
Transformer+GAIL+TD3,291,6041,84,5.366937458191673,0
Transformer+GAIL+TD3,291,6041,85,71.65617169186,0
Transformer+GAIL+TD3,291,6041,86,2.6517629743043636,0
Transformer+GAIL+TD3,291,6041,87,29.08223888114055,0
Transformer+GAIL+TD3,291,6041,88,7.214683925809984,0
Transformer+GAIL+TD3,291,6041,89,13.61302426415409,0
Transformer+GAIL+TD3,291,6041,90,8.197982139704681,0
Transformer+GAIL+TD3,291,6041,91,3.9331494249104364,0
Transformer+GAIL+TD3,291,6041,92,5.738388529265033,0
Transformer+GAIL+TD3,291,6041,93,5.268494924894063,0
Transformer+GAIL+TD3,291,6041,94,5.177729711105474,0
Transformer+GAIL+TD3,291,6041,95,5.7532538415279015,0
Transformer+GAIL+TD3,291,6041,96,2.7454136107040275,0
Transformer+GAIL+TD3,291,6041,97,10.731867441595881,0
Transformer+GAIL+TD3,291,6041,98,10.087129786980542,0
Transformer+GAIL+TD3,291,6043,5,8.406656877141458,0
Transformer+GAIL+TD3,291,6043,6,45.83769633507853,0
Transformer+GAIL+TD3,291,6043,7,22.00989906832298,0
Transformer+GAIL+TD3,291,6043,8,12.395949094819859,0
Transformer+GAIL+TD3,291,6043,9,8.255091740395464,0
Transformer+GAIL+TD3,291,6043,10,4.544349070100143,0
Transformer+GAIL+TD3,291,6043,11,7.7125162033703,0
Transformer+GAIL+TD3,291,6043,12,9.200957279611375,0
Transformer+GAIL+TD3,291,6043,13,8.82185394514162,0
Transformer+GAIL+TD3,291,6043,14,5.119768332940344,0
Transformer+GAIL+TD3,291,6043,15,5.824924550065575,0
Transformer+GAIL+TD3,291,6043,16,7.166059581110969,0
Transformer+GAIL+TD3,291,6043,17,3.847819191763108,0
Transformer+GAIL+TD3,291,6043,18,8.76827379465401,0
Transformer+GAIL+TD3,291,6043,19,5.043697894264823,0
Transformer+GAIL+TD3,291,6043,20,4.7262137090880945,0
Transformer+GAIL+TD3,291,6043,21,5.204647944851501,0
Transformer+GAIL+TD3,291,6043,22,4.351686700271423,0
Transformer+GAIL+TD3,291,6043,23,4.104893970498571,0
Transformer+GAIL+TD3,291,6043,24,3.94498715468299,0
Transformer+GAIL+TD3,291,6043,25,3.654755731358763,0
Transformer+GAIL+TD3,291,6043,26,4.009992692066486,0
Transformer+GAIL+TD3,291,6043,27,6.721030254604284,0
Transformer+GAIL+TD3,291,6043,28,3.7713129596923842,0
Transformer+GAIL+TD3,291,6043,29,93.90661417322836,0
Transformer+GAIL+TD3,291,6043,30,8.598980904832981,0
Transformer+GAIL+TD3,291,6043,31,2.1475134189461627,0
Transformer+GAIL+TD3,291,6043,32,6.576148990051982,0
Transformer+GAIL+TD3,291,6043,33,2.5007374309793664,0
Transformer+GAIL+TD3,291,6043,34,112.0025779235997,0
Transformer+GAIL+TD3,291,6043,35,2.4055730869493925,0
Transformer+GAIL+TD3,291,6043,36,40.70577299412916,0
Transformer+GAIL+TD3,291,6043,37,5.868864391682869,0
Transformer+GAIL+TD3,291,6043,38,3.7753439771547246,0
Transformer+GAIL+TD3,291,6043,39,5.603191187786013,0
Transformer+GAIL+TD3,291,6043,40,3.3921827545226457,0
Transformer+GAIL+TD3,291,6043,41,14.638145707787183,0
Transformer+GAIL+TD3,291,6043,42,5.123273733749951,0
Transformer+GAIL+TD3,291,6043,43,11.340267516914224,0
Transformer+GAIL+TD3,291,6043,44,3.47394762586664,0
Transformer+GAIL+TD3,291,6043,45,9.342188862588763,0
Transformer+GAIL+TD3,291,6043,46,8.104323550649887,0
Transformer+GAIL+TD3,291,6043,47,3.07050051196576,0
Transformer+GAIL+TD3,291,6043,48,22.599180108724706,0
Transformer+GAIL+TD3,291,6043,49,3.870949883743168,0
Transformer+GAIL+TD3,291,6043,50,3.9000777615813194,0
Transformer+GAIL+TD3,291,6043,51,7.222927948688405,0
Transformer+GAIL+TD3,291,6043,52,4.258008628305301,0
Transformer+GAIL+TD3,291,6043,53,5.892776657573242,0
Transformer+GAIL+TD3,291,6043,54,4.866899703425699,0
Transformer+GAIL+TD3,291,6043,55,8.7638459413758,0
Transformer+GAIL+TD3,291,6043,56,5.27029682572384,0
Transformer+GAIL+TD3,291,6043,57,11.332277720080015,0
Transformer+GAIL+TD3,291,6043,58,7.134761556758058,0
Transformer+GAIL+TD3,291,6043,59,5.731148856210876,0
Transformer+GAIL+TD3,291,6043,60,27.30026331538001,0
Transformer+GAIL+TD3,291,6043,61,3.760610111479196,0
Transformer+GAIL+TD3,291,6043,62,11.75799766304885,0
Transformer+GAIL+TD3,291,6043,63,7.377217680829662,0
Transformer+GAIL+TD3,291,6043,64,11.318405400051216,0
Transformer+GAIL+TD3,291,6043,65,55.109830528858204,0
Transformer+GAIL+TD3,291,6043,66,2.8049986181913846,0
Transformer+GAIL+TD3,291,6043,67,6.3776647462191525,0
Transformer+GAIL+TD3,291,6043,68,4.428030751034891,0
Transformer+GAIL+TD3,291,6043,69,14.744664107096874,0
Transformer+GAIL+TD3,291,6043,70,4.060368848808813,0
Transformer+GAIL+TD3,291,6043,71,7.359157431894025,0
Transformer+GAIL+TD3,291,6043,72,3.2238084326938736,0
Transformer+GAIL+TD3,291,6043,73,6.376376235646529,0
Transformer+GAIL+TD3,291,6043,74,14.161658298079061,0
Transformer+GAIL+TD3,291,6043,75,10.097108592155296,0
Transformer+GAIL+TD3,291,6043,76,11.159441320515146,0
Transformer+GAIL+TD3,291,6043,77,5.622717190287266,0
Transformer+GAIL+TD3,291,6043,78,2.881623438905419,0
Transformer+GAIL+TD3,291,6043,79,18.497520384942415,0
Transformer+GAIL+TD3,291,6043,80,74.67569730224051,0
Transformer+GAIL+TD3,291,6043,81,3.4629160253731337,0
Transformer+GAIL+TD3,291,6043,82,10.483079845125781,0
Transformer+GAIL+TD3,291,6043,83,3.344849597021416,0
Transformer+GAIL+TD3,291,6043,84,46.523608701678924,0
Transformer+GAIL+TD3,291,6043,85,8.13837217025933,0
Transformer+GAIL+TD3,291,6043,86,5.870654923353549,0
Transformer+GAIL+TD3,291,6043,87,3.8535566953923515,0
Transformer+GAIL+TD3,291,6043,88,5.14982269615834,0
Transformer+GAIL+TD3,291,6043,89,4.839654529141609,0
Transformer+GAIL+TD3,291,6043,90,8.713191441527842,0
Transformer+GAIL+TD3,291,6043,91,2.884934234187947,0
Transformer+GAIL+TD3,291,6043,92,1.6696073618734646,0
Transformer+GAIL+TD3,291,6043,93,4.037633775282589,0
Transformer+GAIL+TD3,291,6043,94,2.329157230529864,0
Transformer+GAIL+TD3,291,6043,95,1.5879208598490455,0
Transformer+GAIL+TD3,291,6043,96,2.106367230563541,0
Transformer+GAIL+TD3,291,6043,97,0.535796092504176,1
Transformer+GAIL+TD3,291,6044,5,2.8183079056865465,0
Transformer+GAIL+TD3,291,6044,6,12.963930348258703,0
Transformer+GAIL+TD3,291,6044,7,17.398058252427184,0
Transformer+GAIL+TD3,291,6044,8,10.501771599890976,0
Transformer+GAIL+TD3,291,6044,9,19.485214493960846,0
Transformer+GAIL+TD3,291,6044,10,16.964410615099773,0
Transformer+GAIL+TD3,291,6044,11,75.76424870466319,0
Transformer+GAIL+TD3,291,6044,12,23.599937343358395,0
Transformer+GAIL+TD3,291,6044,13,20.896921351115544,0
Transformer+GAIL+TD3,291,6044,14,16.20640904806786,0
Transformer+GAIL+TD3,291,6044,15,6.674812915380187,0
Transformer+GAIL+TD3,291,6044,16,7.1222602659958545,0
Transformer+GAIL+TD3,291,6044,17,9.04082283918796,0
Transformer+GAIL+TD3,291,6044,18,9.032078644418574,0
Transformer+GAIL+TD3,291,6044,19,8.179115263511072,0
Transformer+GAIL+TD3,291,6044,20,5.540081417097591,0
Transformer+GAIL+TD3,291,6044,21,5.222879451082455,0
Transformer+GAIL+TD3,291,6044,22,4.197374674663347,0
Transformer+GAIL+TD3,291,6044,23,6.352070880942827,0
Transformer+GAIL+TD3,291,6044,24,4.113767118382418,0
Transformer+GAIL+TD3,291,6044,25,4.958556192550365,0
Transformer+GAIL+TD3,291,6044,26,3.387868942300165,0
Transformer+GAIL+TD3,291,6044,27,3.0182268017231344,0
Transformer+GAIL+TD3,291,6044,28,2.912550546276529,0
Transformer+GAIL+TD3,291,6044,29,10.993116603085086,0
Transformer+GAIL+TD3,291,6044,30,3.40592209357812,0
Transformer+GAIL+TD3,291,6044,31,11.687013845675171,0
Transformer+GAIL+TD3,291,6044,32,6.720451596701962,0
Transformer+GAIL+TD3,291,6044,33,4.349081513227453,0
Transformer+GAIL+TD3,291,6044,34,4.563180396769213,0
Transformer+GAIL+TD3,291,6044,35,4.573587752431999,0
Transformer+GAIL+TD3,291,6044,36,5.986516357206012,0
Transformer+GAIL+TD3,291,6044,37,20.12347131490139,0
Transformer+GAIL+TD3,291,6044,38,4.394244967047214,0
Transformer+GAIL+TD3,291,6044,39,5.220732839591475,0
Transformer+GAIL+TD3,291,6044,40,6.9477849558251235,0
Transformer+GAIL+TD3,291,6044,41,14.92848304580607,0
Transformer+GAIL+TD3,291,6044,42,13.345747401454663,0
Transformer+GAIL+TD3,291,6044,43,2.5726046853876827,0
Transformer+GAIL+TD3,291,6044,44,5.805115744369547,0
Transformer+GAIL+TD3,291,6044,45,4.37954563879906,0
Transformer+GAIL+TD3,291,6044,46,63.123630500897725,0
Transformer+GAIL+TD3,291,6044,47,6.856106005246083,0
Transformer+GAIL+TD3,291,6044,48,42.475906813511564,0
Transformer+GAIL+TD3,291,6044,49,2.8603625731878095,0
Transformer+GAIL+TD3,291,6044,50,5.111008500551898,0
Transformer+GAIL+TD3,291,6044,51,10.696409397318742,0
Transformer+GAIL+TD3,291,6044,52,5.449193659742028,0
Transformer+GAIL+TD3,291,6044,53,33.39643804841519,0
Transformer+GAIL+TD3,291,6044,54,4.607853625118845,0
Transformer+GAIL+TD3,291,6044,55,7.810241757881896,0
Transformer+GAIL+TD3,291,6044,56,9.45482728480335,0
Transformer+GAIL+TD3,291,6044,57,36.550338640421415,0
Transformer+GAIL+TD3,291,6044,58,50.52616883740279,0
Transformer+GAIL+TD3,291,6044,59,3.4380305838349106,0
Transformer+GAIL+TD3,291,6044,60,4.289962604720607,0
Transformer+GAIL+TD3,291,6044,61,6.807332522685389,0
Transformer+GAIL+TD3,291,6044,62,24.7800264893035,0
Transformer+GAIL+TD3,291,6044,63,6.0341639488180645,0
Transformer+GAIL+TD3,291,6044,64,10.029279159014981,0
Transformer+GAIL+TD3,291,6044,65,3.6719921459058624,0
Transformer+GAIL+TD3,291,6044,66,4.514836240873352,0
Transformer+GAIL+TD3,291,6044,67,2.77197770671077,0
Transformer+GAIL+TD3,291,6044,68,4.331485116557871,0
Transformer+GAIL+TD3,291,6044,69,5.467030875884627,0
Transformer+GAIL+TD3,291,6044,70,2.3128972513105133,0
Transformer+GAIL+TD3,291,6044,71,3.171589553253548,0
Transformer+GAIL+TD3,291,6044,72,5.727872190104306,0
Transformer+GAIL+TD3,291,6044,73,2.691888654897945,0
Transformer+GAIL+TD3,291,6044,74,6.409373716760201,0
Transformer+GAIL+TD3,291,6044,75,31.771723352658434,0
Transformer+GAIL+TD3,291,6044,76,4.048504516099376,0
Transformer+GAIL+TD3,291,6044,77,48.72875894540958,0
Transformer+GAIL+TD3,291,6044,78,4.4841799476079665,0
Transformer+GAIL+TD3,291,6044,79,4.220055096015064,0
Transformer+GAIL+TD3,291,6044,80,4.125456970097519,0
Transformer+GAIL+TD3,291,6044,81,3.8336614367421746,0
Transformer+GAIL+TD3,291,6044,82,6.586501565594828,0
Transformer+GAIL+TD3,291,6044,83,7.127630531909136,0
Transformer+GAIL+TD3,291,6044,84,2.1913888261223997,0
Transformer+GAIL+TD3,291,6044,85,16.28122970449748,0
Transformer+GAIL+TD3,291,6044,86,53.35795724465558,0
Transformer+GAIL+TD3,291,6044,87,4.800481785108667,0
Transformer+GAIL+TD3,291,6044,88,40.17738215064587,0
Transformer+GAIL+TD3,291,6044,89,3.452119451999113,0
Transformer+GAIL+TD3,291,6044,90,21.567574138263048,0
Transformer+GAIL+TD3,291,6044,91,7.713481376175368,0
Transformer+GAIL+TD3,291,6044,92,3.5696796520801044,0
Transformer+GAIL+TD3,291,6044,93,7.7622748851464,0
Transformer+GAIL+TD3,291,6044,94,3.832652211555774,0
Transformer+GAIL+TD3,291,6044,95,1.8402792564625015,0
Transformer+GAIL+TD3,291,6044,96,19.94152414267411,0
Transformer+GAIL+TD3,291,6044,97,6.7474391776573315,0
Transformer+GAIL+TD3,291,6044,98,54.50361613278079,0
Transformer+GAIL+TD3,291,6045,5,5.3150536575760565,0
Transformer+GAIL+TD3,291,6045,6,87.82992465016146,0
Transformer+GAIL+TD3,291,6045,7,52.61745689655172,0
Transformer+GAIL+TD3,291,6045,8,21.251056791031058,0
Transformer+GAIL+TD3,291,6045,9,8.728212100611827,0
Transformer+GAIL+TD3,291,6045,10,12.733260060872503,0
Transformer+GAIL+TD3,291,6045,11,4.721916000310534,0
Transformer+GAIL+TD3,291,6045,12,8.084760402583745,0
Transformer+GAIL+TD3,291,6045,13,8.403840070854685,0
Transformer+GAIL+TD3,291,6045,14,7.33842991134524,0
Transformer+GAIL+TD3,291,6045,15,5.3397019553794465,0
Transformer+GAIL+TD3,291,6045,16,5.840479574462097,0
Transformer+GAIL+TD3,291,6045,17,6.805687701658287,0
Transformer+GAIL+TD3,291,6045,18,4.931902408894379,0
Transformer+GAIL+TD3,291,6045,19,8.167591944385652,0
Transformer+GAIL+TD3,291,6045,20,8.412707173849714,0
Transformer+GAIL+TD3,291,6045,21,3.2545152733429297,0
Transformer+GAIL+TD3,291,6045,22,5.169557945825409,0
Transformer+GAIL+TD3,291,6045,23,4.787465918331552,0
Transformer+GAIL+TD3,291,6045,24,4.1746543184872875,0
Transformer+GAIL+TD3,291,6045,25,5.413592975687631,0
Transformer+GAIL+TD3,291,6045,26,5.1282625572815395,0
Transformer+GAIL+TD3,291,6045,27,3.9000682182985558,0
Transformer+GAIL+TD3,291,6045,28,9.266990356915837,0
Transformer+GAIL+TD3,291,6045,29,4.345608012532249,0
Transformer+GAIL+TD3,291,6045,30,10.283234390992837,0
Transformer+GAIL+TD3,291,6045,31,2.7181685176300796,0
Transformer+GAIL+TD3,291,6045,32,2.42306315127954,0
Transformer+GAIL+TD3,291,6045,33,283.8432974378017,0
Transformer+GAIL+TD3,291,6045,34,3.576403819706743,0
Transformer+GAIL+TD3,291,6045,35,198.67098547310562,0
Transformer+GAIL+TD3,291,6045,36,64.41436079275628,0
Transformer+GAIL+TD3,291,6045,37,8.808367532036028,0
Transformer+GAIL+TD3,291,6045,38,5.480996943262483,0
Transformer+GAIL+TD3,291,6045,39,6.480758856320806,0
Transformer+GAIL+TD3,291,6045,40,9.988919280452015,0
Transformer+GAIL+TD3,291,6045,41,112.8886783042394,0
Transformer+GAIL+TD3,291,6045,42,3.0188249957957836,0
Transformer+GAIL+TD3,291,6045,43,5.790866413579685,0
Transformer+GAIL+TD3,291,6045,44,4.089581597146953,0
Transformer+GAIL+TD3,291,6045,45,3.7996648769100547,0
Transformer+GAIL+TD3,291,6045,46,51.333333333333336,0
Transformer+GAIL+TD3,291,6045,47,2.365723779200196,0
Transformer+GAIL+TD3,291,6045,48,2.725981316815071,0
Transformer+GAIL+TD3,291,6045,49,2.320025518967463,0
Transformer+GAIL+TD3,291,6045,50,3.3284716800142773,0
Transformer+GAIL+TD3,291,6045,51,62.783218003140085,0
Transformer+GAIL+TD3,291,6045,52,3.5322244747048437,0
Transformer+GAIL+TD3,291,6045,53,5.667959051957658,0
Transformer+GAIL+TD3,291,6045,54,4.579840452112265,0
Transformer+GAIL+TD3,291,6045,55,34.96448795180723,0
Transformer+GAIL+TD3,291,6045,56,2.623724991165762,0
Transformer+GAIL+TD3,291,6045,57,4.231039830324869,0
Transformer+GAIL+TD3,291,6045,58,12.412419813166805,0
Transformer+GAIL+TD3,291,6045,59,5.925901944864113,0
Transformer+GAIL+TD3,291,6045,60,11.17082294264339,0
Transformer+GAIL+TD3,291,6045,61,8.533165070077821,0
Transformer+GAIL+TD3,291,6045,62,3.2977150184064197,0
Transformer+GAIL+TD3,291,6045,63,4.669477961248497,0
Transformer+GAIL+TD3,291,6045,64,4.101992878148112,0
Transformer+GAIL+TD3,291,6045,65,4.899025285886996,0
Transformer+GAIL+TD3,291,6045,66,2.3252876883395768,0
Transformer+GAIL+TD3,291,6045,67,3.5463041303164884,0
Transformer+GAIL+TD3,291,6045,68,2.4780167267272963,0
Transformer+GAIL+TD3,291,6045,69,6.580877004820198,0
Transformer+GAIL+TD3,291,6045,70,4.070450613645403,0
Transformer+GAIL+TD3,291,6045,71,4.0372824558852045,0
Transformer+GAIL+TD3,291,6045,72,8.645752129348924,0
Transformer+GAIL+TD3,291,6045,73,22.453853929089775,0
Transformer+GAIL+TD3,291,6045,74,3.104553833844801,0
Transformer+GAIL+TD3,291,6045,75,2.3829073804666843,0
Transformer+GAIL+TD3,291,6045,76,26.431235032500854,0
Transformer+GAIL+TD3,291,6045,77,2.96187009571356,0
Transformer+GAIL+TD3,291,6045,78,4.224258267769316,0
Transformer+GAIL+TD3,291,6045,79,10.055670773230979,0
Transformer+GAIL+TD3,291,6045,80,2.898639763919265,0
Transformer+GAIL+TD3,291,6045,81,16.27468672382583,0
Transformer+GAIL+TD3,291,6045,82,3.3303456268766847,0
Transformer+GAIL+TD3,291,6045,83,3.3909606958291105,0
Transformer+GAIL+TD3,291,6045,84,9.646559523371703,0
Transformer+GAIL+TD3,291,6045,85,4.360479629304487,0
Transformer+GAIL+TD3,291,6045,86,31.18989788924234,0
Transformer+GAIL+TD3,291,6045,87,6.139055632048792,0
Transformer+GAIL+TD3,291,6045,88,7.571526819473703,0
Transformer+GAIL+TD3,291,6045,89,39.352149862793134,0
Transformer+GAIL+TD3,291,6045,90,5.6525373124157205,0
Transformer+GAIL+TD3,291,6045,91,80.30426610717721,0
Transformer+GAIL+TD3,291,6045,92,6.160071316800664,0
Transformer+GAIL+TD3,291,6045,93,5.4343675744523505,0
Transformer+GAIL+TD3,291,6045,94,70.94267268656638,0
Transformer+GAIL+TD3,291,6045,95,6.7067253634780375,0
Transformer+GAIL+TD3,291,6045,96,92.79651195185825,0
Transformer+GAIL+TD3,291,6045,97,3.370212321561523,0
Transformer+GAIL+TD3,291,6045,98,4.522980560224931,0
Transformer+GAIL+TD3,291,6047,5,8.26431718061674,0
Transformer+GAIL+TD3,291,6047,6,46.730462519936204,0
Transformer+GAIL+TD3,291,6047,7,22.342834830144476,0
Transformer+GAIL+TD3,291,6047,8,12.65950782997763,0
Transformer+GAIL+TD3,291,6047,9,8.49727724253486,0
Transformer+GAIL+TD3,291,6047,10,5.85009936871639,0
Transformer+GAIL+TD3,291,6047,11,12.97497709573981,0
Transformer+GAIL+TD3,291,6047,12,9.712803130896637,0
Transformer+GAIL+TD3,291,6047,13,12.90595312175897,0
Transformer+GAIL+TD3,291,6047,14,5.468106949962058,0
Transformer+GAIL+TD3,291,6047,15,4.227919588974066,0
Transformer+GAIL+TD3,291,6047,16,4.875651616893445,0
Transformer+GAIL+TD3,291,6047,17,6.134510986643687,0
Transformer+GAIL+TD3,291,6047,18,6.522675078864354,0
Transformer+GAIL+TD3,291,6047,19,5.789165680662596,0
Transformer+GAIL+TD3,291,6047,20,4.836926067814055,0
Transformer+GAIL+TD3,291,6047,21,4.336136170212765,0
Transformer+GAIL+TD3,291,6047,22,3.575047337701632,0
Transformer+GAIL+TD3,291,6047,23,5.65881905527292,0
Transformer+GAIL+TD3,291,6047,24,5.513063254373827,0
Transformer+GAIL+TD3,291,6047,25,5.37125591014782,0
Transformer+GAIL+TD3,291,6047,26,4.936514357078932,0
Transformer+GAIL+TD3,291,6047,27,13.791444119721861,0
Transformer+GAIL+TD3,291,6047,28,2.7050996314286664,0
Transformer+GAIL+TD3,291,6047,29,21.972411152240113,0
Transformer+GAIL+TD3,291,6047,30,4.832034611257573,0
Transformer+GAIL+TD3,291,6047,31,8.346346938889479,0
Transformer+GAIL+TD3,291,6047,32,113.12149001785424,0
Transformer+GAIL+TD3,291,6047,33,4.268859053859554,0
Transformer+GAIL+TD3,291,6047,34,3.5674526146078045,0
Transformer+GAIL+TD3,291,6047,35,4.868102106591831,0
Transformer+GAIL+TD3,291,6047,36,4.840562515012775,0
Transformer+GAIL+TD3,291,6047,37,135.06825493435355,0
Transformer+GAIL+TD3,291,6047,38,6.659941917074241,0
Transformer+GAIL+TD3,291,6047,39,3.3431047654768187,0
Transformer+GAIL+TD3,291,6047,40,41.15974967061923,0
Transformer+GAIL+TD3,291,6047,41,4.856986375648185,0
Transformer+GAIL+TD3,291,6047,42,165.90062194877282,0
Transformer+GAIL+TD3,291,6047,43,4.584061014560408,0
Transformer+GAIL+TD3,291,6047,44,5.565365630471698,0
Transformer+GAIL+TD3,291,6047,45,4.030487449128161,0
Transformer+GAIL+TD3,291,6047,46,7.832033740457506,0
Transformer+GAIL+TD3,291,6047,47,113.28825808579045,0
Transformer+GAIL+TD3,291,6047,48,4.574920729969088,0
Transformer+GAIL+TD3,291,6047,49,4.633395035992079,0
Transformer+GAIL+TD3,291,6047,50,119.30358421335242,0
Transformer+GAIL+TD3,291,6047,51,2.3627685772645517,0
Transformer+GAIL+TD3,291,6047,52,162.58270029373037,0
Transformer+GAIL+TD3,291,6047,53,3.762445470360375,0
Transformer+GAIL+TD3,291,6047,54,180.25626874103688,0
Transformer+GAIL+TD3,291,6047,55,4.669634485096342,0
Transformer+GAIL+TD3,291,6047,56,36.038623190927474,0
Transformer+GAIL+TD3,291,6047,57,144.2843316144387,0
Transformer+GAIL+TD3,291,6047,58,3.7736340041713365,0
Transformer+GAIL+TD3,291,6047,59,3.2331181197166075,0
Transformer+GAIL+TD3,291,6047,60,43.54284606287724,0
Transformer+GAIL+TD3,291,6047,61,4.383539794644462,0
Transformer+GAIL+TD3,291,6047,62,106.15074055650867,0
Transformer+GAIL+TD3,291,6047,63,3.8449221116641077,0
Transformer+GAIL+TD3,291,6047,64,2.868349819509646,0
Transformer+GAIL+TD3,291,6047,65,2.774316849974519,0
Transformer+GAIL+TD3,291,6047,66,5.75167215373401,0
Transformer+GAIL+TD3,291,6047,67,6.1679996492642015,0
Transformer+GAIL+TD3,291,6047,68,135.92104168196394,0
Transformer+GAIL+TD3,291,6047,69,2.627600122416578,0
Transformer+GAIL+TD3,291,6047,70,39.452553824831085,0
Transformer+GAIL+TD3,291,6047,71,4.766355573778919,0
Transformer+GAIL+TD3,291,6047,72,5.061413036318365,0
Transformer+GAIL+TD3,291,6047,73,95.66957276832234,0
Transformer+GAIL+TD3,291,6047,74,2.300126239005643,0
Transformer+GAIL+TD3,291,6047,75,5.976046593389099,0
Transformer+GAIL+TD3,291,6047,76,24.614638844853932,0
Transformer+GAIL+TD3,291,6047,77,9.866746352051047,0
Transformer+GAIL+TD3,291,6047,78,156.38878486816967,0
Transformer+GAIL+TD3,291,6047,79,2.2109161418562473,0
Transformer+GAIL+TD3,291,6047,80,9.456176472963046,0
Transformer+GAIL+TD3,291,6047,81,4.3357160702499575,0
Transformer+GAIL+TD3,291,6047,82,12.942537439763456,0
Transformer+GAIL+TD3,291,6047,83,122.07378197180515,0
Transformer+GAIL+TD3,291,6047,84,3.8349857660060325,0
Transformer+GAIL+TD3,291,6047,85,3.4816338262242548,0
Transformer+GAIL+TD3,291,6047,86,6.029059185109058,0
Transformer+GAIL+TD3,291,6047,87,3.348955051048022,0
Transformer+GAIL+TD3,291,6047,88,70.92902514970059,0
Transformer+GAIL+TD3,291,6047,89,2.7508758363204886,0
Transformer+GAIL+TD3,291,6047,90,5.647735817083527,0
Transformer+GAIL+TD3,291,6047,91,57.7296828815054,0
Transformer+GAIL+TD3,291,6047,92,11.694734406835595,0
Transformer+GAIL+TD3,291,6047,93,119.63344105293648,0
Transformer+GAIL+TD3,291,6047,94,3.939837213511908,0
Transformer+GAIL+TD3,291,6047,95,12.692007146525357,0
Transformer+GAIL+TD3,291,6047,96,4.987784435971803,0
Transformer+GAIL+TD3,291,6047,97,2.176825632973085,0
Transformer+GAIL+TD3,291,6047,98,8.349869651271781,0
Transformer+GAIL+TD3,291,6050,5,6.7524791359842915,0
Transformer+GAIL+TD3,291,6050,6,78.64849074975658,0
Transformer+GAIL+TD3,291,6050,7,20.86028487641391,0
Transformer+GAIL+TD3,291,6050,8,15.214250000000002,0
Transformer+GAIL+TD3,291,6050,9,9.674099601324416,0
Transformer+GAIL+TD3,291,6050,10,5.4283356812235875,0
Transformer+GAIL+TD3,291,6050,11,8.774951733400487,0
Transformer+GAIL+TD3,291,6050,12,8.788506944444444,0
Transformer+GAIL+TD3,291,6050,13,9.3922168083819,0
Transformer+GAIL+TD3,291,6050,14,6.571558401321904,0
Transformer+GAIL+TD3,291,6050,15,5.295146718322008,0
Transformer+GAIL+TD3,291,6050,16,3.7699717982004564,0
Transformer+GAIL+TD3,291,6050,17,4.496027974754489,0
Transformer+GAIL+TD3,291,6050,18,6.343573613684347,0
Transformer+GAIL+TD3,291,6050,19,7.740769846467292,0
Transformer+GAIL+TD3,291,6050,20,7.6048158039764315,0
Transformer+GAIL+TD3,291,6050,21,4.229414115247884,0
Transformer+GAIL+TD3,291,6050,22,6.3031674208144794,0
Transformer+GAIL+TD3,291,6050,23,4.923355626081153,0
Transformer+GAIL+TD3,291,6050,24,3.824460909227178,0
Transformer+GAIL+TD3,291,6050,25,6.08453417108719,0
Transformer+GAIL+TD3,291,6050,26,4.563017963163905,0
Transformer+GAIL+TD3,291,6050,27,15.863990830382546,0
Transformer+GAIL+TD3,291,6050,28,3.488322018287067,0
Transformer+GAIL+TD3,291,6050,29,4.695179831550194,0
Transformer+GAIL+TD3,291,6050,30,18.854256481573458,0
Transformer+GAIL+TD3,291,6050,31,2.0027167603717535,0
Transformer+GAIL+TD3,291,6050,32,11.781977962752261,0
Transformer+GAIL+TD3,291,6050,33,2.074145604854042,0
Transformer+GAIL+TD3,291,6050,34,12.263310171461097,0
Transformer+GAIL+TD3,291,6050,35,1.9206848739940514,0
Transformer+GAIL+TD3,291,6050,36,8.048515839361436,0
Transformer+GAIL+TD3,291,6050,37,1.8696967219815255,0
Transformer+GAIL+TD3,291,6050,38,11.026766025397311,0
Transformer+GAIL+TD3,291,6050,39,2.281163006495515,0
Transformer+GAIL+TD3,291,6050,40,7.657391743092037,0
Transformer+GAIL+TD3,291,6050,41,6.677069338162275,0
Transformer+GAIL+TD3,291,6050,42,8.02431091958696,0
Transformer+GAIL+TD3,291,6050,43,7.907695984703634,0
Transformer+GAIL+TD3,291,6050,44,6.304871357820581,0
Transformer+GAIL+TD3,291,6050,45,4.7791626892131465,0
Transformer+GAIL+TD3,291,6050,46,60.12119862577937,0
Transformer+GAIL+TD3,291,6050,47,9.179308314496852,0
Transformer+GAIL+TD3,291,6050,48,7.006766368664385,0
Transformer+GAIL+TD3,291,6050,49,14.81358091041006,0
Transformer+GAIL+TD3,291,6050,50,6.310271599877011,0
Transformer+GAIL+TD3,291,6050,51,66.35426243684857,0
Transformer+GAIL+TD3,291,6050,52,4.070072942933634,0
Transformer+GAIL+TD3,291,6050,53,3.975670473641203,0
Transformer+GAIL+TD3,291,6050,54,4.184801584574147,0
Transformer+GAIL+TD3,291,6050,55,5.022206941641961,0
Transformer+GAIL+TD3,291,6050,56,11.008396503620645,0
Transformer+GAIL+TD3,291,6050,57,4.3530606884203635,0
Transformer+GAIL+TD3,291,6050,58,53.912558936991,0
Transformer+GAIL+TD3,291,6050,59,3.4846665119775104,0
Transformer+GAIL+TD3,291,6050,60,18.363340199981483,0
Transformer+GAIL+TD3,291,6050,61,1.5362406536943842,0
Transformer+GAIL+TD3,291,6050,62,6.860171412738196,0
Transformer+GAIL+TD3,291,6050,63,4.2034579495867135,0
Transformer+GAIL+TD3,291,6050,64,5.7461059438532684,0
Transformer+GAIL+TD3,291,6050,65,5.489472822132179,0
Transformer+GAIL+TD3,291,6050,66,21.089655243985966,0
Transformer+GAIL+TD3,291,6050,67,2.2459372026641296,0
Transformer+GAIL+TD3,291,6050,68,7.546214877828412,0
Transformer+GAIL+TD3,291,6050,69,2.4802497014508216,0
Transformer+GAIL+TD3,291,6050,70,6.203613535978854,0
Transformer+GAIL+TD3,291,6050,71,4.817346611605712,0
Transformer+GAIL+TD3,291,6050,72,3.4416221288746818,0
Transformer+GAIL+TD3,291,6050,73,10.310749105269652,0
Transformer+GAIL+TD3,291,6050,74,10.23858913121409,0
Transformer+GAIL+TD3,291,6050,75,3.2518798811700296,0
Transformer+GAIL+TD3,291,6050,76,9.521814499797488,0
Transformer+GAIL+TD3,291,6050,77,66.87212144991396,0
Transformer+GAIL+TD3,291,6050,78,2.796116071160119,0
Transformer+GAIL+TD3,291,6050,79,36.86634969170545,0
Transformer+GAIL+TD3,291,6050,80,2.851045160075249,0
Transformer+GAIL+TD3,291,6050,81,3.777988877553306,0
Transformer+GAIL+TD3,291,6050,82,15.26144147002628,0
Transformer+GAIL+TD3,291,6050,83,2.2121847853781844,0
Transformer+GAIL+TD3,291,6050,84,8.820250519455987,0
Transformer+GAIL+TD3,291,6050,85,3.463247320556665,0
Transformer+GAIL+TD3,291,6050,86,7.403960374279545,0
Transformer+GAIL+TD3,291,6050,87,2.411190987013017,0
Transformer+GAIL+TD3,291,6050,88,4.435817398145931,0
Transformer+GAIL+TD3,291,6050,89,8.36130868541171,0
Transformer+GAIL+TD3,291,6050,90,3.399611131364686,0
Transformer+GAIL+TD3,291,6050,91,15.438000930761673,0
Transformer+GAIL+TD3,291,6050,92,3.367990412871672,0
Transformer+GAIL+TD3,291,6050,93,11.52393331275085,0
Transformer+GAIL+TD3,291,6050,94,14.074860055407283,0
Transformer+GAIL+TD3,291,6050,95,29.19934905848503,0
Transformer+GAIL+TD3,291,6050,96,6.641189225859103,0
Transformer+GAIL+TD3,291,6050,97,3.501666073276982,0
Transformer+GAIL+TD3,291,6050,98,3.372847952267913,0
Transformer+GAIL+TD3,291,6056,5,6.3120463017461255,0
Transformer+GAIL+TD3,291,6056,6,89.15757575757576,0
Transformer+GAIL+TD3,291,6056,7,20.917348437172226,0
Transformer+GAIL+TD3,291,6056,8,11.930411636087081,0
Transformer+GAIL+TD3,291,6056,9,10.657394892224517,0
Transformer+GAIL+TD3,291,6056,10,8.972039997452391,0
Transformer+GAIL+TD3,291,6056,11,6.57424951489556,0
Transformer+GAIL+TD3,291,6056,12,15.342986321753564,0
Transformer+GAIL+TD3,291,6056,13,8.981497418244407,0
Transformer+GAIL+TD3,291,6056,14,5.997516626694561,0
Transformer+GAIL+TD3,291,6056,15,6.352458488866007,0
Transformer+GAIL+TD3,291,6056,16,4.058017822409191,0
Transformer+GAIL+TD3,291,6056,17,5.069337269900915,0
Transformer+GAIL+TD3,291,6056,18,7.515702714224813,0
Transformer+GAIL+TD3,291,6056,19,5.067590595340811,0
Transformer+GAIL+TD3,291,6056,20,5.364990000504176,0
Transformer+GAIL+TD3,291,6056,21,5.811007579017627,0
Transformer+GAIL+TD3,291,6056,22,3.492671069753738,0
Transformer+GAIL+TD3,291,6056,23,4.290638311709427,0
Transformer+GAIL+TD3,291,6056,24,12.059859652427825,0
Transformer+GAIL+TD3,291,6056,25,2.7108595304417027,0
Transformer+GAIL+TD3,291,6056,26,3.7579277353903353,0
Transformer+GAIL+TD3,291,6056,27,8.782229351696078,0
Transformer+GAIL+TD3,291,6056,28,4.050338007980475,0
Transformer+GAIL+TD3,291,6056,29,52.370963597430396,0
Transformer+GAIL+TD3,291,6056,30,4.819669113032127,0
Transformer+GAIL+TD3,291,6056,31,3.86412274189557,0
Transformer+GAIL+TD3,291,6056,32,10.545923632610938,0
Transformer+GAIL+TD3,291,6056,33,4.584070984945944,0
Transformer+GAIL+TD3,291,6056,34,83.86406713448599,0
Transformer+GAIL+TD3,291,6056,35,1.9109120698710729,0
Transformer+GAIL+TD3,291,6056,36,4.440105122302905,0
Transformer+GAIL+TD3,291,6056,37,3.429260735493127,0
Transformer+GAIL+TD3,291,6056,38,33.078270668988836,0
Transformer+GAIL+TD3,291,6056,39,5.293315808441628,0
Transformer+GAIL+TD3,291,6056,40,23.615398342388076,0
Transformer+GAIL+TD3,291,6056,41,3.075837710884415,0
Transformer+GAIL+TD3,291,6056,42,94.1680948737567,0
Transformer+GAIL+TD3,291,6056,43,2.719197261739092,0
Transformer+GAIL+TD3,291,6056,44,8.515290781111187,0
Transformer+GAIL+TD3,291,6056,45,118.20091484869809,0
Transformer+GAIL+TD3,291,6056,46,3.445166816640133,0
Transformer+GAIL+TD3,291,6056,47,78.77189168573608,0
Transformer+GAIL+TD3,291,6056,48,3.7783450004585335,0
Transformer+GAIL+TD3,291,6056,49,6.482700936310985,0
Transformer+GAIL+TD3,291,6056,50,149.00498015156984,0
Transformer+GAIL+TD3,291,6056,51,4.467555580457855,0
Transformer+GAIL+TD3,291,6056,52,4.896691278648317,0
Transformer+GAIL+TD3,291,6056,53,8.848238894485736,0
Transformer+GAIL+TD3,291,6056,54,4.432399395023446,0
Transformer+GAIL+TD3,291,6056,55,94.94185402974749,0
Transformer+GAIL+TD3,291,6056,56,3.3690126945850256,0
Transformer+GAIL+TD3,291,6056,57,2.359276121701539,0
Transformer+GAIL+TD3,291,6056,58,5.290082361425325,0
Transformer+GAIL+TD3,291,6056,59,8.724756582147215,0
Transformer+GAIL+TD3,291,6056,60,16.841693485974314,0
Transformer+GAIL+TD3,291,6056,61,5.8117588017190185,0
Transformer+GAIL+TD3,291,6056,62,55.83069811067935,0
Transformer+GAIL+TD3,291,6056,63,3.3780107669878374,0
Transformer+GAIL+TD3,291,6056,64,12.272914444344483,0
Transformer+GAIL+TD3,291,6056,65,3.7891206709553718,0
Transformer+GAIL+TD3,291,6056,66,8.309689262697187,0
Transformer+GAIL+TD3,291,6056,67,6.630542675189449,0
Transformer+GAIL+TD3,291,6056,68,5.638680199504726,0
Transformer+GAIL+TD3,291,6056,69,3.9658839042729284,0
Transformer+GAIL+TD3,291,6056,70,3.0350112230989508,0
Transformer+GAIL+TD3,291,6056,71,3.040274236929401,0
Transformer+GAIL+TD3,291,6056,72,45.857869856736286,0
Transformer+GAIL+TD3,291,6056,73,1.8709716004058439,0
Transformer+GAIL+TD3,291,6056,74,19.632513862623806,0
Transformer+GAIL+TD3,291,6056,75,15.701284637959256,0
Transformer+GAIL+TD3,291,6056,76,32.87095075059257,0
Transformer+GAIL+TD3,291,6056,77,70.04905591587674,0
Transformer+GAIL+TD3,291,6056,78,4.9982249376214964,0
Transformer+GAIL+TD3,291,6056,79,5.379382590919242,0
Transformer+GAIL+TD3,291,6056,80,4.376147922365224,0
Transformer+GAIL+TD3,291,6056,81,3.4122236724094988,0
Transformer+GAIL+TD3,291,6056,82,5.105702412962252,0
Transformer+GAIL+TD3,291,6056,83,2.9362824885453565,0
Transformer+GAIL+TD3,291,6056,84,5.307345634786996,0
Transformer+GAIL+TD3,291,6056,85,5.052314510113641,0
Transformer+GAIL+TD3,291,6056,86,2.0250117656443183,0
Transformer+GAIL+TD3,291,6056,87,3.429407794689851,0
Transformer+GAIL+TD3,291,6056,88,92.41028368794326,0
Transformer+GAIL+TD3,291,6056,89,3.3795245250009343,0
Transformer+GAIL+TD3,291,6056,90,1.6670282896242925,0
Transformer+GAIL+TD3,291,6056,91,8.913525841456686,0
Transformer+GAIL+TD3,291,6056,92,1.7286892888424261,0
Transformer+GAIL+TD3,291,6056,93,4.453065484767996,0
Transformer+GAIL+TD3,291,6056,94,0.8108397348470316,1
Transformer+GAIL+TD3,291,6058,5,8.277337249143416,0
Transformer+GAIL+TD3,291,6058,6,49.89601293103447,0
Transformer+GAIL+TD3,291,6058,7,22.037072981366457,0
Transformer+GAIL+TD3,291,6058,8,13.010296355985314,0
Transformer+GAIL+TD3,291,6058,9,8.420826367327443,0
Transformer+GAIL+TD3,291,6058,10,4.7428371971261525,0
Transformer+GAIL+TD3,291,6058,11,6.35000815394651,0
Transformer+GAIL+TD3,291,6058,12,8.820887566078804,0
Transformer+GAIL+TD3,291,6058,13,9.63660774222421,0
Transformer+GAIL+TD3,291,6058,14,5.752815639335098,0
Transformer+GAIL+TD3,291,6058,15,6.0612989199046154,0
Transformer+GAIL+TD3,291,6058,16,7.223078981701402,0
Transformer+GAIL+TD3,291,6058,17,6.8213858225827915,0
Transformer+GAIL+TD3,291,6058,18,4.0967075376884425,0
Transformer+GAIL+TD3,291,6058,19,5.9345391083611,0
Transformer+GAIL+TD3,291,6058,20,4.0219227726309885,0
Transformer+GAIL+TD3,291,6058,21,5.655956161106176,0
Transformer+GAIL+TD3,291,6058,22,4.29267932735252,0
Transformer+GAIL+TD3,291,6058,23,4.332453358783326,0
Transformer+GAIL+TD3,291,6058,24,3.420420691522975,0
Transformer+GAIL+TD3,291,6058,25,11.061055094423708,0
Transformer+GAIL+TD3,291,6058,26,1.7763129910116844,0
Transformer+GAIL+TD3,291,6058,27,16.871569790431,0
Transformer+GAIL+TD3,291,6058,28,4.200606246857016,0
Transformer+GAIL+TD3,291,6058,29,5.112132654736497,0
Transformer+GAIL+TD3,291,6058,30,222.45422149122805,0
Transformer+GAIL+TD3,291,6058,31,5.113506072874493,0
Transformer+GAIL+TD3,291,6058,32,7.969249692496925,0
Transformer+GAIL+TD3,291,6058,33,2.0795549973617913,0
Transformer+GAIL+TD3,291,6058,34,59.62425580948721,0
Transformer+GAIL+TD3,291,6058,35,2.6887502573919146,0
Transformer+GAIL+TD3,291,6058,36,4.60117702931663,0
Transformer+GAIL+TD3,291,6058,37,3.344686389432361,0
Transformer+GAIL+TD3,291,6058,38,28.39175203846958,0
Transformer+GAIL+TD3,291,6058,39,3.9854973491018324,0
Transformer+GAIL+TD3,291,6058,40,10.989631778299852,0
Transformer+GAIL+TD3,291,6058,41,4.062935558669733,0
Transformer+GAIL+TD3,291,6058,42,4.585570166215958,0
Transformer+GAIL+TD3,291,6058,43,109.38304790808586,0
Transformer+GAIL+TD3,291,6058,44,6.406113036010425,0
Transformer+GAIL+TD3,291,6058,45,4.666494448221165,0
Transformer+GAIL+TD3,291,6058,46,6.8315811172954035,0
Transformer+GAIL+TD3,291,6058,47,130.9849619165419,0
Transformer+GAIL+TD3,291,6058,48,4.730374505241106,0
Transformer+GAIL+TD3,291,6058,49,17.30411450883768,0
Transformer+GAIL+TD3,291,6058,50,90.35910837382754,0
Transformer+GAIL+TD3,291,6058,51,3.561956036232503,0
Transformer+GAIL+TD3,291,6058,52,74.05908009516256,0
Transformer+GAIL+TD3,291,6058,53,3.1686260891092517,0
Transformer+GAIL+TD3,291,6058,54,6.814013175419849,0
Transformer+GAIL+TD3,291,6058,55,25.87741943720954,0
Transformer+GAIL+TD3,291,6058,56,4.327100052738952,0
Transformer+GAIL+TD3,291,6058,57,39.45929945263798,0
Transformer+GAIL+TD3,291,6058,58,3.961577237449398,0
Transformer+GAIL+TD3,291,6058,59,3.9892034846242415,0
Transformer+GAIL+TD3,291,6058,60,24.41240718798558,0
Transformer+GAIL+TD3,291,6058,61,4.5845795246800725,0
Transformer+GAIL+TD3,291,6058,62,51.65228883231446,0
Transformer+GAIL+TD3,291,6058,63,4.659825900199046,0
Transformer+GAIL+TD3,291,6058,64,8.097039211893106,0
Transformer+GAIL+TD3,291,6058,65,5.459675612679968,0
Transformer+GAIL+TD3,291,6058,66,8.912668231756252,0
Transformer+GAIL+TD3,291,6058,67,5.523826925945716,0
Transformer+GAIL+TD3,291,6058,68,2.5484424322249817,0
Transformer+GAIL+TD3,291,6058,69,2.627530414999523,0
Transformer+GAIL+TD3,291,6058,70,11.881155348665526,0
Transformer+GAIL+TD3,291,6058,71,28.55333629412683,0
Transformer+GAIL+TD3,291,6058,72,64.044473556037,0
Transformer+GAIL+TD3,291,6058,73,3.5579190306061252,0
Transformer+GAIL+TD3,291,6058,74,6.962943907220195,0
Transformer+GAIL+TD3,291,6058,75,4.76223856932475,0
Transformer+GAIL+TD3,291,6058,76,5.0829219302512065,0
Transformer+GAIL+TD3,291,6058,77,14.285007878534643,0
Transformer+GAIL+TD3,291,6058,78,4.93367925636855,0
Transformer+GAIL+TD3,291,6058,79,5.083634902327134,0
Transformer+GAIL+TD3,291,6058,80,5.5412502918413615,0
Transformer+GAIL+TD3,291,6058,81,3.6012831052423095,0
Transformer+GAIL+TD3,291,6058,82,2.2168121450332365,0
Transformer+GAIL+TD3,291,6058,83,3.425796060005601,0
Transformer+GAIL+TD3,291,6058,84,18.38792308755973,0
Transformer+GAIL+TD3,291,6058,85,2.759506900254627,0
Transformer+GAIL+TD3,291,6058,86,4.860219901069007,0
Transformer+GAIL+TD3,291,6058,87,1.9813963450384124,0
Transformer+GAIL+TD3,291,6058,88,53.96902459811327,0
Transformer+GAIL+TD3,291,6058,89,1.6302358226064946,0
Transformer+GAIL+TD3,291,6058,90,9.326451840713029,0
Transformer+GAIL+TD3,291,6058,91,1.0024929055939866,0
Transformer+GAIL+TD3,291,6058,92,0.7406848017103845,1
Transformer+GAIL+TD3,291,6059,5,7.652489219913759,0
Transformer+GAIL+TD3,291,6059,6,83.11367837338263,0
Transformer+GAIL+TD3,291,6059,7,23.89835450947719,0
Transformer+GAIL+TD3,291,6059,8,13.42358285227595,0
Transformer+GAIL+TD3,291,6059,9,8.398240974229658,0
Transformer+GAIL+TD3,291,6059,10,5.593431699190861,0
Transformer+GAIL+TD3,291,6059,11,8.457161670152605,0
Transformer+GAIL+TD3,291,6059,12,8.578476499189627,0
Transformer+GAIL+TD3,291,6059,13,10.703176425564484,0
Transformer+GAIL+TD3,291,6059,14,5.95173344614331,0
Transformer+GAIL+TD3,291,6059,15,4.901506611880781,0
Transformer+GAIL+TD3,291,6059,16,3.64957768280782,0
Transformer+GAIL+TD3,291,6059,17,6.661434079069188,0
Transformer+GAIL+TD3,291,6059,18,8.301161693404053,0
Transformer+GAIL+TD3,291,6059,19,7.800812825242572,0
Transformer+GAIL+TD3,291,6059,20,4.189891696750903,0
Transformer+GAIL+TD3,291,6059,21,4.3173213060676385,0
Transformer+GAIL+TD3,291,6059,22,3.389881647240531,0
Transformer+GAIL+TD3,291,6059,23,5.703943616663499,0
Transformer+GAIL+TD3,291,6059,24,6.286108065779169,0
Transformer+GAIL+TD3,291,6059,25,5.6241290928125345,0
Transformer+GAIL+TD3,291,6059,26,5.291334230666692,0
Transformer+GAIL+TD3,291,6059,27,5.1518964960563345,0
Transformer+GAIL+TD3,291,6059,28,1.9882243638022878,0
Transformer+GAIL+TD3,291,6059,29,4.253155973190121,0
Transformer+GAIL+TD3,291,6059,30,3.8307637626439193,0
Transformer+GAIL+TD3,291,6059,31,5.017337258750409,0
Transformer+GAIL+TD3,291,6059,32,24.816609700520836,0
Transformer+GAIL+TD3,291,6059,33,7.914952548632284,0
Transformer+GAIL+TD3,291,6059,34,3.7567721730736534,0
Transformer+GAIL+TD3,291,6059,35,13.207025434734406,0
Transformer+GAIL+TD3,291,6059,36,6.034927879221511,0
Transformer+GAIL+TD3,291,6059,37,92.09711530985146,0
Transformer+GAIL+TD3,291,6059,38,3.136326640887523,0
Transformer+GAIL+TD3,291,6059,39,3.4279446883208142,0
Transformer+GAIL+TD3,291,6059,40,5.2412441990459655,0
Transformer+GAIL+TD3,291,6059,41,4.452852166261567,0
Transformer+GAIL+TD3,291,6059,42,71.21856062792175,0
Transformer+GAIL+TD3,291,6059,43,2.0363641873361717,0
Transformer+GAIL+TD3,291,6059,44,9.510983020843453,0
Transformer+GAIL+TD3,291,6059,45,2.423094052299255,0
Transformer+GAIL+TD3,291,6059,46,9.331273114774651,0
Transformer+GAIL+TD3,291,6059,47,6.264322804909449,0
Transformer+GAIL+TD3,291,6059,48,21.566802756356253,0
Transformer+GAIL+TD3,291,6059,49,3.7801272491022795,0
Transformer+GAIL+TD3,291,6059,50,4.187758617340232,0
Transformer+GAIL+TD3,291,6059,51,10.165006067027841,0
Transformer+GAIL+TD3,291,6059,52,1.8729629904271587,0
Transformer+GAIL+TD3,291,6059,53,40.357032334854196,0
Transformer+GAIL+TD3,291,6059,54,4.311062649496636,0
Transformer+GAIL+TD3,291,6059,55,2.8573662665010806,0
Transformer+GAIL+TD3,291,6059,56,5.766847358509864,0
Transformer+GAIL+TD3,291,6059,57,16.4792128926778,0
Transformer+GAIL+TD3,291,6059,58,2.7848378177566113,0
Transformer+GAIL+TD3,291,6059,59,10.439399664147775,0
Transformer+GAIL+TD3,291,6059,60,2.773769892926788,0
Transformer+GAIL+TD3,291,6059,61,10.67005642231718,0
Transformer+GAIL+TD3,291,6059,62,15.986433217265619,0
Transformer+GAIL+TD3,291,6059,63,3.433838490327342,0
Transformer+GAIL+TD3,291,6059,64,3.5117989808519394,0
Transformer+GAIL+TD3,291,6059,65,6.141811470990751,0
Transformer+GAIL+TD3,291,6059,66,5.377905043533282,0
Transformer+GAIL+TD3,291,6059,67,11.85202719292861,0
Transformer+GAIL+TD3,291,6059,68,3.507347941598799,0
Transformer+GAIL+TD3,291,6059,69,15.861903652570529,0
Transformer+GAIL+TD3,291,6059,70,2.655571769198098,0
Transformer+GAIL+TD3,291,6059,71,2.986319793358255,0
Transformer+GAIL+TD3,291,6059,72,7.090435755135033,0
Transformer+GAIL+TD3,291,6059,73,6.076205563707348,0
Transformer+GAIL+TD3,291,6059,74,7.6608381067229425,0
Transformer+GAIL+TD3,291,6059,75,2.0195312898640525,0
Transformer+GAIL+TD3,291,6059,76,5.170983349411965,0
Transformer+GAIL+TD3,291,6059,77,2.3847034266218787,0
Transformer+GAIL+TD3,291,6059,78,6.073371261048141,0
Transformer+GAIL+TD3,291,6059,79,10.048563929320457,0
Transformer+GAIL+TD3,291,6059,80,7.533025824659363,0
Transformer+GAIL+TD3,291,6059,81,122.45611394163964,0
Transformer+GAIL+TD3,291,6059,82,3.5355381936568975,0
Transformer+GAIL+TD3,291,6059,83,10.123811086227485,0
Transformer+GAIL+TD3,291,6059,84,24.935114503816795,0
Transformer+GAIL+TD3,291,6059,85,6.003785994775779,0
Transformer+GAIL+TD3,291,6059,86,134.6312298479963,0
Transformer+GAIL+TD3,291,6059,87,5.401723614153462,0
Transformer+GAIL+TD3,291,6059,88,5.984153014608677,0
Transformer+GAIL+TD3,291,6059,89,11.42213384899424,0
Transformer+GAIL+TD3,291,6059,90,11.881946455730285,0
Transformer+GAIL+TD3,291,6059,91,119.02014377714542,0
Transformer+GAIL+TD3,291,6059,92,3.0230354265176556,0
Transformer+GAIL+TD3,291,6059,93,2.0951613731748595,0
Transformer+GAIL+TD3,291,6059,94,5.87315595861564,0
Transformer+GAIL+TD3,291,6059,95,3.533944292352638,0
Transformer+GAIL+TD3,291,6059,96,11.360890779827757,0
Transformer+GAIL+TD3,291,6059,97,5.253127726752971,0
Transformer+GAIL+TD3,291,6059,98,42.02235846856153,0
Transformer+GAIL+TD3,291,6060,5,6.250171821305843,0
Transformer+GAIL+TD3,291,6060,6,69.58937691521962,0
Transformer+GAIL+TD3,291,6060,7,18.787446808510637,0
Transformer+GAIL+TD3,291,6060,8,13.883244882486732,0
Transformer+GAIL+TD3,291,6060,9,7.895942496305254,0
Transformer+GAIL+TD3,291,6060,10,9.22861177074642,0
Transformer+GAIL+TD3,291,6060,11,7.8473151750972745,0
Transformer+GAIL+TD3,291,6060,12,7.351059639171197,0
Transformer+GAIL+TD3,291,6060,13,8.287334253314935,0
Transformer+GAIL+TD3,291,6060,14,7.728216299333672,0
Transformer+GAIL+TD3,291,6060,15,7.30524720516454,0
Transformer+GAIL+TD3,291,6060,16,7.705920749500844,0
Transformer+GAIL+TD3,291,6060,17,6.856954167217012,0
Transformer+GAIL+TD3,291,6060,18,3.3926104242391184,0
Transformer+GAIL+TD3,291,6060,19,6.883889194267963,0
Transformer+GAIL+TD3,291,6060,20,4.9311122770199365,0
Transformer+GAIL+TD3,291,6060,21,5.261100788107901,0
Transformer+GAIL+TD3,291,6060,22,4.269545210233006,0
Transformer+GAIL+TD3,291,6060,23,4.233249160889614,0
Transformer+GAIL+TD3,291,6060,24,3.9380307835867194,0
Transformer+GAIL+TD3,291,6060,25,11.49029815428301,0
Transformer+GAIL+TD3,291,6060,26,4.171316151704663,0
Transformer+GAIL+TD3,291,6060,27,63.0599981338061,0
Transformer+GAIL+TD3,291,6060,28,4.958141256435277,0
Transformer+GAIL+TD3,291,6060,29,2.253212307608562,0
Transformer+GAIL+TD3,291,6060,30,16.41974582639093,0
Transformer+GAIL+TD3,291,6060,31,2.199225788718199,0
Transformer+GAIL+TD3,291,6060,32,28.534004202145304,0
Transformer+GAIL+TD3,291,6060,33,4.216077102557188,0
Transformer+GAIL+TD3,291,6060,34,5.136987000860773,0
Transformer+GAIL+TD3,291,6060,35,61.937621023513145,0
Transformer+GAIL+TD3,291,6060,36,1.8547555652691066,0
Transformer+GAIL+TD3,291,6060,37,94.5374020156775,0
Transformer+GAIL+TD3,291,6060,38,4.039315505155777,0
Transformer+GAIL+TD3,291,6060,39,38.713344243442876,0
Transformer+GAIL+TD3,291,6060,40,6.062184669624945,0
Transformer+GAIL+TD3,291,6060,41,184.7702349869452,0
Transformer+GAIL+TD3,291,6060,42,5.910434177418492,0
Transformer+GAIL+TD3,291,6060,43,14.811838129023783,0
Transformer+GAIL+TD3,291,6060,44,72.95619854805655,0
Transformer+GAIL+TD3,291,6060,45,3.701885308011777,0
Transformer+GAIL+TD3,291,6060,46,118.09957120063821,0
Transformer+GAIL+TD3,291,6060,47,3.1393664559778305,0
Transformer+GAIL+TD3,291,6060,48,12.115812572808583,0
Transformer+GAIL+TD3,291,6060,49,71.2749647280138,0
Transformer+GAIL+TD3,291,6060,50,3.2336611995961686,0
Transformer+GAIL+TD3,291,6060,51,55.23511098299221,0
Transformer+GAIL+TD3,291,6060,52,2.2600034959485757,0
Transformer+GAIL+TD3,291,6060,53,2.6424568307043326,0
Transformer+GAIL+TD3,291,6060,54,6.707980962789105,0
Transformer+GAIL+TD3,291,6060,55,3.023594452799399,0
Transformer+GAIL+TD3,291,6060,56,6.684810373814238,0
Transformer+GAIL+TD3,291,6060,57,6.147284806811514,0
Transformer+GAIL+TD3,291,6060,58,26.24600174812785,0
Transformer+GAIL+TD3,291,6060,59,1.9778218568088404,0
Transformer+GAIL+TD3,291,6060,60,10.6359072400437,0
Transformer+GAIL+TD3,291,6060,61,15.197735865991993,0
Transformer+GAIL+TD3,291,6060,62,39.139551269652685,0
Transformer+GAIL+TD3,291,6060,63,4.6382435480937945,0
Transformer+GAIL+TD3,291,6060,64,57.85981945437315,0
Transformer+GAIL+TD3,291,6060,65,3.736229995608573,0
Transformer+GAIL+TD3,291,6060,66,4.491669257511094,0
Transformer+GAIL+TD3,291,6060,67,10.145100790204479,0
Transformer+GAIL+TD3,291,6060,68,3.5924518917986425,0
Transformer+GAIL+TD3,291,6060,69,5.0130358560698145,0
Transformer+GAIL+TD3,291,6060,70,4.282151424780926,0
Transformer+GAIL+TD3,291,6060,71,3.2844131765980995,0
Transformer+GAIL+TD3,291,6060,72,5.575820963380687,0
Transformer+GAIL+TD3,291,6060,73,3.615768817144694,0
Transformer+GAIL+TD3,291,6060,74,28.390480733555943,0
Transformer+GAIL+TD3,291,6060,75,2.8983568621640883,0
Transformer+GAIL+TD3,291,6060,76,24.467469952468893,0
Transformer+GAIL+TD3,291,6060,77,3.855243972557918,0
Transformer+GAIL+TD3,291,6060,78,8.592171839967197,0
Transformer+GAIL+TD3,291,6060,79,3.6738267480636515,0
Transformer+GAIL+TD3,291,6060,80,4.8041526775081245,0
Transformer+GAIL+TD3,291,6060,81,9.147588965056837,0
Transformer+GAIL+TD3,291,6060,82,3.177224035223284,0
Transformer+GAIL+TD3,291,6060,83,5.2748207315656,0
Transformer+GAIL+TD3,291,6060,84,20.99167733674776,0
Transformer+GAIL+TD3,291,6060,85,4.167131871873284,0
Transformer+GAIL+TD3,291,6060,86,68.41178849335212,0
Transformer+GAIL+TD3,291,6060,87,5.727843169902204,0
Transformer+GAIL+TD3,291,6060,88,100.98687446868801,0
Transformer+GAIL+TD3,291,6060,89,3.8736428852648586,0
Transformer+GAIL+TD3,291,6060,90,13.053677742810041,0
Transformer+GAIL+TD3,291,6060,91,7.079814033133644,0
Transformer+GAIL+TD3,291,6060,92,2.994416381153012,0
Transformer+GAIL+TD3,291,6060,93,12.544546051252444,0
Transformer+GAIL+TD3,291,6060,94,13.357650738177941,0
Transformer+GAIL+TD3,291,6060,95,3.797971077118669,0
Transformer+GAIL+TD3,291,6060,96,8.569516236999789,0
Transformer+GAIL+TD3,291,6060,97,2.8966434694563357,0
Transformer+GAIL+TD3,291,6060,98,3.452717027606103,0
Transformer+GAIL+TD3,291,6061,5,5.2743938497930225,0
Transformer+GAIL+TD3,291,6061,6,74.9323076923077,0
Transformer+GAIL+TD3,291,6061,7,26.612072604474463,0
Transformer+GAIL+TD3,291,6061,8,17.24953375606117,0
Transformer+GAIL+TD3,291,6061,9,20.39473323275271,0
Transformer+GAIL+TD3,291,6061,10,8.700140211768119,0
Transformer+GAIL+TD3,291,6061,11,6.252252808295273,0
Transformer+GAIL+TD3,291,6061,12,4.235826617913309,0
Transformer+GAIL+TD3,291,6061,13,9.422553897180762,0
Transformer+GAIL+TD3,291,6061,14,8.13454759106933,0
Transformer+GAIL+TD3,291,6061,15,7.539365072958082,0
Transformer+GAIL+TD3,291,6061,16,6.400217868266414,0
Transformer+GAIL+TD3,291,6061,17,5.408371904375626,0
Transformer+GAIL+TD3,291,6061,18,4.356354907902351,0
Transformer+GAIL+TD3,291,6061,19,6.29816851529354,0
Transformer+GAIL+TD3,291,6061,20,5.62252386002121,0
Transformer+GAIL+TD3,291,6061,21,6.011444808398122,0
Transformer+GAIL+TD3,291,6061,22,3.9951499924467098,0
Transformer+GAIL+TD3,291,6061,23,5.253728131522885,0
Transformer+GAIL+TD3,291,6061,24,3.098158352828996,0
Transformer+GAIL+TD3,291,6061,25,4.794975858932195,0
Transformer+GAIL+TD3,291,6061,26,2.594412535186059,0
Transformer+GAIL+TD3,291,6061,27,12.20113951178715,0
Transformer+GAIL+TD3,291,6061,28,2.007138877811028,0
Transformer+GAIL+TD3,291,6061,29,46.756532225646524,0
Transformer+GAIL+TD3,291,6061,30,3.851097332431581,0
Transformer+GAIL+TD3,291,6061,31,72.20175933235592,0
Transformer+GAIL+TD3,291,6061,32,5.9030732235816386,0
Transformer+GAIL+TD3,291,6061,33,4.3970978437934445,0
Transformer+GAIL+TD3,291,6061,34,2.996750054114227,0
Transformer+GAIL+TD3,291,6061,35,6.8296042198165905,0
Transformer+GAIL+TD3,291,6061,36,44.02133613151451,0
Transformer+GAIL+TD3,291,6061,37,4.65876818511114,0
Transformer+GAIL+TD3,291,6061,38,3.6773537189129524,0
Transformer+GAIL+TD3,291,6061,39,10.541901579121918,0
Transformer+GAIL+TD3,291,6061,40,14.529343668676317,0
Transformer+GAIL+TD3,291,6061,41,19.117504018800645,0
Transformer+GAIL+TD3,291,6061,42,3.538203624411184,0
Transformer+GAIL+TD3,291,6061,43,9.201156407011245,0
Transformer+GAIL+TD3,291,6061,44,3.7014947231604287,0
Transformer+GAIL+TD3,291,6061,45,22.48024692688077,0
Transformer+GAIL+TD3,291,6061,46,2.34122119078105,0
Transformer+GAIL+TD3,291,6061,47,6.149235663185178,0
Transformer+GAIL+TD3,291,6061,48,7.8851962333666865,0
Transformer+GAIL+TD3,291,6061,49,6.258088793416721,0
Transformer+GAIL+TD3,291,6061,50,7.990603721773027,0
Transformer+GAIL+TD3,291,6061,51,24.30821095234943,0
Transformer+GAIL+TD3,291,6061,52,2.7502290015711983,0
Transformer+GAIL+TD3,291,6061,53,3.162018901762748,0
Transformer+GAIL+TD3,291,6061,54,2.870962501229153,0
Transformer+GAIL+TD3,291,6061,55,15.846835312516115,0
Transformer+GAIL+TD3,291,6061,56,8.132149595236502,0
Transformer+GAIL+TD3,291,6061,57,5.670335309116662,0
Transformer+GAIL+TD3,291,6061,58,17.19313618830976,0
Transformer+GAIL+TD3,291,6061,59,5.971528359777837,0
Transformer+GAIL+TD3,291,6061,60,6.182998352983809,0
Transformer+GAIL+TD3,291,6061,61,3.105828912038381,0
Transformer+GAIL+TD3,291,6061,62,5.998966411649458,0
Transformer+GAIL+TD3,291,6061,63,3.7116997984964737,0
Transformer+GAIL+TD3,291,6061,64,24.109879619913723,0
Transformer+GAIL+TD3,291,6061,65,4.587019054522429,0
Transformer+GAIL+TD3,291,6061,66,5.471590868620677,0
Transformer+GAIL+TD3,291,6061,67,3.126116818445661,0
Transformer+GAIL+TD3,291,6061,68,69.55045187916771,0
Transformer+GAIL+TD3,291,6061,69,4.11051425442022,0
Transformer+GAIL+TD3,291,6061,70,3.772538012565523,0
Transformer+GAIL+TD3,291,6061,71,10.131844450585168,0
Transformer+GAIL+TD3,291,6061,72,31.820681765445496,0
Transformer+GAIL+TD3,291,6061,73,4.779581334115895,0
Transformer+GAIL+TD3,291,6061,74,5.886500415516179,0
Transformer+GAIL+TD3,291,6061,75,6.944293531435565,0
Transformer+GAIL+TD3,291,6061,76,4.05926139706526,0
Transformer+GAIL+TD3,291,6061,77,4.7483865806575105,0
Transformer+GAIL+TD3,291,6061,78,8.571253446526379,0
Transformer+GAIL+TD3,291,6061,79,25.910944906028185,0
Transformer+GAIL+TD3,291,6061,80,2.3970554543179503,0
Transformer+GAIL+TD3,291,6061,81,5.325079068871371,0
Transformer+GAIL+TD3,291,6061,82,8.398312088833752,0
Transformer+GAIL+TD3,291,6061,83,3.776684923624944,0
Transformer+GAIL+TD3,291,6061,84,8.331006777123928,0
Transformer+GAIL+TD3,291,6061,85,4.1252803791209285,0
Transformer+GAIL+TD3,291,6061,86,13.387833833096604,0
Transformer+GAIL+TD3,291,6061,87,45.5506361033961,0
Transformer+GAIL+TD3,291,6061,88,10.222527886128788,0
Transformer+GAIL+TD3,291,6061,89,5.512237974679415,0
Transformer+GAIL+TD3,291,6061,90,16.719208992521306,0
Transformer+GAIL+TD3,291,6061,91,3.805959934161473,0
Transformer+GAIL+TD3,291,6061,92,9.928521977827028,0
Transformer+GAIL+TD3,291,6061,93,82.1138761553935,0
Transformer+GAIL+TD3,291,6061,94,3.12808179432108,0
Transformer+GAIL+TD3,291,6061,95,10.696491790338328,0
Transformer+GAIL+TD3,291,6061,96,5.007349738365725,0
Transformer+GAIL+TD3,291,6061,97,3.4429178490824994,0
Transformer+GAIL+TD3,291,6061,98,8.754640875899435,0
Transformer+GAIL+TD3,291,6063,5,6.278622584126361,0
Transformer+GAIL+TD3,291,6063,6,72.18590398365679,0
Transformer+GAIL+TD3,291,6063,7,20.09267563527653,0
Transformer+GAIL+TD3,291,6063,8,9.738428112601548,0
Transformer+GAIL+TD3,291,6063,9,8.708414030557348,0
Transformer+GAIL+TD3,291,6063,10,11.654130133825566,0
Transformer+GAIL+TD3,291,6063,11,9.834038909765496,0
Transformer+GAIL+TD3,291,6063,12,4.779017952782896,0
Transformer+GAIL+TD3,291,6063,13,14.552601961519908,0
Transformer+GAIL+TD3,291,6063,14,10.893658048850163,0
Transformer+GAIL+TD3,291,6063,15,8.970986698138722,0
Transformer+GAIL+TD3,291,6063,16,6.232094999144665,0
Transformer+GAIL+TD3,291,6063,17,5.667614832200211,0
Transformer+GAIL+TD3,291,6063,18,5.518764860211528,0
Transformer+GAIL+TD3,291,6063,19,9.440412999554809,0
Transformer+GAIL+TD3,291,6063,20,4.033434952849965,0
Transformer+GAIL+TD3,291,6063,21,5.618802006906431,0
Transformer+GAIL+TD3,291,6063,22,5.78577386662218,0
Transformer+GAIL+TD3,291,6063,23,3.719619959919393,0
Transformer+GAIL+TD3,291,6063,24,3.6545218746805688,0
Transformer+GAIL+TD3,291,6063,25,6.252238528701469,0
Transformer+GAIL+TD3,291,6063,26,3.7149192316504998,0
Transformer+GAIL+TD3,291,6063,27,57.81833803854181,0
Transformer+GAIL+TD3,291,6063,28,4.462543107733012,0
Transformer+GAIL+TD3,291,6063,29,18.476574031122166,0
Transformer+GAIL+TD3,291,6063,30,3.0256118438270585,0
Transformer+GAIL+TD3,291,6063,31,18.320014761137944,0
Transformer+GAIL+TD3,291,6063,32,2.7504885498643112,0
Transformer+GAIL+TD3,291,6063,33,3.5219420890192117,0
Transformer+GAIL+TD3,291,6063,34,109.87225386493083,0
Transformer+GAIL+TD3,291,6063,35,2.5262289790823185,0
Transformer+GAIL+TD3,291,6063,36,4.462253372660579,0
Transformer+GAIL+TD3,291,6063,37,16.734019103600296,0
Transformer+GAIL+TD3,291,6063,38,43.741494164280994,0
Transformer+GAIL+TD3,291,6063,39,6.22332555085364,0
Transformer+GAIL+TD3,291,6063,40,67.3882774005344,0
Transformer+GAIL+TD3,291,6063,41,4.699272810413588,0
Transformer+GAIL+TD3,291,6063,42,6.186699004481962,0
Transformer+GAIL+TD3,291,6063,43,180.40176982149217,0
Transformer+GAIL+TD3,291,6063,44,3.6488115407475705,0
Transformer+GAIL+TD3,291,6063,45,6.515775254038352,0
Transformer+GAIL+TD3,291,6063,46,10.499544085611912,0
Transformer+GAIL+TD3,291,6063,47,4.441810386013049,0
Transformer+GAIL+TD3,291,6063,48,4.157812795417569,0
Transformer+GAIL+TD3,291,6063,49,9.977748081256461,0
Transformer+GAIL+TD3,291,6063,50,4.364830179922687,0
Transformer+GAIL+TD3,291,6063,51,7.538581956469864,0
Transformer+GAIL+TD3,291,6063,52,14.038993961294576,0
Transformer+GAIL+TD3,291,6063,53,105.40177249918774,0
Transformer+GAIL+TD3,291,6063,54,2.8964135715158132,0
Transformer+GAIL+TD3,291,6063,55,2.9493322733650973,0
Transformer+GAIL+TD3,291,6063,56,3.760951814396193,0
Transformer+GAIL+TD3,291,6063,57,16.781626143476167,0
Transformer+GAIL+TD3,291,6063,58,41.596103520798884,0
Transformer+GAIL+TD3,291,6063,59,57.77436275756805,0
Transformer+GAIL+TD3,291,6063,60,6.917157075134726,0
Transformer+GAIL+TD3,291,6063,61,3.263107432430343,0
Transformer+GAIL+TD3,291,6063,62,3.4985544178606642,0
Transformer+GAIL+TD3,291,6063,63,4.811913655596134,0
Transformer+GAIL+TD3,291,6063,64,5.889199052171222,0
Transformer+GAIL+TD3,291,6063,65,5.783774933232423,0
Transformer+GAIL+TD3,291,6063,66,9.085656180365675,0
Transformer+GAIL+TD3,291,6063,67,1.6046477234012424,0
Transformer+GAIL+TD3,291,6063,68,27.40932506840523,0
Transformer+GAIL+TD3,291,6063,69,20.183266996419096,0
Transformer+GAIL+TD3,291,6063,70,8.24624645111497,0
Transformer+GAIL+TD3,291,6063,71,3.8319683614299542,0
Transformer+GAIL+TD3,291,6063,72,48.30234081471228,0
Transformer+GAIL+TD3,291,6063,73,3.5966422110200273,0
Transformer+GAIL+TD3,291,6063,74,136.39613534474293,0
Transformer+GAIL+TD3,291,6063,75,2.216438999686819,0
Transformer+GAIL+TD3,291,6063,76,135.64253348767986,0
Transformer+GAIL+TD3,291,6063,77,65.73648305997263,0
Transformer+GAIL+TD3,291,6063,78,3.5875330973077157,0
Transformer+GAIL+TD3,291,6063,79,41.41560592226579,0
Transformer+GAIL+TD3,291,6063,80,2.9123615014205715,0
Transformer+GAIL+TD3,291,6063,81,16.711121574614346,0
Transformer+GAIL+TD3,291,6063,82,13.294299447287393,0
Transformer+GAIL+TD3,291,6063,83,4.3979017015112385,0
Transformer+GAIL+TD3,291,6063,84,4.674623852023904,0
Transformer+GAIL+TD3,291,6063,85,11.594481666632097,0
Transformer+GAIL+TD3,291,6063,86,2.970166497876966,0
Transformer+GAIL+TD3,291,6063,87,2.8030157720528055,0
Transformer+GAIL+TD3,291,6063,88,6.616875955801581,0
Transformer+GAIL+TD3,291,6063,89,2.956644598893835,0
Transformer+GAIL+TD3,291,6063,90,5.020362171875573,0
Transformer+GAIL+TD3,291,6063,91,2.3468824750172947,0
Transformer+GAIL+TD3,291,6063,92,102.89691657783568,0
Transformer+GAIL+TD3,291,6063,93,2.4871345714608193,0
Transformer+GAIL+TD3,291,6063,94,13.50673451465182,0
Transformer+GAIL+TD3,291,6063,95,3.7131525408434856,0
Transformer+GAIL+TD3,291,6063,96,7.600728758437179,0
Transformer+GAIL+TD3,291,6063,97,113.85035774265533,0
Transformer+GAIL+TD3,291,6063,98,2.337227686569052,0
Transformer+GAIL+TD3,291,6066,5,3.1095605700712587,0
Transformer+GAIL+TD3,291,6066,6,18.393902439024394,0
Transformer+GAIL+TD3,291,6066,7,12.46222505578578,0
Transformer+GAIL+TD3,291,6066,8,13.092559447711581,0
Transformer+GAIL+TD3,291,6066,9,27.869903632320238,0
Transformer+GAIL+TD3,291,6066,10,11.509366236679751,0
Transformer+GAIL+TD3,291,6066,11,10.100535134660937,0
Transformer+GAIL+TD3,291,6066,12,13.163909632290384,0
Transformer+GAIL+TD3,291,6066,13,12.87410945595855,0
Transformer+GAIL+TD3,291,6066,14,8.525611337532421,0
Transformer+GAIL+TD3,291,6066,15,6.806243606038999,0
Transformer+GAIL+TD3,291,6066,16,9.287109060672712,0
Transformer+GAIL+TD3,291,6066,17,7.0685688073394495,0
Transformer+GAIL+TD3,291,6066,18,5.119381361150349,0
Transformer+GAIL+TD3,291,6066,19,10.583667834223915,0
Transformer+GAIL+TD3,291,6066,20,7.423129136263363,0
Transformer+GAIL+TD3,291,6066,21,3.3480035834571282,0
Transformer+GAIL+TD3,291,6066,22,5.690198288671415,0
Transformer+GAIL+TD3,291,6066,23,7.265867205837923,0
Transformer+GAIL+TD3,291,6066,24,7.003245808430147,0
Transformer+GAIL+TD3,291,6066,25,4.424957019491085,0
Transformer+GAIL+TD3,291,6066,26,5.139402968371872,0
Transformer+GAIL+TD3,291,6066,27,3.975148019599836,0
Transformer+GAIL+TD3,291,6066,28,4.071987176143073,0
Transformer+GAIL+TD3,291,6066,29,8.310667386220544,0
Transformer+GAIL+TD3,291,6066,30,5.327620252468304,0
Transformer+GAIL+TD3,291,6066,31,6.978001977350349,0
Transformer+GAIL+TD3,291,6066,32,4.4748103711578535,0
Transformer+GAIL+TD3,291,6066,33,4.08253593479499,0
Transformer+GAIL+TD3,291,6066,34,70.78542752199539,0
Transformer+GAIL+TD3,291,6066,35,3.588935847913353,0
Transformer+GAIL+TD3,291,6066,36,10.446131503417329,0
Transformer+GAIL+TD3,291,6066,37,6.2818942210206155,0
Transformer+GAIL+TD3,291,6066,38,4.71077809681314,0
Transformer+GAIL+TD3,291,6066,39,83.31965745802893,0
Transformer+GAIL+TD3,291,6066,40,5.494338478289939,0
Transformer+GAIL+TD3,291,6066,41,2.4505771567038974,0
Transformer+GAIL+TD3,291,6066,42,12.26295879766895,0
Transformer+GAIL+TD3,291,6066,43,32.58866240651772,0
Transformer+GAIL+TD3,291,6066,44,4.5536492914299105,0
Transformer+GAIL+TD3,291,6066,45,4.553057217907095,0
Transformer+GAIL+TD3,291,6066,46,244.28744412840308,0
Transformer+GAIL+TD3,291,6066,47,3.554864762583202,0
Transformer+GAIL+TD3,291,6066,48,130.1250112137795,0
Transformer+GAIL+TD3,291,6066,49,4.553067557427445,0
Transformer+GAIL+TD3,291,6066,50,56.1326316949526,0
Transformer+GAIL+TD3,291,6066,51,5.120618865076554,0
Transformer+GAIL+TD3,291,6066,52,5.177605559662106,0
Transformer+GAIL+TD3,291,6066,53,94.83121065425607,0
Transformer+GAIL+TD3,291,6066,54,3.544837403339315,0
Transformer+GAIL+TD3,291,6066,55,3.8753272740356146,0
Transformer+GAIL+TD3,291,6066,56,8.396460761301208,0
Transformer+GAIL+TD3,291,6066,57,4.624212440599698,0
Transformer+GAIL+TD3,291,6066,58,92.46011056034922,0
Transformer+GAIL+TD3,291,6066,59,2.026337618519283,0
Transformer+GAIL+TD3,291,6066,60,3.9845677963648813,0
Transformer+GAIL+TD3,291,6066,61,2.2615968654208953,0
Transformer+GAIL+TD3,291,6066,62,2.9098850846697473,0
Transformer+GAIL+TD3,291,6066,63,5.043432407841408,0
Transformer+GAIL+TD3,291,6066,64,8.992313774157067,0
Transformer+GAIL+TD3,291,6066,65,2.1524392911835486,0
Transformer+GAIL+TD3,291,6066,66,13.298243271896279,0
Transformer+GAIL+TD3,291,6066,67,4.477172740185608,0
Transformer+GAIL+TD3,291,6066,68,80.493373050405,0
Transformer+GAIL+TD3,291,6066,69,5.7871439038127015,0
Transformer+GAIL+TD3,291,6066,70,30.637976884524903,0
Transformer+GAIL+TD3,291,6066,71,6.59065271388732,0
Transformer+GAIL+TD3,291,6066,72,7.871810687352282,0
Transformer+GAIL+TD3,291,6066,73,7.978379898324817,0
Transformer+GAIL+TD3,291,6066,74,4.564378096861847,0
Transformer+GAIL+TD3,291,6066,75,3.2341574500974675,0
Transformer+GAIL+TD3,291,6066,76,2.4914577551728776,0
Transformer+GAIL+TD3,291,6066,77,3.6604969496203545,0
Transformer+GAIL+TD3,291,6066,78,3.64435836327374,0
Transformer+GAIL+TD3,291,6066,79,16.486590442359994,0
Transformer+GAIL+TD3,291,6066,80,28.299262741316618,0
Transformer+GAIL+TD3,291,6066,81,3.658818165152277,0
Transformer+GAIL+TD3,291,6066,82,112.36039097399868,0
Transformer+GAIL+TD3,291,6066,83,3.452880742118865,0
Transformer+GAIL+TD3,291,6066,84,94.07100634371395,0
Transformer+GAIL+TD3,291,6066,85,2.4897298994640185,0
Transformer+GAIL+TD3,291,6066,86,101.82419382029236,0
Transformer+GAIL+TD3,291,6066,87,3.106412885153502,0
Transformer+GAIL+TD3,291,6066,88,4.7645831972655825,0
Transformer+GAIL+TD3,291,6066,89,14.054575255750862,0
Transformer+GAIL+TD3,291,6066,90,2.7485450231304016,0
Transformer+GAIL+TD3,291,6066,91,60.042803504380466,0
Transformer+GAIL+TD3,291,6066,92,3.081789815348283,0
Transformer+GAIL+TD3,291,6066,93,4.383785362702709,0
Transformer+GAIL+TD3,291,6066,94,6.488292034263266,0
Transformer+GAIL+TD3,291,6066,95,6.124107106412506,0
Transformer+GAIL+TD3,291,6066,96,26.38692111459968,0
Transformer+GAIL+TD3,291,6066,97,2.1035053912695445,0
Transformer+GAIL+TD3,291,6066,98,3.1946579259481425,0
Transformer+GAIL+TD3,291,6068,5,7.1736485823604434,0
Transformer+GAIL+TD3,291,6068,6,44.3719512195122,0
Transformer+GAIL+TD3,291,6068,7,18.87183544303797,0
Transformer+GAIL+TD3,291,6068,8,15.138640538885488,0
Transformer+GAIL+TD3,291,6068,9,9.861041694068133,0
Transformer+GAIL+TD3,291,6068,10,5.308621741119074,0
Transformer+GAIL+TD3,291,6068,11,12.200973762510145,0
Transformer+GAIL+TD3,291,6068,12,12.780344004287873,0
Transformer+GAIL+TD3,291,6068,13,8.125876469375127,0
Transformer+GAIL+TD3,291,6068,14,6.116200979092661,0
Transformer+GAIL+TD3,291,6068,15,5.145414632300064,0
Transformer+GAIL+TD3,291,6068,16,3.7991848510919346,0
Transformer+GAIL+TD3,291,6068,17,6.3391648610330895,0
Transformer+GAIL+TD3,291,6068,18,7.004124237620571,0
Transformer+GAIL+TD3,291,6068,19,5.541750123839677,0
Transformer+GAIL+TD3,291,6068,20,5.3761186230322044,0
Transformer+GAIL+TD3,291,6068,21,4.629042542149201,0
Transformer+GAIL+TD3,291,6068,22,4.159037270429251,0
Transformer+GAIL+TD3,291,6068,23,4.703204765596083,0
Transformer+GAIL+TD3,291,6068,24,5.297247565207656,0
Transformer+GAIL+TD3,291,6068,25,6.974212075837475,0
Transformer+GAIL+TD3,291,6068,26,5.000181016940689,0
Transformer+GAIL+TD3,291,6068,27,3.6573377008984154,0
Transformer+GAIL+TD3,291,6068,28,10.98965440686746,0
Transformer+GAIL+TD3,291,6068,29,3.8412771270864376,0
Transformer+GAIL+TD3,291,6068,30,4.678411990968529,0
Transformer+GAIL+TD3,291,6068,31,125.57315323930194,0
Transformer+GAIL+TD3,291,6068,32,4.671112538029936,0
Transformer+GAIL+TD3,291,6068,33,122.9612334801762,0
Transformer+GAIL+TD3,291,6068,34,5.543351682027917,0
Transformer+GAIL+TD3,291,6068,35,3.002799169341627,0
Transformer+GAIL+TD3,291,6068,36,44.76497527019601,0
Transformer+GAIL+TD3,291,6068,37,3.391964711131951,0
Transformer+GAIL+TD3,291,6068,38,35.694183011231644,0
Transformer+GAIL+TD3,291,6068,39,2.5670123598287486,0
Transformer+GAIL+TD3,291,6068,40,5.131476902826447,0
Transformer+GAIL+TD3,291,6068,41,55.30339596621273,0
Transformer+GAIL+TD3,291,6068,42,2.202087432799152,0
Transformer+GAIL+TD3,291,6068,43,4.100687950596639,0
Transformer+GAIL+TD3,291,6068,44,2.6001329234404738,0
Transformer+GAIL+TD3,291,6068,45,7.901405446667116,0
Transformer+GAIL+TD3,291,6068,46,2.4787129033884994,0
Transformer+GAIL+TD3,291,6068,47,7.3622745711353295,0
Transformer+GAIL+TD3,291,6068,48,2.140516001953354,0
Transformer+GAIL+TD3,291,6068,49,5.452137117124113,0
Transformer+GAIL+TD3,291,6068,50,4.730284123310187,0
Transformer+GAIL+TD3,291,6068,51,18.77629354543691,0
Transformer+GAIL+TD3,291,6068,52,1.9164197900181419,0
Transformer+GAIL+TD3,291,6068,53,63.00738377392891,0
Transformer+GAIL+TD3,291,6068,54,3.117423638529133,0
Transformer+GAIL+TD3,291,6068,55,81.15252586731587,0
Transformer+GAIL+TD3,291,6068,56,3.5675617054428277,0
Transformer+GAIL+TD3,291,6068,57,8.135784120365154,0
Transformer+GAIL+TD3,291,6068,58,3.7264990728907343,0
Transformer+GAIL+TD3,291,6068,59,16.495948012232418,0
Transformer+GAIL+TD3,291,6068,60,6.469163744364132,0
Transformer+GAIL+TD3,291,6068,61,7.406078466974873,0
Transformer+GAIL+TD3,291,6068,62,3.5284887765615514,0
Transformer+GAIL+TD3,291,6068,63,34.30245016048099,0
Transformer+GAIL+TD3,291,6068,64,7.672603800401996,0
Transformer+GAIL+TD3,291,6068,65,6.525597129424427,0
Transformer+GAIL+TD3,291,6068,66,10.192074702936196,0
Transformer+GAIL+TD3,291,6068,67,6.3235980962244795,0
Transformer+GAIL+TD3,291,6068,68,78.70189622225489,0
Transformer+GAIL+TD3,291,6068,69,4.730402086799946,0
Transformer+GAIL+TD3,291,6068,70,10.278168122404882,0
Transformer+GAIL+TD3,291,6068,71,5.317827036326342,0
Transformer+GAIL+TD3,291,6068,72,9.899184628119139,0
Transformer+GAIL+TD3,291,6068,73,101.15915761667155,0
Transformer+GAIL+TD3,291,6068,74,2.7876746531502996,0
Transformer+GAIL+TD3,291,6068,75,6.553361369527973,0
Transformer+GAIL+TD3,291,6068,76,4.407134308089941,0
Transformer+GAIL+TD3,291,6068,77,31.47462582084744,0
Transformer+GAIL+TD3,291,6068,78,10.59924845018425,0
Transformer+GAIL+TD3,291,6068,79,3.5591237412090035,0
Transformer+GAIL+TD3,291,6068,80,3.186452416811308,0
Transformer+GAIL+TD3,291,6068,81,14.477135657312953,0
Transformer+GAIL+TD3,291,6068,82,5.598859592764654,0
Transformer+GAIL+TD3,291,6068,83,6.1342966595247646,0
Transformer+GAIL+TD3,291,6068,84,8.954906137213856,0
Transformer+GAIL+TD3,291,6068,85,3.461557702072191,0
Transformer+GAIL+TD3,291,6068,86,3.790880111676445,0
Transformer+GAIL+TD3,291,6068,87,18.14182018267855,0
Transformer+GAIL+TD3,291,6068,88,2.8114387168487194,0
Transformer+GAIL+TD3,291,6068,89,7.510138082060313,0
Transformer+GAIL+TD3,291,6068,90,12.235382392707258,0
Transformer+GAIL+TD3,291,6068,91,1.7675451112380962,0
Transformer+GAIL+TD3,291,6068,92,10.085467737874522,0
Transformer+GAIL+TD3,291,6068,93,3.833590232030355,0
Transformer+GAIL+TD3,291,6068,94,1.521398816529179,0
Transformer+GAIL+TD3,291,6068,95,1.5279911125626429,0
Transformer+GAIL+TD3,291,6068,96,1.8951841105291996,0
Transformer+GAIL+TD3,291,6068,97,3.320225844471049,0
Transformer+GAIL+TD3,291,6068,98,1.056203143512194,0
Transformer+GAIL+TD3,291,6069,5,5.418163966617574,0
Transformer+GAIL+TD3,291,6069,6,77.66666666666669,0
Transformer+GAIL+TD3,291,6069,7,19.123861952149053,0
Transformer+GAIL+TD3,291,6069,8,14.351168896112013,0
Transformer+GAIL+TD3,291,6069,9,10.544699101997052,0
Transformer+GAIL+TD3,291,6069,10,22.151336383337345,0
Transformer+GAIL+TD3,291,6069,11,5.895979422482162,0
Transformer+GAIL+TD3,291,6069,12,7.163249232774777,0
Transformer+GAIL+TD3,291,6069,13,6.782145050527609,0
Transformer+GAIL+TD3,291,6069,14,6.301449938632439,0
Transformer+GAIL+TD3,291,6069,15,7.349104224419711,0
Transformer+GAIL+TD3,291,6069,16,8.608022672770874,0
Transformer+GAIL+TD3,291,6069,17,5.517916216875022,0
Transformer+GAIL+TD3,291,6069,18,8.425768751473509,0
Transformer+GAIL+TD3,291,6069,19,5.528306889529951,0
Transformer+GAIL+TD3,291,6069,20,5.241824604738596,0
Transformer+GAIL+TD3,291,6069,21,4.760989480693609,0
Transformer+GAIL+TD3,291,6069,22,5.194663446930322,0
Transformer+GAIL+TD3,291,6069,23,3.5301183867299857,0
Transformer+GAIL+TD3,291,6069,24,3.507185670857983,0
Transformer+GAIL+TD3,291,6069,25,3.1049616852569604,0
Transformer+GAIL+TD3,291,6069,26,5.910424543366059,0
Transformer+GAIL+TD3,291,6069,27,3.269014166741862,0
Transformer+GAIL+TD3,291,6069,28,25.781362612612615,0
Transformer+GAIL+TD3,291,6069,29,7.296861937483434,0
Transformer+GAIL+TD3,291,6069,30,4.573358055661595,0
Transformer+GAIL+TD3,291,6069,31,4.677911404542092,0
Transformer+GAIL+TD3,291,6069,32,4.301128364606754,0
Transformer+GAIL+TD3,291,6069,33,15.428001318053676,0
Transformer+GAIL+TD3,291,6069,34,3.8524476419912275,0
Transformer+GAIL+TD3,291,6069,35,7.194037083703003,0
Transformer+GAIL+TD3,291,6069,36,4.568996390302133,0
Transformer+GAIL+TD3,291,6069,37,9.179382973787984,0
Transformer+GAIL+TD3,291,6069,38,5.018974625819367,0
Transformer+GAIL+TD3,291,6069,39,2.710656601806095,0
Transformer+GAIL+TD3,291,6069,40,39.00747610485474,0
Transformer+GAIL+TD3,291,6069,41,2.6604760628139097,0
Transformer+GAIL+TD3,291,6069,42,44.64849406753879,0
Transformer+GAIL+TD3,291,6069,43,2.3131613875237655,0
Transformer+GAIL+TD3,291,6069,44,7.699444507425463,0
Transformer+GAIL+TD3,291,6069,45,43.635841560791405,0
Transformer+GAIL+TD3,291,6069,46,4.390496701126188,0
Transformer+GAIL+TD3,291,6069,47,135.1323888617489,0
Transformer+GAIL+TD3,291,6069,48,5.687776417788658,0
Transformer+GAIL+TD3,291,6069,49,53.49714445341113,0
Transformer+GAIL+TD3,291,6069,50,4.305488943075759,0
Transformer+GAIL+TD3,291,6069,51,3.0214265794017643,0
Transformer+GAIL+TD3,291,6069,52,54.99724351076493,0
Transformer+GAIL+TD3,291,6069,53,5.2293794379028,0
Transformer+GAIL+TD3,291,6069,54,36.63228827311128,0
Transformer+GAIL+TD3,291,6069,55,4.928790742715079,0
Transformer+GAIL+TD3,291,6069,56,32.78340027019824,0
Transformer+GAIL+TD3,291,6069,57,3.2295327434088037,0
Transformer+GAIL+TD3,291,6069,58,3.672420428817443,0
Transformer+GAIL+TD3,291,6069,59,98.40486446222108,0
Transformer+GAIL+TD3,291,6069,60,2.5009455553978857,0
Transformer+GAIL+TD3,291,6069,61,11.401668900442747,0
Transformer+GAIL+TD3,291,6069,62,4.660983277123492,0
Transformer+GAIL+TD3,291,6069,63,4.662995481094854,0
Transformer+GAIL+TD3,291,6069,64,14.52745503927182,0
Transformer+GAIL+TD3,291,6069,65,8.447331813205754,0
Transformer+GAIL+TD3,291,6069,66,11.44047192292619,0
Transformer+GAIL+TD3,291,6069,67,6.835795031016327,0
Transformer+GAIL+TD3,291,6069,68,5.015596224035959,0
Transformer+GAIL+TD3,291,6069,69,3.9786405384940915,0
Transformer+GAIL+TD3,291,6069,70,8.29536413160347,0
Transformer+GAIL+TD3,291,6069,71,6.618287188699986,0
Transformer+GAIL+TD3,291,6069,72,14.268580191810296,0
Transformer+GAIL+TD3,291,6069,73,27.58531557575934,0
Transformer+GAIL+TD3,291,6069,74,4.761740476307724,0
Transformer+GAIL+TD3,291,6069,75,5.109455776356554,0
Transformer+GAIL+TD3,291,6069,76,10.445102044044926,0
Transformer+GAIL+TD3,291,6069,77,3.5249033559303036,0
Transformer+GAIL+TD3,291,6069,78,6.535490421526993,0
Transformer+GAIL+TD3,291,6069,79,7.798931191772276,0
Transformer+GAIL+TD3,291,6069,80,7.731518036568869,0
Transformer+GAIL+TD3,291,6069,81,13.442280025669923,0
Transformer+GAIL+TD3,291,6069,82,3.973554673289236,0
Transformer+GAIL+TD3,291,6069,83,4.494442753084663,0
Transformer+GAIL+TD3,291,6069,84,12.917890808411649,0
Transformer+GAIL+TD3,291,6069,85,4.063180200669317,0
Transformer+GAIL+TD3,291,6069,86,3.2305979455208713,0
Transformer+GAIL+TD3,291,6069,87,8.97064594786981,0
Transformer+GAIL+TD3,291,6069,88,12.042761779450135,0
Transformer+GAIL+TD3,291,6069,89,3.0996836608239113,0
Transformer+GAIL+TD3,291,6069,90,3.0122693644687915,0
Transformer+GAIL+TD3,291,6069,91,4.473518734786781,0
Transformer+GAIL+TD3,291,6069,92,6.991097537724919,0
Transformer+GAIL+TD3,291,6069,93,14.458338680581619,0
Transformer+GAIL+TD3,291,6069,94,5.573905231977612,0
Transformer+GAIL+TD3,291,6069,95,11.250047281466268,0
Transformer+GAIL+TD3,291,6069,96,3.3309230484515933,0
Transformer+GAIL+TD3,291,6069,97,5.816956339020656,0
Transformer+GAIL+TD3,291,6069,98,111.55115686180194,0
Transformer+GAIL+TD3,291,6070,5,5.246459480723839,0
Transformer+GAIL+TD3,291,6070,6,36.67636786961584,0
Transformer+GAIL+TD3,291,6070,7,26.963821892393323,0
Transformer+GAIL+TD3,291,6070,8,22.99579411175646,0
Transformer+GAIL+TD3,291,6070,9,9.061839218033112,0
Transformer+GAIL+TD3,291,6070,10,12.397689057514876,0
Transformer+GAIL+TD3,291,6070,11,9.82200782268579,0
Transformer+GAIL+TD3,291,6070,12,9.472837964408365,0
Transformer+GAIL+TD3,291,6070,13,7.44382316966626,0
Transformer+GAIL+TD3,291,6070,14,7.939753717472119,0
Transformer+GAIL+TD3,291,6070,15,6.378430570329761,0
Transformer+GAIL+TD3,291,6070,16,4.299196392557582,0
Transformer+GAIL+TD3,291,6070,17,5.613481127839096,0
Transformer+GAIL+TD3,291,6070,18,4.891560376797983,0
Transformer+GAIL+TD3,291,6070,19,6.089775220856593,0
Transformer+GAIL+TD3,291,6070,20,6.19515242100097,0
Transformer+GAIL+TD3,291,6070,21,4.1166278145458755,0
Transformer+GAIL+TD3,291,6070,22,3.319818250240428,0
Transformer+GAIL+TD3,291,6070,23,3.812933122108158,0
Transformer+GAIL+TD3,291,6070,24,4.950942444139493,0
Transformer+GAIL+TD3,291,6070,25,5.153554262585377,0
Transformer+GAIL+TD3,291,6070,26,16.33724990968363,0
Transformer+GAIL+TD3,291,6070,27,10.725426743675193,0
Transformer+GAIL+TD3,291,6070,28,6.868513535456632,0
Transformer+GAIL+TD3,291,6070,29,2.7254510281651414,0
Transformer+GAIL+TD3,291,6070,30,6.9465262749581465,0
Transformer+GAIL+TD3,291,6070,31,3.3274370132372977,0
Transformer+GAIL+TD3,291,6070,32,13.802773157733954,0
Transformer+GAIL+TD3,291,6070,33,5.599531049642792,0
Transformer+GAIL+TD3,291,6070,34,15.705933307966939,0
Transformer+GAIL+TD3,291,6070,35,3.192942302748797,0
Transformer+GAIL+TD3,291,6070,36,109.39447566662683,0
Transformer+GAIL+TD3,291,6070,37,2.637425065300982,0
Transformer+GAIL+TD3,291,6070,38,118.17074781548467,0
Transformer+GAIL+TD3,291,6070,39,3.983870727431352,0
Transformer+GAIL+TD3,291,6070,40,85.75673697213706,0
Transformer+GAIL+TD3,291,6070,41,4.3369401305609125,0
Transformer+GAIL+TD3,291,6070,42,49.98495420846054,0
Transformer+GAIL+TD3,291,6070,43,2.1475116868960025,0
Transformer+GAIL+TD3,291,6070,44,10.226860507296928,0
Transformer+GAIL+TD3,291,6070,45,23.731211617839524,0
Transformer+GAIL+TD3,291,6070,46,2.4971215574037338,0
Transformer+GAIL+TD3,291,6070,47,34.04490979873286,0
Transformer+GAIL+TD3,291,6070,48,5.059313257778502,0
Transformer+GAIL+TD3,291,6070,49,4.356252505673396,0
Transformer+GAIL+TD3,291,6070,50,8.683764544337645,0
Transformer+GAIL+TD3,291,6070,51,5.474549977330375,0
Transformer+GAIL+TD3,291,6070,52,46.43868003214995,0
Transformer+GAIL+TD3,291,6070,53,2.3431173696199665,0
Transformer+GAIL+TD3,291,6070,54,8.662674013475971,0
Transformer+GAIL+TD3,291,6070,55,4.21152302016006,0
Transformer+GAIL+TD3,291,6070,56,30.635760390260526,0
Transformer+GAIL+TD3,291,6070,57,2.68386965020276,0
Transformer+GAIL+TD3,291,6070,58,30.849856290072967,0
Transformer+GAIL+TD3,291,6070,59,4.154967359873331,0
Transformer+GAIL+TD3,291,6070,60,86.291722110475,0
Transformer+GAIL+TD3,291,6070,61,4.126632095282043,0
Transformer+GAIL+TD3,291,6070,62,14.264428901636531,0
Transformer+GAIL+TD3,291,6070,63,6.807671696074013,0
Transformer+GAIL+TD3,291,6070,64,6.98911437417039,0
Transformer+GAIL+TD3,291,6070,65,122.95646803982672,0
Transformer+GAIL+TD3,291,6070,66,7.500098174660162,0
Transformer+GAIL+TD3,291,6070,67,5.238805568282839,0
Transformer+GAIL+TD3,291,6070,68,9.545778717601848,0
Transformer+GAIL+TD3,291,6070,69,5.847288974354655,0
Transformer+GAIL+TD3,291,6070,70,69.53726589224419,0
Transformer+GAIL+TD3,291,6070,71,2.9247233554160372,0
Transformer+GAIL+TD3,291,6070,72,4.986707169573123,0
Transformer+GAIL+TD3,291,6070,73,3.14845950560965,0
Transformer+GAIL+TD3,291,6070,74,3.3831548678138836,0
Transformer+GAIL+TD3,291,6070,75,10.331257627218966,0
Transformer+GAIL+TD3,291,6070,76,15.629099389137735,0
Transformer+GAIL+TD3,291,6070,77,3.7248485961576447,0
Transformer+GAIL+TD3,291,6070,78,24.660018661862708,0
Transformer+GAIL+TD3,291,6070,79,11.189630596537981,0
Transformer+GAIL+TD3,291,6070,80,149.9543318068137,0
Transformer+GAIL+TD3,291,6070,81,4.919521623386261,0
Transformer+GAIL+TD3,291,6070,82,6.367400193235702,0
Transformer+GAIL+TD3,291,6070,83,7.72148300499028,0
Transformer+GAIL+TD3,291,6070,84,9.234607075513978,0
Transformer+GAIL+TD3,291,6070,85,5.111202151860233,0
Transformer+GAIL+TD3,291,6070,86,6.423606067489134,0
Transformer+GAIL+TD3,291,6070,87,4.14478141553894,0
Transformer+GAIL+TD3,291,6070,88,5.014823302941677,0
Transformer+GAIL+TD3,291,6070,89,4.2691691456477745,0
Transformer+GAIL+TD3,291,6070,90,5.4863242579193825,0
Transformer+GAIL+TD3,291,6070,91,6.423702109064931,0
Transformer+GAIL+TD3,291,6070,92,3.934831883862988,0
Transformer+GAIL+TD3,291,6070,93,3.8993123627869224,0
Transformer+GAIL+TD3,291,6070,94,22.19030021167957,0
Transformer+GAIL+TD3,291,6070,95,6.248347918602762,0
Transformer+GAIL+TD3,291,6070,96,12.027735119949,0
Transformer+GAIL+TD3,291,6070,97,26.15977912430583,0
Transformer+GAIL+TD3,291,6070,98,4.360590529166463,0
Transformer+GAIL+TD3,291,6072,5,6.403331700146987,0
Transformer+GAIL+TD3,291,6072,6,87.96966731898237,0
Transformer+GAIL+TD3,291,6072,7,22.99418000415714,0
Transformer+GAIL+TD3,291,6072,8,13.720504552352052,0
Transformer+GAIL+TD3,291,6072,9,8.262417421091264,0
Transformer+GAIL+TD3,291,6072,10,9.491469219660909,0
Transformer+GAIL+TD3,291,6072,11,5.867156975407952,0
Transformer+GAIL+TD3,291,6072,12,11.362771362586605,0
Transformer+GAIL+TD3,291,6072,13,7.817295589723338,0
Transformer+GAIL+TD3,291,6072,14,6.079249126380671,0
Transformer+GAIL+TD3,291,6072,15,5.199659112429772,0
Transformer+GAIL+TD3,291,6072,16,5.2858384439303245,0
Transformer+GAIL+TD3,291,6072,17,5.875044861825576,0
Transformer+GAIL+TD3,291,6072,18,6.975000325856022,0
Transformer+GAIL+TD3,291,6072,19,5.5268765031011355,0
Transformer+GAIL+TD3,291,6072,20,5.7286950852920935,0
Transformer+GAIL+TD3,291,6072,21,3.5759680292167455,0
Transformer+GAIL+TD3,291,6072,22,3.4521587277996577,0
Transformer+GAIL+TD3,291,6072,23,3.853420946793159,0
Transformer+GAIL+TD3,291,6072,24,3.977903847655834,0
Transformer+GAIL+TD3,291,6072,25,3.5973732775590554,0
Transformer+GAIL+TD3,291,6072,26,58.840061712522484,0
Transformer+GAIL+TD3,291,6072,27,9.715131542199632,0
Transformer+GAIL+TD3,291,6072,28,2.93863612577187,0
Transformer+GAIL+TD3,291,6072,29,31.622325673534075,0
Transformer+GAIL+TD3,291,6072,30,4.33611821593264,0
Transformer+GAIL+TD3,291,6072,31,19.95760124431131,0
Transformer+GAIL+TD3,291,6072,32,2.380533037849186,0
Transformer+GAIL+TD3,291,6072,33,2.6750515106166093,0
Transformer+GAIL+TD3,291,6072,34,59.82747631352282,0
Transformer+GAIL+TD3,291,6072,35,2.3064500246184148,0
Transformer+GAIL+TD3,291,6072,36,80.85446009389673,0
Transformer+GAIL+TD3,291,6072,37,1.990439598373081,0
Transformer+GAIL+TD3,291,6072,38,11.186989015398504,0
Transformer+GAIL+TD3,291,6072,39,6.348110185128861,0
Transformer+GAIL+TD3,291,6072,40,91.49526943644591,0
Transformer+GAIL+TD3,291,6072,41,10.2432693804575,0
Transformer+GAIL+TD3,291,6072,42,9.75501412839204,0
Transformer+GAIL+TD3,291,6072,43,6.924929461556547,0
Transformer+GAIL+TD3,291,6072,44,4.470703426605823,0
Transformer+GAIL+TD3,291,6072,45,75.79467497148873,0
Transformer+GAIL+TD3,291,6072,46,2.290337415691252,0
Transformer+GAIL+TD3,291,6072,47,10.033914413152294,0
Transformer+GAIL+TD3,291,6072,48,8.016809511671871,0
Transformer+GAIL+TD3,291,6072,49,170.98907384793367,0
Transformer+GAIL+TD3,291,6072,50,16.196095913487216,0
Transformer+GAIL+TD3,291,6072,51,5.2558650950463575,0
Transformer+GAIL+TD3,291,6072,52,3.962256701835873,0
Transformer+GAIL+TD3,291,6072,53,6.1212592140544455,0
Transformer+GAIL+TD3,291,6072,54,79.0264774924054,0
Transformer+GAIL+TD3,291,6072,55,3.5806514087785617,0
Transformer+GAIL+TD3,291,6072,56,4.430723318849793,0
Transformer+GAIL+TD3,291,6072,57,2.488102408490329,0
Transformer+GAIL+TD3,291,6072,58,7.859562088562775,0
Transformer+GAIL+TD3,291,6072,59,3.455478529377483,0
Transformer+GAIL+TD3,291,6072,60,7.6554629329183035,0
Transformer+GAIL+TD3,291,6072,61,6.716930898387853,0
Transformer+GAIL+TD3,291,6072,62,87.98785332663591,0
Transformer+GAIL+TD3,291,6072,63,2.460507647263445,0
Transformer+GAIL+TD3,291,6072,64,18.1262083204048,0
Transformer+GAIL+TD3,291,6072,65,23.061699307907524,0
Transformer+GAIL+TD3,291,6072,66,3.0458701410001865,0
Transformer+GAIL+TD3,291,6072,67,70.58640123924722,0
Transformer+GAIL+TD3,291,6072,68,8.553360525313192,0
Transformer+GAIL+TD3,291,6072,69,51.87116526294657,0
Transformer+GAIL+TD3,291,6072,70,15.01799690560066,0
Transformer+GAIL+TD3,291,6072,71,4.645359302977108,0
Transformer+GAIL+TD3,291,6072,72,96.6354962087273,0
Transformer+GAIL+TD3,291,6072,73,3.792067592281088,0
Transformer+GAIL+TD3,291,6072,74,4.012906936701002,0
Transformer+GAIL+TD3,291,6072,75,11.332864531714796,0
Transformer+GAIL+TD3,291,6072,76,6.9954996172711486,0
Transformer+GAIL+TD3,291,6072,77,4.514239562539924,0
Transformer+GAIL+TD3,291,6072,78,7.4158943664403,0
Transformer+GAIL+TD3,291,6072,79,6.668127675499046,0
Transformer+GAIL+TD3,291,6072,80,2.5698992963330274,0
Transformer+GAIL+TD3,291,6072,81,2.1885089309547956,0
Transformer+GAIL+TD3,291,6072,82,5.365846006671709,0
Transformer+GAIL+TD3,291,6072,83,4.607313698466248,0
Transformer+GAIL+TD3,291,6072,84,3.068795136441074,0
Transformer+GAIL+TD3,291,6072,85,11.413769879380792,0
Transformer+GAIL+TD3,291,6072,86,2.344032554955113,0
Transformer+GAIL+TD3,291,6072,87,2.799532248055982,0
Transformer+GAIL+TD3,291,6072,88,2.8733215328184563,0
Transformer+GAIL+TD3,291,6072,89,18.64945575431887,0
Transformer+GAIL+TD3,291,6072,90,1.541325333829224,0
Transformer+GAIL+TD3,291,6072,91,4.781574583543972,0
Transformer+GAIL+TD3,291,6072,92,1.6930453711464926,0
Transformer+GAIL+TD3,291,6072,93,1.678121472726934,0
Transformer+GAIL+TD3,291,6072,94,3.312296085701808,0
Transformer+GAIL+TD3,291,6072,95,0.8323401220381966,1
Transformer+GAIL+TD3,291,6073,5,8.294958394517867,0
Transformer+GAIL+TD3,291,6073,6,46.584835630965,0
Transformer+GAIL+TD3,291,6073,7,21.847698907956318,0
Transformer+GAIL+TD3,291,6073,8,12.913195691202874,0
Transformer+GAIL+TD3,291,6073,9,8.469579249342578,0
Transformer+GAIL+TD3,291,6073,10,5.52059284181217,0
Transformer+GAIL+TD3,291,6073,11,12.401688781664657,0
Transformer+GAIL+TD3,291,6073,12,11.99522519034714,0
Transformer+GAIL+TD3,291,6073,13,10.109255079006772,0
Transformer+GAIL+TD3,291,6073,14,5.472824204454754,0
Transformer+GAIL+TD3,291,6073,15,4.065016952583371,0
Transformer+GAIL+TD3,291,6073,16,5.3955161116202,0
Transformer+GAIL+TD3,291,6073,17,5.119972466377211,0
Transformer+GAIL+TD3,291,6073,18,6.786038516290188,0
Transformer+GAIL+TD3,291,6073,19,5.740734214999378,0
Transformer+GAIL+TD3,291,6073,20,4.378453084951335,0
Transformer+GAIL+TD3,291,6073,21,4.773078478533875,0
Transformer+GAIL+TD3,291,6073,22,4.030498853836918,0
Transformer+GAIL+TD3,291,6073,23,3.821638196509883,0
Transformer+GAIL+TD3,291,6073,24,3.9532957584350505,0
Transformer+GAIL+TD3,291,6073,25,4.286255649073344,0
Transformer+GAIL+TD3,291,6073,26,3.7160819949281487,0
Transformer+GAIL+TD3,291,6073,27,17.112603333422513,0
Transformer+GAIL+TD3,291,6073,28,4.346054745092867,0
Transformer+GAIL+TD3,291,6073,29,10.974935800471382,0
Transformer+GAIL+TD3,291,6073,30,15.42226836787121,0
Transformer+GAIL+TD3,291,6073,31,3.4465354601761806,0
Transformer+GAIL+TD3,291,6073,32,88.49698160887267,0
Transformer+GAIL+TD3,291,6073,33,4.69150614292794,0
Transformer+GAIL+TD3,291,6073,34,2.3409378799558156,0
Transformer+GAIL+TD3,291,6073,35,4.861124294053439,0
Transformer+GAIL+TD3,291,6073,36,13.275309898355792,0
Transformer+GAIL+TD3,291,6073,37,5.3721262511792505,0
Transformer+GAIL+TD3,291,6073,38,5.703290588937893,0
Transformer+GAIL+TD3,291,6073,39,4.591036792911556,0
Transformer+GAIL+TD3,291,6073,40,3.662374944525455,0
Transformer+GAIL+TD3,291,6073,41,13.696516923076922,0
Transformer+GAIL+TD3,291,6073,42,3.4417760026235737,0
Transformer+GAIL+TD3,291,6073,43,3.0485265069494214,0
Transformer+GAIL+TD3,291,6073,44,3.6800652444859523,0
Transformer+GAIL+TD3,291,6073,45,3.8772020212844875,0
Transformer+GAIL+TD3,291,6073,46,9.752285180947792,0
Transformer+GAIL+TD3,291,6073,47,3.8461168285917826,0
Transformer+GAIL+TD3,291,6073,48,5.7944914152601426,0
Transformer+GAIL+TD3,291,6073,49,5.0500063647450615,0
Transformer+GAIL+TD3,291,6073,50,7.487479121597052,0
Transformer+GAIL+TD3,291,6073,51,17.799671307709225,0
Transformer+GAIL+TD3,291,6073,52,5.965479959628917,0
Transformer+GAIL+TD3,291,6073,53,6.306563042075251,0
Transformer+GAIL+TD3,291,6073,54,5.463741395315348,0
Transformer+GAIL+TD3,291,6073,55,9.17028546428962,0
Transformer+GAIL+TD3,291,6073,56,4.122331788985032,0
Transformer+GAIL+TD3,291,6073,57,2.9627305977158036,0
Transformer+GAIL+TD3,291,6073,58,3.078810468163468,0
Transformer+GAIL+TD3,291,6073,59,6.734926342266077,0
Transformer+GAIL+TD3,291,6073,60,4.973161793703473,0
Transformer+GAIL+TD3,291,6073,61,3.569385630691178,0
Transformer+GAIL+TD3,291,6073,62,2.9880028461530532,0
Transformer+GAIL+TD3,291,6073,63,5.314310957420531,0
Transformer+GAIL+TD3,291,6073,64,17.858953684605286,0
Transformer+GAIL+TD3,291,6073,65,2.449667023142896,0
Transformer+GAIL+TD3,291,6073,66,7.861132373846553,0
Transformer+GAIL+TD3,291,6073,67,3.0172585297921017,0
Transformer+GAIL+TD3,291,6073,68,5.1360769291196675,0
Transformer+GAIL+TD3,291,6073,69,14.724783517886966,0
Transformer+GAIL+TD3,291,6073,70,3.5002158949480586,0
Transformer+GAIL+TD3,291,6073,71,8.328058334405108,0
Transformer+GAIL+TD3,291,6073,72,3.7059324843871164,0
Transformer+GAIL+TD3,291,6073,73,3.6655279915928656,0
Transformer+GAIL+TD3,291,6073,74,6.356547084168566,0
Transformer+GAIL+TD3,291,6073,75,3.2561890118486456,0
Transformer+GAIL+TD3,291,6073,76,3.347494322946003,0
Transformer+GAIL+TD3,291,6073,77,70.98517059607252,0
Transformer+GAIL+TD3,291,6073,78,2.7749643663968175,0
Transformer+GAIL+TD3,291,6073,79,17.10808398760206,0
Transformer+GAIL+TD3,291,6073,80,2.0775815881665602,0
Transformer+GAIL+TD3,291,6073,81,16.16841024712045,0
Transformer+GAIL+TD3,291,6073,82,6.329163398749452,0
Transformer+GAIL+TD3,291,6073,83,6.862159284014955,0
Transformer+GAIL+TD3,291,6073,84,2.823002111735214,0
Transformer+GAIL+TD3,291,6073,85,1.6444903872052645,0
Transformer+GAIL+TD3,291,6073,86,25.28931939841958,0
Transformer+GAIL+TD3,291,6073,87,1.5140888244379207,0
Transformer+GAIL+TD3,291,6073,88,2.0564065844781725,0
Transformer+GAIL+TD3,291,6073,89,1.7995150940164184,0
Transformer+GAIL+TD3,291,6073,90,3.7613390260503676,0
Transformer+GAIL+TD3,291,6073,91,3.233359811375472,0
Transformer+GAIL+TD3,291,6073,92,2.992224273927569,0
Transformer+GAIL+TD3,291,6073,93,2.0566835139112074,0
Transformer+GAIL+TD3,291,6073,94,7.356414178360044,0
Transformer+GAIL+TD3,291,6073,95,4.376375086572068,0
Transformer+GAIL+TD3,291,6073,96,4.185045760023698,0
Transformer+GAIL+TD3,291,6073,97,5.033234200336285,0
Transformer+GAIL+TD3,291,6073,98,5.900498784343597,0
Transformer+GAIL+TD3,291,6075,5,3.6164559462662984,0
Transformer+GAIL+TD3,291,6075,6,21.54088431253785,0
Transformer+GAIL+TD3,291,6075,7,32.49464398235665,0
Transformer+GAIL+TD3,291,6075,8,14.674181117533722,0
Transformer+GAIL+TD3,291,6075,9,12.475230898404705,0
Transformer+GAIL+TD3,291,6075,10,36.32247779549078,0
Transformer+GAIL+TD3,291,6075,11,25.449332073944138,0
Transformer+GAIL+TD3,291,6075,12,14.46394177754907,0
Transformer+GAIL+TD3,291,6075,13,7.969787356874818,0
Transformer+GAIL+TD3,291,6075,14,9.329369224588188,0
Transformer+GAIL+TD3,291,6075,15,3.654798348682121,0
Transformer+GAIL+TD3,291,6075,16,7.357262905162065,0
Transformer+GAIL+TD3,291,6075,17,9.72359498612966,0
Transformer+GAIL+TD3,291,6075,18,7.1323116770990715,0
Transformer+GAIL+TD3,291,6075,19,9.982760751359368,0
Transformer+GAIL+TD3,291,6075,20,6.650955542652295,0
Transformer+GAIL+TD3,291,6075,21,5.301500074261103,0
Transformer+GAIL+TD3,291,6075,22,3.523104350040687,0
Transformer+GAIL+TD3,291,6075,23,5.8156799999999995,0
Transformer+GAIL+TD3,291,6075,24,5.369135253528318,0
Transformer+GAIL+TD3,291,6075,25,5.389043917833036,0
Transformer+GAIL+TD3,291,6075,26,5.176573958765739,0
Transformer+GAIL+TD3,291,6075,27,5.3888353855678615,0
Transformer+GAIL+TD3,291,6075,28,6.374197545510869,0
Transformer+GAIL+TD3,291,6075,29,4.9645540801220225,0
Transformer+GAIL+TD3,291,6075,30,3.9939642938804543,0
Transformer+GAIL+TD3,291,6075,31,8.276857740840837,0
Transformer+GAIL+TD3,291,6075,32,3.992121371229602,0
Transformer+GAIL+TD3,291,6075,33,6.41805212196127,0
Transformer+GAIL+TD3,291,6075,34,10.375367379467287,0
Transformer+GAIL+TD3,291,6075,35,6.642434862842708,0
Transformer+GAIL+TD3,291,6075,36,87.83562106210621,0
Transformer+GAIL+TD3,291,6075,37,3.126319521949404,0
Transformer+GAIL+TD3,291,6075,38,14.075652344837753,0
Transformer+GAIL+TD3,291,6075,39,42.735121273640345,0
Transformer+GAIL+TD3,291,6075,40,3.0205618142064354,0
Transformer+GAIL+TD3,291,6075,41,54.4308267838144,0
Transformer+GAIL+TD3,291,6075,42,3.6570104160130517,0
Transformer+GAIL+TD3,291,6075,43,8.879829290206647,0
Transformer+GAIL+TD3,291,6075,44,31.339970291235915,0
Transformer+GAIL+TD3,291,6075,45,3.0770208368600445,0
Transformer+GAIL+TD3,291,6075,46,53.04038876284906,0
Transformer+GAIL+TD3,291,6075,47,3.070123976160882,0
Transformer+GAIL+TD3,291,6075,48,8.435644146144002,0
Transformer+GAIL+TD3,291,6075,49,7.324033125677716,0
Transformer+GAIL+TD3,291,6075,50,6.335003370554749,0
Transformer+GAIL+TD3,291,6075,51,9.380149087087876,0
Transformer+GAIL+TD3,291,6075,52,5.073870901350429,0
Transformer+GAIL+TD3,291,6075,53,2.8420621199625096,0
Transformer+GAIL+TD3,291,6075,54,4.16227094986266,0
Transformer+GAIL+TD3,291,6075,55,2.8350884913514847,0
Transformer+GAIL+TD3,291,6075,56,5.37495365703448,0
Transformer+GAIL+TD3,291,6075,57,2.5379460776954534,0
Transformer+GAIL+TD3,291,6075,58,9.29879813362637,0
Transformer+GAIL+TD3,291,6075,59,6.093975124319064,0
Transformer+GAIL+TD3,291,6075,60,30.528390591000775,0
Transformer+GAIL+TD3,291,6075,61,4.145686130128937,0
Transformer+GAIL+TD3,291,6075,62,79.94660419568613,0
Transformer+GAIL+TD3,291,6075,63,4.026523438656082,0
Transformer+GAIL+TD3,291,6075,64,8.191134135670172,0
Transformer+GAIL+TD3,291,6075,65,31.634663141699356,0
Transformer+GAIL+TD3,291,6075,66,15.096597820114354,0
Transformer+GAIL+TD3,291,6075,67,71.0478200034419,0
Transformer+GAIL+TD3,291,6075,68,6.0437733340239745,0
Transformer+GAIL+TD3,291,6075,69,3.8807043460391686,0
Transformer+GAIL+TD3,291,6075,70,2.943820403397597,0
Transformer+GAIL+TD3,291,6075,71,5.574324080822532,0
Transformer+GAIL+TD3,291,6075,72,6.744626793292512,0
Transformer+GAIL+TD3,291,6075,73,5.91224568039692,0
Transformer+GAIL+TD3,291,6075,74,6.692722625762064,0
Transformer+GAIL+TD3,291,6075,75,8.443162776630652,0
Transformer+GAIL+TD3,291,6075,76,1.6617419431145577,0
Transformer+GAIL+TD3,291,6075,77,16.04081448004741,0
Transformer+GAIL+TD3,291,6075,78,11.585224608066461,0
Transformer+GAIL+TD3,291,6075,79,3.7515603583888155,0
Transformer+GAIL+TD3,291,6075,80,7.951937255129523,0
Transformer+GAIL+TD3,291,6075,81,4.901533725254013,0
Transformer+GAIL+TD3,291,6075,82,18.030243065128648,0
Transformer+GAIL+TD3,291,6075,83,3.5295295376471247,0
Transformer+GAIL+TD3,291,6075,84,47.275429348464755,0
Transformer+GAIL+TD3,291,6075,85,2.8726955687606024,0
Transformer+GAIL+TD3,291,6075,86,100.4771437069222,0
Transformer+GAIL+TD3,291,6075,87,3.8128484887854293,0
Transformer+GAIL+TD3,291,6075,88,40.186151292387954,0
Transformer+GAIL+TD3,291,6075,89,146.46338783403658,0
Transformer+GAIL+TD3,291,6075,90,2.686687060616122,0
Transformer+GAIL+TD3,291,6075,91,15.575583085889772,0
Transformer+GAIL+TD3,291,6075,92,4.81584149190597,0
Transformer+GAIL+TD3,291,6075,93,4.784726557664037,0
Transformer+GAIL+TD3,291,6075,94,124.75314484906104,0
Transformer+GAIL+TD3,291,6075,95,3.7307157872234296,0
Transformer+GAIL+TD3,291,6075,96,8.924158725501519,0
Transformer+GAIL+TD3,291,6075,97,4.10568312677384,0
Transformer+GAIL+TD3,291,6075,98,5.348988123515439,0
Transformer+GAIL+TD3,291,6076,5,3.1538994457640537,0
Transformer+GAIL+TD3,291,6076,6,15.579878048780486,0
Transformer+GAIL+TD3,291,6076,7,10.742082925236696,0
Transformer+GAIL+TD3,291,6076,8,11.215176979882862,0
Transformer+GAIL+TD3,291,6076,9,23.003734129947723,0
Transformer+GAIL+TD3,291,6076,10,11.57555980645887,0
Transformer+GAIL+TD3,291,6076,11,17.17591892300711,0
Transformer+GAIL+TD3,291,6076,12,15.594866193336975,0
Transformer+GAIL+TD3,291,6076,13,14.473245057137678,0
Transformer+GAIL+TD3,291,6076,14,12.85400811066052,0
Transformer+GAIL+TD3,291,6076,15,8.041894447755007,0
Transformer+GAIL+TD3,291,6076,16,8.545532776512275,0
Transformer+GAIL+TD3,291,6076,17,6.581330838421639,0
Transformer+GAIL+TD3,291,6076,18,6.330679204634779,0
Transformer+GAIL+TD3,291,6076,19,5.371932760158082,0
Transformer+GAIL+TD3,291,6076,20,3.8870493256175935,0
Transformer+GAIL+TD3,291,6076,21,6.987792644319086,0
Transformer+GAIL+TD3,291,6076,22,4.853510719993359,0
Transformer+GAIL+TD3,291,6076,23,4.609852353175358,0
Transformer+GAIL+TD3,291,6076,24,5.756725447290514,0
Transformer+GAIL+TD3,291,6076,25,3.701729040692924,0
Transformer+GAIL+TD3,291,6076,26,2.807685813835693,0
Transformer+GAIL+TD3,291,6076,27,18.35330722600719,0
Transformer+GAIL+TD3,291,6076,28,5.458934426660912,0
Transformer+GAIL+TD3,291,6076,29,4.022740284169907,0
Transformer+GAIL+TD3,291,6076,30,26.56064976468802,0
Transformer+GAIL+TD3,291,6076,31,11.377914782846965,0
Transformer+GAIL+TD3,291,6076,32,4.331494858826879,0
Transformer+GAIL+TD3,291,6076,33,3.2377858205140115,0
Transformer+GAIL+TD3,291,6076,34,3.3427576123063654,0
Transformer+GAIL+TD3,291,6076,35,17.357557997557997,0
Transformer+GAIL+TD3,291,6076,36,1.6392319937080213,0
Transformer+GAIL+TD3,291,6076,37,1.675371084099219,0
Transformer+GAIL+TD3,291,6076,38,13.236659532068787,0
Transformer+GAIL+TD3,291,6076,39,3.666215650433486,0
Transformer+GAIL+TD3,291,6076,40,76.7804713804714,0
Transformer+GAIL+TD3,291,6076,41,6.226895261627398,0
Transformer+GAIL+TD3,291,6076,42,6.907617851756969,0
Transformer+GAIL+TD3,291,6076,43,11.038247893681591,0
Transformer+GAIL+TD3,291,6076,44,4.275489051442732,0
Transformer+GAIL+TD3,291,6076,45,42.840711161054706,0
Transformer+GAIL+TD3,291,6076,46,2.8071052919328268,0
Transformer+GAIL+TD3,291,6076,47,6.47106062841127,0
Transformer+GAIL+TD3,291,6076,48,189.5712643678161,0
Transformer+GAIL+TD3,291,6076,49,5.739388008841406,0
Transformer+GAIL+TD3,291,6076,50,169.01243980738363,0
Transformer+GAIL+TD3,291,6076,51,5.390052827808378,0
Transformer+GAIL+TD3,291,6076,52,37.251435607809704,0
Transformer+GAIL+TD3,291,6076,53,10.120346378241026,0
Transformer+GAIL+TD3,291,6076,54,3.6638530524590265,0
Transformer+GAIL+TD3,291,6076,55,49.03911797821701,0
Transformer+GAIL+TD3,291,6076,56,5.751700135870678,0
Transformer+GAIL+TD3,291,6076,57,6.6526242657740156,0
Transformer+GAIL+TD3,291,6076,58,5.153694236313814,0
Transformer+GAIL+TD3,291,6076,59,6.6229791563146865,0
Transformer+GAIL+TD3,291,6076,60,4.852051222436485,0
Transformer+GAIL+TD3,291,6076,61,7.8704153495377405,0
Transformer+GAIL+TD3,291,6076,62,2.683253515558819,0
Transformer+GAIL+TD3,291,6076,63,3.2434493611057023,0
Transformer+GAIL+TD3,291,6076,64,6.432066083425902,0
Transformer+GAIL+TD3,291,6076,65,6.734962074302198,0
Transformer+GAIL+TD3,291,6076,66,3.6043682607224024,0
Transformer+GAIL+TD3,291,6076,67,26.859550360357137,0
Transformer+GAIL+TD3,291,6076,68,3.520470709355003,0
Transformer+GAIL+TD3,291,6076,69,11.843018110067858,0
Transformer+GAIL+TD3,291,6076,70,4.572891172394169,0
Transformer+GAIL+TD3,291,6076,71,40.86970724965449,0
Transformer+GAIL+TD3,291,6076,72,2.2879722748673283,0
Transformer+GAIL+TD3,291,6076,73,21.889042804243978,0
Transformer+GAIL+TD3,291,6076,74,7.537405173569227,0
Transformer+GAIL+TD3,291,6076,75,3.6528791997278365,0
Transformer+GAIL+TD3,291,6076,76,10.531955878004569,0
Transformer+GAIL+TD3,291,6076,77,4.496130264701131,0
Transformer+GAIL+TD3,291,6076,78,2.226969127542546,0
Transformer+GAIL+TD3,291,6076,79,24.589051094890507,0
Transformer+GAIL+TD3,291,6076,80,2.5978082148724724,0
Transformer+GAIL+TD3,291,6076,81,10.939388488586482,0
Transformer+GAIL+TD3,291,6076,82,4.349836367171931,0
Transformer+GAIL+TD3,291,6076,83,3.2535064975431855,0
Transformer+GAIL+TD3,291,6076,84,13.028029969149406,0
Transformer+GAIL+TD3,291,6076,85,4.3213546130901355,0
Transformer+GAIL+TD3,291,6076,86,5.15405588361994,0
Transformer+GAIL+TD3,291,6076,87,13.658321154522236,0
Transformer+GAIL+TD3,291,6076,88,3.4767488373860007,0
Transformer+GAIL+TD3,291,6076,89,44.672694803896746,0
Transformer+GAIL+TD3,291,6076,90,1.9704485045933728,0
Transformer+GAIL+TD3,291,6076,91,101.09993666877773,0
Transformer+GAIL+TD3,291,6076,92,2.1945707897534468,0
Transformer+GAIL+TD3,291,6076,93,7.123339724899968,0
Transformer+GAIL+TD3,291,6076,94,123.12830113324348,0
Transformer+GAIL+TD3,291,6076,95,1.8442929250340319,0
Transformer+GAIL+TD3,291,6076,96,30.316918388977218,0
Transformer+GAIL+TD3,291,6076,97,2.1268364032727156,0
Transformer+GAIL+TD3,291,6076,98,2.3573607138441943,0
Transformer+GAIL+TD3,291,6077,5,3.3840981012658227,0
Transformer+GAIL+TD3,291,6077,6,21.57357357357358,0
Transformer+GAIL+TD3,291,6077,7,33.472290640394085,0
Transformer+GAIL+TD3,291,6077,8,24.49828722002635,0
Transformer+GAIL+TD3,291,6077,9,16.86197787683672,0
Transformer+GAIL+TD3,291,6077,10,16.397250273755933,0
Transformer+GAIL+TD3,291,6077,11,17.576142131979694,0
Transformer+GAIL+TD3,291,6077,12,12.38027713027713,0
Transformer+GAIL+TD3,291,6077,13,5.621036187278493,0
Transformer+GAIL+TD3,291,6077,14,13.414710067591605,0
Transformer+GAIL+TD3,291,6077,15,5.9508760237815475,0
Transformer+GAIL+TD3,291,6077,16,7.6641135739429815,0
Transformer+GAIL+TD3,291,6077,17,6.1290974791361945,0
Transformer+GAIL+TD3,291,6077,18,6.369141216598842,0
Transformer+GAIL+TD3,291,6077,19,3.6838605063146463,0
Transformer+GAIL+TD3,291,6077,20,7.438971452270685,0
Transformer+GAIL+TD3,291,6077,21,4.201272115806404,0
Transformer+GAIL+TD3,291,6077,22,5.822358092229081,0
Transformer+GAIL+TD3,291,6077,23,4.294953561122293,0
Transformer+GAIL+TD3,291,6077,24,4.891841435152069,0
Transformer+GAIL+TD3,291,6077,25,4.293967718975046,0
Transformer+GAIL+TD3,291,6077,26,15.113421914115156,0
Transformer+GAIL+TD3,291,6077,27,4.031960889475638,0
Transformer+GAIL+TD3,291,6077,28,92.49154916425437,0
Transformer+GAIL+TD3,291,6077,29,3.63050193290159,0
Transformer+GAIL+TD3,291,6077,30,5.0688044939173595,0
Transformer+GAIL+TD3,291,6077,31,181.97083021690355,0
Transformer+GAIL+TD3,291,6077,32,2.6630661235214244,0
Transformer+GAIL+TD3,291,6077,33,3.4842748384197524,0
Transformer+GAIL+TD3,291,6077,34,4.567462351132406,0
Transformer+GAIL+TD3,291,6077,35,8.36530707617402,0
Transformer+GAIL+TD3,291,6077,36,3.850669788008843,0
Transformer+GAIL+TD3,291,6077,37,6.1083372473470945,0
Transformer+GAIL+TD3,291,6077,38,3.2673071290776234,0
Transformer+GAIL+TD3,291,6077,39,4.756380837885163,0
Transformer+GAIL+TD3,291,6077,40,60.22242489270386,0
Transformer+GAIL+TD3,291,6077,41,3.1981998168519397,0
Transformer+GAIL+TD3,291,6077,42,27.45344237128012,0
Transformer+GAIL+TD3,291,6077,43,1.5982618312263215,0
Transformer+GAIL+TD3,291,6077,44,22.855026409584745,0
Transformer+GAIL+TD3,291,6077,45,2.362525594295921,0
Transformer+GAIL+TD3,291,6077,46,14.624695898161244,0
Transformer+GAIL+TD3,291,6077,47,4.430582399029562,0
Transformer+GAIL+TD3,291,6077,48,8.060305698708552,0
Transformer+GAIL+TD3,291,6077,49,6.165131283856054,0
Transformer+GAIL+TD3,291,6077,50,3.410414709895037,0
Transformer+GAIL+TD3,291,6077,51,14.22678560555319,0
Transformer+GAIL+TD3,291,6077,52,2.1043091180451916,0
Transformer+GAIL+TD3,291,6077,53,4.397706009685941,0
Transformer+GAIL+TD3,291,6077,54,4.337545440819502,0
Transformer+GAIL+TD3,291,6077,55,7.095886531517712,0
Transformer+GAIL+TD3,291,6077,56,4.9388876690818835,0
Transformer+GAIL+TD3,291,6077,57,10.330497998841661,0
Transformer+GAIL+TD3,291,6077,58,2.454146999325691,0
Transformer+GAIL+TD3,291,6077,59,13.728311849207987,0
Transformer+GAIL+TD3,291,6077,60,3.520994083485563,0
Transformer+GAIL+TD3,291,6077,61,25.856022194585286,0
Transformer+GAIL+TD3,291,6077,62,2.6305640568381037,0
Transformer+GAIL+TD3,291,6077,63,33.089376396506196,0
Transformer+GAIL+TD3,291,6077,64,5.630951697810048,0
Transformer+GAIL+TD3,291,6077,65,17.799936702740244,0
Transformer+GAIL+TD3,291,6077,66,22.36328454110305,0
Transformer+GAIL+TD3,291,6077,67,4.625850857969318,0
Transformer+GAIL+TD3,291,6077,68,50.63243918520318,0
Transformer+GAIL+TD3,291,6077,69,3.963728788483399,0
Transformer+GAIL+TD3,291,6077,70,7.764642787434482,0
Transformer+GAIL+TD3,291,6077,71,7.982746120687234,0
Transformer+GAIL+TD3,291,6077,72,3.2805444133303063,0
Transformer+GAIL+TD3,291,6077,73,20.67075164670892,0
Transformer+GAIL+TD3,291,6077,74,5.608631208639819,0
Transformer+GAIL+TD3,291,6077,75,3.603682118264133,0
Transformer+GAIL+TD3,291,6077,76,7.9085021741141635,0
Transformer+GAIL+TD3,291,6077,77,33.92208021429239,0
Transformer+GAIL+TD3,291,6077,78,6.659200251903607,0
Transformer+GAIL+TD3,291,6077,79,4.748008128340761,0
Transformer+GAIL+TD3,291,6077,80,10.069627545984169,0
Transformer+GAIL+TD3,291,6077,81,91.43619750453946,0
Transformer+GAIL+TD3,291,6077,82,3.794176190939095,0
Transformer+GAIL+TD3,291,6077,83,5.529475524504009,0
Transformer+GAIL+TD3,291,6077,84,14.75513259688886,0
Transformer+GAIL+TD3,291,6077,85,9.61960654429938,0
Transformer+GAIL+TD3,291,6077,86,4.279511685919596,0
Transformer+GAIL+TD3,291,6077,87,22.25009826657757,0
Transformer+GAIL+TD3,291,6077,88,3.5724195572952717,0
Transformer+GAIL+TD3,291,6077,89,8.485783534097273,0
Transformer+GAIL+TD3,291,6077,90,9.256255853637004,0
Transformer+GAIL+TD3,291,6077,91,3.5823268999151976,0
Transformer+GAIL+TD3,291,6077,92,6.9166414429402305,0
Transformer+GAIL+TD3,291,6077,93,5.128201761885527,0
Transformer+GAIL+TD3,291,6077,94,12.89676727124154,0
Transformer+GAIL+TD3,291,6077,95,5.598648210057017,0
Transformer+GAIL+TD3,291,6077,96,4.40963788084182,0
Transformer+GAIL+TD3,291,6077,97,3.588525151945953,0
Transformer+GAIL+TD3,291,6077,98,4.555106514456325,0
Transformer+GAIL+TD3,291,6087,5,8.290133124510572,0
Transformer+GAIL+TD3,291,6087,6,49.22304832713755,0
Transformer+GAIL+TD3,291,6087,7,21.953420950908388,0
Transformer+GAIL+TD3,291,6087,8,13.270246164823405,0
Transformer+GAIL+TD3,291,6087,9,8.383713355048858,0
Transformer+GAIL+TD3,291,6087,10,5.706825097811912,0
Transformer+GAIL+TD3,291,6087,11,9.573152948801038,0
Transformer+GAIL+TD3,291,6087,12,11.987143044562032,0
Transformer+GAIL+TD3,291,6087,13,8.046793937999949,0
Transformer+GAIL+TD3,291,6087,14,5.686216961245338,0
Transformer+GAIL+TD3,291,6087,15,4.066812382453108,0
Transformer+GAIL+TD3,291,6087,16,4.604577168228089,0
Transformer+GAIL+TD3,291,6087,17,5.951170502594953,0
Transformer+GAIL+TD3,291,6087,18,6.8323220963987765,0
Transformer+GAIL+TD3,291,6087,19,7.693155661554674,0
Transformer+GAIL+TD3,291,6087,20,4.1275713567436405,0
Transformer+GAIL+TD3,291,6087,21,4.469486853568317,0
Transformer+GAIL+TD3,291,6087,22,4.242361794953731,0
Transformer+GAIL+TD3,291,6087,23,4.862977761346832,0
Transformer+GAIL+TD3,291,6087,24,6.162997606232099,0
Transformer+GAIL+TD3,291,6087,25,9.167032327664577,0
Transformer+GAIL+TD3,291,6087,26,4.142063529746926,0
Transformer+GAIL+TD3,291,6087,27,8.667310736567652,0
Transformer+GAIL+TD3,291,6087,28,6.732618307444171,0
Transformer+GAIL+TD3,291,6087,29,3.192290722393807,0
Transformer+GAIL+TD3,291,6087,30,102.77304915301306,0
Transformer+GAIL+TD3,291,6087,31,9.305649890194479,0
Transformer+GAIL+TD3,291,6087,32,3.5614904614870437,0
Transformer+GAIL+TD3,291,6087,33,5.870036845983788,0
Transformer+GAIL+TD3,291,6087,34,116.05338733431516,0
Transformer+GAIL+TD3,291,6087,35,2.4562754670455735,0
Transformer+GAIL+TD3,291,6087,36,9.571664080013797,0
Transformer+GAIL+TD3,291,6087,37,3.4982880492100015,0
Transformer+GAIL+TD3,291,6087,38,10.836989778179541,0
Transformer+GAIL+TD3,291,6087,39,14.811780120302542,0
Transformer+GAIL+TD3,291,6087,40,2.7275138385965145,0
Transformer+GAIL+TD3,291,6087,41,3.9122951782281645,0
Transformer+GAIL+TD3,291,6087,42,4.1445104469524505,0
Transformer+GAIL+TD3,291,6087,43,4.443072107962122,0
Transformer+GAIL+TD3,291,6087,44,6.468637452238615,0
Transformer+GAIL+TD3,291,6087,45,2.2151502700666823,0
Transformer+GAIL+TD3,291,6087,46,3.5321100547532076,0
Transformer+GAIL+TD3,291,6087,47,6.535822831895339,0
Transformer+GAIL+TD3,291,6087,48,3.113277037908387,0
Transformer+GAIL+TD3,291,6087,49,4.071481596917235,0
Transformer+GAIL+TD3,291,6087,50,6.066951802289652,0
Transformer+GAIL+TD3,291,6087,51,2.7262191616427853,0
Transformer+GAIL+TD3,291,6087,52,20.076146471904387,0
Transformer+GAIL+TD3,291,6087,53,3.564075383182809,0
Transformer+GAIL+TD3,291,6087,54,10.816663227505428,0
Transformer+GAIL+TD3,291,6087,55,4.043728979921766,0
Transformer+GAIL+TD3,291,6087,56,21.45930135731534,0
Transformer+GAIL+TD3,291,6087,57,2.378026483566661,0
Transformer+GAIL+TD3,291,6087,58,23.065754754177913,0
Transformer+GAIL+TD3,291,6087,59,3.5994381338966743,0
Transformer+GAIL+TD3,291,6087,60,13.950864084031808,0
Transformer+GAIL+TD3,291,6087,61,5.81097879872873,0
Transformer+GAIL+TD3,291,6087,62,5.460052129405171,0
Transformer+GAIL+TD3,291,6087,63,25.11084922505535,0
Transformer+GAIL+TD3,291,6087,64,2.942000379688684,0
Transformer+GAIL+TD3,291,6087,65,3.401895569378928,0
Transformer+GAIL+TD3,291,6087,66,7.791490710722446,0
Transformer+GAIL+TD3,291,6087,67,4.831124624996795,0
Transformer+GAIL+TD3,291,6087,68,17.436149207058296,0
Transformer+GAIL+TD3,291,6087,69,4.146682943407026,0
Transformer+GAIL+TD3,291,6087,70,11.025863549735394,0
Transformer+GAIL+TD3,291,6087,71,22.238092798907246,0
Transformer+GAIL+TD3,291,6087,72,3.3354165291781515,0
Transformer+GAIL+TD3,291,6087,73,48.56563582963241,0
Transformer+GAIL+TD3,291,6087,74,8.260841892958279,0
Transformer+GAIL+TD3,291,6087,75,14.332007127177446,0
Transformer+GAIL+TD3,291,6087,76,33.984243065571754,0
Transformer+GAIL+TD3,291,6087,77,8.224775424767097,0
Transformer+GAIL+TD3,291,6087,78,4.5089766545328125,0
Transformer+GAIL+TD3,291,6087,79,3.9542514671240436,0
Transformer+GAIL+TD3,291,6087,80,4.842104012218738,0
Transformer+GAIL+TD3,291,6087,81,6.870461882481418,0
Transformer+GAIL+TD3,291,6087,82,7.097030904726131,0
Transformer+GAIL+TD3,291,6087,83,7.261077564115407,0
Transformer+GAIL+TD3,291,6087,84,2.5798499780133564,0
Transformer+GAIL+TD3,291,6087,85,20.809687883268577,0
Transformer+GAIL+TD3,291,6087,86,3.753647444365836,0
Transformer+GAIL+TD3,291,6087,87,60.02518108223265,0
Transformer+GAIL+TD3,291,6087,88,2.4219609666778075,0
Transformer+GAIL+TD3,291,6087,89,14.866729278002643,0
Transformer+GAIL+TD3,291,6087,90,2.395977129219639,0
Transformer+GAIL+TD3,291,6087,91,4.289608414639621,0
Transformer+GAIL+TD3,291,6087,92,3.439308400844833,0
Transformer+GAIL+TD3,291,6087,93,5.332165476926296,0
Transformer+GAIL+TD3,291,6087,94,2.468448792922053,0
Transformer+GAIL+TD3,291,6087,95,7.031140924264155,0
Transformer+GAIL+TD3,291,6087,96,2.561895176711661,0
Transformer+GAIL+TD3,291,6087,97,12.44759996003362,0
Transformer+GAIL+TD3,291,6087,98,1.416514317969283,0
Transformer+GAIL+TD3,291,6088,5,6.612530592266274,0
Transformer+GAIL+TD3,291,6088,6,50.58800448430494,0
Transformer+GAIL+TD3,291,6088,7,22.09341410982998,0
Transformer+GAIL+TD3,291,6088,8,13.016290726817042,0
Transformer+GAIL+TD3,291,6088,9,8.315555291884197,0
Transformer+GAIL+TD3,291,6088,10,9.447056386889662,0
Transformer+GAIL+TD3,291,6088,11,6.0991760033197,0
Transformer+GAIL+TD3,291,6088,12,9.62933594032877,0
Transformer+GAIL+TD3,291,6088,13,7.440712882671393,0
Transformer+GAIL+TD3,291,6088,14,5.8575842745666264,0
Transformer+GAIL+TD3,291,6088,15,4.7999010470294055,0
Transformer+GAIL+TD3,291,6088,16,4.882012599667675,0
Transformer+GAIL+TD3,291,6088,17,3.87094274561463,0
Transformer+GAIL+TD3,291,6088,18,4.914381833473508,0
Transformer+GAIL+TD3,291,6088,19,4.579612914149056,0
Transformer+GAIL+TD3,291,6088,20,8.258407250822074,0
Transformer+GAIL+TD3,291,6088,21,4.250294738573739,0
Transformer+GAIL+TD3,291,6088,22,7.503941361946444,0
Transformer+GAIL+TD3,291,6088,23,7.5973825529038095,0
Transformer+GAIL+TD3,291,6088,24,4.916568477847959,0
Transformer+GAIL+TD3,291,6088,25,2.8618909140868287,0
Transformer+GAIL+TD3,291,6088,26,5.071947353914001,0
Transformer+GAIL+TD3,291,6088,27,3.1467571500727636,0
Transformer+GAIL+TD3,291,6088,28,19.447628754721503,0
Transformer+GAIL+TD3,291,6088,29,2.345009356465476,0
Transformer+GAIL+TD3,291,6088,30,20.96910413260416,0
Transformer+GAIL+TD3,291,6088,31,2.7730472220323925,0
Transformer+GAIL+TD3,291,6088,32,23.201442812172086,0
Transformer+GAIL+TD3,291,6088,33,4.042966276574907,0
Transformer+GAIL+TD3,291,6088,34,8.728665941448929,0
Transformer+GAIL+TD3,291,6088,35,4.210624767423317,0
Transformer+GAIL+TD3,291,6088,36,21.601067758340545,0
Transformer+GAIL+TD3,291,6088,37,3.3035942011479693,0
Transformer+GAIL+TD3,291,6088,38,41.72827479138367,0
Transformer+GAIL+TD3,291,6088,39,3.017124797555976,0
Transformer+GAIL+TD3,291,6088,40,14.957664984409654,0
Transformer+GAIL+TD3,291,6088,41,76.99377382465057,0
Transformer+GAIL+TD3,291,6088,42,5.428988235105257,0
Transformer+GAIL+TD3,291,6088,43,86.73432336966842,0
Transformer+GAIL+TD3,291,6088,44,3.156395731912534,0
Transformer+GAIL+TD3,291,6088,45,6.125581599508384,0
Transformer+GAIL+TD3,291,6088,46,30.31208372037868,0
Transformer+GAIL+TD3,291,6088,47,3.8413268075649487,0
Transformer+GAIL+TD3,291,6088,48,23.829625016830484,0
Transformer+GAIL+TD3,291,6088,49,2.5907800241713033,0
Transformer+GAIL+TD3,291,6088,50,6.019218313377871,0
Transformer+GAIL+TD3,291,6088,51,2.4912473561007498,0
Transformer+GAIL+TD3,291,6088,52,5.71321250152987,0
Transformer+GAIL+TD3,291,6088,53,8.195873803253178,0
Transformer+GAIL+TD3,291,6088,54,39.08532653910149,0
Transformer+GAIL+TD3,291,6088,55,5.322319374670443,0
Transformer+GAIL+TD3,291,6088,56,82.84046692607005,0
Transformer+GAIL+TD3,291,6088,57,5.251103768169901,0
Transformer+GAIL+TD3,291,6088,58,31.58115250575481,0
Transformer+GAIL+TD3,291,6088,59,7.492580675653386,0
Transformer+GAIL+TD3,291,6088,60,4.15294232608213,0
Transformer+GAIL+TD3,291,6088,61,42.48427407820052,0
Transformer+GAIL+TD3,291,6088,62,3.3343154716096075,0
Transformer+GAIL+TD3,291,6088,63,4.314227323194913,0
Transformer+GAIL+TD3,291,6088,64,10.00833209589335,0
Transformer+GAIL+TD3,291,6088,65,32.93739161039631,0
Transformer+GAIL+TD3,291,6088,66,78.51145636314509,0
Transformer+GAIL+TD3,291,6088,67,2.735771178314821,0
Transformer+GAIL+TD3,291,6088,68,10.944102726971112,0
Transformer+GAIL+TD3,291,6088,69,3.700103172808412,0
Transformer+GAIL+TD3,291,6088,70,6.108184314819866,0
Transformer+GAIL+TD3,291,6088,71,37.77069197612282,0
Transformer+GAIL+TD3,291,6088,72,19.551503162645382,0
Transformer+GAIL+TD3,291,6088,73,2.985916085365168,0
Transformer+GAIL+TD3,291,6088,74,61.381678034296534,0
Transformer+GAIL+TD3,291,6088,75,2.7630356636516926,0
Transformer+GAIL+TD3,291,6088,76,7.704036878322217,0
Transformer+GAIL+TD3,291,6088,77,6.353378421462766,0
Transformer+GAIL+TD3,291,6088,78,18.0201424295878,0
Transformer+GAIL+TD3,291,6088,79,1.6017292207734168,0
Transformer+GAIL+TD3,291,6088,80,25.796378867720577,0
Transformer+GAIL+TD3,291,6088,81,4.480693449097833,0
Transformer+GAIL+TD3,291,6088,82,13.710701822538368,0
Transformer+GAIL+TD3,291,6088,83,5.265514214984387,0
Transformer+GAIL+TD3,291,6088,84,5.925094356863702,0
Transformer+GAIL+TD3,291,6088,85,6.520455545659469,0
Transformer+GAIL+TD3,291,6088,86,8.068464973908624,0
Transformer+GAIL+TD3,291,6088,87,3.994381080376791,0
Transformer+GAIL+TD3,291,6088,88,7.15403429865614,0
Transformer+GAIL+TD3,291,6088,89,10.303786016752866,0
Transformer+GAIL+TD3,291,6088,90,11.16565864536017,0
Transformer+GAIL+TD3,291,6088,91,13.337737095951399,0
Transformer+GAIL+TD3,291,6088,92,6.740622104162934,0
Transformer+GAIL+TD3,291,6088,93,6.1612566265786315,0
Transformer+GAIL+TD3,291,6088,94,16.05750154840447,0
Transformer+GAIL+TD3,291,6088,95,6.0059377390386715,0
Transformer+GAIL+TD3,291,6088,96,29.94990585367014,0
Transformer+GAIL+TD3,291,6088,97,2.5563745459164955,0
Transformer+GAIL+TD3,291,6088,98,14.401759748947365,0
Transformer+GAIL+TD3,291,6090,5,5.56248773788503,0
Transformer+GAIL+TD3,291,6090,6,43.58066394874783,0
Transformer+GAIL+TD3,291,6090,7,20.65072148645978,0
Transformer+GAIL+TD3,291,6090,8,16.26854829105633,0
Transformer+GAIL+TD3,291,6090,9,10.48996427411497,0
Transformer+GAIL+TD3,291,6090,10,21.70711799303805,0
Transformer+GAIL+TD3,291,6090,11,6.657264598211606,0
Transformer+GAIL+TD3,291,6090,12,5.283798407667929,0
Transformer+GAIL+TD3,291,6090,13,6.566427050053249,0
Transformer+GAIL+TD3,291,6090,14,7.8522025727427005,0
Transformer+GAIL+TD3,291,6090,15,6.881339852587025,0
Transformer+GAIL+TD3,291,6090,16,6.978214438274242,0
Transformer+GAIL+TD3,291,6090,17,5.682647533973203,0
Transformer+GAIL+TD3,291,6090,18,6.602169065477398,0
Transformer+GAIL+TD3,291,6090,19,6.726439951734838,0
Transformer+GAIL+TD3,291,6090,20,5.424791988961826,0
Transformer+GAIL+TD3,291,6090,21,6.245034775888717,0
Transformer+GAIL+TD3,291,6090,22,5.378409447173164,0
Transformer+GAIL+TD3,291,6090,23,4.248416815689606,0
Transformer+GAIL+TD3,291,6090,24,4.251227414330219,0
Transformer+GAIL+TD3,291,6090,25,10.43133634974199,0
Transformer+GAIL+TD3,291,6090,26,3.601364672042402,0
Transformer+GAIL+TD3,291,6090,27,9.410809852915115,0
Transformer+GAIL+TD3,291,6090,28,4.169565631397692,0
Transformer+GAIL+TD3,291,6090,29,4.97575855241954,0
Transformer+GAIL+TD3,291,6090,30,9.130932463727019,0
Transformer+GAIL+TD3,291,6090,31,3.313108709472346,0
Transformer+GAIL+TD3,291,6090,32,5.750160853496133,0
Transformer+GAIL+TD3,291,6090,33,4.067603624946741,0
Transformer+GAIL+TD3,291,6090,34,24.612550111625893,0
Transformer+GAIL+TD3,291,6090,35,3.548089185075487,0
Transformer+GAIL+TD3,291,6090,36,13.134672370617697,0
Transformer+GAIL+TD3,291,6090,37,20.29837982348773,0
Transformer+GAIL+TD3,291,6090,38,2.6102856857565886,0
Transformer+GAIL+TD3,291,6090,39,55.72095233067624,0
Transformer+GAIL+TD3,291,6090,40,6.005729823455233,0
Transformer+GAIL+TD3,291,6090,41,4.6361249327870775,0
Transformer+GAIL+TD3,291,6090,42,10.806547239337473,0
Transformer+GAIL+TD3,291,6090,43,3.829820840672319,0
Transformer+GAIL+TD3,291,6090,44,112.56723338485315,0
Transformer+GAIL+TD3,291,6090,45,4.206687384833318,0
Transformer+GAIL+TD3,291,6090,46,4.758218639838202,0
Transformer+GAIL+TD3,291,6090,47,10.966472313459606,0
Transformer+GAIL+TD3,291,6090,48,4.742527967633036,0
Transformer+GAIL+TD3,291,6090,49,8.172001871123483,0
Transformer+GAIL+TD3,291,6090,50,4.718302320960432,0
Transformer+GAIL+TD3,291,6090,51,12.563757487844844,0
Transformer+GAIL+TD3,291,6090,52,21.14469584681932,0
Transformer+GAIL+TD3,291,6090,53,2.7677106833084992,0
Transformer+GAIL+TD3,291,6090,54,4.180416244689075,0
Transformer+GAIL+TD3,291,6090,55,5.5086432730288815,0
Transformer+GAIL+TD3,291,6090,56,6.662685838629824,0
Transformer+GAIL+TD3,291,6090,57,15.278965954070246,0
Transformer+GAIL+TD3,291,6090,58,11.831263637686078,0
Transformer+GAIL+TD3,291,6090,59,3.6189954779961466,0
Transformer+GAIL+TD3,291,6090,60,132.33067127131446,0
Transformer+GAIL+TD3,291,6090,61,6.497946255089345,0
Transformer+GAIL+TD3,291,6090,62,14.614652814805899,0
Transformer+GAIL+TD3,291,6090,63,5.1020762122345396,0
Transformer+GAIL+TD3,291,6090,64,18.030546554175473,0
Transformer+GAIL+TD3,291,6090,65,62.147797276715686,0
Transformer+GAIL+TD3,291,6090,66,3.2392204472774213,0
Transformer+GAIL+TD3,291,6090,67,4.800909490165659,0
Transformer+GAIL+TD3,291,6090,68,6.728067562804016,0
Transformer+GAIL+TD3,291,6090,69,3.6316086713646483,0
Transformer+GAIL+TD3,291,6090,70,4.499148017940943,0
Transformer+GAIL+TD3,291,6090,71,8.494918381666015,0
Transformer+GAIL+TD3,291,6090,72,2.8231727256405157,0
Transformer+GAIL+TD3,291,6090,73,19.474267558822234,0
Transformer+GAIL+TD3,291,6090,74,9.051985504114523,0
Transformer+GAIL+TD3,291,6090,75,113.58510775583945,0
Transformer+GAIL+TD3,291,6090,76,2.6720479582558476,0
Transformer+GAIL+TD3,291,6090,77,43.59554706491851,0
Transformer+GAIL+TD3,291,6090,78,142.27275672767732,0
Transformer+GAIL+TD3,291,6090,79,4.3678741718789675,0
Transformer+GAIL+TD3,291,6090,80,13.539977980384487,0
Transformer+GAIL+TD3,291,6090,81,8.949539577966533,0
Transformer+GAIL+TD3,291,6090,82,2.4657824166255153,0
Transformer+GAIL+TD3,291,6090,83,1.9951815666745711,0
Transformer+GAIL+TD3,291,6090,84,3.7359461781887644,0
Transformer+GAIL+TD3,291,6090,85,1.7098680723986803,0
Transformer+GAIL+TD3,291,6090,86,4.034759330663592,0
Transformer+GAIL+TD3,291,6090,87,7.072600423654701,0
Transformer+GAIL+TD3,291,6090,88,36.038449373504726,0
Transformer+GAIL+TD3,291,6090,89,1.422717645427641,0
Transformer+GAIL+TD3,291,6090,90,12.535484050496711,0
Transformer+GAIL+TD3,291,6090,91,2.392420020352674,0
Transformer+GAIL+TD3,291,6090,92,2.9168400300341744,0
Transformer+GAIL+TD3,291,6090,93,1.165026928965072,0
Transformer+GAIL+TD3,291,6090,94,2.244048305612586,0
Transformer+GAIL+TD3,291,6090,95,4.038186694072873,0
Transformer+GAIL+TD3,291,6090,96,0.3497220706792754,1
Transformer+GAIL+TD3,291,6091,5,5.246361132966168,0
Transformer+GAIL+TD3,291,6091,6,35.40510737086477,0
Transformer+GAIL+TD3,291,6091,7,30.99689633767846,0
Transformer+GAIL+TD3,291,6091,8,22.29178857031402,0
Transformer+GAIL+TD3,291,6091,9,8.869338094293461,0
Transformer+GAIL+TD3,291,6091,10,12.936488812392424,0
Transformer+GAIL+TD3,291,6091,11,7.764742589703587,0
Transformer+GAIL+TD3,291,6091,12,3.4107979203368717,0
Transformer+GAIL+TD3,291,6091,13,5.101293236804654,0
Transformer+GAIL+TD3,291,6091,14,5.025789577298422,0
Transformer+GAIL+TD3,291,6091,15,5.736885606260441,0
Transformer+GAIL+TD3,291,6091,16,10.087378907214799,0
Transformer+GAIL+TD3,291,6091,17,12.064436183395289,0
Transformer+GAIL+TD3,291,6091,18,8.164817858121062,0
Transformer+GAIL+TD3,291,6091,19,7.365234971564877,0
Transformer+GAIL+TD3,291,6091,20,3.726552098060477,0
Transformer+GAIL+TD3,291,6091,21,5.952329704330781,0
Transformer+GAIL+TD3,291,6091,22,6.2664243337872,0
Transformer+GAIL+TD3,291,6091,23,6.447918317870297,0
Transformer+GAIL+TD3,291,6091,24,5.2568500313741895,0
Transformer+GAIL+TD3,291,6091,25,4.452105498643207,0
Transformer+GAIL+TD3,291,6091,26,3.138048078053368,0
Transformer+GAIL+TD3,291,6091,27,14.725429335266664,0
Transformer+GAIL+TD3,291,6091,28,2.2064190201258205,0
Transformer+GAIL+TD3,291,6091,29,12.044713705461962,0
Transformer+GAIL+TD3,291,6091,30,2.9696399447998987,0
Transformer+GAIL+TD3,291,6091,31,9.493332706560743,0
Transformer+GAIL+TD3,291,6091,32,3.911922159054261,0
Transformer+GAIL+TD3,291,6091,33,18.3535517525883,0
Transformer+GAIL+TD3,291,6091,34,2.825936617088978,0
Transformer+GAIL+TD3,291,6091,35,18.20948563794255,0
Transformer+GAIL+TD3,291,6091,36,4.3492636929995285,0
Transformer+GAIL+TD3,291,6091,37,3.980259018210163,0
Transformer+GAIL+TD3,291,6091,38,6.647140810716635,0
Transformer+GAIL+TD3,291,6091,39,2.15402126275735,0
Transformer+GAIL+TD3,291,6091,40,3.861085161713839,0
Transformer+GAIL+TD3,291,6091,41,2.6292373677682326,0
Transformer+GAIL+TD3,291,6091,42,5.302005909902791,0
Transformer+GAIL+TD3,291,6091,43,30.075411361125656,0
Transformer+GAIL+TD3,291,6091,44,4.573215535922654,0
Transformer+GAIL+TD3,291,6091,45,2.200037303238551,0
Transformer+GAIL+TD3,291,6091,46,7.1223654683856195,0
Transformer+GAIL+TD3,291,6091,47,2.993396107972379,0
Transformer+GAIL+TD3,291,6091,48,166.62797682900663,0
Transformer+GAIL+TD3,291,6091,49,5.932901068524153,0
Transformer+GAIL+TD3,291,6091,50,6.9978275487508395,0
Transformer+GAIL+TD3,291,6091,51,17.076473643209557,0
Transformer+GAIL+TD3,291,6091,52,18.499776305978333,0
Transformer+GAIL+TD3,291,6091,53,5.34590562504015,0
Transformer+GAIL+TD3,291,6091,54,3.099536755595202,0
Transformer+GAIL+TD3,291,6091,55,3.0866194858213927,0
Transformer+GAIL+TD3,291,6091,56,15.336419162889056,0
Transformer+GAIL+TD3,291,6091,57,3.245796046162094,0
Transformer+GAIL+TD3,291,6091,58,7.9833283008033895,0
Transformer+GAIL+TD3,291,6091,59,5.023094592293218,0
Transformer+GAIL+TD3,291,6091,60,24.693900097801283,0
Transformer+GAIL+TD3,291,6091,61,12.897843595488258,0
Transformer+GAIL+TD3,291,6091,62,5.253976553743168,0
Transformer+GAIL+TD3,291,6091,63,14.791676405544866,0
Transformer+GAIL+TD3,291,6091,64,5.783762503193104,0
Transformer+GAIL+TD3,291,6091,65,7.007914172566666,0
Transformer+GAIL+TD3,291,6091,66,44.12670430420356,0
Transformer+GAIL+TD3,291,6091,67,5.30929431178811,0
Transformer+GAIL+TD3,291,6091,68,15.707095071105991,0
Transformer+GAIL+TD3,291,6091,69,2.7349427022375843,0
Transformer+GAIL+TD3,291,6091,70,6.252276882507765,0
Transformer+GAIL+TD3,291,6091,71,7.665972938017424,0
Transformer+GAIL+TD3,291,6091,72,5.553198516382691,0
Transformer+GAIL+TD3,291,6091,73,7.183052024248418,0
Transformer+GAIL+TD3,291,6091,74,3.17756570956056,0
Transformer+GAIL+TD3,291,6091,75,3.0409523641953706,0
Transformer+GAIL+TD3,291,6091,76,9.320203319912771,0
Transformer+GAIL+TD3,291,6091,77,7.003953666432342,0
Transformer+GAIL+TD3,291,6091,78,6.195079814383545,0
Transformer+GAIL+TD3,291,6091,79,9.61765548757865,0
Transformer+GAIL+TD3,291,6091,80,12.795734225552748,0
Transformer+GAIL+TD3,291,6091,81,3.39408692797322,0
Transformer+GAIL+TD3,291,6091,82,7.8100192646829845,0
Transformer+GAIL+TD3,291,6091,83,4.281769513952173,0
Transformer+GAIL+TD3,291,6091,84,5.143893673071102,0
Transformer+GAIL+TD3,291,6091,85,3.9101136994749455,0
Transformer+GAIL+TD3,291,6091,86,5.962123314490345,0
Transformer+GAIL+TD3,291,6091,87,3.067634552738215,0
Transformer+GAIL+TD3,291,6091,88,37.992211086147584,0
Transformer+GAIL+TD3,291,6091,89,5.483319978148628,0
Transformer+GAIL+TD3,291,6091,90,18.517925987702473,0
Transformer+GAIL+TD3,291,6091,91,14.012870151606641,0
Transformer+GAIL+TD3,291,6091,92,10.347473474114448,0
Transformer+GAIL+TD3,291,6091,93,5.428556171948275,0
Transformer+GAIL+TD3,291,6091,94,6.128555535510254,0
Transformer+GAIL+TD3,291,6091,95,44.4681843696405,0
Transformer+GAIL+TD3,291,6091,96,3.2166594113321056,0
Transformer+GAIL+TD3,291,6091,97,3.0870578509047713,0
Transformer+GAIL+TD3,291,6091,98,14.291120736649995,0
Transformer+GAIL+TD3,291,6092,5,5.412019278056457,0
Transformer+GAIL+TD3,291,6092,6,49.42022209234367,0
Transformer+GAIL+TD3,291,6092,7,27.959317977864195,0
Transformer+GAIL+TD3,291,6092,8,23.622573544126478,0
Transformer+GAIL+TD3,291,6092,9,9.758147627651741,0
Transformer+GAIL+TD3,291,6092,10,11.432492216942489,0
Transformer+GAIL+TD3,291,6092,11,4.842160433973637,0
Transformer+GAIL+TD3,291,6092,12,11.247160720431342,0
Transformer+GAIL+TD3,291,6092,13,6.3427695004382105,0
Transformer+GAIL+TD3,291,6092,14,5.015278979437807,0
Transformer+GAIL+TD3,291,6092,15,5.831117858931081,0
Transformer+GAIL+TD3,291,6092,16,5.393348047796636,0
Transformer+GAIL+TD3,291,6092,17,5.664514067347509,0
Transformer+GAIL+TD3,291,6092,18,10.16839762611276,0
Transformer+GAIL+TD3,291,6092,19,5.299889629409516,0
Transformer+GAIL+TD3,291,6092,20,4.047404584964734,0
Transformer+GAIL+TD3,291,6092,21,6.558023014428869,0
Transformer+GAIL+TD3,291,6092,22,4.468823890309729,0
Transformer+GAIL+TD3,291,6092,23,3.4064007469267072,0
Transformer+GAIL+TD3,291,6092,24,6.273443266305424,0
Transformer+GAIL+TD3,291,6092,25,3.62107121978267,0
Transformer+GAIL+TD3,291,6092,26,7.851809333176342,0
Transformer+GAIL+TD3,291,6092,27,3.7514416046646377,0
Transformer+GAIL+TD3,291,6092,28,31.14780250091946,0
Transformer+GAIL+TD3,291,6092,29,3.712047522150541,0
Transformer+GAIL+TD3,291,6092,30,62.235462079532,0
Transformer+GAIL+TD3,291,6092,31,3.1772236492169204,0
Transformer+GAIL+TD3,291,6092,32,11.84892604872423,0
Transformer+GAIL+TD3,291,6092,33,26.240607124850044,0
Transformer+GAIL+TD3,291,6092,34,2.75426237784429,0
Transformer+GAIL+TD3,291,6092,35,32.03558851247458,0
Transformer+GAIL+TD3,291,6092,36,3.0058439975624616,0
Transformer+GAIL+TD3,291,6092,37,2.7893068282766365,0
Transformer+GAIL+TD3,291,6092,38,4.669609065530901,0
Transformer+GAIL+TD3,291,6092,39,7.816742239885151,0
Transformer+GAIL+TD3,291,6092,40,2.4675266878370077,0
Transformer+GAIL+TD3,291,6092,41,4.141409017713365,0
Transformer+GAIL+TD3,291,6092,42,4.113290626385555,0
Transformer+GAIL+TD3,291,6092,43,7.046692527700972,0
Transformer+GAIL+TD3,291,6092,44,3.613554041704744,0
Transformer+GAIL+TD3,291,6092,45,12.897306436567163,0
Transformer+GAIL+TD3,291,6092,46,2.1182335778255053,0
Transformer+GAIL+TD3,291,6092,47,12.656731802853818,0
Transformer+GAIL+TD3,291,6092,48,2.8455967433660265,0
Transformer+GAIL+TD3,291,6092,49,62.05552401498808,0
Transformer+GAIL+TD3,291,6092,50,5.356243058761871,0
Transformer+GAIL+TD3,291,6092,51,160.33057362507392,0
Transformer+GAIL+TD3,291,6092,52,6.792372090402246,0
Transformer+GAIL+TD3,291,6092,53,51.308700257225,0
Transformer+GAIL+TD3,291,6092,54,4.3542654418844755,0
Transformer+GAIL+TD3,291,6092,55,3.0428630377222237,0
Transformer+GAIL+TD3,291,6092,56,50.36273721734875,0
Transformer+GAIL+TD3,291,6092,57,4.15653086594362,0
Transformer+GAIL+TD3,291,6092,58,62.81941500635861,0
Transformer+GAIL+TD3,291,6092,59,7.303219938441365,0
Transformer+GAIL+TD3,291,6092,60,20.119665959340132,0
Transformer+GAIL+TD3,291,6092,61,151.43587263200322,0
Transformer+GAIL+TD3,291,6092,62,4.864905602817703,0
Transformer+GAIL+TD3,291,6092,63,3.4882798595337445,0
Transformer+GAIL+TD3,291,6092,64,3.4683892056647863,0
Transformer+GAIL+TD3,291,6092,65,3.4716928246431067,0
Transformer+GAIL+TD3,291,6092,66,42.537660163915504,0
Transformer+GAIL+TD3,291,6092,67,4.079827151760425,0
Transformer+GAIL+TD3,291,6092,68,3.3793329437901254,0
Transformer+GAIL+TD3,291,6092,69,7.970311795629641,0
Transformer+GAIL+TD3,291,6092,70,19.408714062848226,0
Transformer+GAIL+TD3,291,6092,71,167.4590254706534,0
Transformer+GAIL+TD3,291,6092,72,2.1003652860729902,0
Transformer+GAIL+TD3,291,6092,73,121.89004594180703,0
Transformer+GAIL+TD3,291,6092,74,3.8797496299152807,0
Transformer+GAIL+TD3,291,6092,75,17.954181926900365,0
Transformer+GAIL+TD3,291,6092,76,40.77270161776177,0
Transformer+GAIL+TD3,291,6092,77,4.446371004704761,0
Transformer+GAIL+TD3,291,6092,78,129.3322830188679,0
Transformer+GAIL+TD3,291,6092,79,3.2501294601693944,0
Transformer+GAIL+TD3,291,6092,80,5.209540777881846,0
Transformer+GAIL+TD3,291,6092,81,15.812882463409949,0
Transformer+GAIL+TD3,291,6092,82,4.100000684335127,0
Transformer+GAIL+TD3,291,6092,83,53.17209159051239,0
Transformer+GAIL+TD3,291,6092,84,3.3488101388886875,0
Transformer+GAIL+TD3,291,6092,85,4.416292382872717,0
Transformer+GAIL+TD3,291,6092,86,3.1795102413722223,0
Transformer+GAIL+TD3,291,6092,87,3.5251790799421943,0
Transformer+GAIL+TD3,291,6092,88,64.5377866376995,0
Transformer+GAIL+TD3,291,6092,89,1.393766444229132,0
Transformer+GAIL+TD3,291,6092,90,15.836579493045438,0
Transformer+GAIL+TD3,291,6092,91,3.999182545983423,0
Transformer+GAIL+TD3,291,6092,92,49.70219081272084,0
Transformer+GAIL+TD3,291,6092,93,1.895272656502971,0
Transformer+GAIL+TD3,291,6092,94,29.49339632225947,0
Transformer+GAIL+TD3,291,6092,95,1.4487518791872482,0
Transformer+GAIL+TD3,291,6092,96,3.595174091957245,0
Transformer+GAIL+TD3,291,6092,97,6.390116789306689,0
Transformer+GAIL+TD3,291,6092,98,1.1005003318996984,0
Transformer+GAIL+TD3,291,6093,5,3.4790555226239883,0
Transformer+GAIL+TD3,291,6093,6,29.871542716656425,0
Transformer+GAIL+TD3,291,6093,7,21.750951776649742,0
Transformer+GAIL+TD3,291,6093,8,23.300550550550554,0
Transformer+GAIL+TD3,291,6093,9,14.831476110517478,0
Transformer+GAIL+TD3,291,6093,10,20.437798619713327,0
Transformer+GAIL+TD3,291,6093,11,7.780333316027206,0
Transformer+GAIL+TD3,291,6093,12,8.179548375252434,0
Transformer+GAIL+TD3,291,6093,13,4.323305254713196,0
Transformer+GAIL+TD3,291,6093,14,7.895278781903822,0
Transformer+GAIL+TD3,291,6093,15,5.61233374365749,0
Transformer+GAIL+TD3,291,6093,16,3.5218977089920673,0
Transformer+GAIL+TD3,291,6093,17,5.860654532623716,0
Transformer+GAIL+TD3,291,6093,18,6.478866173335006,0
Transformer+GAIL+TD3,291,6093,19,7.883465242309642,0
Transformer+GAIL+TD3,291,6093,20,7.397486661264924,0
Transformer+GAIL+TD3,291,6093,21,6.6299986180383685,0
Transformer+GAIL+TD3,291,6093,22,11.402755784061698,0
Transformer+GAIL+TD3,291,6093,23,6.09394122010013,0
Transformer+GAIL+TD3,291,6093,24,3.061662561242996,0
Transformer+GAIL+TD3,291,6093,25,3.879019540623928,0
Transformer+GAIL+TD3,291,6093,26,3.502747114902157,0
Transformer+GAIL+TD3,291,6093,27,3.633358556421321,0
Transformer+GAIL+TD3,291,6093,28,13.658510303955461,0
Transformer+GAIL+TD3,291,6093,29,2.4522236045800567,0
Transformer+GAIL+TD3,291,6093,30,23.749653328050712,0
Transformer+GAIL+TD3,291,6093,31,2.899883538112152,0
Transformer+GAIL+TD3,291,6093,32,3.133516617519899,0
Transformer+GAIL+TD3,291,6093,33,2.907344579276536,0
Transformer+GAIL+TD3,291,6093,34,31.108463683763798,0
Transformer+GAIL+TD3,291,6093,35,4.479085633581439,0
Transformer+GAIL+TD3,291,6093,36,19.995003123048093,0
Transformer+GAIL+TD3,291,6093,37,6.900416050736732,0
Transformer+GAIL+TD3,291,6093,38,6.8879792059099,0
Transformer+GAIL+TD3,291,6093,39,8.598742360320186,0
Transformer+GAIL+TD3,291,6093,40,6.721895686331563,0
Transformer+GAIL+TD3,291,6093,41,16.418087465853723,0
Transformer+GAIL+TD3,291,6093,42,3.6424970075782355,0
Transformer+GAIL+TD3,291,6093,43,5.41692808556657,0
Transformer+GAIL+TD3,291,6093,44,3.090055624842192,0
Transformer+GAIL+TD3,291,6093,45,4.6434058277680865,0
Transformer+GAIL+TD3,291,6093,46,8.377726240994768,0
Transformer+GAIL+TD3,291,6093,47,17.091382563175934,0
Transformer+GAIL+TD3,291,6093,48,5.026577925320599,0
Transformer+GAIL+TD3,291,6093,49,29.782332096552302,0
Transformer+GAIL+TD3,291,6093,50,3.6869442303449884,0
Transformer+GAIL+TD3,291,6093,51,6.001199803815862,0
Transformer+GAIL+TD3,291,6093,52,5.0270589746884236,0
Transformer+GAIL+TD3,291,6093,53,105.4518278042677,0
Transformer+GAIL+TD3,291,6093,54,2.9174216048435637,0
Transformer+GAIL+TD3,291,6093,55,8.817189381387571,0
Transformer+GAIL+TD3,291,6093,56,92.91055476400481,0
Transformer+GAIL+TD3,291,6093,57,9.498430919923885,0
Transformer+GAIL+TD3,291,6093,58,10.633985503380257,0
Transformer+GAIL+TD3,291,6093,59,3.429765470605952,0
Transformer+GAIL+TD3,291,6093,60,4.957847794874304,0
Transformer+GAIL+TD3,291,6093,61,56.105960547058075,0
Transformer+GAIL+TD3,291,6093,62,4.47611347457208,0
Transformer+GAIL+TD3,291,6093,63,5.998599765720061,0
Transformer+GAIL+TD3,291,6093,64,25.93572935211704,0
Transformer+GAIL+TD3,291,6093,65,6.534558730818831,0
Transformer+GAIL+TD3,291,6093,66,77.23958826731517,0
Transformer+GAIL+TD3,291,6093,67,3.424883006712681,0
Transformer+GAIL+TD3,291,6093,68,5.870525557435692,0
Transformer+GAIL+TD3,291,6093,69,5.330526479134575,0
Transformer+GAIL+TD3,291,6093,70,10.786188117486079,0
Transformer+GAIL+TD3,291,6093,71,19.12754350797452,0
Transformer+GAIL+TD3,291,6093,72,6.33894717051731,0
Transformer+GAIL+TD3,291,6093,73,7.584356646818151,0
Transformer+GAIL+TD3,291,6093,74,3.5053613792769065,0
Transformer+GAIL+TD3,291,6093,75,4.3714956706439105,0
Transformer+GAIL+TD3,291,6093,76,4.650659384739572,0
Transformer+GAIL+TD3,291,6093,77,4.869051273909988,0
Transformer+GAIL+TD3,291,6093,78,2.6698419207438913,0
Transformer+GAIL+TD3,291,6093,79,18.67296995289513,0
Transformer+GAIL+TD3,291,6093,80,2.1013915059858497,0
Transformer+GAIL+TD3,291,6093,81,40.703784525732225,0
Transformer+GAIL+TD3,291,6093,82,6.035695476144573,0
Transformer+GAIL+TD3,291,6093,83,6.793844967100968,0
Transformer+GAIL+TD3,291,6093,84,20.303883780976005,0
Transformer+GAIL+TD3,291,6093,85,11.71510887285386,0
Transformer+GAIL+TD3,291,6093,86,4.8418323325187815,0
Transformer+GAIL+TD3,291,6093,87,5.319285130962316,0
Transformer+GAIL+TD3,291,6093,88,4.075944531837837,0
Transformer+GAIL+TD3,291,6093,89,4.978546330814832,0
Transformer+GAIL+TD3,291,6093,90,4.316699894522486,0
Transformer+GAIL+TD3,291,6093,91,9.650606958457967,0
Transformer+GAIL+TD3,291,6093,92,7.642082101660258,0
Transformer+GAIL+TD3,291,6093,93,5.571344437454987,0
Transformer+GAIL+TD3,291,6093,94,2.350084063068485,0
Transformer+GAIL+TD3,291,6093,95,4.1148658730171555,0
Transformer+GAIL+TD3,291,6093,96,3.2446410356474815,0
Transformer+GAIL+TD3,291,6093,97,4.702871910114246,0
Transformer+GAIL+TD3,291,6093,98,3.5411822531021455,0
Transformer+GAIL+TD3,291,6095,5,3.9856733524355303,0
Transformer+GAIL+TD3,291,6095,6,27.464566929133866,0
Transformer+GAIL+TD3,291,6095,7,25.27491961414791,0
Transformer+GAIL+TD3,291,6095,8,27.56601893373194,0
Transformer+GAIL+TD3,291,6095,9,16.127753303964756,0
Transformer+GAIL+TD3,291,6095,10,11.346451671677144,0
Transformer+GAIL+TD3,291,6095,11,13.653927229401521,0
Transformer+GAIL+TD3,291,6095,12,6.726717354493841,0
Transformer+GAIL+TD3,291,6095,13,6.302644218615702,0
Transformer+GAIL+TD3,291,6095,14,16.81781781781782,0
Transformer+GAIL+TD3,291,6095,15,8.50928421683139,0
Transformer+GAIL+TD3,291,6095,16,6.822728480340063,0
Transformer+GAIL+TD3,291,6095,17,5.023297571486286,0
Transformer+GAIL+TD3,291,6095,18,5.397434525847313,0
Transformer+GAIL+TD3,291,6095,19,5.106130388763338,0
Transformer+GAIL+TD3,291,6095,20,7.504894251626899,0
Transformer+GAIL+TD3,291,6095,21,5.131338579705222,0
Transformer+GAIL+TD3,291,6095,22,5.023322688911335,0
Transformer+GAIL+TD3,291,6095,23,3.7876846673900335,0
Transformer+GAIL+TD3,291,6095,24,4.506907771242648,0
Transformer+GAIL+TD3,291,6095,25,4.154722354057902,0
Transformer+GAIL+TD3,291,6095,26,6.40139105124213,0
Transformer+GAIL+TD3,291,6095,27,4.43253640979191,0
Transformer+GAIL+TD3,291,6095,28,16.860045825907843,0
Transformer+GAIL+TD3,291,6095,29,3.9052085171187394,0
Transformer+GAIL+TD3,291,6095,30,84.43582912264584,0
Transformer+GAIL+TD3,291,6095,31,4.887404838564078,0
Transformer+GAIL+TD3,291,6095,32,6.084274620916219,0
Transformer+GAIL+TD3,291,6095,33,19.437989173533772,0
Transformer+GAIL+TD3,291,6095,34,3.1504966694872096,0
Transformer+GAIL+TD3,291,6095,35,105.08395308924484,0
Transformer+GAIL+TD3,291,6095,36,3.132064655414848,0
Transformer+GAIL+TD3,291,6095,37,2.7005103029253794,0
Transformer+GAIL+TD3,291,6095,38,1.9852625540988154,0
Transformer+GAIL+TD3,291,6095,39,31.596648739944,0
Transformer+GAIL+TD3,291,6095,40,2.374043649443445,0
Transformer+GAIL+TD3,291,6095,41,93.53696586027584,0
Transformer+GAIL+TD3,291,6095,42,3.240836884003485,0
Transformer+GAIL+TD3,291,6095,43,78.10805734058329,0
Transformer+GAIL+TD3,291,6095,44,4.234992418995564,0
Transformer+GAIL+TD3,291,6095,45,105.06335782614723,0
Transformer+GAIL+TD3,291,6095,46,3.5219936964505747,0
Transformer+GAIL+TD3,291,6095,47,179.56511661596403,0
Transformer+GAIL+TD3,291,6095,48,7.3887636912554795,0
Transformer+GAIL+TD3,291,6095,49,13.088026129979376,0
Transformer+GAIL+TD3,291,6095,50,36.58400449751292,0
Transformer+GAIL+TD3,291,6095,51,4.221438764045679,0
Transformer+GAIL+TD3,291,6095,52,13.38637446952457,0
Transformer+GAIL+TD3,291,6095,53,4.133539272537985,0
Transformer+GAIL+TD3,291,6095,54,3.680752071926719,0
Transformer+GAIL+TD3,291,6095,55,4.028059447564215,0
Transformer+GAIL+TD3,291,6095,56,6.163462227994551,0
Transformer+GAIL+TD3,291,6095,57,1.8610609183993756,0
Transformer+GAIL+TD3,291,6095,58,3.3121466844859673,0
Transformer+GAIL+TD3,291,6095,59,5.327952982166268,0
Transformer+GAIL+TD3,291,6095,60,2.4942564924308814,0
Transformer+GAIL+TD3,291,6095,61,3.4254013789113356,0
Transformer+GAIL+TD3,291,6095,62,56.23333664448197,0
Transformer+GAIL+TD3,291,6095,63,2.4535155784985334,0
Transformer+GAIL+TD3,291,6095,64,2.3357166445969906,0
Transformer+GAIL+TD3,291,6095,65,7.738535777911821,0
Transformer+GAIL+TD3,291,6095,66,3.46996748591571,0
Transformer+GAIL+TD3,291,6095,67,82.64746543778801,0
Transformer+GAIL+TD3,291,6095,68,1.995080975668939,0
Transformer+GAIL+TD3,291,6095,69,48.93575997837642,0
Transformer+GAIL+TD3,291,6095,70,3.1848579437765294,0
Transformer+GAIL+TD3,291,6095,71,3.2038390671052683,0
Transformer+GAIL+TD3,291,6095,72,76.31833951429596,0
Transformer+GAIL+TD3,291,6095,73,1.4762166601581999,0
Transformer+GAIL+TD3,291,6095,74,46.19680656266022,0
Transformer+GAIL+TD3,291,6095,75,4.484744499924779,0
Transformer+GAIL+TD3,291,6095,76,1.67755071868226,0
Transformer+GAIL+TD3,291,6095,77,80.0860915492958,0
Transformer+GAIL+TD3,291,6095,78,1.976033558640163,0
Transformer+GAIL+TD3,291,6095,79,2.4962457610503157,0
Transformer+GAIL+TD3,291,6095,80,12.003993422598072,0
Transformer+GAIL+TD3,291,6095,81,4.8031886334313665,0
Transformer+GAIL+TD3,291,6095,82,6.7467531671935115,0
Transformer+GAIL+TD3,291,6095,83,6.762127582510633,0
Transformer+GAIL+TD3,291,6095,84,5.043351819078159,0
Transformer+GAIL+TD3,291,6095,85,4.663108259344923,0
Transformer+GAIL+TD3,291,6095,86,2.724600324832097,0
Transformer+GAIL+TD3,291,6095,87,7.964064227357295,0
Transformer+GAIL+TD3,291,6095,88,2.945539676659073,0
Transformer+GAIL+TD3,291,6095,89,4.167623750251481,0
Transformer+GAIL+TD3,291,6095,90,7.738491220522198,0
Transformer+GAIL+TD3,291,6095,91,8.183990566261912,0
Transformer+GAIL+TD3,291,6095,92,13.924742032618333,0
Transformer+GAIL+TD3,291,6095,93,6.062194597083347,0
Transformer+GAIL+TD3,291,6095,94,3.998086108515512,0
Transformer+GAIL+TD3,291,6095,95,3.5291070925335175,0
Transformer+GAIL+TD3,291,6095,96,4.739141385872608,0
Transformer+GAIL+TD3,291,6095,97,14.197605266505533,0
Transformer+GAIL+TD3,291,6095,98,4.927502189441992,0
Transformer+GAIL+TD3,291,6096,5,6.105045736205371,0
Transformer+GAIL+TD3,291,6096,6,39.28571428571428,0
Transformer+GAIL+TD3,291,6096,7,25.134388578522657,0
Transformer+GAIL+TD3,291,6096,8,19.814184397163125,0
Transformer+GAIL+TD3,291,6096,9,8.186048077570534,0
Transformer+GAIL+TD3,291,6096,10,7.141908442654184,0
Transformer+GAIL+TD3,291,6096,11,7.439237619461339,0
Transformer+GAIL+TD3,291,6096,12,12.565814098565188,0
Transformer+GAIL+TD3,291,6096,13,9.003554460672177,0
Transformer+GAIL+TD3,291,6096,14,7.49624792905175,0
Transformer+GAIL+TD3,291,6096,15,7.98975697490788,0
Transformer+GAIL+TD3,291,6096,16,6.745132258837216,0
Transformer+GAIL+TD3,291,6096,17,3.5607542191009833,0
Transformer+GAIL+TD3,291,6096,18,5.10336085836007,0
Transformer+GAIL+TD3,291,6096,19,5.914628779073048,0
Transformer+GAIL+TD3,291,6096,20,5.861098086022421,0
Transformer+GAIL+TD3,291,6096,21,4.285821757704398,0
Transformer+GAIL+TD3,291,6096,22,7.708652492013877,0
Transformer+GAIL+TD3,291,6096,23,3.7302199059361896,0
Transformer+GAIL+TD3,291,6096,24,5.525781207763421,0
Transformer+GAIL+TD3,291,6096,25,4.663383444535765,0
Transformer+GAIL+TD3,291,6096,26,14.818330403675947,0
Transformer+GAIL+TD3,291,6096,27,3.193120965408345,0
Transformer+GAIL+TD3,291,6096,28,6.332070356624174,0
Transformer+GAIL+TD3,291,6096,29,2.7326181040343576,0
Transformer+GAIL+TD3,291,6096,30,9.841633827192252,0
Transformer+GAIL+TD3,291,6096,31,2.1878931457554995,0
Transformer+GAIL+TD3,291,6096,32,68.1588562940958,0
Transformer+GAIL+TD3,291,6096,33,2.924348063021911,0
Transformer+GAIL+TD3,291,6096,34,55.535217529374414,0
Transformer+GAIL+TD3,291,6096,35,3.665532991091651,0
Transformer+GAIL+TD3,291,6096,36,78.70680120306588,0
Transformer+GAIL+TD3,291,6096,37,3.46342104213729,0
Transformer+GAIL+TD3,291,6096,38,27.343436391282317,0
Transformer+GAIL+TD3,291,6096,39,5.670093099109306,0
Transformer+GAIL+TD3,291,6096,40,20.005925955287776,0
Transformer+GAIL+TD3,291,6096,41,24.448452778560213,0
Transformer+GAIL+TD3,291,6096,42,3.738796684157748,0
Transformer+GAIL+TD3,291,6096,43,53.98638561816653,0
Transformer+GAIL+TD3,291,6096,44,6.268370317508863,0
Transformer+GAIL+TD3,291,6096,45,3.7167739703999465,0
Transformer+GAIL+TD3,291,6096,46,5.621365558609092,0
Transformer+GAIL+TD3,291,6096,47,6.0676857733771214,0
Transformer+GAIL+TD3,291,6096,48,66.60680831022033,0
Transformer+GAIL+TD3,291,6096,49,3.8685553879094976,0
Transformer+GAIL+TD3,291,6096,50,16.406733428951952,0
Transformer+GAIL+TD3,291,6096,51,6.367978610188052,0
Transformer+GAIL+TD3,291,6096,52,13.904630533214316,0
Transformer+GAIL+TD3,291,6096,53,87.95535700855858,0
Transformer+GAIL+TD3,291,6096,54,2.803173545192437,0
Transformer+GAIL+TD3,291,6096,55,3.214603741641301,0
Transformer+GAIL+TD3,291,6096,56,4.4677411936157805,0
Transformer+GAIL+TD3,291,6096,57,4.258017891409127,0
Transformer+GAIL+TD3,291,6096,58,16.300574173559596,0
Transformer+GAIL+TD3,291,6096,59,7.420717352792736,0
Transformer+GAIL+TD3,291,6096,60,6.003024715829836,0
Transformer+GAIL+TD3,291,6096,61,91.77156243162189,0
Transformer+GAIL+TD3,291,6096,62,3.522805995954907,0
Transformer+GAIL+TD3,291,6096,63,93.82466193898586,0
Transformer+GAIL+TD3,291,6096,64,5.929142678737539,0
Transformer+GAIL+TD3,291,6096,65,175.20529488432715,0
Transformer+GAIL+TD3,291,6096,66,5.438007324594589,0
Transformer+GAIL+TD3,291,6096,67,4.571704637141361,0
Transformer+GAIL+TD3,291,6096,68,2.8499185138280527,0
Transformer+GAIL+TD3,291,6096,69,8.434446110521888,0
Transformer+GAIL+TD3,291,6096,70,139.92443153142094,0
Transformer+GAIL+TD3,291,6096,71,7.44500773467079,0
Transformer+GAIL+TD3,291,6096,72,5.3075817475183715,0
Transformer+GAIL+TD3,291,6096,73,14.961044846297211,0
Transformer+GAIL+TD3,291,6096,74,8.456224659762931,0
Transformer+GAIL+TD3,291,6096,75,136.1052202750222,0
Transformer+GAIL+TD3,291,6096,76,3.045424992254909,0
Transformer+GAIL+TD3,291,6096,77,5.499604920484355,0
Transformer+GAIL+TD3,291,6096,78,5.185864344171354,0
Transformer+GAIL+TD3,291,6096,79,5.174061790930014,0
Transformer+GAIL+TD3,291,6096,80,4.406901942435697,0
Transformer+GAIL+TD3,291,6096,81,7.038377957715766,0
Transformer+GAIL+TD3,291,6096,82,4.056873620140187,0
Transformer+GAIL+TD3,291,6096,83,4.492566704945534,0
Transformer+GAIL+TD3,291,6096,84,3.1803211548899526,0
Transformer+GAIL+TD3,291,6096,85,3.4427401679323326,0
Transformer+GAIL+TD3,291,6096,86,3.551740999444079,0
Transformer+GAIL+TD3,291,6096,87,5.227301557790267,0
Transformer+GAIL+TD3,291,6096,88,5.506409645140383,0
Transformer+GAIL+TD3,291,6096,89,2.681003917585535,0
Transformer+GAIL+TD3,291,6096,90,9.98488259320221,0
Transformer+GAIL+TD3,291,6096,91,7.172056821181752,0
Transformer+GAIL+TD3,291,6096,92,2.8552902318911997,0
Transformer+GAIL+TD3,291,6096,93,15.30619588960283,0
Transformer+GAIL+TD3,291,6096,94,7.475920661228565,0
Transformer+GAIL+TD3,291,6096,95,7.202697706133463,0
Transformer+GAIL+TD3,291,6096,96,2.867282666170056,0
Transformer+GAIL+TD3,291,6096,97,5.706792133383134,0
Transformer+GAIL+TD3,291,6096,98,9.634950504590046,0
Transformer+GAIL+TD3,291,6097,5,6.837509788566954,0
Transformer+GAIL+TD3,291,6097,6,51.752052545156,0
Transformer+GAIL+TD3,291,6097,7,22.066924564796906,0
Transformer+GAIL+TD3,291,6097,8,12.430351579884292,0
Transformer+GAIL+TD3,291,6097,9,8.85675242112768,0
Transformer+GAIL+TD3,291,6097,10,8.610846615607535,0
Transformer+GAIL+TD3,291,6097,11,5.66782098390124,0
Transformer+GAIL+TD3,291,6097,12,8.979159022528801,0
Transformer+GAIL+TD3,291,6097,13,11.941101890272012,0
Transformer+GAIL+TD3,291,6097,14,7.327057299285327,0
Transformer+GAIL+TD3,291,6097,15,4.3765370242792425,0
Transformer+GAIL+TD3,291,6097,16,5.068196833954386,0
Transformer+GAIL+TD3,291,6097,17,4.105017644464049,0
Transformer+GAIL+TD3,291,6097,18,4.983599916668596,0
Transformer+GAIL+TD3,291,6097,19,5.504543774593995,0
Transformer+GAIL+TD3,291,6097,20,5.117771986529708,0
Transformer+GAIL+TD3,291,6097,21,6.739081959435417,0
Transformer+GAIL+TD3,291,6097,22,6.33807284531171,0
Transformer+GAIL+TD3,291,6097,23,4.430251599383838,0
Transformer+GAIL+TD3,291,6097,24,4.06469751294747,0
Transformer+GAIL+TD3,291,6097,25,2.9839200430449537,0
Transformer+GAIL+TD3,291,6097,26,6.497645571678851,0
Transformer+GAIL+TD3,291,6097,27,39.838560146503376,0
Transformer+GAIL+TD3,291,6097,28,5.398078037823346,0
Transformer+GAIL+TD3,291,6097,29,4.4004630225080374,0
Transformer+GAIL+TD3,291,6097,30,11.870069196896624,0
Transformer+GAIL+TD3,291,6097,31,4.234819090708873,0
Transformer+GAIL+TD3,291,6097,32,117.92435794542534,0
Transformer+GAIL+TD3,291,6097,33,3.8528424134145545,0
Transformer+GAIL+TD3,291,6097,34,23.323375400817817,0
Transformer+GAIL+TD3,291,6097,35,2.878374104120178,0
Transformer+GAIL+TD3,291,6097,36,4.895511367976169,0
Transformer+GAIL+TD3,291,6097,37,87.79852487393694,0
Transformer+GAIL+TD3,291,6097,38,1.9662216324502415,0
Transformer+GAIL+TD3,291,6097,39,6.011535787549246,0
Transformer+GAIL+TD3,291,6097,40,5.59616361292339,0
Transformer+GAIL+TD3,291,6097,41,5.117929284269008,0
Transformer+GAIL+TD3,291,6097,42,139.80324567638,0
Transformer+GAIL+TD3,291,6097,43,7.8553863911736,0
Transformer+GAIL+TD3,291,6097,44,4.545220798445343,0
Transformer+GAIL+TD3,291,6097,45,106.28899009691257,0
Transformer+GAIL+TD3,291,6097,46,6.119119516186648,0
Transformer+GAIL+TD3,291,6097,47,181.6225521842049,0
Transformer+GAIL+TD3,291,6097,48,3.6725869645855216,0
Transformer+GAIL+TD3,291,6097,49,7.673551301100577,0
Transformer+GAIL+TD3,291,6097,50,121.26541151474017,0
Transformer+GAIL+TD3,291,6097,51,5.460735926865191,0
Transformer+GAIL+TD3,291,6097,52,61.9462150273931,0
Transformer+GAIL+TD3,291,6097,53,3.4426221766290874,0
Transformer+GAIL+TD3,291,6097,54,3.4359648651917425,0
Transformer+GAIL+TD3,291,6097,55,51.81183400267738,0
Transformer+GAIL+TD3,291,6097,56,3.348334569335771,0
Transformer+GAIL+TD3,291,6097,57,4.553733874188692,0
Transformer+GAIL+TD3,291,6097,58,3.545186344394002,0
Transformer+GAIL+TD3,291,6097,59,6.354075373757482,0
Transformer+GAIL+TD3,291,6097,60,3.71035805163733,0
Transformer+GAIL+TD3,291,6097,61,8.79263611480886,0
Transformer+GAIL+TD3,291,6097,62,2.991391031150383,0
Transformer+GAIL+TD3,291,6097,63,4.8831719096769035,0
Transformer+GAIL+TD3,291,6097,64,1.8681971049333779,0
Transformer+GAIL+TD3,291,6097,65,3.605523907777878,0
Transformer+GAIL+TD3,291,6097,66,7.085166606950915,0
Transformer+GAIL+TD3,291,6097,67,4.124472521642076,0
Transformer+GAIL+TD3,291,6097,68,3.2281801588287573,0
Transformer+GAIL+TD3,291,6097,69,9.208315140009493,0
Transformer+GAIL+TD3,291,6097,70,6.105851155488331,0
Transformer+GAIL+TD3,291,6097,71,68.3305668082864,0
Transformer+GAIL+TD3,291,6097,72,4.856378009205414,0
Transformer+GAIL+TD3,291,6097,73,2.379643252645738,0
Transformer+GAIL+TD3,291,6097,74,24.641374076697353,0
Transformer+GAIL+TD3,291,6097,75,2.7133953735373395,0
Transformer+GAIL+TD3,291,6097,76,96.72107249772223,0
Transformer+GAIL+TD3,291,6097,77,8.416217272668623,0
Transformer+GAIL+TD3,291,6097,78,18.544808446329455,0
Transformer+GAIL+TD3,291,6097,79,5.855435631769015,0
Transformer+GAIL+TD3,291,6097,80,5.244358372688315,0
Transformer+GAIL+TD3,291,6097,81,105.27601749573726,0
Transformer+GAIL+TD3,291,6097,82,3.5917524218745815,0
Transformer+GAIL+TD3,291,6097,83,4.8011876553964665,0
Transformer+GAIL+TD3,291,6097,84,3.7690262106738084,0
Transformer+GAIL+TD3,291,6097,85,45.07403618740841,0
Transformer+GAIL+TD3,291,6097,86,3.2110670659112195,0
Transformer+GAIL+TD3,291,6097,87,6.045369397742772,0
Transformer+GAIL+TD3,291,6097,88,4.847884597608652,0
Transformer+GAIL+TD3,291,6097,89,3.7729953744822358,0
Transformer+GAIL+TD3,291,6097,90,3.7358531230324656,0
Transformer+GAIL+TD3,291,6097,91,2.93607034831923,0
Transformer+GAIL+TD3,291,6097,92,2.2623274217480396,0
Transformer+GAIL+TD3,291,6097,93,2.016227416922478,0
Transformer+GAIL+TD3,291,6097,94,5.761777923032927,0
Transformer+GAIL+TD3,291,6097,95,2.477109476309846,0
Transformer+GAIL+TD3,291,6097,96,1.7004547706533173,0
Transformer+GAIL+TD3,291,6097,97,1.6449520824204835,0
Transformer+GAIL+TD3,291,6097,98,16.83031857451404,0
Transformer+GAIL+TD3,291,6098,5,4.250766037362854,0
Transformer+GAIL+TD3,291,6098,6,49.710239651416124,0
Transformer+GAIL+TD3,291,6098,7,20.194772868699438,0
Transformer+GAIL+TD3,291,6098,8,24.513695219123502,0
Transformer+GAIL+TD3,291,6098,9,16.810031847133757,0
Transformer+GAIL+TD3,291,6098,10,7.962509099733076,0
Transformer+GAIL+TD3,291,6098,11,14.193175355450238,0
Transformer+GAIL+TD3,291,6098,12,12.63563313937379,0
Transformer+GAIL+TD3,291,6098,13,6.962295129187429,0
Transformer+GAIL+TD3,291,6098,14,13.816373303997066,0
Transformer+GAIL+TD3,291,6098,15,8.8069924987671,0
Transformer+GAIL+TD3,291,6098,16,5.653801891823616,0
Transformer+GAIL+TD3,291,6098,17,4.5760250804389075,0
Transformer+GAIL+TD3,291,6098,18,5.583014351300406,0
Transformer+GAIL+TD3,291,6098,19,4.902086187017749,0
Transformer+GAIL+TD3,291,6098,20,7.724670206360501,0
Transformer+GAIL+TD3,291,6098,21,5.209791089856532,0
Transformer+GAIL+TD3,291,6098,22,4.020375456152892,0
Transformer+GAIL+TD3,291,6098,23,4.369609036661544,0
Transformer+GAIL+TD3,291,6098,24,3.7957397298266256,0
Transformer+GAIL+TD3,291,6098,25,5.071537062273745,0
Transformer+GAIL+TD3,291,6098,26,5.07256338655656,0
Transformer+GAIL+TD3,291,6098,27,6.9558906708203185,0
Transformer+GAIL+TD3,291,6098,28,3.6568608233691693,0
Transformer+GAIL+TD3,291,6098,29,13.527601328903655,0
Transformer+GAIL+TD3,291,6098,30,2.3557542907468796,0
Transformer+GAIL+TD3,291,6098,31,23.799711868789476,0
Transformer+GAIL+TD3,291,6098,32,3.348488810274552,0
Transformer+GAIL+TD3,291,6098,33,20.96532176428055,0
Transformer+GAIL+TD3,291,6098,34,1.838418795915015,0
Transformer+GAIL+TD3,291,6098,35,11.973196200664686,0
Transformer+GAIL+TD3,291,6098,36,21.662426863393538,0
Transformer+GAIL+TD3,291,6098,37,3.403289484149076,0
Transformer+GAIL+TD3,291,6098,38,30.57041152400279,0
Transformer+GAIL+TD3,291,6098,39,2.8427565363670055,0
Transformer+GAIL+TD3,291,6098,40,9.205883609335174,0
Transformer+GAIL+TD3,291,6098,41,1.9750528648306425,0
Transformer+GAIL+TD3,291,6098,42,5.522468259704609,0
Transformer+GAIL+TD3,291,6098,43,3.767856710168597,0
Transformer+GAIL+TD3,291,6098,44,7.148304075845797,0
Transformer+GAIL+TD3,291,6098,45,16.25300734901671,0
Transformer+GAIL+TD3,291,6098,46,7.722681671639401,0
Transformer+GAIL+TD3,291,6098,47,3.5171796132839797,0
Transformer+GAIL+TD3,291,6098,48,8.109377324325848,0
Transformer+GAIL+TD3,291,6098,49,19.4811395374209,0
Transformer+GAIL+TD3,291,6098,50,5.550564378418143,0
Transformer+GAIL+TD3,291,6098,51,7.376589066178393,0
Transformer+GAIL+TD3,291,6098,52,4.520439601728349,0
Transformer+GAIL+TD3,291,6098,53,3.770178875103419,0
Transformer+GAIL+TD3,291,6098,54,71.31863256784968,0
Transformer+GAIL+TD3,291,6098,55,8.958507983531547,0
Transformer+GAIL+TD3,291,6098,56,9.41165631783533,0
Transformer+GAIL+TD3,291,6098,57,15.573987670215931,0
Transformer+GAIL+TD3,291,6098,58,5.404149385595648,0
Transformer+GAIL+TD3,291,6098,59,76.44702514674975,0
Transformer+GAIL+TD3,291,6098,60,3.6864217171121783,0
Transformer+GAIL+TD3,291,6098,61,9.00522561614297,0
Transformer+GAIL+TD3,291,6098,62,3.789062887546222,0
Transformer+GAIL+TD3,291,6098,63,3.8643622683679912,0
Transformer+GAIL+TD3,291,6098,64,30.644762909604307,0
Transformer+GAIL+TD3,291,6098,65,2.596043459332032,0
Transformer+GAIL+TD3,291,6098,66,2.80588677914496,0
Transformer+GAIL+TD3,291,6098,67,5.522062542101158,0
Transformer+GAIL+TD3,291,6098,68,18.20574082229072,0
Transformer+GAIL+TD3,291,6098,69,3.1421707055979926,0
Transformer+GAIL+TD3,291,6098,70,5.286099566140737,0
Transformer+GAIL+TD3,291,6098,71,10.621194278301907,0
Transformer+GAIL+TD3,291,6098,72,8.628555618678018,0
Transformer+GAIL+TD3,291,6098,73,77.29722375811191,0
Transformer+GAIL+TD3,291,6098,74,7.151374129751068,0
Transformer+GAIL+TD3,291,6098,75,4.748548510235174,0
Transformer+GAIL+TD3,291,6098,76,4.20400828082038,0
Transformer+GAIL+TD3,291,6098,77,4.877563222463351,0
Transformer+GAIL+TD3,291,6098,78,84.78988229995139,0
Transformer+GAIL+TD3,291,6098,79,3.9563837982060033,0
Transformer+GAIL+TD3,291,6098,80,42.37355495914505,0
Transformer+GAIL+TD3,291,6098,81,5.653606403995556,0
Transformer+GAIL+TD3,291,6098,82,19.04759818810439,0
Transformer+GAIL+TD3,291,6098,83,8.099627239855403,0
Transformer+GAIL+TD3,291,6098,84,5.832052666453617,0
Transformer+GAIL+TD3,291,6098,85,5.296168840701854,0
Transformer+GAIL+TD3,291,6098,86,6.551157477123325,0
Transformer+GAIL+TD3,291,6098,87,6.648541013575297,0
Transformer+GAIL+TD3,291,6098,88,5.099201135797482,0
Transformer+GAIL+TD3,291,6098,89,2.9548236032470285,0
Transformer+GAIL+TD3,291,6098,90,4.586545734977127,0
Transformer+GAIL+TD3,291,6098,91,7.203427829011963,0
Transformer+GAIL+TD3,291,6098,92,3.6086807120068096,0
Transformer+GAIL+TD3,291,6098,93,2.8818446800421986,0
Transformer+GAIL+TD3,291,6098,94,3.077618493781566,0
Transformer+GAIL+TD3,291,6098,95,2.8326933864868393,0
Transformer+GAIL+TD3,291,6098,96,1.8174056680734139,0
Transformer+GAIL+TD3,291,6098,97,4.952857278336861,0
Transformer+GAIL+TD3,291,6098,98,1.8203290658575322,0
