seed,episode,episode_sequence,sample_count,last_day,terminal_observed,generated_score_mean,generated_expert_js_divergence,rolling_js_mean
187,0,1,10,10,1,0.11284136176109313,0.6931471805599452,
187,1,2,5,5,1,0.12400338351726532,0.6931471805599452,
187,2,3,5,5,1,0.11474999636411667,0.6931471805599452,
187,3,4,9,9,1,0.19393829007943472,0.6931471805599452,
187,4,5,5,5,1,0.15062702894210817,0.6931471805599452,
187,5,6,5,5,1,0.10439651906490326,0.6931471805599452,
187,6,7,6,6,1,0.10643743723630905,0.6931471805599452,
187,7,8,5,5,1,0.11111099272966385,0.6931471805599452,
187,8,9,5,5,1,0.13539386540651321,0.6931471805599452,
187,9,10,5,5,1,0.0993919849395752,0.6931471805599452,
187,10,11,5,5,1,0.10241760313510895,0.6931471805599452,
187,11,12,5,5,1,0.10320347249507904,0.6931471805599452,
187,12,13,5,5,1,0.1272765338420868,0.6931471805599452,
187,13,14,5,5,1,0.0994596615433693,0.6931471805599452,
187,14,15,5,5,1,0.15978221744298934,0.6931471805599452,
187,15,16,6,6,1,0.285000362743934,0.6931471805599452,
187,16,17,5,5,1,0.10707037448883057,0.6931471805599452,
187,17,18,5,5,1,0.19404415190219879,0.6931471805599452,
187,18,19,5,5,1,0.10121604055166245,0.6931471805599452,
187,19,20,9,9,1,0.14612849636210334,0.6931471805599454,0.6931471805599452
187,20,21,5,5,1,0.10427411049604415,0.6931471805599452,0.6931471805599452
187,21,22,10,10,1,0.2520227074623108,0.6931471805599454,0.6931471805599453
187,22,23,5,5,1,0.11491882055997849,0.6931471805599452,0.6931471805599452
187,23,24,24,24,1,0.15511603591342768,0.6931471805599452,0.6931471805599453
187,24,25,5,5,1,0.10721190124750138,0.6931471805599452,0.6931471805599452
187,25,26,11,11,1,0.22931932657957077,0.6931471805599452,0.6931471805599453
187,26,27,5,5,1,0.10338462591171264,0.6931471805599452,0.6931471805599452
187,27,28,5,5,1,0.10385909527540207,0.6931471805599452,0.6931471805599452
187,28,29,5,5,1,0.10522185415029525,0.6931471805599452,0.6931471805599452
187,29,30,5,5,1,0.1305225297808647,0.6931471805599452,0.6931471805599452
187,30,31,9,9,1,0.16113989800214767,0.6931471805599452,0.6931471805599452
187,31,32,17,17,1,0.11261732218896642,0.6931471805599452,0.6931471805599452
187,32,33,5,5,1,0.12070162892341614,0.6931471805599452,0.6931471805599453
187,33,34,5,5,1,0.1834901452064514,0.6931471805599452,0.6931471805599452
187,34,35,5,5,1,0.1669163554906845,0.6931471805599452,0.6931471805599452
187,35,36,5,5,1,0.10211005359888077,0.6931471805599452,0.6931471805599452
187,36,37,5,5,1,0.26560411900281905,0.6931471805599452,0.6931471805599452
187,37,38,6,6,1,0.11732287208239238,0.6931471805599452,0.6931471805599452
187,38,39,7,7,1,0.1677167575274195,0.6931471805599452,0.6931471805599452
187,39,40,9,9,1,0.09928919788863924,0.6931471805599452,0.6931471805599452
187,40,41,5,5,1,0.09845017492771149,0.6931471805599452,0.6931471805599452
187,41,42,8,8,1,0.16086783446371555,0.6931471805599452,0.6931471805599452
187,42,43,5,5,1,0.21322031766176225,0.6931471805599452,0.6931471805599452
187,43,44,5,5,1,0.1267228126525879,0.6931471805599452,0.6931471805599452
187,44,45,11,11,1,0.11163747784766284,0.6931471805599454,0.6931471805599452
187,45,46,5,5,1,0.1026468276977539,0.6931471805599452,0.6931471805599452
187,46,47,5,5,1,0.12257247716188431,0.6931471805599452,0.6931471805599452
187,47,48,5,5,1,0.10061576515436173,0.6931471805599452,0.6931471805599453
187,48,49,5,5,1,0.15006720423698425,0.6931471805599452,0.6931471805599452
187,49,50,5,5,1,0.10062479227781296,0.6931471805599452,0.6931471805599452
187,50,51,7,7,1,0.19731312564441136,0.6931471805599454,0.6931471805599452
187,51,52,5,5,1,0.16018343567848206,0.6931471805599452,0.6931471805599453
187,52,53,5,5,1,0.10142690241336823,0.6931471805599452,0.6931471805599452
187,53,54,14,14,1,0.11714991394962583,0.6931471805599452,0.6931471805599452
187,54,55,5,5,1,0.23522050976753234,0.6931471805599452,0.6931471805599453
187,55,56,5,5,1,0.11897737681865692,0.6931471805599452,0.6931471805599452
187,56,57,5,5,1,0.34583076387643813,0.6931471805599452,0.6931471805599452
187,57,58,5,5,1,0.14119108766317368,0.6931471805599452,0.6931471805599452
187,58,59,5,5,1,0.20525317043066024,0.6931471805599452,0.6931471805599453
187,59,60,5,5,1,0.13357544243335723,0.6931471805599452,0.6931471805599452
187,60,61,5,5,1,0.21906717717647553,0.6931471805599452,0.6931471805599452
187,61,62,5,5,1,0.10880274027585983,0.6931471805599452,0.6931471805599452
187,62,63,5,5,1,0.10170469433069229,0.6931471805599452,0.6931471805599452
187,63,64,7,7,1,0.10373855062893458,0.6931471805599452,0.6931471805599452
187,64,65,7,7,1,0.09974730653422219,0.6931471805599452,0.6931471805599452
187,65,66,7,7,1,0.24686131519930704,0.6928878472250057,0.6931432512669915
187,66,67,10,10,1,0.2217036984860897,0.6928983647594669,0.6931395962444912
187,67,68,5,5,1,0.10331228524446487,0.6931471805599452,0.693139707778542
187,68,69,5,5,1,0.1462425708770752,0.6931471805599452,0.6931398160797217
187,69,70,8,8,1,0.1599091598764062,0.6931471805599452,0.6931399212865821
187,70,71,10,10,1,0.21026379466056824,0.6931471805599452,0.6931400235298689
187,71,72,5,5,1,0.121282197535038,0.6931471805599452,0.6931401229330644
187,72,73,5,5,1,0.10981415212154388,0.6931471805599452,0.6931402196128846
187,73,74,5,5,1,0.1053386390209198,0.6931471805599452,0.6931403136797368
187,74,75,5,5,1,0.20120116472244262,0.6931471805599452,0.6931404052381396
187,75,76,5,5,1,0.10692361444234848,0.6931471805599452,0.6931404943871108
187,76,77,5,5,1,0.10194825977087021,0.6931471805599452,0.6931405812205242
187,77,78,5,5,1,0.20224871337413788,0.6931471805599452,0.6931406658274398
187,78,79,5,5,1,0.10577757358551025,0.6931471805599452,0.6931407482924082
187,79,80,8,8,1,0.10373522434383631,0.6931471805599452,0.6931408286957524
187,80,81,5,5,1,0.10081241577863694,0.6931471805599452,0.6931409071138289
187,81,82,6,6,1,0.10241966942946117,0.6931471805599452,0.6931409836192693
187,82,83,5,5,1,0.1309692978858948,0.6931471805599452,0.6931410582812052
187,83,84,5,5,1,0.10355524718761444,0.6931471805599452,0.6931411311654759
187,84,85,8,8,1,0.17617489863187075,0.6931471805599452,0.6931412023348227
187,85,86,7,7,1,0.1733835275684084,0.6931471805599452,0.6931412718490683
187,86,87,5,5,1,0.1274016559123993,0.6931471805599452,0.6931413397652852
187,87,88,5,5,1,0.18879427909851074,0.6931471805599452,0.6931414061379518
187,88,89,8,8,1,0.15843053814023733,0.6931471805599452,0.6931414710190977
187,89,90,9,9,1,0.22571490125523674,0.6931471805599454,0.6931415344584405
187,90,91,10,10,1,0.10602292865514755,0.6931471805599454,0.693141596503512
187,91,92,5,5,1,0.11560885906219483,0.6931471805599452,0.6931416571997776
187,92,93,5,5,1,0.1034301057457924,0.6931471805599452,0.6931417165907472
187,93,94,7,7,1,0.2186287577663149,0.6931471805599454,0.6931417747180791
187,94,95,9,9,1,0.22656465238995022,0.6931471805599452,0.6931418316216775
187,95,96,5,5,1,0.10346644520759582,0.6931471805599452,0.6931418873397845
187,96,97,7,7,1,0.12819368924413407,0.6931471805599454,0.6931419419090645
187,97,98,8,8,1,0.27165810856968164,0.6931471805599452,0.6931419953646858
187,98,99,5,5,1,0.17442436516284943,0.6931471805599452,0.6931420477403956
187,99,100,7,7,1,0.10680997052362987,0.6931471805599452,0.693142099068591
187,100,101,5,5,1,0.10077438354492188,0.6931471805599452,0.693142099068591
187,101,102,6,6,1,0.21757116044561067,0.6931471805599452,0.6931420990685909
187,102,103,5,5,1,0.24876656085252763,0.6931471805599452,0.6931420990685909
187,103,104,10,10,1,0.20891233533620834,0.6931471805599452,0.693142099068591
187,104,105,5,5,1,0.16385884582996368,0.6931471805599452,0.693142099068591
187,105,106,5,5,1,0.1162519708275795,0.6931471805599452,0.693142099068591
187,106,107,6,6,1,0.10091866925358772,0.6931471805599452,0.693142099068591
187,107,108,9,9,1,0.11704602092504501,0.6931471805599452,0.693142099068591
187,108,109,5,5,1,0.10281109660863877,0.6931471805599452,0.6931420990685909
187,109,110,25,25,1,0.12968471735715867,0.6931471805599452,0.6931420990685909
187,110,111,5,5,1,0.11240672618150711,0.6931471805599452,0.693142099068591
187,111,112,5,5,1,0.12077816128730774,0.6931471805599452,0.693142099068591
187,112,113,5,5,1,0.11408643126487732,0.6931471805599452,0.693142099068591
187,113,114,9,9,1,0.23858961959679922,0.6931471805599452,0.693142099068591
187,114,115,5,5,1,0.11017255485057831,0.6931471805599452,0.693142099068591
187,115,116,5,5,1,0.09743169844150543,0.6931471805599452,0.693142099068591
187,116,117,5,5,1,0.10053306370973587,0.6931471805599452,0.6931420990685909
187,117,118,5,5,1,0.099461367726326,0.6931471805599452,0.693142099068591
187,118,119,9,9,1,0.1926965688665708,0.6931471805599452,0.693142099068591
187,119,120,5,5,1,0.14586854726076126,0.6931471805599452,0.693142099068591
187,120,121,5,5,1,0.10281146168708802,0.6931471805599452,0.693142099068591
187,121,122,7,7,1,0.12743415470634187,0.6931471805599454,0.693142099068591
187,122,123,5,5,1,0.19529618620872496,0.6931471805599452,0.693142099068591
187,123,124,5,5,1,0.11374171078205109,0.6931471805599452,0.6931420990685909
187,124,125,5,5,1,0.113221675157547,0.6931471805599452,0.6931420990685909
187,125,126,5,5,1,0.10936107635498046,0.6931471805599452,0.693142099068591
187,126,127,5,5,1,0.1605565145611763,0.6931471805599452,0.693142099068591
187,127,128,5,5,1,0.15544895082712173,0.6931471805599452,0.693142099068591
187,128,129,11,11,1,0.10683132098479704,0.6931471805599452,0.693142099068591
187,129,130,5,5,1,0.10984182804822921,0.6931471805599452,0.693142099068591
187,130,131,5,5,1,0.1301389217376709,0.6931471805599452,0.6931420990685909
187,131,132,5,5,1,0.10517951995134353,0.6931471805599452,0.6931420990685909
187,132,133,5,5,1,0.2630574882030487,0.6931471805599452,0.693142099068591
187,133,134,5,5,1,0.10149219781160354,0.6931471805599452,0.693142099068591
187,134,135,5,5,1,0.17974829971790313,0.6931471805599452,0.693142099068591
187,135,136,5,5,1,0.2703955754637718,0.6931471805599452,0.693142099068591
187,136,137,5,5,1,0.2687396973371506,0.5460001665145167,0.6916706289281368
187,137,138,5,5,1,0.13102534115314485,0.6931471805599452,0.6916706289281368
187,138,139,5,5,1,0.19216532856225968,0.6931471805599452,0.6916706289281366
187,139,140,5,5,1,0.2733981475234032,0.6931471805599452,0.6916706289281368
187,140,141,5,5,1,0.13401316553354264,0.6931471805599452,0.6916706289281368
187,141,142,6,6,1,0.0999838188290596,0.6931471805599452,0.6916706289281368
187,142,143,5,5,1,0.13179989755153657,0.6931471805599452,0.6916706289281368
187,143,144,5,5,1,0.09758343249559402,0.6931471805599452,0.6916706289281368
187,144,145,10,10,1,0.1558947592973709,0.6931471805599452,0.6916706289281368
187,145,146,8,8,1,0.1303073028102517,0.6931471805599452,0.6916706289281366
187,146,147,7,7,1,0.15581941498177393,0.6931471805599454,0.6916706289281368
187,147,148,5,5,1,0.2291505366563797,0.6931471805599452,0.6916706289281368
187,148,149,12,12,1,0.16699834416309992,0.6931471805599452,0.6916706289281368
187,149,150,7,7,1,0.12826254538127355,0.6931471805599452,0.6916706289281368
187,150,151,9,9,1,0.14931757085853153,0.6931471805599452,0.6916706289281368
187,151,152,5,5,1,0.09785085022449494,0.6931471805599452,0.6916706289281368
187,152,153,5,5,1,0.11288447976112366,0.6931471805599452,0.6916706289281366
187,153,154,5,5,1,0.18154137283563615,0.6931471805599452,0.6916706289281368
187,154,155,5,5,1,0.09829631000757218,0.6931471805599452,0.6916706289281368
187,155,156,5,5,1,0.09885000288486481,0.6931471805599452,0.6916706289281368
187,156,157,5,5,1,0.10935321748256684,0.6931471805599452,0.6916706289281368
187,157,158,5,5,1,0.12205459475517273,0.6931471805599452,0.6916706289281368
187,158,159,5,5,1,0.367153063416481,0.6931471805599452,0.6916706289281368
187,159,160,5,5,1,0.14354353696107863,0.6931471805599452,0.6916706289281366
187,160,161,7,7,1,0.09918271750211716,0.6931471805599452,0.6916706289281368
187,161,162,6,6,1,0.103724405169487,0.6931471805599452,0.6916706289281368
187,162,163,12,12,1,0.1686311730494102,0.6931471805599452,0.6916706289281368
187,163,164,5,5,1,0.11233272105455398,0.6931471805599452,0.6916706289281368
187,164,165,7,7,1,0.2598024308681488,0.6931471805599454,0.6916706289281368
187,165,166,6,6,1,0.23328667506575584,0.6931471805599452,0.6916732222614861
187,166,167,12,12,1,0.11494708806276321,0.6931471805599454,0.6916757104194908
187,167,168,10,10,1,0.09964198842644692,0.6931471805599452,0.6916757104194908
187,168,169,5,5,1,0.11855575293302537,0.6931471805599452,0.6916757104194908
187,169,170,5,5,1,0.10935890525579453,0.6931471805599452,0.6916757104194908
187,170,171,11,11,1,0.23501193794337186,0.6931471805599454,0.6916757104194908
187,171,172,9,9,1,0.1407690793275833,0.6931471805599452,0.6916757104194908
187,172,173,5,5,1,0.1055013045668602,0.6931471805599452,0.691675710419491
187,173,174,8,8,1,0.15647274162620306,0.6931471805599452,0.691675710419491
187,174,175,5,5,1,0.11327669322490692,0.6931471805599452,0.6916757104194908
187,175,176,7,7,1,0.10060515999794006,0.6931471805599452,0.6916757104194908
187,176,177,5,5,1,0.10263356566429138,0.6931471805599452,0.6916757104194908
187,177,178,5,5,1,0.2508085250854492,0.6931471805599452,0.6916757104194908
187,178,179,6,6,1,0.1079031191766262,0.6931471805599452,0.6916757104194908
187,179,180,5,5,1,0.10323171615600586,0.6931471805599452,0.6916757104194908
187,180,181,5,5,1,0.10550114959478378,0.6931471805599452,0.691675710419491
187,181,182,10,10,1,0.21046508103609085,0.6931471805599452,0.6916757104194908
187,182,183,5,5,1,0.10240021198987961,0.6931471805599452,0.6916757104194908
187,183,184,8,8,1,0.22426544036716223,0.6931471805599452,0.6916757104194908
187,184,185,5,5,1,0.10699396580457687,0.6931471805599452,0.6916757104194908
187,185,186,5,5,1,0.11196759045124054,0.6931471805599452,0.6916757104194908
187,186,187,5,5,1,0.22875094115734101,0.6931471805599452,0.6916757104194908
187,187,188,5,5,1,0.10438774228096008,0.6931471805599452,0.691675710419491
187,188,189,14,14,1,0.1389805589403425,0.6931471805599452,0.6916757104194908
187,189,190,5,5,1,0.10220045298337936,0.6931471805599452,0.6916757104194908
187,190,191,11,11,1,0.2438125264915553,0.6931471805599454,0.6916757104194908
187,191,192,5,5,1,0.1285603567957878,0.6931471805599452,0.6916757104194908
187,192,193,11,11,1,0.20553494651209225,0.6931471805599452,0.6916757104194908
187,193,194,5,5,1,0.16585609018802644,0.6931471805599452,0.6916757104194908
187,194,195,5,5,1,0.10690597146749496,0.6931471805599452,0.691675710419491
187,195,196,5,5,1,0.20135679543018342,0.6931471805599452,0.6916757104194908
187,196,197,5,5,1,0.1046694740653038,0.6931471805599452,0.6916757104194908
187,197,198,5,5,1,0.4962360590696335,0.6931471805599452,0.6916757104194908
187,198,199,5,5,1,0.2259316176176071,0.6931471805599452,0.6916757104194908
187,199,200,5,5,1,0.11706065535545349,0.6931471805599452,0.6916757104194908
187,200,201,5,5,1,0.2520571410655975,0.6931471805599452,0.6916757104194908
187,201,202,8,8,1,0.20773146394640207,0.6931471805599452,0.691675710419491
187,202,203,5,5,1,0.23935002833604813,0.6931471805599452,0.6916757104194908
187,203,204,5,5,1,0.20093416273593903,0.6931471805599452,0.6916757104194908
187,204,205,5,5,1,0.15540904998779298,0.6931471805599452,0.6916757104194908
187,205,206,5,5,1,0.1437366098165512,0.6931471805599452,0.6916757104194908
187,206,207,5,5,1,0.144085393846035,0.6931471805599452,0.6916757104194908
187,207,208,5,5,1,0.3402897253632545,0.6931471805599452,0.6916757104194908
187,208,209,5,5,1,0.10293599665164947,0.6931471805599452,0.691675710419491
187,209,210,5,5,1,0.176772078871727,0.6931471805599452,0.6916757104194908
187,210,211,5,5,1,0.10775262415409088,0.6931471805599452,0.6916757104194908
187,211,212,5,5,1,0.4415240600705147,0.6931471805599452,0.6916757104194908
187,212,213,5,5,1,0.3666439071297646,0.6931471805599452,0.6916757104194908
187,213,214,5,5,1,0.24152089208364486,0.6931471805599452,0.6916757104194908
187,214,215,5,5,1,0.1322071373462677,0.6931471805599452,0.6916757104194908
187,215,216,5,5,1,0.10327819734811783,0.6931471805599452,0.6916757104194908
187,216,217,5,5,1,0.101935712993145,0.6931471805599452,0.6916757104194908
187,217,218,5,5,1,0.15531663745641708,0.6931471805599452,0.6916757104194908
187,218,219,5,5,1,0.1302710860967636,0.6931471805599452,0.6916757104194908
187,219,220,5,5,1,0.11035485416650773,0.6931471805599452,0.6916757104194908
187,220,221,5,5,1,0.12030133008956909,0.6931471805599452,0.6916757104194908
187,221,222,5,5,1,0.25677490681409837,0.6931471805599452,0.6916757104194908
187,222,223,5,5,1,0.20648850202560426,0.6931471805599452,0.6916757104194908
187,223,224,5,5,1,0.12071476578712463,0.6931471805599452,0.691675710419491
187,224,225,5,5,1,0.1642837256193161,0.6931471805599452,0.6916757104194908
187,225,226,5,5,1,0.13856854438781738,0.6931471805599452,0.6916757104194908
187,226,227,5,5,1,0.10918834358453751,0.6931471805599452,0.6916757104194908
187,227,228,5,5,1,0.22854507267475127,0.6931471805599452,0.6916757104194908
187,228,229,12,12,1,0.2653960660099983,0.6931471805599452,0.6916757104194908
187,229,230,5,5,1,0.13658447712659835,0.6931471805599452,0.6916757104194908
187,230,231,5,5,1,0.15557771325111389,0.6931471805599452,0.691675710419491
187,231,232,5,5,1,0.16579319387674332,0.6931471805599452,0.6916757104194908
187,232,233,5,5,1,0.22525286078453063,0.6931471805599452,0.6916757104194908
187,233,234,5,5,1,0.3325911730527878,0.6931471805599452,0.6916757104194908
187,234,235,5,5,1,0.11184668838977814,0.6931471805599452,0.6916757104194908
187,235,236,5,5,1,0.3474062353372574,0.6931471805599452,0.6916757104194908
187,236,237,5,5,1,0.11096574515104293,0.6931471805599452,0.6931471805599452
187,237,238,5,5,1,0.2940331012010574,0.6931471805599452,0.6931471805599452
187,238,239,7,7,1,0.1084592172077724,0.6931471805599452,0.6931471805599452
187,239,240,5,5,1,0.12845925986766815,0.6931471805599452,0.6931471805599452
187,240,241,5,5,1,0.10740378350019456,0.6931471805599452,0.6931471805599452
187,241,242,5,5,1,0.16205885261297226,0.6931471805599452,0.6931471805599452
187,242,243,8,8,1,0.1386608611792326,0.6931471805599452,0.6931471805599452
187,243,244,5,5,1,0.250801257789135,0.6928779247008064,0.6931444880013538
187,244,245,11,11,1,0.16118072853846985,0.6931471805599454,0.6931444880013538
187,245,246,8,8,1,0.13411893881857395,0.6931471805599452,0.6931444880013538
187,246,247,5,5,1,0.12957979291677474,0.6931471805599452,0.6931444880013538
187,247,248,5,5,1,0.22280411869287492,0.6931471805599452,0.6931444880013538
187,248,249,11,11,1,0.11005328866568478,0.6931471805599452,0.6931444880013538
187,249,250,10,10,1,0.12054039910435677,0.6931471805599452,0.6931444880013538
187,250,251,5,5,1,0.11860053986310959,0.6931471805599452,0.6931444880013538
187,251,252,5,5,1,0.10634468495845795,0.6931471805599452,0.6931444880013538
187,252,253,5,5,1,0.10081696212291717,0.6931471805599452,0.6931444880013538
187,253,254,5,5,1,0.22458108216524125,0.6931471805599452,0.6931444880013538
187,254,255,7,7,1,0.18213266347135817,0.6931471805599454,0.6931444880013538
187,255,256,5,5,1,0.18620781004428863,0.6931471805599452,0.6931444880013538
187,256,257,5,5,1,0.12054074108600617,0.6931471805599452,0.6931444880013538
187,257,258,6,6,1,0.1004088061551253,0.6931471805599452,0.6931444880013538
187,258,259,5,5,1,0.19017187505960464,0.6931471805599452,0.6931444880013538
187,259,260,5,5,1,0.12803627997636796,0.6931471805599452,0.6931444880013538
187,260,261,5,5,1,0.1126965969800949,0.6931471805599452,0.6931444880013538
187,261,262,5,5,1,0.1014751061797142,0.6931471805599452,0.6931444880013538
187,262,263,9,9,1,0.09977589795986812,0.6931471805599452,0.6931444880013538
187,263,264,19,19,1,0.10037050043281756,0.6931471805599452,0.6931444880013538
187,264,265,5,5,1,0.11115409284830094,0.6931471805599452,0.6931444880013538
187,265,266,10,10,1,0.10063132792711257,0.6931471805599452,0.6931444880013538
187,266,267,5,5,1,0.11526578068733215,0.6931471805599452,0.6931444880013536
187,267,268,5,5,1,0.10165599137544631,0.6931471805599452,0.6931444880013538
187,268,269,5,5,1,0.09862866550683975,0.6931471805599452,0.6931444880013538
187,269,270,5,5,1,0.19725101590156555,0.6931471805599452,0.6931444880013538
187,270,271,5,5,1,0.13906427025794982,0.6931471805599452,0.6931444880013538
187,271,272,5,5,1,0.11461524963378907,0.6931471805599452,0.6931444880013538
187,272,273,10,10,1,0.15165476575493814,0.6931471805599454,0.6931444880013538
187,273,274,10,10,1,0.1319945588707924,0.6931471805599452,0.6931444880013536
187,274,275,5,5,1,0.09865635335445404,0.6931471805599452,0.6931444880013538
187,275,276,5,5,1,0.2388771504163742,0.6928779247008064,0.6931417954427624
187,276,277,5,5,1,0.09526654928922654,0.6931471805599452,0.6931417954427624
187,277,278,5,5,1,0.10283949077129365,0.6931471805599452,0.6931417954427624
187,278,279,5,5,1,0.11274937242269516,0.6931471805599452,0.6931417954427624
187,279,280,5,5,1,0.13486456423997878,0.6931471805599452,0.6931417954427624
187,280,281,12,12,1,0.1055466141551733,0.6931471805599452,0.6931417954427623
187,281,282,5,5,1,0.10220108330249786,0.6931471805599452,0.6931417954427624
187,282,283,5,5,1,0.14142350256443023,0.6931471805599452,0.6931417954427624
187,283,284,8,8,1,0.10998116806149483,0.6931471805599452,0.6931417954427624
187,284,285,5,5,1,0.1055056557059288,0.6931471805599452,0.6931417954427624
187,285,286,5,5,1,0.17702410668134688,0.6931471805599452,0.6931417954427624
187,286,287,5,5,1,0.10364954620599746,0.6931471805599452,0.6931417954427624
187,287,288,5,5,1,0.10363599061965942,0.6931471805599452,0.6931417954427623
187,288,289,5,5,1,0.10199232846498489,0.6931471805599452,0.6931417954427624
187,289,290,5,5,1,0.1064353346824646,0.6931471805599452,0.6931417954427624
187,290,291,10,10,1,0.1099368192255497,0.6931471805599452,0.6931417954427624
187,291,292,5,5,1,0.15935498028993605,0.6931471805599452,0.6931417954427624
187,292,293,18,18,1,0.10392511180705494,0.6931471805599452,0.6931417954427624
187,293,294,6,6,1,0.1045810009042422,0.6931471805599452,0.6931417954427624
187,294,295,5,5,1,0.1084103137254715,0.6931471805599452,0.6931417954427623
187,295,296,5,5,1,0.3197740152478218,0.6931471805599452,0.6931417954427624
187,296,297,5,5,1,0.20909921377897261,0.6931471805599452,0.6931417954427624
187,297,298,5,5,1,0.1681502252817154,0.6931471805599452,0.6931417954427624
187,298,299,14,14,1,0.11432970315217972,0.6931471805599452,0.6931417954427624
187,299,300,5,5,1,0.17509712129831315,0.6931471805599452,0.6931417954427624
187,300,301,17,17,1,0.1361514961018282,0.6931471805599452,0.6931417954427624
187,301,302,5,5,1,0.1262441024184227,0.6931471805599452,0.6931417954427623
187,302,303,5,5,1,0.11075985878705978,0.6931471805599452,0.6931417954427624
187,303,304,5,5,1,0.14666190445423127,0.6931471805599452,0.6931417954427624
187,304,305,5,5,1,0.27073840498924256,0.44586856191293733,0.6906690092562924
187,305,306,8,8,1,0.14406329300254583,0.6931471805599452,0.6906690092562923
187,306,307,5,5,1,0.17416732162237167,0.6931471805599452,0.6906690092562923
187,307,308,5,5,1,0.1240033209323883,0.6931471805599452,0.6906690092562923
187,308,309,7,7,1,0.10074105965239662,0.6931471805599452,0.6906690092562923
187,309,310,5,5,1,0.1666156068444252,0.6931471805599452,0.6906690092562924
187,310,311,12,12,1,0.10073603379229705,0.6931471805599452,0.6906690092562924
187,311,312,5,5,1,0.15541038364171983,0.6931471805599452,0.6906690092562924
187,312,313,5,5,1,0.10473991930484772,0.6931471805599452,0.6906690092562923
187,313,314,8,8,1,0.11137800756841898,0.6931471805599452,0.6906690092562923
187,314,315,10,10,1,0.10459222868084908,0.6931471805599452,0.6906690092562923
187,315,316,5,5,1,0.11129228621721268,0.6931471805599452,0.6906690092562923
187,316,317,5,5,1,0.11828033477067948,0.6931471805599452,0.6906690092562923
187,317,318,5,5,1,0.2202107086777687,0.6931471805599452,0.6906690092562924
187,318,319,5,5,1,0.10021454989910125,0.6931471805599452,0.6906690092562924
187,319,320,5,5,1,0.25508848279714585,0.6931471805599452,0.6906690092562923
187,320,321,5,5,1,0.10031939148902894,0.6931471805599452,0.6906690092562923
187,321,322,5,5,1,0.10294923186302185,0.6931471805599452,0.6906690092562923
187,322,323,8,8,1,0.09776266571134329,0.6931471805599452,0.6906690092562923
187,323,324,5,5,1,0.11899121701717377,0.6931471805599452,0.6906690092562923
187,324,325,5,5,1,0.10144817382097245,0.6931471805599452,0.6906690092562924
187,325,326,5,5,1,0.11917618215084076,0.6931471805599452,0.6906690092562924
187,326,327,9,9,1,0.1029211175110605,0.6931471805599452,0.6906690092562924
187,327,328,5,5,1,0.15299395918846131,0.6931471805599452,0.6906690092562923
187,328,329,10,10,1,0.10420469045639039,0.6931471805599452,0.6906690092562923
187,329,330,5,5,1,0.10449852496385574,0.6931471805599452,0.6906690092562923
187,330,331,5,5,1,0.11816742271184921,0.6931471805599452,0.6906690092562923
187,331,332,11,11,1,0.10209416530349037,0.6931471805599452,0.6906690092562924
187,332,333,5,5,1,0.10413363426923752,0.6931471805599452,0.6906690092562924
187,333,334,7,7,1,0.21947113424539566,0.6931471805599452,0.6906690092562924
187,334,335,5,5,1,0.22012766003608703,0.6931471805599452,0.6906690092562923
187,335,336,15,15,1,0.10537424733241399,0.6931471805599452,0.6906690092562923
187,336,337,11,11,1,0.17762163078243082,0.6931471805599452,0.6906690092562923
187,337,338,5,5,1,0.10290406793355941,0.6931471805599452,0.6906690092562923
187,338,339,11,11,1,0.10256785425272855,0.6931471805599452,0.6906690092562924
187,339,340,7,7,1,0.12770686192171915,0.6931471805599452,0.6906690092562924
187,340,341,5,5,1,0.200297811627388,0.6931471805599452,0.6906690092562924
187,341,342,5,5,1,0.09786232709884643,0.6931471805599452,0.6906690092562923
187,342,343,5,5,1,0.18527452796697616,0.6931471805599452,0.6906690092562923
187,343,344,5,5,1,0.10029773414134979,0.6931471805599452,0.6906717018148837
187,344,345,5,5,1,0.2544048085808754,0.6931471805599452,0.6906717018148837
187,345,346,14,14,1,0.15425950714520045,0.6931471805599452,0.6906717018148838
187,346,347,5,5,1,0.1392136111855507,0.6931471805599452,0.6906717018148838
187,347,348,10,10,1,0.11380919441580772,0.6931471805599452,0.6906717018148838
187,348,349,8,8,1,0.16082014702260494,0.6931471805599452,0.6906717018148837
187,349,350,5,5,1,0.1236770436167717,0.6931471805599452,0.6906717018148837
187,350,351,5,5,1,0.09917117804288864,0.6931471805599452,0.6906717018148837
187,351,352,13,13,1,0.10433768194455367,0.6931471805599452,0.6906717018148837
187,352,353,5,5,1,0.12530139833688736,0.6931471805599452,0.6906717018148838
187,353,354,5,5,1,0.11023300737142563,0.6931471805599452,0.6906717018148838
187,354,355,10,10,1,0.12221819832921028,0.6931471805599452,0.6906717018148838
187,355,356,5,5,1,0.09977369159460067,0.6931471805599452,0.6906717018148837
187,356,357,5,5,1,0.1012311190366745,0.6931471805599452,0.6906717018148837
187,357,358,8,8,1,0.10283425729721785,0.6931471805599452,0.6906717018148837
187,358,359,5,5,1,0.11547252684831619,0.6931471805599452,0.6906717018148837
187,359,360,16,16,1,0.1021163142286241,0.6931471805599452,0.6906717018148838
187,360,361,5,5,1,0.10556666851043701,0.6931471805599452,0.6906717018148838
187,361,362,5,5,1,0.12434938102960587,0.6931471805599452,0.6906717018148838
187,362,363,5,5,1,0.25603041648864744,0.44586856191293733,0.6881989156284136
187,363,364,5,5,1,0.16217186003923417,0.6931471805599452,0.6881989156284136
187,364,365,5,5,1,0.10109812021255493,0.6931471805599452,0.6881989156284136
187,365,366,6,6,1,0.1813826027015845,0.6931471805599452,0.6881989156284136
187,366,367,5,5,1,0.12333318591117859,0.6931471805599452,0.6881989156284136
187,367,368,5,5,1,0.10244479775428772,0.6931471805599452,0.6881989156284136
187,368,369,5,5,1,0.09638649374246597,0.6931471805599452,0.6881989156284136
187,369,370,11,11,1,0.14139032363891602,0.6931471805599452,0.6881989156284136
187,370,371,5,5,1,0.1983760267496109,0.6931471805599452,0.6881989156284136
187,371,372,10,10,1,0.1291245386004448,0.6931471805599452,0.6881989156284136
187,372,373,5,5,1,0.10081608295440674,0.6931471805599452,0.6881989156284136
187,373,374,16,16,1,0.109792017377913,0.6931471805599452,0.6881989156284136
187,374,375,5,5,1,0.10214816629886628,0.6931471805599452,0.6881989156284136
187,375,376,13,13,1,0.10282246138040836,0.6931471805599452,0.688201608187005
187,376,377,8,8,1,0.09709371533244848,0.6931471805599452,0.688201608187005
187,377,378,16,16,1,0.10075814835727215,0.6931471805599452,0.688201608187005
187,378,379,5,5,1,0.09823739975690841,0.6931471805599452,0.688201608187005
187,379,380,5,5,1,0.10187510102987289,0.6931471805599452,0.688201608187005
187,380,381,12,12,1,0.11066657056411107,0.6931471805599454,0.6882016081870052
187,381,382,5,5,1,0.15076470226049424,0.6931471805599452,0.688201608187005
187,382,383,5,5,1,0.21372980624437332,0.6931471805599452,0.688201608187005
187,383,384,5,5,1,0.20029355436563492,0.6931471805599452,0.688201608187005
187,384,385,5,5,1,0.10353243947029114,0.6931471805599452,0.688201608187005
187,385,386,6,6,1,0.18817818661530814,0.6931471805599452,0.688201608187005
187,386,387,13,13,1,0.15080425143241882,0.6931471805599454,0.688201608187005
187,387,388,7,7,1,0.1006353007895606,0.6931471805599452,0.6882016081870052
187,388,389,12,12,1,0.10188629602392514,0.6931471805599452,0.688201608187005
187,389,390,18,18,1,0.11486099039514859,0.6931471805599452,0.688201608187005
187,390,391,6,6,1,0.10583693906664848,0.6931471805599452,0.688201608187005
187,391,392,5,5,1,0.10758071094751358,0.6931471805599452,0.688201608187005
187,392,393,5,5,1,0.10308283567428589,0.6931471805599452,0.688201608187005
187,393,394,5,5,1,0.11340544670820236,0.6931471805599452,0.688201608187005
187,394,395,5,5,1,0.1027742639183998,0.6931471805599452,0.6882016081870052
187,395,396,5,5,1,0.23951612114906312,0.6931471805599452,0.688201608187005
187,396,397,14,14,1,0.10133599809237889,0.6931471805599452,0.688201608187005
187,397,398,11,11,1,0.1858826604756442,0.6931471805599452,0.688201608187005
187,398,399,11,11,1,0.15925291722471063,0.6931471805599452,0.688201608187005
187,399,400,7,7,1,0.17993990012577601,0.6931471805599454,0.688201608187005
187,400,401,5,5,1,0.09944625049829484,0.6931471805599452,0.688201608187005
187,401,402,5,5,1,0.1850220501422882,0.6931471805599452,0.6882016081870052
187,402,403,5,5,1,0.12441500425338745,0.6931471805599452,0.688201608187005
187,403,404,5,5,1,0.11114128082990646,0.6931471805599452,0.688201608187005
187,404,405,5,5,1,0.14511200338602065,0.6931471805599452,0.690674394373475
187,405,406,5,5,1,0.11948345005512237,0.6931471805599452,0.6906743943734752
187,406,407,5,5,1,0.13285677284002304,0.6931471805599452,0.6906743943734752
187,407,408,5,5,1,0.11358939707279206,0.6931471805599452,0.6906743943734752
187,408,409,14,14,1,0.12621393107942172,0.6931471805599452,0.6906743943734752
187,409,410,8,8,1,0.1089292299002409,0.6931471805599452,0.690674394373475
187,410,411,11,11,1,0.1028904610059478,0.6931471805599452,0.690674394373475
187,411,412,15,15,1,0.15982084075609843,0.5766812569852898,0.6895097351377285
187,412,413,12,12,1,0.176267197355628,0.6931471805599452,0.6895097351377286
187,413,414,5,5,1,0.45597931891679766,0.6931471805599452,0.6895097351377286
187,414,415,12,12,1,0.20364766816298166,0.6931471805599454,0.6895097351377285
187,415,416,5,5,1,0.22474112063646318,0.6931471805599452,0.6895097351377285
187,416,417,14,14,1,0.15315607775534903,0.6931471805599452,0.6895097351377285
187,417,418,13,13,1,0.12834937870502472,0.6931471805599452,0.6895097351377285
187,418,419,9,9,1,0.09957138035032484,0.6931471805599452,0.6895097351377285
187,419,420,5,5,1,0.10217501819133759,0.6931471805599452,0.6895097351377286
187,420,421,11,11,1,0.17024465853517706,0.5477611462879522,0.6880558747950087
187,421,422,13,13,1,0.11628339898127776,0.6931471805599452,0.6880558747950087
187,422,423,8,8,1,0.1136239767074585,0.6931471805599452,0.6880558747950086
187,423,424,10,10,1,0.10340905264019966,0.6931471805599454,0.6880558747950086
187,424,425,7,7,1,0.1008946065391813,0.6931471805599452,0.6880558747950086
187,425,426,10,10,1,0.13620706871151925,0.6931471805599452,0.6880558747950086
187,426,427,8,8,1,0.13744033500552177,0.6931471805599452,0.6880558747950086
187,427,428,5,5,1,0.21513819545507432,0.6931471805599452,0.6880558747950087
187,428,429,12,12,1,0.10691930477817853,0.6931471805599452,0.6880558747950087
187,429,430,5,5,1,0.1007690504193306,0.6931471805599452,0.6880558747950086
187,430,431,19,19,1,0.10194916983968333,0.6931471805599452,0.6880558747950086
187,431,432,14,14,1,0.23749949516994612,0.6931471805599452,0.6880558747950086
187,432,433,7,7,1,0.1423532356108938,0.6931471805599454,0.6880558747950086
187,433,434,5,5,1,0.15104525536298752,0.6931471805599452,0.6880558747950086
187,434,435,15,15,1,0.15368961145480473,0.6931471805599452,0.6880558747950087
187,435,436,5,5,1,0.21897532939910888,0.6931471805599452,0.6880558747950087
187,436,437,14,14,1,0.11842382805688041,0.6931471805599452,0.6880558747950086
187,437,438,13,13,1,0.11167268856213643,0.6931471805599452,0.6880558747950086
187,438,439,12,12,1,0.10036242691179116,0.6931471805599452,0.6880558747950086
187,439,440,5,5,1,0.11105565428733825,0.6931471805599452,0.6880558747950086
187,440,441,11,11,1,0.10170969367027283,0.6931471805599452,0.6880558747950086
187,441,442,5,5,1,0.10418078452348709,0.6931471805599452,0.6880558747950087
187,442,443,13,13,1,0.2828594514956841,0.6931471805599454,0.6880558747950087
187,443,444,5,5,1,0.10408773273229599,0.6931471805599452,0.6880558747950086
187,444,445,13,13,1,0.10844974334423359,0.6931471805599452,0.6880558747950086
187,445,446,5,5,1,0.12400581836700439,0.6931471805599452,0.6880558747950086
187,446,447,5,5,1,0.27288116365671156,0.5460001665145167,0.6865844046545543
187,447,448,5,5,1,0.1652926802635193,0.6931471805599452,0.6865844046545543
187,448,449,14,14,1,0.10356872635228294,0.6931471805599452,0.6865844046545544
187,449,450,5,5,1,0.1256510868668556,0.6931471805599452,0.6865844046545544
187,450,451,16,16,1,0.1004708344116807,0.6931471805599452,0.6865844046545544
187,451,452,10,10,1,0.11047005727887153,0.6931471805599452,0.6865844046545543
187,452,453,10,10,1,0.13740138038992883,0.6931471805599452,0.6865844046545543
187,453,454,10,10,1,0.14371781349182128,0.6931471805599452,0.6865844046545543
187,454,455,5,5,1,0.10171064436435699,0.6931471805599452,0.6865844046545543
187,455,456,11,11,1,0.10607806525447151,0.6931471805599452,0.6865844046545544
187,456,457,10,10,1,0.10084495693445206,0.6931471805599452,0.6865844046545544
187,457,458,9,9,1,0.1425094488594267,0.6931471805599452,0.6865844046545544
187,458,459,5,5,1,0.10482365936040879,0.6931471805599452,0.6865844046545543
187,459,460,14,14,1,0.1539836185319083,0.6931471805599452,0.6865844046545543
187,460,461,11,11,1,0.10009546916593205,0.6931471805599452,0.6865844046545543
187,461,462,13,13,1,0.10748722977363147,0.6931471805599454,0.6865844046545543
187,462,463,15,15,1,0.10052656332651774,0.6931471805599452,0.6890571908410245
187,463,464,12,12,1,0.10682664749523003,0.6931471805599452,0.6890571908410245
187,464,465,5,5,1,0.10163851082324982,0.6931471805599452,0.6890571908410245
187,465,466,5,5,1,0.10893478989601135,0.6931471805599452,0.6890571908410245
187,466,467,8,8,1,0.1016740370541811,0.6931471805599452,0.6890571908410245
187,467,468,8,8,1,0.12815606221556664,0.6931471805599452,0.6890571908410245
187,468,469,5,5,1,0.1009223610162735,0.6931471805599452,0.6890571908410245
187,469,470,10,10,1,0.10138887092471123,0.6931471805599452,0.6890571908410245
187,470,471,11,11,1,0.10587932101704857,0.6931471805599452,0.6890571908410245
187,471,472,12,12,1,0.16783294640481472,0.6931471805599452,0.6890571908410245
187,472,473,5,5,1,0.3041915684938431,0.6931471805599452,0.6890571908410245
187,473,474,12,12,1,0.1313676666468382,0.6931471805599452,0.6890571908410245
187,474,475,11,11,1,0.1834810721603307,0.6929011750678946,0.689054730786104
187,475,476,5,5,1,0.10184193104505539,0.6931471805599452,0.689054730786104
187,476,477,10,10,1,0.09876002445816993,0.6931471805599452,0.689054730786104
187,477,478,16,16,1,0.10802431125193834,0.6931471805599452,0.6890547307861038
187,478,479,5,5,1,0.09878243356943131,0.6931471805599452,0.6890547307861038
187,479,480,13,13,1,0.12026634239233457,0.6931471805599452,0.6890547307861038
187,480,481,15,15,1,0.10224539637565613,0.6931471805599452,0.6890547307861038
187,481,482,16,16,1,0.10142166865989566,0.6931471805599452,0.689054730786104
187,482,483,13,13,1,0.12699191157634443,0.6931471805599454,0.689054730786104
187,483,484,5,5,1,0.1043212816119194,0.6931471805599452,0.689054730786104
187,484,485,13,13,1,0.11789720906661107,0.6931471805599452,0.6890547307861038
187,485,486,5,5,1,0.1336487874388695,0.6931471805599452,0.6890547307861038
187,486,487,5,5,1,0.1309541419148445,0.6931471805599452,0.6890547307861038
187,487,488,11,11,1,0.13278567790985107,0.6931471805599452,0.6890547307861038
187,488,489,13,13,1,0.1349222528246733,0.6931471805599452,0.689054730786104
187,489,490,13,13,1,0.11539412519106498,0.6931471805599452,0.689054730786104
187,490,491,12,12,1,0.10268429604669412,0.6931471805599452,0.689054730786104
187,491,492,9,9,1,0.10212196658054988,0.6931471805599452,0.6890547307861038
187,492,493,12,12,1,0.11281199629108112,0.6931471805599452,0.6890547307861038
187,493,494,6,6,1,0.10310173158844312,0.6931471805599452,0.6890547307861038
187,494,495,17,17,1,0.11066408455371857,0.6931471805599452,0.6890547307861038
187,495,496,7,7,1,0.13223856474672044,0.6931471805599454,0.689054730786104
187,496,497,7,7,1,0.1664855182170868,0.6931471805599454,0.689054730786104
187,497,498,10,10,1,0.10142020136117935,0.6931471805599452,0.689054730786104
187,498,499,10,10,1,0.10645458325743676,0.6931471805599452,0.689054730786104
187,499,500,16,16,1,0.10928139556199312,0.6931471805599452,0.6890547307861038
187,500,501,13,13,1,0.10387262014242318,0.6931471805599454,0.6890547307861038
187,501,502,11,11,1,0.1389642364599488,0.6931471805599452,0.6890547307861038
187,502,503,14,14,1,0.10700319867048945,0.6931471805599452,0.689054730786104
187,503,504,5,5,1,0.10899506211280822,0.6931471805599452,0.689054730786104
187,504,505,5,5,1,0.10321508795022964,0.6931471805599452,0.689054730786104
187,505,506,13,13,1,0.10205786789839084,0.6931471805599452,0.689054730786104
187,506,507,17,17,1,0.12497795899124707,0.6931471805599452,0.6890547307861038
187,507,508,5,5,1,0.10134236067533493,0.6931471805599452,0.6890547307861038
187,508,509,12,12,1,0.21507971485455832,0.6931471805599452,0.6890547307861038
187,509,510,5,5,1,0.13948895782232285,0.6931471805599452,0.689054730786104
187,510,511,5,5,1,0.19086258858442307,0.6931471805599452,0.689054730786104
187,511,512,13,13,1,0.1552422121167183,0.6931471805599452,0.6902193900218505
187,512,513,5,5,1,0.11889905035495758,0.6931471805599452,0.6902193900218505
187,513,514,5,5,1,0.13879041075706483,0.6931471805599452,0.6902193900218504
187,514,515,5,5,1,0.10049704611301422,0.6931471805599452,0.6902193900218505
187,515,516,15,15,1,0.1553705578049024,0.6931471805599452,0.6902193900218505
187,516,517,13,13,1,0.0993073949447045,0.6931471805599452,0.6902193900218505
187,517,518,12,12,1,0.0990580003708601,0.6931471805599454,0.6902193900218505
187,518,519,13,13,1,0.14954180385057741,0.6931471805599452,0.6902193900218505
187,519,520,11,11,1,0.12410576099699194,0.6931471805599452,0.6902193900218505
187,520,521,5,5,1,0.25871444642543795,0.44586856191293733,0.6892004641781003
187,521,522,10,10,1,0.10246089994907379,0.6931471805599452,0.6892004641781003
187,522,523,5,5,1,0.27360778748989106,0.6931471805599452,0.6892004641781004
187,523,524,10,10,1,0.10745067521929741,0.6931471805599454,0.6892004641781004
187,524,525,10,10,1,0.11490965411067008,0.6931471805599452,0.6892004641781003
187,525,526,13,13,1,0.10349473643761414,0.6931471805599452,0.6892004641781003
187,526,527,13,13,1,0.17971086444763038,0.60737086930811,0.6883427010655819
187,527,528,16,16,1,0.1377349835820496,0.6931471805599452,0.6883427010655819
187,528,529,5,5,1,0.11452969759702683,0.6931471805599452,0.6883427010655819
187,529,530,7,7,1,0.1800570051584925,0.6931471805599454,0.688342701065582
187,530,531,6,6,1,0.15027315417925516,0.6931471805599452,0.688342701065582
187,531,532,5,5,1,0.13299395591020585,0.6931471805599452,0.6883427010655819
187,532,533,9,9,1,0.10352728184726503,0.6931471805599452,0.6883427010655819
187,533,534,5,5,1,0.10406859666109085,0.6931471805599452,0.6883427010655819
187,534,535,5,5,1,0.11001259237527847,0.6931471805599452,0.6883427010655819
187,535,536,16,16,1,0.1493700286373496,0.6929122223205039,0.6883403514831875
187,536,537,15,15,1,0.1615862066547076,0.6931471805599452,0.6883403514831876
187,537,538,12,12,1,0.13680505752563477,0.6931471805599452,0.6883403514831876
187,538,539,16,16,1,0.11286784615367651,0.6931471805599452,0.6883403514831876
187,539,540,5,5,1,0.1064022958278656,0.6931471805599452,0.6883403514831876
187,540,541,5,5,1,0.1000935509800911,0.6931471805599452,0.6883403514831875
187,541,542,5,5,1,0.20947399884462356,0.6931471805599452,0.6883403514831875
187,542,543,13,13,1,0.22405916108534887,0.60737086930811,0.6874825883706691
187,543,544,15,15,1,0.13760897666215896,0.6931471805599452,0.6874825883706692
187,544,545,14,14,1,0.10114033360566412,0.6931471805599452,0.6874825883706692
187,545,546,5,5,1,0.10565903633832932,0.6931471805599452,0.6874825883706692
187,546,547,11,11,1,0.13567028397863562,0.6931471805599452,0.6889540585111236
187,547,548,15,15,1,0.1417199343442917,0.6931471805599452,0.6889540585111235
187,548,549,13,13,1,0.17556315603164527,0.6931471805599452,0.6889540585111235
187,549,550,20,20,1,0.1396301466971636,0.6931471805599452,0.6889540585111235
187,550,551,5,5,1,0.2883267715573311,0.6931471805599452,0.6889540585111235
187,551,552,5,5,1,0.12916720807552337,0.6931471805599452,0.6889540585111236
187,552,553,19,19,1,0.10482181883171986,0.6931471805599452,0.6889540585111236
187,553,554,14,14,1,0.10282989112394196,0.6931471805599452,0.6889540585111236
187,554,555,14,14,1,0.14544223568269185,0.6931471805599452,0.6889540585111235
187,555,556,11,11,1,0.1022342023524371,0.6931471805599452,0.6889540585111235
187,556,557,5,5,1,0.22139291912317277,0.6931471805599452,0.6889540585111235
187,557,558,14,14,1,0.131227329905544,0.6931471805599452,0.6889540585111235
187,558,559,7,7,1,0.11735016001122338,0.6931471805599454,0.6889540585111236
187,559,560,13,13,1,0.12215084296006423,0.6931471805599452,0.6889540585111236
187,560,561,9,9,1,0.12632319000032213,0.6931471805599452,0.6889540585111236
187,561,562,5,5,1,0.1485074743628502,0.6931471805599452,0.6889540585111235
187,562,563,12,12,1,0.13427410274744034,0.6931471805599452,0.6889540585111235
187,563,564,15,15,1,0.10710428456465403,0.6931471805599452,0.6889540585111235
187,564,565,5,5,1,0.10658182054758072,0.6931471805599452,0.6889540585111235
187,565,566,10,10,1,0.17829642072319984,0.6931471805599452,0.6889540585111235
187,566,567,15,15,1,0.10346298962831497,0.6931471805599452,0.6889540585111236
187,567,568,12,12,1,0.21614501625299454,0.6931471805599452,0.6889540585111236
187,568,569,9,9,1,0.26449685047070187,0.5259341071812024,0.6872819277773361
187,569,570,6,6,1,0.1019362136721611,0.6931471805599452,0.6872819277773361
187,570,571,14,14,1,0.1132986598781177,0.6931471805599452,0.6872819277773361
187,571,572,14,14,1,0.19619904352085932,0.6112091436463308,0.6864625474081998
187,572,573,12,12,1,0.10853405855596066,0.6931471805599452,0.6864625474081998
187,573,574,10,10,1,0.10364598110318184,0.6931471805599454,0.6864625474082
187,574,575,9,9,1,0.11934666252798504,0.6931471805599452,0.6864650074631204
187,575,576,14,14,1,0.11248923891357013,0.6931471805599452,0.6864650074631204
187,576,577,8,8,1,0.09999467246234417,0.6931471805599452,0.6864650074631204
187,577,578,10,10,1,0.09954048916697503,0.6931471805599452,0.6864650074631204
187,578,579,9,9,1,0.10194739037089878,0.6931471805599452,0.6864650074631204
187,579,580,8,8,1,0.14125681016594172,0.6931471805599452,0.6864650074631204
187,580,581,14,14,1,0.1631022601255349,0.6931471805599452,0.6864650074631204
187,581,582,10,10,1,0.15252799764275551,0.6931471805599452,0.6864650074631204
187,582,583,5,5,1,0.0988441675901413,0.6931471805599452,0.6864650074631204
187,583,584,5,5,1,0.10060815215110779,0.6931471805599452,0.6864650074631204
187,584,585,13,13,1,0.10123140651446122,0.6931471805599452,0.6864650074631204
187,585,586,12,12,1,0.09954989328980446,0.6931471805599454,0.6864650074631204
187,586,587,20,20,1,0.10773208476603031,0.6931471805599452,0.6864650074631204
187,587,588,8,8,1,0.09853948000818491,0.6931471805599452,0.6864650074631204
187,588,589,8,8,1,0.10052636452019215,0.6931471805599452,0.6864650074631204
187,589,590,7,7,1,0.09799721517733165,0.6931471805599452,0.6864650074631204
187,590,591,5,5,1,0.10303359776735306,0.6931471805599452,0.6864650074631204
187,591,592,9,9,1,0.10863259434700012,0.6931471805599452,0.6864650074631204
187,592,593,13,13,1,0.1710077913907858,0.564027261370688,0.685173808271228
187,593,594,16,16,1,0.13409082498401403,0.6931471805599452,0.685173808271228
187,594,595,13,13,1,0.11145256287776507,0.6931471805599454,0.685173808271228
187,595,596,13,13,1,0.10272057010577275,0.6931471805599452,0.6851738082712278
187,596,597,8,8,1,0.1311476333066821,0.6931471805599452,0.6851738082712278
187,597,598,12,12,1,0.10868285410106182,0.6931471805599452,0.6851738082712278
187,598,599,10,10,1,0.1007223092019558,0.6931471805599452,0.6851738082712278
187,599,600,15,15,1,0.14207203537225724,0.6931471805599452,0.685173808271228
187,600,601,9,9,1,0.10035833964745204,0.6931471805599452,0.685173808271228
187,601,602,9,9,1,0.11718944625722037,0.6931471805599452,0.685173808271228
187,602,603,7,7,1,0.12855152360030583,0.6931471805599454,0.6851738082712278
187,603,604,13,13,1,0.10503354553992932,0.6931471805599452,0.6851738082712278
187,604,605,5,5,1,0.1150541752576828,0.6931471805599452,0.6851738082712278
187,605,606,9,9,1,0.1809781144062678,0.6931471805599452,0.6851738082712278
187,606,607,12,12,1,0.10173474500576656,0.6931471805599454,0.685173808271228
187,607,608,7,7,1,0.11828843291316714,0.6931471805599452,0.685173808271228
187,608,609,8,8,1,0.09999337512999773,0.6931471805599452,0.685173808271228
187,609,610,7,7,1,0.1560128554701805,0.6931471805599452,0.685173808271228
187,610,611,12,12,1,0.10294724193712075,0.6931471805599452,0.6851738082712278
187,611,612,9,9,1,0.10031186044216156,0.6931471805599452,0.6851738082712278
187,612,613,12,12,1,0.10042409660915534,0.6931471805599452,0.6851738082712278
187,613,614,14,14,1,0.11028313902871949,0.6931471805599452,0.685173808271228
187,614,615,5,5,1,0.10061417669057846,0.6931471805599452,0.685173808271228
187,615,616,14,14,1,0.11932276615074702,0.6931471805599452,0.685173808271228
187,616,617,5,5,1,0.1563254714012146,0.6931471805599452,0.685173808271228
187,617,618,10,10,1,0.14867112115025521,0.6931471805599452,0.6851738082712278
187,618,619,11,11,1,0.11775001070716164,0.6931471805599452,0.6851738082712278
187,619,620,13,13,1,0.10637829682001701,0.6931471805599452,0.6851738082712278
187,620,621,10,10,1,0.10128379091620446,0.6931471805599452,0.6876465944576979
187,621,622,14,14,1,0.1312378660908767,0.6931471805599452,0.6876465944576979
187,622,623,10,10,1,0.10022237971425056,0.6931471805599452,0.6876465944576979
187,623,624,11,11,1,0.10386287285522981,0.6931471805599452,0.6876465944576979
187,624,625,7,7,1,0.10131881386041641,0.6931471805599452,0.6876465944576979
187,625,626,13,13,1,0.1441110624716832,0.6931471805599452,0.6876465944576979
187,626,627,16,16,1,0.1712433248758316,0.6931471805599452,0.6885043575702163
187,627,628,5,5,1,0.11033290922641754,0.6931471805599452,0.6885043575702163
187,628,629,13,13,1,0.10304720069353397,0.6931471805599452,0.6885043575702163
187,629,630,12,12,1,0.10311668179929256,0.6931471805599452,0.6885043575702163
187,630,631,17,17,1,0.10881350057966568,0.6931471805599452,0.6885043575702163
187,631,632,13,13,1,0.10720046208455013,0.6931471805599454,0.6885043575702163
187,632,633,5,5,1,0.10235512107610703,0.6931471805599452,0.6885043575702163
187,633,634,13,13,1,0.10162239693678342,0.6931471805599452,0.6885043575702163
187,634,635,11,11,1,0.10659836503592404,0.6931471805599452,0.6885043575702163
187,635,636,12,12,1,0.1302824622641007,0.6931471805599452,0.6885067071526108
187,636,637,13,13,1,0.0998635131579179,0.6931471805599454,0.6885067071526108
187,637,638,10,10,1,0.1160928912460804,0.6931471805599452,0.6885067071526108
187,638,639,14,14,1,0.10145930839436394,0.6931471805599452,0.6885067071526106
187,639,640,9,9,1,0.1924114152789116,0.6931471805599452,0.6885067071526106
187,640,641,13,13,1,0.10733152696719536,0.6931471805599454,0.6885067071526108
187,641,642,15,15,1,0.10284268458684286,0.6931471805599452,0.6885067071526108
187,642,643,5,5,1,0.21232737004756927,0.6931471805599452,0.689364470265129
187,643,644,12,12,1,0.1138399305442969,0.6931471805599454,0.689364470265129
187,644,645,13,13,1,0.11301286403949444,0.6931471805599452,0.689364470265129
187,645,646,11,11,1,0.09987122023647482,0.6931471805599452,0.6893644702651289
187,646,647,13,13,1,0.10420670704199718,0.6931471805599452,0.6893644702651289
187,647,648,10,10,1,0.12653423622250556,0.6931471805599454,0.689364470265129
187,648,649,12,12,1,0.10879714228212833,0.6931471805599452,0.689364470265129
187,649,650,14,14,1,0.10762943753174373,0.6931471805599452,0.689364470265129
187,650,651,15,15,1,0.14492749124765397,0.6931471805599452,0.689364470265129
187,651,652,13,13,1,0.11816530216198701,0.6931471805599452,0.689364470265129
187,652,653,14,14,1,0.10201586995806013,0.6931471805599452,0.689364470265129
187,653,654,13,13,1,0.1058233231306076,0.6931471805599452,0.6893644702651289
187,654,655,7,7,1,0.09999445719378335,0.6931471805599452,0.689364470265129
187,655,656,13,13,1,0.10897218665251365,0.6931471805599454,0.689364470265129
187,656,657,5,5,1,0.12101947963237762,0.6931471805599452,0.689364470265129
187,657,658,14,14,1,0.12361945052232061,0.6931471805599452,0.689364470265129
187,658,659,10,10,1,0.10069687590003014,0.6931471805599452,0.689364470265129
187,659,660,8,8,1,0.14869683049619198,0.6931471805599452,0.689364470265129
187,660,661,10,10,1,0.1103619672358036,0.6931471805599452,0.6893644702651289
187,661,662,5,5,1,0.10226377546787262,0.6931471805599452,0.689364470265129
187,662,663,7,7,1,0.13707833204950606,0.6931471805599454,0.689364470265129
187,663,664,14,14,1,0.1473946166890008,0.6931471805599452,0.689364470265129
187,664,665,12,12,1,0.129089942201972,0.6931471805599452,0.689364470265129
187,665,666,13,13,1,0.10039762808726384,0.6931471805599452,0.689364470265129
187,666,667,12,12,1,0.22313124500215054,0.6929037406027952,0.6893620358655574
187,667,668,12,12,1,0.10108345871170361,0.6931471805599452,0.6893620358655574
187,668,669,13,13,1,0.10580634554991356,0.6931471805599452,0.6910341665993449
187,669,670,15,15,1,0.09982621769110361,0.6931471805599452,0.6910341665993449
187,670,671,13,13,1,0.103647924386538,0.6931471805599452,0.6910341665993449
187,671,672,8,8,1,0.14907814748585224,0.6931471805599452,0.6918535469684812
187,672,673,9,9,1,0.1476086742348141,0.6931471805599452,0.6918535469684811
187,673,674,10,10,1,0.09957640692591667,0.6931471805599452,0.6918535469684811
187,674,675,12,12,1,0.1134923951079448,0.6931471805599452,0.6918535469684811
187,675,676,14,14,1,0.13949846848845482,0.6931471805599452,0.6918535469684811
187,676,677,15,15,1,0.12185949335495631,0.6931471805599452,0.6918535469684811
187,677,678,15,15,1,0.10473646273215612,0.6931471805599452,0.6918535469684812
187,678,679,12,12,1,0.10103398934006691,0.6931471805599454,0.6918535469684812
187,679,680,10,10,1,0.12255034670233726,0.6931471805599452,0.6918535469684811
187,680,681,14,14,1,0.10109795523541314,0.6931471805599452,0.6918535469684811
187,681,682,11,11,1,0.11388676274906505,0.6931471805599452,0.6918535469684811
187,682,683,13,13,1,0.10462695073622924,0.6931471805599452,0.6918535469684811
187,683,684,13,13,1,0.10069899375622089,0.6931471805599454,0.6918535469684811
187,684,685,13,13,1,0.10252086588969597,0.6931471805599452,0.6918535469684812
187,685,686,14,14,1,0.10245932904737336,0.6931471805599452,0.6918535469684812
187,686,687,11,11,1,0.16822677918455817,0.6931471805599452,0.6918535469684812
187,687,688,15,15,1,0.10203644533952078,0.6931471805599452,0.6918535469684811
187,688,689,10,10,1,0.10265774801373481,0.6931471805599452,0.6918535469684811
187,689,690,14,14,1,0.1891507650060313,0.6931471805599452,0.6918535469684811
187,690,691,10,10,1,0.10952728763222694,0.6931471805599454,0.6918535469684811
187,691,692,14,14,1,0.16293249492134368,0.570722579619066,0.6906293009590724
187,692,693,9,9,1,0.150341943734222,0.6931471805599452,0.6919205001509648
187,693,694,11,11,1,0.11600945889949799,0.6931471805599452,0.6919205001509648
187,694,695,14,14,1,0.10283216461539268,0.6931471805599452,0.6919205001509648
187,695,696,13,13,1,0.1114242306122413,0.6931471805599452,0.691920500150965
187,696,697,15,15,1,0.11630435784657796,0.6931471805599452,0.691920500150965
187,697,698,12,12,1,0.10833311515549819,0.6931471805599452,0.691920500150965
187,698,699,11,11,1,0.17591520263390106,0.6931471805599452,0.691920500150965
187,699,700,11,11,1,0.16769238358194177,0.6931471805599452,0.6919205001509648
187,700,701,5,5,1,0.18487766534090042,0.6931471805599452,0.6919205001509648
187,701,702,14,14,1,0.10294316017201968,0.6931471805599452,0.6919205001509648
187,702,703,14,14,1,0.11686041897961072,0.6931471805599452,0.691920500150965
187,703,704,16,16,1,0.10427490342408419,0.6931471805599452,0.691920500150965
187,704,705,12,12,1,0.16980702926715216,0.6931471805599452,0.691920500150965
187,705,706,10,10,1,0.10923662036657333,0.6931471805599452,0.691920500150965
187,706,707,14,14,1,0.13671838119626045,0.6931471805599452,0.6919205001509648
187,707,708,14,14,1,0.14663666167429515,0.6931471805599452,0.6919205001509648
187,708,709,12,12,1,0.15031457133591175,0.6931471805599452,0.6919205001509648
187,709,710,13,13,1,0.14206307667952317,0.6931471805599452,0.691920500150965
187,710,711,18,18,1,0.11636876397662693,0.6931471805599452,0.691920500150965
187,711,712,16,16,1,0.10163723304867744,0.6931471805599452,0.691920500150965
187,712,713,18,18,1,0.12299391544527477,0.6931471805599452,0.691920500150965
187,713,714,7,7,1,0.11393190494605474,0.6931471805599452,0.6919205001509648
187,714,715,18,18,1,0.10204422763652271,0.6931471805599452,0.6919205001509648
187,715,716,12,12,1,0.12792607583105564,0.6931471805599452,0.6919205001509648
187,716,717,9,9,1,0.10176609622107612,0.6931471805599452,0.6919205001509648
187,717,718,10,10,1,0.17751146256923675,0.6928983647594669,0.6919180119929602
187,718,719,13,13,1,0.13498017593072012,0.6931471805599452,0.6919180119929601
187,719,720,15,15,1,0.10070883333683014,0.6931471805599452,0.6919180119929601
187,720,721,16,16,1,0.10029522702097893,0.6931471805599452,0.6919180119929601
187,721,722,12,12,1,0.1375122405588627,0.6931471805599452,0.6919180119929601
187,722,723,12,12,1,0.10666768501202266,0.6931471805599452,0.6919180119929601
187,723,724,10,10,1,0.14666641131043434,0.6931471805599452,0.6919180119929601
187,724,725,12,12,1,0.10275823685030143,0.6931471805599452,0.6919180119929602
187,725,726,15,15,1,0.10064006249109904,0.6931471805599452,0.6919180119929601
187,726,727,14,14,1,0.102323551263128,0.6931471805599452,0.6919180119929601
187,727,728,13,13,1,0.16275138293321317,0.6931471805599454,0.6919180119929601
187,728,729,13,13,1,0.12735774368047714,0.6931471805599452,0.6919180119929601
187,729,730,17,17,1,0.11596000413684283,0.6931471805599452,0.6919180119929601
187,730,731,9,9,1,0.10066916462447908,0.6931471805599452,0.6919180119929601
187,731,732,12,12,1,0.11554080744584401,0.6931471805599454,0.6919180119929602
187,732,733,20,20,1,0.10040770135819913,0.6931471805599452,0.6919180119929602
187,733,734,17,17,1,0.10211497238453697,0.6931471805599452,0.6919180119929601
187,734,735,14,14,1,0.10198202995317322,0.6931471805599452,0.6919180119929601
187,735,736,13,13,1,0.1029278956926786,0.6931471805599454,0.6919180119929601
187,736,737,8,8,1,0.11284637451171875,0.6931471805599452,0.6919180119929601
187,737,738,14,14,1,0.1100751417023795,0.6931471805599452,0.6919180119929601
187,738,739,14,14,1,0.10351977976305145,0.6931471805599452,0.6919180119929602
187,739,740,17,17,1,0.10528399707639918,0.6931471805599452,0.6919180119929602
187,740,741,33,33,1,0.10221085787722559,0.6931471805599454,0.6919180119929601
187,741,742,15,15,1,0.10204738279183706,0.6931471805599452,0.6919180119929601
187,742,743,15,15,1,0.10185905744632086,0.6931471805599452,0.6919180119929601
187,743,744,15,15,1,0.11009690960248311,0.6931471805599452,0.6919180119929601
187,744,745,15,15,1,0.15364896406730016,0.6146650892322666,0.6911331910796832
187,745,746,16,16,1,0.12380684539675713,0.6931471805599452,0.6911331910796832
187,746,747,21,21,1,0.10729690499248959,0.6931471805599452,0.6911331910796834
187,747,748,15,15,1,0.10194083899259568,0.6931471805599452,0.6911331910796834
187,748,749,8,8,1,0.19225509651005268,0.6928917848697165,0.691130637122781
187,749,750,16,16,1,0.10833138599991798,0.6931471805599452,0.691130637122781
187,750,751,13,13,1,0.10027247094191037,0.6931471805599454,0.691130637122781
187,751,752,17,17,1,0.1168387308716774,0.6931471805599452,0.691130637122781
187,752,753,19,19,1,0.10062804778939799,0.6931471805599452,0.691130637122781
187,753,754,17,17,1,0.10152925682418487,0.6931471805599452,0.691130637122781
187,754,755,13,13,1,0.11014849348710133,0.6931471805599452,0.691130637122781
187,755,756,16,16,1,0.10743038263171911,0.6931471805599452,0.691130637122781
187,756,757,12,12,1,0.11310155068834622,0.6931471805599454,0.691130637122781
187,757,758,17,17,1,0.11400177724221174,0.6931471805599452,0.691130637122781
187,758,759,19,19,1,0.10089077643657986,0.6931471805599452,0.691130637122781
187,759,760,12,12,1,0.10426740782956283,0.6931471805599452,0.691130637122781
187,760,761,15,15,1,0.1083756019671758,0.6931471805599452,0.691130637122781
187,761,762,12,12,1,0.10376519399384658,0.6931471805599454,0.691130637122781
187,762,763,9,9,1,0.10011966443724102,0.6931471805599452,0.691130637122781
187,763,764,20,20,1,0.13871853426098824,0.6931471805599452,0.691130637122781
187,764,765,12,12,1,0.11122953022519748,0.6931471805599454,0.691130637122781
187,765,766,11,11,1,0.10626030916517432,0.6931471805599452,0.691130637122781
187,766,767,15,15,1,0.10369384189446768,0.6931471805599452,0.6911330715223527
187,767,768,21,21,1,0.10119680315256119,0.6931471805599452,0.6911330715223525
187,768,769,21,21,1,0.10036713310650416,0.6931471805599452,0.6911330715223525
187,769,770,15,15,1,0.1016126424074173,0.6931471805599452,0.6911330715223525
187,770,771,17,17,1,0.0997377336025238,0.6931471805599452,0.6911330715223525
187,771,772,13,13,1,0.10068132097904499,0.6931471805599454,0.6911330715223525
187,772,773,12,12,1,0.10153968818485737,0.6931471805599452,0.6911330715223527
187,773,774,14,14,1,0.15235947391816548,0.6931471805599452,0.6911330715223527
187,774,775,16,16,1,0.12934018298983574,0.6931471805599452,0.6911330715223525
187,775,776,19,19,1,0.10014378436301884,0.6931471805599452,0.6911330715223525
187,776,777,14,14,1,0.1009055684719767,0.6931471805599452,0.6911330715223525
187,777,778,12,12,1,0.1022195133070151,0.6931471805599452,0.6911330715223525
187,778,779,10,10,1,0.10589564964175224,0.6931471805599454,0.6911330715223525
187,779,780,11,11,1,0.10133186321366917,0.6931471805599452,0.6911330715223527
187,780,781,18,18,1,0.10073728197150761,0.6931471805599452,0.6911330715223527
187,781,782,18,18,1,0.10016139224171638,0.6931471805599452,0.6911330715223527
187,782,783,9,9,1,0.12157633735073937,0.6931471805599452,0.6911330715223525
187,783,784,17,17,1,0.1260027420871398,0.6931471805599452,0.6911330715223525
187,784,785,15,15,1,0.12251326541105906,0.6931471805599452,0.6911330715223525
187,785,786,12,12,1,0.10060207607845466,0.6931471805599454,0.6911330715223525
187,786,787,13,13,1,0.13365699293521735,0.6931471805599452,0.6911330715223525
187,787,788,15,15,1,0.10118281195561091,0.6931471805599452,0.6911330715223527
187,788,789,21,21,1,0.10349467893441518,0.6931471805599452,0.6911330715223527
187,789,790,24,24,1,0.10175902054955561,0.6931471805599452,0.6911330715223525
187,790,791,18,18,1,0.10343634130226241,0.6931471805599452,0.6911330715223525
187,791,792,19,19,1,0.10119326098969109,0.6931471805599454,0.6923573175317614
187,792,793,16,16,1,0.10557975573465228,0.6931471805599452,0.6923573175317614
187,793,794,9,9,1,0.1110322152574857,0.6931471805599452,0.6923573175317614
187,794,795,11,11,1,0.10101111707362262,0.6931471805599452,0.6923573175317614
187,795,796,16,16,1,0.10145208053290844,0.6931471805599452,0.6923573175317614
187,796,797,45,45,1,0.10070622215668361,0.6931471805599452,0.6923573175317612
187,797,798,20,20,1,0.10153556242585182,0.6931471805599452,0.6923573175317612
187,798,799,19,19,1,0.10024151323657286,0.6931471805599452,0.6923573175317612
187,799,800,22,22,1,0.10042882710695267,0.6931471805599452,0.6923573175317614
187,800,801,19,19,1,0.1001333900188145,0.6931471805599452,0.6923573175317614
187,801,802,47,47,1,0.10032949089369875,0.6931471805599452,0.6923573175317614
187,802,803,19,19,1,0.1076228708813065,0.6931471805599452,0.6923573175317614
187,803,804,14,14,1,0.09905902030212539,0.6931471805599452,0.6923573175317612
187,804,805,10,10,1,0.1006285458803177,0.6931471805599452,0.6923573175317612
187,805,806,33,33,1,0.12085576332879788,0.6931471805599454,0.6923573175317612
187,806,807,15,15,1,0.101808766523997,0.6931471805599452,0.6923573175317614
187,807,808,53,53,1,0.10035178501088664,0.6931471805599452,0.6923573175317614
187,808,809,13,13,1,0.10064722139101762,0.6931471805599452,0.6923573175317614
187,809,810,17,17,1,0.10045000647797304,0.6931471805599452,0.6923573175317614
187,810,811,39,39,1,0.10415253807336856,0.6931471805599452,0.6923573175317612
187,811,812,12,12,1,0.10471058761080106,0.6931471805599452,0.6923573175317612
187,812,813,10,10,1,0.0998597152531147,0.6931471805599452,0.6923573175317612
187,813,814,28,28,1,0.10509805647390229,0.6931471805599452,0.6923573175317614
187,814,815,30,30,1,0.0993094044427077,0.6931471805599452,0.6923573175317614
187,815,816,34,34,1,0.10018166351844282,0.6931471805599452,0.6923573175317614
187,816,817,22,22,1,0.10066078569401395,0.6931471805599452,0.6923573175317614
187,817,818,11,11,1,0.10041568360545418,0.6931471805599452,0.692359805689766
187,818,819,9,9,1,0.09992854959434933,0.6931471805599452,0.6923598056897662
187,819,820,29,29,1,0.10016241387046616,0.6931471805599452,0.6923598056897662
187,820,821,27,27,1,0.10406196558917011,0.6931471805599452,0.6923598056897662
187,821,822,13,13,1,0.10261707237133613,0.6931471805599452,0.6923598056897662
187,822,823,42,42,1,0.12236273962826956,0.6931471805599452,0.6923598056897662
187,823,824,13,13,1,0.100297851058153,0.6931471805599454,0.6923598056897662
187,824,825,11,11,1,0.10104931890964508,0.6931471805599452,0.6923598056897662
187,825,826,27,27,1,0.10076088541083866,0.6931471805599452,0.6923598056897662
187,826,827,46,46,1,0.10037056745394417,0.6931471805599452,0.6923598056897662
187,827,828,55,55,1,0.10029374239119616,0.6931471805599452,0.6923598056897662
187,828,829,39,39,1,0.10025474486442712,0.6931471805599452,0.6923598056897662
187,829,830,24,24,1,0.10029531456530094,0.6931471805599452,0.6923598056897662
187,830,831,57,57,1,0.1002894000787484,0.6931471805599452,0.6923598056897662
187,831,832,35,35,1,0.10045758528368813,0.6931471805599454,0.6923598056897662
187,832,833,26,26,1,0.10028294445230411,0.6931471805599452,0.692359805689766
187,833,834,22,22,1,0.099853919649666,0.6931471805599452,0.6923598056897662
187,834,835,10,10,1,0.10602894499897957,0.6931471805599452,0.6923598056897662
187,835,836,23,23,1,0.10437506404907806,0.6931471805599452,0.6923598056897662
187,836,837,16,16,1,0.12299709673970938,0.6931471805599452,0.6923598056897662
187,837,838,18,18,1,0.10029908393820126,0.6931471805599452,0.6923598056897662
187,838,839,21,21,1,0.10603720943133037,0.6931471805599452,0.6923598056897662
187,839,840,20,20,1,0.10062046907842159,0.6931471805599452,0.692359805689766
187,840,841,52,52,1,0.10090325414561309,0.6931471805599452,0.6923598056897662
187,841,842,10,10,1,0.10208714455366134,0.6931471805599454,0.6923598056897662
187,842,843,9,9,1,0.09949097368452284,0.6931471805599452,0.6923598056897662
187,843,844,9,9,1,0.10019541200664309,0.6931471805599452,0.6923598056897662
187,844,845,59,59,1,0.10015491623494585,0.6931471805599452,0.693144626603043
187,845,846,19,19,1,0.10028576301900964,0.6931471805599452,0.693144626603043
187,846,847,13,13,1,0.10034193786290976,0.6931471805599452,0.6931446266030429
187,847,848,20,20,1,0.1013691496104002,0.6931471805599452,0.6931446266030429
187,848,849,11,11,1,0.10087116739966652,0.6931471805599452,0.6931471805599452
187,849,850,29,29,1,0.10051235916285679,0.6931471805599452,0.6931471805599452
187,850,851,14,14,1,0.10246356044496809,0.6931471805599452,0.6931471805599452
187,851,852,11,11,1,0.10014729337258772,0.6931471805599452,0.6931471805599452
187,852,853,10,10,1,0.10046748742461205,0.6931471805599452,0.6931471805599452
187,853,854,25,25,1,0.10049241662025452,0.6931471805599452,0.6931471805599452
187,854,855,32,32,1,0.10060982988215983,0.6931471805599452,0.6931471805599452
187,855,856,16,16,1,0.10142042441293597,0.6931471805599452,0.6931471805599452
187,856,857,12,12,1,0.1008535319318374,0.6931471805599452,0.6931471805599452
187,857,858,11,11,1,0.10034119270064613,0.6931471805599452,0.6931471805599452
187,858,859,32,32,1,0.10070061543956399,0.6931471805599452,0.6931471805599452
187,859,860,9,9,1,0.0999908952249421,0.6931471805599452,0.6931471805599452
187,860,861,29,29,1,0.10030100417548213,0.6931471805599452,0.6931471805599452
187,861,862,14,14,1,0.10100753445710454,0.6931471805599452,0.6931471805599452
187,862,863,10,10,1,0.10011379197239875,0.6931471805599452,0.6931471805599452
187,863,864,18,18,1,0.10100272380643421,0.6931471805599452,0.6931471805599452
187,864,865,12,12,1,0.09965215188761552,0.6931471805599454,0.6931471805599452
187,865,866,24,24,1,0.10146835787842672,0.6931471805599452,0.6931471805599452
187,866,867,21,21,1,0.10043101935159593,0.6931471805599452,0.6931471805599452
187,867,868,25,25,1,0.10057282894849777,0.6931471805599452,0.6931471805599453
187,868,869,10,10,1,0.09995895922183991,0.6931471805599452,0.6931471805599452
187,869,870,14,14,1,0.10226562193461827,0.6931471805599452,0.6931471805599452
187,870,871,56,56,1,0.10046688320913486,0.6931471805599452,0.6931471805599452
187,871,872,25,25,1,0.10029241502285004,0.6931471805599452,0.6931471805599452
187,872,873,44,44,1,0.10023014450615103,0.6931471805599452,0.6931471805599452
187,873,874,32,32,1,0.10280289594084024,0.6931471805599452,0.6931471805599452
187,874,875,26,26,1,0.101075319143442,0.6931471805599452,0.6931471805599453
187,875,876,11,11,1,0.10021163387732072,0.6931471805599452,0.6931471805599452
187,876,877,28,28,1,0.1055369134992361,0.6931471805599452,0.6931471805599452
187,877,878,19,19,1,0.10358640355499167,0.6931471805599452,0.6931471805599452
187,878,879,18,18,1,0.10045451546708743,0.6931471805599452,0.6931471805599452
187,879,880,27,27,1,0.10326094483887707,0.6931471805599452,0.6931471805599452
187,880,881,22,22,1,0.09951514276591214,0.6931471805599452,0.6931471805599452
187,881,882,28,28,1,0.10053981654345989,0.6931471805599452,0.6931471805599452
187,882,883,28,28,1,0.10026651860347816,0.6931471805599452,0.6931471805599452
187,883,884,47,47,1,0.10028782043051213,0.6931471805599452,0.6931471805599452
187,884,885,29,29,1,0.10029073676158642,0.6931471805599452,0.6931471805599452
187,885,886,15,15,1,0.09944019118944804,0.6931471805599452,0.6931471805599452
187,886,887,47,47,1,0.10030358459087128,0.6931471805599452,0.6931471805599452
187,887,888,29,29,1,0.1002131423045849,0.6931471805599454,0.6931471805599452
187,888,889,50,50,1,0.10045994013547897,0.6931471805599452,0.6931471805599452
187,889,890,29,29,1,0.11389020830392838,0.6931471805599452,0.6931471805599452
187,890,891,13,13,1,0.10031787420694645,0.6931471805599454,0.6931471805599452
187,891,892,27,27,1,0.10055133231260159,0.6931471805599452,0.6931471805599452
187,892,893,35,35,1,0.10006268833364759,0.6931471805599452,0.6931471805599452
187,893,894,22,22,1,0.1007661863484166,0.6931471805599452,0.6931471805599452
187,894,895,20,20,1,0.09982457086443901,0.6931471805599452,0.6931471805599452
187,895,896,26,26,1,0.1000509740641484,0.6931471805599452,0.6931471805599452
187,896,897,22,22,1,0.10002829777923497,0.6931471805599452,0.6931471805599452
187,897,898,23,23,1,0.10145546171976172,0.6931471805599454,0.6931471805599452
187,898,899,30,30,1,0.11377483506997427,0.6931471805599454,0.6931471805599452
187,899,900,29,29,1,0.10167055243048174,0.6931471805599452,0.6931471805599452
187,900,901,12,12,1,0.10132410811881225,0.6931471805599452,0.6931471805599452
187,901,902,31,31,1,0.09938906157209028,0.6931471805599454,0.6931471805599452
187,902,903,26,26,1,0.10017789757022491,0.6931471805599452,0.6931471805599452
187,903,904,25,25,1,0.10057861715555191,0.6931471805599452,0.6931471805599453
187,904,905,29,29,1,0.10906307784647777,0.6931471805599452,0.6931471805599452
187,905,906,30,30,1,0.10039295181632042,0.6931471805599452,0.6931471805599452
187,906,907,12,12,1,0.10139164949456851,0.6931471805599452,0.6931471805599452
187,907,908,31,31,1,0.10049496735295942,0.6931471805599452,0.6931471805599452
187,908,909,16,16,1,0.0997038260102272,0.6931471805599452,0.6931471805599452
187,909,910,32,32,1,0.10016127559356391,0.6931471805599452,0.6931471805599452
187,910,911,32,32,1,0.0999248952139169,0.6931471805599452,0.6931471805599453
187,911,912,24,24,1,0.10039867957433064,0.6931471805599452,0.6931471805599452
187,912,913,27,27,1,0.10122436588561093,0.6931471805599452,0.6931471805599452
187,913,914,27,27,1,0.10192944275008307,0.6931471805599452,0.6931471805599452
187,914,915,30,30,1,0.10015618527928988,0.6931471805599452,0.6931471805599452
187,915,916,27,27,1,0.09991264012124804,0.6931471805599452,0.6931471805599452
187,916,917,37,37,1,0.10007738885847298,0.6931471805599452,0.6931471805599452
187,917,918,27,27,1,0.10017273906204435,0.6931471805599452,0.6931471805599452
187,918,919,51,51,1,0.10008712828743692,0.6931471805599452,0.6931471805599452
187,919,920,36,36,1,0.10019206400546762,0.6931471805599452,0.6931471805599452
187,920,921,30,30,1,0.10007024109363556,0.6931471805599454,0.6931471805599452
187,921,922,41,41,1,0.10023183684523512,0.6931471805599452,0.6931471805599452
187,922,923,76,76,1,0.1002876739948988,0.6931471805599452,0.6931471805599452
187,923,924,41,41,1,0.1000158165286227,0.6931471805599452,0.6931471805599452
187,924,925,13,13,1,0.10003179827561745,0.6931471805599454,0.6931471805599452
187,925,926,42,42,1,0.10023097179475285,0.6931471805599452,0.6931471805599452
187,926,927,24,24,1,0.10015709077318509,0.6931471805599452,0.6931471805599452
187,927,928,19,19,1,0.10022150803553431,0.6931471805599452,0.6931471805599452
187,928,929,98,98,0,0.1002584059475636,0.6931471805599452,0.6931471805599452
187,929,930,75,75,1,0.1001537291208903,0.6931471805599454,0.6931471805599452
187,930,931,57,57,1,0.10023278311679237,0.6931471805599452,0.6931471805599452
187,931,932,68,68,1,0.10030428473563756,0.6931471805599452,0.6931471805599452
187,932,933,65,65,1,0.10028715489002374,0.6931471805599452,0.6931471805599453
187,933,934,44,44,1,0.10028912668878381,0.6931471805599452,0.6931471805599452
187,934,935,72,72,1,0.10025098588731554,0.6931471805599452,0.6931471805599452
187,935,936,50,50,1,0.10032516151666641,0.6931471805599452,0.6931471805599452
187,936,937,15,15,1,0.10006908923387528,0.6931471805599452,0.6931471805599452
187,937,938,39,39,1,0.10024864990741779,0.6931471805599452,0.6931471805599452
187,938,939,71,71,1,0.10025112100050483,0.6931471805599452,0.6931471805599452
187,939,940,51,51,1,0.09999078979679182,0.6931471805599452,0.6931471805599453
187,940,941,53,53,1,0.10020908404071376,0.6931471805599452,0.6931471805599452
187,941,942,28,28,1,0.10035561903246812,0.6931471805599452,0.6931471805599452
187,942,943,55,55,1,0.10022631070830605,0.6931471805599454,0.6931471805599452
187,943,944,37,37,1,0.10023777045913644,0.6931471805599454,0.6931471805599452
187,944,945,15,15,1,0.099966828028361,0.6931471805599452,0.6931471805599452
187,945,946,47,47,1,0.10013414998637869,0.6931471805599452,0.6931471805599452
187,946,947,46,46,1,0.10031328803819159,0.6931471805599452,0.6931471805599453
187,947,948,37,37,1,0.10015819745289313,0.6931471805599454,0.6931471805599452
187,948,949,44,44,1,0.10027070072564212,0.6931471805599452,0.6931471805599452
187,949,950,54,54,1,0.10022544295147613,0.6931471805599452,0.6931471805599452
187,950,951,28,28,1,0.10009082220494747,0.6931471805599452,0.6931471805599452
187,951,952,63,63,1,0.10006130735079448,0.6931471805599452,0.6931471805599452
187,952,953,41,41,1,0.10028359184904796,0.6931471805599452,0.6931471805599452
187,953,954,84,84,1,0.10018500925174781,0.6931471805599452,0.6931471805599453
187,954,955,45,45,1,0.10021771474017037,0.6931471805599452,0.6931471805599452
187,955,956,74,74,1,0.10013193546517475,0.6931471805599454,0.6931471805599452
187,956,957,51,51,1,0.10024052493128122,0.6931471805599452,0.6931471805599452
187,957,958,88,88,1,0.10017706394534219,0.6931471805599454,0.6931471805599452
187,958,959,63,63,1,0.10019974706191866,0.6931471805599454,0.6931471805599452
187,959,960,78,78,1,0.10022850372852424,0.6931471805599452,0.6931471805599452
187,960,961,64,64,1,0.10024016362149268,0.6931471805599452,0.6931471805599452
187,961,962,75,75,1,0.10021386275688807,0.6931471805599452,0.6931471805599453
187,962,963,76,76,1,0.10018538124859333,0.6931471805599452,0.6931471805599452
187,963,964,90,90,1,0.10031588483187888,0.6931471805599452,0.6931471805599452
187,964,965,56,56,1,0.10022636582808835,0.6931471805599452,0.6931471805599452
187,965,966,76,76,1,0.10028755341313388,0.6931471805599454,0.6931471805599452
187,966,967,91,91,1,0.1002424302828181,0.6931471805599452,0.6931471805599452
187,967,968,86,86,1,0.10030856719890306,0.6931471805599452,0.6931471805599452
187,968,969,48,48,1,0.10025020921602845,0.6931471805599452,0.6931471805599453
187,969,970,46,46,1,0.10027679768593414,0.6931471805599452,0.6931471805599452
187,970,971,50,50,1,0.10036957442760468,0.6931471805599452,0.6931471805599452
187,971,972,51,51,1,0.1003021302760816,0.6931471805599452,0.6931471805599452
187,972,973,50,50,1,0.10018301218748092,0.6931471805599454,0.6931471805599452
187,973,974,75,75,1,0.10026922941207886,0.6931471805599452,0.6931471805599452
187,974,975,62,62,1,0.10032927437174705,0.6931471805599452,0.6931471805599452
187,975,976,61,61,1,0.10028081020859421,0.6931471805599452,0.6931471805599453
187,976,977,57,57,1,0.1002988298995453,0.6931471805599452,0.6931471805599452
187,977,978,54,54,1,0.1002275910642412,0.6931471805599452,0.6931471805599452
187,978,979,47,47,1,0.1003086007338889,0.6931471805599452,0.6931471805599452
187,979,980,57,57,1,0.10023439936993415,0.6931471805599452,0.6931471805599452
187,980,981,53,53,1,0.10016863062134329,0.6931471805599452,0.6931471805599452
187,981,982,53,53,1,0.100242443804471,0.6931471805599452,0.6931471805599452
187,982,983,62,62,1,0.10021310924522338,0.6931471805599452,0.6931471805599453
187,983,984,35,35,1,0.10027937016316822,0.6931471805599452,0.6931471805599452
187,984,985,40,40,1,0.1001041006296873,0.6931471805599452,0.6931471805599452
187,985,986,48,48,1,0.1001868446667989,0.6931471805599452,0.6931471805599452
187,986,987,46,46,1,0.10025046036943146,0.6931471805599452,0.6931471805599452
187,987,988,45,45,1,0.10024470388889313,0.6931471805599452,0.6931471805599452
187,988,989,53,53,1,0.1002633439482383,0.6931471805599452,0.6931471805599452
187,989,990,52,52,1,0.10020304600206706,0.6931471805599452,0.6931471805599453
187,990,991,52,52,1,0.1002805786064038,0.6931471805599452,0.6931471805599452
187,991,992,41,41,1,0.10005989143761193,0.6931471805599452,0.6931471805599452
187,992,993,44,44,1,0.1000994745303284,0.6931471805599452,0.6931471805599452
187,993,994,43,43,1,0.1001125173859818,0.6931471805599452,0.6931471805599452
187,994,995,39,39,1,0.10030809407814956,0.6931471805599452,0.6931471805599452
187,995,996,43,43,1,0.10025874230750771,0.6931471805599452,0.6931471805599452
187,996,997,38,38,1,0.10019982900274427,0.6931471805599454,0.6931471805599453
187,997,998,33,33,1,0.10010847042907368,0.6931471805599454,0.6931471805599453
187,998,999,47,47,1,0.10021377180485015,0.6931471805599452,0.6931471805599452
187,999,1000,57,57,1,0.10000098862668924,0.6931471805599452,0.6931471805599452
187,1000,1001,42,42,1,0.10024897931587129,0.6931471805599452,0.6931471805599452
187,1001,1002,45,45,1,0.10025705082548989,0.6931471805599452,0.6931471805599452
187,1002,1003,51,51,1,0.10025725776658338,0.6931471805599452,0.6931471805599452
187,1003,1004,37,37,1,0.10008867507850802,0.6931471805599454,0.6931471805599452
187,1004,1005,60,60,1,0.10019118537505468,0.6931471805599452,0.6931471805599453
187,1005,1006,44,44,1,0.1002970656210726,0.6931471805599452,0.6931471805599452
187,1006,1007,38,38,1,0.10028124639862462,0.6931471805599452,0.6931471805599452
187,1007,1008,42,42,1,0.10028132636632238,0.6931471805599452,0.6931471805599452
187,1008,1009,46,46,1,0.10029303233908571,0.6931471805599454,0.6931471805599452
187,1009,1010,41,41,1,0.10020719922897292,0.6931471805599454,0.6931471805599452
187,1010,1011,45,45,1,0.10025411314434475,0.6931471805599452,0.6931471805599452
187,1011,1012,56,56,1,0.10026951506733894,0.6931471805599452,0.6931471805599453
187,1012,1013,70,70,1,0.10038505153996603,0.6931471805599454,0.6931471805599452
187,1013,1014,54,54,1,0.10034918522945156,0.6931471805599452,0.6931471805599452
187,1014,1015,65,65,1,0.10031882719351695,0.6931471805599452,0.6931471805599452
187,1015,1016,53,53,1,0.10022451264678307,0.6931471805599452,0.6931471805599452
187,1016,1017,59,59,1,0.10033972182516325,0.6931471805599452,0.6931471805599452
187,1017,1018,48,48,1,0.10014290548861027,0.6931471805599452,0.6931471805599452
187,1018,1019,61,61,1,0.10031515909511535,0.6931471805599452,0.6931471805599453
187,1019,1020,51,51,1,0.10019274581881131,0.6931471805599454,0.6931471805599453
187,1020,1021,65,65,1,0.10027791548233767,0.6931471805599452,0.6931471805599452
187,1021,1022,23,23,1,0.10014915498702423,0.6931471805599452,0.6931471805599452
187,1022,1023,61,61,1,0.10036773430030854,0.6931471805599454,0.6931471805599452
187,1023,1024,70,70,1,0.10028709843754768,0.6931471805599452,0.6931471805599452
187,1024,1025,64,64,1,0.10025705944281071,0.6931471805599452,0.6931471805599452
187,1025,1026,57,57,1,0.10029882637032292,0.6931471805599454,0.6931471805599453
187,1026,1027,54,54,1,0.10029335554551196,0.6931471805599452,0.6931471805599453
187,1027,1028,75,75,1,0.10024817258119584,0.6931471805599454,0.6931471805599452
187,1028,1029,70,70,1,0.1002364782350404,0.6931471805599452,0.6931471805599452
187,1029,1030,74,74,1,0.10024858487618936,0.6931471805599452,0.6931471805599452
187,1030,1031,79,79,1,0.10016818486059768,0.6931471805599452,0.6931471805599452
187,1031,1032,75,75,1,0.10025869379440944,0.6931471805599452,0.6931471805599452
187,1032,1033,78,78,1,0.10029354223456138,0.6931471805599452,0.6931471805599452
187,1033,1034,74,74,1,0.10030957764467678,0.6931471805599452,0.6931471805599453
187,1034,1035,80,80,1,0.10027267048135399,0.6931471805599452,0.6931471805599452
187,1035,1036,65,65,1,0.10028052891676242,0.6931471805599452,0.6931471805599452
187,1036,1037,64,64,1,0.10024728463031352,0.6931471805599452,0.6931471805599452
187,1037,1038,81,81,1,0.10023017227649689,0.6931471805599452,0.6931471805599452
187,1038,1039,98,98,0,0.10032943111597276,0.6931471805599452,0.6931471805599452
187,1039,1040,66,66,1,0.10027435151013461,0.6931471805599452,0.6931471805599452
187,1040,1041,66,66,1,0.10034253933664525,0.6931471805599452,0.6931471805599453
187,1041,1042,87,87,1,0.10026859757543981,0.6931471805599452,0.6931471805599452
187,1042,1043,72,72,1,0.10031224104265372,0.6931471805599452,0.6931471805599452
187,1043,1044,68,68,1,0.10034764032153522,0.6931471805599452,0.6931471805599452
187,1044,1045,98,98,0,0.10031876568587458,0.6931471805599452,0.6931471805599452
187,1045,1046,54,54,1,0.10024749570422703,0.6931471805599452,0.6931471805599452
187,1046,1047,86,86,1,0.10027781614037447,0.6931471805599452,0.6931471805599452
187,1047,1048,65,65,1,0.10031074927403377,0.6931471805599454,0.6931471805599453
187,1048,1049,54,54,1,0.10034162689138341,0.6931471805599452,0.6931471805599452
187,1049,1050,86,86,1,0.10033980375805567,0.6931471805599452,0.6931471805599452
187,1050,1051,74,74,1,0.10024454817175865,0.6931471805599452,0.6931471805599452
187,1051,1052,69,69,1,0.1002126021877579,0.6931471805599452,0.6931471805599452
187,1052,1053,80,80,1,0.10033232504501939,0.6931471805599452,0.6931471805599452
187,1053,1054,59,59,1,0.10025810841786659,0.6931471805599452,0.6931471805599452
187,1054,1055,80,80,1,0.10027843080461026,0.6931471805599452,0.6931471805599453
187,1055,1056,57,57,1,0.1002190778391403,0.6931471805599452,0.6931471805599453
187,1056,1057,83,83,1,0.10028425002672586,0.6931471805599452,0.6931471805599452
187,1057,1058,98,98,0,0.10027772180584012,0.6931471805599452,0.6931471805599452
187,1058,1059,70,70,1,0.10016428370560919,0.6931471805599452,0.6931471805599452
187,1059,1060,91,91,1,0.10023407277825115,0.6931471805599454,0.6931471805599452
187,1060,1061,65,65,1,0.10029675089395963,0.6931471805599452,0.6931471805599452
187,1061,1062,90,90,1,0.10025911033153534,0.6931471805599452,0.6931471805599452
187,1062,1063,98,98,0,0.10026220825253701,0.6931471805599452,0.6931471805599453
187,1063,1064,85,85,1,0.10030766059370602,0.6931471805599452,0.6931471805599452
187,1064,1065,69,69,1,0.10025344691846681,0.6931471805599452,0.6931471805599452
187,1065,1066,78,78,1,0.10023041117267731,0.6931471805599452,0.6931471805599452
187,1066,1067,53,53,1,0.10014184198851855,0.6931471805599454,0.6931471805599452
187,1067,1068,83,83,1,0.10031552792313587,0.6931471805599452,0.6931471805599452
187,1068,1069,78,78,1,0.10039974252382915,0.6931471805599452,0.6931471805599452
187,1069,1070,84,84,1,0.10025713761292752,0.6931471805599452,0.6931471805599453
187,1070,1071,86,86,1,0.10023306916619457,0.6931471805599452,0.6931471805599452
187,1071,1072,33,33,1,0.10028750810659293,0.6931471805599452,0.6931471805599452
187,1072,1073,98,98,0,0.10026087269795184,0.6931471805599454,0.6931471805599452
187,1073,1074,67,67,1,0.10019835373803751,0.6931471805599452,0.6931471805599452
187,1074,1075,69,69,1,0.10018093894789185,0.6931471805599452,0.6931471805599452
187,1075,1076,71,71,1,0.10025093515574092,0.6931471805599452,0.6931471805599452
187,1076,1077,60,60,1,0.10023459394772848,0.6931471805599452,0.6931471805599453
187,1077,1078,70,70,1,0.10023719540664128,0.6931471805599454,0.6931471805599452
187,1078,1079,66,66,1,0.10019052254431175,0.6931471805599452,0.6931471805599452
187,1079,1080,78,78,1,0.10023520218256192,0.6931471805599452,0.6931471805599452
187,1080,1081,81,81,1,0.10019050961659279,0.6931471805599452,0.6931471805599452
187,1081,1082,59,59,1,0.10026860022443836,0.6931471805599452,0.6931471805599452
187,1082,1083,69,69,1,0.10020740049472754,0.6931471805599452,0.6931471805599452
187,1083,1084,73,73,1,0.10029110394112051,0.6931471805599452,0.6931471805599453
187,1084,1085,98,98,0,0.1002781296110883,0.6931471805599452,0.6931471805599452
187,1085,1086,83,83,1,0.10023839699934764,0.6931471805599452,0.6931471805599452
187,1086,1087,88,88,1,0.10022790569134733,0.6931471805599452,0.6931471805599452
187,1087,1088,22,22,1,0.100587686015801,0.6931471805599452,0.6931471805599452
187,1088,1089,80,80,1,0.10023930920287967,0.6931471805599452,0.6931471805599452
187,1089,1090,98,98,0,0.10019997469320589,0.6931471805599452,0.6931471805599452
187,1090,1091,77,77,1,0.10021379241695652,0.6931471805599452,0.6931471805599453
187,1091,1092,57,57,1,0.10019901460200026,0.6931471805599452,0.6931471805599453
187,1092,1093,24,24,1,0.10022036576022704,0.6931471805599452,0.6931471805599452
187,1093,1094,89,89,1,0.10023391112852632,0.6931471805599452,0.6931471805599452
187,1094,1095,98,98,0,0.10030349944623149,0.6931471805599454,0.6931471805599452
187,1095,1096,65,65,1,0.10017564801069406,0.6931471805599452,0.6931471805599452
187,1096,1097,98,98,0,0.10024861428810626,0.6931471805599452,0.6931471805599452
187,1097,1098,98,98,0,0.10024497916503829,0.6931471805599452,0.6931471805599452
187,1098,1099,82,82,1,0.10023787735802371,0.6931471805599452,0.6931471805599453
187,1099,1100,90,90,1,0.10025507526265251,0.6931471805599454,0.6931471805599452
187,1100,1101,26,26,1,0.1001739871616547,0.6931471805599452,0.6931471805599452
187,1101,1102,72,72,1,0.10027189863224824,0.6931471805599452,0.6931471805599452
187,1102,1103,63,63,1,0.10028083244013408,0.6931471805599452,0.6931471805599452
187,1103,1104,72,72,1,0.10027479121668471,0.6931471805599452,0.6931471805599452
187,1104,1105,90,90,1,0.10026626255777148,0.6931471805599452,0.6931471805599452
187,1105,1106,98,98,0,0.10027281377388507,0.6931471805599452,0.6931471805599453
187,1106,1107,98,98,0,0.10028517748020133,0.6931471805599452,0.6931471805599452
187,1107,1108,98,98,0,0.10025159535663468,0.6931471805599454,0.6931471805599452
187,1108,1109,81,81,1,0.10026976208627959,0.6931471805599452,0.6931471805599452
187,1109,1110,72,72,1,0.10025300199372901,0.6931471805599452,0.6931471805599452
187,1110,1111,39,39,1,0.10018467616576415,0.6931471805599452,0.6931471805599452
187,1111,1112,64,64,1,0.10019424732308835,0.6931471805599452,0.6931471805599452
187,1112,1113,75,75,1,0.10022877156734467,0.6931471805599452,0.6931471805599453
187,1113,1114,78,78,1,0.10024641616604267,0.6931471805599452,0.6931471805599452
187,1114,1115,38,38,1,0.10008863281262548,0.6931471805599452,0.6931471805599452
187,1115,1116,40,40,1,0.1002395622432232,0.6931471805599452,0.6931471805599452
187,1116,1117,65,65,1,0.10022032249432344,0.6931471805599452,0.6931471805599452
187,1117,1118,37,37,1,0.10017545239345448,0.6931471805599452,0.6931471805599452
187,1118,1119,63,63,1,0.10018272402267607,0.6931471805599452,0.6931471805599452
187,1119,1120,75,75,1,0.10018276969591776,0.6931471805599452,0.6931471805599452
187,1120,1121,90,90,1,0.10022145253088739,0.6931471805599452,0.6931471805599452
187,1121,1122,40,40,1,0.10017911605536937,0.6931471805599452,0.6931471805599452
187,1122,1123,98,98,0,0.10037035107308505,0.6931471805599452,0.6931471805599452
187,1123,1124,79,79,1,0.10020233087147339,0.6931471805599452,0.6931471805599452
187,1124,1125,93,93,1,0.10021516103898326,0.6931471805599454,0.6931471805599452
187,1125,1126,72,72,1,0.10020038050909837,0.6931471805599452,0.6931471805599452
187,1126,1127,98,98,0,0.10030063933559827,0.6931471805599452,0.6931471805599452
187,1127,1128,76,76,1,0.10022516019250217,0.6931471805599452,0.6931471805599453
187,1128,1129,50,50,1,0.10041326269507408,0.6931471805599452,0.6931471805599452
187,1129,1130,94,94,1,0.10023690974141689,0.6931471805599452,0.6931471805599452
187,1130,1131,87,87,1,0.10027328681671756,0.6931471805599454,0.6931471805599452
187,1131,1132,98,98,0,0.1002200649557065,0.6931471805599452,0.6931471805599452
187,1132,1133,98,98,0,0.10019340670230437,0.6931471805599452,0.6931471805599452
187,1133,1134,89,89,1,0.10021940375981706,0.6931471805599452,0.6931471805599452
187,1134,1135,78,78,1,0.10022994742179528,0.6931471805599452,0.6931471805599453
187,1135,1136,98,98,0,0.10025386633921643,0.6931471805599452,0.6931471805599452
187,1136,1137,74,74,1,0.10017594604476078,0.6931471805599452,0.6931471805599452
187,1137,1138,61,61,1,0.10014339902850448,0.6931471805599452,0.6931471805599452
187,1138,1139,44,44,1,0.1002416710623286,0.6931471805599452,0.6931471805599452
187,1139,1140,59,59,1,0.10022986970715604,0.6931471805599452,0.6931471805599452
187,1140,1141,82,82,1,0.10020264646992451,0.6931471805599452,0.6931471805599452
187,1141,1142,14,14,1,0.10015381021159035,0.6931471805599452,0.6931471805599453
187,1142,1143,11,11,1,0.1000826433300972,0.6931471805599452,0.6931471805599452
187,1143,1144,92,92,1,0.10022161212628303,0.6931471805599452,0.6931471805599452
187,1144,1145,88,88,1,0.1001972287723964,0.6931471805599452,0.6931471805599452
187,1145,1146,80,80,1,0.1002105239778757,0.6931471805599452,0.6931471805599452
187,1146,1147,97,97,1,0.10023073875105258,0.6931471805599452,0.6931471805599452
187,1147,1148,94,94,1,0.10025500244599708,0.6931471805599452,0.6931471805599452
187,1148,1149,81,81,1,0.10027060271413238,0.6931471805599452,0.6931471805599452
187,1149,1150,96,96,1,0.1002090685069561,0.6931471805599452,0.6931471805599452
187,1150,1151,39,39,1,0.10015482722948758,0.6931471805599452,0.6931471805599452
187,1151,1152,98,98,0,0.10020972240944298,0.6931471805599452,0.6931471805599452
187,1152,1153,59,59,1,0.10020690701775632,0.6931471805599452,0.6931471805599452
187,1153,1154,98,98,0,0.10027731103556496,0.6931471805599452,0.6931471805599452
187,1154,1155,27,27,1,0.09996935421669925,0.6931471805599452,0.6931471805599452
187,1155,1156,33,33,1,0.10019586957765347,0.6931471805599452,0.6931471805599452
187,1156,1157,98,98,0,0.10023228831741275,0.6931471805599454,0.6931471805599452
187,1157,1158,98,98,0,0.10026271648857059,0.6931471805599452,0.6931471805599452
187,1158,1159,86,86,1,0.10018832297172657,0.6931471805599452,0.6931471805599452
187,1159,1160,84,84,1,0.1002976434926192,0.6931471805599452,0.6931471805599452
187,1160,1161,84,84,1,0.10019002881433282,0.6931471805599452,0.6931471805599452
187,1161,1162,67,67,1,0.10022799270366554,0.6931471805599452,0.6931471805599452
187,1162,1163,98,98,1,0.1002208277279017,0.6931471805599452,0.6931471805599452
187,1163,1164,74,74,1,0.10026493900128312,0.6931471805599452,0.6931471805599452
187,1164,1165,39,39,1,0.10016032862357604,0.6931471805599452,0.6931471805599452
187,1165,1166,98,98,0,0.1001841281445659,0.6931471805599454,0.6931471805599452
187,1166,1167,83,83,1,0.10020103960870261,0.6931471805599452,0.6931471805599452
187,1167,1168,41,41,1,0.10034006852202298,0.6931471805599454,0.6931471805599452
187,1168,1169,48,48,1,0.10016596969217062,0.6931471805599452,0.6931471805599452
187,1169,1170,40,40,1,0.10014058686792851,0.6931471805599452,0.6931471805599452
187,1170,1171,98,98,0,0.10020217717606195,0.6931471805599452,0.6931471805599453
187,1171,1172,72,72,1,0.1001644590869546,0.6931471805599454,0.6931471805599452
187,1172,1173,95,95,1,0.1002598226070404,0.6931471805599452,0.6931471805599452
187,1173,1174,52,52,1,0.10017668828368187,0.6931471805599452,0.6931471805599452
187,1174,1175,60,60,1,0.10020351794858774,0.6931471805599452,0.6931471805599452
187,1175,1176,95,95,1,0.10020296714807811,0.6931471805599452,0.6931471805599452
187,1176,1177,41,41,1,0.10022956732569671,0.6931471805599452,0.6931471805599452
187,1177,1178,60,60,1,0.10016822392741839,0.6931471805599452,0.6931471805599453
187,1178,1179,98,98,0,0.10020823518232423,0.6931471805599452,0.6931471805599452
187,1179,1180,40,40,1,0.10019080024212598,0.6931471805599452,0.6931471805599452
187,1180,1181,81,81,1,0.10023965153061314,0.6931471805599452,0.6931471805599452
187,1181,1182,76,76,1,0.1002498910223183,0.6931471805599452,0.6931471805599452
187,1182,1183,96,96,1,0.10036136209964752,0.6931471805599452,0.6931471805599452
187,1183,1184,84,84,1,0.10022683007021745,0.6931471805599452,0.6931471805599452
187,1184,1185,55,55,1,0.10017248893325979,0.6931471805599452,0.6931471805599452
187,1185,1186,45,45,1,0.10018024030658934,0.6931471805599452,0.6931471805599452
187,1186,1187,56,56,1,0.10027234695319619,0.6931471805599452,0.6931471805599452
187,1187,1188,98,98,0,0.10023097739535936,0.6931471805599452,0.6931471805599452
187,1188,1189,93,93,1,0.10019561864676015,0.6931471805599454,0.6931471805599452
187,1189,1190,34,34,1,0.10029435727526159,0.6931471805599452,0.6931471805599452
187,1190,1191,44,44,1,0.10035637173462998,0.6931471805599452,0.6931471805599452
187,1191,1192,98,98,0,0.10021366642750039,0.6931471805599452,0.6931471805599452
187,1192,1193,45,45,1,0.10026034464438756,0.6931471805599452,0.6931471805599452
187,1193,1194,81,81,1,0.10021745790669948,0.6931471805599452,0.6931471805599452
187,1194,1195,5,5,1,0.10119076073169708,0.6931471805599452,0.6931471805599452
187,1195,1196,91,91,1,0.10024492196984343,0.6931471805599452,0.6931471805599452
187,1196,1197,42,42,1,0.10013291984796524,0.6931471805599452,0.6931471805599452
187,1197,1198,40,40,1,0.10001089908182621,0.6931471805599452,0.6931471805599452
187,1198,1199,41,41,1,0.10016058149134241,0.6931471805599452,0.6931471805599452
187,1199,1200,35,35,1,0.10024387474570956,0.6931471805599452,0.6931471805599452
187,1200,1201,74,74,1,0.10021052197427363,0.6931471805599454,0.6931471805599452
187,1201,1202,98,98,0,0.10019826014735261,0.6931471805599452,0.6931471805599452
187,1202,1203,49,49,1,0.10020790933346262,0.6931471805599452,0.6931471805599452
187,1203,1204,33,33,1,0.10021838861884493,0.6931471805599454,0.6931471805599452
187,1204,1205,39,39,1,0.10025014995764463,0.6931471805599452,0.6931471805599452
187,1205,1206,33,33,1,0.1001490643530181,0.6931471805599454,0.6931471805599452
187,1206,1207,56,56,1,0.10023682950330633,0.6931471805599452,0.6931471805599453
187,1207,1208,79,79,1,0.10023419398672972,0.6931471805599452,0.6931471805599452
187,1208,1209,30,30,1,0.1001013159751892,0.6931471805599452,0.6931471805599452
187,1209,1210,39,39,1,0.10023891696563134,0.6931471805599452,0.6931471805599452
187,1210,1211,98,98,0,0.10023672270531557,0.6931471805599452,0.6931471805599452
187,1211,1212,72,72,1,0.10010460671037436,0.6931471805599452,0.6931471805599452
187,1212,1213,13,13,1,0.09917295666841361,0.6931471805599454,0.6931471805599452
187,1213,1214,98,98,0,0.10022210154910477,0.6931471805599452,0.6931471805599453
187,1214,1215,33,33,1,0.1002426804466681,0.6931471805599452,0.6931471805599452
187,1215,1216,91,91,1,0.10019401452698551,0.6931471805599452,0.6931471805599452
187,1216,1217,98,98,0,0.10025626390564199,0.6931471805599452,0.6931471805599452
187,1217,1218,50,50,1,0.1001933278143406,0.6931471805599452,0.6931471805599452
187,1218,1219,49,49,1,0.10025203060738895,0.6931471805599452,0.6931471805599452
187,1219,1220,33,33,1,0.10022548789327795,0.6931471805599452,0.6931471805599452
187,1220,1221,30,30,1,0.09989335710803668,0.6931471805599454,0.6931471805599453
187,1221,1222,33,33,1,0.10022733383106464,0.6931471805599452,0.6931471805599452
187,1222,1223,65,65,1,0.10038469594258528,0.6931471805599452,0.6931471805599452
187,1223,1224,62,62,1,0.10020834291654249,0.6931471805599452,0.6931471805599452
187,1224,1225,37,37,1,0.10021649522555841,0.6931471805599452,0.6931471805599452
187,1225,1226,39,39,1,0.10026896076324658,0.6931471805599452,0.6931471805599452
187,1226,1227,53,53,1,0.10027445149871539,0.6931471805599452,0.6931471805599452
187,1227,1228,45,45,1,0.10024017459816403,0.6931471805599452,0.6931471805599452
187,1228,1229,92,92,1,0.10020283601530221,0.6931471805599452,0.6931471805599452
187,1229,1230,42,42,1,0.10016298773033279,0.6931471805599452,0.6931471805599452
187,1230,1231,44,44,1,0.10029092735864899,0.6931471805599452,0.6931471805599452
187,1231,1232,20,20,1,0.10052454210817814,0.6931471805599452,0.6931471805599452
187,1232,1233,59,59,1,0.10024050560037968,0.6931471805599452,0.6931471805599452
187,1233,1234,96,96,1,0.10017053309517603,0.6931471805599452,0.6931471805599452
187,1234,1235,47,47,1,0.1001633790896294,0.6931471805599452,0.6931471805599452
187,1235,1236,51,51,1,0.1003197617098397,0.6931471805599452,0.6931471805599452
187,1236,1237,65,65,1,0.10017681878346663,0.6931471805599454,0.6931471805599452
187,1237,1238,98,98,0,0.10020184821012068,0.6931471805599452,0.6931471805599452
187,1238,1239,61,61,1,0.10018191327814197,0.6931471805599452,0.6931471805599452
187,1239,1240,55,55,1,0.1002276976000179,0.6931471805599452,0.6931471805599452
187,1240,1241,65,65,1,0.10021390158396501,0.6931471805599452,0.6931471805599452
187,1241,1242,57,57,1,0.10021036039841802,0.6931471805599452,0.6931471805599452
187,1242,1243,47,47,1,0.10022428806157822,0.6931471805599452,0.6931471805599453
187,1243,1244,40,40,1,0.10020505841821432,0.6931471805599452,0.6931471805599452
187,1244,1245,40,40,1,0.10033185612410307,0.6931471805599452,0.6931471805599452
187,1245,1246,95,95,1,0.10022007470068178,0.6931471805599452,0.6931471805599452
187,1246,1247,98,98,0,0.10019752656926914,0.6931471805599452,0.6931471805599452
187,1247,1248,59,59,1,0.10019885521318952,0.6931471805599452,0.6931471805599452
187,1248,1249,53,53,1,0.10033154600071457,0.6931471805599452,0.6931471805599452
187,1249,1250,64,64,1,0.10017450840678066,0.6931471805599452,0.6931471805599453
187,1250,1251,41,41,1,0.10025430634254362,0.6931471805599452,0.6931471805599452
187,1251,1252,9,9,1,0.09960023230976528,0.6931471805599452,0.6931471805599452
187,1252,1253,98,98,0,0.1001836082004771,0.6931471805599454,0.6931471805599452
187,1253,1254,51,51,1,0.10016093578408747,0.6931471805599452,0.6931471805599452
187,1254,1255,55,55,1,0.10012176077474247,0.6931471805599452,0.6931471805599452
187,1255,1256,98,98,0,0.10018108534265538,0.6931471805599452,0.6931471805599452
187,1256,1257,98,98,0,0.10018960394117297,0.6931471805599452,0.6931471805599453
187,1257,1258,66,66,1,0.10013346317591089,0.6931471805599452,0.6931471805599452
187,1258,1259,98,98,0,0.10018136846471806,0.6931471805599452,0.6931471805599452
187,1259,1260,69,69,1,0.10038644593694936,0.6931471805599452,0.6931471805599452
187,1260,1261,98,98,0,0.10021541039554441,0.6931471805599452,0.6931471805599452
187,1261,1262,93,93,1,0.10017170108133747,0.6931471805599452,0.6931471805599452
187,1262,1263,98,98,0,0.10014662519097328,0.6931471805599452,0.6931471805599452
187,1263,1264,93,93,1,0.10018293575573993,0.6931471805599452,0.6931471805599453
187,1264,1265,85,85,1,0.1002642835764324,0.6931471805599452,0.6931471805599452
187,1265,1266,98,98,0,0.10017187079908896,0.6931471805599452,0.6931471805599452
187,1266,1267,98,98,0,0.10016362772000079,0.6931471805599452,0.6931471805599452
187,1267,1268,98,98,0,0.10022123576122888,0.6931471805599452,0.6931471805599452
187,1268,1269,98,98,0,0.10020164081028529,0.6931471805599452,0.6931471805599452
187,1269,1270,98,98,0,0.10015859675346589,0.6931471805599452,0.6931471805599452
187,1270,1271,9,9,1,0.09973493880695766,0.6931471805599452,0.6931471805599452
187,1271,1272,98,98,0,0.10016807548853816,0.6931471805599452,0.6931471805599452
187,1272,1273,98,98,0,0.10009749659470149,0.6931471805599452,0.6931471805599452
187,1273,1274,98,98,0,0.10019463749260318,0.6931471805599452,0.6931471805599452
187,1274,1275,98,98,0,0.1001678119812693,0.6931471805599452,0.6931471805599452
187,1275,1276,98,98,0,0.1001658711050238,0.6931471805599452,0.6931471805599452
187,1276,1277,80,80,1,0.10017424710094928,0.6931471805599452,0.6931471805599452
187,1277,1278,5,5,1,0.10388785302639007,0.6931471805599452,0.6931471805599452
187,1278,1279,98,98,0,0.10015922784805298,0.6931471805599452,0.6931471805599452
187,1279,1280,98,98,0,0.10013100223577752,0.6931471805599454,0.6931471805599452
187,1280,1281,98,98,0,0.10018731554856106,0.6931471805599452,0.6931471805599452
187,1281,1282,98,98,0,0.10014633431422468,0.6931471805599452,0.6931471805599452
187,1282,1283,98,98,0,0.10016976441351735,0.6931471805599452,0.6931471805599452
187,1283,1284,17,17,1,0.10032997368013158,0.6931471805599452,0.6931471805599452
187,1284,1285,98,98,0,0.1001960894435036,0.6931471805599452,0.6931471805599452
187,1285,1286,98,98,0,0.10017661499429723,0.6931471805599452,0.6931471805599453
187,1286,1287,93,93,1,0.10012239474122242,0.6931471805599452,0.6931471805599452
187,1287,1288,98,98,0,0.10023339328413107,0.6931471805599452,0.6931471805599452
187,1288,1289,98,98,0,0.10020840084370301,0.6931471805599454,0.6931471805599452
187,1289,1290,98,98,0,0.1002116714965324,0.6931471805599454,0.6931471805599452
187,1290,1291,76,76,1,0.10016558936944134,0.6931471805599454,0.6931471805599452
187,1291,1292,98,98,0,0.10018584056168187,0.6931471805599452,0.6931471805599452
187,1292,1293,98,98,0,0.10020412573096704,0.6931471805599452,0.6931471805599453
187,1293,1294,98,98,0,0.10024051961241937,0.6931471805599452,0.6931471805599452
187,1294,1295,98,98,0,0.1001953091852519,0.6931471805599452,0.6931471805599452
187,1295,1296,98,98,0,0.10019602208417289,0.6931471805599452,0.6931471805599452
187,1296,1297,98,98,0,0.10024557019374808,0.6931471805599452,0.6931471805599452
187,1297,1298,98,98,0,0.10025371808786782,0.6931471805599452,0.6931471805599452
187,1298,1299,98,98,0,0.10022415950590251,0.6931471805599452,0.6931471805599452
187,1299,1300,98,98,0,0.10020531128559794,0.6931471805599454,0.6931471805599453
187,1300,1301,98,98,0,0.10023334941693715,0.6931471805599452,0.6931471805599452
187,1301,1302,98,98,0,0.10022330679455582,0.6931471805599452,0.6931471805599452
187,1302,1303,97,97,1,0.1002329044120828,0.6931471805599454,0.6931471805599452
187,1303,1304,98,98,0,0.10017351783355888,0.6931471805599452,0.6931471805599452
187,1304,1305,98,98,0,0.10022347002309195,0.6931471805599454,0.6931471805599452
187,1305,1306,98,98,0,0.10041203182570789,0.6931471805599452,0.6931471805599452
187,1306,1307,69,69,1,0.10020213196243065,0.6931471805599452,0.6931471805599452
187,1307,1308,87,87,1,0.10024145099966006,0.6931471805599452,0.6931471805599453
187,1308,1309,98,98,0,0.10027712043754909,0.6931471805599452,0.6931471805599452
187,1309,1310,98,98,0,0.10019562142539998,0.6931471805599452,0.6931471805599452
187,1310,1311,98,98,0,0.10017770886117099,0.6931471805599452,0.6931471805599452
187,1311,1312,98,98,0,0.10037301724054376,0.6931471805599452,0.6931471805599452
187,1312,1313,78,78,1,0.10017111018682137,0.6931471805599452,0.6931471805599452
187,1313,1314,98,98,0,0.1001423596575552,0.6931471805599452,0.6931471805599452
187,1314,1315,98,98,0,0.10020390875181373,0.6931471805599452,0.6931471805599453
187,1315,1316,52,52,1,0.10026331690068428,0.6931471805599452,0.6931471805599452
187,1316,1317,98,98,0,0.10017537888215512,0.6931471805599452,0.6931471805599452
187,1317,1318,98,98,0,0.10020126706483412,0.6931471805599452,0.6931471805599452
187,1318,1319,98,98,0,0.10048923725072219,0.6931471805599452,0.6931471805599452
187,1319,1320,57,57,1,0.10017875215986319,0.6931471805599454,0.6931471805599452
187,1320,1321,98,98,0,0.10027098579674351,0.6931471805599452,0.6931471805599452
187,1321,1322,82,82,1,0.1002402097531935,0.6931471805599452,0.6931471805599453
187,1322,1323,98,98,0,0.10034697966612115,0.6931471805599452,0.6931471805599452
187,1323,1324,64,64,1,0.10021428496111184,0.6931471805599452,0.6931471805599452
187,1324,1325,85,85,1,0.10018762613044066,0.6931471805599452,0.6931471805599452
187,1325,1326,91,91,1,0.10014383912413985,0.6931471805599454,0.6931471805599452
187,1326,1327,98,98,0,0.10014856910827208,0.6931471805599452,0.6931471805599452
187,1327,1328,98,98,0,0.10019180680416068,0.6931471805599454,0.6931471805599452
187,1328,1329,98,98,0,0.100235643739603,0.6931471805599452,0.6931471805599453
187,1329,1330,94,94,1,0.10016239783231248,0.6931471805599452,0.6931471805599452
187,1330,1331,98,98,0,0.10022251938982886,0.6931471805599454,0.6931471805599452
187,1331,1332,98,98,1,0.10025786137094303,0.6931471805599452,0.6931471805599452
187,1332,1333,94,94,1,0.10020816429181302,0.6931471805599452,0.6931471805599452
187,1333,1334,98,98,0,0.10010785761536384,0.6931471805599452,0.6931471805599452
187,1334,1335,54,54,1,0.10014864153884075,0.6931471805599452,0.6931471805599452
187,1335,1336,98,98,0,0.10028351425212256,0.6931471805599452,0.6931471805599452
187,1336,1337,98,98,0,0.100177848521544,0.6931471805599452,0.6931471805599452
187,1337,1338,98,98,0,0.10019454002684476,0.6931471805599454,0.6931471805599452
187,1338,1339,98,98,0,0.10023638598468838,0.6931471805599452,0.6931471805599452
187,1339,1340,98,98,0,0.10021105918044947,0.6931471805599454,0.6931471805599452
187,1340,1341,98,98,0,0.10020893021505706,0.6931471805599452,0.6931471805599452
187,1341,1342,71,71,1,0.10015125897988467,0.6931471805599452,0.6931471805599452
187,1342,1343,51,51,1,0.1002192339476417,0.6931471805599452,0.6931471805599452
187,1343,1344,98,98,0,0.10023551844820684,0.6931471805599452,0.6931471805599453
187,1344,1345,98,98,0,0.10017101915211093,0.6931471805599452,0.6931471805599452
187,1345,1346,85,85,1,0.10014763667302973,0.6931471805599452,0.6931471805599452
187,1346,1347,87,87,1,0.10018548086799424,0.6931471805599452,0.6931471805599452
187,1347,1348,98,98,0,0.1001901165107075,0.6931471805599452,0.6931471805599452
187,1348,1349,98,98,0,0.10023655134196184,0.6931471805599452,0.6931471805599452
187,1349,1350,56,56,1,0.10019203874149493,0.6931471805599452,0.6931471805599452
187,1350,1351,98,98,0,0.10017036410922907,0.6931471805599452,0.6931471805599453
187,1351,1352,98,98,0,0.10017148070797628,0.6931471805599454,0.6931471805599452
187,1352,1353,98,98,0,0.10020089255911964,0.6931471805599454,0.6931471805599452
187,1353,1354,96,96,1,0.10020038159564137,0.6931471805599452,0.6931471805599452
187,1354,1355,94,94,1,0.10023014746764873,0.6931471805599452,0.6931471805599452
187,1355,1356,98,98,0,0.10011487971155011,0.6931471805599454,0.6931471805599452
187,1356,1357,98,98,1,0.10024343392982775,0.6931471805599452,0.6931471805599452
187,1357,1358,98,98,0,0.10018945690624569,0.6931471805599452,0.6931471805599453
187,1358,1359,98,98,0,0.10024846466828366,0.6931471805599452,0.6931471805599452
187,1359,1360,98,98,0,0.10020620064163695,0.6931471805599452,0.6931471805599452
187,1360,1361,95,95,1,0.10021774219839197,0.6931471805599452,0.6931471805599452
187,1361,1362,48,48,1,0.1000536922365427,0.6931471805599452,0.6931471805599452
187,1362,1363,66,66,1,0.10027831138083429,0.6931471805599452,0.6931471805599452
187,1363,1364,95,95,1,0.10015316244802977,0.6931471805599452,0.6931471805599452
187,1364,1365,96,96,1,0.1001989917519192,0.6931471805599452,0.6931471805599453
187,1365,1366,82,82,1,0.10018673321095908,0.6931471805599454,0.6931471805599453
187,1366,1367,86,86,1,0.10016051783811214,0.6931471805599452,0.6931471805599452
187,1367,1368,97,97,1,0.10023084828226837,0.6931471805599452,0.6931471805599452
187,1368,1369,81,81,1,0.10014551326080605,0.6931471805599452,0.6931471805599452
187,1369,1370,91,91,1,0.1002224339888646,0.6931471805599452,0.6931471805599452
187,1370,1371,98,98,0,0.10014301089912045,0.6931471805599452,0.6931471805599452
187,1371,1372,88,88,1,0.10020646334371784,0.6931471805599454,0.6931471805599453
187,1372,1373,94,94,1,0.10020334511361223,0.6931471805599452,0.6931471805599453
187,1373,1374,70,70,1,0.10020659044384957,0.6931471805599452,0.6931471805599452
187,1374,1375,98,98,0,0.10037832927643037,0.6931471805599454,0.6931471805599452
187,1375,1376,96,96,1,0.10016613073336582,0.6931471805599452,0.6931471805599452
187,1376,1377,98,98,0,0.10022117676479476,0.6931471805599452,0.6931471805599452
187,1377,1378,67,67,1,0.10024777310552882,0.6931471805599452,0.6931471805599452
187,1378,1379,98,98,0,0.10027412728083376,0.6931471805599452,0.6931471805599453
187,1379,1380,96,96,1,0.10016884895352025,0.6931471805599452,0.6931471805599453
187,1380,1381,90,90,1,0.10022102759944068,0.6931471805599452,0.6931471805599452
187,1381,1382,98,98,0,0.10014903598598071,0.6931471805599452,0.6931471805599452
187,1382,1383,98,98,0,0.10025097026812788,0.6931471805599452,0.6931471805599452
187,1383,1384,92,92,1,0.10021476447582245,0.6931471805599452,0.6931471805599452
187,1384,1385,44,44,1,0.10008697601204569,0.6931471805599452,0.6931471805599452
187,1385,1386,89,89,1,0.10018739003813669,0.6931471805599452,0.6931471805599452
187,1386,1387,96,96,1,0.10017481019409995,0.6931471805599452,0.6931471805599453
187,1387,1388,11,11,1,0.0988283482464877,0.6931471805599452,0.6931471805599452
187,1388,1389,98,98,0,0.1002301674108116,0.6931471805599452,0.6931471805599452
187,1389,1390,81,81,1,0.10024624511047646,0.6931471805599452,0.6931471805599452
187,1390,1391,98,98,0,0.10016038694552012,0.6931471805599452,0.6931471805599452
187,1391,1392,20,20,1,0.10006458684802055,0.6931471805599452,0.6931471805599452
187,1392,1393,58,58,1,0.1004791065793613,0.6931471805599452,0.6931471805599452
187,1393,1394,54,54,1,0.10025495207971996,0.6931471805599452,0.6931471805599453
187,1394,1395,98,98,0,0.10021640740487041,0.6931471805599452,0.6931471805599452
187,1395,1396,96,96,1,0.10019722177336614,0.6931471805599452,0.6931471805599452
187,1396,1397,96,96,1,0.1002127571652333,0.6931471805599452,0.6931471805599452
187,1397,1398,10,10,1,0.10031187012791634,0.6931471805599452,0.6931471805599452
187,1398,1399,98,98,0,0.10023557083035002,0.6931471805599452,0.6931471805599452
187,1399,1400,98,98,0,0.1002528970034755,0.6931471805599454,0.6931471805599452
187,1400,1401,19,19,1,0.10018168821146614,0.6931471805599452,0.6931471805599453
187,1401,1402,98,98,0,0.10021447625999548,0.6931471805599452,0.6931471805599452
187,1402,1403,12,12,1,0.10028085919717948,0.6931471805599454,0.6931471805599452
187,1403,1404,98,98,0,0.10034837398906143,0.6931471805599452,0.6931471805599452
187,1404,1405,98,98,0,0.1002640102286728,0.6931471805599452,0.6931471805599452
187,1405,1406,98,98,0,0.10025339254311152,0.6931471805599454,0.6931471805599452
187,1406,1407,83,83,1,0.10022380526166365,0.6931471805599452,0.6931471805599452
187,1407,1408,98,98,0,0.10017538663684106,0.6931471805599452,0.6931471805599452
187,1408,1409,66,66,1,0.10025207698345184,0.6931471805599452,0.6931471805599453
187,1409,1410,85,85,1,0.10026193971143049,0.6931471805599452,0.6931471805599452
187,1410,1411,98,98,0,0.1002674158282426,0.6931471805599452,0.6931471805599452
187,1411,1412,45,45,1,0.10024569895532397,0.6931471805599454,0.6931471805599452
187,1412,1413,98,98,0,0.10026404101933752,0.6931471805599454,0.6931471805599452
187,1413,1414,98,98,1,0.10029974290911033,0.6931471805599452,0.6931471805599452
187,1414,1415,98,98,0,0.10030927775161606,0.6931471805599454,0.6931471805599452
187,1415,1416,98,98,0,0.10024236416330143,0.6931471805599454,0.6931471805599453
187,1416,1417,98,98,0,0.10023630706935513,0.6931471805599452,0.6931471805599452
187,1417,1418,12,12,1,0.09914946742355824,0.6931471805599452,0.6931471805599452
187,1418,1419,98,98,0,0.100319540622283,0.6931471805599452,0.6931471805599452
187,1419,1420,95,95,1,0.10058119320555738,0.6931471805599452,0.6931471805599452
187,1420,1421,98,98,1,0.10069580026427094,0.6931471805599452,0.6931471805599452
187,1421,1422,61,61,1,0.10028419191720056,0.6931471805599452,0.6931471805599452
187,1422,1423,16,16,1,0.10001064324751496,0.6931471805599452,0.6931471805599453
187,1423,1424,98,98,0,0.10018107264625783,0.6931471805599452,0.6931471805599452
187,1424,1425,98,98,0,0.10018173042608768,0.6931471805599452,0.6931471805599452
187,1425,1426,98,98,0,0.10020031780004501,0.6931471805599452,0.6931471805599452
187,1426,1427,86,86,1,0.1002414425791696,0.6931471805599452,0.6931471805599452
187,1427,1428,63,63,1,0.10016238251848826,0.6931471805599452,0.6931471805599452
187,1428,1429,98,98,0,0.1003035099378654,0.6931471805599452,0.6931471805599452
187,1429,1430,96,96,1,0.10016116523183882,0.6931471805599452,0.6931471805599453
187,1430,1431,9,9,1,0.13042050848404566,0.6931471805599452,0.6931471805599453
187,1431,1432,98,98,0,0.10029072884698303,0.6931471805599452,0.6931471805599452
187,1432,1433,98,98,0,0.10021572255966615,0.6931471805599452,0.6931471805599452
187,1433,1434,6,6,1,0.09965066487590472,0.6931471805599452,0.6931471805599452
187,1434,1435,98,98,0,0.10023150410579175,0.6931471805599452,0.6931471805599452
187,1435,1436,98,98,0,0.10020679965311168,0.6931471805599452,0.6931471805599452
187,1436,1437,10,10,1,0.09972018375992775,0.6931471805599452,0.6931471805599452
187,1437,1438,9,9,1,0.10234025203519398,0.6931471805599452,0.6931471805599453
187,1438,1439,98,98,0,0.10019904892055356,0.6931471805599452,0.6931471805599452
187,1439,1440,98,98,0,0.10027417441716,0.6931471805599452,0.6931471805599452
187,1440,1441,98,98,0,0.10030300018130517,0.6931471805599452,0.6931471805599452
187,1441,1442,98,98,0,0.10044106483763578,0.6931471805599452,0.6931471805599452
187,1442,1443,89,89,1,0.10019544436690513,0.6931471805599452,0.6931471805599452
187,1443,1444,88,88,1,0.1001743401654742,0.6931471805599452,0.6931471805599452
187,1444,1445,98,98,0,0.10073698213209911,0.6931471805599452,0.6931471805599453
187,1445,1446,93,93,1,0.10058719152083961,0.6931471805599452,0.6931471805599452
187,1446,1447,91,91,1,0.10021872368160185,0.6931471805599452,0.6931471805599452
187,1447,1448,98,98,0,0.1002236162217296,0.6931471805599452,0.6931471805599452
187,1448,1449,88,88,1,0.10023702046071942,0.6931471805599452,0.6931471805599452
187,1449,1450,98,98,0,0.10018712031293889,0.6931471805599452,0.6931471805599452
187,1450,1451,93,93,1,0.10014532057828801,0.6931471805599452,0.6931471805599452
187,1451,1452,98,98,0,0.1002033136937083,0.6931471805599452,0.6931471805599453
187,1452,1453,98,98,0,0.10052440064598103,0.6931471805599452,0.6931471805599452
187,1453,1454,98,98,0,0.10016287863254547,0.6931471805599452,0.6931471805599452
187,1454,1455,98,98,0,0.10032182080405098,0.6931471805599454,0.6931471805599452
187,1455,1456,98,98,0,0.10021356470426734,0.6931471805599452,0.6931471805599452
187,1456,1457,98,98,0,0.10021716082582668,0.6931471805599452,0.6931471805599452
187,1457,1458,98,98,0,0.10034127404191057,0.6931471805599452,0.6931471805599452
187,1458,1459,9,9,1,0.10030941334035662,0.6931471805599452,0.6931471805599453
187,1459,1460,98,98,0,0.10016366421264045,0.6931471805599452,0.6931471805599452
187,1460,1461,95,95,1,0.10028871407634334,0.6931471805599452,0.6931471805599452
187,1461,1462,98,98,0,0.10037323239506507,0.6931471805599452,0.6931471805599452
187,1462,1463,98,98,0,0.10014267273399295,0.6931471805599452,0.6931471805599452
187,1463,1464,98,98,0,0.10105181447401339,0.6931471805599452,0.6931471805599452
187,1464,1465,98,98,0,0.1001411857349532,0.6931471805599454,0.6931471805599452
187,1465,1466,98,98,0,0.10020295796649796,0.6931471805599454,0.6931471805599452
187,1466,1467,8,8,1,0.10094603337347507,0.6931471805599452,0.6931471805599452
187,1467,1468,8,8,1,0.10011831484735012,0.6931471805599452,0.6931471805599452
187,1468,1469,5,5,1,0.09829215407371521,0.6931471805599452,0.6931471805599452
187,1469,1470,87,87,1,0.10014990648661537,0.6931471805599454,0.6931471805599452
187,1470,1471,98,98,0,0.10020060928500428,0.6931471805599452,0.6931471805599452
187,1471,1472,98,98,0,0.10020564063167085,0.6931471805599452,0.6931471805599452
187,1472,1473,98,98,0,0.1002141498029232,0.6931471805599452,0.6931471805599452
187,1473,1474,98,98,0,0.10017893356936318,0.6931471805599454,0.6931471805599453
187,1474,1475,20,20,1,0.10186302736401558,0.6931471805599452,0.6931471805599452
187,1475,1476,94,94,1,0.1002640683758766,0.6931471805599452,0.6931471805599452
187,1476,1477,98,98,0,0.10036945654725542,0.6931471805599452,0.6931471805599452
187,1477,1478,98,98,0,0.10022098183327792,0.6931471805599452,0.6931471805599452
187,1478,1479,98,98,0,0.10040252503691888,0.6931471805599452,0.6931471805599452
187,1479,1480,98,98,0,0.100224178132354,0.6931471805599452,0.6931471805599452
187,1480,1481,88,88,1,0.1001766063272953,0.6931471805599452,0.6931471805599453
187,1481,1482,98,98,0,0.10023473522492818,0.6931471805599454,0.6931471805599452
187,1482,1483,98,98,0,0.10034906400405631,0.6931471805599452,0.6931471805599452
187,1483,1484,98,98,0,0.10027472378343952,0.6931471805599452,0.6931471805599452
187,1484,1485,8,8,1,0.10141724720597267,0.6931471805599452,0.6931471805599452
187,1485,1486,87,87,1,0.10020192284351108,0.6931471805599452,0.6931471805599452
187,1486,1487,98,98,0,0.10014574412180453,0.6931471805599454,0.6931471805599452
187,1487,1488,98,98,0,0.10015652549205994,0.6931471805599454,0.6931471805599453
187,1488,1489,98,98,0,0.10020723399154995,0.6931471805599452,0.6931471805599452
187,1489,1490,98,98,0,0.10045044413026498,0.6931471805599452,0.6931471805599452
187,1490,1491,98,98,0,0.10016983055642673,0.6931471805599452,0.6931471805599452
187,1491,1492,98,98,0,0.10023315281284098,0.6931471805599452,0.6931471805599452
187,1492,1493,87,87,1,0.10018799094290569,0.6931471805599452,0.6931471805599452
187,1493,1494,14,14,1,0.09971831951822553,0.6931471805599452,0.6931471805599452
187,1494,1495,5,5,1,0.10146226286888123,0.6931471805599452,0.6931471805599453
187,1495,1496,77,77,1,0.10019096809548217,0.6931471805599452,0.6931471805599452
187,1496,1497,98,98,0,0.1001962311565876,0.6931471805599452,0.6931471805599452
187,1497,1498,98,98,0,0.10034211603354434,0.6931471805599452,0.6931471805599452
187,1498,1499,98,98,0,0.1002303568684325,0.6931471805599452,0.6931471805599452
187,1499,1500,98,98,0,0.1001802305785977,0.6931471805599452,0.6931471805599452
187,1500,1501,15,15,1,0.09986817042032878,0.6931471805599452,0.6931471805599452
187,1501,1502,98,98,1,0.10022351373823321,0.6931471805599452,0.6931471805599452
187,1502,1503,8,8,1,0.10001202579587698,0.6931471805599452,0.6931471805599453
187,1503,1504,81,81,1,0.10059939058106622,0.6931471805599452,0.6931471805599452
187,1504,1505,98,98,0,0.10029932712109721,0.6931471805599454,0.6931471805599452
187,1505,1506,20,20,1,0.10025948658585548,0.6931471805599452,0.6931471805599452
187,1506,1507,98,98,0,0.10015973311905958,0.6931471805599452,0.6931471805599452
187,1507,1508,98,98,0,0.10020408315622077,0.6931471805599454,0.6931471805599452
187,1508,1509,10,10,1,0.09903424680233001,0.6931471805599452,0.6931471805599452
187,1509,1510,98,98,0,0.10059907439411903,0.6931471805599452,0.6931471805599453
187,1510,1511,98,98,0,0.10022088467162482,0.6931471805599454,0.6931471805599452
187,1511,1512,5,5,1,0.09869669079780578,0.6931471805599452,0.6931471805599452
187,1512,1513,98,98,0,0.10015231903110232,0.6931471805599452,0.6931471805599452
187,1513,1514,98,98,0,0.1001616050394214,0.6931471805599452,0.6931471805599452
187,1514,1515,98,98,0,0.10097075253725052,0.6931471805599452,0.6931471805599452
187,1515,1516,98,98,0,0.1001836475821174,0.6931471805599454,0.6931471805599452
187,1516,1517,9,9,1,0.10010379470056957,0.6931471805599452,0.6931471805599453
187,1517,1518,86,86,1,0.10077343595235846,0.6931471805599452,0.6931471805599452
187,1518,1519,59,59,1,0.10162897723711144,0.6931471805599454,0.6931471805599452
187,1519,1520,92,92,1,0.10023011696403442,0.6931471805599452,0.6931471805599452
187,1520,1521,98,98,0,0.10017755772082174,0.6931471805599452,0.6931471805599452
187,1521,1522,5,5,1,0.10360661745071412,0.6931471805599452,0.6931471805599452
187,1522,1523,20,20,1,0.10043153874576091,0.6931471805599452,0.6931471805599452
187,1523,1524,98,98,0,0.10024052052473535,0.6931471805599452,0.6931471805599452
187,1524,1525,5,5,1,0.11542222499847413,0.6931471805599452,0.6931471805599452
187,1525,1526,98,98,0,0.10053409917318092,0.6931471805599454,0.6931471805599452
187,1526,1527,20,20,1,0.10150247514247894,0.6931471805599452,0.6931471805599452
187,1527,1528,98,98,0,0.10020124022753871,0.6931471805599452,0.6931471805599452
187,1528,1529,11,11,1,0.1031971729614518,0.6931471805599452,0.6931471805599452
187,1529,1530,9,9,1,0.09932516680823432,0.6931471805599452,0.6931471805599452
187,1530,1531,95,95,1,0.10013727404569325,0.6931471805599452,0.6931471805599452
187,1531,1532,98,98,0,0.10008863367292346,0.6931471805599454,0.6931471805599453
187,1532,1533,98,98,0,0.10022248776287448,0.6931471805599452,0.6931471805599452
187,1533,1534,98,98,0,0.10198848382854948,0.6931471805599454,0.6931471805599452
187,1534,1535,98,98,0,0.10025889973859398,0.6931471805599452,0.6931471805599452
187,1535,1536,98,98,0,0.10025091606135271,0.6931471805599452,0.6931471805599452
187,1536,1537,98,98,0,0.10019802279314216,0.6931471805599452,0.6931471805599452
187,1537,1538,98,98,0,0.10057596216092304,0.6931471805599452,0.6931471805599452
187,1538,1539,12,12,1,0.10064925688008468,0.6931471805599452,0.6931471805599453
187,1539,1540,98,98,0,0.10014215066116683,0.6931471805599452,0.6931471805599452
187,1540,1541,21,21,1,0.10010881154310136,0.6931471805599452,0.6931471805599452
187,1541,1542,5,5,1,0.10045157968997956,0.6931471805599452,0.6931471805599452
187,1542,1543,16,16,1,0.10027509182691574,0.6931471805599452,0.6931471805599452
187,1543,1544,98,98,0,0.10023628494569234,0.6931471805599452,0.6931471805599452
187,1544,1545,98,98,0,0.10020395208682333,0.6931471805599454,0.6931471805599452
187,1545,1546,84,84,1,0.10049109027854033,0.6931471805599452,0.6931471805599453
187,1546,1547,5,5,1,0.10489746779203415,0.6931471805599452,0.6931471805599452
187,1547,1548,83,83,1,0.10025732874511237,0.6931471805599452,0.6931471805599452
187,1548,1549,9,9,1,0.09828957335816489,0.6931471805599452,0.6931471805599452
187,1549,1550,5,5,1,0.09900098890066147,0.6931471805599452,0.6931471805599452
187,1550,1551,11,11,1,0.1000480970198458,0.6931471805599452,0.6931471805599452
187,1551,1552,5,5,1,0.0996593952178955,0.6931471805599452,0.6931471805599452
187,1552,1553,98,98,0,0.10022434607452275,0.6931471805599452,0.6931471805599453
187,1553,1554,5,5,1,0.09884292930364609,0.6931471805599452,0.6931471805599452
187,1554,1555,5,5,1,0.09841334521770477,0.6931471805599452,0.6931471805599452
187,1555,1556,98,98,0,0.1002232375345668,0.6931471805599452,0.6931471805599452
187,1556,1557,5,5,1,0.10175668746232987,0.6931471805599452,0.6931471805599452
187,1557,1558,98,98,0,0.10017852819695765,0.6931471805599452,0.6931471805599452
187,1558,1559,98,98,0,0.10012851511033213,0.6931471805599452,0.6931471805599452
187,1559,1560,5,5,1,0.1004350170493126,0.6931471805599452,0.6931471805599453
187,1560,1561,98,98,0,0.10018800723613525,0.6931471805599454,0.6931471805599453
187,1561,1562,98,98,0,0.10023241566151989,0.6931471805599452,0.6931471805599452
187,1562,1563,98,98,0,0.1002116397935517,0.6931471805599452,0.6931471805599452
187,1563,1564,9,9,1,0.10155735744370355,0.6931471805599452,0.6931471805599452
187,1564,1565,98,98,0,0.10019378318470351,0.6931471805599452,0.6931471805599452
187,1565,1566,98,98,0,0.10021108799442953,0.6931471805599452,0.6931471805599452
187,1566,1567,5,5,1,0.0998190090060234,0.6931471805599452,0.6931471805599452
187,1567,1568,9,9,1,0.10053814036978616,0.6931471805599452,0.6931471805599453
187,1568,1569,98,98,0,0.10018418797728967,0.6931471805599452,0.6931471805599452
187,1569,1570,98,98,0,0.10018214629012712,0.6931471805599454,0.6931471805599452
187,1570,1571,19,19,1,0.10038021442137267,0.6931471805599452,0.6931471805599452
187,1571,1572,8,8,1,0.10155842546373606,0.6931471805599452,0.6931471805599452
187,1572,1573,98,98,0,0.10014868786140364,0.6931471805599454,0.6931471805599452
187,1573,1574,98,98,0,0.1002178220268415,0.6931471805599452,0.6931471805599452
187,1574,1575,9,9,1,0.10056370745102565,0.6931471805599452,0.6931471805599453
187,1575,1576,98,98,0,0.10018035138444024,0.6931471805599452,0.6931471805599452
187,1576,1577,8,8,1,0.09900609962642193,0.6931471805599452,0.6931471805599452
187,1577,1578,5,5,1,0.10107761770486831,0.6931471805599452,0.6931471805599452
187,1578,1579,5,5,1,0.099208864569664,0.6931471805599452,0.6931471805599452
187,1579,1580,98,98,0,0.10076317723308291,0.6931471805599452,0.6931471805599452
187,1580,1581,98,98,0,0.10025700501033238,0.6931471805599454,0.6931471805599452
187,1581,1582,98,98,0,0.10014756670107647,0.6931471805599452,0.6931471805599453
187,1582,1583,98,98,0,0.10020765730616998,0.6931471805599452,0.6931471805599452
187,1583,1584,98,98,0,0.10035537989163885,0.6931471805599452,0.6931471805599452
187,1584,1585,98,98,0,0.10021913659815886,0.6931471805599452,0.6931471805599452
187,1585,1586,98,98,0,0.10020855244021026,0.6931471805599452,0.6931471805599452
187,1586,1587,9,9,1,0.10007812910609776,0.6931471805599452,0.6931471805599452
187,1587,1588,92,92,1,0.10015922655229983,0.6931471805599452,0.6931471805599452
187,1588,1589,8,8,1,0.09887030627578497,0.6931471805599452,0.6931471805599453
187,1589,1590,98,98,0,0.10024856547920072,0.6931471805599452,0.6931471805599452
187,1590,1591,98,98,0,0.10020958419357028,0.6931471805599452,0.6931471805599452
187,1591,1592,87,87,1,0.1002841638080005,0.6931471805599452,0.6931471805599452
187,1592,1593,98,98,0,0.10023504662878659,0.6931471805599452,0.6931471805599452
187,1593,1594,98,98,0,0.10023608803749084,0.6931471805599452,0.6931471805599452
187,1594,1595,98,98,0,0.10021317932678729,0.6931471805599452,0.6931471805599452
187,1595,1596,98,98,0,0.10022669969772806,0.6931471805599454,0.6931471805599452
187,1596,1597,98,98,0,0.10018166253457264,0.6931471805599452,0.6931471805599453
187,1597,1598,60,60,1,0.10025717777510484,0.6931471805599452,0.6931471805599452
187,1598,1599,17,17,1,0.10071963948362014,0.6931471805599452,0.6931471805599452
187,1599,1600,5,5,1,0.11267493367195129,0.6931471805599452,0.6931471805599452
187,1600,1601,98,98,0,0.10019076866458873,0.6931471805599452,0.6931471805599452
187,1601,1602,98,98,0,0.10019555383799028,0.6931471805599454,0.6931471805599452
187,1602,1603,98,98,0,0.10020374590340926,0.6931471805599452,0.6931471805599452
187,1603,1604,98,98,0,0.1001699982705165,0.6931471805599452,0.6931471805599453
187,1604,1605,89,89,1,0.10029468584931299,0.6931471805599452,0.6931471805599452
187,1605,1606,98,98,0,0.10014449105579026,0.6931471805599452,0.6931471805599452
187,1606,1607,98,98,0,0.10019860652332403,0.6931471805599452,0.6931471805599452
187,1607,1608,98,98,0,0.10022315740281222,0.6931471805599452,0.6931471805599452
187,1608,1609,98,98,0,0.10008917999814967,0.6931471805599454,0.6931471805599452
187,1609,1610,98,98,0,0.10025375800169244,0.6931471805599452,0.6931471805599452
187,1610,1611,19,19,1,0.10008127556035393,0.6931471805599452,0.6931471805599453
187,1611,1612,98,98,0,0.10026747710546668,0.6931471805599454,0.6931471805599452
187,1612,1613,98,98,0,0.10022246160981607,0.6931471805599452,0.6931471805599452
187,1613,1614,98,98,1,0.1002508093203817,0.6931471805599452,0.6931471805599452
187,1614,1615,98,98,0,0.10021232524696662,0.6931471805599452,0.6931471805599452
187,1615,1616,98,98,0,0.10025959484735314,0.6931471805599452,0.6931471805599452
187,1616,1617,98,98,0,0.10027734053378203,0.6931471805599452,0.6931471805599452
187,1617,1618,98,98,0,0.10039206822307742,0.6931471805599452,0.6931471805599453
187,1618,1619,98,98,0,0.10016165156753695,0.6931471805599454,0.6931471805599452
187,1619,1620,98,98,0,0.10022991705609828,0.6931471805599454,0.6931471805599452
187,1620,1621,98,98,0,0.10019374022982558,0.6931471805599452,0.6931471805599452
187,1621,1622,98,98,0,0.1002683951234331,0.6931471805599452,0.6931471805599452
187,1622,1623,98,98,0,0.10017616324582879,0.6931471805599454,0.6931471805599452
187,1623,1624,9,9,1,0.1056828432612949,0.6931471805599452,0.6931471805599452
187,1624,1625,90,90,1,0.10048715199033419,0.6931471805599452,0.6931471805599452
187,1625,1626,98,98,0,0.1001649377297382,0.6931471805599452,0.6931471805599453
187,1626,1627,98,98,0,0.1018882466061991,0.6931471805599452,0.6931471805599452
187,1627,1628,98,98,0,0.10023656000896376,0.6931471805599452,0.6931471805599452
187,1628,1629,98,98,0,0.10022173266933888,0.6931471805599452,0.6931471805599452
187,1629,1630,72,72,1,0.10020014353924328,0.6931471805599452,0.6931471805599452
187,1630,1631,98,98,0,0.1007883410368647,0.6931471805599454,0.6931471805599452
187,1631,1632,98,98,0,0.10031523023332868,0.6931471805599454,0.6931471805599452
187,1632,1633,98,98,0,0.10025728645981574,0.6931471805599452,0.6931471805599453
187,1633,1634,98,98,0,0.10023807757058922,0.6931471805599452,0.6931471805599452
187,1634,1635,93,93,1,0.10027357351074936,0.6931471805599452,0.6931471805599452
187,1635,1636,98,98,0,0.10018810546215699,0.6931471805599454,0.6931471805599452
187,1636,1637,98,98,0,0.1002193667298677,0.6931471805599452,0.6931471805599452
187,1637,1638,98,98,0,0.10023123421231095,0.6931471805599452,0.6931471805599452
187,1638,1639,98,98,0,0.1002942360177332,0.6931471805599452,0.6931471805599452
187,1639,1640,98,98,0,0.10024236036198479,0.6931471805599452,0.6931471805599453
187,1640,1641,98,98,0,0.10025220790079661,0.6931471805599452,0.6931471805599452
187,1641,1642,98,98,0,0.1001867383566438,0.6931471805599454,0.6931471805599452
187,1642,1643,98,98,0,0.10019523658010425,0.6931471805599452,0.6931471805599452
187,1643,1644,98,98,0,0.10018903062659867,0.6931471805599454,0.6931471805599452
187,1644,1645,98,98,0,0.10020788059550889,0.6931471805599452,0.6931471805599452
187,1645,1646,98,98,0,0.10020952329647784,0.6931471805599452,0.6931471805599452
187,1646,1647,98,98,0,0.10021996794610608,0.6931471805599452,0.6931471805599453
187,1647,1648,98,98,0,0.1002798136703822,0.6931471805599452,0.6931471805599453
187,1648,1649,98,98,0,0.10027662786294003,0.6931471805599452,0.6931471805599452
187,1649,1650,98,98,0,0.10027552973859165,0.6931471805599452,0.6931471805599452
187,1650,1651,98,98,0,0.10025902951554376,0.6931471805599452,0.6931471805599452
187,1651,1652,98,98,0,0.10027306724567803,0.6931471805599452,0.6931471805599452
187,1652,1653,98,98,0,0.10024167414830655,0.6931471805599452,0.6931471805599452
187,1653,1654,98,98,0,0.10019923860625345,0.6931471805599452,0.6931471805599453
187,1654,1655,98,98,0,0.10024999272154302,0.6931471805599452,0.6931471805599453
187,1655,1656,98,98,0,0.10025022444980485,0.6931471805599452,0.6931471805599452
187,1656,1657,98,98,0,0.10027786207442381,0.6931471805599452,0.6931471805599452
187,1657,1658,98,98,0,0.10032466639365469,0.6931471805599452,0.6931471805599452
187,1658,1659,98,98,0,0.10025906159865614,0.6931471805599454,0.6931471805599452
187,1659,1660,97,97,1,0.10020841734925497,0.6931471805599452,0.6931471805599452
187,1660,1661,98,98,0,0.10017541499466312,0.6931471805599452,0.6931471805599452
187,1661,1662,98,98,0,0.1001833089608319,0.6931471805599452,0.6931471805599453
187,1662,1663,98,98,0,0.10043358909232276,0.6931471805599452,0.6931471805599452
187,1663,1664,98,98,0,0.10026979598463798,0.6931471805599452,0.6931471805599452
187,1664,1665,98,98,0,0.10021685314725856,0.6931471805599454,0.6931471805599452
187,1665,1666,98,98,0,0.10033895691134492,0.6931471805599452,0.6931471805599452
187,1666,1667,98,98,0,0.10029376647910293,0.6931471805599452,0.6931471805599452
187,1667,1668,98,98,0,0.1002483964726633,0.6931471805599454,0.6931471805599452
187,1668,1669,98,98,0,0.10029194511625232,0.6931471805599454,0.6931471805599453
187,1669,1670,98,98,0,0.10416060518853519,0.6931471805599452,0.6931471805599452
187,1670,1671,98,98,0,0.1003260404935905,0.6931471805599454,0.6931471805599452
187,1671,1672,98,98,0,0.10024479084781238,0.6931471805599452,0.6931471805599452
187,1672,1673,98,98,0,0.10025859958663279,0.6931471805599452,0.6931471805599452
187,1673,1674,98,98,0,0.10034675873359855,0.6931471805599452,0.6931471805599452
187,1674,1675,98,98,0,0.10024396140052348,0.6931471805599452,0.6931471805599452
187,1675,1676,98,98,0,0.10025808754928257,0.6931471805599452,0.6931471805599453
187,1676,1677,98,98,0,0.10064343925641507,0.6931471805599452,0.6931471805599453
187,1677,1678,98,98,0,0.10046142864288116,0.6931471805599454,0.6931471805599452
187,1678,1679,98,98,0,0.10022519445236848,0.6931471805599454,0.6931471805599452
187,1679,1680,98,98,0,0.1002360392285853,0.6931471805599452,0.6931471805599452
187,1680,1681,98,98,0,0.10026827332924823,0.6931471805599452,0.6931471805599452
187,1681,1682,98,98,0,0.1002263108230367,0.6931471805599452,0.6931471805599452
187,1682,1683,98,98,0,0.1002228667541426,0.6931471805599454,0.6931471805599453
187,1683,1684,98,98,0,0.10016113162344815,0.6931471805599452,0.6931471805599453
187,1684,1685,98,98,0,0.1002549170991596,0.6931471805599452,0.6931471805599452
187,1685,1686,98,98,0,0.10029630089292721,0.6931471805599452,0.6931471805599452
187,1686,1687,8,8,1,0.1025483226403594,0.6931471805599452,0.6931471805599452
187,1687,1688,98,98,0,0.10044773287919102,0.6931471805599452,0.6931471805599452
187,1688,1689,98,98,0,0.10063520788538213,0.6931471805599452,0.6931471805599452
187,1689,1690,98,98,0,0.10039293887663861,0.6931471805599452,0.6931471805599453
187,1690,1691,98,98,0,0.10061708617271209,0.6931471805599454,0.6931471805599453
187,1691,1692,98,98,0,0.10034839634080323,0.6931471805599452,0.6931471805599452
187,1692,1693,98,98,0,0.10019676615389025,0.6931471805599454,0.6931471805599452
187,1693,1694,77,77,1,0.1003509255779254,0.6931471805599452,0.6931471805599452
187,1694,1695,98,98,0,0.10025652467596288,0.6931471805599454,0.6931471805599452
187,1695,1696,98,98,0,0.1003176426248891,0.6931471805599452,0.6931471805599452
187,1696,1697,8,8,1,0.11100054439157248,0.6931471805599452,0.6931471805599452
187,1697,1698,98,98,0,0.10034074527876717,0.6931471805599452,0.6931471805599453
187,1698,1699,98,98,0,0.10027786853666208,0.6931471805599452,0.6931471805599453
187,1699,1700,98,98,0,0.10028946734204584,0.6931471805599452,0.6931471805599452
187,1700,1701,98,98,0,0.1003825772477656,0.6931471805599454,0.6931471805599452
187,1701,1702,98,98,0,0.10134541631049039,0.6931471805599452,0.6931471805599452
187,1702,1703,48,48,1,0.10123643806825082,0.6931471805599452,0.6931471805599452
187,1703,1704,98,98,0,0.10032058894938352,0.6931471805599452,0.6931471805599452
187,1704,1705,41,41,1,0.1002991464806766,0.6931471805599452,0.6931471805599453
187,1705,1706,10,10,1,0.13138817772269248,0.6931471805599452,0.6931471805599453
187,1706,1707,98,98,0,0.10116852576635321,0.6931471805599452,0.6931471805599452
187,1707,1708,98,98,0,0.10033891844202061,0.6931471805599452,0.6931471805599452
187,1708,1709,98,98,0,0.10019049268900132,0.6931471805599452,0.6931471805599452
187,1709,1710,98,98,0,0.10032222397169288,0.6931471805599452,0.6931471805599452
187,1710,1711,98,98,0,0.10034695001585144,0.6931471805599452,0.6931471805599452
187,1711,1712,98,98,0,0.10014616743642457,0.6931471805599452,0.6931471805599453
187,1712,1713,98,98,0,0.10026903701375942,0.6931471805599454,0.6931471805599453
187,1713,1714,65,65,1,0.10030411115059486,0.6931471805599452,0.6931471805599452
187,1714,1715,94,94,1,0.10030960735488445,0.6931471805599452,0.6931471805599452
187,1715,1716,58,58,1,0.10021019470075081,0.6931471805599454,0.6931471805599452
187,1716,1717,59,59,1,0.10052752962051811,0.6931471805599452,0.6931471805599452
187,1717,1718,98,98,0,0.10031810357254378,0.6931471805599452,0.6931471805599452
187,1718,1719,98,98,0,0.10030636662731365,0.6931471805599452,0.6931471805599453
187,1719,1720,98,98,0,0.10050631056026536,0.6931471805599452,0.6931471805599453
187,1720,1721,98,98,0,0.10034892974155289,0.6931471805599452,0.6931471805599452
187,1721,1722,11,11,1,0.10156937011263588,0.6931471805599452,0.6931471805599452
187,1722,1723,98,98,0,0.10038202848969674,0.6931471805599452,0.6931471805599452
187,1723,1724,98,98,0,0.10040651900427681,0.6931471805599452,0.6931471805599452
187,1724,1725,98,98,0,0.10044991133772598,0.6931471805599452,0.6931471805599452
187,1725,1726,98,98,0,0.10024958742516381,0.6931471805599454,0.6931471805599452
187,1726,1727,98,98,0,0.10043491331898437,0.6931471805599452,0.6931471805599453
187,1727,1728,94,94,1,0.10108496304205124,0.6931471805599454,0.6931471805599453
187,1728,1729,9,9,1,0.10096725324789683,0.6931471805599452,0.6931471805599452
187,1729,1730,98,98,0,0.10027412051449017,0.6931471805599452,0.6931471805599452
187,1730,1731,92,92,1,0.10062127868118494,0.6931471805599452,0.6931471805599452
187,1731,1732,98,98,1,0.10036696425201941,0.6931471805599454,0.6931471805599452
187,1732,1733,89,89,1,0.10027795418929518,0.6931471805599452,0.6931471805599452
187,1733,1734,55,55,1,0.10024522895162756,0.6931471805599452,0.6931471805599453
187,1734,1735,47,47,1,0.1004117246954999,0.6931471805599452,0.6931471805599453
187,1735,1736,10,10,1,0.09955010786652566,0.6931471805599452,0.6931471805599452
187,1736,1737,98,98,0,0.10039500048270031,0.6931471805599452,0.6931471805599452
187,1737,1738,98,98,0,0.10091846702354294,0.6931471805599454,0.6931471805599452
187,1738,1739,98,98,0,0.100296572382961,0.6931471805599452,0.6931471805599452
187,1739,1740,98,98,0,0.10021826343572869,0.6931471805599452,0.6931471805599452
187,1740,1741,94,94,1,0.10025743934068274,0.6931471805599452,0.6931471805599453
187,1741,1742,98,98,0,0.10034042627227549,0.6931471805599454,0.6931471805599453
187,1742,1743,43,43,1,0.10020082599894944,0.6931471805599452,0.6931471805599452
187,1743,1744,84,84,1,0.10049956522527195,0.6931471805599452,0.6931471805599452
187,1744,1745,35,35,1,0.10055619456938335,0.6931471805599452,0.6931471805599452
187,1745,1746,98,98,0,0.10030443951183436,0.6931471805599452,0.6931471805599452
187,1746,1747,47,47,1,0.10105102905567656,0.6931471805599452,0.6931471805599452
187,1747,1748,98,98,0,0.1006606294184315,0.6931471805599452,0.6931471805599452
187,1748,1749,54,54,1,0.10085181133062751,0.6931471805599452,0.6931471805599453
187,1749,1750,70,70,1,0.10051013986979213,0.6931471805599452,0.6931471805599452
187,1750,1751,14,14,1,0.10133150486009461,0.6931471805599452,0.6931471805599452
187,1751,1752,61,61,1,0.10040840494339584,0.6931471805599452,0.6931471805599452
187,1752,1753,98,98,0,0.1003017182252845,0.6931471805599452,0.6931471805599452
187,1753,1754,84,84,1,0.10040168091654778,0.6931471805599452,0.6931471805599452
187,1754,1755,98,98,0,0.10034588009727244,0.6931471805599452,0.6931471805599452
187,1755,1756,98,98,0,0.10042033177249286,0.6931471805599454,0.6931471805599453
187,1756,1757,98,98,0,0.10016536735454384,0.6931471805599452,0.6931471805599452
187,1757,1758,98,98,0,0.10043115662981053,0.6931471805599452,0.6931471805599452
187,1758,1759,73,73,1,0.10051235760727974,0.6931471805599452,0.6931471805599452
187,1759,1760,98,98,0,0.10031738360317385,0.6931471805599452,0.6931471805599452
187,1760,1761,98,98,0,0.10043759902521056,0.6931471805599454,0.6931471805599452
187,1761,1762,98,98,0,0.10011459636140843,0.6931471805599452,0.6931471805599452
187,1762,1763,79,79,1,0.10042618705502039,0.6931471805599452,0.6931471805599453
187,1763,1764,98,98,0,0.10024554898240129,0.6931471805599452,0.6931471805599453
187,1764,1765,49,49,1,0.10056067349351182,0.6931471805599452,0.6931471805599452
187,1765,1766,60,60,1,0.10612577299276987,0.6931471805599452,0.6931471805599452
187,1766,1767,79,79,1,0.10025284146960778,0.6931471805599452,0.6931471805599452
187,1767,1768,73,73,1,0.100655807003583,0.6931471805599452,0.6931471805599452
187,1768,1769,91,91,1,0.1004435460973572,0.6931471805599452,0.6931471805599452
187,1769,1770,64,64,1,0.10017479315865785,0.6931471805599452,0.6931471805599453
187,1770,1771,48,48,1,0.10096953219423692,0.6931471805599452,0.6931471805599453
187,1771,1772,98,98,0,0.10046394617885959,0.6931471805599452,0.6931471805599452
187,1772,1773,59,59,1,0.10121689193834693,0.6931471805599454,0.6931471805599452
187,1773,1774,92,92,1,0.10047802337161872,0.6931471805599452,0.6931471805599452
187,1774,1775,54,54,1,0.10751648799136833,0.6931471805599454,0.6931471805599452
187,1775,1776,45,45,1,0.10033605794111887,0.6931471805599452,0.6931471805599452
187,1776,1777,98,98,0,0.10023148335060295,0.6931471805599454,0.6931471805599452
187,1777,1778,98,98,0,0.1003587056635594,0.6931471805599452,0.6931471805599453
187,1778,1779,72,72,1,0.10072650781108274,0.6931471805599452,0.6931471805599452
187,1779,1780,98,98,0,0.10073287686219021,0.6931471805599452,0.6931471805599452
187,1780,1781,86,86,1,0.10040388169676759,0.6931471805599452,0.6931471805599452
187,1781,1782,59,59,1,0.10049051261049206,0.6931471805599454,0.6931471805599452
187,1782,1783,98,98,0,0.10041837333416452,0.6931471805599452,0.6931471805599452
187,1783,1784,47,47,1,0.10108962987965726,0.6931471805599452,0.6931471805599452
187,1784,1785,68,68,1,0.10019961185753345,0.6931471805599452,0.6931471805599453
187,1785,1786,57,57,1,0.10027511653147246,0.6931471805599452,0.6931471805599452
187,1786,1787,89,89,1,0.10033120767454083,0.6931471805599452,0.6931471805599452
187,1787,1788,74,74,1,0.100472295505775,0.6931471805599452,0.6931471805599452
187,1788,1789,75,75,1,0.10074980914592743,0.6931471805599452,0.6931471805599452
187,1789,1790,98,98,0,0.10028432028330102,0.6931471805599452,0.6931471805599452
187,1790,1791,21,21,1,0.09982621776206153,0.6931471805599452,0.6931471805599452
187,1791,1792,42,42,1,0.10038957744836807,0.6931471805599452,0.6931471805599453
187,1792,1793,62,62,1,0.10065407209819363,0.6931471805599452,0.6931471805599453
187,1793,1794,8,8,1,0.10070809442549944,0.6931471805599452,0.6931471805599452
187,1794,1795,47,47,1,0.10050772431683033,0.6931471805599452,0.6931471805599452
187,1795,1796,74,74,1,0.10033159994998493,0.6931471805599452,0.6931471805599452
187,1796,1797,78,78,1,0.10052179975005296,0.6931471805599452,0.6931471805599452
187,1797,1798,98,98,0,0.10026509922986128,0.6931471805599454,0.6931471805599452
187,1798,1799,98,98,0,0.10031873269044624,0.6931471805599452,0.6931471805599452
187,1799,1800,98,98,0,0.10025739578568206,0.6931471805599452,0.6931471805599453
187,1800,1801,98,98,0,0.10031866145377256,0.6931471805599452,0.6931471805599452
187,1801,1802,87,87,1,0.10293423786930654,0.6931471805599452,0.6931471805599452
187,1802,1803,96,96,1,0.10032938956283033,0.6931471805599452,0.6931471805599452
187,1803,1804,98,98,0,0.10025183856487274,0.6931471805599452,0.6931471805599452
187,1804,1805,13,13,1,0.10158390723741971,0.6931471805599454,0.6931471805599452
187,1805,1806,98,98,0,0.1003173189047648,0.6931471805599454,0.6931471805599452
187,1806,1807,56,56,1,0.1005756211067949,0.6931471805599452,0.6931471805599453
187,1807,1808,79,79,1,0.10044502778143823,0.6931471805599452,0.6931471805599452
187,1808,1809,82,82,1,0.10049584389823239,0.6931471805599452,0.6931471805599452
187,1809,1810,98,98,0,0.1003041776771448,0.6931471805599452,0.6931471805599452
187,1810,1811,49,49,1,0.10033795602467595,0.6931471805599452,0.6931471805599452
187,1811,1812,96,96,1,0.1009351834654808,0.6931471805599452,0.6931471805599452
187,1812,1813,98,98,0,0.10040977506005035,0.6931471805599454,0.6931471805599452
187,1813,1814,43,43,1,0.10108517162328542,0.6931471805599452,0.6931471805599453
187,1814,1815,90,90,1,0.10033254325389862,0.6931471805599452,0.6931471805599452
187,1815,1816,98,98,0,0.10024600438013369,0.6931471805599452,0.6931471805599452
187,1816,1817,9,9,1,0.10252760102351506,0.6931471805599452,0.6931471805599452
187,1817,1818,98,98,0,0.10030507881726537,0.6931471805599452,0.6931471805599452
187,1818,1819,91,91,1,0.10048209974071481,0.6931471805599454,0.6931471805599452
187,1819,1820,98,98,0,0.1002287993929824,0.6931471805599454,0.6931471805599452
187,1820,1821,39,39,1,0.10025976731991157,0.6931471805599452,0.6931471805599453
187,1821,1822,98,98,0,0.10036909983170275,0.6931471805599452,0.6931471805599453
187,1822,1823,98,98,0,0.10043062642216682,0.6931471805599452,0.6931471805599452
187,1823,1824,86,86,1,0.10022358518353729,0.6931471805599452,0.6931471805599452
187,1824,1825,81,81,1,0.10042201920791909,0.6931471805599452,0.6931471805599452
187,1825,1826,82,82,1,0.10042337200990538,0.6931471805599452,0.6931471805599452
187,1826,1827,72,72,1,0.10039639545397626,0.6931471805599454,0.6931471805599452
187,1827,1828,95,95,1,0.1004488227398772,0.6931471805599452,0.6931471805599452
187,1828,1829,23,23,1,0.09991557928531067,0.6931471805599452,0.6931471805599453
187,1829,1830,59,59,1,0.10043396194607525,0.6931471805599454,0.6931471805599452
187,1830,1831,98,98,0,0.10029625360454832,0.6931471805599452,0.6931471805599452
187,1831,1832,98,98,0,0.10021827902112689,0.6931471805599452,0.6931471805599452
187,1832,1833,98,98,0,0.10052223982555526,0.6931471805599452,0.6931471805599452
187,1833,1834,98,98,0,0.10024520351874586,0.6931471805599452,0.6931471805599452
187,1834,1835,65,65,1,0.10058621718333317,0.6931471805599452,0.6931471805599452
187,1835,1836,92,92,1,0.10056967223468034,0.6931471805599452,0.6931471805599453
187,1836,1837,8,8,1,0.10247618239372969,0.6931471805599452,0.6931471805599452
187,1837,1838,51,51,1,0.10095669621346044,0.6931471805599452,0.6931471805599452
187,1838,1839,85,85,1,0.10074747949838639,0.6931471805599452,0.6931471805599452
187,1839,1840,98,98,0,0.10131934133111214,0.6931471805599454,0.6931471805599452
187,1840,1841,98,98,0,0.1029544712937608,0.6931471805599452,0.6931471805599452
187,1841,1842,98,98,0,0.10033479363334422,0.6931471805599454,0.6931471805599452
187,1842,1843,98,98,0,0.10041944545750715,0.6931471805599452,0.6931471805599453
187,1843,1844,98,98,0,0.10024731933158271,0.6931471805599452,0.6931471805599452
187,1844,1845,98,98,0,0.10053123495712572,0.6931471805599454,0.6931471805599452
187,1845,1846,47,47,1,0.10053447570572509,0.6931471805599452,0.6931471805599452
187,1846,1847,97,97,1,0.10052390803688581,0.6931471805599452,0.6931471805599452
187,1847,1848,46,46,1,0.10148045679797298,0.6931471805599452,0.6931471805599452
187,1848,1849,98,98,0,0.10031319599674672,0.6931471805599452,0.6931471805599452
187,1849,1850,98,98,0,0.10033251459197122,0.6931471805599452,0.6931471805599453
187,1850,1851,98,98,0,0.10049775790195076,0.6931471805599452,0.6931471805599453
187,1851,1852,98,98,0,0.10027205465095383,0.6931471805599454,0.6931471805599452
187,1852,1853,98,98,0,0.10026456119150531,0.6931471805599452,0.6931471805599452
187,1853,1854,98,98,0,0.10044694243341076,0.6931471805599452,0.6931471805599452
187,1854,1855,87,87,1,0.10046995191395967,0.6931471805599452,0.6931471805599452
187,1855,1856,98,98,0,0.10046953449443895,0.6931471805599452,0.6931471805599452
187,1856,1857,98,98,0,0.10043924393094315,0.6931471805599452,0.6931471805599452
187,1857,1858,98,98,0,0.10033941641449928,0.6931471805599454,0.6931471805599453
187,1858,1859,71,71,1,0.10031410338173449,0.6931471805599452,0.6931471805599452
187,1859,1860,98,98,0,0.10026657855024143,0.6931471805599452,0.6931471805599452
187,1860,1861,98,98,0,0.10032450810683016,0.6931471805599454,0.6931471805599452
187,1861,1862,98,98,0,0.10045958903371072,0.6931471805599452,0.6931471805599452
187,1862,1863,98,98,0,0.10035471853857138,0.6931471805599454,0.6931471805599452
187,1863,1864,98,98,0,0.1004623145777352,0.6931471805599452,0.6931471805599452
187,1864,1865,19,19,1,0.0998766826171624,0.6931471805599452,0.6931471805599453
187,1865,1866,98,98,0,0.10080963928176433,0.6931471805599452,0.6931471805599452
187,1866,1867,71,71,1,0.10034749352596176,0.6931471805599452,0.6931471805599452
187,1867,1868,96,96,1,0.10042601963505149,0.6931471805599452,0.6931471805599452
187,1868,1869,98,98,0,0.10023851206108016,0.6931471805599452,0.6931471805599452
187,1869,1870,11,11,1,0.09989702295173299,0.6931471805599452,0.6931471805599452
187,1870,1871,90,90,1,0.10036382228136062,0.6931471805599452,0.6931471805599452
187,1871,1872,98,98,0,0.10054780877366358,0.6931471805599452,0.6931471805599453
187,1872,1873,98,98,0,0.10037398064623074,0.6931471805599452,0.6931471805599452
187,1873,1874,44,44,1,0.10026772557334467,0.6931471805599452,0.6931471805599452
187,1874,1875,98,98,0,0.10048083337594052,0.6931471805599452,0.6931471805599452
187,1875,1876,98,98,0,0.10060632168030252,0.6931471805599452,0.6931471805599452
187,1876,1877,53,53,1,0.10069254645199147,0.6931471805599452,0.6931471805599452
187,1877,1878,98,98,0,0.10036141949952865,0.6931471805599454,0.6931471805599452
187,1878,1879,98,98,0,0.10049162082830254,0.6931471805599452,0.6931471805599453
187,1879,1880,98,98,0,0.10021556845428992,0.6931471805599454,0.6931471805599453
187,1880,1881,98,98,0,0.10027397484803686,0.6931471805599454,0.6931471805599452
187,1881,1882,98,98,0,0.10031698720187557,0.6931471805599454,0.6931471805599452
187,1882,1883,92,92,1,0.10025033970241962,0.6931471805599452,0.6931471805599452
187,1883,1884,98,98,0,0.10031235385306027,0.6931471805599452,0.6931471805599452
187,1884,1885,98,98,0,0.1003239385935725,0.6931471805599452,0.6931471805599452
187,1885,1886,98,98,0,0.10038257587929161,0.6931471805599452,0.6931471805599452
187,1886,1887,98,98,0,0.10050770366678433,0.6931471805599452,0.6931471805599453
187,1887,1888,98,98,0,0.10038029957486659,0.6931471805599454,0.6931471805599452
187,1888,1889,94,94,1,0.10050143895948187,0.6931471805599454,0.6931471805599452
187,1889,1890,98,98,0,0.10055801857795034,0.6931471805599452,0.6931471805599452
187,1890,1891,98,98,0,0.10073898801085901,0.6931471805599452,0.6931471805599452
187,1891,1892,98,98,0,0.10050687878107538,0.6931471805599452,0.6931471805599452
187,1892,1893,98,98,0,0.10041219117690106,0.6931471805599452,0.6931471805599452
187,1893,1894,44,44,1,0.10029904154891317,0.6931471805599452,0.6931471805599453
187,1894,1895,98,98,0,0.10033945336329694,0.6931471805599452,0.6931471805599452
187,1895,1896,98,98,0,0.10037215525398449,0.6931471805599452,0.6931471805599452
187,1896,1897,98,98,0,0.100341868871937,0.6931471805599452,0.6931471805599452
187,1897,1898,98,98,0,0.10026470898669593,0.6931471805599452,0.6931471805599452
187,1898,1899,14,14,1,0.10222276406628746,0.6931471805599452,0.6931471805599452
187,1899,1900,98,98,0,0.10047243885239776,0.6931471805599452,0.6931471805599452
187,1900,1901,98,98,0,0.10056724034401836,0.6931471805599452,0.6931471805599453
187,1901,1902,67,67,1,0.10035744042538886,0.6931471805599452,0.6931471805599453
187,1902,1903,98,98,0,0.10035142355731555,0.6931471805599452,0.6931471805599452
187,1903,1904,98,98,0,0.10027301060606023,0.6931471805599452,0.6931471805599452
187,1904,1905,98,98,0,0.10054583011233077,0.6931471805599452,0.6931471805599452
187,1905,1906,98,98,0,0.10048104556543487,0.6931471805599452,0.6931471805599452
187,1906,1907,98,98,0,0.1003302662652366,0.6931471805599452,0.6931471805599452
187,1907,1908,98,98,0,0.10028807537592187,0.6931471805599452,0.6931471805599453
187,1908,1909,13,13,1,0.1007369074683923,0.6931471805599452,0.6931471805599453
187,1909,1910,98,98,0,0.10031737562040893,0.6931471805599452,0.6931471805599452
187,1910,1911,98,98,0,0.10025374028755694,0.6931471805599452,0.6931471805599452
187,1911,1912,98,98,0,0.10053947279039695,0.6931471805599454,0.6931471805599452
187,1912,1913,98,98,0,0.10048577136227063,0.6931471805599452,0.6931471805599452
187,1913,1914,98,98,0,0.10046758647171819,0.6931471805599454,0.6931471805599452
187,1914,1915,59,59,1,0.10046049699944964,0.6931471805599452,0.6931471805599453
187,1915,1916,87,87,1,0.10041352789634946,0.6931471805599452,0.6931471805599453
187,1916,1917,98,98,0,0.10032069295340655,0.6931471805599452,0.6931471805599452
187,1917,1918,98,98,0,0.10041756616259108,0.6931471805599454,0.6931471805599452
187,1918,1919,91,91,1,0.10044200390904814,0.6931471805599452,0.6931471805599452
187,1919,1920,98,98,0,0.10041308752736267,0.6931471805599452,0.6931471805599452
187,1920,1921,96,96,1,0.1004406501694272,0.6931471805599452,0.6931471805599452
187,1921,1922,98,98,0,0.1003920919432932,0.6931471805599452,0.6931471805599452
187,1922,1923,98,98,0,0.10069843199180097,0.6931471805599452,0.6931471805599453
187,1923,1924,98,98,0,0.10065949898289174,0.6931471805599454,0.6931471805599452
187,1924,1925,98,98,0,0.10031860519428643,0.6931471805599452,0.6931471805599452
187,1925,1926,98,98,0,0.10042705052361196,0.6931471805599454,0.6931471805599452
187,1926,1927,98,98,0,0.10029580223621154,0.6931471805599452,0.6931471805599452
187,1927,1928,78,78,1,0.10044474536791825,0.6931471805599452,0.6931471805599452
187,1928,1929,98,98,0,0.10047741089852488,0.6931471805599454,0.6931471805599452
187,1929,1930,97,97,1,0.10052630028773829,0.6931471805599452,0.6931471805599453
187,1930,1931,98,98,0,0.10032509472601268,0.6931471805599454,0.6931471805599453
187,1931,1932,98,98,0,0.10029539253030505,0.6931471805599452,0.6931471805599452
187,1932,1933,98,98,0,0.1007257807923823,0.6931471805599452,0.6931471805599452
187,1933,1934,98,98,0,0.1013943016224978,0.6931471805599452,0.6931471805599452
187,1934,1935,98,98,0,0.10113292088618084,0.6931471805599452,0.6931471805599452
187,1935,1936,98,98,0,0.10056157478568506,0.6931471805599452,0.6931471805599452
187,1936,1937,98,98,0,0.10053261255427283,0.6931471805599452,0.6931471805599453
187,1937,1938,98,98,0,0.1005884046305199,0.6931471805599454,0.6931471805599453
187,1938,1939,98,98,0,0.10068345913777546,0.6931471805599452,0.6931471805599452
187,1939,1940,9,9,1,0.10113473153776592,0.6931471805599452,0.6931471805599452
187,1940,1941,9,9,1,0.10008734381861156,0.6931471805599452,0.6931471805599452
187,1941,1942,60,60,1,0.1009538075576226,0.6931471805599452,0.6931471805599452
187,1942,1943,98,98,0,0.10076303255497193,0.6931471805599452,0.6931471805599452
187,1943,1944,98,98,0,0.10091389441976742,0.6931471805599454,0.6931471805599452
187,1944,1945,98,98,0,0.10051149114662287,0.6931471805599452,0.6931471805599453
187,1945,1946,83,83,1,0.10044376929122281,0.6931471805599454,0.6931471805599452
187,1946,1947,53,53,1,0.10082578195153542,0.6931471805599452,0.6931471805599452
187,1947,1948,98,98,0,0.10026490361410745,0.6931471805599452,0.6931471805599452
187,1948,1949,45,45,1,0.10123930374781291,0.6931471805599452,0.6931471805599452
187,1949,1950,81,81,1,0.10033159197112661,0.6931471805599452,0.6931471805599452
187,1950,1951,98,98,0,0.10056733408448648,0.6931471805599452,0.6931471805599452
187,1951,1952,98,98,0,0.10069074352480928,0.6931471805599452,0.6931471805599453
187,1952,1953,98,98,0,0.1004985788342904,0.6931471805599452,0.6931471805599452
187,1953,1954,93,93,1,0.10176666209133722,0.6931471805599454,0.6931471805599452
187,1954,1955,98,98,0,0.10038539143849393,0.6931471805599452,0.6931471805599452
187,1955,1956,98,98,0,0.10072380159886515,0.6931471805599452,0.6931471805599452
187,1956,1957,98,98,0,0.10036361514001477,0.6931471805599452,0.6931471805599452
187,1957,1958,98,98,0,0.1004063672557169,0.6931471805599452,0.6931471805599452
187,1958,1959,52,52,1,0.10086232036925279,0.6931471805599454,0.6931471805599453
187,1959,1960,98,98,0,0.10049711411096612,0.6931471805599452,0.6931471805599453
187,1960,1961,98,98,0,0.10032212460527615,0.6931471805599452,0.6931471805599452
187,1961,1962,98,98,0,0.10055960828856546,0.6931471805599452,0.6931471805599452
187,1962,1963,98,98,0,0.10051651359820853,0.6931471805599452,0.6931471805599452
187,1963,1964,98,98,0,0.10038509767274467,0.6931471805599452,0.6931471805599452
187,1964,1965,98,98,0,0.1007143068222367,0.6931471805599452,0.6931471805599452
187,1965,1966,52,52,1,0.10108239003098927,0.6931471805599452,0.6931471805599453
187,1966,1967,97,97,1,0.1008293554186821,0.6931471805599452,0.6931471805599453
187,1967,1968,94,94,1,0.1011591208900543,0.6931471805599452,0.6931471805599452
187,1968,1969,98,98,0,0.10064283203409642,0.6931471805599452,0.6931471805599452
187,1969,1970,76,76,1,0.10040704170732122,0.6931471805599452,0.6931471805599452
187,1970,1971,98,98,0,0.10025060838278459,0.6931471805599452,0.6931471805599452
187,1971,1972,98,98,0,0.10065323137203042,0.6931471805599452,0.6931471805599452
187,1972,1973,13,13,1,0.10229170895539798,0.6931471805599452,0.6931471805599452
187,1973,1974,10,10,1,0.10296955332159996,0.6931471805599454,0.6931471805599453
187,1974,1975,11,11,1,0.09962448477745056,0.6931471805599452,0.6931471805599452
187,1975,1976,81,81,1,0.10114944303109322,0.6931471805599452,0.6931471805599452
187,1976,1977,98,98,0,0.10063078596579786,0.6931471805599452,0.6931471805599452
187,1977,1978,98,98,0,0.10042917774039872,0.6931471805599452,0.6931471805599452
187,1978,1979,69,69,1,0.10030909670867781,0.6931471805599452,0.6931471805599452
187,1979,1980,75,75,1,0.10138652712106705,0.6931471805599452,0.6931471805599452
187,1980,1981,98,98,0,0.10059594469411033,0.6931471805599452,0.6931471805599453
187,1981,1982,98,98,0,0.10029069722002866,0.6931471805599454,0.6931471805599452
187,1982,1983,10,10,1,0.09991826266050338,0.6931471805599452,0.6931471805599452
187,1983,1984,98,98,0,0.10087886224595868,0.6931471805599452,0.6931471805599452
187,1984,1985,98,98,0,0.10071036789794358,0.6931471805599452,0.6931471805599452
187,1985,1986,98,98,0,0.10048868301875737,0.6931471805599452,0.6931471805599452
187,1986,1987,98,98,0,0.100813412620705,0.6931471805599454,0.6931471805599452
187,1987,1988,24,24,1,0.1017973106354475,0.6931471805599452,0.6931471805599453
187,1988,1989,98,98,0,0.10034102437143423,0.6931471805599454,0.6931471805599453
187,1989,1990,98,98,0,0.10031544287898103,0.6931471805599452,0.6931471805599452
187,1990,1991,86,86,1,0.10112623922353567,0.6931471805599452,0.6931471805599452
187,1991,1992,45,45,1,0.10032089865869946,0.6931471805599454,0.6931471805599452
187,1992,1993,98,98,0,0.10195482088899126,0.6931471805599454,0.6931471805599452
187,1993,1994,98,98,0,0.10036768011596738,0.6931471805599452,0.6931471805599452
187,1994,1995,98,98,0,0.10074929064329789,0.6931471805599452,0.6931471805599452
187,1995,1996,90,90,1,0.1009017546971639,0.6931471805599452,0.6931471805599453
187,1996,1997,98,98,0,0.1009539399220019,0.6931471805599452,0.6931471805599452
187,1997,1998,83,83,1,0.10111290001007447,0.6931471805599452,0.6931471805599452
187,1998,1999,98,98,0,0.10031697671024167,0.6931471805599452,0.6931471805599452
187,1999,2000,98,98,0,0.10038360854496761,0.6931471805599454,0.6931471805599452
187,2000,2001,98,98,0,0.10162846075028789,0.6931471805599452,0.6931471805599452
187,2001,2002,34,34,1,0.10026331114418366,0.6931471805599452,0.6931471805599452
187,2002,2003,98,98,0,0.1003837840137433,0.6931471805599452,0.6931471805599453
187,2003,2004,54,54,1,0.10153290256857872,0.6931471805599452,0.6931471805599452
187,2004,2005,98,98,0,0.10068367094713815,0.6931471805599452,0.6931471805599452
187,2005,2006,98,98,0,0.1003217518481673,0.6931471805599452,0.6931471805599452
187,2006,2007,98,98,0,0.10091821621267164,0.6931471805599452,0.6931471805599452
187,2007,2008,98,98,0,0.10124454799355292,0.6931471805599452,0.6931471805599452
187,2008,2009,62,62,1,0.10064729363206894,0.6931471805599452,0.6931471805599452
187,2009,2010,95,95,1,0.10065329192500365,0.6931471805599452,0.6931471805599453
187,2010,2011,98,98,0,0.10062893008699222,0.6931471805599452,0.6931471805599452
187,2011,2012,79,79,1,0.10097126851353465,0.6931471805599454,0.6931471805599452
187,2012,2013,98,98,0,0.10038912334308332,0.6931471805599454,0.6931471805599452
187,2013,2014,98,98,0,0.1003983769641847,0.6931471805599452,0.6931471805599452
187,2014,2015,82,82,1,0.10041687110575234,0.6931471805599452,0.6931471805599452
187,2015,2016,98,98,0,0.10066848871659259,0.6931471805599452,0.6931471805599452
187,2016,2017,55,55,1,0.1031504048542543,0.6931471805599454,0.6931471805599453
187,2017,2018,98,98,0,0.10046302451162922,0.6931471805599454,0.6931471805599453
187,2018,2019,35,35,1,0.10036225510495049,0.6931471805599452,0.6931471805599452
187,2019,2020,90,90,1,0.1008057090971205,0.6931471805599452,0.6931471805599452
187,2020,2021,98,98,0,0.10025177500685867,0.6931471805599452,0.6931471805599452
187,2021,2022,98,98,0,0.10048134351263241,0.6931471805599452,0.6931471805599452
187,2022,2023,98,98,0,0.10264530724712781,0.6931471805599452,0.6931471805599452
187,2023,2024,98,98,1,0.10142819887521315,0.6931471805599452,0.6931471805599453
187,2024,2025,98,98,0,0.10029680760843414,0.6931471805599452,0.6931471805599453
187,2025,2026,98,98,0,0.10055968127384478,0.6931471805599452,0.6931471805599452
187,2026,2027,98,98,0,0.10065483400712208,0.6931471805599452,0.6931471805599452
187,2027,2028,60,60,1,0.10079332379003365,0.6931471805599452,0.6931471805599452
187,2028,2029,98,98,0,0.10054904747070098,0.6931471805599452,0.6931471805599452
187,2029,2030,98,98,0,0.10043943384472205,0.6931471805599452,0.6931471805599452
187,2030,2031,42,42,1,0.10036898297922951,0.6931471805599452,0.6931471805599452
187,2031,2032,98,98,0,0.10053636688663035,0.6931471805599452,0.6931471805599453
187,2032,2033,41,41,1,0.10031016352700024,0.6931471805599452,0.6931471805599452
187,2033,2034,93,93,1,0.10169581884658464,0.6931471805599452,0.6931471805599452
187,2034,2035,65,65,1,0.10070912287785456,0.6931471805599452,0.6931471805599452
187,2035,2036,98,98,0,0.10111685743441387,0.6931471805599452,0.6931471805599452
187,2036,2037,98,98,0,0.10094584015255072,0.6931471805599452,0.6931471805599452
187,2037,2038,98,98,0,0.10062723401553776,0.6931471805599454,0.6931471805599452
187,2038,2039,98,98,0,0.10103108323350245,0.6931471805599452,0.6931471805599453
187,2039,2040,10,10,1,0.10073282271623611,0.6931471805599452,0.6931471805599452
187,2040,2041,23,23,1,0.10310304359249446,0.6931471805599452,0.6931471805599452
187,2041,2042,98,98,0,0.10042607548589609,0.6931471805599452,0.6931471805599452
187,2042,2043,90,90,1,0.10131988939311769,0.6931471805599452,0.6931471805599452
187,2043,2044,98,98,1,0.1004414442850619,0.6931471805599454,0.6931471805599452
187,2044,2045,42,42,1,0.10302397715193885,0.6931471805599452,0.6931471805599452
187,2045,2046,98,98,0,0.10149549244313824,0.6931471805599454,0.6931471805599453
187,2046,2047,98,98,0,0.10080639128478205,0.6931471805599452,0.6931471805599453
187,2047,2048,98,98,0,0.10170039230463457,0.6931471805599452,0.6931471805599452
187,2048,2049,98,98,0,0.10068528878749633,0.6931471805599454,0.6931471805599452
187,2049,2050,43,43,1,0.10200616509415382,0.6931471805599452,0.6931471805599452
187,2050,2051,16,16,1,0.10039490554481745,0.6931471805599452,0.6931471805599452
187,2051,2052,96,96,1,0.10109011937553684,0.6931471805599454,0.6931471805599452
187,2052,2053,98,98,0,0.1005310237559737,0.6931471805599452,0.6931471805599452
187,2053,2054,30,30,1,0.10006348366538684,0.6931471805599452,0.6931471805599453
187,2054,2055,98,98,0,0.10153138409463727,0.6931471805599452,0.6931471805599452
187,2055,2056,98,98,0,0.10065996646881104,0.6931471805599452,0.6931471805599452
187,2056,2057,98,98,0,0.10177705535779194,0.6931471805599454,0.6931471805599452
187,2057,2058,32,32,1,0.10030455491505563,0.6931471805599452,0.6931471805599452
187,2058,2059,98,98,0,0.10092157064651956,0.6931471805599452,0.6931471805599452
187,2059,2060,98,98,0,0.10172313862309164,0.6931471805599452,0.6931471805599452
187,2060,2061,80,80,1,0.10143843311816454,0.6931471805599452,0.6931471805599453
187,2061,2062,98,98,0,0.10047457192321213,0.6931471805599452,0.6931471805599452
187,2062,2063,98,98,0,0.10118750840121386,0.6931471805599452,0.6931471805599452
187,2063,2064,98,98,0,0.10067481258694007,0.6931471805599452,0.6931471805599452
187,2064,2065,86,86,1,0.10132145708383516,0.6931471805599452,0.6931471805599452
187,2065,2066,98,98,0,0.10032903745162244,0.6931471805599452,0.6931471805599452
187,2066,2067,61,61,1,0.1014786770597833,0.6931471805599452,0.6931471805599452
187,2067,2068,98,98,0,0.10046755933031744,0.6931471805599454,0.6931471805599453
187,2068,2069,63,63,1,0.10201116201896517,0.6931471805599454,0.6931471805599453
187,2069,2070,98,98,0,0.10120128034328928,0.6931471805599452,0.6931471805599452
187,2070,2071,55,55,1,0.10436604849316856,0.6931471805599452,0.6931471805599452
187,2071,2072,45,45,1,0.10083337790436214,0.6931471805599452,0.6931471805599452
187,2072,2073,98,98,0,0.10182025139125025,0.6931471805599452,0.6931471805599452
187,2073,2074,71,71,1,0.10157154846779058,0.6931471805599452,0.6931471805599452
187,2074,2075,63,63,1,0.10086152844485782,0.6931471805599452,0.6931471805599453
187,2075,2076,65,65,1,0.10302370351094466,0.6931471805599452,0.6931471805599453
187,2076,2077,98,98,0,0.10080921376238064,0.6931471805599454,0.6931471805599452
187,2077,2078,98,98,0,0.1005787657079648,0.6931471805599454,0.6931471805599452
187,2078,2079,91,91,1,0.10313015422978244,0.6931471805599452,0.6931471805599452
187,2079,2080,98,98,0,0.10309623006959351,0.6931471805599452,0.6931471805599452
187,2080,2081,98,98,0,0.10131140623469742,0.6931471805599452,0.6931471805599452
187,2081,2082,98,98,0,0.10244625662358439,0.6931471805599452,0.6931471805599453
187,2082,2083,43,43,1,0.10117089055305303,0.6931471805599452,0.6931471805599453
187,2083,2084,98,98,0,0.10294225979216244,0.6931471805599454,0.6931471805599452
187,2084,2085,69,69,1,0.10065934342750604,0.6931471805599452,0.6931471805599452
187,2085,2086,45,45,1,0.10087394979265,0.6931471805599452,0.6931471805599452
187,2086,2087,12,12,1,0.11703105891744296,0.6931471805599452,0.6931471805599452
187,2087,2088,88,88,1,0.10099159706045281,0.6931471805599452,0.6931471805599452
187,2088,2089,98,98,0,0.10090757245007827,0.6931471805599452,0.6931471805599452
187,2089,2090,98,98,0,0.10106929323198843,0.6931471805599452,0.6931471805599453
187,2090,2091,98,98,0,0.10111097360447961,0.6931471805599452,0.6931471805599452
187,2091,2092,98,98,0,0.10087266108211206,0.6931471805599452,0.6931471805599452
187,2092,2093,12,12,1,0.10043064504861832,0.6931471805599452,0.6931471805599452
187,2093,2094,98,98,0,0.10057457787345866,0.6931471805599452,0.6931471805599452
187,2094,2095,98,98,1,0.10122369343833047,0.6931471805599452,0.6931471805599452
187,2095,2096,98,98,0,0.10088465431210947,0.6931471805599454,0.6931471805599452
187,2096,2097,98,98,0,0.10076635939126112,0.6931471805599452,0.6931471805599453
187,2097,2098,98,98,0,0.10028059309234424,0.6931471805599452,0.6931471805599452
187,2098,2099,77,77,1,0.10095692764629018,0.6931471805599452,0.6931471805599452
187,2099,2100,98,98,0,0.10041943899526888,0.6931471805599452,0.6931471805599452
187,2100,2101,30,30,1,0.10036066472530365,0.6931471805599452,0.6931471805599452
187,2101,2102,98,98,0,0.10045796678382524,0.6931471805599452,0.6931471805599452
187,2102,2103,98,98,0,0.10091236355353375,0.6931471805599454,0.6931471805599452
187,2103,2104,98,98,0,0.10030360329820186,0.6931471805599452,0.6931471805599453
187,2104,2105,98,98,0,0.10097710202847208,0.6931471805599452,0.6931471805599453
187,2105,2106,98,98,0,0.10069013318541098,0.6931471805599452,0.6931471805599452
187,2106,2107,98,98,0,0.10068907885223019,0.6931471805599452,0.6931471805599452
187,2107,2108,98,98,0,0.10054315466965948,0.6931471805599454,0.6931471805599452
187,2108,2109,98,98,0,0.1005360278852132,0.6931471805599452,0.6931471805599452
187,2109,2110,98,98,0,0.10042579798978202,0.6931471805599452,0.6931471805599452
187,2110,2111,98,98,0,0.10124019647435266,0.6931471805599452,0.6931471805599453
187,2111,2112,98,98,0,0.1010276381002397,0.6931471805599454,0.6931471805599453
187,2112,2113,91,91,1,0.10134205140255309,0.6931471805599452,0.6931471805599452
187,2113,2114,98,98,0,0.1017683853908461,0.6931471805599452,0.6931471805599452
187,2114,2115,48,48,1,0.10044692379112045,0.6931471805599452,0.6931471805599452
187,2115,2116,98,98,0,0.10128912557752764,0.6931471805599454,0.6931471805599452
187,2116,2117,98,98,0,0.10197866206266443,0.6931471805599452,0.6931471805599452
187,2117,2118,98,98,0,0.10140245955209343,0.6931471805599454,0.6931471805599452
187,2118,2119,98,98,0,0.10160406678915024,0.6931471805599452,0.6931471805599453
187,2119,2120,98,98,0,0.10037983497794793,0.6931471805599452,0.6931471805599452
187,2120,2121,67,67,1,0.10142102192586927,0.6931471805599452,0.6931471805599452
187,2121,2122,98,98,0,0.10063815869543018,0.6931471805599452,0.6931471805599452
187,2122,2123,22,22,1,0.10040096193552017,0.6931471805599452,0.6931471805599452
187,2123,2124,98,98,0,0.100993384664156,0.6931471805599454,0.6931471805599452
187,2124,2125,98,98,0,0.10056186839938164,0.6931471805599452,0.6931471805599452
187,2125,2126,11,11,1,0.10032027959823608,0.6931471805599452,0.6931471805599453
187,2126,2127,98,98,0,0.10092669216041662,0.6931471805599454,0.6931471805599453
187,2127,2128,98,98,0,0.10045825066615124,0.6931471805599452,0.6931471805599452
187,2128,2129,98,98,0,0.10248975866303152,0.6931471805599452,0.6931471805599452
187,2129,2130,98,98,0,0.10069654243333,0.6931471805599454,0.6931471805599452
187,2130,2131,84,84,1,0.1012565019052653,0.6931471805599452,0.6931471805599452
187,2131,2132,98,98,0,0.10044626169362847,0.6931471805599452,0.6931471805599452
187,2132,2133,98,98,0,0.1008492995585714,0.6931471805599452,0.6931471805599453
187,2133,2134,78,78,1,0.10033598628181678,0.6931471805599452,0.6931471805599453
187,2134,2135,98,98,0,0.10133164870191594,0.6931471805599452,0.6931471805599452
187,2135,2136,98,98,0,0.10089249141058143,0.6931471805599454,0.6931471805599452
187,2136,2137,98,98,0,0.10031859029312523,0.6931471805599452,0.6931471805599452
187,2137,2138,98,98,0,0.10059833663458727,0.6931471805599452,0.6931471805599452
187,2138,2139,98,98,0,0.10027612418848642,0.6931471805599454,0.6931471805599452
187,2139,2140,98,98,0,0.10157528732504163,0.6931471805599452,0.6931471805599453
187,2140,2141,98,98,0,0.10211113923970534,0.6931471805599452,0.6931471805599453
187,2141,2142,59,59,1,0.1010653975151353,0.6931471805599454,0.6931471805599452
187,2142,2143,11,11,1,0.10064888474616138,0.6931471805599452,0.6931471805599452
187,2143,2144,98,98,0,0.10177543592088077,0.6931471805599452,0.6931471805599452
187,2144,2145,98,98,0,0.1005376473981507,0.6931471805599452,0.6931471805599452
187,2145,2146,98,98,0,0.10033987576560098,0.6931471805599454,0.6931471805599452
187,2146,2147,98,98,0,0.10195059770224046,0.6931471805599452,0.6931471805599452
187,2147,2148,52,52,1,0.10255168149104485,0.6931471805599454,0.6931471805599453
187,2148,2149,98,98,0,0.10028501197087522,0.6931471805599454,0.6931471805599453
187,2149,2150,98,98,0,0.10061383840380883,0.6931471805599452,0.6931471805599452
187,2150,2151,98,98,0,0.10107423692029349,0.6931471805599452,0.6931471805599452
187,2151,2152,98,98,0,0.10160275259796454,0.6931471805599452,0.6931471805599452
187,2152,2153,98,98,0,0.10434010229548629,0.6931471805599452,0.6931471805599452
187,2153,2154,98,98,0,0.10172895988335415,0.6931471805599454,0.6931471805599452
187,2154,2155,98,98,0,0.10275938187022599,0.6931471805599452,0.6931471805599453
187,2155,2156,98,98,0,0.10036858133211428,0.6931471805599452,0.6931471805599453
187,2156,2157,98,98,0,0.10193948212022684,0.6931471805599452,0.6931471805599452
187,2157,2158,98,98,0,0.10209072883031806,0.6931471805599452,0.6931471805599452
187,2158,2159,98,98,0,0.10038004853591627,0.6931471805599454,0.6931471805599452
187,2159,2160,98,98,0,0.10079095892760219,0.6931471805599454,0.6931471805599452
187,2160,2161,98,98,0,0.10133598805690298,0.6931471805599452,0.6931471805599452
187,2161,2162,98,98,0,0.10060315609586482,0.6931471805599454,0.6931471805599453
187,2162,2163,98,98,0,0.10049569804449471,0.6931471805599454,0.6931471805599453
187,2163,2164,98,98,0,0.10046517598081608,0.6931471805599452,0.6931471805599453
187,2164,2165,98,98,0,0.10147517577421908,0.6931471805599454,0.6931471805599452
187,2165,2166,98,98,0,0.10054797686788501,0.6931471805599454,0.6931471805599452
187,2166,2167,98,98,0,0.10071705433787131,0.6931471805599452,0.6931471805599452
187,2167,2168,98,98,0,0.10090619333240451,0.6931471805599452,0.6931471805599452
187,2168,2169,98,98,0,0.10127663574352556,0.6931471805599452,0.6931471805599452
187,2169,2170,98,98,0,0.10036501554506165,0.6931471805599452,0.6931471805599453
187,2170,2171,98,98,0,0.10066708815949303,0.6931471805599452,0.6931471805599453
187,2171,2172,98,98,0,0.10047900760356261,0.6931471805599454,0.6931471805599452
187,2172,2173,98,98,0,0.1010425762102312,0.6931471805599452,0.6931471805599452
187,2173,2174,98,98,0,0.10036698850441952,0.6931471805599452,0.6931471805599452
187,2174,2175,98,98,0,0.10088911842630834,0.6931471805599452,0.6931471805599452
187,2175,2176,98,98,0,0.10047703532844174,0.6931471805599454,0.6931471805599452
187,2176,2177,98,98,0,0.10066258017810023,0.6931471805599454,0.6931471805599453
187,2177,2178,98,98,0,0.10079465905318455,0.6931471805599452,0.6931471805599453
187,2178,2179,98,98,0,0.10172761619395139,0.6931471805599452,0.6931471805599452
187,2179,2180,98,98,0,0.10121810732751477,0.6931471805599452,0.6931471805599452
187,2180,2181,98,98,0,0.10039417605314936,0.6931471805599452,0.6931471805599452
187,2181,2182,98,98,0,0.10178404978039313,0.6931471805599454,0.6931471805599452
187,2182,2183,98,98,0,0.10139397797839982,0.6931471805599452,0.6931471805599452
187,2183,2184,98,98,0,0.10188516982051792,0.6931471805599452,0.6931471805599453
187,2184,2185,98,98,0,0.10103361171727278,0.6931471805599454,0.6931471805599453
187,2185,2186,98,98,0,0.10098639723597741,0.6931471805599452,0.6931471805599453
187,2186,2187,98,98,0,0.1014564219025933,0.6931471805599452,0.6931471805599452
187,2187,2188,98,98,0,0.10096337866722321,0.6931471805599452,0.6931471805599452
187,2188,2189,98,98,0,0.10055107866622964,0.6931471805599452,0.6931471805599452
187,2189,2190,98,98,0,0.10033061134876037,0.6931471805599452,0.6931471805599452
187,2190,2191,98,98,0,0.10099909180889324,0.6931471805599452,0.6931471805599453
187,2191,2192,98,98,0,0.10172049450326939,0.6931471805599454,0.6931471805599453
187,2192,2193,98,98,0,0.10128872210578042,0.6931471805599452,0.6931471805599453
187,2193,2194,98,98,0,0.10045844187237779,0.6931471805599452,0.6931471805599452
187,2194,2195,98,98,0,0.10083460176781732,0.6931471805599452,0.6931471805599452
187,2195,2196,98,98,0,0.10126161925038513,0.6931471805599452,0.6931471805599452
187,2196,2197,79,79,1,0.10203032072963594,0.6931471805599454,0.6931471805599452
187,2197,2198,98,98,0,0.10052912043673652,0.6931471805599452,0.6931471805599452
187,2198,2199,98,98,0,0.10103877185254681,0.6931471805599454,0.6931471805599453
187,2199,2200,98,98,0,0.10077868759328006,0.6931471805599454,0.6931471805599453
187,2200,2201,98,98,0,0.10051542771409969,0.6931471805599452,0.6931471805599452
187,2201,2202,98,98,0,0.10181546652195406,0.6931471805599452,0.6931471805599452
187,2202,2203,11,11,1,0.10242212902415883,0.6931471805599452,0.6931471805599452
187,2203,2204,98,98,0,0.1012979374856365,0.6931471805599452,0.6931471805599452
187,2204,2205,98,98,0,0.10078803130558558,0.6931471805599452,0.6931471805599452
187,2205,2206,98,98,0,0.10035682287143201,0.6931471805599454,0.6931471805599453
187,2206,2207,98,98,0,0.10144695510365526,0.6931471805599454,0.6931471805599453
187,2207,2208,88,88,1,0.10060865101827816,0.6931471805599452,0.6931471805599453
187,2208,2209,98,98,0,0.10134640792194678,0.6931471805599452,0.6931471805599452
187,2209,2210,98,98,0,0.10041835128652807,0.6931471805599452,0.6931471805599452
187,2210,2211,98,98,0,0.10023930722049304,0.6931471805599454,0.6931471805599452
187,2211,2212,98,98,0,0.10159453932119876,0.6931471805599454,0.6931471805599452
187,2212,2213,98,98,0,0.10203709818270741,0.6931471805599452,0.6931471805599453
187,2213,2214,98,98,0,0.10140788349874165,0.6931471805599452,0.6931471805599453
187,2214,2215,98,98,0,0.10108660762103236,0.6931471805599452,0.6931471805599453
187,2215,2216,98,98,0,0.10052478762001407,0.6931471805599452,0.6931471805599452
187,2216,2217,98,98,0,0.10062871440028658,0.6931471805599452,0.6931471805599452
187,2217,2218,98,98,0,0.10078967537502853,0.6931471805599452,0.6931471805599452
187,2218,2219,98,98,0,0.10077514757915419,0.6931471805599454,0.6931471805599452
187,2219,2220,98,98,0,0.10255164554228588,0.6931471805599452,0.6931471805599453
187,2220,2221,98,98,0,0.10185380318031019,0.6931471805599454,0.6931471805599453
187,2221,2222,98,98,0,0.1012139266394839,0.6931471805599454,0.6931471805599453
187,2222,2223,98,98,1,0.10127825198733077,0.6931471805599454,0.6931471805599453
187,2223,2224,98,98,0,0.10056098079194828,0.6931471805599454,0.6931471805599452
187,2224,2225,98,98,0,0.10067440820287685,0.6931471805599452,0.6931471805599452
187,2225,2226,98,98,0,0.10115208993760907,0.6931471805599452,0.6931471805599452
187,2226,2227,98,98,0,0.10226324474324985,0.6931471805599454,0.6931471805599452
187,2227,2228,59,59,1,0.1005556340944969,0.6931471805599452,0.6931471805599453
187,2228,2229,68,68,1,0.10177739906836958,0.6931471805599452,0.6931471805599453
187,2229,2230,11,11,1,0.10452589731324803,0.6931471805599452,0.6931471805599453
187,2230,2231,98,98,0,0.10174789568599389,0.6931471805599452,0.6931471805599452
187,2231,2232,98,98,0,0.10106963519843257,0.6931471805599452,0.6931471805599452
187,2232,2233,98,98,0,0.10157472016860028,0.6931471805599454,0.6931471805599452
187,2233,2234,98,98,0,0.10051108927142863,0.6931471805599452,0.6931471805599452
187,2234,2235,98,98,0,0.10098798261309157,0.6931471805599452,0.6931471805599453
187,2235,2236,98,98,0,0.10085648465521481,0.6931471805599452,0.6931471805599453
187,2236,2237,98,98,0,0.10032656499925925,0.6931471805599452,0.6931471805599453
187,2237,2238,98,98,0,0.10106535385153731,0.6931471805599452,0.6931471805599452
187,2238,2239,98,98,0,0.10053521022200584,0.6931471805599452,0.6931471805599452
187,2239,2240,98,98,0,0.10205744062455332,0.6931471805599452,0.6931471805599452
187,2240,2241,62,62,1,0.10176013458159662,0.6931471805599452,0.6931471805599452
187,2241,2242,98,98,0,0.10059710972163143,0.6931471805599452,0.6931471805599453
187,2242,2243,98,98,0,0.10133727465052994,0.6931471805599454,0.6931471805599453
187,2243,2244,98,98,0,0.1027080555807571,0.6931471805599452,0.6931471805599453
187,2244,2245,98,98,0,0.10051409558069949,0.6931471805599452,0.6931471805599452
187,2245,2246,98,98,0,0.10151665756592945,0.6931471805599454,0.6931471805599452
187,2246,2247,98,98,0,0.10074714639661264,0.6931471805599452,0.6931471805599452
187,2247,2248,98,98,0,0.10126588242698689,0.6931471805599452,0.6931471805599452
187,2248,2249,98,98,0,0.10174966170167436,0.6931471805599454,0.6931471805599452
187,2249,2250,98,98,0,0.10178636478222146,0.6931471805599454,0.6931471805599453
187,2250,2251,98,98,0,0.10086855748478248,0.6931471805599452,0.6931471805599453
187,2251,2252,98,98,0,0.10059874436380911,0.6931471805599454,0.6931471805599453
187,2252,2253,50,50,1,0.10277667209506035,0.6931471805599452,0.6931471805599452
187,2253,2254,98,98,0,0.10079200459378106,0.6931471805599454,0.6931471805599452
187,2254,2255,98,98,0,0.10075115830618508,0.6931471805599452,0.6931471805599452
187,2255,2256,98,98,0,0.10133053848938066,0.6931471805599452,0.6931471805599452
187,2256,2257,98,98,0,0.10155903198281113,0.6931471805599454,0.6931471805599453
187,2257,2258,98,98,0,0.1009153521486691,0.6931471805599452,0.6931471805599453
187,2258,2259,98,98,0,0.1022277683475796,0.6931471805599452,0.6931471805599453
187,2259,2260,98,98,0,0.10091121297101585,0.6931471805599452,0.6931471805599452
187,2260,2261,98,98,0,0.10022637149205013,0.6931471805599452,0.6931471805599452
187,2261,2262,98,98,0,0.10094941772368489,0.6931471805599452,0.6931471805599452
187,2262,2263,94,94,1,0.10076660702520228,0.6931471805599452,0.6931471805599452
187,2263,2264,55,55,1,0.1030503056266091,0.6931471805599454,0.6931471805599452
187,2264,2265,98,98,0,0.10156081464825845,0.6931471805599452,0.6931471805599453
187,2265,2266,98,98,0,0.10087375783798647,0.6931471805599452,0.6931471805599453
187,2266,2267,98,98,0,0.10055382648596958,0.6931471805599452,0.6931471805599452
187,2267,2268,98,98,0,0.10072573624095138,0.6931471805599452,0.6931471805599452
187,2268,2269,98,98,0,0.10081498096792066,0.6931471805599454,0.6931471805599452
187,2269,2270,98,98,0,0.10104773817013721,0.6931471805599452,0.6931471805599452
187,2270,2271,98,98,0,0.10068563273062511,0.6931471805599454,0.6931471805599452
187,2271,2272,98,98,0,0.10051055252552032,0.6931471805599454,0.6931471805599453
187,2272,2273,98,98,0,0.10066338446067304,0.6931471805599452,0.6931471805599453
187,2273,2274,78,78,1,0.10190767365006301,0.6931471805599452,0.6931471805599453
187,2274,2275,98,98,0,0.10196318135273699,0.6931471805599452,0.6931471805599452
187,2275,2276,98,98,0,0.1013173514178821,0.6931471805599454,0.6931471805599452
187,2276,2277,98,98,0,0.10130255768189625,0.6931471805599452,0.6931471805599452
187,2277,2278,98,98,0,0.10055268890395457,0.6931471805599454,0.6931471805599452
187,2278,2279,98,98,0,0.10104119222687215,0.6931471805599452,0.6931471805599453
187,2279,2280,98,98,0,0.10046503251912642,0.6931471805599454,0.6931471805599453
187,2280,2281,50,50,1,0.10131029352545738,0.6931471805599452,0.6931471805599453
187,2281,2282,98,98,0,0.10080510796028741,0.6931471805599452,0.6931471805599452
187,2282,2283,98,98,0,0.10083760351550822,0.6931471805599452,0.6931471805599452
187,2283,2284,98,98,0,0.10031552567165725,0.6931471805599454,0.6931471805599452
187,2284,2285,98,98,0,0.10226714185306005,0.6931471805599452,0.6931471805599452
187,2285,2286,12,12,1,0.10572870324055354,0.6931471805599454,0.6931471805599452
187,2286,2287,98,98,0,0.10053892730146038,0.6931471805599454,0.6931471805599453
187,2287,2288,98,98,0,0.10043578366844022,0.6931471805599452,0.6931471805599453
187,2288,2289,98,98,0,0.10180077831051787,0.6931471805599452,0.6931471805599453
187,2289,2290,98,98,0,0.10040954713310514,0.6931471805599452,0.6931471805599452
187,2290,2291,98,98,0,0.10048174812477462,0.6931471805599454,0.6931471805599452
187,2291,2292,98,98,0,0.10045370170656516,0.6931471805599452,0.6931471805599452
187,2292,2293,98,98,0,0.10140610060521535,0.6931471805599452,0.6931471805599452
187,2293,2294,98,98,0,0.10092985645240667,0.6931471805599452,0.6931471805599453
187,2294,2295,98,98,0,0.1012600766000699,0.6931471805599452,0.6931471805599453
187,2295,2296,98,98,0,0.10103120077021267,0.6931471805599452,0.6931471805599453
187,2296,2297,98,98,0,0.10098658844220396,0.6931471805599454,0.6931471805599452
187,2297,2298,98,98,0,0.10045667904980328,0.6931471805599452,0.6931471805599452
187,2298,2299,98,98,0,0.1019621449617707,0.6931471805599454,0.6931471805599452
187,2299,2300,98,98,0,0.10049736872315407,0.6931471805599454,0.6931471805599452
187,2300,2301,98,98,0,0.10060977859764683,0.6931471805599452,0.6931471805599453
187,2301,2302,98,98,0,0.10143321600495553,0.6931471805599452,0.6931471805599453
187,2302,2303,98,98,0,0.10061277053794082,0.6931471805599452,0.6931471805599453
187,2303,2304,98,98,0,0.10171890471662794,0.6931471805599454,0.6931471805599453
187,2304,2305,98,98,0,0.1024095677599615,0.6931471805599454,0.6931471805599452
187,2305,2306,98,98,0,0.10078750839646981,0.6931471805599452,0.6931471805599452
187,2306,2307,98,98,0,0.10068922155365652,0.6931471805599452,0.6931471805599452
187,2307,2308,98,98,0,0.10091029419278612,0.6931471805599452,0.6931471805599452
187,2308,2309,98,98,0,0.10157021560839244,0.6931471805599454,0.6931471805599453
187,2309,2310,98,98,0,0.1008006181491881,0.6931471805599454,0.6931471805599453
187,2310,2311,98,98,0,0.10064104936864911,0.6931471805599452,0.6931471805599453
187,2311,2312,98,98,0,0.10078092725301276,0.6931471805599452,0.6931471805599452
187,2312,2313,98,98,0,0.10274529548323884,0.6931471805599452,0.6931471805599452
187,2313,2314,40,40,1,0.10041104014962912,0.6931471805599452,0.6931471805599452
187,2314,2315,98,98,0,0.10066438451105235,0.6931471805599452,0.6931471805599452
187,2315,2316,98,98,0,0.10035867046336738,0.6931471805599452,0.6931471805599453
187,2316,2317,98,98,0,0.10119753156085404,0.6931471805599454,0.6931471805599453
187,2317,2318,45,45,1,0.10059907436370849,0.6931471805599452,0.6931471805599453
187,2318,2319,98,98,0,0.10292588052700977,0.6931471805599452,0.6931471805599452
187,2319,2320,98,98,0,0.1007815894423699,0.6931471805599454,0.6931471805599452
187,2320,2321,98,98,0,0.10111883434714103,0.6931471805599452,0.6931471805599452
187,2321,2322,98,98,0,0.10042347021552982,0.6931471805599452,0.6931471805599452
187,2322,2323,98,98,0,0.10214457911800365,0.6931471805599452,0.6931471805599452
187,2323,2324,70,70,1,0.10158400610089302,0.6931471805599452,0.6931471805599453
187,2324,2325,98,98,0,0.10052538533904115,0.6931471805599454,0.6931471805599453
187,2325,2326,98,98,0,0.10294697494531165,0.6931471805599452,0.6931471805599453
187,2326,2327,98,98,0,0.10058963952624068,0.6931471805599452,0.6931471805599452
187,2327,2328,98,98,0,0.1003718133635667,0.6931471805599452,0.6931471805599452
187,2328,2329,18,18,1,0.09982799034979609,0.6931471805599452,0.6931471805599452
187,2329,2330,98,98,0,0.10134706881885626,0.6931471805599452,0.6931471805599452
187,2330,2331,98,98,0,0.10026480303126939,0.6931471805599452,0.6931471805599453
187,2331,2332,98,98,0,0.10183990260167998,0.6931471805599452,0.6931471805599453
187,2332,2333,98,98,0,0.10111834983132323,0.6931471805599452,0.6931471805599453
187,2333,2334,98,98,0,0.10187486870860567,0.6931471805599452,0.6931471805599452
187,2334,2335,98,98,0,0.10133891286594528,0.6931471805599452,0.6931471805599452
187,2335,2336,98,98,0,0.1003021913371524,0.6931471805599454,0.6931471805599452
187,2336,2337,98,98,0,0.10048196335532228,0.6931471805599454,0.6931471805599452
187,2337,2338,13,13,1,0.11557585688737723,0.6931471805599452,0.6931471805599453
187,2338,2339,98,98,0,0.10192776821097549,0.6931471805599454,0.6931471805599453
187,2339,2340,98,98,0,0.10094823270123832,0.6931471805599452,0.6931471805599453
187,2340,2341,98,98,0,0.10056347597618492,0.6931471805599452,0.6931471805599452
187,2341,2342,47,47,1,0.10210031255128536,0.6931471805599452,0.6931471805599452
187,2342,2343,98,98,0,0.10131237002051606,0.6931471805599452,0.6931471805599452
187,2343,2344,98,98,0,0.10060319205632015,0.6931471805599452,0.6931471805599452
187,2344,2345,98,98,0,0.10082905321400992,0.6931471805599454,0.6931471805599453
187,2345,2346,98,98,0,0.10219303640175839,0.6931471805599452,0.6931471805599453
187,2346,2347,47,47,1,0.10129215013473591,0.6931471805599452,0.6931471805599453
187,2347,2348,98,98,0,0.10101176760330492,0.6931471805599452,0.6931471805599452
187,2348,2349,98,98,0,0.10082599878007052,0.6931471805599454,0.6931471805599452
187,2349,2350,98,98,0,0.10156507311122757,0.6931471805599454,0.6931471805599452
187,2350,2351,98,98,0,0.10027940290010705,0.6931471805599452,0.6931471805599452
187,2351,2352,98,98,0,0.10058771195460339,0.6931471805599452,0.6931471805599452
187,2352,2353,98,98,0,0.10128985641866314,0.6931471805599452,0.6931471805599453
187,2353,2354,98,98,0,0.10057186761072703,0.6931471805599452,0.6931471805599453
187,2354,2355,98,98,0,0.10156721500109653,0.6931471805599452,0.6931471805599453
187,2355,2356,98,98,0,0.10083686028208051,0.6931471805599454,0.6931471805599452
187,2356,2357,98,98,0,0.10033865554296241,0.6931471805599452,0.6931471805599452
187,2357,2358,98,98,0,0.10235784765408963,0.6931471805599452,0.6931471805599452
187,2358,2359,98,98,0,0.10063754615126824,0.6931471805599452,0.6931471805599452
187,2359,2360,98,98,0,0.1005970691235698,0.6931471805599452,0.6931471805599453
187,2360,2361,98,98,0,0.1006839465425939,0.6931471805599452,0.6931471805599453
187,2361,2362,98,98,0,0.10135412596318187,0.6931471805599452,0.6931471805599453
187,2362,2363,98,98,0,0.10059093714368586,0.6931471805599454,0.6931471805599452
187,2363,2364,98,98,0,0.10061812378009971,0.6931471805599452,0.6931471805599452
187,2364,2365,98,98,0,0.10141911464078086,0.6931471805599454,0.6931471805599452
187,2365,2366,98,98,0,0.10140320977994374,0.6931471805599452,0.6931471805599452
187,2366,2367,98,98,0,0.1013035778792537,0.6931471805599454,0.6931471805599452
187,2367,2368,98,98,0,0.10043351823578076,0.6931471805599454,0.6931471805599453
187,2368,2369,98,98,0,0.1006150127065425,0.6931471805599452,0.6931471805599453
187,2369,2370,98,98,0,0.10059235701147391,0.6931471805599452,0.6931471805599452
187,2370,2371,98,98,0,0.1008060660441311,0.6931471805599452,0.6931471805599452
187,2371,2372,98,98,0,0.10259624791084504,0.6931471805599452,0.6931471805599452
187,2372,2373,98,98,0,0.1017169572260915,0.6931471805599452,0.6931471805599452
187,2373,2374,98,98,0,0.10278535200929155,0.6931471805599452,0.6931471805599452
187,2374,2375,98,98,0,0.10125380777278725,0.6931471805599454,0.6931471805599453
187,2375,2376,98,98,0,0.10183856370193618,0.6931471805599454,0.6931471805599453
187,2376,2377,98,98,0,0.10112753411640926,0.6931471805599452,0.6931471805599453
187,2377,2378,98,98,0,0.10104699219976153,0.6931471805599452,0.6931471805599452
187,2378,2379,98,98,0,0.10039839688308384,0.6931471805599452,0.6931471805599452
187,2379,2380,98,98,0,0.1013638176480118,0.6931471805599454,0.6931471805599452
187,2380,2381,98,98,0,0.10058618481366002,0.6931471805599452,0.6931471805599452
187,2381,2382,98,98,0,0.1017592219369752,0.6931471805599452,0.6931471805599453
187,2382,2383,98,98,0,0.10280460392942234,0.6931471805599452,0.6931471805599453
187,2383,2384,98,98,0,0.10057649624590971,0.6931471805599452,0.6931471805599453
187,2384,2385,98,98,0,0.10241473070820983,0.6931471805599452,0.6931471805599452
187,2385,2386,55,55,1,0.1003458399664272,0.6931471805599452,0.6931471805599452
187,2386,2387,98,98,0,0.10035735672833968,0.6931471805599452,0.6931471805599452
187,2387,2388,98,98,0,0.10093541739850628,0.6931471805599454,0.6931471805599452
187,2388,2389,98,98,0,0.10181201796750633,0.6931471805599452,0.6931471805599452
187,2389,2390,98,98,0,0.10024576596155459,0.6931471805599452,0.6931471805599453
187,2390,2391,98,98,0,0.10093011653849057,0.6931471805599454,0.6931471805599453
187,2391,2392,98,98,0,0.10098210334473727,0.6931471805599454,0.6931471805599452
187,2392,2393,98,98,0,0.10202228475590142,0.6931471805599452,0.6931471805599452
187,2393,2394,98,98,0,0.10181253099319887,0.6931471805599452,0.6931471805599452
187,2394,2395,98,98,0,0.10207397924089918,0.6931471805599454,0.6931471805599452
187,2395,2396,98,98,0,0.10231975063073392,0.6931471805599452,0.6931471805599452
187,2396,2397,98,98,0,0.10160231993210558,0.6931471805599454,0.6931471805599453
187,2397,2398,98,98,0,0.1005984406386103,0.6931471805599452,0.6931471805599453
187,2398,2399,98,98,0,0.10064451320438969,0.6931471805599452,0.6931471805599453
187,2399,2400,98,98,0,0.10079776738979379,0.6931471805599454,0.6931471805599452
187,2400,2401,98,98,0,0.10173563788435896,0.6931471805599454,0.6931471805599452
187,2401,2402,98,98,0,0.1009110441165311,0.6931471805599452,0.6931471805599452
187,2402,2403,98,98,0,0.10220762304201418,0.6931471805599452,0.6931471805599452
187,2403,2404,98,98,0,0.10281026279743836,0.6931471805599452,0.6931471805599452
187,2404,2405,98,98,0,0.10215842982335967,0.6931471805599452,0.6931471805599453
187,2405,2406,98,98,0,0.10038757841197812,0.6931471805599452,0.6931471805599453
187,2406,2407,98,98,0,0.10116539583826552,0.6931471805599454,0.6931471805599452
187,2407,2408,98,98,0,0.10184452439449271,0.6931471805599454,0.6931471805599452
187,2408,2409,98,98,0,0.10049639490185952,0.6931471805599452,0.6931471805599452
187,2409,2410,98,98,0,0.10285386329098624,0.6931471805599452,0.6931471805599452
187,2410,2411,98,98,0,0.10079521032012238,0.6931471805599452,0.6931471805599452
187,2411,2412,55,55,1,0.10276754864237525,0.6931471805599454,0.6931471805599453
187,2412,2413,98,98,0,0.10019459172475095,0.6931471805599452,0.6931471805599453
187,2413,2414,98,98,0,0.10122817519063852,0.6931471805599452,0.6931471805599453
187,2414,2415,98,98,0,0.1014983701158543,0.6931471805599452,0.6931471805599452
187,2415,2416,57,57,1,0.10044170340947937,0.6931471805599452,0.6931471805599452
187,2416,2417,98,98,0,0.10116641892462361,0.6931471805599452,0.6931471805599452
187,2417,2418,98,98,0,0.10039181262254715,0.6931471805599452,0.6931471805599452
187,2418,2419,98,98,0,0.10116276563126214,0.6931471805599452,0.6931471805599453
187,2419,2420,98,98,0,0.10153799351989007,0.6931471805599452,0.6931471805599453
187,2420,2421,98,98,0,0.1012733236563449,0.6931471805599452,0.6931471805599453
187,2421,2422,98,98,0,0.10107982668037317,0.6931471805599452,0.6931471805599452
187,2422,2423,98,98,0,0.10109981415527207,0.6931471805599452,0.6931471805599452
187,2423,2424,98,98,0,0.101043416149154,0.6931471805599454,0.6931471805599452
187,2424,2425,98,98,0,0.10097126997247034,0.6931471805599452,0.6931471805599452
187,2425,2426,98,98,0,0.10051496387744437,0.6931471805599454,0.6931471805599452
187,2426,2427,98,98,0,0.10044941442961595,0.6931471805599452,0.6931471805599453
187,2427,2428,98,98,0,0.10035465923803193,0.6931471805599454,0.6931471805599453
187,2428,2429,98,98,0,0.10126941514258482,0.6931471805599454,0.6931471805599452
187,2429,2430,98,98,0,0.10168840485263844,0.6931471805599454,0.6931471805599452
187,2430,2431,98,98,0,0.10090837171491311,0.6931471805599454,0.6931471805599452
187,2431,2432,98,98,0,0.10073221558514907,0.6931471805599452,0.6931471805599452
187,2432,2433,98,98,0,0.10049170324084711,0.6931471805599454,0.6931471805599452
187,2433,2434,52,52,1,0.10162831685290886,0.6931471805599452,0.6931471805599453
187,2434,2435,59,59,1,0.10227180322853185,0.6931471805599454,0.6931471805599453
187,2435,2436,98,98,0,0.10156832521363181,0.6931471805599452,0.6931471805599453
187,2436,2437,98,98,0,0.10155638352948793,0.6931471805599452,0.6931471805599452
187,2437,2438,98,98,0,0.10114773552940816,0.6931471805599452,0.6931471805599452
187,2438,2439,98,98,0,0.10066175772523393,0.6931471805599454,0.6931471805599452
187,2439,2440,98,98,0,0.10063071989891481,0.6931471805599452,0.6931471805599452
187,2440,2441,98,98,0,0.10185403878591498,0.6931471805599452,0.6931471805599453
187,2441,2442,98,98,0,0.10073246548370439,0.6931471805599452,0.6931471805599453
187,2442,2443,98,98,0,0.1009475302179249,0.6931471805599452,0.6931471805599453
187,2443,2444,95,95,1,0.1021351725647324,0.6931471805599452,0.6931471805599452
187,2444,2445,98,98,0,0.10111690023723914,0.6931471805599452,0.6931471805599452
187,2445,2446,98,98,0,0.1007980925544184,0.6931471805599454,0.6931471805599452
187,2446,2447,98,98,0,0.10033964593799746,0.6931471805599452,0.6931471805599452
187,2447,2448,98,98,0,0.10094776110989707,0.6931471805599454,0.6931471805599453
187,2448,2449,92,92,1,0.1015853851871646,0.6931471805599454,0.6931471805599453
187,2449,2450,98,98,0,0.10137053259781428,0.6931471805599454,0.6931471805599453
187,2450,2451,98,98,0,0.1018753239542854,0.6931471805599454,0.6931471805599453
187,2451,2452,98,98,0,0.10292875014093457,0.6931471805599452,0.6931471805599452
187,2452,2453,98,98,0,0.10172883869737995,0.6931471805599452,0.6931471805599452
187,2453,2454,98,98,0,0.1013988305871584,0.6931471805599452,0.6931471805599452
187,2454,2455,98,98,0,0.10144033161353092,0.6931471805599452,0.6931471805599452
187,2455,2456,98,98,0,0.10111288536263972,0.6931471805599452,0.6931471805599453
187,2456,2457,98,98,0,0.10033624725682395,0.6931471805599452,0.6931471805599453
187,2457,2458,85,85,1,0.10169968990718617,0.6931471805599452,0.6931471805599453
187,2458,2459,9,9,1,0.1014343715376324,0.6931471805599452,0.6931471805599452
187,2459,2460,98,98,0,0.10064139369190955,0.6931471805599452,0.6931471805599452
187,2460,2461,55,55,1,0.10257100882855329,0.6931471805599452,0.6931471805599452
187,2461,2462,98,98,0,0.10155243867514085,0.6931471805599452,0.6931471805599452
187,2462,2463,98,98,0,0.102104444208802,0.6931471805599454,0.6931471805599453
187,2463,2464,47,47,1,0.10110724574707924,0.6931471805599452,0.6931471805599453
187,2464,2465,98,98,0,0.10086202955975825,0.6931471805599452,0.6931471805599453
187,2465,2466,98,98,0,0.10040966041234074,0.6931471805599452,0.6931471805599452
187,2466,2467,98,98,0,0.10195820025947629,0.6931471805599454,0.6931471805599452
187,2467,2468,98,98,0,0.10081706142851285,0.6931471805599454,0.6931471805599452
187,2468,2469,98,98,0,0.10034212257180895,0.6931471805599452,0.6931471805599452
187,2469,2470,98,98,0,0.10084991225478601,0.6931471805599454,0.6931471805599452
187,2470,2471,98,98,0,0.10041385159200551,0.6931471805599454,0.6931471805599453
187,2471,2472,98,98,0,0.10153113837753024,0.6931471805599452,0.6931471805599453
187,2472,2473,98,98,0,0.10124025972826141,0.6931471805599452,0.6931471805599453
187,2473,2474,98,98,0,0.10225634003172115,0.6931471805599452,0.6931471805599452
187,2474,2475,98,98,0,0.10116859996805386,0.6931471805599454,0.6931471805599452
187,2475,2476,98,98,0,0.10064410555119417,0.6931471805599452,0.6931471805599452
187,2476,2477,98,98,0,0.1026447308915002,0.6931471805599452,0.6931471805599452
187,2477,2478,98,98,0,0.10017131238567586,0.6931471805599452,0.6931471805599453
187,2478,2479,98,98,0,0.10042188894383762,0.6931471805599452,0.6931471805599453
187,2479,2480,98,98,0,0.1015167275861818,0.6931471805599452,0.6931471805599453
187,2480,2481,18,18,1,0.10403105326824719,0.6931471805599452,0.6931471805599452
187,2481,2482,98,98,0,0.1005962886372391,0.6931471805599452,0.6931471805599452
187,2482,2483,98,98,0,0.10057990405024314,0.6931471805599454,0.6931471805599452
187,2483,2484,98,98,0,0.10189566837281597,0.6931471805599452,0.6931471805599452
187,2484,2485,98,98,0,0.10173878073692322,0.6931471805599454,0.6931471805599453
187,2485,2486,96,96,1,0.10127792631586392,0.6931471805599454,0.6931471805599453
187,2486,2487,98,98,0,0.1002573157299538,0.6931471805599452,0.6931471805599453
187,2487,2488,98,98,0,0.10137368845088142,0.6931471805599454,0.6931471805599452
187,2488,2489,96,96,1,0.10071915046622355,0.6931471805599454,0.6931471805599452
187,2489,2490,98,98,0,0.10060026200146091,0.6931471805599452,0.6931471805599452
187,2490,2491,98,98,0,0.10077905814562525,0.6931471805599454,0.6931471805599452
187,2491,2492,64,64,1,0.10087590548209846,0.6931471805599452,0.6931471805599452
187,2492,2493,98,98,0,0.10070511158935878,0.6931471805599452,0.6931471805599453
187,2493,2494,47,47,1,0.10096477463524392,0.6931471805599452,0.6931471805599453
187,2494,2495,98,98,0,0.10086079253530016,0.6931471805599454,0.6931471805599453
187,2495,2496,98,98,0,0.10037259651081902,0.6931471805599452,0.6931471805599452
187,2496,2497,98,98,0,0.10110657532908479,0.6931471805599452,0.6931471805599452
187,2497,2498,98,98,0,0.10072750187650019,0.6931471805599452,0.6931471805599452
187,2498,2499,98,98,0,0.10022326862933684,0.6931471805599452,0.6931471805599452
187,2499,2500,98,98,0,0.10184110640263071,0.6931471805599452,0.6931471805599453
187,2500,2501,98,98,0,0.1013811182002632,0.6931471805599452,0.6931471805599453
187,2501,2502,98,98,0,0.10144085657535767,0.6931471805599452,0.6931471805599453
187,2502,2503,98,98,0,0.10206476659799109,0.6931471805599452,0.6931471805599452
187,2503,2504,98,98,0,0.10138265933005178,0.6931471805599452,0.6931471805599452
187,2504,2505,98,98,0,0.10102261914586534,0.6931471805599452,0.6931471805599452
187,2505,2506,98,98,0,0.10159241096401701,0.6931471805599454,0.6931471805599452
187,2506,2507,98,98,0,0.10117987140404935,0.6931471805599452,0.6931471805599453
187,2507,2508,98,98,0,0.10063782341930332,0.6931471805599452,0.6931471805599453
187,2508,2509,98,98,0,0.10458364102001093,0.6931471805599452,0.6931471805599453
187,2509,2510,98,98,0,0.10035148893996161,0.6931471805599452,0.6931471805599452
187,2510,2511,98,98,0,0.10051433422735759,0.6931471805599452,0.6931471805599452
187,2511,2512,92,92,1,0.10251992787032024,0.6931471805599452,0.6931471805599452
187,2512,2513,98,98,0,0.10074938848918798,0.6931471805599454,0.6931471805599452
187,2513,2514,98,98,0,0.10026187373667347,0.6931471805599452,0.6931471805599452
187,2514,2515,98,98,0,0.10125110290792523,0.6931471805599452,0.6931471805599453
187,2515,2516,98,98,0,0.10068615024187128,0.6931471805599452,0.6931471805599453
187,2516,2517,98,98,0,0.10091957115397161,0.6931471805599452,0.6931471805599452
187,2517,2518,98,98,0,0.1003102638891765,0.6931471805599454,0.6931471805599452
187,2518,2519,9,9,1,0.16836737593015036,0.6931471805599452,0.6931471805599452
187,2519,2520,62,62,1,0.10120173880169468,0.6931471805599452,0.6931471805599452
187,2520,2521,98,98,0,0.10112053885751841,0.6931471805599452,0.6931471805599452
187,2521,2522,98,98,0,0.1010977419055238,0.6931471805599454,0.6931471805599453
187,2522,2523,98,98,0,0.10141722295357257,0.6931471805599454,0.6931471805599453
187,2523,2524,98,98,0,0.1015372035302678,0.6931471805599454,0.6931471805599453
187,2524,2525,98,98,0,0.10052753384320104,0.6931471805599452,0.6931471805599452
187,2525,2526,98,98,0,0.10092002457501936,0.6931471805599452,0.6931471805599452
187,2526,2527,98,98,0,0.10119008926712737,0.6931471805599452,0.6931471805599452
187,2527,2528,98,98,0,0.10102167999257847,0.6931471805599452,0.6931471805599452
187,2528,2529,98,98,0,0.10041764538202967,0.6931471805599452,0.6931471805599453
187,2529,2530,98,98,0,0.1010947513337038,0.6931471805599454,0.6931471805599453
187,2530,2531,58,58,1,0.10397910236798484,0.6931471805599452,0.6931471805599453
187,2531,2532,98,98,0,0.1009305857730155,0.6931471805599454,0.6931471805599452
187,2532,2533,98,98,0,0.10135434248617717,0.6931471805599452,0.6931471805599452
187,2533,2534,98,98,0,0.10203912124341848,0.6931471805599454,0.6931471805599452
187,2534,2535,98,98,0,0.10140098281660859,0.6931471805599454,0.6931471805599452
187,2535,2536,98,98,0,0.10073327554427848,0.6931471805599452,0.6931471805599452
187,2536,2537,98,98,0,0.10161141412598747,0.6931471805599452,0.6931471805599453
187,2537,2538,98,98,0,0.10015026540780554,0.6931471805599452,0.6931471805599453
187,2538,2539,98,98,0,0.1005578245587495,0.6931471805599452,0.6931471805599453
187,2539,2540,98,98,0,0.10082219944012408,0.6931471805599454,0.6931471805599452
187,2540,2541,98,98,0,0.10094714605686617,0.6931471805599452,0.6931471805599452
187,2541,2542,98,98,0,0.10052257221268147,0.6931471805599452,0.6931471805599452
187,2542,2543,98,98,0,0.1014438346028328,0.6931471805599452,0.6931471805599452
187,2543,2544,57,57,1,0.10147380449792795,0.6931471805599454,0.6931471805599453
187,2544,2545,98,98,0,0.1006782888909992,0.6931471805599452,0.6931471805599453
187,2545,2546,40,40,1,0.1030139522626996,0.6931471805599452,0.6931471805599453
187,2546,2547,98,98,0,0.10183555131055871,0.6931471805599454,0.6931471805599452
187,2547,2548,64,64,1,0.1014257431961596,0.6931471805599452,0.6931471805599452
187,2548,2549,85,85,1,0.10136023032314637,0.6931471805599454,0.6931471805599452
187,2549,2550,98,98,0,0.10059566803428592,0.6931471805599452,0.6931471805599452
187,2550,2551,98,98,0,0.10091461248847904,0.6931471805599452,0.6931471805599452
187,2551,2552,45,45,1,0.10071137067344453,0.6931471805599452,0.6931471805599453
187,2552,2553,98,98,0,0.10039262823304351,0.6931471805599452,0.6931471805599453
187,2553,2554,98,98,0,0.10119074560245689,0.6931471805599452,0.6931471805599452
187,2554,2555,52,52,1,0.1007348088404307,0.6931471805599452,0.6931471805599452
187,2555,2556,98,98,0,0.10484071706934851,0.6931471805599452,0.6931471805599452
187,2556,2557,98,98,0,0.10073721644525625,0.6931471805599454,0.6931471805599452
187,2557,2558,98,98,0,0.10147199201948788,0.6931471805599452,0.6931471805599452
187,2558,2559,98,98,0,0.10081910896970302,0.6931471805599452,0.6931471805599453
187,2559,2560,98,98,0,0.10170481893785145,0.6931471805599452,0.6931471805599453
187,2560,2561,98,98,0,0.101174352348459,0.6931471805599452,0.6931471805599452
187,2561,2562,98,98,0,0.10078798204052206,0.6931471805599454,0.6931471805599452
187,2562,2563,98,98,0,0.10159046757890254,0.6931471805599452,0.6931471805599452
187,2563,2564,98,98,0,0.10063520423611816,0.6931471805599454,0.6931471805599452
187,2564,2565,98,98,0,0.10057759201344178,0.6931471805599452,0.6931471805599452
187,2565,2566,91,91,1,0.10084494473514977,0.6931471805599452,0.6931471805599453
187,2566,2567,98,98,0,0.10046754062783961,0.6931471805599452,0.6931471805599453
187,2567,2568,98,98,0,0.10232322229718675,0.6931471805599452,0.6931471805599453
187,2568,2569,62,62,1,0.10174362097055681,0.6931471805599452,0.6931471805599452
187,2569,2570,98,98,0,0.10155332780310086,0.6931471805599452,0.6931471805599452
187,2570,2571,98,98,0,0.10044265264759258,0.6931471805599452,0.6931471805599452
187,2571,2572,98,98,0,0.1006098929412511,0.6931471805599452,0.6931471805599452
187,2572,2573,98,98,0,0.10031100803492021,0.6931471805599454,0.6931471805599452
187,2573,2574,98,98,0,0.1002604071887172,0.6931471805599452,0.6931471805599453
187,2574,2575,98,98,0,0.10058930972400977,0.6931471805599452,0.6931471805599453
187,2575,2576,98,98,0,0.10031820377525018,0.6931471805599452,0.6931471805599452
187,2576,2577,98,98,0,0.10199057865811854,0.6931471805599454,0.6931471805599452
187,2577,2578,98,98,0,0.1007966021341937,0.6931471805599452,0.6931471805599452
187,2578,2579,98,98,0,0.10187594311273827,0.6931471805599452,0.6931471805599452
187,2579,2580,98,98,0,0.10071033817164753,0.6931471805599452,0.6931471805599452
187,2580,2581,98,98,0,0.1008207377578531,0.6931471805599452,0.6931471805599453
187,2581,2582,98,98,0,0.10074966925443435,0.6931471805599452,0.6931471805599453
187,2582,2583,98,98,0,0.10078683419495213,0.6931471805599452,0.6931471805599452
187,2583,2584,98,98,0,0.10088200144925896,0.6931471805599452,0.6931471805599452
187,2584,2585,98,98,0,0.10205296601872055,0.6931471805599454,0.6931471805599452
187,2585,2586,98,98,0,0.10097658345285727,0.6931471805599452,0.6931471805599452
187,2586,2587,98,98,0,0.10129339909371064,0.6931471805599452,0.6931471805599452
187,2587,2588,89,89,1,0.10148288518860099,0.6931471805599452,0.6931471805599453
187,2588,2589,98,98,0,0.10373375215092484,0.6931471805599452,0.6931471805599453
187,2589,2590,98,98,0,0.10129538543370305,0.6931471805599452,0.6931471805599452
187,2590,2591,98,98,0,0.10043198501273078,0.6931471805599452,0.6931471805599452
187,2591,2592,98,98,0,0.10068658313580922,0.6931471805599452,0.6931471805599452
187,2592,2593,90,90,1,0.10374157205224037,0.6931471805599452,0.6931471805599452
187,2593,2594,98,98,0,0.10207971953311745,0.6931471805599454,0.6931471805599452
187,2594,2595,98,98,0,0.10099294089845248,0.6931471805599454,0.6931471805599452
187,2595,2596,98,98,0,0.10055806191295993,0.6931471805599454,0.6931471805599453
187,2596,2597,46,46,1,0.10201646160820256,0.6931471805599452,0.6931471805599453
187,2597,2598,54,54,1,0.10269220849430119,0.6931471805599452,0.6931471805599452
187,2598,2599,98,98,0,0.10045369592856387,0.6931471805599452,0.6931471805599452
187,2599,2600,98,98,0,0.10040937189240845,0.6931471805599452,0.6931471805599452
187,2600,2601,98,98,0,0.10139656652297292,0.6931471805599454,0.6931471805599452
187,2601,2602,98,98,0,0.10229005185621125,0.6931471805599452,0.6931471805599452
187,2602,2603,98,98,0,0.10106906256809527,0.6931471805599454,0.6931471805599453
187,2603,2604,98,98,0,0.10043537016121709,0.6931471805599452,0.6931471805599453
187,2604,2605,98,98,0,0.10037101759594313,0.6931471805599452,0.6931471805599452
187,2605,2606,98,98,0,0.10059640503355435,0.6931471805599452,0.6931471805599452
187,2606,2607,12,12,1,0.11606502905488014,0.6931471805599452,0.6931471805599452
187,2607,2608,98,98,0,0.101449047348329,0.6931471805599454,0.6931471805599452
187,2608,2609,98,98,0,0.10136444418101895,0.6931471805599452,0.6931471805599452
187,2609,2610,98,98,0,0.10118584418479278,0.6931471805599452,0.6931471805599453
187,2610,2611,98,98,0,0.10136471247794676,0.6931471805599452,0.6931471805599453
187,2611,2612,98,98,0,0.1023418971014266,0.6931471805599454,0.6931471805599453
187,2612,2613,98,98,0,0.10154046627635858,0.6931471805599452,0.6931471805599452
187,2613,2614,98,98,0,0.10067784375682169,0.6931471805599452,0.6931471805599452
187,2614,2615,98,98,0,0.10076799601012347,0.6931471805599454,0.6931471805599452
187,2615,2616,98,98,0,0.10134667933595423,0.6931471805599454,0.6931471805599452
187,2616,2617,98,98,0,0.10039262853714885,0.6931471805599452,0.6931471805599453
187,2617,2618,98,98,0,0.1026533844367582,0.6931471805599452,0.6931471805599453
187,2618,2619,98,98,0,0.10133311129650291,0.6931471805599452,0.6931471805599453
187,2619,2620,98,98,0,0.10199753902092272,0.6931471805599454,0.6931471805599452
187,2620,2621,98,98,0,0.10172374622554195,0.6931471805599454,0.6931471805599452
187,2621,2622,98,98,0,0.10114266274839032,0.6931471805599452,0.6931471805599452
187,2622,2623,42,42,1,0.1002027119199435,0.6931471805599452,0.6931471805599452
187,2623,2624,57,57,1,0.10442324949983965,0.6931471805599454,0.6931471805599452
187,2624,2625,98,98,0,0.10164738020726613,0.6931471805599452,0.6931471805599453
187,2625,2626,98,98,0,0.10032715564783738,0.6931471805599454,0.6931471805599453
187,2626,2627,98,98,0,0.10055180540194317,0.6931471805599452,0.6931471805599452
187,2627,2628,98,98,0,0.10245148214150449,0.6931471805599452,0.6931471805599452
187,2628,2629,98,98,0,0.10073997574497243,0.6931471805599454,0.6931471805599452
187,2629,2630,98,98,0,0.10091045833363825,0.6931471805599454,0.6931471805599452
187,2630,2631,98,98,0,0.10052485193829147,0.6931471805599452,0.6931471805599452
187,2631,2632,98,98,0,0.10097897737001886,0.6931471805599454,0.6931471805599453
187,2632,2633,98,98,0,0.10148277118497966,0.6931471805599452,0.6931471805599453
187,2633,2634,10,10,1,0.10056265518069267,0.6931471805599452,0.6931471805599453
187,2634,2635,98,98,0,0.10072483107143519,0.6931471805599452,0.6931471805599452
187,2635,2636,98,98,0,0.10039488241380574,0.6931471805599452,0.6931471805599452
187,2636,2637,98,98,0,0.1011393454153927,0.6931471805599454,0.6931471805599452
187,2637,2638,98,98,0,0.10180655821245543,0.6931471805599452,0.6931471805599452
187,2638,2639,98,98,0,0.10294809640974414,0.6931471805599452,0.6931471805599452
187,2639,2640,98,98,0,0.10126469071422305,0.6931471805599452,0.6931471805599453
187,2640,2641,98,98,0,0.10049170727024273,0.6931471805599452,0.6931471805599453
187,2641,2642,98,98,0,0.10130220856897686,0.6931471805599452,0.6931471805599452
187,2642,2643,98,98,0,0.10046710682158567,0.6931471805599452,0.6931471805599452
187,2643,2644,98,98,0,0.10067325450327931,0.6931471805599454,0.6931471805599452
187,2644,2645,98,98,0,0.10091500873772466,0.6931471805599452,0.6931471805599452
187,2645,2646,98,98,0,0.10046396024373112,0.6931471805599452,0.6931471805599452
187,2646,2647,98,98,0,0.10267456590521093,0.6931471805599452,0.6931471805599453
187,2647,2648,98,98,0,0.10039168451817668,0.6931471805599454,0.6931471805599453
187,2648,2649,98,98,0,0.10030090451544645,0.6931471805599452,0.6931471805599452
187,2649,2650,59,59,1,0.10268458862931042,0.6931471805599452,0.6931471805599452
187,2650,2651,98,98,0,0.10107008398187403,0.6931471805599452,0.6931471805599452
187,2651,2652,98,98,0,0.10111083402013292,0.6931471805599452,0.6931471805599452
187,2652,2653,98,98,0,0.10162007367732573,0.6931471805599452,0.6931471805599452
187,2653,2654,59,59,1,0.10357272018820553,0.6931471805599454,0.6931471805599453
187,2654,2655,77,77,1,0.10056167976422743,0.6931471805599454,0.6931471805599453
187,2655,2656,98,98,0,0.10066126051301859,0.6931471805599452,0.6931471805599453
187,2656,2657,98,98,0,0.10154833560999559,0.6931471805599452,0.6931471805599452
187,2657,2658,98,98,0,0.10073983509625707,0.6931471805599454,0.6931471805599452
187,2658,2659,98,98,0,0.10078236430275198,0.6931471805599452,0.6931471805599452
187,2659,2660,64,64,1,0.10043592564761639,0.6931471805599454,0.6931471805599452
187,2660,2661,98,98,0,0.10074077219683297,0.6931471805599452,0.6931471805599452
187,2661,2662,61,61,1,0.10142286634836041,0.6931471805599452,0.6931471805599453
187,2662,2663,98,98,0,0.10200928972691906,0.6931471805599452,0.6931471805599453
187,2663,2664,98,98,0,0.10114420661512687,0.6931471805599452,0.6931471805599452
187,2664,2665,98,98,0,0.10227896083070308,0.6931471805599454,0.6931471805599452
187,2665,2666,98,98,0,0.1010372094353851,0.6931471805599452,0.6931471805599452
187,2666,2667,98,98,0,0.10424747622134733,0.6931471805599452,0.6931471805599452
187,2667,2668,10,10,1,0.11368900537490845,0.6931471805599452,0.6931471805599452
187,2668,2669,98,98,0,0.10069643911354396,0.6931471805599452,0.6931471805599453
187,2669,2670,98,98,0,0.10045643873056587,0.6931471805599454,0.6931471805599453
187,2670,2671,98,98,0,0.1006080935500106,0.6931471805599452,0.6931471805599452
187,2671,2672,49,49,1,0.10069092682429723,0.6931471805599454,0.6931471805599452
187,2672,2673,98,98,0,0.10195614268281022,0.6931471805599452,0.6931471805599452
187,2673,2674,98,98,0,0.10285139068657038,0.6931471805599452,0.6931471805599452
187,2674,2675,98,98,0,0.10020221138791162,0.6931471805599452,0.6931471805599452
187,2675,2676,98,98,0,0.10029278269835881,0.6931471805599452,0.6931471805599453
187,2676,2677,66,66,1,0.10073254855744766,0.6931471805599452,0.6931471805599453
187,2677,2678,98,98,0,0.10187280375738533,0.6931471805599452,0.6931471805599453
187,2678,2679,98,98,0,0.10102197026111642,0.6931471805599454,0.6931471805599452
187,2679,2680,98,98,0,0.10138479468165612,0.6931471805599454,0.6931471805599452
187,2680,2681,98,98,0,0.10036629293950236,0.6931471805599452,0.6931471805599452
187,2681,2682,98,98,0,0.10062772704630482,0.6931471805599452,0.6931471805599452
187,2682,2683,59,59,1,0.10047072172164917,0.6931471805599452,0.6931471805599453
187,2683,2684,98,98,0,0.10200394150249813,0.6931471805599452,0.6931471805599453
187,2684,2685,98,98,0,0.10194230376153576,0.6931471805599454,0.6931471805599453
187,2685,2686,98,98,0,0.10108281603577185,0.6931471805599454,0.6931471805599452
187,2686,2687,98,98,0,0.10125651484241291,0.6931471805599452,0.6931471805599452
187,2687,2688,98,98,0,0.10072315811198584,0.6931471805599452,0.6931471805599452
187,2688,2689,98,98,0,0.10103214995897546,0.6931471805599454,0.6931471805599452
187,2689,2690,98,98,0,0.1012925998288758,0.6931471805599452,0.6931471805599452
187,2690,2691,98,98,0,0.10037417846674822,0.6931471805599452,0.6931471805599453
187,2691,2692,74,74,1,0.10110965673182462,0.6931471805599452,0.6931471805599453
187,2692,2693,98,98,0,0.10094049626163074,0.6931471805599452,0.6931471805599452
187,2693,2694,50,50,1,0.10319785699248314,0.6931471805599452,0.6931471805599452
187,2694,2695,98,98,0,0.10037635251575587,0.6931471805599452,0.6931471805599452
187,2695,2696,98,98,0,0.10041493770419335,0.6931471805599454,0.6931471805599452
187,2696,2697,98,98,0,0.10079237742691624,0.6931471805599454,0.6931471805599452
187,2697,2698,98,98,0,0.10324529140275351,0.6931471805599452,0.6931471805599453
187,2698,2699,98,98,0,0.10303306305895046,0.6931471805599452,0.6931471805599453
187,2699,2700,98,98,0,0.10046703816980732,0.6931471805599454,0.6931471805599453
187,2700,2701,75,75,1,0.10180208961168925,0.6931471805599452,0.6931471805599452
187,2701,2702,98,98,0,0.10120395403735492,0.6931471805599452,0.6931471805599452
187,2702,2703,98,98,0,0.10074933359817582,0.6931471805599454,0.6931471805599452
187,2703,2704,13,13,1,0.11498780720509015,0.6931471805599454,0.6931471805599452
187,2704,2705,98,98,0,0.10155262729647208,0.6931471805599452,0.6931471805599453
187,2705,2706,98,98,0,0.10065378491975824,0.6931471805599454,0.6931471805599453
187,2706,2707,98,98,0,0.10057133344971404,0.6931471805599452,0.6931471805599453
187,2707,2708,98,98,0,0.10135618658090124,0.6931471805599452,0.6931471805599452
187,2708,2709,46,46,1,0.10044284537434578,0.6931471805599452,0.6931471805599452
187,2709,2710,98,98,0,0.10047207917181813,0.6931471805599452,0.6931471805599452
187,2710,2711,98,98,0,0.10152086113788644,0.6931471805599452,0.6931471805599452
187,2711,2712,98,98,0,0.10040170874218551,0.6931471805599452,0.6931471805599452
187,2712,2713,98,98,0,0.10056849082513732,0.6931471805599454,0.6931471805599453
187,2713,2714,98,98,0,0.10326523858369613,0.6931471805599452,0.6931471805599453
187,2714,2715,65,65,1,0.10258125995214169,0.6931471805599452,0.6931471805599453
187,2715,2716,98,98,0,0.10039449186653507,0.6931471805599452,0.6931471805599452
187,2716,2717,98,98,0,0.10041588476421881,0.6931471805599452,0.6931471805599452
187,2717,2718,90,90,1,0.10143071578608619,0.6931471805599452,0.6931471805599452
187,2718,2719,98,98,0,0.10216726727631627,0.6931471805599454,0.6931471805599452
187,2719,2720,98,98,0,0.10036169844014305,0.6931471805599454,0.6931471805599453
187,2720,2721,98,98,0,0.10113543644547462,0.6931471805599454,0.6931471805599453
187,2721,2722,98,98,0,0.1005005140845873,0.6931471805599452,0.6931471805599453
187,2722,2723,98,98,0,0.10253898350864041,0.6931471805599452,0.6931471805599452
187,2723,2724,98,98,0,0.10045225933498265,0.6931471805599454,0.6931471805599452
187,2724,2725,98,98,0,0.10073152777491784,0.6931471805599452,0.6931471805599452
187,2725,2726,98,98,0,0.10120536941958934,0.6931471805599452,0.6931471805599452
187,2726,2727,98,98,0,0.10139959564014357,0.6931471805599452,0.6931471805599452
187,2727,2728,98,98,0,0.10196398008538753,0.6931471805599454,0.6931471805599453
187,2728,2729,98,98,0,0.10057233593293599,0.6931471805599452,0.6931471805599453
187,2729,2730,98,98,0,0.10132639208922581,0.6931471805599452,0.6931471805599452
187,2730,2731,98,98,0,0.10232666195655356,0.6931471805599452,0.6931471805599452
187,2731,2732,98,98,0,0.10159722419113529,0.6931471805599454,0.6931471805599452
187,2732,2733,98,98,0,0.10063707425582166,0.6931471805599452,0.6931471805599452
187,2733,2734,98,98,0,0.10040743306887392,0.6931471805599452,0.6931471805599452
187,2734,2735,98,98,0,0.10130713401096207,0.6931471805599454,0.6931471805599453
187,2735,2736,98,98,0,0.10098345182379898,0.6931471805599452,0.6931471805599453
187,2736,2737,98,98,0,0.10205248606448271,0.6931471805599452,0.6931471805599453
187,2737,2738,98,98,0,0.1002373715900645,0.6931471805599452,0.6931471805599452
187,2738,2739,98,98,0,0.10064376936275132,0.6931471805599452,0.6931471805599452
187,2739,2740,98,98,0,0.1003531130905054,0.6931471805599452,0.6931471805599452
187,2740,2741,98,98,0,0.10059393744687645,0.6931471805599452,0.6931471805599452
187,2741,2742,39,39,1,0.10310289435661756,0.6931471805599452,0.6931471805599453
187,2742,2743,46,46,1,0.10039607224904973,0.6931471805599454,0.6931471805599453
187,2743,2744,69,69,1,0.10236729551916537,0.6931471805599452,0.6931471805599453
187,2744,2745,98,98,0,0.100889831249203,0.6931471805599452,0.6931471805599452
187,2745,2746,98,98,0,0.10088151153557155,0.6931471805599452,0.6931471805599452
187,2746,2747,98,98,0,0.10096416029394889,0.6931471805599454,0.6931471805599452
187,2747,2748,98,98,0,0.1008202073221304,0.6931471805599452,0.6931471805599452
187,2748,2749,98,98,0,0.10145430031175516,0.6931471805599452,0.6931471805599452
187,2749,2750,98,98,0,0.1006202261362757,0.6931471805599452,0.6931471805599453
187,2750,2751,98,98,0,0.10236769815792843,0.6931471805599452,0.6931471805599453
187,2751,2752,98,98,0,0.10100219261889555,0.6931471805599452,0.6931471805599452
187,2752,2753,98,98,0,0.1016385349996236,0.6931471805599454,0.6931471805599452
187,2753,2754,11,11,1,0.1093124733729796,0.6931471805599452,0.6931471805599452
187,2754,2755,98,98,0,0.10054971064840044,0.6931471805599454,0.6931471805599452
187,2755,2756,98,98,0,0.10052412216152463,0.6931471805599452,0.6931471805599452
187,2756,2757,98,98,0,0.10124120063015393,0.6931471805599452,0.6931471805599453
187,2757,2758,98,98,0,0.10044636113607154,0.6931471805599452,0.6931471805599453
187,2758,2759,98,98,0,0.10063858679970916,0.6931471805599454,0.6931471805599453
187,2759,2760,98,98,0,0.10182136631741816,0.6931471805599452,0.6931471805599452
187,2760,2761,98,98,0,0.10220202811214389,0.6931471805599454,0.6931471805599452
187,2761,2762,98,98,0,0.10095035923378808,0.6931471805599454,0.6931471805599452
187,2762,2763,98,98,0,0.10135423346441619,0.6931471805599454,0.6931471805599452
187,2763,2764,98,98,0,0.10060663103144996,0.6931471805599452,0.6931471805599453
187,2764,2765,98,98,0,0.1009393887100171,0.6931471805599454,0.6931471805599453
187,2765,2766,98,98,0,0.10177404562733611,0.6931471805599454,0.6931471805599453
187,2766,2767,16,16,1,0.10287496959790587,0.6931471805599452,0.6931471805599452
187,2767,2768,98,98,0,0.1003169662946341,0.6931471805599452,0.6931471805599452
187,2768,2769,98,98,0,0.1016413831741226,0.6931471805599452,0.6931471805599452
187,2769,2770,98,98,0,0.10138973548096053,0.6931471805599454,0.6931471805599452
187,2770,2771,98,98,0,0.10182824890528407,0.6931471805599454,0.6931471805599452
187,2771,2772,98,98,0,0.10138240753083813,0.6931471805599454,0.6931471805599453
187,2772,2773,98,98,0,0.10281443299383533,0.6931471805599452,0.6931471805599453
187,2773,2774,98,98,0,0.1005224599217882,0.6931471805599454,0.6931471805599453
187,2774,2775,98,98,0,0.10059451745176802,0.6931471805599452,0.6931471805599452
187,2775,2776,98,98,0,0.1004632376894659,0.6931471805599454,0.6931471805599452
187,2776,2777,98,98,0,0.10242937588874175,0.6931471805599452,0.6931471805599452
187,2777,2778,98,98,0,0.10218473820357907,0.6931471805599452,0.6931471805599452
187,2778,2779,98,98,0,0.10065738202965989,0.6931471805599452,0.6931471805599453
187,2779,2780,98,98,0,0.102463569796207,0.6931471805599454,0.6931471805599453
187,2780,2781,98,98,0,0.10171448180870134,0.6931471805599452,0.6931471805599453
187,2781,2782,98,98,0,0.10036119111642545,0.6931471805599452,0.6931471805599452
187,2782,2783,98,98,0,0.10196111366456868,0.6931471805599454,0.6931471805599452
187,2783,2784,44,44,1,0.10115817223082889,0.6931471805599452,0.6931471805599452
187,2784,2785,98,98,0,0.1004324693764959,0.6931471805599452,0.6931471805599452
187,2785,2786,98,98,0,0.10026273040138946,0.6931471805599454,0.6931471805599453
187,2786,2787,98,98,0,0.10252272063980297,0.6931471805599452,0.6931471805599453
187,2787,2788,98,98,0,0.10121431171285863,0.6931471805599452,0.6931471805599453
187,2788,2789,98,98,0,0.10087499980415617,0.6931471805599452,0.6931471805599452
187,2789,2790,98,98,0,0.10068373838249518,0.6931471805599452,0.6931471805599452
187,2790,2791,98,98,0,0.1003642344505203,0.6931471805599452,0.6931471805599452
187,2791,2792,98,98,0,0.10236582532525063,0.6931471805599454,0.6931471805599452
187,2792,2793,98,98,0,0.10124628709591164,0.6931471805599452,0.6931471805599452
187,2793,2794,98,98,0,0.10103526475782297,0.6931471805599454,0.6931471805599453
187,2794,2795,98,98,0,0.1011884654206889,0.6931471805599452,0.6931471805599453
187,2795,2796,98,98,0,0.10146697777874615,0.6931471805599454,0.6931471805599453
187,2796,2797,98,98,0,0.10186974392557631,0.6931471805599454,0.6931471805599452
187,2797,2798,98,98,0,0.10149610932080114,0.6931471805599452,0.6931471805599452
187,2798,2799,98,98,0,0.1014139393002403,0.6931471805599452,0.6931471805599452
187,2799,2800,55,55,1,0.10154014798727902,0.6931471805599452,0.6931471805599452
187,2800,2801,98,98,0,0.10170708459858992,0.6931471805599454,0.6931471805599453
187,2801,2802,70,70,1,0.10068415935550418,0.6931471805599452,0.6931471805599453
187,2802,2803,98,98,0,0.10182390688937537,0.6931471805599452,0.6931471805599453
187,2803,2804,98,98,0,0.1005056308088254,0.6931471805599452,0.6931471805599452
187,2804,2805,69,69,1,0.10073432520679805,0.6931471805599454,0.6931471805599452
187,2805,2806,71,71,1,0.10215753936012026,0.6931471805599452,0.6931471805599452
187,2806,2807,98,98,0,0.10030659265360053,0.6931471805599452,0.6931471805599452
187,2807,2808,98,98,0,0.10125595232357784,0.6931471805599454,0.6931471805599453
187,2808,2809,98,98,0,0.10105274260348203,0.6931471805599452,0.6931471805599453
187,2809,2810,98,98,0,0.10083507313107958,0.6931471805599454,0.6931471805599453
187,2810,2811,98,98,0,0.10247734234649308,0.6931471805599452,0.6931471805599453
187,2811,2812,98,98,0,0.10044859425753963,0.6931471805599452,0.6931471805599452
187,2812,2813,98,98,0,0.10146115993966862,0.6931471805599452,0.6931471805599452
187,2813,2814,75,75,1,0.10179450372854869,0.6931471805599452,0.6931471805599452
187,2814,2815,98,98,0,0.10148867029620677,0.6931471805599454,0.6931471805599452
187,2815,2816,98,98,0,0.10085669540020885,0.6931471805599452,0.6931471805599453
187,2816,2817,98,98,0,0.10194556970073253,0.6931471805599452,0.6931471805599453
187,2817,2818,98,98,0,0.10038469503728711,0.6931471805599454,0.6931471805599453
187,2818,2819,98,98,0,0.10279863434178489,0.6931471805599452,0.6931471805599452
187,2819,2820,98,98,0,0.10106659292870639,0.6931471805599452,0.6931471805599452
187,2820,2821,98,98,0,0.10249794259363292,0.6931471805599452,0.6931471805599452
187,2821,2822,98,98,0,0.10098617196995385,0.6931471805599452,0.6931471805599452
187,2822,2823,98,98,0,0.10078119045617628,0.6931471805599454,0.6931471805599453
187,2823,2824,98,98,0,0.10208250863515601,0.6931471805599454,0.6931471805599453
187,2824,2825,98,98,0,0.10065942881058673,0.6931471805599454,0.6931471805599453
187,2825,2826,9,9,1,0.12252866559558445,0.6931471805599452,0.6931471805599452
187,2826,2827,98,98,0,0.10094724025349228,0.6931471805599454,0.6931471805599452
187,2827,2828,98,98,0,0.10058476509792465,0.6931471805599454,0.6931471805599452
187,2828,2829,98,98,0,0.10131677681086015,0.6931471805599452,0.6931471805599452
187,2829,2830,98,98,0,0.10103736323665599,0.6931471805599454,0.6931471805599453
187,2830,2831,98,98,0,0.1006491400909667,0.6931471805599452,0.6931471805599453
187,2831,2832,98,98,0,0.1016742263977625,0.6931471805599454,0.6931471805599453
187,2832,2833,98,98,0,0.10023171492681211,0.6931471805599452,0.6931471805599453
187,2833,2834,98,98,0,0.10152359352428086,0.6931471805599454,0.6931471805599452
187,2834,2835,98,98,0,0.10151970956702622,0.6931471805599454,0.6931471805599452
187,2835,2836,98,98,0,0.10026079887638287,0.6931471805599452,0.6931471805599452
187,2836,2837,98,98,0,0.101478425519807,0.6931471805599452,0.6931471805599452
187,2837,2838,98,98,0,0.10036437015752403,0.6931471805599452,0.6931471805599453
187,2838,2839,98,98,0,0.10138690342404405,0.6931471805599452,0.6931471805599453
187,2839,2840,98,98,0,0.1016676843318404,0.6931471805599452,0.6931471805599453
187,2840,2841,98,98,0,0.10160990865254889,0.6931471805599452,0.6931471805599452
187,2841,2842,98,98,0,0.1006002703643575,0.6931471805599452,0.6931471805599452
187,2842,2843,98,98,0,0.10053935403726538,0.6931471805599452,0.6931471805599452
187,2843,2844,98,98,0,0.10065725164449944,0.6931471805599454,0.6931471805599452
187,2844,2845,98,98,0,0.10091681983702037,0.6931471805599452,0.6931471805599453
187,2845,2846,58,58,1,0.10293617767506633,0.6931471805599452,0.6931471805599453
187,2846,2847,98,98,0,0.10121902945090314,0.6931471805599452,0.6931471805599453
187,2847,2848,98,98,0,0.10105194972485912,0.6931471805599454,0.6931471805599453
187,2848,2849,98,98,0,0.1010616624689832,0.6931471805599452,0.6931471805599452
187,2849,2850,98,98,0,0.10088530684612235,0.6931471805599454,0.6931471805599452
187,2850,2851,98,98,0,0.10073255078524959,0.6931471805599454,0.6931471805599452
187,2851,2852,98,98,0,0.10185633212023852,0.6931471805599454,0.6931471805599453
187,2852,2853,98,98,0,0.10193659889758849,0.6931471805599452,0.6931471805599453
187,2853,2854,9,9,1,0.10516142845153809,0.6931471805599452,0.6931471805599453
187,2854,2855,98,98,0,0.10053873419457553,0.6931471805599454,0.6931471805599453
187,2855,2856,98,98,0,0.10113051845406999,0.6931471805599452,0.6931471805599452
187,2856,2857,98,98,0,0.10059320592150396,0.6931471805599452,0.6931471805599452
187,2857,2858,98,98,0,0.10155360469100427,0.6931471805599454,0.6931471805599452
187,2858,2859,98,98,0,0.10140034449951989,0.6931471805599454,0.6931471805599452
187,2859,2860,98,98,0,0.10138071670520063,0.6931471805599452,0.6931471805599453
187,2860,2861,98,98,0,0.10084889236153388,0.6931471805599454,0.6931471805599453
187,2861,2862,98,98,0,0.10134770310654932,0.6931471805599454,0.6931471805599453
187,2862,2863,98,98,0,0.10258555397087214,0.6931471805599452,0.6931471805599453
187,2863,2864,98,98,0,0.1014201292121897,0.6931471805599454,0.6931471805599452
187,2864,2865,98,98,0,0.1005036962427655,0.6931471805599452,0.6931471805599452
187,2865,2866,65,65,1,0.10102406831888053,0.6931471805599452,0.6931471805599452
187,2866,2867,98,98,0,0.10031842896524741,0.6931471805599452,0.6931471805599453
187,2867,2868,98,98,0,0.10099584419204265,0.6931471805599452,0.6931471805599453
187,2868,2869,98,98,0,0.10072651132941246,0.6931471805599452,0.6931471805599453
187,2869,2870,98,98,0,0.10054471130881991,0.6931471805599454,0.6931471805599453
187,2870,2871,98,98,0,0.10100149386087243,0.6931471805599452,0.6931471805599452
187,2871,2872,51,51,1,0.10127202362990846,0.6931471805599452,0.6931471805599452
187,2872,2873,98,98,0,0.10068295941669114,0.6931471805599452,0.6931471805599452
187,2873,2874,98,98,0,0.10050179322763365,0.6931471805599454,0.6931471805599452
187,2874,2875,98,98,0,0.10196304458136461,0.6931471805599452,0.6931471805599453
187,2875,2876,98,98,0,0.10254572278686933,0.6931471805599452,0.6931471805599453
187,2876,2877,98,98,0,0.10185949329514893,0.6931471805599452,0.6931471805599453
187,2877,2878,98,98,0,0.10087946764364535,0.6931471805599452,0.6931471805599452
187,2878,2879,10,10,1,0.10035315826535225,0.6931471805599452,0.6931471805599452
187,2879,2880,98,98,0,0.10102233762035565,0.6931471805599452,0.6931471805599452
187,2880,2881,98,98,0,0.10054994655811057,0.6931471805599454,0.6931471805599452
187,2881,2882,98,98,0,0.10063410002966316,0.6931471805599452,0.6931471805599453
187,2882,2883,57,57,1,0.1045381147087666,0.6931471805599452,0.6931471805599453
187,2883,2884,98,98,0,0.1006793539438929,0.6931471805599454,0.6931471805599453
187,2884,2885,98,98,0,0.1004159828381879,0.6931471805599452,0.6931471805599453
187,2885,2886,98,98,0,0.1004294750793856,0.6931471805599452,0.6931471805599452
187,2886,2887,84,84,1,0.10150712506756895,0.6931471805599452,0.6931471805599452
187,2887,2888,98,98,0,0.10061718135768054,0.6931471805599452,0.6931471805599452
187,2888,2889,98,98,0,0.10113830431079378,0.6931471805599452,0.6931471805599452
187,2889,2890,98,98,0,0.10048061023865427,0.6931471805599452,0.6931471805599453
187,2890,2891,98,98,0,0.10301801098548637,0.6931471805599452,0.6931471805599453
187,2891,2892,98,98,0,0.1014939979935179,0.6931471805599452,0.6931471805599453
187,2892,2893,98,98,0,0.10082468922649111,0.6931471805599454,0.6931471805599452
187,2893,2894,98,98,0,0.10181723185339753,0.6931471805599452,0.6931471805599452
187,2894,2895,98,98,0,0.10158039104877686,0.6931471805599454,0.6931471805599452
187,2895,2896,98,98,0,0.10240816773504627,0.6931471805599452,0.6931471805599452
187,2896,2897,98,98,0,0.10052271293742317,0.6931471805599452,0.6931471805599453
187,2897,2898,98,98,0,0.10061715216356881,0.6931471805599454,0.6931471805599453
187,2898,2899,71,71,1,0.1010972456613057,0.6931471805599452,0.6931471805599453
187,2899,2900,98,98,0,0.1006874025476222,0.6931471805599454,0.6931471805599452
187,2900,2901,98,98,0,0.10210357393537249,0.6931471805599452,0.6931471805599452
187,2901,2902,98,98,0,0.10063691125536452,0.6931471805599454,0.6931471805599452
187,2902,2903,98,98,0,0.10054595145035763,0.6931471805599452,0.6931471805599452
187,2903,2904,98,98,0,0.1029426139228198,0.6931471805599452,0.6931471805599453
187,2904,2905,98,98,0,0.10235778082694326,0.6931471805599452,0.6931471805599453
187,2905,2906,98,98,0,0.1008859961008539,0.6931471805599452,0.6931471805599453
187,2906,2907,98,98,0,0.10105928261669314,0.6931471805599452,0.6931471805599453
187,2907,2908,98,98,0,0.10171447739917405,0.6931471805599454,0.6931471805599452
187,2908,2909,98,98,0,0.10053569732271896,0.6931471805599452,0.6931471805599452
187,2909,2910,89,89,1,0.10097430529219381,0.6931471805599452,0.6931471805599452
187,2910,2911,43,43,1,0.10084482317053994,0.6931471805599452,0.6931471805599452
187,2911,2912,98,98,0,0.10085950343280423,0.6931471805599454,0.6931471805599453
187,2912,2913,98,98,0,0.10190976988904331,0.6931471805599452,0.6931471805599453
187,2913,2914,98,98,0,0.1009778972639113,0.6931471805599452,0.6931471805599453
187,2914,2915,98,98,0,0.10066584931040297,0.6931471805599454,0.6931471805599452
187,2915,2916,98,98,0,0.10063641404314917,0.6931471805599454,0.6931471805599452
187,2916,2917,98,98,0,0.10109754317269033,0.6931471805599452,0.6931471805599452
187,2917,2918,98,98,0,0.10076684960905387,0.6931471805599452,0.6931471805599452
187,2918,2919,98,98,0,0.10147892691347064,0.6931471805599452,0.6931471805599453
187,2919,2920,11,11,1,0.11846363002603705,0.6931471805599452,0.6931471805599453
187,2920,2921,98,98,0,0.10110490769147873,0.6931471805599452,0.6931471805599453
187,2921,2922,98,98,0,0.10027849560185355,0.6931471805599452,0.6931471805599452
187,2922,2923,98,98,0,0.10103121209813624,0.6931471805599452,0.6931471805599452
187,2923,2924,98,98,0,0.10230062126505132,0.6931471805599454,0.6931471805599452
187,2924,2925,57,57,1,0.1010290505854707,0.6931471805599454,0.6931471805599452
187,2925,2926,98,98,0,0.10165833849079754,0.6931471805599452,0.6931471805599452
187,2926,2927,98,98,0,0.10150677186189866,0.6931471805599452,0.6931471805599453
187,2927,2928,98,98,0,0.10163319179294061,0.6931471805599454,0.6931471805599453
187,2928,2929,98,98,0,0.10244504529602673,0.6931471805599452,0.6931471805599453
187,2929,2930,98,98,0,0.10061084623543584,0.6931471805599452,0.6931471805599452
187,2930,2931,98,98,0,0.10080501992179423,0.6931471805599454,0.6931471805599452
187,2931,2932,98,98,0,0.10158727736193307,0.6931471805599454,0.6931471805599452
187,2932,2933,98,98,0,0.1006095291552495,0.6931471805599452,0.6931471805599452
187,2933,2934,98,98,0,0.10094628369017523,0.6931471805599452,0.6931471805599453
187,2934,2935,98,98,0,0.10104486673158042,0.6931471805599452,0.6931471805599453
187,2935,2936,98,98,0,0.10119673107959787,0.6931471805599452,0.6931471805599453
187,2936,2937,98,98,0,0.10062742370123766,0.6931471805599454,0.6931471805599452
187,2937,2938,98,98,0,0.10065016135269282,0.6931471805599452,0.6931471805599452
187,2938,2939,98,98,0,0.10156450481439123,0.6931471805599452,0.6931471805599452
187,2939,2940,98,98,0,0.10135382672353667,0.6931471805599452,0.6931471805599452
187,2940,2941,98,98,0,0.10045229506735899,0.6931471805599452,0.6931471805599453
187,2941,2942,98,98,0,0.10048774865512945,0.6931471805599452,0.6931471805599453
187,2942,2943,98,98,0,0.10073023844434291,0.6931471805599452,0.6931471805599453
187,2943,2944,98,98,0,0.10169640495156755,0.6931471805599452,0.6931471805599452
187,2944,2945,98,98,0,0.10117455070116083,0.6931471805599454,0.6931471805599452
187,2945,2946,98,98,0,0.10135025941595739,0.6931471805599452,0.6931471805599452
187,2946,2947,98,98,0,0.1019272014346658,0.6931471805599454,0.6931471805599452
187,2947,2948,98,98,0,0.1023402382068488,0.6931471805599452,0.6931471805599452
187,2948,2949,98,98,0,0.10049378856712458,0.6931471805599452,0.6931471805599453
187,2949,2950,98,98,0,0.10072585552626727,0.6931471805599452,0.6931471805599453
187,2950,2951,98,98,0,0.10142764578364333,0.6931471805599452,0.6931471805599453
187,2951,2952,98,98,0,0.10083587901020537,0.6931471805599452,0.6931471805599452
187,2952,2953,92,92,1,0.10098658372526584,0.6931471805599452,0.6931471805599452
187,2953,2954,98,98,0,0.10034118676368071,0.6931471805599452,0.6931471805599452
187,2954,2955,98,98,0,0.10164455864198353,0.6931471805599454,0.6931471805599452
187,2955,2956,98,98,0,0.10165888382768144,0.6931471805599452,0.6931471805599453
187,2956,2957,98,98,0,0.1018527765967408,0.6931471805599452,0.6931471805599453
187,2957,2958,98,98,0,0.10056736647170417,0.6931471805599452,0.6931471805599453
187,2958,2959,98,98,0,0.10185000079931045,0.6931471805599452,0.6931471805599452
187,2959,2960,98,98,0,0.10261667033239287,0.6931471805599452,0.6931471805599452
187,2960,2961,98,98,0,0.10122215124417325,0.6931471805599454,0.6931471805599452
187,2961,2962,98,98,0,0.10158554616631293,0.6931471805599454,0.6931471805599452
187,2962,2963,98,98,0,0.10058850650580561,0.6931471805599452,0.6931471805599452
187,2963,2964,98,98,0,0.1013711373872903,0.6931471805599452,0.6931471805599453
187,2964,2965,98,98,0,0.10097623426391154,0.6931471805599452,0.6931471805599453
187,2965,2966,98,98,0,0.10339810722032372,0.6931471805599452,0.6931471805599452
187,2966,2967,98,98,0,0.10202336524214063,0.6931471805599452,0.6931471805599452
187,2967,2968,98,98,0,0.10186868115347258,0.6931471805599452,0.6931471805599452
187,2968,2969,98,98,0,0.10108080894059064,0.6931471805599452,0.6931471805599452
187,2969,2970,98,98,0,0.10196621837664624,0.6931471805599452,0.6931471805599452
187,2970,2971,98,98,0,0.10066580225010308,0.6931471805599452,0.6931471805599453
187,2971,2972,98,98,0,0.10032734700611659,0.6931471805599454,0.6931471805599453
187,2972,2973,49,49,1,0.10297219637705356,0.6931471805599452,0.6931471805599452
187,2973,2974,98,98,0,0.10122673829295198,0.6931471805599454,0.6931471805599452
187,2974,2975,98,98,0,0.10063847428073688,0.6931471805599452,0.6931471805599452
187,2975,2976,98,98,0,0.10095836511071847,0.6931471805599452,0.6931471805599452
187,2976,2977,98,98,0,0.10167784570735328,0.6931471805599454,0.6931471805599452
187,2977,2978,98,98,0,0.10055474412380433,0.6931471805599454,0.6931471805599453
187,2978,2979,98,98,0,0.10138520742861593,0.6931471805599452,0.6931471805599453
187,2979,2980,98,98,0,0.10073398266519819,0.6931471805599452,0.6931471805599453
187,2980,2981,98,98,0,0.10063086092776181,0.6931471805599452,0.6931471805599452
187,2981,2982,98,98,0,0.10067581788313631,0.6931471805599452,0.6931471805599452
187,2982,2983,98,98,0,0.10136424461189582,0.6931471805599454,0.6931471805599452
187,2983,2984,98,98,0,0.10180868132382023,0.6931471805599452,0.6931471805599452
187,2984,2985,98,98,0,0.1003993098833123,0.6931471805599452,0.6931471805599452
187,2985,2986,98,98,0,0.10092474854722315,0.6931471805599452,0.6931471805599453
187,2986,2987,98,98,0,0.10167248615500879,0.6931471805599452,0.6931471805599453
187,2987,2988,98,98,0,0.10068909839099767,0.6931471805599454,0.6931471805599452
187,2988,2989,98,98,0,0.10042546575470847,0.6931471805599452,0.6931471805599452
187,2989,2990,98,98,0,0.10111995277052023,0.6931471805599454,0.6931471805599452
187,2990,2991,98,98,0,0.10059731316809752,0.6931471805599452,0.6931471805599452
187,2991,2992,98,98,0,0.1012502530855792,0.6931471805599452,0.6931471805599452
187,2992,2993,98,98,0,0.10038064450633769,0.6931471805599452,0.6931471805599453
187,2993,2994,98,98,0,0.10065432212182454,0.6931471805599452,0.6931471805599453
187,2994,2995,98,98,0,0.1008410312387408,0.6931471805599452,0.6931471805599452
187,2995,2996,84,84,1,0.10046395100653172,0.6931471805599452,0.6931471805599452
187,2996,2997,98,98,0,0.1019226897279827,0.6931471805599452,0.6931471805599452
187,2997,2998,98,98,0,0.10132255625663972,0.6931471805599452,0.6931471805599452
187,2998,2999,98,98,0,0.10052482776191769,0.6931471805599454,0.6931471805599452
187,2999,3000,98,98,0,0.10168772403682981,0.6931471805599452,0.6931471805599453
187,3000,3001,98,98,0,0.10167597637188677,0.6931471805599454,0.6931471805599453
187,3001,3002,98,98,0,0.10138554673413841,0.6931471805599454,0.6931471805599453
187,3002,3003,78,78,1,0.10056843121464436,0.6931471805599452,0.6931471805599452
187,3003,3004,98,98,0,0.1012096260579265,0.6931471805599452,0.6931471805599452
187,3004,3005,98,98,0,0.10203794131473619,0.6931471805599452,0.6931471805599452
187,3005,3006,98,98,0,0.10044040242019965,0.6931471805599454,0.6931471805599452
187,3006,3007,98,98,0,0.10231792318577669,0.6931471805599452,0.6931471805599452
187,3007,3008,98,98,0,0.10074431433969615,0.6931471805599452,0.6931471805599453
187,3008,3009,98,98,0,0.1012556895765723,0.6931471805599454,0.6931471805599453
187,3009,3010,98,98,0,0.10171440441389473,0.6931471805599454,0.6931471805599452
187,3010,3011,98,98,0,0.10076927104774787,0.6931471805599452,0.6931471805599452
187,3011,3012,98,98,0,0.10069050997191546,0.6931471805599452,0.6931471805599452
187,3012,3013,98,98,0,0.10061193554072964,0.6931471805599452,0.6931471805599452
187,3013,3014,98,98,0,0.10080281743893818,0.6931471805599452,0.6931471805599452
187,3014,3015,98,98,0,0.10156279931567153,0.6931471805599454,0.6931471805599453
187,3015,3016,98,98,0,0.1009423664333869,0.6931471805599452,0.6931471805599453
187,3016,3017,97,97,1,0.10137578530102662,0.6931471805599452,0.6931471805599452
187,3017,3018,98,98,0,0.10040836287092189,0.6931471805599452,0.6931471805599452
187,3018,3019,98,98,0,0.10045205611659556,0.6931471805599454,0.6931471805599452
187,3019,3020,98,98,0,0.10111031126306981,0.6931471805599454,0.6931471805599452
187,3020,3021,36,36,1,0.10037643793556425,0.6931471805599452,0.6931471805599452
187,3021,3022,98,98,0,0.10061034932732582,0.6931471805599452,0.6931471805599453
187,3022,3023,98,98,0,0.10050584178189842,0.6931471805599454,0.6931471805599453
187,3023,3024,98,98,0,0.10152763120678006,0.6931471805599454,0.6931471805599453
187,3024,3025,98,98,0,0.10074097533919374,0.6931471805599452,0.6931471805599452
187,3025,3026,98,98,0,0.10054386027005253,0.6931471805599452,0.6931471805599452
187,3026,3027,98,98,0,0.10081809493047851,0.6931471805599452,0.6931471805599452
187,3027,3028,98,98,0,0.10183605338845934,0.6931471805599452,0.6931471805599452
187,3028,3029,98,98,0,0.10126481524535588,0.6931471805599454,0.6931471805599452
187,3029,3030,98,98,0,0.10120229727151442,0.6931471805599454,0.6931471805599453
187,3030,3031,98,98,0,0.10051798136258612,0.6931471805599454,0.6931471805599453
187,3031,3032,98,98,0,0.10183941945433617,0.6931471805599452,0.6931471805599452
187,3032,3033,98,98,0,0.100515109391845,0.6931471805599452,0.6931471805599452
187,3033,3034,98,98,0,0.10177106159378072,0.6931471805599452,0.6931471805599452
187,3034,3035,98,98,0,0.10135799950482893,0.6931471805599454,0.6931471805599452
187,3035,3036,98,98,0,0.10125359421481891,0.6931471805599452,0.6931471805599452
187,3036,3037,98,98,0,0.10087623424371894,0.6931471805599454,0.6931471805599453
187,3037,3038,98,98,0,0.10141517130696044,0.6931471805599452,0.6931471805599453
187,3038,3039,98,98,0,0.10209736714557725,0.6931471805599452,0.6931471805599453
187,3039,3040,98,98,0,0.10298973314312039,0.6931471805599454,0.6931471805599452
187,3040,3041,98,98,0,0.10117584976310633,0.6931471805599454,0.6931471805599452
187,3041,3042,98,98,0,0.10112010915668643,0.6931471805599452,0.6931471805599452
187,3042,3043,98,98,0,0.10181255380109865,0.6931471805599452,0.6931471805599452
187,3043,3044,98,98,0,0.10157847130785183,0.6931471805599454,0.6931471805599453
187,3044,3045,11,11,1,0.10455937819047408,0.6931471805599452,0.6931471805599453
187,3045,3046,98,98,0,0.10099747548906171,0.6931471805599452,0.6931471805599453
187,3046,3047,98,98,0,0.10029545357945013,0.6931471805599452,0.6931471805599452
187,3047,3048,98,98,0,0.10203490284632663,0.6931471805599454,0.6931471805599452
187,3048,3049,98,98,0,0.10162808882946871,0.6931471805599452,0.6931471805599452
187,3049,3050,98,98,0,0.10094186055416964,0.6931471805599452,0.6931471805599452
187,3050,3051,98,98,0,0.10090841603826503,0.6931471805599452,0.6931471805599452
187,3051,3052,69,69,1,0.10267745779044386,0.6931471805599454,0.6931471805599453
187,3052,3053,98,98,0,0.10089936145410246,0.6931471805599452,0.6931471805599453
187,3053,3054,50,50,1,0.10281578674912453,0.6931471805599452,0.6931471805599453
187,3054,3055,98,98,0,0.10145321541598865,0.6931471805599454,0.6931471805599452
187,3055,3056,98,98,0,0.10162911837806507,0.6931471805599454,0.6931471805599452
187,3056,3057,98,98,0,0.10078273766807147,0.6931471805599452,0.6931471805599452
187,3057,3058,98,98,0,0.10098052435383505,0.6931471805599452,0.6931471805599452
187,3058,3059,98,98,0,0.1024218637268154,0.6931471805599454,0.6931471805599453
187,3059,3060,59,59,1,0.10305985391645109,0.6931471805599452,0.6931471805599453
187,3060,3061,98,98,0,0.10134572110005788,0.6931471805599454,0.6931471805599453
187,3061,3062,98,98,0,0.1010687214379408,0.6931471805599454,0.6931471805599452
187,3062,3063,98,98,0,0.10141179855076635,0.6931471805599452,0.6931471805599452
187,3063,3064,98,98,0,0.10034361527282365,0.6931471805599452,0.6931471805599452
187,3064,3065,98,98,0,0.10027906017339959,0.6931471805599452,0.6931471805599452
187,3065,3066,26,26,1,0.10046189937454003,0.6931471805599454,0.6931471805599453
187,3066,3067,98,98,0,0.10269483619806719,0.6931471805599452,0.6931471805599453
187,3067,3068,98,98,0,0.1005973364321553,0.6931471805599452,0.6931471805599453
187,3068,3069,98,98,0,0.1014846529887647,0.6931471805599452,0.6931471805599452
187,3069,3070,98,98,0,0.10068326321791629,0.6931471805599452,0.6931471805599452
187,3070,3071,98,98,0,0.10136181116104126,0.6931471805599452,0.6931471805599452
187,3071,3072,98,98,0,0.1007554260443668,0.6931471805599454,0.6931471805599452
187,3072,3073,98,98,0,0.10216649462069784,0.6931471805599452,0.6931471805599453
187,3073,3074,98,98,0,0.10113123332967563,0.6931471805599452,0.6931471805599453
187,3074,3075,57,57,1,0.100260034987801,0.6931471805599452,0.6931471805599453
187,3075,3076,98,98,0,0.10159057447192621,0.6931471805599454,0.6931471805599453
187,3076,3077,98,98,0,0.10160133501096648,0.6931471805599454,0.6931471805599452
187,3077,3078,98,98,0,0.10038132045646103,0.6931471805599452,0.6931471805599452
187,3078,3079,98,98,0,0.1005118554648088,0.6931471805599452,0.6931471805599452
187,3079,3080,98,98,0,0.1016391439705479,0.6931471805599454,0.6931471805599452
187,3080,3081,98,98,0,0.10074745856073437,0.6931471805599454,0.6931471805599453
187,3081,3082,98,98,0,0.10114756066884313,0.6931471805599452,0.6931471805599453
187,3082,3083,61,61,1,0.10095924029096229,0.6931471805599452,0.6931471805599453
187,3083,3084,98,98,0,0.10323462262749672,0.6931471805599452,0.6931471805599452
187,3084,3085,98,98,0,0.10060210320718434,0.6931471805599452,0.6931471805599452
187,3085,3086,78,78,1,0.10131972235364792,0.6931471805599452,0.6931471805599452
187,3086,3087,98,98,0,0.10115933159784395,0.6931471805599452,0.6931471805599452
187,3087,3088,98,98,0,0.10076757026266078,0.6931471805599452,0.6931471805599453
187,3088,3089,98,98,0,0.10130843231264426,0.6931471805599452,0.6931471805599453
187,3089,3090,98,98,0,0.10154633185997301,0.6931471805599452,0.6931471805599453
187,3090,3091,98,98,0,0.10113359121035556,0.6931471805599452,0.6931471805599452
187,3091,3092,98,98,0,0.10138428439291156,0.6931471805599452,0.6931471805599452
187,3092,3093,98,98,0,0.10090230298893792,0.6931471805599452,0.6931471805599452
187,3093,3094,98,98,0,0.10046139876453244,0.6931471805599454,0.6931471805599452
187,3094,3095,98,98,0,0.10115152947148498,0.6931471805599452,0.6931471805599453
187,3095,3096,98,98,0,0.1007769011265161,0.6931471805599452,0.6931471805599453
187,3096,3097,98,98,0,0.10062111754502569,0.6931471805599452,0.6931471805599453
187,3097,3098,98,98,0,0.10380621269649389,0.6931471805599452,0.6931471805599453
187,3098,3099,98,98,0,0.10095657917613886,0.6931471805599452,0.6931471805599452
187,3099,3100,98,98,0,0.10339003238750964,0.6931471805599452,0.6931471805599452
187,3100,3101,48,48,1,0.10042621831720074,0.6931471805599452,0.6931471805599452
187,3101,3102,98,98,0,0.1022439038723099,0.6931471805599452,0.6931471805599452
187,3102,3103,68,68,1,0.10294989814214847,0.6931471805599452,0.6931471805599453
187,3103,3104,98,98,0,0.10043422353206849,0.6931471805599452,0.6931471805599453
187,3104,3105,98,98,0,0.10090163372913186,0.6931471805599454,0.6931471805599453
187,3105,3106,98,98,0,0.10175149226371123,0.6931471805599452,0.6931471805599452
187,3106,3107,98,98,0,0.10077710563735086,0.6931471805599454,0.6931471805599452
187,3107,3108,98,98,0,0.1021443310440803,0.6931471805599454,0.6931471805599452
187,3108,3109,98,98,0,0.101903783651639,0.6931471805599452,0.6931471805599452
187,3109,3110,98,98,0,0.10214020973261521,0.6931471805599452,0.6931471805599453
187,3110,3111,72,72,1,0.10140153268973033,0.6931471805599454,0.6931471805599453
187,3111,3112,98,98,0,0.10164275225632045,0.6931471805599454,0.6931471805599453
187,3112,3113,13,13,1,0.10154636777364291,0.6931471805599454,0.6931471805599452
187,3113,3114,98,98,0,0.10045618936419487,0.6931471805599452,0.6931471805599452
187,3114,3115,98,98,0,0.10104268302722853,0.6931471805599452,0.6931471805599452
187,3115,3116,89,89,1,0.10069524764679791,0.6931471805599452,0.6931471805599452
187,3116,3117,98,98,0,0.10087114245611795,0.6931471805599452,0.6931471805599452
187,3117,3118,98,98,0,0.10108958960187678,0.6931471805599452,0.6931471805599453
187,3118,3119,98,98,0,0.10104707111509478,0.6931471805599452,0.6931471805599453
187,3119,3120,98,98,0,0.10039097663699365,0.6931471805599454,0.6931471805599453
187,3120,3121,98,98,0,0.10039449004190308,0.6931471805599454,0.6931471805599452
187,3121,3122,98,98,0,0.10141368324355203,0.6931471805599454,0.6931471805599452
187,3122,3123,10,10,1,0.1037056066095829,0.6931471805599452,0.6931471805599452
187,3123,3124,98,98,0,0.10041617723752042,0.6931471805599452,0.6931471805599452
187,3124,3125,98,98,0,0.10055188272072345,0.6931471805599452,0.6931471805599453
187,3125,3126,98,98,0,0.10235849684294389,0.6931471805599452,0.6931471805599453
187,3126,3127,98,98,0,0.10035233077954273,0.6931471805599452,0.6931471805599453
187,3127,3128,98,98,0,0.10115881522699278,0.6931471805599452,0.6931471805599452
187,3128,3129,98,98,0,0.10025222150951016,0.6931471805599452,0.6931471805599452
187,3129,3130,98,98,0,0.1009717863433215,0.6931471805599454,0.6931471805599452
187,3130,3131,98,98,0,0.10127189542566027,0.6931471805599454,0.6931471805599452
187,3131,3132,98,98,0,0.10141624571109305,0.6931471805599452,0.6931471805599452
187,3132,3133,98,98,0,0.10185488663157638,0.6931471805599452,0.6931471805599453
187,3133,3134,98,98,0,0.10025403853885982,0.6931471805599452,0.6931471805599453
187,3134,3135,98,98,0,0.10095098888387485,0.6931471805599452,0.6931471805599452
187,3135,3136,98,98,0,0.10194780867622823,0.6931471805599452,0.6931471805599452
187,3136,3137,98,98,0,0.10094526349281778,0.6931471805599454,0.6931471805599452
187,3137,3138,98,98,0,0.1009773838580871,0.6931471805599452,0.6931471805599452
187,3138,3139,98,98,0,0.10194848812356287,0.6931471805599452,0.6931471805599452
187,3139,3140,45,45,1,0.10028606371747123,0.6931471805599452,0.6931471805599453
187,3140,3141,98,98,0,0.10203870401090505,0.6931471805599452,0.6931471805599453
187,3141,3142,98,98,0,0.10105267281130868,0.6931471805599452,0.6931471805599453
187,3142,3143,98,98,0,0.10211527203114665,0.6931471805599452,0.6931471805599452
187,3143,3144,98,98,0,0.10033214548412635,0.6931471805599452,0.6931471805599452
187,3144,3145,98,98,0,0.10084582964072422,0.6931471805599452,0.6931471805599452
187,3145,3146,98,98,0,0.10143706727088714,0.6931471805599452,0.6931471805599452
187,3146,3147,98,98,0,0.10068772467119354,0.6931471805599452,0.6931471805599453
187,3147,3148,98,98,0,0.10043872391082803,0.6931471805599452,0.6931471805599453
187,3148,3149,98,98,0,0.10093225059764725,0.6931471805599452,0.6931471805599453
187,3149,3150,98,98,0,0.10049368585554921,0.6931471805599452,0.6931471805599452
187,3150,3151,98,98,0,0.10100532262300958,0.6931471805599452,0.6931471805599452
187,3151,3152,98,98,0,0.10165765372161963,0.6931471805599452,0.6931471805599452
187,3152,3153,98,98,0,0.10076560133269855,0.6931471805599452,0.6931471805599452
187,3153,3154,98,98,0,0.10102605948946913,0.6931471805599452,0.6931471805599452
187,3154,3155,98,98,0,0.10061077978842113,0.6931471805599452,0.6931471805599453
187,3155,3156,98,98,0,0.10155083094628489,0.6931471805599454,0.6931471805599453
187,3156,3157,98,98,0,0.10070974539433207,0.6931471805599452,0.6931471805599452
187,3157,3158,98,98,0,0.10105892194777119,0.6931471805599452,0.6931471805599452
187,3158,3159,98,98,0,0.10104771232118412,0.6931471805599454,0.6931471805599452
187,3159,3160,98,98,0,0.10089434143535946,0.6931471805599452,0.6931471805599452
187,3160,3161,98,98,0,0.10113650286684231,0.6931471805599452,0.6931471805599452
187,3161,3162,98,98,0,0.10070408029215676,0.6931471805599452,0.6931471805599453
187,3162,3163,98,98,0,0.10037337000272711,0.6931471805599452,0.6931471805599453
187,3163,3164,98,98,0,0.1002911564190777,0.6931471805599452,0.6931471805599452
187,3164,3165,98,98,0,0.10040085511852284,0.6931471805599454,0.6931471805599452
187,3165,3166,98,98,0,0.10085463645506879,0.6931471805599452,0.6931471805599452
187,3166,3167,98,98,0,0.10055671495442488,0.6931471805599452,0.6931471805599452
187,3167,3168,98,98,0,0.10166779920762899,0.6931471805599454,0.6931471805599452
187,3168,3169,98,98,0,0.10093417550836291,0.6931471805599452,0.6931471805599452
187,3169,3170,60,60,1,0.10096103933950265,0.6931471805599452,0.6931471805599453
187,3170,3171,58,58,1,0.10272270119909582,0.6931471805599454,0.6931471805599453
187,3171,3172,98,98,0,0.10160621263238849,0.6931471805599454,0.6931471805599452
187,3172,3173,98,98,0,0.10073412331391354,0.6931471805599454,0.6931471805599452
187,3173,3174,98,98,0,0.1008273082576236,0.6931471805599452,0.6931471805599452
187,3174,3175,98,98,0,0.10089397658498919,0.6931471805599452,0.6931471805599452
187,3175,3176,98,98,0,0.10033953395120952,0.6931471805599452,0.6931471805599452
187,3176,3177,98,98,0,0.10198641766090782,0.6931471805599452,0.6931471805599453
187,3177,3178,98,98,0,0.10218978908901312,0.6931471805599454,0.6931471805599453
187,3178,3179,98,98,0,0.1032512745991045,0.6931471805599452,0.6931471805599452
187,3179,3180,98,98,1,0.10246253074431906,0.6931471805599454,0.6931471805599452
187,3180,3181,98,98,0,0.10112981422215092,0.6931471805599452,0.6931471805599452
187,3181,3182,98,98,0,0.10097982225065329,0.6931471805599454,0.6931471805599452
187,3182,3183,98,98,0,0.10130547321572596,0.6931471805599452,0.6931471805599452
187,3183,3184,98,98,0,0.101786734954435,0.6931471805599454,0.6931471805599453
187,3184,3185,98,98,0,0.1008615509739944,0.6931471805599454,0.6931471805599453
187,3185,3186,98,98,0,0.10113044037502639,0.6931471805599452,0.6931471805599453
187,3186,3187,98,98,0,0.10124391925578215,0.6931471805599452,0.6931471805599452
187,3187,3188,68,68,1,0.10090579114416066,0.6931471805599452,0.6931471805599452
187,3188,3189,98,98,0,0.10126429476908275,0.6931471805599454,0.6931471805599452
187,3189,3190,98,98,0,0.10150462404197576,0.6931471805599452,0.6931471805599452
187,3190,3191,50,50,1,0.10261675551533699,0.6931471805599452,0.6931471805599453
187,3191,3192,98,98,0,0.10063159830716191,0.6931471805599452,0.6931471805599453
187,3192,3193,98,98,0,0.10139669310681675,0.6931471805599452,0.6931471805599453
187,3193,3194,98,98,0,0.10028765084488052,0.6931471805599452,0.6931471805599452
187,3194,3195,98,98,0,0.10022455271409482,0.6931471805599454,0.6931471805599452
187,3195,3196,98,98,0,0.10154107289046657,0.6931471805599452,0.6931471805599452
187,3196,3197,98,98,0,0.10062345915607043,0.6931471805599454,0.6931471805599452
187,3197,3198,98,98,0,0.10135647494878088,0.6931471805599452,0.6931471805599452
187,3198,3199,98,98,0,0.10021286480584923,0.6931471805599452,0.6931471805599453
187,3199,3200,98,98,0,0.10056375446064132,0.6931471805599452,0.6931471805599453
187,3200,3201,98,98,0,0.10062558857762084,0.6931471805599452,0.6931471805599452
187,3201,3202,98,98,0,0.10055184805271578,0.6931471805599452,0.6931471805599452
187,3202,3203,80,80,1,0.10066765397787095,0.6931471805599452,0.6931471805599452
187,3203,3204,98,98,0,0.10054495839440093,0.6931471805599452,0.6931471805599452
187,3204,3205,98,98,0,0.10111448602104674,0.6931471805599454,0.6931471805599452
187,3205,3206,98,98,0,0.1013002077079549,0.6931471805599452,0.6931471805599453
187,3206,3207,98,98,0,0.10061880011035472,0.6931471805599454,0.6931471805599453
187,3207,3208,98,98,0,0.10085407895397167,0.6931471805599452,0.6931471805599452
187,3208,3209,98,98,0,0.10311301044967709,0.6931471805599452,0.6931471805599452
187,3209,3210,98,98,0,0.10050622753951015,0.6931471805599454,0.6931471805599452
187,3210,3211,98,98,0,0.10125171636440317,0.6931471805599454,0.6931471805599452
187,3211,3212,98,98,0,0.10037669835954297,0.6931471805599452,0.6931471805599452
187,3212,3213,98,98,0,0.10180467420390674,0.6931471805599452,0.6931471805599452
187,3213,3214,98,98,0,0.10075869289587955,0.6931471805599452,0.6931471805599453
187,3214,3215,98,98,0,0.10040291018631993,0.6931471805599452,0.6931471805599453
187,3215,3216,98,98,0,0.10215290020010909,0.6931471805599452,0.6931471805599452
187,3216,3217,98,98,0,0.10079083789368065,0.6931471805599452,0.6931471805599452
187,3217,3218,98,98,0,0.10041633301547595,0.6931471805599454,0.6931471805599452
187,3218,3219,98,98,0,0.1005643661685136,0.6931471805599452,0.6931471805599452
187,3219,3220,98,98,0,0.10047447521771703,0.6931471805599452,0.6931471805599452
187,3220,3221,98,98,0,0.10200376702206475,0.6931471805599454,0.6931471805599453
187,3221,3222,62,62,1,0.10270737207704975,0.6931471805599452,0.6931471805599453
187,3222,3223,98,98,0,0.10165985187097472,0.6931471805599454,0.6931471805599452
187,3223,3224,98,98,0,0.10155616609417663,0.6931471805599452,0.6931471805599452
187,3224,3225,98,98,0,0.10275097928789197,0.6931471805599452,0.6931471805599452
187,3225,3226,98,98,0,0.10120367235979255,0.6931471805599454,0.6931471805599452
187,3226,3227,98,98,0,0.10067878245395057,0.6931471805599452,0.6931471805599452
187,3227,3228,98,98,0,0.10067093904529299,0.6931471805599452,0.6931471805599453
187,3228,3229,98,98,0,0.10064493279371943,0.6931471805599452,0.6931471805599453
187,3229,3230,98,98,0,0.10177382667149816,0.6931471805599452,0.6931471805599452
187,3230,3231,91,91,1,0.1015723473750628,0.6931471805599452,0.6931471805599452
187,3231,3232,98,98,0,0.1006692466231025,0.6931471805599452,0.6931471805599452
187,3232,3233,98,98,0,0.10092210191853192,0.6931471805599452,0.6931471805599452
187,3233,3234,98,98,0,0.10123539358681562,0.6931471805599454,0.6931471805599452
187,3234,3235,98,98,0,0.10260316919611424,0.6931471805599452,0.6931471805599453
187,3235,3236,98,98,0,0.10078362641589982,0.6931471805599454,0.6931471805599453
187,3236,3237,98,98,0,0.10065163512315069,0.6931471805599454,0.6931471805599453
187,3237,3238,98,98,0,0.10083649391118361,0.6931471805599452,0.6931471805599452
187,3238,3239,98,98,0,0.1007747546750672,0.6931471805599454,0.6931471805599452
187,3239,3240,98,98,0,0.10053537778404294,0.6931471805599452,0.6931471805599452
187,3240,3241,49,49,1,0.10266463321690657,0.6931471805599452,0.6931471805599452
187,3241,3242,98,98,0,0.1011663317224201,0.6931471805599452,0.6931471805599452
187,3242,3243,98,98,0,0.10211014922480194,0.6931471805599452,0.6931471805599453
187,3243,3244,98,98,0,0.10090181938543612,0.6931471805599452,0.6931471805599453
187,3244,3245,98,98,0,0.10037556442679191,0.6931471805599452,0.6931471805599452
187,3245,3246,98,98,0,0.1018285578002735,0.6931471805599454,0.6931471805599452
187,3246,3247,98,98,0,0.1014588295805211,0.6931471805599452,0.6931471805599452
187,3247,3248,98,98,0,0.10083487105308747,0.6931471805599452,0.6931471805599452
187,3248,3249,62,62,1,0.10042595995530006,0.6931471805599454,0.6931471805599452
187,3249,3250,98,98,0,0.1007438958907614,0.6931471805599454,0.6931471805599453
187,3250,3251,98,98,0,0.10181425648684404,0.6931471805599454,0.6931471805599453
187,3251,3252,98,98,0,0.101722210493623,0.6931471805599452,0.6931471805599453
187,3252,3253,98,98,0,0.10063149088195392,0.6931471805599452,0.6931471805599452
187,3253,3254,98,98,0,0.10098405098732637,0.6931471805599454,0.6931471805599452
187,3254,3255,98,98,0,0.10059531489197089,0.6931471805599452,0.6931471805599452
187,3255,3256,98,98,0,0.10185572907936816,0.6931471805599452,0.6931471805599452
187,3256,3257,98,98,0,0.10119913199118205,0.6931471805599452,0.6931471805599453
187,3257,3258,98,98,0,0.10077476843583341,0.6931471805599452,0.6931471805599453
187,3258,3259,98,98,0,0.10087184722022134,0.6931471805599454,0.6931471805599453
187,3259,3260,60,60,1,0.10047299029926458,0.6931471805599452,0.6931471805599452
187,3260,3261,98,98,0,0.10100261935470056,0.6931471805599452,0.6931471805599452
187,3261,3262,98,98,0,0.10051689000458133,0.6931471805599452,0.6931471805599452
187,3262,3263,98,98,0,0.10068687659745314,0.6931471805599452,0.6931471805599452
187,3263,3264,50,50,1,0.10443009540438652,0.6931471805599452,0.6931471805599453
187,3264,3265,73,73,1,0.10386905145563491,0.6931471805599452,0.6931471805599453
187,3265,3266,98,98,0,0.10166511106856015,0.6931471805599454,0.6931471805599453
187,3266,3267,98,98,0,0.10080938999141965,0.6931471805599454,0.6931471805599452
187,3267,3268,98,98,0,0.10150516755422767,0.6931471805599454,0.6931471805599452
187,3268,3269,98,98,0,0.10031918208209836,0.6931471805599452,0.6931471805599452
187,3269,3270,98,98,0,0.10088960659139011,0.6931471805599452,0.6931471805599452
187,3270,3271,98,98,0,0.1010417113346713,0.6931471805599452,0.6931471805599452
187,3271,3272,98,98,0,0.10208657383918762,0.6931471805599452,0.6931471805599453
187,3272,3273,98,98,0,0.10085456795534309,0.6931471805599452,0.6931471805599453
187,3273,3274,98,98,0,0.10107193643949469,0.6931471805599452,0.6931471805599453
187,3274,3275,98,98,0,0.10089833365411174,0.6931471805599452,0.6931471805599452
187,3275,3276,98,98,0,0.10122343540495755,0.6931471805599454,0.6931471805599452
187,3276,3277,98,98,0,0.10108575422544869,0.6931471805599452,0.6931471805599452
187,3277,3278,51,51,1,0.10114524294348325,0.6931471805599452,0.6931471805599452
187,3278,3279,98,98,1,0.10041650726783033,0.6931471805599454,0.6931471805599453
187,3279,3280,98,98,0,0.10039520491750872,0.6931471805599452,0.6931471805599453
187,3280,3281,98,98,0,0.10133296266502263,0.6931471805599452,0.6931471805599453
187,3281,3282,54,54,1,0.1025050828854243,0.6931471805599454,0.6931471805599452
187,3282,3283,98,98,0,0.10260862849500714,0.6931471805599452,0.6931471805599452
187,3283,3284,98,98,0,0.10165882353879968,0.6931471805599454,0.6931471805599452
187,3284,3285,98,98,0,0.10138440641517542,0.6931471805599452,0.6931471805599452
187,3285,3286,98,98,0,0.1004685891069928,0.6931471805599454,0.6931471805599452
187,3286,3287,98,98,0,0.10013942230416804,0.6931471805599454,0.6931471805599453
187,3287,3288,98,98,0,0.10140951031020709,0.6931471805599452,0.6931471805599453
187,3288,3289,98,98,0,0.1005157975822079,0.6931471805599452,0.6931471805599452
187,3289,3290,98,98,0,0.1010529198968897,0.6931471805599452,0.6931471805599452
187,3290,3291,90,90,1,0.10080199200246069,0.6931471805599452,0.6931471805599452
187,3291,3292,98,98,0,0.1010995583266628,0.6931471805599452,0.6931471805599452
187,3292,3293,78,78,1,0.10151889891578601,0.6931471805599452,0.6931471805599452
187,3293,3294,98,98,0,0.10130133152920373,0.6931471805599452,0.6931471805599453
187,3294,3295,9,9,1,0.10010252561834124,0.6931471805599452,0.6931471805599453
187,3295,3296,98,98,0,0.10133599748416823,0.6931471805599452,0.6931471805599453
187,3296,3297,98,98,0,0.10047826915979385,0.6931471805599452,0.6931471805599452
187,3297,3298,98,98,0,0.10106383438925354,0.6931471805599452,0.6931471805599452
187,3298,3299,98,98,0,0.10182234622081932,0.6931471805599452,0.6931471805599452
187,3299,3300,65,65,1,0.10060590998484538,0.6931471805599452,0.6931471805599452
187,3300,3301,98,98,0,0.10169805152987947,0.6931471805599452,0.6931471805599453
187,3301,3302,98,98,0,0.10096300864706234,0.6931471805599454,0.6931471805599453
187,3302,3303,98,98,0,0.1001382679203335,0.6931471805599452,0.6931471805599453
187,3303,3304,98,98,0,0.10040078213324352,0.6931471805599452,0.6931471805599452
187,3304,3305,98,98,0,0.10050858146682078,0.6931471805599452,0.6931471805599452
187,3305,3306,98,98,0,0.1011574001488637,0.6931471805599452,0.6931471805599452
187,3306,3307,98,98,0,0.10044782623952749,0.6931471805599452,0.6931471805599452
187,3307,3308,98,98,0,0.1009183331411712,0.6931471805599452,0.6931471805599452
187,3308,3309,98,98,0,0.10101076268724032,0.6931471805599452,0.6931471805599453
187,3309,3310,58,58,1,0.10168567441146949,0.6931471805599452,0.6931471805599453
187,3310,3311,98,98,0,0.10116973838635854,0.6931471805599452,0.6931471805599452
187,3311,3312,98,98,0,0.10132587343758466,0.6931471805599454,0.6931471805599452
187,3312,3313,98,98,0,0.1005413583194723,0.6931471805599454,0.6931471805599452
187,3313,3314,98,98,0,0.10077463402127733,0.6931471805599454,0.6931471805599452
187,3314,3315,98,98,0,0.10143917875022304,0.6931471805599454,0.6931471805599452
187,3315,3316,98,98,0,0.10065696966283176,0.6931471805599454,0.6931471805599453
187,3316,3317,98,98,0,0.10038063302636147,0.6931471805599452,0.6931471805599453
187,3317,3318,98,98,0,0.10032271479769629,0.6931471805599452,0.6931471805599453
187,3318,3319,98,98,0,0.10029795773479404,0.6931471805599452,0.6931471805599452
187,3319,3320,82,82,1,0.10108842001092143,0.6931471805599452,0.6931471805599452
187,3320,3321,98,98,0,0.10135178982603307,0.6931471805599452,0.6931471805599452
187,3321,3322,98,98,0,0.10190328415863369,0.6931471805599454,0.6931471805599452
187,3322,3323,98,98,0,0.10049236733086254,0.6931471805599454,0.6931471805599453
187,3323,3324,98,98,0,0.10115543585650776,0.6931471805599454,0.6931471805599453
187,3324,3325,98,98,0,0.10085562525355087,0.6931471805599452,0.6931471805599453
187,3325,3326,98,98,0,0.10249257984818244,0.6931471805599454,0.6931471805599452
187,3326,3327,98,98,0,0.1018484247734352,0.6931471805599454,0.6931471805599452
187,3327,3328,98,98,0,0.10134189667142167,0.6931471805599454,0.6931471805599452
187,3328,3329,98,98,0,0.10194199805965229,0.6931471805599452,0.6931471805599452
187,3329,3330,98,98,0,0.10050400126041198,0.6931471805599452,0.6931471805599452
187,3330,3331,98,98,0,0.10087726858197427,0.6931471805599452,0.6931471805599453
187,3331,3332,98,98,0,0.10050882490313783,0.6931471805599452,0.6931471805599453
187,3332,3333,98,98,0,0.10067877743621262,0.6931471805599452,0.6931471805599452
187,3333,3334,98,98,0,0.10213489169064834,0.6931471805599452,0.6931471805599452
187,3334,3335,98,98,0,0.1014666422745403,0.6931471805599454,0.6931471805599452
187,3335,3336,98,98,0,0.10041180564736833,0.6931471805599452,0.6931471805599452
187,3336,3337,81,81,1,0.10352544385341951,0.6931471805599454,0.6931471805599452
187,3337,3338,98,98,0,0.103625587434793,0.6931471805599452,0.6931471805599453
187,3338,3339,98,98,0,0.10077722819179905,0.6931471805599454,0.6931471805599453
187,3339,3340,98,98,0,0.10130052108849798,0.6931471805599452,0.6931471805599453
187,3340,3341,98,98,0,0.1023425992806347,0.6931471805599452,0.6931471805599452
187,3341,3342,40,40,1,0.1009684968739748,0.6931471805599452,0.6931471805599452
187,3342,3343,52,52,1,0.10063667007936881,0.6931471805599452,0.6931471805599452
187,3343,3344,98,98,0,0.10196066738999619,0.6931471805599452,0.6931471805599452
187,3344,3345,98,98,0,0.10082596829351113,0.6931471805599452,0.6931471805599453
187,3345,3346,98,98,0,0.10177047155341323,0.6931471805599452,0.6931471805599453
187,3346,3347,98,98,0,0.10049039072224072,0.6931471805599452,0.6931471805599453
187,3347,3348,98,98,0,0.10031327027447369,0.6931471805599454,0.6931471805599452
187,3348,3349,98,98,0,0.10056140638735829,0.6931471805599452,0.6931471805599452
187,3349,3350,98,98,0,0.1006925210964923,0.6931471805599454,0.6931471805599452
187,3350,3351,98,98,0,0.10076590391750238,0.6931471805599454,0.6931471805599452
187,3351,3352,98,98,0,0.10260799990928902,0.6931471805599452,0.6931471805599452
187,3352,3353,43,43,1,0.10282439028107843,0.6931471805599452,0.6931471805599453
187,3353,3354,98,98,0,0.10072770623528228,0.6931471805599454,0.6931471805599453
187,3354,3355,98,98,0,0.10043315521004248,0.6931471805599452,0.6931471805599453
187,3355,3356,98,98,0,0.101151101367206,0.6931471805599452,0.6931471805599452
187,3356,3357,83,83,1,0.10197636368403952,0.6931471805599454,0.6931471805599452
187,3357,3358,98,98,0,0.10136689709461465,0.6931471805599454,0.6931471805599452
187,3358,3359,98,98,0,0.10118546093605002,0.6931471805599454,0.6931471805599452
187,3359,3360,97,97,1,0.1010168885293695,0.6931471805599454,0.6931471805599453
187,3360,3361,98,98,0,0.10054417448688527,0.6931471805599452,0.6931471805599453
187,3361,3362,98,98,0,0.10137872131807464,0.6931471805599454,0.6931471805599453
187,3362,3363,67,67,1,0.10116427391767502,0.6931471805599454,0.6931471805599452
187,3363,3364,98,98,0,0.1013219766318798,0.6931471805599452,0.6931471805599452
187,3364,3365,98,98,0,0.10042918785190096,0.6931471805599452,0.6931471805599452
187,3365,3366,98,98,0,0.10094273143580981,0.6931471805599452,0.6931471805599452
187,3366,3367,98,98,0,0.10034002812237156,0.6931471805599454,0.6931471805599453
187,3367,3368,98,98,0,0.10069416258103993,0.6931471805599454,0.6931471805599453
187,3368,3369,98,98,0,0.10139583750646941,0.6931471805599454,0.6931471805599453
187,3369,3370,98,98,0,0.1015454364218274,0.6931471805599452,0.6931471805599453
187,3370,3371,98,98,0,0.10092266238465601,0.6931471805599452,0.6931471805599452
187,3371,3372,98,98,0,0.10091826152436588,0.6931471805599454,0.6931471805599452
187,3372,3373,98,98,0,0.10272291500349434,0.6931471805599452,0.6931471805599452
187,3373,3374,98,98,0,0.10141361390753668,0.6931471805599452,0.6931471805599452
187,3374,3375,98,98,0,0.10025426289256738,0.6931471805599452,0.6931471805599453
187,3375,3376,98,98,0,0.10061873989749928,0.6931471805599454,0.6931471805599453
187,3376,3377,98,98,0,0.10086185477521954,0.6931471805599454,0.6931471805599453
187,3377,3378,98,98,0,0.10083219956378547,0.6931471805599452,0.6931471805599452
187,3378,3379,98,98,0,0.10225787226642881,0.6931471805599454,0.6931471805599452
187,3379,3380,98,98,0,0.10123227909207344,0.6931471805599452,0.6931471805599452
187,3380,3381,91,91,1,0.10155504737254027,0.6931471805599454,0.6931471805599452
187,3381,3382,98,98,0,0.1007102407058891,0.6931471805599452,0.6931471805599453
187,3382,3383,98,98,0,0.1012584058453842,0.6931471805599452,0.6931471805599453
187,3383,3384,98,98,0,0.10121341787126599,0.6931471805599452,0.6931471805599453
187,3384,3385,98,98,0,0.10073800879169484,0.6931471805599452,0.6931471805599453
187,3385,3386,98,98,0,0.1017427167722157,0.6931471805599454,0.6931471805599452
187,3386,3387,98,98,0,0.10048712425085964,0.6931471805599452,0.6931471805599452
187,3387,3388,98,98,0,0.10154692957900008,0.6931471805599452,0.6931471805599452
187,3388,3389,97,97,1,0.10086271113034376,0.6931471805599454,0.6931471805599452
187,3389,3390,98,98,0,0.10061219281383924,0.6931471805599454,0.6931471805599453
187,3390,3391,98,98,0,0.10036485117613053,0.6931471805599452,0.6931471805599453
187,3391,3392,98,98,0,0.10257358058374755,0.6931471805599452,0.6931471805599453
187,3392,3393,98,98,0,0.10152792565676631,0.6931471805599454,0.6931471805599452
187,3393,3394,98,98,0,0.10039239255141238,0.6931471805599452,0.6931471805599452
187,3394,3395,97,97,1,0.10062642387815357,0.6931471805599452,0.6931471805599452
187,3395,3396,98,98,0,0.1003131737970576,0.6931471805599454,0.6931471805599452
187,3396,3397,47,47,1,0.10046499444449201,0.6931471805599452,0.6931471805599453
187,3397,3398,98,98,0,0.10067046213210845,0.6931471805599454,0.6931471805599453
187,3398,3399,98,98,0,0.10070921670721501,0.6931471805599452,0.6931471805599453
187,3399,3400,44,44,1,0.10291256941854954,0.6931471805599454,0.6931471805599453
187,3400,3401,98,98,0,0.10152030781823762,0.6931471805599454,0.6931471805599452
187,3401,3402,74,74,1,0.10232548073336885,0.6931471805599452,0.6931471805599452
187,3402,3403,98,98,0,0.10065581010920661,0.6931471805599452,0.6931471805599452
187,3403,3404,98,98,0,0.10167820637627524,0.6931471805599452,0.6931471805599453
187,3404,3405,98,98,0,0.10088549721605923,0.6931471805599452,0.6931471805599453
187,3405,3406,79,79,1,0.10036150375499,0.6931471805599452,0.6931471805599453
187,3406,3407,19,19,1,0.10023218589393716,0.6931471805599452,0.6931471805599453
187,3407,3408,94,94,1,0.10043691431588316,0.6931471805599452,0.6931471805599452
187,3408,3409,98,98,0,0.10201630619715671,0.6931471805599454,0.6931471805599452
187,3409,3410,98,98,0,0.10062915147567282,0.6931471805599452,0.6931471805599452
187,3410,3411,98,98,0,0.10224991656687794,0.6931471805599454,0.6931471805599453
187,3411,3412,98,98,0,0.101851758604147,0.6931471805599454,0.6931471805599453
187,3412,3413,98,98,0,0.10199056535351034,0.6931471805599452,0.6931471805599453
187,3413,3414,54,54,1,0.10225509203694484,0.6931471805599452,0.6931471805599453
187,3414,3415,74,74,1,0.10085630215503075,0.6931471805599452,0.6931471805599452
187,3415,3416,98,98,0,0.10055406384018002,0.6931471805599454,0.6931471805599452
187,3416,3417,98,98,0,0.1023475961873726,0.6931471805599452,0.6931471805599452
187,3417,3418,98,98,0,0.10126791111364657,0.6931471805599454,0.6931471805599452
187,3418,3419,98,98,0,0.10127692251485221,0.6931471805599452,0.6931471805599453
187,3419,3420,98,98,0,0.10040543061129902,0.6931471805599454,0.6931471805599453
187,3420,3421,98,98,0,0.1013973700452824,0.6931471805599452,0.6931471805599453
187,3421,3422,98,98,0,0.1019407332855828,0.6931471805599452,0.6931471805599453
187,3422,3423,98,98,0,0.10090825334191322,0.6931471805599452,0.6931471805599452
187,3423,3424,98,98,0,0.10060710551179185,0.6931471805599452,0.6931471805599452
187,3424,3425,98,98,0,0.10116662145877371,0.6931471805599452,0.6931471805599452
187,3425,3426,98,98,0,0.10120537063601065,0.6931471805599454,0.6931471805599453
187,3426,3427,98,98,0,0.10137603325503212,0.6931471805599452,0.6931471805599453
187,3427,3428,98,98,0,0.10023591355705748,0.6931471805599452,0.6931471805599453
187,3428,3429,11,11,1,0.09983585233038123,0.6931471805599452,0.6931471805599453
187,3429,3430,98,98,0,0.10073676013520785,0.6931471805599454,0.6931471805599452
187,3430,3431,98,98,0,0.10255577734538487,0.6931471805599454,0.6931471805599452
187,3431,3432,98,98,0,0.10090139607081608,0.6931471805599452,0.6931471805599452
187,3432,3433,98,98,0,0.1007008887067133,0.6931471805599452,0.6931471805599452
187,3433,3434,40,40,1,0.10102424025535583,0.6931471805599452,0.6931471805599453
187,3434,3435,98,98,0,0.1015210740876441,0.6931471805599454,0.6931471805599453
187,3435,3436,98,98,0,0.10310276240414502,0.6931471805599452,0.6931471805599453
187,3436,3437,98,98,0,0.1005877292125809,0.6931471805599454,0.6931471805599452
187,3437,3438,98,98,0,0.1004957777200913,0.6931471805599452,0.6931471805599452
187,3438,3439,98,98,0,0.10216886481764365,0.6931471805599452,0.6931471805599452
187,3439,3440,98,98,0,0.10037875753276203,0.6931471805599452,0.6931471805599452
187,3440,3441,98,98,0,0.10189078330081336,0.6931471805599454,0.6931471805599453
187,3441,3442,98,98,0,0.10168867193314494,0.6931471805599452,0.6931471805599453
187,3442,3443,98,98,0,0.10082798565224725,0.6931471805599452,0.6931471805599453
187,3443,3444,98,98,0,0.10211887317044395,0.6931471805599452,0.6931471805599453
187,3444,3445,98,98,0,0.10174229573838565,0.6931471805599454,0.6931471805599452
187,3445,3446,98,98,0,0.10115761347875303,0.6931471805599452,0.6931471805599452
187,3446,3447,98,98,0,0.10055910012855822,0.6931471805599454,0.6931471805599452
187,3447,3448,98,98,0,0.1011815311349168,0.6931471805599452,0.6931471805599453
187,3448,3449,98,98,0,0.10188726274942865,0.6931471805599452,0.6931471805599453
187,3449,3450,98,98,0,0.10151621646114758,0.6931471805599452,0.6931471805599453
187,3450,3451,98,98,0,0.10224491015684847,0.6931471805599452,0.6931471805599453
187,3451,3452,98,98,0,0.10111296473413098,0.6931471805599454,0.6931471805599452
187,3452,3453,98,98,0,0.10026710259975219,0.6931471805599452,0.6931471805599452
187,3453,3454,98,98,0,0.10146886558861148,0.6931471805599454,0.6931471805599452
187,3454,3455,98,98,0,0.1024916158342848,0.6931471805599452,0.6931471805599452
187,3455,3456,98,98,0,0.1005782133766583,0.6931471805599452,0.6931471805599453
187,3456,3457,98,98,0,0.10279967575048914,0.6931471805599452,0.6931471805599453
187,3457,3458,98,98,0,0.10133533902010139,0.6931471805599452,0.6931471805599453
187,3458,3459,98,98,0,0.10118398450467052,0.6931471805599454,0.6931471805599452
187,3459,3460,98,98,0,0.10059958072949429,0.6931471805599452,0.6931471805599452
187,3460,3461,98,98,0,0.10099138722431902,0.6931471805599452,0.6931471805599452
187,3461,3462,98,98,0,0.10050157351153237,0.6931471805599452,0.6931471805599452
187,3462,3463,98,98,0,0.10099689373556449,0.6931471805599452,0.6931471805599453
187,3463,3464,98,98,0,0.1009456839944635,0.6931471805599452,0.6931471805599453
187,3464,3465,98,98,0,0.10050132551363536,0.6931471805599452,0.6931471805599453
187,3465,3466,98,98,0,0.1013817157672376,0.6931471805599452,0.6931471805599453
187,3466,3467,98,98,0,0.10055137463674253,0.6931471805599452,0.6931471805599452
187,3467,3468,98,98,0,0.10024259140600963,0.6931471805599452,0.6931471805599452
187,3468,3469,98,98,0,0.10083773526914265,0.6931471805599452,0.6931471805599452
187,3469,3470,98,98,1,0.10095045289822988,0.6931471805599452,0.6931471805599452
187,3470,3471,98,98,0,0.10039443363036428,0.6931471805599452,0.6931471805599453
187,3471,3472,98,98,0,0.10094853536206849,0.6931471805599452,0.6931471805599453
187,3472,3473,98,98,0,0.10156122998011355,0.6931471805599454,0.6931471805599453
187,3473,3474,98,98,0,0.10135224279092282,0.6931471805599452,0.6931471805599452
187,3474,3475,98,98,0,0.10141474510333975,0.6931471805599452,0.6931471805599452
187,3475,3476,74,74,1,0.10145270461971695,0.6931471805599452,0.6931471805599452
187,3476,3477,98,98,0,0.10077507299732189,0.6931471805599452,0.6931471805599452
187,3477,3478,98,98,0,0.10049552128327136,0.6931471805599452,0.6931471805599453
187,3478,3479,98,98,0,0.10072315834006484,0.6931471805599452,0.6931471805599453
187,3479,3480,98,98,0,0.1001979751246316,0.6931471805599452,0.6931471805599453
187,3480,3481,65,65,1,0.1006722812469189,0.6931471805599452,0.6931471805599452
187,3481,3482,98,98,0,0.10024623268721056,0.6931471805599454,0.6931471805599452
187,3482,3483,98,98,0,0.10157858230629746,0.6931471805599454,0.6931471805599452
187,3483,3484,98,98,0,0.10073765116382619,0.6931471805599454,0.6931471805599452
187,3484,3485,98,98,0,0.10049962176352131,0.6931471805599452,0.6931471805599452
187,3485,3486,98,98,0,0.10130336857875999,0.6931471805599452,0.6931471805599453
187,3486,3487,37,37,1,0.10058943564827377,0.6931471805599452,0.6931471805599453
187,3487,3488,98,98,0,0.10115597815233834,0.6931471805599454,0.6931471805599452
187,3488,3489,98,98,0,0.102722382363008,0.6931471805599452,0.6931471805599452
187,3489,3490,98,98,0,0.10199989028731171,0.6931471805599454,0.6931471805599452
187,3490,3491,77,77,1,0.10059213918911947,0.6931471805599452,0.6931471805599452
187,3491,3492,98,98,0,0.10063412260948396,0.6931471805599452,0.6931471805599452
187,3492,3493,98,98,0,0.1027781856911523,0.6931471805599454,0.6931471805599453
187,3493,3494,98,98,0,0.1011325691123398,0.6931471805599454,0.6931471805599453
187,3494,3495,98,98,0,0.10117957246850948,0.6931471805599454,0.6931471805599453
187,3495,3496,13,13,1,0.10229542966072376,0.6931471805599452,0.6931471805599452
187,3496,3497,98,98,0,0.10079768391288056,0.6931471805599452,0.6931471805599452
187,3497,3498,98,98,0,0.10134657198677258,0.6931471805599454,0.6931471805599452
187,3498,3499,98,98,0,0.10143660708349578,0.6931471805599454,0.6931471805599452
187,3499,3500,98,98,0,0.10036473067439332,0.6931471805599454,0.6931471805599452
187,3500,3501,98,98,0,0.1014160293401504,0.6931471805599452,0.6931471805599453
187,3501,3502,98,98,0,0.10022862400023305,0.6931471805599454,0.6931471805599453
187,3502,3503,98,98,0,0.1009411023435544,0.6931471805599454,0.6931471805599453
187,3503,3504,98,98,0,0.1020213170927398,0.6931471805599452,0.6931471805599452
187,3504,3505,98,98,0,0.10123386043979198,0.6931471805599454,0.6931471805599452
187,3505,3506,98,98,0,0.10198136647136843,0.6931471805599452,0.6931471805599452
187,3506,3507,98,98,0,0.10115127273055972,0.6931471805599452,0.6931471805599452
187,3507,3508,81,81,1,0.10166184043074832,0.6931471805599452,0.6931471805599453
187,3508,3509,98,98,0,0.1010460221797836,0.6931471805599454,0.6931471805599453
187,3509,3510,98,98,0,0.10141485693807505,0.6931471805599452,0.6931471805599453
187,3510,3511,98,98,0,0.10064007357066991,0.6931471805599454,0.6931471805599452
187,3511,3512,98,98,0,0.10091715450493657,0.6931471805599454,0.6931471805599452
187,3512,3513,98,98,0,0.10028526833166881,0.6931471805599452,0.6931471805599452
187,3513,3514,98,98,0,0.10039961543314312,0.6931471805599454,0.6931471805599452
187,3514,3515,98,98,0,0.10076316780581766,0.6931471805599452,0.6931471805599453
187,3515,3516,98,98,0,0.10033185574777272,0.6931471805599452,0.6931471805599453
187,3516,3517,81,81,1,0.10138919388438448,0.6931471805599452,0.6931471805599453
187,3517,3518,51,51,1,0.10041172481050678,0.6931471805599454,0.6931471805599453
187,3518,3519,98,98,0,0.10072530091417078,0.6931471805599454,0.6931471805599452
187,3519,3520,98,98,0,0.10128314929957292,0.6931471805599452,0.6931471805599452
187,3520,3521,13,13,1,0.10655128210783005,0.6931471805599452,0.6931471805599452
187,3521,3522,98,98,0,0.10102475411733802,0.6931471805599452,0.6931471805599452
187,3522,3523,98,98,0,0.10122255912544775,0.6931471805599452,0.6931471805599453
187,3523,3524,98,98,0,0.10170365809177866,0.6931471805599452,0.6931471805599453
187,3524,3525,98,98,0,0.10047784637735814,0.6931471805599452,0.6931471805599453
187,3525,3526,98,98,0,0.10161905005878331,0.6931471805599452,0.6931471805599452
187,3526,3527,98,98,0,0.10046204582464938,0.6931471805599452,0.6931471805599452
187,3527,3528,98,98,0,0.10140141685094152,0.6931471805599452,0.6931471805599452
187,3528,3529,98,98,0,0.10034047561336537,0.6931471805599452,0.6931471805599452
187,3529,3530,98,98,0,0.10085804425940222,0.6931471805599454,0.6931471805599453
187,3530,3531,93,93,1,0.10111935981499251,0.6931471805599452,0.6931471805599453
187,3531,3532,98,98,0,0.10083722345987145,0.6931471805599452,0.6931471805599453
187,3532,3533,98,98,0,0.10104189106092161,0.6931471805599452,0.6931471805599452
187,3533,3534,98,98,0,0.10144116547034711,0.6931471805599454,0.6931471805599452
187,3534,3535,98,98,0,0.10087806085238651,0.6931471805599452,0.6931471805599452
187,3535,3536,98,98,0,0.10056053124824349,0.6931471805599454,0.6931471805599452
187,3536,3537,98,98,0,0.1017495858273944,0.6931471805599452,0.6931471805599452
187,3537,3538,98,98,0,0.10016811935573208,0.6931471805599454,0.6931471805599453
187,3538,3539,98,98,0,0.1028864544873335,0.6931471805599452,0.6931471805599453
187,3539,3540,98,98,0,0.10181425793134437,0.6931471805599454,0.6931471805599453
187,3540,3541,98,98,0,0.10122999533706782,0.6931471805599452,0.6931471805599452
187,3541,3542,98,98,0,0.1006415033218812,0.6931471805599454,0.6931471805599452
187,3542,3543,98,98,0,0.10102132532973679,0.6931471805599452,0.6931471805599452
187,3543,3544,98,98,0,0.10041726540241923,0.6931471805599452,0.6931471805599452
187,3544,3545,98,98,0,0.10043411321785985,0.6931471805599452,0.6931471805599453
187,3545,3546,98,98,0,0.10136308087682237,0.6931471805599452,0.6931471805599453
187,3546,3547,98,98,0,0.1019724361902597,0.6931471805599454,0.6931471805599453
187,3547,3548,98,98,0,0.10066105106047221,0.6931471805599454,0.6931471805599452
187,3548,3549,98,98,0,0.10203938763968799,0.6931471805599452,0.6931471805599452
187,3549,3550,98,98,0,0.10256475407858284,0.6931471805599452,0.6931471805599452
187,3550,3551,98,98,0,0.10260169763042003,0.6931471805599452,0.6931471805599452
187,3551,3552,98,98,0,0.10222380805988701,0.6931471805599452,0.6931471805599453
187,3552,3553,98,98,0,0.10104563102430227,0.6931471805599452,0.6931471805599453
187,3553,3554,98,98,0,0.10177065226800587,0.6931471805599454,0.6931471805599453
187,3554,3555,98,98,0,0.10032718111665881,0.6931471805599452,0.6931471805599452
187,3555,3556,98,98,0,0.10045887149718342,0.6931471805599452,0.6931471805599452
187,3556,3557,98,98,0,0.10413844039549633,0.6931471805599452,0.6931471805599452
187,3557,3558,98,98,0,0.10143038600075002,0.6931471805599452,0.6931471805599452
187,3558,3559,98,98,0,0.10062126381968965,0.6931471805599454,0.6931471805599452
187,3559,3560,98,98,0,0.10171609881276987,0.6931471805599452,0.6931471805599453
187,3560,3561,98,98,0,0.10274950300856513,0.6931471805599452,0.6931471805599453
187,3561,3562,98,98,0,0.1003578142548094,0.6931471805599452,0.6931471805599452
187,3562,3563,68,68,1,0.10086622319239028,0.6931471805599452,0.6931471805599452
187,3563,3564,98,98,0,0.10163692886732062,0.6931471805599452,0.6931471805599452
187,3564,3565,98,98,0,0.10222287506473307,0.6931471805599452,0.6931471805599452
187,3565,3566,98,98,0,0.10115833185156997,0.6931471805599452,0.6931471805599452
187,3566,3567,98,98,0,0.10038401232082017,0.6931471805599452,0.6931471805599453
187,3567,3568,98,98,0,0.10233301874630306,0.6931471805599452,0.6931471805599453
187,3568,3569,98,98,0,0.10061747398303479,0.6931471805599452,0.6931471805599453
187,3569,3570,98,98,0,0.10115023504714576,0.6931471805599454,0.6931471805599452
187,3570,3571,98,98,0,0.10068323774909486,0.6931471805599452,0.6931471805599452
187,3571,3572,57,57,1,0.10178207958999433,0.6931471805599452,0.6931471805599452
187,3572,3573,79,79,1,0.10151652152402492,0.6931471805599452,0.6931471805599452
187,3573,3574,98,98,0,0.10054217469023198,0.6931471805599452,0.6931471805599453
187,3574,3575,98,98,0,0.10032407604918188,0.6931471805599454,0.6931471805599453
187,3575,3576,98,98,0,0.10075538422988385,0.6931471805599452,0.6931471805599453
187,3576,3577,98,98,0,0.10156536391194985,0.6931471805599452,0.6931471805599452
187,3577,3578,98,98,0,0.100447486705926,0.6931471805599454,0.6931471805599452
187,3578,3579,98,98,0,0.10151761967916878,0.6931471805599454,0.6931471805599452
187,3579,3580,98,98,0,0.10107809092317309,0.6931471805599452,0.6931471805599452
187,3580,3581,98,98,0,0.10097982004588964,0.6931471805599452,0.6931471805599453
187,3581,3582,98,98,0,0.10116615085577478,0.6931471805599452,0.6931471805599453
187,3582,3583,98,98,0,0.10212634207338703,0.6931471805599452,0.6931471805599453
187,3583,3584,98,98,0,0.10078177137338386,0.6931471805599454,0.6931471805599452
187,3584,3585,48,48,1,0.10120771359652281,0.6931471805599452,0.6931471805599452
187,3585,3586,98,98,0,0.10155577235379998,0.6931471805599452,0.6931471805599452
187,3586,3587,98,98,0,0.10357719545765799,0.6931471805599454,0.6931471805599452
187,3587,3588,51,51,1,0.10242368164015751,0.6931471805599452,0.6931471805599452
187,3588,3589,98,98,0,0.10086517005550619,0.6931471805599454,0.6931471805599453
187,3589,3590,98,98,0,0.10175435868453006,0.6931471805599452,0.6931471805599453
187,3590,3591,98,98,0,0.1010322600451051,0.6931471805599452,0.6931471805599453
187,3591,3592,98,98,0,0.10054947952834928,0.6931471805599454,0.6931471805599452
187,3592,3593,98,98,0,0.10213426021592957,0.6931471805599454,0.6931471805599452
187,3593,3594,98,98,0,0.10207435108569203,0.6931471805599452,0.6931471805599452
187,3594,3595,98,98,0,0.10111025728437366,0.6931471805599454,0.6931471805599452
187,3595,3596,98,98,0,0.10130973061432644,0.6931471805599452,0.6931471805599453
187,3596,3597,73,73,1,0.10161479970771972,0.6931471805599452,0.6931471805599453
187,3597,3598,12,12,1,0.10041850929458936,0.6931471805599452,0.6931471805599453
187,3598,3599,98,98,0,0.10024195552176358,0.6931471805599452,0.6931471805599452
187,3599,3600,98,98,0,0.10056630407973212,0.6931471805599452,0.6931471805599452
187,3600,3601,98,98,0,0.10097368183184643,0.6931471805599454,0.6931471805599452
187,3601,3602,98,98,0,0.1023629393656643,0.6931471805599452,0.6931471805599452
187,3602,3603,51,51,1,0.10226217467410892,0.6931471805599452,0.6931471805599452
187,3603,3604,98,98,0,0.10061471498742396,0.6931471805599452,0.6931471805599453
187,3604,3605,98,98,0,0.10253869476062911,0.6931471805599452,0.6931471805599453
187,3605,3606,98,98,0,0.1004007454885512,0.6931471805599454,0.6931471805599452
187,3606,3607,98,98,0,0.10220170249136126,0.6931471805599452,0.6931471805599452
187,3607,3608,98,98,0,0.1026431325899095,0.6931471805599452,0.6931471805599452
187,3608,3609,92,92,1,0.10218528682446998,0.6931471805599452,0.6931471805599452
187,3609,3610,98,98,0,0.10062092276556152,0.6931471805599454,0.6931471805599452
187,3610,3611,65,65,1,0.10190110905812337,0.6931471805599452,0.6931471805599453
187,3611,3612,98,98,0,0.10132212800030806,0.6931471805599454,0.6931471805599453
187,3612,3613,98,98,0,0.10110592142659791,0.6931471805599452,0.6931471805599453
187,3613,3614,98,98,0,0.10066799226464057,0.6931471805599452,0.6931471805599452
187,3614,3615,42,42,1,0.10059533711700212,0.6931471805599452,0.6931471805599452
187,3615,3616,98,98,0,0.10124182138515979,0.6931471805599452,0.6931471805599452
187,3616,3617,98,98,0,0.10036560148000717,0.6931471805599454,0.6931471805599452
187,3617,3618,98,98,0,0.1014688961511972,0.6931471805599454,0.6931471805599452
187,3618,3619,98,98,0,0.10187818733405093,0.6931471805599452,0.6931471805599453
187,3619,3620,98,98,0,0.10024913727324836,0.6931471805599452,0.6931471805599453
187,3620,3621,98,98,0,0.10244552281742193,0.6931471805599454,0.6931471805599452
187,3621,3622,98,98,0,0.10041717531121507,0.6931471805599452,0.6931471805599452
187,3622,3623,98,98,0,0.10064343765986208,0.6931471805599454,0.6931471805599452
187,3623,3624,46,46,1,0.10235355195143948,0.6931471805599452,0.6931471805599452
187,3624,3625,98,98,0,0.10080376731193795,0.6931471805599454,0.6931471805599452
187,3625,3626,47,47,1,0.10077878864521676,0.6931471805599452,0.6931471805599453
187,3626,3627,98,98,0,0.10059286958100844,0.6931471805599452,0.6931471805599453
187,3627,3628,98,98,0,0.10091922112873622,0.6931471805599454,0.6931471805599453
187,3628,3629,98,98,0,0.10129233746200192,0.6931471805599452,0.6931471805599452
187,3629,3630,50,50,1,0.10315784603357316,0.6931471805599452,0.6931471805599452
187,3630,3631,98,98,0,0.1016539075240797,0.6931471805599454,0.6931471805599452
187,3631,3632,98,98,0,0.10149579502794208,0.6931471805599452,0.6931471805599452
187,3632,3633,98,98,0,0.10040605068206787,0.6931471805599452,0.6931471805599453
187,3633,3634,98,98,0,0.10173820841069124,0.6931471805599452,0.6931471805599453
187,3634,3635,98,98,0,0.10054826287894833,0.6931471805599452,0.6931471805599453
187,3635,3636,98,98,0,0.10159964372917098,0.6931471805599452,0.6931471805599452
187,3636,3637,67,67,1,0.10500151719619978,0.6931471805599452,0.6931471805599452
187,3637,3638,98,98,0,0.10107703180033334,0.6931471805599452,0.6931471805599452
187,3638,3639,98,98,0,0.10126220358877766,0.6931471805599452,0.6931471805599452
187,3639,3640,98,98,0,0.10066173446117616,0.6931471805599454,0.6931471805599452
187,3640,3641,98,98,0,0.10023293476931903,0.6931471805599452,0.6931471805599453
187,3641,3642,52,52,1,0.1017819269058796,0.6931471805599454,0.6931471805599453
187,3642,3643,98,98,0,0.10160265642465377,0.6931471805599452,0.6931471805599452
187,3643,3644,98,98,0,0.10040221302484979,0.6931471805599452,0.6931471805599452
187,3644,3645,98,98,0,0.10102103703788348,0.6931471805599452,0.6931471805599452
187,3645,3646,98,98,0,0.10056154361488867,0.6931471805599452,0.6931471805599452
187,3646,3647,98,98,0,0.10208441704815747,0.6931471805599452,0.6931471805599452
187,3647,3648,98,98,0,0.1007997103947766,0.6931471805599452,0.6931471805599453
187,3648,3649,98,98,0,0.10097203692611383,0.6931471805599454,0.6931471805599453
187,3649,3650,98,98,0,0.10101596471302364,0.6931471805599452,0.6931471805599452
187,3650,3651,98,98,0,0.10098917060056511,0.6931471805599452,0.6931471805599452
187,3651,3652,69,69,1,0.10102134133162706,0.6931471805599454,0.6931471805599452
187,3652,3653,98,98,0,0.10076500361367148,0.6931471805599454,0.6931471805599452
187,3653,3654,98,98,0,0.10130376254721564,0.6931471805599454,0.6931471805599452
187,3654,3655,98,98,0,0.10161500097233422,0.6931471805599452,0.6931471805599453
187,3655,3656,98,98,0,0.10112478287548435,0.6931471805599452,0.6931471805599453
187,3656,3657,98,98,0,0.10148871393532169,0.6931471805599452,0.6931471805599453
187,3657,3658,98,98,0,0.10070393690649344,0.6931471805599452,0.6931471805599452
187,3658,3659,98,98,0,0.10139946837206276,0.6931471805599452,0.6931471805599452
187,3659,3660,98,98,0,0.10105926186150434,0.6931471805599452,0.6931471805599452
187,3660,3661,98,98,0,0.10036833500679658,0.6931471805599452,0.6931471805599452
187,3661,3662,98,98,0,0.10073387957349116,0.6931471805599452,0.6931471805599452
187,3662,3663,98,98,0,0.10056551363395184,0.6931471805599454,0.6931471805599453
187,3663,3664,61,61,1,0.10305421347500848,0.6931471805599452,0.6931471805599453
187,3664,3665,98,98,0,0.10188991888141145,0.6931471805599454,0.6931471805599452
187,3665,3666,98,98,0,0.1021769078714507,0.6931471805599452,0.6931471805599452
187,3666,3667,98,98,0,0.10098002242798708,0.6931471805599452,0.6931471805599452
187,3667,3668,43,43,1,0.10062475311894749,0.6931471805599452,0.6931471805599452
187,3668,3669,98,98,0,0.10112314412788469,0.6931471805599452,0.6931471805599452
187,3669,3670,98,98,0,0.10088042367477806,0.6931471805599452,0.6931471805599453
187,3670,3671,75,75,1,0.10096307098865509,0.6931471805599452,0.6931471805599453
187,3671,3672,98,98,0,0.10083697675442209,0.6931471805599454,0.6931471805599452
187,3672,3673,98,98,0,0.10178658639898105,0.6931471805599452,0.6931471805599452
187,3673,3674,98,98,0,0.10185761187149554,0.6931471805599452,0.6931471805599452
187,3674,3675,98,98,0,0.1007236867991029,0.6931471805599454,0.6931471805599452
187,3675,3676,98,98,1,0.10150836985938404,0.6931471805599452,0.6931471805599452
187,3676,3677,98,98,0,0.1012403820546306,0.6931471805599454,0.6931471805599453
187,3677,3678,98,98,0,0.100839158862221,0.6931471805599452,0.6931471805599453
187,3678,3679,98,98,0,0.1007532747272326,0.6931471805599454,0.6931471805599453
187,3679,3680,98,98,0,0.10132235782791157,0.6931471805599452,0.6931471805599452
187,3680,3681,98,98,0,0.10102109915139723,0.6931471805599452,0.6931471805599452
187,3681,3682,98,98,0,0.10080541244574956,0.6931471805599452,0.6931471805599452
187,3682,3683,98,98,0,0.10052507043797143,0.6931471805599452,0.6931471805599452
187,3683,3684,56,56,1,0.10208229494414159,0.6931471805599452,0.6931471805599453
187,3684,3685,98,98,0,0.10061052517623317,0.6931471805599452,0.6931471805599453
187,3685,3686,98,98,0,0.1011161739576836,0.6931471805599454,0.6931471805599453
187,3686,3687,98,98,0,0.10058117863170955,0.6931471805599452,0.6931471805599452
187,3687,3688,98,98,0,0.10135640599289719,0.6931471805599452,0.6931471805599452
187,3688,3689,98,98,0,0.1013889271689921,0.6931471805599454,0.6931471805599452
187,3689,3690,56,56,1,0.10107056450630937,0.6931471805599452,0.6931471805599452
187,3690,3691,98,98,0,0.10081748132194791,0.6931471805599454,0.6931471805599452
187,3691,3692,98,98,0,0.10196422504223122,0.6931471805599452,0.6931471805599453
187,3692,3693,98,98,0,0.10108140399869607,0.6931471805599454,0.6931471805599453
187,3693,3694,98,98,0,0.10117671790779853,0.6931471805599452,0.6931471805599453
187,3694,3695,98,98,0,0.10080270720075588,0.6931471805599452,0.6931471805599452
187,3695,3696,98,98,0,0.1014649183774481,0.6931471805599454,0.6931471805599452
187,3696,3697,98,98,0,0.10110535518247254,0.6931471805599452,0.6931471805599452
187,3697,3698,98,98,0,0.10055366553822342,0.6931471805599454,0.6931471805599452
187,3698,3699,98,98,0,0.10069278353939251,0.6931471805599452,0.6931471805599453
187,3699,3700,98,98,0,0.10033890217238543,0.6931471805599452,0.6931471805599453
187,3700,3701,98,98,0,0.10080264326261014,0.6931471805599452,0.6931471805599453
187,3701,3702,98,98,0,0.10121045626547871,0.6931471805599452,0.6931471805599452
187,3702,3703,98,98,0,0.10038659668394498,0.6931471805599452,0.6931471805599452
187,3703,3704,69,69,1,0.10505411342002344,0.6931471805599452,0.6931471805599452
187,3704,3705,98,98,0,0.10037948464860721,0.6931471805599452,0.6931471805599452
187,3705,3706,98,98,0,0.10132650749719872,0.6931471805599454,0.6931471805599452
187,3706,3707,98,98,0,0.10157800351782721,0.6931471805599454,0.6931471805599453
187,3707,3708,98,98,0,0.10170876782159416,0.6931471805599452,0.6931471805599453
187,3708,3709,98,98,0,0.10313816946379993,0.6931471805599452,0.6931471805599452
187,3709,3710,98,98,0,0.10051293693939034,0.6931471805599454,0.6931471805599452
187,3710,3711,98,98,0,0.10384638675925684,0.6931471805599452,0.6931471805599452
187,3711,3712,98,98,0,0.10093317446964127,0.6931471805599452,0.6931471805599452
187,3712,3713,98,98,0,0.10147262858797093,0.6931471805599452,0.6931471805599452
187,3713,3714,98,98,0,0.10174810050093398,0.6931471805599452,0.6931471805599453
187,3714,3715,98,98,1,0.1015271642530451,0.6931471805599452,0.6931471805599453
187,3715,3716,90,90,1,0.10192141789529059,0.6931471805599452,0.6931471805599452
187,3716,3717,14,14,1,0.09980738961270877,0.6931471805599452,0.6931471805599452
187,3717,3718,98,98,0,0.10122273489832878,0.6931471805599454,0.6931471805599452
187,3718,3719,45,45,1,0.10328109264373779,0.6931471805599452,0.6931471805599452
187,3719,3720,98,98,0,0.1020987082500847,0.6931471805599454,0.6931471805599452
187,3720,3721,51,51,1,0.10029039663427017,0.6931471805599452,0.6931471805599453
187,3721,3722,98,98,0,0.10122796155664386,0.6931471805599452,0.6931471805599453
187,3722,3723,98,98,0,0.1007204825172619,0.6931471805599454,0.6931471805599453
187,3723,3724,98,98,0,0.10066534396337003,0.6931471805599454,0.6931471805599452
187,3724,3725,98,98,0,0.1011059927392979,0.6931471805599452,0.6931471805599452
187,3725,3726,98,98,0,0.1006024137747531,0.6931471805599452,0.6931471805599452
187,3726,3727,98,98,0,0.10111670218864266,0.6931471805599452,0.6931471805599452
187,3727,3728,91,91,1,0.10170356298868473,0.6931471805599454,0.6931471805599452
187,3728,3729,98,98,0,0.1016806752554008,0.6931471805599452,0.6931471805599453
187,3729,3730,98,98,0,0.10153912091437652,0.6931471805599452,0.6931471805599453
187,3730,3731,98,98,0,0.10042923126293689,0.6931471805599452,0.6931471805599452
187,3731,3732,98,98,0,0.10155668026026414,0.6931471805599452,0.6931471805599452
187,3732,3733,98,98,0,0.1019896896822112,0.6931471805599454,0.6931471805599452
187,3733,3734,98,98,0,0.10202844608194973,0.6931471805599454,0.6931471805599452
187,3734,3735,98,98,0,0.10086208969658735,0.6931471805599452,0.6931471805599452
187,3735,3736,10,10,1,0.10476584658026696,0.6931471805599452,0.6931471805599453
187,3736,3737,90,90,1,0.10088775000638432,0.6931471805599452,0.6931471805599453
187,3737,3738,98,98,0,0.1006497215403586,0.6931471805599454,0.6931471805599453
187,3738,3739,98,98,0,0.10195150918194226,0.6931471805599452,0.6931471805599452
187,3739,3740,98,98,0,0.1007481612721268,0.6931471805599452,0.6931471805599452
187,3740,3741,98,98,0,0.10082243116838592,0.6931471805599452,0.6931471805599452
187,3741,3742,98,98,0,0.10162139509101303,0.6931471805599454,0.6931471805599452
187,3742,3743,98,98,0,0.10075615893821327,0.6931471805599452,0.6931471805599453
187,3743,3744,98,98,0,0.10076199578387397,0.6931471805599452,0.6931471805599453
187,3744,3745,98,98,0,0.10190908709655003,0.6931471805599454,0.6931471805599453
187,3745,3746,98,98,0,0.10169411473432366,0.6931471805599452,0.6931471805599452
187,3746,3747,98,98,0,0.10169490670063058,0.6931471805599452,0.6931471805599452
187,3747,3748,98,98,0,0.1017822046213004,0.6931471805599452,0.6931471805599452
187,3748,3749,98,98,0,0.10234079722847257,0.6931471805599452,0.6931471805599452
187,3749,3750,98,98,0,0.10059991273648884,0.6931471805599452,0.6931471805599452
187,3750,3751,98,98,0,0.10061112525207656,0.6931471805599454,0.6931471805599453
187,3751,3752,98,98,0,0.10037034742382107,0.6931471805599452,0.6931471805599453
187,3752,3753,98,98,0,0.10103268776925242,0.6931471805599452,0.6931471805599452
187,3753,3754,98,98,0,0.10018313250371388,0.6931471805599452,0.6931471805599452
187,3754,3755,98,98,0,0.10105230218293715,0.6931471805599454,0.6931471805599452
187,3755,3756,46,46,1,0.10250956662323164,0.6931471805599452,0.6931471805599452
187,3756,3757,98,98,0,0.10130010917782784,0.6931471805599454,0.6931471805599452
187,3757,3758,98,98,0,0.10075050227496089,0.6931471805599454,0.6931471805599453
187,3758,3759,98,98,0,0.10150324416403868,0.6931471805599452,0.6931471805599453
187,3759,3760,98,98,0,0.10060876204955335,0.6931471805599452,0.6931471805599453
187,3760,3761,98,98,0,0.10208396377916239,0.6931471805599454,0.6931471805599452
187,3761,3762,98,98,0,0.10238472874067267,0.6931471805599452,0.6931471805599452
187,3762,3763,98,98,0,0.10050760414831493,0.6931471805599452,0.6931471805599452
187,3763,3764,98,98,0,0.1006612954851316,0.6931471805599452,0.6931471805599452
187,3764,3765,98,98,0,0.10071935801177609,0.6931471805599452,0.6931471805599453
187,3765,3766,98,98,0,0.10135463397113645,0.6931471805599452,0.6931471805599453
187,3766,3767,98,98,0,0.10184962074367368,0.6931471805599452,0.6931471805599453
187,3767,3768,70,70,1,0.10058630736810821,0.6931471805599452,0.6931471805599452
187,3768,3769,98,98,0,0.10340055922160343,0.6931471805599452,0.6931471805599452
187,3769,3770,98,98,0,0.1026827367592831,0.6931471805599452,0.6931471805599452
187,3770,3771,98,98,0,0.10059134358046007,0.6931471805599452,0.6931471805599452
187,3771,3772,98,98,0,0.10038179410051326,0.6931471805599452,0.6931471805599452
187,3772,3773,98,98,0,0.10080584260273953,0.6931471805599454,0.6931471805599453
187,3773,3774,98,98,0,0.1014282752056511,0.6931471805599452,0.6931471805599453
187,3774,3775,98,98,0,0.10115944867839619,0.6931471805599452,0.6931471805599452
187,3775,3776,98,98,0,0.10038474217361333,0.6931471805599452,0.6931471805599452
187,3776,3777,98,98,0,0.1004104762509161,0.6931471805599454,0.6931471805599452
187,3777,3778,98,98,0,0.10175395065120288,0.6931471805599454,0.6931471805599452
187,3778,3779,98,98,0,0.10193780209032857,0.6931471805599454,0.6931471805599452
187,3779,3780,98,98,0,0.10104242058432832,0.6931471805599452,0.6931471805599453
187,3780,3781,98,98,0,0.10032349231900001,0.6931471805599454,0.6931471805599453
187,3781,3782,98,98,0,0.10058330470810131,0.6931471805599452,0.6931471805599453
187,3782,3783,98,98,0,0.10179872719609008,0.6931471805599452,0.6931471805599452
187,3783,3784,68,68,1,0.1010673620245036,0.6931471805599452,0.6931471805599452
187,3784,3785,98,98,0,0.10036647950812262,0.6931471805599452,0.6931471805599452
187,3785,3786,98,98,0,0.10149034728505174,0.6931471805599452,0.6931471805599452
187,3786,3787,98,98,0,0.10223234931425172,0.6931471805599452,0.6931471805599453
187,3787,3788,98,98,0,0.10033222782064458,0.6931471805599454,0.6931471805599453
187,3788,3789,98,98,0,0.10131466829655122,0.6931471805599452,0.6931471805599453
187,3789,3790,51,51,1,0.1022896227591178,0.6931471805599452,0.6931471805599452
187,3790,3791,98,98,0,0.10065996616470571,0.6931471805599454,0.6931471805599452
187,3791,3792,98,98,0,0.10138925712327568,0.6931471805599454,0.6931471805599452
187,3792,3793,98,98,0,0.10064472653427903,0.6931471805599452,0.6931471805599452
187,3793,3794,97,97,1,0.10099831791882663,0.6931471805599452,0.6931471805599452
187,3794,3795,98,98,0,0.10132886659429997,0.6931471805599452,0.6931471805599453
187,3795,3796,98,98,0,0.10067333235424392,0.6931471805599454,0.6931471805599453
187,3796,3797,98,98,0,0.10072037547218557,0.6931471805599452,0.6931471805599452
187,3797,3798,48,48,1,0.10209055136268337,0.6931471805599452,0.6931471805599452
187,3798,3799,98,98,0,0.10118992885156554,0.6931471805599452,0.6931471805599452
187,3799,3800,98,98,0,0.10069691283362252,0.6931471805599452,0.6931471805599452
187,3800,3801,51,51,1,0.10236433162993076,0.6931471805599452,0.6931471805599452
187,3801,3802,98,98,0,0.10069267322518388,0.6931471805599452,0.6931471805599453
187,3802,3803,98,98,0,0.10110789430992943,0.6931471805599452,0.6931471805599453
187,3803,3804,52,52,1,0.10071155228293859,0.6931471805599452,0.6931471805599452
187,3804,3805,98,98,0,0.10220783181032356,0.6931471805599452,0.6931471805599452
187,3805,3806,98,98,0,0.10103805332767721,0.6931471805599452,0.6931471805599452
187,3806,3807,98,98,0,0.10141476152502761,0.6931471805599454,0.6931471805599452
187,3807,3808,98,98,0,0.1008683806475328,0.6931471805599452,0.6931471805599452
187,3808,3809,98,98,0,0.1008352200139542,0.6931471805599452,0.6931471805599453
187,3809,3810,98,98,0,0.10080645438663814,0.6931471805599452,0.6931471805599453
187,3810,3811,98,98,0,0.10037364362149823,0.6931471805599452,0.6931471805599453
187,3811,3812,98,98,0,0.10072172805666924,0.6931471805599452,0.6931471805599452
187,3812,3813,98,98,0,0.10075330118439635,0.6931471805599454,0.6931471805599452
187,3813,3814,51,51,1,0.10150961387975543,0.6931471805599452,0.6931471805599452
187,3814,3815,98,98,0,0.10114615897134858,0.6931471805599454,0.6931471805599452
187,3815,3816,98,98,0,0.10060363650626065,0.6931471805599454,0.6931471805599452
187,3816,3817,98,98,0,0.10029511769511262,0.6931471805599452,0.6931471805599453
187,3817,3818,71,71,1,0.10137529146503395,0.6931471805599454,0.6931471805599453
187,3818,3819,98,98,0,0.10092067627274261,0.6931471805599452,0.6931471805599452
187,3819,3820,98,98,0,0.10065278813851122,0.6931471805599452,0.6931471805599452
187,3820,3821,98,98,0,0.10112040162998803,0.6931471805599454,0.6931471805599452
187,3821,3822,98,98,0,0.10063919478229114,0.6931471805599452,0.6931471805599452
187,3822,3823,98,98,0,0.1010238020395746,0.6931471805599454,0.6931471805599452
187,3823,3824,98,98,0,0.10070043437334956,0.6931471805599454,0.6931471805599453
187,3824,3825,98,98,0,0.10062615322519322,0.6931471805599454,0.6931471805599453
187,3825,3826,41,41,1,0.10021066175001424,0.6931471805599452,0.6931471805599453
187,3826,3827,98,98,0,0.10045370847290876,0.6931471805599452,0.6931471805599452
187,3827,3828,98,98,0,0.10126158693919377,0.6931471805599452,0.6931471805599452
187,3828,3829,98,98,0,0.10175160835592115,0.6931471805599454,0.6931471805599452
187,3829,3830,93,93,1,0.10084919591424285,0.6931471805599452,0.6931471805599452
187,3830,3831,98,98,0,0.10132796484596875,0.6931471805599452,0.6931471805599453
187,3831,3832,98,98,0,0.10104492930125217,0.6931471805599452,0.6931471805599453
187,3832,3833,98,98,0,0.10091821438803965,0.6931471805599454,0.6931471805599453
187,3833,3834,98,98,0,0.10051060581997949,0.6931471805599454,0.6931471805599452
187,3834,3835,98,98,0,0.1017131428329312,0.6931471805599454,0.6931471805599452
187,3835,3836,98,98,0,0.10041978423084531,0.6931471805599452,0.6931471805599452
187,3836,3837,98,98,0,0.10145386445279024,0.6931471805599452,0.6931471805599452
187,3837,3838,49,49,1,0.10044572958532645,0.6931471805599452,0.6931471805599452
187,3838,3839,98,98,0,0.10078624126558401,0.6931471805599452,0.6931471805599453
187,3839,3840,98,98,0,0.10045364392655236,0.6931471805599454,0.6931471805599453
187,3840,3841,98,98,0,0.1018590872385064,0.6931471805599452,0.6931471805599453
187,3841,3842,98,98,0,0.10037994612844622,0.6931471805599452,0.6931471805599452
187,3842,3843,98,98,0,0.10269087271726861,0.6931471805599452,0.6931471805599452
187,3843,3844,98,98,0,0.10196970304360195,0.6931471805599454,0.6931471805599452
187,3844,3845,98,98,0,0.10123960004777324,0.6931471805599452,0.6931471805599452
187,3845,3846,97,97,1,0.10074942029014076,0.6931471805599452,0.6931471805599453
187,3846,3847,98,98,0,0.10048581728217554,0.6931471805599452,0.6931471805599453
187,3847,3848,66,66,1,0.10198862692623427,0.6931471805599452,0.6931471805599453
187,3848,3849,98,98,0,0.1007565859781236,0.6931471805599454,0.6931471805599452
187,3849,3850,98,98,0,0.10284872026163705,0.6931471805599452,0.6931471805599452
187,3850,3851,98,98,0,0.10067867966634887,0.6931471805599454,0.6931471805599452
187,3851,3852,98,98,0,0.10185663516120035,0.6931471805599454,0.6931471805599452
187,3852,3853,98,98,0,0.10040021961440845,0.6931471805599452,0.6931471805599453
187,3853,3854,98,98,0,0.10275412601779918,0.6931471805599452,0.6931471805599453
187,3854,3855,52,52,1,0.10121467566260925,0.6931471805599452,0.6931471805599453
187,3855,3856,98,98,0,0.10116121241328668,0.6931471805599452,0.6931471805599452
187,3856,3857,98,98,0,0.10221936173584996,0.6931471805599452,0.6931471805599452
187,3857,3858,70,70,1,0.10262498429843357,0.6931471805599452,0.6931471805599452
187,3858,3859,98,98,0,0.10165980374630616,0.6931471805599452,0.6931471805599452
187,3859,3860,92,92,1,0.10047800911833411,0.6931471805599454,0.6931471805599452
187,3860,3861,98,98,0,0.10112814498799187,0.6931471805599452,0.6931471805599453
187,3861,3862,98,98,0,0.10164857024745065,0.6931471805599452,0.6931471805599453
187,3862,3863,64,64,1,0.1029999062884599,0.6931471805599454,0.6931471805599453
187,3863,3864,98,98,0,0.10177861541813733,0.6931471805599452,0.6931471805599452
187,3864,3865,98,98,0,0.10107846307207127,0.6931471805599454,0.6931471805599452
187,3865,3866,98,98,0,0.1019535450150772,0.6931471805599452,0.6931471805599452
187,3866,3867,98,98,0,0.10241791689578368,0.6931471805599454,0.6931471805599452
187,3867,3868,98,98,0,0.10208036522476041,0.6931471805599452,0.6931471805599453
187,3868,3869,98,98,0,0.10165597323556336,0.6931471805599452,0.6931471805599453
187,3869,3870,98,98,0,0.1021177092072915,0.6931471805599454,0.6931471805599453
187,3870,3871,98,98,0,0.10083286426201159,0.6931471805599452,0.6931471805599452
187,3871,3872,55,55,1,0.1014458492398262,0.6931471805599452,0.6931471805599452
187,3872,3873,98,98,0,0.10237682785610763,0.6931471805599454,0.6931471805599452
187,3873,3874,98,98,0,0.10082037222324586,0.6931471805599452,0.6931471805599452
187,3874,3875,98,98,0,0.10093159737939737,0.6931471805599452,0.6931471805599453
187,3875,3876,98,98,0,0.10208971623559387,0.6931471805599452,0.6931471805599453
187,3876,3877,98,98,0,0.10105257838660357,0.6931471805599452,0.6931471805599453
187,3877,3878,98,98,0,0.10264463965990106,0.6931471805599452,0.6931471805599452
187,3878,3879,96,96,1,0.10120643946963052,0.6931471805599452,0.6931471805599452
187,3879,3880,98,98,0,0.10186341663404387,0.6931471805599454,0.6931471805599452
187,3880,3881,69,69,1,0.10239747414986293,0.6931471805599452,0.6931471805599452
187,3881,3882,98,98,0,0.10081496834754944,0.6931471805599452,0.6931471805599452
187,3882,3883,98,98,0,0.10175321228346046,0.6931471805599454,0.6931471805599453
187,3883,3884,98,98,0,0.10197668469377927,0.6931471805599452,0.6931471805599453
187,3884,3885,98,98,0,0.10099429462333115,0.6931471805599452,0.6931471805599453
187,3885,3886,98,98,0,0.10170547337252267,0.6931471805599454,0.6931471805599452
187,3886,3887,98,98,0,0.10187489987940204,0.6931471805599452,0.6931471805599452
187,3887,3888,98,98,0,0.10129796173803661,0.6931471805599452,0.6931471805599452
187,3888,3889,98,98,0,0.10043298171795144,0.6931471805599452,0.6931471805599452
187,3889,3890,98,98,0,0.10054493475021148,0.6931471805599452,0.6931471805599453
187,3890,3891,98,98,0,0.10125746775646599,0.6931471805599454,0.6931471805599453
187,3891,3892,98,98,0,0.10100347092565225,0.6931471805599454,0.6931471805599453
187,3892,3893,41,41,1,0.1007932449986295,0.6931471805599452,0.6931471805599452
187,3893,3894,98,98,0,0.10210759177499888,0.6931471805599454,0.6931471805599452
187,3894,3895,98,98,0,0.10040669318060486,0.6931471805599452,0.6931471805599452
187,3895,3896,98,98,0,0.10056270134388184,0.6931471805599452,0.6931471805599452
187,3896,3897,98,98,0,0.10064042017472033,0.6931471805599452,0.6931471805599453
187,3897,3898,98,98,0,0.10102639932717596,0.6931471805599454,0.6931471805599453
187,3898,3899,98,98,0,0.10064450104017647,0.6931471805599454,0.6931471805599453
187,3899,3900,11,11,1,0.10009205680001866,0.6931471805599452,0.6931471805599452
187,3900,3901,98,98,0,0.10111111911888025,0.6931471805599452,0.6931471805599452
187,3901,3902,98,98,0,0.10031503910312847,0.6931471805599452,0.6931471805599452
187,3902,3903,98,98,0,0.10244388650266492,0.6931471805599454,0.6931471805599452
187,3903,3904,98,98,0,0.10081998137186984,0.6931471805599452,0.6931471805599452
187,3904,3905,98,98,0,0.10099984758666583,0.6931471805599452,0.6931471805599453
187,3905,3906,98,98,0,0.10215253208060654,0.6931471805599454,0.6931471805599453
187,3906,3907,98,98,0,0.10058428468752881,0.6931471805599452,0.6931471805599453
187,3907,3908,10,10,1,0.09971222057938575,0.6931471805599452,0.6931471805599452
187,3908,3909,98,98,0,0.10033371808881662,0.6931471805599454,0.6931471805599452
187,3909,3910,98,98,0,0.10169965142802316,0.6931471805599452,0.6931471805599452
187,3910,3911,98,98,0,0.10047123315078872,0.6931471805599452,0.6931471805599452
187,3911,3912,98,98,0,0.10229140550506358,0.6931471805599452,0.6931471805599453
187,3912,3913,98,98,0,0.10022453059043203,0.6931471805599452,0.6931471805599453
187,3913,3914,98,98,0,0.10070729970323797,0.6931471805599454,0.6931471805599453
187,3914,3915,98,98,0,0.10156152617870545,0.6931471805599454,0.6931471805599452
187,3915,3916,98,98,0,0.10052106149342595,0.6931471805599452,0.6931471805599452
187,3916,3917,60,60,1,0.10079491212964058,0.6931471805599452,0.6931471805599452
187,3917,3918,98,98,0,0.10120991837917542,0.6931471805599452,0.6931471805599452
187,3918,3919,98,98,0,0.10027952089297529,0.6931471805599452,0.6931471805599453
187,3919,3920,98,98,0,0.10174958187402511,0.6931471805599452,0.6931471805599453
187,3920,3921,98,98,0,0.10166950744329667,0.6931471805599454,0.6931471805599453
187,3921,3922,98,98,0,0.10062635842026496,0.6931471805599452,0.6931471805599452
187,3922,3923,98,98,0,0.10100211682064193,0.6931471805599454,0.6931471805599452
187,3923,3924,98,98,0,0.10180477988050908,0.6931471805599454,0.6931471805599452
187,3924,3925,98,98,0,0.10130349721531479,0.6931471805599452,0.6931471805599452
187,3925,3926,50,50,1,0.10101341605186462,0.6931471805599452,0.6931471805599452
187,3926,3927,98,98,0,0.10142229421406376,0.6931471805599454,0.6931471805599453
187,3927,3928,98,98,0,0.10095173333372388,0.6931471805599454,0.6931471805599453
187,3928,3929,98,98,0,0.10019563070061255,0.6931471805599452,0.6931471805599453
187,3929,3930,98,98,0,0.10316833678861054,0.6931471805599452,0.6931471805599452
187,3930,3931,98,98,0,0.10143826711846858,0.6931471805599454,0.6931471805599452
187,3931,3932,98,98,0,0.10114834138325282,0.6931471805599454,0.6931471805599452
187,3932,3933,98,98,0,0.10066771340005252,0.6931471805599452,0.6931471805599452
187,3933,3934,98,98,0,0.10038105558071818,0.6931471805599452,0.6931471805599453
187,3934,3935,98,98,0,0.10214721533108731,0.6931471805599452,0.6931471805599453
187,3935,3936,98,98,0,0.1006285545929354,0.6931471805599452,0.6931471805599453
187,3936,3937,98,98,0,0.10186907268908559,0.6931471805599452,0.6931471805599452
187,3937,3938,98,98,0,0.1018650727916737,0.6931471805599454,0.6931471805599452
187,3938,3939,98,98,0,0.10135083425105834,0.6931471805599452,0.6931471805599452
187,3939,3940,98,98,0,0.10110861215056205,0.6931471805599454,0.6931471805599452
187,3940,3941,98,98,0,0.10071995459040817,0.6931471805599454,0.6931471805599452
187,3941,3942,64,64,1,0.10203933867160231,0.6931471805599452,0.6931471805599453
187,3942,3943,98,98,0,0.10086049299154963,0.6931471805599452,0.6931471805599453
187,3943,3944,98,98,0,0.10137684247931655,0.6931471805599452,0.6931471805599453
187,3944,3945,98,98,0,0.10091738129148678,0.6931471805599452,0.6931471805599452
187,3945,3946,98,98,0,0.10062729681328851,0.6931471805599452,0.6931471805599452
187,3946,3947,98,98,0,0.10061328637660766,0.6931471805599452,0.6931471805599452
187,3947,3948,98,98,0,0.1002046570029794,0.6931471805599452,0.6931471805599452
187,3948,3949,98,98,0,0.10068779172641891,0.6931471805599452,0.6931471805599453
187,3949,3950,98,98,0,0.10107398322042153,0.6931471805599452,0.6931471805599453
187,3950,3951,48,48,1,0.10157600697129965,0.6931471805599452,0.6931471805599453
187,3951,3952,62,62,1,0.10084280431751282,0.6931471805599452,0.6931471805599452
187,3952,3953,98,98,1,0.1016530366424395,0.6931471805599454,0.6931471805599452
187,3953,3954,98,98,0,0.10146459823056143,0.6931471805599452,0.6931471805599452
187,3954,3955,98,98,0,0.10075894157801356,0.6931471805599452,0.6931471805599452
187,3955,3956,98,98,0,0.10092414953574842,0.6931471805599454,0.6931471805599453
187,3956,3957,98,98,0,0.1012032191668238,0.6931471805599454,0.6931471805599453
187,3957,3958,98,98,0,0.10086699643609476,0.6931471805599452,0.6931471805599453
187,3958,3959,98,98,0,0.1015005081283803,0.6931471805599454,0.6931471805599452
187,3959,3960,98,98,0,0.10050288420550678,0.6931471805599454,0.6931471805599452
187,3960,3961,98,98,0,0.10048440174788845,0.6931471805599452,0.6931471805599452
187,3961,3962,98,98,0,0.10137064078328561,0.6931471805599452,0.6931471805599452
187,3962,3963,98,98,0,0.101402612365022,0.6931471805599452,0.6931471805599452
187,3963,3964,98,98,0,0.10078991873531926,0.6931471805599452,0.6931471805599453
187,3964,3965,98,98,0,0.10078225246801668,0.6931471805599452,0.6931471805599453
187,3965,3966,98,98,0,0.10053781693687244,0.6931471805599452,0.6931471805599453
187,3966,3967,98,98,0,0.10149625225030647,0.6931471805599454,0.6931471805599452
187,3967,3968,98,98,1,0.10045074587877915,0.6931471805599452,0.6931471805599452
187,3968,3969,98,98,0,0.10141555539199285,0.6931471805599452,0.6931471805599452
187,3969,3970,98,98,0,0.10137310913022683,0.6931471805599452,0.6931471805599452
187,3970,3971,98,98,0,0.10055726751381037,0.6931471805599452,0.6931471805599453
187,3971,3972,98,98,0,0.10165839718312633,0.6931471805599452,0.6931471805599453
187,3972,3973,98,98,0,0.10234433306115014,0.6931471805599452,0.6931471805599453
187,3973,3974,98,98,0,0.10127916407524323,0.6931471805599452,0.6931471805599452
187,3974,3975,98,98,0,0.10162394197315586,0.6931471805599454,0.6931471805599452
187,3975,3976,71,71,1,0.10327843713088775,0.6931471805599452,0.6931471805599452
187,3976,3977,98,98,0,0.1009037826134234,0.6931471805599452,0.6931471805599452
187,3977,3978,98,98,0,0.10174316585976251,0.6931471805599452,0.6931471805599453
187,3978,3979,98,98,0,0.10112193705780166,0.6931471805599452,0.6931471805599453
187,3979,3980,16,16,1,0.10626101912930608,0.6931471805599452,0.6931471805599453
187,3980,3981,98,98,0,0.10061201810532687,0.6931471805599452,0.6931471805599452
187,3981,3982,98,98,0,0.10070169952755072,0.6931471805599452,0.6931471805599452
187,3982,3983,39,39,1,0.10104288619298202,0.6931471805599452,0.6931471805599452
187,3983,3984,87,87,1,0.10162509232759476,0.6931471805599454,0.6931471805599452
187,3984,3985,98,98,0,0.10123912457908903,0.6931471805599452,0.6931471805599452
187,3985,3986,98,98,0,0.1004376557408547,0.6931471805599452,0.6931471805599453
187,3986,3987,98,98,0,0.10147290669229565,0.6931471805599452,0.6931471805599453
187,3987,3988,98,98,0,0.10265279158341642,0.6931471805599452,0.6931471805599452
187,3988,3989,98,98,0,0.101390468830965,0.6931471805599452,0.6931471805599452
187,3989,3990,98,98,0,0.10086818617217395,0.6931471805599452,0.6931471805599452
187,3990,3991,98,98,0,0.100806860291228,0.6931471805599452,0.6931471805599452
187,3991,3992,98,98,0,0.10202661833288718,0.6931471805599452,0.6931471805599452
187,3992,3993,98,98,0,0.10052863204357576,0.6931471805599452,0.6931471805599453
187,3993,3994,98,98,0,0.10070684415345289,0.6931471805599454,0.6931471805599453
187,3994,3995,98,98,0,0.10082465417835178,0.6931471805599454,0.6931471805599453
187,3995,3996,98,98,0,0.10043253825635326,0.6931471805599454,0.6931471805599452
187,3996,3997,98,98,0,0.10066013159800549,0.6931471805599452,0.6931471805599452
187,3997,3998,98,98,0,0.1003106626472911,0.6931471805599452,0.6931471805599452
187,3998,3999,98,98,0,0.101823377213916,0.6931471805599452,0.6931471805599452
187,3999,4000,98,98,0,0.10178438612088865,0.6931471805599452,0.6931471805599452
187,4000,4001,98,98,0,0.10188155636495473,0.6931471805599454,0.6931471805599453
187,4001,4002,98,98,0,0.10141265513945599,0.6931471805599454,0.6931471805599453
187,4002,4003,98,98,0,0.10158049870206386,0.6931471805599452,0.6931471805599452
187,4003,4004,98,98,0,0.10038828043913355,0.6931471805599454,0.6931471805599452
187,4004,4005,98,98,0,0.10075074799206792,0.6931471805599452,0.6931471805599452
187,4005,4006,98,98,0,0.10089158890198688,0.6931471805599454,0.6931471805599452
187,4006,4007,98,98,0,0.10214264059857446,0.6931471805599452,0.6931471805599452
187,4007,4008,98,98,0,0.10123911515182378,0.6931471805599454,0.6931471805599453
187,4008,4009,98,98,0,0.10180969361443909,0.6931471805599454,0.6931471805599453
187,4009,4010,98,98,0,0.10041972553851652,0.6931471805599452,0.6931471805599453
187,4010,4011,98,98,0,0.10082259523321171,0.6931471805599452,0.6931471805599452
187,4011,4012,98,98,0,0.10231364693264572,0.6931471805599452,0.6931471805599452
187,4012,4013,98,98,0,0.10144049430988272,0.6931471805599454,0.6931471805599452
187,4013,4014,98,98,0,0.10128495796602599,0.6931471805599454,0.6931471805599452
187,4014,4015,98,98,0,0.10026910072382615,0.6931471805599452,0.6931471805599453
187,4015,4016,98,98,0,0.1004353119250463,0.6931471805599452,0.6931471805599453
187,4016,4017,98,98,0,0.10119395870335247,0.6931471805599452,0.6931471805599453
187,4017,4018,98,98,0,0.10026753039992585,0.6931471805599452,0.6931471805599452
187,4018,4019,98,98,0,0.10032334923744202,0.6931471805599452,0.6931471805599452
187,4019,4020,98,98,0,0.10119022976379005,0.6931471805599452,0.6931471805599452
187,4020,4021,98,98,0,0.1015161039421753,0.6931471805599452,0.6931471805599452
187,4021,4022,98,98,0,0.10044069975918653,0.6931471805599452,0.6931471805599452
187,4022,4023,83,83,1,0.1012142983725272,0.6931471805599454,0.6931471805599453
187,4023,4024,98,98,0,0.10088537329313707,0.6931471805599454,0.6931471805599453
187,4024,4025,89,89,1,0.10120349561565378,0.6931471805599452,0.6931471805599452
187,4025,4026,98,98,0,0.10018335754165844,0.6931471805599452,0.6931471805599452
187,4026,4027,98,98,0,0.10166599092130758,0.6931471805599454,0.6931471805599452
187,4027,4028,98,98,0,0.1007164143482033,0.6931471805599452,0.6931471805599452
187,4028,4029,98,98,0,0.1003349035674212,0.6931471805599454,0.6931471805599452
187,4029,4030,74,74,1,0.1010304107456594,0.6931471805599452,0.6931471805599453
187,4030,4031,98,98,0,0.10061242340170608,0.6931471805599452,0.6931471805599453
187,4031,4032,98,98,0,0.10125866783212642,0.6931471805599452,0.6931471805599453
187,4032,4033,98,98,0,0.10084353014826775,0.6931471805599454,0.6931471805599452
187,4033,4034,98,98,0,0.10167413030047806,0.6931471805599452,0.6931471805599452
187,4034,4035,98,98,0,0.10290671869808314,0.6931471805599452,0.6931471805599452
187,4035,4036,98,98,0,0.1010180185643994,0.6931471805599452,0.6931471805599452
187,4036,4037,98,98,0,0.10064673575819755,0.6931471805599452,0.6931471805599453
187,4037,4038,98,98,0,0.10114253198309821,0.6931471805599452,0.6931471805599453
187,4038,4039,49,49,1,0.10130106931438251,0.6931471805599452,0.6931471805599453
187,4039,4040,43,43,1,0.1012168044960776,0.6931471805599452,0.6931471805599452
187,4040,4041,98,98,0,0.10074641874858312,0.6931471805599452,0.6931471805599452
187,4041,4042,98,98,0,0.10120016632943737,0.6931471805599452,0.6931471805599452
187,4042,4043,98,98,0,0.10176066164763606,0.6931471805599452,0.6931471805599452
187,4043,4044,57,57,1,0.1015696134745029,0.6931471805599452,0.6931471805599452
187,4044,4045,98,98,0,0.10224981324709191,0.6931471805599454,0.6931471805599453
187,4045,4046,98,98,0,0.10164472818070529,0.6931471805599454,0.6931471805599453
187,4046,4047,98,98,0,0.10169537502283953,0.6931471805599452,0.6931471805599452
187,4047,4048,98,98,0,0.10144725244264213,0.6931471805599454,0.6931471805599452
187,4048,4049,94,94,1,0.10135225190761242,0.6931471805599452,0.6931471805599452
187,4049,4050,98,98,0,0.10192542393900911,0.6931471805599452,0.6931471805599452
187,4050,4051,98,98,0,0.10042994180504157,0.6931471805599452,0.6931471805599452
187,4051,4052,98,98,0,0.10137921533718401,0.6931471805599454,0.6931471805599453
187,4052,4053,98,98,0,0.10156648355175038,0.6931471805599454,0.6931471805599453
187,4053,4054,94,94,1,0.10092094611931354,0.6931471805599452,0.6931471805599453
187,4054,4055,98,98,0,0.10043485941631454,0.6931471805599452,0.6931471805599452
187,4055,4056,98,98,0,0.10069043926742612,0.6931471805599452,0.6931471805599452
187,4056,4057,98,98,0,0.10098706664783615,0.6931471805599452,0.6931471805599452
187,4057,4058,98,98,0,0.10146432909734394,0.6931471805599452,0.6931471805599452
187,4058,4059,98,98,0,0.10102179616081472,0.6931471805599454,0.6931471805599452
187,4059,4060,98,98,0,0.101426328931536,0.6931471805599452,0.6931471805599453
187,4060,4061,98,98,0,0.10177272717867579,0.6931471805599454,0.6931471805599453
187,4061,4062,98,98,0,0.1003415750301614,0.6931471805599452,0.6931471805599452
187,4062,4063,98,98,0,0.10107342153787613,0.6931471805599452,0.6931471805599452
187,4063,4064,98,98,0,0.10044461967689651,0.6931471805599452,0.6931471805599452
187,4064,4065,98,98,0,0.10072794374154538,0.6931471805599452,0.6931471805599452
187,4065,4066,98,98,0,0.10310994293920848,0.6931471805599454,0.6931471805599452
187,4066,4067,98,98,0,0.10120139347047222,0.6931471805599452,0.6931471805599453
187,4067,4068,98,98,0,0.10023511505248595,0.6931471805599452,0.6931471805599453
187,4068,4069,61,61,1,0.10110675482476345,0.6931471805599452,0.6931471805599452
187,4069,4070,42,42,1,0.10299669738326754,0.6931471805599452,0.6931471805599452
187,4070,4071,71,71,1,0.10225747095447191,0.6931471805599454,0.6931471805599452
187,4071,4072,98,98,0,0.10202985112460292,0.6931471805599452,0.6931471805599452
187,4072,4073,98,98,0,0.10069533133385133,0.6931471805599452,0.6931471805599452
187,4073,4074,98,98,0,0.10064974085104708,0.6931471805599452,0.6931471805599453
187,4074,4075,98,98,0,0.10115272452940746,0.6931471805599454,0.6931471805599453
187,4075,4076,98,98,0,0.10136986265377122,0.6931471805599452,0.6931471805599453
187,4076,4077,98,98,0,0.10048201201217515,0.6931471805599452,0.6931471805599452
187,4077,4078,98,98,0,0.10065293160020089,0.6931471805599452,0.6931471805599452
187,4078,4079,98,98,0,0.10078094291443727,0.6931471805599452,0.6931471805599452
187,4079,4080,98,98,0,0.10179455585929813,0.6931471805599454,0.6931471805599452
187,4080,4081,98,98,0,0.10086165208901678,0.6931471805599454,0.6931471805599453
187,4081,4082,98,98,0,0.10026944269027029,0.6931471805599452,0.6931471805599453
187,4082,4083,64,64,1,0.10088783991523087,0.6931471805599454,0.6931471805599453
187,4083,4084,82,82,1,0.1015399153821352,0.6931471805599452,0.6931471805599452
187,4084,4085,98,98,0,0.10180779789783517,0.6931471805599454,0.6931471805599452
187,4085,4086,98,98,0,0.10120599116293752,0.6931471805599452,0.6931471805599452
187,4086,4087,98,98,0,0.10039620694457269,0.6931471805599454,0.6931471805599452
187,4087,4088,98,98,0,0.10072117945065304,0.6931471805599454,0.6931471805599453
187,4088,4089,98,98,0,0.10056578527603831,0.6931471805599452,0.6931471805599453
187,4089,4090,98,98,0,0.10310034697153131,0.6931471805599452,0.6931471805599453
187,4090,4091,98,98,0,0.10066831598476488,0.6931471805599452,0.6931471805599452
187,4091,4092,98,98,0,0.10053041683776039,0.6931471805599452,0.6931471805599452
187,4092,4093,98,98,0,0.10091565868684224,0.6931471805599452,0.6931471805599452
187,4093,4094,98,98,0,0.10091393228088107,0.6931471805599454,0.6931471805599452
187,4094,4095,98,98,0,0.10077164861924794,0.6931471805599454,0.6931471805599452
187,4095,4096,98,98,0,0.10033879086983447,0.6931471805599452,0.6931471805599453
187,4096,4097,46,46,1,0.10017003086598023,0.6931471805599452,0.6931471805599453
187,4097,4098,98,98,0,0.10036186524191681,0.6931471805599452,0.6931471805599453
187,4098,4099,98,98,0,0.10040724239483172,0.6931471805599454,0.6931471805599452
187,4099,4100,98,98,0,0.1005275577914958,0.6931471805599452,0.6931471805599452
187,4100,4101,98,98,0,0.10083051383191226,0.6931471805599452,0.6931471805599452
187,4101,4102,98,98,0,0.10083408243193918,0.6931471805599452,0.6931471805599452
187,4102,4103,98,98,0,0.10093128742003928,0.6931471805599452,0.6931471805599453
187,4103,4104,98,98,0,0.1009348527509339,0.6931471805599452,0.6931471805599453
187,4104,4105,98,98,0,0.1020249704621276,0.6931471805599454,0.6931471805599453
187,4105,4106,98,98,0,0.10049332663112757,0.6931471805599454,0.6931471805599452
187,4106,4107,98,98,0,0.10184849555395087,0.6931471805599454,0.6931471805599452
187,4107,4108,98,98,0,0.10061595033930272,0.6931471805599452,0.6931471805599452
187,4108,4109,98,98,0,0.1018067650801065,0.6931471805599452,0.6931471805599452
187,4109,4110,98,98,0,0.10083828562376451,0.6931471805599452,0.6931471805599452
187,4110,4111,98,98,0,0.10034975820049948,0.6931471805599452,0.6931471805599453
187,4111,4112,98,98,0,0.10210617920573876,0.6931471805599454,0.6931471805599453
187,4112,4113,98,98,1,0.10037219798078342,0.6931471805599454,0.6931471805599453
187,4113,4114,98,98,0,0.10035229405882407,0.6931471805599452,0.6931471805599452
187,4114,4115,98,98,0,0.10049173099045851,0.6931471805599452,0.6931471805599452
187,4115,4116,98,98,0,0.10153127925432458,0.6931471805599452,0.6931471805599452
187,4116,4117,98,98,0,0.10123460625811499,0.6931471805599452,0.6931471805599452
187,4117,4118,98,98,0,0.10058284900626357,0.6931471805599454,0.6931471805599453
187,4118,4119,98,98,0,0.10167610287970426,0.6931471805599454,0.6931471805599453
187,4119,4120,98,98,0,0.10120518513175907,0.6931471805599452,0.6931471805599453
187,4120,4121,98,98,0,0.1018707523388522,0.6931471805599452,0.6931471805599452
187,4121,4122,98,98,0,0.10195191980016474,0.6931471805599454,0.6931471805599452
187,4122,4123,98,98,0,0.10170361680948005,0.6931471805599454,0.6931471805599452
187,4123,4124,98,98,0,0.1013395144623153,0.6931471805599454,0.6931471805599452
187,4124,4125,98,98,0,0.10243983650389983,0.6931471805599452,0.6931471805599453
187,4125,4126,98,98,0,0.10051441321871718,0.6931471805599454,0.6931471805599453
187,4126,4127,98,98,0,0.10071910894951042,0.6931471805599452,0.6931471805599453
187,4127,4128,98,98,0,0.10185550176063363,0.6931471805599452,0.6931471805599453
187,4128,4129,82,82,1,0.10276692923976154,0.6931471805599452,0.6931471805599452
187,4129,4130,98,98,0,0.10047596160854612,0.6931471805599454,0.6931471805599452
187,4130,4131,98,98,0,0.1003087448070244,0.6931471805599452,0.6931471805599452
187,4131,4132,98,98,0,0.10048224077541001,0.6931471805599452,0.6931471805599452
187,4132,4133,98,98,0,0.10052625135499604,0.6931471805599452,0.6931471805599453
187,4133,4134,98,98,0,0.10170627613456881,0.6931471805599454,0.6931471805599453
187,4134,4135,98,98,0,0.1025095622302318,0.6931471805599452,0.6931471805599453
187,4135,4136,98,98,0,0.10136723457550516,0.6931471805599452,0.6931471805599452
187,4136,4137,62,62,1,0.10318052864843799,0.6931471805599454,0.6931471805599452
187,4137,4138,98,98,0,0.10134110379279876,0.6931471805599452,0.6931471805599452
187,4138,4139,98,98,0,0.10177687973696359,0.6931471805599454,0.6931471805599452
187,4139,4140,98,98,0,0.10108633468649825,0.6931471805599452,0.6931471805599453
187,4140,4141,73,73,1,0.1015624735657483,0.6931471805599454,0.6931471805599453
187,4141,4142,98,98,0,0.10043465232058447,0.6931471805599452,0.6931471805599453
187,4142,4143,98,98,0,0.10198466563407256,0.6931471805599452,0.6931471805599452
187,4143,4144,98,98,0,0.10040500919733729,0.6931471805599452,0.6931471805599452
187,4144,4145,98,98,0,0.1012196560599366,0.6931471805599452,0.6931471805599452
187,4145,4146,98,98,0,0.1006094820949496,0.6931471805599454,0.6931471805599452
187,4146,4147,98,98,0,0.10061481085662939,0.6931471805599452,0.6931471805599453
187,4147,4148,98,98,0,0.10077265543597085,0.6931471805599454,0.6931471805599453
187,4148,4149,98,98,0,0.10132698311793562,0.6931471805599454,0.6931471805599453
187,4149,4150,98,98,0,0.10056489014199801,0.6931471805599454,0.6931471805599453
187,4150,4151,98,98,0,0.10132174885698728,0.6931471805599452,0.6931471805599452
187,4151,4152,98,98,0,0.10024879994441052,0.6931471805599454,0.6931471805599452
187,4152,4153,98,98,0,0.1011847260655189,0.6931471805599454,0.6931471805599452
187,4153,4154,98,98,0,0.10052109205601167,0.6931471805599452,0.6931471805599452
187,4154,4155,82,82,1,0.10254525256956495,0.6931471805599452,0.6931471805599453
187,4155,4156,98,98,0,0.10212626292997477,0.6931471805599452,0.6931471805599453
187,4156,4157,98,98,0,0.10210749917492574,0.6931471805599454,0.6931471805599453
187,4157,4158,98,98,0,0.10081342600133954,0.6931471805599454,0.6931471805599452
187,4158,4159,98,98,0,0.10199629629448968,0.6931471805599452,0.6931471805599452
187,4159,4160,98,98,0,0.10047148913145065,0.6931471805599454,0.6931471805599452
187,4160,4161,98,98,0,0.10030619693653924,0.6931471805599454,0.6931471805599452
187,4161,4162,98,98,0,0.10103941161413582,0.6931471805599452,0.6931471805599453
187,4162,4163,98,98,0,0.10097326581575433,0.6931471805599452,0.6931471805599453
187,4163,4164,98,98,0,0.10180499115768744,0.6931471805599452,0.6931471805599453
187,4164,4165,98,98,0,0.10053970398647445,0.6931471805599452,0.6931471805599453
187,4165,4166,98,98,0,0.10072472509072751,0.6931471805599452,0.6931471805599452
187,4166,4167,98,98,0,0.10113547985651056,0.6931471805599454,0.6931471805599452
187,4167,4168,47,47,1,0.10186927337595757,0.6931471805599452,0.6931471805599452
187,4168,4169,98,98,0,0.10116869477289063,0.6931471805599452,0.6931471805599453
187,4169,4170,55,55,1,0.10161210501735861,0.6931471805599452,0.6931471805599453
187,4170,4171,98,98,0,0.10058836775774858,0.6931471805599454,0.6931471805599453
187,4171,4172,83,83,1,0.10041268744382513,0.6931471805599452,0.6931471805599453
187,4172,4173,98,98,0,0.10043948903983953,0.6931471805599452,0.6931471805599452
187,4173,4174,98,98,0,0.1010057873719809,0.6931471805599452,0.6931471805599452
187,4174,4175,98,98,0,0.10157275344340169,0.6931471805599452,0.6931471805599452
187,4175,4176,98,98,0,0.10080377978025651,0.6931471805599452,0.6931471805599452
187,4176,4177,53,53,1,0.10350849113936694,0.6931471805599454,0.6931471805599453
187,4177,4178,98,98,0,0.1003912624960043,0.6931471805599452,0.6931471805599453
187,4178,4179,98,98,0,0.10064149153779964,0.6931471805599452,0.6931471805599453
187,4179,4180,98,98,0,0.10140933408116808,0.6931471805599454,0.6931471805599452
187,4180,4181,98,98,0,0.1012722728203754,0.6931471805599452,0.6931471805599452
187,4181,4182,98,98,0,0.10257417366516833,0.6931471805599452,0.6931471805599452
187,4182,4183,98,98,0,0.10022262734722118,0.6931471805599452,0.6931471805599452
187,4183,4184,98,98,0,0.10095616483262607,0.6931471805599452,0.6931471805599453
187,4184,4185,98,98,0,0.10159309025929898,0.6931471805599452,0.6931471805599453
187,4185,4186,98,98,0,0.10091113679263057,0.6931471805599452,0.6931471805599453
187,4186,4187,98,98,0,0.1004882666225336,0.6931471805599452,0.6931471805599453
187,4187,4188,98,98,0,0.1006091754047238,0.6931471805599452,0.6931471805599452
187,4188,4189,98,98,0,0.10096165150099871,0.6931471805599452,0.6931471805599452
187,4189,4190,48,48,1,0.1010954409527282,0.6931471805599452,0.6931471805599452
187,4190,4191,98,98,0,0.10101144114623264,0.6931471805599454,0.6931471805599452
187,4191,4192,98,98,0,0.10036562436393329,0.6931471805599452,0.6931471805599453
187,4192,4193,80,80,1,0.10057309903204441,0.6931471805599452,0.6931471805599453
187,4193,4194,98,98,0,0.10029179899364102,0.6931471805599452,0.6931471805599453
187,4194,4195,65,65,1,0.10298166871070862,0.6931471805599452,0.6931471805599452
187,4195,4196,98,98,0,0.10141997031715451,0.6931471805599452,0.6931471805599452
187,4196,4197,73,73,1,0.10097262589898828,0.6931471805599452,0.6931471805599452
187,4197,4198,98,98,0,0.10075716446248853,0.6931471805599452,0.6931471805599452
187,4198,4199,98,98,0,0.10170395238971223,0.6931471805599452,0.6931471805599453
187,4199,4200,98,98,0,0.10097677732000546,0.6931471805599452,0.6931471805599453
187,4200,4201,98,98,0,0.1005409952177077,0.6931471805599454,0.6931471805599453
187,4201,4202,98,98,0,0.10145850449192281,0.6931471805599454,0.6931471805599452
187,4202,4203,98,98,0,0.10071067101493174,0.6931471805599454,0.6931471805599452
187,4203,4204,72,72,1,0.10048243217170238,0.6931471805599452,0.6931471805599452
187,4204,4205,98,98,0,0.10123071523041141,0.6931471805599452,0.6931471805599452
187,4205,4206,56,56,1,0.10423340954418693,0.6931471805599452,0.6931471805599453
187,4206,4207,98,98,0,0.10070235145335295,0.6931471805599454,0.6931471805599453
187,4207,4208,98,98,0,0.10079724797788932,0.6931471805599454,0.6931471805599453
187,4208,4209,98,98,0,0.10166594279663903,0.6931471805599454,0.6931471805599453
187,4209,4210,98,98,0,0.10085115923869367,0.6931471805599454,0.6931471805599452
187,4210,4211,98,98,0,0.1011896131902325,0.6931471805599452,0.6931471805599452
187,4211,4212,98,98,0,0.10100405146272814,0.6931471805599454,0.6931471805599452
187,4212,4213,91,91,1,0.10052691375488763,0.6931471805599452,0.6931471805599452
187,4213,4214,10,10,1,0.10144693106412887,0.6931471805599452,0.6931471805599453
187,4214,4215,56,56,1,0.10203213683728661,0.6931471805599452,0.6931471805599453
187,4215,4216,98,98,0,0.10055751452336506,0.6931471805599452,0.6931471805599453
187,4216,4217,98,98,0,0.10077785981857047,0.6931471805599452,0.6931471805599452
187,4217,4218,98,98,0,0.10175098866528394,0.6931471805599452,0.6931471805599452
187,4218,4219,60,60,1,0.10050326796869437,0.6931471805599452,0.6931471805599452
187,4219,4220,98,98,0,0.10054422131910616,0.6931471805599454,0.6931471805599452
187,4220,4221,98,98,0,0.10027788625079759,0.6931471805599454,0.6931471805599453
187,4221,4222,98,98,0,0.10127412854712836,0.6931471805599452,0.6931471805599453
187,4222,4223,98,98,0,0.10035966473574541,0.6931471805599452,0.6931471805599453
187,4223,4224,98,98,0,0.10028577998888735,0.6931471805599452,0.6931471805599452
187,4224,4225,98,98,0,0.10131419814971028,0.6931471805599452,0.6931471805599452
187,4225,4226,98,98,0,0.10334311296441118,0.6931471805599452,0.6931471805599452
187,4226,4227,98,98,0,0.10029677734995375,0.6931471805599452,0.6931471805599452
187,4227,4228,98,98,0,0.10060623554246766,0.6931471805599454,0.6931471805599452
187,4228,4229,98,98,0,0.10144330576366307,0.6931471805599452,0.6931471805599453
187,4229,4230,98,98,0,0.1003810274509751,0.6931471805599452,0.6931471805599453
187,4230,4231,98,98,0,0.10105443502567252,0.6931471805599452,0.6931471805599453
187,4231,4232,54,54,1,0.10257459914794674,0.6931471805599452,0.6931471805599452
187,4232,4233,90,90,1,0.10136532021893395,0.6931471805599452,0.6931471805599452
187,4233,4234,98,98,0,0.1006902525467532,0.6931471805599452,0.6931471805599452
187,4234,4235,98,98,0,0.10198699584116741,0.6931471805599454,0.6931471805599452
187,4235,4236,98,98,0,0.10028884635896099,0.6931471805599452,0.6931471805599453
187,4236,4237,98,98,0,0.10067815744147009,0.6931471805599452,0.6931471805599453
187,4237,4238,98,98,0,0.1017818326244549,0.6931471805599452,0.6931471805599453
187,4238,4239,98,98,0,0.10123127600064083,0.6931471805599454,0.6931471805599452
187,4239,4240,98,98,0,0.1009390554105749,0.6931471805599452,0.6931471805599452
187,4240,4241,98,98,0,0.10121459004526236,0.6931471805599454,0.6931471805599452
187,4241,4242,98,98,0,0.10092012492977843,0.6931471805599454,0.6931471805599452
187,4242,4243,98,98,0,0.10046088049302296,0.6931471805599452,0.6931471805599453
187,4243,4244,98,98,0,0.10051842239134166,0.6931471805599452,0.6931471805599453
187,4244,4245,57,57,1,0.10149096972063969,0.6931471805599454,0.6931471805599453
187,4245,4246,98,98,0,0.10115783266266998,0.6931471805599452,0.6931471805599452
187,4246,4247,98,98,0,0.10185742796379693,0.6931471805599454,0.6931471805599452
187,4247,4248,98,98,0,0.10083161058778665,0.6931471805599452,0.6931471805599452
187,4248,4249,98,98,0,0.10063783611570086,0.6931471805599452,0.6931471805599452
187,4249,4250,98,98,0,0.1016642148701512,0.6931471805599452,0.6931471805599452
187,4250,4251,46,46,1,0.10164517407184062,0.6931471805599452,0.6931471805599453
187,4251,4252,98,98,0,0.10231195184953358,0.6931471805599452,0.6931471805599453
187,4252,4253,98,98,0,0.10075831139574246,0.6931471805599454,0.6931471805599453
187,4253,4254,98,98,0,0.10151513293385506,0.6931471805599452,0.6931471805599452
187,4254,4255,98,98,0,0.10134558554510681,0.6931471805599452,0.6931471805599452
187,4255,4256,98,98,0,0.10025403564985917,0.6931471805599454,0.6931471805599452
187,4256,4257,98,98,0,0.10195878163284185,0.6931471805599454,0.6931471805599452
187,4257,4258,98,98,0,0.10042818993025897,0.6931471805599452,0.6931471805599452
187,4258,4259,66,66,1,0.10207705109408408,0.6931471805599454,0.6931471805599453
187,4259,4260,98,98,0,0.10044463701090034,0.6931471805599452,0.6931471805599453
187,4260,4261,86,86,1,0.10091690961704698,0.6931471805599452,0.6931471805599452
187,4261,4262,98,98,0,0.10083070138887483,0.6931471805599454,0.6931471805599452
187,4262,4263,98,98,0,0.10156364085114732,0.6931471805599454,0.6931471805599452
187,4263,4264,98,98,0,0.10141934203554173,0.6931471805599452,0.6931471805599452
187,4264,4265,52,52,1,0.10259404807136609,0.6931471805599452,0.6931471805599452
187,4265,4266,98,98,0,0.10071448920940866,0.6931471805599452,0.6931471805599453
187,4266,4267,94,94,1,0.1004481887088177,0.6931471805599452,0.6931471805599453
187,4267,4268,98,98,0,0.10140151021127798,0.6931471805599454,0.6931471805599453
187,4268,4269,98,98,0,0.10059096854256123,0.6931471805599452,0.6931471805599452
187,4269,4270,98,98,0,0.10081345846458357,0.6931471805599452,0.6931471805599452
187,4270,4271,98,98,0,0.10181169531175069,0.6931471805599452,0.6931471805599452
187,4271,4272,98,98,0,0.1008492578201148,0.6931471805599452,0.6931471805599452
187,4272,4273,43,43,1,0.10110519635815952,0.6931471805599452,0.6931471805599453
187,4273,4274,98,98,0,0.1014268230266717,0.6931471805599452,0.6931471805599453
187,4274,4275,98,98,0,0.1008262893527138,0.6931471805599452,0.6931471805599453
187,4275,4276,98,98,0,0.10133455351603274,0.6931471805599454,0.6931471805599452
187,4276,4277,98,98,0,0.10217832500229077,0.6931471805599452,0.6931471805599452
187,4277,4278,98,98,0,0.10232738572724011,0.6931471805599452,0.6931471805599452
187,4278,4279,98,98,0,0.10105144544219484,0.6931471805599452,0.6931471805599452
187,4279,4280,98,98,0,0.10327554463732,0.6931471805599452,0.6931471805599452
187,4280,4281,89,89,1,0.10281045977654082,0.6931471805599452,0.6931471805599453
187,4281,4282,98,98,0,0.10109344679786235,0.6931471805599454,0.6931471805599453
187,4282,4283,98,98,0,0.10212186792371225,0.6931471805599452,0.6931471805599452
187,4283,4284,98,98,0,0.10085060819983482,0.6931471805599452,0.6931471805599452
187,4284,4285,98,98,0,0.1007053766171543,0.6931471805599452,0.6931471805599452
187,4285,4286,98,98,0,0.10045444395165054,0.6931471805599452,0.6931471805599452
187,4286,4287,98,98,0,0.10090896183130693,0.6931471805599452,0.6931471805599452
187,4287,4288,98,98,0,0.10041274259589156,0.6931471805599452,0.6931471805599453
187,4288,4289,98,98,0,0.10047219549210704,0.6931471805599452,0.6931471805599453
187,4289,4290,98,98,0,0.10177432167894986,0.6931471805599452,0.6931471805599452
187,4290,4291,98,98,0,0.10090759206487208,0.6931471805599454,0.6931471805599452
187,4291,4292,98,98,0,0.10034717779074397,0.6931471805599452,0.6931471805599452
187,4292,4293,98,98,0,0.10138407752526049,0.6931471805599454,0.6931471805599452
187,4293,4294,98,98,0,0.1013334121327011,0.6931471805599452,0.6931471805599452
187,4294,4295,98,98,0,0.10102903987376058,0.6931471805599452,0.6931471805599453
187,4295,4296,98,98,0,0.10046693165691531,0.6931471805599452,0.6931471805599453
187,4296,4297,98,98,0,0.10102486389936233,0.6931471805599452,0.6931471805599452
187,4297,4298,98,98,0,0.10068080901187293,0.6931471805599452,0.6931471805599452
187,4298,4299,98,98,0,0.1012542509302801,0.6931471805599452,0.6931471805599452
187,4299,4300,98,98,0,0.10093347279697049,0.6931471805599452,0.6931471805599452
187,4300,4301,98,98,0,0.10130121931433678,0.6931471805599452,0.6931471805599452
187,4301,4302,98,98,0,0.10100401299340385,0.6931471805599454,0.6931471805599453
187,4302,4303,70,70,1,0.10137036527906146,0.6931471805599452,0.6931471805599453
187,4303,4304,13,13,1,0.10107077887425056,0.6931471805599454,0.6931471805599453
187,4304,4305,98,98,0,0.10191228043059913,0.6931471805599452,0.6931471805599452
187,4305,4306,57,57,1,0.10366706001131158,0.6931471805599452,0.6931471805599452
187,4306,4307,55,55,1,0.10068926987322895,0.6931471805599452,0.6931471805599452
187,4307,4308,98,98,0,0.10169983062208915,0.6931471805599452,0.6931471805599452
187,4308,4309,98,98,0,0.10124451028449195,0.6931471805599454,0.6931471805599452
187,4309,4310,98,98,0,0.10330163497401744,0.6931471805599454,0.6931471805599453
187,4310,4311,93,93,1,0.10020446953594044,0.6931471805599454,0.6931471805599453
187,4311,4312,98,98,0,0.10101409408510947,0.6931471805599452,0.6931471805599452
187,4312,4313,98,98,0,0.10177282076709125,0.6931471805599452,0.6931471805599452
187,4313,4314,45,45,1,0.1026622066895167,0.6931471805599452,0.6931471805599452
187,4314,4315,98,98,0,0.10095389833559795,0.6931471805599452,0.6931471805599452
187,4315,4316,98,98,0,0.1006135176487115,0.6931471805599452,0.6931471805599452
187,4316,4317,98,98,0,0.10169293168856174,0.6931471805599452,0.6931471805599453
187,4317,4318,98,98,0,0.1004982763255129,0.6931471805599452,0.6931471805599453
187,4318,4319,47,47,1,0.10200776064649542,0.6931471805599452,0.6931471805599452
187,4319,4320,9,9,1,0.11164030432701111,0.6931471805599452,0.6931471805599452
187,4320,4321,98,98,0,0.10120538568922452,0.6931471805599454,0.6931471805599452
187,4321,4322,98,98,0,0.10055125573155832,0.6931471805599452,0.6931471805599452
187,4322,4323,98,98,0,0.10053815190889398,0.6931471805599452,0.6931471805599452
187,4323,4324,98,98,0,0.10154105745712105,0.6931471805599454,0.6931471805599453
187,4324,4325,98,98,0,0.1004843610738005,0.6931471805599452,0.6931471805599453
187,4325,4326,85,85,1,0.10079778713338515,0.6931471805599452,0.6931471805599453
187,4326,4327,98,98,0,0.1005315826255448,0.6931471805599452,0.6931471805599452
187,4327,4328,98,98,0,0.10146666972004638,0.6931471805599452,0.6931471805599452
187,4328,4329,60,60,1,0.10020052380859852,0.6931471805599452,0.6931471805599452
187,4329,4330,98,98,0,0.1025111332383691,0.6931471805599454,0.6931471805599452
187,4330,4331,98,98,0,0.10114934424660643,0.6931471805599452,0.6931471805599452
187,4331,4332,98,98,0,0.10261068614769955,0.6931471805599452,0.6931471805599453
187,4332,4333,98,98,0,0.1024981495373103,0.6931471805599452,0.6931471805599453
187,4333,4334,98,98,0,0.10126046988428855,0.6931471805599452,0.6931471805599452
187,4334,4335,98,98,0,0.10086029357447916,0.6931471805599452,0.6931471805599452
187,4335,4336,98,98,0,0.10123290539700158,0.6931471805599452,0.6931471805599452
187,4336,4337,98,98,0,0.10060082087103202,0.6931471805599452,0.6931471805599452
187,4337,4338,98,98,0,0.10075772150742765,0.6931471805599452,0.6931471805599452
187,4338,4339,98,98,0,0.10070291032292406,0.6931471805599452,0.6931471805599453
187,4339,4340,45,45,1,0.10095481822888057,0.6931471805599452,0.6931471805599453
187,4340,4341,98,98,0,0.10166946281583941,0.6931471805599454,0.6931471805599452
187,4341,4342,98,98,0,0.10091990232467651,0.6931471805599454,0.6931471805599452
187,4342,4343,98,98,0,0.10062793414203489,0.6931471805599452,0.6931471805599452
187,4343,4344,98,98,0,0.10094263184131408,0.6931471805599454,0.6931471805599452
187,4344,4345,98,98,0,0.10053225804348381,0.6931471805599454,0.6931471805599452
187,4345,4346,72,72,1,0.10100655795799361,0.6931471805599452,0.6931471805599453
187,4346,4347,98,98,0,0.10086217925560717,0.6931471805599454,0.6931471805599453
187,4347,4348,98,98,0,0.10072214802613064,0.6931471805599454,0.6931471805599453
187,4348,4349,95,95,1,0.10070820521367224,0.6931471805599452,0.6931471805599452
187,4349,4350,98,98,0,0.10172276966729943,0.6931471805599454,0.6931471805599452
187,4350,4351,98,98,0,0.10178845915563252,0.6931471805599452,0.6931471805599452
187,4351,4352,98,98,0,0.10057275468597607,0.6931471805599452,0.6931471805599452
187,4352,4353,98,98,0,0.10054191125898945,0.6931471805599452,0.6931471805599452
187,4353,4354,98,98,0,0.10107374852713273,0.6931471805599452,0.6931471805599453
187,4354,4355,98,98,0,0.10273762199343467,0.6931471805599452,0.6931471805599453
187,4355,4356,98,98,0,0.10186802884753869,0.6931471805599452,0.6931471805599452
187,4356,4357,98,98,0,0.10119450844976367,0.6931471805599454,0.6931471805599452
187,4357,4358,98,98,0,0.10096716743950941,0.6931471805599454,0.6931471805599452
187,4358,4359,98,98,0,0.10093362599003072,0.6931471805599452,0.6931471805599452
187,4359,4360,98,98,0,0.10094904937610334,0.6931471805599452,0.6931471805599452
187,4360,4361,55,55,1,0.10209192687814886,0.6931471805599452,0.6931471805599453
187,4361,4362,98,98,0,0.10103667390589811,0.6931471805599454,0.6931471805599453
187,4362,4363,98,98,0,0.10052416580063957,0.6931471805599452,0.6931471805599452
187,4363,4364,98,98,0,0.10094850586385143,0.6931471805599452,0.6931471805599452
187,4364,4365,98,98,0,0.10129561579349089,0.6931471805599452,0.6931471805599452
187,4365,4366,98,98,0,0.10134058103573565,0.6931471805599454,0.6931471805599452
187,4366,4367,98,98,0,0.10116488296462565,0.6931471805599452,0.6931471805599452
187,4367,4368,98,98,0,0.10045488345987942,0.6931471805599454,0.6931471805599452
187,4368,4369,98,98,0,0.10180250661713737,0.6931471805599452,0.6931471805599453
187,4369,4370,53,53,1,0.1021780142525457,0.6931471805599452,0.6931471805599453
187,4370,4371,98,98,0,0.1011353026391292,0.6931471805599452,0.6931471805599452
187,4371,4372,98,98,0,0.10179018016372408,0.6931471805599454,0.6931471805599452
187,4372,4373,98,98,0,0.10228873279934027,0.6931471805599452,0.6931471805599452
187,4373,4374,43,43,1,0.10089883433524953,0.6931471805599452,0.6931471805599452
187,4374,4375,98,98,0,0.10098581951187581,0.6931471805599452,0.6931471805599452
187,4375,4376,98,98,0,0.10298135967887177,0.6931471805599452,0.6931471805599453
187,4376,4377,98,98,0,0.10053646237570413,0.6931471805599452,0.6931471805599453
187,4377,4378,98,98,0,0.10175381555240981,0.6931471805599452,0.6931471805599452
187,4378,4379,98,98,0,0.10078477821483904,0.6931471805599452,0.6931471805599452
187,4379,4380,98,98,0,0.10179341827728311,0.6931471805599452,0.6931471805599452
187,4380,4381,98,98,0,0.10070915299714828,0.6931471805599452,0.6931471805599452
187,4381,4382,98,98,0,0.10093362583797805,0.6931471805599452,0.6931471805599452
187,4382,4383,98,98,0,0.10123003327420779,0.6931471805599452,0.6931471805599453
187,4383,4384,98,98,0,0.10054311201888688,0.6931471805599454,0.6931471805599453
187,4384,4385,98,98,0,0.10059380067550407,0.6931471805599454,0.6931471805599452
187,4385,4386,98,98,0,0.10130598418870751,0.6931471805599452,0.6931471805599452
187,4386,4387,98,98,0,0.1007937698491982,0.6931471805599452,0.6931471805599452
187,4387,4388,98,98,0,0.10134441998540139,0.6931471805599452,0.6931471805599452
187,4388,4389,98,98,0,0.10051495216938915,0.6931471805599452,0.6931471805599452
187,4389,4390,98,98,0,0.10092550280446909,0.6931471805599452,0.6931471805599453
187,4390,4391,98,98,0,0.10193809076231353,0.6931471805599454,0.6931471805599453
187,4391,4392,98,98,0,0.10037819805498026,0.6931471805599452,0.6931471805599453
187,4392,4393,98,98,0,0.10075303129091555,0.6931471805599452,0.6931471805599452
187,4393,4394,98,98,0,0.1007489974857593,0.6931471805599452,0.6931471805599452
187,4394,4395,98,98,0,0.10035459993749249,0.6931471805599452,0.6931471805599452
187,4395,4396,98,98,0,0.10088466541195402,0.6931471805599452,0.6931471805599452
187,4396,4397,29,29,1,0.10018891918248143,0.6931471805599452,0.6931471805599452
187,4397,4398,98,98,0,0.10140678461412994,0.6931471805599452,0.6931471805599453
187,4398,4399,98,98,0,0.10043366451044472,0.6931471805599452,0.6931471805599453
187,4399,4400,98,98,0,0.10136336810430702,0.6931471805599454,0.6931471805599452
187,4400,4401,98,98,0,0.10093130019246316,0.6931471805599454,0.6931471805599452
187,4401,4402,79,79,1,0.10190414948553979,0.6931471805599454,0.6931471805599452
187,4402,4403,98,98,0,0.10087769942320123,0.6931471805599454,0.6931471805599452
187,4403,4404,98,98,0,0.10092074021088834,0.6931471805599452,0.6931471805599452
187,4404,4405,98,98,0,0.10112647605793816,0.6931471805599452,0.6931471805599453
187,4405,4406,98,98,0,0.10318939676698373,0.6931471805599452,0.6931471805599453
187,4406,4407,98,98,0,0.10065085950250528,0.6931471805599454,0.6931471805599452
187,4407,4408,57,57,1,0.10211887550458573,0.6931471805599452,0.6931471805599452
187,4408,4409,98,98,0,0.10040396733247504,0.6931471805599452,0.6931471805599452
187,4409,4410,98,98,0,0.10293560832434771,0.6931471805599452,0.6931471805599452
187,4410,4411,62,62,1,0.10288933243963026,0.6931471805599452,0.6931471805599452
187,4411,4412,98,98,0,0.10117633215018682,0.6931471805599452,0.6931471805599453
187,4412,4413,98,98,0,0.10166341590942168,0.6931471805599452,0.6931471805599453
187,4413,4414,98,98,0,0.10097052757533229,0.6931471805599454,0.6931471805599453
187,4414,4415,98,98,0,0.10139376860187978,0.6931471805599454,0.6931471805599452
187,4415,4416,98,98,0,0.10087096493463127,0.6931471805599454,0.6931471805599452
187,4416,4417,98,98,0,0.10084382360991166,0.6931471805599454,0.6931471805599452
187,4417,4418,98,98,0,0.10098336743456977,0.6931471805599454,0.6931471805599452
187,4418,4419,77,77,1,0.1008435022327807,0.6931471805599454,0.6931471805599453
187,4419,4420,98,98,0,0.10169050705676176,0.6931471805599454,0.6931471805599453
187,4420,4421,98,98,0,0.10025678932362674,0.6931471805599452,0.6931471805599453
187,4421,4422,98,98,0,0.10067974236242626,0.6931471805599452,0.6931471805599452
187,4422,4423,98,98,0,0.10173261097195196,0.6931471805599454,0.6931471805599452
187,4423,4424,98,98,0,0.10207176482190891,0.6931471805599454,0.6931471805599452
187,4424,4425,43,43,1,0.10072085174710252,0.6931471805599452,0.6931471805599452
187,4425,4426,98,98,0,0.1016834810072062,0.6931471805599454,0.6931471805599452
187,4426,4427,98,98,0,0.10069906323844073,0.6931471805599452,0.6931471805599453
187,4427,4428,49,49,1,0.10218079859504894,0.6931471805599452,0.6931471805599453
187,4428,4429,98,98,0,0.10058931687048503,0.6931471805599452,0.6931471805599453
187,4429,4430,98,98,0,0.1007235050201416,0.6931471805599452,0.6931471805599452
187,4430,4431,98,98,0,0.10097341391505027,0.6931471805599452,0.6931471805599452
187,4431,4432,98,98,0,0.1007878943061342,0.6931471805599452,0.6931471805599452
187,4432,4433,98,98,0,0.10028986009408017,0.6931471805599452,0.6931471805599452
187,4433,4434,98,98,0,0.10207979411494975,0.6931471805599454,0.6931471805599453
187,4434,4435,98,98,0,0.10035179365350276,0.6931471805599452,0.6931471805599453
187,4435,4436,98,98,0,0.10063815185306024,0.6931471805599452,0.6931471805599453
187,4436,4437,98,98,0,0.10133343919807551,0.6931471805599454,0.6931471805599452
187,4437,4438,98,98,0,0.10136764823478095,0.6931471805599452,0.6931471805599452
187,4438,4439,98,98,0,0.10073570192468409,0.6931471805599454,0.6931471805599452
187,4439,4440,98,98,0,0.10136054433426078,0.6931471805599452,0.6931471805599452
187,4440,4441,98,98,0,0.10069701980267252,0.6931471805599454,0.6931471805599453
187,4441,4442,98,98,0,0.10234223458231712,0.6931471805599452,0.6931471805599453
187,4442,4443,98,98,0,0.1033756887274129,0.6931471805599454,0.6931471805599453
187,4443,4444,98,98,0,0.10269375411527497,0.6931471805599452,0.6931471805599453
187,4444,4445,98,98,0,0.10321443854850165,0.6931471805599452,0.6931471805599452
187,4445,4446,98,98,0,0.1007422864132998,0.6931471805599452,0.6931471805599452
187,4446,4447,98,98,0,0.10161966115844492,0.6931471805599454,0.6931471805599452
187,4447,4448,98,98,0,0.10209041020395804,0.6931471805599454,0.6931471805599452
187,4448,4449,98,98,0,0.10055230998871278,0.6931471805599452,0.6931471805599453
187,4449,4450,98,98,0,0.10046994245173979,0.6931471805599454,0.6931471805599453
187,4450,4451,98,98,0,0.1013541330336308,0.6931471805599452,0.6931471805599453
187,4451,4452,40,40,1,0.10119915585964918,0.6931471805599452,0.6931471805599452
187,4452,4453,98,98,0,0.10063502192497253,0.6931471805599452,0.6931471805599452
187,4453,4454,98,98,0,0.10081665377531733,0.6931471805599452,0.6931471805599452
187,4454,4455,98,98,0,0.10082677706163756,0.6931471805599454,0.6931471805599452
187,4455,4456,98,98,0,0.10142807442010665,0.6931471805599454,0.6931471805599453
187,4456,4457,98,98,0,0.10049177508573143,0.6931471805599452,0.6931471805599453
187,4457,4458,98,98,0,0.10064404602257573,0.6931471805599452,0.6931471805599453
187,4458,4459,98,98,0,0.10049671094332423,0.6931471805599454,0.6931471805599452
187,4459,4460,98,98,0,0.10220386870965666,0.6931471805599452,0.6931471805599452
187,4460,4461,98,98,0,0.10132274731081359,0.6931471805599452,0.6931471805599452
187,4461,4462,98,98,0,0.10043308549389547,0.6931471805599452,0.6931471805599452
187,4462,4463,98,98,0,0.10164401338112597,0.6931471805599452,0.6931471805599452
187,4463,4464,98,98,0,0.1014125192803996,0.6931471805599454,0.6931471805599453
187,4464,4465,98,98,0,0.10035894856769212,0.6931471805599452,0.6931471805599453
187,4465,4466,98,98,0,0.10072743793835445,0.6931471805599454,0.6931471805599453
187,4466,4467,98,98,0,0.10195218969364556,0.6931471805599452,0.6931471805599452
187,4467,4468,98,98,0,0.10078428571625632,0.6931471805599454,0.6931471805599452
187,4468,4469,98,98,0,0.10188682392543676,0.6931471805599454,0.6931471805599452
187,4469,4470,98,98,0,0.1008918073256405,0.6931471805599452,0.6931471805599452
187,4470,4471,98,98,0,0.10048897708861196,0.6931471805599452,0.6931471805599453
187,4471,4472,98,98,0,0.10065211948691583,0.6931471805599452,0.6931471805599453
187,4472,4473,98,98,0,0.10071367549957061,0.6931471805599454,0.6931471805599453
187,4473,4474,76,76,1,0.10079615592564407,0.6931471805599452,0.6931471805599452
187,4474,4475,98,98,0,0.10098715552261897,0.6931471805599452,0.6931471805599452
187,4475,4476,98,98,0,0.10096685656783533,0.6931471805599454,0.6931471805599452
187,4476,4477,98,98,0,0.10086526531650096,0.6931471805599454,0.6931471805599452
187,4477,4478,97,97,1,0.10222476244587259,0.6931471805599454,0.6931471805599453
187,4478,4479,98,98,0,0.10039045159914056,0.6931471805599454,0.6931471805599453
187,4479,4480,98,98,0,0.10082441857274697,0.6931471805599454,0.6931471805599453
187,4480,4481,98,98,0,0.1010780154290248,0.6931471805599452,0.6931471805599453
187,4481,4482,98,98,0,0.10164658079037861,0.6931471805599454,0.6931471805599452
187,4482,4483,98,98,0,0.10073036221521241,0.6931471805599452,0.6931471805599452
187,4483,4484,98,98,0,0.1002899517818373,0.6931471805599452,0.6931471805599452
187,4484,4485,98,98,0,0.10143334471753665,0.6931471805599452,0.6931471805599453
187,4485,4486,98,98,0,0.10063582864038799,0.6931471805599454,0.6931471805599453
187,4486,4487,98,98,0,0.10063072681731107,0.6931471805599454,0.6931471805599453
187,4487,4488,98,98,0,0.10039234898832379,0.6931471805599452,0.6931471805599453
187,4488,4489,98,98,0,0.10153916348912279,0.6931471805599452,0.6931471805599452
187,4489,4490,98,98,0,0.10048376996906436,0.6931471805599452,0.6931471805599452
187,4490,4491,98,98,0,0.1007448106395955,0.6931471805599452,0.6931471805599452
187,4491,4492,98,98,0,0.10137743829768531,0.6931471805599452,0.6931471805599452
187,4492,4493,98,98,0,0.10021833908192966,0.6931471805599452,0.6931471805599453
187,4493,4494,98,98,0,0.10175964722827989,0.6931471805599452,0.6931471805599453
187,4494,4495,98,98,0,0.10143801311449128,0.6931471805599452,0.6931471805599453
187,4495,4496,98,98,0,0.10168585128017835,0.6931471805599452,0.6931471805599452
187,4496,4497,98,98,0,0.10092350194344715,0.6931471805599452,0.6931471805599452
187,4497,4498,98,98,0,0.1010269121247895,0.6931471805599452,0.6931471805599452
187,4498,4499,98,98,0,0.10079965710031744,0.6931471805599452,0.6931471805599452
187,4499,4500,98,98,0,0.10165588048343756,0.6931471805599452,0.6931471805599453
187,4500,4501,98,98,0,0.10106850156978685,0.6931471805599454,0.6931471805599453
187,4501,4502,98,98,0,0.10033961750414906,0.6931471805599452,0.6931471805599453
187,4502,4503,98,98,0,0.1013050976456428,0.6931471805599454,0.6931471805599453
187,4503,4504,98,98,0,0.10028449483976072,0.6931471805599452,0.6931471805599452
187,4504,4505,98,98,0,0.10164834163626846,0.6931471805599454,0.6931471805599452
187,4505,4506,86,86,1,0.10106643514577733,0.6931471805599452,0.6931471805599452
187,4506,4507,98,98,0,0.10232208638775106,0.6931471805599452,0.6931471805599453
187,4507,4508,98,98,0,0.10136420348164987,0.6931471805599452,0.6931471805599453
187,4508,4509,12,12,1,0.10129084934790929,0.6931471805599452,0.6931471805599453
187,4509,4510,98,98,0,0.1029664652079952,0.6931471805599452,0.6931471805599453
187,4510,4511,98,98,0,0.10069109058501768,0.6931471805599452,0.6931471805599452
187,4511,4512,98,98,0,0.10028447385649292,0.6931471805599452,0.6931471805599452
187,4512,4513,98,98,0,0.10087748898231254,0.6931471805599452,0.6931471805599452
187,4513,4514,98,98,0,0.10104613872815152,0.6931471805599454,0.6931471805599452
187,4514,4515,98,98,0,0.1005953449983986,0.6931471805599454,0.6931471805599453
187,4515,4516,98,98,0,0.10146720821456033,0.6931471805599452,0.6931471805599453
187,4516,4517,98,98,0,0.10063259554456691,0.6931471805599452,0.6931471805599453
187,4517,4518,68,68,1,0.10128772434066324,0.6931471805599452,0.6931471805599452
187,4518,4519,98,98,0,0.10113728434151532,0.6931471805599454,0.6931471805599452
187,4519,4520,98,98,0,0.10230832569757287,0.6931471805599452,0.6931471805599452
187,4520,4521,98,98,0,0.10251162566092549,0.6931471805599454,0.6931471805599452
187,4521,4522,98,98,0,0.10187222747778406,0.6931471805599454,0.6931471805599453
187,4522,4523,98,98,0,0.10042408260763908,0.6931471805599452,0.6931471805599453
187,4523,4524,98,98,0,0.10131918061144497,0.6931471805599452,0.6931471805599453
187,4524,4525,66,66,1,0.10214589287837346,0.6931471805599454,0.6931471805599453
187,4525,4526,98,98,0,0.1007492007041464,0.6931471805599452,0.6931471805599452
187,4526,4527,98,98,0,0.10039251617022923,0.6931471805599452,0.6931471805599452
187,4527,4528,39,39,1,0.10088746440716279,0.6931471805599452,0.6931471805599452
187,4528,4529,98,98,0,0.1004070053447266,0.6931471805599452,0.6931471805599452
187,4529,4530,98,98,0,0.100469742958643,0.6931471805599452,0.6931471805599453
187,4530,4531,98,98,0,0.10070241493534068,0.6931471805599454,0.6931471805599453
187,4531,4532,98,98,0,0.10202733024346586,0.6931471805599452,0.6931471805599453
187,4532,4533,98,98,0,0.10048320220441234,0.6931471805599454,0.6931471805599452
187,4533,4534,98,98,0,0.10042568083320345,0.6931471805599452,0.6931471805599452
187,4534,4535,98,98,0,0.1003148231123175,0.6931471805599452,0.6931471805599452
187,4535,4536,98,98,0,0.10041251322444604,0.6931471805599454,0.6931471805599452
187,4536,4537,98,98,0,0.10097661599212764,0.6931471805599454,0.6931471805599453
187,4537,4538,98,98,0,0.10171405035926372,0.6931471805599452,0.6931471805599453
187,4538,4539,98,98,0,0.10123806059056399,0.6931471805599452,0.6931471805599453
187,4539,4540,98,98,0,0.1003200253661798,0.6931471805599452,0.6931471805599453
187,4540,4541,10,10,1,0.1389416866004467,0.6931471805599452,0.6931471805599452
187,4541,4542,98,98,0,0.10203216757093157,0.6931471805599452,0.6931471805599452
187,4542,4543,98,98,0,0.10038718839689177,0.6931471805599454,0.6931471805599452
187,4543,4544,98,98,0,0.10235715718293677,0.6931471805599452,0.6931471805599452
187,4544,4545,98,98,0,0.10130592085877244,0.6931471805599452,0.6931471805599453
187,4545,4546,98,98,0,0.10082976162737729,0.6931471805599452,0.6931471805599453
187,4546,4547,98,98,0,0.10249288250901262,0.6931471805599452,0.6931471805599453
187,4547,4548,98,98,0,0.10187053475148823,0.6931471805599454,0.6931471805599452
187,4548,4549,98,98,0,0.10173135151972576,0.6931471805599454,0.6931471805599452
187,4549,4550,98,98,0,0.1013561589833425,0.6931471805599454,0.6931471805599452
187,4550,4551,98,98,0,0.10067336717430427,0.6931471805599452,0.6931471805599452
187,4551,4552,98,98,0,0.10107971849490185,0.6931471805599452,0.6931471805599453
187,4552,4553,98,98,0,0.10186718936477389,0.6931471805599452,0.6931471805599453
187,4553,4554,98,98,0,0.10048130511933444,0.6931471805599454,0.6931471805599453
187,4554,4555,98,98,0,0.10121485355253122,0.6931471805599454,0.6931471805599452
187,4555,4556,40,40,1,0.10047628339380026,0.6931471805599452,0.6931471805599452
187,4556,4557,98,98,0,0.10178761062573413,0.6931471805599452,0.6931471805599452
187,4557,4558,98,98,0,0.10200404474625782,0.6931471805599452,0.6931471805599452
187,4558,4559,67,67,1,0.10094278783940558,0.6931471805599452,0.6931471805599452
187,4559,4560,98,98,0,0.10020215041479286,0.6931471805599452,0.6931471805599453
187,4560,4561,98,98,0,0.10032705795399997,0.6931471805599452,0.6931471805599453
187,4561,4562,98,98,0,0.10050855827878932,0.6931471805599454,0.6931471805599453
187,4562,4563,98,98,0,0.10042925589546865,0.6931471805599454,0.6931471805599452
187,4563,4564,98,98,0,0.10040857703710089,0.6931471805599452,0.6931471805599452
187,4564,4565,98,98,0,0.10051580533689382,0.6931471805599454,0.6931471805599452
187,4565,4566,98,98,0,0.1005186466690229,0.6931471805599452,0.6931471805599452
187,4566,4567,98,98,0,0.10094343863275586,0.6931471805599452,0.6931471805599453
187,4567,4568,98,98,0,0.10178062760708284,0.6931471805599454,0.6931471805599453
187,4568,4569,98,98,0,0.10318956516531048,0.6931471805599454,0.6931471805599453
187,4569,4570,98,98,0,0.10048566066793033,0.6931471805599452,0.6931471805599452
187,4570,4571,98,98,0,0.10039404840493689,0.6931471805599454,0.6931471805599452
187,4571,4572,97,97,1,0.10108409576194803,0.6931471805599452,0.6931471805599452
187,4572,4573,13,13,1,0.1154046872487435,0.6931471805599452,0.6931471805599452
187,4573,4574,98,98,0,0.10188499169082058,0.6931471805599452,0.6931471805599453
187,4574,4575,98,98,0,0.1007485779724559,0.6931471805599452,0.6931471805599453
187,4575,4576,98,98,0,0.10056320015265018,0.6931471805599452,0.6931471805599453
187,4576,4577,98,98,0,0.10154619189549466,0.6931471805599452,0.6931471805599452
187,4577,4578,77,77,1,0.10091638400570138,0.6931471805599452,0.6931471805599452
187,4578,4579,98,98,0,0.1022577275122915,0.6931471805599454,0.6931471805599452
187,4579,4580,98,98,0,0.10049645868795258,0.6931471805599452,0.6931471805599452
187,4580,4581,71,71,1,0.1031861941159611,0.6931471805599452,0.6931471805599452
187,4581,4582,98,98,0,0.1004182894010933,0.6931471805599452,0.6931471805599453
187,4582,4583,98,98,0,0.10135086907111869,0.6931471805599454,0.6931471805599453
187,4583,4584,98,98,0,0.1017468052403051,0.6931471805599454,0.6931471805599453
187,4584,4585,98,98,0,0.10138127755145637,0.6931471805599452,0.6931471805599452
187,4585,4586,98,98,0,0.10109814248827038,0.6931471805599452,0.6931471805599452
187,4586,4587,98,98,0,0.10138203895517758,0.6931471805599452,0.6931471805599452
187,4587,4588,98,98,0,0.10057710650928166,0.6931471805599454,0.6931471805599452
187,4588,4589,98,98,0,0.10051921283712192,0.6931471805599452,0.6931471805599453
187,4589,4590,98,98,0,0.10221695861950213,0.6931471805599452,0.6931471805599453
187,4590,4591,98,98,0,0.10073069627491796,0.6931471805599452,0.6931471805599453
187,4591,4592,98,98,0,0.1023422895493556,0.6931471805599454,0.6931471805599452
187,4592,4593,98,98,0,0.10060257266978828,0.6931471805599454,0.6931471805599452
187,4593,4594,98,98,0,0.10103580553312691,0.6931471805599454,0.6931471805599452
187,4594,4595,98,98,0,0.10051266788219919,0.6931471805599452,0.6931471805599452
187,4595,4596,98,98,0,0.10048219804861108,0.6931471805599452,0.6931471805599452
187,4596,4597,98,98,0,0.10340549492714357,0.6931471805599452,0.6931471805599453
187,4597,4598,98,98,0,0.10132713418225853,0.6931471805599454,0.6931471805599453
187,4598,4599,11,11,1,0.101137098940936,0.6931471805599452,0.6931471805599453
187,4599,4600,98,98,0,0.10146662402822047,0.6931471805599452,0.6931471805599452
187,4600,4601,98,98,0,0.10043754839167303,0.6931471805599452,0.6931471805599452
187,4601,4602,98,98,0,0.10176631709446712,0.6931471805599454,0.6931471805599452
187,4602,4603,98,98,0,0.10086685822022204,0.6931471805599454,0.6931471805599452
187,4603,4604,98,98,0,0.10188352734762796,0.6931471805599452,0.6931471805599453
187,4604,4605,98,98,0,0.10063409630437287,0.6931471805599454,0.6931471805599453
187,4605,4606,98,98,0,0.100744222880018,0.6931471805599454,0.6931471805599453
187,4606,4607,98,98,0,0.10184503263052629,0.6931471805599452,0.6931471805599452
187,4607,4608,98,98,0,0.10237355841969957,0.6931471805599452,0.6931471805599452
187,4608,4609,98,98,0,0.10092032351055924,0.6931471805599452,0.6931471805599452
187,4609,4610,98,98,0,0.10072476105118285,0.6931471805599452,0.6931471805599452
187,4610,4611,98,98,0,0.10136764131638469,0.6931471805599452,0.6931471805599453
187,4611,4612,98,98,0,0.10150943331572475,0.6931471805599454,0.6931471805599453
187,4612,4613,98,98,0,0.10025708932353526,0.6931471805599454,0.6931471805599453
187,4613,4614,98,98,0,0.10212196478126001,0.6931471805599452,0.6931471805599453
187,4614,4615,98,98,0,0.10032721852161447,0.6931471805599452,0.6931471805599452
187,4615,4616,67,67,1,0.10045223794321516,0.6931471805599452,0.6931471805599452
187,4616,4617,98,98,0,0.10036701952316324,0.6931471805599452,0.6931471805599452
187,4617,4618,43,43,1,0.10291916929012121,0.6931471805599452,0.6931471805599453
187,4618,4619,98,98,0,0.10155054440303725,0.6931471805599454,0.6931471805599453
187,4619,4620,98,98,0,0.10191565645592553,0.6931471805599452,0.6931471805599453
187,4620,4621,56,56,1,0.1009007700319801,0.6931471805599452,0.6931471805599453
187,4621,4622,98,98,0,0.10146316034453255,0.6931471805599454,0.6931471805599452
187,4622,4623,98,98,0,0.1016686811130874,0.6931471805599454,0.6931471805599452
187,4623,4624,98,98,0,0.10133869862373994,0.6931471805599454,0.6931471805599452
187,4624,4625,98,98,0,0.10045890548095411,0.6931471805599452,0.6931471805599452
187,4625,4626,98,98,0,0.1002955478521026,0.6931471805599454,0.6931471805599453
187,4626,4627,98,98,0,0.10124384148084388,0.6931471805599452,0.6931471805599453
187,4627,4628,98,98,0,0.10148368570573475,0.6931471805599452,0.6931471805599453
187,4628,4629,98,98,0,0.10067279598846728,0.6931471805599452,0.6931471805599452
187,4629,4630,98,98,0,0.10040318988719765,0.6931471805599452,0.6931471805599452
187,4630,4631,98,98,0,0.1017242005589057,0.6931471805599454,0.6931471805599452
187,4631,4632,98,98,0,0.100237353419771,0.6931471805599452,0.6931471805599452
187,4632,4633,98,98,0,0.10190935980300514,0.6931471805599454,0.6931471805599453
187,4633,4634,98,98,0,0.10179917978084817,0.6931471805599452,0.6931471805599453
187,4634,4635,98,98,0,0.10048446659835017,0.6931471805599452,0.6931471805599453
187,4635,4636,98,98,0,0.10212056414813411,0.6931471805599452,0.6931471805599453
187,4636,4637,98,98,0,0.10103668333316336,0.6931471805599452,0.6931471805599452
187,4637,4638,42,42,1,0.10081523266576585,0.6931471805599452,0.6931471805599452
187,4638,4639,98,98,0,0.10228647610970906,0.6931471805599452,0.6931471805599452
187,4639,4640,98,98,0,0.10053407416051748,0.6931471805599452,0.6931471805599452
187,4640,4641,77,77,1,0.10141987276154679,0.6931471805599452,0.6931471805599453
187,4641,4642,98,98,0,0.10138400910156113,0.6931471805599452,0.6931471805599453
187,4642,4643,98,98,0,0.10089462166842149,0.6931471805599452,0.6931471805599453
187,4643,4644,98,98,0,0.10059123448267275,0.6931471805599452,0.6931471805599452
187,4644,4645,98,98,0,0.1014916180652015,0.6931471805599452,0.6931471805599452
187,4645,4646,98,98,0,0.10199439639643747,0.6931471805599452,0.6931471805599452
187,4646,4647,98,98,0,0.1009199004240182,0.6931471805599452,0.6931471805599452
187,4647,4648,44,44,1,0.10281730578704314,0.6931471805599452,0.6931471805599453
187,4648,4649,98,98,0,0.10116008950435386,0.6931471805599454,0.6931471805599453
187,4649,4650,98,98,0,0.10065911254104302,0.6931471805599452,0.6931471805599453
187,4650,4651,98,98,0,0.10082442168982661,0.6931471805599454,0.6931471805599452
187,4651,4652,98,98,0,0.10077948024382397,0.6931471805599454,0.6931471805599452
187,4652,4653,98,98,0,0.10057991507406137,0.6931471805599452,0.6931471805599452
187,4653,4654,98,98,0,0.10162462963133442,0.6931471805599454,0.6931471805599452
187,4654,4655,98,98,0,0.10038548335433006,0.6931471805599452,0.6931471805599452
187,4655,4656,11,11,1,0.10146723890846426,0.6931471805599452,0.6931471805599453
187,4656,4657,98,98,0,0.10075785964727402,0.6931471805599452,0.6931471805599453
187,4657,4658,98,98,0,0.10053893201509301,0.6931471805599452,0.6931471805599452
187,4658,4659,98,98,0,0.10066050245445601,0.6931471805599452,0.6931471805599452
187,4659,4660,98,98,0,0.10063543391166901,0.6931471805599454,0.6931471805599452
187,4660,4661,98,98,0,0.10076877847313881,0.6931471805599454,0.6931471805599452
187,4661,4662,98,98,0,0.10111674917291621,0.6931471805599452,0.6931471805599452
187,4662,4663,98,98,0,0.10059302558704299,0.6931471805599454,0.6931471805599453
187,4663,4664,98,98,0,0.10231776877629514,0.6931471805599452,0.6931471805599453
187,4664,4665,98,98,0,0.10095877983436292,0.6931471805599452,0.6931471805599453
187,4665,4666,98,98,0,0.10027812801453533,0.6931471805599452,0.6931471805599452
187,4666,4667,98,98,0,0.10062357988588665,0.6931471805599452,0.6931471805599452
187,4667,4668,98,98,0,0.102227014394439,0.6931471805599454,0.6931471805599452
187,4668,4669,98,98,0,0.10052468559267569,0.6931471805599452,0.6931471805599452
187,4669,4670,41,41,1,0.10043095979021817,0.6931471805599452,0.6931471805599453
187,4670,4671,75,75,1,0.10220233460267385,0.6931471805599454,0.6931471805599453
187,4671,4672,98,98,0,0.10037401957171303,0.6931471805599452,0.6931471805599453
187,4672,4673,98,98,0,0.10109757822082967,0.6931471805599452,0.6931471805599452
187,4673,4674,98,98,0,0.10061145923575576,0.6931471805599454,0.6931471805599452
187,4674,4675,10,10,1,0.11881126090884209,0.6931471805599452,0.6931471805599452
187,4675,4676,98,98,0,0.10253326077850497,0.6931471805599452,0.6931471805599452
187,4676,4677,98,98,0,0.10184393002062428,0.6931471805599452,0.6931471805599452
187,4677,4678,98,98,0,0.10067814079170324,0.6931471805599454,0.6931471805599453
187,4678,4679,98,98,0,0.101049968250552,0.6931471805599452,0.6931471805599453
187,4679,4680,87,87,1,0.10107154775967543,0.6931471805599452,0.6931471805599453
187,4680,4681,98,98,0,0.10053411156547312,0.6931471805599452,0.6931471805599452
187,4681,4682,98,98,0,0.10184973835641024,0.6931471805599454,0.6931471805599452
187,4682,4683,98,98,0,0.10042057498073091,0.6931471805599452,0.6931471805599452
187,4683,4684,98,98,0,0.10050289059171871,0.6931471805599452,0.6931471805599452
187,4684,4685,68,68,1,0.10134723015567836,0.6931471805599452,0.6931471805599453
187,4685,4686,98,98,0,0.10122678679775218,0.6931471805599452,0.6931471805599453
187,4686,4687,98,98,0,0.10034803916909257,0.6931471805599454,0.6931471805599453
187,4687,4688,48,48,1,0.10212150790418188,0.6931471805599452,0.6931471805599452
187,4688,4689,98,98,0,0.10147819797299346,0.6931471805599452,0.6931471805599452
187,4689,4690,98,98,0,0.10045309174729854,0.6931471805599452,0.6931471805599452
187,4690,4691,98,98,0,0.1027221551202998,0.6931471805599452,0.6931471805599452
187,4691,4692,98,98,0,0.10058432285274778,0.6931471805599452,0.6931471805599453
187,4692,4693,98,98,0,0.10068707495015494,0.6931471805599454,0.6931471805599453
187,4693,4694,98,98,0,0.10080545426023249,0.6931471805599454,0.6931471805599453
187,4694,4695,84,84,1,0.10192803905478545,0.6931471805599452,0.6931471805599452
187,4695,4696,98,98,0,0.10047880408107018,0.6931471805599452,0.6931471805599452
187,4696,4697,98,98,0,0.10073959135583468,0.6931471805599452,0.6931471805599452
187,4697,4698,43,43,1,0.10212807651869087,0.6931471805599452,0.6931471805599452
187,4698,4699,98,98,0,0.10174466395864681,0.6931471805599452,0.6931471805599452
187,4699,4700,98,98,0,0.1018495823503757,0.6931471805599452,0.6931471805599453
187,4700,4701,98,98,0,0.10097273294718898,0.6931471805599452,0.6931471805599453
187,4701,4702,98,98,0,0.10045484742339776,0.6931471805599452,0.6931471805599452
187,4702,4703,98,98,0,0.10197835962991325,0.6931471805599454,0.6931471805599452
187,4703,4704,98,98,0,0.10245269567382578,0.6931471805599452,0.6931471805599452
187,4704,4705,98,98,0,0.10079680238755381,0.6931471805599452,0.6931471805599452
187,4705,4706,80,80,1,0.10122539671137928,0.6931471805599452,0.6931471805599452
187,4706,4707,98,98,0,0.101610501125759,0.6931471805599454,0.6931471805599453
187,4707,4708,98,98,0,0.10072376867946313,0.6931471805599452,0.6931471805599453
187,4708,4709,98,98,0,0.10113495018105118,0.6931471805599454,0.6931471805599453
187,4709,4710,98,98,0,0.10171457326837949,0.6931471805599454,0.6931471805599452
187,4710,4711,98,98,0,0.10048103750664361,0.6931471805599454,0.6931471805599452
187,4711,4712,98,98,0,0.10120242491972689,0.6931471805599454,0.6931471805599452
187,4712,4713,98,98,0,0.10033836687097744,0.6931471805599452,0.6931471805599452
187,4713,4714,98,98,0,0.10051838308572769,0.6931471805599454,0.6931471805599452
187,4714,4715,12,12,1,0.10302552208304405,0.6931471805599452,0.6931471805599453
187,4715,4716,98,98,0,0.10057256431603918,0.6931471805599452,0.6931471805599453
187,4716,4717,98,98,0,0.10073974173592061,0.6931471805599452,0.6931471805599452
187,4717,4718,98,98,0,0.10079046148730784,0.6931471805599452,0.6931471805599452
187,4718,4719,98,98,0,0.10065450572541781,0.6931471805599452,0.6931471805599452
187,4719,4720,98,98,0,0.10173742632780756,0.6931471805599452,0.6931471805599452
187,4720,4721,98,98,0,0.10041647328405964,0.6931471805599454,0.6931471805599452
187,4721,4722,98,98,0,0.10048081550975235,0.6931471805599452,0.6931471805599453
187,4722,4723,98,98,0,0.10034728628032062,0.6931471805599454,0.6931471805599453
187,4723,4724,98,98,0,0.10186084975697557,0.6931471805599454,0.6931471805599453
187,4724,4725,98,98,0,0.10051070457818556,0.6931471805599454,0.6931471805599452
187,4725,4726,98,98,0,0.10082862518575726,0.6931471805599454,0.6931471805599452
187,4726,4727,76,76,1,0.10095073723871457,0.6931471805599454,0.6931471805599452
187,4727,4728,13,13,1,0.10082768304989888,0.6931471805599452,0.6931471805599452
187,4728,4729,98,98,0,0.10079862914827405,0.6931471805599452,0.6931471805599453
187,4729,4730,11,11,1,0.10483640296892686,0.6931471805599452,0.6931471805599453
187,4730,4731,61,61,1,0.10061115307397529,0.6931471805599452,0.6931471805599453
187,4731,4732,98,98,0,0.10153042296974027,0.6931471805599452,0.6931471805599452
187,4732,4733,98,98,0,0.1032869783135093,0.6931471805599452,0.6931471805599452
187,4733,4734,98,98,0,0.1007808837659505,0.6931471805599454,0.6931471805599452
187,4734,4735,98,98,0,0.10076085645325329,0.6931471805599452,0.6931471805599452
187,4735,4736,98,98,0,0.1009164847889725,0.6931471805599454,0.6931471805599452
187,4736,4737,98,98,0,0.10126138698993897,0.6931471805599454,0.6931471805599453
187,4737,4738,98,98,0,0.10031615554982302,0.6931471805599454,0.6931471805599453
187,4738,4739,52,52,1,0.10032684943423821,0.6931471805599452,0.6931471805599453
187,4739,4740,42,42,1,0.10302858001419476,0.6931471805599454,0.6931471805599452
187,4740,4741,98,98,0,0.10060577892831393,0.6931471805599452,0.6931471805599452
187,4741,4742,98,98,0,0.10038101429841956,0.6931471805599452,0.6931471805599452
187,4742,4743,98,98,0,0.10074345630650618,0.6931471805599452,0.6931471805599452
187,4743,4744,98,98,0,0.10137653023916848,0.6931471805599452,0.6931471805599453
187,4744,4745,98,98,0,0.1030609341604369,0.6931471805599452,0.6931471805599453
187,4745,4746,98,98,0,0.10133038301553045,0.6931471805599452,0.6931471805599453
187,4746,4747,98,98,0,0.10097944303130617,0.6931471805599452,0.6931471805599452
187,4747,4748,98,98,0,0.10097786031511365,0.6931471805599454,0.6931471805599452
187,4748,4749,98,98,0,0.10116919358165896,0.6931471805599452,0.6931471805599452
187,4749,4750,98,98,0,0.10020718898396103,0.6931471805599452,0.6931471805599452
187,4750,4751,98,98,0,0.10036048429961107,0.6931471805599452,0.6931471805599453
187,4751,4752,98,98,0,0.10188810610953643,0.6931471805599452,0.6931471805599453
187,4752,4753,98,98,0,0.10248100400275113,0.6931471805599452,0.6931471805599453
187,4753,4754,93,93,1,0.1020506164559754,0.6931471805599452,0.6931471805599452
187,4754,4755,98,98,0,0.10103327279188196,0.6931471805599452,0.6931471805599452
187,4755,4756,54,54,1,0.10372957573444755,0.6931471805599452,0.6931471805599452
187,4756,4757,98,98,0,0.10201544276609713,0.6931471805599452,0.6931471805599452
187,4757,4758,98,98,0,0.101737807675892,0.6931471805599454,0.6931471805599452
187,4758,4759,98,98,0,0.1005036107131413,0.6931471805599452,0.6931471805599453
187,4759,4760,98,98,0,0.10042504570922073,0.6931471805599452,0.6931471805599453
187,4760,4761,98,98,0,0.10167938919395816,0.6931471805599452,0.6931471805599452
187,4761,4762,50,50,1,0.102127895206213,0.6931471805599452,0.6931471805599452
187,4762,4763,98,98,0,0.10193539745345408,0.6931471805599452,0.6931471805599452
187,4763,4764,98,98,0,0.10030002230588271,0.6931471805599452,0.6931471805599452
187,4764,4765,98,98,0,0.10159091187679038,0.6931471805599454,0.6931471805599452
187,4765,4766,98,98,0,0.1015481347484248,0.6931471805599454,0.6931471805599453
187,4766,4767,98,98,0,0.1024438846020066,0.6931471805599452,0.6931471805599453
187,4767,4768,16,16,1,0.11306370049715042,0.6931471805599452,0.6931471805599453
187,4768,4769,98,98,0,0.10104892691787408,0.6931471805599454,0.6931471805599452
187,4769,4770,98,98,0,0.10093862616590091,0.6931471805599452,0.6931471805599452
187,4770,4771,98,98,0,0.1024505895923595,0.6931471805599452,0.6931471805599452
187,4771,4772,98,98,0,0.10078046714164773,0.6931471805599452,0.6931471805599452
187,4772,4773,98,98,0,0.10064476203857636,0.6931471805599452,0.6931471805599453
187,4773,4774,98,98,0,0.10096278338103878,0.6931471805599454,0.6931471805599453
187,4774,4775,98,98,0,0.10256141903144973,0.6931471805599452,0.6931471805599453
187,4775,4776,98,98,0,0.10268400107719461,0.6931471805599452,0.6931471805599452
187,4776,4777,98,98,0,0.10136082046190087,0.6931471805599452,0.6931471805599452
187,4777,4778,98,98,0,0.1015177136477159,0.6931471805599454,0.6931471805599452
187,4778,4779,98,98,0,0.10154459519045693,0.6931471805599452,0.6931471805599452
187,4779,4780,98,98,0,0.1008964719212785,0.6931471805599454,0.6931471805599452
187,4780,4781,98,98,0,0.10139513289441868,0.6931471805599452,0.6931471805599453
187,4781,4782,98,98,0,0.1008479860516227,0.6931471805599452,0.6931471805599453
187,4782,4783,98,98,0,0.10133535338907826,0.6931471805599452,0.6931471805599452
187,4783,4784,98,98,0,0.10033216897626313,0.6931471805599452,0.6931471805599452
187,4784,4785,98,98,0,0.10033386846890255,0.6931471805599454,0.6931471805599452
187,4785,4786,98,98,0,0.10206297366898887,0.6931471805599454,0.6931471805599452
187,4786,4787,98,98,0,0.10141393040515939,0.6931471805599452,0.6931471805599452
187,4787,4788,98,98,0,0.10165799644832708,0.6931471805599452,0.6931471805599453
187,4788,4789,98,98,0,0.10129759407469205,0.6931471805599452,0.6931471805599453
187,4789,4790,98,98,0,0.10196898915633863,0.6931471805599452,0.6931471805599453
187,4790,4791,98,98,0,0.10142612685354388,0.6931471805599454,0.6931471805599452
187,4791,4792,98,98,0,0.10064391791820526,0.6931471805599454,0.6931471805599452
187,4792,4793,98,98,0,0.10091278884483844,0.6931471805599452,0.6931471805599452
187,4793,4794,98,98,0,0.10181338347646655,0.6931471805599454,0.6931471805599452
187,4794,4795,98,98,0,0.101310097593434,0.6931471805599454,0.6931471805599453
187,4795,4796,64,64,1,0.10245765338186175,0.6931471805599454,0.6931471805599453
187,4796,4797,98,98,0,0.10199805326303657,0.6931471805599454,0.6931471805599453
187,4797,4798,98,98,0,0.1009604631333935,0.6931471805599454,0.6931471805599453
187,4798,4799,98,98,0,0.10144223303210978,0.6931471805599452,0.6931471805599452
187,4799,4800,98,98,0,0.10037061891385488,0.6931471805599452,0.6931471805599452
187,4800,4801,98,98,0,0.10142453645869177,0.6931471805599454,0.6931471805599452
187,4801,4802,98,98,0,0.1006644678359129,0.6931471805599452,0.6931471805599453
187,4802,4803,98,98,0,0.10243475269906376,0.6931471805599452,0.6931471805599453
187,4803,4804,98,98,0,0.1011525924716677,0.6931471805599452,0.6931471805599453
187,4804,4805,98,98,0,0.10320757428298191,0.6931471805599452,0.6931471805599453
187,4805,4806,98,98,0,0.10082263126969337,0.6931471805599452,0.6931471805599452
187,4806,4807,98,98,0,0.10197157975362271,0.6931471805599452,0.6931471805599452
187,4807,4808,98,98,0,0.10035189765752578,0.6931471805599452,0.6931471805599452
187,4808,4809,55,55,1,0.10041070661761543,0.6931471805599454,0.6931471805599452
187,4809,4810,98,98,0,0.1006151350329117,0.6931471805599454,0.6931471805599453
187,4810,4811,98,98,0,0.10093847038794537,0.6931471805599452,0.6931471805599453
187,4811,4812,98,98,0,0.10147732998035391,0.6931471805599452,0.6931471805599453
187,4812,4813,98,98,0,0.10037005016086054,0.6931471805599452,0.6931471805599452
187,4813,4814,98,98,0,0.1018279138572362,0.6931471805599452,0.6931471805599452
187,4814,4815,12,12,1,0.10081220231950283,0.6931471805599454,0.6931471805599452
187,4815,4816,98,98,0,0.10122051006373094,0.6931471805599452,0.6931471805599452
187,4816,4817,98,98,0,0.10041494310206296,0.6931471805599452,0.6931471805599453
187,4817,4818,98,98,0,0.10082660957562681,0.6931471805599452,0.6931471805599453
187,4818,4819,98,98,0,0.10055461784406584,0.6931471805599452,0.6931471805599453
187,4819,4820,98,98,0,0.10107455896783848,0.6931471805599454,0.6931471805599453
187,4820,4821,98,98,0,0.10070285421549058,0.6931471805599452,0.6931471805599452
187,4821,4822,98,98,0,0.10212432273796626,0.6931471805599454,0.6931471805599452
187,4822,4823,98,98,0,0.1006939240864345,0.6931471805599452,0.6931471805599452
187,4823,4824,98,98,0,0.10081336419193113,0.6931471805599452,0.6931471805599452
187,4824,4825,98,98,0,0.10060898024512797,0.6931471805599454,0.6931471805599453
187,4825,4826,98,98,0,0.10134046608392074,0.6931471805599452,0.6931471805599453
187,4826,4827,98,98,0,0.10016505047678947,0.6931471805599454,0.6931471805599453
187,4827,4828,98,98,0,0.10067831435982062,0.6931471805599454,0.6931471805599452
187,4828,4829,98,98,0,0.10043764669372111,0.6931471805599452,0.6931471805599452
187,4829,4830,98,98,0,0.10187244719388533,0.6931471805599454,0.6931471805599452
187,4830,4831,98,98,0,0.10039422797913454,0.6931471805599452,0.6931471805599452
187,4831,4832,10,10,1,0.11087684109807014,0.6931471805599452,0.6931471805599453
187,4832,4833,98,98,0,0.10188226029276848,0.6931471805599454,0.6931471805599453
187,4833,4834,98,98,0,0.10087730743143024,0.6931471805599454,0.6931471805599453
187,4834,4835,98,98,0,0.10093754666800402,0.6931471805599452,0.6931471805599453
187,4835,4836,90,90,1,0.10221332609653473,0.6931471805599452,0.6931471805599452
187,4836,4837,98,98,0,0.10152178774682843,0.6931471805599454,0.6931471805599452
187,4837,4838,98,98,0,0.1011425937164803,0.6931471805599452,0.6931471805599452
187,4838,4839,98,98,0,0.10039792719240091,0.6931471805599454,0.6931471805599452
187,4839,4840,98,98,0,0.10071507772924948,0.6931471805599454,0.6931471805599453
187,4840,4841,98,98,0,0.10045819828400807,0.6931471805599452,0.6931471805599453
187,4841,4842,98,98,0,0.10140469959195779,0.6931471805599452,0.6931471805599453
187,4842,4843,98,98,0,0.10110197832085649,0.6931471805599452,0.6931471805599452
187,4843,4844,98,98,0,0.10167547680285512,0.6931471805599452,0.6931471805599452
187,4844,4845,98,98,0,0.10130396188825977,0.6931471805599452,0.6931471805599452
187,4845,4846,98,98,0,0.10233169474772044,0.6931471805599452,0.6931471805599452
187,4846,4847,98,98,0,0.10100973100990665,0.6931471805599454,0.6931471805599453
187,4847,4848,98,98,0,0.10031102681342437,0.6931471805599454,0.6931471805599453
187,4848,4849,98,98,0,0.10134047285026433,0.6931471805599452,0.6931471805599453
187,4849,4850,98,98,0,0.10044298275392882,0.6931471805599452,0.6931471805599452
187,4850,4851,98,98,0,0.10073803897414889,0.6931471805599452,0.6931471805599452
187,4851,4852,88,88,1,0.10033682860772718,0.6931471805599452,0.6931471805599452
187,4852,4853,98,98,0,0.1007462609179166,0.6931471805599452,0.6931471805599452
187,4853,4854,98,98,0,0.10218946012307187,0.6931471805599452,0.6931471805599453
187,4854,4855,98,98,0,0.1012397726275483,0.6931471805599452,0.6931471805599453
187,4855,4856,98,98,0,0.10116779629369171,0.6931471805599452,0.6931471805599453
187,4856,4857,98,98,0,0.1005245180306386,0.6931471805599452,0.6931471805599452
187,4857,4858,98,98,0,0.10142557110105242,0.6931471805599452,0.6931471805599452
187,4858,4859,98,98,0,0.10047541064571361,0.6931471805599452,0.6931471805599452
187,4859,4860,98,98,0,0.10072880223089335,0.6931471805599452,0.6931471805599452
187,4860,4861,98,98,0,0.10103043495696418,0.6931471805599452,0.6931471805599452
187,4861,4862,98,98,0,0.1014187931254202,0.6931471805599452,0.6931471805599453
187,4862,4863,98,98,0,0.10200699753299051,0.6931471805599452,0.6931471805599453
187,4863,4864,98,98,0,0.10083402533616338,0.6931471805599452,0.6931471805599453
187,4864,4865,84,84,1,0.1022054117527746,0.6931471805599452,0.6931471805599452
187,4865,4866,98,98,0,0.10032497384414381,0.6931471805599454,0.6931471805599452
187,4866,4867,98,98,0,0.10104568834815707,0.6931471805599454,0.6931471805599452
187,4867,4868,98,98,0,0.10047473294698463,0.6931471805599454,0.6931471805599452
187,4868,4869,98,98,0,0.10118063934603516,0.6931471805599452,0.6931471805599453
187,4869,4870,98,98,0,0.1005895451775619,0.6931471805599452,0.6931471805599453
187,4870,4871,98,98,0,0.10055696987071816,0.6931471805599454,0.6931471805599453
187,4871,4872,98,98,0,0.10129670175362607,0.6931471805599452,0.6931471805599452
187,4872,4873,89,89,1,0.10015702850363228,0.6931471805599452,0.6931471805599452
187,4873,4874,98,98,0,0.1005507942517193,0.6931471805599452,0.6931471805599452
187,4874,4875,98,98,0,0.10160725168427642,0.6931471805599454,0.6931471805599452
187,4875,4876,60,60,1,0.10216644008954366,0.6931471805599452,0.6931471805599453
187,4876,4877,98,98,0,0.10238258449398742,0.6931471805599452,0.6931471805599453
187,4877,4878,98,98,0,0.10076522690301039,0.6931471805599452,0.6931471805599453
187,4878,4879,98,98,0,0.10224742115456231,0.6931471805599452,0.6931471805599452
187,4879,4880,98,98,0,0.10039649447616265,0.6931471805599452,0.6931471805599452
187,4880,4881,98,98,0,0.10086858348578823,0.6931471805599452,0.6931471805599452
187,4881,4882,98,98,0,0.10108885982510996,0.6931471805599452,0.6931471805599452
187,4882,4883,62,62,1,0.10298414864847737,0.6931471805599454,0.6931471805599452
187,4883,4884,98,98,0,0.10074655780074548,0.6931471805599452,0.6931471805599453
187,4884,4885,98,98,0,0.10038510489524627,0.6931471805599454,0.6931471805599453
187,4885,4886,98,98,0,0.10043793650610107,0.6931471805599452,0.6931471805599453
187,4886,4887,98,98,0,0.10080857019947499,0.6931471805599452,0.6931471805599452
187,4887,4888,98,98,0,0.10028353698399602,0.6931471805599452,0.6931471805599452
187,4888,4889,98,98,0,0.10048349695850392,0.6931471805599454,0.6931471805599452
187,4889,4890,98,98,0,0.10190796555609119,0.6931471805599452,0.6931471805599452
187,4890,4891,97,97,1,0.10246102104789202,0.6931471805599454,0.6931471805599453
187,4891,4892,98,98,0,0.10038080264110955,0.6931471805599452,0.6931471805599453
187,4892,4893,98,98,0,0.10042699076691453,0.6931471805599454,0.6931471805599453
187,4893,4894,98,98,0,0.1010466782110078,0.6931471805599452,0.6931471805599452
187,4894,4895,98,98,0,0.10047766018886956,0.6931471805599454,0.6931471805599452
187,4895,4896,98,98,0,0.10146594891438679,0.6931471805599454,0.6931471805599452
187,4896,4897,98,98,0,0.10130324077849485,0.6931471805599452,0.6931471805599452
187,4897,4898,98,98,0,0.1027102556307705,0.6931471805599452,0.6931471805599452
187,4898,4899,98,98,0,0.10091976585740946,0.6931471805599452,0.6931471805599453
187,4899,4900,98,98,0,0.10071439318815056,0.6931471805599454,0.6931471805599453
187,4900,4901,98,98,0,0.10093921803090038,0.6931471805599452,0.6931471805599453
187,4901,4902,98,98,0,0.10114966849891507,0.6931471805599454,0.6931471805599452
187,4902,4903,98,98,0,0.10081732014612275,0.6931471805599452,0.6931471805599452
187,4903,4904,98,98,0,0.10043329935596913,0.6931471805599452,0.6931471805599452
187,4904,4905,82,82,1,0.1016341419663371,0.6931471805599452,0.6931471805599452
187,4905,4906,98,98,0,0.10087656845547716,0.6931471805599454,0.6931471805599453
187,4906,4907,98,98,0,0.10077359344886273,0.6931471805599454,0.6931471805599453
187,4907,4908,98,98,0,0.10142873714164811,0.6931471805599454,0.6931471805599453
187,4908,4909,98,98,0,0.10041087424876738,0.6931471805599452,0.6931471805599452
187,4909,4910,98,98,0,0.10190417800022632,0.6931471805599452,0.6931471805599452
187,4910,4911,98,98,0,0.10098907146222737,0.6931471805599452,0.6931471805599452
187,4911,4912,98,98,0,0.10114801006049526,0.6931471805599452,0.6931471805599452
187,4912,4913,98,98,0,0.10162824483550324,0.6931471805599454,0.6931471805599453
187,4913,4914,98,98,0,0.10084819573224807,0.6931471805599452,0.6931471805599453
187,4914,4915,63,63,1,0.10115115107998016,0.6931471805599454,0.6931471805599453
187,4915,4916,98,98,0,0.10141229918416665,0.6931471805599452,0.6931471805599452
187,4916,4917,98,98,0,0.10046105634193031,0.6931471805599454,0.6931471805599452
187,4917,4918,10,10,1,0.11284063383936882,0.6931471805599452,0.6931471805599452
187,4918,4919,98,98,0,0.10012204374889938,0.6931471805599452,0.6931471805599452
187,4919,4920,98,98,0,0.10033531844311831,0.6931471805599452,0.6931471805599452
187,4920,4921,98,98,0,0.10021012512092688,0.6931471805599452,0.6931471805599453
187,4921,4922,98,98,0,0.10190697744184611,0.6931471805599452,0.6931471805599453
187,4922,4923,98,98,0,0.10098850339347003,0.6931471805599454,0.6931471805599453
187,4923,4924,98,98,0,0.10120280603973233,0.6931471805599454,0.6931471805599452
187,4924,4925,98,98,0,0.10168613485839902,0.6931471805599452,0.6931471805599452
187,4925,4926,98,98,0,0.10105461315536986,0.6931471805599452,0.6931471805599452
187,4926,4927,98,98,0,0.10050102551372683,0.6931471805599452,0.6931471805599452
187,4927,4928,98,98,0,0.10085333131101666,0.6931471805599452,0.6931471805599453
187,4928,4929,98,98,0,0.10198500524370038,0.6931471805599452,0.6931471805599453
187,4929,4930,98,98,0,0.10118626772749181,0.6931471805599452,0.6931471805599453
187,4930,4931,67,67,1,0.10274936781445546,0.6931471805599452,0.6931471805599452
187,4931,4932,98,98,0,0.10036897773341256,0.6931471805599452,0.6931471805599452
187,4932,4933,60,60,1,0.10236501594384512,0.6931471805599452,0.6931471805599452
187,4933,4934,98,98,0,0.1008486740139066,0.6931471805599454,0.6931471805599452
187,4934,4935,83,83,1,0.10128882204193666,0.6931471805599452,0.6931471805599452
187,4935,4936,98,98,0,0.10194590056733209,0.6931471805599452,0.6931471805599453
187,4936,4937,98,98,0,0.10080307661270609,0.6931471805599454,0.6931471805599453
187,4937,4938,98,98,0,0.10032674510564123,0.6931471805599454,0.6931471805599452
187,4938,4939,98,98,0,0.10085002135257332,0.6931471805599452,0.6931471805599452
187,4939,4940,98,98,0,0.10269039914924272,0.6931471805599452,0.6931471805599452
187,4940,4941,98,98,0,0.10098184675586466,0.6931471805599452,0.6931471805599452
187,4941,4942,98,98,0,0.10082273322100542,0.6931471805599454,0.6931471805599452
187,4942,4943,98,98,0,0.10153073802286265,0.6931471805599452,0.6931471805599453
187,4943,4944,98,98,0,0.10127852963549751,0.6931471805599452,0.6931471805599453
187,4944,4945,98,98,0,0.10059369325029607,0.6931471805599452,0.6931471805599453
187,4945,4946,98,98,0,0.10045832790890519,0.6931471805599452,0.6931471805599452
187,4946,4947,98,98,0,0.10128204121577497,0.6931471805599452,0.6931471805599452
187,4947,4948,52,52,1,0.10076155785757762,0.6931471805599454,0.6931471805599452
187,4948,4949,98,98,0,0.10156386969040851,0.6931471805599454,0.6931471805599452
187,4949,4950,98,98,0,0.10064712607738924,0.6931471805599452,0.6931471805599453
187,4950,4951,98,98,0,0.1011540387966195,0.6931471805599452,0.6931471805599453
187,4951,4952,98,98,0,0.10087042932911795,0.6931471805599452,0.6931471805599453
187,4952,4953,98,98,0,0.10330024468047279,0.6931471805599454,0.6931471805599452
187,4953,4954,98,98,0,0.10048874133095449,0.6931471805599452,0.6931471805599452
187,4954,4955,98,98,0,0.10324195863641038,0.6931471805599452,0.6931471805599452
187,4955,4956,98,98,0,0.10232319736054965,0.6931471805599452,0.6931471805599452
187,4956,4957,57,57,1,0.10135808521718309,0.6931471805599452,0.6931471805599452
187,4957,4958,98,98,0,0.10101509679641042,0.6931471805599454,0.6931471805599453
187,4958,4959,98,98,0,0.102388790219414,0.6931471805599452,0.6931471805599453
187,4959,4960,98,98,0,0.10218474246105369,0.6931471805599452,0.6931471805599452
187,4960,4961,98,98,0,0.10164534635081583,0.6931471805599452,0.6931471805599452
187,4961,4962,98,98,0,0.10143823739217252,0.6931471805599452,0.6931471805599452
187,4962,4963,98,98,0,0.10054462433469538,0.6931471805599452,0.6931471805599452
187,4963,4964,98,98,0,0.10236650028703165,0.6931471805599452,0.6931471805599452
187,4964,4965,98,98,0,0.10355824718669969,0.6931471805599452,0.6931471805599453
187,4965,4966,98,98,0,0.10023023013253601,0.6931471805599452,0.6931471805599453
187,4966,4967,98,98,0,0.10126542087112154,0.6931471805599452,0.6931471805599452
187,4967,4968,61,61,1,0.10279398765720305,0.6931471805599452,0.6931471805599452
187,4968,4969,98,98,0,0.10118128640615211,0.6931471805599452,0.6931471805599452
187,4969,4970,98,98,0,0.10027950819657773,0.6931471805599452,0.6931471805599452
187,4970,4971,98,98,0,0.10128714075806189,0.6931471805599452,0.6931471805599452
187,4971,4972,98,98,0,0.102515453586773,0.6931471805599452,0.6931471805599453
187,4972,4973,65,65,1,0.1014877309019749,0.6931471805599452,0.6931471805599453
187,4973,4974,60,60,1,0.10027814743419489,0.6931471805599454,0.6931471805599453
187,4974,4975,98,98,0,0.10154799904142107,0.6931471805599452,0.6931471805599452
187,4975,4976,98,98,0,0.10272753466756976,0.6931471805599452,0.6931471805599452
187,4976,4977,98,98,0,0.10061612527589409,0.6931471805599452,0.6931471805599452
187,4977,4978,98,98,0,0.10059838323872916,0.6931471805599452,0.6931471805599452
187,4978,4979,98,98,0,0.1011414822875237,0.6931471805599452,0.6931471805599453
187,4979,4980,98,98,0,0.10112113497999249,0.6931471805599454,0.6931471805599453
187,4980,4981,98,98,0,0.10041385159200551,0.6931471805599454,0.6931471805599453
187,4981,4982,98,98,0,0.10121554121070979,0.6931471805599452,0.6931471805599452
187,4982,4983,98,98,0,0.10199104796866981,0.6931471805599454,0.6931471805599452
187,4983,4984,98,98,0,0.10278775003187511,0.6931471805599452,0.6931471805599452
187,4984,4985,98,98,0,0.10071065771032353,0.6931471805599452,0.6931471805599452
187,4985,4986,98,98,0,0.10036006166922803,0.6931471805599452,0.6931471805599452
187,4986,4987,98,98,0,0.1018547668901025,0.6931471805599452,0.6931471805599453
187,4987,4988,98,98,0,0.10078586409894788,0.6931471805599454,0.6931471805599453
187,4988,4989,98,98,0,0.10158109885393357,0.6931471805599454,0.6931471805599452
187,4989,4990,42,42,1,0.10095710999199323,0.6931471805599452,0.6931471805599452
187,4990,4991,58,58,1,0.10085925665395014,0.6931471805599452,0.6931471805599452
187,4991,4992,98,98,0,0.101809311201986,0.6931471805599452,0.6931471805599452
187,4992,4993,98,98,0,0.10051977938535261,0.6931471805599452,0.6931471805599452
187,4993,4994,98,98,0,0.10087135221276965,0.6931471805599454,0.6931471805599453
187,4994,4995,98,98,0,0.10064399219593223,0.6931471805599452,0.6931471805599453
187,4995,4996,98,98,0,0.1009417082734254,0.6931471805599454,0.6931471805599453
187,4996,4997,98,98,0,0.10051900961873483,0.6931471805599452,0.6931471805599452
187,4997,4998,98,98,0,0.10083934748355224,0.6931471805599454,0.6931471805599452
187,4998,4999,13,13,1,0.10063006499638924,0.6931471805599452,0.6931471805599452
187,4999,5000,98,98,0,0.10050856724989657,0.6931471805599452,0.6931471805599452
187,5000,5001,98,98,0,0.10081635651235678,0.6931471805599454,0.6931471805599452
187,5001,5002,98,98,0,0.10010902728049123,0.6931471805599452,0.6931471805599453
187,5002,5003,98,98,0,0.10110367218754729,0.6931471805599454,0.6931471805599453
187,5003,5004,98,98,0,0.1011584262762751,0.6931471805599452,0.6931471805599452
187,5004,5005,98,98,0,0.10156279315753859,0.6931471805599452,0.6931471805599452
187,5005,5006,98,98,0,0.10178902038201994,0.6931471805599454,0.6931471805599452
187,5006,5007,98,98,0,0.10103593591828736,0.6931471805599454,0.6931471805599452
187,5007,5008,98,98,0,0.10202748145984143,0.6931471805599454,0.6931471805599452
187,5008,5009,98,98,0,0.100817115863367,0.6931471805599452,0.6931471805599453
187,5009,5010,98,98,0,0.10075991045759648,0.6931471805599452,0.6931471805599453
187,5010,5011,98,98,0,0.10155618243983813,0.6931471805599454,0.6931471805599453
187,5011,5012,98,98,0,0.10164960876715426,0.6931471805599452,0.6931471805599452
187,5012,5013,98,98,0,0.10179180309784655,0.6931471805599452,0.6931471805599452
187,5013,5014,98,98,0,0.1014998586354207,0.6931471805599454,0.6931471805599452
187,5014,5015,98,98,0,0.10119754098811928,0.6931471805599452,0.6931471805599452
187,5015,5016,98,98,0,0.10069746607724502,0.6931471805599452,0.6931471805599452
187,5016,5017,98,98,0,0.10053980555765483,0.6931471805599454,0.6931471805599453
187,5017,5018,98,98,0,0.10037020038889378,0.6931471805599452,0.6931471805599453
187,5018,5019,98,98,0,0.10126390619849672,0.6931471805599452,0.6931471805599452
187,5019,5020,98,98,0,0.10065791307359326,0.6931471805599452,0.6931471805599452
187,5020,5021,98,98,0,0.10040613187819111,0.6931471805599452,0.6931471805599452
187,5021,5022,98,98,0,0.10125646481708604,0.6931471805599452,0.6931471805599452
187,5022,5023,98,98,0,0.10117168108723601,0.6931471805599452,0.6931471805599452
187,5023,5024,98,98,0,0.10028047175431738,0.6931471805599452,0.6931471805599453
187,5024,5025,98,98,0,0.10079352732519714,0.6931471805599452,0.6931471805599453
187,5025,5026,98,98,0,0.10063241429778995,0.6931471805599452,0.6931471805599452
187,5026,5027,98,98,0,0.1006987243130499,0.6931471805599452,0.6931471805599452
187,5027,5028,98,98,0,0.1017297768623245,0.6931471805599454,0.6931471805599452
187,5028,5029,98,98,0,0.10153703269909839,0.6931471805599452,0.6931471805599452
187,5029,5030,98,98,0,0.1004302544253213,0.6931471805599452,0.6931471805599452
187,5030,5031,98,98,0,0.10100977472504791,0.6931471805599454,0.6931471805599453
187,5031,5032,98,98,0,0.10072869609813301,0.6931471805599454,0.6931471805599453
187,5032,5033,54,54,1,0.10331148530046146,0.6931471805599454,0.6931471805599453
187,5033,5034,77,77,1,0.10197772124370971,0.6931471805599454,0.6931471805599452
187,5034,5035,98,98,0,0.10029615887573787,0.6931471805599454,0.6931471805599452
187,5035,5036,98,98,0,0.10128914450808447,0.6931471805599452,0.6931471805599452
187,5036,5037,98,98,0,0.10038421135775898,0.6931471805599454,0.6931471805599452
187,5037,5038,98,98,0,0.10140380765102347,0.6931471805599454,0.6931471805599452
187,5038,5039,98,98,0,0.10115562972365594,0.6931471805599452,0.6931471805599453
187,5039,5040,98,98,0,0.10027538901384996,0.6931471805599452,0.6931471805599453
187,5040,5041,98,98,0,0.10052114641483949,0.6931471805599452,0.6931471805599452
187,5041,5042,98,98,0,0.10061159053323221,0.6931471805599454,0.6931471805599452
187,5042,5043,98,98,0,0.10069998353719711,0.6931471805599452,0.6931471805599452
187,5043,5044,57,57,1,0.10235386511735749,0.6931471805599452,0.6931471805599452
187,5044,5045,98,98,0,0.10169026742176134,0.6931471805599452,0.6931471805599452
187,5045,5046,98,98,0,0.10033659332869005,0.6931471805599454,0.6931471805599453
187,5046,5047,98,98,0,0.10031877404877118,0.6931471805599454,0.6931471805599453
187,5047,5048,98,98,0,0.10062291328700221,0.6931471805599454,0.6931471805599453
187,5048,5049,98,98,0,0.10116910227403349,0.6931471805599452,0.6931471805599452
187,5049,5050,98,98,0,0.10092519930734926,0.6931471805599452,0.6931471805599452
187,5050,5051,98,98,0,0.10079982846367117,0.6931471805599452,0.6931471805599452
187,5051,5052,98,98,0,0.10041500605186637,0.6931471805599454,0.6931471805599452
187,5052,5053,98,98,0,0.10070360870081552,0.6931471805599454,0.6931471805599453
187,5053,5054,98,98,0,0.1003891999776266,0.6931471805599452,0.6931471805599453
187,5054,5055,98,98,0,0.10075224266976726,0.6931471805599452,0.6931471805599453
187,5055,5056,98,98,0,0.10104306338697064,0.6931471805599452,0.6931471805599452
187,5056,5057,98,98,0,0.10186117530173185,0.6931471805599454,0.6931471805599452
187,5057,5058,98,98,0,0.10058996651549729,0.6931471805599454,0.6931471805599452
187,5058,5059,98,98,0,0.10085281744903447,0.6931471805599452,0.6931471805599452
187,5059,5060,98,98,0,0.10175146945581144,0.6931471805599454,0.6931471805599453
187,5060,5061,98,98,0,0.10106532313689894,0.6931471805599454,0.6931471805599453
187,5061,5062,98,98,0,0.10027837038648371,0.6931471805599452,0.6931471805599453
187,5062,5063,98,98,0,0.10223903925139077,0.6931471805599452,0.6931471805599453
187,5063,5064,98,98,0,0.1017857934443318,0.6931471805599452,0.6931471805599452
187,5064,5065,98,98,0,0.10161067294527074,0.6931471805599452,0.6931471805599452
187,5065,5066,92,92,1,0.10060984179701495,0.6931471805599452,0.6931471805599452
187,5066,5067,98,98,0,0.10080299450426686,0.6931471805599452,0.6931471805599452
187,5067,5068,98,98,0,0.10151490447472553,0.6931471805599454,0.6931471805599453
187,5068,5069,59,59,1,0.10078289852303973,0.6931471805599454,0.6931471805599453
187,5069,5070,98,98,0,0.10127936448065603,0.6931471805599452,0.6931471805599453
187,5070,5071,98,98,0,0.10151653744432391,0.6931471805599454,0.6931471805599452
187,5071,5072,98,98,0,0.10156490897037546,0.6931471805599452,0.6931471805599452
187,5072,5073,98,98,0,0.10132114338327428,0.6931471805599452,0.6931471805599452
187,5073,5074,98,98,0,0.10170446450308877,0.6931471805599454,0.6931471805599452
187,5074,5075,94,94,1,0.10045683732692232,0.6931471805599452,0.6931471805599453
187,5075,5076,45,45,1,0.10320481426186032,0.6931471805599452,0.6931471805599453
187,5076,5077,98,98,0,0.10037565695083871,0.6931471805599452,0.6931471805599453
187,5077,5078,98,98,0,0.10051902178294804,0.6931471805599452,0.6931471805599452
187,5078,5079,98,98,0,0.1032920593813974,0.6931471805599452,0.6931471805599452
187,5079,5080,98,98,0,0.10147665790757354,0.6931471805599454,0.6931471805599452
187,5080,5081,98,98,0,0.10064427957546954,0.6931471805599452,0.6931471805599452
187,5081,5082,98,98,0,0.10046010715316753,0.6931471805599452,0.6931471805599453
187,5082,5083,98,98,0,0.10093168268094257,0.6931471805599452,0.6931471805599453
187,5083,5084,98,98,0,0.10123548367801978,0.6931471805599452,0.6931471805599453
187,5084,5085,98,98,0,0.10159691050648689,0.6931471805599454,0.6931471805599453
187,5085,5086,98,98,0,0.10153804483766458,0.6931471805599452,0.6931471805599452
187,5086,5087,98,98,0,0.10141078960530613,0.6931471805599452,0.6931471805599452
187,5087,5088,98,98,0,0.1006072177266588,0.6931471805599452,0.6931471805599452
187,5088,5089,47,47,1,0.1004419169844465,0.6931471805599454,0.6931471805599452
187,5089,5090,98,98,0,0.1025134770541775,0.6931471805599452,0.6931471805599453
187,5090,5091,98,98,0,0.10138055552937547,0.6931471805599452,0.6931471805599453
187,5091,5092,98,98,0,0.1008038172612385,0.6931471805599452,0.6931471805599453
187,5092,5093,10,10,1,0.1007933683693409,0.6931471805599452,0.6931471805599452
187,5093,5094,98,98,0,0.1004463801426547,0.6931471805599454,0.6931471805599452
187,5094,5095,98,98,0,0.10052148929359961,0.6931471805599452,0.6931471805599452
187,5095,5096,50,50,1,0.10027580246329308,0.6931471805599454,0.6931471805599452
187,5096,5097,98,98,0,0.10149199196270534,0.6931471805599454,0.6931471805599453
187,5097,5098,98,98,0,0.1012561889935513,0.6931471805599452,0.6931471805599453
187,5098,5099,98,98,0,0.1008295772635207,0.6931471805599452,0.6931471805599453
187,5099,5100,98,98,0,0.1016462244549576,0.6931471805599454,0.6931471805599453
187,5100,5101,98,98,0,0.10081169100440278,0.6931471805599454,0.6931471805599452
187,5101,5102,98,98,0,0.10028671298404129,0.6931471805599452,0.6931471805599452
187,5102,5103,98,98,0,0.1001340058081004,0.6931471805599452,0.6931471805599452
187,5103,5104,98,98,0,0.1017826152395229,0.6931471805599454,0.6931471805599453
187,5104,5105,98,98,0,0.10260189385438452,0.6931471805599452,0.6931471805599453
187,5105,5106,98,98,0,0.10234293881423619,0.6931471805599452,0.6931471805599453
187,5106,5107,98,98,0,0.10242256613410249,0.6931471805599454,0.6931471805599453
187,5107,5108,98,98,0,0.10209408828190394,0.6931471805599452,0.6931471805599452
187,5108,5109,98,98,0,0.10055896814684478,0.6931471805599452,0.6931471805599452
187,5109,5110,98,98,0,0.10085884223178941,0.6931471805599452,0.6931471805599452
187,5110,5111,93,93,1,0.10095920301573251,0.6931471805599452,0.6931471805599452
187,5111,5112,54,54,1,0.10234850796836394,0.6931471805599452,0.6931471805599453
187,5112,5113,98,98,0,0.10194023280423514,0.6931471805599452,0.6931471805599453
187,5113,5114,98,98,0,0.10050353499091401,0.6931471805599452,0.6931471805599453
187,5114,5115,98,98,0,0.10174747138303153,0.6931471805599454,0.6931471805599452
187,5115,5116,98,98,0,0.10136418417096138,0.6931471805599452,0.6931471805599452
187,5116,5117,98,98,0,0.1015258076391658,0.6931471805599452,0.6931471805599452
187,5117,5118,98,98,0,0.10064826746072088,0.6931471805599452,0.6931471805599452
187,5118,5119,98,98,0,0.10036457193141081,0.6931471805599452,0.6931471805599453
187,5119,5120,98,98,0,0.1003242098555273,0.6931471805599452,0.6931471805599453
187,5120,5121,98,98,0,0.10123767171587263,0.6931471805599452,0.6931471805599453
187,5121,5122,98,98,0,0.1012364473878121,0.6931471805599452,0.6931471805599452
187,5122,5123,98,98,0,0.10042260366739059,0.6931471805599452,0.6931471805599452
187,5123,5124,98,98,0,0.10129339871357898,0.6931471805599452,0.6931471805599452
187,5124,5125,98,98,0,0.10085509230895918,0.6931471805599454,0.6931471805599452
187,5125,5126,69,69,1,0.10050401534291281,0.6931471805599452,0.6931471805599453
187,5126,5127,98,98,0,0.10175372713378497,0.6931471805599454,0.6931471805599453
187,5127,5128,98,98,0,0.10057899758827929,0.6931471805599452,0.6931471805599453
187,5128,5129,98,98,0,0.10109818688764864,0.6931471805599452,0.6931471805599453
187,5129,5130,98,98,0,0.10176910201505739,0.6931471805599452,0.6931471805599452
187,5130,5131,98,98,0,0.1016032344528607,0.6931471805599452,0.6931471805599452
187,5131,5132,98,98,0,0.10159559243795824,0.6931471805599452,0.6931471805599452
187,5132,5133,98,98,0,0.10029404975321828,0.6931471805599452,0.6931471805599452
187,5133,5134,93,93,1,0.10094295650400141,0.6931471805599452,0.6931471805599453
187,5134,5135,11,11,1,0.1087522188370878,0.6931471805599452,0.6931471805599453
187,5135,5136,45,45,1,0.1007738611764378,0.6931471805599452,0.6931471805599453
187,5136,5137,72,72,1,0.10228291816181606,0.6931471805599454,0.6931471805599452
187,5137,5138,98,98,0,0.10079561440008027,0.6931471805599452,0.6931471805599452
187,5138,5139,98,98,0,0.10092802551023815,0.6931471805599452,0.6931471805599452
187,5139,5140,98,98,0,0.10134955290324833,0.6931471805599454,0.6931471805599452
187,5140,5141,98,98,0,0.10070833890717856,0.6931471805599452,0.6931471805599453
187,5141,5142,98,98,0,0.10067817888089589,0.6931471805599454,0.6931471805599453
187,5142,5143,98,98,0,0.10067362954117814,0.6931471805599452,0.6931471805599453
187,5143,5144,98,98,0,0.10044071268366307,0.6931471805599454,0.6931471805599452
187,5144,5145,98,98,0,0.10056591885430473,0.6931471805599452,0.6931471805599452
187,5145,5146,98,98,0,0.1006453303354127,0.6931471805599452,0.6931471805599452
187,5146,5147,98,98,0,0.10081204612340246,0.6931471805599454,0.6931471805599452
187,5147,5148,49,49,1,0.10039974855525154,0.6931471805599452,0.6931471805599452
187,5148,5149,98,98,0,0.1003987188546025,0.6931471805599452,0.6931471805599453
187,5149,5150,98,98,0,0.10100764256654954,0.6931471805599452,0.6931471805599453
187,5150,5151,98,98,0,0.10093131767851966,0.6931471805599454,0.6931471805599453
187,5151,5152,98,98,0,0.1006294066200451,0.6931471805599454,0.6931471805599452
187,5152,5153,72,72,1,0.1013125457490484,0.6931471805599454,0.6931471805599452
187,5153,5154,98,98,0,0.10033804132622115,0.6931471805599452,0.6931471805599452
187,5154,5155,98,98,0,0.10147736297578228,0.6931471805599452,0.6931471805599452
187,5155,5156,98,98,0,0.1003138384952837,0.6931471805599452,0.6931471805599453
187,5156,5157,98,98,0,0.10194473607199532,0.6931471805599452,0.6931471805599453
187,5157,5158,98,98,0,0.10061357884990926,0.6931471805599452,0.6931471805599453
187,5158,5159,98,98,0,0.1007973094831924,0.6931471805599454,0.6931471805599452
187,5159,5160,98,98,0,0.1010581254198843,0.6931471805599454,0.6931471805599452
187,5160,5161,70,70,1,0.10095303910119192,0.6931471805599454,0.6931471805599452
187,5161,5162,98,98,0,0.10183723780269525,0.6931471805599452,0.6931471805599452
187,5162,5163,13,13,1,0.10966348820007764,0.6931471805599452,0.6931471805599452
187,5163,5164,46,46,1,0.10090737968035367,0.6931471805599454,0.6931471805599453
187,5164,5165,98,98,0,0.1005763722469612,0.6931471805599452,0.6931471805599453
187,5165,5166,98,98,0,0.10169854912222648,0.6931471805599452,0.6931471805599453
187,5166,5167,98,98,0,0.10044138331194313,0.6931471805599454,0.6931471805599452
187,5167,5168,98,98,0,0.10085999136980699,0.6931471805599452,0.6931471805599452
187,5168,5169,98,98,0,0.1033613915194054,0.6931471805599452,0.6931471805599452
187,5169,5170,98,98,0,0.10068576919789217,0.6931471805599454,0.6931471805599452
187,5170,5171,98,98,0,0.10222707551961042,0.6931471805599452,0.6931471805599453
187,5171,5172,98,98,0,0.10087747453730933,0.6931471805599452,0.6931471805599453
187,5172,5173,98,98,0,0.10096966353606204,0.6931471805599452,0.6931471805599453
187,5173,5174,98,98,0,0.1006062528764715,0.6931471805599452,0.6931471805599452
187,5174,5175,98,98,0,0.10103359506750594,0.6931471805599454,0.6931471805599452
187,5175,5176,98,98,0,0.10118415898510388,0.6931471805599452,0.6931471805599452
187,5176,5177,98,98,0,0.10111765517872207,0.6931471805599452,0.6931471805599452
187,5177,5178,98,98,0,0.1015721580051646,0.6931471805599452,0.6931471805599452
187,5178,5179,98,98,0,0.1015960004712854,0.6931471805599452,0.6931471805599453
187,5179,5180,98,98,0,0.10074330547026225,0.6931471805599452,0.6931471805599453
187,5180,5181,98,98,0,0.1008726136416805,0.6931471805599452,0.6931471805599452
187,5181,5182,45,45,1,0.10079365256759855,0.6931471805599452,0.6931471805599452
187,5182,5183,98,98,0,0.10174602201702643,0.6931471805599452,0.6931471805599452
187,5183,5184,98,98,0,0.10039099108199684,0.6931471805599452,0.6931471805599452
187,5184,5185,98,98,0,0.1010880102308429,0.6931471805599452,0.6931471805599452
187,5185,5186,98,98,0,0.10052508609939595,0.6931471805599454,0.6931471805599453
187,5186,5187,50,50,1,0.1018599508702755,0.6931471805599452,0.6931471805599453
187,5187,5188,98,98,0,0.1008169990869201,0.6931471805599452,0.6931471805599452
187,5188,5189,98,98,0,0.10052230323151666,0.6931471805599454,0.6931471805599452
187,5189,5190,98,98,0,0.10219477983761807,0.6931471805599452,0.6931471805599452
187,5190,5191,98,98,0,0.10111752509766696,0.6931471805599454,0.6931471805599452
187,5191,5192,98,98,0,0.10181194551441135,0.6931471805599452,0.6931471805599452
187,5192,5193,98,98,0,0.10044368820226922,0.6931471805599452,0.6931471805599453
187,5193,5194,98,98,0,0.10063272387701638,0.6931471805599452,0.6931471805599453
187,5194,5195,98,98,0,0.1006634461180288,0.6931471805599452,0.6931471805599453
187,5195,5196,98,98,0,0.10034125853253871,0.6931471805599452,0.6931471805599452
187,5196,5197,98,98,0,0.10082083978519148,0.6931471805599452,0.6931471805599452
187,5197,5198,98,98,0,0.10079274828336676,0.6931471805599452,0.6931471805599452
187,5198,5199,98,98,0,0.1006459579327885,0.6931471805599452,0.6931471805599452
187,5199,5200,98,98,0,0.10053581402313952,0.6931471805599454,0.6931471805599452
187,5200,5201,98,98,0,0.10116707389147914,0.6931471805599452,0.6931471805599453
187,5201,5202,98,98,0,0.10064666558589254,0.6931471805599452,0.6931471805599453
187,5202,5203,98,98,0,0.10064758474425393,0.6931471805599452,0.6931471805599452
187,5203,5204,98,98,0,0.1005861013367468,0.6931471805599452,0.6931471805599452
187,5204,5205,98,98,0,0.1004126065847825,0.6931471805599454,0.6931471805599452
187,5205,5206,98,98,0,0.10114881305062041,0.6931471805599452,0.6931471805599452
187,5206,5207,98,98,0,0.1024324176262836,0.6931471805599452,0.6931471805599452
187,5207,5208,98,98,0,0.10032743595692577,0.6931471805599452,0.6931471805599453
187,5208,5209,98,98,0,0.10099128078745336,0.6931471805599452,0.6931471805599453
187,5209,5210,64,64,1,0.10075707361102104,0.6931471805599452,0.6931471805599452
187,5210,5211,98,98,0,0.10038863092052694,0.6931471805599454,0.6931471805599452
187,5211,5212,98,98,0,0.10045900157823855,0.6931471805599454,0.6931471805599452
187,5212,5213,98,98,0,0.10068582439300966,0.6931471805599452,0.6931471805599452
187,5213,5214,44,44,1,0.10151442733000625,0.6931471805599454,0.6931471805599452
187,5214,5215,98,98,0,0.10050588199982838,0.6931471805599452,0.6931471805599453
187,5215,5216,98,98,0,0.10141887812286007,0.6931471805599454,0.6931471805599453
187,5216,5217,81,81,1,0.10095376355780496,0.6931471805599452,0.6931471805599453
187,5217,5218,98,98,0,0.1009102617295421,0.6931471805599452,0.6931471805599452
187,5218,5219,98,98,0,0.10099904634514634,0.6931471805599452,0.6931471805599452
187,5219,5220,98,98,0,0.10217199778678465,0.6931471805599454,0.6931471805599452
187,5220,5221,98,98,0,0.10228766554168292,0.6931471805599452,0.6931471805599452
187,5221,5222,98,98,0,0.10044727101922035,0.6931471805599452,0.6931471805599453
187,5222,5223,98,98,0,0.10138337131665677,0.6931471805599452,0.6931471805599453
187,5223,5224,50,50,1,0.1008762428164482,0.6931471805599452,0.6931471805599453
187,5224,5225,98,98,0,0.10119902935563302,0.6931471805599454,0.6931471805599452
187,5225,5226,9,9,1,0.12841009183062446,0.6931471805599452,0.6931471805599452
187,5226,5227,98,98,0,0.10142670412148748,0.6931471805599452,0.6931471805599452
187,5227,5228,98,98,0,0.10048154749128284,0.6931471805599452,0.6931471805599452
187,5228,5229,98,98,0,0.10110764083813648,0.6931471805599452,0.6931471805599452
187,5229,5230,98,98,0,0.10112520596202539,0.6931471805599454,0.6931471805599453
187,5230,5231,59,59,1,0.10163693028991505,0.6931471805599454,0.6931471805599453
187,5231,5232,98,98,0,0.10091099903291585,0.6931471805599452,0.6931471805599452
187,5232,5233,98,98,0,0.1003348958887616,0.6931471805599452,0.6931471805599452
187,5233,5234,98,98,0,0.10233144979087674,0.6931471805599452,0.6931471805599452
187,5234,5235,98,98,0,0.10073602488454507,0.6931471805599454,0.6931471805599452
187,5235,5236,98,98,0,0.10058146623932586,0.6931471805599452,0.6931471805599452
187,5236,5237,98,98,0,0.10064457128850782,0.6931471805599452,0.6931471805599453
187,5237,5238,55,55,1,0.10062141174619849,0.6931471805599452,0.6931471805599453
187,5238,5239,51,51,1,0.1019099397110004,0.6931471805599452,0.6931471805599453
187,5239,5240,98,98,1,0.10060592033729261,0.6931471805599452,0.6931471805599452
187,5240,5241,98,98,0,0.10049631256534129,0.6931471805599452,0.6931471805599452
187,5241,5242,98,98,0,0.10081424518507354,0.6931471805599452,0.6931471805599452
187,5242,5243,98,98,0,0.10169059365075461,0.6931471805599452,0.6931471805599452
187,5243,5244,98,98,0,0.10068841149308244,0.6931471805599452,0.6931471805599453
187,5244,5245,18,18,1,0.10036828286117977,0.6931471805599452,0.6931471805599453
187,5245,5246,98,98,0,0.10041044112675045,0.6931471805599452,0.6931471805599453
187,5246,5247,84,84,1,0.10144226829565707,0.6931471805599452,0.6931471805599452
187,5247,5248,98,98,0,0.10092994373063652,0.6931471805599452,0.6931471805599452
187,5248,5249,98,98,0,0.10068902350506004,0.6931471805599452,0.6931471805599452
187,5249,5250,98,98,0,0.10058841329752183,0.6931471805599452,0.6931471805599452
187,5250,5251,98,98,1,0.1014410104526549,0.6931471805599454,0.6931471805599452
187,5251,5252,98,98,0,0.10145967985902514,0.6931471805599452,0.6931471805599453
187,5252,5253,40,40,1,0.1003851618617773,0.6931471805599452,0.6931471805599453
187,5253,5254,98,98,0,0.10254712881786483,0.6931471805599452,0.6931471805599452
187,5254,5255,98,98,0,0.1006785042735995,0.6931471805599452,0.6931471805599452
187,5255,5256,98,98,0,0.10074817769381465,0.6931471805599452,0.6931471805599452
187,5256,5257,98,98,0,0.10128898523291763,0.6931471805599452,0.6931471805599452
187,5257,5258,98,98,0,0.10037834326527556,0.6931471805599454,0.6931471805599452
187,5258,5259,98,98,0,0.10082156119906173,0.6931471805599452,0.6931471805599453
187,5259,5260,98,98,0,0.1006780849883751,0.6931471805599452,0.6931471805599453
187,5260,5261,98,98,0,0.10040649323135006,0.6931471805599452,0.6931471805599452
187,5261,5262,98,98,0,0.10164394716219026,0.6931471805599452,0.6931471805599452
187,5262,5263,98,98,0,0.10035767687522636,0.6931471805599454,0.6931471805599452
187,5263,5264,98,98,0,0.10194856118486852,0.6931471805599454,0.6931471805599452
187,5264,5265,98,98,0,0.10073107032447445,0.6931471805599454,0.6931471805599452
187,5265,5266,98,98,0,0.10097216563869496,0.6931471805599454,0.6931471805599452
187,5266,5267,98,98,0,0.10217053435590802,0.6931471805599452,0.6931471805599453
187,5267,5268,98,98,0,0.10212296110634901,0.6931471805599454,0.6931471805599453
187,5268,5269,98,98,0,0.10037746219610681,0.6931471805599454,0.6931471805599452
187,5269,5270,98,98,0,0.10178848211558497,0.6931471805599452,0.6931471805599452
187,5270,5271,98,98,0,0.10089553938228257,0.6931471805599454,0.6931471805599452
187,5271,5272,98,98,0,0.10055536503086285,0.6931471805599452,0.6931471805599452
187,5272,5273,59,59,1,0.10172608040146909,0.6931471805599452,0.6931471805599452
187,5273,5274,98,98,0,0.10051147860227799,0.6931471805599452,0.6931471805599453
187,5274,5275,98,98,0,0.10086288356355258,0.6931471805599454,0.6931471805599453
187,5275,5276,98,98,0,0.10045848094991275,0.6931471805599452,0.6931471805599452
187,5276,5277,98,98,0,0.10126667538163614,0.6931471805599454,0.6931471805599452
187,5277,5278,98,98,1,0.10061003944399405,0.6931471805599454,0.6931471805599452
187,5278,5279,98,98,0,0.10132443615976645,0.6931471805599452,0.6931471805599452
187,5279,5280,98,98,0,0.10116128174930203,0.6931471805599454,0.6931471805599452
187,5280,5281,98,98,0,0.10152237117290497,0.6931471805599452,0.6931471805599453
187,5281,5282,72,72,1,0.10110745372043715,0.6931471805599454,0.6931471805599453
187,5282,5283,98,98,0,0.10112745580928666,0.6931471805599452,0.6931471805599453
187,5283,5284,98,98,0,0.10226418442872105,0.6931471805599452,0.6931471805599452
187,5284,5285,60,60,1,0.10147141764561335,0.6931471805599452,0.6931471805599452
187,5285,5286,98,98,0,0.10115724383872382,0.6931471805599454,0.6931471805599452
187,5286,5287,91,91,1,0.10056178108021453,0.6931471805599452,0.6931471805599452
187,5287,5288,98,98,0,0.1011961149621983,0.6931471805599452,0.6931471805599453
187,5288,5289,98,98,0,0.10167489656988456,0.6931471805599452,0.6931471805599453
187,5289,5290,98,98,0,0.10153743267363431,0.6931471805599454,0.6931471805599453
187,5290,5291,98,98,0,0.10102724557628437,0.6931471805599452,0.6931471805599452
187,5291,5292,98,98,0,0.10119950482431724,0.6931471805599452,0.6931471805599452
187,5292,5293,98,98,0,0.10051250518584738,0.6931471805599452,0.6931471805599452
187,5293,5294,98,98,0,0.10025110772373724,0.6931471805599454,0.6931471805599452
187,5294,5295,98,98,0,0.102146322477837,0.6931471805599452,0.6931471805599452
187,5295,5296,98,98,0,0.10144932172736343,0.6931471805599452,0.6931471805599453
187,5296,5297,98,98,0,0.10053571617724943,0.6931471805599452,0.6931471805599453
187,5297,5298,98,98,0,0.10071295492199002,0.6931471805599452,0.6931471805599452
187,5298,5299,98,98,0,0.10067514953564624,0.6931471805599454,0.6931471805599452
187,5299,5300,98,98,0,0.10195040885283023,0.6931471805599454,0.6931471805599452
187,5300,5301,98,98,0,0.10180878973737055,0.6931471805599454,0.6931471805599452
187,5301,5302,98,98,0,0.10080681847674507,0.6931471805599454,0.6931471805599452
187,5302,5303,50,50,1,0.10487380862236023,0.6931471805599452,0.6931471805599453
187,5303,5304,65,65,1,0.1013132720039441,0.6931471805599452,0.6931471805599453
187,5304,5305,98,98,0,0.10123517067760837,0.6931471805599452,0.6931471805599453
187,5305,5306,98,98,0,0.10130135768226214,0.6931471805599454,0.6931471805599452
187,5306,5307,98,98,0,0.10195220170580611,0.6931471805599452,0.6931471805599452
187,5307,5308,98,98,0,0.10070081587348666,0.6931471805599454,0.6931471805599452
187,5308,5309,98,98,0,0.10076019996587111,0.6931471805599452,0.6931471805599452
187,5309,5310,98,98,0,0.1016708394246442,0.6931471805599452,0.6931471805599453
187,5310,5311,50,50,1,0.10086866095662117,0.6931471805599452,0.6931471805599453
187,5311,5312,98,98,0,0.10049335742179229,0.6931471805599454,0.6931471805599453
187,5312,5313,98,98,0,0.10116070174441046,0.6931471805599452,0.6931471805599452
187,5313,5314,98,98,0,0.10083205959930712,0.6931471805599452,0.6931471805599452
187,5314,5315,98,98,0,0.10045948335710837,0.6931471805599452,0.6931471805599452
187,5315,5316,98,98,0,0.10309679160008625,0.6931471805599452,0.6931471805599452
187,5316,5317,98,98,0,0.10232196238880255,0.6931471805599452,0.6931471805599452
187,5317,5318,98,98,0,0.10067257574018167,0.6931471805599452,0.6931471805599453
187,5318,5319,98,98,0,0.10088567063212395,0.6931471805599452,0.6931471805599453
187,5319,5320,98,98,0,0.100521199101088,0.6931471805599452,0.6931471805599452
187,5320,5321,91,91,1,0.1010052325961354,0.6931471805599452,0.6931471805599452
187,5321,5322,98,98,0,0.10072973142473066,0.6931471805599452,0.6931471805599452
187,5322,5323,98,98,0,0.10112703279877196,0.6931471805599452,0.6931471805599452
187,5323,5324,25,25,1,0.10022485315799713,0.6931471805599454,0.6931471805599452
187,5324,5325,98,98,0,0.10151005262623028,0.6931471805599452,0.6931471805599453
187,5325,5326,98,98,0,0.10152289803539004,0.6931471805599454,0.6931471805599453
187,5326,5327,98,98,0,0.10149567429812587,0.6931471805599452,0.6931471805599453
187,5327,5328,98,98,0,0.10055294131137887,0.6931471805599452,0.6931471805599452
187,5328,5329,98,98,0,0.10107406198370214,0.6931471805599452,0.6931471805599452
187,5329,5330,98,98,0,0.10207903210301789,0.6931471805599452,0.6931471805599452
187,5330,5331,98,98,0,0.10085555713395683,0.6931471805599452,0.6931471805599452
187,5331,5332,98,98,0,0.10099594986864499,0.6931471805599452,0.6931471805599453
187,5332,5333,98,98,0,0.10031362045176175,0.6931471805599452,0.6931471805599453
187,5333,5334,98,98,0,0.10109048397565375,0.6931471805599452,0.6931471805599453
187,5334,5335,98,98,0,0.10062677998627935,0.6931471805599454,0.6931471805599452
187,5335,5336,62,62,1,0.10071687184033855,0.6931471805599452,0.6931471805599452
187,5336,5337,98,98,0,0.10073512731766214,0.6931471805599454,0.6931471805599452
187,5337,5338,98,98,0,0.10046885398273565,0.6931471805599452,0.6931471805599452
187,5338,5339,98,98,0,0.10085258754540463,0.6931471805599452,0.6931471805599452
187,5339,5340,98,98,0,0.10148900975378192,0.6931471805599452,0.6931471805599453
187,5340,5341,98,98,0,0.1004829762541518,0.6931471805599452,0.6931471805599453
187,5341,5342,58,58,1,0.1012498046560534,0.6931471805599454,0.6931471805599452
187,5342,5343,98,98,0,0.10153374425610717,0.6931471805599454,0.6931471805599452
187,5343,5344,98,98,0,0.10109689383178341,0.6931471805599454,0.6931471805599452
187,5344,5345,86,86,1,0.10112473931769993,0.6931471805599452,0.6931471805599452
187,5345,5346,62,62,1,0.10274807183492568,0.6931471805599452,0.6931471805599452
187,5346,5347,98,98,0,0.10104853933563038,0.6931471805599452,0.6931471805599453
187,5347,5348,98,98,0,0.10080380760589425,0.6931471805599454,0.6931471805599453
187,5348,5349,98,98,0,0.10209877811828438,0.6931471805599452,0.6931471805599453
187,5349,5350,98,98,0,0.10121035803945697,0.6931471805599452,0.6931471805599452
187,5350,5351,98,98,0,0.10071464665994352,0.6931471805599452,0.6931471805599452
187,5351,5352,98,98,0,0.10133379629375983,0.6931471805599454,0.6931471805599452
187,5352,5353,98,98,0,0.10108241051131366,0.6931471805599452,0.6931471805599452
187,5353,5354,98,98,0,0.10118716407795342,0.6931471805599452,0.6931471805599453
187,5354,5355,98,98,0,0.10043735308002452,0.6931471805599454,0.6931471805599453
187,5355,5356,98,98,0,0.10130296852819774,0.6931471805599454,0.6931471805599453
187,5356,5357,98,98,0,0.10059700510939773,0.6931471805599452,0.6931471805599452
187,5357,5358,98,98,0,0.10125204487418642,0.6931471805599452,0.6931471805599452
187,5358,5359,98,98,0,0.10040605273477886,0.6931471805599452,0.6931471805599452
187,5359,5360,98,98,0,0.10363938796276949,0.6931471805599452,0.6931471805599452
187,5360,5361,98,98,0,0.10147210704732915,0.6931471805599452,0.6931471805599453
187,5361,5362,98,98,0,0.10055517154384633,0.6931471805599452,0.6931471805599453
187,5362,5363,98,98,0,0.10139341006169514,0.6931471805599452,0.6931471805599453
187,5363,5364,98,98,0,0.10164172597685639,0.6931471805599454,0.6931471805599452
187,5364,5365,98,98,0,0.10068322041509103,0.6931471805599454,0.6931471805599452
187,5365,5366,98,98,0,0.10034249479673346,0.6931471805599452,0.6931471805599452
187,5366,5367,98,98,0,0.10032891603756924,0.6931471805599452,0.6931471805599452
187,5367,5368,98,98,0,0.10192396544984408,0.6931471805599452,0.6931471805599452
187,5368,5369,98,98,0,0.10033985440220151,0.6931471805599454,0.6931471805599453
187,5369,5370,98,98,0,0.10039069321082562,0.6931471805599452,0.6931471805599453
187,5370,5371,98,98,0,0.1009107658601537,0.6931471805599454,0.6931471805599453
187,5371,5372,98,98,0,0.10158292462631148,0.6931471805599454,0.6931471805599452
187,5372,5373,98,98,0,0.10069356174493323,0.6931471805599454,0.6931471805599452
187,5373,5374,98,98,0,0.10039318839506227,0.6931471805599452,0.6931471805599452
187,5374,5375,98,98,0,0.10082100825954457,0.6931471805599452,0.6931471805599452
187,5375,5376,98,98,0,0.10041996160027933,0.6931471805599452,0.6931471805599453
187,5376,5377,98,98,0,0.10161339567632091,0.6931471805599454,0.6931471805599453
187,5377,5378,98,98,0,0.10061864729742614,0.6931471805599452,0.6931471805599453
187,5378,5379,98,98,0,0.10030263844801456,0.6931471805599452,0.6931471805599452
187,5379,5380,98,98,0,0.10075141421082068,0.6931471805599452,0.6931471805599452
187,5380,5381,98,98,0,0.10157046512681611,0.6931471805599454,0.6931471805599452
187,5381,5382,98,98,0,0.10106475537224692,0.6931471805599452,0.6931471805599452
187,5382,5383,65,65,1,0.10069285138295248,0.6931471805599454,0.6931471805599452
187,5383,5384,98,98,0,0.10045310033827412,0.6931471805599454,0.6931471805599453
187,5384,5385,98,98,0,0.10074903101337199,0.6931471805599452,0.6931471805599453
187,5385,5386,98,98,0,0.10107922333539748,0.6931471805599454,0.6931471805599453
187,5386,5387,46,46,1,0.10081568538494733,0.6931471805599452,0.6931471805599452
187,5387,5388,98,98,0,0.10126094056331382,0.6931471805599452,0.6931471805599452
187,5388,5389,62,62,1,0.10174895546609355,0.6931471805599452,0.6931471805599452
187,5389,5390,98,98,0,0.10152418569338564,0.6931471805599454,0.6931471805599452
187,5390,5391,98,98,0,0.10288884734012643,0.6931471805599452,0.6931471805599453
187,5391,5392,50,50,1,0.10275872111320496,0.6931471805599452,0.6931471805599453
187,5392,5393,98,98,0,0.10137397073665444,0.6931471805599454,0.6931471805599453
187,5393,5394,98,98,0,0.10298284774228018,0.6931471805599452,0.6931471805599452
187,5394,5395,98,98,0,0.10064554260093339,0.6931471805599452,0.6931471805599452
187,5395,5396,98,98,0,0.1009567316849621,0.6931471805599454,0.6931471805599452
187,5396,5397,98,98,0,0.10168143179343671,0.6931471805599454,0.6931471805599452
187,5397,5398,11,11,1,0.10741683502088893,0.6931471805599452,0.6931471805599453
187,5398,5399,98,98,0,0.10176323894031193,0.6931471805599452,0.6931471805599453
187,5399,5400,98,98,0,0.10047001558907177,0.6931471805599452,0.6931471805599453
187,5400,5401,98,98,0,0.10114980169704982,0.6931471805599452,0.6931471805599453
187,5401,5402,98,98,0,0.10189898859481422,0.6931471805599452,0.6931471805599452
187,5402,5403,98,98,0,0.10152261780232799,0.6931471805599454,0.6931471805599452
187,5403,5404,98,98,0,0.10041638228053949,0.6931471805599452,0.6931471805599452
187,5404,5405,98,98,0,0.10152947575766214,0.6931471805599454,0.6931471805599452
187,5405,5406,98,98,0,0.10083950926758806,0.6931471805599454,0.6931471805599453
187,5406,5407,98,98,0,0.10288624830391942,0.6931471805599452,0.6931471805599453
187,5407,5408,98,98,0,0.101461260826612,0.6931471805599452,0.6931471805599453
187,5408,5409,41,41,1,0.10342231120278196,0.6931471805599452,0.6931471805599452
187,5409,5410,22,22,1,0.10535725172270428,0.6931471805599452,0.6931471805599452
187,5410,5411,98,98,0,0.10087615905367599,0.6931471805599452,0.6931471805599452
187,5411,5412,98,98,0,0.10211368695813783,0.6931471805599452,0.6931471805599452
187,5412,5413,98,98,0,0.10096736054639427,0.6931471805599454,0.6931471805599453
187,5413,5414,98,98,0,0.10079558566212654,0.6931471805599454,0.6931471805599453
187,5414,5415,98,98,0,0.10227382950940911,0.6931471805599452,0.6931471805599453
187,5415,5416,98,98,0,0.10077394545078278,0.6931471805599454,0.6931471805599452
187,5416,5417,98,98,0,0.10064248140065038,0.6931471805599452,0.6931471805599452
187,5417,5418,98,98,0,0.10178061977637057,0.6931471805599454,0.6931471805599452
187,5418,5419,98,98,0,0.10166254092235955,0.6931471805599452,0.6931471805599452
187,5419,5420,98,98,0,0.10074224034134223,0.6931471805599454,0.6931471805599452
187,5420,5421,98,98,0,0.10068739106764599,0.6931471805599452,0.6931471805599453
187,5421,5422,90,90,1,0.10038950658506818,0.6931471805599452,0.6931471805599453
187,5422,5423,54,54,1,0.10082672701941596,0.6931471805599452,0.6931471805599453
187,5423,5424,98,98,0,0.10118408949703586,0.6931471805599454,0.6931471805599452
187,5424,5425,45,45,1,0.10112388084332148,0.6931471805599452,0.6931471805599452
187,5425,5426,56,56,1,0.10249637187059436,0.6931471805599452,0.6931471805599452
187,5426,5427,98,98,0,0.1010705332214735,0.6931471805599452,0.6931471805599452
187,5427,5428,98,98,0,0.10153657844176098,0.6931471805599452,0.6931471805599453
187,5428,5429,98,98,0,0.10050994872438665,0.6931471805599452,0.6931471805599453
187,5429,5430,98,98,0,0.10241823962756566,0.6931471805599452,0.6931471805599453
187,5430,5431,90,90,1,0.10228780127233929,0.6931471805599452,0.6931471805599452
187,5431,5432,98,98,0,0.100581771180946,0.6931471805599452,0.6931471805599452
187,5432,5433,98,98,0,0.10129266711218017,0.6931471805599452,0.6931471805599452
187,5433,5434,98,98,0,0.10173419596893447,0.6931471805599454,0.6931471805599452
187,5434,5435,98,98,0,0.10036020687952334,0.6931471805599452,0.6931471805599453
187,5435,5436,98,98,0,0.10115696337758279,0.6931471805599452,0.6931471805599453
187,5436,5437,98,98,0,0.10052494202949563,0.6931471805599452,0.6931471805599453
187,5437,5438,98,98,0,0.10045260563492775,0.6931471805599452,0.6931471805599452
187,5438,5439,98,98,0,0.10193949162351842,0.6931471805599452,0.6931471805599452
187,5439,5440,59,59,1,0.10202069871001325,0.6931471805599452,0.6931471805599452
187,5440,5441,98,98,0,0.10176817251711476,0.6931471805599452,0.6931471805599452
187,5441,5442,98,98,0,0.10090793190257889,0.6931471805599452,0.6931471805599453
187,5442,5443,98,98,0,0.10159801957862717,0.6931471805599452,0.6931471805599453
187,5443,5444,45,45,1,0.10059148205651178,0.6931471805599452,0.6931471805599453
187,5444,5445,98,98,0,0.1001443732149747,0.6931471805599452,0.6931471805599452
187,5445,5446,98,98,0,0.10051666694332143,0.6931471805599454,0.6931471805599452
187,5446,5447,93,93,1,0.10030216162884108,0.6931471805599452,0.6931471805599452
187,5447,5448,82,82,1,0.1009163866501029,0.6931471805599452,0.6931471805599452
187,5448,5449,98,98,0,0.10096259643228686,0.6931471805599454,0.6931471805599452
187,5449,5450,22,22,1,0.1044155985794284,0.6931471805599452,0.6931471805599453
187,5450,5451,98,98,0,0.1010970294627608,0.6931471805599452,0.6931471805599453
187,5451,5452,98,98,0,0.101939429357952,0.6931471805599452,0.6931471805599453
187,5452,5453,98,98,0,0.10138186850413984,0.6931471805599454,0.6931471805599452
187,5453,5454,98,98,0,0.10091147685841638,0.6931471805599452,0.6931471805599452
187,5454,5455,98,98,0,0.10282273263651498,0.6931471805599452,0.6931471805599452
187,5455,5456,36,36,1,0.10328142158687115,0.6931471805599454,0.6931471805599452
187,5456,5457,98,98,0,0.10063260033422587,0.6931471805599454,0.6931471805599453
187,5457,5458,81,81,1,0.10221918883882923,0.6931471805599452,0.6931471805599453
187,5458,5459,98,98,0,0.10201693014526854,0.6931471805599454,0.6931471805599453
187,5459,5460,90,90,1,0.10221906205018362,0.6931471805599452,0.6931471805599452
187,5460,5461,98,98,0,0.10163592091020272,0.6931471805599454,0.6931471805599452
187,5461,5462,98,98,0,0.10102437565825423,0.6931471805599454,0.6931471805599452
187,5462,5463,63,63,1,0.10206489194007147,0.6931471805599452,0.6931471805599452
187,5463,5464,98,98,0,0.10095828817206987,0.6931471805599452,0.6931471805599452
187,5464,5465,98,98,0,0.10167782061866351,0.6931471805599452,0.6931471805599453
187,5465,5466,98,98,0,0.10272357088266587,0.6931471805599452,0.6931471805599453
187,5466,5467,98,98,0,0.1013295087127053,0.6931471805599452,0.6931471805599453
187,5467,5468,98,98,0,0.10133961451296904,0.6931471805599452,0.6931471805599452
187,5468,5469,98,98,0,0.10155570058494198,0.6931471805599454,0.6931471805599452
187,5469,5470,98,98,0,0.10105874777144315,0.6931471805599454,0.6931471805599452
187,5470,5471,98,98,0,0.10115683740194963,0.6931471805599454,0.6931471805599452
187,5471,5472,98,98,0,0.10056735552391227,0.6931471805599452,0.6931471805599453
187,5472,5473,98,98,0,0.10123531261877138,0.6931471805599452,0.6931471805599453
187,5473,5474,98,98,0,0.10153342654206315,0.6931471805599454,0.6931471805599453
187,5474,5475,98,98,0,0.10156033963573222,0.6931471805599452,0.6931471805599452
187,5475,5476,98,98,0,0.10046342144511183,0.6931471805599452,0.6931471805599452
187,5476,5477,98,98,0,0.10070099103815701,0.6931471805599452,0.6931471805599452
187,5477,5478,18,18,1,0.1006390903558996,0.6931471805599452,0.6931471805599452
187,5478,5479,98,98,0,0.10061982486929212,0.6931471805599454,0.6931471805599453
187,5479,5480,98,98,0,0.1011347703027482,0.6931471805599452,0.6931471805599453
187,5480,5481,98,98,0,0.10060815566352435,0.6931471805599452,0.6931471805599453
187,5481,5482,98,98,0,0.10080786376279227,0.6931471805599454,0.6931471805599452
187,5482,5483,98,98,0,0.10067799520127628,0.6931471805599452,0.6931471805599452
187,5483,5484,98,98,0,0.10144996802721705,0.6931471805599452,0.6931471805599452
187,5484,5485,98,98,0,0.10161746779874879,0.6931471805599454,0.6931471805599452
187,5485,5486,98,98,0,0.10145048052072525,0.6931471805599452,0.6931471805599452
187,5486,5487,98,98,0,0.10140545468549339,0.6931471805599452,0.6931471805599453
187,5487,5488,98,98,0,0.10064822154081597,0.6931471805599452,0.6931471805599453
187,5488,5489,98,98,0,0.10104229506485317,0.6931471805599452,0.6931471805599453
187,5489,5490,98,98,0,0.10136338171302056,0.6931471805599452,0.6931471805599452
187,5490,5491,98,98,0,0.10136211290955544,0.6931471805599454,0.6931471805599452
187,5491,5492,98,98,0,0.10044174337265444,0.6931471805599452,0.6931471805599452
187,5492,5493,98,98,0,0.10090000182390213,0.6931471805599454,0.6931471805599452
187,5493,5494,98,98,0,0.10053503802236245,0.6931471805599452,0.6931471805599453
187,5494,5495,72,72,1,0.10306594262106551,0.6931471805599452,0.6931471805599453
187,5495,5496,98,98,0,0.10188941961648512,0.6931471805599454,0.6931471805599453
187,5496,5497,98,98,0,0.10043678212226653,0.6931471805599452,0.6931471805599452
187,5497,5498,98,98,0,0.10265794358387285,0.6931471805599452,0.6931471805599452
187,5498,5499,98,98,0,0.10046289952433839,0.6931471805599452,0.6931471805599452
187,5499,5500,98,98,0,0.10108492074876416,0.6931471805599454,0.6931471805599452
187,5500,5501,96,96,1,0.10061725399767359,0.6931471805599452,0.6931471805599452
187,5501,5502,98,98,0,0.10206579128090217,0.6931471805599454,0.6931471805599453
187,5502,5503,98,98,0,0.10145252464073044,0.6931471805599452,0.6931471805599453
187,5503,5504,98,98,0,0.10119561736985129,0.6931471805599452,0.6931471805599452
187,5504,5505,98,98,0,0.10155717063010955,0.6931471805599452,0.6931471805599452
187,5505,5506,39,39,1,0.10115372981780614,0.6931471805599452,0.6931471805599452
187,5506,5507,63,63,1,0.10191002156999376,0.6931471805599454,0.6931471805599452
187,5507,5508,96,96,1,0.10054055065847933,0.6931471805599454,0.6931471805599452
187,5508,5509,12,12,1,0.10608136591811974,0.6931471805599452,0.6931471805599453
187,5509,5510,98,98,0,0.10166328765299855,0.6931471805599454,0.6931471805599453
187,5510,5511,98,98,0,0.1017608882821336,0.6931471805599454,0.6931471805599453
187,5511,5512,98,98,0,0.10116860088036984,0.6931471805599454,0.6931471805599452
187,5512,5513,98,98,0,0.10076548181930367,0.6931471805599454,0.6931471805599452
187,5513,5514,98,98,0,0.10223207972487625,0.6931471805599454,0.6931471805599452
187,5514,5515,98,98,0,0.1006077838187315,0.6931471805599452,0.6931471805599452
187,5515,5516,98,98,0,0.10109398209927034,0.6931471805599454,0.6931471805599452
187,5516,5517,98,98,0,0.1004864394816817,0.6931471805599454,0.6931471805599453
187,5517,5518,98,98,0,0.10174355519061186,0.6931471805599454,0.6931471805599453
187,5518,5519,98,98,0,0.10181361208764875,0.6931471805599452,0.6931471805599453
187,5519,5520,98,98,0,0.10064796426770639,0.6931471805599452,0.6931471805599452
187,5520,5521,98,98,0,0.10160909912415914,0.6931471805599452,0.6931471805599452
187,5521,5522,98,98,0,0.10158889626665991,0.6931471805599454,0.6931471805599452
187,5522,5523,98,98,0,0.10109760178899278,0.6931471805599454,0.6931471805599452
187,5523,5524,98,98,0,0.10094066389969417,0.6931471805599452,0.6931471805599453
187,5524,5525,98,98,0,0.10069750576299064,0.6931471805599454,0.6931471805599453
187,5525,5526,98,98,0,0.10131312473392,0.6931471805599454,0.6931471805599453
187,5526,5527,98,98,0,0.10079572319376226,0.6931471805599454,0.6931471805599452
187,5527,5528,98,98,0,0.1012404760231777,0.6931471805599454,0.6931471805599452
187,5528,5529,51,51,1,0.10279592009736042,0.6931471805599452,0.6931471805599452
187,5529,5530,98,98,0,0.10113866505574207,0.6931471805599452,0.6931471805599452
187,5530,5531,98,98,0,0.10097616059439522,0.6931471805599454,0.6931471805599453
187,5531,5532,98,98,0,0.10039133266830931,0.6931471805599452,0.6931471805599453
187,5532,5533,67,67,1,0.10211719227815742,0.6931471805599454,0.6931471805599453
187,5533,5534,98,98,0,0.10167926534706233,0.6931471805599454,0.6931471805599453
187,5534,5535,98,98,0,0.10034040376848104,0.6931471805599452,0.6931471805599452
187,5535,5536,98,98,0,0.10046054035121081,0.6931471805599452,0.6931471805599452
187,5536,5537,98,98,0,0.10101942239063126,0.6931471805599452,0.6931471805599452
187,5537,5538,98,98,0,0.10089174285531044,0.6931471805599452,0.6931471805599453
187,5538,5539,98,98,0,0.10145591822813968,0.6931471805599454,0.6931471805599453
187,5539,5540,98,98,0,0.10191346552907204,0.6931471805599452,0.6931471805599453
187,5540,5541,98,98,0,0.10148788304353247,0.6931471805599452,0.6931471805599453
187,5541,5542,98,98,0,0.10185607134991763,0.6931471805599454,0.6931471805599452
187,5542,5543,98,98,0,0.10058373494111762,0.6931471805599452,0.6931471805599452
187,5543,5544,52,52,1,0.10120613342867447,0.6931471805599454,0.6931471805599452
187,5544,5545,98,98,0,0.10074871018224833,0.6931471805599454,0.6931471805599453
187,5545,5546,98,98,0,0.10113874503544398,0.6931471805599452,0.6931471805599453
187,5546,5547,46,46,1,0.10110707143726556,0.6931471805599452,0.6931471805599453
187,5547,5548,98,98,0,0.10034963184473467,0.6931471805599452,0.6931471805599453
187,5548,5549,98,98,0,0.10077577859771494,0.6931471805599452,0.6931471805599453
187,5549,5550,98,98,0,0.10049260133991436,0.6931471805599452,0.6931471805599452
187,5550,5551,98,98,0,0.10074509657463249,0.6931471805599452,0.6931471805599452
187,5551,5552,98,98,0,0.10188020089147043,0.6931471805599452,0.6931471805599452
187,5552,5553,61,61,1,0.1027290255564158,0.6931471805599452,0.6931471805599453
187,5553,5554,57,57,1,0.10056393136057937,0.6931471805599454,0.6931471805599453
187,5554,5555,98,98,0,0.10158652401700312,0.6931471805599454,0.6931471805599453
187,5555,5556,98,98,0,0.10125314946077307,0.6931471805599454,0.6931471805599453
187,5556,5557,98,98,0,0.10121719972515593,0.6931471805599452,0.6931471805599452
187,5557,5558,98,98,0,0.10134068838491732,0.6931471805599452,0.6931471805599452
187,5558,5559,98,98,0,0.10191609049025847,0.6931471805599452,0.6931471805599452
187,5559,5560,98,98,0,0.10091151920508365,0.6931471805599452,0.6931471805599453
187,5560,5561,98,98,0,0.10132600283440278,0.6931471805599452,0.6931471805599453
187,5561,5562,98,98,0,0.1003547302466266,0.6931471805599452,0.6931471805599453
187,5562,5563,98,98,0,0.10136077340160098,0.6931471805599454,0.6931471805599453
187,5563,5564,98,98,0,0.10023619074906621,0.6931471805599454,0.6931471805599452
187,5564,5565,98,98,0,0.10244730411439526,0.6931471805599452,0.6931471805599452
187,5565,5566,98,98,0,0.10174725090666693,0.6931471805599452,0.6931471805599452
187,5566,5567,98,98,0,0.10105846274872216,0.6931471805599452,0.6931471805599452
187,5567,5568,98,98,1,0.10118516853877477,0.6931471805599452,0.6931471805599453
187,5568,5569,98,98,0,0.10071335368010463,0.6931471805599452,0.6931471805599453
187,5569,5570,98,98,0,0.10064089701187853,0.6931471805599454,0.6931471805599453
187,5570,5571,73,73,1,0.10135830122314088,0.6931471805599452,0.6931471805599453
187,5571,5572,98,98,0,0.10101238311249383,0.6931471805599452,0.6931471805599452
187,5572,5573,98,98,0,0.10110452687557862,0.6931471805599452,0.6931471805599452
187,5573,5574,98,98,0,0.10268689479146685,0.6931471805599452,0.6931471805599452
187,5574,5575,98,98,0,0.10075640305876732,0.6931471805599454,0.6931471805599453
187,5575,5576,98,98,0,0.1017992970894794,0.6931471805599454,0.6931471805599453
187,5576,5577,98,98,0,0.10170314666263912,0.6931471805599454,0.6931471805599453
187,5577,5578,98,98,0,0.10032935531771912,0.6931471805599452,0.6931471805599453
187,5578,5579,98,98,0,0.10039786644736115,0.6931471805599454,0.6931471805599452
187,5579,5580,98,98,0,0.10049036700202495,0.6931471805599454,0.6931471805599452
187,5580,5581,98,98,0,0.10231414520922973,0.6931471805599452,0.6931471805599452
187,5581,5582,98,98,0,0.10106814348576021,0.6931471805599454,0.6931471805599452
187,5582,5583,98,98,0,0.10115592812701148,0.6931471805599454,0.6931471805599453
187,5583,5584,98,98,0,0.10130242858918345,0.6931471805599452,0.6931471805599453
187,5584,5585,98,98,0,0.10178767935353883,0.6931471805599452,0.6931471805599453
187,5585,5586,98,98,0,0.10141132148552914,0.6931471805599452,0.6931471805599453
187,5586,5587,98,98,0,0.10059272573918712,0.6931471805599452,0.6931471805599452
187,5587,5588,98,98,0,0.10065740506563868,0.6931471805599454,0.6931471805599452
187,5588,5589,98,98,0,0.10097804140983796,0.6931471805599454,0.6931471805599452
187,5589,5590,98,98,0,0.10100200985159193,0.6931471805599452,0.6931471805599453
187,5590,5591,98,98,0,0.10280305299223685,0.6931471805599452,0.6931471805599453
187,5591,5592,98,98,0,0.10068627758597841,0.6931471805599452,0.6931471805599453
187,5592,5593,98,98,0,0.10071499334002028,0.6931471805599454,0.6931471805599453
187,5593,5594,98,98,0,0.10130301703299795,0.6931471805599454,0.6931471805599452
187,5594,5595,11,11,1,0.11184029687534679,0.6931471805599452,0.6931471805599452
187,5595,5596,98,98,0,0.10118698381951877,0.6931471805599454,0.6931471805599452
187,5596,5597,98,98,0,0.10080340238554138,0.6931471805599452,0.6931471805599453
187,5597,5598,98,98,0,0.100579065403768,0.6931471805599452,0.6931471805599453
187,5598,5599,98,98,0,0.10135628564321265,0.6931471805599452,0.6931471805599453
187,5599,5600,98,98,0,0.10071842919807045,0.6931471805599454,0.6931471805599453
187,5600,5601,98,98,0,0.10024938633551403,0.6931471805599452,0.6931471805599453
187,5601,5602,98,98,0,0.10106329635089757,0.6931471805599452,0.6931471805599452
187,5602,5603,49,49,1,0.10172312995608972,0.6931471805599452,0.6931471805599452
187,5603,5604,98,98,0,0.10144642626448554,0.6931471805599452,0.6931471805599452
187,5604,5605,98,98,0,0.10123607402249259,0.6931471805599452,0.6931471805599453
187,5605,5606,98,98,0,0.10087462438612568,0.6931471805599452,0.6931471805599453
187,5606,5607,98,98,0,0.10156712293320773,0.6931471805599454,0.6931471805599453
187,5607,5608,98,98,0,0.10069028531410257,0.6931471805599452,0.6931471805599453
187,5608,5609,98,98,0,0.10135227076861324,0.6931471805599454,0.6931471805599452
187,5609,5610,98,98,0,0.10067332748855863,0.6931471805599454,0.6931471805599452
187,5610,5611,98,98,0,0.10123799034223264,0.6931471805599454,0.6931471805599452
187,5611,5612,98,98,0,0.10116907832573871,0.6931471805599452,0.6931471805599453
187,5612,5613,98,98,0,0.10085444836592188,0.6931471805599452,0.6931471805599453
187,5613,5614,98,98,0,0.10162631886041894,0.6931471805599454,0.6931471805599453
187,5614,5615,98,98,0,0.10104487676705633,0.6931471805599452,0.6931471805599453
187,5615,5616,86,86,1,0.10057150347288264,0.6931471805599452,0.6931471805599452
187,5616,5617,98,98,0,0.10096662658817913,0.6931471805599452,0.6931471805599452
187,5617,5618,98,98,0,0.10052329256218306,0.6931471805599452,0.6931471805599452
187,5618,5619,63,63,1,0.1012022320240263,0.6931471805599452,0.6931471805599452
187,5619,5620,98,98,0,0.10087749498839281,0.6931471805599452,0.6931471805599453
187,5620,5621,52,52,1,0.10287535233566394,0.6931471805599452,0.6931471805599453
187,5621,5622,98,98,0,0.10069254968239337,0.6931471805599452,0.6931471805599453
187,5622,5623,79,79,1,0.10088565832451929,0.6931471805599452,0.6931471805599452
187,5623,5624,98,98,0,0.10218534420947639,0.6931471805599452,0.6931471805599452
187,5624,5625,98,98,0,0.10119086671240475,0.6931471805599452,0.6931471805599452
187,5625,5626,70,70,1,0.10257731399365834,0.6931471805599454,0.6931471805599452
187,5626,5627,98,98,0,0.1007517750317953,0.6931471805599454,0.6931471805599452
187,5627,5628,98,98,0,0.10129671551439227,0.6931471805599452,0.6931471805599453
187,5628,5629,72,72,1,0.100625973712239,0.6931471805599454,0.6931471805599453
187,5629,5630,51,51,1,0.10071396550127104,0.6931471805599452,0.6931471805599453
187,5630,5631,98,98,0,0.1007015125787988,0.6931471805599454,0.6931471805599452
187,5631,5632,98,98,0,0.10142103681454853,0.6931471805599454,0.6931471805599452
187,5632,5633,98,98,0,0.10101611608145189,0.6931471805599452,0.6931471805599452
187,5633,5634,98,98,0,0.101972795566734,0.6931471805599454,0.6931471805599452
187,5634,5635,98,98,0,0.10094372852116215,0.6931471805599454,0.6931471805599453
187,5635,5636,98,98,0,0.10051133141529803,0.6931471805599452,0.6931471805599453
187,5636,5637,98,98,0,0.1010038861054547,0.6931471805599452,0.6931471805599453
187,5637,5638,44,44,1,0.10040420141409744,0.6931471805599452,0.6931471805599452
187,5638,5639,98,98,0,0.1012017837896639,0.6931471805599452,0.6931471805599452
187,5639,5640,98,98,0,0.10049526279374045,0.6931471805599454,0.6931471805599452
187,5640,5641,98,98,0,0.10041840131185492,0.6931471805599454,0.6931471805599452
187,5641,5642,98,98,0,0.10156346294952899,0.6931471805599454,0.6931471805599453
187,5642,5643,98,98,0,0.10030556568989948,0.6931471805599452,0.6931471805599453
187,5643,5644,98,98,1,0.10064908983756085,0.6931471805599454,0.6931471805599453
187,5644,5645,98,98,0,0.10185536734607754,0.6931471805599452,0.6931471805599453
187,5645,5646,98,98,0,0.10093923331219323,0.6931471805599452,0.6931471805599452
187,5646,5647,98,98,0,0.10051422193646431,0.6931471805599452,0.6931471805599452
187,5647,5648,98,98,0,0.10183635232399921,0.6931471805599452,0.6931471805599452
187,5648,5649,98,98,0,0.10082631489756155,0.6931471805599454,0.6931471805599452
187,5649,5650,98,98,0,0.10164228971211278,0.6931471805599452,0.6931471805599453
187,5650,5651,98,98,0,0.10099378676742923,0.6931471805599452,0.6931471805599453
187,5651,5652,98,98,0,0.10096208469904198,0.6931471805599454,0.6931471805599453
187,5652,5653,98,98,0,0.10141808592847415,0.6931471805599454,0.6931471805599452
187,5653,5654,98,98,0,0.10152259005271659,0.6931471805599452,0.6931471805599452
187,5654,5655,98,98,0,0.10153980720408108,0.6931471805599452,0.6931471805599452
187,5655,5656,98,98,0,0.1012747303715774,0.6931471805599454,0.6931471805599452
187,5656,5657,98,98,0,0.10092821306720072,0.6931471805599452,0.6931471805599453
187,5657,5658,98,98,0,0.10044374506996602,0.6931471805599452,0.6931471805599453
187,5658,5659,98,98,0,0.10032527848165862,0.6931471805599454,0.6931471805599453
187,5659,5660,98,98,0,0.10131620813389214,0.6931471805599452,0.6931471805599453
187,5660,5661,98,98,0,0.1010951540451877,0.6931471805599452,0.6931471805599452
187,5661,5662,98,98,0,0.1005962436296502,0.6931471805599454,0.6931471805599452
187,5662,5663,98,98,0,0.10143811270898702,0.6931471805599452,0.6931471805599452
187,5663,5664,98,98,0,0.10133764831995477,0.6931471805599452,0.6931471805599452
187,5664,5665,98,98,0,0.101766935340604,0.6931471805599454,0.6931471805599453
187,5665,5666,98,98,0,0.10150782961626442,0.6931471805599452,0.6931471805599453
187,5666,5667,98,98,0,0.10062076850813262,0.6931471805599454,0.6931471805599453
187,5667,5668,97,97,1,0.10084550105726596,0.6931471805599452,0.6931471805599452
187,5668,5669,98,98,0,0.10116108993486482,0.6931471805599452,0.6931471805599452
187,5669,5670,54,54,1,0.10174837860244292,0.6931471805599452,0.6931471805599452
187,5670,5671,98,98,0,0.1006443771172543,0.6931471805599452,0.6931471805599452
187,5671,5672,98,98,0,0.10249595199616587,0.6931471805599452,0.6931471805599453
187,5672,5673,98,98,0,0.10034186567883102,0.6931471805599452,0.6931471805599453
187,5673,5674,98,98,0,0.10132622323474105,0.6931471805599452,0.6931471805599453
187,5674,5675,98,98,0,0.1005590273713579,0.6931471805599452,0.6931471805599452
187,5675,5676,98,98,0,0.10155801923603427,0.6931471805599454,0.6931471805599452
187,5676,5677,52,52,1,0.1004545555378382,0.6931471805599452,0.6931471805599452
187,5677,5678,98,98,0,0.10137438796916787,0.6931471805599452,0.6931471805599452
187,5678,5679,98,98,0,0.10136839709415728,0.6931471805599452,0.6931471805599453
187,5679,5680,98,98,0,0.10061700376016754,0.6931471805599452,0.6931471805599453
187,5680,5681,98,98,0,0.10172421317927692,0.6931471805599452,0.6931471805599453
187,5681,5682,98,98,0,0.10055254209710628,0.6931471805599452,0.6931471805599453
187,5682,5683,98,98,0,0.10053046587474491,0.6931471805599452,0.6931471805599452
187,5683,5684,46,46,1,0.10292249917984009,0.6931471805599452,0.6931471805599452
187,5684,5685,98,98,0,0.10071180160252416,0.6931471805599452,0.6931471805599452
187,5685,5686,98,98,0,0.10107306018471718,0.6931471805599454,0.6931471805599452
187,5686,5687,98,98,0,0.10087984070485952,0.6931471805599454,0.6931471805599453
187,5687,5688,46,46,1,0.10093094959207204,0.6931471805599452,0.6931471805599453
187,5688,5689,98,98,0,0.10125144457026404,0.6931471805599452,0.6931471805599453
187,5689,5690,98,98,0,0.10109695989866646,0.6931471805599454,0.6931471805599452
187,5690,5691,98,98,0,0.10059118324092456,0.6931471805599454,0.6931471805599452
187,5691,5692,98,98,0,0.10060993566805003,0.6931471805599452,0.6931471805599452
187,5692,5693,98,98,0,0.1005644472886105,0.6931471805599454,0.6931471805599452
187,5693,5694,98,98,0,0.10152315439618363,0.6931471805599454,0.6931471805599453
187,5694,5695,56,56,1,0.10083034275365728,0.6931471805599452,0.6931471805599453
187,5695,5696,98,98,0,0.10120268052025717,0.6931471805599452,0.6931471805599453
187,5696,5697,98,98,0,0.10154411903753573,0.6931471805599454,0.6931471805599453
187,5697,5698,98,98,0,0.1011008414991048,0.6931471805599452,0.6931471805599452
187,5698,5699,98,98,0,0.10103158265048144,0.6931471805599452,0.6931471805599452
187,5699,5700,87,87,1,0.1009929650302591,0.6931471805599452,0.6931471805599452
187,5700,5701,60,60,1,0.10178806595504283,0.6931471805599452,0.6931471805599452
187,5701,5702,98,98,0,0.10147866447057043,0.6931471805599452,0.6931471805599453
187,5702,5703,20,20,1,0.10527281537652015,0.6931471805599452,0.6931471805599453
187,5703,5704,98,98,0,0.10049054019001065,0.6931471805599452,0.6931471805599453
187,5704,5705,98,98,0,0.10060865302779237,0.6931471805599454,0.6931471805599452
187,5705,5706,98,98,0,0.10142628035070944,0.6931471805599452,0.6931471805599452
187,5706,5707,67,67,1,0.10099857889894229,0.6931471805599452,0.6931471805599452
187,5707,5708,98,98,0,0.10098697397173667,0.6931471805599452,0.6931471805599452
187,5708,5709,98,98,0,0.10135181407843318,0.6931471805599452,0.6931471805599453
187,5709,5710,98,98,0,0.10180723431463144,0.6931471805599452,0.6931471805599453
187,5710,5711,98,98,0,0.10153108105367543,0.6931471805599454,0.6931471805599453
187,5711,5712,74,74,1,0.10137550079741993,0.6931471805599452,0.6931471805599452
187,5712,5713,98,98,0,0.1013511639012366,0.6931471805599452,0.6931471805599452
187,5713,5714,98,98,0,0.1007569401848073,0.6931471805599452,0.6931471805599452
187,5714,5715,98,98,0,0.10072989016771317,0.6931471805599452,0.6931471805599452
187,5715,5716,98,98,0,0.10088233414049051,0.6931471805599454,0.6931471805599453
187,5716,5717,98,98,0,0.10105481394091431,0.6931471805599454,0.6931471805599453
187,5717,5718,98,98,0,0.1015387815328277,0.6931471805599454,0.6931471805599453
187,5718,5719,98,98,0,0.10106137280865592,0.6931471805599452,0.6931471805599452
187,5719,5720,98,98,0,0.1011965556868485,0.6931471805599452,0.6931471805599452
187,5720,5721,11,11,1,0.10600033063780177,0.6931471805599452,0.6931471805599452
187,5721,5722,98,98,0,0.10048132420194392,0.6931471805599452,0.6931471805599452
187,5722,5723,98,98,0,0.10156998768144725,0.6931471805599454,0.6931471805599452
187,5723,5724,98,98,0,0.10147409612426952,0.6931471805599452,0.6931471805599453
187,5724,5725,98,98,0,0.1007557388166992,0.6931471805599454,0.6931471805599453
187,5725,5726,98,98,0,0.10025443448400011,0.6931471805599454,0.6931471805599453
187,5726,5727,98,98,0,0.10112109324153588,0.6931471805599452,0.6931471805599452
187,5727,5728,98,98,0,0.10154072316933652,0.6931471805599452,0.6931471805599452
187,5728,5729,98,98,0,0.1008328018443925,0.6931471805599454,0.6931471805599452
187,5729,5730,98,98,0,0.10201800530966447,0.6931471805599452,0.6931471805599452
187,5730,5731,98,98,0,0.10110704646426805,0.6931471805599452,0.6931471805599453
187,5731,5732,98,98,0,0.10034427214033749,0.6931471805599454,0.6931471805599453
187,5732,5733,98,98,0,0.10116479910758076,0.6931471805599452,0.6931471805599453
187,5733,5734,98,98,0,0.10045879341813983,0.6931471805599452,0.6931471805599452
187,5734,5735,62,62,1,0.10094072357300789,0.6931471805599452,0.6931471805599452
187,5735,5736,98,98,0,0.10077257994182255,0.6931471805599454,0.6931471805599452
187,5736,5737,98,98,0,0.1003928400424062,0.6931471805599452,0.6931471805599452
187,5737,5738,98,98,0,0.10103627248686187,0.6931471805599454,0.6931471805599452
187,5738,5739,75,75,1,0.10186663260062535,0.6931471805599454,0.6931471805599453
187,5739,5740,98,98,0,0.10042400445256915,0.6931471805599452,0.6931471805599453
187,5740,5741,42,42,1,0.10080953403597787,0.6931471805599452,0.6931471805599453
187,5741,5742,98,98,0,0.1009674885747384,0.6931471805599454,0.6931471805599452
187,5742,5743,98,98,0,0.10095873064532572,0.6931471805599452,0.6931471805599452
187,5743,5744,71,71,1,0.1018861743136191,0.6931471805599452,0.6931471805599452
187,5744,5745,98,98,0,0.10381257990185096,0.6931471805599452,0.6931471805599452
187,5745,5746,98,98,0,0.10112889513981585,0.6931471805599452,0.6931471805599453
187,5746,5747,72,72,1,0.10113660163349575,0.6931471805599454,0.6931471805599453
187,5747,5748,98,98,0,0.10086514048126279,0.6931471805599454,0.6931471805599453
187,5748,5749,98,98,0,0.10207001287109997,0.6931471805599454,0.6931471805599452
187,5749,5750,61,61,1,0.10168444035483189,0.6931471805599452,0.6931471805599452
187,5750,5751,98,98,0,0.10082095929858637,0.6931471805599452,0.6931471805599452
187,5751,5752,98,98,0,0.10064114721453919,0.6931471805599452,0.6931471805599452
187,5752,5753,10,10,1,0.10142938271164895,0.6931471805599452,0.6931471805599452
187,5753,5754,98,98,0,0.10191550934497191,0.6931471805599452,0.6931471805599453
187,5754,5755,56,56,1,0.10011866010193314,0.6931471805599452,0.6931471805599453
187,5755,5756,98,98,0,0.10052363323617955,0.6931471805599452,0.6931471805599452
187,5756,5757,98,98,0,0.10160698255105895,0.6931471805599454,0.6931471805599452
187,5757,5758,98,98,0,0.10096095357926524,0.6931471805599454,0.6931471805599452
187,5758,5759,98,98,0,0.10048391320267502,0.6931471805599452,0.6931471805599452
187,5759,5760,98,98,0,0.10025305392182603,0.6931471805599452,0.6931471805599452
187,5760,5761,98,98,0,0.1002352477944627,0.6931471805599452,0.6931471805599453
187,5761,5762,98,98,0,0.10065279954246112,0.6931471805599452,0.6931471805599453
187,5762,5763,98,98,0,0.10144229225662289,0.6931471805599454,0.6931471805599453
187,5763,5764,98,98,0,0.10066750417558515,0.6931471805599452,0.6931471805599452
187,5764,5765,98,98,0,0.10140613017945874,0.6931471805599452,0.6931471805599452
187,5765,5766,67,67,1,0.100858862609116,0.6931471805599452,0.6931471805599452
187,5766,5767,98,98,0,0.10054217347381067,0.6931471805599454,0.6931471805599452
187,5767,5768,98,98,0,0.10060244920302411,0.6931471805599452,0.6931471805599453
187,5768,5769,98,98,0,0.10187394164350567,0.6931471805599454,0.6931471805599453
187,5769,5770,98,98,0,0.10023564031841803,0.6931471805599452,0.6931471805599453
187,5770,5771,98,98,0,0.10179049286003015,0.6931471805599452,0.6931471805599452
187,5771,5772,98,98,0,0.10075504439217704,0.6931471805599452,0.6931471805599452
187,5772,5773,98,98,0,0.10070968807047727,0.6931471805599452,0.6931471805599452
187,5773,5774,98,98,0,0.10159357158201081,0.6931471805599452,0.6931471805599452
187,5774,5775,63,63,1,0.1006806180590675,0.6931471805599454,0.6931471805599453
187,5775,5776,98,98,0,0.10021208629620318,0.6931471805599452,0.6931471805599453
187,5776,5777,98,98,0,0.10154722570156564,0.6931471805599454,0.6931471805599453
187,5777,5778,98,98,0,0.10193927631694444,0.6931471805599454,0.6931471805599453
187,5778,5779,98,98,0,0.10072933046185241,0.6931471805599452,0.6931471805599452
187,5779,5780,98,98,0,0.10097058429097643,0.6931471805599452,0.6931471805599452
187,5780,5781,98,98,0,0.10019642099434016,0.6931471805599452,0.6931471805599452
187,5781,5782,98,98,0,0.10227173308328706,0.6931471805599452,0.6931471805599452
187,5782,5783,98,98,0,0.10030746482768838,0.6931471805599452,0.6931471805599453
187,5783,5784,98,98,0,0.10060107799208894,0.6931471805599454,0.6931471805599453
187,5784,5785,98,98,0,0.10029633921019886,0.6931471805599454,0.6931471805599453
187,5785,5786,98,98,0,0.10077675720866845,0.6931471805599454,0.6931471805599452
187,5786,5787,98,98,0,0.1008588326524715,0.6931471805599454,0.6931471805599452
187,5787,5788,98,98,0,0.10254641523470684,0.6931471805599452,0.6931471805599452
187,5788,5789,98,98,0,0.10221801036778762,0.6931471805599454,0.6931471805599452
187,5789,5790,57,57,1,0.1029143039333193,0.6931471805599452,0.6931471805599453
187,5790,5791,98,98,0,0.10076272594077247,0.6931471805599452,0.6931471805599453
187,5791,5792,98,98,0,0.10080942511558533,0.6931471805599452,0.6931471805599453
187,5792,5793,98,98,0,0.10332788108867041,0.6931471805599452,0.6931471805599452
187,5793,5794,90,90,1,0.10028548282053736,0.6931471805599452,0.6931471805599452
187,5794,5795,98,98,0,0.10094560538323558,0.6931471805599452,0.6931471805599452
187,5795,5796,98,98,0,0.10075235731747685,0.6931471805599452,0.6931471805599452
187,5796,5797,98,98,0,0.10049814191095684,0.6931471805599452,0.6931471805599452
187,5797,5798,98,98,0,0.10060957104575877,0.6931471805599452,0.6931471805599453
187,5798,5799,80,80,1,0.10102025410160423,0.6931471805599452,0.6931471805599453
187,5799,5800,98,98,0,0.10203758231839355,0.6931471805599454,0.6931471805599453
187,5800,5801,98,98,0,0.10178703388997487,0.6931471805599454,0.6931471805599452
187,5801,5802,98,98,0,0.10120674618044678,0.6931471805599452,0.6931471805599452
187,5802,5803,98,98,0,0.10122784972190857,0.6931471805599452,0.6931471805599452
187,5803,5804,98,98,0,0.10040130587864896,0.6931471805599452,0.6931471805599452
187,5804,5805,98,98,0,0.1013671132374783,0.6931471805599454,0.6931471805599453
187,5805,5806,61,61,1,0.10118771454349892,0.6931471805599452,0.6931471805599453
187,5806,5807,85,85,1,0.10170023476376253,0.6931471805599452,0.6931471805599453
187,5807,5808,98,98,0,0.10041823352173883,0.6931471805599452,0.6931471805599452
187,5808,5809,71,71,1,0.10181707731434997,0.6931471805599452,0.6931471805599452
187,5809,5810,98,98,0,0.10060204337446058,0.6931471805599454,0.6931471805599452
187,5810,5811,98,98,0,0.10067726375193012,0.6931471805599454,0.6931471805599452
187,5811,5812,96,96,1,0.1017724620954444,0.6931471805599454,0.6931471805599453
187,5812,5813,98,98,0,0.10135450274968634,0.6931471805599452,0.6931471805599453
187,5813,5814,98,98,0,0.1005586032204482,0.6931471805599452,0.6931471805599453
187,5814,5815,98,98,0,0.10088267519461866,0.6931471805599452,0.6931471805599452
187,5815,5816,98,98,0,0.10102264879613507,0.6931471805599454,0.6931471805599452
187,5816,5817,98,98,0,0.1007828663806526,0.6931471805599452,0.6931471805599452
187,5817,5818,57,57,1,0.10202190881235558,0.6931471805599454,0.6931471805599452
187,5818,5819,98,98,0,0.10153673049442623,0.6931471805599452,0.6931471805599452
187,5819,5820,98,98,0,0.10067188678955545,0.6931471805599452,0.6931471805599453
187,5820,5821,98,98,0,0.10101414532685767,0.6931471805599454,0.6931471805599453
187,5821,5822,98,98,0,0.1007409188516286,0.6931471805599452,0.6931471805599453
187,5822,5823,98,98,0,0.10135371131556374,0.6931471805599452,0.6931471805599452
187,5823,5824,98,98,0,0.10152373219631156,0.6931471805599452,0.6931471805599452
187,5824,5825,98,98,0,0.10108942865413062,0.6931471805599454,0.6931471805599452
187,5825,5826,98,98,0,0.10049248076215082,0.6931471805599454,0.6931471805599452
187,5826,5827,98,98,0,0.10178810038736888,0.6931471805599452,0.6931471805599453
187,5827,5828,98,98,0,0.1013648195230231,0.6931471805599452,0.6931471805599453
187,5828,5829,98,98,0,0.10069147216118111,0.6931471805599454,0.6931471805599453
187,5829,5830,98,98,0,0.10196460213284103,0.6931471805599454,0.6931471805599452
187,5830,5831,98,98,0,0.10276127697861924,0.6931471805599452,0.6931471805599452
187,5831,5832,98,98,0,0.10045657314512195,0.6931471805599452,0.6931471805599452
187,5832,5833,98,98,0,0.10127001111300624,0.6931471805599452,0.6931471805599452
187,5833,5834,98,98,0,0.10075624606439046,0.6931471805599452,0.6931471805599453
187,5834,5835,54,54,1,0.10067229814551494,0.6931471805599452,0.6931471805599453
187,5835,5836,10,10,1,0.10886397585272789,0.6931471805599454,0.6931471805599453
187,5836,5837,98,98,0,0.10097094374347707,0.6931471805599454,0.6931471805599453
187,5837,5838,98,98,0,0.1004882491364771,0.6931471805599452,0.6931471805599452
187,5838,5839,98,98,0,0.10181238464250857,0.6931471805599454,0.6931471805599452
187,5839,5840,43,43,1,0.10333770028380461,0.6931471805599452,0.6931471805599452
187,5840,5841,98,98,0,0.10150142416966204,0.6931471805599452,0.6931471805599452
187,5841,5842,98,98,0,0.10109561871813268,0.6931471805599452,0.6931471805599453
187,5842,5843,98,98,0,0.10131951429101886,0.6931471805599452,0.6931471805599453
187,5843,5844,98,98,0,0.10072973917941658,0.6931471805599452,0.6931471805599453
187,5844,5845,98,98,0,0.10032639074690487,0.6931471805599452,0.6931471805599452
187,5845,5846,77,77,1,0.10068762476568098,0.6931471805599454,0.6931471805599452
187,5846,5847,98,98,0,0.10100786448741446,0.6931471805599454,0.6931471805599452
187,5847,5848,98,98,0,0.1024599238773998,0.6931471805599452,0.6931471805599452
187,5848,5849,98,98,0,0.10214672176813593,0.6931471805599452,0.6931471805599453
187,5849,5850,98,98,0,0.10177122543052751,0.6931471805599454,0.6931471805599453
187,5850,5851,98,98,0,0.1011669038965994,0.6931471805599452,0.6931471805599453
187,5851,5852,98,98,0,0.10059731940225679,0.6931471805599452,0.6931471805599452
187,5852,5853,98,98,0,0.10134795969542192,0.6931471805599454,0.6931471805599452
187,5853,5854,98,98,0,0.10167390138519053,0.6931471805599452,0.6931471805599452
187,5854,5855,98,98,0,0.10030294384579269,0.6931471805599452,0.6931471805599452
187,5855,5856,98,98,0,0.10115908458828926,0.6931471805599452,0.6931471805599453
187,5856,5857,98,98,0,0.1005497412870125,0.6931471805599454,0.6931471805599453
187,5857,5858,98,98,0,0.1003761393379192,0.6931471805599452,0.6931471805599453
187,5858,5859,98,98,0,0.10183397041899818,0.6931471805599454,0.6931471805599453
187,5859,5860,61,61,1,0.10176327592525326,0.6931471805599452,0.6931471805599452
187,5860,5861,98,98,0,0.10064632445573807,0.6931471805599452,0.6931471805599452
187,5861,5862,12,12,1,0.1111326701939106,0.6931471805599454,0.6931471805599452
187,5862,5863,54,54,1,0.10058326964025144,0.6931471805599452,0.6931471805599452
187,5863,5864,98,98,0,0.10157489358466498,0.6931471805599454,0.6931471805599453
187,5864,5865,98,98,0,0.10197939678114287,0.6931471805599452,0.6931471805599453
187,5865,5866,98,98,0,0.10122790423278906,0.6931471805599452,0.6931471805599453
187,5866,5867,98,98,0,0.1018203647465122,0.6931471805599452,0.6931471805599452
187,5867,5868,51,51,1,0.1012217291429931,0.6931471805599452,0.6931471805599452
187,5868,5869,70,70,1,0.10191987476178578,0.6931471805599452,0.6931471805599452
187,5869,5870,98,98,0,0.10206136517986959,0.6931471805599454,0.6931471805599452
187,5870,5871,98,98,0,0.1010159832634488,0.6931471805599454,0.6931471805599453
187,5871,5872,98,98,0,0.10038352689268637,0.6931471805599452,0.6931471805599453
187,5872,5873,98,98,0,0.10143893500980065,0.6931471805599452,0.6931471805599453
187,5873,5874,98,98,0,0.10224637054667181,0.6931471805599452,0.6931471805599452
187,5874,5875,98,98,0,0.10099298104035612,0.6931471805599454,0.6931471805599452
187,5875,5876,98,98,0,0.10094424800909295,0.6931471805599452,0.6931471805599452
187,5876,5877,10,10,1,0.1111264817416668,0.6931471805599452,0.6931471805599452
187,5877,5878,98,98,0,0.1017538915027161,0.6931471805599452,0.6931471805599452
187,5878,5879,98,98,0,0.10211297672013847,0.6931471805599452,0.6931471805599453
187,5879,5880,97,97,1,0.10027069813504662,0.6931471805599452,0.6931471805599453
187,5880,5881,98,98,0,0.10166320744521763,0.6931471805599454,0.6931471805599453
187,5881,5882,98,98,0,0.10064740646250393,0.6931471805599454,0.6931471805599452
187,5882,5883,44,44,1,0.10029407235031779,0.6931471805599452,0.6931471805599452
187,5883,5884,98,98,0,0.10064152970301862,0.6931471805599452,0.6931471805599452
187,5884,5885,51,51,1,0.10083873964407865,0.6931471805599452,0.6931471805599452
187,5885,5886,98,98,0,0.1004608290992221,0.6931471805599452,0.6931471805599453
187,5886,5887,98,98,0,0.10100605810175137,0.6931471805599452,0.6931471805599453
187,5887,5888,94,94,1,0.10090122506656546,0.6931471805599452,0.6931471805599453
187,5888,5889,45,45,1,0.10122655547327465,0.6931471805599452,0.6931471805599452
187,5889,5890,98,98,0,0.10146083986880827,0.6931471805599452,0.6931471805599452
187,5890,5891,98,98,0,0.10147448036135459,0.6931471805599454,0.6931471805599452
187,5891,5892,98,98,0,0.10130851525737315,0.6931471805599454,0.6931471805599452
187,5892,5893,98,98,0,0.10142017133077796,0.6931471805599454,0.6931471805599453
187,5893,5894,98,98,0,0.10165956730441171,0.6931471805599454,0.6931471805599453
187,5894,5895,11,11,1,0.14141967621716586,0.6931471805599452,0.6931471805599453
187,5895,5896,98,98,0,0.10050608194908317,0.6931471805599454,0.6931471805599453
187,5896,5897,98,98,0,0.10150095409884745,0.6931471805599452,0.6931471805599452
187,5897,5898,98,98,0,0.10188513940998487,0.6931471805599454,0.6931471805599452
187,5898,5899,98,98,0,0.10101980875645365,0.6931471805599452,0.6931471805599452
187,5899,5900,98,98,0,0.10233106106823804,0.6931471805599452,0.6931471805599452
187,5900,5901,98,98,0,0.10073688109310305,0.6931471805599452,0.6931471805599453
187,5901,5902,98,98,0,0.10134773146437139,0.6931471805599452,0.6931471805599453
187,5902,5903,98,98,0,0.10141098689363927,0.6931471805599454,0.6931471805599453
187,5903,5904,98,98,0,0.1007068856638305,0.6931471805599454,0.6931471805599452
187,5904,5905,98,98,0,0.10034108260760502,0.6931471805599452,0.6931471805599452
187,5905,5906,98,98,0,0.10110489088965922,0.6931471805599452,0.6931471805599452
187,5906,5907,98,98,0,0.10045129699366433,0.6931471805599454,0.6931471805599452
187,5907,5908,98,98,0,0.10047661041726871,0.6931471805599454,0.6931471805599453
187,5908,5909,98,98,0,0.10039902911806593,0.6931471805599454,0.6931471805599453
187,5909,5910,98,98,0,0.10030738682467111,0.6931471805599454,0.6931471805599453
187,5910,5911,98,98,0,0.10083030825670884,0.6931471805599454,0.6931471805599453
187,5911,5912,98,98,0,0.1004342004960897,0.6931471805599452,0.6931471805599452
187,5912,5913,67,67,1,0.1021063172105533,0.6931471805599452,0.6931471805599452
187,5913,5914,98,98,0,0.10117047584178496,0.6931471805599452,0.6931471805599452
187,5914,5915,98,98,0,0.10131468068884343,0.6931471805599452,0.6931471805599453
187,5915,5916,98,98,0,0.10250961963011294,0.6931471805599452,0.6931471805599453
187,5916,5917,98,98,0,0.1018761722561048,0.6931471805599454,0.6931471805599453
187,5917,5918,98,98,0,0.10082353613510424,0.6931471805599452,0.6931471805599453
187,5918,5919,98,98,0,0.10115070831106633,0.6931471805599454,0.6931471805599452
187,5919,5920,98,98,0,0.10123038580831216,0.6931471805599452,0.6931471805599452
187,5920,5921,98,98,0,0.10148446429140713,0.6931471805599452,0.6931471805599452
187,5921,5922,98,98,0,0.1001922109601449,0.6931471805599452,0.6931471805599452
187,5922,5923,73,73,1,0.10249721013928113,0.6931471805599454,0.6931471805599453
187,5923,5924,98,98,0,0.10069171673789316,0.6931471805599454,0.6931471805599453
187,5924,5925,98,98,0,0.10136000705616814,0.6931471805599452,0.6931471805599453
187,5925,5926,98,98,0,0.10072179328726262,0.6931471805599452,0.6931471805599452
187,5926,5927,16,16,1,0.11270820628851652,0.6931471805599452,0.6931471805599452
187,5927,5928,98,98,0,0.10050549875108564,0.6931471805599452,0.6931471805599452
187,5928,5929,98,98,0,0.10088336300484989,0.6931471805599454,0.6931471805599452
187,5929,5930,98,98,0,0.10072588715322163,0.6931471805599452,0.6931471805599453
187,5930,5931,85,85,1,0.10160793022197835,0.6931471805599452,0.6931471805599453
187,5931,5932,98,98,0,0.10203812947990942,0.6931471805599452,0.6931471805599453
187,5932,5933,98,98,0,0.10115988347299244,0.6931471805599452,0.6931471805599453
187,5933,5934,98,98,0,0.10122812645775932,0.6931471805599454,0.6931471805599452
187,5934,5935,98,98,0,0.1007787601984277,0.6931471805599452,0.6931471805599452
187,5935,5936,98,98,0,0.10189191502880077,0.6931471805599454,0.6931471805599452
187,5936,5937,98,98,0,0.10142303478656983,0.6931471805599454,0.6931471805599452
187,5937,5938,98,98,0,0.10058786096621533,0.6931471805599452,0.6931471805599453
187,5938,5939,98,98,0,0.10223797511081306,0.6931471805599452,0.6931471805599453
187,5939,5940,98,98,0,0.10107741862231372,0.6931471805599452,0.6931471805599453
187,5940,5941,98,98,0,0.10032547364125446,0.6931471805599454,0.6931471805599452
187,5941,5942,98,98,0,0.10070777273907953,0.6931471805599454,0.6931471805599452
187,5942,5943,47,47,1,0.10081803592595648,0.6931471805599452,0.6931471805599452
187,5943,5944,98,98,0,0.10261312826555602,0.6931471805599452,0.6931471805599452
187,5944,5945,93,93,1,0.10145253215425758,0.6931471805599452,0.6931471805599453
187,5945,5946,98,98,0,0.10162733920982905,0.6931471805599452,0.6931471805599453
187,5946,5947,98,98,0,0.10080521295265275,0.6931471805599452,0.6931471805599453
187,5947,5948,98,98,0,0.10060359248701407,0.6931471805599452,0.6931471805599452
187,5948,5949,98,98,0,0.10025326557913605,0.6931471805599452,0.6931471805599452
187,5949,5950,98,98,0,0.10132871659434571,0.6931471805599452,0.6931471805599452
187,5950,5951,98,98,0,0.10218019015630897,0.6931471805599452,0.6931471805599452
187,5951,5952,98,98,0,0.10167878820579879,0.6931471805599452,0.6931471805599453
187,5952,5953,98,98,0,0.10024152589695794,0.6931471805599452,0.6931471805599453
187,5953,5954,98,98,0,0.10071631969541919,0.6931471805599452,0.6931471805599453
187,5954,5955,98,98,0,0.10041193337160714,0.6931471805599452,0.6931471805599453
187,5955,5956,15,15,1,0.10070253958304723,0.6931471805599452,0.6931471805599452
187,5956,5957,98,98,0,0.10058077713664697,0.6931471805599452,0.6931471805599452
187,5957,5958,98,98,0,0.10112628652429094,0.6931471805599454,0.6931471805599452
187,5958,5959,98,98,0,0.10069652433906283,0.6931471805599452,0.6931471805599452
187,5959,5960,98,98,0,0.10103230687732599,0.6931471805599454,0.6931471805599453
187,5960,5961,98,98,0,0.10082344178642545,0.6931471805599452,0.6931471805599453
187,5961,5962,98,98,0,0.10048607417515346,0.6931471805599452,0.6931471805599453
187,5962,5963,98,98,0,0.10061238265159178,0.6931471805599454,0.6931471805599452
187,5963,5964,21,21,1,0.10558881823505674,0.6931471805599452,0.6931471805599452
187,5964,5965,98,98,0,0.10075067249791962,0.6931471805599452,0.6931471805599452
187,5965,5966,43,43,1,0.1027121722351673,0.6931471805599452,0.6931471805599452
187,5966,5967,98,98,0,0.10058614360738774,0.6931471805599452,0.6931471805599453
187,5967,5968,98,98,0,0.10065279650140782,0.6931471805599454,0.6931471805599453
187,5968,5969,98,98,0,0.10106017341723247,0.6931471805599452,0.6931471805599453
187,5969,5970,98,98,0,0.10059752208845955,0.6931471805599452,0.6931471805599452
187,5970,5971,96,96,1,0.10180849015402298,0.6931471805599452,0.6931471805599452
187,5971,5972,98,98,0,0.10153959144134911,0.6931471805599452,0.6931471805599452
187,5972,5973,98,98,0,0.10200306902430495,0.6931471805599452,0.6931471805599452
187,5973,5974,98,98,0,0.10078119342120326,0.6931471805599454,0.6931471805599452
187,5974,5975,98,98,0,0.1026901861234587,0.6931471805599452,0.6931471805599453
187,5975,5976,98,98,0,0.10112449412747306,0.6931471805599452,0.6931471805599453
187,5976,5977,9,9,1,0.12157715360323589,0.6931471805599452,0.6931471805599452
187,5977,5978,98,98,0,0.10042965807476822,0.6931471805599452,0.6931471805599452
187,5978,5979,98,98,0,0.10217553894130552,0.6931471805599452,0.6931471805599452
187,5979,5980,98,98,0,0.10021092765489403,0.6931471805599452,0.6931471805599452
187,5980,5981,98,98,0,0.10140717774629593,0.6931471805599454,0.6931471805599452
187,5981,5982,98,98,0,0.10153129940130273,0.6931471805599452,0.6931471805599453
187,5982,5983,98,98,0,0.10037445299783532,0.6931471805599452,0.6931471805599453
187,5983,5984,98,98,0,0.10119042986509752,0.6931471805599454,0.6931471805599453
187,5984,5985,98,98,0,0.10157074840093146,0.6931471805599454,0.6931471805599452
187,5985,5986,98,98,0,0.1009499810027833,0.6931471805599452,0.6931471805599452
187,5986,5987,98,98,0,0.10090039921354274,0.6931471805599452,0.6931471805599452
187,5987,5988,98,98,0,0.10065436826980843,0.6931471805599454,0.6931471805599452
187,5988,5989,98,98,0,0.10200860450158314,0.6931471805599452,0.6931471805599453
187,5989,5990,98,98,0,0.10256492977543753,0.6931471805599452,0.6931471805599453
187,5990,5991,46,46,1,0.1008382901225401,0.6931471805599452,0.6931471805599453
187,5991,5992,98,98,0,0.10318634940349326,0.6931471805599452,0.6931471805599452
187,5992,5993,98,98,0,0.10091631395780311,0.6931471805599452,0.6931471805599452
187,5993,5994,98,98,0,0.10134660483014826,0.6931471805599454,0.6931471805599452
187,5994,5995,98,98,0,0.10115646198391914,0.6931471805599452,0.6931471805599452
187,5995,5996,14,14,1,0.1007257029414177,0.6931471805599452,0.6931471805599452
187,5996,5997,98,98,0,0.10032903631122744,0.6931471805599452,0.6931471805599453
187,5997,5998,98,98,0,0.10068598564486114,0.6931471805599452,0.6931471805599453
187,5998,5999,98,98,0,0.10051717016161704,0.6931471805599452,0.6931471805599452
187,5999,6000,98,98,0,0.10035435718541243,0.6931471805599452,0.6931471805599452
187,6000,6001,98,98,0,0.10201546853902388,0.6931471805599452,0.6931471805599452
187,6001,6002,98,98,0,0.10053486597477174,0.6931471805599454,0.6931471805599452
187,6002,6003,98,98,0,0.10138196270076597,0.6931471805599452,0.6931471805599452
187,6003,6004,66,66,1,0.10049000529177261,0.6931471805599452,0.6931471805599453
187,6004,6005,74,74,1,0.10075239374025448,0.6931471805599452,0.6931471805599453
187,6005,6006,98,98,0,0.1018969397611764,0.6931471805599452,0.6931471805599453
187,6006,6007,97,97,1,0.1004239512780278,0.6931471805599454,0.6931471805599452
187,6007,6008,14,14,1,0.11372491717338562,0.6931471805599452,0.6931471805599452
187,6008,6009,98,98,0,0.10144771042526984,0.6931471805599452,0.6931471805599452
187,6009,6010,98,98,0,0.100934628549279,0.6931471805599452,0.6931471805599452
187,6010,6011,11,11,1,0.09961338612166318,0.6931471805599452,0.6931471805599452
187,6011,6012,54,54,1,0.10217373528414303,0.6931471805599452,0.6931471805599453
187,6012,6013,98,98,0,0.1006071116699248,0.6931471805599452,0.6931471805599453
187,6013,6014,98,98,0,0.10074873884417573,0.6931471805599452,0.6931471805599452
187,6014,6015,98,98,0,0.10162423634711577,0.6931471805599452,0.6931471805599452
187,6015,6016,57,57,1,0.1008282749537836,0.6931471805599452,0.6931471805599452
187,6016,6017,98,98,0,0.10203570986584741,0.6931471805599452,0.6931471805599452
187,6017,6018,98,98,0,0.10137343049353482,0.6931471805599454,0.6931471805599452
187,6018,6019,98,98,0,0.10285505439553942,0.6931471805599452,0.6931471805599453
187,6019,6020,98,98,0,0.10054383442109945,0.6931471805599454,0.6931471805599453
187,6020,6021,98,98,0,0.10239920917214179,0.6931471805599454,0.6931471805599452
187,6021,6022,98,98,0,0.10040902315962072,0.6931471805599452,0.6931471805599452
187,6022,6023,98,98,0,0.10155510697133686,0.6931471805599452,0.6931471805599452
187,6023,6024,98,98,0,0.10131325770397576,0.6931471805599454,0.6931471805599452
187,6024,6025,98,98,0,0.10074508585491959,0.6931471805599454,0.6931471805599452
187,6025,6026,98,98,0,0.10139275501881327,0.6931471805599452,0.6931471805599452
187,6026,6027,98,98,0,0.10100284788985642,0.6931471805599452,0.6931471805599453
187,6027,6028,98,98,0,0.1006254353845606,0.6931471805599452,0.6931471805599453
187,6028,6029,98,98,0,0.10250989416120004,0.6931471805599452,0.6931471805599452
187,6029,6030,98,98,0,0.10072570233320703,0.6931471805599452,0.6931471805599452
187,6030,6031,98,98,0,0.10070538330747157,0.6931471805599454,0.6931471805599452
187,6031,6032,98,98,0,0.10129391896177312,0.6931471805599452,0.6931471805599452
187,6032,6033,98,98,0,0.10101355292967387,0.6931471805599452,0.6931471805599452
187,6033,6034,98,98,0,0.10185997400965009,0.6931471805599452,0.6931471805599453
187,6034,6035,98,98,0,0.10040693783334323,0.6931471805599452,0.6931471805599453
187,6035,6036,12,12,1,0.10870189592242241,0.6931471805599452,0.6931471805599452
187,6036,6037,98,98,0,0.10049249247020604,0.6931471805599452,0.6931471805599452
187,6037,6038,98,98,0,0.1009835663194559,0.6931471805599452,0.6931471805599452
187,6038,6039,98,98,0,0.10100273719551611,0.6931471805599452,0.6931471805599452
187,6039,6040,98,98,0,0.10107593215545829,0.6931471805599454,0.6931471805599452
187,6040,6041,98,98,0,0.1006360643220191,0.6931471805599454,0.6931471805599453
187,6041,6042,88,88,1,0.1012097079814835,0.6931471805599452,0.6931471805599453
187,6042,6043,98,98,0,0.10036351394896605,0.6931471805599454,0.6931471805599452
187,6043,6044,98,98,0,0.1018985962989379,0.6931471805599452,0.6931471805599452
187,6044,6045,98,98,0,0.1017678107077978,0.6931471805599452,0.6931471805599452
187,6045,6046,98,98,0,0.10187813556011842,0.6931471805599454,0.6931471805599452
187,6046,6047,98,98,0,0.10196674828018461,0.6931471805599454,0.6931471805599452
187,6047,6048,98,98,0,0.10025304092132316,0.6931471805599452,0.6931471805599452
187,6048,6049,72,72,1,0.10113462433218956,0.6931471805599454,0.6931471805599453
187,6049,6050,98,98,0,0.10111307725310326,0.6931471805599454,0.6931471805599453
187,6050,6051,9,9,1,0.12124711523453395,0.6931471805599452,0.6931471805599452
187,6051,6052,98,98,0,0.10132883093794998,0.6931471805599454,0.6931471805599452
187,6052,6053,98,98,0,0.10119010865384219,0.6931471805599454,0.6931471805599452
187,6053,6054,98,98,0,0.10179717093706131,0.6931471805599454,0.6931471805599452
187,6054,6055,98,98,0,0.1002969324436723,0.6931471805599452,0.6931471805599452
187,6055,6056,98,98,0,0.10058377515904758,0.6931471805599452,0.6931471805599453
187,6056,6057,98,98,0,0.10221582757575172,0.6931471805599452,0.6931471805599453
187,6057,6058,98,98,0,0.10047898912916378,0.6931471805599452,0.6931471805599452
187,6058,6059,98,98,0,0.10027261207602461,0.6931471805599454,0.6931471805599452
187,6059,6060,92,92,1,0.1012982877538256,0.6931471805599452,0.6931471805599452
187,6060,6061,98,98,0,0.10163266287774456,0.6931471805599454,0.6931471805599452
187,6061,6062,98,98,0,0.10164304959530733,0.6931471805599452,0.6931471805599452
187,6062,6063,98,98,0,0.10052227130045696,0.6931471805599452,0.6931471805599453
187,6063,6064,98,98,0,0.1009248955061241,0.6931471805599452,0.6931471805599453
187,6064,6065,73,73,1,0.10096498497136652,0.6931471805599452,0.6931471805599453
187,6065,6066,98,98,0,0.10130335451388846,0.6931471805599452,0.6931471805599452
187,6066,6067,98,98,0,0.10336580956164672,0.6931471805599452,0.6931471805599452
187,6067,6068,98,98,0,0.10145222578121692,0.6931471805599452,0.6931471805599452
187,6068,6069,98,98,0,0.1010201342251836,0.6931471805599452,0.6931471805599452
187,6069,6070,98,98,0,0.10030798401151385,0.6931471805599452,0.6931471805599453
187,6070,6071,10,10,1,0.10092808082699775,0.6931471805599452,0.6931471805599453
187,6071,6072,98,98,0,0.10050004302543036,0.6931471805599452,0.6931471805599453
187,6072,6073,98,98,0,0.1006505153312975,0.6931471805599452,0.6931471805599452
187,6073,6074,98,98,0,0.10154922063253363,0.6931471805599452,0.6931471805599452
187,6074,6075,98,98,0,0.10117502381302873,0.6931471805599452,0.6931471805599452
187,6075,6076,98,98,0,0.10043292675091296,0.6931471805599452,0.6931471805599452
187,6076,6077,98,98,0,0.10085321187364812,0.6931471805599452,0.6931471805599452
187,6077,6078,98,98,0,0.10205430180138471,0.6931471805599452,0.6931471805599453
187,6078,6079,97,97,1,0.10026487807944878,0.6931471805599452,0.6931471805599453
187,6079,6080,98,98,0,0.10096396832745902,0.6931471805599452,0.6931471805599452
187,6080,6081,54,54,1,0.10247015470155964,0.6931471805599452,0.6931471805599452
187,6081,6082,53,53,1,0.10314763463893027,0.6931471805599454,0.6931471805599452
187,6082,6083,98,98,0,0.10040759272417243,0.6931471805599452,0.6931471805599452
187,6083,6084,98,98,0,0.10163513069250146,0.6931471805599452,0.6931471805599452
187,6084,6085,98,98,0,0.10059992277196475,0.6931471805599452,0.6931471805599453
187,6085,6086,98,98,0,0.1009712985583714,0.6931471805599452,0.6931471805599453
187,6086,6087,98,98,0,0.10031966690202149,0.6931471805599452,0.6931471805599452
187,6087,6088,98,98,0,0.10059811509385401,0.6931471805599452,0.6931471805599452
187,6088,6089,98,98,0,0.10106732460613153,0.6931471805599452,0.6931471805599452
187,6089,6090,98,98,0,0.10158944487267611,0.6931471805599454,0.6931471805599452
187,6090,6091,61,61,1,0.1006551421568042,0.6931471805599452,0.6931471805599452
187,6091,6092,98,98,0,0.10248159639993493,0.6931471805599452,0.6931471805599453
187,6092,6093,98,98,0,0.10163503436713803,0.6931471805599452,0.6931471805599453
187,6093,6094,98,98,0,0.10041038334673764,0.6931471805599454,0.6931471805599452
187,6094,6095,98,98,0,0.10169500682731064,0.6931471805599452,0.6931471805599452
187,6095,6096,98,98,0,0.10100069315153726,0.6931471805599454,0.6931471805599452
187,6096,6097,98,98,0,0.1003116065142106,0.6931471805599452,0.6931471805599452
187,6097,6098,98,98,0,0.10097425697105271,0.6931471805599452,0.6931471805599452
187,6098,6099,98,98,0,0.10060761602861541,0.6931471805599452,0.6931471805599453
187,6099,6100,98,98,0,0.10322958915209283,0.6931471805599452,0.6931471805599453
