seed,episode,episode_sequence,sample_count,last_day,terminal_observed,generated_score_mean,generated_expert_js_divergence,rolling_js_mean
652,0,1,5,5,1,0.10048719793558121,0.6931471805599452,
652,1,2,8,8,1,0.08762856409884989,0.6931471805599452,
652,2,3,5,5,1,0.10658924430608749,0.6928779247008064,
652,3,4,5,5,1,0.0997829020023346,0.6931471805599452,
652,4,5,19,19,1,0.10108017215603277,0.692917288443458,
652,5,6,5,5,1,0.09991691261529922,0.6931471805599452,
652,6,7,7,7,1,0.14244018495082855,0.6928878472250055,
652,7,8,5,5,1,0.1001440167427063,0.6931471805599452,
652,8,9,5,5,1,0.10154656320810318,0.6931471805599452,
652,9,10,5,5,1,0.10308071225881577,0.6931471805599452,
652,10,11,13,13,1,0.0998412800522951,0.6931471805599452,
652,11,12,5,5,1,0.09974026829004287,0.6931471805599452,
652,12,13,5,5,1,0.1002067968249321,0.6931471805599452,
652,13,14,5,5,1,0.09923015385866166,0.6931471805599452,
652,14,15,5,5,1,0.10171510875225068,0.6931471805599452,
652,15,16,7,7,1,0.10185083001852036,0.6931471805599452,
652,16,17,9,9,1,0.10012892799244986,0.6931471805599452,
652,17,18,5,5,1,0.10019242316484452,0.6931471805599452,
652,18,19,12,12,1,0.10043724377950032,0.6931471805599452,
652,19,20,8,8,1,0.10148130729794502,0.6931471805599452,0.6931092564944169
652,20,21,5,5,1,0.1886942520737648,0.6928779247008064,0.6930982406947211
652,21,22,5,5,1,0.09964877218008042,0.6931471805599452,0.6931004652340496
652,22,23,5,5,1,0.09974776953458786,0.6931471805599452,0.6931024963351754
652,23,24,5,5,1,0.10000940263271332,0.6931471805599452,0.6931043581778741
652,24,25,9,9,1,0.10508906510141161,0.6928952580159666,0.6930959941713979
652,25,26,5,5,1,0.09921166002750396,0.6931471805599452,0.6930979628786497
652,26,27,7,7,1,0.09911806029932839,0.6931471805599452,0.6930997857557346
652,27,28,5,5,1,0.10246563404798507,0.6931471805599452,0.6931014784273136
652,28,29,8,8,1,0.10300745675340295,0.6926772640810623,0.6930868503464085
652,29,30,5,5,1,0.0993209183216095,0.6931471805599452,0.6930888613535263
652,30,31,5,5,1,0.10002125203609466,0.6931471805599452,0.6930907426182495
652,31,32,5,5,1,0.10016681402921676,0.6931471805599452,0.6930925063039275
652,32,33,5,5,1,0.09947317987680435,0.6931471805599452,0.6930941630995644
652,33,34,5,5,1,0.10145007967948913,0.6931471805599452,0.6930957224366344
652,34,35,5,5,1,0.09933245778083802,0.6931471805599452,0.6930971926687289
652,35,36,5,5,1,0.0991181418299675,0.6931471805599452,0.6930985812212628
652,36,37,5,5,1,0.1005107268691063,0.6931471805599452,0.6930998947169028
652,37,38,5,5,1,0.09887638092041015,0.6931471805599452,0.6931011390811935
652,38,39,11,11,1,0.09929113902828911,0.6931471805599452,0.6931023196319307
652,39,40,5,5,1,0.10191938430070877,0.6931471805599452,0.6931034411551311
652,40,41,5,5,1,0.10494515895843506,0.6928779247008064,0.693097940753806
652,41,42,5,5,1,0.09909758567810059,0.6931471805599452,0.6930991131301427
652,42,43,5,5,1,0.09910116642713547,0.6931471805599452,0.6931002309773474
652,43,44,5,5,1,0.1080319955945015,0.6928779247008064,0.6930951785619714
652,44,45,5,5,1,0.10186531394720078,0.6931471805599452,0.6930963341619264
652,45,46,5,5,1,0.10014225393533707,0.6931471805599452,0.6930974395184052
652,46,47,5,5,1,0.09835737496614456,0.6931471805599452,0.6930984978384379
652,47,48,5,5,1,0.09940794855356216,0.6931471805599452,0.6930995120618025
652,48,49,10,10,1,0.0997185967862606,0.6931471805599452,0.6931004848882953
652,49,50,8,8,1,0.09957727137953043,0.6931471805599452,0.6931014188017284
652,50,51,5,5,1,0.1012333169579506,0.6931471805599452,0.6931023160911051
652,51,52,5,5,1,0.09928303211927414,0.6931471805599452,0.693103178869352
652,52,53,9,9,1,0.10949575238757664,0.6926842086353907,0.6930952737705981
652,53,54,5,5,1,0.09996664375066758,0.6931471805599452,0.6930962350074379
652,54,55,5,5,1,0.10051463395357133,0.6931471805599452,0.6930971612902106
652,55,56,5,5,1,0.10067020356655121,0.6931471805599452,0.6930980544914559
652,56,57,5,5,1,0.09937611669301986,0.6931471805599452,0.6930989163523066
652,57,58,5,5,1,0.09934011548757553,0.6931471805599452,0.6930997484938177
652,58,59,5,5,1,0.0987063392996788,0.6931471805599452,0.6931005524271417
652,59,60,5,5,1,0.09905353486537934,0.6931471805599452,0.6931013295626886
652,60,61,5,5,1,0.0991717368364334,0.6931471805599452,0.6931020812183813
652,61,62,5,5,1,0.10025187581777573,0.6931471805599452,0.6931028086271162
652,62,63,5,5,1,0.1005415216088295,0.6931471805599452,0.6931035129435102
652,63,64,5,5,1,0.10544115006923675,0.6928779247008064,0.6930999881272181
652,64,65,5,5,1,0.10048918724060059,0.6931471805599452,0.6931007141646446
652,65,66,5,5,1,0.099311201274395,0.6931471805599452,0.6931014182009371
652,66,67,5,5,1,0.10689237266778946,0.6928779247008064,0.6930980824770545
652,67,68,5,5,1,0.09909511357545853,0.6931471805599452,0.6930988045076854
652,68,69,5,5,1,0.09970728158950806,0.6931471805599452,0.6930995056098919
652,69,70,5,5,1,0.09890159666538238,0.6931471805599452,0.6931001866806069
652,70,71,6,6,1,0.10534324869513512,0.6928833014135285,0.6930971319585355
652,71,72,7,7,1,0.09983923605510167,0.6931471805599452,0.6930978270779994
652,72,73,5,5,1,0.1009517714381218,0.6931471805599452,0.6930985031530946
652,73,74,11,11,1,0.09943149442022498,0.6931471805599452,0.6930991609558899
652,74,75,5,5,1,0.09949505925178528,0.6931471805599452,0.6930998012172773
652,75,76,5,5,1,0.1007672294974327,0.6931471805599452,0.6931004246296808
652,76,77,13,13,1,0.10023610236553046,0.6931471805599452,0.6931010318495544
652,77,78,5,5,1,0.09870790839195251,0.6931471805599452,0.6931016234996876
652,78,79,8,8,1,0.09894402045756578,0.6931471805599452,0.6931022001713364
652,79,80,7,7,1,0.10064923231090818,0.6931471805599452,0.6931027624261941
652,80,81,5,5,1,0.09813217967748641,0.6931471805599452,0.6931033107982156
652,81,82,5,5,1,0.10033145397901536,0.6931471805599452,0.6931038457953099
652,82,83,5,5,1,0.09937387406826019,0.6931471805599452,0.6931043679009079
652,83,84,10,10,1,0.09983823075890541,0.6931471805599452,0.6931048775754203
652,84,85,5,5,1,0.10024489909410476,0.6931471805599452,0.6931053752575912
652,85,86,5,5,1,0.09944832473993301,0.6931471805599452,0.693105861365758
652,86,87,5,5,1,0.0997556433081627,0.6931471805599452,0.6931063362990245
652,87,88,5,5,1,0.0993344634771347,0.6931471805599452,0.6931068004383533
652,88,89,5,5,1,0.09920899569988251,0.6931471805599452,0.6931072541475847
652,89,90,5,5,1,0.1016320452094078,0.6931471805599452,0.6931076977743886
652,90,91,5,5,1,0.09960788935422897,0.6931471805599452,0.6931081316511529
652,91,92,5,5,1,0.0990992084145546,0.6931471805599452,0.6931085560958138
652,92,93,5,5,1,0.10052108913660049,0.6931471805599452,0.6931089714126323
652,93,94,5,5,1,0.10011133253574371,0.6931471805599452,0.6931093778929229
652,94,95,5,5,1,0.101862071454525,0.6931471805599452,0.6931097758157337
652,95,96,10,10,1,0.09970617964863777,0.6931471805599452,0.6931101654484859
652,96,97,5,5,1,0.10425089448690414,0.6928779247008064,0.6931077712139738
652,97,98,5,5,1,0.10097613781690598,0.6931471805599452,0.6931081733501571
652,98,99,10,10,1,0.0992932751774788,0.6931471805599452,0.6931085673623771
652,99,100,6,6,1,0.09941837564110756,0.6931471805599452,0.6931089534943529
652,100,101,5,5,1,0.1005554437637329,0.6931471805599452,0.6931089534943529
652,101,102,5,5,1,0.10070329904556274,0.6931471805599452,0.6931089534943529
652,102,103,5,5,1,0.09683292508125305,0.6928779247008064,0.6931089534943529
652,103,104,5,5,1,0.10056194216012955,0.6931471805599452,0.693108953494353
652,104,105,5,5,1,0.09979737102985382,0.6931471805599452,0.6931112524155176
652,105,106,5,5,1,0.10162969529628754,0.6931471805599452,0.6931112524155176
652,106,107,5,5,1,0.09972252547740937,0.6931471805599452,0.6931138457488671
652,107,108,5,5,1,0.11406642347574233,0.6931471805599452,0.6931138457488671
652,108,109,5,5,1,0.10206994861364364,0.6931471805599452,0.6931138457488671
652,109,110,5,5,1,0.10046229362487794,0.6931471805599452,0.6931138457488671
652,110,111,5,5,1,0.10020224750041962,0.6931471805599452,0.6931138457488671
652,111,112,9,9,1,0.10027989082866245,0.6931471805599452,0.693113845748867
652,112,113,5,5,1,0.13638907968997954,0.6928779247008064,0.6931111531902758
652,113,114,5,5,1,0.09940777868032455,0.6931471805599452,0.6931111531902758
652,114,115,8,8,1,0.09963537380099297,0.6931471805599452,0.6931111531902758
652,115,116,5,5,1,0.10406469851732254,0.6928779247008064,0.6931084606316844
652,116,117,5,5,1,0.09866385459899903,0.6931471805599452,0.6931084606316844
652,117,118,5,5,1,0.09922766983509064,0.6931471805599452,0.6931084606316843
652,118,119,5,5,1,0.0992429330945015,0.6931471805599452,0.6931084606316843
652,119,120,7,7,1,0.10314496180840901,0.6931471805599452,0.6931084606316844
652,120,121,5,5,1,0.1015815258026123,0.6931471805599452,0.6931111531902758
652,121,122,10,10,1,0.12618645206093787,0.6926495489589883,0.6931061768742661
652,122,123,5,5,1,0.10085608959197997,0.6931471805599452,0.6931061768742661
652,123,124,5,5,1,0.10047722905874253,0.6931471805599452,0.6931061768742661
652,124,125,5,5,1,0.10037464201450348,0.6931471805599452,0.6931086960997059
652,125,126,5,5,1,0.10090193897485733,0.6931471805599452,0.6931086960997059
652,126,127,5,5,1,0.09998617470264434,0.6931471805599452,0.6931086960997059
652,127,128,6,6,1,0.10016010825832684,0.6931471805599452,0.693108696099706
652,128,129,12,12,1,0.10248958071072896,0.6931471805599454,0.6931133952644948
652,129,130,5,5,1,0.0972299337387085,0.6931471805599452,0.6931133952644948
652,130,131,5,5,1,0.0988520085811615,0.6931471805599452,0.6931133952644948
652,131,132,8,8,1,0.10854826029390097,0.69287134394156,0.6931106368983109
652,132,133,5,5,1,0.10015705227851868,0.6931471805599452,0.693110636898311
652,133,134,5,5,1,0.10071302950382233,0.6931471805599452,0.693110636898311
652,134,135,5,5,1,0.09910721480846404,0.6931471805599452,0.693110636898311
652,135,136,8,8,1,0.1001851987093687,0.6931471805599452,0.6931106368983109
652,136,137,5,5,1,0.10581754595041275,0.6931471805599452,0.6931106368983109
652,137,138,5,5,1,0.09937039613723755,0.6931471805599452,0.6931106368983109
652,138,139,5,5,1,0.1379726842045784,0.6923802930998496,0.69310296802371
652,139,140,5,5,1,0.10670845806598664,0.6928779247008064,0.6931002754651187
652,140,141,5,5,1,0.10000483989715576,0.6931471805599452,0.69310296802371
652,141,142,5,5,1,0.0991440698504448,0.6931471805599452,0.69310296802371
652,142,143,5,5,1,0.09714333117008209,0.6931471805599452,0.69310296802371
652,143,144,5,5,1,0.09951723217964173,0.6931471805599452,0.6931056605823014
652,144,145,5,5,1,0.10057763606309891,0.6931471805599452,0.6931056605823014
652,145,146,5,5,1,0.09981587082147599,0.6931471805599452,0.6931056605823014
652,146,147,5,5,1,0.1129940465092659,0.6926495489589883,0.6931006842662919
652,147,148,5,5,1,0.0985957145690918,0.6931471805599452,0.6931006842662919
652,148,149,10,10,1,0.10106675028800964,0.6931471805599452,0.6931006842662919
652,149,150,5,5,1,0.11074582636356353,0.6931471805599452,0.6931006842662917
652,150,151,5,5,1,0.09716697484254837,0.6931471805599452,0.6931006842662917
652,151,152,7,7,1,0.0998040959239006,0.6931471805599452,0.6931006842662917
652,152,153,5,5,1,0.09990711063146591,0.6931471805599452,0.6931053139855373
652,153,154,5,5,1,0.10142938494682312,0.6931471805599452,0.6931053139855373
652,154,155,5,5,1,0.09947191178798676,0.6931471805599452,0.6931053139855373
652,155,156,5,5,1,0.09924634546041489,0.6931471805599452,0.6931053139855373
652,156,157,5,5,1,0.09984773844480514,0.6931471805599452,0.6931053139855373
652,157,158,5,5,1,0.09991549998521805,0.6931471805599452,0.6931053139855373
652,158,159,5,5,1,0.10052810460329056,0.6931471805599452,0.6931053139855373
652,159,160,5,5,1,0.09930634051561356,0.6931471805599452,0.6931053139855373
652,160,161,5,5,1,0.09953972399234771,0.6931471805599452,0.6931053139855373
652,161,162,5,5,1,0.09748837351799011,0.6931471805599452,0.6931053139855373
652,162,163,5,5,1,0.09804963022470474,0.6931471805599452,0.6931053139855373
652,163,164,5,5,1,0.10026420801877975,0.6931471805599452,0.6931080065441287
652,164,165,5,5,1,0.10115114897489548,0.6931471805599452,0.6931080065441287
652,165,166,5,5,1,0.09893016368150712,0.6931471805599452,0.6931080065441287
652,166,167,5,5,1,0.09843920022249222,0.6931471805599452,0.69311069910272
652,167,168,7,7,1,0.09930601928915296,0.6931471805599452,0.69311069910272
652,168,169,5,5,1,0.0998328909277916,0.6931471805599452,0.69311069910272
652,169,170,5,5,1,0.09977765530347824,0.6931471805599452,0.6931106991027203
652,170,171,5,5,1,0.09875989705324173,0.6931471805599452,0.6931133378941844
652,171,172,5,5,1,0.0989169180393219,0.6931471805599452,0.6931133378941843
652,172,173,5,5,1,0.09997774064540862,0.6931471805599452,0.6931133378941843
652,173,174,10,10,1,0.11128995344042777,0.6931471805599452,0.6931133378941843
652,174,175,5,5,1,0.10036043375730515,0.6931471805599452,0.6931133378941843
652,175,176,5,5,1,0.10035481452941894,0.6931471805599452,0.6931133378941843
652,176,177,5,5,1,0.10020678490400314,0.6931471805599452,0.6931133378941844
652,177,178,6,6,1,0.11945947756369908,0.6926603006456453,0.6931084690950413
652,178,179,5,5,1,0.10091781169176102,0.6931471805599452,0.6931084690950413
652,179,180,9,9,1,0.09930283576250076,0.6931471805599452,0.6931084690950413
652,180,181,5,5,1,0.10026206821203232,0.6931471805599452,0.6931084690950413
652,181,182,6,6,1,0.10649647563695908,0.6931471805599452,0.6931084690950412
652,182,183,8,8,1,0.09958439785987139,0.6931471805599452,0.6931084690950412
652,183,184,5,5,1,0.09950433671474457,0.6931471805599452,0.6931084690950413
652,184,185,5,5,1,0.09985720664262772,0.6931471805599452,0.6931084690950413
652,185,186,5,5,1,0.09941286295652389,0.6931471805599452,0.6931084690950413
652,186,187,5,5,1,0.10021725594997406,0.6931471805599452,0.6931084690950413
652,187,188,5,5,1,0.10001493394374847,0.6931471805599452,0.6931084690950413
652,188,189,5,5,1,0.0996718242764473,0.6931471805599452,0.6931084690950412
652,189,190,10,10,1,0.1849842719733715,0.6924416045839454,0.6931014133352812
652,190,191,5,5,1,0.11494584679603577,0.6928779247008064,0.6930987207766899
652,191,192,5,5,1,0.09948428869247436,0.6931471805599452,0.69309872077669
652,192,193,5,5,1,0.099871426820755,0.6931471805599452,0.69309872077669
652,193,194,9,9,1,0.09909582138061523,0.6931471805599452,0.69309872077669
652,194,195,6,6,1,0.09978306045134862,0.6931471805599452,0.6930987207766899
652,195,196,5,5,1,0.10230041146278382,0.6931471805599452,0.6930987207766899
652,196,197,5,5,1,0.09997657239437104,0.6931471805599452,0.6931014133352812
652,197,198,5,5,1,0.10014477968215943,0.6931471805599452,0.6931014133352814
652,198,199,5,5,1,0.10302145779132843,0.6931471805599452,0.6931014133352814
652,199,200,5,5,1,0.10034341514110565,0.6931471805599452,0.6931014133352814
652,200,201,8,8,1,0.09988277032971382,0.6931471805599452,0.6931014133352814
652,201,202,5,5,1,0.09971478283405304,0.6931471805599452,0.6931014133352812
652,202,203,5,5,1,0.10216443985700607,0.6931471805599452,0.6931041058938726
652,203,204,5,5,1,0.1097171202301979,0.6931471805599452,0.6931041058938726
652,204,205,5,5,1,0.10132780820131301,0.6931471805599452,0.6931041058938727
652,205,206,16,16,1,0.09935242030769587,0.6931471805599452,0.6931041058938727
652,206,207,5,5,1,0.10707651823759079,0.6928779247008064,0.6931014133352814
652,207,208,5,5,1,0.09993775188922882,0.6931471805599452,0.6931014133352814
652,208,209,5,5,1,0.10359125733375549,0.6931471805599452,0.6931014133352812
652,209,210,5,5,1,0.10033413469791412,0.6931471805599452,0.6931014133352812
652,210,211,9,9,1,0.10126287655697928,0.6931471805599452,0.6931014133352812
652,211,212,8,8,1,0.1001185579225421,0.6931471805599452,0.6931014133352814
652,212,213,5,5,1,0.11019429713487625,0.6931471805599452,0.6931041058938727
652,213,214,5,5,1,0.10815355181694031,0.6928779247008064,0.6931014133352814
652,214,215,5,5,1,0.08468975424766541,0.6931471805599452,0.6931014133352812
652,215,216,5,5,1,0.10009674280881882,0.6931471805599452,0.6931041058938726
652,216,217,5,5,1,0.09747373014688492,0.6931471805599452,0.6931041058938726
652,217,218,5,5,1,0.10095543563365936,0.6931471805599452,0.6931041058938727
652,218,219,5,5,1,0.11945737004280091,0.6931471805599452,0.6931041058938727
652,219,220,5,5,1,0.11884819716215134,0.6931471805599452,0.6931041058938727
652,220,221,5,5,1,0.10067326873540879,0.6931471805599452,0.6931041058938727
652,221,222,5,5,1,0.09379572570323944,0.6931471805599452,0.6931090822098822
652,222,223,8,8,1,0.09862545784562826,0.6926772640810623,0.6931043830450935
652,223,224,5,5,1,0.10767761766910552,0.6931471805599452,0.6931043830450935
652,224,225,5,5,1,0.09836104214191436,0.6931471805599452,0.6931043830450935
652,225,226,5,5,1,0.10005288869142533,0.6931471805599452,0.6931043830450935
652,226,227,5,5,1,0.10036919713020324,0.6931471805599452,0.6931043830450934
652,227,228,5,5,1,0.2518779277801514,0.685820127991196,0.693031112519406
652,228,229,5,5,1,0.09273579716682434,0.6931471805599452,0.6930311125194061
652,229,230,7,7,1,0.09651805407234601,0.6931471805599452,0.693031112519406
652,230,231,5,5,1,0.10215343981981277,0.6931471805599452,0.693031112519406
652,231,232,5,5,1,0.10017802119255066,0.6931471805599452,0.6930338708855898
652,232,233,5,5,1,0.09206119924783707,0.6931471805599452,0.6930338708855898
652,233,234,5,5,1,0.08874245211482049,0.6931471805599452,0.6930338708855898
652,234,235,11,11,1,0.11011559245261279,0.6924500337714663,0.6930268994177049
652,235,236,5,5,1,0.1272541180253029,0.6928779247008064,0.6930242068591137
652,236,237,6,6,1,0.10062815124789874,0.6931471805599452,0.6930242068591137
652,237,238,5,5,1,0.09903740733861924,0.6931471805599452,0.6930242068591136
652,238,239,7,7,1,0.19623527462993348,0.692410057195078,0.6930245045000659
652,239,240,5,5,1,0.0907423473894596,0.6931471805599452,0.6930271970586572
652,240,241,5,5,1,0.10073484927415848,0.6931471805599452,0.6930271970586572
652,241,242,5,5,1,0.09971944689750671,0.6931471805599452,0.6930271970586572
652,242,243,5,5,1,0.22709963023662566,0.6928779247008064,0.6930245045000659
652,243,244,5,5,1,0.08306716904044151,0.6931471805599452,0.6930245045000659
652,244,245,5,5,1,0.10267966538667679,0.6931471805599452,0.6930245045000659
652,245,246,5,5,1,0.09897354990243912,0.6931471805599452,0.693024504500066
652,246,247,5,5,1,0.10367081910371781,0.6928779247008064,0.693026788257484
652,247,248,11,11,1,0.14007543569261377,0.6929011750678944,0.6930243282025635
652,248,249,5,5,1,0.09904972463846207,0.6931471805599452,0.6930243282025635
652,249,250,5,5,1,0.12290558069944382,0.6928779247008064,0.6930216356439722
652,250,251,5,5,1,0.1297904521226883,0.6928779247008064,0.6930189430853808
652,251,252,5,5,1,0.09935610741376877,0.6931471805599452,0.6930189430853808
652,252,253,5,5,1,0.10002105683088303,0.6931471805599452,0.6930189430853808
652,253,254,5,5,1,0.10169023871421815,0.6931471805599452,0.6930189430853808
652,254,255,5,5,1,0.10030579119920731,0.6931471805599452,0.6930189430853808
652,255,256,5,5,1,0.09927406311035156,0.6931471805599452,0.6930189430853807
652,256,257,5,5,1,0.1010082483291626,0.6931471805599452,0.6930189430853808
652,257,258,5,5,1,0.08989331498742104,0.6928779247008064,0.6930162505267894
652,258,259,5,5,1,0.1005303606390953,0.6931471805599452,0.6930162505267894
652,259,260,5,5,1,0.09922422468662262,0.6931471805599452,0.6930162505267894
652,260,261,5,5,1,0.0989706814289093,0.6931471805599452,0.6930162505267894
652,261,262,6,6,1,0.1001744916041692,0.6931471805599452,0.6930162505267894
652,262,263,5,5,1,0.10252998024225235,0.6931471805599452,0.6930162505267893
652,263,264,5,5,1,0.10004156827926636,0.6931471805599452,0.6930162505267893
652,264,265,5,5,1,0.11399052739143371,0.6931471805599452,0.6930162505267894
652,265,266,5,5,1,0.10980993360280991,0.6931471805599452,0.6930162505267894
652,266,267,8,8,1,0.09897508285939693,0.6931471805599452,0.6930162505267894
652,267,268,12,12,1,0.1440666156510512,0.6929037406027952,0.6930138161272178
652,268,269,5,5,1,0.10000009387731552,0.6931471805599452,0.6930138161272178
652,269,270,7,7,1,0.11590287621532168,0.6928878472250055,0.6930112227938685
652,270,271,5,5,1,0.10532288849353791,0.6928779247008064,0.6930085302352771
652,271,272,5,5,1,0.10036226511001586,0.6931471805599452,0.6930085302352772
652,272,273,5,5,1,0.09897066205739975,0.6931471805599452,0.6930085302352772
652,273,274,5,5,1,0.10225440263748169,0.6931471805599452,0.6930085302352771
652,274,275,5,5,1,0.10053886771202088,0.6931471805599452,0.6930085302352771
652,275,276,5,5,1,0.09988928735256195,0.6931471805599452,0.6930085302352771
652,276,277,5,5,1,0.0967218115925789,0.6928779247008064,0.6930058376766857
652,277,278,5,5,1,0.13770487457513808,0.6928779247008064,0.6930080139172374
652,278,279,5,5,1,0.10223478972911834,0.6931471805599452,0.6930080139172374
652,279,280,5,5,1,0.09936708211898804,0.6931471805599452,0.6930080139172372
652,280,281,5,5,1,0.09911853820085526,0.6931471805599452,0.6930080139172372
652,281,282,5,5,1,0.16666985899209977,0.6928779247008064,0.693005321358646
652,282,283,5,5,1,0.1182876169681549,0.6931471805599452,0.693005321358646
652,283,284,5,5,1,0.10075394660234452,0.6931471805599452,0.693005321358646
652,284,285,12,12,1,0.1496429375062386,0.6929037406027952,0.6930028869590744
652,285,286,5,5,1,0.10028212517499924,0.6931471805599452,0.6930028869590744
652,286,287,5,5,1,0.2466452091932297,0.4638488983523674,0.6907099041369986
652,287,288,15,15,1,0.13142343362172446,0.691983300730308,0.6906982653387023
652,288,289,5,5,1,0.10164496749639511,0.6931471805599452,0.6906982653387024
652,289,290,5,5,1,0.10401799231767654,0.6931471805599452,0.6907053210984624
652,290,291,5,5,1,0.2645124524831772,0.4635796424932286,0.6884123382763865
652,291,292,5,5,1,0.10039024949073791,0.6931471805599452,0.6884123382763865
652,292,293,5,5,1,0.09802678376436233,0.6928779247008064,0.6884096457177951
652,293,294,5,5,1,0.0998396173119545,0.6931471805599452,0.6884096457177951
652,294,295,5,5,1,0.10653989762067795,0.6928779247008064,0.6884069531592039
652,295,296,5,5,1,0.100143201649189,0.6931471805599452,0.6884069531592039
652,296,297,5,5,1,0.10008899867534637,0.6931471805599452,0.6884069531592037
652,297,298,5,5,1,0.1000521570444107,0.6931471805599452,0.6884069531592037
652,298,299,5,5,1,0.10011965185403823,0.6931471805599452,0.6884069531592037
652,299,300,5,5,1,0.1028627634048462,0.6928779247008064,0.6884042606006123
652,300,301,5,5,1,0.22052355855703354,0.6926495489589883,0.6883992842846027
652,301,302,5,5,1,0.14232966005802156,0.6928779247008064,0.6883965917260114
652,302,303,5,5,1,0.1143754854798317,0.6928779247008064,0.6883938991674201
652,303,304,5,5,1,0.09952823370695114,0.6931471805599452,0.6883938991674201
652,304,305,5,5,1,0.0906927615404129,0.6931471805599452,0.6883938991674201
652,305,306,5,5,1,0.10551911443471909,0.6928779247008064,0.6883912066088286
652,306,307,5,5,1,0.0994140088558197,0.6931471805599452,0.6883938991674199
652,307,308,5,5,1,0.10152137726545334,0.6931471805599452,0.6883938991674199
652,308,309,6,6,1,0.09051841249068578,0.6931471805599452,0.6883938991674201
652,309,310,10,10,1,0.0977859541773796,0.6931471805599454,0.6883938991674201
652,310,311,5,5,1,0.21300708502531052,0.6928779247008064,0.6883912066088287
652,311,312,5,5,1,0.13446588665246964,0.6926086688416677,0.6883858214916458
652,312,313,9,9,1,0.10508181817001766,0.6928952580159666,0.688383302266206
652,313,314,8,8,1,0.1231382479891181,0.6928917848697165,0.6883834408678952
652,314,315,5,5,1,0.10153762102127076,0.6931471805599452,0.6883834408678952
652,315,316,11,11,1,0.12767551432956348,0.6929011750678946,0.6883809808129747
652,316,317,5,5,1,0.10080814510583877,0.6931471805599452,0.6883809808129747
652,317,318,11,11,1,0.10092765363779935,0.6931471805599452,0.6883809808129747
652,318,319,10,10,1,0.14380248337984086,0.6931471805599452,0.6883809808129746
652,319,320,5,5,1,0.11271983534097671,0.6931471805599452,0.6883809808129746
652,320,321,5,5,1,0.09325111359357834,0.6931471805599452,0.6883809808129746
652,321,322,5,5,1,0.09990642964839935,0.6931471805599452,0.6883809808129747
652,322,323,15,15,1,0.15616631855567295,0.6918077404177604,0.6883722855763417
652,323,324,5,5,1,0.09596520885825158,0.6931471805599452,0.6883722855763417
652,324,325,5,5,1,0.1357005223631859,0.6928779247008064,0.6883695930177502
652,325,326,5,5,1,0.0994872897863388,0.6931471805599452,0.6883695930177502
652,326,327,5,5,1,0.09136271551251411,0.6931471805599452,0.6883695930177504
652,327,328,9,9,1,0.11852743145492342,0.6928952580159666,0.6884403443179979
652,328,329,5,5,1,0.10294349938631057,0.6931471805599452,0.6884403443179978
652,329,330,13,13,1,0.1053992102925594,0.6931471805599452,0.6884403443179979
652,330,331,5,5,1,0.20685292184352874,0.6931471805599452,0.6884403443179979
652,331,332,10,10,1,0.11219375021755695,0.6926495489589883,0.6884353680019885
652,332,333,5,5,1,0.08772017993032932,0.6928779247008064,0.6884326754433969
652,333,334,5,5,1,0.1009660854935646,0.6931471805599452,0.6884326754433969
652,334,335,5,5,1,0.09895923733711243,0.6931471805599452,0.6884396469112818
652,335,336,5,5,1,0.09847233593463897,0.6931471805599452,0.6884423394698732
652,336,337,5,5,1,0.17407928556203842,0.6923802930998496,0.6884346705952722
652,337,338,5,5,1,0.11502095758914947,0.6931471805599452,0.6884346705952723
652,338,339,9,9,1,0.20945740160014895,0.6923914129280095,0.6884344841526016
652,339,340,5,5,1,0.14701028913259506,0.6928779247008064,0.6884317915940101
652,340,341,5,5,1,0.10085136592388153,0.6931471805599452,0.6884317915940101
652,341,342,9,9,1,0.12964696685473123,0.6931471805599452,0.6884317915940101
652,342,343,5,5,1,0.12500040978193283,0.6926086688416677,0.6884290990354188
652,343,344,5,5,1,0.09290730878710747,0.6931471805599452,0.6884290990354188
652,344,345,9,9,1,0.09986904377324714,0.6928952580159666,0.688426579809979
652,345,346,5,5,1,0.09806322902441025,0.6931471805599452,0.688426579809979
652,346,347,5,5,1,0.1023827463388443,0.6931471805599452,0.6884292723685703
652,347,348,5,5,1,0.09986273795366288,0.6931471805599452,0.6884317324234908
652,348,349,14,14,1,0.2820470317133835,0.577436482214571,0.6872746254400371
652,349,350,5,5,1,0.0973973110318184,0.6931471805599452,0.6872773179986287
652,350,351,5,5,1,0.10089038908481598,0.6931471805599452,0.6872800105572199
652,351,352,5,5,1,0.10032889246940613,0.6931471805599452,0.6872800105572199
652,352,353,5,5,1,0.0999531626701355,0.6931471805599452,0.6872800105572199
652,353,354,12,12,1,0.12866779261579117,0.6924372894493445,0.6872729116461138
652,354,355,5,5,1,0.10239309519529342,0.6931471805599452,0.6872729116461138
652,355,356,8,8,1,0.10032889246940613,0.6931471805599452,0.687272911646114
652,356,357,5,5,1,0.17065020203590392,0.6926086688416677,0.6872675265289313
652,357,358,5,5,1,0.10205921679735183,0.6931471805599452,0.6872702190875225
652,358,359,7,7,1,0.10403678034033094,0.6928878472250057,0.6872676257541731
652,359,360,5,5,1,0.09936885237693786,0.6931471805599452,0.6872676257541731
652,360,361,5,5,1,0.1175036907196045,0.6928779247008064,0.6872649331955817
652,361,362,5,5,1,0.0935719832777977,0.6931471805599452,0.6872649331955817
652,362,363,8,8,1,0.1799725666642189,0.6928917848697165,0.6872623792386796
652,363,364,9,9,1,0.11312351375818253,0.6931471805599452,0.6872623792386796
652,364,365,10,10,1,0.15875508394092322,0.6923153683229509,0.6872540611163096
652,365,366,5,5,1,0.11940880119800568,0.6931471805599452,0.6872540611163095
652,366,367,5,5,1,0.10128015428781509,0.6931471805599452,0.6872540611163095
652,367,368,5,5,1,0.08407271131873131,0.6931471805599452,0.6872564955158811
652,368,369,5,5,1,0.2576198399066925,0.5116470993626904,0.6854414947039085
652,369,370,11,11,1,0.13119075244123285,0.6929011750678946,0.6854416279823374
652,370,371,5,5,1,0.2053671360015869,0.6931471805599452,0.6854443205409286
652,371,372,5,5,1,0.14414830058813094,0.6926086688416677,0.6854389354237459
652,372,373,5,5,1,0.1036835104227066,0.6931471805599452,0.6854389354237459
652,373,374,7,7,1,0.09945951189313616,0.6931471805599452,0.685438935423746
652,374,375,10,10,1,0.15135196298360826,0.6931471805599452,0.685438935423746
652,375,376,10,10,1,0.2679290510714054,0.6924416045839454,0.685431879663986
652,376,377,5,5,1,0.11004440188407898,0.6931471805599452,0.6854345722225773
652,377,378,8,8,1,0.09977890644222498,0.6931471805599452,0.6854372647811686
652,378,379,5,5,1,0.09593146294355392,0.6931471805599452,0.6854372647811686
652,379,380,14,14,1,0.12989030618752753,0.6929082855449815,0.6854348758310193
652,380,381,7,7,1,0.13797375134059361,0.6928878472250057,0.6854322824976697
652,381,382,11,11,1,0.10294416343623941,0.6929011750678946,0.6854325150013406
652,382,383,5,5,1,0.09930897653102874,0.6931471805599452,0.6854325150013406
652,383,384,7,7,1,0.09330524131655693,0.6931471805599452,0.6854325150013406
652,384,385,13,13,1,0.15257280549177757,0.6924648068824218,0.6854281256641369
652,385,386,5,5,1,0.09877811968326569,0.6931471805599452,0.6854281256641369
652,386,387,5,5,1,0.1128526508808136,0.6931471805599452,0.6877211084862127
652,387,388,10,10,1,0.10740135014057159,0.6931471805599454,0.687732747284509
652,388,389,9,9,1,0.17206594803267056,0.6926433354719881,0.6877277088336293
652,389,390,5,5,1,0.1290734052658081,0.6931471805599452,0.6877277088336293
652,390,391,6,6,1,0.1203215904533863,0.6931471805599452,0.6900233842142967
652,391,392,5,5,1,0.09873379170894622,0.6931471805599452,0.6900233842142967
652,392,393,9,9,1,0.16208830972512564,0.6931471805599452,0.6900260767728881
652,393,394,5,5,1,0.11281663626432419,0.6931471805599452,0.690026076772888
652,394,395,7,7,1,0.10592473617621831,0.6928674058620631,0.6900259715845006
652,395,396,5,5,1,0.1002263829112053,0.6931471805599452,0.6900259715845004
652,396,397,5,5,1,0.09965485632419586,0.6931471805599452,0.6900259715845006
652,397,398,5,5,1,0.11619544923305511,0.6928779247008064,0.6900232790259092
652,398,399,6,6,1,0.10943011815349261,0.6928628596157735,0.6900204358164674
652,399,400,7,7,1,0.14548242411443166,0.6926285138900661,0.6900179417083601
652,400,401,5,5,1,0.10016568750143051,0.6931471805599452,0.6900229180243698
652,401,402,5,5,1,0.09956401139497757,0.6931471805599452,0.6900256105829611
652,402,403,7,7,1,0.1023683665054185,0.6931471805599452,0.6900283031415523
652,403,404,9,9,1,0.11377542714277904,0.6928952580159666,0.6900257839161127
652,404,405,5,5,1,0.10137225836515426,0.6931471805599452,0.6900257839161125
652,405,406,7,7,1,0.103063203394413,0.6931471805599452,0.690028476474704
652,406,407,5,5,1,0.09315189868211746,0.6931471805599452,0.690028476474704
652,407,408,9,9,1,0.09923371424277623,0.6931471805599452,0.690028476474704
652,408,409,5,5,1,0.11325030922889709,0.6931471805599452,0.690028476474704
652,409,410,14,14,1,0.2197721866624696,0.5962675943295794,0.6890596806124003
652,410,411,5,5,1,0.12361782491207123,0.6931471805599452,0.6890623731709917
652,411,412,9,9,1,0.12364399101999071,0.6926842086353907,0.6890631285689289
652,412,413,11,11,1,0.14492956819859418,0.6926551695758439,0.6890607276845278
652,413,414,6,6,1,0.12504912912845612,0.6928833014135285,0.6890606428499657
652,414,415,5,5,1,0.09939496964216232,0.6931471805599452,0.6890606428499659
652,415,416,5,5,1,0.09926601201295852,0.6931471805599452,0.6890631029048864
652,416,417,5,5,1,0.09638476371765137,0.6931471805599452,0.6890631029048864
652,417,418,12,12,1,0.1362236129740874,0.6929037406027952,0.6890606685053148
652,418,419,7,7,1,0.15142962017229625,0.6928878472250057,0.6890580751719655
652,419,420,5,5,1,0.101143778860569,0.6931471805599452,0.6890580751719655
652,420,421,8,8,1,0.2523583434522152,0.6864659816793975,0.6889912631831601
652,421,422,5,5,1,0.0848015632480383,0.6931471805599452,0.68899126318316
652,422,423,5,5,1,0.10008109211921692,0.6931471805599452,0.6890046575845818
652,423,424,5,5,1,0.25117546766996385,0.685820127991196,0.6889313870588945
652,424,425,12,12,1,0.20306438145538172,0.6931471805599454,0.6889340796174857
652,425,426,5,5,1,0.15024302005767823,0.6931471805599452,0.6889340796174857
652,426,427,12,12,1,0.1028542226801316,0.6929037406027952,0.6889316452179142
652,427,428,5,5,1,0.0995928168296814,0.6931471805599452,0.688934164443354
652,428,429,5,5,1,0.09996595382690429,0.6931471805599452,0.6889341644433542
652,429,430,5,5,1,0.09914514422416687,0.6931471805599452,0.688934164443354
652,430,431,5,5,1,0.10208497196435928,0.6931471805599452,0.688934164443354
652,431,432,5,5,1,0.0987043634057045,0.6931471805599452,0.6889391407593635
652,432,433,5,5,1,0.10485293120145797,0.6931471805599452,0.688941833317955
652,433,434,5,5,1,0.1410655364394188,0.6928779247008064,0.6889391407593637
652,434,435,5,5,1,0.10141440331935883,0.6931471805599452,0.6889391407593637
652,435,436,11,11,1,0.09802821481769736,0.6931471805599454,0.6889391407593637
652,436,437,5,5,1,0.09863510131835937,0.6931471805599452,0.6889468096339645
652,437,438,5,5,1,0.10065474212169648,0.6931471805599452,0.6889468096339645
652,438,439,15,15,1,0.1274156207839648,0.6931471805599452,0.6889543673102838
652,439,440,5,5,1,0.09712122231721879,0.6931471805599452,0.6889570598688753
652,440,441,8,8,1,0.11985141038894653,0.6928917848697165,0.688954505911973
652,441,442,5,5,1,0.10684354454278946,0.6931471805599452,0.688954505911973
652,442,443,7,7,1,0.10570182651281357,0.6928878472250057,0.6889572976958064
652,443,444,5,5,1,0.10011919438838959,0.6931471805599452,0.6889572976958064
652,444,445,9,9,1,0.160696336792575,0.6931471805599452,0.6889598169212461
652,445,446,9,9,1,0.10170475227965249,0.6931471805599452,0.6889598169212461
652,446,447,11,11,1,0.09910208105363628,0.6931471805599452,0.6889598169212462
652,447,448,13,13,1,0.18773926909153277,0.6915993910193413,0.6889443390258401
652,448,449,11,11,1,0.11048667471517216,0.6929011750678944,0.6900989859543734
652,449,450,13,13,1,0.14072682364628866,0.6924648068824218,0.690092162217598
652,450,451,5,5,1,0.10071308314800262,0.6931471805599452,0.6900921622175982
652,451,452,5,5,1,0.09999027848243713,0.6931471805599452,0.6900921622175982
652,452,453,5,5,1,0.09620066732168198,0.6931471805599452,0.6900921622175982
652,453,454,13,13,1,0.1512841095144932,0.6927058868458508,0.6900948481915633
652,454,455,10,10,1,0.13390845209360122,0.692629108900328,0.690089667474967
652,455,456,6,6,1,0.22733444596330324,0.6860709719467684,0.6900189053888353
652,456,457,6,6,1,0.09886742755770683,0.6931471805599452,0.6900242905060179
652,457,458,13,13,1,0.09952966353067985,0.6931471805599452,0.6900242905060181
652,458,459,5,5,1,0.09892122745513916,0.6931471805599452,0.6900268838393674
652,459,460,5,5,1,0.09862013906240463,0.6931471805599452,0.6900268838393674
652,460,461,9,9,1,0.12550177259577644,0.6931471805599452,0.6900295763979588
652,461,462,13,13,1,0.1077784477518155,0.6929061005965165,0.6900271655983246
652,462,463,13,13,1,0.09947927124225177,0.6931471805599452,0.6900297195552269
652,463,464,5,5,1,0.1000281184911728,0.6931471805599452,0.6900297195552269
652,464,465,5,5,1,0.09520023465156555,0.6928779247008064,0.6900353451190052
652,465,466,9,9,1,0.10850427216953701,0.6926842086353907,0.6900307153997599
652,466,467,9,9,1,0.16690085331598917,0.6926842086353907,0.6900260856805143
652,467,468,10,10,1,0.19644250199198723,0.6926904203844241,0.690021518078759
652,468,469,9,9,1,0.10447124391794205,0.6928952580159666,0.6918339996652918
652,469,470,5,5,1,0.10291731357574463,0.6931471805599452,0.6918364597202122
652,470,471,5,5,1,0.100315061211586,0.6931471805599452,0.6918364597202123
652,471,472,6,6,1,0.09935365865627925,0.6931471805599452,0.6918418448373952
652,472,473,5,5,1,0.09996689409017563,0.6931471805599452,0.6918418448373952
652,473,474,8,8,1,0.10022168420255184,0.6931471805599452,0.6918418448373952
652,474,475,5,5,1,0.15577176660299302,0.6928779247008064,0.6918391522788037
652,475,476,10,10,1,0.1150162398815155,0.6928983647594669,0.6918437198805588
652,476,477,5,5,1,0.08589796200394631,0.6931471805599452,0.691843719880559
652,477,478,9,9,1,0.0992863020963139,0.6931471805599452,0.691843719880559
652,478,479,9,9,1,0.11197517812252045,0.6931471805599452,0.691843719880559
652,479,480,5,5,1,0.10637214928865432,0.6928779247008064,0.6918434162721171
652,480,481,5,5,1,0.1001195877790451,0.6931471805599452,0.6918460096054666
652,481,482,5,5,1,0.10102119445800781,0.6931471805599452,0.691848469660387
652,482,483,10,10,1,0.10047364830970765,0.6931471805599452,0.691848469660387
652,483,484,5,5,1,0.09957418292760849,0.6931471805599452,0.691848469660387
652,484,485,8,8,1,0.11955116223543882,0.6928917848697165,0.69185273944026
652,485,486,5,5,1,0.1247883453965187,0.6928779247008064,0.6918500468816687
652,486,487,5,5,1,0.1397795557975769,0.6928779247008064,0.6918473543230773
652,487,488,5,5,1,0.09458237141370773,0.6931471805599452,0.6918473543230772
652,488,489,12,12,1,0.1111043132841587,0.6929037406027952,0.6918499583743853
652,489,490,9,9,1,0.09643510108192761,0.6931471805599452,0.6918499583743853
652,490,491,10,10,1,0.15887382254004478,0.6928983647594669,0.6918474702163805
652,491,492,5,5,1,0.10018806606531143,0.6931471805599452,0.6918474702163805
652,492,493,10,10,1,0.10198822692036628,0.6931471805599452,0.6918474702163805
652,493,494,5,5,1,0.09795172363519669,0.6928779247008064,0.6918447776577892
652,494,495,5,5,1,0.11722722351551056,0.6928779247008064,0.6918448828461766
652,495,496,10,10,1,0.1755823813378811,0.6928779247008064,0.6918421902875853
652,496,497,11,11,1,0.10218566723845222,0.6931471805599452,0.6918421902875852
652,497,498,10,10,1,0.10239125937223434,0.6931471805599452,0.6918448828461766
652,498,499,10,10,1,0.09998240917921067,0.6931471805599452,0.6918477260556183
652,499,500,9,9,1,0.1010994811852773,0.6928952580159666,0.6918503934968773
652,500,501,10,10,1,0.10726936757564545,0.6931471805599452,0.6918503934968773
652,501,502,7,7,1,0.10933389088937215,0.6928878472250057,0.6918478001635279
652,502,503,7,7,1,0.11908311183963503,0.6931471805599452,0.691847800163528
652,503,504,5,5,1,0.12813844084739684,0.6931471805599452,0.6918503193889676
652,504,505,7,7,1,0.10081762501171657,0.6931471805599452,0.6918503193889677
652,505,506,8,8,1,0.10106733813881874,0.6931471805599452,0.6918503193889677
652,506,507,5,5,1,0.094544917345047,0.6931471805599452,0.6918503193889677
652,507,508,10,10,1,0.10758757218718529,0.6928983647594669,0.6918478312309629
652,508,509,5,5,1,0.09751178324222565,0.6931471805599452,0.6918478312309629
652,509,510,9,9,1,0.09878501875532998,0.6931471805599452,0.6928166270932665
652,510,511,9,9,1,0.0993703222937054,0.6931471805599452,0.6928166270932665
652,511,512,5,5,1,0.11943592578172683,0.6928779247008064,0.6928185642539207
652,512,513,5,5,1,0.10017317980527878,0.6931471805599452,0.6928234843637618
652,513,514,8,8,1,0.15083988662809134,0.6928917848697165,0.6928235691983237
652,514,515,5,5,1,0.12262223362922668,0.6928779247008064,0.6928208766397322
652,515,516,10,10,1,0.18738853856921195,0.6926495489589886,0.6928159003237226
652,516,517,9,9,1,0.09343023598194122,0.6931471805599452,0.6928159003237226
652,517,518,8,8,1,0.10378280933946371,0.6931471805599452,0.6928183347232942
652,518,519,11,11,1,0.09897433492270383,0.6931471805599452,0.6928209280566436
652,519,520,5,5,1,0.09920405149459839,0.6931471805599452,0.6928209280566436
652,520,521,10,10,1,0.10115449950098991,0.6931471805599452,0.6928877400454491
652,521,522,9,9,1,0.11258519689242046,0.6926433354719881,0.6928827015945695
652,522,523,5,5,1,0.10095912665128708,0.6931471805599452,0.6928827015945695
652,523,524,6,6,1,0.08474901877343655,0.6931471805599452,0.6929559721202568
652,524,525,6,6,1,0.11861539507905643,0.6931471805599452,0.692955972120257
652,525,526,8,8,1,0.15067713893949986,0.6928917848697165,0.6929534181633547
652,526,527,10,10,1,0.10781557783484459,0.6926495489589883,0.6929508762469166
652,527,528,11,11,1,0.11815575442530891,0.6929011750678946,0.692948416191996
652,528,529,5,5,1,0.09940620958805084,0.6931471805599452,0.692948416191996
652,529,530,7,7,1,0.08825551079852241,0.6931471805599452,0.6929484161919962
652,530,531,5,5,1,0.10895573049783706,0.6928779247008064,0.6929457236334048
652,531,532,5,5,1,0.09741437435150146,0.6931471805599452,0.6929457236334048
652,532,533,15,15,1,0.10879475722710291,0.6927143214254409,0.6929413950420598
652,533,534,5,5,1,0.09938372820615768,0.6931471805599452,0.692944087600651
652,534,535,10,10,1,0.10138237476348877,0.6931471805599452,0.692944087600651
652,535,536,12,12,1,0.10035931753615539,0.6931471805599454,0.692944087600651
652,536,537,13,13,1,0.1659423107138047,0.6924239406696587,0.6929368552017482
652,537,538,9,9,1,0.10031937559445699,0.6931471805599452,0.6929368552017482
652,538,539,5,5,1,0.1108748510479927,0.6931471805599452,0.6929368552017482
652,539,540,11,11,1,0.12547092884778976,0.6931471805599452,0.6929368552017482
652,540,541,11,11,1,0.09875720536166971,0.6931471805599452,0.6929394091586505
652,541,542,5,5,1,0.08217908926308155,0.6931471805599452,0.6929394091586505
652,542,543,10,10,1,0.12589599639177323,0.6928983647594669,0.692939514333995
652,543,544,8,8,1,0.0962939471937716,0.6931471805599452,0.692939514333995
652,544,545,15,15,1,0.10227658500274023,0.6929103196233573,0.6929371457246293
652,545,546,14,14,1,0.11366391075508935,0.6922324649757052,0.6929279985687868
652,546,547,8,8,1,0.10194376017898321,0.6928917848697165,0.6929254446118845
652,547,548,8,8,1,0.10693858657032251,0.6928917848697165,0.6929383685503884
652,548,549,5,5,1,0.0996111124753952,0.6931471805599452,0.6929408286053088
652,549,550,6,6,1,0.1084718828399976,0.6931471805599452,0.6929476523420841
652,550,551,10,10,1,0.10138223394751548,0.6931471805599452,0.6929476523420841
652,551,552,10,10,1,0.17388761639595032,0.6928983647594669,0.6929451641840793
652,552,553,11,11,1,0.11464597217061302,0.6926551695758439,0.6929402440742382
652,553,554,7,7,1,0.11014552520854133,0.6926693905300176,0.6929398791110798
652,554,555,5,5,1,0.09963203221559525,0.6931471805599452,0.6929450598276761
652,555,556,8,8,1,0.14459343161433935,0.6928917848697165,0.6930132679569054
652,556,557,5,5,1,0.10170339643955231,0.6931471805599452,0.6930132679569055
652,557,558,9,9,1,0.11868968771563636,0.6931471805599452,0.6930132679569055
652,558,559,12,12,1,0.1326584735264381,0.6931471805599452,0.6930132679569055
652,559,560,5,5,1,0.10119871348142624,0.6931471805599452,0.6930132679569055
652,560,561,9,9,1,0.13490350627236897,0.6926433354719881,0.6930082295060259
652,561,562,8,8,1,0.10190885420888662,0.6931471805599452,0.6930106403056603
652,562,563,9,9,1,0.10659024698866738,0.6931471805599452,0.6930106403056603
652,563,564,13,13,1,0.11300614590828235,0.6929061005965165,0.6930082295060259
652,564,565,13,13,1,0.17085689306259155,0.5919187577562854,0.6919986378365808
652,565,566,8,8,1,0.10006075073033571,0.6931471805599452,0.6920032675558262
652,566,567,5,5,1,0.09933309108018876,0.6931471805599452,0.6920078972750718
652,567,568,14,14,1,0.09893352618174893,0.6929082855449815,0.6920100759266775
652,568,569,12,12,1,0.10069533127049606,0.6931471805599454,0.6920125951521173
652,569,570,10,10,1,0.1602480884641409,0.6923153683229509,0.6920042770297473
652,570,571,5,5,1,0.09887997061014175,0.6931471805599452,0.6920042770297472
652,571,572,6,6,1,0.0992272396882375,0.6931471805599452,0.6920042770297472
652,572,573,5,5,1,0.10108695179224014,0.6928779247008064,0.6920015844711558
652,573,574,8,8,1,0.09949199575930834,0.6931471805599452,0.6920015844711558
652,574,575,7,7,1,0.09919559423412595,0.6931471805599452,0.6920042770297473
652,575,576,8,8,1,0.10272755660116673,0.6931471805599452,0.6920067651877521
652,576,577,5,5,1,0.10403805077075959,0.6928779247008064,0.6920040726291606
652,577,578,8,8,1,0.13376552611589432,0.6931471805599452,0.6920040726291606
652,578,579,12,12,1,0.09946690251429875,0.6931471805599452,0.6920040726291606
652,579,580,8,8,1,0.11960829701274633,0.6928917848697165,0.6920042112308498
652,580,581,9,9,1,0.09872319135400984,0.6931471805599452,0.6920042112308498
652,581,582,12,12,1,0.10211951285600662,0.6929037406027952,0.6920017768312783
652,582,583,15,15,1,0.1099127451578776,0.6924774604888528,0.6919950796305673
652,583,584,6,6,1,0.09841181337833405,0.6931471805599452,0.6919950796305673
652,584,585,14,14,1,0.20136006389345443,0.6893468265741974,0.6919596300476121
652,585,586,8,8,1,0.10439933463931084,0.6928917848697165,0.6919597686493012
652,586,587,10,10,1,0.1279481492936611,0.6928983647594669,0.6919599730498878
652,587,588,5,5,1,0.09774655252695083,0.6931471805599452,0.691959973049888
652,588,589,5,5,1,0.09963693618774414,0.6931471805599452,0.6919624074494594
652,589,590,7,7,1,0.09941149822303227,0.6931471805599452,0.6919624074494594
652,590,591,5,5,1,0.10028389990329742,0.6931471805599452,0.6919648956074641
652,591,592,7,7,1,0.18788710981607437,0.6928878472250057,0.6919623022741148
652,592,593,11,11,1,0.10461875254457648,0.6929011750678946,0.6919598422191943
652,593,594,9,9,1,0.10168474084801143,0.6931471805599452,0.6919625347777856
652,594,595,10,10,1,0.09601317048072815,0.6931471805599452,0.6919652273363769
652,595,596,9,9,1,0.13770583437548745,0.6928952580159666,0.6919654006695285
652,596,597,7,7,1,0.09755833659853254,0.6931471805599452,0.6919654006695286
652,597,598,7,7,1,0.10426205822399684,0.6931471805599452,0.6919654006695286
652,598,599,14,14,1,0.21097332026277268,0.6918772197754247,0.6919527010616834
652,599,600,11,11,1,0.18098719824444165,0.6924500337714662,0.6919482488192383
652,600,601,5,5,1,0.10519875138998032,0.6928779247008064,0.691945556260647
652,601,602,10,10,1,0.09993337243795394,0.6931471805599452,0.6919481495939963
652,602,603,8,8,1,0.09906437620520592,0.6931471805599452,0.6919481495939963
652,603,604,8,8,1,0.09887850005179644,0.6931471805599452,0.6919481495939965
652,604,605,12,12,1,0.10059751570224762,0.6929037406027952,0.6919457151944249
652,605,606,5,5,1,0.11625434309244156,0.6928779247008064,0.6919430226358335
652,606,607,6,6,1,0.09970154364903767,0.6931471805599452,0.6919430226358335
652,607,608,14,14,1,0.11585865222981998,0.6929082855449815,0.6919431218436887
652,608,609,6,6,1,0.13299009079734483,0.6928833014135285,0.6919404830522243
652,609,610,7,7,1,0.15927201828786305,0.6926285138900661,0.6919352963855258
652,610,611,8,8,1,0.10141085274517536,0.6931471805599452,0.6919352963855258
652,611,612,12,12,1,0.1038820780813694,0.6928833014135285,0.691935350152653
652,612,613,11,11,1,0.17156585373661734,0.6926551695758439,0.691930430042812
652,613,614,13,13,1,0.15640453535776871,0.6926650206330877,0.6919281624004456
652,614,615,5,5,1,0.09881057143211365,0.6931471805599452,0.6919308549590371
652,615,616,10,10,1,0.10186883732676506,0.6931471805599452,0.6919358312750467
652,616,617,6,6,1,0.09673863525191943,0.6931471805599452,0.6919358312750467
652,617,618,10,10,1,0.10818990021944046,0.6928983647594669,0.6919333431170418
652,618,619,9,9,1,0.17864162392086452,0.6928952580159666,0.691930823891602
652,619,620,9,9,1,0.14155088365077972,0.6926842086353907,0.6919261941723565
652,620,621,8,8,1,0.10330996941775084,0.6928917848697165,0.6919236402154542
652,621,622,5,5,1,0.1096344143152237,0.6931471805599452,0.6919286786663338
652,622,623,11,11,1,0.12795485285195438,0.6924500337714662,0.6919217071984489
652,623,624,10,10,1,0.15902811288833618,0.6926495489589883,0.6919167308824394
652,624,625,12,12,1,0.10139983457823594,0.6931471805599454,0.6919167308824394
652,625,626,9,9,1,0.10023569564024608,0.6931471805599452,0.6919192848393417
652,626,627,13,13,1,0.09885810430233295,0.6931471805599452,0.6919242611553513
652,627,628,10,10,1,0.18038631454110146,0.6910808520628855,0.6919060579253012
652,628,629,16,16,1,0.10119346249848604,0.6931471805599452,0.6919060579253012
652,629,630,10,10,1,0.10714369118213654,0.6926904203844241,0.691901490323546
652,630,631,11,11,1,0.09900744665752757,0.6931471805599452,0.6919041828821374
652,631,632,5,5,1,0.2077561181038618,0.6922336602089024,0.6918950476786269
652,632,633,10,10,1,0.0997497521340847,0.6931471805599452,0.6918993762699719
652,633,634,5,5,1,0.10027482062578201,0.6931471805599452,0.6918993762699721
652,634,635,11,11,1,0.10180182416330684,0.6929011750678946,0.6918969162150514
652,635,636,10,10,1,0.1018392451107502,0.6931471805599452,0.6918969162150514
652,636,637,7,7,1,0.10152818049703326,0.6928878472250057,0.691901555280605
652,637,638,8,8,1,0.13124320097267628,0.6931471805599452,0.691901555280605
652,638,639,7,7,1,0.10002272469656807,0.6931471805599452,0.691901555280605
652,639,640,12,12,1,0.09812954130272071,0.6931471805599452,0.6919015552806048
652,640,641,5,5,1,0.21004251688718795,0.6923802930998496,0.691893886406004
652,641,642,13,13,1,0.10401259190761127,0.6929061005965165,0.6918914756063697
652,642,643,12,12,1,0.09684706293046474,0.6931471805599454,0.6918939637643746
652,643,644,11,11,1,0.16744116693735123,0.6920805936466309,0.6918832978952413
652,644,645,8,8,1,0.10025262553244829,0.6931471805599452,0.6918856665046071
652,645,646,10,10,1,0.15184480026364328,0.6926495489589883,0.69188983734444
652,646,647,5,5,1,0.10030763298273086,0.6931471805599452,0.6918923913013423
652,647,648,14,14,1,0.10635141283273697,0.6929082855449815,0.691892556308095
652,648,649,9,9,1,0.13418404012918472,0.6928952580159666,0.6918900370826552
652,649,650,8,8,1,0.20808291155844927,0.6786629423374887,0.6917451947004305
652,650,651,10,10,1,0.14203715026378633,0.6928983647594669,0.6917427065424258
652,651,652,12,12,1,0.10646963305771351,0.6927011685957611,0.6917407345807888
652,652,653,12,12,1,0.1142653301358223,0.6926603006456453,0.6917407858914868
652,653,654,7,7,1,0.17075572162866592,0.6928878472250057,0.6917429704584367
652,654,655,9,9,1,0.10192612972524431,0.6931471805599452,0.6917429704584367
652,655,656,6,6,1,0.09950657437245052,0.6931471805599452,0.6917455244153391
652,656,657,14,14,1,0.09695997195584434,0.6931471805599452,0.6917455244153391
652,657,658,15,15,1,0.12670649190743763,0.6926734586867692,0.6917407871966073
652,658,659,5,5,1,0.0971429854631424,0.6931471805599452,0.6917407871966071
652,659,660,5,5,1,0.22392887510359288,0.6916639699480096,0.6917259550904877
652,660,661,11,11,1,0.11123809286139229,0.6929011750678944,0.6917285334864469
652,661,662,5,5,1,0.1611394003033638,0.6928779247008064,0.6917258409278556
652,662,663,13,13,1,0.17426212705098665,0.6868885189807387,0.6916632543120634
652,663,664,12,12,1,0.09943171342213948,0.6931471805599452,0.6916656651116978
652,664,665,19,19,1,0.10388087716541793,0.6931471805599452,0.6926779493397344
652,665,666,12,12,1,0.101063447073102,0.6931471805599452,0.6926779493397344
652,666,667,7,7,1,0.1011117622256279,0.6931471805599452,0.6926779493397344
652,667,668,7,7,1,0.1007751960839544,0.6931471805599452,0.692680338289884
652,668,669,11,11,1,0.17775637182322415,0.6922040282794155,0.6926709067670787
652,669,670,6,6,1,0.11875177919864655,0.6931471805599452,0.6926792248894487
652,670,671,6,6,1,0.10173694789409637,0.6931471805599452,0.6926792248894487
652,671,672,15,15,1,0.10497056047121683,0.6929103196233573,0.6926768562800828
652,672,673,10,10,1,0.1382837988436222,0.6928983647594669,0.6926770606806695
652,673,674,9,9,1,0.11896885931491852,0.6926842086353907,0.6926724309614238
652,674,675,12,12,1,0.13729530138274035,0.6926603006456453,0.6926675621622808
652,675,676,11,11,1,0.2610958008603616,0.6900046895001142,0.6926361372516824
652,676,677,5,5,1,0.15481155514717101,0.6928779247008064,0.6926361372516826
652,677,678,11,11,1,0.12316105480898511,0.6926551695758439,0.6926312171418415
652,678,679,15,15,1,0.23075897246599197,0.6916934156379556,0.6926166794926216
652,679,680,7,7,1,0.10214859672955104,0.6931471805599452,0.6926192334495239
652,680,681,7,7,1,0.10117195227316447,0.6931471805599452,0.6926192334495239
652,681,682,8,8,1,0.09937460348010063,0.6931471805599452,0.6926216678490954
652,682,683,10,10,1,0.19091362431645392,0.6920665525224723,0.6926175587694315
652,683,684,5,5,1,0.10181990265846252,0.6931471805599452,0.6926175587694315
652,684,685,9,9,1,0.11231035739183426,0.6928952580159666,0.6926530430838492
652,685,686,10,10,1,0.1947843089699745,0.6912768386760786,0.6926368936219128
652,686,687,5,5,1,0.0970977485179901,0.6931471805599452,0.6926393817799176
652,687,688,5,5,1,0.1000720128417015,0.6931471805599452,0.6926393817799176
652,688,689,7,7,1,0.1025718439902578,0.6928878472250057,0.6926367884465683
652,689,690,15,15,1,0.1054432138800621,0.6931471805599452,0.6926367884465683
652,690,691,9,9,1,0.10679370123479101,0.6928952580159666,0.6926342692211286
652,691,692,5,5,1,0.102352836728096,0.6926495489589883,0.6926318862384683
652,692,693,12,12,1,0.09400304903586705,0.6931471805599452,0.6926343462933887
652,693,694,23,23,1,0.1223712599147921,0.6926986597385997,0.6926298610851753
652,694,695,9,9,1,0.17167666637235218,0.692432286091412,0.6926227121404901
652,695,696,8,8,1,0.14175932109355927,0.6931471805599452,0.6926252313659299
652,696,697,10,10,1,0.1536844249814749,0.6926495489589883,0.6926202550499202
652,697,698,15,15,1,0.099860180914402,0.6931471805599452,0.6926202550499202
652,698,699,5,5,1,0.10359421074390411,0.6931471805599452,0.6926329546577655
652,699,700,9,9,1,0.09895357075664732,0.6931471805599452,0.6926399261256503
652,700,701,14,14,1,0.10082504419343812,0.6931471805599452,0.6926426186842417
652,701,702,10,10,1,0.18089293763041497,0.6924007331585099,0.6926351542102274
652,702,703,12,12,1,0.10300995657841365,0.6929037406027952,0.6926327198106557
652,703,704,14,14,1,0.11267821384327752,0.6926369950279359,0.6926276179553357
652,704,705,15,15,1,0.24682603081067403,0.6895485241296766,0.6925940657906046
652,705,706,14,14,1,0.1349220047039645,0.6929082855449815,0.6925943693990463
652,706,707,14,14,1,0.09949592767017228,0.6931471805599452,0.6925943693990463
652,707,708,10,10,1,0.10909697785973549,0.6928983647594669,0.692594270191191
652,708,709,16,16,1,0.10994624812155962,0.6926772640810623,0.6925922098178665
652,709,710,11,11,1,0.3528286469253627,0.6876582955531488,0.6925425076344973
652,710,711,15,15,1,0.10110181917746862,0.6931471805599452,0.6925425076344973
652,711,712,7,7,1,0.10688908291714531,0.6931471805599452,0.6925451464259613
652,712,713,13,13,1,0.3228043495462491,0.46897636916876423,0.6903083584218906
652,713,714,12,12,1,0.18847714892278114,0.5637795246640278,0.6890195034622001
652,714,715,11,11,1,0.09981496361168948,0.6931471805599452,0.6890195034622001
652,715,716,8,8,1,0.09163900790736079,0.6931471805599452,0.6890195034622001
652,716,717,11,11,1,0.12255661189556122,0.6931471805599452,0.6890195034621999
652,717,718,10,10,1,0.08941197134554386,0.6931471805599452,0.6890219916202048
652,718,719,12,12,1,0.12371283024549484,0.6929037406027952,0.6890220764460732
652,719,720,8,8,1,0.0995713360607624,0.6931471805599452,0.6890267061653187
652,720,721,10,10,1,0.09999476820230484,0.6931471805599452,0.689029260122221
652,721,722,13,13,1,0.12703068267840606,0.6929061005965165,0.6890268493225866
652,722,723,10,10,1,0.10459680333733559,0.6928983647594669,0.6890313326324666
652,723,724,10,10,1,0.09996223375201226,0.6931471805599452,0.6890363089484762
652,724,725,9,9,1,0.10511303693056107,0.6928952580159666,0.6890337897230364
652,725,726,12,12,1,0.11451074294745922,0.6926398614563785,0.6890287165320008
652,726,727,13,13,1,0.11685242675817929,0.6926445818784791,0.689023690545186
652,727,728,11,11,1,0.10860600932077928,0.6931471805599454,0.6890443538301567
652,728,729,10,10,1,0.11138275638222694,0.6931471805599452,0.6890443538301567
652,729,730,10,10,1,0.10335367918014526,0.6928983647594669,0.6890464332739071
652,730,731,14,14,1,0.1309347998883043,0.6922324649757052,0.6890372861180647
652,731,732,14,14,1,0.17329801352960722,0.6916372729779784,0.6890313222457555
652,732,733,10,10,1,0.10023318082094193,0.6931471805599452,0.6890313222457555
652,733,734,13,13,1,0.11899046743145356,0.6929061005965165,0.6890289114461211
652,734,735,15,15,1,0.09976866841316223,0.6931471805599452,0.6890313715010418
652,735,736,9,9,1,0.09816647155417337,0.6931471805599452,0.6890313715010418
652,736,737,5,5,1,0.09956749081611634,0.6931471805599452,0.689033964834391
652,737,738,10,10,1,0.165578193962574,0.6926904203844241,0.6890293972326359
652,738,739,6,6,1,0.09955553089578946,0.6931471805599452,0.6890293972326359
652,739,740,10,10,1,0.09971942976117135,0.6931471805599452,0.689029397232636
652,740,741,5,5,1,0.10359341502189637,0.6928779247008064,0.6890343735486454
652,741,742,17,17,1,0.12023311502793256,0.692680838594152,0.6890321209286218
652,742,743,5,5,1,0.10024574398994446,0.6931471805599452,0.6890321209286218
652,743,744,13,13,1,0.1632364077063707,0.6924239406696587,0.6890355543988521
652,744,745,14,14,1,0.10074577054807118,0.6931471805599452,0.6890355543988521
652,745,746,9,9,1,0.10750776943233278,0.6931471805599452,0.6890405307148617
652,746,747,11,11,1,0.12110229649327019,0.6929011750678946,0.6890380706599412
652,747,748,9,9,1,0.10484385449025366,0.6928952580159666,0.6890379403846509
652,748,749,8,8,1,0.13784999959170818,0.6926363891794877,0.6890353516962863
652,749,750,9,9,1,0.09985706044567956,0.6931471805599452,0.6891801940785109
652,750,751,6,6,1,0.10489173481861751,0.6928833014135285,0.6891800434450513
652,751,752,12,12,1,0.1948003045593699,0.6867770768735805,0.6891208025278296
652,752,753,9,9,1,0.2615808645884196,0.6788356943694526,0.6889825564650677
652,753,754,11,11,1,0.14878172833811154,0.6922040282794155,0.6889757182756118
652,754,755,5,5,1,0.09876293689012527,0.6931471805599452,0.6889757182756118
652,755,756,17,17,1,0.12454815647181343,0.6922553558937582,0.6889668000289498
652,756,757,11,11,1,0.1064363643527031,0.6929011750678946,0.6889643399740294
652,757,758,16,16,1,0.16666482482105494,0.6919008196109859,0.6889566135832714
652,758,759,14,14,1,0.10464736659611974,0.6927102550056328,0.6889522443277285
652,759,760,5,5,1,0.10100480318069457,0.6931471805599452,0.6889670764338479
652,760,761,11,11,1,0.09967430342327464,0.6931471805599452,0.6889695364887684
652,761,762,10,10,1,0.15445175692439078,0.6926904203844239,0.6889676614456044
652,762,763,11,11,1,0.1447905884547667,0.6931471805599452,0.6890302480613966
652,763,764,13,13,1,0.09912215746366061,0.6931471805599452,0.6890302480613966
652,764,765,10,10,1,0.09763689935207367,0.6931471805599452,0.6890302480613966
652,765,766,18,18,1,0.19246472501092488,0.6924935802021831,0.6890237120578189
652,766,767,9,9,1,0.08943225691715877,0.6931471805599452,0.6890237120578189
652,767,768,12,12,1,0.12876311813791594,0.6926398614563785,0.6890186388667833
652,768,769,5,5,1,0.10164560228586197,0.6928779247008064,0.6890253778309972
652,769,770,12,12,1,0.13359477184712887,0.6919708487243114,0.6890136145126408
652,770,771,7,7,1,0.09949320235422679,0.6931471805599452,0.689013614512641
652,771,772,9,9,1,0.09983967327409321,0.6931471805599452,0.6890159831220066
652,772,773,9,9,1,0.10170839064651066,0.6931471805599452,0.6890184712800114
652,773,774,10,10,1,0.09992282539606094,0.6931471805599452,0.689023100999257
652,774,775,13,13,1,0.10203489260031627,0.6929061005965165,0.6890255589987657
652,775,776,15,15,1,0.14758133192857106,0.6924774604888528,0.6890502867086532
652,776,777,5,5,1,0.10534692704677581,0.6923802930998496,0.6890453103926436
652,777,778,5,5,1,0.10387195348739624,0.6931471805599452,0.6890502305024846
652,778,779,14,14,1,0.10198113934269973,0.6929082855449815,0.6890623792015548
652,779,780,11,11,1,0.10172999040646986,0.6931471805599452,0.6890623792015548
652,780,781,13,13,1,0.10119100316212727,0.6931471805599452,0.6890623792015548
652,781,782,15,15,1,0.18272636731465658,0.6873242281084526,0.6890041496770398
652,782,783,10,10,1,0.1023053340613842,0.6928983647594669,0.6890124677994099
652,783,784,10,10,1,0.1828356482088566,0.6899515577758324,0.6889805115715687
652,784,785,10,10,1,0.10032066330313683,0.6931471805599452,0.6889830307970085
652,785,786,12,12,1,0.10126792825758457,0.6931471805599452,0.6890017342158472
652,786,787,8,8,1,0.10498761013150215,0.6928917848697165,0.6889991802589449
652,787,788,12,12,1,0.16720899939537048,0.6924577286386113,0.6889922857397316
652,788,789,15,15,1,0.10119051436583201,0.6929103196233573,0.688992510463715
652,789,790,14,14,1,0.2050060997051852,0.6926693905300176,0.6889877325634157
652,790,791,12,12,1,0.0990269413838784,0.6931471805599454,0.6889902517888555
652,791,792,5,5,1,0.09879785478115082,0.6931471805599452,0.6889952281048651
652,792,793,8,8,1,0.1029331972822547,0.6928917848697165,0.6889926741479628
652,793,794,11,11,1,0.103002015162598,0.6931471805599452,0.6889971593561763
652,794,795,9,9,1,0.10090189592705832,0.6931471805599452,0.6890043083008617
652,795,796,9,9,1,0.15982254222035408,0.6931471805599452,0.6890043083008617
652,796,797,10,10,1,0.18649793788790703,0.6794661854023941,0.6888724746652958
652,797,798,5,5,1,0.10858196616172791,0.6928779247008064,0.6888697821067044
652,798,799,15,15,1,0.10067604581514994,0.6931471805599452,0.6888697821067044
652,799,800,5,5,1,0.24396006017923355,0.6926086688416677,0.6888643969895214
652,800,801,14,14,1,0.12189379334449768,0.6931471805599452,0.6888643969895214
652,801,802,13,13,1,0.13677427631158096,0.6931471805599452,0.6888718614635359
652,802,803,13,13,1,0.150010245350691,0.6927058868458508,0.6888698829259665
652,803,804,5,5,1,0.10160607099533081,0.6931471805599452,0.6888749847812866
652,804,805,17,17,1,0.10239907485597274,0.6931471805599452,0.6889109713455892
652,805,806,10,10,1,0.14945706352591515,0.6931471805599452,0.6889133602957388
652,806,807,10,10,1,0.09841195940971374,0.6931471805599452,0.6889133602957388
652,807,808,5,5,1,0.09642558097839356,0.6931471805599452,0.6889158484537437
652,808,809,11,11,1,0.11864946308461102,0.6924500337714662,0.6889135761506476
652,809,810,11,11,1,0.14836277135393836,0.6931471805599452,0.6889684650007156
652,810,811,12,12,1,0.09439885088553031,0.6931471805599452,0.6889684650007156
652,811,812,14,14,1,0.10073811880179814,0.6931471805599452,0.6889684650007157
652,812,813,12,12,1,0.10607280395925045,0.6931471805599452,0.6912101731146275
652,813,814,10,10,1,0.09997083246707916,0.6931471805599452,0.6925038496735866
652,814,815,13,13,1,0.10887873344696485,0.6929061005965165,0.6925014388739522
652,815,816,12,12,1,0.12957563096036515,0.6923964214992288,0.6924939312833451
652,816,817,12,12,1,0.12383333841959636,0.6929037406027952,0.6924914968837738
652,817,818,11,11,1,0.1030115701935508,0.6931471805599454,0.6924914968837738
652,818,819,14,14,1,0.11984845250844955,0.6929082855449815,0.6924915423331955
652,819,820,10,10,1,0.09985268414020539,0.6931471805599452,0.6924915423331954
652,820,821,10,10,1,0.10689008012413978,0.6926904203844239,0.6924869747314404
652,821,822,14,14,1,0.1001035129385335,0.6929082855449815,0.6924869965809249
652,822,823,13,13,1,0.10005578513328846,0.6931471805599452,0.6924894847389298
652,823,824,9,9,1,0.14227636406819025,0.6928952580159666,0.69248696551349
652,824,825,13,13,1,0.15828750225213858,0.6919049867092468,0.6924770628004228
652,825,826,15,15,1,0.09992386053005854,0.6931471805599452,0.6924821359914585
652,826,827,12,12,1,0.10704273916780949,0.6929037406027952,0.6924847275787016
652,827,828,9,9,1,0.13381018820736143,0.6923914129280095,0.6924771699023823
652,828,829,13,13,1,0.11001250663628945,0.6926445818784791,0.6924721439155677
652,829,830,10,10,1,0.13362837061285973,0.6931471805599452,0.6924746320735723
652,830,831,13,13,1,0.1014996085029382,0.6931471805599452,0.6924837792294147
652,831,832,12,12,1,0.19864757359027863,0.6931471805599452,0.6924988783052345
652,832,833,10,10,1,0.11363292261958122,0.6924007331585098,0.69249141383122
652,833,834,9,9,1,0.0992638584640291,0.6931471805599452,0.6924938246308544
652,834,835,17,17,1,0.10107112281462725,0.6931471805599452,0.6924938246308544
652,835,836,11,11,1,0.11494911394336006,0.6931471805599452,0.6924938246308544
652,836,837,13,13,1,0.09929384405796345,0.6931471805599452,0.6924938246308544
652,837,838,14,14,1,0.10003820434212685,0.6931471805599452,0.6924983922326097
652,838,839,10,10,1,0.11650539785623551,0.692629108900328,0.6924932115160134
652,839,840,13,13,1,0.1427427323964926,0.6929061005965165,0.692490800716379
652,840,841,12,12,1,0.11444901923338573,0.6929037406027952,0.6924910588753991
652,841,842,12,12,1,0.10513159508506457,0.6929037406027952,0.6924932878954855
652,842,843,10,10,1,0.09925050213932991,0.6931471805599452,0.6924932878954855
652,843,844,11,11,1,0.0991494811393998,0.6931471805599452,0.6925005202943884
652,844,845,13,13,1,0.10390176337498885,0.6929061005965165,0.692498109494754
652,845,846,8,8,1,0.1108381375670433,0.6928917848697165,0.6924955555378517
652,846,847,12,12,1,0.09608001292993625,0.6931471805599454,0.6924980155927724
652,847,848,9,9,1,0.09945416036579344,0.6931471805599452,0.6925005348182122
652,848,849,14,14,1,0.1404016496879714,0.6926693905300176,0.6925008648317172
652,849,850,14,14,1,0.09909391190324511,0.6931471805599452,0.6925008648317172
652,850,851,7,7,1,0.10296861614499773,0.6928878472250057,0.6925009102898322
652,851,852,12,12,1,0.0980669589092334,0.6931471805599452,0.6925646113266959
652,852,853,11,11,1,0.10292407260699706,0.6929011750678946,0.6927052661336802
652,853,854,15,15,1,0.10205292801062266,0.6931471805599452,0.6927146976564855
652,854,855,19,19,1,0.1894289729626555,0.6917438998202694,0.6927006648490887
652,855,856,12,12,1,0.09960329098006089,0.6931471805599452,0.6927095830957506
652,856,857,11,11,1,0.10791588845578107,0.692696039263517,0.6927075317377067
652,857,858,10,10,1,0.10015350952744484,0.6931471805599452,0.6927199953471964
652,858,859,11,11,1,0.11601493168960918,0.6929011750678946,0.692721904547819
652,859,860,5,5,1,0.0945980966091156,0.6931471805599452,0.692721904547819
652,860,861,7,7,1,0.12204476871660777,0.6928878472250057,0.6927193112144695
652,861,862,10,10,1,0.14112673774361612,0.6926495489589883,0.6927189025002153
652,862,863,12,12,1,0.10048277365664642,0.6929037406027952,0.6927164681006437
652,863,864,15,15,1,0.16480829219023388,0.6806721196235497,0.6925917174912797
652,864,865,13,13,1,0.1244232001212927,0.6927058868458508,0.692587304554139
652,865,866,13,13,1,0.10021685923521335,0.6931471805599452,0.6925938405577167
652,866,867,10,10,1,0.09933772012591362,0.6931471805599452,0.6925938405577164
652,867,868,12,12,1,0.17426094288627306,0.6924577286386113,0.6925920192295387
652,868,869,14,14,1,0.1002441266817706,0.6931471805599452,0.6925947117881301
652,869,870,12,12,1,0.19282444783796868,0.6929037406027952,0.6926040407069151
652,870,871,12,12,1,0.14721950019399324,0.6929037406027952,0.6926016063073435
652,871,872,15,15,1,0.13252178132534026,0.6926530208014003,0.6925966647097581
652,872,873,13,13,1,0.1722328565441645,0.6801615350592184,0.6924668082547508
652,873,874,11,11,1,0.09967535869641737,0.6931471805599452,0.6924668082547508
652,874,875,10,10,1,0.11215763315558433,0.6931471805599454,0.6924692190543851
652,875,876,5,5,1,0.11101845651865005,0.6926495489589883,0.6924709399390865
652,876,877,13,13,1,0.0994642531642547,0.6931471805599452,0.6924786088136874
652,877,878,10,10,1,0.09403423815965653,0.6931471805599454,0.6924786088136874
652,878,879,14,14,1,0.10451246212635722,0.6929082855449815,0.6924786088136875
652,879,880,15,15,1,0.10404252956310908,0.6929103196233573,0.6924762402043215
652,880,881,13,13,1,0.11034569660058388,0.6929061005965165,0.6924738294046873
652,881,882,14,14,1,0.09907983243465424,0.6931471805599452,0.6925320589292022
652,882,883,12,12,1,0.1008440088480711,0.6931471805599452,0.692534547087207
652,883,884,10,10,1,0.09950459003448486,0.6931471805599452,0.6925665033150481
652,884,885,5,5,1,0.21420886516571044,0.6928779247008064,0.6925638107564568
652,885,886,11,11,1,0.10133241523395885,0.6931471805599452,0.6925638107564567
652,886,887,14,14,1,0.09916649758815765,0.6931471805599452,0.692566364713359
652,887,888,13,13,1,0.0995635143839396,0.6931471805599452,0.6925732592325723
652,888,889,11,11,1,0.21997426958246666,0.6864506363654299,0.6925086623999931
652,889,890,13,13,1,0.10314490932684678,0.6929061005965165,0.6925110295006581
652,890,891,13,13,1,0.09917573745434101,0.6931471805599452,0.6925110295006581
652,891,892,11,11,1,0.1579588536511768,0.6929011750678944,0.6925085694457376
652,892,893,12,12,1,0.11112786332766215,0.6929037406027952,0.6925086890030684
652,893,894,12,12,1,0.1127109198520581,0.6926603006456453,0.6925038202039253
652,894,895,14,14,1,0.12104551174810954,0.6929082855449813,0.6925014312537756
652,895,896,12,12,1,0.26937814864019555,0.690593629286269,0.6924758957410388
652,896,897,14,14,1,0.1084629659141813,0.6931471805599452,0.6926127056926145
652,897,898,13,13,1,0.10003832441109878,0.6931471805599454,0.6926153982512058
652,898,899,13,13,1,0.1017193799981704,0.6931471805599452,0.6926153982512058
652,899,900,13,13,1,0.10476559343246314,0.692885661841908,0.6926181681812084
652,900,901,14,14,1,0.0991276954965932,0.6931471805599452,0.6926181681812084
652,901,902,11,11,1,0.11401933838020671,0.6931471805599452,0.6926181681812082
652,902,903,9,9,1,0.09884018037054274,0.6931471805599452,0.6926225811183491
652,903,904,11,11,1,0.0972171886400743,0.6931471805599452,0.6926225811183491
652,904,905,10,10,1,0.23313822001218795,0.6915689209215151,0.6926067985219649
652,905,906,12,12,1,0.09824036806821823,0.6931471805599452,0.6926067985219649
652,906,907,11,11,1,0.10286858610131523,0.6929011750678946,0.6926043384670444
652,907,908,13,13,1,0.09983848321896333,0.6931471805599452,0.6926043384670444
652,908,909,14,14,1,0.09875429474881717,0.6931471805599452,0.6926113099349291
652,909,910,12,12,1,0.10250485378007095,0.6929037406027952,0.6926088755353577
652,910,911,11,11,1,0.12069099667397412,0.6924500337714663,0.6926019040674728
652,911,912,13,13,1,0.1016593798995018,0.6929061005965165,0.6925994932678385
652,912,913,9,9,1,0.19194752557410133,0.6926433354719881,0.6925944548169589
652,913,914,11,11,1,0.1088735048066486,0.6929011750678944,0.6925919947620386
652,914,915,15,15,1,0.1120516076683998,0.6929103196233573,0.692592036952307
652,915,916,11,11,1,0.09783275967294519,0.6931471805599452,0.6925995445429141
652,916,917,13,13,1,0.10127393958660272,0.6929061005965165,0.6925995681428513
652,917,918,11,11,1,0.10274547067555515,0.6931471805599452,0.6925995681428513
652,918,919,16,16,1,0.09684141213074327,0.6931471805599452,0.6926019570930009
652,919,920,10,10,1,0.09919100105762482,0.6931471805599452,0.6926019570930011
652,920,921,11,11,1,0.0987931906499646,0.6929011750678946,0.6926040646398356
652,921,922,14,14,1,0.1377042063644954,0.6931471805599452,0.6926064535899853
652,922,923,13,13,1,0.1055922141441932,0.6927058868458508,0.6926020406528443
652,923,924,15,15,1,0.11527609179417292,0.6931471805599452,0.6926045598782841
652,924,925,13,13,1,0.12027518451213837,0.6929061005965165,0.6926145710171567
652,925,926,12,12,1,0.09873592294752598,0.6931471805599452,0.6926145710171567
652,926,927,12,12,1,0.13204229126373926,0.6926398614563787,0.6926119322256927
652,927,928,11,11,1,0.09918849305673079,0.6931471805599452,0.692619489902012
652,928,929,12,12,1,0.12289274235566457,0.6929037406027952,0.6926220814892551
652,929,930,10,10,1,0.2997788853943348,0.6915580522970671,0.6926061902066265
652,930,931,13,13,1,0.10435618746739167,0.6931471805599452,0.6926061902066265
652,931,932,19,19,1,0.09968142015369315,0.6931471805599452,0.6926061902066265
652,932,933,13,13,1,0.09900674911645743,0.6931471805599452,0.6926136546806408
652,933,934,10,10,1,0.10038589015603065,0.6931471805599452,0.6926136546806407
652,934,935,11,11,1,0.10081480240279977,0.6931471805599452,0.6926136546806407
652,935,936,10,10,1,0.09943982362747192,0.6931471805599452,0.6926136546806407
652,936,937,10,10,1,0.10052603632211685,0.6931471805599452,0.6926136546806407
652,937,938,11,11,1,0.09918801147829402,0.6931471805599452,0.6926136546806407
652,938,939,12,12,1,0.10139707972606023,0.6929037406027952,0.6926164009976654
652,939,940,13,13,1,0.10118070760598549,0.6931471805599452,0.6926188117972997
652,940,941,14,14,1,0.0983519506241594,0.6931471805599452,0.6926212461968712
652,941,942,13,13,1,0.09881001940140358,0.6931471805599452,0.6926236805964427
652,942,943,10,10,1,0.09903387501835823,0.6931471805599452,0.6926236805964427
652,943,944,10,10,1,0.10045088306069375,0.6931471805599452,0.6926236805964427
652,944,945,10,10,1,0.09958461374044418,0.6931471805599452,0.692626091396077
652,945,946,13,13,1,0.15685768941274056,0.692223726918993,0.6926194108165697
652,946,947,11,11,1,0.11130554635416377,0.6929011750678946,0.6926169507616493
652,947,948,8,8,1,0.09934280626475811,0.6931471805599452,0.6926169507616493
652,948,949,11,11,1,0.10524117201566696,0.6931471805599452,0.6926217286619485
652,949,950,13,13,1,0.13142884350739992,0.6929061005965165,0.6926193178623141
652,950,951,16,16,1,0.10636673076078296,0.692483166843554,0.6926152710584996
652,951,952,13,13,1,0.09633269906044006,0.6931471805599452,0.6926152710584996
652,952,953,9,9,1,0.10952228390508228,0.6928952580159666,0.6926152118879805
652,953,954,13,13,1,0.10362878441810608,0.6931471805599452,0.6926152118879805
652,954,955,11,11,1,0.09824777191335504,0.6931471805599452,0.6926292446953772
652,955,956,10,10,1,0.1033292442560196,0.6931471805599452,0.6926292446953772
652,956,957,12,12,1,0.09943190899988015,0.6931471805599452,0.6926337561083414
652,957,958,12,12,1,0.09968577387432258,0.6931471805599452,0.6926337561083414
652,958,959,13,13,1,0.09539960238796014,0.6931471805599452,0.6926362161632619
652,959,960,21,21,1,0.11456873409804844,0.692693296782069,0.6926316773254831
652,960,961,12,12,1,0.09916096801559131,0.6931471805599452,0.6926342706588327
652,961,962,12,12,1,0.12850130287309489,0.6931471805599452,0.6926392469748421
652,962,963,9,9,1,0.10006681498554018,0.6931471805599452,0.6926416813744137
652,963,964,12,12,1,0.1955581239114205,0.5642459758174786,0.6914774199363529
652,964,965,13,13,1,0.0989959778694006,0.6931471805599452,0.6914818328734939
652,965,966,9,9,1,0.09531044794453515,0.6931471805599452,0.6914818328734939
652,966,967,13,13,1,0.15719212018526518,0.6931471805599454,0.691481832873494
652,967,968,12,12,1,0.09942776275177796,0.6931471805599452,0.6914887273927073
652,968,969,12,12,1,0.10018029312292735,0.6931471805599452,0.6914887273927073
652,969,970,15,15,1,0.10642802715301514,0.6931471805599452,0.6914911617922788
652,970,971,12,12,1,0.09946704283356667,0.6931471805599452,0.6914935961918502
652,971,972,17,17,1,0.09969540466280545,0.6931471805599452,0.6914985377894357
652,972,973,12,12,1,0.09207040785501401,0.6931471805599452,0.691628394244443
652,973,974,13,13,1,0.0988521151817762,0.6931471805599452,0.691628394244443
652,974,975,13,13,1,0.10548078326078561,0.6929061005965165,0.6916259834448087
652,975,976,13,13,1,0.09907870051952508,0.6931471805599452,0.6916309597608182
652,976,977,14,14,1,0.09210315852292947,0.6931471805599452,0.6916309597608183
652,977,978,12,12,1,0.09337402911235888,0.6931471805599452,0.6916309597608183
652,978,979,13,13,1,0.10143583783736596,0.6929061005965165,0.6916309379113337
652,979,980,15,15,1,0.10022185742855072,0.6931471805599452,0.6916333065206994
652,980,981,16,16,1,0.09949508216232061,0.6931471805599452,0.6916357173203338
652,981,982,13,13,1,0.10411779467876141,0.692885661841908,0.6916331021331534
652,982,983,15,15,1,0.09837001115083695,0.6931471805599452,0.6916331021331534
652,983,984,13,13,1,0.09909428140291801,0.6931471805599452,0.6916331021331534
652,984,985,12,12,1,0.09801529534161091,0.6931471805599454,0.6916357946917447
652,985,986,16,16,1,0.12957310816273093,0.6922277711533253,0.6916266005976786
652,986,987,13,13,1,0.10447653325704429,0.6928737045148731,0.6916238658372279
652,987,988,12,12,1,0.09619973661998908,0.6931471805599454,0.6916238658372279
652,988,989,12,12,1,0.09927393744389217,0.6931471805599452,0.6916908312791731
652,989,990,13,13,1,0.09984614585454647,0.6931471805599452,0.6916932420788072
652,990,991,9,9,1,0.09821303768290414,0.6931471805599452,0.6916932420788072
652,991,992,15,15,1,0.10019810299078623,0.6931471805599452,0.6916957021337278
652,992,993,10,10,1,0.16743563935160638,0.6923153683229509,0.6916898184109292
652,993,994,13,13,1,0.09937686243882546,0.6931471805599452,0.6916946872100723
652,994,995,11,11,1,0.10419206592169675,0.692696039263517,0.6916925647472578
652,995,996,13,13,1,0.10164497391535686,0.6931471805599454,0.6917181002599945
652,996,997,15,15,1,0.10224010050296783,0.6929103196233573,0.6917157316506287
652,997,998,12,12,1,0.09922593335310619,0.6931471805599452,0.6917157316506287
652,998,999,10,10,1,0.10006634965538978,0.6931471805599452,0.6917157316506287
652,999,1000,13,13,1,0.09926053824333045,0.6931471805599452,0.6917183468378089
652,1000,1001,12,12,1,0.09751121327280998,0.6929037406027952,0.6917159124382374
652,1001,1002,12,12,1,0.09935155448814233,0.6931471805599452,0.6917159124382376
652,1002,1003,14,14,1,0.10119886270591191,0.6929082855449815,0.6917135234880878
652,1003,1004,14,14,1,0.10460959747433662,0.6928758900428998,0.6917108105829173
652,1004,1005,7,7,1,0.10524131464106697,0.6928878472250057,0.6917239998459523
652,1005,1006,14,14,1,0.1327177376619407,0.6929082855449815,0.6917216108958028
652,1006,1007,11,11,1,0.19080016660419377,0.6924500337714663,0.6917170994828383
652,1007,1008,12,12,1,0.1617459567884604,0.6922142886814613,0.6917077705640534
652,1008,1009,11,11,1,0.1089983694255352,0.6931471805599452,0.6917077705640535
652,1009,1010,12,12,1,0.13666794557745257,0.6931471805599452,0.691710204963625
652,1010,1011,13,13,1,0.10059078496236068,0.6929061005965165,0.6917147656318755
652,1011,1012,9,9,1,0.11879365601473385,0.6926433354719881,0.6917121379806302
652,1012,1013,12,12,1,0.10047753403584163,0.6931471805599452,0.6917171764315099
652,1013,1014,11,11,1,0.09895300661975687,0.6931471805599452,0.6917196364864303
652,1014,1015,14,14,1,0.10129558933632714,0.6931471805599452,0.6917220050957963
652,1015,1016,16,16,1,0.16356158815324306,0.6874118273416073,0.6916646515636128
652,1016,1017,11,11,1,0.09802381762049416,0.6931471805599452,0.6916670623632472
652,1017,1018,8,8,1,0.1045103445649147,0.6928917848697165,0.6916645084063449
652,1018,1019,9,9,1,0.0976929333474901,0.6931471805599452,0.6916645084063449
652,1019,1020,12,12,1,0.1005634485433499,0.6929037406027952,0.6916620740067733
652,1020,1021,11,11,1,0.10708222470500252,0.6929011750678944,0.6916620740067734
652,1021,1022,11,11,1,0.09377007152546536,0.6931471805599452,0.6916620740067734
652,1022,1023,13,13,1,0.09950229640190418,0.6931471805599452,0.6916664869439143
652,1023,1024,18,18,1,0.1007302494512664,0.692915694597668,0.6916641720842915
652,1024,1025,12,12,1,0.12166659099360307,0.6929037406027952,0.6916641484843544
652,1025,1026,12,12,1,0.17433981721599898,0.6924168606884954,0.6916568452856399
652,1026,1027,13,13,1,0.1472639091886007,0.6927058868458508,0.6916575055395344
652,1027,1028,14,14,1,0.09232775973422187,0.6931471805599452,0.6916575055395344
652,1028,1029,10,10,1,0.10355315431952476,0.6931471805599454,0.691659939939106
652,1029,1030,10,10,1,0.16120635252445936,0.6924416045839454,0.6916687754619748
652,1030,1031,17,17,1,0.11403779882718534,0.6922553558937582,0.6916598572153129
652,1031,1032,10,10,1,0.09444078505039215,0.6931471805599454,0.6916598572153129
652,1032,1033,7,7,1,0.12369953628097262,0.6928878472250057,0.6916572638819635
652,1033,1034,5,5,1,0.09914247840642929,0.6931471805599452,0.6916572638819636
652,1034,1035,13,13,1,0.09859308772362195,0.6931471805599454,0.6916572638819636
652,1035,1036,11,11,1,0.1877197799357501,0.6922040282794155,0.6916478323591582
652,1036,1037,10,10,1,0.10213300809264184,0.6928983647594669,0.6916453442011534
652,1037,1038,14,14,1,0.10588152919496809,0.6927102550056328,0.6916409749456104
652,1038,1039,18,18,1,0.10934875574376848,0.692915694597668,0.6916410944855591
652,1039,1040,13,13,1,0.14845973883683866,0.6926650206330875,0.6916362728862906
652,1040,1041,9,9,1,0.09921742147869533,0.6931471805599452,0.6916362728862905
652,1041,1042,19,19,1,0.11937199650626433,0.692437068063287,0.691629171761324
652,1042,1043,14,14,1,0.10023281457168716,0.6931471805599452,0.6916291717613238
652,1043,1044,12,12,1,0.10006302160521348,0.6929037406027952,0.6916267373617524
652,1044,1045,12,12,1,0.09987436297039191,0.6931471805599452,0.6916267373617524
652,1045,1046,10,10,1,0.10046581476926804,0.6931471805599452,0.6916359718981621
652,1046,1047,14,14,1,0.12751349913222448,0.6929082855449815,0.6916360430029327
652,1047,1048,17,17,1,0.09955026910585515,0.6931471805599452,0.6916360430029327
652,1048,1049,9,9,1,0.14904320653941897,0.6931471805599452,0.6916360430029329
652,1049,1050,11,11,1,0.13090583952990445,0.6929011750678946,0.6916359937476466
652,1050,1051,10,10,1,0.09913774505257607,0.6931471805599452,0.6916426338848105
652,1051,1052,11,11,1,0.10285152156244624,0.6928807354439439,0.6916399694336505
652,1052,1053,10,10,1,0.09941982328891755,0.6931471805599452,0.6916424886590903
652,1053,1054,10,10,1,0.09342027306556702,0.6931471805599454,0.6916424886590903
652,1054,1055,16,16,1,0.1150101525709033,0.692483166843554,0.6916358485219263
652,1055,1056,14,14,1,0.12373385205864906,0.6929082855449815,0.6916334595717767
652,1056,1057,14,14,1,0.09916923248342105,0.6931471805599452,0.6916334595717768
652,1057,1058,13,13,1,0.10103944689035416,0.6931471805599452,0.6916334595717768
652,1058,1059,13,13,1,0.12253752895272695,0.6931471805599452,0.6916334595717767
652,1059,1060,13,13,1,0.09771781128186446,0.6931471805599452,0.6916379984095555
652,1060,1061,13,13,1,0.2468384034358538,0.6917415669921354,0.6916239422738774
652,1061,1062,13,13,1,0.09880416840314865,0.6931471805599452,0.6916239422738774
652,1062,1063,16,16,1,0.12353704823181033,0.6926772640810623,0.6916192431090886
652,1063,1064,17,17,1,0.10619688779115677,0.6928935725608172,0.692905719076522
652,1064,1065,16,16,1,0.19029542384669185,0.6901928320954993,0.6928761755918775
652,1065,1066,14,14,1,0.09638148226908275,0.6931471805599452,0.6928761755918775
652,1066,1067,14,14,1,0.2052642729665552,0.6924304955150541,0.6928690087414285
652,1067,1068,11,11,1,0.08870632844892415,0.6931471805599452,0.6928690087414285
652,1068,1069,14,14,1,0.11421153002551623,0.6929082855449815,0.6928666197912788
652,1069,1070,13,13,1,0.0937398589001252,0.6931471805599452,0.6928666197912788
652,1070,1071,20,20,1,0.12633659616112708,0.6924620402966633,0.6928597683886462
652,1071,1072,12,12,1,0.11067646089941263,0.6924577286386112,0.6928528738694328
652,1072,1073,16,16,1,0.12825262313708663,0.6929122223205039,0.6928505242870383
652,1073,1074,10,10,1,0.11261009573936462,0.6928983647594669,0.6928480361290336
652,1074,1075,12,12,1,0.1027723407993714,0.6929037406027952,0.6928480125290963
652,1075,1076,9,9,1,0.09944993091954125,0.6931471805599452,0.6928480125290963
652,1076,1077,11,11,1,0.1600550656968897,0.6921631585917424,0.6928381723094142
652,1077,1078,28,28,1,0.1174359233783824,0.6923141696283365,0.6928298422000982
652,1078,1079,17,17,1,0.10141153282978956,0.6931471805599452,0.6928322529997325
652,1079,1080,11,11,1,0.11487708037549799,0.6929011750678946,0.6928297929448121
652,1080,1081,13,13,1,0.09433155621473606,0.6929061005965165,0.6928273821451778
652,1081,1082,12,12,1,0.15637323819100857,0.6923368508623492,0.6928218940353821
652,1082,1083,17,17,1,0.17880153130082524,0.6922349188775265,0.6928127714185579
652,1083,1084,11,11,1,0.16393227875232697,0.6918265038386212,0.6927995646513446
652,1084,1085,10,10,1,0.10792617946863174,0.6924416045839454,0.6927925088915846
652,1085,1086,11,11,1,0.19091995534571735,0.692409164083793,0.6927943228208895
652,1086,1087,11,11,1,0.12689941376447678,0.6929011750678946,0.6927945975264196
652,1087,1088,20,20,1,0.13543160408735275,0.6905655838058509,0.6927687815588786
652,1088,1089,10,10,1,0.34420740492641927,0.6847256490925332,0.6926845662442045
652,1089,1090,12,12,1,0.15491341737409434,0.6923368508623492,0.6926764629472286
652,1090,1091,15,15,1,0.24731074025233588,0.6868505062352765,0.6926134962039819
652,1091,1092,13,13,1,0.09895446323431455,0.6931471805599452,0.6926134962039819
652,1092,1093,15,15,1,0.10965079814195633,0.692673458686769,0.6926170771076201
652,1093,1094,11,11,1,0.16053342886946417,0.6924500337714662,0.6926101056397352
652,1094,1095,10,10,1,0.11598300635814666,0.6926291089003282,0.6926094363361034
652,1095,1096,12,12,1,0.10189471890528996,0.6929037406027952,0.6926070019365319
652,1096,1097,10,10,1,0.23705934397876263,0.6902003735763105,0.6925799024760615
652,1097,1098,14,14,1,0.09940393907683236,0.6931471805599452,0.6925799024760615
652,1098,1099,13,13,1,0.10101996992643063,0.6929061005965165,0.6925774916764271
652,1099,1100,10,10,1,0.1150866374373436,0.6926495489589883,0.6925725153604176
652,1100,1101,9,9,1,0.237643304384417,0.6788356943694526,0.6924318348980841
652,1101,1102,13,13,1,0.19452808969295943,0.6900977468583285,0.692401340561068
652,1102,1103,10,10,1,0.1146365150809288,0.6931471805599452,0.6924037295112178
652,1103,1104,17,17,1,0.10452863135758568,0.6928935725608172,0.6924039063363969
652,1104,1105,14,14,1,0.10486238503030368,0.6931471805599452,0.6924064996697461
652,1105,1106,16,16,1,0.22697452874854207,0.6919008196109862,0.6923964250104062
652,1106,1107,11,11,1,0.09910375353964893,0.6931471805599452,0.6924033964782911
652,1107,1108,9,9,1,0.10282327731450398,0.6928952580159666,0.6924102061716362
652,1108,1109,11,11,1,0.14311110905625604,0.6926347299518931,0.6924050816655556
652,1109,1110,11,11,1,0.13003573261878706,0.6926347299518931,0.692399957159475
652,1110,1111,10,10,1,0.10437074154615403,0.6928983647594669,0.6923998798011045
652,1111,1112,10,10,1,0.10461294427514076,0.6928779247008064,0.6924022256933928
652,1112,1113,11,11,1,0.20556006038730795,0.6862046308733791,0.6923328001965271
652,1113,1114,13,13,1,0.13082322249045739,0.6929061005965165,0.6923303893968928
652,1114,1115,14,14,1,0.1703947830413069,0.6929082855449815,0.692328000446743
652,1115,1116,16,16,1,0.13634981238283217,0.6926772640810623,0.6923806548141377
652,1116,1117,17,17,1,0.09939953115056543,0.6931471805599452,0.6923806548141377
652,1117,1118,16,16,1,0.10044687660411,0.6929122223205039,0.6923808591886456
652,1118,1119,22,22,1,0.10239371386441318,0.6929216099117312,0.6923786034821634
652,1119,1120,17,17,1,0.17024152638281093,0.6924272305950241,0.6923738383820858
652,1120,1121,16,16,1,0.10052428860217333,0.6931471805599452,0.6923762984370062
652,1121,1122,13,13,1,0.10050421781264819,0.6931471805599452,0.6923762984370062
652,1122,1123,17,17,1,0.11015397003468345,0.692680838594152,0.6923716350173484
652,1123,1124,10,10,1,0.19679572731256484,0.6790094252268727,0.6922325723236403
652,1124,1125,19,19,1,0.10005938889164674,0.6931471805599452,0.6922350067232118
652,1125,1126,16,16,1,0.10571843991056085,0.6929122223205038,0.6922399603395318
652,1126,1127,14,14,1,0.11553341043846947,0.692471359990669,0.6922376150709801
652,1127,1128,18,18,1,0.13165180219544304,0.6926637720536893,0.6922327809859175
652,1128,1129,14,14,1,0.133383893008743,0.6924304955150539,0.6922256141354686
652,1129,1130,15,15,1,0.10108159134785334,0.6931471805599452,0.6922326698952286
652,1130,1131,13,13,1,0.14402784980260408,0.6929061005965165,0.6922391773422563
652,1131,1132,16,16,1,0.10025863163173199,0.6931471805599452,0.6922391773422563
652,1132,1133,12,12,1,0.16401218685011068,0.6900531707228503,0.6922108305772346
652,1133,1134,11,11,1,0.09958090633153915,0.6931471805599452,0.6922108305772346
652,1134,1135,17,17,1,0.10090572737595614,0.6927216978595512,0.6922065757502307
652,1135,1136,16,16,1,0.10016591055318713,0.6929122223205039,0.6922136576906417
652,1136,1137,13,13,1,0.1527498077887755,0.6927058868458508,0.6922117329115055
652,1137,1138,20,20,1,0.15567994825541973,0.6929188004721846,0.692213818366171
652,1138,1139,10,10,1,0.37359774187207223,0.6882711499646936,0.6921673729198413
652,1139,1140,20,20,1,0.10035829097032548,0.6929188004721846,0.6921699107182322
652,1140,1141,17,17,1,0.10958790866767659,0.6931471805599452,0.6921699107182322
652,1141,1142,11,11,1,0.1566911671649326,0.6929011750678946,0.6921745517882782
652,1142,1143,18,18,1,0.10334132322006756,0.6931471805599452,0.6921745517882784
652,1143,1144,13,13,1,0.10150887473271443,0.6929061005965165,0.6921745753882155
652,1144,1145,12,12,1,0.10209923175474007,0.6929037406027952,0.6921721409886439
652,1145,1146,13,13,1,0.13173809475623643,0.6931471805599452,0.6921721409886439
652,1146,1147,14,14,1,0.16370154092354433,0.6912768849158499,0.6921558269823527
652,1147,1148,22,22,1,0.1510391082953323,0.6927368898493134,0.6921517240752464
652,1148,1149,21,21,1,0.1021402467574392,0.6928878472250057,0.692149130741897
652,1149,1150,11,11,1,0.17523022537881677,0.6929011750678944,0.692149130741897
652,1150,1151,18,18,1,0.0999062607685725,0.692915694597668,0.6921468158822742
652,1151,1152,27,27,1,0.13602677511948127,0.6905034371555794,0.6921230428993905
652,1152,1153,9,9,1,0.2263305601146486,0.6921394903840309,0.6921129659976313
652,1153,1154,13,13,1,0.15328493972237295,0.6926445818784791,0.6921079400108167
652,1154,1155,10,10,1,0.10292304009199142,0.6928983647594669,0.6921120919899759
652,1155,1156,14,14,1,0.19648153920258796,0.6923550098053524,0.6921065592325795
652,1156,1157,42,42,1,0.12400309918891816,0.6923619335652281,0.6920987067626324
652,1157,1158,17,17,1,0.2838583148139365,0.6791153807980705,0.6919583887650136
652,1158,1159,14,14,1,0.14722234649317606,0.6926693905300176,0.6919536108647144
652,1159,1160,26,26,1,0.1054916582428492,0.6927467304916433,0.6919496063640314
652,1160,1161,24,24,1,0.09746414329856634,0.6931471805599452,0.6919636624997095
652,1161,1162,20,20,1,0.1014126181602478,0.6931471805599452,0.6919636624997095
652,1162,1163,34,34,1,0.10147842983989154,0.6929140095770486,0.6919660299546692
652,1163,1164,15,15,1,0.1548083394765854,0.6931471805599452,0.6919685660346606
652,1164,1165,13,13,1,0.21592325430649978,0.6898566668948998,0.6919652043826545
652,1165,1166,25,25,1,0.14112031877040862,0.6929253777552915,0.6919629863546081
652,1166,1167,24,24,1,0.15304828093697628,0.6929241745778532,0.691967923145236
652,1167,1168,21,21,1,0.15923743393449558,0.6924663548931312,0.6919611148885678
652,1168,1169,34,34,1,0.15735247292939356,0.6923166153020407,0.6919551981861385
652,1169,1170,15,15,1,0.10806047022342682,0.6931471805599452,0.6919551981861385
652,1170,1171,32,32,1,0.10306412202771753,0.6929326528214704,0.6919599043113865
652,1171,1172,26,26,1,0.1323145072047527,0.6927058868458508,0.6919623858934589
652,1172,1173,26,26,1,0.10220489966181609,0.6927058868458508,0.6919603225387124
652,1173,1174,16,16,1,0.17460501287132502,0.6926772640810623,0.6919581115319283
652,1174,1175,20,20,1,0.3078315772116184,0.5905379997065284,0.6909344541229657
652,1175,1176,22,22,1,0.11956829137422821,0.6929011750678946,0.6909319940680453
652,1176,1177,18,18,1,0.1380348892675506,0.6926637720536893,0.6909370002026647
652,1177,1178,24,24,1,0.15154081707199415,0.6926807346207035,0.6909406658525883
652,1178,1179,22,22,1,0.13732047040354123,0.6822245781541285,0.6908314398285301
652,1179,1180,21,21,1,0.2291635281982876,0.6888165263994744,0.6907905933418459
652,1180,1181,12,12,1,0.10809083096683025,0.6924577286386112,0.6907861096222669
652,1181,1182,31,31,1,0.1281687617301941,0.6921106654131274,0.6907838477677747
652,1182,1183,17,17,1,0.10268816571025287,0.6929140095770486,0.6907906386747699
652,1183,1184,24,24,1,0.14934753719717264,0.6823209152025225,0.690695582788409
652,1184,1185,21,21,1,0.11453635671309062,0.692466354893131,0.6906958302915008
652,1185,1186,17,17,1,0.10526477852288414,0.6924885268766546,0.6906966239194294
652,1186,1187,24,24,1,0.10638630234946807,0.6927011685957611,0.6906946238547081
652,1187,1188,16,16,1,0.19614602159708738,0.678437237555724,0.690573340392207
652,1188,1189,30,30,1,0.13437987429400286,0.692693890056105,0.6906530228018426
652,1189,1190,11,11,1,0.09975936196067116,0.6931471805599452,0.6906611260988185
652,1190,1191,17,17,1,0.1590329325374435,0.6929140095770486,0.6907217611322362
652,1191,1192,25,25,1,0.10556083261966705,0.6928929886263822,0.6907192192129006
652,1192,1193,17,17,1,0.0989105512990671,0.6931471805599452,0.6907239564316323
652,1193,1194,22,22,1,0.101963744583455,0.6929216099117312,0.690728672193035
652,1194,1195,18,18,1,0.10476064102517234,0.692915694597668,0.6907315380500083
652,1195,1196,9,9,1,0.10008866091569264,0.6931471805599452,0.6907339724495799
652,1196,1197,15,15,1,0.17326575194795926,0.6920037386156768,0.6907520060999736
652,1197,1198,16,16,1,0.09969486435875297,0.6931471805599452,0.6907520060999736
652,1198,1199,14,14,1,0.09986471916948046,0.6931471805599452,0.6907544168996078
652,1199,1200,34,34,1,0.148396211950218,0.6918620223802682,0.6907465416338207
652,1200,1201,13,13,1,0.1584774857530227,0.6929061005965165,0.6908872456960913
652,1201,1202,18,18,1,0.09972657097710504,0.6931471805599452,0.6909177400331075
652,1202,1203,19,19,1,0.1321472176595738,0.6928968522962615,0.6909152367504706
652,1203,1204,18,18,1,0.12601269119315678,0.692915694597668,0.6909154579708391
652,1204,1205,11,11,1,0.22407400743527847,0.6900046895001142,0.6908840330602409
652,1205,1206,8,8,1,0.09269813681021333,0.6931471805599452,0.6908964966697304
652,1206,1207,22,22,1,0.12897818298502403,0.6931471805599452,0.6908964966697303
652,1207,1208,11,11,1,0.0941136394712058,0.6931471805599452,0.6908990158951701
652,1208,1209,9,9,1,0.17420188834269842,0.6926433354719881,0.6908991019503712
652,1209,1210,32,32,1,0.13204521755687892,0.6881287361477424,0.6908540420123296
652,1210,1211,27,27,1,0.13532819405749993,0.6929276459865118,0.6908543348246
652,1211,1212,15,15,1,0.13092700888713202,0.6926530208014003,0.690852085785606
652,1212,1213,21,21,1,0.1756989753672055,0.6917627761381414,0.6909076672382536
652,1213,1214,20,20,1,0.11433285512030125,0.6922745142659265,0.6909013513749477
652,1214,1215,12,12,1,0.1591390728329619,0.6900531707228503,0.6908728002267265
652,1215,1216,34,34,1,0.10305264416862936,0.6927012682268515,0.6908730402681843
652,1216,1217,17,17,1,0.15675842060762293,0.692680838594152,0.6908683768485264
652,1217,1218,53,53,1,0.14769110477195596,0.6545456921667829,0.6904847115469892
652,1218,1219,31,31,1,0.11595878533778652,0.6929317172610718,0.6904848126204826
652,1219,1220,25,25,1,0.13518600195646285,0.6915564648720288,0.6904761049632526
652,1220,1221,13,13,1,0.09724174669155708,0.6929061005965165,0.6904736941636184
652,1221,1222,14,14,1,0.21090146340429783,0.6926693905300179,0.690468916263319
652,1222,1223,15,15,1,0.12815958534677824,0.692910319623357,0.6904712110736111
652,1223,1224,16,16,1,0.4179136792663485,0.515412538208881,0.6888352422034312
652,1224,1225,35,35,1,0.12245313269751412,0.6925523469118403,0.6888292938669501
652,1225,1226,16,16,1,0.1505679206456989,0.6922482086041126,0.6888226537297862
652,1226,1227,24,24,1,0.20823483789960542,0.6203129422830251,0.6881010695527097
652,1227,1228,14,14,1,0.09896115266851016,0.6931471805599452,0.6881059036377724
652,1228,1229,14,14,1,0.09926005346434456,0.6931471805599452,0.6881130704882213
652,1229,1230,13,13,1,0.09949498165112275,0.6931471805599452,0.6881130704882213
652,1230,1231,15,15,1,0.09954724510510762,0.6931471805599452,0.6881154812878556
652,1231,1232,18,18,1,0.09947335802846485,0.6931471805599452,0.6881154812878556
652,1232,1233,15,15,1,0.09954041043917337,0.6931471805599452,0.6881464213862266
652,1233,1234,14,14,1,0.09948704232062612,0.6931471805599452,0.6881464213862265
652,1234,1235,15,15,1,0.09940723478794097,0.6931471805599452,0.6881506762132303
652,1235,1236,15,15,1,0.09959986905256907,0.6931471805599452,0.6881530257956249
652,1236,1237,12,12,1,0.09963380793730418,0.6931471805599452,0.6881574387327657
652,1237,1238,15,15,1,0.09972306539614996,0.6931471805599452,0.6881597225336433
652,1238,1239,15,15,1,0.0996987114350001,0.6931471805599452,0.6882084828395959
652,1239,1240,15,15,1,0.0992627223332723,0.6931471805599454,0.6882107666404735
652,1240,1241,13,13,1,0.09984995997869052,0.6931471805599452,0.6882107666404735
652,1241,1242,17,17,1,0.09953583689296946,0.6931471805599452,0.688213226695394
652,1242,1243,18,18,1,0.09959504753351212,0.6931471805599452,0.688213226695394
652,1243,1244,14,14,1,0.09952056727239064,0.6931471805599452,0.6882156374950283
652,1244,1245,14,14,1,0.09926412254571915,0.6931471805599452,0.6882180718945999
652,1245,1246,14,14,1,0.09967725617544991,0.6931471805599452,0.6882180718945999
652,1246,1247,13,13,1,0.0993591953928654,0.6931471805599452,0.6882367748510408
652,1247,1248,14,14,1,0.09935040771961212,0.6931471805599452,0.688240877758147
652,1248,1249,16,16,1,0.09932705666869879,0.6931471805599452,0.6882434710914964
652,1249,1250,13,13,1,0.09934406154430829,0.6931471805599452,0.688245931146417
652,1250,1251,13,13,1,0.09975980222225189,0.6931471805599452,0.6882482460060397
652,1251,1252,14,14,1,0.09946707689336368,0.6931471805599452,0.6882746834400834
652,1252,1253,10,10,1,0.10021726414561272,0.6931471805599452,0.6882847603418426
652,1253,1254,14,14,1,0.09957827627658844,0.6931471805599452,0.6882897863286572
652,1254,1255,14,14,1,0.09958042257598468,0.6931471805599452,0.6882922744866619
652,1255,1256,14,14,1,0.0997670947441033,0.6931471805599452,0.6883001961942079
652,1256,1257,14,14,1,0.09949653914996556,0.6931471805599452,0.6883080486641551
652,1257,1258,16,16,1,0.09963516471907496,0.6931471805599452,0.6884483666617739
652,1258,1259,19,19,1,0.09928536219032187,0.6931471805599452,0.6884531445620732
652,1259,1260,50,50,1,0.09926915839314461,0.6931471805599452,0.6884571490627561
652,1260,1261,10,10,1,0.0988694854080677,0.6931471805599452,0.6884571490627561
652,1261,1262,14,14,1,0.09940614285213607,0.6931471805599452,0.6884571490627561
652,1262,1263,15,15,1,0.0994209369023641,0.6931471805599454,0.6884594807725851
652,1263,1264,15,15,1,0.09927847733100255,0.6931471805599452,0.6884594807725851
652,1264,1265,16,16,1,0.098920539021492,0.6931471805599452,0.6884923859092357
652,1265,1266,13,13,1,0.09964311352142921,0.6931471805599452,0.6884946039372821
652,1266,1267,16,16,1,0.09912134520709515,0.6931471805599452,0.688496833997103
652,1267,1268,13,13,1,0.09943805520351116,0.6931471805599452,0.6885036422537713
652,1268,1269,15,15,1,0.09956612984339396,0.6931471805599452,0.6885119479063504
652,1269,1270,15,15,1,0.09929451644420624,0.6931471805599454,0.6885119479063502
652,1270,1271,14,14,1,0.09964194840618543,0.6931471805599452,0.688514093183735
652,1271,1272,15,15,1,0.0991008515159289,0.6931471805599454,0.6885185061208758
652,1272,1273,17,17,1,0.09927121944287244,0.6931471805599452,0.6885229190580169
652,1273,1274,12,12,1,0.09955570722619693,0.6931471805599452,0.6885276182228057
652,1274,1275,12,12,1,0.0993300670137008,0.6931471805599452,0.6895537100313399
652,1275,1276,50,50,1,0.09918565064668655,0.6931471805599454,0.6895561700862604
652,1276,1277,17,17,1,0.0994006163057159,0.6931471805599452,0.6895610041713229
652,1277,1278,13,13,1,0.09947940477958092,0.6931471805599452,0.6895656686307153
652,1278,1279,11,11,1,0.09965143488212065,0.6931471805599452,0.6896748946547734
652,1279,1280,10,10,1,0.09980161190032959,0.6931471805599452,0.6897182011963783
652,1280,1281,11,11,1,0.0994940386577086,0.6931471805599452,0.6897250957155916
652,1281,1282,13,13,1,0.09956539995395221,0.6931471805599452,0.6897354608670598
652,1282,1283,20,20,1,0.09938572384417058,0.6931471805599452,0.6897377925768887
652,1283,1284,19,19,1,0.09917064756155014,0.6931471805599454,0.6898460552304629
652,1284,1285,17,17,1,0.09920012162012212,0.6931471805599452,0.689852863487131
652,1285,1286,12,12,1,0.09929575026035309,0.6931471805599452,0.6898594500239639
652,1286,1287,13,13,1,0.09902881429745601,0.6931471805599452,0.6898639101436058
652,1287,1288,14,14,1,0.09883265250495502,0.6931471805599452,0.690011009573648
652,1288,1289,17,17,1,0.09882260639877881,0.6931471805599452,0.6900155424786864
652,1289,1290,15,15,1,0.09877710193395614,0.6931471805599452,0.6900155424786866
652,1290,1291,15,15,1,0.09883879174788793,0.6931471805599454,0.6900178741885155
652,1291,1292,16,16,1,0.10060109524056315,0.6929122223205039,0.6900180665254567
652,1292,1293,27,27,1,0.09878569013542599,0.6931471805599452,0.6900180665254567
652,1293,1294,16,16,1,0.09951208671554923,0.6931471805599452,0.6900203222319387
652,1294,1295,27,27,1,0.09859762451163044,0.6931471805599452,0.6900226370915615
652,1295,1296,28,28,1,0.09904386502291475,0.6931471805599452,0.6900226370915615
652,1296,1297,23,23,1,0.09902680568073106,0.6931471805599452,0.6900340715110042
652,1297,1298,32,32,1,0.09895131504163146,0.6931471805599452,0.6900340715110042
652,1298,1299,14,14,1,0.09903299010225705,0.6931471805599452,0.6900340715110042
652,1299,1300,15,15,1,0.09879269252220789,0.6931471805599454,0.690046923092801
652,1300,1301,26,26,1,0.09884981553141887,0.6931471805599452,0.6900493338924352
652,1301,1302,23,23,1,0.09868484346762947,0.6931471805599452,0.6900493338924352
652,1302,1303,31,31,1,0.09864965537863393,0.6931471805599452,0.6900518371750721
652,1303,1304,15,15,1,0.09918222328027089,0.6931471805599454,0.6900541520346948
652,1304,1305,19,19,1,0.09858577384760506,0.6931471805599452,0.6900855769452932
652,1305,1306,10,10,1,0.09930424019694328,0.6931471805599452,0.6900855769452932
652,1306,1307,21,21,1,0.09909628225224358,0.6931471805599452,0.6900855769452933
652,1307,1308,16,16,1,0.09902070323005319,0.6931471805599452,0.6900855769452932
652,1308,1309,38,38,1,0.0986066872352048,0.6931471805599452,0.6900906153961727
652,1309,1310,14,14,1,0.09883261205894607,0.6931471805599452,0.6901407998402947
652,1310,1311,30,30,1,0.09845008874932924,0.6931471805599452,0.6901429951860291
652,1311,1312,19,19,1,0.09907400019859013,0.6931471805599452,0.6901479367836145
652,1312,1313,40,40,1,0.09916812144219875,0.6931471805599452,0.6901617808278327
652,1313,1314,32,32,1,0.0989998837467283,0.6931471805599452,0.6901705074907728
652,1314,1315,15,15,1,0.0990841880440712,0.6931471805599452,0.6902014475891438
652,1315,1316,25,25,1,0.09848159402608872,0.6931471805599452,0.6902059067124746
652,1316,1317,10,10,1,0.09898145347833634,0.6931471805599452,0.6902105701321325
652,1317,1318,18,18,1,0.09891905676987436,0.6931471805599452,0.6905965850160642
652,1318,1319,31,31,1,0.09827026292201012,0.6931471805599452,0.6905987396490529
652,1319,1320,27,27,1,0.09857705428644463,0.6931471805599452,0.6906146468059322
652,1320,1321,23,23,1,0.09861487571312033,0.6931471805599454,0.6906170576055665
652,1321,1322,29,29,1,0.09832234911877534,0.6931471805599452,0.6906218355058659
652,1322,1323,23,23,1,0.09872937882724016,0.6931471805599454,0.6906242041152315
652,1323,1324,22,22,1,0.09888803078369661,0.6931471805599452,0.6924015505387422
652,1324,1325,31,31,1,0.10221390161783464,0.6925416256387064,0.692401443326011
652,1325,1326,30,30,1,0.09867037534713745,0.6931471805599452,0.6924104330455693
652,1326,1327,28,28,1,0.09867188893258572,0.6931471805599452,0.6931387754283385
652,1327,1328,10,10,1,0.09909878224134445,0.6931471805599452,0.6931387754283385
652,1328,1329,11,11,1,0.09896204552867195,0.6931471805599452,0.6931387754283383
652,1329,1330,22,22,1,0.09831470860676332,0.6931471805599452,0.6931387754283383
652,1330,1331,31,31,1,0.09842680683059077,0.6931471805599452,0.6931387754283383
652,1331,1332,9,9,1,0.09907662785715526,0.6931471805599452,0.6931387754283383
652,1332,1333,33,33,1,0.0991719410274968,0.6931471805599452,0.6931387754283383
652,1333,1334,13,13,1,0.0984305332486446,0.6931471805599452,0.6931387754283385
652,1334,1335,11,11,1,0.09895888512784784,0.6931471805599452,0.6931387754283385
652,1335,1336,26,26,1,0.09846997347015601,0.6931471805599452,0.6931387754283383
652,1336,1337,13,13,1,0.09914354636118962,0.6931471805599452,0.6931387754283383
652,1337,1338,27,27,1,0.09890421673103615,0.6931471805599452,0.6931387754283383
652,1338,1339,11,11,1,0.09910745309157805,0.6931471805599452,0.6931387754283383
652,1339,1340,25,25,1,0.10015100002288818,0.6931471805599452,0.6931387754283383
652,1340,1341,24,24,1,0.09869310663392146,0.6931471805599452,0.6931387754283385
652,1341,1342,10,10,1,0.09927368462085724,0.6931471805599452,0.6931387754283385
652,1342,1343,13,13,1,0.0987433114877114,0.6931471805599452,0.6931387754283383
652,1343,1344,29,29,1,0.09879313717628348,0.6931471805599452,0.6931387754283383
652,1344,1345,29,29,1,0.09860397644084075,0.6931471805599452,0.6931387754283383
652,1345,1346,14,14,1,0.09892958296196801,0.6931471805599452,0.6931387754283383
652,1346,1347,17,17,1,0.09857615214936874,0.6931471805599452,0.6931387754283383
652,1347,1348,17,17,1,0.09883585572242737,0.6931471805599452,0.6931387754283385
652,1348,1349,40,40,1,0.09856202695518732,0.6931471805599452,0.6931387754283385
652,1349,1350,12,12,1,0.09874924334386985,0.6931471805599452,0.6931387754283383
652,1350,1351,23,23,1,0.0990212614769521,0.6931471805599452,0.6931387754283383
652,1351,1352,26,26,1,0.09898374688166839,0.6931471805599452,0.6931387754283383
652,1352,1353,9,9,1,0.09908002366622289,0.6931471805599452,0.6931387754283383
652,1353,1354,11,11,1,0.09936261041597887,0.6931471805599452,0.6931387754283383
652,1354,1355,49,49,1,0.09836964309215546,0.6931471805599452,0.6931387754283383
652,1355,1356,38,38,1,0.10309137423571788,0.692917288443458,0.6931364765071736
652,1356,1357,25,25,1,0.09876981735229493,0.6931471805599452,0.6931364765071736
652,1357,1358,10,10,1,0.09902505055069924,0.6931471805599452,0.6931364765071736
652,1358,1359,14,14,1,0.09922088469777789,0.6931471805599452,0.6931364765071736
652,1359,1360,26,26,1,0.09858324378728867,0.6931471805599452,0.6931364765071735
652,1360,1361,16,16,1,0.09871480148285627,0.6931471805599452,0.6931364765071735
652,1361,1362,36,36,1,0.0987959439969725,0.6931471805599452,0.6931364765071735
652,1362,1363,69,69,1,0.09846162688041078,0.6931471805599452,0.6931364765071736
652,1363,1364,26,26,1,0.09870166245561379,0.6931471805599452,0.6931364765071736
652,1364,1365,30,30,1,0.0988285501797994,0.6931471805599452,0.6931364765071736
652,1365,1366,15,15,1,0.0991349478562673,0.6931471805599452,0.6931364765071736
652,1366,1367,15,15,1,0.09917120585838954,0.6931471805599452,0.6931364765071735
652,1367,1368,47,47,1,0.0988042192890289,0.6931471805599452,0.6931364765071735
652,1368,1369,57,57,1,0.09884940989707645,0.6931471805599452,0.6931364765071735
652,1369,1370,16,16,1,0.09843624569475651,0.6931471805599452,0.6931364765071736
652,1370,1371,22,22,1,0.09926876730539581,0.6931471805599452,0.6931364765071736
652,1371,1372,15,15,1,0.09889099498589833,0.6931471805599454,0.6931364765071736
652,1372,1373,43,43,1,0.09899136441391568,0.6931471805599452,0.6931364765071736
652,1373,1374,48,48,1,0.12053079670295119,0.6907996660661625,0.6931130013622356
652,1374,1375,30,30,1,0.09886460428436597,0.6931471805599454,0.6931130013622356
652,1375,1376,18,18,1,0.09912728352679147,0.6931471805599452,0.6931130013622356
652,1376,1377,11,11,1,0.09963278743353757,0.6931471805599452,0.6931130013622357
652,1377,1378,30,30,1,0.09862873355547587,0.6931471805599452,0.6931130013622357
652,1378,1379,28,28,1,0.09854988700577191,0.6931471805599452,0.6931130013622356
652,1379,1380,11,11,1,0.09899809550155293,0.6931471805599452,0.6931130013622356
652,1380,1381,12,12,1,0.09889787932236989,0.6931471805599452,0.6931130013622356
652,1381,1382,30,30,1,0.09856670225660007,0.6931471805599452,0.6931130013622356
652,1382,1383,42,42,1,0.11699763561288516,0.6921018088566327,0.6931025476452025
652,1383,1384,42,42,1,0.09878189294111162,0.6931471805599452,0.6931025476452026
652,1384,1385,51,51,1,0.09874038106086207,0.6931471805599454,0.6931025476452026
652,1385,1386,13,13,1,0.09861115767405583,0.6931471805599452,0.6931025476452026
652,1386,1387,11,11,1,0.09880863807418129,0.6931471805599452,0.6931025476452025
652,1387,1388,11,11,1,0.09903623502362859,0.6931471805599452,0.6931025476452025
652,1388,1389,22,22,1,0.09910946779630402,0.6931471805599452,0.6931025476452025
652,1389,1390,37,37,1,0.09878346726701066,0.6931471805599452,0.6931025476452025
652,1390,1391,32,32,1,0.09864371386356652,0.6931471805599452,0.6931025476452025
652,1391,1392,40,40,1,0.09897437356412411,0.6931471805599452,0.6931048972275969
652,1392,1393,40,40,1,0.09880077224224806,0.6931471805599452,0.6931048972275969
652,1393,1394,38,38,1,0.09905748069286346,0.6931471805599452,0.6931048972275969
652,1394,1395,23,23,1,0.09910607208376346,0.6931471805599452,0.6931048972275969
652,1395,1396,11,11,1,0.09933936392719095,0.6931471805599452,0.6931048972275969
652,1396,1397,15,15,1,0.09852276047070821,0.6931471805599452,0.6931048972275969
652,1397,1398,15,15,1,0.0990628108382225,0.6931471805599452,0.6931048972275969
652,1398,1399,16,16,1,0.09918228443711996,0.6931471805599452,0.6931048972275969
652,1399,1400,12,12,1,0.09907914946476619,0.6931471805599452,0.6931048972275969
652,1400,1401,48,48,1,0.09876632395510872,0.6931471805599452,0.6931048972275969
652,1401,1402,47,47,1,0.09952767716443285,0.6929439780326342,0.693102865202324
652,1402,1403,34,34,1,0.0987186247811598,0.6931471805599452,0.693102865202324
652,1403,1404,18,18,1,0.09880528060926332,0.6931471805599452,0.6931028652023238
652,1404,1405,12,12,1,0.09932517881194751,0.6931471805599452,0.6931028652023238
652,1405,1406,69,69,1,0.09942472348178642,0.6931471805599452,0.6931028652023238
652,1406,1407,34,34,1,0.099382663036094,0.6931471805599452,0.6931028652023238
652,1407,1408,32,32,1,0.09931714716367424,0.6931471805599452,0.693102865202324
652,1408,1409,57,57,1,0.10750331494369005,0.6931471805599454,0.693102865202324
652,1409,1410,10,10,1,0.09909963235259056,0.6931471805599452,0.693102865202324
652,1410,1411,36,36,1,0.09867950156331062,0.6931471805599452,0.6931028652023238
652,1411,1412,12,12,1,0.0992479467143615,0.6931471805599452,0.6931028652023238
652,1412,1413,18,18,1,0.09924978804257181,0.6931471805599452,0.6931028652023238
652,1413,1414,50,50,1,0.09896542802453041,0.6931471805599452,0.6931028652023238
652,1414,1415,11,11,1,0.09886883470145139,0.6931471805599452,0.6931028652023238
652,1415,1416,36,36,1,0.09890957838959163,0.6931471805599452,0.693102865202324
652,1416,1417,10,10,1,0.0990127831697464,0.6931471805599452,0.693102865202324
652,1417,1418,41,41,1,0.09888435246014013,0.6931471805599452,0.6931028652023238
652,1418,1419,30,30,1,0.0989935244123141,0.6931471805599454,0.6931028652023238
652,1419,1420,19,19,1,0.09916557057907707,0.6931471805599452,0.6931028652023238
652,1420,1421,43,43,1,0.09962719003128451,0.6929413579962309,0.6931008069766866
652,1421,1422,39,39,1,0.10508467448063386,0.6931471805599452,0.6931008069766866
652,1422,1423,30,30,1,0.09905228540301322,0.6931471805599454,0.6931008069766869
652,1423,1424,12,12,1,0.09919977188110352,0.6931471805599452,0.6931008069766869
652,1424,1425,49,49,1,0.09880401102864013,0.6931471805599452,0.6931068625258991
652,1425,1426,32,32,1,0.09905841643922031,0.6931471805599452,0.693106862525899
652,1426,1427,57,57,1,0.09898634176505239,0.6931471805599452,0.693106862525899
652,1427,1428,64,64,1,0.09889064263552427,0.6931471805599452,0.693106862525899
652,1428,1429,27,27,1,0.09937599411717167,0.6931471805599452,0.6931068625258991
652,1429,1430,18,18,1,0.09936144120163387,0.6931471805599452,0.6931068625258991
652,1430,1431,28,28,1,0.09865192590015275,0.6931471805599452,0.6931068625258991
652,1431,1432,39,39,1,0.09867345465299411,0.6931471805599452,0.6931068625258991
652,1432,1433,76,76,1,0.09888225911479247,0.6931471805599452,0.693106862525899
652,1433,1434,87,87,1,0.09938149864988766,0.6929621052097914,0.6931050117723976
652,1434,1435,35,35,1,0.09920645845787866,0.6931471805599452,0.6931050117723976
652,1435,1436,63,63,1,0.09903428254146425,0.6931471805599452,0.6931050117723976
652,1436,1437,71,71,1,0.09919392915678696,0.6931471805599452,0.6931050117723976
652,1437,1438,34,34,1,0.09895221889019012,0.6931471805599452,0.6931050117723976
652,1438,1439,21,21,1,0.09836765449671518,0.6931471805599452,0.6931050117723976
652,1439,1440,88,88,1,0.09894321825016629,0.6931471805599452,0.6931050117723976
652,1440,1441,98,98,0,0.09913102803485734,0.6931471805599452,0.6931050117723976
652,1441,1442,14,14,1,0.09913988624300275,0.6931471805599452,0.6931050117723976
652,1442,1443,14,14,1,0.09978457327399935,0.6931471805599452,0.6931050117723976
652,1443,1444,67,67,1,0.09891738231057551,0.6931471805599452,0.6931050117723976
652,1444,1445,23,23,1,0.0993781676111014,0.6931471805599452,0.6931050117723976
652,1445,1446,26,26,1,0.09888188254374725,0.6931471805599452,0.6931050117723976
652,1446,1447,98,98,0,0.09874146150387063,0.6931471805599452,0.6931050117723976
652,1447,1448,86,86,1,0.0988043293703434,0.6931471805599452,0.6931050117723976
652,1448,1449,43,43,1,0.09919324569230856,0.6931471805599452,0.6931050117723976
652,1449,1450,11,11,1,0.09945306317372755,0.6931471805599452,0.6931050117723976
652,1450,1451,47,47,1,0.09893650181115941,0.6931471805599452,0.6931050117723976
652,1451,1452,8,8,1,0.09976437594741583,0.6931471805599452,0.6931050117723976
652,1452,1453,28,28,1,0.09842827224305697,0.6931471805599452,0.6931050117723976
652,1453,1454,10,10,1,0.09945902675390243,0.6931471805599452,0.6931050117723976
652,1454,1455,23,23,1,0.10879159751145737,0.6929229201492724,0.6931027691682908
652,1455,1456,98,98,0,0.09887559825972635,0.6931471805599452,0.6931050680894557
652,1456,1457,94,94,1,0.09893340815572028,0.6931471805599452,0.6931050680894557
652,1457,1458,8,8,1,0.09859596658498049,0.6931471805599452,0.6931050680894557
652,1458,1459,15,15,1,0.09844069182872772,0.6931471805599454,0.6931050680894556
652,1459,1460,15,15,1,0.09909935394922892,0.6931471805599452,0.6931050680894557
652,1460,1461,81,81,1,0.0988506962671692,0.6931471805599452,0.6931050680894557
652,1461,1462,19,19,1,0.0993421163998152,0.6931471805599452,0.6931050680894557
652,1462,1463,9,9,1,0.09936101817422444,0.6931471805599452,0.6931050680894557
652,1463,1464,88,88,1,0.09890519861470569,0.6931471805599452,0.6931050680894557
652,1464,1465,70,70,1,0.09885274256978716,0.6931471805599454,0.6931050680894557
652,1465,1466,81,81,1,0.0989728174459787,0.6931471805599452,0.6931050680894556
652,1466,1467,90,90,1,0.09899856920043627,0.6931471805599452,0.6931050680894557
652,1467,1468,20,20,1,0.09911064468324185,0.6931471805599452,0.6931050680894557
652,1468,1469,65,65,1,0.09903840537254627,0.6931471805599454,0.6931050680894557
652,1469,1470,84,84,1,0.09892501078900837,0.6931471805599452,0.6931050680894557
652,1470,1471,43,43,1,0.0985390649631966,0.6931471805599452,0.6931050680894557
652,1471,1472,62,62,1,0.09896126942288491,0.6931471805599452,0.6931050680894557
652,1472,1473,10,10,1,0.09991870671510697,0.6931471805599452,0.6931050680894556
652,1473,1474,10,10,1,0.09945141822099686,0.6931471805599452,0.6931285432343935
652,1474,1475,63,63,1,0.09914133993406145,0.6931471805599452,0.6931285432343935
652,1475,1476,56,56,1,0.09877805252160345,0.6931471805599452,0.6931285432343935
652,1476,1477,98,98,0,0.09922148758659557,0.6931471805599452,0.6931285432343935
652,1477,1478,83,83,1,0.09927447158170033,0.6931471805599452,0.6931285432343935
652,1478,1479,11,11,1,0.09931163896213878,0.6931471805599452,0.6931285432343937
652,1479,1480,69,69,1,0.09878621887469637,0.6931471805599452,0.6931285432343935
652,1480,1481,76,76,1,0.09878637965180372,0.6931471805599452,0.6931285432343935
652,1481,1482,36,36,1,0.09893656315075026,0.6931471805599452,0.6931285432343935
652,1482,1483,8,8,1,0.0992514044046402,0.6931471805599452,0.6931389969514267
652,1483,1484,76,76,1,0.09893713646421307,0.6931471805599452,0.6931389969514267
652,1484,1485,82,82,1,0.0990466977946642,0.6931471805599452,0.6931389969514267
652,1485,1486,79,79,1,0.09911160010703002,0.6931471805599452,0.6931389969514267
652,1486,1487,93,93,1,0.09891064152602226,0.6931471805599452,0.6931389969514267
652,1487,1488,98,98,0,0.09913036189213091,0.6931471805599452,0.6931389969514267
652,1488,1489,15,15,1,0.09870475033919017,0.6931471805599452,0.6931389969514267
652,1489,1490,98,98,0,0.09883765268082521,0.6931471805599452,0.6931389969514267
652,1490,1491,98,98,0,0.09894985325482426,0.6931471805599452,0.6931389969514267
652,1491,1492,98,98,0,0.09917568202529635,0.6931471805599454,0.6931389969514267
652,1492,1493,12,12,1,0.09951371140778065,0.6931471805599454,0.6931389969514267
652,1493,1494,7,7,1,0.09940668514796666,0.6931471805599452,0.6931389969514268
652,1494,1495,17,17,1,0.09929674031103358,0.6931471805599452,0.6931389969514267
652,1495,1496,11,11,1,0.09927095337347551,0.6931471805599452,0.6931389969514267
652,1496,1497,98,98,0,0.09909678372193356,0.6931471805599452,0.6931389969514267
652,1497,1498,98,98,0,0.0992043991478122,0.6931471805599452,0.6931389969514267
652,1498,1499,98,98,0,0.0991319692408552,0.6931471805599452,0.6931389969514267
652,1499,1500,98,98,0,0.09918107966683348,0.6931471805599452,0.6931389969514267
652,1500,1501,98,98,0,0.09925827361187156,0.6931471805599452,0.6931389969514268
652,1501,1502,98,98,0,0.0992363765835762,0.6931471805599452,0.6931410289766997
652,1502,1503,98,98,0,0.0991391550217356,0.6931471805599452,0.6931410289766997
652,1503,1504,98,98,0,0.09930487494079435,0.6931471805599452,0.6931410289766998
652,1504,1505,98,98,0,0.0992404604140593,0.6931471805599454,0.6931410289766998
652,1505,1506,98,98,0,0.0992746977325605,0.6931471805599452,0.6931410289766998
652,1506,1507,98,98,0,0.0993572084271178,0.6931471805599452,0.6931410289766998
652,1507,1508,98,98,0,0.09915360017698638,0.6931471805599452,0.6931410289766998
652,1508,1509,98,98,0,0.09910385782013134,0.6931471805599452,0.6931410289766997
652,1509,1510,10,10,1,0.09971465542912483,0.6931471805599452,0.6931410289766997
652,1510,1511,98,98,0,0.0991649581309484,0.6931471805599452,0.6931410289766998
652,1511,1512,98,98,0,0.09906856358355405,0.6931471805599452,0.6931410289766998
652,1512,1513,84,84,1,0.09925552750272411,0.6931471805599452,0.6931410289766998
652,1513,1514,86,86,1,0.09913724972758182,0.6931471805599452,0.6931410289766998
652,1514,1515,26,26,1,0.09925971352137052,0.6931471805599452,0.6931410289766998
652,1515,1516,16,16,1,0.09926666971296072,0.6931471805599452,0.6931410289766997
652,1516,1517,73,73,1,0.09926014679343734,0.6931471805599452,0.6931410289766997
652,1517,1518,16,16,1,0.0992650743573904,0.6931471805599452,0.6931410289766998
652,1518,1519,72,72,1,0.09938491622192992,0.6931471805599454,0.6931410289766998
652,1519,1520,12,12,1,0.0992834052691857,0.6931471805599452,0.6931410289766998
652,1520,1521,73,73,1,0.09920885903786307,0.6931471805599452,0.693143087202337
652,1521,1522,98,98,0,0.09890169125734544,0.6931471805599452,0.693143087202337
652,1522,1523,78,78,1,0.09933044045017315,0.6931471805599452,0.6931430872023369
652,1523,1524,11,11,1,0.09939349645918066,0.6931471805599452,0.6931430872023369
652,1524,1525,98,98,0,0.09971420117178742,0.6929656073360877,0.6931412714700983
652,1525,1526,60,60,1,0.09905727518101533,0.6931471805599452,0.6931412714700984
652,1526,1527,69,69,1,0.09952626323354417,0.692955283822162,0.6931393525027205
652,1527,1528,54,54,1,0.09908845565385288,0.6931471805599452,0.6931393525027205
652,1528,1529,80,80,1,0.09938370725139975,0.6931471805599452,0.6931393525027205
652,1529,1530,79,79,1,0.09902193557612504,0.6931471805599452,0.6931393525027205
652,1530,1531,57,57,1,0.09908734405772728,0.6931471805599452,0.6931393525027205
652,1531,1532,84,84,1,0.09914575055951164,0.6931471805599452,0.6931393525027204
652,1532,1533,66,66,1,0.09917478037602974,0.6931471805599452,0.6931393525027205
652,1533,1534,98,98,0,0.09913317129320028,0.6931471805599452,0.693141203256222
652,1534,1535,69,69,1,0.09914147810659547,0.6931471805599452,0.693141203256222
652,1535,1536,65,65,1,0.09903553426265717,0.6931471805599454,0.6931412032562221
652,1536,1537,67,67,1,0.09919080015883516,0.6931471805599452,0.6931412032562221
652,1537,1538,63,63,1,0.09921979147290426,0.6931471805599452,0.6931412032562221
652,1538,1539,17,17,1,0.09948730819365557,0.6931471805599452,0.6931412032562221
652,1539,1540,78,78,1,0.09902554435225633,0.6931471805599452,0.693141203256222
652,1540,1541,68,68,1,0.09898499421337072,0.6931471805599452,0.693141203256222
652,1541,1542,89,89,1,0.09919498902693223,0.6931471805599452,0.693141203256222
652,1542,1543,9,9,1,0.09919064326418771,0.6931471805599452,0.6931412032562221
652,1543,1544,74,74,1,0.09902566600892995,0.6931471805599452,0.6931412032562221
652,1544,1545,57,57,1,0.09903947525379951,0.6931471805599454,0.6931412032562221
652,1545,1546,62,62,1,0.09901980430849137,0.6931471805599452,0.6931412032562221
652,1546,1547,77,77,1,0.09894979793530007,0.6931471805599452,0.693141203256222
652,1547,1548,78,78,1,0.09905609937432484,0.6931471805599452,0.693141203256222
652,1548,1549,26,26,1,0.09902757893388088,0.6931471805599452,0.693141203256222
652,1549,1550,21,21,1,0.09893318088281722,0.6931471805599452,0.6931412032562221
652,1550,1551,59,59,1,0.09899321274232056,0.6931471805599452,0.6931412032562221
652,1551,1552,93,93,1,0.09882823506029703,0.6931471805599452,0.6931412032562221
652,1552,1553,69,69,1,0.09888352777646936,0.6931471805599452,0.6931412032562221
652,1553,1554,63,63,1,0.09893671281280972,0.6931471805599452,0.693141203256222
652,1554,1555,86,86,1,0.09900858478490697,0.6931471805599452,0.6931434458603287
652,1555,1556,98,98,0,0.09899122640490532,0.6931471805599454,0.6931434458603287
652,1556,1557,69,69,1,0.09896752378646878,0.6931471805599454,0.6931434458603287
652,1557,1558,98,98,0,0.09886202915590636,0.6931471805599452,0.6931434458603287
652,1558,1559,98,98,0,0.09896909871271678,0.6931471805599452,0.6931434458603288
652,1559,1560,9,9,1,0.09924953348106808,0.6931471805599452,0.6931434458603288
652,1560,1561,60,60,1,0.09894348755478859,0.6931471805599452,0.6931434458603287
652,1561,1562,89,89,1,0.09903663447063961,0.6931471805599452,0.6931434458603287
652,1562,1563,81,81,1,0.09897261204910868,0.6931471805599452,0.6931434458603287
652,1563,1564,77,77,1,0.09903597454359005,0.6931471805599452,0.6931434458603287
652,1564,1565,15,15,1,0.09917886753877005,0.6931471805599452,0.6931434458603287
652,1565,1566,73,73,1,0.09892598366084164,0.6931471805599452,0.6931434458603288
652,1566,1567,97,97,1,0.09883634623178501,0.6931471805599452,0.6931434458603288
652,1567,1568,97,97,1,0.09897291468283564,0.6931471805599452,0.6931434458603287
652,1568,1569,90,90,1,0.09886019312673144,0.6931471805599452,0.6931434458603287
652,1569,1570,66,66,1,0.09893038056113503,0.6931471805599454,0.6931434458603287
652,1570,1571,83,83,1,0.09898058145520199,0.6931471805599452,0.6931434458603287
652,1571,1572,66,66,1,0.09904892426548582,0.6931471805599452,0.6931434458603287
652,1572,1573,71,71,1,0.09892004549923078,0.6931471805599452,0.6931434458603288
652,1573,1574,90,90,1,0.0989852083226045,0.6931471805599452,0.6931434458603288
652,1574,1575,97,97,1,0.09893922092988319,0.6931471805599452,0.6931434458603288
652,1575,1576,72,72,1,0.0988575770623154,0.6931471805599454,0.6931434458603287
652,1576,1577,82,82,1,0.09898201894105935,0.6931471805599452,0.6931434458603287
652,1577,1578,98,98,0,0.0989407877228698,0.6931471805599452,0.6931434458603287
652,1578,1579,85,85,1,0.09892246530336492,0.6931471805599452,0.6931434458603287
652,1579,1580,10,10,1,0.09905015528202057,0.6931471805599452,0.6931434458603288
652,1580,1581,98,98,0,0.09885656712006549,0.6931471805599452,0.6931434458603288
652,1581,1582,96,96,1,0.0988555431055526,0.6931471805599452,0.6931434458603288
652,1582,1583,88,88,1,0.09904706952246753,0.6931471805599452,0.6931434458603287
652,1583,1584,81,81,1,0.09884696794144901,0.6931471805599452,0.6931434458603287
652,1584,1585,84,84,1,0.09900026005648431,0.6931471805599452,0.6931434458603287
652,1585,1586,91,91,1,0.0988446457700415,0.6931471805599454,0.6931434458603287
652,1586,1587,83,83,1,0.09899211665952062,0.6931471805599452,0.6931434458603288
652,1587,1588,67,67,1,0.09891111114576681,0.6931471805599452,0.6931434458603288
652,1588,1589,70,70,1,0.09883828152503286,0.6931471805599452,0.6931434458603288
652,1589,1590,12,12,1,0.09936256272097428,0.6931471805599452,0.6931434458603287
652,1590,1591,88,88,1,0.09890495884147557,0.6931471805599452,0.6931434458603287
652,1591,1592,83,83,1,0.0987976392708629,0.6931471805599452,0.6931434458603287
652,1592,1593,12,12,1,0.09885105490684509,0.6931471805599452,0.6931434458603287
652,1593,1594,83,83,1,0.09895984765635915,0.6931471805599452,0.6931434458603287
652,1594,1595,95,95,1,0.09901575908849114,0.6931471805599454,0.6931434458603288
652,1595,1596,74,74,1,0.0988835306787813,0.6931471805599452,0.6931434458603288
652,1596,1597,98,98,1,0.0989111184465642,0.6931471805599452,0.6931434458603287
652,1597,1598,91,91,1,0.09882190086684384,0.6931471805599452,0.6931434458603287
652,1598,1599,90,90,1,0.09901272190941704,0.6931471805599452,0.6931434458603287
652,1599,1600,71,71,1,0.09865440239369029,0.6931471805599452,0.6931434458603287
652,1600,1601,96,96,1,0.09884773893281817,0.6931471805599452,0.6931434458603287
652,1601,1602,75,75,1,0.09881928026676177,0.6931471805599452,0.6931434458603288
652,1602,1603,91,91,1,0.09885923531684247,0.6931471805599452,0.6931434458603288
652,1603,1604,98,98,0,0.09888843606625285,0.6931471805599452,0.6931434458603287
652,1604,1605,98,98,0,0.09871765461807348,0.6931471805599452,0.6931434458603287
652,1605,1606,98,98,0,0.09879165735779977,0.6931471805599452,0.6931434458603287
652,1606,1607,60,60,1,0.09898697013656298,0.6931471805599452,0.6931434458603287
652,1607,1608,82,82,1,0.09877143736656119,0.6931471805599452,0.6931434458603287
652,1608,1609,16,16,1,0.09913624683395028,0.6931471805599452,0.6931434458603288
652,1609,1610,86,86,1,0.0989153754225997,0.6931471805599452,0.6931434458603288
652,1610,1611,98,98,0,0.09886432918054718,0.6931471805599452,0.6931434458603287
652,1611,1612,98,98,0,0.09876801696967105,0.6931471805599452,0.6931434458603287
652,1612,1613,98,98,0,0.09886515665115142,0.6931471805599452,0.6931434458603287
652,1613,1614,95,95,1,0.09879883770879946,0.6931471805599454,0.6931434458603287
652,1614,1615,98,98,0,0.09882146416574109,0.6931471805599452,0.6931434458603287
652,1615,1616,50,50,1,0.09896994516253471,0.6931471805599452,0.6931434458603288
652,1616,1617,72,72,1,0.09896998842143351,0.6931471805599452,0.6931434458603288
652,1617,1618,78,78,1,0.09886781135812783,0.6931471805599452,0.6931434458603288
652,1618,1619,98,98,0,0.0989351906642622,0.6931471805599452,0.6931434458603287
652,1619,1620,54,54,1,0.0989219965758147,0.6931471805599452,0.6931434458603287
652,1620,1621,98,98,0,0.09888216146096891,0.6931471805599452,0.6931434458603287
652,1621,1622,80,80,1,0.09891477664932609,0.6931471805599452,0.6931434458603287
652,1622,1623,66,66,1,0.09900434089429451,0.6931471805599452,0.6931434458603288
652,1623,1624,98,98,0,0.09889604972333324,0.6931471805599452,0.6931434458603288
652,1624,1625,94,94,1,0.0988901748936227,0.6931471805599452,0.6931452615925674
652,1625,1626,98,98,0,0.0989403346819537,0.6931471805599452,0.6931452615925673
652,1626,1627,98,98,0,0.09886434248515538,0.6931471805599452,0.6931471805599452
652,1627,1628,61,61,1,0.0990997957157307,0.6931471805599452,0.6931471805599452
652,1628,1629,98,98,0,0.09894715310359488,0.6931471805599452,0.6931471805599452
652,1629,1630,92,92,1,0.09892667271196842,0.6931471805599452,0.6931471805599452
652,1630,1631,85,85,1,0.09887873994953492,0.6931471805599452,0.6931471805599452
652,1631,1632,93,93,1,0.0989505103839341,0.6931471805599452,0.6931471805599453
652,1632,1633,70,70,1,0.09890662687165397,0.6931471805599454,0.6931471805599452
652,1633,1634,67,67,1,0.09894097996736641,0.6931471805599452,0.6931471805599452
652,1634,1635,98,98,0,0.09871662446126646,0.6931471805599452,0.6931471805599452
652,1635,1636,83,83,1,0.09911374649010508,0.6931471805599452,0.6931471805599452
652,1636,1637,69,69,1,0.09899506491163503,0.6931471805599452,0.6931471805599452
652,1637,1638,98,98,0,0.09885053359428231,0.6931471805599452,0.6931471805599452
652,1638,1639,76,76,1,0.09888575706434877,0.6931471805599452,0.6931471805599452
652,1639,1640,47,47,1,0.09901210713259717,0.6931471805599454,0.6931471805599452
652,1640,1641,98,98,0,0.09890240005084447,0.6931471805599452,0.6931471805599452
652,1641,1642,98,98,0,0.09896138188790302,0.6931471805599452,0.6931471805599452
652,1642,1643,83,83,1,0.09886348723288042,0.6931471805599452,0.6931471805599452
652,1643,1644,82,82,1,0.0988397384743865,0.6931471805599452,0.6931471805599452
652,1644,1645,56,56,1,0.09910023332174335,0.6931471805599452,0.6931471805599452
652,1645,1646,70,70,1,0.09889881334134511,0.6931471805599452,0.6931471805599452
652,1646,1647,88,88,1,0.09893985515968366,0.6931471805599452,0.6931471805599452
652,1647,1648,69,69,1,0.09892628277125566,0.6931471805599452,0.6931471805599452
652,1648,1649,98,98,0,0.09889466019005191,0.6931471805599452,0.6931471805599452
652,1649,1650,80,80,1,0.09892549589276314,0.6931471805599452,0.6931471805599452
652,1650,1651,90,90,1,0.09901580495966805,0.6931471805599452,0.6931471805599452
652,1651,1652,87,87,1,0.0989546371602464,0.6931471805599452,0.6931471805599452
652,1652,1653,98,98,0,0.0989971862611722,0.6931471805599452,0.6931471805599452
652,1653,1654,87,87,1,0.09886248897889564,0.6931471805599452,0.6931471805599452
652,1654,1655,75,75,1,0.09897123247385026,0.6931471805599452,0.6931471805599452
652,1655,1656,66,66,1,0.09903911568901756,0.6931471805599452,0.6931471805599452
652,1656,1657,77,77,1,0.09926271583739814,0.6931471805599452,0.6931471805599452
652,1657,1658,98,98,0,0.09889191677983926,0.6931471805599452,0.6931471805599452
652,1658,1659,64,64,1,0.09892274159938097,0.6931471805599452,0.6931471805599452
652,1659,1660,74,74,1,0.09888071164086058,0.6931471805599452,0.6931471805599452
652,1660,1661,59,59,1,0.09897917862665856,0.6931471805599452,0.6931471805599453
652,1661,1662,65,65,1,0.09882419212506367,0.6931471805599452,0.6931471805599452
652,1662,1663,57,57,1,0.09896231494974672,0.6931471805599454,0.6931471805599452
652,1663,1664,90,90,1,0.0988570663664076,0.6931471805599452,0.6931471805599452
652,1664,1665,66,66,1,0.09905446162729552,0.6931471805599452,0.6931471805599452
652,1665,1666,98,98,0,0.09888518426795395,0.6931471805599452,0.6931471805599452
652,1666,1667,60,60,1,0.09908687074979146,0.6931471805599452,0.6931471805599452
652,1667,1668,89,89,1,0.09887629847848013,0.6931471805599452,0.6931471805599453
652,1668,1669,98,98,0,0.09893417312782637,0.6931471805599452,0.6931471805599452
652,1669,1670,16,16,1,0.09913986129686236,0.6931471805599452,0.6931471805599452
652,1670,1671,98,98,0,0.0987626307320838,0.6931471805599452,0.6931471805599452
652,1671,1672,78,78,1,0.09882478893567355,0.6931471805599452,0.6931471805599452
652,1672,1673,81,81,1,0.0989035368885523,0.6931471805599452,0.6931471805599452
652,1673,1674,97,97,1,0.09892891447261437,0.6931471805599452,0.6931471805599452
652,1674,1675,98,98,0,0.09888958596453375,0.6931471805599452,0.6931471805599452
652,1675,1676,52,52,1,0.09905993852477807,0.6931471805599452,0.6931471805599452
652,1676,1677,96,96,1,0.09893138078041375,0.6931471805599452,0.6931471805599452
652,1677,1678,96,96,1,0.09892062555688123,0.6931471805599452,0.6931471805599452
652,1678,1679,96,96,1,0.0990200814170142,0.6931471805599452,0.6931471805599452
652,1679,1680,69,69,1,0.09903762025245721,0.6931471805599452,0.6931471805599452
652,1680,1681,77,77,1,0.09899369830434973,0.6931471805599452,0.6931471805599452
652,1681,1682,64,64,1,0.09895222226623446,0.6931471805599452,0.6931471805599452
652,1682,1683,71,71,1,0.09903470227416132,0.6931471805599452,0.6931471805599452
652,1683,1684,74,74,1,0.09887361758061357,0.6931471805599452,0.6931471805599452
652,1684,1685,51,51,1,0.09928526451774672,0.6931471805599452,0.6931471805599452
652,1685,1686,38,38,1,0.09918891207167976,0.6931471805599452,0.6931471805599452
652,1686,1687,55,55,1,0.09902988794175062,0.6931471805599452,0.6931471805599452
652,1687,1688,96,96,1,0.09880058475149174,0.6931471805599452,0.6931471805599452
652,1688,1689,87,87,1,0.09893135298257587,0.6931471805599452,0.6931471805599452
652,1689,1690,80,80,1,0.09900232329964638,0.6931471805599452,0.6931471805599452
652,1690,1691,73,73,1,0.0989459802026618,0.6931471805599452,0.6931471805599452
652,1691,1692,98,98,0,0.0988318393273013,0.6931471805599452,0.6931471805599452
652,1692,1693,70,70,1,0.09891443465437208,0.6931471805599452,0.6931471805599452
652,1693,1694,75,75,1,0.09888743390639623,0.6931471805599452,0.6931471805599452
652,1694,1695,96,96,1,0.09884228534065187,0.6931471805599452,0.6931471805599452
652,1695,1696,74,74,1,0.09922978956554387,0.6931471805599452,0.6931471805599452
652,1696,1697,13,13,1,0.0989917917893483,0.6931471805599452,0.6931471805599452
652,1697,1698,11,11,1,0.0996031029657884,0.6931471805599452,0.6931471805599452
652,1698,1699,14,14,1,0.09932359095130648,0.6931471805599452,0.6931471805599452
652,1699,1700,85,85,1,0.0989945452002918,0.6931471805599452,0.6931471805599452
652,1700,1701,69,69,1,0.09901758078215779,0.6931471805599452,0.6931471805599452
652,1701,1702,96,96,1,0.09902143012732267,0.6931471805599452,0.6931471805599452
652,1702,1703,98,98,0,0.09892200275647398,0.6931471805599452,0.6931471805599452
652,1703,1704,75,75,1,0.0990089871486028,0.6931471805599452,0.6931471805599452
652,1704,1705,56,56,1,0.09898854100278445,0.6931471805599452,0.6931471805599452
652,1705,1706,69,69,1,0.09897002858528192,0.6931471805599452,0.6931471805599452
652,1706,1707,82,82,1,0.09887292563188367,0.6931471805599452,0.6931471805599452
652,1707,1708,76,76,1,0.09907503680963266,0.6931471805599452,0.6931471805599452
652,1708,1709,54,54,1,0.09911210890169497,0.6931471805599452,0.6931471805599452
652,1709,1710,69,69,1,0.09909322663493779,0.6931471805599452,0.6931471805599452
652,1710,1711,98,98,0,0.09892956813683315,0.6931471805599452,0.6931471805599452
652,1711,1712,98,98,0,0.09898668770887414,0.6931471805599452,0.6931471805599452
652,1712,1713,84,84,1,0.099006922028604,0.6931471805599452,0.6931471805599452
652,1713,1714,71,71,1,0.09901378261791148,0.6931471805599452,0.6931471805599452
652,1714,1715,64,64,1,0.09895174705889076,0.6931471805599452,0.6931471805599452
652,1715,1716,80,80,1,0.09893065085634589,0.6931471805599452,0.6931471805599452
652,1716,1717,81,81,1,0.099080305132601,0.6931471805599452,0.6931471805599452
652,1717,1718,56,56,1,0.09887563330786568,0.6931471805599452,0.6931471805599452
652,1718,1719,8,8,1,0.09935843851417303,0.6931471805599452,0.6931471805599452
652,1719,1720,98,98,0,0.098911459196587,0.6931471805599454,0.6931471805599452
652,1720,1721,70,70,1,0.09885118529200554,0.6931471805599452,0.6931471805599452
652,1721,1722,98,98,0,0.09910299058775512,0.6931471805599454,0.6931471805599452
652,1722,1723,98,98,0,0.09903311106015225,0.6931471805599454,0.6931471805599452
652,1723,1724,98,98,0,0.09888277544963117,0.6931471805599452,0.6931471805599452
652,1724,1725,64,64,1,0.09893038321752101,0.6931471805599452,0.6931471805599452
652,1725,1726,98,98,0,0.09890629366344335,0.6931471805599452,0.6931471805599452
652,1726,1727,98,98,0,0.09894916818154101,0.6931471805599452,0.6931471805599452
652,1727,1728,64,64,1,0.09891335887368768,0.6931471805599452,0.6931471805599452
652,1728,1729,86,86,1,0.09891507523350937,0.6931471805599452,0.6931471805599452
652,1729,1730,98,98,0,0.0990644412077203,0.6931471805599452,0.6931471805599452
652,1730,1731,98,98,0,0.09899548517197979,0.6931471805599452,0.6931471805599452
652,1731,1732,8,8,1,0.09958121553063393,0.6931471805599452,0.6931471805599452
652,1732,1733,98,98,0,0.09899066829559755,0.6931471805599452,0.6931471805599452
652,1733,1734,98,98,0,0.09888040084315806,0.6931471805599452,0.6931471805599452
652,1734,1735,98,98,0,0.0988430562524163,0.6931471805599452,0.6931471805599452
652,1735,1736,98,98,0,0.09887063997436543,0.6931471805599452,0.6931471805599452
652,1736,1737,98,98,0,0.09886911328958005,0.6931471805599452,0.6931471805599452
652,1737,1738,77,77,1,0.09887354143641212,0.6931471805599452,0.6931471805599452
652,1738,1739,95,95,1,0.09887452611797734,0.6931471805599452,0.6931471805599452
652,1739,1740,98,98,0,0.09888169572365527,0.6931471805599452,0.6931471805599452
652,1740,1741,98,98,0,0.09885962429095288,0.6931471805599452,0.6931471805599452
652,1741,1742,75,75,1,0.09898922771215439,0.6931471805599452,0.6931471805599452
652,1742,1743,69,69,1,0.09889635184536809,0.6931471805599452,0.6931471805599452
652,1743,1744,98,98,0,0.09889811399031659,0.6931471805599452,0.6931471805599452
652,1744,1745,81,81,1,0.0987976837305375,0.6931471805599452,0.6931471805599452
652,1745,1746,98,98,0,0.09889762126365487,0.6931471805599452,0.6931471805599452
652,1746,1747,98,98,0,0.09892152850421107,0.6931471805599452,0.6931471805599452
652,1747,1748,60,60,1,0.0989780260870854,0.6931471805599452,0.6931471805599452
652,1748,1749,98,98,0,0.09902486516808977,0.6931471805599452,0.6931471805599452
652,1749,1750,98,98,0,0.09900115073031308,0.6931471805599452,0.6931471805599452
652,1750,1751,98,98,0,0.09883688283818108,0.6931471805599452,0.6931471805599452
652,1751,1752,77,77,1,0.09882473742420023,0.6931471805599452,0.6931471805599452
652,1752,1753,98,98,1,0.09904769298677542,0.6931471805599452,0.6931471805599452
652,1753,1754,25,25,1,0.09914710968732834,0.6931471805599454,0.6931471805599453
652,1754,1755,98,98,0,0.0988690369591421,0.6931471805599452,0.6931471805599452
652,1755,1756,97,97,1,0.09894506617919686,0.6931471805599454,0.6931471805599452
652,1756,1757,71,71,1,0.09877245096673429,0.6931471805599452,0.6931471805599452
652,1757,1758,98,98,0,0.09877462806750317,0.6931471805599452,0.6931471805599452
652,1758,1759,98,98,0,0.0989549101463386,0.6931471805599452,0.6931471805599452
652,1759,1760,98,98,0,0.09900592951750269,0.6931471805599452,0.6931471805599452
652,1760,1761,98,98,0,0.09889142686615185,0.6931471805599452,0.6931471805599452
652,1761,1762,82,82,1,0.09890860164674317,0.6931471805599452,0.6931471805599452
652,1762,1763,98,98,0,0.09894235181261082,0.6931471805599452,0.6931471805599452
652,1763,1764,10,10,1,0.09904055297374725,0.6931471805599452,0.6931471805599452
652,1764,1765,98,98,0,0.09903405796812505,0.6931471805599452,0.6931471805599452
652,1765,1766,62,62,1,0.09887835695858925,0.6931471805599452,0.6931471805599452
652,1766,1767,29,29,1,0.09898844258538608,0.6931471805599452,0.6931471805599452
652,1767,1768,47,47,1,0.09894076814042761,0.6931471805599452,0.6931471805599452
652,1768,1769,98,98,0,0.09890489972063474,0.6931471805599452,0.6931471805599452
652,1769,1770,98,98,0,0.09886828133342218,0.6931471805599452,0.6931471805599452
652,1770,1771,98,98,0,0.0988872121943503,0.6931471805599452,0.6931471805599452
652,1771,1772,10,10,1,0.09903899133205414,0.6931471805599452,0.6931471805599452
652,1772,1773,9,9,1,0.09938765979475445,0.6931471805599452,0.6931471805599452
652,1773,1774,32,32,1,0.09894991642795503,0.6931471805599452,0.6931471805599452
652,1774,1775,98,98,0,0.09880018363497695,0.6931471805599452,0.6931471805599452
652,1775,1776,70,70,1,0.09894736643348422,0.6931471805599452,0.6931471805599452
652,1776,1777,90,90,1,0.0989332575764921,0.6931471805599452,0.6931471805599452
652,1777,1778,72,72,1,0.0989462894697984,0.6931471805599452,0.6931471805599452
652,1778,1779,27,27,1,0.09912821319368151,0.6931471805599452,0.6931471805599452
652,1779,1780,98,98,0,0.0989133315731068,0.6931471805599452,0.6931471805599452
652,1780,1781,98,98,0,0.09897507270988153,0.6931471805599452,0.6931471805599452
652,1781,1782,97,97,1,0.09900202955474559,0.6931471805599452,0.6931471805599452
652,1782,1783,98,98,0,0.10058126473153124,0.6929656073360877,0.6931453648277066
652,1783,1784,98,98,0,0.0998102742038211,0.692824753393993,0.6931421405560471
652,1784,1785,98,98,0,0.10051941947669399,0.6931471805599452,0.6931421405560471
652,1785,1786,70,70,1,0.09949538164905139,0.6929557073510311,0.693140225823958
652,1786,1787,98,98,0,0.10077746402548284,0.6927840341122302,0.6931365943594808
652,1787,1788,98,98,1,0.09927523501065312,0.6931471805599452,0.6931365943594808
652,1788,1789,98,98,0,0.09947879650458998,0.6929656073360879,0.6931347786272422
652,1789,1790,80,80,1,0.10026564430445432,0.6929596371914408,0.6931329031935572
652,1790,1791,98,98,0,0.09919466040268236,0.6929656073360879,0.6931310874613186
652,1791,1792,98,98,0,0.10035719494430387,0.6929656073360877,0.69312927172908
652,1792,1793,98,98,0,0.09948585045580961,0.692824753393993,0.6931260474574205
652,1793,1794,98,98,0,0.09967703577511165,0.692824753393993,0.6931228231857609
652,1794,1795,98,98,0,0.09902007178384431,0.6931471805599452,0.6931228231857609
652,1795,1796,98,98,0,0.09905550423629429,0.6929656073360879,0.6931210074535223
652,1796,1797,98,98,1,0.09910856597885793,0.6931471805599452,0.6931210074535226
652,1797,1798,98,98,0,0.09882020973125283,0.6931471805599452,0.6931210074535223
652,1798,1799,98,98,0,0.0988762586244515,0.6931471805599454,0.6931210074535223
652,1799,1800,98,98,0,0.09869199801160365,0.6931471805599452,0.6931210074535223
652,1800,1801,98,98,0,0.09884690067597798,0.6931471805599454,0.6931210074535223
652,1801,1802,98,98,0,0.09855726254837853,0.6931471805599452,0.6931210074535223
652,1802,1803,98,98,0,0.09861586090861535,0.6931471805599452,0.6931210074535223
652,1803,1804,73,73,1,0.09845771262907002,0.6931471805599452,0.6931210074535226
652,1804,1805,98,98,0,0.09874079315638055,0.6931471805599452,0.6931210074535226
652,1805,1806,98,98,0,0.09881895225571126,0.6931471805599452,0.6931210074535223
652,1806,1807,98,98,0,0.09833134224220198,0.6931471805599452,0.6931210074535223
652,1807,1808,98,98,0,0.09904181516292143,0.6931471805599452,0.6931210074535223
652,1808,1809,54,54,1,0.09827433181581674,0.6931471805599452,0.6931210074535223
652,1809,1810,98,98,0,0.09892419246690613,0.6931471805599452,0.6931210074535223
652,1810,1811,98,98,0,0.09873885554926735,0.6931471805599452,0.6931210074535226
652,1811,1812,98,98,0,0.09853800986798442,0.6931471805599452,0.6931210074535226
652,1812,1813,98,98,0,0.09871200601361235,0.6931471805599452,0.6931210074535223
652,1813,1814,98,98,0,0.09854131480868981,0.6931471805599454,0.6931210074535223
652,1814,1815,98,98,0,0.09860398780022349,0.6931471805599452,0.6931210074535223
652,1815,1816,94,94,1,0.10011005615617366,0.6929643816647877,0.6931191794645709
652,1816,1817,98,98,0,0.10111650482428317,0.6929656073360877,0.6931173637323321
652,1817,1818,98,98,0,0.10002564441184608,0.6929656073360877,0.6931155480000936
652,1818,1819,98,98,0,0.09971264628123264,0.6929656073360877,0.6931137322678552
652,1819,1820,98,98,0,0.10013708647112457,0.6926024608883725,0.6931082850711394
652,1820,1821,72,72,1,0.09955484254492654,0.6929565365172379,0.6931063786307123
652,1821,1822,98,98,0,0.09925730731718395,0.692824753393993,0.6931031543590528
652,1822,1823,78,78,1,0.09911746092331715,0.6931471805599452,0.6931031543590528
652,1823,1824,64,64,1,0.09898312180303037,0.6931471805599452,0.6931031543590528
652,1824,1825,98,98,0,0.10043504780956677,0.6929656073360877,0.6931013386268141
652,1825,1826,98,98,0,0.09891334366129369,0.6929656073360877,0.6930995228945757
652,1826,1827,98,98,0,0.10068361388937551,0.6931471805599452,0.6930995228945757
652,1827,1828,98,98,0,0.10060420335859668,0.6929656073360879,0.6930977071623371
652,1828,1829,98,98,0,0.10435426881422802,0.6926431801701354,0.6930926671584391
652,1829,1830,98,98,0,0.09876651370099612,0.6931471805599452,0.6930926671584389
652,1830,1831,98,98,0,0.09931600755270646,0.692824753393993,0.6930894428867793
652,1831,1832,98,98,0,0.10009222333224452,0.6929656073360877,0.6930876271545408
652,1832,1833,98,98,0,0.10300321390434188,0.6929656073360877,0.6930858114223024
652,1833,1834,98,98,0,0.10082096887790427,0.6929656073360879,0.6930839956900638
652,1834,1835,98,98,0,0.10229952793036189,0.6929656073360877,0.6930821799578252
652,1835,1836,98,98,0,0.1016961498832216,0.6929656073360877,0.6930803642255866
652,1836,1837,21,21,1,0.10165916099434807,0.6931471805599452,0.6930803642255866
652,1837,1838,98,98,0,0.10035649018020046,0.6931471805599454,0.6930803642255866
652,1838,1839,92,92,1,0.10567281127947828,0.6928210471891963,0.6930771028918791
652,1839,1840,98,98,0,0.10360134271334628,0.6931471805599454,0.6930771028918792
652,1840,1841,98,98,0,0.10064786300063133,0.6929656073360879,0.6930752871596405
652,1841,1842,98,98,0,0.10116938691662282,0.6931471805599452,0.6930752871596405
652,1842,1843,98,98,0,0.10351815165913834,0.6929656073360879,0.6930734714274019
652,1843,1844,98,98,0,0.10351967355426477,0.6929656073360879,0.6930716556951634
652,1844,1845,98,98,0,0.10499613777715333,0.6929656073360877,0.6930698399629247
652,1845,1846,98,98,0,0.10513865590399625,0.6922800337224203,0.6930611684945496
652,1846,1847,98,98,0,0.10738885501513676,0.692220283143225,0.6930518995203825
652,1847,1848,98,98,0,0.10486409433034001,0.6931471805599452,0.6930518995203824
652,1848,1849,98,98,0,0.1036924345000666,0.6929656073360877,0.6930500837881438
652,1849,1850,98,98,0,0.10562070010572064,0.6925023262280405,0.6930436352448247
652,1850,1851,98,98,0,0.10275033534485467,0.6931471805599452,0.6930436352448247
652,1851,1852,98,98,0,0.10250340424934212,0.6929656073360877,0.6930418195125861
652,1852,1853,98,98,0,0.10554413360600569,0.6924616069462778,0.6930349637764495
652,1853,1854,98,98,0,0.10143939572937634,0.6931471805599452,0.6930349637764495
652,1854,1855,98,98,0,0.10557244277122069,0.6929656073360877,0.6930331480442109
652,1855,1856,98,98,0,0.10654832985328168,0.692824753393993,0.6930299237725513
652,1856,1857,98,98,1,0.10244120315325503,0.6929656073360877,0.6930281080403128
652,1857,1858,98,98,0,0.10427311199660204,0.6929656073360877,0.6930262923080742
652,1858,1859,98,98,0,0.10455215722322464,0.6926431801701354,0.6930212523041761
652,1859,1860,98,98,0,0.1037843621963141,0.6931471805599452,0.6930212523041761
652,1860,1861,98,98,1,0.10514491956148829,0.6931471805599454,0.693021252304176
652,1861,1862,98,98,0,0.10405054908930039,0.6929656073360877,0.6930194365719377
652,1862,1863,98,98,0,0.10593985104743316,0.6929656073360877,0.6930176208396991
652,1863,1864,98,98,0,0.11021689599265858,0.6924208876645153,0.6930103579107447
652,1864,1865,98,98,0,0.10542499144770662,0.6931471805599454,0.6930103579107447
652,1865,1866,98,98,0,0.10937119647860527,0.6927636322101872,0.6930065224272471
652,1866,1867,98,98,0,0.10191874061616099,0.6929656073360877,0.6930047066950086
652,1867,1868,98,98,0,0.10166206682214932,0.6929656073360877,0.6930028909627698
652,1868,1869,98,98,0,0.10660856726522348,0.6927840341122302,0.6929992594982929
652,1869,1870,98,98,0,0.10366026030815377,0.6931471805599452,0.6929992594982929
652,1870,1871,98,98,0,0.11325156369379588,0.6924616069462778,0.6929924037621562
652,1871,1872,98,98,0,0.10826804777797387,0.6926431801701354,0.6929873637582581
652,1872,1873,98,98,0,0.10443574737529365,0.692824753393993,0.6929841394865985
652,1873,1874,98,98,0,0.10485206688849294,0.692824753393993,0.692980915214939
652,1874,1875,98,98,0,0.10528363994493777,0.6927840341122302,0.6929772837504617
652,1875,1876,98,98,0,0.10611430487158346,0.6925023262280405,0.6929708352071429
652,1876,1877,98,98,0,0.1107759923503107,0.6871695939192847,0.6929110593407363
652,1877,1878,98,98,0,0.10683307439392926,0.6926431801701354,0.6929060193368382
652,1878,1879,98,98,0,0.10779616746063135,0.6920928310640581,0.6928954758418793
652,1879,1880,79,79,1,0.11288508753987807,0.6927713535339408,0.692891717571619
652,1880,1881,98,98,0,0.10915380077702659,0.6924018563670824,0.6928842643296904
652,1881,1882,98,98,0,0.10444470555806647,0.6927840341122302,0.6928806328652134
652,1882,1883,98,98,0,0.10432884826952098,0.6931471805599452,0.6928824485974521
652,1883,1884,96,96,1,0.09894811385311186,0.6931471805599452,0.6928856728691116
652,1884,1885,98,98,0,0.12389768872942243,0.6924616069462778,0.6928788171329748
652,1885,1886,98,98,0,0.10569894458262288,0.6929656073360877,0.6928789161328254
652,1886,1887,98,98,0,0.11231503415168548,0.6892773008639618,0.6928438488003427
652,1887,1888,98,98,0,0.10946704295216775,0.6895997280299143,0.6928083742750424
652,1888,1889,98,98,0,0.11064975708723068,0.6895997280299143,0.6927747154819807
652,1889,1890,98,98,0,0.10770102263409265,0.6924018563670826,0.692769137673737
652,1890,1891,98,98,0,0.10486262132014547,0.6929656073360877,0.6927691376737372
652,1891,1892,98,98,0,0.10575284846887296,0.6929656073360877,0.6927691376737372
652,1892,1893,98,98,0,0.10839664814423541,0.6912066388628756,0.6927529565284258
652,1893,1894,98,98,0,0.09889139516317115,0.6931471805599452,0.6927561808000854
652,1894,1895,98,98,0,0.10798812338284083,0.6895997280299143,0.6927207062747851
652,1895,1896,98,98,0,0.10326119588345897,0.6929656073360877,0.6927207062747851
652,1896,1897,98,98,0,0.10497116548370342,0.6929656073360877,0.6927188905425464
652,1897,1898,98,98,0,0.1073196436829713,0.6912066388628754,0.6926994851255759
652,1898,1899,98,98,0,0.10519196511227258,0.6929656073360877,0.6926976693933373
652,1899,1900,98,98,0,0.09864431087459836,0.6931471805599452,0.6926976693933373
652,1900,1901,69,69,1,0.09797927623857623,0.6931471805599452,0.6926976693933373
652,1901,1902,98,98,0,0.0986870888392536,0.6931471805599452,0.6926976693933372
652,1902,1903,98,98,0,0.09970068277753129,0.6926431801701354,0.6926926293894391
652,1903,1904,98,98,0,0.09877162784033892,0.6931471805599452,0.6926926293894391
652,1904,1905,98,98,0,0.10761631614699656,0.691388212086733,0.692675039704707
652,1905,1906,98,98,0,0.10610426817925608,0.6929656073360877,0.6926732239724686
652,1906,1907,98,98,0,0.1054359214494423,0.692824753393993,0.692669999700809
652,1907,1908,98,98,0,0.09890197392325012,0.6931471805599452,0.692669999700809
652,1908,1909,98,98,0,0.09898615841354642,0.6931471805599452,0.6926699997008089
652,1909,1910,98,98,0,0.10650081978160508,0.6926431801701354,0.6926649596969108
652,1910,1911,98,98,0,0.10050238509263311,0.6929656073360877,0.6926631439646722
652,1911,1912,98,98,0,0.09894472193353031,0.6931471805599452,0.6926631439646722
652,1912,1913,93,93,1,0.09895559576570347,0.6929640670735278,0.6926613128298083
652,1913,1914,67,67,1,0.10698524139710326,0.6931471805599452,0.692661312829808
652,1914,1915,38,38,1,0.11462174826546719,0.6927690749652873,0.6926575317738616
652,1915,1916,43,43,1,0.11124191000018009,0.6931471805599452,0.6926593597628131
652,1916,1917,75,75,1,0.09892450819412867,0.6931471805599452,0.6926611754950517
652,1917,1918,48,48,1,0.11835376747573416,0.6924999073748688,0.6926565184954395
652,1918,1919,50,50,1,0.09913543254137039,0.6931471805599452,0.692658334227678
652,1919,1920,49,49,1,0.11926987767219543,0.6923003511021399,0.6926553131298158
652,1920,1921,73,73,1,0.11225344955104671,0.6922146398586007,0.6926478941632294
652,1921,1922,68,68,1,0.1124114297768649,0.6928032986076109,0.6926476796153654
652,1922,1923,28,28,1,0.12076383935553688,0.692928717782789,0.692645494987594
652,1923,1924,31,31,1,0.1169343136491314,0.6931471805599454,0.692645494987594
652,1924,1925,39,39,1,0.099001682530611,0.6931471805599452,0.6926473107198327
652,1925,1926,65,65,1,0.11168938565712709,0.6909853738552505,0.6926275083850242
652,1926,1927,68,68,1,0.11031794975347378,0.6927625276351342,0.6926236618557761
652,1927,1928,78,78,1,0.11802874572384052,0.6927706037922304,0.6926217118203374
652,1928,1929,65,65,1,0.11757201644090506,0.6921910096625536,0.6926171901152617
652,1929,1930,75,75,1,0.10741083413362502,0.6928090542579962,0.6926138088522422
652,1930,1931,42,42,1,0.11738826352215949,0.691729593318484,0.6926028572514872
652,1931,1932,63,63,1,0.1094390522866022,0.6926042359205545,0.6925992435373318
652,1932,1933,77,77,1,0.09906524951968874,0.6931471805599452,0.6926010592695704
652,1933,1934,76,76,1,0.12131056728723802,0.6916293862414942,0.6925876970586243
652,1934,1935,72,72,1,0.13012409595669144,0.6921661251913709,0.6925797022371774
652,1935,1936,88,88,1,0.09906087172302333,0.6931471805599452,0.6925815179694158
652,1936,1937,92,92,1,0.10693510816149089,0.6923926265332112,0.6925739724291485
652,1937,1938,89,89,1,0.10779475119341625,0.6896625493787747,0.6925391261173367
652,1938,1939,98,98,1,0.11483672565343428,0.6918381053980773,0.6925292966994254
652,1939,1940,67,67,1,0.10767323979690893,0.6929544179935756,0.6925273690737618
652,1940,1941,98,98,0,0.11722378888908698,0.6866655935294748,0.6924643689356959
652,1941,1942,88,88,1,0.09929867207326672,0.6929624414327116,0.6924625215444234
652,1942,1943,84,84,1,0.12594058524285043,0.6886866797880986,0.6924197322689435
652,1943,1944,98,98,0,0.10891029481985132,0.6924018563670824,0.6924140947592534
652,1944,1945,70,70,1,0.11676829606294632,0.6922061011281625,0.6924064996971743
652,1945,1946,97,97,1,0.1068003732211811,0.6920904533204797,0.6924046038931547
652,1946,1947,98,98,0,0.10902436693408052,0.6897813012537718,0.6923802140742602
652,1947,1948,71,71,1,0.14138482101786304,0.6833908807133081,0.692282651075794
652,1948,1949,61,61,1,0.1307297753261738,0.6917870148621227,0.6922708651510543
652,1949,1950,98,98,0,0.11461718433669635,0.6925023262280405,0.6922708651510543
652,1950,1951,98,98,0,0.11261528874842489,0.6669605112857957,0.6920089984583128
652,1951,1952,66,66,1,0.11760434734098839,0.6925372302792984,0.6920047146877448
652,1952,1953,98,98,0,0.1164943522640637,0.6868471667533325,0.6919485702858154
652,1953,1954,98,98,0,0.10990221760406786,0.6912066388628756,0.6919291648688447
652,1954,1955,65,65,1,0.11707374166983825,0.6565992394728324,0.6915655011902122
652,1955,1956,97,97,1,0.1109885025731067,0.6920904533204797,0.691558158189477
652,1956,1957,76,76,1,0.11483985911074437,0.691259080354526,0.6915410929196614
652,1957,1958,98,98,0,0.12667477138492525,0.6880307390886273,0.6914917442371867
652,1958,1959,85,85,1,0.10301790596807704,0.6927756614033593,0.691493069049519
652,1959,1960,10,10,1,0.0992644488811493,0.6931471805599452,0.691493069049519
652,1960,1961,98,98,0,0.1007644575925506,0.6929656073360877,0.6914912533172806
652,1961,1962,98,98,0,0.11935295385061478,0.6926227782680925,0.6914878250266006
652,1962,1963,91,91,1,0.11667086544272663,0.6862060871818971,0.6914202298250587
652,1963,1964,98,98,1,0.1151823355075048,0.6864242697264219,0.6913602636456777
652,1964,1965,98,98,0,0.10597125205154322,0.6922744042879156,0.6913515358829574
652,1965,1966,98,98,0,0.11053727726851191,0.6924018563670824,0.6913479181245263
652,1966,1967,65,65,1,0.1306933974990478,0.6904451859410018,0.6913227139105754
652,1967,1968,98,98,0,0.10701705781476838,0.6897813012537718,0.6912908708497524
652,1968,1969,98,98,0,0.11211168591161164,0.6897813012537718,0.6912608435211678
652,1969,1970,79,79,1,0.0989421717350996,0.6931471805599454,0.6912608435211678
652,1970,1971,16,16,1,0.33009881246834993,0.6776424187131743,0.6911126516388366
652,1971,1972,98,98,0,0.11354399198780254,0.691529080095053,0.6911015106380859
652,1972,1973,98,98,0,0.11308257068906512,0.6894181548060567,0.6910674446522065
652,1973,1974,98,98,0,0.09887824161928527,0.6931471805599452,0.6910706689238659
652,1974,1975,98,98,0,0.10039720836342597,0.6931471805599452,0.6910743003883433
652,1975,1976,98,98,0,0.11378612369298935,0.6894588740878195,0.691043865866941
652,1976,1977,98,98,0,0.11366775540673003,0.6866058429502795,0.6910382283572508
652,1977,1978,98,98,0,0.12500080344628314,0.6902880223096016,0.6910146767786455
652,1978,1979,98,98,0,0.10634122043848038,0.6922744042879156,0.691016492510884
652,1979,1980,98,98,0,0.11267563556225932,0.6895997280299143,0.690984776255844
652,1980,1981,98,98,0,0.11522018742196415,0.6664565108959857,0.690725322801133
652,1981,1982,98,98,0,0.11297172201531273,0.6894588740878193,0.6906920712008887
652,1982,1983,98,98,0,0.09904419151800019,0.6931471805599452,0.6906920712008887
652,1983,1984,98,98,0,0.1134848733793716,0.6869880206954272,0.6906304796022436
652,1984,1985,98,98,0,0.1119598821565813,0.6897813012537718,0.6906036765453186
652,1985,1986,98,98,0,0.11254810283378679,0.6922202831432249,0.69059622330339
652,1986,1987,98,98,0,0.11087805861417128,0.691388212086733,0.6906173324156177
652,1987,1988,98,98,0,0.09893299456761807,0.6931471805599452,0.690652806940918
652,1988,1989,98,98,0,0.11119133865042609,0.6897813012537718,0.6906546226731567
652,1989,1990,62,62,1,0.12055596817404993,0.6858371030392993,0.6905889751398787
652,1990,1991,98,98,0,0.11393614029701875,0.6912066388628756,0.6905713854551466
652,1991,1992,98,98,0,0.11108963373972446,0.6897813012537718,0.6905395423943235
652,1992,1993,98,98,0,0.09895910436705667,0.6931471805599452,0.6905589478112942
652,1993,1994,98,98,0,0.11657029489169315,0.6665973648380804,0.6902934496540755
652,1994,1995,28,28,1,0.20837247504719666,0.6132150145934256,0.6895296025197106
652,1995,1996,98,98,0,0.13518784932640135,0.6851092340118574,0.6894510387864682
652,1996,1997,98,98,0,0.12300089427403041,0.6665973648380804,0.6891873563614882
652,1997,1998,98,98,0,0.11209687955525456,0.691388212086733,0.6891891720937268
652,1998,1999,98,98,0,0.11901265010237694,0.6895997280299143,0.689155513300665
652,1999,2000,98,98,0,0.11333586762146074,0.666778938061938,0.688891830875685
652,2000,2001,98,98,0,0.09892643820874546,0.6931471805599452,0.688891830875685
652,2001,2002,98,98,0,0.11212397739291191,0.6895997280299143,0.6888563563503847
652,2002,2003,98,98,0,0.1346637129935683,0.6880223468467845,0.6888101480171512
652,2003,2004,98,98,0,0.11239582178544025,0.6920928310640581,0.6887996045221924
652,2004,2005,98,98,0,0.10878546041797618,0.6924018563670826,0.6888097409649958
652,2005,2006,98,98,0,0.11222074256867778,0.666778938061938,0.6885478742722543
652,2006,2007,98,98,0,0.10782400845569007,0.6920928310640581,0.6885405550489548
652,2007,2008,98,98,0,0.09895724993275136,0.6931471805599452,0.6885405550489548
652,2008,2009,98,98,0,0.09911567170401009,0.6931471805599452,0.688540555048955
652,2009,2010,98,98,0,0.09960771952660716,0.6929452054340447,0.688543575301594
652,2010,2011,98,98,0,0.09897029460692892,0.6931471805599452,0.6885453910338326
652,2011,2012,98,98,0,0.09928192700050315,0.6931471805599452,0.6885453910338326
652,2012,2013,98,98,0,0.09893775092703956,0.6931471805599452,0.6885472221686968
652,2013,2014,98,98,0,0.09889905747710442,0.6931471805599452,0.6885472221686969
652,2014,2015,98,98,0,0.09901290523762606,0.6931471805599452,0.6885510032246434
652,2015,2016,98,98,0,0.09954416136048277,0.6929656073360877,0.6885491874924047
652,2016,2017,98,98,0,0.09896546115680617,0.6931471805599452,0.6885491874924048
652,2017,2018,98,98,0,0.09905330266575424,0.6931471805599452,0.6885556602242555
652,2018,2019,98,98,0,0.09972449544132972,0.692824753393993,0.6885524359525961
652,2019,2020,98,98,0,0.09943806950230988,0.6929656073360877,0.6885590885149355
652,2020,2021,98,98,0,0.09916715301117118,0.6931471805599452,0.6885684139219489
652,2021,2022,98,98,0,0.09943528062835032,0.6929656073360877,0.6885700370092337
652,2022,2023,98,98,0,0.09917307591864041,0.6931471805599452,0.6885722216370053
652,2023,2024,98,98,0,0.09900013729929924,0.6931471805599452,0.6885722216370053
652,2024,2025,98,98,0,0.09947683578547166,0.6931471805599452,0.6885722216370053
652,2025,2026,98,98,0,0.09917304337937005,0.6931471805599452,0.6885938397040523
652,2026,2027,98,98,0,0.0989708820624011,0.6931471805599452,0.6885976862333004
652,2027,2028,98,98,0,0.09892158377535488,0.6931471805599452,0.6886014520009777
652,2028,2029,98,98,0,0.09952951306287124,0.6931471805599452,0.6886110137099513
652,2029,2030,98,98,0,0.0989073213113814,0.6931471805599452,0.6886143949729708
652,2030,2031,98,98,0,0.09909091920268778,0.6931471805599452,0.6886285708453854
652,2031,2032,92,92,1,0.0993495267694411,0.6929637490718784,0.6886321659768987
652,2032,2033,98,98,0,0.09887960142627054,0.6931471805599452,0.6886321659768987
652,2033,2034,98,98,0,0.09905052511971824,0.6931471805599452,0.6886473439200833
652,2034,2035,98,98,0,0.09908077478104708,0.6931471805599452,0.688657154473769
652,2035,2036,98,98,0,0.09934535858278372,0.6929656073360877,0.6886553387415304
652,2036,2037,98,98,0,0.09888381161251847,0.6931471805599452,0.6886628842817977
652,2037,2038,98,98,0,0.0995291067781497,0.692824753393993,0.68869450632195
652,2038,2039,98,98,0,0.09882966360571432,0.6931471805599452,0.6887075970735687
652,2039,2040,98,98,0,0.09906546322970974,0.6931471805599452,0.6887095246992324
652,2040,2041,98,98,0,0.09954137347486554,0.6931471805599452,0.688774340569537
652,2041,2042,98,98,0,0.09890187083154309,0.6931471805599452,0.6887761879608094
652,2042,2043,16,16,1,0.10208959085866809,0.6929122223205039,0.6888184433861335
652,2043,2044,98,98,0,0.09988617501696762,0.6929656073360877,0.6888240808958236
652,2044,2045,98,98,0,0.09906142326642056,0.6931471805599452,0.6888334916901413
652,2045,2046,60,60,1,0.09955244548618794,0.6931471805599452,0.688844058962536
652,2046,2047,98,98,0,0.09890348699932196,0.6931471805599452,0.6888777177555977
652,2047,2048,98,98,0,0.09887201947217085,0.6931471805599452,0.688975280754064
652,2048,2049,98,98,0,0.09888213591612115,0.6931471805599452,0.6889888824110423
652,2049,2050,98,98,0,0.09888982757621882,0.6931471805599452,0.6889953309543614
652,2050,2051,98,98,0,0.098878911259223,0.6931471805599452,0.6892571976471029
652,2051,2052,98,98,0,0.09905616155996615,0.6931471805599452,0.6892632971499094
652,2052,2053,95,95,1,0.09887151459330007,0.6931471805599452,0.6893262972879753
652,2053,2054,98,98,0,0.10288593728019267,0.6929656073360877,0.6893438869727074
652,2054,2055,98,98,0,0.10217326818680277,0.6929656073360877,0.6897075506513402
652,2055,2056,98,98,0,0.10024949756203866,0.6926431801701354,0.6897130779198367
652,2056,2057,98,98,0,0.09888200895214568,0.6931471805599452,0.689731958921891
652,2057,2058,98,98,0,0.10574959355349443,0.6931471805599454,0.689783123336604
652,2058,2059,98,98,0,0.109585632475055,0.692824753393993,0.6897836142565104
652,2059,2060,98,98,0,0.09905594404862851,0.6931471805599452,0.6897836142565104
652,2060,2061,98,98,0,0.09891906578321846,0.6931471805599452,0.6897854299887488
652,2061,2062,98,98,0,0.10339128431312893,0.6929656073360877,0.6897888582794289
652,2062,2063,98,98,0,0.10464269006434752,0.6931471805599452,0.6898582692132094
652,2063,2064,98,98,0,0.1070042993037068,0.6927840341122302,0.6899218668570675
652,2064,2065,98,98,0,0.10440780594944954,0.6931471805599452,0.6899305946197878
652,2065,2066,98,98,0,0.09885445335993961,0.6931471805599452,0.6899380478617164
652,2066,2067,98,98,0,0.09971231191742178,0.692824753393993,0.6899618435362462
652,2067,2068,98,98,0,0.09886047555779924,0.6931471805599452,0.6899955023293081
652,2068,2069,98,98,0,0.09891141624170907,0.6931471805599452,0.6900291611223698
652,2069,2070,98,98,0,0.09888933477353076,0.6931471805599452,0.6900291611223698
652,2070,2071,87,87,1,0.09903147850913563,0.6931471805599452,0.6901842087408376
652,2071,2072,51,51,1,0.0990979630573123,0.6931471805599454,0.6902003897454863
652,2072,2073,98,98,0,0.09903854268546007,0.6931471805599454,0.6902376800030252
652,2073,2074,98,98,0,0.09888472696956323,0.6931471805599452,0.6902376800030252
652,2074,2075,98,98,0,0.09876055490909791,0.6931471805599452,0.6902376800030252
652,2075,2076,98,98,0,0.09883893539710921,0.6931471805599452,0.6902745630677465
652,2076,2077,98,98,0,0.09876676960563173,0.6931471805599452,0.6903399764438433
652,2077,2078,8,8,1,0.09865009319037199,0.6931471805599452,0.6903685680263467
652,2078,2079,98,98,0,0.0988406522997788,0.6931471805599452,0.6903772957890669
652,2079,2080,69,69,1,0.09913640836442726,0.6931471805599452,0.6904127703143672
652,2080,2081,98,98,0,0.09884497432076202,0.6931471805599452,0.6906796770110069
652,2081,2082,98,98,0,0.09889566001235223,0.6931471805599452,0.6907165600757281
652,2082,2083,98,98,0,0.09888913832148727,0.6931471805599452,0.6907165600757281
652,2083,2084,98,98,0,0.09887558685577645,0.6931471805599452,0.6907781516743734
652,2084,2085,8,8,1,0.09991454053670168,0.6931471805599452,0.6908118104674351
652,2085,2086,98,98,0,0.09897593112320316,0.6931471805599452,0.6908210794416021
652,2086,2087,98,98,0,0.0988801436460748,0.6931471805599452,0.6908386691263343
652,2087,2088,98,98,0,0.09876403341792067,0.6931471805599452,0.6908386691263343
652,2088,2089,98,98,0,0.09900548970516847,0.6931471805599454,0.690872327919396
652,2089,2090,98,98,0,0.09879185730705456,0.6931471805599452,0.6909454286946025
652,2090,2091,98,98,0,0.0988897412863313,0.6931471805599452,0.6909648341115733
652,2091,2092,98,98,0,0.09885764912683137,0.6931471805599452,0.690998492904635
652,2092,2093,98,98,1,0.09898659533688,0.6931471805599452,0.6909984929046348
652,2093,2094,98,98,0,0.09888675010630063,0.6931471805599452,0.6912639910618537
652,2094,2095,98,98,0,0.0989088876819124,0.6931471805599452,0.6920633127215187
652,2095,2096,98,98,0,0.09882902407220431,0.6931471805599452,0.6921436921869997
652,2096,2097,84,84,1,0.09887643486616157,0.6931471805599452,0.6924091903442183
652,2097,2098,98,98,0,0.09877602634381275,0.6931471805599452,0.6924267800289505
652,2098,2099,86,86,1,0.09883341357805007,0.6931471805599452,0.6924622545542508
652,2099,2100,98,98,0,0.09892252733816906,0.6931471805599452,0.6927259369792307
652,2100,2101,98,98,0,0.09895937121948417,0.6931471805599452,0.6927259369792307
652,2101,2102,98,98,0,0.09887722925264009,0.6931471805599452,0.6927614115045312
652,2102,2103,98,98,0,0.09879460946029546,0.6931471805599452,0.6928126598416626
652,2103,2104,98,98,0,0.09891906532706046,0.6931471805599452,0.6928232033366215
652,2104,2105,98,98,0,0.0988631502402072,0.6931471805599452,0.6928306565785501
652,2105,2106,98,98,0,0.09885863229936483,0.6931471805599452,0.6930943390035302
652,2106,2107,98,98,0,0.09891119667766046,0.6931471805599452,0.6931048824984893
652,2107,2108,88,88,1,0.09880945772271264,0.6931471805599452,0.6931048824984891
652,2108,2109,93,93,1,0.0987979884269417,0.6931471805599452,0.6931048824984891
652,2109,2110,98,98,0,0.09915698327276172,0.6929656073360879,0.6931050865175097
652,2110,2111,63,63,1,0.09947410651615687,0.6929526058117227,0.6931031407700274
652,2111,2112,9,9,1,0.11139214618338479,0.692432286091412,0.693095991825342
652,2112,2113,98,98,0,0.1004172965732156,0.6927840341122302,0.6930923603608649
652,2113,2114,98,98,0,0.09883773547350144,0.6931471805599452,0.6930923603608649
652,2114,2115,93,93,1,0.09881005404136514,0.6931471805599452,0.6930923603608649
652,2115,2116,98,98,0,0.09893637819557774,0.6929656073360877,0.6930923603608649
652,2116,2117,90,90,1,0.09889235877328449,0.6931471805599452,0.6930923603608649
652,2117,2118,97,97,1,0.09900260409436275,0.6931471805599452,0.6930923603608649
652,2118,2119,54,54,1,0.09898405121984305,0.6931471805599452,0.6930955846325244
652,2119,2120,98,98,0,0.0988019013739362,0.6931471805599452,0.693097400364763
652,2120,2121,9,9,1,0.09910719345013301,0.6931471805599452,0.693097400364763
652,2121,2122,80,80,1,0.09889171589165927,0.6931471805599452,0.6930992160970016
652,2122,2123,98,98,0,0.09884789768530398,0.6931471805599452,0.6930992160970015
652,2123,2124,98,98,0,0.09903945986713682,0.6931471805599452,0.6930992160970015
652,2124,2125,98,98,0,0.09905401700917556,0.6931471805599452,0.6930992160970015
652,2125,2126,98,98,0,0.09898691046602871,0.6931471805599452,0.6930992160970015
652,2126,2127,98,98,0,0.09886706924560118,0.6931471805599452,0.6930992160970015
652,2127,2128,98,98,0,0.09887050761252034,0.6931471805599452,0.6930992160970015
652,2128,2129,98,98,0,0.09881745111577366,0.6931471805599452,0.6930992160970016
652,2129,2130,64,64,1,0.09902976709417999,0.6931471805599452,0.6930992160970015
652,2130,2131,98,98,0,0.09942676240996438,0.6931471805599452,0.6930992160970015
652,2131,2132,97,97,1,0.09900207379736851,0.6931471805599452,0.6931010504118822
652,2132,2133,98,98,0,0.09885921983086333,0.6931471805599452,0.6931010504118822
652,2133,2134,12,12,1,0.09890668094158173,0.6931471805599452,0.6931010504118822
652,2134,2135,98,98,0,0.0988141166768512,0.6931471805599452,0.6931010504118822
652,2135,2136,98,98,0,0.09887894250604572,0.6931471805599452,0.693102866144121
652,2136,2137,98,98,0,0.09888099141570987,0.6931471805599452,0.6931028661441208
652,2137,2138,98,98,0,0.10045457916448311,0.6927840341122302,0.6931024589513032
652,2138,2139,98,98,0,0.09890495210277792,0.6931471805599452,0.6931024589513032
652,2139,2140,98,98,0,0.09879662560261025,0.6931471805599452,0.6931024589513032
652,2140,2141,98,98,0,0.10185607279441794,0.6924616069462778,0.6930956032151664
652,2141,2142,98,98,0,0.0988227059038318,0.6931471805599452,0.6930956032151664
652,2142,2143,87,87,1,0.09897761586411245,0.6931471805599452,0.6930979527975609
652,2143,2144,98,98,0,0.0987973623737997,0.6931471805599452,0.6930997685297995
652,2144,2145,98,98,0,0.09889209369311527,0.6931471805599452,0.6930997685297996
652,2145,2146,96,96,1,0.09894058814582725,0.6931471805599452,0.6930997685297996
652,2146,2147,98,98,0,0.09903934803240154,0.6931471805599452,0.6930997685297996
652,2147,2148,98,98,0,0.09901111869483578,0.6931471805599452,0.6930997685297995
652,2148,2149,71,71,1,0.09886611462898658,0.6931471805599452,0.6930997685297995
652,2149,2150,69,69,1,0.0988672602435817,0.6931471805599452,0.6930997685297995
652,2150,2151,98,98,0,0.09884244545686002,0.6931471805599452,0.6930997685297995
652,2151,2152,64,64,1,0.09894814784638584,0.6931471805599452,0.6930997685297996
652,2152,2153,98,98,0,0.09924161266915653,0.6931471805599452,0.6930997685297996
652,2153,2154,98,98,0,0.10293319273968132,0.6929656073360877,0.6930997685297995
652,2154,2155,51,51,1,0.0992055587908801,0.6929463836566813,0.6930995762930054
652,2155,2156,95,95,1,0.09894319427640814,0.6931471805599454,0.6931046162969036
652,2156,2157,98,98,0,0.09904419714394881,0.6931471805599452,0.6931046162969036
652,2157,2158,98,98,0,0.09894533561808723,0.6931471805599452,0.6931046162969036
652,2158,2159,77,77,1,0.09895582110076756,0.6931471805599452,0.6931078405685631
652,2159,2160,85,85,1,0.09899884558775846,0.6931471805599452,0.6931078405685631
652,2160,2161,73,73,1,0.09902513864105694,0.6931471805599452,0.6931078405685631
652,2161,2162,98,98,0,0.09886314712312756,0.6931471805599452,0.6931096563008016
652,2162,2163,98,98,0,0.09911969592984841,0.6929656073360877,0.6931078405685631
652,2163,2164,65,65,1,0.09894646876133405,0.6931471805599452,0.6931114720330404
652,2164,2165,61,61,1,0.09904432675388992,0.6931471805599452,0.6931114720330401
652,2165,2166,69,69,1,0.09914453932340594,0.6931471805599452,0.6931114720330401
652,2166,2167,98,98,0,0.09877905470072007,0.6931471805599452,0.6931146963046997
652,2167,2168,69,69,1,0.0989699094839718,0.692955283822162,0.6931127773373218
652,2168,2169,58,58,1,0.09907218325754692,0.6931471805599452,0.6931127773373218
652,2169,2170,65,65,1,0.09891590693822273,0.6931471805599452,0.6931127773373218
652,2170,2171,98,98,0,0.09882624052008804,0.6931471805599452,0.6931127773373218
652,2171,2172,88,88,1,0.0988701337271116,0.6931471805599452,0.693112777337322
652,2172,2173,98,98,1,0.09896492387871353,0.6931471805599452,0.693112777337322
652,2173,2174,83,83,1,0.09899866877191038,0.6931471805599452,0.693112777337322
652,2174,2175,61,61,1,0.09897110281420536,0.6931471805599452,0.6931127773373218
652,2175,2176,67,67,1,0.0989462776637789,0.6931471805599452,0.6931127773373218
652,2176,2177,87,87,1,0.09916907600287733,0.6929621052097914,0.6931109265838203
652,2177,2178,19,19,1,0.09916073868149206,0.6931471805599452,0.6931109265838202
652,2178,2179,98,98,0,0.09882240233068564,0.6931471805599452,0.6931109265838203
652,2179,2180,93,93,1,0.09870891305067206,0.6931471805599452,0.6931109265838203
652,2180,2181,64,64,1,0.09918288059998304,0.6929530694424263,0.6931089854726451
652,2181,2182,67,67,1,0.09908743280528197,0.6931471805599452,0.6931089854726451
652,2182,2183,65,65,1,0.09910175983722393,0.6931471805599452,0.6931089854726451
652,2183,2184,76,76,1,0.09899169187012472,0.6931471805599452,0.6931089854726451
652,2184,2185,90,90,1,0.09902878353993098,0.6931471805599452,0.6931089854726451
652,2185,2186,82,82,1,0.09937959845836569,0.6931471805599452,0.6931089854726453
652,2186,2187,66,66,1,0.09910869146838333,0.6931471805599452,0.6931089854726451
652,2187,2188,75,75,1,0.09904549171527227,0.6931471805599454,0.6931089854726451
652,2188,2189,53,53,1,0.09889101279231738,0.6931471805599452,0.6931089854726451
652,2189,2190,61,61,1,0.09913136590211118,0.6931471805599452,0.6931089854726451
652,2190,2191,69,69,1,0.09896007957665817,0.6931471805599454,0.6931089854726451
652,2191,2192,17,17,1,0.10014515720746096,0.6931471805599452,0.6931089854726451
652,2192,2193,74,74,1,0.09876373460566676,0.6931471805599452,0.6931089854726453
652,2193,2194,98,98,0,0.09914958667086095,0.6929656073360877,0.6931071697404065
652,2194,2195,98,98,0,0.09885139284389359,0.6931471805599452,0.6931071697404065
652,2195,2196,64,64,1,0.09880652779247612,0.6931471805599452,0.6931071697404065
652,2196,2197,94,94,1,0.09875809670762813,0.6931471805599452,0.6931071697404065
652,2197,2198,98,98,0,0.09873326358442404,0.6931471805599452,0.6931071697404065
652,2198,2199,45,45,1,0.09896031883027818,0.6931471805599452,0.6931071697404065
652,2199,2200,9,9,1,0.0992660919825236,0.6931471805599452,0.6931071697404065
652,2200,2201,98,98,0,0.09875424502759564,0.6931471805599452,0.6931071697404065
652,2201,2202,90,90,1,0.10019347369670868,0.6931471805599452,0.6931071697404065
652,2202,2203,71,71,1,0.09886458295751625,0.6931471805599452,0.6931071697404065
652,2203,2204,71,71,1,0.09896449608282304,0.6931471805599452,0.6931071697404065
652,2204,2205,98,98,0,0.0991705472828174,0.6931471805599452,0.6931071697404065
652,2205,2206,97,97,1,0.09889594841863691,0.6931471805599452,0.6931071697404065
652,2206,2207,59,59,1,0.09914000673314273,0.6931471805599452,0.6931071697404064
652,2207,2208,70,70,1,0.09886628549013819,0.6931471805599452,0.6931071697404065
652,2208,2209,70,70,1,0.09903739350182669,0.6931471805599452,0.6931071697404065
652,2209,2210,93,93,1,0.09907957711206969,0.6931471805599452,0.6931089854726451
652,2210,2211,66,66,1,0.09884613199215947,0.6931471805599454,0.6931109312201273
652,2211,2212,41,41,1,0.09893477907994898,0.6931471805599452,0.6931180801648128
652,2212,2213,73,73,1,0.09898162439261397,0.6931471805599452,0.6931217116292899
652,2213,2214,62,62,1,0.09902878394049983,0.6931471805599452,0.6931217116292899
652,2214,2215,55,55,1,0.09886980029669674,0.6931471805599452,0.6931217116292898
652,2215,2216,69,69,1,0.09893960808066354,0.6931471805599452,0.6931235273615285
652,2216,2217,98,98,0,0.098802849650383,0.6931471805599452,0.6931235273615285
652,2217,2218,7,7,1,0.09832786449364253,0.6931471805599452,0.6931235273615285
652,2218,2219,56,56,1,0.09875482240957874,0.6931471805599452,0.6931235273615285
652,2219,2220,62,62,1,0.09873178541179627,0.6931471805599452,0.6931235273615285
652,2220,2221,98,98,0,0.09881148989103278,0.6931471805599452,0.6931235273615285
652,2221,2222,73,73,1,0.09875580147929387,0.6931471805599452,0.6931235273615283
652,2222,2223,97,97,1,0.0989255454276026,0.6931471805599452,0.6931235273615285
652,2223,2224,59,59,1,0.0987435776298329,0.6931471805599452,0.6931235273615285
652,2224,2225,78,78,1,0.0986290030563489,0.6931471805599452,0.6931235273615285
652,2225,2226,98,98,0,0.09883489961526831,0.6931471805599452,0.6931235273615285
652,2226,2227,98,98,0,0.09875425574730853,0.6931471805599452,0.6931235273615285
652,2227,2228,48,48,1,0.09888526052236557,0.6931471805599452,0.6931235273615285
652,2228,2229,80,80,1,0.09879208924248814,0.6931471805599452,0.6931235273615283
652,2229,2230,87,87,1,0.10064975900211554,0.6928177680735794,0.6931202332366648
652,2230,2231,92,92,1,0.09882991607098476,0.6931471805599452,0.6931202332366648
652,2231,2232,84,84,1,0.09877516036587101,0.6931471805599452,0.6931202332366648
652,2232,2233,12,12,1,0.09888611609737079,0.6931471805599452,0.6931202332366648
652,2233,2234,81,81,1,0.09875159903808876,0.6931471805599452,0.6931202332366648
652,2234,2235,98,98,0,0.09874136130116423,0.6931471805599452,0.6931202332366648
652,2235,2236,10,10,1,0.09892463311553001,0.6931471805599452,0.6931202332366646
652,2236,2237,59,59,1,0.09874765196089018,0.6931471805599452,0.6931202332366648
652,2237,2238,98,98,0,0.09873882133741768,0.6931471805599452,0.693123864701142
652,2238,2239,98,98,0,0.09875537918842568,0.6931471805599452,0.693123864701142
652,2239,2240,7,7,1,0.09876629710197449,0.6931471805599452,0.693123864701142
652,2240,2241,56,56,1,0.09885209106973239,0.6931471805599452,0.6931307204372787
652,2241,2242,98,98,0,0.09878305018860467,0.6931471805599452,0.6931307204372787
652,2242,2243,72,72,1,0.09879584424197674,0.6931471805599452,0.6931307204372785
652,2243,2244,98,98,0,0.09877120057234959,0.6931471805599452,0.6931307204372785
652,2244,2245,98,98,0,0.1032244411050057,0.6929656073360877,0.69312890470504
652,2245,2246,84,84,1,0.10122396415542989,0.6929610727908709,0.6931270436273492
652,2246,2247,78,78,1,0.09894350992563443,0.6931471805599452,0.6931270436273492
652,2247,2248,67,67,1,0.10085435689830069,0.6929544179935756,0.6931251160016856
652,2248,2249,71,71,1,0.11358296934147956,0.6928058349551257,0.6931217025456374
652,2249,2250,90,90,1,0.09868044762147797,0.6931471805599452,0.6931217025456374
652,2250,2251,98,98,0,0.0987348487334592,0.6931471805599452,0.6931217025456374
652,2251,2252,98,98,0,0.09885313787630626,0.6931471805599452,0.6931217025456374
652,2252,2253,98,98,0,0.09889336029181675,0.6931471805599452,0.6931217025456374
652,2253,2254,98,98,0,0.09872952407720137,0.6931471805599452,0.6931235182778761
652,2254,2255,98,98,0,0.09868499841921184,0.6931471805599452,0.6931255262469087
652,2255,2256,80,80,1,0.09887506142258644,0.6931471805599452,0.6931255262469085
652,2256,2257,94,94,1,0.1090768796015293,0.6928223089330021,0.693122277530639
652,2257,2258,98,98,0,0.10590849360641168,0.6929656073360877,0.6931204617984007
652,2258,2259,64,64,1,0.09882617520634085,0.6931471805599452,0.6931204617984007
652,2259,2260,98,98,0,0.10107194807152359,0.6929656073360877,0.6931186460661621
652,2260,2261,90,90,1,0.09883794536193212,0.6931471805599452,0.693118646066162
652,2261,2262,93,93,1,0.09875504616447674,0.6931471805599452,0.693118646066162
652,2262,2263,98,98,0,0.09873816272129818,0.6931471805599452,0.6931204617984005
652,2263,2264,92,92,1,0.1025744057867838,0.6931471805599454,0.6931204617984005
652,2264,2265,98,98,0,0.09867991674311306,0.6931471805599452,0.6931204617984007
652,2265,2266,76,76,1,0.1078140148402829,0.6927690749652873,0.693116680742454
652,2266,2267,98,98,0,0.11154296515243393,0.6926431801701354,0.6931116407385559
652,2267,2268,98,98,0,0.09866903030446597,0.6931471805599452,0.6931135597059338
652,2268,2269,81,81,1,0.1043516965927901,0.6931471805599452,0.6931135597059338
652,2269,2270,98,98,0,0.09868265118221847,0.6931471805599452,0.6931135597059338
652,2270,2271,98,98,0,0.0987029167614421,0.6931471805599452,0.6931135597059337
652,2271,2272,98,98,0,0.09869539806125116,0.6931471805599452,0.6931135597059337
652,2272,2273,98,98,0,0.10261368728717979,0.6931471805599452,0.6931135597059337
652,2273,2274,98,98,0,0.10357347092762285,0.6929656073360877,0.6931117439736951
652,2274,2275,98,98,0,0.09871718120210025,0.6931471805599452,0.6931117439736952
652,2275,2276,7,7,1,0.0988656569804464,0.6931471805599452,0.6931117439736952
652,2276,2277,98,98,0,0.11032818402258718,0.692824753393993,0.6931103704555371
652,2277,2278,93,93,1,0.09876229894417589,0.6931471805599452,0.6931103704555374
652,2278,2279,98,98,0,0.10100797556188641,0.6929656073360877,0.6931085547232986
652,2279,2280,92,92,1,0.10647332206692385,0.6923926265332112,0.6931010091830313
652,2280,2281,55,55,1,0.1227266016331586,0.6925922541566057,0.693097401030173
652,2281,2282,98,98,0,0.0987183368023561,0.6931471805599452,0.693097401030173
652,2282,2283,93,93,1,0.11082783317373644,0.6923942062886383,0.69308987128746
652,2283,2284,98,98,0,0.11200142560564742,0.6920928310640581,0.6930793277925011
652,2284,2285,98,98,0,0.11709955897258252,0.6924018563670824,0.6930718745505725
652,2285,2286,98,98,0,0.09876907867740611,0.6931471805599452,0.6930718745505725
652,2286,2287,92,92,1,0.09874849766492844,0.6931471805599452,0.6930718745505726
652,2287,2288,26,26,1,0.0989836803995646,0.6931471805599452,0.6930718745505726
652,2288,2289,66,66,1,0.09901900984572642,0.6931471805599454,0.6930718745505726
652,2289,2290,69,69,1,0.0988373314772827,0.6931471805599452,0.6930718745505725
652,2290,2291,72,72,1,0.10809809290286568,0.6928066565444101,0.6930684693104172
652,2291,2292,68,68,1,0.09904840205083876,0.6931471805599452,0.6930684693104172
652,2292,2293,98,98,0,0.11299613802408685,0.6910657849207806,0.6930476553540256
652,2293,2294,98,98,0,0.11215459973532327,0.692824753393993,0.6930462468146047
652,2294,2295,51,51,1,0.09893232262602039,0.6931471805599452,0.6930462468146046
652,2295,2296,49,49,1,0.09893127774097482,0.6931471805599452,0.6930462468146046
652,2296,2297,85,85,1,0.11542616153464598,0.6916651984391277,0.6930314269933963
652,2297,2298,98,98,0,0.09884424279538953,0.6931471805599452,0.6930314269933963
652,2298,2299,45,45,1,0.1264605740706126,0.6927790245135607,0.6930277454329326
652,2299,2300,47,47,1,0.09890417469308731,0.6931471805599452,0.6930277454329327
652,2300,2301,98,98,0,0.10890128463506699,0.69258342959094,0.6930221079232426
652,2301,2302,78,78,1,0.10802945838524745,0.6922281092479807,0.6930129172101229
652,2302,2303,90,90,1,0.10913353868656689,0.692963102536753,0.6930110764298909
652,2303,2304,98,98,0,0.09876481238372471,0.6931471805599452,0.6930110764298909
652,2304,2305,98,98,0,0.09885264963519816,0.6931471805599452,0.6930110764298909
652,2305,2306,83,83,1,0.10544535751084247,0.6931471805599452,0.6930110764298908
652,2306,2307,98,98,0,0.0988102666273409,0.6931471805599452,0.6930110764298909
652,2307,2308,69,69,1,0.0989819651712542,0.6931471805599452,0.6930110764298909
652,2308,2309,98,98,0,0.09873818370456598,0.6931471805599452,0.6930110764298909
652,2309,2310,87,87,1,0.1078751989822278,0.686834811764219,0.6929479527419337
652,2310,2311,89,89,1,0.11460613869549183,0.6920597025208204,0.6929370779615424
652,2311,2312,61,61,1,0.09897961015584039,0.6931471805599452,0.6929370779615424
652,2312,2313,98,98,0,0.11360736563801765,0.6892175502847665,0.6928977816587906
652,2313,2314,98,98,0,0.11354596129789644,0.6892175502847666,0.6928584853560388
652,2314,2315,46,46,1,0.09893726849037668,0.6931471805599452,0.6928584853560389
652,2315,2316,84,84,1,0.09874701952295643,0.6931471805599452,0.6928584853560389
652,2316,2317,62,62,1,0.12084352020775119,0.6909597050785179,0.6928366106012246
652,2317,2318,98,98,0,0.09871974853532654,0.6931471805599452,0.6928366106012246
652,2318,2319,51,51,1,0.1277631366369771,0.6485189658105781,0.6923903284537309
652,2319,2320,98,98,0,0.09874242992729557,0.6931471805599452,0.6923903284537309
652,2320,2321,54,54,1,0.11711858792437448,0.6931471805599452,0.6923903284537309
652,2321,2322,43,43,1,0.09899260259644929,0.6931471805599452,0.6923903284537309
652,2322,2323,86,86,1,0.09904460617622664,0.6931471805599452,0.6923903284537309
652,2323,2324,98,98,0,0.09882468798634958,0.6931471805599452,0.6923903284537309
652,2324,2325,61,61,1,0.09880492616383756,0.6931471805599452,0.6923903284537309
652,2325,2326,44,44,1,0.10963311639021743,0.6929420352046294,0.6923882770001777
652,2326,2327,97,97,1,0.0988889273601709,0.6931471805599452,0.6923882770001777
652,2327,2328,75,75,1,0.09882176945606867,0.6931471805599452,0.6923882770001777
652,2328,2329,65,65,1,0.0989545627282216,0.6931471805599452,0.6923882770001778
652,2329,2330,57,57,1,0.11032856242698535,0.6925954060106977,0.692386053379549
652,2330,2331,46,46,1,0.11317878119323564,0.692576481598383,0.6923803463899333
652,2331,2332,92,92,1,0.09884806309381257,0.6931471805599452,0.6923803463899333
652,2332,2333,54,54,1,0.09904611400432056,0.6931471805599452,0.6923803463899333
652,2333,2334,45,45,1,0.11208897448248334,0.6927382137882188,0.6923762567222159
652,2334,2335,43,43,1,0.09900101534155913,0.6931471805599452,0.6923762567222159
652,2335,2336,51,51,1,0.11309537569097444,0.6927863870980941,0.6923726487875976
652,2336,2337,98,98,0,0.09898117488744307,0.6931471805599452,0.6923726487875976
652,2337,2338,66,66,1,0.11559807046344786,0.6929539753183976,0.692370716735182
652,2338,2339,98,98,0,0.09884542622128312,0.6931471805599452,0.692370716735182
652,2339,2340,77,77,1,0.09933280993204613,0.6931471805599452,0.692370716735182
652,2340,2341,86,86,1,0.09889328705016957,0.6931471805599452,0.692370716735182
652,2341,2342,56,56,1,0.099019704519638,0.6931471805599452,0.692370716735182
652,2342,2343,63,63,1,0.11362503717343013,0.6929526058117227,0.6923687709877
652,2343,2344,58,58,1,0.11526297739353673,0.6929501711553231,0.6923668008936537
652,2344,2345,46,46,1,0.11605513857110687,0.6929433445745171,0.6923665782660379
652,2345,2346,56,56,1,0.12351802403905562,0.6918053226865996,0.6923550207649953
652,2346,2347,46,46,1,0.09891940750505614,0.6931471805599452,0.6923550207649953
652,2347,2348,66,66,1,0.11575096292477666,0.6928015445018394,0.6923534920300779
652,2348,2349,25,25,1,0.09910036444664001,0.6931471805599452,0.692356905486126
652,2349,2350,66,66,1,0.10709629467490947,0.6931471805599452,0.692356905486126
652,2350,2351,77,77,1,0.09948721740927015,0.6931471805599452,0.692356905486126
652,2351,2352,60,60,1,0.09887857946256796,0.6931471805599452,0.6923569054861259
652,2352,2353,54,54,1,0.09886389101545016,0.6931471805599452,0.6923569054861259
652,2353,2354,98,98,0,0.0988904451381187,0.6931471805599452,0.6923569054861259
652,2354,2355,98,98,0,0.11305727573985956,0.6920196786219347,0.6923456304667458
652,2355,2356,69,69,1,0.09892358220573785,0.6931471805599452,0.6923456304667459
652,2356,2357,98,98,0,0.10764314386309409,0.6926024608883725,0.6923434319862998
652,2357,2358,98,98,0,0.09919264258778825,0.6931471805599452,0.6923452477185381
652,2358,2359,74,74,1,0.09899542108178139,0.6931471805599452,0.6923452477185381
652,2359,2360,56,56,1,0.0992223285138607,0.6931471805599452,0.6923470634507767
652,2360,2361,62,62,1,0.11326627229009906,0.6923348634282138,0.6923389402794595
652,2361,2362,75,75,1,0.09892724305391312,0.6931471805599452,0.6923389402794595
652,2362,2363,56,56,1,0.12221919425896235,0.6927510951826488,0.6923349794256864
652,2363,2364,52,52,1,0.09887292923835608,0.6931471805599452,0.6923349794256864
652,2364,2365,78,78,1,0.11039815929073554,0.6923684858024179,0.6923271924781111
652,2365,2366,51,51,1,0.11659953889309191,0.6925447898501529,0.6923249496269599
652,2366,2367,61,61,1,0.11554240288793063,0.6926013899754144,0.6923245317250126
652,2367,2368,57,57,1,0.12185611863408172,0.6921658050077524,0.6923147179694906
652,2368,2369,90,90,1,0.11197643495268292,0.6925734923923688,0.6923089810878149
652,2369,2370,93,93,1,0.1152075685320362,0.692027979315803,0.6922977890753735
652,2370,2371,45,45,1,0.09896538191371494,0.6931471805599452,0.6922977890753736
652,2371,2372,55,55,1,0.11589247164401141,0.6931471805599452,0.6922977890753736
652,2372,2373,64,64,1,0.11734733229968697,0.6929530694424263,0.6922958479641984
652,2373,2374,11,11,1,0.09907681765881451,0.6931471805599452,0.692297663696437
652,2374,2375,70,70,1,0.11097881613033159,0.6929557073510311,0.6922957489643476
652,2375,2376,73,73,1,0.11632150074798767,0.6925490268528192,0.6922897674272765
652,2376,2377,94,94,1,0.09891406113797045,0.6931471805599452,0.6922929916989361
652,2377,2378,69,69,1,0.11918209223211676,0.6915984250089477,0.692277504143426
652,2378,2379,60,60,1,0.12337407059967517,0.690165395534945,0.6922495020254147
652,2379,2380,57,57,1,0.09888656960244764,0.6931471805599452,0.692257047565682
652,2380,2381,50,50,1,0.09899747058749199,0.6931471805599452,0.6922625968297155
652,2381,2382,51,51,1,0.09898858532017353,0.6931471805599452,0.6922625968297155
652,2382,2383,52,52,1,0.09903966363232869,0.6931471805599452,0.6922701265724285
652,2383,2384,65,65,1,0.09900269084251843,0.6931471805599452,0.6922806700673874
652,2384,2385,51,51,1,0.09902804344892502,0.6931471805599454,0.692288123309316
652,2385,2386,71,71,1,0.09901668509127388,0.6931471805599452,0.6922881233093159
652,2386,2387,57,57,1,0.09915594704318464,0.6931471805599452,0.6922881233093159
652,2387,2388,88,88,1,0.09900924411009658,0.6931471805599452,0.6922881233093159
652,2388,2389,51,51,1,0.11303239885498495,0.692141516528951,0.6922780666690059
652,2389,2390,58,58,1,0.09910992340281091,0.6931471805599452,0.692278066669006
652,2390,2391,59,59,1,0.11738515241166293,0.6889469707274737,0.6922394698108366
652,2391,2392,77,77,1,0.11017152850891089,0.6894818148414075,0.6922028161536512
652,2392,2393,50,50,1,0.128341988325119,0.6845302465070946,0.6921374607695143
652,2393,2394,72,72,1,0.0991032545765241,0.6931471805599452,0.6921406850411739
652,2394,2395,53,53,1,0.11499544964084085,0.6888056024828244,0.6920972692604027
652,2395,2396,49,49,1,0.09897622222803076,0.6931471805599452,0.6920972692604027
652,2396,2397,58,58,1,0.12457324834219341,0.6850084137796297,0.6920307014138077
652,2397,2398,74,74,1,0.09891060860575857,0.6931471805599452,0.6920307014138077
652,2398,2399,72,72,1,0.11063426505360338,0.6892065594426222,0.6919949767630983
652,2399,2400,51,51,1,0.09906135367996552,0.6931471805599454,0.6919949767630983
652,2400,2401,92,92,1,0.11542999015554138,0.691030121787129,0.6919794436850601
652,2401,2402,98,98,0,0.09901967485036169,0.6931471805599452,0.6919886343981798
652,2402,2403,98,98,0,0.09918497130274773,0.6929656073360879,0.6919886594461733
652,2403,2404,47,47,1,0.09909960294657565,0.6931471805599452,0.6919886594461733
652,2404,2405,98,98,0,0.09925884464565589,0.6929656073360877,0.6919868437139347
652,2405,2406,66,66,1,0.1107527186924761,0.6890936203158384,0.6919463081114937
652,2406,2407,60,60,1,0.12231098674237728,0.6889690312381689,0.691904526618276
652,2407,2408,52,52,1,0.0990507510992197,0.6931471805599452,0.691904526618276
652,2408,2409,68,68,1,0.11225064646671801,0.6923483983261646,0.691896538795938
652,2409,2410,64,64,1,0.09896791120991111,0.6931471805599452,0.6919596624838954
652,2410,2411,75,75,1,0.09899047911167144,0.6931471805599452,0.6919705372642866
652,2411,2412,68,68,1,0.09895340857260368,0.6931471805599452,0.6919705372642866
652,2412,2413,96,96,1,0.09890563413500786,0.6931471805599452,0.6920098335670383
652,2413,2414,64,64,1,0.11836278380360454,0.6925336273907222,0.6920429943380979
652,2414,2415,51,51,1,0.09911360606258991,0.6931471805599454,0.6920429943380979
652,2415,2416,81,81,1,0.0991026070198895,0.6931471805599452,0.6920429943380979
652,2416,2417,98,98,0,0.09904742202892595,0.6931471805599452,0.6920648690929121
652,2417,2418,88,88,1,0.09899528637867082,0.6931471805599452,0.6920648690929121
652,2418,2419,98,98,0,0.10957295751693297,0.6871695939192847,0.6924513753739993
652,2419,2420,84,84,1,0.11622680182613078,0.6890089550094787,0.6924099931184945
652,2420,2421,31,31,1,0.16694091212364934,0.6893979712346262,0.6923725010252413
652,2421,2422,96,96,1,0.1142192881864806,0.6865460898049055,0.6923064901176911
652,2422,2423,76,76,1,0.10923199149730958,0.6894653804380741,0.6922696721164724
652,2423,2424,88,88,1,0.09894229751080275,0.6931471805599452,0.6922696721164724
652,2424,2425,98,98,0,0.09904513112744506,0.6931471805599452,0.6922696721164724
652,2425,2426,89,89,1,0.11501720639761914,0.6863244020369961,0.692203495784796
652,2426,2427,53,53,1,0.11872296457020741,0.6910739195842942,0.6921827631750395
652,2427,2428,69,69,1,0.11756689166245253,0.6912096574386838,0.6921633879438268
652,2428,2429,79,79,1,0.09896799525882624,0.6931471805599452,0.6921633879438268
652,2429,2430,77,77,1,0.11841508301047536,0.6883714530606221,0.692121148414326
652,2430,2431,92,92,1,0.09884965136323286,0.6931471805599452,0.6921268554039418
652,2431,2432,72,72,1,0.11938136112358835,0.6856855369099055,0.6920522389674413
652,2432,2433,70,70,1,0.09894930326512881,0.6931471805599452,0.6920522389674413
652,2433,2434,89,89,1,0.09895741571201368,0.6931471805599452,0.6920563286351586
652,2434,2435,98,98,0,0.11397811443525918,0.6889085249817422,0.6920139420793765
652,2435,2436,98,98,0,0.11364545870800408,0.6866058429502795,0.6919521366378985
652,2436,2437,98,98,0,0.11401946424525611,0.6866058429502795,0.6918867232618017
652,2437,2438,75,75,1,0.11824270437161127,0.6860674433297694,0.6918178579419155
652,2438,2439,98,98,0,0.10870152765086719,0.6895997280299143,0.6917823834166151
652,2439,2440,58,58,1,0.12184815095930264,0.6856334982031965,0.6917072465930477
652,2440,2441,87,87,1,0.0989594633380572,0.6931471805599452,0.6917072465930477
652,2441,2442,80,80,1,0.10800539907068014,0.6922332530512042,0.6916981073179602
652,2442,2443,53,53,1,0.09897632967188673,0.6931471805599452,0.6917000530654424
652,2443,2444,98,98,0,0.09883901134741549,0.6931471805599452,0.6917020231594887
652,2444,2445,44,44,1,0.12426532804965973,0.6919061840110419,0.691691651553854
652,2445,2446,98,98,0,0.09888842108906531,0.6931471805599452,0.6917050701325873
652,2446,2447,90,90,1,0.0988430449532138,0.6931471805599452,0.6917050701325873
652,2447,2448,98,98,0,0.09895218566668276,0.6931471805599452,0.6917085264931684
652,2448,2449,97,97,1,0.11424457097483665,0.6661780417928891,0.6914388351054979
652,2449,2450,93,93,1,0.09899694224198659,0.6931471805599452,0.6914388351054979
652,2450,2451,97,97,1,0.11048012818257834,0.6895868413527462,0.6914032317134259
652,2451,2452,87,87,1,0.11618382321006951,0.6859379111632575,0.6913311390194591
652,2452,2453,98,98,0,0.09902643191875243,0.6931471805599452,0.6913311390194591
652,2453,2454,96,96,1,0.09903311279291908,0.6931471805599452,0.6913311390194591
652,2454,2455,98,98,0,0.11931103171438587,0.686296817647255,0.6912739104097123
652,2455,2456,98,98,0,0.11407713029457599,0.686296817647255,0.6912054067805853
652,2456,2457,98,98,0,0.12050082876670118,0.6887269517578847,0.6911666516892804
652,2457,2458,98,98,0,0.10631367640227687,0.6922744042879156,0.6911579239265602
652,2458,2459,98,98,0,0.10645736290179954,0.691388212086733,0.6911403342418281
652,2459,2460,58,58,1,0.1130471077972445,0.6891215156768031,0.6911000775929966
652,2460,2461,93,93,1,0.12340982963321029,0.6883010684088816,0.6910597396428032
652,2461,2462,76,76,1,0.10857810481990639,0.691259080354526,0.691040858640749
652,2462,2463,98,98,0,0.09888341619956251,0.6931471805599452,0.6910448194945221
652,2463,2464,61,61,1,0.09890599646529213,0.6931471805599452,0.6910448194945221
652,2464,2465,92,92,1,0.0989138720476109,0.6931471805599452,0.6910526064420973
652,2465,2466,98,98,0,0.09889720479140476,0.6931471805599452,0.6910586303491952
652,2466,2467,96,96,1,0.11477373160111408,0.6850442427837621,0.6909830588772787
652,2467,2468,98,98,0,0.10800165340912585,0.6871695939192847,0.690933096766394
652,2468,2469,98,98,0,0.09893485858124129,0.6931471805599452,0.6909388336480699
652,2469,2470,98,98,0,0.10968079501572921,0.6926431801701354,0.6909449856566131
652,2470,2471,98,98,0,0.11160943360657108,0.6869880206954272,0.6908833940579678
652,2471,2472,98,98,0,0.09889664675812332,0.6931471805599452,0.6908833940579678
652,2472,2473,86,86,1,0.1168382465839386,0.6883906537340042,0.6908377699008836
652,2473,2474,98,98,0,0.11322317234411532,0.666778938061938,0.6905740874759035
652,2474,2475,98,98,0,0.11017772996303987,0.6669605112857955,0.6903141355152513
652,2475,2476,88,88,1,0.10771566688675772,0.6868673258106375,0.6902573185048294
652,2476,2477,98,98,0,0.09882675985596617,0.6931471805599452,0.6902573185048294
652,2477,2478,97,97,1,0.09917219966342769,0.6929653056867919,0.690270987311608
652,2478,2479,98,98,0,0.09888366974738179,0.6931471805599452,0.6903008051618579
652,2479,2480,98,98,0,0.09888065294647704,0.6931471805599452,0.6903008051618579
652,2480,2481,98,98,0,0.09904491559279208,0.6931471805599452,0.6903008051618579
652,2481,2482,98,98,0,0.09889834883565805,0.6931471805599452,0.6903008051618579
652,2482,2483,81,81,1,0.09915070198936227,0.6929600027270119,0.6902989333835285
652,2483,2484,98,98,0,0.099139432365797,0.6931471805599452,0.6902989333835285
652,2484,2485,98,98,0,0.0988698854890405,0.6929656073360879,0.69029711765129
652,2485,2486,98,98,0,0.09885999028171812,0.6931471805599452,0.6902971176512901
652,2486,2487,98,98,0,0.09895619088593795,0.6931471805599452,0.6902971176512901
652,2487,2488,98,98,0,0.09932192924375437,0.6931471805599452,0.6902971176512901
652,2488,2489,98,98,0,0.09936953145934611,0.6931471805599452,0.6903071742916
652,2489,2490,98,98,0,0.09886587639244235,0.6931471805599452,0.6903071742915999
652,2490,2491,98,98,0,0.09940410245742116,0.6931471805599452,0.6903491763899247
652,2491,2492,86,86,1,0.10223085901071859,0.6926316740858454,0.690380674982369
652,2492,2493,98,98,0,0.09885658589856965,0.6931471805599452,0.6904668443228975
652,2493,2494,98,98,0,0.09979941984828637,0.6929656073360877,0.690465028590659
652,2494,2495,98,98,0,0.09880101787192481,0.6931471805599452,0.6905084443714302
652,2495,2496,96,96,1,0.09907656946840386,0.6931471805599452,0.6905084443714302
652,2496,2497,98,98,0,0.0988692119717598,0.6931471805599452,0.6905898320392333
652,2497,2498,94,94,1,0.0987905777515249,0.6931471805599452,0.6905898320392333
652,2498,2499,65,65,1,0.09886528540116091,0.6931471805599452,0.6906292382504066
652,2499,2500,98,98,0,0.09892217214314306,0.6931471805599452,0.6906292382504066
652,2500,2501,14,14,1,0.09960335067340306,0.6931471805599452,0.6906504088381348
652,2501,2502,98,98,0,0.09891436180594015,0.6931471805599452,0.6906504088381348
652,2502,2503,98,98,0,0.09911238105625522,0.6931471805599452,0.6906522245703733
652,2503,2504,98,98,0,0.09904083541157294,0.6931471805599452,0.6906522245703732
652,2504,2505,98,98,0,0.0989050643936712,0.6931471805599452,0.6906540403026118
652,2505,2506,98,98,0,0.0991490572995069,0.6931471805599452,0.6906945759050529
652,2506,2507,98,98,0,0.09896478315397185,0.6931471805599452,0.6907363573982707
652,2507,2508,98,98,0,0.09896954719205292,0.6931471805599452,0.6907363573982707
652,2508,2509,98,98,0,0.09893344692429717,0.6931471805599452,0.6907443452206086
652,2509,2510,68,68,1,0.09921953914796605,0.6931471805599452,0.6907443452206086
652,2510,2511,98,98,0,0.09899001081987303,0.6931471805599452,0.6907443452206085
652,2511,2512,98,98,0,0.09904023662817721,0.6931471805599452,0.6907443452206085
652,2512,2513,98,98,0,0.09891551801440668,0.6931471805599452,0.6907443452206086
652,2513,2514,74,74,1,0.09929937577328167,0.6931471805599452,0.6907504807523007
652,2514,2515,93,93,1,0.09914232133537211,0.6931471805599452,0.6907504807523007
652,2515,2516,98,98,0,0.09896092208064332,0.6931471805599452,0.6907504807523007
652,2516,2517,98,98,0,0.09908752067356694,0.6931471805599452,0.6907504807523008
652,2517,2518,75,75,1,0.0991326105594635,0.6931471805599452,0.6907504807523007
652,2518,2519,73,73,1,0.09985102294650797,0.6931471805599452,0.6908102566187072
652,2519,2520,98,98,0,0.09909542855255458,0.6931471805599452,0.6908516388742121
652,2520,2521,81,81,1,0.0991937384745221,0.6931471805599452,0.6908891309674652
652,2521,2522,93,93,1,0.0991678201062705,0.6931471805599452,0.6909551418750156
652,2522,2523,98,98,0,0.09888678979204625,0.6931471805599452,0.6909919598762343
652,2523,2524,98,98,0,0.09898818831662742,0.6931471805599452,0.6909919598762343
652,2524,2525,62,62,1,0.09955643730298165,0.6929521347487626,0.6909900094181224
652,2525,2526,98,98,0,0.09900434931017915,0.6931471805599452,0.6910582372033519
652,2526,2527,98,98,0,0.09891232361598891,0.6931471805599452,0.6910789698131085
652,2527,2528,98,98,0,0.09913036531331587,0.6931471805599452,0.6910983450443211
652,2528,2529,98,98,0,0.09892567498039226,0.6931471805599452,0.6910983450443211
652,2529,2530,68,68,1,0.09903852028005264,0.6931471805599452,0.6911461023193144
652,2530,2531,98,98,0,0.09887894311425638,0.6931471805599452,0.6911461023193144
652,2531,2532,90,90,1,0.09913736598359214,0.6931471805599452,0.6912207187558147
652,2532,2533,91,91,1,0.09934078271572407,0.6929634275852928,0.6912188812260682
652,2533,2534,98,98,0,0.0990860427976871,0.6931471805599452,0.6912188812260682
652,2534,2535,98,98,0,0.09906390803504964,0.6931471805599452,0.6912612677818503
652,2535,2536,98,98,0,0.09914210887283695,0.6931471805599452,0.691326681157947
652,2536,2537,98,98,0,0.09910871400212755,0.6931471805599452,0.6913920945340436
652,2537,2538,98,98,0,0.09913210578414859,0.6931471805599454,0.6914628919063452
652,2538,2539,98,98,0,0.09896584721852322,0.6931471805599452,0.6914983664316456
652,2539,2540,92,92,1,0.09962062772525393,0.6931471805599452,0.691573503255213
652,2540,2541,59,59,1,0.09920947379985098,0.6931471805599452,0.691573503255213
652,2541,2542,65,65,1,0.09926719539440595,0.6931471805599454,0.6915826425303006
652,2542,2543,75,75,1,0.09916268944740296,0.6931471805599452,0.6915826425303006
652,2543,2544,98,98,0,0.09910667337933365,0.6931471805599452,0.6915826425303006
652,2544,2545,10,10,1,0.09938040003180504,0.6931471805599452,0.6915950524957895
652,2545,2546,98,98,0,0.09891937429807623,0.6931471805599452,0.6915950524957896
652,2546,2547,10,10,1,0.10081543326377869,0.6931471805599452,0.6915950524957896
652,2547,2548,98,98,0,0.09917700784851094,0.6931471805599452,0.6915950524957896
652,2548,2549,91,91,1,0.09894927918583482,0.6931471805599452,0.6918647438834601
652,2549,2550,95,95,1,0.09917951994820645,0.6931471805599452,0.6918647438834601
652,2550,2551,98,98,0,0.09912107732831216,0.6931471805599452,0.6919003472755321
652,2551,2552,98,98,0,0.09917562470144155,0.6931471805599452,0.691972439969499
652,2552,2553,83,83,1,0.09905672028481242,0.6931471805599452,0.691972439969499
652,2553,2554,98,98,0,0.09888767534676864,0.6931471805599452,0.691972439969499
652,2554,2555,98,98,0,0.09917827551158107,0.6931471805599452,0.6920409435986258
652,2555,2556,98,98,0,0.09899125894417568,0.6931471805599452,0.6921094472277528
652,2556,2557,40,40,1,0.0990738995373249,0.6931471805599452,0.6921536495157734
652,2557,2558,82,82,1,0.09911895188979986,0.6931471805599452,0.6921623772784937
652,2558,2559,64,64,1,0.09926062577869743,0.6931471805599452,0.6921799669632257
652,2559,2560,98,98,0,0.09909674091910829,0.6931471805599452,0.6922202236120572
652,2560,2561,82,82,1,0.09913758188486099,0.6931471805599452,0.6922686847335678
652,2561,2562,98,98,0,0.0988854806185985,0.6931471805599452,0.6922875657356221
652,2562,2563,67,67,1,0.09937291147548762,0.6931471805599452,0.6922875657356221
652,2563,2564,73,73,1,0.0991713752689427,0.6931471805599452,0.6922875657356221
652,2564,2565,98,98,0,0.09913045859762601,0.6931471805599452,0.6922875657356221
652,2565,2566,54,54,1,0.09949282529177489,0.6931471805599452,0.6922875657356221
652,2566,2567,98,98,0,0.09915304472860025,0.6931471805599452,0.6923685951133838
652,2567,2568,98,98,0,0.09903805376011499,0.6931471805599452,0.6924283709797905
652,2568,2569,98,98,0,0.09897210525006664,0.6931471805599452,0.6924283709797905
652,2569,2570,98,98,0,0.09886020444789712,0.6931471805599452,0.6924334109836886
652,2570,2571,10,10,1,0.10075267031788826,0.6931471805599452,0.6924950025823339
652,2571,2572,98,98,0,0.09930199255444566,0.6931471805599454,0.6924950025823339
652,2572,2573,58,58,1,0.09894827085322347,0.6931471805599452,0.6925425678505932
652,2573,2574,98,98,0,0.09912314577674379,0.6931471805599452,0.6928062502755732
652,2574,2575,59,59,1,0.09941906936592974,0.6931471805599452,0.6930681169683147
652,2575,2576,88,88,1,0.09914025528864427,0.6931471805599452,0.6931309155158079
652,2576,2577,81,81,1,0.09892906736076613,0.6931471805599452,0.6931309155158079
652,2577,2578,98,98,0,0.09889666317981116,0.6931471805599452,0.6931327342645394
652,2578,2579,89,89,1,0.09901134318180299,0.6931471805599452,0.6931327342645395
652,2579,2580,98,98,0,0.09906124270388059,0.6931471805599452,0.6931327342645395
652,2580,2581,98,98,0,0.09908424583928925,0.6931471805599454,0.6931327342645394
652,2581,2582,98,98,0,0.09908780615244593,0.6931471805599452,0.6931327342645394
652,2582,2583,98,98,1,0.09893138797915711,0.6931471805599452,0.6931346060428686
652,2583,2584,71,71,1,0.09894310913875069,0.6931471805599452,0.6931346060428687
652,2584,2585,98,98,0,0.09895293977187604,0.6931471805599452,0.6931364217751073
652,2585,2586,98,98,0,0.09913140603778314,0.6931471805599454,0.6931364217751073
652,2586,2587,10,10,1,0.099062480032444,0.6931471805599452,0.6931364217751073
652,2587,2588,94,94,1,0.09902288931164335,0.6931471805599452,0.6931364217751071
652,2588,2589,95,95,1,0.09918772390014247,0.6931471805599452,0.6931364217751071
652,2589,2590,75,75,1,0.09902179549137752,0.6931471805599452,0.6931364217751073
652,2590,2591,98,98,0,0.098928338182824,0.6931471805599452,0.6931364217751073
652,2591,2592,98,98,0,0.09913273733489368,0.6931471805599452,0.6931415768398483
652,2592,2593,98,98,0,0.09898258099446491,0.6931471805599452,0.6931415768398483
652,2593,2594,61,61,1,0.09920739443575749,0.6931471805599452,0.6931433925720869
652,2594,2595,98,98,0,0.0989647376141986,0.6931471805599452,0.6931433925720867
652,2595,2596,98,98,0,0.09887851143673974,0.6931471805599452,0.6931433925720867
652,2596,2597,98,98,0,0.09899643930245419,0.6931471805599452,0.6931433925720869
652,2597,2598,9,9,1,0.0991029433078236,0.6931471805599452,0.6931433925720869
652,2598,2599,88,88,1,0.0992476124824448,0.6931471805599452,0.6931433925720869
652,2599,2600,96,96,1,0.09930379486953218,0.6931471805599452,0.6931433925720869
652,2600,2601,81,81,1,0.09909599743507526,0.6931471805599452,0.6931433925720869
652,2601,2602,98,98,0,0.09893894530072504,0.6931471805599452,0.6931433925720867
652,2602,2603,98,98,0,0.09909502272399104,0.6931471805599452,0.6931433925720867
652,2603,2604,94,94,1,0.09893077873486153,0.6931471805599452,0.6931433925720869
652,2604,2605,88,88,1,0.09904871957207267,0.6931471805599452,0.6931433925720869
652,2605,2606,89,89,1,0.09892735672131013,0.6931471805599452,0.6931433925720869
652,2606,2607,98,98,0,0.09908873610654656,0.6931471805599452,0.6931433925720869
652,2607,2608,88,88,1,0.09894202742725611,0.6931471805599454,0.6931433925720869
652,2608,2609,63,63,1,0.09902148480926241,0.6931471805599452,0.6931433925720869
652,2609,2610,98,98,0,0.09902829121874303,0.6931471805599452,0.6931433925720867
652,2610,2611,95,95,1,0.09900418425861159,0.6931471805599454,0.6931433925720869
652,2611,2612,98,98,0,0.09893331486655742,0.6931471805599452,0.6931433925720869
652,2612,2613,95,95,1,0.09909830234552684,0.6931471805599452,0.6931433925720869
652,2613,2614,65,65,1,0.09899787696508261,0.6931471805599454,0.6931433925720869
652,2614,2615,98,98,0,0.09905590154990858,0.6931471805599452,0.6931433925720869
652,2615,2616,95,95,1,0.0991327534380712,0.6931471805599452,0.6931433925720869
652,2616,2617,78,78,1,0.09919596253297268,0.6931471805599452,0.6931433925720867
652,2617,2618,98,98,0,0.0990163724945516,0.6931471805599452,0.6931433925720869
652,2618,2619,65,65,1,0.09935367153241084,0.6931471805599452,0.6931433925720869
652,2619,2620,61,61,1,0.09905148407474892,0.6931471805599452,0.6931433925720869
652,2620,2621,16,16,1,0.0992702329531312,0.6931471805599452,0.6931433925720869
652,2621,2622,82,82,1,0.09924755090983903,0.6931471805599452,0.6931433925720869
652,2622,2623,83,83,1,0.09897414397403419,0.6931471805599452,0.6931433925720869
652,2623,2624,59,59,1,0.09941001387975984,0.6931471805599452,0.6931433925720867
652,2624,2625,60,60,1,0.09903455910583338,0.6931471805599452,0.6931453430301987
652,2625,2626,50,50,1,0.09932865887880325,0.6931471805599452,0.6931453430301987
652,2626,2627,98,98,0,0.09976317482639332,0.692824753393993,0.6931421187585391
652,2627,2628,75,75,1,0.09891157050927481,0.6931471805599452,0.6931421187585391
652,2628,2629,98,98,0,0.09909095592340644,0.6931471805599452,0.6931421187585391
652,2629,2630,98,98,0,0.09898506173369837,0.6931471805599452,0.6931421187585391
652,2630,2631,79,79,1,0.09913808107376099,0.6931471805599452,0.6931421187585391
652,2631,2632,98,98,0,0.09910631894457098,0.6931471805599452,0.6931421187585391
652,2632,2633,98,98,0,0.09891323851687568,0.6931471805599452,0.6931439562882856
652,2633,2634,98,98,0,0.09906792762328168,0.6931471805599452,0.6931439562882856
652,2634,2635,98,98,0,0.09912087692289936,0.6931471805599454,0.6931439562882856
652,2635,2636,11,11,1,0.10053433613343672,0.6931471805599452,0.6931439562882856
652,2636,2637,93,93,1,0.09912062332194338,0.6931471805599452,0.6931439562882856
652,2637,2638,98,98,0,0.09897416206646939,0.6931471805599452,0.6931439562882857
652,2638,2639,79,79,1,0.09909008226439922,0.6931471805599452,0.6931439562882857
652,2639,2640,78,78,1,0.09915888166198364,0.6931471805599452,0.6931439562882856
652,2640,2641,98,98,0,0.09934409091971358,0.6931471805599452,0.6931439562882856
652,2641,2642,95,95,1,0.099122459480637,0.6931471805599452,0.6931439562882856
652,2642,2643,95,95,1,0.09936712446965669,0.6931471805599452,0.6931439562882856
652,2643,2644,67,67,1,0.0992837041171629,0.6931471805599452,0.6931439562882856
652,2644,2645,98,98,0,0.09915569949210906,0.6931471805599454,0.6931439562882857
652,2645,2646,98,98,0,0.09915676097176512,0.6931471805599452,0.6931439562882857
652,2646,2647,12,12,1,0.100392060354352,0.6931471805599452,0.6931439562882856
652,2647,2648,89,89,1,0.09925290590591646,0.6931471805599452,0.6931439562882856
652,2648,2649,98,98,0,0.09919653604833448,0.6931471805599452,0.6931439562882856
652,2649,2650,98,98,0,0.09913716510850556,0.6931471805599452,0.6931439562882856
652,2650,2651,98,98,0,0.0989347229502639,0.6931471805599452,0.6931439562882856
652,2651,2652,98,98,0,0.09913078231775031,0.6931471805599452,0.6931439562882857
652,2652,2653,98,98,0,0.09907221079480891,0.6931471805599452,0.6931439562882857
652,2653,2654,98,98,0,0.09896001272967883,0.6931471805599452,0.6931439562882856
652,2654,2655,98,98,0,0.09891625683830708,0.6931471805599452,0.6931439562882856
652,2655,2656,98,98,0,0.09908218833864951,0.6931471805599452,0.6931439562882856
652,2656,2657,48,48,1,0.09941047911221783,0.6931471805599452,0.6931439562882856
652,2657,2658,98,98,0,0.09888301303192061,0.6931471805599452,0.6931439562882856
652,2658,2659,92,92,1,0.09915430860027023,0.6931471805599452,0.6931439562882857
652,2659,2660,98,98,0,0.09903091511556081,0.6931471805599452,0.6931439562882857
652,2660,2661,98,98,0,0.09908966134701457,0.6931471805599452,0.6931439562882856
652,2661,2662,98,98,0,0.09893582898135088,0.6931471805599452,0.6931439562882856
652,2662,2663,8,8,1,0.09975078050047159,0.6931471805599452,0.6931439562882856
652,2663,2664,12,12,1,0.10048772456745307,0.6931471805599452,0.6931439562882856
652,2664,2665,76,76,1,0.09892836850332587,0.6931471805599452,0.6931439562882856
652,2665,2666,98,98,0,0.09898502113563674,0.6931471805599452,0.6931439562882856
652,2666,2667,98,98,0,0.09895204866723138,0.6931471805599452,0.6931439562882857
652,2667,2668,98,98,0,0.09914158284664154,0.6931471805599452,0.6931439562882856
652,2668,2669,86,86,1,0.09889558910630471,0.6931471805599452,0.6931439562882856
652,2669,2670,98,98,0,0.09895310368464917,0.6931471805599452,0.6931439562882856
652,2670,2671,98,98,0,0.09911222755908966,0.6931471805599452,0.6931439562882856
652,2671,2672,65,65,1,0.09893230555149225,0.6931471805599452,0.6931439562882856
652,2672,2673,68,68,1,0.09946195704533774,0.6929548540975398,0.6931420330236615
652,2673,2674,73,73,1,0.09892932733852569,0.6931471805599452,0.6931420330236616
652,2674,2675,98,98,0,0.09894413592255845,0.6931471805599452,0.6931420330236616
652,2675,2676,98,98,0,0.09892065070417462,0.6931471805599452,0.6931420330236616
652,2676,2677,98,98,0,0.09906999956892461,0.6931471805599452,0.6931420330236616
652,2677,2678,98,98,1,0.09892240539193153,0.6931471805599452,0.6931420330236615
652,2678,2679,82,82,1,0.09887085255326294,0.6931471805599452,0.6931420330236615
652,2679,2680,76,76,1,0.09897579948760961,0.6931471805599452,0.6931420330236615
652,2680,2681,98,98,0,0.0989079796994219,0.6931471805599452,0.6931420330236616
652,2681,2682,79,79,1,0.09957351526127586,0.6929592670469431,0.6931401538885317
652,2682,2683,98,98,0,0.09907590689099564,0.6931471805599452,0.6931401538885317
652,2683,2684,91,91,1,0.0996487795651614,0.6931471805599454,0.6931401538885317
652,2684,2685,98,98,0,0.09917000042540687,0.6931471805599452,0.6931401538885317
652,2685,2686,98,98,0,0.09934682193763401,0.6929656073360879,0.693138338156293
652,2686,2687,98,98,0,0.0988816750444928,0.6931471805599452,0.693138338156293
652,2687,2688,98,98,0,0.09888572215425726,0.6931471805599452,0.6931383381562931
652,2688,2689,98,98,0,0.0989797691605529,0.6931471805599452,0.6931383381562931
652,2689,2690,92,92,1,0.09927657092718975,0.6931471805599452,0.6931383381562931
652,2690,2691,98,98,0,0.09897913023525355,0.6931471805599452,0.6931383381562931
652,2691,2692,58,58,1,0.09934971019111831,0.6931471805599452,0.693138338156293
652,2692,2693,98,98,0,0.09913134635711203,0.6931471805599452,0.693138338156293
652,2693,2694,98,98,0,0.09904655281986509,0.6931471805599452,0.693138338156293
652,2694,2695,84,84,1,0.0990336969317425,0.6931471805599452,0.6931383381562931
652,2695,2696,98,98,0,0.09916089497962777,0.6931471805599454,0.6931383381562931
652,2696,2697,98,98,0,0.0991741230293196,0.6931471805599454,0.6931383381562931
652,2697,2698,98,98,0,0.09910431998420735,0.6931471805599452,0.6931383381562931
652,2698,2699,53,53,1,0.09896262622666809,0.6931471805599452,0.693138338156293
652,2699,2700,98,98,0,0.09896563723379252,0.6931471805599452,0.693138338156293
652,2700,2701,97,97,1,0.09926893454544324,0.6931471805599452,0.693138338156293
652,2701,2702,98,98,0,0.09909240057577892,0.6931471805599454,0.6931383381562931
652,2702,2703,65,65,1,0.09931141229776236,0.6931471805599452,0.6931383381562931
652,2703,2704,98,98,0,0.09890391844875958,0.6931471805599452,0.6931383381562931
652,2704,2705,98,98,0,0.09912553513232543,0.6931471805599452,0.6931383381562931
652,2705,2706,54,54,1,0.09908434652067998,0.6931471805599452,0.693138338156293
652,2706,2707,98,98,0,0.0991509282315264,0.6931471805599452,0.693138338156293
652,2707,2708,96,96,1,0.0993225163159271,0.6929650009025937,0.6931365163597195
652,2708,2709,98,98,0,0.09892950982463602,0.6931471805599452,0.6931365163597195
652,2709,2710,98,98,0,0.09912936290612026,0.6931471805599452,0.6931365163597195
652,2710,2711,11,11,1,0.09857218780300835,0.6931471805599452,0.6931365163597195
652,2711,2712,98,98,0,0.09907864931286597,0.6931471805599452,0.6931365163597195
652,2712,2713,73,73,1,0.09895296609156752,0.6931471805599452,0.6931365163597195
652,2713,2714,98,98,0,0.09894828209463431,0.6931471805599452,0.6931365163597195
652,2714,2715,98,98,0,0.0989854845921604,0.6931471805599452,0.6931365163597195
652,2715,2716,98,98,0,0.09906450909923534,0.6931471805599452,0.6931365163597195
652,2716,2717,98,98,0,0.09883881801245165,0.6931471805599452,0.6931365163597195
652,2717,2718,71,71,1,0.09895850634071189,0.6931471805599452,0.6931365163597195
652,2718,2719,98,98,0,0.09899524850200633,0.6931471805599452,0.6931365163597195
652,2719,2720,91,91,1,0.09897039298500333,0.6931471805599454,0.6931365163597195
652,2720,2721,96,96,1,0.09892840815397601,0.6931471805599452,0.6931365163597195
652,2721,2722,83,83,1,0.09919441751686923,0.6931471805599452,0.6931365163597195
652,2722,2723,78,78,1,0.09917837572403443,0.6931471805599452,0.6931365163597195
652,2723,2724,98,98,0,0.0989536863504624,0.6931471805599452,0.6931365163597195
652,2724,2725,79,79,1,0.09920649513413635,0.6931471805599452,0.6931365163597195
652,2725,2726,98,98,0,0.09915434743980972,0.6931471805599452,0.6931365163597195
652,2726,2727,72,72,1,0.09894346373362674,0.6931471805599454,0.6931397406313791
652,2727,2728,98,98,0,0.09905616270036113,0.6931471805599452,0.6931397406313791
652,2728,2729,69,69,1,0.09924565158460451,0.6931471805599452,0.6931397406313791
652,2729,2730,98,98,0,0.09896886371532265,0.6931471805599452,0.6931397406313791
652,2730,2731,98,98,0,0.09913909077948453,0.6931471805599452,0.693139740631379
652,2731,2732,54,54,1,0.09929011831129039,0.6931471805599452,0.693139740631379
652,2732,2733,12,12,1,0.10022124523917834,0.6931471805599452,0.6931397406313791
652,2733,2734,70,70,1,0.0988111101090908,0.6931471805599452,0.6931397406313791
652,2734,2735,84,84,1,0.09914782971498512,0.6931471805599452,0.6931397406313791
652,2735,2736,98,98,0,0.09909832705648577,0.6931471805599452,0.6931397406313791
652,2736,2737,98,98,0,0.09916945752136562,0.6931471805599452,0.6931397406313791
652,2737,2738,98,98,0,0.0991262183809767,0.6931471805599452,0.693139740631379
652,2738,2739,98,98,0,0.09916737706077342,0.6931471805599452,0.693139740631379
652,2739,2740,9,9,1,0.10096237477329043,0.6931471805599452,0.6931397406313791
652,2740,2741,98,98,0,0.09897311594413251,0.6931471805599452,0.6931397406313791
652,2741,2742,94,94,1,0.09913123121604006,0.6931471805599452,0.6931397406313791
652,2742,2743,69,69,1,0.09919309745664182,0.6931471805599452,0.6931397406313791
652,2743,2744,53,53,1,0.09944971496204161,0.6931471805599452,0.6931397406313791
652,2744,2745,98,98,0,0.0991499922713455,0.6931471805599452,0.693139740631379
652,2745,2746,78,78,1,0.09947383069457152,0.6931471805599452,0.693139740631379
652,2746,2747,76,76,1,0.09904380407380431,0.6931471805599452,0.6931397406313791
652,2747,2748,98,98,0,0.09913558338065537,0.6931471805599452,0.6931397406313791
652,2748,2749,97,97,1,0.0989951158768123,0.6931471805599452,0.6931397406313791
652,2749,2750,98,98,0,0.0991019205931498,0.6931471805599452,0.6931397406313791
652,2750,2751,10,10,1,0.09894935339689255,0.6931471805599452,0.6931397406313791
652,2751,2752,98,98,0,0.09898613347690932,0.6931471805599452,0.6931397406313791
652,2752,2753,98,98,0,0.09907381221347926,0.6931471805599452,0.693139740631379
652,2753,2754,85,85,1,0.0991673742147053,0.6931471805599452,0.6931397406313791
652,2754,2755,98,98,0,0.09893025328614274,0.6931471805599452,0.6931397406313791
652,2755,2756,71,71,1,0.09915498213868745,0.6931471805599452,0.6931397406313791
652,2756,2757,98,98,0,0.09889440603402196,0.6931471805599452,0.6931397406313791
652,2757,2758,98,98,0,0.09913791860548818,0.6931471805599452,0.6931397406313791
652,2758,2759,98,98,0,0.09894062981617693,0.6931471805599452,0.6931397406313791
652,2759,2760,68,68,1,0.0991355167592273,0.6931471805599452,0.693139740631379
652,2760,2761,14,14,1,0.09905263781547546,0.6931471805599452,0.6931397406313791
652,2761,2762,91,91,1,0.09921150294306515,0.6931471805599452,0.6931397406313791
652,2762,2763,89,89,1,0.09921702424461921,0.6931471805599452,0.6931397406313791
652,2763,2764,7,7,1,0.09948515253407615,0.6931471805599452,0.6931397406313791
652,2764,2765,98,98,0,0.09914242491430166,0.6931471805599454,0.6931397406313791
652,2765,2766,75,75,1,0.09912034144004186,0.6931471805599452,0.6931397406313791
652,2766,2767,98,98,0,0.09911647758313588,0.6931471805599452,0.693139740631379
652,2767,2768,98,98,0,0.09905999906513156,0.6931471805599452,0.6931397406313791
652,2768,2769,60,60,1,0.09928492692609628,0.6931471805599452,0.6931397406313791
652,2769,2770,57,57,1,0.0992618929921535,0.6931471805599454,0.6931397406313791
652,2770,2771,98,98,0,0.09894536253140897,0.6931471805599452,0.6931397406313791
652,2771,2772,85,85,1,0.09892129617578843,0.6931471805599452,0.6931397406313791
652,2772,2773,88,88,1,0.09914376620541919,0.6931471805599452,0.6931416638960032
652,2773,2774,98,98,0,0.09913891439839286,0.6931471805599452,0.6931416638960031
652,2774,2775,59,59,1,0.09937459495613131,0.6931471805599452,0.6931416638960031
652,2775,2776,98,98,0,0.09909904360467074,0.6931471805599452,0.6931416638960031
652,2776,2777,8,8,1,0.0993928462266922,0.6931471805599452,0.6931416638960031
652,2777,2778,98,98,0,0.09906576839940888,0.6931471805599452,0.6931416638960032
652,2778,2779,78,78,1,0.09952595772651526,0.6929588921760877,0.6931397810121644
652,2779,2780,67,67,1,0.09919732542180304,0.6931471805599452,0.6931397810121644
652,2780,2781,90,90,1,0.09910636312431759,0.6931471805599452,0.6931397810121644
652,2781,2782,58,58,1,0.09932517786992007,0.6931471805599452,0.6931416601472945
652,2782,2783,87,87,1,0.09894631023722134,0.6931471805599452,0.6931416601472945
652,2783,2784,97,97,1,0.09898848286301819,0.6931471805599452,0.6931416601472945
652,2784,2785,60,60,1,0.09885444367925326,0.6931471805599452,0.6931416601472945
652,2785,2786,98,98,0,0.09892445931933364,0.6931471805599452,0.6931434758795331
652,2786,2787,10,10,1,0.10094513669610024,0.6931471805599452,0.6931434758795331
652,2787,2788,88,88,1,0.0988914305344224,0.6931471805599452,0.6931434758795331
652,2788,2789,69,69,1,0.09898572220750478,0.6931471805599452,0.6931434758795331
652,2789,2790,98,98,0,0.09909784330093131,0.6931471805599452,0.6931434758795331
652,2790,2791,98,98,0,0.09910723414956307,0.6931471805599452,0.6931434758795331
652,2791,2792,62,62,1,0.09926518737789124,0.6931471805599452,0.6931434758795332
652,2792,2793,98,98,0,0.09892214682637429,0.6931471805599452,0.6931434758795331
652,2793,2794,63,63,1,0.09917688511666797,0.6931471805599452,0.6931434758795331
652,2794,2795,98,98,0,0.10014083829461312,0.6931471805599452,0.6931434758795331
652,2795,2796,98,98,1,0.0989724554273547,0.6931471805599452,0.6931434758795331
652,2796,2797,98,98,0,0.09912862628698349,0.6931471805599452,0.6931434758795331
652,2797,2798,98,98,0,0.09913581853010217,0.6931471805599452,0.6931434758795331
652,2798,2799,98,98,0,0.09912497565454366,0.6931471805599452,0.6931434758795332
652,2799,2800,98,98,0,0.09891965042571632,0.6931471805599452,0.6931434758795332
652,2800,2801,13,13,1,0.0988104767524279,0.6931471805599452,0.6931434758795331
652,2801,2802,98,98,0,0.0991212039881823,0.6931471805599452,0.6931434758795331
652,2802,2803,11,11,1,0.09950743954290044,0.6931471805599452,0.6931434758795331
652,2803,2804,98,98,0,0.099117497704467,0.6931471805599452,0.6931434758795331
652,2804,2805,87,87,1,0.0989864440313701,0.6931471805599452,0.6931434758795331
652,2805,2806,92,92,1,0.09909565026021522,0.6931471805599452,0.6931434758795332
652,2806,2807,98,98,0,0.09915487217355748,0.6931471805599452,0.6931434758795332
652,2807,2808,98,98,0,0.09914634232314265,0.6931471805599452,0.6931452976761066
652,2808,2809,69,69,1,0.09920539652955705,0.6931471805599452,0.6931452976761066
652,2809,2810,98,98,0,0.09908439690361218,0.6931471805599452,0.6931452976761067
652,2810,2811,98,98,0,0.09890438601070521,0.6931471805599452,0.6931452976761067
652,2811,2812,69,69,1,0.09919874715632286,0.6931471805599454,0.6931452976761067
652,2812,2813,98,98,0,0.10016320813067105,0.6929656073360877,0.6931434819438681
652,2813,2814,98,98,0,0.09890042633122327,0.6931471805599452,0.693143481943868
652,2814,2815,98,98,0,0.09918877277143147,0.6931471805599454,0.693143481943868
652,2815,2816,88,88,1,0.09915371687913482,0.6931471805599452,0.693143481943868
652,2816,2817,98,98,0,0.09905289668513804,0.6931471805599452,0.6931434819438681
652,2817,2818,76,76,1,0.0990983735966055,0.6931471805599452,0.6931434819438681
652,2818,2819,98,98,0,0.09948950093619678,0.6929656073360879,0.6931416662116295
652,2819,2820,98,98,0,0.09911271435569743,0.6931471805599452,0.6931416662116294
652,2820,2821,66,66,1,0.09926606116421295,0.6931471805599454,0.6931416662116294
652,2821,2822,93,93,1,0.09896598435858245,0.6931471805599452,0.6931416662116294
652,2822,2823,98,98,0,0.09889779095442927,0.6931471805599452,0.6931416662116294
652,2823,2824,98,98,0,0.0989608712190268,0.6931471805599452,0.6931416662116295
652,2824,2825,98,98,0,0.09894071283693216,0.6931471805599452,0.6931416662116295
652,2825,2826,98,98,0,0.09909385047396835,0.6931471805599454,0.6931416662116295
652,2826,2827,7,7,1,0.09937872524772372,0.6931471805599452,0.6931416662116295
652,2827,2828,98,98,1,0.09908771180376715,0.6931471805599452,0.6931416662116294
652,2828,2829,75,75,1,0.09885578294595082,0.6931471805599452,0.6931416662116294
652,2829,2830,98,98,0,0.0992001149119163,0.6931471805599452,0.6931416662116294
652,2830,2831,98,98,0,0.09895144152093907,0.6931471805599452,0.6931416662116295
652,2831,2832,69,69,1,0.0991452920480051,0.6931471805599452,0.6931416662116295
652,2832,2833,98,98,0,0.09916535658495766,0.6931471805599452,0.6931416662116295
652,2833,2834,98,98,0,0.09910945366231763,0.6931471805599452,0.6931416662116295
652,2834,2835,98,98,0,0.09890830235517754,0.6931471805599452,0.6931416662116294
652,2835,2836,98,98,0,0.0990640221505749,0.6931471805599452,0.6931416662116294
652,2836,2837,98,98,0,0.09914527286072167,0.6931471805599454,0.6931416662116294
652,2837,2838,98,98,0,0.09902816334245157,0.6931471805599452,0.6931416662116295
652,2838,2839,97,97,1,0.09912629640593972,0.6931471805599452,0.6931416662116295
652,2839,2840,98,98,0,0.09908207779636188,0.6931471805599452,0.6931416662116295
652,2840,2841,98,98,0,0.09893042039202184,0.6931471805599452,0.6931416662116295
652,2841,2842,86,86,1,0.0990478904094807,0.6931471805599452,0.6931416662116294
652,2842,2843,75,75,1,0.09923892666896185,0.6931471805599454,0.6931416662116294
652,2843,2844,98,98,0,0.09904751546528874,0.6931471805599452,0.6931416662116294
652,2844,2845,94,94,1,0.09906088418148934,0.6931471805599454,0.6931416662116294
652,2845,2846,98,98,0,0.09900965868514411,0.6931471805599452,0.6931416662116295
652,2846,2847,83,83,1,0.0989300770213805,0.6931471805599452,0.6931416662116295
652,2847,2848,12,12,1,0.0988385019203027,0.6931471805599452,0.6931416662116295
652,2848,2849,98,98,0,0.0991804700116722,0.6931471805599452,0.6931416662116294
652,2849,2850,63,63,1,0.09928502390782039,0.6931471805599452,0.6931416662116294
652,2850,2851,98,98,0,0.09898612975161902,0.6931471805599452,0.6931416662116294
652,2851,2852,87,87,1,0.09922940806410778,0.6931471805599452,0.6931416662116294
652,2852,2853,98,98,1,0.098933822874512,0.6931471805599452,0.6931416662116295
652,2853,2854,98,98,0,0.09895449542269415,0.6931471805599452,0.6931416662116295
652,2854,2855,98,98,0,0.09903837208236967,0.6931471805599452,0.6931416662116295
652,2855,2856,98,98,0,0.09913447073527745,0.6931471805599454,0.6931416662116294
652,2856,2857,9,9,1,0.09927497307459514,0.6931471805599452,0.6931416662116294
652,2857,2858,79,79,1,0.09901466079150574,0.6931471805599452,0.6931416662116294
652,2858,2859,98,98,0,0.09895100794276412,0.6931471805599452,0.6931416662116294
652,2859,2860,74,74,1,0.0992491985293659,0.6931471805599452,0.6931416662116295
652,2860,2861,53,53,1,0.09934329747591379,0.6931471805599452,0.6931416662116295
652,2861,2862,91,91,1,0.09917728905821895,0.6929634275852928,0.693139828681883
652,2862,2863,98,98,0,0.09916869482519675,0.6931471805599452,0.693139828681883
652,2863,2864,98,98,0,0.09900912307963079,0.6931471805599452,0.693139828681883
652,2864,2865,63,63,1,0.09904173052027113,0.6931471805599452,0.693139828681883
652,2865,2866,62,62,1,0.09899775179163102,0.6931471805599452,0.693139828681883
652,2866,2867,93,93,1,0.09883523035433985,0.6931471805599452,0.6931398286818831
652,2867,2868,98,98,0,0.09888906700878727,0.6931471805599452,0.6931398286818831
652,2868,2869,93,93,1,0.0990974271810183,0.6931471805599452,0.693139828681883
652,2869,2870,72,72,1,0.10030561944262849,0.6928066565444101,0.6931364234417277
652,2870,2871,98,98,0,0.09901175784821413,0.6931471805599452,0.6931364234417277
652,2871,2872,98,98,0,0.09916287949498818,0.6931471805599452,0.6931364234417277
652,2872,2873,56,56,1,0.10054015434746232,0.6927918868823587,0.6931328705049516
652,2873,2874,98,98,0,0.09899875080707121,0.6931471805599452,0.6931328705049518
652,2874,2875,98,98,0,0.0991039146118018,0.6931471805599452,0.6931328705049518
652,2875,2876,20,20,1,0.09923550300300121,0.6931471805599452,0.6931328705049518
652,2876,2877,98,98,0,0.09914403347944727,0.6931471805599452,0.6931328705049518
652,2877,2878,98,98,0,0.09935286222976081,0.6931471805599454,0.6931328705049518
652,2878,2879,98,98,0,0.09912985646907164,0.6931471805599454,0.6931347533887905
652,2879,2880,98,98,0,0.09890453540244881,0.6931471805599452,0.6931347533887903
652,2880,2881,95,95,1,0.09915944714295237,0.6931471805599454,0.6931347533887903
652,2881,2882,98,98,0,0.09901640146058432,0.6931471805599452,0.6931347533887903
652,2882,2883,98,98,0,0.09905568084546498,0.6931471805599452,0.6931347533887903
652,2883,2884,52,52,1,0.09931850333053333,0.6931471805599452,0.6931347533887903
652,2884,2885,98,98,0,0.09906881104926674,0.6931471805599454,0.6931347533887903
652,2885,2886,64,64,1,0.09937367250677198,0.6931471805599452,0.6931347533887905
652,2886,2887,92,92,1,0.098901667267732,0.6931471805599452,0.6931347533887903
652,2887,2888,63,63,1,0.09913948722301967,0.6931471805599452,0.6931347533887903
652,2888,2889,98,98,0,0.09896208513147976,0.6931471805599452,0.6931347533887903
652,2889,2890,98,98,0,0.09891518083762149,0.6931471805599452,0.6931347533887903
652,2890,2891,98,98,0,0.09893512581380046,0.6931471805599452,0.6931347533887903
652,2891,2892,45,45,1,0.09944432957304848,0.6931471805599452,0.6931347533887903
652,2892,2893,75,75,1,0.09897271126508712,0.6931471805599452,0.6931347533887905
652,2893,2894,93,93,1,0.09920261936482563,0.6931471805599454,0.6931347533887903
652,2894,2895,57,57,1,0.09941413384257701,0.6931471805599452,0.6931347533887903
652,2895,2896,74,74,1,0.09898940060992499,0.6931471805599452,0.6931347533887903
652,2896,2897,98,98,0,0.09909575272883688,0.6931471805599452,0.6931347533887903
652,2897,2898,98,98,0,0.09905632516863394,0.6931471805599452,0.6931347533887903
652,2898,2899,58,58,1,0.09903600388045969,0.6931471805599452,0.6931347533887903
652,2899,2900,98,98,0,0.09892547670371678,0.6931471805599452,0.6931347533887903
652,2900,2901,58,58,1,0.09952400599060388,0.6931471805599452,0.6931347533887903
652,2901,2902,15,15,1,0.09904905209938684,0.6931471805599452,0.6931347533887903
652,2902,2903,98,98,0,0.09910940470135941,0.6931471805599452,0.6931347533887903
652,2903,2904,98,98,0,0.09891819193655131,0.6931471805599452,0.6931347533887903
652,2904,2905,98,98,0,0.09894126227923802,0.6931471805599452,0.6931347533887903
652,2905,2906,77,77,1,0.09899950704791328,0.6931471805599452,0.6931347533887903
652,2906,2907,98,98,0,0.09912558432136263,0.6931471805599452,0.6931347533887903
652,2907,2908,98,98,0,0.09896437762951364,0.6931471805599452,0.6931347533887905
652,2908,2909,98,98,0,0.09910726828538642,0.6931471805599452,0.6931347533887903
652,2909,2910,95,95,1,0.09909291816385168,0.6931471805599454,0.6931347533887903
652,2910,2911,98,98,0,0.09917379672429999,0.6931471805599454,0.6931347533887903
652,2911,2912,98,98,0,0.0991235716002328,0.6931471805599452,0.6931347533887903
652,2912,2913,98,98,0,0.09910790926339674,0.6931471805599452,0.6931365691210288
652,2913,2914,78,78,1,0.0991930936773618,0.6931471805599452,0.693136569121029
652,2914,2915,98,98,0,0.0990990092407684,0.6931471805599452,0.693136569121029
652,2915,2916,98,98,0,0.09909779867347406,0.6931471805599452,0.6931365691210288
652,2916,2917,98,98,0,0.09902704142186107,0.6931471805599452,0.6931365691210288
652,2917,2918,86,86,1,0.09891650453209877,0.6931471805599452,0.6931365691210288
652,2918,2919,98,98,0,0.09911754354834557,0.6931471805599452,0.6931383848532674
652,2919,2920,98,98,0,0.09893379474476892,0.6931471805599452,0.6931383848532675
652,2920,2921,98,98,0,0.09900532047055205,0.6931471805599452,0.6931383848532675
652,2921,2922,75,75,1,0.09900531599919002,0.6931471805599452,0.6931383848532675
652,2922,2923,85,85,1,0.09889265404028051,0.6931471805599452,0.6931383848532674
652,2923,2924,96,96,1,0.09899335362327595,0.6931471805599452,0.6931383848532674
652,2924,2925,98,98,0,0.09910777294818236,0.6931471805599452,0.6931383848532674
652,2925,2926,61,61,1,0.0989597982070485,0.6931471805599452,0.6931383848532674
652,2926,2927,98,98,0,0.09885753615170109,0.6931471805599452,0.6931383848532674
652,2927,2928,98,98,0,0.09890914982070728,0.6931471805599452,0.6931383848532675
652,2928,2929,98,98,0,0.09890835162024109,0.6931471805599452,0.6931383848532675
652,2929,2930,98,98,0,0.09888207174989642,0.6931471805599452,0.6931383848532674
652,2930,2931,98,98,0,0.09911802433887307,0.6931471805599452,0.6931383848532674
652,2931,2932,59,59,1,0.09895138669822176,0.6931471805599452,0.6931383848532674
652,2932,2933,98,98,0,0.09912561404765868,0.6931471805599452,0.6931383848532674
652,2933,2934,98,98,0,0.09932717832983756,0.6931471805599452,0.6931383848532674
652,2934,2935,60,60,1,0.09937528098622958,0.6931471805599452,0.6931383848532675
652,2935,2936,98,98,0,0.09905736049523159,0.6931471805599452,0.6931383848532675
652,2936,2937,98,98,0,0.09906536652421465,0.6931471805599452,0.6931383848532674
652,2937,2938,98,98,0,0.0989901850722274,0.6931471805599452,0.6931383848532674
652,2938,2939,98,98,0,0.09915923441247064,0.6931471805599452,0.6931383848532674
652,2939,2940,98,98,0,0.09891786973695366,0.6931471805599452,0.6931383848532674
652,2940,2941,98,98,0,0.09915003408582843,0.6931471805599452,0.6931383848532674
652,2941,2942,96,96,1,0.09890024270862341,0.6931471805599452,0.6931383848532675
652,2942,2943,65,65,1,0.09895182756277231,0.6931471805599452,0.6931383848532675
652,2943,2944,98,98,0,0.09922528099648807,0.6931471805599452,0.6931383848532674
652,2944,2945,98,98,0,0.0991752493594374,0.6931471805599452,0.6931383848532674
652,2945,2946,67,67,1,0.09893022955798392,0.6931471805599452,0.6931383848532674
652,2946,2947,83,83,1,0.09900727544922426,0.6931471805599452,0.6931383848532674
652,2947,2948,98,98,0,0.09913826429722261,0.6931471805599452,0.6931383848532674
652,2948,2949,98,98,0,0.09913227821187097,0.6931471805599452,0.6931383848532675
652,2949,2950,90,90,1,0.09909658796257442,0.6931471805599452,0.6931383848532675
652,2950,2951,95,95,1,0.09900743710367303,0.6931471805599452,0.6931383848532674
652,2951,2952,97,97,1,0.09908845444622728,0.6931471805599452,0.6931383848532674
652,2952,2953,98,98,0,0.09908612657870565,0.6931471805599452,0.6931383848532674
652,2953,2954,98,98,0,0.09919525538476145,0.6931471805599452,0.6931383848532674
652,2954,2955,98,98,0,0.09911238531372984,0.6931471805599452,0.6931383848532674
652,2955,2956,12,12,1,0.09908120892941952,0.6931471805599452,0.6931383848532675
652,2956,2957,69,69,1,0.09920491418544797,0.6931471805599452,0.6931383848532675
652,2957,2958,75,75,1,0.09898770153522492,0.6931471805599452,0.6931383848532675
652,2958,2959,10,10,1,0.10046097189188004,0.6931471805599452,0.6931383848532674
652,2959,2960,98,98,0,0.09905857250702624,0.6931471805599452,0.6931383848532674
652,2960,2961,67,67,1,0.09934640286573723,0.6931471805599452,0.6931383848532674
652,2961,2962,98,98,0,0.09895502220915288,0.6931471805599452,0.6931402223830141
652,2962,2963,69,69,1,0.09920524794986282,0.6931471805599452,0.6931402223830141
652,2963,2964,88,88,1,0.09913015018471262,0.6931471805599452,0.6931402223830141
652,2964,2965,98,98,0,0.09896302656555662,0.6931471805599452,0.6931402223830141
652,2965,2966,98,98,0,0.09891276555706044,0.6931471805599452,0.6931402223830139
652,2966,2967,69,69,1,0.09909710180068361,0.6931471805599452,0.6931402223830139
652,2967,2968,98,98,0,0.09908325643259652,0.6931471805599452,0.6931402223830139
652,2968,2969,98,98,0,0.09888475585956963,0.6931471805599452,0.6931402223830141
652,2969,2970,12,12,1,0.10074325278401375,0.6931471805599452,0.6931436276231693
652,2970,2971,15,15,1,0.10040588428576787,0.6931471805599452,0.6931436276231693
652,2971,2972,86,86,1,0.09912775084376335,0.6931471805599452,0.6931436276231693
652,2972,2973,98,98,0,0.09901885817549666,0.6931471805599454,0.6931471805599452
652,2973,2974,98,98,0,0.0991968255566091,0.6931471805599454,0.6931471805599452
652,2974,2975,98,98,0,0.09898551849990475,0.6931471805599452,0.6931471805599452
652,2975,2976,9,9,1,0.10078707916869058,0.6931471805599452,0.6931471805599452
652,2976,2977,67,67,1,0.10020419966373871,0.6928024281258374,0.6931437330356042
652,2977,2978,98,98,0,0.09891436788804676,0.6931471805599452,0.6931437330356041
652,2978,2979,66,66,1,0.0990231367900516,0.6931471805599452,0.6931437330356041
652,2979,2980,84,84,1,0.09910395883378528,0.6931471805599452,0.6931437330356042
652,2980,2981,93,93,1,0.09905715799459847,0.6931471805599452,0.6931437330356042
652,2981,2982,80,80,1,0.09925690311938525,0.6931471805599452,0.6931437330356042
652,2982,2983,93,93,1,0.09912174900052367,0.6929640670735278,0.6931419019007399
652,2983,2984,98,98,0,0.09898077453277548,0.6931471805599452,0.6931419019007399
652,2984,2985,98,98,0,0.09891804421738702,0.6931471805599452,0.6931419019007399
652,2985,2986,77,77,1,0.09894875233823602,0.6931471805599452,0.6931419019007399
652,2986,2987,98,98,0,0.09898434837861937,0.6931471805599452,0.69314190190074
652,2987,2988,49,49,1,0.09941138616021798,0.6931471805599452,0.69314190190074
652,2988,2989,98,98,0,0.09901627852600448,0.6931471805599452,0.69314190190074
652,2989,2990,98,98,0,0.09892002645195747,0.6931471805599452,0.6931419019007399
652,2990,2991,98,98,0,0.09909335082891035,0.6931471805599452,0.6931419019007399
652,2991,2992,98,98,0,0.09895984988127436,0.6931471805599452,0.6931419019007399
652,2992,2993,98,98,0,0.09897075813947892,0.6931471805599452,0.6931419019007399
652,2993,2994,98,98,0,0.09911585857673567,0.6931471805599452,0.69314190190074
652,2994,2995,53,53,1,0.09937348146483584,0.6931471805599452,0.69314190190074
652,2995,2996,70,70,1,0.09904991218021937,0.6931471805599452,0.69314190190074
652,2996,2997,98,98,0,0.09899647146159289,0.6931471805599452,0.6931419019007399
652,2997,2998,60,60,1,0.09930711363752683,0.6931471805599452,0.6931419019007399
652,2998,2999,98,98,0,0.0990370393407588,0.6931471805599452,0.6931419019007399
652,2999,3000,98,98,0,0.09892709127494267,0.6931471805599452,0.6931419019007399
652,3000,3001,65,65,1,0.09897259978147653,0.6931471805599454,0.69314190190074
652,3001,3002,57,57,1,0.09897786836352265,0.6931471805599452,0.69314190190074
652,3002,3003,98,98,0,0.09896707960537501,0.6931471805599452,0.69314190190074
652,3003,3004,98,98,0,0.09897178076967901,0.6931471805599452,0.69314190190074
652,3004,3005,75,75,1,0.09914695839087169,0.6931471805599452,0.6931419019007399
652,3005,3006,63,63,1,0.09927338929403395,0.6931471805599452,0.6931419019007399
652,3006,3007,77,77,1,0.09924496178116117,0.6931471805599452,0.6931419019007399
652,3007,3008,91,91,1,0.09903584780928852,0.6931471805599452,0.6931419019007399
652,3008,3009,98,98,0,0.09904453675357663,0.6931471805599452,0.69314190190074
652,3009,3010,48,48,1,0.09939131264885266,0.6931471805599452,0.69314190190074
652,3010,3011,48,48,1,0.09926032042130828,0.6931471805599452,0.69314190190074
652,3011,3012,97,97,1,0.09893918014371518,0.6931471805599452,0.6931419019007399
652,3012,3013,84,84,1,0.09895134513222036,0.6931471805599452,0.6931419019007399
652,3013,3014,98,98,0,0.09883888065814972,0.6931471805599452,0.6931419019007399
652,3014,3015,60,60,1,0.09919198006391525,0.6931471805599452,0.6931419019007399
652,3015,3016,98,98,0,0.09887715930841406,0.6931471805599452,0.69314190190074
652,3016,3017,98,98,0,0.09898901502696836,0.6931471805599452,0.69314190190074
652,3017,3018,54,54,1,0.09928536470289584,0.6931471805599452,0.69314190190074
652,3018,3019,98,98,0,0.09888509972667207,0.6931471805599452,0.6931419019007399
652,3019,3020,75,75,1,0.09919301807880401,0.6931471805599452,0.6931419019007399
652,3020,3021,98,98,0,0.09887283325803523,0.6931471805599452,0.6931419019007399
652,3021,3022,63,63,1,0.09932867035506264,0.6931471805599452,0.6931419019007399
652,3022,3023,98,98,0,0.09914381794479428,0.6931471805599452,0.69314190190074
652,3023,3024,81,81,1,0.09929170109975485,0.6931471805599452,0.69314190190074
652,3024,3025,64,64,1,0.09963409323245287,0.6931471805599452,0.69314190190074
652,3025,3026,60,60,1,0.09927175790071488,0.6931471805599452,0.6931419019007399
652,3026,3027,75,75,1,0.0989411794145902,0.6931471805599452,0.6931419019007399
652,3027,3028,98,98,0,0.09914465385432146,0.6931471805599452,0.6931419019007399
652,3028,3029,75,75,1,0.09893950164318084,0.6931471805599452,0.6931419019007399
652,3029,3030,79,79,1,0.09894334213643134,0.6931471805599452,0.69314190190074
652,3030,3031,98,98,0,0.09890122696453212,0.6931471805599452,0.69314190190074
652,3031,3032,98,98,0,0.0989344731277349,0.6931471805599452,0.69314190190074
652,3032,3033,92,92,1,0.09909824281930923,0.6931471805599452,0.6931419019007399
652,3033,3034,78,78,1,0.09894676516071343,0.6931471805599452,0.6931419019007399
652,3034,3035,77,77,1,0.09891035388429444,0.6931471805599452,0.6931419019007399
652,3035,3036,98,98,0,0.09910189139903808,0.6931471805599452,0.6931419019007399
652,3036,3037,47,47,1,0.09932387731176742,0.6931471805599452,0.69314190190074
652,3037,3038,98,98,0,0.09905350596016767,0.6931471805599452,0.69314190190074
652,3038,3039,58,58,1,0.09893295541405678,0.6931471805599452,0.69314190190074
652,3039,3040,87,87,1,0.09895618414056712,0.6931471805599452,0.6931419019007399
652,3040,3041,98,98,0,0.09913519982780729,0.6931471805599452,0.6931419019007399
652,3041,3042,98,98,0,0.09926159254142217,0.6931471805599452,0.6931419019007399
652,3042,3043,98,98,0,0.09892720052478265,0.6931471805599452,0.6931419019007399
652,3043,3044,98,98,0,0.0989490092104795,0.6931471805599452,0.69314190190074
652,3044,3045,69,69,1,0.09931974890439407,0.6931471805599452,0.69314190190074
652,3045,3046,13,13,1,0.10087195898477848,0.6931471805599452,0.69314190190074
652,3046,3047,45,45,1,0.09957622670465045,0.6931471805599452,0.6931419019007399
652,3047,3048,98,98,0,0.0989002709333994,0.6931471805599452,0.6931419019007399
652,3048,3049,8,8,1,0.10087010450661182,0.6931471805599452,0.6931419019007399
652,3049,3050,54,54,1,0.09901009720784647,0.6931471805599452,0.6931419019007399
652,3050,3051,98,98,0,0.09894676772611481,0.6931471805599452,0.69314190190074
652,3051,3052,85,85,1,0.09926571302554187,0.6931471805599452,0.69314190190074
652,3052,3053,98,98,0,0.09901176461455774,0.6931471805599454,0.69314190190074
652,3053,3054,98,98,0,0.09907356261902926,0.6931471805599452,0.69314190190074
652,3054,3055,98,98,0,0.09891788235732488,0.6931471805599452,0.6931419019007399
652,3055,3056,98,98,0,0.09919939874386301,0.6931471805599452,0.6931419019007399
652,3056,3057,75,75,1,0.0992133672038714,0.6931471805599452,0.6931419019007399
652,3057,3058,98,98,0,0.09909333874072347,0.6931471805599452,0.6931419019007399
652,3058,3059,98,98,0,0.09917525407307003,0.6931471805599452,0.69314190190074
652,3059,3060,8,8,1,0.10110259149223566,0.6931471805599452,0.69314190190074
652,3060,3061,98,98,0,0.09891602434978193,0.6931471805599452,0.69314190190074
652,3061,3062,65,65,1,0.09995305148454812,0.6931471805599452,0.6931419019007399
652,3062,3063,98,98,0,0.0990688678409372,0.6931471805599452,0.6931419019007399
652,3063,3064,85,85,1,0.09911008109064663,0.6931471805599452,0.6931419019007399
652,3064,3065,98,98,0,0.09913821480408007,0.6931471805599452,0.6931419019007399
652,3065,3066,81,81,1,0.0990106494706354,0.6931471805599452,0.69314190190074
652,3066,3067,63,63,1,0.09939614352252749,0.6931471805599452,0.69314190190074
652,3067,3068,72,72,1,0.0989121970617109,0.6931471805599454,0.69314190190074
652,3068,3069,56,56,1,0.0989930871874094,0.6931471805599452,0.6931419019007399
652,3069,3070,74,74,1,0.0988959019651284,0.6931471805599452,0.6931419019007399
652,3070,3071,98,98,0,0.09902949418340411,0.6931471805599452,0.6931419019007399
652,3071,3072,87,87,1,0.09910284094084268,0.6931471805599452,0.6931419019007399
652,3072,3073,98,98,0,0.09897811018994876,0.6931471805599452,0.69314190190074
652,3073,3074,86,86,1,0.09973613034154094,0.6931471805599452,0.69314190190074
652,3074,3075,89,89,1,0.09905870794580224,0.6931471805599452,0.69314190190074
652,3075,3076,98,98,0,0.09911191311417794,0.6931471805599452,0.6931419019007399
652,3076,3077,74,74,1,0.09895989077316748,0.6931471805599452,0.6931453494250809
652,3077,3078,10,10,1,0.1003384105861187,0.6931471805599452,0.693145349425081
652,3078,3079,9,9,1,0.09901638908518685,0.6931471805599452,0.693145349425081
652,3079,3080,10,10,1,0.10065340995788574,0.6931471805599452,0.693145349425081
652,3080,3081,98,98,0,0.09900181884972417,0.6931471805599452,0.693145349425081
652,3081,3082,98,98,0,0.09914632833429746,0.6931471805599452,0.693145349425081
652,3082,3083,84,84,1,0.0989666496004377,0.6931471805599452,0.6931471805599452
652,3083,3084,8,8,1,0.09879675880074501,0.6931471805599452,0.6931471805599452
652,3084,3085,98,98,0,0.09912776840584618,0.6931471805599452,0.6931471805599452
652,3085,3086,10,10,1,0.09890933334827423,0.6931471805599452,0.6931471805599452
652,3086,3087,98,98,0,0.09900082701018878,0.6931471805599452,0.6931471805599452
652,3087,3088,98,98,0,0.09915481112441238,0.6931471805599452,0.6931471805599452
652,3088,3089,75,75,1,0.09917955895264943,0.6931471805599452,0.6931471805599452
652,3089,3090,98,98,0,0.09914154164036926,0.6931471805599452,0.6931471805599452
652,3090,3091,98,98,0,0.09918907208710301,0.6931471805599452,0.6931471805599452
652,3091,3092,98,98,0,0.09911064126965952,0.6931471805599452,0.6931471805599452
652,3092,3093,80,80,1,0.09887088742107153,0.6931471805599452,0.6931471805599452
652,3093,3094,98,98,0,0.09895207345181582,0.6931471805599452,0.6931471805599452
652,3094,3095,98,98,0,0.09891551626580102,0.6931471805599452,0.6931471805599452
652,3095,3096,98,98,0,0.099041861462958,0.6931471805599452,0.6931471805599452
652,3096,3097,98,98,0,0.0991400809464406,0.6931471805599454,0.6931471805599452
652,3097,3098,98,98,0,0.09885495300499761,0.6931471805599452,0.6931471805599452
652,3098,3099,98,98,0,0.09910615989748313,0.6931471805599452,0.6931471805599452
652,3099,3100,52,52,1,0.09898084588348866,0.6931471805599452,0.6931471805599452
652,3100,3101,98,98,0,0.09911781207335238,0.6931471805599452,0.6931471805599452
652,3101,3102,91,91,1,0.0990150103365982,0.6931471805599452,0.6931471805599452
652,3102,3103,98,98,0,0.09925125698958125,0.6931471805599454,0.6931471805599452
652,3103,3104,98,98,0,0.09917356651656482,0.6931471805599452,0.6931471805599452
652,3104,3105,93,93,1,0.09895748004157057,0.6931471805599452,0.6931471805599452
652,3105,3106,85,85,1,0.09889113000210593,0.6931471805599452,0.6931471805599452
652,3106,3107,65,65,1,0.09936051804285784,0.6931471805599452,0.6931471805599452
652,3107,3108,98,98,0,0.09899009961862953,0.6931471805599452,0.6931471805599452
652,3108,3109,98,98,0,0.09885798698785353,0.6931471805599452,0.6931471805599452
652,3109,3110,52,52,1,0.09896669651453312,0.6931471805599452,0.6931471805599452
652,3110,3111,98,98,0,0.09893675741492486,0.6931471805599452,0.6931471805599452
652,3111,3112,98,98,0,0.0990893899330071,0.6931471805599452,0.6931471805599452
652,3112,3113,98,98,0,0.09909592181140063,0.6931471805599452,0.6931471805599452
652,3113,3114,64,64,1,0.0993520364863798,0.6931471805599452,0.6931471805599452
652,3114,3115,68,68,1,0.0993190807673861,0.6931471805599452,0.6931471805599452
652,3115,3116,11,11,1,0.0990659621628848,0.6931471805599452,0.6931471805599452
652,3116,3117,98,98,0,0.09899286621687364,0.6931471805599452,0.6931471805599452
652,3117,3118,82,82,1,0.09902540094605307,0.6931471805599452,0.6931471805599452
652,3118,3119,77,77,1,0.09892084323740624,0.6931471805599452,0.6931471805599452
652,3119,3120,67,67,1,0.09908233905461297,0.6931471805599452,0.6931471805599452
652,3120,3121,88,88,1,0.09930849879641425,0.6931471805599452,0.6931471805599452
652,3121,3122,83,83,1,0.09925415977297058,0.6931471805599452,0.6931471805599452
652,3122,3123,90,90,1,0.09883839032716221,0.6931471805599452,0.6931471805599452
652,3123,3124,13,13,1,0.10045770211861683,0.6931471805599452,0.6931471805599452
652,3124,3125,98,98,0,0.09916978154559525,0.6931471805599452,0.6931471805599452
652,3125,3126,76,76,1,0.09891591181880549,0.6931471805599452,0.6931471805599452
652,3126,3127,96,96,1,0.09907672515449424,0.6931471805599452,0.6931471805599452
652,3127,3128,20,20,1,0.09973732605576516,0.6931471805599452,0.6931471805599452
652,3128,3129,98,98,0,0.09914775542458709,0.6931471805599452,0.6931471805599452
652,3129,3130,98,98,0,0.09913640340067903,0.6931471805599452,0.6931471805599452
652,3130,3131,98,98,0,0.0990162298691516,0.6931471805599452,0.6931471805599452
652,3131,3132,98,98,0,0.09891349571395894,0.6931471805599452,0.6931471805599452
652,3132,3133,98,98,0,0.09893550495712125,0.6931471805599452,0.6931471805599452
652,3133,3134,52,52,1,0.0989685899649675,0.6931471805599452,0.6931471805599452
652,3134,3135,8,8,1,0.09907045494765043,0.6931471805599452,0.6931471805599452
652,3135,3136,93,93,1,0.09895543137224772,0.6931471805599452,0.6931471805599452
652,3136,3137,76,76,1,0.09936809314316825,0.6931471805599454,0.6931471805599452
652,3137,3138,83,83,1,0.09899794229541917,0.6931471805599452,0.6931471805599452
652,3138,3139,73,73,1,0.09916023665095029,0.6931471805599452,0.6931471805599452
652,3139,3140,63,63,1,0.0995840308448625,0.6931471805599452,0.6931471805599452
652,3140,3141,72,72,1,0.0989670054987073,0.6931471805599452,0.6931471805599452
652,3141,3142,87,87,1,0.0991637305966739,0.6931471805599452,0.6931471805599452
652,3142,3143,98,98,0,0.09912119220410075,0.6931471805599452,0.6931471805599452
652,3143,3144,98,98,0,0.09915430098772049,0.6931471805599454,0.6931471805599452
652,3144,3145,98,98,0,0.09909767703134187,0.6931471805599452,0.6931471805599452
652,3145,3146,98,98,0,0.09911692826723566,0.6931471805599454,0.6931471805599452
652,3146,3147,92,92,1,0.0989535985433537,0.6931471805599452,0.6931471805599453
652,3147,3148,98,98,0,0.09913053652461694,0.6931471805599452,0.6931471805599452
652,3148,3149,98,98,0,0.099076652785345,0.6931471805599452,0.6931471805599452
652,3149,3150,98,98,0,0.0990944968498483,0.6931471805599452,0.6931471805599452
652,3150,3151,98,98,0,0.09925924636879746,0.6931471805599454,0.6931471805599452
652,3151,3152,98,98,0,0.09901773389808986,0.6931471805599452,0.6931471805599452
652,3152,3153,63,63,1,0.0989148657000254,0.6931471805599452,0.6931471805599452
652,3153,3154,98,98,0,0.09911416889149316,0.6931471805599452,0.6931471805599452
652,3154,3155,83,83,1,0.09895087275878493,0.6931471805599452,0.6931471805599452
652,3155,3156,9,9,1,0.10092679245604409,0.6931471805599452,0.6931471805599452
652,3156,3157,98,98,0,0.0991590145443167,0.6931471805599454,0.6931471805599452
652,3157,3158,89,89,1,0.09893458026848483,0.6931471805599452,0.6931471805599452
652,3158,3159,98,98,0,0.0995030876020996,0.6931471805599452,0.6931471805599452
652,3159,3160,79,79,1,0.09935687821877154,0.6931471805599452,0.6931471805599452
652,3160,3161,75,75,1,0.09890674630800883,0.6931471805599452,0.6931471805599452
652,3161,3162,98,98,0,0.0989863562340639,0.6931471805599452,0.6931471805599452
652,3162,3163,78,78,1,0.09913654988392806,0.6931471805599452,0.6931471805599452
652,3163,3164,98,98,0,0.09912747730101858,0.6931471805599452,0.6931471805599452
652,3164,3165,98,98,0,0.09911524413191543,0.6931471805599452,0.6931471805599452
652,3165,3166,98,98,0,0.09889949219567436,0.6931471805599452,0.6931471805599452
652,3166,3167,98,98,0,0.09888341110579822,0.6931471805599452,0.6931471805599452
652,3167,3168,68,68,1,0.09898698023136925,0.6931471805599452,0.6931471805599452
652,3168,3169,96,96,1,0.09914360808519025,0.6931471805599452,0.6931471805599452
652,3169,3170,74,74,1,0.09903020905079069,0.6931471805599452,0.6931471805599452
652,3170,3171,98,98,0,0.0989589825728718,0.6931471805599452,0.6931471805599452
652,3171,3172,98,98,0,0.09917629213661563,0.6931471805599452,0.6931471805599452
652,3172,3173,98,98,0,0.09923132600224747,0.6931471805599454,0.6931471805599452
652,3173,3174,98,98,0,0.09912216389665798,0.6931471805599452,0.6931471805599452
652,3174,3175,98,98,0,0.09890168456702816,0.6931471805599452,0.6931471805599452
652,3175,3176,74,74,1,0.09918999762551205,0.6931471805599452,0.6931471805599452
652,3176,3177,86,86,1,0.0990899951132231,0.6931471805599452,0.6931471805599452
652,3177,3178,88,88,1,0.10169332144273953,0.6931471805599452,0.6931471805599452
652,3178,3179,98,98,0,0.09906320091412991,0.6931471805599452,0.6931471805599452
652,3179,3180,98,98,0,0.09912579286159301,0.6931471805599454,0.6931471805599452
652,3180,3181,80,80,1,0.09895844403654337,0.6931471805599452,0.6931471805599452
652,3181,3182,83,83,1,0.09909311071576843,0.6931471805599452,0.6931471805599452
652,3182,3183,98,98,0,0.09908984137737022,0.6931471805599452,0.6931471805599453
652,3183,3184,98,98,0,0.09900486628924098,0.6931471805599452,0.6931471805599452
652,3184,3185,88,88,1,0.09913171743127433,0.6931471805599452,0.6931471805599452
652,3185,3186,98,98,0,0.09917435445347611,0.6931471805599452,0.6931471805599452
652,3186,3187,9,9,1,0.10079443454742432,0.6931471805599452,0.6931471805599452
652,3187,3188,98,98,0,0.09916558557627153,0.6931471805599452,0.6931471805599452
652,3188,3189,98,98,0,0.09888805160108878,0.6931471805599452,0.6931471805599452
652,3189,3190,98,98,0,0.09917247584279702,0.6931471805599452,0.6931471805599453
652,3190,3191,98,98,0,0.09911498336159454,0.6931471805599454,0.6931471805599452
652,3191,3192,98,98,0,0.09920157309697598,0.6931471805599452,0.6931471805599452
652,3192,3193,98,98,0,0.09888048675291393,0.6931471805599452,0.6931471805599452
652,3193,3194,98,98,0,0.09906850694393625,0.6931471805599452,0.6931471805599452
652,3194,3195,98,98,0,0.09912546686067873,0.6931471805599452,0.6931471805599452
652,3195,3196,98,98,0,0.09908080792852811,0.6931471805599452,0.6931471805599452
652,3196,3197,82,82,1,0.09917869028158305,0.6931471805599452,0.6931471805599452
652,3197,3198,73,73,1,0.1009277851410108,0.6931471805599452,0.6931471805599452
652,3198,3199,81,81,1,0.09901106054032291,0.6931471805599452,0.6931471805599452
652,3199,3200,98,98,0,0.09916011145224377,0.6931471805599452,0.6931471805599452
652,3200,3201,80,80,1,0.09915266567841172,0.6931471805599452,0.6931471805599452
652,3201,3202,98,98,0,0.09908451824163904,0.6931471805599452,0.6931471805599452
652,3202,3203,96,96,1,0.099141528752322,0.6931471805599452,0.6931471805599452
652,3203,3204,98,98,0,0.09897967678855876,0.6931471805599452,0.6931471805599452
652,3204,3205,86,86,1,0.0988989257535269,0.6931471805599452,0.6931471805599452
652,3205,3206,78,78,1,0.10100790476187682,0.6931471805599452,0.6931471805599452
652,3206,3207,98,98,0,0.09907838116799082,0.6931471805599452,0.6931471805599452
652,3207,3208,98,98,0,0.0991634731085933,0.6931471805599454,0.6931471805599452
652,3208,3209,12,12,1,0.09910559592147668,0.6931471805599452,0.6931471805599452
652,3209,3210,98,98,0,0.09939139115871215,0.6929656073360877,0.6931453648277066
652,3210,3211,98,98,0,0.09918702028843822,0.6931471805599452,0.6931453648277065
652,3211,3212,66,66,1,0.0987678011032668,0.6931471805599452,0.6931453648277066
652,3212,3213,90,90,1,0.09936339085300763,0.6931471805599452,0.6931453648277066
652,3213,3214,78,78,1,0.09924847957415459,0.6931471805599452,0.6931453648277066
652,3214,3215,98,98,0,0.09912502241073823,0.6931471805599452,0.6931453648277066
652,3215,3216,87,87,1,0.09883379336746259,0.6931471805599452,0.6931453648277066
652,3216,3217,91,91,1,0.09891074420986595,0.6931471805599452,0.6931453648277066
652,3217,3218,69,69,1,0.09902062353448592,0.6931471805599452,0.6931453648277065
652,3218,3219,98,98,0,0.09909261268924693,0.6931471805599452,0.6931453648277066
652,3219,3220,98,98,0,0.09909532006297793,0.6931471805599452,0.6931453648277066
652,3220,3221,83,83,1,0.09893680660121412,0.6931471805599452,0.6931453648277066
652,3221,3222,98,98,0,0.09906466578950687,0.6931471805599452,0.6931453648277066
652,3222,3223,76,76,1,0.09891867490583345,0.6931471805599452,0.6931453648277066
652,3223,3224,89,89,1,0.09903026405680046,0.6931471805599452,0.6931453648277066
652,3224,3225,98,98,0,0.09892988273379755,0.6931471805599452,0.6931453648277066
652,3225,3226,98,98,0,0.09890803892393502,0.6931471805599452,0.6931453648277066
652,3226,3227,89,89,1,0.09888083738892266,0.6931471805599452,0.6931453648277066
652,3227,3228,98,98,0,0.09897153642104596,0.6931471805599452,0.6931453648277066
652,3228,3229,78,78,1,0.09901241509196086,0.6931471805599452,0.6931453648277066
652,3229,3230,69,69,1,0.09889049266559491,0.6931471805599454,0.6931453648277066
652,3230,3231,77,77,1,0.09936985944385653,0.6931471805599452,0.6931453648277066
652,3231,3232,98,98,0,0.09911664005140869,0.6931471805599452,0.6931453648277066
652,3232,3233,98,98,0,0.09907243355196349,0.6931471805599452,0.6931453648277066
652,3233,3234,98,98,0,0.0990834768329348,0.6931471805599452,0.6931453648277066
652,3234,3235,13,13,1,0.10220375943642396,0.6929061005965165,0.6931429540280724
652,3235,3236,98,98,0,0.09910967482291923,0.6931471805599454,0.6931429540280724
652,3236,3237,98,98,0,0.09895577015621322,0.6931471805599452,0.6931429540280724
652,3237,3238,57,57,1,0.09925892164832667,0.6931471805599452,0.6931429540280724
652,3238,3239,98,98,0,0.09888862301500476,0.6931471805599452,0.6931429540280724
652,3239,3240,90,90,1,0.09899807108773126,0.6931471805599452,0.6931429540280725
652,3240,3241,98,98,0,0.09910600480376458,0.6931471805599452,0.6931429540280724
652,3241,3242,66,66,1,0.09899416690071423,0.6931471805599452,0.6931429540280724
652,3242,3243,85,85,1,0.09899408431614147,0.6931471805599452,0.6931429540280724
652,3243,3244,63,63,1,0.09929332834860635,0.6931471805599452,0.6931429540280724
652,3244,3245,95,95,1,0.09915082195871755,0.6931471805599452,0.6931429540280724
652,3245,3246,98,98,0,0.09889954108060622,0.6931471805599452,0.6931429540280724
652,3246,3247,98,98,0,0.09910694471731478,0.6931471805599452,0.6931429540280724
652,3247,3248,98,98,0,0.09915779857915274,0.6931471805599452,0.6931429540280724
652,3248,3249,98,98,0,0.09912449942559612,0.6931471805599452,0.6931429540280724
652,3249,3250,92,92,1,0.09901196501501229,0.6931471805599452,0.6931429540280724
652,3250,3251,98,98,0,0.09936367621531292,0.6929656073360879,0.6931411382958338
652,3251,3252,98,98,0,0.09927254588324197,0.6931471805599452,0.6931411382958338
652,3252,3253,9,9,1,0.10094485017988417,0.6931471805599452,0.6931411382958338
652,3253,3254,98,98,0,0.09924853281403075,0.6931471805599452,0.6931411382958337
652,3254,3255,79,79,1,0.09909210618160948,0.6931471805599452,0.6931411382958338
652,3255,3256,67,67,1,0.0991817502610719,0.6931471805599452,0.6931411382958338
652,3256,3257,98,98,0,0.09908275496290654,0.6931471805599452,0.6931411382958338
652,3257,3258,98,98,0,0.09909268575055259,0.6931471805599452,0.6931411382958338
652,3258,3259,90,90,1,0.09910323826803101,0.6931471805599452,0.6931411382958338
652,3259,3260,89,89,1,0.09898818736330847,0.6931471805599452,0.6931411382958338
652,3260,3261,58,58,1,0.09894236806651642,0.6931471805599452,0.6931411382958337
652,3261,3262,8,8,1,0.09964475221931934,0.6931471805599452,0.6931411382958338
652,3262,3263,98,98,0,0.09921044863912525,0.6931471805599452,0.6931411382958338
652,3263,3264,72,72,1,0.09894867013725969,0.6931471805599452,0.6931411382958338
652,3264,3265,98,98,0,0.09908132209461562,0.6931471805599454,0.6931411382958338
652,3265,3266,98,98,0,0.0991499440706506,0.6931471805599452,0.6931411382958338
652,3266,3267,58,58,1,0.09949241141820776,0.6931471805599452,0.6931411382958338
652,3267,3268,98,98,0,0.09888741077513111,0.6931471805599452,0.6931411382958338
652,3268,3269,86,86,1,0.09904634285458298,0.6931471805599452,0.6931411382958338
652,3269,3270,50,50,1,0.09900000661611558,0.6931471805599452,0.6931411382958338
652,3270,3271,52,52,1,0.09938621549652173,0.6931471805599452,0.6931411382958338
652,3271,3272,91,91,1,0.09905284479424194,0.6931471805599452,0.6931411382958338
652,3272,3273,98,98,0,0.0990318624796916,0.6931471805599452,0.6931411382958338
652,3273,3274,98,98,0,0.0991659369699809,0.6931471805599452,0.6931411382958338
652,3274,3275,10,10,1,0.09903683364391327,0.6931471805599452,0.6931411382958338
652,3275,3276,98,98,0,0.09888934663363866,0.6931471805599452,0.6931411382958338
652,3276,3277,98,98,0,0.0990804709037956,0.6931471805599452,0.6931411382958338
652,3277,3278,70,70,1,0.0992310816688197,0.6931471805599454,0.6931411382958338
652,3278,3279,12,12,1,0.10032373604675134,0.6931471805599452,0.6931411382958338
652,3279,3280,98,98,0,0.09889693474587129,0.6931471805599452,0.6931411382958338
652,3280,3281,10,10,1,0.09868554845452308,0.6931471805599452,0.6931411382958338
652,3281,3282,98,98,0,0.09901874748115637,0.6931471805599452,0.6931411382958338
652,3282,3283,98,98,0,0.09900039784154113,0.6931471805599452,0.6931411382958337
652,3283,3284,98,98,0,0.09908561438930277,0.6931471805599452,0.6931411382958338
652,3284,3285,98,98,0,0.09918819748017253,0.6931471805599452,0.6931411382958338
652,3285,3286,98,98,0,0.0991748689996953,0.6931471805599452,0.6931411382958338
652,3286,3287,98,98,0,0.09913209050285574,0.6931471805599452,0.6931411382958338
652,3287,3288,78,78,1,0.09887712859572509,0.6931471805599452,0.6931411382958338
652,3288,3289,83,83,1,0.09891663401959891,0.6931471805599452,0.6931411382958338
652,3289,3290,10,10,1,0.09880052134394646,0.6931471805599452,0.6931411382958337
652,3290,3291,62,62,1,0.09947636158716294,0.6929521347487626,0.693139187837722
652,3291,3292,98,98,0,0.09882845455894665,0.6931471805599452,0.693139187837722
652,3292,3293,98,98,0,0.09914367243039365,0.6931471805599452,0.693139187837722
652,3293,3294,98,98,0,0.09908811101803974,0.6931471805599452,0.693139187837722
652,3294,3295,98,98,0,0.09911412722906288,0.6931471805599452,0.693139187837722
652,3295,3296,98,98,0,0.09904651237385613,0.6931471805599452,0.693139187837722
652,3296,3297,68,68,1,0.0989556736586725,0.6931471805599452,0.6931391878377218
652,3297,3298,98,98,0,0.098996707827461,0.6931471805599452,0.693139187837722
652,3298,3299,51,51,1,0.09937549192531436,0.6931471805599452,0.693139187837722
652,3299,3300,73,73,1,0.09924951236541957,0.6931471805599452,0.693139187837722
652,3300,3301,93,93,1,0.0995033640534647,0.6929640670735278,0.6931373567028578
652,3301,3302,98,98,0,0.09910292254418743,0.6931471805599452,0.6931373567028578
652,3302,3303,64,64,1,0.09934975963551551,0.6931471805599452,0.6931373567028577
652,3303,3304,98,98,0,0.09898191948934477,0.6931471805599452,0.6931373567028577
652,3304,3305,98,98,0,0.09914559931779394,0.6931471805599452,0.6931373567028578
652,3305,3306,84,84,1,0.09909770850624357,0.6931471805599452,0.6931373567028578
652,3306,3307,94,94,1,0.09891412946137976,0.6931471805599452,0.6931373567028578
652,3307,3308,98,98,1,0.09922470851820342,0.6931471805599454,0.6931373567028578
652,3308,3309,11,11,1,0.09879363666881215,0.6931471805599452,0.6931373567028578
652,3309,3310,98,98,0,0.09906592265683778,0.6931471805599452,0.6931391724350963
652,3310,3311,98,98,0,0.09897777384945325,0.6931471805599452,0.6931391724350964
652,3311,3312,98,98,0,0.09910226438422592,0.6931471805599452,0.6931391724350964
652,3312,3313,98,98,0,0.0991673981960939,0.6931471805599452,0.6931391724350964
652,3313,3314,98,98,0,0.09908753800757077,0.6931471805599452,0.6931391724350964
652,3314,3315,82,82,1,0.0992488785669571,0.6931471805599452,0.6931391724350964
652,3315,3316,98,98,0,0.0989903495932112,0.6931471805599452,0.6931391724350964
652,3316,3317,98,98,0,0.09918418899178505,0.6931471805599452,0.6931391724350963
652,3317,3318,93,93,1,0.09900622606597921,0.6931471805599452,0.6931391724350963
652,3318,3319,98,98,0,0.09919854253530502,0.6931471805599452,0.6931391724350964
652,3319,3320,98,98,0,0.09925270772406034,0.6931471805599452,0.6931391724350964
652,3320,3321,98,98,0,0.09895185229121423,0.6931471805599452,0.6931391724350964
652,3321,3322,75,75,1,0.09888301213582357,0.6931471805599452,0.6931391724350964
652,3322,3323,98,98,0,0.0991199284943999,0.6931471805599452,0.6931391724350964
652,3323,3324,75,75,1,0.09928886085748673,0.6931471805599452,0.6931391724350963
652,3324,3325,75,75,1,0.09897325068712234,0.6931471805599452,0.6931391724350963
652,3325,3326,65,65,1,0.09928455112072138,0.6931471805599452,0.6931391724350964
652,3326,3327,98,98,0,0.09914948616404923,0.6931471805599452,0.6931391724350964
652,3327,3328,60,60,1,0.0991057896365722,0.6931471805599452,0.6931391724350964
652,3328,3329,55,55,1,0.0993476621129296,0.6931471805599452,0.6931391724350964
652,3329,3330,93,93,1,0.09901719956949193,0.6931471805599452,0.6931391724350964
652,3330,3331,98,98,0,0.09895451199643467,0.6931471805599452,0.6931391724350963
652,3331,3332,97,97,1,0.0991199340709706,0.6931471805599452,0.6931391724350963
652,3332,3333,98,98,0,0.09917156550349021,0.6931471805599454,0.6931391724350964
652,3333,3334,98,98,0,0.0991856261175506,0.6931471805599454,0.6931391724350964
652,3334,3335,91,91,1,0.09891128949411623,0.6931471805599454,0.6931415832347306
652,3335,3336,98,98,0,0.09911220680390086,0.6931471805599452,0.6931415832347306
652,3336,3337,89,89,1,0.09913156106230918,0.6931471805599452,0.6931415832347306
652,3337,3338,56,56,1,0.0989956348868353,0.6931471805599452,0.6931415832347306
652,3338,3339,10,10,1,0.10050198584794998,0.6931471805599452,0.6931415832347305
652,3339,3340,71,71,1,0.09935788369514573,0.6931471805599452,0.6931415832347305
652,3340,3341,78,78,1,0.09916873448170148,0.6931471805599452,0.6931415832347306
652,3341,3342,92,92,1,0.0991165459803913,0.6931471805599452,0.6931415832347306
652,3342,3343,98,98,0,0.09914489691050685,0.6931471805599452,0.6931415832347306
652,3343,3344,98,98,0,0.0990999920331702,0.6931471805599452,0.6931415832347306
652,3344,3345,41,41,1,0.09954934112909364,0.6931471805599452,0.6931415832347306
652,3345,3346,98,98,0,0.0991464906505176,0.6931471805599452,0.6931415832347305
652,3346,3347,53,53,1,0.0993050643295612,0.6931471805599452,0.6931415832347305
652,3347,3348,98,98,0,0.0989456911932449,0.6931471805599452,0.6931415832347306
652,3348,3349,98,98,0,0.0989745986096713,0.6931471805599452,0.6931415832347306
652,3349,3350,98,98,0,0.0991927874179519,0.6931471805599454,0.6931415832347306
652,3350,3351,98,98,0,0.09894217771230912,0.6931471805599452,0.6931433989669692
652,3351,3352,98,98,0,0.09911988858057529,0.6931471805599452,0.6931433989669692
652,3352,3353,10,10,1,0.098652795702219,0.6931471805599452,0.6931433989669691
652,3353,3354,98,98,0,0.09909675506000616,0.6931471805599452,0.6931433989669692
652,3354,3355,86,86,1,0.09894725870947506,0.6931471805599452,0.6931433989669692
652,3355,3356,56,56,1,0.09899716877511569,0.6931471805599452,0.6931433989669692
652,3356,3357,98,98,0,0.09893886136765383,0.6931471805599452,0.6931433989669692
652,3357,3358,12,12,1,0.10038547838727634,0.6931471805599452,0.6931433989669692
652,3358,3359,98,98,0,0.09892541147312339,0.6931471805599452,0.6931433989669692
652,3359,3360,98,98,0,0.09953973609573986,0.6931471805599452,0.6931433989669691
652,3360,3361,62,62,1,0.0995531463094296,0.6931471805599452,0.6931433989669692
652,3361,3362,87,87,1,0.09915915354229939,0.6931471805599452,0.6931433989669692
652,3362,3363,75,75,1,0.09904665340979894,0.6931471805599452,0.6931433989669692
652,3363,3364,89,89,1,0.0988792111532072,0.6931471805599452,0.6931433989669692
652,3364,3365,79,79,1,0.09895469021948078,0.6931471805599454,0.6931433989669692
652,3365,3366,98,98,0,0.09898296371102333,0.6931471805599452,0.6931433989669692
652,3366,3367,98,98,0,0.09901155181685273,0.6931471805599452,0.6931433989669691
652,3367,3368,98,98,0,0.09903898911208522,0.6931471805599452,0.6931433989669691
652,3368,3369,98,98,0,0.0989338000666122,0.6931471805599452,0.6931433989669692
652,3369,3370,98,98,0,0.09886055150810553,0.6931471805599452,0.6931433989669692
652,3370,3371,98,98,0,0.09896883908279087,0.6931471805599452,0.6931433989669692
652,3371,3372,57,57,1,0.09930092527678139,0.6931471805599452,0.6931433989669692
652,3372,3373,71,71,1,0.09923672822999283,0.6931471805599452,0.6931433989669692
652,3373,3374,77,77,1,0.09900433608850875,0.6931471805599452,0.6931433989669691
652,3374,3375,98,98,0,0.0989257599018058,0.6931471805599452,0.6931433989669691
652,3375,3376,98,98,0,0.09908915615203429,0.6931471805599452,0.6931433989669692
652,3376,3377,8,8,1,0.09889494348317385,0.6931471805599452,0.6931433989669692
652,3377,3378,98,98,0,0.09919718721387338,0.6931471805599452,0.6931433989669692
652,3378,3379,8,8,1,0.09911025129258633,0.6931471805599452,0.6931433989669692
652,3379,3380,98,98,0,0.09905764004405664,0.6931471805599452,0.6931433989669692
652,3380,3381,98,98,0,0.09914291323143609,0.6931471805599452,0.6931433989669692
652,3381,3382,74,74,1,0.10311028552619186,0.6931471805599452,0.6931433989669691
652,3382,3383,66,66,1,0.099482109713735,0.6929539753183979,0.6931414669145538
652,3383,3384,87,87,1,0.09899812465769121,0.6931471805599452,0.6931414669145538
652,3384,3385,98,98,0,0.09911167226275619,0.6931471805599452,0.6931414669145538
652,3385,3386,98,98,0,0.09913417468873822,0.6931471805599454,0.6931414669145538
652,3386,3387,78,78,1,0.09901199623560294,0.6931471805599452,0.6931414669145536
652,3387,3388,14,14,1,0.09898344214473452,0.6931471805599452,0.6931414669145536
652,3388,3389,88,88,1,0.09905046724121679,0.6931471805599452,0.6931414669145536
652,3389,3390,98,98,0,0.09908015949993718,0.6931471805599452,0.6931414669145538
652,3390,3391,98,98,0,0.09913545862144353,0.6931471805599452,0.6931434173726656
652,3391,3392,98,98,0,0.09914320053494706,0.6931471805599454,0.6931434173726656
652,3392,3393,95,95,1,0.09904581629916241,0.6931471805599452,0.6931434173726656
652,3393,3394,66,66,1,0.09917577909249248,0.6931471805599452,0.6931434173726655
652,3394,3395,98,98,0,0.09894557768593029,0.6931471805599452,0.6931434173726655
652,3395,3396,98,98,0,0.09917910579515964,0.6931471805599452,0.6931434173726655
652,3396,3397,98,98,0,0.09908353871836954,0.6931471805599452,0.6931434173726656
652,3397,3398,78,78,1,0.09895810198325378,0.6931471805599452,0.6931434173726656
652,3398,3399,13,13,1,0.10034688218281819,0.6931471805599452,0.6931434173726656
652,3399,3400,98,98,0,0.09886691422790897,0.6931471805599452,0.6931434173726656
652,3400,3401,98,98,0,0.09907134751580199,0.6931471805599452,0.6931452485075298
652,3401,3402,98,98,0,0.09901574292049116,0.6931471805599452,0.6931452485075296
652,3402,3403,98,98,0,0.09911313858263347,0.6931471805599452,0.6931452485075298
652,3403,3404,98,98,0,0.09896872466316028,0.6931471805599452,0.6931452485075298
652,3404,3405,98,98,0,0.09893346600690667,0.6931471805599452,0.6931452485075298
652,3405,3406,98,98,0,0.09897017836266635,0.6931471805599452,0.6931452485075298
652,3406,3407,84,84,1,0.09891678552542414,0.6931471805599452,0.6931452485075298
652,3407,3408,67,67,1,0.09898712941959723,0.6931471805599452,0.6931452485075298
652,3408,3409,83,83,1,0.09913719795554517,0.6931471805599452,0.6931452485075296
652,3409,3410,82,82,1,0.09895317674410052,0.6931471805599452,0.6931452485075298
652,3410,3411,90,90,1,0.09892013255092832,0.6931471805599452,0.6931452485075298
652,3411,3412,98,98,0,0.09898301502879785,0.6931471805599452,0.6931452485075298
652,3412,3413,59,59,1,0.09902406446004318,0.6931471805599452,0.6931452485075298
652,3413,3414,98,98,0,0.09918228445612655,0.6931471805599452,0.6931452485075298
652,3414,3415,70,70,1,0.09924696939332145,0.6931471805599454,0.6931452485075298
652,3415,3416,74,74,1,0.099357202548433,0.6929573429162733,0.693143350131093
652,3416,3417,83,83,1,0.09914520248232117,0.6931471805599452,0.693143350131093
652,3417,3418,98,98,0,0.09892583722058608,0.6931471805599452,0.693143350131093
652,3418,3419,98,98,0,0.09910047442025068,0.6931471805599452,0.693143350131093
652,3419,3420,85,85,1,0.09890064825029934,0.6931471805599452,0.693143350131093
652,3420,3421,60,60,1,0.09883832807342212,0.6931471805599452,0.693143350131093
652,3421,3422,9,9,1,0.10083298136790593,0.6931471805599452,0.693143350131093
652,3422,3423,91,91,1,0.09900536772969006,0.6931471805599454,0.693143350131093
652,3423,3424,98,98,0,0.09886932829204871,0.6931471805599452,0.693143350131093
652,3424,3425,64,64,1,0.0992272230796516,0.6931471805599452,0.693143350131093
652,3425,3426,98,98,0,0.0992268334542002,0.6931471805599454,0.693143350131093
652,3426,3427,51,51,1,0.09935646591817632,0.6931471805599452,0.693143350131093
652,3427,3428,97,97,1,0.10118012729379319,0.6929653056867917,0.6931415313823615
652,3428,3429,98,98,0,0.09909219659712849,0.6931471805599452,0.6931415313823615
652,3429,3430,98,98,0,0.0991267120199544,0.6931471805599452,0.6931415313823613
652,3430,3431,51,51,1,0.09898265728763506,0.6931471805599452,0.6931415313823615
652,3431,3432,56,56,1,0.0993173558797155,0.6931471805599452,0.6931415313823615
652,3432,3433,88,88,1,0.09908100717108358,0.6931471805599452,0.6931415313823615
652,3433,3434,98,98,0,0.09914025497071598,0.6931471805599452,0.6931415313823615
652,3434,3435,98,98,0,0.09918009847098468,0.6931471805599452,0.6931415313823615
652,3435,3436,85,85,1,0.09890984629883486,0.6931471805599452,0.6931415313823615
652,3436,3437,98,98,0,0.09907094275160712,0.6931471805599452,0.6931415313823613
652,3437,3438,76,76,1,0.09897854992825734,0.6931471805599452,0.6931415313823613
652,3438,3439,94,94,1,0.09901295990702953,0.6931471805599452,0.6931415313823615
652,3439,3440,98,98,0,0.09894144991222693,0.6931471805599452,0.6931415313823615
652,3440,3441,98,98,0,0.09894449210592679,0.6931471805599452,0.6931415313823615
652,3441,3442,87,87,1,0.09908129428995066,0.6931471805599452,0.6931415313823615
652,3442,3443,86,86,1,0.09899392221556154,0.6931471805599452,0.6931415313823615
652,3443,3444,98,98,0,0.09907660998251973,0.6931471805599454,0.6931415313823613
652,3444,3445,66,66,1,0.09895373937306982,0.6931471805599452,0.6931415313823613
652,3445,3446,98,98,0,0.09911003556786752,0.6931471805599452,0.6931415313823615
652,3446,3447,98,98,0,0.09898736396310281,0.6931471805599452,0.6931415313823615
652,3447,3448,98,98,0,0.09911165295206771,0.6931471805599452,0.6931415313823615
652,3448,3449,78,78,1,0.0989861326913039,0.6931471805599452,0.6931415313823615
652,3449,3450,76,76,1,0.09894127771258354,0.6931471805599452,0.6931415313823615
652,3450,3451,23,23,1,0.09989150969878487,0.6931471805599452,0.6931415313823613
652,3451,3452,83,83,1,0.0991263288151787,0.6931471805599452,0.6931415313823613
652,3452,3453,48,48,1,0.09933658487473924,0.6931471805599452,0.6931415313823615
652,3453,3454,98,98,0,0.09902297500140812,0.6931471805599452,0.6931415313823615
652,3454,3455,98,98,0,0.09891862133327796,0.6931471805599452,0.6931415313823615
652,3455,3456,73,73,1,0.09917885748899147,0.6931471805599452,0.6931415313823615
652,3456,3457,98,98,0,0.09918923714027113,0.6931471805599452,0.6931415313823615
652,3457,3458,98,98,0,0.09912735892801869,0.6931471805599452,0.6931415313823613
652,3458,3459,98,98,0,0.09889036074888949,0.6931471805599452,0.6931415313823613
652,3459,3460,68,68,1,0.0989806972005788,0.6931471805599452,0.6931415313823615
652,3460,3461,98,98,0,0.09891971474399372,0.6931471805599452,0.6931415313823615
652,3461,3462,96,96,1,0.09896152877869706,0.6931471805599452,0.6931415313823615
652,3462,3463,70,70,1,0.09905899986624718,0.6931471805599452,0.6931415313823615
652,3463,3464,98,98,0,0.09909948296084696,0.6931471805599452,0.6931415313823615
652,3464,3465,98,98,0,0.09896358832412837,0.6931471805599452,0.6931415313823613
652,3465,3466,98,98,0,0.09888078006250518,0.6931471805599452,0.6931415313823613
652,3466,3467,98,98,0,0.09902702918162151,0.6931471805599452,0.6931415313823615
652,3467,3468,11,11,1,0.10070052539760416,0.6931471805599452,0.6931415313823615
652,3468,3469,98,98,0,0.09916243694570599,0.6931471805599452,0.6931415313823615
652,3469,3470,77,77,1,0.09915342859246513,0.6931471805599452,0.6931415313823615
652,3470,3471,89,89,1,0.09895631059836806,0.6931471805599452,0.6931415313823615
652,3471,3472,55,55,1,0.09930512105876749,0.6931471805599452,0.6931415313823613
652,3472,3473,98,98,0,0.09914931069527354,0.6931471805599452,0.6931415313823613
652,3473,3474,98,98,0,0.09892399791552096,0.6931471805599452,0.6931415313823615
652,3474,3475,58,58,1,0.09935172287554576,0.6931471805599454,0.6931415313823615
652,3475,3476,98,98,0,0.09913466528666262,0.6931471805599454,0.6931415313823615
652,3476,3477,98,98,0,0.0989653262860921,0.6931471805599452,0.6931415313823615
652,3477,3478,72,72,1,0.09888567672007614,0.6931471805599452,0.6931415313823615
652,3478,3479,98,98,0,0.0990735978952476,0.6931471805599452,0.6931415313823615
652,3479,3480,79,79,1,0.1028825486008125,0.692959267046943,0.6931396522472313
652,3480,3481,98,98,0,0.09895198130790069,0.6931471805599452,0.6931396522472313
652,3481,3482,98,98,1,0.09934038532023527,0.6931471805599452,0.6931396522472315
652,3482,3483,98,98,1,0.09905518127643333,0.6931471805599452,0.6931415842996469
652,3483,3484,98,98,0,0.09907786411290266,0.6931471805599452,0.6931415842996469
652,3484,3485,69,69,1,0.09895702311094257,0.6931471805599452,0.6931415842996469
652,3485,3486,98,98,0,0.09922215874705996,0.6931471805599452,0.6931415842996469
652,3486,3487,80,80,1,0.0990519548766315,0.6931471805599452,0.6931415842996469
652,3487,3488,98,98,0,0.09922436267441632,0.6931471805599452,0.6931415842996469
652,3488,3489,98,98,0,0.0991378874346918,0.6931471805599452,0.6931415842996469
652,3489,3490,98,98,0,0.09891934898130748,0.6931471805599452,0.6931415842996469
652,3490,3491,98,98,1,0.09897154090659958,0.6931471805599452,0.6931415842996469
652,3491,3492,98,98,0,0.099108344970309,0.6931471805599452,0.6931415842996469
652,3492,3493,66,66,1,0.09930305036179947,0.6931471805599452,0.6931415842996469
652,3493,3494,98,98,0,0.09915079526147064,0.6931471805599452,0.6931415842996469
652,3494,3495,98,98,0,0.09891957797262134,0.6931471805599452,0.6931415842996469
652,3495,3496,68,68,1,0.09929970147855141,0.6931471805599452,0.6931415842996469
652,3496,3497,56,56,1,0.09931884173836027,0.6931471805599452,0.6931415842996469
652,3497,3498,59,59,1,0.09911853226564699,0.6931471805599452,0.6931415842996469
652,3498,3499,98,98,0,0.09888329995529992,0.6931471805599452,0.6931415842996469
652,3499,3500,98,98,0,0.09904329250661695,0.6931471805599452,0.6931415842996469
652,3500,3501,98,98,0,0.0989762143973185,0.6931471805599452,0.6931415842996468
652,3501,3502,65,65,1,0.09924495346271074,0.6931471805599452,0.6931415842996469
652,3502,3503,98,98,0,0.09895614367358539,0.6931471805599452,0.6931415842996469
652,3503,3504,98,98,0,0.09897934060011591,0.6931471805599452,0.6931415842996469
652,3504,3505,54,54,1,0.09950794652104378,0.6931471805599452,0.6931415842996469
652,3505,3506,52,52,1,0.09905003971205308,0.6931471805599452,0.6931415842996469
652,3506,3507,41,41,1,0.0991439955627046,0.6931471805599452,0.6931415842996469
652,3507,3508,98,98,0,0.09884407112793046,0.6931471805599452,0.6931415842996468
652,3508,3509,12,12,1,0.09896918013691902,0.6931471805599452,0.6931415842996469
652,3509,3510,98,98,0,0.0988823129054235,0.6931471805599452,0.6931415842996469
652,3510,3511,98,98,0,0.09897600889814143,0.6931471805599452,0.6931415842996469
652,3511,3512,67,67,1,0.0992317107408794,0.6931471805599452,0.6931415842996469
652,3512,3513,98,98,0,0.09895121769941582,0.6931471805599452,0.6931415842996469
652,3513,3514,98,98,0,0.09909442546112197,0.6931471805599452,0.6931415842996469
652,3514,3515,95,95,1,0.0991382509469986,0.6931471805599452,0.6931415842996468
652,3515,3516,98,98,0,0.09892178106368804,0.6931471805599452,0.6931434826760835
652,3516,3517,64,64,1,0.0991531970212236,0.6931471805599452,0.6931434826760836
652,3517,3518,73,73,1,0.09905093204076976,0.6931471805599452,0.6931434826760836
652,3518,3519,82,82,1,0.09923685233040554,0.6931471805599452,0.6931434826760836
652,3519,3520,98,98,0,0.09879066407376406,0.6931471805599452,0.6931434826760836
652,3520,3521,91,91,1,0.09905006261644783,0.6931471805599452,0.6931434826760836
652,3521,3522,12,12,1,0.10010330068568389,0.6931471805599452,0.6931434826760835
652,3522,3523,98,98,0,0.09915036039084804,0.6931471805599452,0.6931434826760835
652,3523,3524,98,98,0,0.09916201089413798,0.6931471805599452,0.6931434826760836
652,3524,3525,98,98,0,0.09914280983562372,0.6931471805599452,0.6931434826760836
652,3525,3526,98,98,0,0.0989423995571477,0.6931471805599452,0.6931434826760836
652,3526,3527,95,95,1,0.09889776189076273,0.6931471805599452,0.6931434826760836
652,3527,3528,76,76,1,0.09912039996369888,0.6931471805599452,0.6931453014248151
652,3528,3529,98,98,0,0.09911840203769352,0.6931471805599452,0.6931453014248151
652,3529,3530,98,98,0,0.09907700600368637,0.6931471805599452,0.6931453014248151
652,3530,3531,98,98,0,0.09893817492589659,0.6931471805599452,0.6931453014248151
652,3531,3532,76,76,1,0.09921927308957827,0.6931471805599452,0.6931453014248151
652,3532,3533,98,98,0,0.0991654093472325,0.6931471805599454,0.6931453014248151
652,3533,3534,58,58,1,0.09926788521737888,0.6931471805599452,0.6931453014248151
652,3534,3535,98,98,0,0.09889225851820439,0.6931471805599452,0.6931453014248151
652,3535,3536,98,98,0,0.09911465485181127,0.6931471805599454,0.6931453014248151
652,3536,3537,98,98,0,0.09888446749169,0.6931471805599452,0.6931453014248151
652,3537,3538,93,93,1,0.09916129491982921,0.6931471805599452,0.6931453014248151
652,3538,3539,98,98,0,0.09919097525428752,0.6931471805599454,0.6931453014248151
652,3539,3540,94,94,1,0.09968563034496408,0.6931471805599452,0.6931453014248151
652,3540,3541,62,62,1,0.09935520481198065,0.6929521347487626,0.6931433509667033
652,3541,3542,98,98,0,0.09890343347678379,0.6931471805599452,0.6931433509667033
652,3542,3543,83,83,1,0.09899025823337486,0.6931471805599452,0.6931433509667033
652,3543,3544,98,98,0,0.09897030806358979,0.6931471805599452,0.6931433509667033
652,3544,3545,98,98,0,0.09894544083853157,0.6931471805599452,0.6931433509667033
652,3545,3546,97,97,1,0.09921570913386099,0.6931471805599452,0.6931433509667033
652,3546,3547,98,98,0,0.0991267984618946,0.6931471805599452,0.6931433509667033
652,3547,3548,98,98,0,0.09892267566554401,0.6931471805599452,0.6931433509667033
652,3548,3549,98,98,0,0.09893660422186462,0.6931471805599452,0.6931433509667033
652,3549,3550,98,98,0,0.09917376973495191,0.6931471805599452,0.6931433509667033
652,3550,3551,98,98,0,0.09892281555399603,0.6931471805599452,0.6931433509667033
652,3551,3552,84,84,1,0.09903984082241853,0.6931471805599452,0.6931433509667033
652,3552,3553,12,12,1,0.09908576682209969,0.6931471805599452,0.6931433509667033
652,3553,3554,98,98,0,0.0989938994907603,0.6931471805599452,0.6931433509667033
652,3554,3555,98,98,0,0.09909653458364155,0.6931471805599452,0.6931433509667033
652,3555,3556,79,79,1,0.09886366581615014,0.6931471805599452,0.6931433509667033
652,3556,3557,86,86,1,0.09891214758850807,0.6931471805599452,0.6931433509667033
652,3557,3558,98,98,0,0.09890800471208533,0.6931471805599452,0.6931433509667033
652,3558,3559,89,89,1,0.09921140675799231,0.6931471805599452,0.6931433509667033
652,3559,3560,98,98,0,0.09888187233282596,0.6931471805599452,0.6931433509667033
652,3560,3561,98,98,0,0.09892218909701522,0.6931471805599452,0.6931433509667033
652,3561,3562,79,79,1,0.10008032082379618,0.6928121055320615,0.6931400002164244
652,3562,3563,98,98,0,0.09908232746683822,0.6931471805599452,0.6931400002164244
652,3563,3564,98,98,0,0.09914701470002836,0.6931471805599452,0.6931400002164244
652,3564,3565,98,98,0,0.09899173448888623,0.6931471805599452,0.6931400002164245
652,3565,3566,82,82,1,0.0991751104593277,0.6931471805599452,0.6931400002164245
652,3566,3567,10,10,1,0.10045082345604897,0.6931471805599452,0.6931400002164245
652,3567,3568,98,98,0,0.0990876019457165,0.6931471805599452,0.6931400002164245
652,3568,3569,98,98,0,0.0990883078502149,0.6931471805599452,0.6931400002164244
652,3569,3570,98,98,0,0.0991097239359301,0.6931471805599454,0.6931400002164244
652,3570,3571,98,98,0,0.0991056366082357,0.6931471805599452,0.6931400002164244
652,3571,3572,80,80,1,0.09891691859811544,0.6931471805599452,0.6931400002164245
652,3572,3573,79,79,1,0.0992202864417547,0.6931471805599452,0.6931400002164245
652,3573,3574,98,98,0,0.09895866964848674,0.6931471805599452,0.6931400002164245
652,3574,3575,76,76,1,0.09922511571724164,0.6931471805599452,0.6931400002164245
652,3575,3576,98,98,1,0.09902255320731475,0.6931471805599452,0.6931400002164244
652,3576,3577,98,98,0,0.09905767129087935,0.6931471805599452,0.6931400002164244
652,3577,3578,98,98,0,0.09910910090013426,0.6931471805599452,0.6931400002164244
652,3578,3579,74,74,1,0.09926458025300824,0.6931471805599452,0.6931400002164244
652,3579,3580,67,67,1,0.09952066004721087,0.6929544179935756,0.6931399517258909
652,3580,3581,98,98,0,0.09895118189101317,0.6931471805599452,0.6931399517258909
652,3581,3582,98,98,0,0.09893307066997703,0.6931471805599452,0.6931399517258909
652,3582,3583,69,69,1,0.09882580564505812,0.6931471805599452,0.6931399517258909
652,3583,3584,86,86,1,0.09893491699598557,0.6931471805599452,0.6931399517258907
652,3584,3585,12,12,1,0.10045342830320199,0.6931471805599452,0.6931399517258907
652,3585,3586,78,78,1,0.09889449465733308,0.6931471805599452,0.6931399517258907
652,3586,3587,98,98,0,0.09916662386789614,0.6931471805599452,0.6931399517258909
652,3587,3588,98,98,0,0.09896173404187572,0.6931471805599452,0.6931399517258909
652,3588,3589,76,76,1,0.0989731186510701,0.6931471805599452,0.6931399517258909
652,3589,3590,98,98,0,0.0989792990897383,0.6931471805599452,0.6931399517258909
652,3590,3591,65,65,1,0.09892393350601196,0.6931471805599452,0.6931399517258907
652,3591,3592,98,98,0,0.09895159022844567,0.6931471805599452,0.6931399517258907
652,3592,3593,98,98,0,0.09891244791904275,0.6931471805599452,0.6931399517258907
652,3593,3594,98,98,1,0.09915248540287115,0.6931471805599452,0.6931399517258909
652,3594,3595,79,79,1,0.09900631755590439,0.6931471805599452,0.6931399517258909
652,3595,3596,98,98,0,0.09909169847259716,0.6931471805599452,0.6931399517258909
652,3596,3597,56,56,1,0.09905879532120057,0.6931471805599452,0.6931399517258909
652,3597,3598,98,98,0,0.0991937795615926,0.6931471805599454,0.6931399517258907
652,3598,3599,98,98,0,0.09912024757691792,0.6931471805599452,0.6931399517258907
652,3599,3600,57,57,1,0.09927096400867429,0.6931471805599452,0.6931399517258907
652,3600,3601,81,81,1,0.09891435632735122,0.6931471805599452,0.6931399517258909
652,3601,3602,9,9,1,0.09858594006962246,0.6931471805599452,0.6931399517258909
652,3602,3603,98,98,0,0.09888802407955637,0.6931471805599452,0.6931399517258909
652,3603,3604,54,54,1,0.09930529928317776,0.6931471805599452,0.6931399517258909
652,3604,3605,98,98,0,0.09911951886451974,0.6931471805599452,0.6931399517258909
652,3605,3606,98,98,0,0.09889342362175182,0.6931471805599452,0.6931399517258907
652,3606,3607,98,98,0,0.09891571051308087,0.6931471805599452,0.6931399517258907
652,3607,3608,85,85,1,0.09926007775699391,0.6931471805599452,0.6931399517258909
652,3608,3609,89,89,1,0.0991458852639359,0.6931471805599452,0.6931399517258909
652,3609,3610,8,8,1,0.09907062351703644,0.6931471805599452,0.6931399517258909
652,3610,3611,98,98,0,0.0989753331760971,0.6931471805599452,0.6931399517258909
652,3611,3612,82,82,1,0.0988552273228401,0.6931471805599452,0.6931399517258909
652,3612,3613,98,98,0,0.0988737689141108,0.6931471805599452,0.6931399517258907
652,3613,3614,98,98,0,0.09895949491432735,0.6931471805599452,0.6931399517258907
652,3614,3615,94,94,1,0.09921544132397529,0.6931471805599452,0.6931399517258909
652,3615,3616,98,98,0,0.09906917992903262,0.6931471805599452,0.6931399517258909
652,3616,3617,98,98,0,0.10033349282279307,0.6931471805599452,0.6931399517258909
652,3617,3618,98,98,0,0.09893519689842147,0.6931471805599452,0.6931399517258909
652,3618,3619,98,98,0,0.09892344528010913,0.6931471805599452,0.6931399517258909
652,3619,3620,98,98,0,0.09912395081957992,0.6931471805599454,0.6931399517258907
652,3620,3621,82,82,1,0.09917600480158155,0.6931471805599452,0.6931399517258907
652,3621,3622,79,79,1,0.09913821735336811,0.6931471805599452,0.6931399517258909
652,3622,3623,67,67,1,0.09896257319557134,0.6931471805599452,0.6931399517258909
652,3623,3624,98,98,0,0.0991667379834214,0.6931471805599452,0.6931399517258909
652,3624,3625,82,82,1,0.0990891002300309,0.6931471805599452,0.6931399517258909
652,3625,3626,98,98,0,0.09889739136002501,0.6931471805599452,0.6931399517258909
652,3626,3627,98,98,0,0.09905608127615889,0.6931471805599452,0.6931399517258907
652,3627,3628,98,98,0,0.0989917880114244,0.6931471805599452,0.6931399517258907
652,3628,3629,76,76,1,0.09918020038228285,0.6931471805599452,0.6931399517258907
652,3629,3630,73,73,1,0.09895310397833994,0.6931471805599452,0.6931399517258909
652,3630,3631,98,98,0,0.09896415852162303,0.6931471805599452,0.6931399517258909
652,3631,3632,75,75,1,0.09914903243382772,0.6931471805599452,0.6931399517258909
652,3632,3633,78,78,1,0.10098125584996663,0.6929588921760877,0.6931380688420522
652,3633,3634,98,98,0,0.09905430955850349,0.6931471805599452,0.6931380688420522
652,3634,3635,86,86,1,0.09925927689602208,0.6931471805599452,0.6931380688420522
652,3635,3636,56,56,1,0.09925762976386718,0.6931471805599452,0.6931380688420522
652,3636,3637,98,98,0,0.09907623920209553,0.6931471805599454,0.6931380688420523
652,3637,3638,74,74,1,0.09909263494852427,0.6931471805599452,0.6931380688420523
652,3638,3639,73,73,1,0.09919671173373314,0.6931471805599452,0.6931380688420522
652,3639,3640,98,98,0,0.09910139274232242,0.6931471805599452,0.6931380688420522
652,3640,3641,95,95,1,0.09907752808771636,0.6931471805599452,0.693140019300164
652,3641,3642,98,98,0,0.09903504334542217,0.6931471805599452,0.693140019300164
652,3642,3643,98,98,0,0.09912573645005421,0.6931471805599452,0.693140019300164
652,3643,3644,98,98,0,0.09908907244704207,0.6931471805599452,0.6931400193001642
652,3644,3645,98,98,0,0.0989982972339708,0.6931471805599452,0.6931400193001642
652,3645,3646,98,98,0,0.09914523636808201,0.6931471805599452,0.693140019300164
652,3646,3647,98,98,0,0.09896233092461314,0.6931471805599452,0.693140019300164
652,3647,3648,98,98,0,0.09909790381789207,0.6931471805599452,0.693140019300164
652,3648,3649,62,62,1,0.09927264961504167,0.6931471805599452,0.693140019300164
652,3649,3650,9,9,1,0.10091411156786813,0.6931471805599452,0.693140019300164
652,3650,3651,98,98,0,0.09892077173809616,0.6931471805599452,0.6931400193001642
652,3651,3652,97,97,1,0.09914218933926415,0.6931471805599452,0.6931400193001642
652,3652,3653,63,63,1,0.09918482365116241,0.6931471805599452,0.6931400193001642
652,3653,3654,45,45,1,0.09937577611870235,0.6931471805599452,0.693140019300164
652,3654,3655,98,98,0,0.09905877625759767,0.6931471805599452,0.693140019300164
652,3655,3656,98,98,0,0.09893583133816719,0.6931471805599452,0.693140019300164
652,3656,3657,98,98,0,0.09894211666316402,0.6931471805599452,0.693140019300164
652,3657,3658,98,98,0,0.09918951668909617,0.6931471805599452,0.6931400193001642
652,3658,3659,98,98,0,0.09899269090015062,0.6931471805599452,0.6931400193001642
652,3659,3660,88,88,1,0.09896778916432099,0.6931471805599452,0.6931400193001642
652,3660,3661,58,58,1,0.09900297237367466,0.6931471805599452,0.693140019300164
652,3661,3662,10,10,1,0.0992545984685421,0.6931471805599452,0.6931433700504429
652,3662,3663,98,98,0,0.09913428621936818,0.6931471805599452,0.6931433700504429
652,3663,3664,83,83,1,0.09918545366051686,0.6931471805599452,0.6931433700504429
652,3664,3665,13,13,1,0.10000192660551804,0.6931471805599452,0.6931433700504429
652,3665,3666,68,68,1,0.09923732466995716,0.6931471805599452,0.6931433700504429
652,3666,3667,84,84,1,0.09913039411462489,0.6931471805599452,0.6931433700504429
652,3667,3668,98,98,0,0.09897344688675841,0.6931471805599452,0.6931433700504428
652,3668,3669,8,8,1,0.09934649709612131,0.6931471805599452,0.6931433700504429
652,3669,3670,98,98,0,0.09913505066414269,0.6931471805599452,0.6931433700504429
652,3670,3671,98,98,0,0.09896523824759892,0.6931471805599452,0.6931433700504429
652,3671,3672,98,98,0,0.09913744815454191,0.6931471805599452,0.6931433700504429
652,3672,3673,98,98,0,0.09899231266914582,0.6931471805599452,0.6931433700504429
652,3673,3674,98,98,0,0.09907188578223695,0.6931471805599452,0.6931433700504429
652,3674,3675,98,98,0,0.0989481690434777,0.6931471805599452,0.6931433700504428
652,3675,3676,98,98,0,0.09889132172173383,0.6931471805599452,0.6931433700504429
652,3676,3677,91,91,1,0.09889747030459918,0.6931471805599454,0.6931433700504429
652,3677,3678,98,98,0,0.09896984726798777,0.6931471805599452,0.6931433700504429
652,3678,3679,98,98,0,0.09909929555593705,0.6931471805599452,0.6931433700504429
652,3679,3680,93,93,1,0.09908797303515096,0.6931471805599452,0.6931452976761067
652,3680,3681,76,76,1,0.09897126776999549,0.6931471805599452,0.6931452976761067
652,3681,3682,77,77,1,0.09903079967994194,0.6931471805599452,0.6931452976761066
652,3682,3683,98,98,0,0.09896143024065057,0.6931471805599452,0.6931452976761066
652,3683,3684,98,98,0,0.0990350217539437,0.6931471805599452,0.6931452976761067
652,3684,3685,93,93,1,0.09898715682568089,0.6931471805599452,0.6931452976761067
652,3685,3686,98,98,0,0.09891147919151248,0.6931471805599452,0.6931452976761067
652,3686,3687,92,92,1,0.09913558966439703,0.6931471805599454,0.6931452976761067
652,3687,3688,98,98,0,0.09898240697018955,0.6931471805599452,0.6931452976761067
652,3688,3689,98,98,0,0.09891528636217117,0.6931471805599452,0.6931452976761066
652,3689,3690,93,93,1,0.09915922253683049,0.6931471805599454,0.6931452976761066
652,3690,3691,71,71,1,0.09893648452322248,0.6931471805599452,0.6931452976761067
652,3691,3692,79,79,1,0.09909698980141289,0.6931471805599452,0.6931452976761067
652,3692,3693,98,98,0,0.09908456302114896,0.6931471805599452,0.6931452976761067
652,3693,3694,98,98,0,0.09891218380356322,0.6931471805599452,0.6931452976761067
652,3694,3695,47,47,1,0.0989784079980343,0.6931471805599452,0.6931452976761067
652,3695,3696,66,66,1,0.09914855207457687,0.6931471805599452,0.6931452976761066
652,3696,3697,98,98,0,0.0989703695688929,0.6931471805599452,0.6931452976761066
652,3697,3698,86,86,1,0.098985260309175,0.6931471805599452,0.6931452976761067
652,3698,3699,67,67,1,0.0991743483872556,0.6931471805599452,0.6931452976761067
652,3699,3700,83,83,1,0.09931310544531029,0.6931471805599452,0.6931452976761067
652,3700,3701,97,97,1,0.09897915880704664,0.6931471805599452,0.6931452976761067
652,3701,3702,73,73,1,0.0991362185306745,0.6931471805599452,0.6931452976761067
652,3702,3703,91,91,1,0.09892184999617902,0.6931471805599454,0.6931452976761067
652,3703,3704,98,98,0,0.09892630181750472,0.6931471805599452,0.6931452976761066
652,3704,3705,94,94,1,0.09892894993437097,0.6931471805599452,0.6931452976761066
652,3705,3706,98,98,0,0.09918606212856818,0.6931471805599452,0.6931452976761067
652,3706,3707,94,94,1,0.0990843818859851,0.6931471805599452,0.6931452976761067
652,3707,3708,98,98,0,0.09904590621590614,0.6931471805599452,0.6931452976761067
652,3708,3709,98,98,0,0.09913644232616133,0.6931471805599452,0.6931452976761067
652,3709,3710,98,98,0,0.09909598521736203,0.6931471805599452,0.6931452976761067
652,3710,3711,98,98,0,0.09898631267097531,0.6931471805599452,0.6931452976761066
652,3711,3712,91,91,1,0.09904563443346338,0.6931471805599452,0.6931452976761066
652,3712,3713,82,82,1,0.09914390906328108,0.6931471805599452,0.6931452976761067
652,3713,3714,98,98,0,0.09898223256578251,0.6931471805599452,0.6931452976761067
652,3714,3715,73,73,1,0.09902981729948357,0.6931471805599452,0.6931452976761067
652,3715,3716,79,79,1,0.09931075346620777,0.6931471805599452,0.6931452976761067
652,3716,3717,77,77,1,0.09890974893585427,0.6931471805599452,0.6931452976761067
652,3717,3718,89,89,1,0.09921466148971173,0.6931471805599452,0.6931452976761066
652,3718,3719,98,98,0,0.09909134578644013,0.6931471805599452,0.6931452976761066
652,3719,3720,98,98,0,0.09906743763356793,0.6931471805599452,0.6931452976761067
652,3720,3721,98,98,0,0.09908515420191143,0.6931471805599452,0.6931452976761067
652,3721,3722,98,98,0,0.09907707032196376,0.6931471805599452,0.6931452976761067
652,3722,3723,78,78,1,0.0993304685331308,0.6931471805599452,0.6931452976761067
652,3723,3724,98,98,0,0.09914973864749986,0.6931471805599452,0.6931452976761067
652,3724,3725,98,98,0,0.09914899396957183,0.6931471805599452,0.6931452976761066
652,3725,3726,75,75,1,0.09940342823664347,0.6931471805599452,0.6931452976761066
652,3726,3727,11,11,1,0.099070744080977,0.6931471805599452,0.6931452976761067
652,3727,3728,8,8,1,0.09908799547702074,0.6931471805599452,0.6931452976761067
652,3728,3729,98,98,0,0.09908527082630567,0.6931471805599454,0.6931452976761067
652,3729,3730,91,91,1,0.09913235092228585,0.6931471805599452,0.6931452976761067
652,3730,3731,55,55,1,0.09925599152391607,0.6931471805599452,0.6931452976761067
652,3731,3732,98,98,0,0.09898773580789566,0.6931471805599452,0.6931452976761066
652,3732,3733,98,98,0,0.098950879002104,0.6931471805599452,0.6931471805599452
652,3733,3734,88,88,1,0.09913853157989004,0.6931471805599452,0.6931471805599452
652,3734,3735,98,98,0,0.09899171145290744,0.6931471805599452,0.6931471805599452
652,3735,3736,98,98,0,0.09903025946446828,0.6931471805599452,0.6931471805599452
652,3736,3737,98,98,0,0.09903530244316373,0.6931471805599452,0.6931471805599452
652,3737,3738,98,98,0,0.09915456259433104,0.6931471805599454,0.6931471805599452
652,3738,3739,77,77,1,0.09897041882013345,0.6931471805599452,0.6931471805599452
652,3739,3740,65,65,1,0.09930228143930435,0.6931471805599452,0.6931471805599452
652,3740,3741,98,98,0,0.09910784266432937,0.6931471805599452,0.6931471805599452
652,3741,3742,98,98,0,0.09914247478757586,0.6931471805599452,0.6931471805599452
652,3742,3743,77,77,1,0.09959277201008487,0.692958512456899,0.6931452938789147
652,3743,3744,75,75,1,0.09910793324311575,0.6931471805599452,0.6931452938789147
652,3744,3745,98,98,0,0.09894831942356362,0.6931471805599452,0.6931452938789147
652,3745,3746,17,17,1,0.09898882841362673,0.6931471805599452,0.6931452938789149
652,3746,3747,88,88,1,0.10058635312386534,0.692818438797305,0.6931420064612884
652,3747,3748,98,98,0,0.09888289389865738,0.6931471805599452,0.6931420064612884
652,3748,3749,98,98,0,0.09911644367539153,0.6931471805599452,0.6931420064612884
652,3749,3750,98,98,0,0.09895324623402284,0.6931471805599452,0.6931420064612882
652,3750,3751,98,98,0,0.09930720689649485,0.6931471805599452,0.6931420064612882
652,3751,3752,98,98,0,0.09915562323769744,0.6931471805599452,0.6931420064612882
652,3752,3753,69,69,1,0.09911646909903789,0.6931471805599454,0.6931420064612882
652,3753,3754,98,98,0,0.0989717145507433,0.6931471805599452,0.6931420064612884
652,3754,3755,75,75,1,0.09895180722077687,0.6931471805599452,0.6931420064612884
652,3755,3756,78,78,1,0.09919038825692275,0.6931471805599452,0.6931420064612884
652,3756,3757,98,98,0,0.09914267777788396,0.6931471805599452,0.6931420064612882
652,3757,3758,98,98,0,0.09890637478354025,0.6931471805599452,0.6931420064612882
652,3758,3759,74,74,1,0.09917091910500785,0.6931471805599452,0.6931420064612882
652,3759,3760,95,95,1,0.0990908712932938,0.6931471805599452,0.6931420064612882
652,3760,3761,96,96,1,0.09910335624590516,0.6931471805599452,0.6931420064612884
652,3761,3762,98,98,0,0.09910656671438899,0.6931471805599454,0.6931420064612884
652,3762,3763,98,98,0,0.09895589750032036,0.6931471805599452,0.6931420064612884
652,3763,3764,98,98,0,0.09909981618426283,0.6931471805599452,0.6931420064612884
652,3764,3765,98,98,0,0.09918810016646677,0.6931471805599454,0.6931420064612882
652,3765,3766,98,98,0,0.09887905958659794,0.6931471805599452,0.6931420064612882
652,3766,3767,98,98,0,0.09910691483896605,0.6931471805599452,0.6931420064612882
652,3767,3768,98,98,0,0.09903323627552207,0.6931471805599452,0.6931420064612884
652,3768,3769,79,79,1,0.09909238666296005,0.6931471805599452,0.6931420064612884
652,3769,3770,98,98,0,0.09906862143959318,0.6931471805599452,0.6931420064612884
652,3770,3771,98,98,0,0.09918082809569884,0.6931471805599452,0.6931420064612884
652,3771,3772,98,98,0,0.09907866048873687,0.6931471805599452,0.6931420064612882
652,3772,3773,53,53,1,0.09939260513715024,0.6931471805599452,0.6931420064612882
652,3773,3774,98,98,0,0.09892414046489463,0.6931471805599452,0.6931420064612882
652,3774,3775,80,80,1,0.09895164910703898,0.6931471805599452,0.6931420064612884
652,3775,3776,98,98,0,0.09900100209883281,0.6931471805599452,0.6931420064612884
652,3776,3777,98,98,0,0.0991360651595252,0.6931471805599452,0.6931420064612884
652,3777,3778,98,98,0,0.09890614366348909,0.6931471805599452,0.6931420064612884
652,3778,3779,83,83,1,0.09903927057622428,0.6931471805599452,0.6931420064612882
652,3779,3780,80,80,1,0.0991415897384286,0.6931471805599452,0.6931420064612882
652,3780,3781,98,98,0,0.09909723600258633,0.6931471805599452,0.6931420064612882
652,3781,3782,77,77,1,0.09905421288756582,0.6931471805599452,0.6931420064612884
652,3782,3783,98,98,0,0.09891975138868604,0.6931471805599452,0.6931420064612884
652,3783,3784,98,98,0,0.09910965916149471,0.6931471805599452,0.6931420064612884
652,3784,3785,98,98,0,0.09910844372851509,0.6931471805599452,0.6931420064612884
652,3785,3786,98,98,0,0.09912708850235355,0.6931471805599452,0.6931420064612882
652,3786,3787,92,92,1,0.09888311256857021,0.6931471805599452,0.6931420064612882
652,3787,3788,98,98,0,0.09905743294832658,0.6931471805599452,0.6931420064612882
652,3788,3789,75,75,1,0.09897419591744741,0.6931471805599452,0.6931420064612884
652,3789,3790,88,88,1,0.09916941973973405,0.6931471805599454,0.6931420064612884
652,3790,3791,58,58,1,0.09928865640841682,0.6931471805599452,0.6931420064612884
652,3791,3792,98,98,0,0.09909590485752845,0.6931471805599452,0.6931420064612884
652,3792,3793,95,95,1,0.09916792143332331,0.6931471805599452,0.6931420064612882
652,3793,3794,98,98,0,0.09921172306853898,0.6931471805599452,0.6931420064612882
652,3794,3795,10,10,1,0.09918897524476052,0.6931471805599452,0.6931420064612882
652,3795,3796,98,98,0,0.09891012744331847,0.6931471805599452,0.6931420064612882
652,3796,3797,98,98,0,0.0991081606064524,0.6931471805599452,0.6931420064612884
652,3797,3798,91,91,1,0.09901969658804465,0.6931471805599452,0.6931420064612884
652,3798,3799,98,98,0,0.09914193690127256,0.6931471805599452,0.6931420064612884
652,3799,3800,95,95,1,0.09914812108403757,0.6931471805599452,0.6931420064612882
652,3800,3801,10,10,1,0.09922718852758408,0.6931471805599452,0.6931420064612882
652,3801,3802,90,90,1,0.09894159916374419,0.6931471805599452,0.6931420064612882
652,3802,3803,98,98,0,0.09888790806337279,0.6931471805599452,0.6931420064612882
652,3803,3804,53,53,1,0.09927391415497042,0.6931471805599452,0.6931420064612884
652,3804,3805,98,98,0,0.09900811223351226,0.6931471805599452,0.6931420064612884
652,3805,3806,8,8,1,0.09861593879759312,0.6931471805599452,0.6931420064612884
652,3806,3807,98,98,0,0.09906760686818435,0.6931471805599452,0.6931420064612884
652,3807,3808,98,98,1,0.09898223994033677,0.6931471805599452,0.6931420064612882
652,3808,3809,96,96,1,0.09899576962925494,0.6931471805599452,0.6931420064612882
652,3809,3810,98,98,0,0.09886830634608561,0.6931471805599452,0.6931420064612882
652,3810,3811,92,92,1,0.09913142827217994,0.6931471805599452,0.6931420064612884
652,3811,3812,67,67,1,0.09909580581223787,0.6931471805599452,0.6931420064612884
652,3812,3813,91,91,1,0.09898461245900982,0.6931471805599452,0.6931420064612884
652,3813,3814,94,94,1,0.09910773739535758,0.6931471805599452,0.6931420064612884
652,3814,3815,47,47,1,0.09942465117003055,0.6931471805599454,0.6931420064612882
652,3815,3816,98,98,0,0.09906780636128114,0.6931471805599452,0.6931420064612882
652,3816,3817,49,49,1,0.09942745797488155,0.6931471805599452,0.6931420064612882
652,3817,3818,66,66,1,0.09924421944853032,0.6931471805599452,0.6931420064612884
652,3818,3819,68,68,1,0.09922063887557563,0.6931471805599452,0.6931420064612884
652,3819,3820,98,98,0,0.09914371105177062,0.6931471805599452,0.6931420064612884
652,3820,3821,70,70,1,0.09902538444314685,0.6931471805599452,0.6931420064612884
652,3821,3822,12,12,1,0.10061151968936126,0.6931471805599452,0.6931420064612882
652,3822,3823,98,98,0,0.09890669614684824,0.6931471805599452,0.6931420064612882
652,3823,3824,98,98,0,0.09914581796952657,0.6931471805599452,0.6931420064612882
652,3824,3825,93,93,1,0.09907470010621573,0.6931471805599452,0.6931420064612884
652,3825,3826,98,98,0,0.09899637794920377,0.6931471805599452,0.6931420064612884
652,3826,3827,85,85,1,0.09950138935271431,0.6931471805599452,0.6931420064612884
652,3827,3828,63,63,1,0.10053959264168663,0.6929526058117227,0.6931400607138061
652,3828,3829,67,67,1,0.09928726504987745,0.6931471805599452,0.6931400607138061
652,3829,3830,69,69,1,0.09890415152345879,0.6931471805599452,0.6931400607138061
652,3830,3831,98,98,0,0.09914342336812798,0.6931471805599452,0.6931400607138061
652,3831,3832,78,78,1,0.09889194130515441,0.6931471805599452,0.6931400607138062
652,3832,3833,98,98,0,0.09928906199579336,0.6931471805599452,0.6931400607138062
652,3833,3834,98,98,0,0.09910096288943777,0.6931471805599452,0.6931400607138062
652,3834,3835,98,98,0,0.09910904197972648,0.6931471805599452,0.6931400607138061
652,3835,3836,56,56,1,0.0990292327478528,0.6931471805599452,0.6931400607138061
652,3836,3837,98,98,0,0.0990166004214968,0.6931471805599452,0.6931400607138061
652,3837,3838,10,10,1,0.09920359775424004,0.6931471805599452,0.6931400607138061
652,3838,3839,98,98,0,0.09891535600229186,0.6931471805599452,0.6931400607138062
652,3839,3840,90,90,1,0.09892443542679151,0.6931471805599452,0.6931400607138062
652,3840,3841,98,98,0,0.09913630882392124,0.6931471805599452,0.6931400607138062
652,3841,3842,98,98,0,0.09915315793180952,0.6931471805599452,0.6931400607138062
652,3842,3843,98,98,0,0.09891525291058482,0.6931471805599452,0.6931419473948366
652,3843,3844,86,86,1,0.09900769894552786,0.6931471805599452,0.6931419473948366
652,3844,3845,98,98,0,0.09910348118567953,0.6931471805599452,0.6931419473948366
652,3845,3846,69,69,1,0.09906227497950844,0.6931471805599452,0.6931419473948366
652,3846,3847,88,88,1,0.0991167388009754,0.6931471805599452,0.6931452348124629
652,3847,3848,98,98,0,0.09900903085968932,0.6931471805599452,0.6931452348124629
652,3848,3849,98,98,0,0.09905949432630928,0.6931471805599452,0.6931452348124629
652,3849,3850,59,59,1,0.09898988081742141,0.6931471805599452,0.6931452348124629
652,3850,3851,97,97,1,0.09905329984180707,0.6931471805599452,0.6931452348124629
652,3851,3852,98,98,0,0.09897451824983772,0.6931471805599452,0.6931452348124629
652,3852,3853,98,98,0,0.0991112721361676,0.6931471805599452,0.6931452348124629
652,3853,3854,91,91,1,0.09912702760526113,0.6931471805599452,0.6931452348124629
652,3854,3855,98,98,0,0.098934356579367,0.6931471805599452,0.6931452348124629
652,3855,3856,64,64,1,0.0991293991683051,0.6931471805599452,0.6931452348124629
652,3856,3857,98,98,0,0.09888972623311744,0.6931471805599452,0.6931452348124629
652,3857,3858,98,98,0,0.0990956045535146,0.6931471805599452,0.6931452348124629
652,3858,3859,72,72,1,0.09920451769398318,0.6931471805599452,0.6931452348124629
652,3859,3860,98,98,0,0.09915634183859338,0.6931471805599452,0.6931452348124629
652,3860,3861,62,62,1,0.0992153238865637,0.6931471805599452,0.6931452348124629
652,3861,3862,98,98,0,0.0988807381719959,0.6931471805599452,0.6931452348124629
652,3862,3863,83,83,1,0.09892175696700452,0.6931471805599452,0.6931452348124629
652,3863,3864,98,98,0,0.09911549767973471,0.6931471805599452,0.6931452348124628
652,3864,3865,98,98,0,0.09912911391988093,0.6931471805599452,0.6931452348124629
652,3865,3866,68,68,1,0.09924364243360127,0.6931471805599452,0.6931452348124629
652,3866,3867,98,98,0,0.0989832447043487,0.6931471805599452,0.6931452348124629
652,3867,3868,98,98,0,0.09892516438754237,0.6931471805599452,0.6931452348124629
652,3868,3869,98,98,0,0.09897847990600431,0.6931471805599452,0.6931452348124629
652,3869,3870,98,98,0,0.09950850174135091,0.6929656073360879,0.6931434190802243
652,3870,3871,79,79,1,0.09895390828576268,0.6931471805599454,0.6931434190802243
652,3871,3872,98,98,0,0.09910093225082572,0.6931471805599452,0.6931434190802244
652,3872,3873,89,89,1,0.09914783999491274,0.6931471805599452,0.6931434190802244
652,3873,3874,89,89,1,0.09889982037999656,0.6931471805599452,0.6931434190802244
652,3874,3875,93,93,1,0.09915467848380406,0.6931471805599452,0.6931434190802244
652,3875,3876,98,98,0,0.09912672844164226,0.6931471805599452,0.6931434190802244
652,3876,3877,98,98,0,0.09891960465786409,0.6931471805599452,0.6931434190802243
652,3877,3878,98,98,0,0.09892631702277126,0.6931471805599452,0.6931434190802243
652,3878,3879,69,69,1,0.09895063699155614,0.6931471805599452,0.6931434190802244
652,3879,3880,85,85,1,0.09906159323804518,0.6931471805599452,0.6931434190802244
652,3880,3881,87,87,1,0.09900201077776394,0.6931471805599452,0.6931434190802244
652,3881,3882,91,91,1,0.09908317086788324,0.6931471805599452,0.6931434190802244
652,3882,3883,98,98,0,0.09901296583061316,0.6931471805599452,0.6931434190802244
652,3883,3884,98,98,0,0.09889879077672958,0.6931471805599452,0.6931434190802243
652,3884,3885,98,98,0,0.09895816817879677,0.6931471805599452,0.6931434190802243
652,3885,3886,63,63,1,0.09909793651766247,0.6931471805599452,0.6931434190802244
652,3886,3887,98,98,0,0.09900360227543481,0.6931471805599452,0.6931434190802244
652,3887,3888,68,68,1,0.09926903532708392,0.6931471805599452,0.6931434190802244
652,3888,3889,11,11,1,0.09920698539777235,0.6931471805599452,0.6931434190802244
652,3889,3890,98,98,0,0.09921193715869164,0.6931471805599454,0.6931434190802244
652,3890,3891,98,98,0,0.09900285965021775,0.6931471805599452,0.6931434190802244
652,3891,3892,98,98,1,0.09893542687807765,0.6931471805599452,0.6931434190802243
652,3892,3893,98,98,0,0.09895605289814424,0.6931471805599452,0.6931434190802244
652,3893,3894,98,98,0,0.09891584279889963,0.6931471805599452,0.6931434190802244
652,3894,3895,98,98,0,0.09914351444767446,0.6931471805599452,0.6931434190802244
652,3895,3896,83,83,1,0.09909067159316626,0.6931471805599452,0.6931434190802244
652,3896,3897,64,64,1,0.09891821083147079,0.6931471805599452,0.6931434190802244
652,3897,3898,91,91,1,0.09890139373121681,0.6931471805599454,0.6931434190802244
652,3898,3899,69,69,1,0.09925380748683128,0.6931471805599452,0.6931434190802243
652,3899,3900,98,98,0,0.0990225945656397,0.6931471805599452,0.6931434190802244
652,3900,3901,68,68,1,0.09906722265569602,0.6931471805599452,0.6931434190802244
652,3901,3902,98,98,0,0.09907851482228357,0.6931471805599452,0.6931434190802244
652,3902,3903,74,74,1,0.09913738726361378,0.6931471805599452,0.6931434190802244
652,3903,3904,98,98,0,0.0989165700667975,0.6931471805599452,0.6931434190802244
652,3904,3905,88,88,1,0.09929409216750752,0.6931471805599452,0.6931434190802244
652,3905,3906,98,98,0,0.09909227627272509,0.6931471805599452,0.6931434190802243
652,3906,3907,98,98,0,0.0991079569319073,0.6931471805599452,0.6931434190802243
652,3907,3908,98,98,0,0.0990853949012805,0.6931471805599452,0.6931434190802244
652,3908,3909,65,65,1,0.09900945253097095,0.6931471805599452,0.6931434190802244
652,3909,3910,98,98,0,0.09898621923461252,0.6931471805599452,0.6931434190802244
652,3910,3911,98,98,0,0.0989023815004193,0.6931471805599452,0.6931434190802244
652,3911,3912,98,98,0,0.09907957759438729,0.6931471805599454,0.6931434190802244
652,3912,3913,93,93,1,0.09915427447006267,0.6931471805599454,0.6931434190802243
652,3913,3914,98,98,0,0.09894273855856486,0.6931471805599452,0.6931434190802243
652,3914,3915,98,98,1,0.09894016628362695,0.6931471805599452,0.6931434190802244
652,3915,3916,56,56,1,0.0993383155603494,0.6931471805599452,0.6931434190802244
652,3916,3917,98,98,0,0.09889237080909768,0.6931471805599452,0.6931434190802244
652,3917,3918,12,12,1,0.10047521131734054,0.6931471805599452,0.6931434190802244
652,3918,3919,98,98,0,0.09898886609138274,0.6931471805599452,0.6931434190802244
652,3919,3920,98,98,0,0.09913186690941149,0.6931471805599452,0.6931434190802243
652,3920,3921,98,98,0,0.09915779538604678,0.6931471805599452,0.6931434190802243
652,3921,3922,92,92,1,0.09920390492872051,0.6931471805599454,0.6931434190802244
652,3922,3923,81,81,1,0.09887352650180276,0.6931471805599452,0.6931434190802244
652,3923,3924,82,82,1,0.09929744744809663,0.6931471805599452,0.6931434190802244
652,3924,3925,60,60,1,0.09918333639701207,0.6931471805599452,0.6931434190802244
652,3925,3926,72,72,1,0.09919359959248039,0.6931471805599452,0.6931434190802244
652,3926,3927,98,98,0,0.09889655202931287,0.6931471805599452,0.6931434190802244
652,3927,3928,98,98,0,0.09946176957110969,0.6929656073360877,0.693143549095468
652,3928,3929,98,98,0,0.09913547025347243,0.6931471805599452,0.693143549095468
652,3929,3930,98,98,0,0.0989012423218513,0.6931471805599452,0.693143549095468
652,3930,3931,98,98,0,0.0989386536637131,0.6931471805599452,0.693143549095468
652,3931,3932,98,98,0,0.0990582500793496,0.6931471805599452,0.693143549095468
652,3932,3933,98,98,0,0.09904841379243501,0.6931471805599452,0.693143549095468
652,3933,3934,98,98,0,0.09893381443558907,0.6931471805599452,0.6931435490954679
652,3934,3935,98,98,1,0.09918811415531198,0.6931471805599452,0.693143549095468
652,3935,3936,9,9,1,0.10091176794634925,0.6931471805599452,0.693143549095468
652,3936,3937,77,77,1,0.09901650404775297,0.6931471805599452,0.693143549095468
652,3937,3938,98,98,0,0.09886692996535983,0.6931471805599452,0.693143549095468
652,3938,3939,98,98,0,0.09918506572745284,0.6931471805599452,0.693143549095468
652,3939,3940,98,98,0,0.09916210007302616,0.6931471805599452,0.693143549095468
652,3940,3941,98,98,0,0.10049944796732493,0.6929656073360877,0.6931417333632294
652,3941,3942,63,63,1,0.09962413755674211,0.6931471805599452,0.6931417333632294
652,3942,3943,98,98,0,0.09893156329588014,0.6931471805599452,0.6931417333632295
652,3943,3944,98,98,0,0.09887398049539449,0.6931471805599452,0.6931417333632295
652,3944,3945,98,98,0,0.0991764416804119,0.6931471805599452,0.6931417333632295
652,3945,3946,98,98,0,0.09905596077442169,0.6931471805599452,0.6931417333632295
652,3946,3947,93,93,1,0.09908350765384653,0.6931471805599452,0.6931417333632294
652,3947,3948,98,98,0,0.09892165638050254,0.6931471805599452,0.6931417333632294
652,3948,3949,98,98,0,0.09899234642483751,0.6931471805599452,0.6931417333632294
652,3949,3950,98,98,0,0.09909272817324619,0.6931471805599452,0.6931417333632295
652,3950,3951,98,98,0,0.09908901489510828,0.6931471805599452,0.6931417333632295
652,3951,3952,98,98,0,0.09910463039972345,0.6931471805599452,0.6931417333632295
652,3952,3953,49,49,1,0.09931980788099523,0.6931471805599452,0.6931417333632295
652,3953,3954,98,98,0,0.09908615759744936,0.6931471805599452,0.6931417333632294
652,3954,3955,56,56,1,0.09937548850263868,0.6931471805599452,0.6931417333632294
652,3955,3956,98,98,0,0.0990386779363058,0.6931471805599452,0.6931417333632294
652,3956,3957,98,98,0,0.0990135634736139,0.6931471805599452,0.6931417333632295
652,3957,3958,98,98,0,0.09896098708315772,0.6931471805599452,0.6931417333632295
652,3958,3959,98,98,0,0.09893381253493075,0.6931471805599452,0.6931417333632295
652,3959,3960,98,98,0,0.09914412805620505,0.6931471805599452,0.6931417333632295
652,3960,3961,95,95,1,0.09897972768858859,0.6931471805599452,0.6931417333632294
652,3961,3962,98,98,0,0.09912570322654685,0.6931471805599452,0.6931417333632294
652,3962,3963,98,98,0,0.09893196623544304,0.6931471805599452,0.6931417333632294
652,3963,3964,98,98,0,0.0991495054747377,0.6931471805599452,0.6931417333632295
652,3964,3965,98,98,0,0.09906244863356863,0.6931471805599452,0.6931417333632295
652,3965,3966,87,87,1,0.09906296586168223,0.6931471805599452,0.6931417333632295
652,3966,3967,98,98,0,0.09892523828513768,0.6931471805599452,0.6931417333632295
652,3967,3968,12,12,1,0.10042199430366357,0.6931471805599452,0.6931417333632294
652,3968,3969,98,98,1,0.0992860463352836,0.6931471805599452,0.6931417333632294
652,3969,3970,98,98,0,0.0989678400207539,0.6931471805599452,0.693143549095468
652,3970,3971,9,9,1,0.09923042605320613,0.6931471805599452,0.693143549095468
652,3971,3972,98,98,0,0.09909659297186502,0.6931471805599452,0.693143549095468
652,3972,3973,87,87,1,0.09924177268798325,0.6931471805599452,0.693143549095468
652,3973,3974,98,98,0,0.0991176892908252,0.6931471805599452,0.693143549095468
652,3974,3975,79,79,1,0.09941503150930887,0.6931471805599452,0.6931435490954679
652,3975,3976,73,73,1,0.09918586307600753,0.6931471805599452,0.6931435490954679
652,3976,3977,68,68,1,0.09925647430560168,0.6931471805599452,0.693143549095468
652,3977,3978,98,98,0,0.09891495085796531,0.6931471805599452,0.693143549095468
652,3978,3979,98,98,0,0.09892461091584089,0.6931471805599452,0.693143549095468
652,3979,3980,98,98,0,0.09889382146755044,0.6931471805599452,0.693143549095468
652,3980,3981,70,70,1,0.0990169929606574,0.6931471805599452,0.693143549095468
652,3981,3982,90,90,1,0.09921741228964594,0.6931471805599452,0.693143549095468
652,3982,3983,98,98,0,0.09902508001850575,0.6931471805599452,0.6931435490954679
652,3983,3984,17,17,1,0.09900645210462458,0.6931471805599452,0.693143549095468
652,3984,3985,98,98,0,0.09907793238454936,0.6931471805599452,0.693143549095468
652,3985,3986,98,98,0,0.09905971594306888,0.6931471805599452,0.693143549095468
652,3986,3987,93,93,1,0.0991515714314676,0.6931471805599452,0.693143549095468
652,3987,3988,62,62,1,0.09924507081027954,0.6931471805599452,0.693143549095468
652,3988,3989,98,98,0,0.0989257813412316,0.6931471805599452,0.693143549095468
652,3989,3990,98,98,0,0.09910532345577162,0.6931471805599452,0.6931435490954679
652,3990,3991,98,98,0,0.09895866288214314,0.6931471805599452,0.6931435490954679
652,3991,3992,71,71,1,0.09898396833261973,0.6931471805599452,0.693143549095468
652,3992,3993,95,95,1,0.0991137044210183,0.6931471805599452,0.693143549095468
652,3993,3994,67,67,1,0.09887556987467097,0.6931471805599452,0.693143549095468
652,3994,3995,82,82,1,0.09909485307771985,0.6931471805599452,0.693143549095468
652,3995,3996,98,98,0,0.09901148567394334,0.6931471805599452,0.693143549095468
652,3996,3997,84,84,1,0.09898590402943748,0.6931471805599452,0.6931435490954679
652,3997,3998,84,84,1,0.09913056086571444,0.6931471805599452,0.6931435490954679
652,3998,3999,98,98,0,0.09889538373265948,0.6931471805599452,0.693143549095468
652,3999,4000,98,98,1,0.09925813448368287,0.6931471805599452,0.693143549095468
652,4000,4001,98,98,0,0.09900550802751464,0.6931471805599452,0.693143549095468
652,4001,4002,75,75,1,0.09922954986492792,0.6931471805599452,0.693143549095468
652,4002,4003,78,78,1,0.09925935694422477,0.6931471805599452,0.693143549095468
652,4003,4004,66,66,1,0.09926592095783263,0.6931471805599452,0.6931435490954679
652,4004,4005,85,85,1,0.09905478358268738,0.6931471805599452,0.6931435490954679
652,4005,4006,98,98,0,0.09901585802435875,0.6931471805599452,0.693143549095468
652,4006,4007,98,98,0,0.09904859009750035,0.6931471805599452,0.693143549095468
652,4007,4008,51,51,1,0.09892606939755234,0.6931471805599452,0.693143549095468
652,4008,4009,74,74,1,0.09933319577091448,0.6931471805599452,0.693143549095468
652,4009,4010,98,98,0,0.09912890203449191,0.6931471805599452,0.693143549095468
652,4010,4011,98,98,0,0.09899591814194407,0.6931471805599452,0.6931435490954679
652,4011,4012,71,71,1,0.09914203607280489,0.6931471805599452,0.6931435490954679
652,4012,4013,98,98,0,0.09895630621788454,0.6931471805599452,0.693143549095468
652,4013,4014,88,88,1,0.09893295414407145,0.6931471805599452,0.693143549095468
652,4014,4015,98,98,0,0.09927003169242217,0.6931471805599454,0.693143549095468
652,4015,4016,10,10,1,0.09947544634342194,0.6931471805599452,0.693143549095468
652,4016,4017,98,98,0,0.09898436556057054,0.6931471805599452,0.693143549095468
652,4017,4018,80,80,1,0.09971511764451861,0.6931471805599452,0.6931435490954679
652,4018,4019,98,98,1,0.09905787945097806,0.6931471805599452,0.6931435490954679
652,4019,4020,98,98,0,0.09898747731836474,0.6931471805599454,0.693143549095468
652,4020,4021,67,67,1,0.09933544662016541,0.6931471805599452,0.693143549095468
652,4021,4022,14,14,1,0.09934894208397184,0.6931471805599452,0.693143549095468
652,4022,4023,98,98,0,0.09924536586111905,0.6931471805599454,0.693143549095468
652,4023,4024,75,75,1,0.09916029264529547,0.6931471805599452,0.693143549095468
652,4024,4025,98,98,0,0.09914913507444519,0.6931471805599454,0.693143549095468
652,4025,4026,98,98,0,0.09911616982854142,0.6931471805599452,0.6931435490954679
652,4026,4027,98,98,0,0.09897213725715268,0.6931471805599452,0.6931435490954679
652,4027,4028,93,93,1,0.09894408710220809,0.6931471805599452,0.6931453648277066
652,4028,4029,96,96,1,0.09893433726392686,0.6931471805599452,0.6931453648277066
652,4029,4030,72,72,1,0.09912753384560347,0.6931471805599452,0.6931453648277066
652,4030,4031,42,42,1,0.099465214603004,0.6931471805599452,0.6931453648277066
652,4031,4032,98,98,0,0.09893667272159032,0.6931471805599452,0.6931453648277066
652,4032,4033,98,98,0,0.09913431450116392,0.6931471805599452,0.6931453648277065
652,4033,4034,98,98,0,0.09894893759367418,0.6931471805599452,0.6931453648277066
652,4034,4035,98,98,0,0.09891348735106234,0.6931471805599452,0.6931453648277066
652,4035,4036,98,98,0,0.09934711935264724,0.6931471805599452,0.6931453648277066
652,4036,4037,98,98,0,0.09890412980196428,0.6931471805599452,0.6931453648277066
652,4037,4038,72,72,1,0.09900822242101033,0.6931471805599452,0.6931453648277066
652,4038,4039,11,11,1,0.10059525275772269,0.6931471805599452,0.6931453648277066
652,4039,4040,98,98,0,0.09912500401236574,0.6931471805599452,0.6931453648277065
652,4040,4041,10,10,1,0.10056038200855255,0.6931471805599452,0.6931471805599452
652,4041,4042,98,98,0,0.09914051809785318,0.6931471805599452,0.6931471805599452
652,4042,4043,98,98,0,0.09893138090870818,0.6931471805599452,0.6931471805599452
652,4043,4044,78,78,1,0.09900153934573516,0.6931471805599452,0.6931471805599452
652,4044,4045,98,98,0,0.09907664472655374,0.6931471805599452,0.6931471805599452
652,4045,4046,98,98,0,0.09886646559652017,0.6931471805599452,0.6931471805599452
652,4046,4047,98,98,0,0.09908078360010167,0.6931471805599452,0.6931471805599452
652,4047,4048,63,63,1,0.09930657098690669,0.6931471805599452,0.6931471805599452
652,4048,4049,98,98,0,0.0989318419323892,0.6931471805599452,0.6931471805599452
652,4049,4050,96,96,1,0.09921186681215961,0.6931471805599452,0.6931471805599452
652,4050,4051,65,65,1,0.09902143891041096,0.6931471805599452,0.6931471805599452
652,4051,4052,83,83,1,0.09924059397125819,0.6931471805599452,0.6931471805599452
652,4052,4053,98,98,0,0.09892415475784516,0.6931471805599452,0.6931471805599452
652,4053,4054,98,98,0,0.09908833354711533,0.6931471805599452,0.6931471805599452
652,4054,4055,53,53,1,0.09929727397437366,0.6931471805599452,0.6931471805599452
652,4055,4056,68,68,1,0.09909765553825042,0.6931471805599452,0.6931471805599452
652,4056,4057,98,98,0,0.09892801028125141,0.6931471805599452,0.6931471805599452
652,4057,4058,98,98,0,0.09893775343590853,0.6931471805599452,0.6931471805599452
652,4058,4059,90,90,1,0.10100662459929784,0.6931471805599452,0.6931471805599452
652,4059,4060,94,94,1,0.09892897244463576,0.6931471805599452,0.6931471805599452
652,4060,4061,98,98,0,0.09914093099686565,0.6931471805599454,0.6931471805599452
652,4061,4062,98,98,0,0.099153498605806,0.6931471805599452,0.6931471805599452
652,4062,4063,58,58,1,0.09931441602008097,0.6931471805599452,0.6931471805599452
652,4063,4064,98,98,0,0.09901374753336517,0.6931471805599452,0.6931471805599452
652,4064,4065,98,98,0,0.09912002558002667,0.6931471805599452,0.6931471805599452
652,4065,4066,98,98,0,0.0990822908221459,0.6931471805599452,0.6931471805599452
652,4066,4067,98,98,0,0.09886878341132281,0.6931471805599452,0.6931471805599452
652,4067,4068,11,11,1,0.0990856255997311,0.6931471805599452,0.6931471805599452
652,4068,4069,98,98,0,0.09905806335867667,0.6931471805599452,0.6931471805599452
652,4069,4070,98,98,0,0.09914060028231873,0.6931471805599452,0.6931471805599452
652,4070,4071,98,98,0,0.09915570298932036,0.6931471805599454,0.6931471805599452
652,4071,4072,98,98,0,0.09891007985083425,0.6931471805599452,0.6931471805599452
652,4072,4073,98,98,0,0.09909812665107298,0.6931471805599452,0.6931471805599452
652,4073,4074,63,63,1,0.0993448125701102,0.6931471805599452,0.6931471805599452
652,4074,4075,98,98,0,0.09901695979797111,0.6931471805599452,0.6931471805599453
652,4075,4076,98,98,0,0.09911212211056632,0.6931471805599452,0.6931471805599452
652,4076,4077,98,98,0,0.09917637667789751,0.6931471805599452,0.6931471805599452
652,4077,4078,52,52,1,0.09938488284555766,0.6931471805599452,0.6931471805599452
652,4078,4079,98,98,0,0.09956299331115216,0.6931471805599454,0.6931471805599452
652,4079,4080,98,98,0,0.09905871916182186,0.6931471805599452,0.6931471805599452
652,4080,4081,98,98,0,0.09896890347709461,0.6931471805599452,0.6931471805599452
652,4081,4082,98,98,0,0.09895732816384763,0.6931471805599452,0.6931471805599452
652,4082,4083,98,98,0,0.09898603966041487,0.6931471805599452,0.6931471805599452
652,4083,4084,98,98,0,0.09909432814741621,0.6931471805599452,0.6931471805599452
652,4084,4085,79,79,1,0.09917426628025272,0.6931471805599452,0.6931471805599452
652,4085,4086,68,68,1,0.09919416499050225,0.6931471805599452,0.6931471805599452
652,4086,4087,79,79,1,0.09917774315499052,0.6931471805599452,0.6931471805599452
652,4087,4088,98,98,0,0.09892549145282531,0.6931471805599452,0.6931471805599452
652,4088,4089,67,67,1,0.09921379320657076,0.6931471805599452,0.6931471805599452
652,4089,4090,77,77,1,0.09940082986246455,0.692958512456899,0.6931452938789149
652,4090,4091,98,98,0,0.0989523216017655,0.6931471805599452,0.6931452938789149
652,4091,4092,85,85,1,0.0989383504671209,0.6931471805599452,0.6931452938789147
652,4092,4093,91,91,1,0.09899158431933476,0.6931471805599452,0.6931452938789147
652,4093,4094,98,98,0,0.09908288922540996,0.6931471805599452,0.6931452938789147
652,4094,4095,97,97,1,0.09900822782332135,0.6931471805599452,0.6931452938789147
652,4095,4096,54,54,1,0.09931481298473147,0.6931471805599452,0.6931452938789147
652,4096,4097,98,98,0,0.09913564017232583,0.6931471805599452,0.6931452938789149
652,4097,4098,98,98,0,0.09889621728537035,0.6931471805599452,0.6931452938789149
652,4098,4099,98,98,0,0.09894397717957594,0.6931471805599452,0.6931452938789147
652,4099,4100,84,84,1,0.09905000536569528,0.6931471805599452,0.6931452938789147
652,4100,4101,98,98,0,0.09893551826172946,0.6931471805599452,0.6931452938789147
652,4101,4102,98,98,0,0.09892405554348109,0.6931471805599452,0.6931452938789147
652,4102,4103,83,83,1,0.09954518304172769,0.6929607204196905,0.6931434292775122
652,4103,4104,67,67,1,0.0991835574160761,0.6931471805599452,0.6931434292775123
652,4104,4105,98,98,0,0.09896819164254228,0.6931471805599452,0.6931434292775123
652,4105,4106,98,98,0,0.09893092969242408,0.6931471805599452,0.6931434292775123
652,4106,4107,98,98,0,0.099153961454119,0.6931471805599452,0.6931434292775122
652,4107,4108,98,98,0,0.09913200178012556,0.6931471805599452,0.6931434292775122
652,4108,4109,98,98,0,0.09896057023077595,0.6931471805599452,0.6931434292775122
652,4109,4110,98,98,0,0.09889167220312722,0.6931471805599452,0.6931434292775122
652,4110,4111,86,86,1,0.0990258838201678,0.6931471805599452,0.6931434292775123
652,4111,4112,68,68,1,0.0992921813226798,0.6931471805599452,0.6931434292775123
652,4112,4113,98,98,0,0.09911854823633116,0.6931471805599452,0.6931434292775123
652,4113,4114,84,84,1,0.09929606531347547,0.6931471805599452,0.6931434292775122
652,4114,4115,98,98,0,0.09887342778395633,0.6931471805599452,0.6931434292775122
652,4115,4116,98,98,0,0.09893925716074145,0.6931471805599452,0.6931434292775122
652,4116,4117,98,98,0,0.0989697618143899,0.6931471805599452,0.6931434292775122
652,4117,4118,51,51,1,0.0990024508506644,0.6931471805599452,0.6931434292775123
652,4118,4119,61,61,1,0.09905609451845045,0.6931471805599452,0.6931434292775123
652,4119,4120,10,10,1,0.1006500095129013,0.6931471805599452,0.6931434292775123
652,4120,4121,98,98,0,0.09891627097920495,0.6931471805599452,0.6931434292775122
652,4121,4122,98,98,0,0.09914624919088519,0.6931471805599454,0.6931434292775122
652,4122,4123,98,98,0,0.0991046126095616,0.6931471805599452,0.6931434292775122
652,4123,4124,68,68,1,0.09924425338121022,0.6931471805599452,0.6931434292775122
652,4124,4125,59,59,1,0.09911818726588104,0.6931471805599452,0.6931434292775122
652,4125,4126,98,98,0,0.09910451628419818,0.6931471805599452,0.6931434292775123
652,4126,4127,98,98,0,0.09943411582890822,0.6929656073360877,0.6931416135452736
652,4127,4128,98,98,0,0.09918821595457135,0.6931471805599452,0.6931416135452736
652,4128,4129,98,98,0,0.0990510594327839,0.6931471805599452,0.6931416135452736
652,4129,4130,98,98,0,0.09919935130343145,0.6931471805599452,0.6931416135452736
652,4130,4131,87,87,1,0.0992104035170599,0.6931471805599452,0.6931416135452736
652,4131,4132,98,98,0,0.09897544607520103,0.6931471805599454,0.6931416135452736
652,4132,4133,98,98,0,0.09895508576716695,0.6931471805599452,0.6931416135452737
652,4133,4134,98,98,0,0.09919445285079431,0.6931471805599452,0.6931416135452736
652,4134,4135,75,75,1,0.09917711009581884,0.6931471805599452,0.6931416135452736
652,4135,4136,80,80,1,0.09891333086416125,0.6931471805599452,0.6931416135452736
652,4136,4137,63,63,1,0.0990839424350905,0.6931471805599452,0.6931416135452736
652,4137,4138,98,98,0,0.0990645169299476,0.6931471805599452,0.6931416135452736
652,4138,4139,60,60,1,0.09909589750071367,0.6931471805599452,0.6931416135452736
652,4139,4140,98,98,0,0.09891110293719234,0.6931471805599452,0.6931416135452737
652,4140,4141,98,98,0,0.0989520155957767,0.6931471805599452,0.6931416135452736
652,4141,4142,98,98,0,0.09889875937785421,0.6931471805599452,0.6931416135452736
652,4142,4143,98,98,0,0.09916033679429366,0.6931471805599452,0.6931416135452736
652,4143,4144,62,62,1,0.10073014132438167,0.6931471805599452,0.6931416135452736
652,4144,4145,56,56,1,0.09909320143716675,0.6931471805599452,0.6931416135452736
652,4145,4146,77,77,1,0.09920528085974904,0.6931471805599452,0.6931416135452736
652,4146,4147,77,77,1,0.09912523085420782,0.6931471805599452,0.6931416135452737
652,4147,4148,98,98,0,0.0991765353448537,0.6931471805599452,0.6931416135452737
652,4148,4149,90,90,1,0.09904929796854654,0.6931471805599452,0.6931416135452736
652,4149,4150,98,98,0,0.09888727734891736,0.6931471805599452,0.6931416135452736
652,4150,4151,86,86,1,0.09950868542804274,0.6929617650898259,0.6931397593905725
652,4151,4152,96,96,1,0.09922693739645183,0.6931471805599452,0.6931397593905725
652,4152,4153,57,57,1,0.0989989063196015,0.6931471805599452,0.6931397593905723
652,4153,4154,98,98,0,0.0990932760950254,0.6931471805599452,0.6931397593905725
652,4154,4155,87,87,1,0.09889857942002943,0.6931471805599452,0.6931397593905725
652,4155,4156,98,98,0,0.09908582863150811,0.6931471805599452,0.6931397593905725
652,4156,4157,98,98,0,0.09896411282979713,0.6931471805599452,0.6931397593905725
652,4157,4158,90,90,1,0.0991300284034676,0.6931471805599452,0.6931397593905725
652,4158,4159,98,98,0,0.09918394122196704,0.6931471805599452,0.6931397593905725
652,4159,4160,12,12,1,0.0988814892868201,0.6931471805599452,0.6931397593905723
652,4160,4161,98,98,0,0.09896909422716316,0.6931471805599452,0.6931397593905725
652,4161,4162,98,98,0,0.09909461233384755,0.6931471805599452,0.6931397593905725
652,4162,4163,98,98,0,0.09888677435870073,0.6931471805599452,0.6931397593905725
652,4163,4164,81,81,1,0.09909976439343558,0.6931471805599452,0.6931397593905725
652,4164,4165,71,71,1,0.09901805631291698,0.6931471805599452,0.6931397593905725
652,4165,4166,98,98,0,0.0990789702960423,0.6931471805599452,0.6931397593905725
652,4166,4167,98,98,0,0.09909364558300193,0.6931471805599452,0.6931397593905723
652,4167,4168,49,49,1,0.0989642815322292,0.6931471805599452,0.6931397593905725
652,4168,4169,98,98,0,0.09894060282682886,0.6931471805599452,0.6931397593905725
652,4169,4170,98,98,0,0.09911532251506436,0.6931471805599452,0.6931397593905725
652,4170,4171,55,55,1,0.09917121136730367,0.6931471805599452,0.6931397593905725
652,4171,4172,10,10,1,0.10072583183646203,0.6931471805599452,0.6931397593905725
652,4172,4173,98,98,0,0.09894445082362817,0.6931471805599452,0.6931397593905725
652,4173,4174,96,96,1,0.0993273655573527,0.6931471805599452,0.6931397593905723
652,4174,4175,54,54,1,0.09942418957750003,0.6931471805599452,0.6931397593905723
652,4175,4176,98,98,0,0.09899471920667863,0.6931471805599452,0.6931397593905725
652,4176,4177,98,98,0,0.09900376839297158,0.6931471805599452,0.6931397593905725
652,4177,4178,83,83,1,0.09965712289853268,0.6929607204196905,0.6931378947891699
652,4178,4179,57,57,1,0.09901154943202671,0.6931471805599454,0.6931378947891699
652,4179,4180,98,98,0,0.09890941104718617,0.6931471805599452,0.6931378947891699
652,4180,4181,98,98,0,0.09892565331288747,0.6931471805599452,0.6931378947891699
652,4181,4182,98,98,0,0.09914159098145914,0.6931471805599452,0.6931378947891698
652,4182,4183,98,98,0,0.09907929241961362,0.6931471805599452,0.6931378947891699
652,4183,4184,63,63,1,0.09902868455364591,0.6931471805599452,0.6931378947891699
652,4184,4185,98,98,0,0.09895448934058754,0.6931471805599452,0.6931378947891699
652,4185,4186,98,98,0,0.0991320144765231,0.6931471805599452,0.6931378947891699
652,4186,4187,82,82,1,0.09922816150072145,0.6931471805599452,0.6931378947891699
652,4187,4188,98,98,0,0.09921798467332003,0.6931471805599454,0.6931378947891699
652,4188,4189,51,51,1,0.09943289616528679,0.6931471805599452,0.6931378947891698
652,4189,4190,98,98,0,0.09900946170091629,0.6931471805599452,0.6931397814702003
652,4190,4191,98,98,0,0.09894046841227279,0.6931471805599452,0.6931397814702003
652,4191,4192,98,98,0,0.09906521333115441,0.6931471805599452,0.6931397814702004
652,4192,4193,57,57,1,0.09930120134039928,0.6931471805599452,0.6931397814702004
652,4193,4194,98,98,0,0.09913672385167102,0.6931471805599452,0.6931397814702004
652,4194,4195,8,8,1,0.09885336272418499,0.6931471805599452,0.6931397814702004
652,4195,4196,72,72,1,0.09892953414883879,0.6931471805599452,0.6931397814702003
652,4196,4197,98,98,0,0.0989269209759576,0.6931471805599452,0.6931397814702003
652,4197,4198,62,62,1,0.09926627504248772,0.6931471805599452,0.6931397814702003
652,4198,4199,9,9,1,0.09880363941192627,0.6931471805599452,0.6931397814702004
652,4199,4200,98,98,0,0.09894877847056,0.6931471805599452,0.6931397814702004
652,4200,4201,89,89,1,0.0990306626210052,0.6931471805599452,0.6931397814702004
652,4201,4202,77,77,1,0.10180871624064136,0.6931471805599452,0.6931397814702004
652,4202,4203,90,90,1,0.09941420248813099,0.6931471805599454,0.6931416460716028
652,4203,4204,86,86,1,0.09909942122392876,0.6931471805599452,0.6931416460716028
652,4204,4205,98,98,1,0.09920229549918856,0.6931471805599454,0.6931416460716028
652,4205,4206,98,98,0,0.09920220327924709,0.6931471805599452,0.6931416460716028
652,4206,4207,77,77,1,0.09947599383530678,0.6931471805599452,0.6931416460716029
652,4207,4208,69,69,1,0.09931540392015291,0.6931471805599452,0.6931416460716029
652,4208,4209,98,98,0,0.09900080526665765,0.6931471805599452,0.6931416460716029
652,4209,4210,98,98,0,0.09915156122677181,0.6931471805599452,0.6931416460716029
652,4210,4211,90,90,1,0.09897494365771611,0.6931471805599452,0.6931416460716028
652,4211,4212,68,68,1,0.09907263133893995,0.6931471805599452,0.6931416460716028
652,4212,4213,90,90,1,0.09908695709374216,0.6931471805599452,0.6931416460716028
652,4213,4214,98,98,0,0.09915856317597993,0.6931471805599452,0.6931416460716029
652,4214,4215,84,84,1,0.09916898306636583,0.6931471805599452,0.6931416460716029
652,4215,4216,98,98,0,0.09896429308823176,0.6931471805599452,0.6931416460716029
652,4216,4217,98,98,0,0.09912919967758413,0.6931471805599452,0.6931416460716029
652,4217,4218,98,98,0,0.09907723385460522,0.6931471805599452,0.6931416460716028
652,4218,4219,98,98,0,0.0990840513639304,0.6931471805599452,0.6931416460716028
652,4219,4220,98,98,1,0.09907698106704926,0.6931471805599452,0.6931416460716028
652,4220,4221,84,84,1,0.09890918557842572,0.6931471805599452,0.6931416460716029
652,4221,4222,98,98,0,0.09912686194388234,0.6931471805599454,0.6931416460716029
652,4222,4223,74,74,1,0.09893911261413549,0.6931471805599452,0.6931416460716029
652,4223,4224,89,89,1,0.09893367012565056,0.6931471805599452,0.6931416460716029
652,4224,4225,60,60,1,0.09928877726197242,0.6931471805599452,0.6931416460716028
652,4225,4226,69,69,1,0.099189059673876,0.6931471805599452,0.6931416460716028
652,4226,4227,86,86,1,0.09900337423002997,0.6931471805599452,0.6931434618038415
652,4227,4228,98,98,0,0.0991424702259959,0.6931471805599452,0.6931434618038415
652,4228,4229,13,13,1,0.10031102024591886,0.6931471805599452,0.6931434618038415
652,4229,4230,98,98,0,0.09884657870445933,0.6931471805599452,0.6931434618038415
652,4230,4231,98,98,0,0.09890883986134918,0.6931471805599452,0.6931434618038415
652,4231,4232,88,88,1,0.0989200711588968,0.6931471805599454,0.6931434618038413
652,4232,4233,14,14,1,0.09975058000002589,0.6931471805599452,0.6931434618038413
652,4233,4234,98,98,0,0.09909180004377754,0.6931471805599452,0.6931434618038415
652,4234,4235,85,85,1,0.09888046304969227,0.6931471805599452,0.6931434618038415
652,4235,4236,50,50,1,0.09936011359095573,0.6931471805599452,0.6931434618038415
652,4236,4237,98,98,0,0.09891913223023317,0.6931471805599452,0.6931434618038415
652,4237,4238,72,72,1,0.09895526328020626,0.6931471805599452,0.6931434618038415
652,4238,4239,98,98,0,0.0993527561730268,0.6931471805599452,0.6931434618038413
652,4239,4240,98,98,0,0.09893888957342323,0.6931471805599452,0.6931434618038413
652,4240,4241,65,65,1,0.09918398868579131,0.6931471805599452,0.6931434618038415
652,4241,4242,68,68,1,0.09900815894498545,0.6931471805599452,0.6931434618038415
652,4242,4243,98,98,0,0.0990988444917056,0.6931471805599452,0.6931434618038415
652,4243,4244,98,98,0,0.09914559582058265,0.6931471805599452,0.6931434618038415
652,4244,4245,81,81,1,0.09964213455900733,0.6929600027270119,0.6931415900255121
652,4245,4246,98,98,0,0.09897515823950573,0.6931471805599452,0.6931415900255121
652,4246,4247,98,98,0,0.09888806794675029,0.6931471805599452,0.6931415900255121
652,4247,4248,78,78,1,0.09897181086051159,0.6931471805599452,0.6931415900255121
652,4248,4249,72,72,1,0.09898828715085983,0.6931471805599452,0.6931415900255122
652,4249,4250,83,83,1,0.09917548119303692,0.6931471805599452,0.6931415900255122
652,4250,4251,98,98,0,0.09915785179758559,0.6931471805599452,0.6931434441802132
652,4251,4252,98,98,0,0.09888940699854676,0.6931471805599452,0.6931434441802132
652,4252,4253,98,98,0,0.09900213534734686,0.6931471805599452,0.6931434441802133
652,4253,4254,88,88,1,0.09918145310472358,0.6931471805599452,0.6931434441802133
652,4254,4255,73,73,1,0.0990918783904755,0.6931471805599452,0.6931434441802133
652,4255,4256,64,64,1,0.09901373577304184,0.6931471805599452,0.6931434441802133
652,4256,4257,98,98,0,0.09890383634032035,0.6931471805599452,0.6931434441802133
652,4257,4258,98,98,0,0.09894901438027012,0.6931471805599452,0.6931434441802132
652,4258,4259,52,52,1,0.09901340090884612,0.6931471805599452,0.6931434441802132
652,4259,4260,63,63,1,0.09932900456682084,0.6931471805599452,0.6931434441802133
652,4260,4261,57,57,1,0.09933756108869586,0.6931471805599452,0.6931434441802133
652,4261,4262,87,87,1,0.09897293775588617,0.6931471805599452,0.6931434441802133
652,4262,4263,67,67,1,0.09916125237941742,0.6931471805599452,0.6931434441802133
652,4263,4264,98,98,0,0.09895592646635308,0.6931471805599452,0.6931434441802133
652,4264,4265,98,98,0,0.0989177046077592,0.6931471805599452,0.6931434441802132
652,4265,4266,57,57,1,0.09902245629774897,0.6931471805599452,0.6931434441802132
652,4266,4267,87,87,1,0.0988219400932049,0.6931471805599452,0.6931434441802133
652,4267,4268,98,98,0,0.09892020823091877,0.6931471805599452,0.6931434441802133
652,4268,4269,98,98,0,0.09903201529262018,0.6931471805599452,0.6931434441802133
652,4269,4270,59,59,1,0.09897762600143077,0.6931471805599452,0.6931434441802133
652,4270,4271,98,98,0,0.09893740234630448,0.6931471805599452,0.6931434441802133
652,4271,4272,98,98,0,0.09920169922466181,0.6931471805599452,0.6931434441802132
652,4272,4273,79,79,1,0.09916688464110411,0.6931471805599452,0.6931434441802132
652,4273,4274,70,70,1,0.09911237263253757,0.6931471805599452,0.6931434441802133
652,4274,4275,10,10,1,0.09949837028980255,0.6931471805599452,0.6931434441802133
652,4275,4276,98,98,0,0.09910077122705323,0.6931471805599452,0.6931434441802133
652,4276,4277,91,91,1,0.0989531411246939,0.6931471805599452,0.6931434441802133
652,4277,4278,98,98,0,0.09918832360785834,0.6931471805599452,0.693145308781616
652,4278,4279,97,97,1,0.09896461343027882,0.6931471805599452,0.6931453087816157
652,4279,4280,94,94,1,0.09915055501017164,0.6931471805599452,0.6931453087816157
652,4280,4281,77,77,1,0.09912540734588325,0.6931471805599452,0.6931453087816157
652,4281,4282,98,98,0,0.09900569170713425,0.6931471805599452,0.693145308781616
652,4282,4283,89,89,1,0.0990599612339159,0.6931471805599452,0.693145308781616
652,4283,4284,88,88,1,0.09894108315083114,0.6931471805599452,0.693145308781616
652,4284,4285,79,79,1,0.09918014554283287,0.6931471805599452,0.693145308781616
652,4285,4286,98,98,0,0.09900609152961751,0.6931471805599454,0.6931453087816157
652,4286,4287,96,96,1,0.09891406012078126,0.6931471805599452,0.6931453087816157
652,4287,4288,98,98,0,0.09907763983522143,0.6931471805599452,0.6931453087816157
652,4288,4289,98,98,0,0.09914752392440426,0.6931471805599454,0.693145308781616
652,4289,4290,98,98,0,0.09897798968821156,0.6931471805599452,0.693145308781616
652,4290,4291,8,8,1,0.09947065077722073,0.6931471805599452,0.693145308781616
652,4291,4292,98,98,0,0.09904427605928207,0.6931471805599452,0.693145308781616
652,4292,4293,97,97,1,0.09902019852522723,0.6931471805599454,0.693145308781616
652,4293,4294,82,82,1,0.09910421346018954,0.6931471805599452,0.6931453087816157
652,4294,4295,98,98,0,0.09893888752071225,0.6931471805599452,0.6931453087816157
652,4295,4296,5,5,1,0.09924047142267227,0.6931471805599452,0.693145308781616
652,4296,4297,98,98,0,0.0990631491401974,0.6931471805599452,0.693145308781616
652,4297,4298,98,98,0,0.09907970273373079,0.6931471805599452,0.693145308781616
652,4298,4299,93,93,1,0.09911142081342718,0.6931471805599452,0.693145308781616
652,4299,4300,98,98,0,0.09911918472878788,0.6931471805599452,0.693145308781616
652,4300,4301,81,81,1,0.09913455602931387,0.6931471805599452,0.6931453087816157
652,4301,4302,98,98,0,0.0989623233980062,0.6931471805599452,0.6931453087816157
652,4302,4303,98,98,0,0.09888458571263722,0.6931471805599452,0.6931453087816157
652,4303,4304,98,98,0,0.09894150746416072,0.6931471805599452,0.693145308781616
652,4304,4305,94,94,1,0.09924639991306244,0.6931471805599452,0.693145308781616
652,4305,4306,98,98,0,0.09891103869494126,0.6931471805599452,0.693145308781616
652,4306,4307,98,98,0,0.09909406730106898,0.6931471805599452,0.693145308781616
652,4307,4308,98,98,0,0.09905385826619303,0.6931471805599452,0.6931453087816157
652,4308,4309,98,98,0,0.09896557268743612,0.6931471805599452,0.6931453087816157
652,4309,4310,84,84,1,0.09917285213513034,0.6931471805599452,0.6931453087816157
652,4310,4311,56,56,1,0.09914477369082826,0.6931471805599452,0.693145308781616
652,4311,4312,98,98,0,0.09916468245946632,0.6931471805599452,0.693145308781616
652,4312,4313,98,98,0,0.09904996625014714,0.6931471805599452,0.693145308781616
652,4313,4314,98,98,0,0.09895077157689601,0.6931471805599452,0.693145308781616
652,4314,4315,78,78,1,0.09929651862535721,0.6931471805599452,0.6931453087816157
652,4315,4316,67,67,1,0.09893569005514259,0.6931471805599452,0.6931453087816157
652,4316,4317,96,96,1,0.09916521577785413,0.6931471805599452,0.6931453087816157
652,4317,4318,98,98,0,0.09905195030934956,0.6931471805599452,0.693145308781616
652,4318,4319,98,98,0,0.09898318107030829,0.6931471805599452,0.693145308781616
652,4319,4320,98,98,0,0.09906232942427907,0.6931471805599452,0.693145308781616
652,4320,4321,98,98,0,0.09890688682089047,0.6931471805599452,0.693145308781616
652,4321,4322,98,98,0,0.09899786700095449,0.6931471805599452,0.6931453087816157
652,4322,4323,98,98,0,0.09913135388371896,0.6931471805599452,0.6931453087816157
652,4323,4324,64,64,1,0.09894352545961738,0.6931471805599452,0.6931453087816157
652,4324,4325,85,85,1,0.09899897215997472,0.6931471805599452,0.693145308781616
652,4325,4326,90,90,1,0.0991664306157165,0.6931471805599452,0.693145308781616
652,4326,4327,98,98,0,0.0988921112551981,0.6931471805599452,0.693145308781616
652,4327,4328,79,79,1,0.09889668462019932,0.6931471805599452,0.693145308781616
652,4328,4329,98,98,0,0.09910380650235683,0.6931471805599452,0.6931453087816157
652,4329,4330,98,98,0,0.09907419493003768,0.6931471805599452,0.6931453087816157
652,4330,4331,55,55,1,0.09923995624889027,0.6931471805599452,0.6931453087816157
652,4331,4332,80,80,1,0.0991431805305183,0.6931471805599452,0.693145308781616
652,4332,4333,79,79,1,0.09896623446971556,0.6931471805599452,0.693145308781616
652,4333,4334,98,98,0,0.09906038839598091,0.6931471805599452,0.693145308781616
652,4334,4335,98,98,0,0.0989605221061074,0.6931471805599452,0.693145308781616
652,4335,4336,68,68,1,0.0993962442392812,0.6931471805599452,0.6931453087816157
652,4336,4337,98,98,0,0.09909501694598977,0.6931471805599452,0.6931453087816157
652,4337,4338,98,98,0,0.09908920579722949,0.6931471805599452,0.6931453087816157
652,4338,4339,92,92,1,0.10005806443159995,0.6929637490718783,0.6931434744667352
652,4339,4340,98,98,0,0.09895746896461564,0.6931471805599452,0.6931434744667352
652,4340,4341,97,97,1,0.09897763474085897,0.6931471805599452,0.6931434744667352
652,4341,4342,76,76,1,0.0990718524706991,0.6931471805599452,0.6931434744667352
652,4342,4343,98,98,0,0.09907262126097874,0.6931471805599452,0.6931434744667352
652,4343,4344,98,98,0,0.09913116130901843,0.6931471805599452,0.6931434744667351
652,4344,4345,60,60,1,0.1006897268195947,0.6927959429218856,0.6931418338686839
652,4345,4346,97,97,1,0.09888494360385482,0.6931471805599454,0.6931418338686839
652,4346,4347,95,95,1,0.09906860715464542,0.6931471805599454,0.6931418338686839
652,4347,4348,98,98,0,0.0989710517531755,0.6931471805599452,0.6931418338686839
652,4348,4349,62,62,1,0.09900513435563733,0.6931471805599452,0.6931418338686839
652,4349,4350,58,58,1,0.09933964985197988,0.6931471805599452,0.6931418338686838
652,4350,4351,81,81,1,0.09888054642044468,0.6931471805599452,0.6931418338686839
652,4351,4352,94,94,1,0.09896018260971029,0.6931471805599452,0.6931418338686839
652,4352,4353,98,98,0,0.09892432672940955,0.6931471805599452,0.6931418338686839
652,4353,4354,88,88,1,0.09916155590591105,0.6931471805599454,0.6931418338686839
652,4354,4355,32,32,1,0.09924139291979373,0.6931471805599452,0.6931418338686839
652,4355,4356,98,98,0,0.09906863291956941,0.6931471805599452,0.6931418338686839
652,4356,4357,10,10,1,0.09915743097662925,0.6931471805599452,0.6931418338686838
652,4357,4358,98,98,0,0.09884918283443062,0.6931471805599452,0.6931418338686839
652,4358,4359,97,97,1,0.09886072867924404,0.6931471805599452,0.6931418338686839
652,4359,4360,8,8,1,0.0987486457452178,0.6931471805599452,0.6931418338686839
652,4360,4361,98,98,0,0.0989719632328773,0.6931471805599452,0.6931418338686839
652,4361,4362,58,58,1,0.09898479758151646,0.6931471805599452,0.6931418338686839
652,4362,4363,98,98,0,0.09909975110572211,0.6931471805599452,0.6931418338686839
652,4363,4364,98,98,0,0.0989363363810948,0.6931471805599452,0.6931418338686839
652,4364,4365,16,16,1,0.09946158761158586,0.6931471805599452,0.6931418338686839
652,4365,4366,84,84,1,0.0992207464185499,0.6931471805599452,0.6931418338686839
652,4366,4367,56,56,1,0.09937049501708575,0.6931471805599452,0.6931418338686839
652,4367,4368,98,98,0,0.09976528356878125,0.6931471805599452,0.6931418338686839
652,4368,4369,98,98,0,0.09892942110190586,0.6931471805599452,0.6931418338686839
652,4369,4370,98,98,0,0.09912877028085748,0.6931471805599452,0.6931418338686839
652,4370,4371,87,87,1,0.09907838976246187,0.6931471805599452,0.6931418338686839
652,4371,4372,98,98,0,0.09896408074668475,0.6931471805599452,0.6931418338686839
652,4372,4373,75,75,1,0.09922051121791203,0.6931471805599452,0.6931418338686839
652,4373,4374,98,98,0,0.09902937200908758,0.6931471805599452,0.6931418338686839
652,4374,4375,98,98,0,0.09930522101266044,0.6929656073360877,0.6931400181364453
652,4375,4376,98,98,0,0.09908799690251448,0.6931471805599452,0.6931400181364453
652,4376,4377,98,98,0,0.09896424184648359,0.6931471805599452,0.6931400181364453
652,4377,4378,98,98,0,0.09903977666886485,0.6931471805599452,0.6931400181364452
652,4378,4379,72,72,1,0.09920748954431878,0.6931471805599452,0.6931400181364453
652,4379,4380,98,98,0,0.09914089001867236,0.6931471805599452,0.6931400181364453
652,4380,4381,98,98,0,0.09920699917236153,0.6931471805599452,0.6931400181364453
652,4381,4382,98,98,0,0.09908205369601444,0.6931471805599452,0.6931400181364453
652,4382,4383,12,12,1,0.10046284087002277,0.6931471805599452,0.6931400181364453
652,4383,4384,97,97,1,0.09898811094846922,0.6931471805599452,0.6931400181364453
652,4384,4385,93,93,1,0.09893090149728201,0.6931471805599452,0.6931400181364452
652,4385,4386,98,98,0,0.09905970864454094,0.6931471805599452,0.6931400181364453
652,4386,4387,98,98,0,0.09892497447376349,0.6931471805599452,0.6931400181364453
652,4387,4388,98,98,0,0.09899021540673411,0.6931471805599452,0.6931400181364453
652,4388,4389,98,98,0,0.09911471308798206,0.6931471805599452,0.6931400181364453
652,4389,4390,14,14,1,0.1003161652811936,0.6931471805599452,0.6931400181364453
652,4390,4391,98,98,0,0.09897010560546603,0.6931471805599452,0.6931400181364453
652,4391,4392,87,87,1,0.09909366756335072,0.6931471805599452,0.6931400181364452
652,4392,4393,98,98,0,0.0991122192722194,0.6931471805599452,0.6931400181364452
652,4393,4394,80,80,1,0.09917001044377685,0.6931471805599452,0.6931400181364453
652,4394,4395,84,84,1,0.09912825544320401,0.6931471805599452,0.6931400181364453
652,4395,4396,98,98,0,0.09925827847755685,0.6931471805599454,0.6931400181364453
652,4396,4397,93,93,1,0.09913820140464331,0.6931471805599452,0.6931400181364453
652,4397,4398,98,98,0,0.09894096615667246,0.6931471805599452,0.6931400181364453
652,4398,4399,60,60,1,0.09938046000897885,0.6931471805599452,0.6931400181364452
652,4399,4400,79,79,1,0.09990137334488615,0.6931471805599452,0.6931400181364452
652,4400,4401,98,98,0,0.09893867426684924,0.6931471805599452,0.6931400181364453
652,4401,4402,88,88,1,0.09909660419957204,0.6931471805599452,0.6931400181364453
652,4402,4403,98,98,0,0.09913636409506506,0.6931471805599452,0.6931400181364453
652,4403,4404,98,98,0,0.0993878369276621,0.6929656073360877,0.6931382024042069
652,4404,4405,98,98,0,0.09907758654076226,0.6931471805599452,0.6931382024042066
652,4405,4406,82,82,1,0.09914964955390954,0.6931471805599452,0.6931382024042066
652,4406,4407,98,98,0,0.09907879003760767,0.6931471805599454,0.6931382024042066
652,4407,4408,98,98,0,0.09908283927610942,0.6931471805599452,0.6931382024042069
652,4408,4409,98,98,0,0.09910111479005035,0.6931471805599452,0.6931382024042069
652,4409,4410,98,98,0,0.09896230963724,0.6931471805599452,0.6931382024042069
652,4410,4411,98,98,0,0.09916845975177628,0.6931471805599452,0.6931382024042069
652,4411,4412,98,98,0,0.09897389825509519,0.6931471805599452,0.6931382024042069
652,4412,4413,98,98,0,0.09890433256419337,0.6931471805599452,0.6931382024042066
652,4413,4414,82,82,1,0.09890797261784716,0.6931471805599452,0.6931382024042066
652,4414,4415,98,98,1,0.09908340658460345,0.6931471805599452,0.6931382024042069
652,4415,4416,72,72,1,0.09920833404693338,0.6931471805599452,0.6931382024042069
652,4416,4417,98,98,0,0.09906643096889768,0.6931471805599452,0.6931382024042069
652,4417,4418,83,83,1,0.09902523547770029,0.6931471805599452,0.6931382024042069
652,4418,4419,98,98,0,0.09897145644134404,0.6931471805599452,0.6931382024042069
652,4419,4420,98,98,0,0.0991047911193906,0.6931471805599452,0.6931382024042066
652,4420,4421,98,98,0,0.09907756783828443,0.6931471805599454,0.6931382024042066
652,4421,4422,98,98,0,0.09892610346480292,0.6931471805599452,0.6931382024042069
652,4422,4423,10,10,1,0.10090704634785652,0.6931471805599452,0.6931382024042069
652,4423,4424,98,98,1,0.09915764508198718,0.6931471805599452,0.6931382024042069
652,4424,4425,83,83,1,0.09891310046954327,0.6931471805599452,0.6931382024042069
652,4425,4426,98,98,0,0.09897188735859734,0.6931471805599452,0.6931382024042069
652,4426,4427,98,98,0,0.0990773792169532,0.6931471805599452,0.6931382024042066
652,4427,4428,98,98,0,0.09891436994075775,0.6931471805599452,0.6931382024042066
652,4428,4429,98,98,0,0.09898628644189056,0.6931471805599452,0.6931382024042069
652,4429,4430,90,90,1,0.09889671694901254,0.6931471805599452,0.6931382024042069
652,4430,4431,71,71,1,0.09918037004454035,0.6931471805599452,0.6931382024042069
652,4431,4432,98,98,0,0.09896262111712475,0.6931471805599452,0.6931382024042069
652,4432,4433,98,98,0,0.09892776570453936,0.6931471805599454,0.6931382024042069
652,4433,4434,38,38,1,0.0994375583372618,0.6931471805599452,0.6931382024042066
652,4434,4435,79,79,1,0.09918958137306987,0.6931471805599452,0.6931382024042066
652,4435,4436,98,98,0,0.09919899473993146,0.6931471805599452,0.6931382024042069
652,4436,4437,62,62,1,0.09927964895482987,0.6931471805599452,0.6931382024042069
652,4437,4438,98,98,0,0.09904501708794614,0.6931471805599452,0.6931382024042069
652,4438,4439,70,70,1,0.09949232786893844,0.6929557073510311,0.6931381219869983
652,4439,4440,10,10,1,0.09924236387014389,0.6931471805599452,0.6931381219869983
652,4440,4441,66,66,1,0.09929918384913242,0.6931471805599452,0.6931381219869982
652,4441,4442,97,97,1,0.09905943236092932,0.6931471805599452,0.6931381219869982
652,4442,4443,85,85,1,0.09896033406257629,0.6931471805599452,0.6931381219869982
652,4443,4444,98,98,0,0.09889948459304108,0.6931471805599452,0.6931381219869983
652,4444,4445,86,86,1,0.098921783441721,0.6931471805599452,0.693141634363379
652,4445,4446,62,62,1,0.09892753199223549,0.6931471805599452,0.693141634363379
652,4446,4447,91,91,1,0.09896104831944455,0.6931471805599452,0.693141634363379
652,4447,4448,98,98,0,0.09915360686730365,0.6931471805599452,0.693141634363379
652,4448,4449,98,98,0,0.09912899455853871,0.6931471805599452,0.6931416343633788
652,4449,4450,98,98,0,0.09891488988484655,0.6931471805599452,0.693141634363379
652,4450,4451,98,98,0,0.09910049487133415,0.6931471805599452,0.693141634363379
652,4451,4452,98,98,0,0.09910635551323696,0.6931471805599452,0.693141634363379
652,4452,4453,98,98,0,0.09905781239575269,0.6931471805599452,0.693141634363379
652,4453,4454,96,96,1,0.09917321871034801,0.6931471805599452,0.693141634363379
652,4454,4455,54,54,1,0.09905331664615208,0.6931471805599452,0.693141634363379
652,4455,4456,98,98,0,0.0991308566715036,0.6931471805599452,0.6931416343633788
652,4456,4457,98,98,0,0.09899276327721927,0.6931471805599452,0.693141634363379
652,4457,4458,18,18,1,0.0999870714214113,0.6931471805599452,0.693141634363379
652,4458,4459,98,98,0,0.09897424721596193,0.6931471805599452,0.693141634363379
652,4459,4460,66,66,1,0.09933811019767415,0.6931471805599452,0.693141634363379
652,4460,4461,98,98,0,0.09892016892530481,0.6931471805599452,0.693141634363379
652,4461,4462,65,65,1,0.09893071307585789,0.6931471805599452,0.693141634363379
652,4462,4463,10,10,1,0.09925104603171349,0.6931471805599452,0.6931416343633788
652,4463,4464,98,98,0,0.0991903587567563,0.6931471805599454,0.6931416343633788
652,4464,4465,98,98,0,0.09888929379533748,0.6931471805599452,0.693141634363379
652,4465,4466,98,98,0,0.09917460085482013,0.6931471805599454,0.693141634363379
652,4466,4467,98,98,0,0.09916768633589453,0.6931471805599454,0.693141634363379
652,4467,4468,98,98,0,0.09913204123779219,0.6931471805599452,0.693141634363379
652,4468,4469,10,10,1,0.09877674430608749,0.6931471805599452,0.693141634363379
652,4469,4470,98,98,0,0.09914352098593907,0.6931471805599452,0.6931416343633788
652,4470,4471,98,98,0,0.09888457514497699,0.6931471805599452,0.6931416343633788
652,4471,4472,98,98,0,0.09892946223215181,0.6931471805599452,0.693141634363379
652,4472,4473,51,51,1,0.099301616935169,0.6931471805599452,0.693141634363379
652,4473,4474,98,98,0,0.09916440967698487,0.6931471805599452,0.693141634363379
652,4474,4475,98,98,0,0.09905022937728435,0.6931471805599452,0.6931434500956175
652,4475,4476,98,98,0,0.0989287371690176,0.6931471805599452,0.6931434500956175
652,4476,4477,98,98,0,0.0989160463974184,0.6931471805599452,0.6931434500956173
652,4477,4478,98,98,0,0.09897168763742155,0.6931471805599452,0.6931434500956175
652,4478,4479,68,68,1,0.09896634409532827,0.6931471805599452,0.6931434500956175
652,4479,4480,98,98,0,0.09912927874497005,0.6931471805599452,0.6931434500956175
652,4480,4481,90,90,1,0.09914453915423817,0.6931471805599452,0.6931434500956175
652,4481,4482,60,60,1,0.09937225977579753,0.6931471805599452,0.6931434500956175
652,4482,4483,98,98,0,0.09894803135978933,0.6931471805599452,0.6931434500956175
652,4483,4484,82,82,1,0.09893289290186835,0.6931471805599452,0.6931434500956175
652,4484,4485,98,98,0,0.09904589222706094,0.6931471805599452,0.6931434500956175
652,4485,4486,63,63,1,0.09906685399630713,0.6931471805599452,0.6931434500956175
652,4486,4487,98,98,0,0.09911595315349345,0.6931471805599452,0.6931434500956175
652,4487,4488,98,98,0,0.09903846384615314,0.6931471805599452,0.6931434500956175
652,4488,4489,98,98,0,0.09906369531337096,0.6931471805599452,0.6931434500956175
652,4489,4490,98,98,0,0.09888342136935312,0.6931471805599452,0.6931434500956175
652,4490,4491,98,98,0,0.10145059889372514,0.6931471805599454,0.6931434500956175
652,4491,4492,98,98,0,0.09908373372591271,0.6931471805599452,0.6931434500956175
652,4492,4493,62,62,1,0.098974107614448,0.6931471805599452,0.6931434500956175
652,4493,4494,98,98,0,0.09912876769596217,0.6931471805599454,0.6931434500956175
652,4494,4495,98,98,0,0.09902189132206295,0.6931471805599452,0.6931434500956175
652,4495,4496,98,98,0,0.09910914370295953,0.6931471805599452,0.6931434500956175
652,4496,4497,92,92,1,0.09912065505657507,0.6931471805599454,0.6931434500956175
652,4497,4498,52,52,1,0.09941287410373871,0.6931471805599452,0.6931434500956175
652,4498,4499,18,18,1,0.09935184650950962,0.6931471805599452,0.6931434500956175
652,4499,4500,98,98,0,0.09913788226490118,0.6931471805599452,0.6931434500956175
652,4500,4501,98,98,0,0.0989065310176538,0.6931471805599452,0.6931434500956175
652,4501,4502,98,98,0,0.09904289450876567,0.6931471805599452,0.6931434500956175
652,4502,4503,98,98,0,0.0989462365301288,0.6931471805599452,0.6931434500956175
652,4503,4504,73,73,1,0.0991019436145482,0.6931471805599452,0.6931452658278561
652,4504,4505,74,74,1,0.09911491580911584,0.6931471805599452,0.6931452658278562
652,4505,4506,24,24,1,0.10037762050827344,0.6931471805599452,0.6931452658278561
652,4506,4507,95,95,1,0.09889169272623564,0.6931471805599454,0.6931452658278561
652,4507,4508,98,98,0,0.0991124509244549,0.6931471805599452,0.6931452658278561
652,4508,4509,98,98,0,0.09917500888814731,0.6931471805599452,0.6931452658278561
652,4509,4510,7,7,1,0.09860600743974958,0.6931471805599452,0.6931452658278561
652,4510,4511,73,73,1,0.09919379906703348,0.6931471805599452,0.6931452658278561
652,4511,4512,89,89,1,0.09891649519794443,0.6931471805599452,0.6931452658278562
652,4512,4513,57,57,1,0.09940893817366216,0.6931471805599452,0.6931452658278561
652,4513,4514,98,98,0,0.0988777082185356,0.6931471805599452,0.6931452658278561
652,4514,4515,98,98,0,0.09941120643396767,0.6929656073360877,0.6931434500956175
652,4515,4516,76,76,1,0.0990305544906541,0.6931471805599452,0.6931434500956175
652,4516,4517,98,98,0,0.09917269799174094,0.6931471805599452,0.6931434500956175
652,4517,4518,98,98,0,0.09894877238845338,0.6931471805599452,0.6931434500956175
652,4518,4519,10,10,1,0.09882485195994377,0.6931471805599452,0.6931434500956175
652,4519,4520,97,97,1,0.09929599682080377,0.6929653056867917,0.693141631346886
652,4520,4521,98,98,0,0.09909203907056731,0.6931471805599452,0.693141631346886
652,4521,4522,98,98,0,0.09902229646638948,0.6931471805599452,0.693141631346886
652,4522,4523,88,88,1,0.09891686918721958,0.6931471805599452,0.693141631346886
652,4523,4524,86,86,1,0.09889437977311223,0.6931471805599452,0.693141631346886
652,4524,4525,71,71,1,0.09902012757432292,0.6931471805599452,0.6931416313468859
652,4525,4526,98,98,0,0.09913361102950816,0.6931471805599452,0.6931416313468859
652,4526,4527,98,98,0,0.09919856777604745,0.6931471805599452,0.693141631346886
652,4527,4528,98,98,0,0.09895880178225283,0.6931471805599452,0.693141631346886
652,4528,4529,71,71,1,0.09915994579943133,0.6931471805599452,0.693141631346886
652,4529,4530,10,10,1,0.09890235364437103,0.6931471805599452,0.693141631346886
652,4530,4531,98,98,0,0.09911532631638098,0.6931471805599452,0.693141631346886
652,4531,4532,98,98,0,0.09901555277863328,0.6931471805599452,0.6931416313468859
652,4532,4533,98,98,0,0.09916470838444573,0.6931471805599452,0.6931416313468859
652,4533,4534,9,9,1,0.10083833667967054,0.6931471805599452,0.693141631346886
652,4534,4535,78,78,1,0.09938416391229019,0.6931471805599452,0.693141631346886
652,4535,4536,98,98,0,0.09890338162682494,0.6931471805599452,0.693141631346886
652,4536,4537,98,98,0,0.09891897128248701,0.6931471805599452,0.693141631346886
652,4537,4538,98,98,0,0.09901584958543583,0.6931471805599452,0.693141631346886
652,4538,4539,70,70,1,0.09921127419386591,0.6931471805599454,0.693143546078975
652,4539,4540,49,49,1,0.09909744530308004,0.6931471805599452,0.693143546078975
652,4540,4541,98,98,0,0.09916304295160333,0.6931471805599454,0.6931435460789751
652,4541,4542,88,88,1,0.09911755980415778,0.6931471805599454,0.6931435460789751
652,4542,4543,98,98,0,0.09911841640667039,0.6931471805599452,0.6931435460789751
652,4543,4544,98,98,0,0.09891509736070828,0.6931471805599452,0.6931435460789751
652,4544,4545,98,98,0,0.09901198782787031,0.6931471805599452,0.6931435460789751
652,4545,4546,98,98,0,0.09914877881505052,0.6931471805599452,0.693143546078975
652,4546,4547,78,78,1,0.09902441998322804,0.6931471805599452,0.693143546078975
652,4547,4548,65,65,1,0.09902218007124387,0.6931471805599452,0.693143546078975
652,4548,4549,11,11,1,0.09863956001671878,0.6931471805599452,0.6931435460789751
652,4549,4550,97,97,1,0.09917453791677337,0.6931471805599452,0.6931435460789751
652,4550,4551,98,98,0,0.09908653666474382,0.6931471805599452,0.6931435460789751
652,4551,4552,98,98,0,0.09893845394253731,0.6931471805599452,0.6931435460789751
652,4552,4553,56,56,1,0.0990914920611041,0.6931471805599452,0.693143546078975
652,4553,4554,98,98,0,0.09907411753523107,0.6931471805599452,0.693143546078975
652,4554,4555,95,95,1,0.09892932019735637,0.6931471805599452,0.693143546078975
652,4555,4556,55,55,1,0.09900085655125705,0.6931471805599452,0.6931435460789751
652,4556,4557,98,98,0,0.0990681099344273,0.6931471805599452,0.6931435460789751
652,4557,4558,73,73,1,0.09904477428900052,0.6931471805599452,0.6931435460789751
652,4558,4559,98,98,0,0.09909167840164534,0.6931471805599452,0.6931435460789751
652,4559,4560,59,59,1,0.09913073530641653,0.6931471805599452,0.6931435460789751
652,4560,4561,74,74,1,0.09941604089092564,0.6931471805599452,0.693143546078975
652,4561,4562,86,86,1,0.09906650473212086,0.6931471805599452,0.693143546078975
652,4562,4563,98,98,0,0.09909797345801276,0.6931471805599452,0.6931435460789751
652,4563,4564,98,98,0,0.09890324386711023,0.6931471805599452,0.6931435460789751
652,4564,4565,98,98,0,0.0991779947463347,0.6931471805599454,0.6931435460789751
652,4565,4566,98,98,0,0.09907534307971293,0.6931471805599452,0.6931435460789751
652,4566,4567,10,10,1,0.09895220696926117,0.6931471805599452,0.6931435460789751
652,4567,4568,98,98,0,0.09890754482879931,0.6931471805599452,0.693143546078975
652,4568,4569,79,79,1,0.0989775158747842,0.6931471805599454,0.693143546078975
652,4569,4570,73,73,1,0.09930581956693571,0.6931471805599452,0.6931435460789751
652,4570,4571,98,98,0,0.0991083657254978,0.6931471805599452,0.6931435460789751
652,4571,4572,49,49,1,0.09943384540324308,0.6931471805599452,0.6931435460789751
652,4572,4573,68,68,1,0.09893641478436835,0.6931471805599452,0.6931435460789751
652,4573,4574,98,98,0,0.09902792036229251,0.6931471805599452,0.6931435460789751
652,4574,4575,98,98,0,0.09916440770030022,0.6931471805599452,0.693143546078975
652,4575,4576,98,98,0,0.09911131045343924,0.6931471805599452,0.693143546078975
652,4576,4577,98,98,0,0.099156099010487,0.6931471805599454,0.6931435460789751
652,4577,4578,68,68,1,0.0989517137846526,0.6931471805599452,0.6931435460789751
652,4578,4579,74,74,1,0.09895985603735254,0.6931471805599452,0.6931435460789751
652,4579,4580,75,75,1,0.09899331321318944,0.6931471805599452,0.6931435460789751
652,4580,4581,78,78,1,0.09916457868157288,0.6931471805599452,0.6931435460789751
652,4581,4582,65,65,1,0.09927474111318588,0.6931471805599452,0.693143546078975
652,4582,4583,96,96,1,0.09880288496303062,0.6931471805599452,0.693143546078975
652,4583,4584,56,56,1,0.09926227333822421,0.6931471805599452,0.6931435460789751
652,4584,4585,98,98,0,0.09915126054262628,0.6931471805599454,0.6931435460789751
652,4585,4586,98,98,0,0.09894599233354841,0.6931471805599452,0.6931435460789751
652,4586,4587,87,87,1,0.0989780902177438,0.6931471805599452,0.6931435460789751
652,4587,4588,62,62,1,0.09940447550146811,0.6931471805599452,0.6931435460789751
652,4588,4589,98,98,0,0.09896214359572955,0.6931471805599452,0.693143546078975
652,4589,4590,54,54,1,0.09941118127769893,0.6931471805599452,0.693143546078975
652,4590,4591,98,98,0,0.0989766219744877,0.6931471805599452,0.693143546078975
652,4591,4592,94,94,1,0.09886942780081262,0.6931471805599452,0.6931435460789751
652,4592,4593,98,98,0,0.09909150498558064,0.6931471805599454,0.6931435460789751
652,4593,4594,98,98,0,0.0990977230272731,0.6931471805599452,0.6931435460789751
652,4594,4595,98,98,1,0.09910146641183873,0.6931471805599452,0.6931435460789751
652,4595,4596,98,98,0,0.09913103776622792,0.6931471805599452,0.6931435460789751
652,4596,4597,98,98,1,0.09895262525093798,0.6931471805599452,0.693143546078975
652,4597,4598,10,10,1,0.09917339757084846,0.6931471805599452,0.693143546078975
652,4598,4599,98,98,0,0.09935478949729278,0.6931471805599452,0.6931435460789751
652,4599,4600,98,98,0,0.09894698417308379,0.6931471805599452,0.6931435460789751
652,4600,4601,92,92,1,0.098952641143747,0.6931471805599454,0.6931435460789751
652,4601,4602,98,98,0,0.09917204059204277,0.6931471805599452,0.6931435460789751
652,4602,4603,86,86,1,0.09904435736148856,0.6931471805599452,0.6931435460789751
652,4603,4604,98,98,0,0.0991204309524322,0.6931471805599452,0.693143546078975
652,4604,4605,91,91,1,0.09915885018123376,0.6931471805599452,0.693143546078975
652,4605,4606,98,98,0,0.09888514602670864,0.6931471805599452,0.6931435460789751
652,4606,4607,98,98,0,0.09908486712647945,0.6931471805599452,0.6931435460789751
652,4607,4608,86,86,1,0.09894187904374543,0.6931471805599452,0.6931435460789751
652,4608,4609,83,83,1,0.09892334008073232,0.6931471805599452,0.6931435460789751
652,4609,4610,98,98,0,0.09919533536446337,0.6931471805599454,0.6931435460789751
652,4610,4611,98,98,0,0.09888937544761872,0.6931471805599452,0.693143546078975
652,4611,4612,98,98,0,0.09917751494414952,0.6931471805599452,0.693143546078975
652,4612,4613,98,98,0,0.09903208462863552,0.6931471805599452,0.6931435460789751
652,4613,4614,98,98,0,0.09917277652694255,0.6931471805599452,0.6931435460789751
652,4614,4615,98,98,0,0.09918572054225572,0.6931471805599454,0.6931453618112137
652,4615,4616,98,98,0,0.09895276688799566,0.6931471805599452,0.6931453618112137
652,4616,4617,88,88,1,0.09909940468655391,0.6931471805599452,0.6931453618112137
652,4617,4618,98,98,0,0.098956042786642,0.6931471805599452,0.6931453618112136
652,4618,4619,98,98,0,0.09891544259628471,0.6931471805599452,0.6931453618112136
652,4619,4620,98,98,0,0.099050836143445,0.6931471805599452,0.6931471805599452
652,4620,4621,98,98,0,0.09923510139389914,0.6931471805599452,0.6931471805599452
652,4621,4622,98,98,1,0.09891074067171739,0.6931471805599452,0.6931471805599452
652,4622,4623,98,98,0,0.09911962940680738,0.6931471805599452,0.6931471805599452
652,4623,4624,85,85,1,0.09890997357228223,0.6931471805599452,0.6931471805599452
652,4624,4625,89,89,1,0.09926573011312592,0.6931471805599452,0.6931471805599452
652,4625,4626,98,98,0,0.09911502798905178,0.6931471805599454,0.6931471805599452
652,4626,4627,10,10,1,0.10065488442778588,0.6931471805599452,0.6931471805599452
652,4627,4628,98,98,0,0.09912569440749226,0.6931471805599454,0.6931471805599452
652,4628,4629,98,98,0,0.09895174395369023,0.6931471805599452,0.6931471805599452
652,4629,4630,62,62,1,0.09932816184816821,0.6931471805599452,0.6931471805599452
652,4630,4631,67,67,1,0.09899773748952952,0.6931471805599452,0.6931471805599452
652,4631,4632,98,98,0,0.0990837318252544,0.6931471805599452,0.6931471805599453
652,4632,4633,98,98,0,0.09912562096605496,0.6931471805599452,0.6931471805599452
652,4633,4634,98,98,0,0.09894414877100867,0.6931471805599452,0.6931471805599452
652,4634,4635,98,98,0,0.09911205467520928,0.6931471805599452,0.6931471805599452
652,4635,4636,67,67,1,0.09920181878911916,0.6931471805599452,0.6931471805599452
652,4636,4637,72,72,1,0.098940325797432,0.6931471805599454,0.6931471805599452
652,4637,4638,98,98,0,0.09897247466201685,0.6931471805599452,0.6931471805599452
652,4638,4639,98,98,0,0.0990170884345259,0.6931471805599452,0.6931471805599453
652,4639,4640,83,83,1,0.09913235705300986,0.6931471805599452,0.6931471805599452
652,4640,4641,13,13,1,0.09914413323769203,0.6931471805599452,0.6931471805599452
652,4641,4642,98,98,0,0.09911196899353242,0.6931471805599452,0.6931471805599452
652,4642,4643,98,98,0,0.09915039034522309,0.6931471805599452,0.6931471805599452
652,4643,4644,98,98,0,0.09905508244220092,0.6931471805599452,0.6931471805599452
652,4644,4645,92,92,1,0.09896687013299568,0.6931471805599452,0.6931471805599452
652,4645,4646,98,98,0,0.09898640314231114,0.6931471805599452,0.6931471805599453
652,4646,4647,71,71,1,0.09920092105445727,0.6931471805599452,0.6931471805599452
652,4647,4648,49,49,1,0.09942432736255685,0.6931471805599452,0.6931471805599452
652,4648,4649,98,98,0,0.09927931253095063,0.6929656073360877,0.6931453648277066
652,4649,4650,98,98,0,0.0989156784299685,0.6931471805599452,0.6931453648277066
652,4650,4651,98,98,0,0.09925638808279622,0.6931471805599452,0.6931453648277066
652,4651,4652,98,98,0,0.09898440501823717,0.6931471805599452,0.6931453648277066
652,4652,4653,86,86,1,0.0989853773525981,0.6931471805599452,0.6931453648277066
652,4653,4654,98,98,0,0.09907266444393567,0.6931471805599452,0.6931453648277066
652,4654,4655,98,98,0,0.09898316806980542,0.6931471805599452,0.6931453648277066
652,4655,4656,57,57,1,0.09930245343007539,0.6931471805599452,0.6931453648277066
652,4656,4657,98,98,0,0.09894854727448249,0.6931471805599452,0.6931453648277066
652,4657,4658,98,98,0,0.09909193711925526,0.6931471805599452,0.6931453648277066
652,4658,4659,87,87,1,0.09914579233903995,0.6931471805599452,0.6931453648277066
652,4659,4660,98,98,0,0.09893844656798305,0.6931471805599452,0.6931453648277066
652,4660,4661,79,79,1,0.09897499078813987,0.6931471805599452,0.6931453648277066
652,4661,4662,52,52,1,0.09937764818851764,0.6931471805599452,0.6931453648277066
652,4662,4663,98,98,0,0.09897272532083551,0.6931471805599452,0.6931453648277066
652,4663,4664,64,64,1,0.09925689618103206,0.6931471805599452,0.6931453648277066
652,4664,4665,59,59,1,0.09925974375110562,0.6931471805599452,0.6931453648277066
652,4665,4666,92,92,1,0.09912878218228402,0.6931471805599454,0.6931453648277066
652,4666,4667,98,98,0,0.0991168281405556,0.6931471805599452,0.6931453648277065
652,4667,4668,98,98,0,0.09902541080907899,0.6931471805599452,0.6931453648277066
652,4668,4669,12,12,1,0.09911957445243995,0.6931471805599452,0.6931453648277066
652,4669,4670,67,67,1,0.09903773887833553,0.6931471805599452,0.6931453648277066
652,4670,4671,72,72,1,0.09917796103076802,0.6931471805599452,0.6931453648277066
652,4671,4672,98,98,0,0.09909379056521825,0.6931471805599452,0.6931453648277066
652,4672,4673,74,74,1,0.09895873603385848,0.6931471805599452,0.6931453648277066
652,4673,4674,98,98,0,0.09892214332916299,0.6931471805599452,0.6931453648277066
652,4674,4675,98,98,0,0.0991186932945738,0.6931471805599452,0.6931453648277066
652,4675,4676,98,98,0,0.09912444134147799,0.6931471805599452,0.6931453648277066
652,4676,4677,98,98,0,0.0992691771564435,0.6931471805599452,0.6931453648277066
652,4677,4678,90,90,1,0.0992713046570619,0.6931471805599454,0.6931453648277066
652,4678,4679,98,98,0,0.09896056148774769,0.6931471805599452,0.6931453648277066
652,4679,4680,98,98,0,0.09910981615587157,0.6931471805599452,0.6931453648277066
652,4680,4681,77,77,1,0.09928410558344482,0.6931471805599452,0.6931453648277066
652,4681,4682,87,87,1,0.09925633960071652,0.6931471805599452,0.6931453648277066
652,4682,4683,56,56,1,0.09939396274941308,0.6931471805599452,0.6931453648277066
652,4683,4684,67,67,1,0.0991038535513095,0.6931471805599452,0.6931453648277066
652,4684,4685,62,62,1,0.09925249375162586,0.6931471805599452,0.6931453648277066
652,4685,4686,98,98,0,0.09897738839594686,0.6931471805599452,0.6931453648277066
652,4686,4687,12,12,1,0.09934312229355176,0.6931471805599452,0.6931453648277066
652,4687,4688,98,98,0,0.0989031939178097,0.6931471805599452,0.6931453648277066
652,4688,4689,12,12,1,0.09908666337529819,0.6931471805599452,0.6931453648277066
652,4689,4690,89,89,1,0.09898269109511643,0.6931471805599452,0.6931453648277066
652,4690,4691,90,90,1,0.09890857214728992,0.6931471805599452,0.6931453648277066
652,4691,4692,96,96,1,0.09918869341102739,0.6931471805599452,0.6931453648277066
652,4692,4693,98,98,0,0.0989790147512543,0.6931471805599454,0.6931453648277066
652,4693,4694,84,84,1,0.09907268173992634,0.6931471805599452,0.6931453648277066
652,4694,4695,98,98,0,0.09905124790206248,0.6931471805599452,0.6931453648277066
652,4695,4696,56,56,1,0.09925245546868869,0.6931471805599452,0.6931453648277065
652,4696,4697,68,68,1,0.09898009403225254,0.6931471805599452,0.6931453648277066
652,4697,4698,98,98,0,0.09892936894784168,0.6931471805599452,0.6931453648277066
652,4698,4699,98,98,0,0.09907419713480133,0.6931471805599452,0.6931453648277066
652,4699,4700,98,98,0,0.09899262916676853,0.6931471805599452,0.6931453648277066
652,4700,4701,98,98,0,0.09908540896615203,0.6931471805599452,0.6931453648277066
652,4701,4702,98,98,0,0.09913738953823946,0.6931471805599452,0.6931453648277066
652,4702,4703,97,97,1,0.09919378107663282,0.6931471805599452,0.6931453648277065
652,4703,4704,96,96,1,0.09899417016034325,0.6931471805599452,0.6931453648277066
652,4704,4705,98,98,0,0.0991214032532001,0.6931471805599452,0.6931453648277066
652,4705,4706,98,98,0,0.09893530637634043,0.6931471805599452,0.6931453648277066
652,4706,4707,98,98,0,0.0991268010467899,0.6931471805599452,0.6931453648277066
652,4707,4708,98,98,0,0.09894881260638334,0.6931471805599452,0.6931453648277066
652,4708,4709,79,79,1,0.09893462401402148,0.6931471805599452,0.6931453648277066
652,4709,4710,98,98,0,0.09909762966693664,0.6931471805599452,0.6931453648277065
652,4710,4711,75,75,1,0.09905736823876699,0.6931471805599452,0.6931453648277066
652,4711,4712,98,98,0,0.09917403924830105,0.6931471805599452,0.6931453648277066
652,4712,4713,95,95,1,0.09898723638371418,0.6931471805599452,0.6931453648277066
652,4713,4714,98,98,0,0.09906766069482784,0.6931471805599452,0.6931453648277066
652,4714,4715,73,73,1,0.0992846862502294,0.6929569424844072,0.6931434624469511
652,4715,4716,94,94,1,0.099040917972935,0.6931471805599452,0.6931434624469511
652,4716,4717,54,54,1,0.09900349350991072,0.6931471805599452,0.6931434624469511
652,4717,4718,98,98,0,0.09893138250526116,0.6931471805599452,0.6931434624469514
652,4718,4719,94,94,1,0.09901560597280239,0.6931471805599452,0.6931434624469514
652,4719,4720,98,98,0,0.09888316554074385,0.6931471805599452,0.6931434624469514
652,4720,4721,98,98,0,0.09914114288225466,0.6931471805599452,0.6931434624469514
652,4721,4722,98,98,0,0.09912425667351606,0.6931471805599452,0.6931434624469511
652,4722,4723,98,98,0,0.09896637856656192,0.6931471805599452,0.6931434624469511
652,4723,4724,98,98,1,0.09899604062036592,0.6931471805599454,0.6931434624469511
652,4724,4725,98,98,0,0.09911214081304413,0.6931471805599452,0.6931434624469514
652,4725,4726,98,98,0,0.09898798912763596,0.6931471805599452,0.6931434624469514
652,4726,4727,98,98,0,0.09887445832089502,0.6931471805599452,0.6931434624469514
652,4727,4728,98,98,0,0.09900909122459743,0.6931471805599452,0.6931434624469514
652,4728,4729,98,98,0,0.09909965204341072,0.6931471805599452,0.6931434624469511
652,4729,4730,98,98,0,0.09912097849407975,0.6931471805599454,0.6931434624469511
652,4730,4731,98,98,0,0.09917810536464866,0.6931471805599454,0.6931434624469511
652,4731,4732,98,98,0,0.0989515087282171,0.6931471805599452,0.6931434624469511
652,4732,4733,98,98,0,0.09909221294279001,0.6931471805599452,0.6931434624469514
652,4733,4734,98,98,0,0.09896645740586885,0.6931471805599452,0.6931434624469514
652,4734,4735,68,68,1,0.1012082812102402,0.6931471805599452,0.6931434624469514
652,4735,4736,9,9,1,0.10098602705531651,0.6931471805599452,0.6931434624469511
652,4736,4737,98,98,0,0.09897314779916588,0.6931471805599452,0.6931434624469511
652,4737,4738,98,98,0,0.0991142500876164,0.6931471805599452,0.6931434624469511
652,4738,4739,98,98,0,0.09909678592669721,0.6931471805599452,0.6931434624469511
652,4739,4740,78,78,1,0.0991496358735439,0.6931471805599452,0.6931434624469514
652,4740,4741,98,98,0,0.09899642181639769,0.6931471805599452,0.6931434624469514
652,4741,4742,98,98,0,0.09914935167346682,0.6931471805599452,0.6931434624469514
652,4742,4743,82,82,1,0.09910079900447916,0.6931471805599452,0.6931434624469514
652,4743,4744,98,98,0,0.09901681496780745,0.6931471805599454,0.6931434624469511
652,4744,4745,98,98,0,0.09894917730470093,0.6931471805599452,0.6931434624469511
652,4745,4746,84,84,1,0.09901423503955205,0.6931471805599452,0.6931434624469511
652,4746,4747,98,98,0,0.09904889686375248,0.6931471805599452,0.6931434624469514
652,4747,4748,64,64,1,0.09919710259418935,0.6931471805599452,0.6931434624469514
652,4748,4749,98,98,0,0.09906536956526796,0.6931471805599454,0.6931452781791898
652,4749,4750,98,98,0,0.09896786898678663,0.6931471805599452,0.6931452781791898
652,4750,4751,98,98,0,0.09896734813038184,0.6931471805599452,0.6931452781791897
652,4751,4752,64,64,1,0.0992357712239027,0.6931471805599452,0.6931452781791897
652,4752,4753,98,98,0,0.09891449804512822,0.6931471805599452,0.6931452781791898
652,4753,4754,98,98,0,0.098951983208559,0.6931471805599452,0.6931452781791898
652,4754,4755,98,98,0,0.0990006727527599,0.6931471805599452,0.6931452781791898
652,4755,4756,86,86,1,0.09904127897218216,0.6931471805599452,0.6931452781791898
652,4756,4757,98,98,0,0.09906917688797931,0.6931471805599452,0.6931452781791898
652,4757,4758,98,98,0,0.0993164355049328,0.6931471805599452,0.6931452781791897
652,4758,4759,80,80,1,0.09923066115006804,0.6931471805599452,0.6931452781791897
652,4759,4760,98,98,0,0.09890863147317147,0.6931471805599452,0.6931452781791898
652,4760,4761,62,62,1,0.099420172072226,0.6931471805599452,0.6931452781791898
652,4761,4762,75,75,1,0.09921107669671377,0.6931471805599454,0.6931452781791898
652,4762,4763,64,64,1,0.09901076927781105,0.6931471805599452,0.6931452781791898
652,4763,4764,91,91,1,0.09919187999688663,0.6929634275852928,0.6931434406494432
652,4764,4765,98,98,0,0.0989487640255568,0.6931471805599452,0.6931434406494432
652,4765,4766,98,98,0,0.09911566562190348,0.6931471805599454,0.6931434406494432
652,4766,4767,87,87,1,0.09896434235504303,0.6931471805599452,0.6931434406494432
652,4767,4768,98,98,0,0.09895350510368542,0.6931471805599452,0.6931434406494433
652,4768,4769,78,78,1,0.09898150674043557,0.6931471805599452,0.6931434406494433
652,4769,4770,79,79,1,0.09907748823678947,0.6931471805599452,0.6931434406494433
652,4770,4771,98,98,0,0.09894704940367718,0.6931471805599452,0.6931434406494432
652,4771,4772,98,98,0,0.09889388723032815,0.6931471805599452,0.6931434406494432
652,4772,4773,89,89,1,0.09882919013165356,0.6931471805599452,0.6931434406494432
652,4773,4774,79,79,1,0.0989834189980845,0.6931471805599452,0.6931434406494432
652,4774,4775,98,98,0,0.09891030929830609,0.6931471805599452,0.6931434406494433
652,4775,4776,52,52,1,0.0992920262595782,0.6931471805599452,0.6931434406494433
652,4776,4777,98,98,0,0.09911079719966771,0.6931471805599452,0.6931434406494433
652,4777,4778,98,98,0,0.09923662230068324,0.6931471805599454,0.6931434406494432
652,4778,4779,83,83,1,0.10011052842958863,0.6928150053838524,0.6931401188976823
652,4779,4780,98,98,0,0.09900608065785194,0.6931471805599452,0.6931401188976823
652,4780,4781,98,98,0,0.09895109810999461,0.6931471805599452,0.6931401188976822
652,4781,4782,98,98,0,0.09959651134452041,0.6929656073360877,0.6931383031654438
652,4782,4783,83,83,1,0.09917597598340137,0.6931471805599452,0.6931383031654438
652,4783,4784,98,98,0,0.09891372371693047,0.6931471805599452,0.6931383031654438
652,4784,4785,98,98,0,0.09889533218680596,0.6931471805599452,0.6931383031654438
652,4785,4786,76,76,1,0.09906288844190146,0.6931471805599452,0.6931383031654438
652,4786,4787,83,83,1,0.09898330028875764,0.6931471805599452,0.6931383031654437
652,4787,4788,78,78,1,0.09899257763456075,0.6931471805599452,0.6931383031654437
652,4788,4789,98,98,0,0.09915799244630094,0.6931471805599452,0.6931383031654438
652,4789,4790,98,98,0,0.09897655872057895,0.6931471805599452,0.6931383031654438
652,4790,4791,58,58,1,0.0993979072262501,0.6931471805599454,0.6931383031654438
652,4791,4792,87,87,1,0.09894085281539237,0.6931471805599452,0.6931383031654438
652,4792,4793,98,98,0,0.09886973579319155,0.6931471805599452,0.6931383031654438
652,4793,4794,93,93,1,0.09898814094322984,0.6931471805599452,0.6931383031654437
652,4794,4795,98,98,0,0.09915465815943114,0.6931471805599452,0.6931383031654437
652,4795,4796,92,92,1,0.09921835784030997,0.6931471805599452,0.6931383031654438
652,4796,4797,98,98,0,0.09912602033238022,0.6931471805599452,0.6931383031654438
652,4797,4798,98,98,0,0.09890271153072921,0.6931471805599452,0.6931383031654438
652,4798,4799,98,98,0,0.09894886605289517,0.6931471805599452,0.6931383031654438
652,4799,4800,88,88,1,0.0989475677805868,0.6931471805599452,0.6931383031654438
652,4800,4801,98,98,0,0.09891421522717087,0.6931471805599452,0.6931383031654437
652,4801,4802,96,96,1,0.0992862090934068,0.6931471805599452,0.6931383031654437
652,4802,4803,64,64,1,0.0990046733058989,0.6931471805599452,0.6931383031654438
652,4803,4804,98,98,0,0.09919932682295235,0.6931471805599452,0.6931383031654438
652,4804,4805,68,68,1,0.09918769010726143,0.6931471805599452,0.6931383031654438
652,4805,4806,98,98,0,0.09906700223076101,0.6931471805599452,0.6931383031654438
652,4806,4807,98,98,0,0.09896112149771379,0.6931471805599452,0.6931383031654438
652,4807,4808,98,98,0,0.09888799123618068,0.6931471805599452,0.6931383031654437
652,4808,4809,98,98,0,0.09896257557735151,0.6931471805599452,0.6931383031654437
652,4809,4810,10,10,1,0.09923751503229142,0.6931471805599452,0.6931383031654438
652,4810,4811,71,71,1,0.09886351364179397,0.6931471805599452,0.6931383031654438
652,4811,4812,98,98,0,0.09915250478958597,0.6931471805599452,0.6931383031654438
652,4812,4813,98,98,0,0.09917896096499598,0.6931471805599452,0.6931383031654438
652,4813,4814,98,98,0,0.09905941480276537,0.6931471805599452,0.6931383031654438
652,4814,4815,84,84,1,0.09923707064063776,0.6931471805599452,0.6931402055461993
652,4815,4816,75,75,1,0.09903040538231532,0.6931471805599452,0.6931402055461992
652,4816,4817,98,98,0,0.09919029094126759,0.6931471805599454,0.6931402055461992
652,4817,4818,98,98,0,0.09911533308272459,0.6931471805599452,0.6931402055461992
652,4818,4819,86,86,1,0.09917022504432257,0.6931471805599452,0.6931402055461992
652,4819,4820,89,89,1,0.09892230472537909,0.6931471805599452,0.6931402055461992
652,4820,4821,98,98,0,0.0990832473094366,0.6931471805599452,0.6931402055461992
652,4821,4822,98,98,0,0.09916935138860528,0.6931471805599452,0.6931402055461993
652,4822,4823,98,98,0,0.09912874625653637,0.6931471805599454,0.6931402055461992
652,4823,4824,59,59,1,0.09891261854919337,0.6931471805599452,0.6931402055461992
652,4824,4825,88,88,1,0.09910393074493516,0.6931471805599452,0.6931402055461992
652,4825,4826,89,89,1,0.09920261716574766,0.6931471805599452,0.6931402055461992
652,4826,4827,98,98,0,0.09886511400037883,0.6931471805599452,0.6931402055461992
652,4827,4828,98,98,0,0.09886325872978385,0.6931471805599452,0.6931402055461992
652,4828,4829,12,12,1,0.09880543996890385,0.6931471805599452,0.6931402055461993
652,4829,4830,5,5,1,0.09923850744962692,0.6931471805599452,0.6931402055461992
652,4830,4831,85,85,1,0.09923788677243625,0.6931471805599452,0.6931402055461992
652,4831,4832,98,98,0,0.09885508688736935,0.6931471805599452,0.6931402055461992
652,4832,4833,10,10,1,0.09939215928316117,0.6931471805599452,0.6931402055461992
652,4833,4834,98,98,0,0.09892826474138669,0.6931471805599452,0.6931402055461992
652,4834,4835,98,98,0,0.09906962932068475,0.6931471805599452,0.6931402055461992
652,4835,4836,68,68,1,0.0989956185221672,0.6931471805599452,0.6931402055461993
652,4836,4837,74,74,1,0.09901408790736585,0.6931471805599452,0.6931402055461992
652,4837,4838,79,79,1,0.09913048233035245,0.6931471805599452,0.6931402055461992
652,4838,4839,98,98,0,0.09911576833347885,0.6931471805599452,0.6931402055461992
652,4839,4840,71,71,1,0.09888961417994029,0.6931471805599452,0.6931402055461992
652,4840,4841,98,98,0,0.09891473821231297,0.6931471805599452,0.6931402055461992
652,4841,4842,98,98,0,0.09935697540640831,0.6931471805599452,0.6931402055461992
652,4842,4843,69,69,1,0.0989644013453221,0.6931471805599452,0.6931402055461992
652,4843,4844,83,83,1,0.09924615542572665,0.6931471805599452,0.6931402055461992
652,4844,4845,98,98,0,0.09903803596995314,0.6931471805599452,0.6931402055461992
652,4845,4846,74,74,1,0.09923846627006659,0.6931471805599452,0.6931402055461992
652,4846,4847,75,75,1,0.09934595356384913,0.6929577379614428,0.6931383111202142
652,4847,4848,98,98,0,0.09915668813853848,0.6931471805599452,0.6931383111202142
652,4848,4849,92,92,1,0.09889811520343242,0.6931471805599452,0.6931383111202141
652,4849,4850,14,14,1,0.09888806673032897,0.6931471805599452,0.6931383111202141
652,4850,4851,98,98,0,0.09911967775955492,0.6931471805599452,0.6931383111202142
652,4851,4852,98,98,0,0.09913908363300927,0.6931471805599454,0.6931383111202142
652,4852,4853,98,98,0,0.09899271743334069,0.6931471805599452,0.6931383111202142
652,4853,4854,98,98,0,0.09907368631387244,0.6931471805599452,0.6931383111202142
652,4854,4855,87,87,1,0.09911336227395069,0.6931471805599452,0.6931383111202142
652,4855,4856,58,58,1,0.09927499756730836,0.6931471805599452,0.6931383111202141
652,4856,4857,95,95,1,0.09911638702216902,0.6931471805599452,0.6931383111202141
652,4857,4858,11,11,1,0.09928762167692184,0.6931471805599452,0.6931383111202142
652,4858,4859,62,62,1,0.09888399404383474,0.6931471805599452,0.6931383111202142
652,4859,4860,72,72,1,0.0990526130836871,0.6931471805599452,0.6931383111202142
652,4860,4861,98,98,0,0.09914210590780997,0.6931471805599452,0.6931383111202142
652,4861,4862,98,98,0,0.09888487141959522,0.6931471805599452,0.6931383111202142
652,4862,4863,98,98,0,0.09893564925510057,0.6931471805599452,0.6931383111202141
652,4863,4864,88,88,1,0.09897618732330474,0.6931471805599452,0.6931401486499607
652,4864,4865,98,98,0,0.09891432379277385,0.6931471805599452,0.6931401486499607
652,4865,4866,85,85,1,0.10125746516620411,0.6929614209816524,0.6931382910541778
652,4866,4867,55,55,1,0.09936677772890437,0.6931471805599452,0.6931382910541777
652,4867,4868,59,59,1,0.0994979730349476,0.6931471805599452,0.6931382910541777
652,4868,4869,98,98,0,0.09890273722762964,0.6931471805599452,0.6931382910541777
652,4869,4870,98,98,0,0.09887751389522942,0.6931471805599452,0.6931382910541777
652,4870,4871,98,98,0,0.09910383425196823,0.6931471805599452,0.6931382910541778
652,4871,4872,89,89,1,0.09911295872056082,0.6931471805599452,0.6931382910541778
652,4872,4873,60,60,1,0.09933674025038879,0.6931471805599452,0.6931382910541778
652,4873,4874,5,5,1,0.09940690696239471,0.6931471805599452,0.6931382910541777
652,4874,4875,98,98,0,0.09895334103885962,0.6931471805599452,0.6931382910541777
652,4875,4876,89,89,1,0.0991888279827793,0.6931471805599452,0.6931382910541777
652,4876,4877,98,98,0,0.09911296569875308,0.6931471805599452,0.6931382910541777
652,4877,4878,61,61,1,0.09899835716016957,0.6931471805599452,0.6931382910541778
652,4878,4879,88,88,1,0.09957538993859832,0.6929624414327116,0.6931397654146663
652,4879,4880,98,98,0,0.098865593574485,0.6931471805599452,0.6931397654146663
652,4880,4881,98,98,0,0.09892762672840333,0.6931471805599452,0.6931397654146665
652,4881,4882,98,98,0,0.09916807589482288,0.6931471805599452,0.6931415811469048
652,4882,4883,98,98,0,0.09921428051834204,0.6931471805599454,0.6931415811469048
652,4883,4884,98,98,0,0.09903272385804021,0.6931471805599452,0.6931415811469048
652,4884,4885,98,98,0,0.09892508881736775,0.6931471805599452,0.6931415811469048
652,4885,4886,98,98,0,0.0989051988842536,0.6931471805599452,0.6931415811469048
652,4886,4887,98,98,0,0.09915058626508226,0.6931471805599454,0.693141581146905
652,4887,4888,98,98,0,0.09888521566682933,0.6931471805599452,0.693141581146905
652,4888,4889,98,98,0,0.09916211664676666,0.6931471805599452,0.6931415811469048
652,4889,4890,98,98,0,0.09909044411413524,0.6931471805599452,0.6931415811469048
652,4890,4891,98,98,0,0.09916590465878954,0.6931471805599452,0.6931415811469048
652,4891,4892,98,98,0,0.09894100614652342,0.6931471805599452,0.6931415811469048
652,4892,4893,59,59,1,0.09930042278463558,0.6931471805599452,0.6931415811469048
652,4893,4894,98,98,1,0.09954403196366465,0.6929656073360877,0.6931397654146665
652,4894,4895,98,98,0,0.09892929444203571,0.6931471805599452,0.6931397654146663
652,4895,4896,98,98,0,0.09908023324547982,0.6931471805599452,0.6931397654146663
652,4896,4897,72,72,1,0.09917442697203821,0.6931471805599452,0.6931397654146663
652,4897,4898,78,78,1,0.09916013708481422,0.6931471805599452,0.6931397654146663
652,4898,4899,98,98,0,0.0990849642121062,0.6931471805599452,0.6931397654146663
652,4899,4900,15,15,1,0.09995431651671728,0.6931471805599452,0.6931397654146663
652,4900,4901,98,98,0,0.09913853130170278,0.6931471805599452,0.6931397654146665
652,4901,4902,98,98,0,0.09908211778621284,0.6931471805599452,0.6931397654146663
652,4902,4903,72,72,1,0.09890846235470639,0.6931471805599452,0.6931397654146663
652,4903,4904,88,88,1,0.09898147715086286,0.6931471805599454,0.6931397654146663
652,4904,4905,69,69,1,0.09918806010830229,0.6931471805599454,0.6931397654146663
652,4905,4906,98,98,0,0.09900027277822397,0.6931471805599452,0.6931397654146663
652,4906,4907,91,91,1,0.09950571662777073,0.6931471805599452,0.6931397654146663
652,4907,4908,52,52,1,0.09903821936593606,0.6931471805599452,0.6931397654146665
652,4908,4909,63,63,1,0.09915810858919508,0.6931471805599452,0.6931397654146665
652,4909,4910,79,79,1,0.09903078526258469,0.6931471805599454,0.6931397654146663
652,4910,4911,84,84,1,0.09919431867698829,0.6931471805599452,0.6931397654146663
652,4911,4912,98,98,0,0.09912727431071047,0.6931471805599452,0.6931397654146663
652,4912,4913,51,51,1,0.09927812671544504,0.6931471805599454,0.6931397654146663
652,4913,4914,59,59,1,0.09966077832347256,0.6931471805599452,0.6931397654146663
652,4914,4915,98,98,0,0.09908139652439527,0.6931471805599452,0.6931397654146665
652,4915,4916,91,91,1,0.09911497567708676,0.6931471805599452,0.6931397654146665
652,4916,4917,98,98,0,0.09896862339608524,0.6931471805599452,0.6931397654146663
652,4917,4918,54,54,1,0.09894828139631837,0.6931471805599452,0.6931397654146663
652,4918,4919,98,98,0,0.09910668599970486,0.6931471805599452,0.6931397654146663
652,4919,4920,98,98,0,0.09888160319960847,0.6931471805599452,0.6931397654146663
652,4920,4921,98,98,0,0.09917335995301908,0.6931471805599452,0.6931397654146663
652,4921,4922,90,90,1,0.09918065890669822,0.6931471805599452,0.6931397654146663
652,4922,4923,98,98,0,0.0991809076952691,0.6931471805599452,0.6931397654146665
652,4923,4924,65,65,1,0.09903774754359172,0.6931471805599454,0.6931397654146663
652,4924,4925,98,98,0,0.0988981846187796,0.6931471805599452,0.6931397654146663
652,4925,4926,98,98,0,0.09907823565359018,0.6931471805599452,0.6931397654146663
652,4926,4927,98,98,0,0.0991185406336979,0.6931471805599452,0.6931397654146663
652,4927,4928,64,64,1,0.09890774684026837,0.6931471805599452,0.6931397654146663
652,4928,4929,98,98,0,0.09906642739566004,0.6931471805599452,0.6931397654146663
652,4929,4930,98,98,0,0.09902968166434035,0.6931471805599452,0.6931397654146665
652,4930,4931,64,64,1,0.1098403831711039,0.692533627390722,0.6931336298829741
652,4931,4932,91,91,1,0.09916947208918057,0.6931471805599452,0.6931336298829741
652,4932,4933,98,98,0,0.09899041451969925,0.6931471805599452,0.6931336298829741
652,4933,4934,98,98,0,0.09895732352624134,0.6931471805599452,0.6931336298829741
652,4934,4935,91,91,1,0.09917166034926425,0.6931471805599452,0.693133629882974
652,4935,4936,98,98,0,0.09899802946922731,0.6931471805599452,0.693133629882974
652,4936,4937,98,98,0,0.09892853121368253,0.6931471805599452,0.6931336298829741
652,4937,4938,98,98,0,0.09891761025908041,0.6931471805599452,0.6931336298829741
652,4938,4939,82,82,1,0.09927143856156163,0.6931471805599452,0.6931336298829741
652,4939,4940,94,94,1,0.09899149454654531,0.6931471805599452,0.6931336298829741
652,4940,4941,98,98,0,0.09917794722987681,0.6931471805599452,0.6931336298829741
652,4941,4942,52,52,1,0.09932111046062066,0.6931471805599452,0.693133629882974
652,4942,4943,79,79,1,0.09895570764813243,0.6931471805599452,0.693133629882974
652,4943,4944,91,91,1,0.09917975651038873,0.6931471805599452,0.6931336298829741
652,4944,4945,95,95,1,0.09906317662251624,0.6931471805599452,0.6931336298829741
652,4945,4946,74,74,1,0.09914994259943834,0.6931471805599452,0.6931336298829741
652,4946,4947,85,85,1,0.09889899299425238,0.6931471805599452,0.6931355243089591
652,4947,4948,98,98,0,0.09896566247453495,0.6931471805599452,0.6931355243089591
652,4948,4949,98,98,0,0.09908551661943903,0.6931471805599452,0.6931355243089592
652,4949,4950,98,98,0,0.09916025377353843,0.6931471805599452,0.6931355243089591
652,4950,4951,98,98,0,0.09902636760047503,0.6931471805599452,0.6931355243089591
652,4951,4952,69,69,1,0.0991827049765034,0.6931471805599452,0.6931355243089591
652,4952,4953,98,98,0,0.09934373754931956,0.6931471805599454,0.6931355243089591
652,4953,4954,98,98,0,0.09898661662425313,0.6931471805599452,0.6931355243089591
652,4954,4955,98,98,0,0.09907092800249859,0.6931471805599452,0.6931355243089591
652,4955,4956,38,38,1,0.099440220155214,0.6931471805599452,0.6931355243089592
652,4956,4957,53,53,1,0.09930917662831973,0.6931471805599452,0.6931355243089591
652,4957,4958,98,98,0,0.09887881964749219,0.6931471805599452,0.6931355243089591
652,4958,4959,98,98,0,0.09910680247204644,0.6931471805599452,0.6931355243089591
652,4959,4960,72,72,1,0.09917667808218135,0.6931471805599452,0.6931355243089591
652,4960,4961,98,98,0,0.09914060051039773,0.6931471805599452,0.6931355243089591
652,4961,4962,98,98,0,0.0989383481138823,0.6931471805599452,0.6931355243089591
652,4962,4963,98,98,1,0.09894562634278317,0.6931471805599452,0.6931355243089592
652,4963,4964,46,46,1,0.09896605559017348,0.6931471805599452,0.6931355243089591
652,4964,4965,81,81,1,0.0991530669508157,0.6931471805599452,0.6931355243089591
652,4965,4966,64,64,1,0.09925919794477522,0.6931471805599452,0.693137381904742
652,4966,4967,98,98,0,0.09910895401725964,0.6931471805599452,0.6931373819047422
652,4967,4968,98,98,0,0.09892182637538229,0.6931471805599452,0.6931373819047422
652,4968,4969,93,93,1,0.0991431636515484,0.6931471805599452,0.6931373819047422
652,4969,4970,98,98,0,0.09903511161706885,0.6931471805599452,0.6931373819047422
652,4970,4971,69,69,1,0.09916509612314943,0.6931471805599454,0.693137381904742
652,4971,4972,84,84,1,0.0991121959828195,0.6931471805599452,0.693137381904742
652,4972,4973,98,98,0,0.09907656079348252,0.6931471805599452,0.693137381904742
652,4973,4974,68,68,1,0.09884172436945579,0.6931471805599452,0.6931373819047422
652,4974,4975,98,98,0,0.09903834562520591,0.6931471805599452,0.6931373819047422
652,4975,4976,98,98,0,0.09968967515291,0.6931471805599452,0.6931373819047422
652,4976,4977,98,98,0,0.09891099490377368,0.6931471805599452,0.6931373819047422
652,4977,4978,98,98,0,0.09903708632503237,0.6931471805599452,0.693137381904742
652,4978,4979,91,91,1,0.09896730328654195,0.6931471805599454,0.6931392292960143
652,4979,4980,98,98,0,0.09892974238918752,0.6931471805599452,0.6931392292960143
652,4980,4981,98,98,0,0.09903119124320088,0.6931471805599452,0.6931392292960143
652,4981,4982,98,98,0,0.09988000981357632,0.6929656073360877,0.6931374135637759
652,4982,4983,98,98,0,0.09891414497883952,0.6931471805599452,0.6931374135637759
652,4983,4984,98,98,0,0.0988817531235364,0.6931471805599452,0.6931374135637758
652,4984,4985,84,84,1,0.09892505150110949,0.6931471805599452,0.6931374135637758
652,4985,4986,98,98,0,0.09924121056588328,0.6931471805599452,0.6931374135637758
652,4986,4987,66,66,1,0.0993712657328808,0.6931471805599452,0.6931374135637758
652,4987,4988,74,74,1,0.09902118136351173,0.6931471805599452,0.6931374135637758
652,4988,4989,98,98,0,0.09915322491100856,0.6931471805599452,0.6931374135637759
652,4989,4990,74,74,1,0.09928816869049459,0.6931471805599452,0.6931374135637759
652,4990,4991,95,95,1,0.09913297217143209,0.6931471805599452,0.6931374135637759
652,4991,4992,85,85,1,0.09953655583017013,0.6929614209816524,0.6931355559679929
652,4992,4993,98,98,0,0.0990725172569557,0.6931471805599452,0.6931355559679929
652,4993,4994,98,98,0,0.09917449266934882,0.6931471805599452,0.6931373717002315
652,4994,4995,61,61,1,0.0990004369714221,0.6931471805599452,0.6931373717002316
652,4995,4996,69,69,1,0.09898611698029698,0.6931471805599452,0.6931373717002315
652,4996,4997,54,54,1,0.09945177010915897,0.6931471805599452,0.6931373717002315
652,4997,4998,98,98,0,0.09918303962568847,0.6931471805599454,0.6931373717002315
652,4998,4999,98,98,0,0.09907616370794725,0.6931471805599452,0.6931373717002315
652,4999,5000,59,59,1,0.0989536898115934,0.6931471805599452,0.6931373717002315
652,5000,5001,98,98,0,0.09893983161571074,0.6931471805599452,0.6931373717002315
652,5001,5002,12,12,1,0.10080427552262942,0.6931471805599452,0.6931373717002316
652,5002,5003,98,98,0,0.09908128392939665,0.6931471805599452,0.6931373717002315
652,5003,5004,98,98,0,0.09908023712282278,0.6931471805599452,0.6931373717002315
652,5004,5005,63,63,1,0.09889049544220879,0.6931471805599452,0.6931373717002315
652,5005,5006,12,12,1,0.10045391321182251,0.6931471805599452,0.6931373717002315
652,5006,5007,60,60,1,0.09898631374041239,0.6931471805599452,0.6931373717002315
652,5007,5008,92,92,1,0.09893598229340884,0.6931471805599452,0.6931373717002315
652,5008,5009,72,72,1,0.09902450742406978,0.6931471805599452,0.6931373717002315
652,5009,5010,85,85,1,0.09895438437952715,0.6931471805599452,0.6931373717002315
652,5010,5011,98,98,0,0.09900637571604884,0.6931471805599452,0.6931373717002315
652,5011,5012,98,98,0,0.09904383655105319,0.6931471805599452,0.6931373717002315
652,5012,5013,98,98,0,0.09913893811860863,0.6931471805599452,0.6931373717002315
652,5013,5014,67,67,1,0.09899313147388288,0.6931471805599452,0.6931373717002315
652,5014,5015,75,75,1,0.09917764405409495,0.6931471805599452,0.6931373717002315
652,5015,5016,98,98,0,0.09887985451793184,0.6931471805599452,0.6931373717002315
652,5016,5017,98,98,0,0.09909775655488579,0.6931471805599452,0.6931373717002315
652,5017,5018,98,98,0,0.09907281908149622,0.6931471805599452,0.6931373717002315
652,5018,5019,8,8,1,0.10115593671798706,0.6931471805599452,0.6931373717002315
652,5019,5020,98,98,0,0.09909384614046739,0.6931471805599452,0.6931373717002315
652,5020,5021,98,98,0,0.09895701964898986,0.6931471805599452,0.6931373717002315
652,5021,5022,68,68,1,0.0991432461887598,0.6931471805599452,0.6931373717002315
652,5022,5023,98,98,0,0.09916425496339798,0.6931471805599452,0.6931373717002315
652,5023,5024,98,98,0,0.09891974728326408,0.6931471805599452,0.6931373717002315
652,5024,5025,98,98,0,0.09908089262186265,0.6931471805599452,0.6931373717002315
652,5025,5026,68,68,1,0.09922971094355863,0.6931471805599452,0.6931373717002315
652,5026,5027,98,98,0,0.09908859743451585,0.6931471805599452,0.6931373717002315
652,5027,5028,98,98,0,0.09889837620513779,0.6931471805599452,0.6931373717002315
652,5028,5029,98,98,0,0.09906947232630788,0.6931471805599452,0.6931373717002315
652,5029,5030,98,98,0,0.09891425483689016,0.6931471805599452,0.6931373717002315
652,5030,5031,61,61,1,0.09925558857741903,0.6931471805599452,0.6931435072319236
652,5031,5032,61,61,1,0.09932677118016071,0.6931471805599452,0.6931435072319236
652,5032,5033,98,98,0,0.09912336572092406,0.6931471805599452,0.6931435072319236
652,5033,5034,98,98,0,0.09925312754146907,0.6929656073360877,0.6931416914996851
652,5034,5035,11,11,1,0.10054751553318718,0.6931471805599452,0.6931416914996852
652,5035,5036,10,10,1,0.0995061457157135,0.6931471805599452,0.6931416914996852
652,5036,5037,90,90,1,0.09914208369122611,0.6931471805599452,0.6931416914996851
652,5037,5038,98,98,0,0.09913234625543867,0.6931471805599452,0.6931416914996851
652,5038,5039,79,79,1,0.09926670676545252,0.6931471805599452,0.6931416914996851
652,5039,5040,98,98,0,0.09918383615357536,0.6931471805599452,0.6931416914996851
652,5040,5041,98,98,0,0.09917461704842899,0.6931471805599452,0.6931416914996851
652,5041,5042,98,98,0,0.09895265041565408,0.6931471805599452,0.6931416914996852
652,5042,5043,98,98,0,0.09910455536173314,0.6931471805599452,0.6931416914996852
652,5043,5044,98,98,0,0.09907963385387343,0.6931471805599452,0.6931416914996851
652,5044,5045,98,98,0,0.09895175018784952,0.6931471805599452,0.6931416914996851
652,5045,5046,98,98,0,0.09894725254603795,0.6931471805599452,0.6931416914996851
652,5046,5047,82,82,1,0.09926245588718391,0.6931471805599452,0.6931416914996851
652,5047,5048,80,80,1,0.09899168089032173,0.6931471805599452,0.6931416914996851
652,5048,5049,98,98,0,0.09894123331320528,0.6931471805599452,0.6931416914996851
652,5049,5050,63,63,1,0.09901158582596552,0.6931471805599452,0.6931416914996852
652,5050,5051,54,54,1,0.09944968215293354,0.6931471805599452,0.6931416914996851
652,5051,5052,10,10,1,0.10077074095606804,0.6931471805599452,0.6931416914996851
652,5052,5053,98,98,0,0.09891931705024777,0.6931471805599452,0.6931416914996851
652,5053,5054,98,98,0,0.09909946805968577,0.6931471805599452,0.6931416914996851
652,5054,5055,98,98,0,0.09894865842498078,0.6931471805599452,0.6931416914996851
652,5055,5056,98,98,0,0.09920351488553748,0.6931471805599452,0.6931416914996851
652,5056,5057,98,98,0,0.09919627231298661,0.6931471805599452,0.6931416914996852
652,5057,5058,64,64,1,0.09905130381230265,0.6931471805599452,0.6931416914996852
652,5058,5059,14,14,1,0.0988647990993091,0.6931471805599452,0.6931416914996851
652,5059,5060,76,76,1,0.09909246773704102,0.6931471805599452,0.6931416914996851
652,5060,5061,81,81,1,0.09893107533822824,0.6931471805599452,0.6931416914996851
652,5061,5062,98,98,0,0.09919223964822535,0.6931471805599452,0.6931416914996851
652,5062,5063,98,98,0,0.0991173327273252,0.6931471805599452,0.6931416914996851
652,5063,5064,98,98,0,0.09885259086684305,0.6931471805599452,0.6931416914996852
652,5064,5065,7,7,1,0.09951714958463397,0.6931471805599452,0.6931416914996852
652,5065,5066,88,88,1,0.09926191141659563,0.6931471805599452,0.6931416914996851
652,5066,5067,74,74,1,0.09891294567166148,0.6931471805599452,0.6931416914996851
652,5067,5068,9,9,1,0.09890006648169623,0.6931471805599452,0.6931416914996851
652,5068,5069,77,77,1,0.09889564082607047,0.6931471805599452,0.6931416914996851
652,5069,5070,98,98,0,0.0988453378786846,0.6931471805599452,0.6931416914996851
652,5070,5071,98,98,0,0.09909082302937702,0.6931471805599452,0.6931416914996852
652,5071,5072,80,80,1,0.09892247952520847,0.6931471805599452,0.6931416914996852
652,5072,5073,88,88,1,0.09891447551887143,0.6931471805599452,0.6931416914996851
652,5073,5074,98,98,0,0.09914878436497279,0.6931471805599452,0.6931416914996851
652,5074,5075,56,56,1,0.09900634882173368,0.6931471805599452,0.6931416914996851
652,5075,5076,98,98,0,0.09908674140365756,0.6931471805599454,0.6931416914996851
652,5076,5077,75,75,1,0.09901314069827398,0.6931471805599452,0.6931416914996851
652,5077,5078,98,98,0,0.09887825971355244,0.6931471805599452,0.6931416914996852
652,5078,5079,86,86,1,0.09916561356810637,0.6931471805599452,0.6931416914996852
652,5079,5080,90,90,1,0.09925608187913895,0.6931471805599452,0.6931416914996851
652,5080,5081,98,98,0,0.09909061038372469,0.6931471805599452,0.6931416914996851
652,5081,5082,93,93,1,0.09917840666027479,0.6931471805599452,0.6931435072319236
652,5082,5083,98,98,0,0.09906799140937474,0.6931471805599452,0.6931435072319236
652,5083,5084,69,69,1,0.09910817854646323,0.6931471805599454,0.6931435072319238
652,5084,5085,98,98,0,0.09895181138904727,0.6931471805599452,0.6931435072319238
652,5085,5086,77,77,1,0.09926942832671203,0.6931471805599452,0.6931435072319238
652,5086,5087,98,98,0,0.09898362156687951,0.6931471805599452,0.6931435072319236
652,5087,5088,86,86,1,0.09915657488759173,0.6931471805599452,0.6931435072319236
652,5088,5089,98,98,0,0.09911564775571531,0.6931471805599452,0.6931435072319236
652,5089,5090,85,85,1,0.09904039975474863,0.6931471805599452,0.6931435072319236
652,5090,5091,56,56,1,0.09937448773000922,0.6931471805599452,0.6931435072319238
652,5091,5092,98,98,0,0.09894420176136251,0.6931471805599452,0.6931453648277066
652,5092,5093,80,80,1,0.09921295326203108,0.6931471805599452,0.6931453648277066
652,5093,5094,98,98,0,0.09898551766361509,0.6931471805599452,0.6931453648277065
652,5094,5095,79,79,1,0.09919739288242557,0.6931471805599452,0.6931453648277065
652,5095,5096,98,98,0,0.09909418909525385,0.6931471805599452,0.6931453648277066
652,5096,5097,98,98,0,0.09917732579063396,0.6931471805599452,0.6931453648277066
652,5097,5098,98,98,0,0.09921347098995228,0.6931471805599454,0.6931453648277066
652,5098,5099,98,98,0,0.09927034644143921,0.6931471805599452,0.6931453648277066
652,5099,5100,79,79,1,0.09912264224471926,0.6931471805599452,0.6931453648277066
652,5100,5101,88,88,1,0.09912408295680177,0.6931471805599454,0.6931453648277066
652,5101,5102,98,98,0,0.09898955967961526,0.6931471805599452,0.6931453648277065
652,5102,5103,16,16,1,0.09924788726493716,0.6931471805599452,0.6931453648277066
652,5103,5104,98,98,0,0.09916679120185423,0.6931471805599454,0.6931453648277066
652,5104,5105,98,98,0,0.09896369453291504,0.6931471805599452,0.6931453648277066
652,5105,5106,11,11,1,0.09929277409206737,0.6931471805599452,0.6931453648277066
652,5106,5107,54,54,1,0.09931785723677387,0.6931471805599452,0.6931453648277066
652,5107,5108,94,94,1,0.09916293977739964,0.6931471805599452,0.6931453648277066
652,5108,5109,98,98,0,0.09909940739067233,0.6931471805599452,0.6931453648277065
652,5109,5110,86,86,1,0.09913963824510574,0.6931471805599452,0.6931453648277066
652,5110,5111,89,89,1,0.09916804689034987,0.6931471805599452,0.6931453648277066
652,5111,5112,98,98,0,0.09896317420869458,0.6931471805599452,0.6931453648277066
652,5112,5113,98,98,0,0.09899795222647335,0.6931471805599452,0.6931453648277066
652,5113,5114,98,98,1,0.09897117575212401,0.6931471805599452,0.6931453648277066
652,5114,5115,87,87,1,0.0991567093236693,0.6931471805599452,0.6931453648277066
652,5115,5116,98,98,0,0.09895824899478835,0.6931471805599452,0.6931453648277065
652,5116,5117,43,43,1,0.09910335287798283,0.6931471805599452,0.6931453648277066
652,5117,5118,98,98,0,0.09909056560421477,0.6931471805599452,0.6931453648277066
652,5118,5119,98,98,0,0.09903361002097325,0.6931471805599452,0.6931453648277066
652,5119,5120,98,98,0,0.09889122684087072,0.6931471805599452,0.6931453648277066
652,5120,5121,98,98,0,0.0992178675927678,0.6931471805599452,0.6931453648277066
652,5121,5122,98,98,0,0.09893898164131204,0.6931471805599452,0.6931453648277066
652,5122,5123,98,98,0,0.09941338261171263,0.6929656073360877,0.6931435490954679
652,5123,5124,98,98,0,0.0990504180746419,0.6931471805599452,0.693143549095468
652,5124,5125,97,97,1,0.0989372939178624,0.6931471805599454,0.693143549095468
652,5125,5126,71,71,1,0.09896139433266411,0.6931471805599452,0.693143549095468
652,5126,5127,61,61,1,0.09925747821565534,0.6931471805599452,0.693143549095468
652,5127,5128,65,65,1,0.09919406817509578,0.6931471805599452,0.693143549095468
652,5128,5129,98,98,0,0.0990367034564213,0.6931471805599452,0.6931435490954679
652,5129,5130,98,98,0,0.09897180182897315,0.6931471805599452,0.6931435490954679
652,5130,5131,59,59,1,0.09947724551972696,0.6931471805599452,0.693143549095468
652,5131,5132,68,68,1,0.09928351553047404,0.6931471805599452,0.693143549095468
652,5132,5133,98,98,0,0.09904468705763622,0.6931471805599452,0.693143549095468
652,5133,5134,79,79,1,0.09914099057263966,0.6931471805599452,0.6931453648277066
652,5134,5135,98,98,0,0.09892792832486484,0.6931471805599452,0.6931453648277066
652,5135,5136,98,98,0,0.09893165125834699,0.6931471805599452,0.6931453648277065
652,5136,5137,82,82,1,0.09918558234121741,0.6931471805599452,0.6931453648277066
652,5137,5138,98,98,0,0.09895835641999634,0.6931471805599452,0.6931453648277066
652,5138,5139,67,67,1,0.0992766586479856,0.6931471805599452,0.6931453648277066
652,5139,5140,98,98,0,0.09891627189152095,0.6931471805599452,0.6931453648277066
652,5140,5141,98,98,0,0.09897477088534103,0.6931471805599452,0.6931453648277066
652,5141,5142,98,98,0,0.0991041394976937,0.6931471805599452,0.6931453648277066
652,5142,5143,98,98,0,0.09928649504269872,0.6931471805599452,0.6931453648277066
652,5143,5144,98,98,0,0.09888407185065504,0.6931471805599452,0.6931453648277066
652,5144,5145,98,98,0,0.09916028920180943,0.6931471805599452,0.6931453648277066
652,5145,5146,12,12,1,0.10034509561955929,0.6931471805599452,0.6931453648277066
652,5146,5147,98,98,0,0.09892470039883439,0.6931471805599452,0.6931453648277066
652,5147,5148,54,54,1,0.09904275089502335,0.6931471805599452,0.6931453648277066
652,5148,5149,98,98,0,0.09908368780600782,0.6931471805599454,0.6931453648277066
652,5149,5150,12,12,1,0.09917980370422204,0.6931471805599452,0.6931453648277066
652,5150,5151,72,72,1,0.09895577975031403,0.6931471805599454,0.6931453648277066
652,5151,5152,98,98,0,0.09896166751883467,0.6931471805599452,0.6931453648277066
652,5152,5153,8,8,1,0.09919178299605846,0.6931471805599452,0.6931453648277066
652,5153,5154,98,98,0,0.09889229926831868,0.6931471805599452,0.6931453648277066
652,5154,5155,98,98,0,0.09896942532184172,0.6931471805599452,0.6931453648277066
652,5155,5156,59,59,1,0.09939773443896892,0.6931471805599452,0.6931453648277066
652,5156,5157,98,98,0,0.09893895602043794,0.6931471805599452,0.6931453648277066
652,5157,5158,98,98,0,0.09915614280165458,0.6931471805599452,0.6931453648277065
652,5158,5159,71,71,1,0.09889607330862905,0.6931471805599452,0.6931453648277066
652,5159,5160,98,98,0,0.09891418017903153,0.6931471805599452,0.6931453648277066
652,5160,5161,98,98,0,0.09895802555339676,0.6931471805599452,0.6931453648277066
652,5161,5162,98,98,0,0.09890971971409661,0.6931471805599452,0.6931453648277066
652,5162,5163,98,98,0,0.09908514523080417,0.6931471805599452,0.6931453648277066
652,5163,5164,98,98,0,0.09892252186427311,0.6931471805599452,0.6931453648277066
652,5164,5165,87,87,1,0.09907294158962951,0.6931471805599452,0.6931453648277065
652,5165,5166,88,88,1,0.09891824000938372,0.6931471805599452,0.6931453648277066
652,5166,5167,94,94,1,0.0990950382770376,0.6931471805599452,0.6931453648277066
652,5167,5168,98,98,0,0.09904182725110833,0.6931471805599452,0.6931453648277066
652,5168,5169,91,91,1,0.09916696173476648,0.6931471805599452,0.6931453648277066
652,5169,5170,98,98,0,0.0990530012213454,0.6931471805599452,0.6931453648277066
652,5170,5171,98,98,0,0.09907392017087158,0.6931471805599452,0.6931453648277066
652,5171,5172,62,62,1,0.10146523507372025,0.692797870270025,0.6931418717248072
652,5172,5173,98,98,0,0.09906532425357371,0.6931471805599452,0.6931418717248075
652,5173,5174,98,98,0,0.09910954694662776,0.6931471805599452,0.6931418717248075
652,5174,5175,98,98,0,0.09889490917629125,0.6931471805599452,0.6931418717248075
652,5175,5176,72,72,1,0.09899682117005189,0.6931471805599452,0.6931418717248075
652,5176,5177,98,98,0,0.09914246110283599,0.6931471805599452,0.6931418717248075
652,5177,5178,98,98,0,0.09904612213069079,0.6931471805599452,0.6931418717248075
652,5178,5179,98,98,0,0.09909523841069669,0.6931471805599452,0.6931418717248072
652,5179,5180,98,98,0,0.09911783989899013,0.6931471805599454,0.6931418717248075
652,5180,5181,93,93,1,0.09953869494699663,0.6929640670735278,0.6931400405899433
652,5181,5182,98,98,0,0.09909692642335989,0.6931471805599452,0.6931400405899433
652,5182,5183,72,72,1,0.0994672021932072,0.6931471805599452,0.6931400405899433
652,5183,5184,98,98,0,0.09923446033986247,0.6931471805599454,0.6931400405899433
652,5184,5185,98,98,0,0.09905723604012509,0.6931471805599452,0.6931400405899432
652,5185,5186,61,61,1,0.09895383688758631,0.6931471805599452,0.6931400405899432
652,5186,5187,98,98,1,0.09891835653356143,0.6931471805599452,0.6931400405899433
652,5187,5188,98,98,0,0.09902507401242548,0.6931471805599452,0.6931400405899433
652,5188,5189,63,63,1,0.09920087030955724,0.6931471805599452,0.6931400405899433
652,5189,5190,98,98,0,0.09907850851209796,0.6931471805599452,0.6931400405899433
652,5190,5191,10,10,1,0.09892943128943443,0.6931471805599452,0.6931400405899433
652,5191,5192,98,98,0,0.09890959191383147,0.6931471805599452,0.6931400405899432
652,5192,5193,87,87,1,0.0991419521213948,0.6931471805599452,0.6931400405899432
652,5193,5194,75,75,1,0.09890996148188909,0.6931471805599452,0.6931400405899433
652,5194,5195,98,98,0,0.09884617911005507,0.6931471805599452,0.6931400405899433
652,5195,5196,98,98,0,0.09892306035878706,0.6931471805599452,0.6931400405899433
652,5196,5197,98,98,0,0.09915802019591234,0.6931471805599452,0.6931400405899433
652,5197,5198,98,98,0,0.09918635087657948,0.6931471805599454,0.6931400405899433
652,5198,5199,98,98,0,0.09901316593192061,0.6931471805599452,0.6931400405899433
652,5199,5200,55,55,1,0.09906279918822375,0.6931471805599452,0.6931400405899432
652,5200,5201,98,98,0,0.09905657012547765,0.6931471805599452,0.6931400405899432
652,5201,5202,98,98,0,0.09894046369864017,0.6931471805599452,0.6931400405899433
652,5202,5203,98,98,0,0.09911536113644133,0.6931471805599452,0.6931400405899433
652,5203,5204,73,73,1,0.09884876890541756,0.6931471805599452,0.6931400405899433
652,5204,5205,98,98,0,0.09910963452896293,0.6931471805599452,0.6931400405899433
652,5205,5206,98,98,0,0.09902080863106008,0.6931471805599452,0.6931400405899433
652,5206,5207,94,94,1,0.09894876911285076,0.6931471805599452,0.6931400405899432
652,5207,5208,98,98,0,0.09911003131039288,0.6931471805599452,0.6931400405899432
652,5208,5209,96,96,1,0.09894658136181533,0.6931471805599452,0.6931400405899433
652,5209,5210,98,98,0,0.09892421633917459,0.6931471805599452,0.6931400405899433
652,5210,5211,98,98,0,0.09889291561379725,0.6931471805599452,0.6931400405899433
652,5211,5212,72,72,1,0.09925580511076583,0.6931471805599452,0.6931400405899433
652,5212,5213,98,98,0,0.09893355632618982,0.6931471805599452,0.6931400405899433
652,5213,5214,98,98,0,0.09898931449469255,0.6931471805599452,0.6931400405899432
652,5214,5215,95,95,1,0.09911381296421352,0.6931471805599452,0.6931400405899432
652,5215,5216,74,74,1,0.09914284259886355,0.6931471805599452,0.6931400405899433
652,5216,5217,98,98,0,0.09921024192352684,0.6931471805599452,0.6931400405899433
652,5217,5218,12,12,1,0.09914538636803627,0.6931471805599452,0.6931400405899433
652,5218,5219,98,98,0,0.09897262838726141,0.6931471805599454,0.6931400405899433
652,5219,5220,98,98,0,0.09906446743680507,0.6931471805599452,0.6931400405899433
652,5220,5221,98,98,0,0.0990041732331928,0.6931471805599452,0.6931400405899432
652,5221,5222,98,98,0,0.09907635346967347,0.6931471805599452,0.6931400405899432
652,5222,5223,98,98,0,0.09920549073389598,0.6931471805599454,0.6931418563221818
652,5223,5224,63,63,1,0.09913335645955706,0.6931471805599452,0.6931418563221818
652,5224,5225,98,98,0,0.09906069136091641,0.6931471805599452,0.6931418563221818
652,5225,5226,98,98,0,0.09898533132307384,0.6931471805599452,0.6931418563221818
652,5226,5227,87,87,1,0.09913883246909613,0.6931471805599452,0.6931418563221818
652,5227,5228,59,59,1,0.09903414219112719,0.6931471805599452,0.6931418563221817
652,5228,5229,98,98,0,0.09918954398254959,0.6931471805599452,0.6931418563221818
652,5229,5230,98,98,0,0.0991748109916035,0.6931471805599452,0.6931418563221818
652,5230,5231,98,98,0,0.0989369099237481,0.6931471805599452,0.6931418563221818
652,5231,5232,98,98,0,0.09913776115495332,0.6931471805599452,0.6931418563221818
652,5232,5233,87,87,1,0.09914453558880708,0.6931471805599452,0.6931418563221818
652,5233,5234,73,73,1,0.09947872172071509,0.6931471805599452,0.6931418563221818
652,5234,5235,98,98,0,0.09916857850490784,0.6931471805599452,0.6931418563221817
652,5235,5236,83,83,1,0.09914154101567096,0.6931471805599452,0.6931418563221817
652,5236,5237,98,98,0,0.0991076050060136,0.6931471805599452,0.6931418563221818
652,5237,5238,57,57,1,0.09930370212124105,0.6931471805599454,0.6931418563221818
652,5238,5239,50,50,1,0.09934960305690765,0.6931471805599452,0.6931418563221818
652,5239,5240,98,98,0,0.09889305527417028,0.6931471805599452,0.6931418563221818
652,5240,5241,98,98,0,0.0990958707217051,0.6931471805599452,0.6931418563221818
652,5241,5242,98,98,0,0.09915501639551046,0.6931471805599452,0.6931418563221818
652,5242,5243,53,53,1,0.09916044729498197,0.6931471805599452,0.6931418563221817
652,5243,5244,88,88,1,0.0990501344203949,0.6931471805599452,0.6931418563221818
652,5244,5245,6,6,1,0.0993683934211731,0.6931471805599452,0.6931418563221818
652,5245,5246,98,98,0,0.09906733446583456,0.6931471805599452,0.6931418563221818
652,5246,5247,98,98,0,0.09908123451228044,0.6931471805599452,0.6931418563221818
652,5247,5248,91,91,1,0.09896782630092495,0.6931471805599452,0.6931418563221818
652,5248,5249,98,98,0,0.09898055800978019,0.6931471805599452,0.6931418563221818
652,5249,5250,79,79,1,0.09901550751698168,0.6931471805599452,0.6931418563221817
652,5250,5251,76,76,1,0.09918455946210183,0.6931471805599452,0.6931418563221818
652,5251,5252,98,98,0,0.09894061803209539,0.6931471805599452,0.6931418563221818
652,5252,5253,48,48,1,0.09902157075703144,0.6931471805599452,0.6931418563221818
652,5253,5254,11,11,1,0.10037284886295145,0.6931471805599452,0.6931418563221818
652,5254,5255,98,98,0,0.09887025239212173,0.6931471805599452,0.6931418563221818
652,5255,5256,98,98,0,0.09892297414492587,0.6931471805599452,0.6931418563221818
652,5256,5257,98,98,0,0.09898981208703955,0.6931471805599452,0.6931418563221817
652,5257,5258,55,55,1,0.09909943897615779,0.6931471805599452,0.6931418563221818
652,5258,5259,98,98,0,0.09908053400565167,0.6931471805599452,0.6931418563221818
652,5259,5260,98,98,0,0.09904863647356325,0.6931471805599452,0.6931418563221818
652,5260,5261,54,54,1,0.09989174551985881,0.6931471805599452,0.6931418563221818
652,5261,5262,10,10,1,0.1009576864540577,0.6931471805599452,0.6931418563221818
652,5262,5263,10,10,1,0.09877804890275002,0.6931471805599452,0.6931418563221818
652,5263,5264,98,98,0,0.09895419306596931,0.6931471805599452,0.6931418563221817
652,5264,5265,84,84,1,0.0991001780189219,0.6931471805599452,0.6931418563221818
652,5265,5266,92,92,1,0.09908098525003246,0.6931471805599452,0.6931418563221818
652,5266,5267,98,98,0,0.09906777465830044,0.6931471805599452,0.6931418563221818
652,5267,5268,11,11,1,0.09882040592757138,0.6931471805599452,0.6931418563221818
652,5268,5269,88,88,1,0.09905468189919536,0.6931471805599452,0.6931418563221818
652,5269,5270,98,98,0,0.09889718236363663,0.6931471805599452,0.6931418563221818
652,5270,5271,72,72,1,0.09916862338367435,0.6931471805599452,0.6931418563221817
652,5271,5272,80,80,1,0.09931050911545754,0.6931471805599452,0.693145349425081
652,5272,5273,98,98,0,0.09910901529448372,0.6931471805599452,0.693145349425081
652,5273,5274,98,98,0,0.09913196490735424,0.6931471805599452,0.693145349425081
652,5274,5275,98,98,0,0.0990046379821641,0.6931471805599452,0.693145349425081
652,5275,5276,98,98,0,0.09889845907384036,0.6931471805599452,0.693145349425081
652,5276,5277,98,98,0,0.09910374826618604,0.6931471805599452,0.693145349425081
652,5277,5278,98,98,0,0.09908337693433372,0.6931471805599452,0.6931453494250809
652,5278,5279,89,89,1,0.0989579539955332,0.6931471805599452,0.693145349425081
652,5279,5280,69,69,1,0.09909433191237242,0.6931471805599452,0.693145349425081
652,5280,5281,86,86,1,0.09921505501450495,0.6931471805599452,0.6931471805599452
652,5281,5282,94,94,1,0.09914939462187443,0.6931471805599452,0.6931471805599452
652,5282,5283,98,98,0,0.09899227648061149,0.6931471805599452,0.6931471805599452
652,5283,5284,98,98,0,0.09921074818287577,0.6931471805599452,0.6931471805599452
652,5284,5285,98,98,0,0.09912003120597528,0.6931471805599452,0.6931471805599452
652,5285,5286,71,71,1,0.0991312068113139,0.6931471805599452,0.6931471805599452
652,5286,5287,90,90,1,0.09912431579497126,0.6931471805599452,0.6931471805599452
652,5287,5288,86,86,1,0.0989767350256443,0.6931471805599452,0.6931471805599452
652,5288,5289,98,98,0,0.09890845828518575,0.6931471805599452,0.6931471805599452
652,5289,5290,93,93,1,0.09911530264603194,0.6931471805599454,0.6931471805599452
652,5290,5291,98,98,0,0.09911796412601763,0.6931471805599452,0.6931471805599452
652,5291,5292,94,94,1,0.09916847112013939,0.6931471805599452,0.6931471805599452
652,5292,5293,91,91,1,0.09900187119677827,0.6931471805599452,0.6931471805599452
652,5293,5294,92,92,1,0.09911464405772479,0.6931471805599452,0.6931471805599452
652,5294,5295,98,98,0,0.09913221746683121,0.6931471805599452,0.6931471805599452
652,5295,5296,95,95,1,0.10490254532349737,0.6931471805599452,0.6931471805599452
652,5296,5297,98,98,0,0.09922944891209505,0.6931471805599452,0.6931471805599452
652,5297,5298,98,98,0,0.09913895742929711,0.6931471805599454,0.6931471805599452
652,5298,5299,98,98,0,0.09909592926198123,0.6931471805599452,0.6931471805599452
652,5299,5300,52,52,1,0.09898626904648083,0.6931471805599452,0.6931471805599452
652,5300,5301,98,98,0,0.09913769843322891,0.6931471805599452,0.6931471805599452
652,5301,5302,98,98,0,0.09908317607276294,0.6931471805599452,0.6931471805599452
652,5302,5303,64,64,1,0.09924546023830771,0.6931471805599452,0.6931471805599452
652,5303,5304,98,98,0,0.09897139242717198,0.6931471805599452,0.6931471805599452
652,5304,5305,82,82,1,0.09900509238969989,0.6931471805599452,0.6931471805599452
652,5305,5306,98,98,0,0.099105709593515,0.6931471805599452,0.6931471805599452
652,5306,5307,98,98,0,0.09928484762809714,0.6931471805599454,0.6931471805599452
652,5307,5308,94,94,1,0.09914382071571147,0.6931471805599452,0.6931471805599452
652,5308,5309,98,98,0,0.09910230749115652,0.6931471805599452,0.6931471805599452
652,5309,5310,83,83,1,0.09922306131885712,0.6931471805599452,0.6931471805599452
652,5310,5311,98,98,0,0.09910125346208105,0.6931471805599452,0.6931471805599452
652,5311,5312,65,65,1,0.09952648213276497,0.6931471805599452,0.6931471805599452
652,5312,5313,79,79,1,0.09907559154531624,0.6931471805599452,0.6931471805599452
652,5313,5314,45,45,1,0.09904651708073087,0.6931471805599452,0.6931471805599452
652,5314,5315,86,86,1,0.09921337075011674,0.6931471805599452,0.6931471805599452
652,5315,5316,98,98,0,0.09908233811052478,0.6931471805599452,0.6931471805599452
652,5316,5317,22,22,1,0.09900557723912326,0.6931471805599452,0.6931471805599452
652,5317,5318,88,88,1,0.09889763068746436,0.6931471805599452,0.6931471805599452
652,5318,5319,95,95,1,0.0991570963671333,0.6931471805599452,0.6931471805599452
652,5319,5320,87,87,1,0.09914000503633214,0.6931471805599452,0.6931471805599452
652,5320,5321,98,98,0,0.0991736002722565,0.6931471805599452,0.6931471805599452
652,5321,5322,83,83,1,0.09900210815739918,0.6931471805599452,0.6931471805599452
652,5322,5323,98,98,0,0.0989796314008382,0.6931471805599452,0.6931471805599452
652,5323,5324,58,58,1,0.09892013232255804,0.6931471805599452,0.6931471805599452
652,5324,5325,98,98,0,0.09895207611273746,0.6931471805599452,0.6931471805599452
652,5325,5326,98,98,0,0.09908200123784494,0.6931471805599452,0.6931471805599452
652,5326,5327,71,71,1,0.09923544421162404,0.6931471805599452,0.6931471805599452
652,5327,5328,98,98,0,0.09907659074785757,0.6931471805599452,0.6931471805599452
652,5328,5329,98,98,0,0.09895809975509741,0.6931471805599452,0.6931471805599452
652,5329,5330,92,92,1,0.09894444161783093,0.6931471805599454,0.6931471805599452
652,5330,5331,64,64,1,0.09937744773924351,0.6931471805599452,0.6931471805599452
652,5331,5332,98,98,0,0.09911537938276116,0.6931471805599452,0.6931471805599452
652,5332,5333,98,98,0,0.09916928554980123,0.6931471805599452,0.6931471805599452
652,5333,5334,98,98,0,0.099118885565169,0.6931471805599454,0.6931471805599452
652,5334,5335,83,83,1,0.09903290445905134,0.6931471805599452,0.6931471805599453
652,5335,5336,98,98,0,0.0991062544742409,0.6931471805599452,0.6931471805599452
652,5336,5337,86,86,1,0.09908847536805064,0.6931471805599452,0.6931471805599452
652,5337,5338,66,66,1,0.09913022500095946,0.6931471805599452,0.6931471805599452
652,5338,5339,65,65,1,0.10227350558225926,0.692953525871346,0.6931452440130592
652,5339,5340,13,13,1,0.09915616879096398,0.6931471805599452,0.6931452440130592
652,5340,5341,98,98,0,0.09908686464234275,0.6931471805599452,0.6931452440130592
652,5341,5342,70,70,1,0.09892984596746308,0.6931471805599454,0.6931452440130592
652,5342,5343,98,98,0,0.09888707131755595,0.6931471805599452,0.6931452440130593
652,5343,5344,98,98,1,0.09888817491580029,0.6931471805599452,0.6931452440130592
652,5344,5345,59,59,1,0.0992955277531834,0.6931471805599452,0.6931452440130592
652,5345,5346,98,98,0,0.09911356242943783,0.6931471805599454,0.6931452440130592
652,5346,5347,62,62,1,0.0990248839220693,0.6931471805599452,0.6931452440130592
652,5347,5348,98,98,0,0.09888971619764153,0.6931471805599452,0.6931452440130592
652,5348,5349,98,98,0,0.09894670819749637,0.6931471805599452,0.6931452440130592
652,5349,5350,98,98,0,0.09904681799971328,0.6931471805599452,0.6931452440130593
652,5350,5351,98,98,0,0.0990684205780224,0.6931471805599452,0.6931452440130592
652,5351,5352,76,76,1,0.09925486647376888,0.6931471805599452,0.6931452440130592
652,5352,5353,98,98,0,0.09915214298026902,0.6931471805599454,0.6931452440130592
652,5353,5354,78,78,1,0.09897053767091189,0.6931471805599452,0.6931452440130592
652,5354,5355,56,56,1,0.09958127766315426,0.6931471805599452,0.6931452440130592
652,5355,5356,84,84,1,0.09914399169030644,0.6931471805599452,0.6931452440130592
652,5356,5357,61,61,1,0.09887445913475068,0.6931471805599452,0.6931452440130593
652,5357,5358,98,98,0,0.09894831691469465,0.6931471805599452,0.6931452440130592
652,5358,5359,98,98,0,0.09913714944708105,0.6931471805599452,0.6931452440130592
652,5359,5360,98,98,0,0.09916408261170193,0.6931471805599452,0.6931452440130592
652,5360,5361,76,76,1,0.09909138524610746,0.6931471805599452,0.6931452440130592
652,5361,5362,9,9,1,0.09939744075139363,0.6931471805599452,0.6931452440130592
652,5362,5363,98,98,0,0.09892202115484647,0.6931471805599452,0.6931452440130592
652,5363,5364,76,76,1,0.09897479493367045,0.6931471805599452,0.6931452440130593
652,5364,5365,98,98,0,0.09907032701433921,0.6931471805599452,0.6931452440130593
652,5365,5366,75,75,1,0.09921900967756907,0.6931471805599452,0.6931452440130592
652,5366,5367,98,98,0,0.09929170543137862,0.6931471805599452,0.6931452440130592
652,5367,5368,98,98,0,0.09895233110505708,0.6931471805599452,0.6931452440130592
652,5368,5369,90,90,1,0.09916849732398987,0.6931471805599454,0.6931452440130592
652,5369,5370,98,98,0,0.09913751520976728,0.6931471805599452,0.6931452440130592
652,5370,5371,98,98,0,0.099156311580113,0.6931471805599452,0.6931452440130593
652,5371,5372,98,98,0,0.09892644687574736,0.6931471805599452,0.6931452440130593
652,5372,5373,98,98,0,0.09914656044269095,0.6931471805599454,0.6931452440130592
652,5373,5374,98,98,0,0.0991287666315935,0.6931471805599452,0.6931452440130592
652,5374,5375,98,98,0,0.09915244602123086,0.6931471805599452,0.6931452440130592
652,5375,5376,98,98,0,0.09892235855971064,0.6931471805599452,0.6931452440130592
652,5376,5377,98,98,0,0.09914616168457635,0.6931471805599452,0.6931452440130592
652,5377,5378,43,43,1,0.09941883246565975,0.6931471805599452,0.6931452440130593
652,5378,5379,98,98,0,0.09889557060538506,0.6931471805599452,0.6931452440130593
652,5379,5380,9,9,1,0.09969855927758747,0.6931471805599452,0.6931452440130592
652,5380,5381,98,98,0,0.09909462685487708,0.6931471805599452,0.6931452440130592
652,5381,5382,98,98,0,0.09913132887105552,0.6931471805599452,0.6931452440130592
652,5382,5383,98,98,0,0.09898092704159873,0.6931471805599452,0.6931452440130592
652,5383,5384,98,98,0,0.09918156121762431,0.6931471805599452,0.6931452440130592
652,5384,5385,98,98,0,0.09906029533974979,0.6931471805599452,0.6931452440130593
652,5385,5386,64,64,1,0.0988566797459498,0.6931471805599452,0.6931452440130593
652,5386,5387,98,98,0,0.09933122741628667,0.6931471805599452,0.6931452440130592
652,5387,5388,98,98,0,0.09897096759202528,0.6931471805599452,0.6931452440130592
652,5388,5389,98,98,0,0.09920831625254786,0.6931471805599452,0.6931452440130592
652,5389,5390,98,98,0,0.09894228536559611,0.6931471805599454,0.6931452440130592
652,5390,5391,98,98,0,0.09908285767448191,0.6931471805599452,0.6931452440130592
652,5391,5392,92,92,1,0.09915202127202698,0.6931471805599454,0.6931452440130593
652,5392,5393,98,98,0,0.09898823294408467,0.6931471805599452,0.6931452440130593
652,5393,5394,12,12,1,0.09908966223398845,0.6931471805599452,0.6931452440130592
652,5394,5395,98,98,0,0.09914042390122706,0.6931471805599452,0.6931452440130592
652,5395,5396,98,98,0,0.098860359389563,0.6931471805599452,0.6931452440130592
652,5396,5397,98,98,0,0.09894016856441692,0.6931471805599452,0.6931452440130592
652,5397,5398,95,95,1,0.09918840041286067,0.6931471805599452,0.6931452440130592
652,5398,5399,98,98,0,0.09901247356010943,0.6931471805599452,0.6931452440130592
652,5399,5400,98,98,0,0.0991587793948699,0.6931471805599454,0.6931452440130593
652,5400,5401,98,98,0,0.09889765524742555,0.6931471805599452,0.6931452440130593
652,5401,5402,98,98,0,0.09921937587918067,0.6931471805599452,0.6931452440130592
652,5402,5403,98,98,0,0.09913142443615564,0.6931471805599454,0.6931452440130592
652,5403,5404,98,98,0,0.09899746953528754,0.6931471805599452,0.6931452440130592
652,5404,5405,98,98,0,0.09895780948655945,0.6931471805599452,0.6931452440130592
652,5405,5406,98,98,0,0.09900986540074251,0.6931471805599452,0.6931452440130592
652,5406,5407,81,81,1,0.09901882533305957,0.6931471805599452,0.6931452440130593
652,5407,5408,98,98,0,0.09915689546234753,0.6931471805599452,0.6931452440130593
652,5408,5409,98,98,0,0.09912464684065507,0.6931471805599454,0.6931452440130592
652,5409,5410,98,98,0,0.09917979003215323,0.6931471805599454,0.6931452440130592
652,5410,5411,74,74,1,0.09912673152379088,0.6931471805599452,0.6931452440130592
652,5411,5412,98,98,0,0.09891169632271844,0.6931471805599452,0.6931452440130592
652,5412,5413,98,98,0,0.09898365410614987,0.6931471805599452,0.6931452440130592
652,5413,5414,72,72,1,0.09899631504797274,0.6931471805599452,0.6931452440130593
652,5414,5415,59,59,1,0.09935099770457058,0.6931471805599452,0.6931452440130593
652,5415,5416,98,98,0,0.09890323801308262,0.6931471805599452,0.6931452440130592
652,5416,5417,98,98,0,0.09913641929018255,0.6931471805599452,0.6931452440130592
652,5417,5418,86,86,1,0.0991348349597565,0.6931471805599452,0.6931452440130592
652,5418,5419,77,77,1,0.09893913779939924,0.6931471805599452,0.6931452440130592
652,5419,5420,71,71,1,0.09929081996981527,0.6931471805599452,0.6931452440130592
652,5420,5421,87,87,1,0.09932231611904056,0.6931471805599452,0.6931452440130593
652,5421,5422,98,98,0,0.09902840677876862,0.6931471805599452,0.6931452440130593
652,5422,5423,98,98,0,0.09908725731835073,0.6931471805599452,0.6931452440130592
652,5423,5424,98,98,0,0.09887680555788839,0.6931471805599452,0.6931452440130592
652,5424,5425,98,98,0,0.09916472115686961,0.6931471805599452,0.6931452440130592
652,5425,5426,82,82,1,0.09913771781252652,0.6931471805599452,0.6931452440130592
652,5426,5427,78,78,1,0.09925331700688754,0.6931471805599452,0.6931452440130592
652,5427,5428,82,82,1,0.09915999486678984,0.6931471805599452,0.6931452440130593
652,5428,5429,82,82,1,0.09895314884985365,0.6931471805599452,0.6931452440130593
652,5429,5430,80,80,1,0.09915497982874513,0.6931471805599452,0.6931452440130592
652,5430,5431,11,11,1,0.09878861565481532,0.6931471805599452,0.6931452440130592
652,5431,5432,98,98,0,0.09917814003265633,0.6931471805599452,0.6931452440130592
652,5432,5433,89,89,1,0.09892785942621446,0.6931471805599452,0.6931452440130592
652,5433,5434,79,79,1,0.09899655899292306,0.6931471805599452,0.6931452440130592
652,5434,5435,9,9,1,0.10069378796550962,0.6931471805599452,0.6931452440130592
652,5435,5436,54,54,1,0.0992990992963314,0.6931471805599452,0.6931452440130593
652,5436,5437,77,77,1,0.09928837408880134,0.6931471805599452,0.6931452440130593
652,5437,5438,98,98,0,0.09896022347467286,0.6931471805599452,0.6931452440130592
652,5438,5439,98,98,0,0.0989039243027872,0.6931471805599452,0.6931471805599452
652,5439,5440,98,98,0,0.09898743907711943,0.6931471805599452,0.6931471805599452
652,5440,5441,91,91,1,0.099141939164518,0.6931471805599452,0.6931471805599452
652,5441,5442,98,98,0,0.0990596171848628,0.6931471805599452,0.6931471805599452
652,5442,5443,98,98,0,0.0991662725502131,0.6931471805599452,0.6931471805599452
652,5443,5444,98,98,0,0.09888901325817011,0.6931471805599452,0.6931471805599453
652,5444,5445,98,98,0,0.0990649830473929,0.6931471805599452,0.6931471805599452
652,5445,5446,56,56,1,0.09930442632841212,0.6931471805599452,0.6931471805599452
652,5446,5447,98,98,0,0.09909117784427136,0.6931471805599452,0.6931471805599452
652,5447,5448,98,98,0,0.09910563812876234,0.6931471805599452,0.6931471805599452
652,5448,5449,98,98,0,0.09914457919646283,0.6931471805599452,0.6931471805599452
652,5449,5450,75,75,1,0.09910828759272894,0.6931471805599452,0.6931471805599452
652,5450,5451,98,98,0,0.09920234293962012,0.6931471805599452,0.6931471805599453
652,5451,5452,98,98,0,0.09912217073902792,0.6931471805599452,0.6931471805599452
652,5452,5453,98,98,0,0.09894826901810509,0.6931471805599452,0.6931471805599452
652,5453,5454,51,51,1,0.09911201894283295,0.6931471805599452,0.6931471805599452
652,5454,5455,98,98,0,0.10016012556698857,0.6926431801701354,0.6931421405560471
652,5455,5456,98,98,0,0.09895622639023528,0.6931471805599452,0.6931421405560471
652,5456,5457,79,79,1,0.09906170668104027,0.6931471805599452,0.6931421405560471
652,5457,5458,98,98,0,0.09887674222795331,0.6931471805599452,0.6931421405560472
652,5458,5459,52,52,1,0.09922453316931541,0.6931471805599452,0.6931421405560471
652,5459,5460,85,85,1,0.09891876254011603,0.6931471805599452,0.6931421405560471
652,5460,5461,98,98,0,0.09908894540704026,0.6931471805599452,0.6931421405560471
652,5461,5462,98,98,0,0.09913278583969388,0.6931471805599452,0.6931421405560471
652,5462,5463,98,98,0,0.09888638441964072,0.6931471805599452,0.6931421405560471
652,5463,5464,13,13,1,0.10033141477749898,0.6931471805599452,0.6931421405560471
652,5464,5465,70,70,1,0.09934409026588713,0.6931471805599452,0.6931421405560471
652,5465,5466,67,67,1,0.09923435825465331,0.6931471805599452,0.6931421405560471
652,5466,5467,98,98,0,0.0991717055439949,0.6931471805599452,0.6931421405560471
652,5467,5468,8,8,1,0.0993689801543951,0.6931471805599452,0.6931421405560471
652,5468,5469,98,98,0,0.09902802284578888,0.6931471805599452,0.6931421405560471
652,5469,5470,98,98,0,0.09912627213159386,0.6931471805599454,0.6931421405560471
652,5470,5471,98,98,0,0.0989916132268857,0.6931471805599452,0.6931421405560471
652,5471,5472,68,68,1,0.09911712774020784,0.6931471805599452,0.6931421405560471
652,5472,5473,96,96,1,0.09900290216319263,0.6931471805599452,0.6931421405560471
652,5473,5474,92,92,1,0.0989515732811845,0.6931471805599452,0.6931421405560471
652,5474,5475,98,98,0,0.09890443801271673,0.6931471805599452,0.6931421405560471
652,5475,5476,98,98,0,0.09893358491209088,0.6931471805599452,0.6931421405560471
652,5476,5477,57,57,1,0.09945718395082574,0.6931471805599454,0.6931421405560471
652,5477,5478,98,98,0,0.09917257452497677,0.6931471805599454,0.6931421405560471
652,5478,5479,98,98,0,0.09888076964689761,0.6931471805599452,0.6931421405560471
652,5479,5480,98,98,0,0.09913483170830474,0.6931471805599452,0.6931421405560472
652,5480,5481,52,52,1,0.09931066503318456,0.6931471805599452,0.6931421405560471
652,5481,5482,83,83,1,0.09917281882231493,0.6931471805599452,0.6931421405560471
652,5482,5483,98,98,0,0.09893828204699925,0.6931471805599452,0.6931421405560471
652,5483,5484,68,68,1,0.09906130974345348,0.6931471805599452,0.6931421405560471
652,5484,5485,98,98,0,0.09895400634529639,0.6931471805599452,0.6931421405560471
652,5485,5486,98,98,0,0.09907355357189568,0.6931471805599452,0.6931421405560471
652,5486,5487,95,95,1,0.09914112679268185,0.6931471805599452,0.6931421405560472
652,5487,5488,75,75,1,0.09891642401615779,0.6931471805599452,0.6931421405560471
652,5488,5489,98,98,0,0.09923368768424404,0.6931471805599452,0.6931421405560471
652,5489,5490,85,85,1,0.09911376649842543,0.6931471805599452,0.6931421405560471
652,5490,5491,9,9,1,0.09898911830451754,0.6931471805599452,0.6931421405560471
652,5491,5492,98,98,0,0.09897947699135663,0.6931471805599452,0.6931421405560471
652,5492,5493,9,9,1,0.09902110778623158,0.6931471805599452,0.6931421405560471
652,5493,5494,98,98,0,0.0991113266470481,0.6931471805599452,0.6931421405560472
652,5494,5495,98,98,0,0.09887738708330661,0.6931471805599452,0.6931421405560471
652,5495,5496,86,86,1,0.09916303869943287,0.6931471805599452,0.6931421405560471
652,5496,5497,53,53,1,0.09904154263577371,0.6931471805599452,0.6931421405560471
652,5497,5498,98,98,0,0.09890462785046927,0.6931471805599452,0.6931421405560471
652,5498,5499,97,97,1,0.09891589331565444,0.6931471805599452,0.6931421405560471
652,5499,5500,74,74,1,0.09919374748258977,0.6931471805599452,0.6931421405560471
652,5500,5501,98,98,0,0.09943748394749602,0.6929656073360877,0.6931403248238084
652,5501,5502,98,98,0,0.09912802218174448,0.6931471805599452,0.6931403248238085
652,5502,5503,79,79,1,0.09889501663325709,0.6931471805599454,0.6931403248238085
652,5503,5504,98,98,0,0.09896510216046353,0.6931471805599452,0.6931403248238085
652,5504,5505,98,98,0,0.09883888415536102,0.6931471805599452,0.6931403248238085
652,5505,5506,98,98,0,0.09914186292765093,0.6931471805599452,0.6931403248238085
652,5506,5507,59,59,1,0.0993656173853551,0.6931471805599452,0.6931403248238085
652,5507,5508,98,98,0,0.09899440575010922,0.6931471805599452,0.6931403248238084
652,5508,5509,65,65,1,0.0993291104069123,0.6931471805599452,0.6931403248238085
652,5509,5510,85,85,1,0.09911486471400541,0.6931471805599452,0.6931403248238085
652,5510,5511,98,98,0,0.09913148769006437,0.6931471805599454,0.6931403248238085
652,5511,5512,79,79,1,0.09898653324646285,0.6931471805599452,0.6931403248238085
652,5512,5513,98,98,0,0.09910193800317998,0.6931471805599452,0.6931403248238085
652,5513,5514,74,74,1,0.09913490571685739,0.6931471805599452,0.6931403248238085
652,5514,5515,98,98,0,0.09921573368566376,0.6931471805599454,0.6931403248238085
652,5515,5516,98,98,0,0.09908925141302907,0.6931471805599452,0.6931403248238085
652,5516,5517,98,98,0,0.0991334943290876,0.6931471805599452,0.6931403248238085
652,5517,5518,70,70,1,0.09918743712561472,0.6931471805599454,0.6931403248238085
652,5518,5519,98,98,0,0.09891560415224153,0.6931471805599452,0.6931403248238085
652,5519,5520,98,98,0,0.09914483631751975,0.6931471805599452,0.6931403248238085
652,5520,5521,98,98,0,0.09891150321583358,0.6931471805599452,0.6931403248238085
652,5521,5522,98,98,0,0.09906541677762051,0.6931471805599452,0.6931403248238085
652,5522,5523,98,98,0,0.0989632558609758,0.6931471805599452,0.6931403248238085
652,5523,5524,98,98,0,0.10001451947859355,0.6929656073360877,0.6931385090915699
652,5524,5525,49,49,1,0.09914794290552334,0.6931471805599452,0.6931385090915699
652,5525,5526,87,87,1,0.09899005996084762,0.6931471805599452,0.6931385090915699
652,5526,5527,98,98,0,0.09905175682233304,0.6931471805599452,0.6931385090915699
652,5527,5528,98,98,0,0.09911324091407718,0.6931471805599452,0.6931385090915699
652,5528,5529,98,98,0,0.09889093284704248,0.6931471805599452,0.6931385090915698
652,5529,5530,98,98,0,0.09900877107771075,0.6931471805599452,0.6931385090915699
652,5530,5531,98,98,0,0.09910198415116388,0.6931471805599452,0.6931385090915699
652,5531,5532,59,59,1,0.09896433353424072,0.6931471805599452,0.6931385090915699
652,5532,5533,96,96,1,0.09912781114690006,0.6931471805599452,0.6931385090915699
652,5533,5534,86,86,1,0.09915792231642923,0.6931471805599452,0.6931385090915699
652,5534,5535,98,98,0,0.0991474755716567,0.6931471805599454,0.6931385090915699
652,5535,5536,98,98,0,0.0988997139644866,0.6931471805599452,0.6931385090915698
652,5536,5537,98,98,0,0.09911156339304787,0.6931471805599452,0.6931385090915699
652,5537,5538,98,98,0,0.09908740230056705,0.6931471805599452,0.6931385090915699
652,5538,5539,98,98,0,0.09914145595869239,0.6931471805599452,0.6931385090915699
652,5539,5540,78,78,1,0.09893583726042356,0.6931471805599452,0.6931385090915699
652,5540,5541,98,98,0,0.0989628295813288,0.6931471805599452,0.6931385090915699
652,5541,5542,61,61,1,0.0993014950244153,0.6931471805599454,0.6931385090915699
652,5542,5543,98,98,0,0.09943594684710308,0.6929656073360877,0.6931366933593313
652,5543,5544,86,86,1,0.09913998989518298,0.6931471805599452,0.6931366933593313
652,5544,5545,98,98,0,0.09918203364525523,0.6931471805599454,0.6931366933593314
652,5545,5546,40,40,1,0.09903427753597498,0.6931471805599452,0.6931366933593314
652,5546,5547,81,81,1,0.09907380371917913,0.6931471805599452,0.6931366933593314
652,5547,5548,98,98,0,0.09908664659882079,0.6931471805599452,0.6931366933593314
652,5548,5549,78,78,1,0.09927049623085903,0.6931471805599452,0.6931366933593314
652,5549,5550,98,98,0,0.09918559669535987,0.6931471805599454,0.6931366933593313
652,5550,5551,98,98,0,0.09906733674662453,0.6931471805599452,0.6931366933593313
652,5551,5552,98,98,0,0.09911488049796649,0.6931471805599452,0.6931366933593314
652,5552,5553,98,98,0,0.09912895327624009,0.6931471805599452,0.6931366933593314
652,5553,5554,81,81,1,0.09892957473610654,0.6931471805599452,0.6931366933593314
652,5554,5555,98,98,0,0.09911827476961273,0.6931471805599452,0.6931417333632295
652,5555,5556,98,98,0,0.09907810047877078,0.6931471805599452,0.6931417333632295
652,5556,5557,90,90,1,0.09893186332450973,0.6931471805599452,0.6931417333632294
652,5557,5558,98,98,0,0.09917651877111318,0.6931471805599452,0.6931417333632294
652,5558,5559,74,74,1,0.09895085110454946,0.6931471805599452,0.6931417333632295
652,5559,5560,51,51,1,0.09897925134967356,0.6931471805599452,0.6931417333632295
652,5560,5561,98,98,0,0.09910276919907453,0.6931471805599452,0.6931417333632295
652,5561,5562,98,98,0,0.09891090177151622,0.6931471805599452,0.6931417333632295
652,5562,5563,82,82,1,0.09915159579093863,0.6931471805599452,0.6931417333632295
652,5563,5564,98,98,0,0.09915100022846339,0.6931471805599452,0.6931417333632294
652,5564,5565,98,98,0,0.0989655791496744,0.6931471805599452,0.6931417333632294
652,5565,5566,84,84,1,0.09911641434189819,0.6931471805599452,0.6931417333632295
652,5566,5567,98,98,0,0.0991464906505176,0.6931471805599452,0.6931417333632295
652,5567,5568,48,48,1,0.09939090457434456,0.6931471805599452,0.6931417333632295
652,5568,5569,90,90,1,0.09902677925096617,0.6931471805599452,0.6931417333632295
652,5569,5570,98,98,0,0.09913076984943175,0.6931471805599452,0.6931417333632295
652,5570,5571,98,98,0,0.09894441478714651,0.6931471805599452,0.6931417333632294
652,5571,5572,98,98,0,0.09893092414250179,0.6931471805599452,0.6931417333632294
652,5572,5573,98,98,0,0.0989915563591889,0.6931471805599452,0.6931417333632295
652,5573,5574,71,71,1,0.09900014364803342,0.6931471805599452,0.6931417333632295
652,5574,5575,98,98,0,0.09914027587795744,0.6931471805599452,0.6931417333632295
652,5575,5576,98,98,0,0.09900960827968558,0.6931471805599452,0.6931417333632295
652,5576,5577,11,11,1,0.09896879304539073,0.6931471805599452,0.6931417333632295
652,5577,5578,85,85,1,0.09922835809343002,0.6931471805599452,0.6931417333632294
652,5578,5579,98,98,0,0.09896912783080218,0.6931471805599452,0.6931417333632294
652,5579,5580,98,98,0,0.09901206636307192,0.6931471805599452,0.6931417333632294
652,5580,5581,85,85,1,0.09925802034490248,0.6931471805599452,0.6931417333632295
652,5581,5582,68,68,1,0.0989941001376685,0.6931471805599452,0.6931417333632295
652,5582,5583,98,98,0,0.0989455870371692,0.6931471805599452,0.6931417333632295
652,5583,5584,98,98,0,0.09910893394630782,0.6931471805599452,0.6931417333632295
652,5584,5585,58,58,1,0.09900190385765043,0.6931471805599452,0.6931417333632294
652,5585,5586,74,74,1,0.099271264833373,0.6931471805599452,0.6931417333632294
652,5586,5587,98,98,0,0.09886850173376044,0.6931471805599452,0.6931417333632294
652,5587,5588,98,98,0,0.09908945896491712,0.6931471805599452,0.6931417333632295
652,5588,5589,75,75,1,0.09894360880057017,0.6931471805599452,0.6931417333632295
652,5589,5590,98,98,0,0.09907739077295576,0.6931471805599452,0.6931417333632295
652,5590,5591,98,98,0,0.0989402743170456,0.6931471805599452,0.6931417333632295
652,5591,5592,77,77,1,0.09913699822379397,0.6931471805599452,0.6931417333632294
652,5592,5593,98,98,0,0.09919267353050563,0.6931471805599452,0.6931417333632294
652,5593,5594,98,98,0,0.09916587903791545,0.6931471805599452,0.6931417333632294
652,5594,5595,73,73,1,0.09916176514266288,0.6931471805599452,0.6931417333632295
652,5595,5596,98,98,0,0.09892693260798649,0.6931471805599452,0.6931417333632295
652,5596,5597,85,85,1,0.09910527993650997,0.6931471805599452,0.6931417333632295
652,5597,5598,98,98,0,0.09894331658677179,0.6931471805599452,0.6931417333632295
652,5598,5599,98,98,0,0.09909983192171369,0.6931471805599452,0.6931417333632294
652,5599,5600,74,74,1,0.09899059542127557,0.6931471805599452,0.6931417333632294
652,5600,5601,98,98,0,0.09908176570826648,0.6931471805599452,0.693143549095468
652,5601,5602,98,98,0,0.09904945748192924,0.6931471805599452,0.693143549095468
652,5602,5603,98,98,0,0.09893814481946887,0.6931471805599452,0.693143549095468
652,5603,5604,98,98,0,0.09888505540332015,0.6931471805599452,0.693143549095468
652,5604,5605,14,14,1,0.10085526907018252,0.6931471805599452,0.693143549095468
652,5605,5606,98,98,0,0.09901156314477629,0.6931471805599452,0.693143549095468
652,5606,5607,98,98,0,0.09914051498077353,0.6931471805599452,0.6931435490954679
652,5607,5608,98,98,0,0.09917823103617648,0.6931471805599452,0.693143549095468
652,5608,5609,98,98,0,0.09891092009386238,0.6931471805599452,0.693143549095468
652,5609,5610,98,98,0,0.09920532233556922,0.6931471805599452,0.693143549095468
652,5610,5611,98,98,0,0.09887051787607525,0.6931471805599452,0.693143549095468
652,5611,5612,98,98,0,0.09912003523537091,0.6931471805599454,0.693143549095468
652,5612,5613,97,97,1,0.09894449286854144,0.6931471805599452,0.693143549095468
652,5613,5614,65,65,1,0.09906021723380455,0.6931471805599454,0.6931435490954679
652,5614,5615,98,98,0,0.09894343883711465,0.6931471805599452,0.6931435490954679
652,5615,5616,52,52,1,0.09887841472832057,0.6931471805599452,0.693143549095468
652,5616,5617,98,98,0,0.09916217845617509,0.6931471805599452,0.693143549095468
652,5617,5618,98,98,0,0.09889084632907595,0.6931471805599452,0.693143549095468
652,5618,5619,94,94,1,0.09923382507676774,0.6931471805599454,0.693143549095468
652,5619,5620,98,98,0,0.09907289959338246,0.6931471805599452,0.693143549095468
652,5620,5621,62,62,1,0.09932106517014964,0.6931471805599452,0.6931435490954679
652,5621,5622,98,98,0,0.09896249004772731,0.6931471805599452,0.6931435490954679
652,5622,5623,98,98,0,0.09910427801767174,0.6931471805599452,0.693143549095468
652,5623,5624,87,87,1,0.09885605005012162,0.6931471805599452,0.6931453648277066
652,5624,5625,98,98,0,0.09901026788414741,0.6931471805599452,0.6931453648277066
652,5625,5626,98,98,0,0.09896933507858491,0.6931471805599452,0.6931453648277066
652,5626,5627,94,94,1,0.09907944619338563,0.6931471805599452,0.6931453648277066
652,5627,5628,98,98,0,0.09913031582017334,0.6931471805599452,0.6931453648277065
652,5628,5629,98,98,0,0.09918725840291198,0.6931471805599452,0.6931453648277066
652,5629,5630,98,98,0,0.09909025549280401,0.6931471805599452,0.6931453648277066
652,5630,5631,98,98,0,0.09910049806444013,0.6931471805599452,0.6931453648277066
652,5631,5632,94,94,1,0.09901520308661968,0.6931471805599452,0.6931453648277066
652,5632,5633,89,89,1,0.09926855965946497,0.6931471805599452,0.6931453648277066
652,5633,5634,70,70,1,0.09895287273185593,0.6931471805599452,0.6931453648277066
652,5634,5635,14,14,1,0.0990789851972035,0.6931471805599452,0.6931453648277065
652,5635,5636,98,98,0,0.09909447647479115,0.6931471805599452,0.6931453648277066
652,5636,5637,98,98,0,0.09912619686552457,0.6931471805599452,0.6931453648277066
652,5637,5638,9,9,1,0.09878717280096477,0.6931471805599452,0.6931453648277066
652,5638,5639,98,98,0,0.09912067020730096,0.6931471805599452,0.6931453648277066
652,5639,5640,98,98,0,0.0990959063780551,0.6931471805599452,0.6931453648277066
652,5640,5641,98,98,0,0.09909709193268601,0.6931471805599452,0.6931453648277066
652,5641,5642,98,98,0,0.09902263060212135,0.6931471805599452,0.6931453648277065
652,5642,5643,98,98,0,0.09896433003702942,0.6931471805599452,0.6931471805599452
652,5643,5644,98,98,0,0.0990324460578208,0.6931471805599452,0.6931471805599452
652,5644,5645,98,98,0,0.09889628692549102,0.6931471805599452,0.6931471805599452
652,5645,5646,98,98,0,0.09889846743673694,0.6931471805599452,0.6931471805599452
652,5646,5647,12,12,1,0.1008422039449215,0.6931471805599452,0.6931471805599452
652,5647,5648,69,69,1,0.09926233289466388,0.6931471805599452,0.6931471805599452
652,5648,5649,98,98,0,0.0989748482041213,0.6931471805599452,0.6931471805599452
652,5649,5650,67,67,1,0.09926959505276893,0.6931471805599452,0.6931471805599452
652,5650,5651,98,98,0,0.09905707418006293,0.6931471805599452,0.6931471805599452
652,5651,5652,98,98,1,0.0991943155472376,0.6929656073360877,0.6931453648277066
652,5652,5653,37,37,1,0.09947188883214383,0.6931471805599452,0.6931453648277066
652,5653,5654,69,69,1,0.09897086639767108,0.6931471805599452,0.6931453648277066
652,5654,5655,98,98,0,0.09895773961835978,0.6931471805599452,0.6931453648277066
652,5655,5656,94,94,1,0.09890290714324788,0.6931471805599452,0.6931453648277065
652,5656,5657,98,98,0,0.09918622740981531,0.6931471805599454,0.6931453648277066
652,5657,5658,70,70,1,0.09919613770076206,0.6931471805599452,0.6931453648277066
652,5658,5659,98,98,0,0.09911414159803975,0.6931471805599452,0.6931453648277066
652,5659,5660,98,98,0,0.09894452137606484,0.6931471805599452,0.6931453648277066
652,5660,5661,98,98,0,0.09905531675535806,0.6931471805599452,0.6931453648277066
652,5661,5662,98,98,0,0.09907312349093203,0.6931471805599452,0.6931453648277066
652,5662,5663,94,94,1,0.09896829835277923,0.6931471805599452,0.6931453648277065
652,5663,5664,82,82,1,0.0991537885331526,0.6931471805599452,0.6931453648277066
652,5664,5665,98,98,0,0.09896470971253453,0.6931471805599452,0.6931453648277066
652,5665,5666,98,98,0,0.09888071673257011,0.6931471805599452,0.6931453648277066
652,5666,5667,76,76,1,0.09908191310731988,0.6931471805599452,0.6931453648277066
652,5667,5668,98,98,0,0.09883164880531174,0.6931471805599452,0.6931453648277066
652,5668,5669,98,98,0,0.09921557266189128,0.6931471805599452,0.6931453648277066
652,5669,5670,67,67,1,0.09910477175196605,0.6931471805599452,0.6931453648277065
652,5670,5671,18,18,1,0.10058861350019772,0.6931471805599452,0.6931453648277066
652,5671,5672,69,69,1,0.0991851633441621,0.6931471805599454,0.6931453648277066
652,5672,5673,10,10,1,0.09883772507309914,0.6931471805599452,0.6931453648277066
652,5673,5674,98,98,0,0.0989064303587894,0.6931471805599452,0.6931453648277066
652,5674,5675,11,11,1,0.10110723633657802,0.6931471805599452,0.6931453648277066
652,5675,5676,74,74,1,0.09904778164786261,0.6931471805599452,0.6931453648277066
652,5676,5677,98,98,0,0.0990829641113476,0.6931471805599452,0.6931453648277065
652,5677,5678,98,98,0,0.09910887859913768,0.6931471805599452,0.6931453648277066
652,5678,5679,83,83,1,0.09896358138466456,0.6931471805599452,0.6931453648277066
652,5679,5680,61,61,1,0.09923052580141631,0.6931471805599452,0.6931453648277066
652,5680,5681,98,98,0,0.09914951680266128,0.6931471805599452,0.6931453648277066
652,5681,5682,98,98,0,0.09905147848992932,0.6931471805599452,0.6931453648277066
652,5682,5683,98,98,0,0.09908272006681987,0.6931471805599452,0.6931453648277066
652,5683,5684,52,52,1,0.09899479122116016,0.6931471805599452,0.6931453648277065
652,5684,5685,89,89,1,0.0994503079505449,0.6931471805599452,0.6931453648277066
652,5685,5686,98,98,0,0.09914403621639524,0.6931471805599452,0.6931453648277066
652,5686,5687,98,98,0,0.09937482623725521,0.6929656073360877,0.693143549095468
652,5687,5688,88,88,1,0.0989689752459526,0.6931471805599454,0.693143549095468
652,5688,5689,67,67,1,0.09926478898347314,0.6931471805599452,0.693143549095468
652,5689,5690,98,98,0,0.09894382178175207,0.6931471805599452,0.693143549095468
652,5690,5691,98,98,0,0.09893422832294387,0.6931471805599452,0.6931435490954679
652,5691,5692,98,98,0,0.09915942478240752,0.6931471805599454,0.693143549095468
652,5692,5693,98,98,0,0.09904658817210976,0.6931471805599452,0.693143549095468
652,5693,5694,98,98,0,0.09888431467876142,0.6931471805599452,0.693143549095468
652,5694,5695,88,88,1,0.09919574348763986,0.6931471805599452,0.693143549095468
652,5695,5696,98,98,0,0.09891250410250255,0.6931471805599452,0.693143549095468
652,5696,5697,98,98,0,0.09913446723806615,0.6931471805599452,0.693143549095468
652,5697,5698,13,13,1,0.10043700899069126,0.6931471805599452,0.6931435490954679
652,5698,5699,77,77,1,0.09909618394328402,0.6931471805599452,0.693143549095468
652,5699,5700,98,98,0,0.09906526464892894,0.6931471805599452,0.693143549095468
652,5700,5701,69,69,1,0.09945914797160936,0.6931471805599454,0.693143549095468
652,5701,5702,78,78,1,0.09907115776187335,0.6931471805599452,0.693143549095468
652,5702,5703,98,98,0,0.09903880809338725,0.6931471805599452,0.693143549095468
652,5703,5704,88,88,1,0.09902487695217133,0.6931471805599452,0.693143549095468
652,5704,5705,18,18,1,0.0991750889354282,0.6931471805599452,0.6931435490954679
652,5705,5706,69,69,1,0.09901427769142648,0.6931471805599452,0.6931435490954679
652,5706,5707,91,91,1,0.09921223924055204,0.6931471805599452,0.693143549095468
652,5707,5708,59,59,1,0.09915677129717196,0.6931471805599452,0.693143549095468
652,5708,5709,52,52,1,0.09941242792858528,0.6931471805599452,0.693143549095468
652,5709,5710,98,98,0,0.09892223630936778,0.6931471805599452,0.693143549095468
652,5710,5711,98,98,0,0.09909813326536393,0.6931471805599452,0.693143549095468
652,5711,5712,98,98,0,0.09898197650909424,0.6931471805599452,0.6931435490954679
652,5712,5713,98,98,0,0.09901357031598383,0.6931471805599452,0.6931435490954679
652,5713,5714,98,98,0,0.09905826376408947,0.6931471805599452,0.693143549095468
652,5714,5715,98,98,0,0.09919404306886148,0.6931471805599454,0.693143549095468
652,5715,5716,91,91,1,0.09895323609912789,0.6931471805599454,0.693143549095468
652,5716,5717,98,98,0,0.09943419482026782,0.6931471805599452,0.693143549095468
652,5717,5718,96,96,1,0.09916705630409221,0.6931471805599452,0.693143549095468
652,5718,5719,87,87,1,0.0991855402444971,0.6931471805599452,0.693143549095468
652,5719,5720,98,98,0,0.0989446676507288,0.6931471805599452,0.6931435490954679
652,5720,5721,98,98,0,0.09917729188288961,0.6931471805599454,0.693143549095468
652,5721,5722,98,98,0,0.09911518802448195,0.6931471805599452,0.693143549095468
652,5722,5723,98,98,1,0.09892906400622153,0.6931471805599452,0.693143549095468
652,5723,5724,98,98,0,0.09920965294752802,0.6931471805599452,0.693143549095468
652,5724,5725,87,87,1,0.09896619866291682,0.6931471805599452,0.693143549095468
652,5725,5726,58,58,1,0.09927432984113693,0.6931471805599452,0.693143549095468
652,5726,5727,98,98,0,0.0990942125113643,0.6931471805599452,0.6931435490954679
652,5727,5728,18,18,1,0.09988645505574015,0.6931471805599452,0.693143549095468
652,5728,5729,98,98,0,0.09905533173254558,0.6931471805599452,0.693143549095468
652,5729,5730,52,52,1,0.09924971398252708,0.6931471805599452,0.693143549095468
652,5730,5731,56,56,1,0.09994671467159476,0.692949137871297,0.6931415686685816
652,5731,5732,90,90,1,0.09888658424218495,0.6931471805599452,0.6931415686685816
652,5732,5733,77,77,1,0.09897789871924884,0.6931471805599452,0.6931415686685816
652,5733,5734,87,87,1,0.09910113047594311,0.6931471805599452,0.6931415686685816
652,5734,5735,98,98,0,0.09887172205715763,0.6931471805599452,0.6931415686685817
652,5735,5736,98,98,0,0.09890632209729175,0.6931471805599452,0.6931415686685816
652,5736,5737,84,84,1,0.09911997323589665,0.6931471805599452,0.6931415686685816
652,5737,5738,98,98,0,0.0988925262829479,0.6931471805599452,0.6931415686685816
652,5738,5739,98,98,0,0.09910455695828613,0.6931471805599452,0.6931415686685816
652,5739,5740,86,86,1,0.09914395031194355,0.6931471805599452,0.6931415686685816
652,5740,5741,98,98,0,0.0991243187870298,0.6931471805599452,0.6931415686685816
652,5741,5742,98,98,0,0.09906523172952691,0.6931471805599452,0.6931415686685816
652,5742,5743,98,98,0,0.09893721387702592,0.6931471805599452,0.6931415686685816
652,5743,5744,73,73,1,0.09904565519257767,0.6931471805599452,0.6931415686685816
652,5744,5745,98,98,0,0.09911772433896454,0.6931471805599452,0.6931415686685816
652,5745,5746,81,81,1,0.0987887778951798,0.6931471805599452,0.6931415686685816
652,5746,5747,98,98,0,0.09893198691460552,0.6931471805599452,0.6931415686685816
652,5747,5748,58,58,1,0.09931346157501483,0.6931471805599452,0.6931415686685816
652,5748,5749,98,98,0,0.09887273959359344,0.6931471805599452,0.6931415686685816
652,5749,5750,98,98,0,0.099174009522005,0.6931471805599452,0.6931415686685816
652,5750,5751,98,98,0,0.099102683365345,0.6931471805599452,0.6931415686685816
652,5751,5752,90,90,1,0.09893431696626875,0.6931471805599452,0.6931433844008201
652,5752,5753,98,98,0,0.09904434554735009,0.6931471805599452,0.6931433844008201
652,5753,5754,70,70,1,0.098959126749209,0.6931471805599452,0.6931433844008201
652,5754,5755,98,98,0,0.09918939086551569,0.6931471805599452,0.6931433844008201
652,5755,5756,88,88,1,0.09893651628358797,0.6931471805599452,0.6931433844008202
652,5756,5757,98,98,0,0.09892436679528684,0.6931471805599452,0.6931433844008201
652,5757,5758,98,98,0,0.09892261689718888,0.6931471805599452,0.6931433844008201
652,5758,5759,66,66,1,0.09926532276652077,0.6931471805599452,0.6931433844008201
652,5759,5760,98,98,0,0.09916800587457053,0.6931471805599454,0.6931433844008201
652,5760,5761,98,98,0,0.09895900462050827,0.6931471805599452,0.6931433844008201
652,5761,5762,98,98,0,0.09888399308737443,0.6931471805599452,0.6931433844008201
652,5762,5763,78,78,1,0.09903396971714802,0.6931471805599452,0.6931433844008202
652,5763,5764,98,98,0,0.09892132475363966,0.6931471805599452,0.6931433844008201
652,5764,5765,98,98,0,0.09895365251874437,0.6931471805599452,0.6931433844008201
652,5765,5766,98,98,0,0.09889104855912072,0.6931471805599452,0.6931433844008201
652,5766,5767,79,79,1,0.09880269941272615,0.6931471805599452,0.6931433844008201
652,5767,5768,12,12,1,0.10043700970709324,0.6931471805599452,0.6931433844008201
652,5768,5769,98,98,0,0.09892880536463795,0.6931471805599452,0.6931433844008201
652,5769,5770,98,98,0,0.09915042098383514,0.6931471805599454,0.6931433844008202
652,5770,5771,71,71,1,0.09900129659914635,0.6931471805599452,0.6931433844008201
652,5771,5772,94,94,1,0.0991139495943455,0.6931471805599452,0.6931433844008201
652,5772,5773,98,98,0,0.09906475010270975,0.6931471805599452,0.6931433844008201
652,5773,5774,78,78,1,0.09892716134587924,0.6931471805599452,0.6931433844008201
652,5774,5775,9,9,1,0.09911654889583588,0.6931471805599452,0.6931433844008201
652,5775,5776,11,11,1,0.10017559135502035,0.6931471805599452,0.6931433844008201
652,5776,5777,72,72,1,0.09921852768295342,0.6931471805599452,0.6931433844008202
652,5777,5778,88,88,1,0.09893319569528103,0.6931471805599454,0.6931433844008202
652,5778,5779,75,75,1,0.09904354045788447,0.6931471805599452,0.6931433844008201
652,5779,5780,93,93,1,0.09897552438641108,0.6931471805599452,0.6931433844008201
652,5780,5781,98,98,0,0.09896029516750453,0.6931471805599452,0.6931433844008201
652,5781,5782,98,98,0,0.0989456019383304,0.6931471805599452,0.6931433844008201
652,5782,5783,98,98,0,0.09905607952755324,0.6931471805599452,0.6931433844008201
652,5783,5784,67,67,1,0.09917341484062707,0.6931471805599452,0.6931433844008202
652,5784,5785,98,98,0,0.09892503248185527,0.6931471805599452,0.6931433844008202
652,5785,5786,98,98,0,0.09904363515729807,0.6931471805599452,0.6931433844008201
652,5786,5787,98,98,0,0.09913950253810201,0.6931471805599452,0.6931452001330587
652,5787,5788,98,98,0,0.0989154406956264,0.6931471805599452,0.6931452001330587
652,5788,5789,98,98,0,0.09901566134423626,0.6931471805599452,0.6931452001330587
652,5789,5790,98,98,0,0.09908900873697533,0.6931471805599452,0.6931452001330587
652,5790,5791,87,87,1,0.09914574121264205,0.6931471805599452,0.6931452001330588
652,5791,5792,98,98,0,0.09910439775914562,0.6931471805599452,0.6931452001330588
652,5792,5793,98,98,0,0.09888530514982281,0.6931471805599452,0.6931452001330587
652,5793,5794,98,98,0,0.09908322336114182,0.6931471805599452,0.6931452001330587
652,5794,5795,98,98,0,0.09976058909479453,0.692824753393993,0.6931419758613991
652,5795,5796,98,98,0,0.09893432510446529,0.6931471805599452,0.6931419758613991
652,5796,5797,75,75,1,0.0988583525021871,0.6931471805599452,0.6931419758613991
652,5797,5798,89,89,1,0.0991984937298164,0.6931471805599452,0.6931419758613993
652,5798,5799,91,91,1,0.09942447590631442,0.6929634275852928,0.6931401383316528
652,5799,5800,98,98,0,0.09899514921161594,0.6931471805599452,0.6931401383316527
652,5800,5801,94,94,1,0.0989489549810582,0.6931471805599452,0.6931401383316527
652,5801,5802,98,98,0,0.09894385439704875,0.6931471805599452,0.6931401383316527
652,5802,5803,98,98,0,0.09902043503766157,0.6931471805599452,0.6931401383316527
652,5803,5804,72,72,1,0.09942442675431569,0.6931471805599452,0.6931401383316527
652,5804,5805,86,86,1,0.09896221609656201,0.6931471805599452,0.6931401383316528
652,5805,5806,67,67,1,0.09919214760189626,0.6931471805599452,0.6931401383316528
652,5806,5807,98,98,0,0.09900645349098712,0.6931471805599452,0.6931401383316527
652,5807,5808,98,98,0,0.09911796823143959,0.6931471805599454,0.6931401383316527
652,5808,5809,98,98,1,0.09887619270962111,0.6931471805599452,0.6931401383316527
652,5809,5810,98,98,0,0.09906847212387591,0.6931471805599452,0.6931401383316527
652,5810,5811,66,66,1,0.09907061403447931,0.6931471805599452,0.6931401383316527
652,5811,5812,84,84,1,0.09914040352616992,0.6931471805599452,0.6931401383316528
652,5812,5813,78,78,1,0.09900276525280415,0.6931471805599452,0.6931401383316528
652,5813,5814,98,98,0,0.09897491389087268,0.6931471805599452,0.6931401383316527
652,5814,5815,9,9,1,0.10053979522652096,0.6931471805599452,0.6931401383316527
652,5815,5816,68,68,1,0.09900999540353522,0.6931471805599452,0.6931401383316527
652,5816,5817,98,98,0,0.09911187631743294,0.6931471805599452,0.6931401383316527
652,5817,5818,98,98,0,0.09914533155305046,0.6931471805599452,0.6931401383316527
652,5818,5819,98,98,0,0.09910153681222274,0.6931471805599452,0.6931401383316527
652,5819,5820,98,98,0,0.09895017933176488,0.6931471805599452,0.6931401383316528
652,5820,5821,98,98,0,0.09926940211836173,0.6931471805599452,0.6931401383316527
652,5821,5822,98,98,0,0.09912951009310021,0.6931471805599452,0.6931401383316527
652,5822,5823,98,98,0,0.0989452978329999,0.6931471805599452,0.6931401383316527
652,5823,5824,74,74,1,0.09931867358249587,0.6931471805599452,0.6931401383316527
652,5824,5825,98,98,0,0.09912812078789789,0.6931471805599452,0.6931401383316527
652,5825,5826,98,98,1,0.09908060676285199,0.6931471805599452,0.6931401383316527
652,5826,5827,98,98,1,0.09897918079276474,0.6931471805599452,0.6931401383316528
652,5827,5828,55,55,1,0.09928941469300877,0.6931471805599452,0.6931401383316527
652,5828,5829,98,98,0,0.09917219644602464,0.6931471805599452,0.6931401383316527
652,5829,5830,98,98,0,0.09914779252543741,0.6931471805599452,0.6931401383316527
652,5830,5831,98,98,0,0.09914193522869325,0.6931471805599452,0.6931421187585391
652,5831,5832,70,70,1,0.09893647144947733,0.6931471805599452,0.6931421187585391
652,5832,5833,98,98,0,0.09891027387003509,0.6931471805599452,0.6931421187585391
652,5833,5834,72,72,1,0.09933514189389017,0.6931471805599452,0.6931421187585391
652,5834,5835,65,65,1,0.09930812945732703,0.6931471805599452,0.6931421187585391
652,5835,5836,98,98,0,0.09890851659738288,0.6931471805599452,0.6931421187585391
652,5836,5837,93,93,1,0.09979479367374092,0.6928216814713878,0.6931388637676535
652,5837,5838,98,98,0,0.09889579062559167,0.6931471805599452,0.6931388637676535
652,5838,5839,98,98,0,0.09912665378378362,0.6931471805599452,0.6931388637676535
652,5839,5840,94,94,1,0.09894820263094091,0.6931471805599452,0.6931388637676535
652,5840,5841,98,98,1,0.09909157675443864,0.6931471805599452,0.6931388637676535
652,5841,5842,81,81,1,0.09900109111158936,0.6931471805599452,0.6931388637676535
652,5842,5843,72,72,1,0.09924712725397614,0.6931471805599452,0.6931388637676537
652,5843,5844,94,94,1,0.09895544340635867,0.6931471805599452,0.6931388637676535
652,5844,5845,98,98,0,0.09913762560000225,0.6931471805599452,0.6931388637676535
652,5845,5846,83,83,1,0.09915187577885318,0.6931471805599452,0.6931388637676535
652,5846,5847,87,87,1,0.09902450091194832,0.6931471805599452,0.6931388637676535
652,5847,5848,95,95,1,0.09916318756969351,0.6931471805599454,0.6931388637676535
652,5848,5849,98,98,0,0.09921184904417213,0.6931471805599452,0.6931388637676535
652,5849,5850,98,98,0,0.09916564092344167,0.6931471805599452,0.6931388637676537
652,5850,5851,46,46,1,0.09902391436955203,0.6931471805599452,0.6931388637676537
652,5851,5852,98,98,0,0.0989407560198891,0.6931471805599452,0.6931388637676535
652,5852,5853,98,98,0,0.09913819899060289,0.6931471805599452,0.6931388637676535
652,5853,5854,98,98,0,0.0988981902447282,0.6931471805599452,0.6931388637676535
652,5854,5855,98,98,0,0.09922247775355164,0.6931471805599452,0.6931388637676535
652,5855,5856,98,98,0,0.09905167425773581,0.6931471805599452,0.6931388637676535
652,5856,5857,98,98,0,0.09908926981140156,0.6931471805599452,0.6931388637676537
652,5857,5858,75,75,1,0.09902752210696539,0.6931471805599452,0.6931388637676537
652,5858,5859,53,53,1,0.0990279494029171,0.6931471805599452,0.6931388637676535
652,5859,5860,98,98,0,0.09912681602397744,0.6931471805599454,0.6931388637676535
652,5860,5861,98,98,0,0.09923680902135615,0.6931471805599452,0.6931388637676535
652,5861,5862,98,98,0,0.09890603874715007,0.6931471805599452,0.6931388637676535
652,5862,5863,98,98,0,0.09911128049906419,0.6931471805599452,0.6931388637676535
652,5863,5864,98,98,0,0.09893731339549532,0.6931471805599452,0.6931388637676537
652,5864,5865,98,98,0,0.09889043373416881,0.6931471805599452,0.6931388637676537
652,5865,5866,98,98,0,0.09920178353786469,0.6931471805599452,0.6931388637676535
652,5866,5867,98,98,0,0.09913495076554162,0.6931471805599452,0.6931388637676535
652,5867,5868,67,67,1,0.09896094819058233,0.6931471805599452,0.6931388637676535
652,5868,5869,98,98,0,0.09910222735940194,0.6931471805599452,0.6931388637676535
652,5869,5870,98,98,0,0.0990554755743669,0.6931471805599452,0.6931388637676535
652,5870,5871,98,98,0,0.09909038435743779,0.6931471805599452,0.6931388637676537
652,5871,5872,98,98,0,0.09910880614604269,0.6931471805599452,0.6931388637676537
652,5872,5873,98,98,1,0.0989326786021797,0.6931471805599452,0.6931388637676535
652,5873,5874,98,98,1,0.09888421569247635,0.6931471805599452,0.6931388637676535
652,5874,5875,98,98,0,0.09903093115711699,0.6931471805599452,0.6931388637676535
652,5875,5876,98,98,0,0.09890491431769059,0.6931471805599452,0.6931388637676535
652,5876,5877,11,11,1,0.09873548691922968,0.6931471805599452,0.6931388637676535
652,5877,5878,98,98,0,0.09906747374607593,0.6931471805599452,0.6931388637676535
652,5878,5879,88,88,1,0.0991785197772763,0.6931471805599452,0.6931388637676537
652,5879,5880,98,98,0,0.09898922850891036,0.6931471805599452,0.6931388637676535
652,5880,5881,98,98,1,0.09895392461698882,0.6931471805599452,0.6931388637676535
652,5881,5882,71,71,1,0.09913821172126581,0.6931471805599452,0.6931388637676535
652,5882,5883,98,98,0,0.0988273882136053,0.6931471805599452,0.6931388637676535
652,5883,5884,98,98,0,0.09920042274253708,0.6931471805599452,0.6931388637676535
652,5884,5885,98,98,0,0.09914421974396219,0.6931471805599452,0.6931388637676535
652,5885,5886,62,62,1,0.09903489834358616,0.6931471805599452,0.6931388637676537
652,5886,5887,98,98,0,0.09921917471350455,0.6931471805599452,0.6931388637676535
652,5887,5888,98,98,0,0.09893741306601739,0.6931471805599452,0.6931388637676535
652,5888,5889,66,66,1,0.09896455885785999,0.6931471805599454,0.6931388637676535
652,5889,5890,86,86,1,0.09924630942039711,0.6931471805599452,0.6931388637676535
652,5890,5891,98,98,0,0.09892610057580228,0.6931471805599452,0.6931388637676535
652,5891,5892,92,92,1,0.09911850766967172,0.6931471805599452,0.6931388637676535
652,5892,5893,9,9,1,0.09894535607761806,0.6931471805599452,0.6931388637676537
652,5893,5894,98,98,0,0.09910475949243623,0.6931471805599452,0.6931388637676537
652,5894,5895,98,98,0,0.09930951049437328,0.6931471805599454,0.6931420880393131
652,5895,5896,98,98,0,0.09887796351496055,0.6931471805599452,0.6931420880393131
652,5896,5897,56,56,1,0.09907844463097197,0.6931471805599452,0.6931420880393131
652,5897,5898,88,88,1,0.09907845272259279,0.6931471805599452,0.6931420880393131
652,5898,5899,98,98,0,0.09896700943307,0.6931471805599452,0.6931439255690596
652,5899,5900,78,78,1,0.09894344611809804,0.6931471805599452,0.6931439255690597
652,5900,5901,98,98,0,0.09911371706699838,0.6931471805599452,0.6931439255690597
652,5901,5902,98,98,0,0.0991040189959565,0.6931471805599452,0.6931439255690596
652,5902,5903,98,98,0,0.09893895305541096,0.6931471805599452,0.6931439255690596
652,5903,5904,64,64,1,0.09905667242128402,0.6931471805599452,0.6931439255690596
652,5904,5905,61,61,1,0.09902534243024763,0.6931471805599452,0.6931439255690596
652,5905,5906,11,11,1,0.10030828551812605,0.6931471805599452,0.6931439255690596
652,5906,5907,98,98,0,0.09944238110768552,0.6929656073360877,0.6931421098368211
652,5907,5908,62,62,1,0.09932622133243468,0.6931471805599452,0.693142109836821
652,5908,5909,74,74,1,0.09921125997159932,0.6931471805599452,0.693142109836821
652,5909,5910,98,98,0,0.09892263924893067,0.6931471805599452,0.693142109836821
652,5910,5911,95,95,1,0.09893915566958879,0.6931471805599452,0.693142109836821
652,5911,5912,70,70,1,0.09924209916165896,0.6931471805599452,0.693142109836821
652,5912,5913,83,83,1,0.09895512102598167,0.6931471805599452,0.693142109836821
652,5913,5914,98,98,0,0.09907757323615406,0.6931471805599452,0.6931421098368211
652,5914,5915,98,98,0,0.09904347793484221,0.6931471805599452,0.693142109836821
652,5915,5916,79,79,1,0.09919297544262078,0.6931471805599452,0.693142109836821
652,5916,5917,98,98,0,0.09898484080117576,0.6931471805599452,0.693142109836821
652,5917,5918,96,96,1,0.099056260039409,0.6931471805599452,0.693142109836821
652,5918,5919,98,98,0,0.09912023244767773,0.6931471805599452,0.693142109836821
652,5919,5920,98,98,0,0.0988461444420474,0.6931471805599452,0.693142109836821
652,5920,5921,98,98,0,0.0991254838145509,0.6931471805599452,0.6931421098368211
652,5921,5922,98,98,0,0.09887226100782959,0.6931471805599452,0.693142109836821
652,5922,5923,57,57,1,0.09886418701263897,0.6931471805599452,0.693142109836821
652,5923,5924,80,80,1,0.09890864053741097,0.6931471805599452,0.693142109836821
652,5924,5925,98,98,0,0.09918194188147175,0.6931471805599454,0.693142109836821
652,5925,5926,66,66,1,0.09918667737281683,0.6931471805599454,0.693142109836821
652,5926,5927,79,79,1,0.09887198462516447,0.6931471805599454,0.693142109836821
652,5927,5928,98,98,0,0.09913228452205658,0.6931471805599452,0.6931421098368211
652,5928,5929,98,98,0,0.098824321235321,0.6931471805599452,0.693142109836821
652,5929,5930,97,97,1,0.09898691432377726,0.6931471805599452,0.693142109836821
652,5930,5931,64,64,1,0.09922956256195903,0.6931471805599452,0.693142109836821
652,5931,5932,10,10,1,0.09882503673434258,0.6931471805599452,0.693142109836821
652,5932,5933,98,98,0,0.09898082797928733,0.6931471805599452,0.693142109836821
652,5933,5934,98,98,0,0.09967288116411287,0.692824753393993,0.6931388855651615
652,5934,5935,87,87,1,0.098936234226172,0.6931471805599452,0.6931388855651615
652,5935,5936,93,93,1,0.09901711072332116,0.6931471805599452,0.6931388855651616
652,5936,5937,90,90,1,0.09912277716729376,0.6931471805599452,0.6931421405560472
652,5937,5938,85,85,1,0.09898620037471546,0.6931471805599452,0.6931421405560471
652,5938,5939,98,98,0,0.09891253527329892,0.6931471805599452,0.6931421405560471
652,5939,5940,98,98,1,0.0991751633736552,0.6931471805599454,0.6931421405560471
652,5940,5941,98,98,0,0.09906805831254745,0.6931471805599452,0.6931421405560471
652,5941,5942,98,98,0,0.09895600089613273,0.6931471805599452,0.6931421405560471
652,5942,5943,84,84,1,0.09914982372096606,0.6931471805599452,0.6931421405560471
652,5943,5944,98,98,0,0.09891389173512556,0.6931471805599452,0.6931421405560472
652,5944,5945,98,98,0,0.0989967374017044,0.6931471805599452,0.6931421405560471
652,5945,5946,74,74,1,0.09923658066907444,0.6931471805599452,0.6931421405560471
652,5946,5947,98,98,0,0.09926283663632918,0.6931471805599452,0.6931421405560471
652,5947,5948,56,56,1,0.09904718252697162,0.6931471805599452,0.6931421405560471
652,5948,5949,98,98,0,0.09895015705604943,0.6931471805599452,0.6931421405560471
652,5949,5950,74,74,1,0.09914776149231035,0.6931471805599452,0.6931421405560471
652,5950,5951,84,84,1,0.0988092597219206,0.6931471805599452,0.6931421405560471
652,5951,5952,98,98,0,0.09913775773376834,0.6931471805599452,0.6931421405560471
652,5952,5953,98,98,0,0.09910604509772086,0.6931471805599452,0.6931421405560471
652,5953,5954,68,68,1,0.10089482849135119,0.6931471805599452,0.6931421405560471
652,5954,5955,98,98,0,0.09926831030419894,0.6931471805599454,0.6931421405560471
652,5955,5956,98,98,0,0.09911303906416406,0.6931471805599452,0.6931421405560471
652,5956,5957,76,76,1,0.09886348198511098,0.6931471805599452,0.6931421405560471
652,5957,5958,96,96,1,0.09889134656017025,0.6931471805599452,0.6931421405560471
652,5958,5959,61,61,1,0.09902152321377738,0.6931471805599452,0.6931421405560471
652,5959,5960,89,89,1,0.09910060892279228,0.6931471805599452,0.6931421405560471
652,5960,5961,98,98,0,0.09903631306120328,0.6931471805599452,0.6931421405560471
652,5961,5962,72,72,1,0.09926148907591899,0.6931471805599452,0.6931421405560471
652,5962,5963,11,11,1,0.09930304776538502,0.6931471805599452,0.6931421405560471
652,5963,5964,98,98,0,0.09909338283599639,0.6931471805599452,0.6931421405560471
652,5964,5965,98,98,0,0.09911083848196633,0.6931471805599452,0.6931421405560471
652,5965,5966,98,98,0,0.0989510505175104,0.6931471805599452,0.6931421405560472
652,5966,5967,98,98,0,0.09917587087470658,0.6931471805599452,0.6931421405560471
652,5967,5968,62,62,1,0.0991270920682338,0.6931471805599452,0.6931421405560471
652,5968,5969,98,98,0,0.0990686091233273,0.6931471805599452,0.6931421405560471
652,5969,5970,98,98,0,0.09913603246820216,0.6931471805599452,0.6931421405560471
652,5970,5971,89,89,1,0.09917097697766979,0.6931471805599452,0.6931421405560471
652,5971,5972,82,82,1,0.09915825515622045,0.6931471805599452,0.6931421405560471
652,5972,5973,98,98,0,0.09911882162702326,0.6931471805599452,0.6931421405560472
652,5973,5974,98,98,0,0.0989680609532765,0.6931471805599452,0.6931421405560471
652,5974,5975,98,98,0,0.0989567860200697,0.6931471805599452,0.6931421405560471
652,5975,5976,98,98,0,0.0991417556544956,0.6931471805599452,0.6931421405560471
652,5976,5977,98,98,0,0.09953362509912374,0.6931471805599452,0.6931421405560471
652,5977,5978,98,98,0,0.09916895612770198,0.6931471805599452,0.6931421405560471
652,5978,5979,98,98,0,0.09928639134278103,0.6931471805599452,0.6931421405560471
652,5979,5980,80,80,1,0.09887983249500394,0.6931471805599452,0.6931421405560472
652,5980,5981,98,98,0,0.09894262854846156,0.6931471805599452,0.6931421405560471
652,5981,5982,98,98,0,0.09910460424666502,0.6931471805599452,0.6931421405560471
652,5982,5983,9,9,1,0.09916925016376707,0.6931471805599452,0.6931421405560471
652,5983,5984,98,98,0,0.09902026496675549,0.6931471805599452,0.6931421405560471
652,5984,5985,9,9,1,0.10098198056221008,0.6931471805599452,0.6931421405560471
652,5985,5986,98,98,0,0.09905774952197562,0.6931471805599452,0.6931421405560471
652,5986,5987,98,98,0,0.09906687982836548,0.6931471805599452,0.6931421405560472
652,5987,5988,11,11,1,0.09881482273340225,0.6931471805599452,0.6931421405560471
652,5988,5989,85,85,1,0.09884558416464749,0.6931471805599452,0.6931421405560471
652,5989,5990,98,98,0,0.0991106342752369,0.6931471805599452,0.6931421405560471
652,5990,5991,64,64,1,0.09926604107022285,0.6931471805599452,0.6931421405560471
652,5991,5992,71,71,1,0.09898804967672052,0.6931471805599452,0.6931421405560471
652,5992,5993,11,11,1,0.10082979974421588,0.6931471805599452,0.6931421405560471
652,5993,5994,79,79,1,0.09891274694023253,0.6931471805599454,0.6931421405560471
652,5994,5995,98,98,0,0.09916349584046676,0.6931471805599452,0.6931421405560471
652,5995,5996,66,66,1,0.09883073073896495,0.6931471805599452,0.6931421405560471
652,5996,5997,98,98,0,0.09891952315763551,0.6931471805599452,0.6931421405560471
652,5997,5998,52,52,1,0.09938785634361781,0.6931471805599452,0.6931421405560471
652,5998,5999,98,98,0,0.09916994986789567,0.6931471805599452,0.6931421405560471
652,5999,6000,16,16,1,0.09933533193543553,0.6931471805599452,0.6931421405560471
652,6000,6001,98,98,0,0.09906957967548954,0.6931471805599452,0.6931421405560471
652,6001,6002,98,98,0,0.09911196701684777,0.6931471805599452,0.6931421405560471
652,6002,6003,74,74,1,0.09894566439293526,0.6931471805599452,0.6931421405560471
652,6003,6004,98,98,0,0.09923750010071969,0.6931471805599452,0.6931421405560471
652,6004,6005,83,83,1,0.0989275313464992,0.6931471805599452,0.6931421405560471
652,6005,6006,98,98,0,0.09893851278691876,0.6931471805599452,0.6931421405560471
652,6006,6007,54,54,1,0.09894652609471921,0.6931471805599452,0.6931439562882856
652,6007,6008,87,87,1,0.09922481508090578,0.6931471805599452,0.6931439562882857
652,6008,6009,98,98,0,0.09909821461353983,0.6931471805599452,0.6931439562882856
652,6009,6010,70,70,1,0.09919606883610999,0.6931471805599452,0.6931439562882856
652,6010,6011,98,98,1,0.09926704294523414,0.6931471805599452,0.6931439562882856
652,6011,6012,98,98,0,0.0990459713704732,0.6931471805599452,0.6931439562882856
652,6012,6013,69,69,1,0.0989054828018382,0.6931471805599452,0.6931439562882856
652,6013,6014,9,9,1,0.09910443673531215,0.6931471805599452,0.6931439562882856
652,6014,6015,98,98,0,0.09909598597762537,0.6931471805599452,0.6931439562882857
652,6015,6016,98,98,0,0.099112796312084,0.6931471805599452,0.6931439562882856
652,6016,6017,98,98,0,0.09908465615340642,0.6931471805599452,0.6931439562882856
652,6017,6018,98,98,0,0.09966576167819452,0.6931471805599452,0.6931439562882856
652,6018,6019,70,70,1,0.09901248205985341,0.6931471805599452,0.6931439562882856
652,6019,6020,82,82,1,0.09949299102512801,0.6929603637667635,0.6931420881203537
652,6020,6021,98,98,0,0.09895690013559497,0.6931471805599452,0.6931420881203537
652,6021,6022,98,98,1,0.09889587585111054,0.6931471805599452,0.6931420881203539
652,6022,6023,98,98,0,0.09901641202824456,0.6931471805599452,0.6931420881203539
652,6023,6024,98,98,0,0.09912495725617117,0.6931471805599452,0.6931420881203539
652,6024,6025,98,98,0,0.09893093387387236,0.6931471805599452,0.6931420881203539
652,6025,6026,98,98,0,0.0991338819113313,0.6931471805599452,0.6931420881203539
652,6026,6027,98,98,0,0.09896465178046908,0.6931471805599452,0.6931420881203537
652,6027,6028,67,67,1,0.09914338955683495,0.6931471805599452,0.6931420881203537
652,6028,6029,68,68,1,0.09924185637603788,0.6931471805599452,0.6931420881203539
652,6029,6030,98,98,0,0.09889062281165804,0.6931471805599452,0.6931420881203539
652,6030,6031,75,75,1,0.09900814761718114,0.6931471805599452,0.6931420881203539
652,6031,6032,56,56,1,0.0993333701044321,0.6931471805599452,0.6931420881203539
652,6032,6033,73,73,1,0.09917851547672324,0.6931471805599452,0.6931420881203539
652,6033,6034,98,98,0,0.09951249745731451,0.6929656073360879,0.6931434966597747
652,6034,6035,98,98,0,0.09896795717733246,0.6931471805599452,0.6931434966597747
652,6035,6036,98,98,0,0.09890225499260183,0.6931471805599452,0.6931434966597747
652,6036,6037,98,98,0,0.09907538709895951,0.6931471805599452,0.6931434966597747
652,6037,6038,53,53,1,0.09934671827644673,0.6931471805599452,0.6931434966597749
652,6038,6039,98,98,0,0.09884241816340661,0.6931471805599452,0.6931434966597749
652,6039,6040,98,98,0,0.0991155067268683,0.6931471805599452,0.6931434966597749
652,6040,6041,84,84,1,0.09911091652299676,0.6931471805599452,0.6931434966597747
652,6041,6042,98,98,0,0.09901775769433196,0.6931471805599452,0.6931434966597747
652,6042,6043,98,98,0,0.09915045489157949,0.6931471805599452,0.6931434966597747
652,6043,6044,98,98,0,0.0991335511967844,0.6931471805599452,0.6931434966597747
652,6044,6045,94,94,1,0.09887959134388477,0.6931471805599452,0.6931434966597749
652,6045,6046,98,98,0,0.09902429633906909,0.6931471805599452,0.6931434966597749
652,6046,6047,98,98,0,0.09906109969834892,0.6931471805599452,0.6931434966597749
652,6047,6048,98,98,0,0.09907177463173866,0.6931471805599452,0.6931434966597747
652,6048,6049,98,98,0,0.09887110038983579,0.6931471805599452,0.6931434966597747
652,6049,6050,98,98,0,0.09896762509431158,0.6931471805599452,0.6931434966597747
652,6050,6051,98,98,0,0.09917766395576146,0.6931471805599452,0.6931434966597747
652,6051,6052,78,78,1,0.09912884225830054,0.6931471805599452,0.6931434966597749
652,6052,6053,80,80,1,0.09898434178903699,0.6931471805599452,0.6931434966597749
652,6053,6054,98,98,0,0.09889194931910962,0.6931471805599452,0.6931434966597749
652,6054,6055,98,98,0,0.0988808626271024,0.6931471805599452,0.6931434966597747
652,6055,6056,12,12,1,0.10042357010145982,0.6931471805599452,0.6931434966597747
652,6056,6057,98,98,0,0.09889633026050061,0.6931471805599452,0.6931434966597747
652,6057,6058,65,65,1,0.09942291058026827,0.6931471805599452,0.6931434966597747
652,6058,6059,98,98,0,0.0989151475380878,0.6931471805599452,0.6931434966597749
652,6059,6060,81,81,1,0.09906431995792153,0.6931471805599452,0.6931434966597749
652,6060,6061,98,98,0,0.09905105365478263,0.6931471805599452,0.6931434966597749
652,6061,6062,98,98,0,0.09914446211591059,0.6931471805599452,0.6931434966597747
652,6062,6063,98,98,0,0.09908661953344637,0.6931471805599452,0.6931434966597747
652,6063,6064,96,96,1,0.09898084339996178,0.6931471805599452,0.6931434966597747
652,6064,6065,79,79,1,0.09922890157639226,0.6931471805599452,0.6931434966597747
652,6065,6066,92,92,1,0.0989196978347457,0.6931471805599452,0.6931434966597747
652,6066,6067,59,59,1,0.09900093558481184,0.6931471805599452,0.6931434966597749
652,6067,6068,98,98,0,0.09904309521828379,0.6931471805599452,0.6931434966597749
652,6068,6069,98,98,1,0.09918605209309228,0.6931471805599454,0.6931434966597747
652,6069,6070,82,82,1,0.0990639193574103,0.6931471805599452,0.6931434966597747
652,6070,6071,73,73,1,0.09928228124363782,0.6931471805599452,0.6931434966597747
652,6071,6072,13,13,1,0.09908783206572899,0.6931471805599452,0.6931434966597747
652,6072,6073,98,98,0,0.09910188090740418,0.6931471805599452,0.6931434966597747
652,6073,6074,60,60,1,0.09918063928683599,0.6931471805599452,0.6931434966597749
652,6074,6075,76,76,1,0.09918870002423462,0.6931471805599452,0.6931434966597749
652,6075,6076,98,98,0,0.09899103132133581,0.6931471805599452,0.6931434966597747
652,6076,6077,98,98,0,0.09943647408971981,0.6929656073360877,0.6931416809275361
652,6077,6078,98,98,0,0.09933847827570778,0.6931471805599454,0.6931416809275361
652,6078,6079,67,67,1,0.09937351041320544,0.6929544179935756,0.6931397533018725
652,6079,6080,74,74,1,0.09921859265179248,0.6931471805599452,0.6931397533018725
652,6080,6081,98,98,0,0.09889672369677194,0.6931471805599452,0.6931397533018726
652,6081,6082,98,98,0,0.09912173868137963,0.6931471805599452,0.6931397533018726
652,6082,6083,98,98,0,0.09896959850982744,0.6931471805599452,0.6931397533018725
652,6083,6084,98,98,0,0.09908882627377705,0.6931471805599452,0.6931397533018725
652,6084,6085,98,98,1,0.09893665622387614,0.6931471805599452,0.6931397533018725
652,6085,6086,98,98,0,0.09897920975879747,0.6931471805599452,0.6931397533018725
652,6086,6087,57,57,1,0.09897558391094208,0.6931471805599452,0.6931397533018725
652,6087,6088,98,98,0,0.09892586504622382,0.6931471805599452,0.6931397533018726
652,6088,6089,98,98,0,0.09896560583491715,0.6931471805599452,0.6931397533018726
652,6089,6090,98,98,0,0.09914593991576409,0.6931471805599452,0.6931397533018725
652,6090,6091,98,98,0,0.09913623918380056,0.6931471805599452,0.6931397533018725
652,6091,6092,98,98,0,0.09914604544031377,0.6931471805599452,0.6931397533018725
652,6092,6093,98,98,0,0.09910321129219872,0.6931471805599452,0.6931397533018725
652,6093,6094,98,98,0,0.09893236218058334,0.6931471805599452,0.6931397533018725
652,6094,6095,98,98,0,0.09910854811266977,0.6931471805599452,0.6931397533018726
652,6095,6096,98,98,0,0.09915240070953661,0.6931471805599452,0.6931397533018726
652,6096,6097,98,98,0,0.09896011772204419,0.6931471805599452,0.6931397533018725
652,6097,6098,98,98,0,0.09893511319342925,0.6931471805599454,0.6931397533018725
652,6098,6099,98,98,0,0.09923922483410154,0.6931471805599454,0.6931397533018725
652,6099,6100,69,69,1,0.09917368027179138,0.6931471805599452,0.6931397533018725
