seed,episode,episode_sequence,sample_count,last_day,terminal_observed,generated_score_mean,generated_expert_js_divergence,rolling_js_mean
184,0,1,5,5,1,0.09889299422502518,0.6931471805599452,
184,1,2,5,5,1,0.0990488663315773,0.6931471805599452,
184,2,3,5,5,1,0.10033310055732728,0.6931471805599452,
184,3,4,10,10,1,0.09824148938059807,0.6931471805599452,
184,4,5,7,7,1,0.10003765672445297,0.6931471805599452,
184,5,6,9,9,1,0.09889916744497088,0.6931471805599452,
184,6,7,5,5,1,0.10062244087457657,0.6931471805599452,
184,7,8,5,5,1,0.10096504539251328,0.6931471805599452,
184,8,9,12,12,1,0.09993105630079906,0.6931471805599454,
184,9,10,5,5,1,0.09824579209089279,0.6931471805599452,
184,10,11,8,8,1,0.0986366169527173,0.6931471805599452,
184,11,12,5,5,1,0.09864387661218643,0.6931471805599452,
184,12,13,5,5,1,0.10165151953697205,0.6931471805599452,
184,13,14,8,8,1,0.09958815015852451,0.6931471805599452,
184,14,15,5,5,1,0.1001494511961937,0.6931471805599452,
184,15,16,5,5,1,0.0994976967573166,0.6931471805599452,
184,16,17,5,5,1,0.10111853778362274,0.6931471805599452,
184,17,18,5,5,1,0.09974306672811509,0.6931471805599452,
184,18,19,5,5,1,0.10105724036693572,0.6931471805599452,
184,19,20,5,5,1,0.10140416920185089,0.6931471805599452,0.6931471805599452
184,20,21,5,5,1,0.09977382868528366,0.6931471805599452,0.6931471805599452
184,21,22,5,5,1,0.10165145844221116,0.6931471805599452,0.6931471805599452
184,22,23,5,5,1,0.09950616657733917,0.6931471805599452,0.6931471805599452
184,23,24,5,5,1,0.09850368201732636,0.6931471805599452,0.6931471805599453
184,24,25,7,7,1,0.099851841373103,0.6931471805599452,0.6931471805599452
184,25,26,7,7,1,0.10060358473232814,0.6931471805599452,0.6931471805599452
184,26,27,5,5,1,0.10280653834342957,0.6931471805599452,0.6931471805599452
184,27,28,8,8,1,0.10059429425746202,0.6931471805599452,0.6931471805599452
184,28,29,5,5,1,0.09208997339010239,0.6931471805599452,0.6931471805599452
184,29,30,6,6,1,0.10114627083142598,0.6931471805599452,0.6931471805599452
184,30,31,10,10,1,0.09990041181445122,0.6931471805599452,0.6931471805599452
184,31,32,5,5,1,0.10248531252145768,0.6931471805599452,0.6931471805599452
184,32,33,5,5,1,0.10129137933254242,0.6931471805599452,0.6931471805599453
184,33,34,5,5,1,0.10018996000289918,0.6931471805599452,0.6931471805599452
184,34,35,5,5,1,0.09741169214248657,0.6931471805599452,0.6931471805599452
184,35,36,5,5,1,0.09827614426612855,0.6931471805599452,0.6931471805599452
184,36,37,5,5,1,0.10097825527191162,0.6931471805599452,0.6931471805599452
184,37,38,8,8,1,0.10425636917352676,0.6931471805599452,0.6931471805599452
184,38,39,5,5,1,0.1009114533662796,0.6931471805599452,0.6931471805599452
184,39,40,7,7,1,0.09959277617079872,0.6931471805599452,0.6931471805599452
184,40,41,5,5,1,0.10041341036558152,0.6931471805599452,0.6931471805599452
184,41,42,5,5,1,0.10001220405101777,0.6931471805599452,0.6931471805599452
184,42,43,5,5,1,0.10100217163562775,0.6931471805599452,0.6931471805599452
184,43,44,9,9,1,0.1005508080124855,0.6931471805599452,0.6931471805599452
184,44,45,6,6,1,0.09879002223412196,0.6931471805599452,0.6931471805599452
184,45,46,7,7,1,0.09781410438673836,0.6931471805599452,0.6931471805599452
184,46,47,5,5,1,0.10042483359575272,0.6931471805599452,0.6931471805599452
184,47,48,8,8,1,0.10239587351679802,0.6931471805599452,0.6931471805599453
184,48,49,5,5,1,0.09337398260831833,0.6931471805599452,0.6931471805599452
184,49,50,5,5,1,0.09887102097272873,0.6931471805599452,0.6931471805599452
184,50,51,9,9,1,0.0987519199649493,0.6931471805599452,0.6931471805599452
184,51,52,5,5,1,0.09165523871779442,0.6931471805599452,0.6931471805599452
184,52,53,5,5,1,0.1014872208237648,0.6931471805599452,0.6931471805599452
184,53,54,5,5,1,0.09792490005493164,0.6931471805599452,0.6931471805599452
184,54,55,5,5,1,0.09933506846427917,0.6931471805599452,0.6931471805599453
184,55,56,5,5,1,0.10064830034971237,0.6931471805599452,0.6931471805599452
184,56,57,5,5,1,0.10053693205118179,0.6931471805599452,0.6931471805599452
184,57,58,5,5,1,0.09951078742742539,0.6931471805599452,0.6931471805599452
184,58,59,5,5,1,0.09949167668819428,0.6931471805599452,0.6931471805599452
184,59,60,5,5,1,0.0998745545744896,0.6931471805599452,0.6931471805599452
184,60,61,5,5,1,0.10160166174173355,0.6931471805599452,0.6931471805599452
184,61,62,5,5,1,0.09866436421871186,0.6931471805599452,0.6931471805599452
184,62,63,5,5,1,0.10072861909866333,0.6931471805599452,0.6931471805599452
184,63,64,5,5,1,0.10173048079013824,0.6931471805599452,0.6931471805599452
184,64,65,5,5,1,0.10005832463502884,0.6931471805599452,0.6931471805599452
184,65,66,5,5,1,0.10107876807451248,0.6931471805599452,0.6931471805599452
184,66,67,5,5,1,0.0872785322368145,0.6931471805599452,0.6931471805599452
184,67,68,5,5,1,0.09656440913677215,0.6931471805599452,0.6931471805599452
184,68,69,5,5,1,0.10136444121599197,0.6931471805599452,0.6931471805599452
184,69,70,5,5,1,0.09990813285112381,0.6931471805599452,0.6931471805599452
184,70,71,7,7,1,0.10000631532498769,0.6931471805599452,0.6931471805599452
184,71,72,6,6,1,0.09932401776313782,0.6931471805599452,0.6931471805599452
184,72,73,5,5,1,0.09642639905214309,0.6931471805599452,0.6931471805599452
184,73,74,5,5,1,0.10088121742010117,0.6931471805599452,0.6931471805599452
184,74,75,5,5,1,0.09717279523611069,0.6931471805599452,0.6931471805599452
184,75,76,5,5,1,0.10098576992750168,0.6931471805599452,0.6931471805599452
184,76,77,5,5,1,0.100250843167305,0.6931471805599452,0.6931471805599452
184,77,78,5,5,1,0.09867967814207076,0.6931471805599452,0.6931471805599452
184,78,79,5,5,1,0.10158996880054474,0.6931471805599452,0.6931471805599452
184,79,80,5,5,1,0.10198208093643188,0.6931471805599452,0.6931471805599452
184,80,81,5,5,1,0.10041050314903259,0.6931471805599452,0.6931471805599452
184,81,82,7,7,1,0.1001291573047638,0.6931471805599452,0.6931471805599452
184,82,83,5,5,1,0.09859569072723388,0.6931471805599452,0.6931471805599452
184,83,84,7,7,1,0.09859301043408257,0.6931471805599452,0.6931471805599452
184,84,85,5,5,1,0.10010168701410294,0.6931471805599452,0.6931471805599452
184,85,86,6,6,1,0.09911040092507999,0.6931471805599452,0.6931471805599452
184,86,87,5,5,1,0.0980346754193306,0.6931471805599452,0.6931471805599452
184,87,88,17,17,1,0.1002367822562947,0.6931471805599452,0.6931471805599452
184,88,89,5,5,1,0.09956503510475159,0.6931471805599452,0.6931471805599452
184,89,90,7,7,1,0.09570375723498208,0.6931471805599452,0.6931471805599452
184,90,91,5,5,1,0.10048446953296661,0.6931471805599452,0.6931471805599452
184,91,92,5,5,1,0.10061339735984802,0.6931471805599452,0.6931471805599452
184,92,93,5,5,1,0.10672034323215485,0.6931471805599452,0.6931471805599452
184,93,94,5,5,1,0.10113886892795562,0.6931471805599452,0.6931471805599452
184,94,95,6,6,1,0.09988766411940257,0.6931471805599452,0.6931471805599452
184,95,96,7,7,1,0.09951359246458326,0.6931471805599452,0.6931471805599453
184,96,97,5,5,1,0.10034589469432831,0.6931471805599452,0.6931471805599452
184,97,98,5,5,1,0.1005481407046318,0.6931471805599452,0.6931471805599452
184,98,99,5,5,1,0.10085858106613159,0.6931471805599452,0.6931471805599452
184,99,100,8,8,1,0.1021725395694375,0.6931471805599452,0.6931471805599452
184,100,101,5,5,1,0.10142935216426849,0.6931471805599452,0.6931471805599452
184,101,102,9,9,1,0.09948008424705929,0.6931471805599452,0.6931471805599452
184,102,103,5,5,1,0.10006248950958252,0.6931471805599452,0.6931471805599452
184,103,104,5,5,1,0.10051430165767669,0.6931471805599452,0.6931471805599452
184,104,105,5,5,1,0.09769461005926132,0.6931471805599452,0.6931471805599452
184,105,106,5,5,1,0.09453052431344985,0.6931471805599452,0.6931471805599452
184,106,107,5,5,1,0.10126716196537018,0.6931471805599452,0.6931471805599452
184,107,108,9,9,1,0.0989054607020484,0.6931471805599452,0.6931471805599452
184,108,109,5,5,1,0.10098491162061692,0.6931471805599452,0.6931471805599452
184,109,110,5,5,1,0.09762476086616516,0.6931471805599452,0.6931471805599452
184,110,111,5,5,1,0.09941455870866775,0.6931471805599452,0.6931471805599452
184,111,112,5,5,1,0.09894034117460251,0.6931471805599452,0.6931471805599452
184,112,113,5,5,1,0.09915007352828979,0.6931471805599452,0.6931471805599452
184,113,114,5,5,1,0.0986551210284233,0.6931471805599452,0.6931471805599452
184,114,115,5,5,1,0.09745479375123978,0.6931471805599452,0.6931471805599452
184,115,116,5,5,1,0.09931137412786484,0.6931471805599452,0.6931471805599452
184,116,117,5,5,1,0.09412330314517021,0.6931471805599452,0.6931471805599452
184,117,118,5,5,1,0.09718036353588104,0.6931471805599452,0.6931471805599452
184,118,119,5,5,1,0.0988408237695694,0.6931471805599452,0.6931471805599452
184,119,120,5,5,1,0.10012283623218536,0.6931471805599452,0.6931471805599452
184,120,121,5,5,1,0.10311624258756638,0.6931471805599452,0.6931471805599452
184,121,122,5,5,1,0.09995813071727752,0.6931471805599452,0.6931471805599452
184,122,123,10,10,1,0.0996242731809616,0.6931471805599452,0.6931471805599452
184,123,124,15,15,1,0.09887085159619649,0.6931471805599452,0.6931471805599452
184,124,125,5,5,1,0.10108713358640671,0.6931471805599452,0.6931471805599452
184,125,126,5,5,1,0.09980174303054809,0.6931471805599452,0.6931471805599452
184,126,127,5,5,1,0.1027807965874672,0.6931471805599452,0.6931471805599452
184,127,128,8,8,1,0.0993446595966816,0.6931471805599452,0.6931471805599452
184,128,129,5,5,1,0.09912716299295425,0.6931471805599452,0.6931471805599452
184,129,130,5,5,1,0.10035632997751236,0.6931471805599452,0.6931471805599452
184,130,131,7,7,1,0.09971076250076294,0.6931471805599452,0.6931471805599452
184,131,132,5,5,1,0.09808977097272872,0.6931471805599452,0.6931471805599452
184,132,133,5,5,1,0.09843255132436753,0.6931471805599452,0.6931471805599452
184,133,134,5,5,1,0.10006598532199859,0.6931471805599452,0.6931471805599452
184,134,135,5,5,1,0.09975218176841735,0.6931471805599452,0.6931471805599452
184,135,136,5,5,1,0.09982025325298309,0.6931471805599452,0.6931471805599452
184,136,137,5,5,1,0.10135549008846283,0.6931471805599452,0.6931471805599452
184,137,138,5,5,1,0.09949577301740646,0.6931471805599452,0.6931471805599452
184,138,139,7,7,1,0.09941971195595604,0.6931471805599452,0.6931471805599452
184,139,140,5,5,1,0.09982091635465622,0.6931471805599452,0.6931471805599452
184,140,141,6,6,1,0.1005095752576987,0.6931471805599452,0.6931471805599452
184,141,142,5,5,1,0.09540847390890121,0.6931471805599452,0.6931471805599452
184,142,143,5,5,1,0.09929293394088745,0.6931471805599452,0.6931471805599452
184,143,144,13,13,1,0.1010191893348327,0.6931471805599454,0.6931471805599452
184,144,145,5,5,1,0.10058969408273696,0.6931471805599452,0.6931471805599452
184,145,146,5,5,1,0.09985821545124055,0.6931471805599452,0.6931471805599452
184,146,147,5,5,1,0.09741751849651337,0.6931471805599452,0.6931471805599452
184,147,148,5,5,1,0.09938955754041671,0.6931471805599452,0.6931471805599452
184,148,149,5,5,1,0.0954387366771698,0.6931471805599452,0.6931471805599452
184,149,150,5,5,1,0.09916455000638962,0.6931471805599452,0.6931471805599452
184,150,151,7,7,1,0.10619886219501495,0.6931471805599452,0.6931471805599452
184,151,152,5,5,1,0.09949530214071274,0.6931471805599452,0.6931471805599452
184,152,153,5,5,1,0.10280468761920929,0.6931471805599452,0.6931471805599452
184,153,154,5,5,1,0.1006208211183548,0.6931471805599452,0.6931471805599452
184,154,155,7,7,1,0.10019443609884807,0.6931471805599452,0.6931471805599452
184,155,156,5,5,1,0.10165981203317642,0.6931471805599452,0.6931471805599452
184,156,157,5,5,1,0.09589719325304032,0.6931471805599452,0.6931471805599452
184,157,158,5,5,1,0.10444222539663314,0.6931471805599452,0.6931471805599452
184,158,159,5,5,1,0.09988697469234467,0.6931471805599452,0.6931471805599452
184,159,160,5,5,1,0.09964970648288726,0.6931471805599452,0.6931471805599452
184,160,161,5,5,1,0.09905549734830857,0.6931471805599452,0.6931471805599452
184,161,162,7,7,1,0.10052247877631869,0.6931471805599452,0.6931471805599452
184,162,163,7,7,1,0.10085718227284295,0.6931471805599452,0.6931471805599452
184,163,164,5,5,1,0.10078220516443252,0.6931471805599452,0.6931471805599452
184,164,165,5,5,1,0.09584835022687913,0.6931471805599452,0.6931471805599452
184,165,166,5,5,1,0.10107921957969665,0.6931471805599452,0.6931471805599452
184,166,167,7,7,1,0.10042329558304378,0.6931471805599452,0.6931471805599452
184,167,168,5,5,1,0.10046491920948028,0.6931471805599452,0.6931471805599452
184,168,169,8,8,1,0.09881909191608429,0.6931471805599452,0.6931471805599452
184,169,170,5,5,1,0.09931060522794724,0.6931471805599452,0.6931471805599452
184,170,171,5,5,1,0.10151718705892562,0.6931471805599452,0.6931471805599452
184,171,172,5,5,1,0.09930102676153182,0.6931471805599452,0.6931471805599452
184,172,173,5,5,1,0.10064647793769836,0.6931471805599452,0.6931471805599452
184,173,174,8,8,1,0.10071248188614845,0.6931471805599452,0.6931471805599452
184,174,175,5,5,1,0.10246160924434662,0.6931471805599452,0.6931471805599452
184,175,176,5,5,1,0.09930858612060547,0.6931471805599452,0.6931471805599452
184,176,177,5,5,1,0.11371631771326066,0.6931471805599452,0.6931471805599452
184,177,178,5,5,1,0.10055559426546097,0.6931471805599452,0.6931471805599452
184,178,179,5,5,1,0.10191499590873718,0.6931471805599452,0.6931471805599452
184,179,180,5,5,1,0.09957909435033799,0.6931471805599452,0.6931471805599452
184,180,181,5,5,1,0.09920398890972137,0.6931471805599452,0.6931471805599452
184,181,182,5,5,1,0.10215911269187927,0.6931471805599452,0.6931471805599452
184,182,183,5,5,1,0.10045907348394394,0.6931471805599452,0.6931471805599452
184,183,184,5,5,1,0.09765512198209762,0.6931471805599452,0.6931471805599452
184,184,185,5,5,1,0.10105276703834534,0.6931471805599452,0.6931471805599452
184,185,186,5,5,1,0.10048147737979889,0.6931471805599452,0.6931471805599452
184,186,187,7,7,1,0.09975569056613105,0.6931471805599452,0.6931471805599452
184,187,188,5,5,1,0.09926491230726242,0.6931471805599452,0.6931471805599452
184,188,189,5,5,1,0.09919647723436356,0.6931471805599452,0.6931471805599451
184,189,190,5,5,1,0.09510522335767746,0.6931471805599452,0.6931471805599452
184,190,191,5,5,1,0.0898025944828987,0.6931471805599452,0.6931471805599452
184,191,192,5,5,1,0.09925010651350022,0.6931471805599452,0.6931471805599452
184,192,193,5,5,1,0.09818028807640075,0.6931471805599452,0.6931471805599452
184,193,194,5,5,1,0.10126099437475204,0.6931471805599452,0.6931471805599452
184,194,195,5,5,1,0.09997879564762116,0.6931471805599452,0.6931471805599452
184,195,196,8,8,1,0.10040139220654964,0.6931471805599452,0.6931471805599451
184,196,197,5,5,1,0.09922523200511932,0.6931471805599452,0.6931471805599452
184,197,198,5,5,1,0.09523975253105163,0.6931471805599452,0.6931471805599452
184,198,199,11,11,1,0.0979445373470133,0.6931471805599452,0.6931471805599452
184,199,200,5,5,1,0.10035071969032287,0.6931471805599452,0.6931471805599452
184,200,201,5,5,1,0.10155161619186401,0.6931471805599452,0.6931471805599452
184,201,202,5,5,1,0.09940462708473205,0.6931471805599452,0.6931471805599452
184,202,203,5,5,1,0.09978947341442108,0.6931471805599452,0.6931471805599451
184,203,204,9,9,1,0.09781181729502147,0.6931471805599452,0.6931471805599452
184,204,205,5,5,1,0.09908546060323715,0.6931471805599452,0.6931471805599452
184,205,206,5,5,1,0.09945123940706253,0.6931471805599452,0.6931471805599452
184,206,207,5,5,1,0.09774055927991868,0.6931471805599452,0.6931471805599452
184,207,208,5,5,1,0.09997025579214096,0.6931471805599452,0.6931471805599452
184,208,209,5,5,1,0.09680043905973434,0.6931471805599452,0.6931471805599452
184,209,210,5,5,1,0.10206419974565506,0.6931471805599452,0.6931471805599452
184,210,211,5,5,1,0.10210832953453064,0.6931471805599452,0.6931471805599452
184,211,212,5,5,1,0.09977721273899079,0.6931471805599452,0.6931471805599452
184,212,213,5,5,1,0.09958627969026565,0.6931471805599452,0.6931471805599452
184,213,214,5,5,1,0.10101903527975083,0.6931471805599452,0.6931471805599452
184,214,215,6,6,1,0.10113155966003735,0.6931471805599452,0.6931471805599452
184,215,216,5,5,1,0.097730253636837,0.6931471805599452,0.6931471805599452
184,216,217,5,5,1,0.10181103497743607,0.6931471805599452,0.6931471805599452
184,217,218,5,5,1,0.09528357535600662,0.6931471805599452,0.6931471805599452
184,218,219,9,9,1,0.10043963376018736,0.6931471805599452,0.6931471805599452
184,219,220,5,5,1,0.0960304856300354,0.6931471805599452,0.6931471805599452
184,220,221,5,5,1,0.1005849301815033,0.6931471805599452,0.6931471805599452
184,221,222,10,10,1,0.09850586876273155,0.6931471805599452,0.6931471805599452
184,222,223,5,5,1,0.10066521018743516,0.6931471805599452,0.6931471805599452
184,223,224,5,5,1,0.10046082437038421,0.6931471805599452,0.6931471805599452
184,224,225,5,5,1,0.10110815167427063,0.6931471805599452,0.6931471805599452
184,225,226,5,5,1,0.10006811171770096,0.6931471805599452,0.6931471805599452
184,226,227,7,7,1,0.09823588175433022,0.6931471805599452,0.6931471805599452
184,227,228,5,5,1,0.09967097342014312,0.6931471805599452,0.6931471805599452
184,228,229,5,5,1,0.10008990615606309,0.6931471805599452,0.6931471805599452
184,229,230,5,5,1,0.10043319016695022,0.6931471805599452,0.6931471805599452
184,230,231,5,5,1,0.10039665400981904,0.6931471805599452,0.6931471805599452
184,231,232,10,10,1,0.0998627319931984,0.6931471805599452,0.6931471805599452
184,232,233,5,5,1,0.10036878138780594,0.6931471805599452,0.6931471805599452
184,233,234,5,5,1,0.09887172877788544,0.6931471805599452,0.6931471805599452
184,234,235,5,5,1,0.10046920776367188,0.6931471805599452,0.6931471805599452
184,235,236,5,5,1,0.09926794916391372,0.6931471805599452,0.6931471805599452
184,236,237,9,9,1,0.10044943210151461,0.6931471805599452,0.6931471805599452
184,237,238,5,5,1,0.10132268518209457,0.6931471805599452,0.6931471805599452
184,238,239,5,5,1,0.10033925920724869,0.6931471805599452,0.6931471805599452
184,239,240,5,5,1,0.1005360648036003,0.6931471805599452,0.6931471805599452
184,240,241,5,5,1,0.09961611181497573,0.6931471805599452,0.6931471805599452
184,241,242,5,5,1,0.10004155188798905,0.6931471805599452,0.6931471805599452
184,242,243,9,9,1,0.10063858744170931,0.6931471805599452,0.6931471805599452
184,243,244,5,5,1,0.0998888373374939,0.6931471805599452,0.6931471805599452
184,244,245,6,6,1,0.09934742748737335,0.6931471805599452,0.6931471805599452
184,245,246,5,5,1,0.10039726793766021,0.6931471805599452,0.6931471805599452
184,246,247,5,5,1,0.10091164112091064,0.6931471805599452,0.6931471805599452
184,247,248,5,5,1,0.10060503333806992,0.6931471805599452,0.6931471805599452
184,248,249,5,5,1,0.09913914501667023,0.6931471805599452,0.6931471805599452
184,249,250,5,5,1,0.10028557479381561,0.6931471805599452,0.6931471805599452
184,250,251,5,5,1,0.10035680532455445,0.6931471805599452,0.6931471805599452
184,251,252,10,10,1,0.10080157369375228,0.6931471805599452,0.6931471805599452
184,252,253,5,5,1,0.10124346762895584,0.6931471805599452,0.6931471805599452
184,253,254,5,5,1,0.10020220279693604,0.6931471805599452,0.6931471805599452
184,254,255,5,5,1,0.1000441238284111,0.6931471805599452,0.6931471805599452
184,255,256,5,5,1,0.09991575330495835,0.6931471805599452,0.6931471805599452
184,256,257,8,8,1,0.10008984804153442,0.6931471805599452,0.6931471805599452
184,257,258,5,5,1,0.10150943100452423,0.6931471805599452,0.6931471805599452
184,258,259,5,5,1,0.099879290163517,0.6931471805599452,0.6931471805599452
184,259,260,5,5,1,0.10022464692592621,0.6931471805599452,0.6931471805599452
184,260,261,5,5,1,0.09966589361429215,0.6931471805599452,0.6931471805599452
184,261,262,5,5,1,0.1015197604894638,0.6931471805599452,0.6931471805599452
184,262,263,5,5,1,0.09996910244226456,0.6931471805599452,0.6931471805599452
184,263,264,6,6,1,0.10005753735701244,0.6931471805599452,0.6931471805599452
184,264,265,8,8,1,0.10029795859009027,0.6931471805599452,0.6931471805599452
184,265,266,8,8,1,0.10058211628347635,0.6931471805599452,0.6931471805599452
184,266,267,5,5,1,0.10056198686361313,0.6931471805599452,0.6931471805599452
184,267,268,5,5,1,0.1008579045534134,0.6931471805599452,0.6931471805599452
184,268,269,5,5,1,0.10154617428779603,0.6931471805599452,0.6931471805599452
184,269,270,5,5,1,0.09960385859012603,0.6931471805599452,0.6931471805599452
184,270,271,5,5,1,0.09998939484357834,0.6931471805599452,0.6931471805599452
184,271,272,5,5,1,0.10042727738618851,0.6931471805599452,0.6931471805599452
184,272,273,5,5,1,0.09739247858524322,0.6931471805599452,0.6931471805599452
184,273,274,7,7,1,0.09960102502788816,0.6931471805599452,0.6931471805599452
184,274,275,5,5,1,0.10236771553754806,0.6931471805599452,0.6931471805599452
184,275,276,5,5,1,0.10028056651353837,0.6931471805599452,0.6931471805599452
184,276,277,5,5,1,0.10060616731643676,0.6931471805599452,0.6931471805599452
184,277,278,5,5,1,0.10110903084278107,0.6931471805599452,0.6931471805599452
184,278,279,5,5,1,0.09317769408226013,0.6931471805599452,0.6931471805599452
184,279,280,5,5,1,0.09997685700654983,0.6931471805599452,0.6931471805599452
184,280,281,11,11,1,0.10283814573829825,0.6931471805599452,0.6931471805599452
184,281,282,5,5,1,0.1003800392150879,0.6931471805599452,0.6931471805599452
184,282,283,19,19,1,0.10086479390922345,0.6931471805599452,0.6931471805599452
184,283,284,6,6,1,0.0999017929037412,0.6931471805599452,0.6931471805599452
184,284,285,17,17,1,0.10158697033629698,0.6931471805599452,0.6931471805599452
184,285,286,16,16,1,0.10107416473329067,0.6931471805599452,0.6931471805599452
184,286,287,5,5,1,0.10074589550495147,0.6931471805599452,0.6931471805599452
184,287,288,5,5,1,0.10106658637523651,0.6931471805599452,0.6931471805599452
184,288,289,12,12,1,0.10996243357658386,0.6931471805599454,0.6931471805599452
184,289,290,5,5,1,0.10046383738517761,0.6931471805599452,0.6931471805599452
184,290,291,5,5,1,0.10289748013019562,0.6931471805599452,0.6931471805599452
184,291,292,5,5,1,0.10152443796396256,0.6931471805599452,0.6931471805599452
184,292,293,5,5,1,0.09935587197542191,0.6931471805599452,0.6931471805599452
184,293,294,5,5,1,0.10083063691854477,0.6931471805599452,0.6931471805599452
184,294,295,5,5,1,0.09925879538059235,0.6931471805599452,0.6931471805599452
184,295,296,13,13,1,0.1019937344468557,0.6931471805599452,0.6931471805599452
184,296,297,7,7,1,0.10119246797902244,0.6931471805599452,0.6931471805599452
184,297,298,5,5,1,0.09892490357160569,0.6931471805599452,0.6931471805599452
184,298,299,5,5,1,0.1004983589053154,0.6931471805599452,0.6931471805599452
184,299,300,5,5,1,0.1008371353149414,0.6931471805599452,0.6931471805599452
184,300,301,5,5,1,0.09958324879407883,0.6931471805599452,0.6931471805599452
184,301,302,5,5,1,0.10155019909143448,0.6931471805599452,0.6931471805599452
184,302,303,5,5,1,0.10037131607532501,0.6931471805599452,0.6931471805599452
184,303,304,5,5,1,0.10140983313322068,0.6931471805599452,0.6931471805599452
184,304,305,14,14,1,0.10369138579283442,0.6931471805599452,0.6931471805599452
184,305,306,9,9,1,0.10334778245952395,0.6931471805599452,0.6931471805599452
184,306,307,10,10,1,0.10230525285005569,0.6931471805599452,0.6931471805599452
184,307,308,10,10,1,0.10123275369405746,0.6931471805599452,0.6931471805599452
184,308,309,5,5,1,0.10291532725095749,0.6931471805599452,0.6931471805599452
184,309,310,15,15,1,0.11741687754789988,0.6931471805599454,0.6931471805599451
184,310,311,10,10,1,0.10469783470034599,0.6931471805599452,0.6931471805599452
184,311,312,5,5,1,0.10131904184818268,0.6931471805599452,0.6931471805599452
184,312,313,5,5,1,0.09210834428668022,0.6931471805599452,0.6931471805599452
184,313,314,17,17,1,0.10005410541506375,0.6931471805599452,0.6931471805599452
184,314,315,14,14,1,0.1011137387582234,0.6931471805599452,0.6931471805599452
184,315,316,5,5,1,0.11878095269203186,0.6931471805599452,0.6931471805599452
184,316,317,10,10,1,0.10437540635466576,0.6931471805599452,0.6931471805599451
184,317,318,18,18,1,0.10031039226386282,0.6931471805599452,0.6931471805599452
184,318,319,5,5,1,0.10060042589902878,0.6931471805599452,0.6931471805599452
184,319,320,5,5,1,0.10013337284326554,0.6931471805599452,0.6931471805599452
184,320,321,5,5,1,0.10079903453588486,0.6931471805599452,0.6931471805599452
184,321,322,5,5,1,0.10190557688474655,0.6931471805599452,0.6931471805599452
184,322,323,5,5,1,0.10557681620121002,0.6931471805599452,0.6931471805599452
184,323,324,6,6,1,0.10029738148053487,0.6931471805599452,0.6931471805599452
184,324,325,10,10,1,0.09672613851726056,0.6931471805599454,0.6931471805599452
184,325,326,5,5,1,0.10182958394289017,0.6931471805599452,0.6931471805599452
184,326,327,5,5,1,0.09603081047534942,0.6931471805599452,0.6931471805599452
184,327,328,14,14,1,0.09947561259780612,0.6931471805599452,0.6931471805599452
184,328,329,5,5,1,0.10743184685707093,0.6931471805599452,0.6931471805599452
184,329,330,16,16,1,0.10176250943914056,0.6931471805599452,0.6931471805599452
184,330,331,5,5,1,0.10120714157819748,0.6931471805599452,0.6931471805599452
184,331,332,14,14,1,0.10091870171683175,0.6931471805599452,0.6931471805599452
184,332,333,5,5,1,0.10421802550554275,0.6931471805599452,0.6931471805599452
184,333,334,20,20,1,0.10082046687602997,0.6931471805599452,0.6931471805599452
184,334,335,8,8,1,0.10129848681390285,0.6931471805599452,0.6931471805599452
184,335,336,12,12,1,0.10231519428392251,0.6931471805599452,0.6931471805599452
184,336,337,17,17,1,0.10074178085607641,0.6931471805599452,0.6931471805599452
184,337,338,11,11,1,0.10145780579610304,0.6931471805599452,0.6931471805599452
184,338,339,5,5,1,0.11136849969625473,0.6931471805599452,0.6931471805599452
184,339,340,14,14,1,0.10215553800974574,0.6931471805599452,0.6931471805599452
184,340,341,5,5,1,0.09919985830783844,0.6931471805599452,0.6931471805599452
184,341,342,16,16,1,0.10722262365743518,0.6931471805599452,0.6931471805599452
184,342,343,9,9,1,0.10039381931225459,0.6931471805599452,0.6931471805599452
184,343,344,5,5,1,0.10203427076339722,0.6931471805599452,0.6931471805599452
184,344,345,14,14,1,0.10086346258010183,0.6931471805599452,0.6931471805599452
184,345,346,17,17,1,0.10219365270698771,0.6931471805599452,0.6931471805599452
184,346,347,14,14,1,0.09975439682602882,0.6931471805599452,0.6931471805599452
184,347,348,13,13,1,0.0995821740764838,0.6931471805599454,0.6931471805599452
184,348,349,5,5,1,0.0994304358959198,0.6931471805599452,0.6931471805599452
184,349,350,10,10,1,0.1039787545800209,0.6931471805599452,0.6931471805599452
184,350,351,10,10,1,0.10201074481010437,0.6931471805599452,0.6931471805599452
184,351,352,7,7,1,0.09950538192476545,0.6931471805599452,0.6931471805599452
184,352,353,15,15,1,0.10057207594315211,0.6931471805599452,0.6931471805599452
184,353,354,5,5,1,0.09873372912406922,0.6931471805599452,0.6931471805599452
184,354,355,5,5,1,0.1096486821770668,0.6931471805599452,0.6931471805599452
184,355,356,11,11,1,0.09907538308338686,0.6931471805599452,0.6931471805599452
184,356,357,17,17,1,0.10033786165363648,0.6931471805599452,0.6931471805599452
184,357,358,12,12,1,0.09977642384668191,0.6931471805599454,0.6931471805599452
184,358,359,10,10,1,0.09941487461328506,0.6931471805599452,0.6931471805599452
184,359,360,18,18,1,0.10541656530565685,0.6931471805599452,0.6931471805599452
184,360,361,5,5,1,0.10201662629842759,0.6931471805599452,0.6931471805599452
184,361,362,14,14,1,0.1015839832169669,0.6931471805599452,0.6931471805599452
184,362,363,6,6,1,0.09840983152389526,0.6931471805599452,0.6931471805599452
184,363,364,5,5,1,0.10055863112211227,0.6931471805599452,0.6931471805599452
184,364,365,14,14,1,0.1010048905653613,0.6931471805599452,0.6931471805599452
184,365,366,5,5,1,0.1012975350022316,0.6931471805599452,0.6931471805599452
184,366,367,5,5,1,0.09921737015247345,0.6931471805599452,0.6931471805599452
184,367,368,7,7,1,0.10207655813012805,0.6931471805599452,0.6931471805599452
184,368,369,8,8,1,0.10175333078950644,0.6931471805599452,0.6931471805599452
184,369,370,8,8,1,0.10074540320783854,0.6931471805599452,0.6931471805599452
184,370,371,13,13,1,0.10228117956564976,0.6931471805599452,0.6931471805599452
184,371,372,27,27,1,0.10763123686666842,0.6931471805599452,0.6931471805599452
184,372,373,10,10,1,0.10152035877108574,0.6931471805599452,0.6931471805599452
184,373,374,9,9,1,0.09947844180795881,0.6931471805599452,0.6931471805599452
184,374,375,5,5,1,0.09930919110774994,0.6931471805599452,0.6931471805599452
184,375,376,5,5,1,0.09848426282405853,0.6931471805599452,0.6931471805599452
184,376,377,5,5,1,0.12327222526073456,0.6931471805599452,0.6931471805599452
184,377,378,5,5,1,0.10342375785112382,0.6931471805599452,0.6931471805599452
184,378,379,13,13,1,0.10243227046269637,0.6931471805599454,0.6931471805599452
184,379,380,18,18,1,0.10187453072932032,0.6931471805599452,0.6931471805599452
184,380,381,5,5,1,0.09925084710121154,0.6931471805599452,0.6931471805599452
184,381,382,5,5,1,0.10214314162731171,0.6931471805599452,0.6931471805599452
184,382,383,5,5,1,0.10981200635433197,0.6931471805599452,0.6931471805599452
184,383,384,5,5,1,0.09975815266370773,0.6931471805599452,0.6931471805599452
184,384,385,16,16,1,0.09788233507424593,0.6931471805599452,0.6931471805599452
184,385,386,8,8,1,0.10476884711533785,0.6931471805599452,0.6931471805599452
184,386,387,5,5,1,0.10051110237836838,0.6931471805599452,0.6931471805599452
184,387,388,18,18,1,0.10428375088506275,0.6931471805599452,0.6931471805599452
184,388,389,13,13,1,0.10033031896902965,0.6931471805599452,0.6931471805599452
184,389,390,5,5,1,0.12316774278879165,0.6931471805599452,0.6931471805599452
184,390,391,5,5,1,0.10185352265834809,0.6931471805599452,0.6931471805599452
184,391,392,5,5,1,0.10264267474412918,0.6931471805599452,0.6931471805599452
184,392,393,20,20,1,0.09921530224382877,0.6931471805599452,0.6931471805599452
184,393,394,6,6,1,0.09936658913890521,0.6931471805599452,0.6931471805599452
184,394,395,15,15,1,0.10270216663678487,0.6931471805599452,0.6931471805599452
184,395,396,13,13,1,0.10111139600093548,0.6931471805599454,0.6931471805599452
184,396,397,5,5,1,0.10051094591617585,0.6931471805599452,0.6931471805599452
184,397,398,16,16,1,0.151621722150594,0.5893905577105123,0.6921096143314509
184,398,399,5,5,1,0.09644101411104203,0.6931471805599452,0.6921096143314509
184,399,400,6,6,1,0.10072493056456248,0.6931471805599452,0.6921096143314509
184,400,401,11,11,1,0.10157170417633923,0.6931471805599452,0.6921096143314509
184,401,402,9,9,1,0.10026242252853182,0.6931471805599452,0.6921096143314509
184,402,403,5,5,1,0.09984270483255386,0.6931471805599452,0.6921096143314509
184,403,404,5,5,1,0.09576687216758728,0.6931471805599452,0.6921096143314509
184,404,405,7,7,1,0.10006804764270782,0.6931471805599452,0.6921096143314509
184,405,406,5,5,1,0.1001934602856636,0.6931471805599452,0.6921096143314509
184,406,407,5,5,1,0.11988476514816285,0.6931471805599452,0.6921096143314509
184,407,408,5,5,1,0.10427848994731903,0.6931471805599452,0.6921096143314509
184,408,409,15,15,1,0.10237681766351064,0.6931471805599452,0.6921096143314509
184,409,410,8,8,1,0.10226641967892647,0.6931471805599452,0.6921096143314509
184,410,411,5,5,1,0.09959764182567596,0.6931471805599452,0.6921096143314509
184,411,412,11,11,1,0.09941240671006116,0.6931471805599452,0.6921096143314509
184,412,413,5,5,1,0.0875577487051487,0.6931471805599452,0.6921096143314509
184,413,414,7,7,1,0.09979687950440816,0.6931471805599452,0.6921096143314509
184,414,415,5,5,1,0.11395643949508667,0.6931471805599452,0.6921096143314509
184,415,416,11,11,1,0.1009999926794659,0.6931471805599452,0.6921096143314509
184,416,417,5,5,1,0.16948846131563186,0.6931471805599452,0.6921096143314509
184,417,418,13,13,1,0.10227499329126798,0.6931471805599452,0.6921096143314509
184,418,419,7,7,1,0.1004268079996109,0.6931471805599452,0.6921096143314509
184,419,420,5,5,1,0.10061991661787033,0.6931471805599452,0.6921096143314509
184,420,421,13,13,1,0.10227153163689834,0.6931471805599452,0.6921096143314509
184,421,422,5,5,1,0.09684805870056153,0.6931471805599452,0.6921096143314509
184,422,423,6,6,1,0.10275258496403694,0.6931471805599452,0.6921096143314509
184,423,424,22,22,1,0.11986531791361896,0.6931471805599452,0.6921096143314507
184,424,425,13,13,1,0.10032578385793246,0.6931471805599452,0.6921096143314509
184,425,426,12,12,1,0.11456235249837239,0.6931471805599454,0.6921096143314509
184,426,427,11,11,1,0.10123884813352065,0.6931471805599452,0.6921096143314509
184,427,428,5,5,1,0.09944924712181091,0.6931471805599452,0.6921096143314509
184,428,429,5,5,1,0.10051316022872925,0.6931471805599452,0.6921096143314509
184,429,430,17,17,1,0.11592037362210891,0.6931471805599452,0.6921096143314509
184,430,431,5,5,1,0.10014227628707886,0.6931471805599452,0.6921096143314507
184,431,432,11,11,1,0.1020393730564551,0.6931471805599452,0.6921096143314509
184,432,433,5,5,1,0.09964967519044876,0.6931471805599452,0.6921096143314509
184,433,434,16,16,1,0.09906722093001008,0.6931471805599452,0.6921096143314509
184,434,435,5,5,1,0.09100098982453346,0.6931471805599452,0.6921096143314509
184,435,436,5,5,1,0.10280617028474807,0.6931471805599452,0.6921096143314509
184,436,437,5,5,1,0.10579251497983932,0.6931471805599452,0.6921096143314509
184,437,438,6,6,1,0.10462063550949097,0.6931471805599452,0.6921096143314507
184,438,439,5,5,1,0.09871407896280289,0.6931471805599452,0.6921096143314509
184,439,440,9,9,1,0.1008725439508756,0.6931471805599452,0.6921096143314509
184,440,441,17,17,1,0.10032796070856206,0.6931471805599452,0.6921096143314509
184,441,442,13,13,1,0.1007016862814243,0.6931471805599454,0.6921096143314509
184,442,443,13,13,1,0.10085356063567676,0.6931471805599452,0.6921096143314509
184,443,444,8,8,1,0.10244543757289648,0.6931471805599452,0.6921096143314509
184,444,445,5,5,1,0.09905838817358018,0.6931471805599452,0.6921096143314507
184,445,446,16,16,1,0.1016937280073762,0.6931471805599452,0.6921096143314509
184,446,447,5,5,1,0.15755398869514464,0.6931471805599452,0.6921096143314509
184,447,448,5,5,1,0.09990679770708084,0.6931471805599452,0.6921096143314509
184,448,449,10,10,1,0.10097262933850289,0.6931471805599452,0.6921096143314509
184,449,450,19,19,1,0.09913192767845957,0.6931471805599452,0.6921096143314509
184,450,451,5,5,1,0.09640903025865555,0.6931471805599452,0.6921096143314509
184,451,452,5,5,1,0.09837759584188462,0.6931471805599452,0.6921096143314509
184,452,453,8,8,1,0.10857231914997101,0.6931471805599452,0.6921096143314509
184,453,454,5,5,1,0.10024598240852356,0.6931471805599452,0.6921096143314509
184,454,455,24,24,1,0.10782505137224992,0.6931471805599452,0.6921096143314509
184,455,456,9,9,1,0.09929595804876751,0.6931471805599452,0.6921096143314509
184,456,457,5,5,1,0.10137130469083785,0.6931471805599452,0.6921096143314509
184,457,458,5,5,1,0.08984355628490448,0.6931471805599452,0.6921096143314509
184,458,459,9,9,1,0.10064843048652013,0.6931471805599452,0.6921096143314509
184,459,460,12,12,1,0.09812733096381028,0.6931471805599452,0.6921096143314509
184,460,461,5,5,1,0.0893754169344902,0.6931471805599452,0.6921096143314509
184,461,462,19,19,1,0.10121487826108932,0.6931471805599452,0.6921096143314509
184,462,463,8,8,1,0.10051549132913351,0.6931471805599452,0.6921096143314509
184,463,464,19,19,1,0.10446802487498835,0.6931471805599452,0.6921096143314509
184,464,465,5,5,1,0.1007358193397522,0.6931471805599452,0.6921096143314509
184,465,466,19,19,1,0.11274201383716181,0.6931471805599452,0.6921096143314509
184,466,467,8,8,1,0.10022169351577759,0.6931471805599452,0.6921096143314507
184,467,468,5,5,1,0.10138803869485855,0.6931471805599452,0.6921096143314509
184,468,469,20,20,1,0.10034056529402732,0.6931471805599452,0.6921096143314509
184,469,470,19,19,1,0.1003161578586227,0.6931471805599452,0.6921096143314509
184,470,471,15,15,1,0.10546949754158656,0.6931471805599452,0.6921096143314509
184,471,472,5,5,1,0.09034831598401069,0.6931471805599452,0.6921096143314509
184,472,473,6,6,1,0.10178206115961075,0.6931471805599452,0.6921096143314509
184,473,474,8,8,1,0.10159952472895384,0.6931471805599452,0.6921096143314507
184,474,475,5,5,1,0.10273573696613311,0.6931471805599452,0.6921096143314509
184,475,476,10,10,1,0.1457571916282177,0.6928983647594669,0.6921071261734462
184,476,477,5,5,1,0.09901436716318131,0.6931471805599452,0.6921071261734462
184,477,478,14,14,1,0.10382355802825519,0.6931471805599452,0.6921071261734462
184,478,479,17,17,1,0.0997194511925473,0.6931471805599452,0.6921071261734459
184,479,480,7,7,1,0.10187548292534691,0.6931471805599452,0.6921071261734459
184,480,481,10,10,1,0.09837083891034126,0.6931471805599452,0.6921071261734459
184,481,482,5,5,1,0.10075324177742004,0.6931471805599452,0.6921071261734462
184,482,483,15,15,1,0.10718889087438584,0.6931471805599454,0.6921071261734462
184,483,484,6,6,1,0.1001932422320048,0.6931471805599452,0.6921071261734462
184,484,485,5,5,1,0.10121944844722748,0.6931471805599452,0.6921071261734462
184,485,486,14,14,1,0.1678670056696449,0.6923550098053524,0.6920992044659002
184,486,487,20,20,1,0.09954133331775665,0.6931471805599452,0.6920992044659
184,487,488,8,8,1,0.0990013899281621,0.6931471805599452,0.6920992044659
184,488,489,7,7,1,0.10063183946268899,0.6931471805599452,0.6920992044659002
184,489,490,5,5,1,0.14202268719673156,0.6931471805599452,0.6920992044659002
184,490,491,5,5,1,0.196261627972126,0.6931471805599452,0.6920992044659002
184,491,492,9,9,1,0.10262150565783183,0.6931471805599452,0.6920992044659002
184,492,493,5,5,1,0.09830903708934784,0.6931471805599452,0.6920992044659002
184,493,494,5,5,1,0.10045504719018936,0.6931471805599452,0.6920992044659
184,494,495,8,8,1,0.10098605044186115,0.6931471805599452,0.6920992044659
184,495,496,9,9,1,0.10007866803142759,0.6931471805599452,0.6920992044659002
184,496,497,6,6,1,0.09933453425765038,0.6931471805599452,0.6920992044659002
184,497,498,5,5,1,0.09470845460891723,0.6931471805599452,0.6931367706943945
184,498,499,13,13,1,0.10013985691162255,0.6931471805599452,0.6931367706943945
184,499,500,8,8,1,0.09828296862542629,0.6931471805599452,0.6931367706943945
184,500,501,5,5,1,0.09985912442207337,0.6931471805599452,0.6931367706943944
184,501,502,13,13,1,0.10086895468143317,0.6931471805599452,0.6931367706943945
184,502,503,5,5,1,0.09958134293556213,0.6931471805599452,0.6931367706943945
184,503,504,5,5,1,0.09789959043264389,0.6931471805599452,0.6931367706943945
184,504,505,18,18,1,0.14767010923888949,0.684281352141643,0.6930481124102115
184,505,506,9,9,1,0.10028408467769623,0.6931471805599452,0.6930481124102115
184,506,507,7,7,1,0.10044161017451968,0.6931471805599452,0.6930481124102115
184,507,508,18,18,1,0.11858728238277966,0.6931471805599452,0.6930481124102115
184,508,509,8,8,1,0.09969358053058386,0.6931471805599452,0.6930481124102115
184,509,510,10,10,1,0.12397907301783562,0.6931471805599452,0.6930481124102116
184,510,511,8,8,1,0.10241614747792482,0.6931471805599452,0.6930481124102115
184,511,512,6,6,1,0.10087056457996368,0.6931471805599452,0.6930481124102115
184,512,513,18,18,1,0.10235715616080496,0.6931471805599452,0.6930481124102115
184,513,514,10,10,1,0.10049127787351608,0.6931471805599452,0.6930481124102115
184,514,515,11,11,1,0.10059935328635303,0.6931471805599452,0.6930481124102115
184,515,516,12,12,1,0.0995699508736531,0.6931471805599452,0.6930481124102115
184,516,517,5,5,1,0.22790278047323226,0.6926495489589883,0.6930431360942019
184,517,518,10,10,1,0.09889199286699295,0.6931471805599452,0.6930431360942019
184,518,519,6,6,1,0.1002875380218029,0.6931471805599452,0.6930431360942019
184,519,520,15,15,1,0.10084100067615509,0.6931471805599452,0.6930431360942019
184,520,521,19,19,1,0.10678699377336,0.6931471805599452,0.6930431360942019
184,521,522,5,5,1,0.10149458795785904,0.6931471805599452,0.6930431360942018
184,522,523,5,5,1,0.15356549769639968,0.6931471805599452,0.6930431360942018
184,523,524,5,5,1,0.09047526195645332,0.6931471805599452,0.6930431360942019
184,524,525,21,21,1,0.09925731803689684,0.6931471805599452,0.6930431360942019
184,525,526,5,5,1,0.1054961696267128,0.6931471805599452,0.6930431360942019
184,526,527,19,19,1,0.0995696822279378,0.6931471805599452,0.6930431360942019
184,527,528,5,5,1,0.09850228130817414,0.6931471805599452,0.6930431360942019
184,528,529,8,8,1,0.09846766199916601,0.6931471805599452,0.6930431360942018
184,529,530,5,5,1,0.09309322237968445,0.6931471805599452,0.6930431360942018
184,530,531,5,5,1,0.10648556351661682,0.6931471805599452,0.6930431360942019
184,531,532,5,5,1,0.09911475032567978,0.6931471805599452,0.6930431360942019
184,532,533,21,21,1,0.09997870524724324,0.6931471805599452,0.6930431360942019
184,533,534,10,10,1,0.1007973313331604,0.6931471805599452,0.6930431360942019
184,534,535,5,5,1,0.10088304132223129,0.6931471805599452,0.6930431360942019
184,535,536,8,8,1,0.1004686439409852,0.6931471805599452,0.6930431360942018
184,536,537,9,9,1,0.09980959031316969,0.6931471805599452,0.6930431360942018
184,537,538,16,16,1,0.09995062975212932,0.6931471805599452,0.6930431360942019
184,538,539,15,15,1,0.1006150503953298,0.6931471805599452,0.6930431360942019
184,539,540,5,5,1,0.10064981877803802,0.6931471805599452,0.6930431360942019
184,540,541,13,13,1,0.0991426115998855,0.6931471805599452,0.6930431360942019
184,541,542,5,5,1,0.09254198223352432,0.6931471805599452,0.6930431360942019
184,542,543,16,16,1,0.09957345155999064,0.6931471805599452,0.6930431360942019
184,543,544,5,5,1,0.1016675278544426,0.6931471805599452,0.6930431360942018
184,544,545,5,5,1,0.10002709478139878,0.6931471805599452,0.6930431360942019
184,545,546,5,5,1,0.09951822757720948,0.6931471805599452,0.6930431360942019
184,546,547,6,6,1,0.09918348863720894,0.6931471805599452,0.6930431360942019
184,547,548,5,5,1,0.10068773627281188,0.6931471805599452,0.6930431360942019
184,548,549,9,9,1,0.10096869203779432,0.6931471805599452,0.6930431360942019
184,549,550,13,13,1,0.09958897416408245,0.6931471805599454,0.6930431360942019
184,550,551,16,16,1,0.10100963432341814,0.6931471805599452,0.6930431360942018
184,551,552,9,9,1,0.10532646709018284,0.6931471805599452,0.6930431360942018
184,552,553,7,7,1,0.10146750403302056,0.6931471805599452,0.6930431360942019
184,553,554,18,18,1,0.09801074945264393,0.6931471805599452,0.6930431360942019
184,554,555,21,21,1,0.09967958501407079,0.6931471805599452,0.6930431360942019
184,555,556,9,9,1,0.10027081022659938,0.6931471805599452,0.6930431360942019
184,556,557,10,10,1,0.10162715092301369,0.6931471805599452,0.6930431360942019
184,557,558,5,5,1,0.09670516550540924,0.6931471805599452,0.6930431360942018
184,558,559,14,14,1,0.0968304340328489,0.6931471805599452,0.6930431360942018
184,559,560,16,16,1,0.10330400243401527,0.6931471805599452,0.6930431360942019
184,560,561,11,11,1,0.10033321651545438,0.6931471805599452,0.6930431360942019
184,561,562,8,8,1,0.1005124393850565,0.6931471805599452,0.6930431360942019
184,562,563,7,7,1,0.10087708383798599,0.6931471805599452,0.6930431360942019
184,563,564,6,6,1,0.10011979192495346,0.6931471805599452,0.6930431360942019
184,564,565,11,11,1,0.09934400767087936,0.6931471805599452,0.6930431360942018
184,565,566,15,15,1,0.09879676053921381,0.6931471805599452,0.6930431360942018
184,566,567,12,12,1,0.10078360574940841,0.6931471805599452,0.6930431360942019
184,567,568,5,5,1,0.191788549721241,0.6926495489589883,0.6930381597781924
184,568,569,12,12,1,0.10041287541389465,0.6931471805599452,0.6930381597781923
184,569,570,16,16,1,0.099437540397048,0.6931471805599452,0.6930381597781923
184,570,571,5,5,1,0.1005261093378067,0.6931471805599452,0.6930381597781923
184,571,572,5,5,1,0.10115937739610673,0.6931471805599452,0.6930381597781923
184,572,573,8,8,1,0.10037695430219173,0.6931471805599452,0.6930381597781923
184,573,574,18,18,1,0.1110031542678674,0.6931471805599452,0.6930381597781924
184,574,575,5,5,1,0.09900141954421997,0.6931471805599452,0.6930381597781924
184,575,576,10,10,1,0.09389888420701027,0.6931471805599452,0.693040647936197
184,576,577,9,9,1,0.12323769761456384,0.6931471805599452,0.693040647936197
184,577,578,13,13,1,0.10426567036371964,0.6931471805599454,0.693040647936197
184,578,579,5,5,1,0.10013840198516846,0.6931471805599452,0.6930406479361971
184,579,580,18,18,1,0.11518388821019067,0.6931471805599452,0.6930406479361971
184,580,581,8,8,1,0.10112974420189857,0.6931471805599452,0.6930406479361971
184,581,582,11,11,1,0.10082853788679297,0.6931471805599452,0.6930406479361971
184,582,583,7,7,1,0.0999260778938021,0.6931471805599452,0.693040647936197
184,583,584,14,14,1,0.09945034714681762,0.6931471805599452,0.693040647936197
184,584,585,10,10,1,0.0979989156126976,0.6931471805599452,0.693040647936197
184,585,586,9,9,1,0.10076233579052819,0.6931471805599452,0.693048569643743
184,586,587,10,10,1,0.09861850813031196,0.6931471805599452,0.6930485696437431
184,587,588,13,13,1,0.09979332754245171,0.6931471805599454,0.6930485696437431
184,588,589,5,5,1,0.10017183870077133,0.6931471805599452,0.6930485696437431
184,589,590,6,6,1,0.09993440782030423,0.6931471805599452,0.693048569643743
184,590,591,11,11,1,0.09826431558890776,0.6931471805599452,0.693048569643743
184,591,592,9,9,1,0.09946761031945546,0.6931471805599452,0.693048569643743
184,592,593,9,9,1,0.1001169193122122,0.6931471805599452,0.693048569643743
184,593,594,9,9,1,0.1013560112979677,0.6931471805599452,0.6930485696437431
184,594,595,10,10,1,0.10010369271039962,0.6931471805599452,0.6930485696437431
184,595,596,13,13,1,0.09852264248407804,0.6931471805599452,0.6930485696437431
184,596,597,9,9,1,0.10020462257994546,0.6931471805599452,0.6930485696437431
184,597,598,11,11,1,0.09911251813173294,0.6931471805599452,0.693048569643743
184,598,599,10,10,1,0.09939875528216362,0.6931471805599452,0.693048569643743
184,599,600,13,13,1,0.10533525909368809,0.6931471805599452,0.693048569643743
184,600,601,10,10,1,0.10231334790587425,0.6931471805599454,0.6930485696437431
184,601,602,11,11,1,0.101574761623686,0.6931471805599452,0.6930485696437431
184,602,603,19,19,1,0.10026924861104865,0.6931471805599452,0.6930485696437431
184,603,604,9,9,1,0.10110622727208668,0.6931471805599452,0.6930485696437431
184,604,605,10,10,1,0.09965704679489136,0.6931471805599452,0.693137227927926
184,605,606,6,6,1,0.09974970792730649,0.6931471805599452,0.693137227927926
184,606,607,10,10,1,0.10083838105201721,0.6931471805599452,0.693137227927926
184,607,608,9,9,1,0.10024749487638474,0.6931471805599452,0.693137227927926
184,608,609,18,18,1,0.10463281017210749,0.6931471805599452,0.693137227927926
184,609,610,21,21,1,0.09943447900669915,0.6931471805599452,0.693137227927926
184,610,611,5,5,1,0.09836777150630951,0.6931471805599452,0.6931372279279262
184,611,612,12,12,1,0.10066647455096245,0.6931471805599452,0.693137227927926
184,612,613,14,14,1,0.10114384070038795,0.6931471805599452,0.693137227927926
184,613,614,14,14,1,0.101347666233778,0.6931471805599452,0.693137227927926
184,614,615,8,8,1,0.10013418737798929,0.6931471805599452,0.693137227927926
184,615,616,10,10,1,0.1002200797200203,0.6931471805599452,0.693137227927926
184,616,617,8,8,1,0.10076140984892845,0.6931471805599452,0.6931422042439357
184,617,618,8,8,1,0.10050997696816921,0.6931471805599452,0.6931422042439357
184,618,619,8,8,1,0.09880216978490353,0.6931471805599452,0.6931422042439356
184,619,620,10,10,1,0.09993782117962838,0.6931471805599452,0.6931422042439356
184,620,621,5,5,1,0.0979993462562561,0.6931471805599452,0.6931422042439356
184,621,622,5,5,1,0.1012287586927414,0.6931471805599452,0.6931422042439357
184,622,623,19,19,1,0.10026210703347858,0.6931471805599452,0.6931422042439357
184,623,624,9,9,1,0.10055955499410629,0.6931471805599452,0.6931422042439357
184,624,625,7,7,1,0.10003931926829475,0.6931471805599452,0.6931422042439357
184,625,626,14,14,1,0.10526451947433609,0.6931471805599452,0.6931422042439356
184,626,627,22,22,1,0.10161346942186356,0.6931471805599452,0.6931422042439356
184,627,628,8,8,1,0.10044518392533064,0.6931471805599452,0.6931422042439356
184,628,629,5,5,1,0.1032349243760109,0.6931471805599452,0.6931422042439357
184,629,630,19,19,1,0.10038111633376072,0.6931471805599452,0.6931422042439357
184,630,631,20,20,1,0.10590356551110744,0.6931471805599452,0.6931422042439357
184,631,632,5,5,1,0.10175628066062928,0.6931471805599452,0.6931422042439357
184,632,633,9,9,1,0.09948427230119705,0.6931471805599452,0.6931422042439356
184,633,634,10,10,1,0.10505473539233208,0.6931471805599452,0.6931422042439356
184,634,635,21,21,1,0.10142023506618682,0.6931471805599452,0.6931422042439356
184,635,636,8,8,1,0.09705220442265272,0.6931471805599452,0.6931422042439357
184,636,637,11,11,1,0.09941549599170685,0.6931471805599452,0.6931422042439357
184,637,638,17,17,1,0.10492239278905532,0.6931471805599452,0.6931422042439357
184,638,639,8,8,1,0.1006596740335226,0.6931471805599452,0.6931422042439357
184,639,640,10,10,1,0.10074826329946518,0.6931471805599452,0.6931422042439356
184,640,641,16,16,1,0.10960618872195482,0.6931471805599452,0.6931422042439356
184,641,642,5,5,1,0.1001086637377739,0.6931471805599452,0.6931422042439356
184,642,643,5,5,1,0.10166043341159821,0.6931471805599452,0.6931422042439356
184,643,644,10,10,1,0.10053236857056617,0.6931471805599452,0.6931422042439357
184,644,645,13,13,1,0.1002868740604474,0.6931471805599454,0.6931422042439357
184,645,646,5,5,1,0.09732123464345932,0.6931471805599452,0.6931422042439357
184,646,647,13,13,1,0.10004533884616998,0.6931471805599452,0.6931422042439357
184,647,648,5,5,1,0.10064757317304611,0.6931471805599452,0.6931422042439356
184,648,649,5,5,1,0.10280870944261551,0.6931471805599452,0.6931422042439356
184,649,650,9,9,1,0.10112694236967298,0.6931471805599452,0.6931422042439356
184,650,651,18,18,1,0.14886129109395874,0.6104411638564513,0.6923151440769008
184,651,652,6,6,1,0.10038834437727928,0.6931471805599452,0.6923151440769008
184,652,653,16,16,1,0.10102320415899158,0.6931471805599452,0.6923151440769008
184,653,654,22,22,1,0.10569204931909387,0.6931471805599452,0.6923151440769008
184,654,655,22,22,1,0.09990721907127988,0.6931471805599452,0.6923151440769008
184,655,656,10,10,1,0.09835450500249862,0.6931471805599452,0.6923151440769005
184,656,657,23,23,1,0.10091975849607716,0.6931471805599452,0.6923151440769005
184,657,658,10,10,1,0.09903710708022118,0.6931471805599452,0.6923151440769008
184,658,659,9,9,1,0.10018148356013828,0.6931471805599452,0.6923151440769008
184,659,660,5,5,1,0.09891557842493057,0.6931471805599452,0.6923151440769008
184,660,661,12,12,1,0.10030090312163036,0.6931471805599452,0.6923151440769008
184,661,662,9,9,1,0.1017218248711692,0.6931471805599452,0.6923151440769008
184,662,663,10,10,1,0.1012009009718895,0.6931471805599452,0.6923151440769005
184,663,664,11,11,1,0.10085807469758121,0.6931471805599452,0.6923151440769005
184,664,665,12,12,1,0.0990291927009821,0.6931471805599454,0.6923151440769008
184,665,666,5,5,1,0.1003483235836029,0.6931471805599452,0.6923151440769008
184,666,667,5,5,1,0.10146939754486084,0.6931471805599452,0.6923151440769008
184,667,668,11,11,1,0.10058905929327011,0.6931471805599452,0.6923201203929102
184,668,669,12,12,1,0.09958587028086185,0.6931471805599452,0.6923201203929104
184,669,670,7,7,1,0.10202639869281224,0.6931471805599452,0.6923201203929104
184,670,671,12,12,1,0.0998509010920922,0.6931471805599454,0.6923201203929102
184,671,672,7,7,1,0.09905761693205152,0.6931471805599452,0.6923201203929102
184,672,673,7,7,1,0.1001417019537517,0.6931471805599452,0.6923201203929102
184,673,674,5,5,1,0.09567929059267044,0.6931471805599452,0.6923201203929102
184,674,675,9,9,1,0.10123803549342686,0.6931471805599452,0.6923201203929102
184,675,676,8,8,1,0.1013331301510334,0.6931471805599452,0.6923201203929104
184,676,677,5,5,1,0.10417757034301758,0.6931471805599452,0.6923201203929104
184,677,678,8,8,1,0.09904082771390676,0.6931471805599452,0.6923201203929102
184,678,679,10,10,1,0.10110756605863572,0.6931471805599452,0.6923201203929102
184,679,680,11,11,1,0.10397093336690556,0.6931471805599452,0.6923201203929102
184,680,681,8,8,1,0.09485671389847994,0.6931471805599452,0.6923201203929102
184,681,682,9,9,1,0.11400713357660505,0.6931471805599452,0.6923201203929102
184,682,683,5,5,1,0.10055219531059265,0.6931471805599452,0.6923201203929104
184,683,684,5,5,1,0.10236717909574508,0.6931471805599452,0.6923201203929104
184,684,685,5,5,1,0.10105019062757492,0.6931471805599452,0.6923201203929102
184,685,686,11,11,1,0.10048947483301163,0.6931471805599452,0.6923201203929102
184,686,687,12,12,1,0.10095023736357689,0.6931471805599454,0.6923201203929102
184,687,688,5,5,1,0.10114792138338088,0.6931471805599452,0.6923201203929102
184,688,689,11,11,1,0.10060990466312929,0.6931471805599452,0.6923201203929102
184,689,690,9,9,1,0.09673589302433862,0.6931471805599452,0.6923201203929104
184,690,691,5,5,1,0.10122259259223938,0.6931471805599452,0.6923201203929104
184,691,692,5,5,1,0.10151018649339676,0.6931471805599452,0.6923201203929102
184,692,693,8,8,1,0.10130319651216269,0.6931471805599452,0.6923201203929102
184,693,694,11,11,1,0.1002424115484411,0.6931471805599452,0.6923201203929102
184,694,695,14,14,1,0.10105849323528153,0.6931471805599452,0.6923201203929102
184,695,696,5,5,1,0.10105101019144058,0.6931471805599452,0.6923201203929102
184,696,697,8,8,1,0.09903481230139732,0.6931471805599452,0.6923201203929102
184,697,698,10,10,1,0.10050171539187432,0.6931471805599452,0.6923201203929104
184,698,699,9,9,1,0.13229541728893915,0.6931471805599452,0.6923201203929102
184,699,700,5,5,1,0.10330648869276046,0.6931471805599452,0.6923201203929102
184,700,701,10,10,1,0.10255745053291321,0.6931471805599452,0.6923201203929102
184,701,702,8,8,1,0.1026843125000596,0.6931471805599452,0.6923201203929102
184,702,703,10,10,1,0.10347921773791313,0.6931471805599454,0.6923201203929102
184,703,704,10,10,1,0.1011534385383129,0.6931471805599452,0.6923201203929102
184,704,705,10,10,1,0.10123070329427719,0.6931471805599452,0.6923201203929104
184,705,706,6,6,1,0.10428062453866005,0.6931471805599452,0.6923201203929104
184,706,707,11,11,1,0.10320096598430113,0.6931471805599452,0.6923201203929102
184,707,708,5,5,1,0.10039273500442505,0.6931471805599452,0.6923201203929102
184,708,709,5,5,1,0.10102084130048752,0.6931471805599452,0.6923201203929102
184,709,710,9,9,1,0.09869030283557044,0.6931471805599452,0.6923201203929102
184,710,711,7,7,1,0.10196753910609654,0.6931471805599452,0.6923201203929102
184,711,712,5,5,1,0.10254112631082535,0.6931471805599452,0.6923201203929104
184,712,713,11,11,1,0.10345651412552054,0.6931471805599452,0.6923201203929104
184,713,714,5,5,1,0.10150086730718613,0.6931471805599452,0.6923201203929102
184,714,715,14,14,1,0.10228624886700086,0.6931471805599452,0.6923201203929102
184,715,716,12,12,1,0.10097043464581172,0.6931471805599452,0.6923201203929102
184,716,717,5,5,1,0.10156191438436508,0.6931471805599452,0.6923201203929102
184,717,718,8,8,1,0.10146138910204172,0.6931471805599452,0.6923201203929102
184,718,719,7,7,1,0.10126640221902303,0.6931471805599452,0.6923201203929104
184,719,720,11,11,1,0.10125785185532137,0.6931471805599452,0.6923201203929104
184,720,721,5,5,1,0.10096360445022583,0.6931471805599452,0.6923201203929102
184,721,722,9,9,1,0.10048054158687592,0.6931471805599452,0.6923201203929102
184,722,723,6,6,1,0.10266263162096341,0.6931471805599452,0.6923201203929102
184,723,724,5,5,1,0.09962942749261856,0.6931471805599452,0.6923201203929102
184,724,725,9,9,1,0.10083953787883122,0.6931471805599452,0.6923201203929102
184,725,726,7,7,1,0.10224166618926185,0.6931471805599452,0.6923201203929104
184,726,727,10,10,1,0.10173351094126701,0.6931471805599452,0.6923201203929104
184,727,728,6,6,1,0.10160384078820546,0.6931471805599452,0.6923201203929102
184,728,729,10,10,1,0.10247096195816993,0.6931471805599452,0.6923201203929102
184,729,730,6,6,1,0.10153542459011078,0.6931471805599452,0.6923201203929102
184,730,731,8,8,1,0.1023007845506072,0.6931471805599452,0.6923201203929102
184,731,732,11,11,1,0.10161681337790056,0.6931471805599452,0.6923201203929102
184,732,733,9,9,1,0.09980230861239964,0.6931471805599452,0.6923201203929104
184,733,734,12,12,1,0.09964214886228244,0.6931471805599452,0.6923201203929104
184,734,735,9,9,1,0.10292136006885105,0.6931471805599452,0.6923201203929102
184,735,736,5,5,1,0.10124636888504028,0.6931471805599452,0.6923201203929102
184,736,737,5,5,1,0.1049298569560051,0.6931471805599452,0.6923201203929102
184,737,738,12,12,1,0.10068150299290816,0.6931471805599452,0.6923201203929102
184,738,739,5,5,1,0.10271497368812561,0.6931471805599452,0.6923201203929102
184,739,740,5,5,1,0.10296290665864945,0.6931471805599452,0.6923201203929104
184,740,741,6,6,1,0.101537740478913,0.6931471805599452,0.6923201203929104
184,741,742,9,9,1,0.10061892784304088,0.6931471805599452,0.6923201203929102
184,742,743,12,12,1,0.15166055845717588,0.6929037406027952,0.6923176859933388
184,743,744,8,8,1,0.10161853395402431,0.6931471805599452,0.6923176859933388
184,744,745,8,8,1,0.16547822020947933,0.6931471805599452,0.6923176859933388
184,745,746,15,15,1,0.09935461978117625,0.6931471805599452,0.6923176859933388
184,746,747,9,9,1,0.10313324133555095,0.6931471805599452,0.6923176859933386
184,747,748,9,9,1,0.10049250970284145,0.6931471805599452,0.6923176859933388
184,748,749,9,9,1,0.10857044491502973,0.6931471805599452,0.6923176859933388
184,749,750,5,5,1,0.10012688338756562,0.6931471805599452,0.6923176859933388
184,750,751,11,11,1,0.09990264610810713,0.6931471805599452,0.6931447461603737
184,751,752,5,5,1,0.10096452087163925,0.6931471805599452,0.6931447461603737
184,752,753,8,8,1,0.10032827593386173,0.6931471805599452,0.6931447461603737
184,753,754,5,5,1,0.10169096887111664,0.6931471805599452,0.6931447461603736
184,754,755,11,11,1,0.10034990581599149,0.6931471805599452,0.6931447461603736
184,755,756,5,5,1,0.09655100256204605,0.6931471805599452,0.6931447461603737
184,756,757,11,11,1,0.10120673409917137,0.6931471805599452,0.6931447461603737
184,757,758,11,11,1,0.10235237194733186,0.6931471805599452,0.6931447461603737
184,758,759,11,11,1,0.10288779166611758,0.6931471805599452,0.6931447461603737
184,759,760,5,5,1,0.1360868513584137,0.6931471805599452,0.6931447461603737
184,760,761,7,7,1,0.14896084793976375,0.6931471805599452,0.6931447461603736
184,761,762,12,12,1,0.10260729429622491,0.6931471805599452,0.6931447461603736
184,762,763,5,5,1,0.10174828618764878,0.6931471805599452,0.6931447461603737
184,763,764,6,6,1,0.1015414446592331,0.6931471805599452,0.6931447461603737
184,764,765,5,5,1,0.09935337901115418,0.6931471805599452,0.6931447461603737
184,765,766,5,5,1,0.09602764695882797,0.6931471805599452,0.6931447461603737
184,766,767,6,6,1,0.10013164828221004,0.6931471805599452,0.6931447461603737
184,767,768,11,11,1,0.10797845436768098,0.6931471805599452,0.6931447461603736
184,768,769,5,5,1,0.10001072734594345,0.6931471805599452,0.6931447461603736
184,769,770,9,9,1,0.10108763890133964,0.6931471805599452,0.6931447461603736
184,770,771,5,5,1,0.0988636627793312,0.6931471805599452,0.6931447461603737
184,771,772,11,11,1,0.10254499993541023,0.6931471805599452,0.6931447461603737
184,772,773,10,10,1,0.10169789046049119,0.6931471805599452,0.6931447461603737
184,773,774,5,5,1,0.10238154381513595,0.6931471805599452,0.6931447461603737
184,774,775,5,5,1,0.1012269139289856,0.6931471805599452,0.6931447461603736
184,775,776,10,10,1,0.09943625330924988,0.6931471805599452,0.6931447461603736
184,776,777,10,10,1,0.09989400580525398,0.6931471805599452,0.6931447461603736
184,777,778,9,9,1,0.10184416671593984,0.6931471805599452,0.6931447461603737
184,778,779,14,14,1,0.10606925189495087,0.6931471805599452,0.6931447461603737
184,779,780,5,5,1,0.10667944103479385,0.6931471805599452,0.6931447461603737
184,780,781,5,5,1,0.10535136312246322,0.6931471805599452,0.6931447461603737
184,781,782,13,13,1,0.10090759224616565,0.6931471805599454,0.6931447461603737
184,782,783,5,5,1,0.1002244308590889,0.6931471805599452,0.6931447461603736
184,783,784,5,5,1,0.09629062563180923,0.6931471805599452,0.6931447461603736
184,784,785,8,8,1,0.10256242379546165,0.6931471805599452,0.6931447461603737
184,785,786,5,5,1,0.09984321594238281,0.6931471805599452,0.6931447461603737
184,786,787,9,9,1,0.1016461013091935,0.6931471805599452,0.6931447461603737
184,787,788,11,11,1,0.10140337117693642,0.6931471805599452,0.6931447461603737
184,788,789,5,5,1,0.09778388142585755,0.6931471805599452,0.6931447461603737
184,789,790,16,16,1,0.1013005431741476,0.6931471805599452,0.6931447461603736
184,790,791,5,5,1,0.10075237154960633,0.6931471805599452,0.6931447461603736
184,791,792,5,5,1,0.09909027516841888,0.6931471805599452,0.6931447461603737
184,792,793,12,12,1,0.10091607334713142,0.6931471805599452,0.6931447461603737
184,793,794,11,11,1,0.10053183815696022,0.6931471805599452,0.6931447461603737
184,794,795,11,11,1,0.10161103714596141,0.6931471805599452,0.6931447461603737
184,795,796,5,5,1,0.10077828615903854,0.6931471805599452,0.6931447461603737
184,796,797,5,5,1,0.10603149682283401,0.6931471805599452,0.6931447461603736
184,797,798,15,15,1,0.1401449039578438,0.6931471805599452,0.6931447461603736
184,798,799,8,8,1,0.10233824979513884,0.6931471805599452,0.6931447461603737
184,799,800,15,15,1,0.10039436668157578,0.6931471805599452,0.6931447461603737
184,800,801,12,12,1,0.10259647481143475,0.6931471805599452,0.6931447461603737
184,801,802,5,5,1,0.10064293742179871,0.6931471805599452,0.6931447461603737
184,802,803,9,9,1,0.10300513688060972,0.6931471805599452,0.6931447461603737
184,803,804,5,5,1,0.09952587932348252,0.6931471805599452,0.6931447461603736
184,804,805,11,11,1,0.10100785507397218,0.6931471805599452,0.6931447461603736
184,805,806,5,5,1,0.10238184183835983,0.6931471805599452,0.6931447461603736
184,806,807,5,5,1,0.10048143416643143,0.6931471805599452,0.6931447461603737
184,807,808,12,12,1,0.10193620684246223,0.6931471805599452,0.6931447461603737
184,808,809,13,13,1,0.10504742597158138,0.6931471805599452,0.6931447461603737
184,809,810,12,12,1,0.1029216634730498,0.6931471805599452,0.6931447461603737
184,810,811,5,5,1,0.09752077162265778,0.6931471805599452,0.6931447461603736
184,811,812,5,5,1,0.10062525570392608,0.6931471805599452,0.6931447461603736
184,812,813,12,12,1,0.10117512072126071,0.6931471805599452,0.6931447461603736
184,813,814,8,8,1,0.10058636125177145,0.6931471805599452,0.6931447461603737
184,814,815,10,10,1,0.10001367405056953,0.6931471805599452,0.6931447461603737
184,815,816,5,5,1,0.10240467488765717,0.6931471805599452,0.6931447461603737
184,816,817,15,15,1,0.10330964575211207,0.6931471805599452,0.6931447461603737
184,817,818,5,5,1,0.0984585627913475,0.6931471805599452,0.6931447461603736
184,818,819,13,13,1,0.09919685125350952,0.6931471805599454,0.6931447461603736
184,819,820,8,8,1,0.10050422698259354,0.6931471805599452,0.6931447461603736
184,820,821,12,12,1,0.10679459696014722,0.6931471805599454,0.6931447461603737
184,821,822,12,12,1,0.10063101289172967,0.6931471805599452,0.6931447461603737
184,822,823,5,5,1,0.10339633077383041,0.6931471805599452,0.6931447461603737
184,823,824,10,10,1,0.1006007321178913,0.6931471805599452,0.6931447461603737
184,824,825,9,9,1,0.10733401361438963,0.6931471805599452,0.6931447461603737
184,825,826,8,8,1,0.11541413888335228,0.6931471805599452,0.6931447461603736
184,826,827,11,11,1,0.1349452090534297,0.6931471805599452,0.6931447461603736
184,827,828,10,10,1,0.10270398482680321,0.6931471805599452,0.6931447461603737
184,828,829,9,9,1,0.10133039371834861,0.6931471805599452,0.6931447461603737
184,829,830,12,12,1,0.10138722136616707,0.6931471805599452,0.6931447461603737
184,830,831,14,14,1,0.18884673129234994,0.6905032866358314,0.6931183072211325
184,831,832,13,13,1,0.09883765417795914,0.6931471805599452,0.6931183072211325
184,832,833,12,12,1,0.10054940854509671,0.6931471805599452,0.6931183072211325
184,833,834,12,12,1,0.10142656788229942,0.6931471805599452,0.6931183072211324
184,834,835,9,9,1,0.1004521283838484,0.6931471805599452,0.6931183072211325
184,835,836,11,11,1,0.10243107243017717,0.6931471805599452,0.6931183072211325
184,836,837,13,13,1,0.10045056274304023,0.6931471805599454,0.6931183072211325
184,837,838,12,12,1,0.10010629519820213,0.6931471805599454,0.6931183072211325
184,838,839,11,11,1,0.10065983574498784,0.6931471805599452,0.6931183072211325
184,839,840,11,11,1,0.10080650110136379,0.6931471805599452,0.6931183072211325
184,840,841,5,5,1,0.09785676300525666,0.6931471805599452,0.6931183072211324
184,841,842,11,11,1,0.11081581291827289,0.6931471805599452,0.6931183072211325
184,842,843,10,10,1,0.1042214147746563,0.6931471805599454,0.693120741620704
184,843,844,9,9,1,0.10257889330387115,0.6931471805599452,0.693120741620704
184,844,845,11,11,1,0.10286411168900403,0.6931471805599452,0.693120741620704
184,845,846,14,14,1,0.10002116646085467,0.6931471805599452,0.693120741620704
184,846,847,11,11,1,0.10036900300871242,0.6931471805599452,0.6931207416207041
184,847,848,10,10,1,0.1181565634906292,0.6931471805599452,0.693120741620704
184,848,849,10,10,1,0.10038605034351349,0.6931471805599452,0.693120741620704
184,849,850,15,15,1,0.12101609259843826,0.6931471805599452,0.693120741620704
184,850,851,8,8,1,0.10104054491966963,0.6931471805599452,0.693120741620704
184,851,852,10,10,1,0.10062324851751328,0.6931471805599452,0.693120741620704
184,852,853,13,13,1,0.11163962747041996,0.6931471805599452,0.693120741620704
184,853,854,10,10,1,0.10104339197278023,0.6931471805599452,0.6931207416207041
184,854,855,10,10,1,0.10155316218733787,0.6931471805599452,0.6931207416207041
184,855,856,7,7,1,0.10070625373295375,0.6931471805599452,0.693120741620704
184,856,857,6,6,1,0.09906868388255437,0.6931471805599452,0.693120741620704
184,857,858,5,5,1,0.09861148595809936,0.6931471805599452,0.693120741620704
184,858,859,5,5,1,0.10648293644189835,0.6931471805599452,0.693120741620704
184,859,860,10,10,1,0.09912510216236115,0.6931471805599454,0.693120741620704
184,860,861,13,13,1,0.10500657673065479,0.6931471805599454,0.6931207416207041
184,861,862,12,12,1,0.09912821029623349,0.6931471805599454,0.6931207416207041
184,862,863,10,10,1,0.10191262438893318,0.6931471805599452,0.693120741620704
184,863,864,7,7,1,0.10080520595823016,0.6931471805599452,0.693120741620704
184,864,865,11,11,1,0.14427842741662805,0.6929011750678946,0.6931182815657836
184,865,866,13,13,1,0.1748805521772458,0.6926650206330875,0.693113459966515
184,866,867,11,11,1,0.10392403128472241,0.6931471805599454,0.693113459966515
184,867,868,5,5,1,0.10129095911979676,0.6931471805599452,0.6931134599665151
184,868,869,13,13,1,0.10088465534723721,0.6931471805599454,0.693113459966515
184,869,870,13,13,1,0.0997071575659972,0.6931471805599452,0.693113459966515
184,870,871,12,12,1,0.09947379243870576,0.6931471805599454,0.693113459966515
184,871,872,11,11,1,0.10052552751519463,0.6931471805599452,0.693113459966515
184,872,873,14,14,1,0.15846362656780652,0.6929082855449815,0.6931110710163654
184,873,874,6,6,1,0.11367076262831688,0.6931471805599452,0.6931110710163653
184,874,875,16,16,1,0.10009106947109103,0.6931471805599452,0.6931110710163654
184,875,876,12,12,1,0.09892542846500874,0.6931471805599454,0.6931110710163654
184,876,877,13,13,1,0.10056353303102347,0.6931471805599452,0.6931110710163654
184,877,878,5,5,1,0.10127371549606323,0.6931471805599452,0.6931110710163654
184,878,879,5,5,1,0.09992896169424056,0.6931471805599452,0.6931110710163654
184,879,880,8,8,1,0.10135549586266279,0.6931471805599452,0.6931110710163654
184,880,881,11,11,1,0.09722631763328206,0.6931471805599452,0.6931110710163653
184,881,882,5,5,1,0.10827985852956772,0.6931471805599452,0.6931110710163653
184,882,883,12,12,1,0.10032704596718152,0.6931471805599452,0.6931110710163654
184,883,884,11,11,1,0.10033454881473021,0.6931471805599452,0.6931110710163654
184,884,885,12,12,1,0.10053497428695361,0.6931471805599452,0.6931110710163654
184,885,886,8,8,1,0.10042094811797142,0.6931471805599452,0.6931110710163654
184,886,887,14,14,1,0.1023024528154305,0.6931471805599452,0.6931110710163654
184,887,888,14,14,1,0.10061615332961082,0.6931471805599452,0.6931110710163654
184,888,889,14,14,1,0.11106266294206892,0.6931471805599452,0.6931110710163653
184,889,890,7,7,1,0.10191054322889873,0.6931471805599452,0.6931110710163654
184,890,891,9,9,1,0.10030008769697613,0.6931471805599452,0.6931110710163654
184,891,892,8,8,1,0.10318453516811132,0.6931471805599452,0.6931110710163654
184,892,893,13,13,1,0.09918203777991809,0.6931471805599452,0.6931110710163654
184,893,894,9,9,1,0.15699125826358795,0.6931471805599452,0.6931110710163654
184,894,895,14,14,1,0.1461856844169753,0.6929082855449815,0.6931086820662157
184,895,896,7,7,1,0.10334586352109909,0.6931471805599452,0.6931086820662157
184,896,897,10,10,1,0.09739731177687645,0.6931471805599452,0.6931086820662158
184,897,898,5,5,1,0.09817385226488114,0.6931471805599452,0.6931086820662158
184,898,899,12,12,1,0.10869493583838145,0.6931471805599452,0.6931086820662158
184,899,900,9,9,1,0.1017644496427642,0.6931471805599452,0.6931086820662158
184,900,901,12,12,1,0.10142447302738826,0.6931471805599454,0.6931086820662157
184,901,902,8,8,1,0.10352964978665113,0.6931471805599452,0.6931086820662157
184,902,903,8,8,1,0.10364598967134953,0.6931471805599452,0.6931086820662157
184,903,904,12,12,1,0.14847862099607786,0.6929037406027952,0.6931062476666443
184,904,905,9,9,1,0.14142247454987633,0.6928952580159666,0.6931037284412045
184,905,906,10,10,1,0.10105497762560844,0.6931471805599452,0.6931037284412045
184,906,907,11,11,1,0.09882703762162816,0.6931471805599452,0.6931037284412044
184,907,908,7,7,1,0.1037909345967429,0.6931471805599452,0.6931037284412044
184,908,909,11,11,1,0.09806790338321165,0.6931471805599452,0.6931037284412044
184,909,910,9,9,1,0.09907945079935922,0.6931471805599452,0.6931037284412044
184,910,911,11,11,1,0.10155153545466336,0.6931471805599452,0.6931037284412045
184,911,912,9,9,1,0.09678214871221119,0.6931471805599452,0.6931037284412045
184,912,913,10,10,1,0.1095825582742691,0.6931471805599454,0.6931037284412045
184,913,914,7,7,1,0.10028029552527837,0.6931471805599452,0.6931037284412044
184,914,915,5,5,1,0.09773625284433365,0.6931471805599452,0.6931037284412044
184,915,916,11,11,1,0.10035823285579681,0.6931471805599452,0.6931037284412044
184,916,917,10,10,1,0.10314066782593727,0.6931471805599452,0.6931037284412044
184,917,918,10,10,1,0.09811012744903565,0.6931471805599452,0.6931037284412045
184,918,919,5,5,1,0.09643652439117431,0.6931471805599452,0.6931037284412045
184,919,920,13,13,1,0.10597280928721795,0.6931471805599452,0.6931037284412045
184,920,921,12,12,1,0.09926819801330566,0.6931471805599452,0.6931037284412044
184,921,922,9,9,1,0.10127607733011246,0.6931471805599452,0.6931037284412044
184,922,923,11,11,1,0.09979767352342606,0.6931471805599452,0.6931037284412044
184,923,924,13,13,1,0.1009339913725853,0.6931471805599454,0.6931037284412044
184,924,925,12,12,1,0.09974672955771287,0.6931471805599452,0.6931037284412044
184,925,926,6,6,1,0.10114863390723865,0.6931471805599452,0.6931037284412045
184,926,927,13,13,1,0.10042235828362979,0.6931471805599452,0.6931037284412045
184,927,928,11,11,1,0.10046701742844148,0.6931471805599452,0.6931037284412045
184,928,929,9,9,1,0.09854582448800404,0.6931471805599452,0.6931037284412044
184,929,930,10,10,1,0.10234913900494576,0.6931471805599452,0.6931037284412044
184,930,931,13,13,1,0.10106683063965577,0.6931471805599452,0.6931301673804455
184,931,932,7,7,1,0.10072844156197139,0.6931471805599452,0.6931301673804455
184,932,933,11,11,1,0.09778704697435553,0.6931471805599452,0.6931301673804455
184,933,934,13,13,1,0.09961538131420429,0.6931471805599452,0.6931301673804456
184,934,935,12,12,1,0.10209960925082366,0.6931471805599452,0.6931301673804456
184,935,936,12,12,1,0.10145084497829278,0.6931471805599454,0.6931301673804455
184,936,937,15,15,1,0.102311173081398,0.6931471805599452,0.6931301673804455
184,937,938,10,10,1,0.10208133161067963,0.6931471805599452,0.6931301673804455
184,938,939,11,11,1,0.10002040321176703,0.6931471805599452,0.6931301673804455
184,939,940,10,10,1,0.1026427373290062,0.6931471805599452,0.6931301673804455
184,940,941,9,9,1,0.18592837866809633,0.6870707606820455,0.6930694031816667
184,941,942,12,12,1,0.09829728802045186,0.6931471805599452,0.6930694031816667
184,942,943,9,9,1,0.10027896447314157,0.6931471805599452,0.6930694031816665
184,943,944,11,11,1,0.09952357072721828,0.6931471805599454,0.6930694031816665
184,944,945,5,5,1,0.10137492716312409,0.6931471805599452,0.6930694031816665
184,945,946,13,13,1,0.2422949058505205,0.6835240366056736,0.6929731717421238
184,946,947,10,10,1,0.10151851996779442,0.6931471805599452,0.6929731717421238
184,947,948,10,10,1,0.11991232335567474,0.6931471805599452,0.6929731717421239
184,948,949,7,7,1,0.10067100184304374,0.6931471805599452,0.6929731717421239
184,949,950,10,10,1,0.09966883063316345,0.6931471805599452,0.6929731717421238
184,950,951,11,11,1,0.09989624605937437,0.6931471805599452,0.6929731717421238
184,951,952,10,10,1,0.09803451523184777,0.6931471805599452,0.6929731717421238
184,952,953,12,12,1,0.10083091321090858,0.6931471805599452,0.6929731717421238
184,953,954,12,12,1,0.10069712065160275,0.6931471805599454,0.6929731717421238
184,954,955,10,10,1,0.10288058817386628,0.6931471805599452,0.6929731717421239
184,955,956,11,11,1,0.11674254523082213,0.6931471805599452,0.6929731717421239
184,956,957,9,9,1,0.0949407998058531,0.6931471805599452,0.6929731717421239
184,957,958,11,11,1,0.10013053972612727,0.6931471805599452,0.6929731717421238
184,958,959,10,10,1,0.12931776866316796,0.6931471805599454,0.6929731717421238
184,959,960,5,5,1,0.09098794311285019,0.6931471805599452,0.6929731717421238
184,960,961,9,9,1,0.10039012299643622,0.6931471805599452,0.6929731717421238
184,961,962,10,10,1,0.10592230260372162,0.6931471805599454,0.6929731717421238
184,962,963,6,6,1,0.09518621116876602,0.6931471805599452,0.6929731717421239
184,963,964,9,9,1,0.10001412447955874,0.6931471805599452,0.6929731717421239
184,964,965,12,12,1,0.09948215074837208,0.6931471805599454,0.6929756317970442
184,965,966,8,8,1,0.09905743971467018,0.6931471805599452,0.6929804533963129
184,966,967,10,10,1,0.1027012087404728,0.6931471805599454,0.6929804533963129
184,967,968,11,11,1,0.0981224389238791,0.6931471805599452,0.6929804533963129
184,968,969,12,12,1,0.10093954826394717,0.6931471805599454,0.692980453396313
184,969,970,14,14,1,0.10242647464786257,0.6931471805599452,0.692980453396313
184,970,971,12,12,1,0.0997953104476134,0.6931471805599454,0.692980453396313
184,971,972,10,10,1,0.09892473667860031,0.6931471805599452,0.692980453396313
184,972,973,12,12,1,0.09743503915766875,0.6931471805599452,0.6929828423464625
184,973,974,12,12,1,0.10074372341235478,0.6931471805599454,0.6929828423464626
184,974,975,6,6,1,0.09139837076266606,0.6931471805599452,0.6929828423464626
184,975,976,9,9,1,0.09923042439752155,0.6931471805599452,0.6929828423464626
184,976,977,8,8,1,0.09719413053244352,0.6931471805599452,0.6929828423464626
184,977,978,10,10,1,0.10092469081282615,0.6931471805599452,0.6929828423464626
184,978,979,12,12,1,0.10304025250176589,0.6931471805599454,0.6929828423464626
184,979,980,12,12,1,0.12940433248877525,0.6931471805599454,0.6929828423464625
184,980,981,16,16,1,0.09925796533934772,0.6931471805599452,0.6929828423464626
184,981,982,12,12,1,0.10033826654156049,0.6931471805599452,0.6929828423464626
184,982,983,11,11,1,0.09947386384010315,0.6931471805599452,0.6929828423464626
184,983,984,11,11,1,0.10008242252198132,0.6931471805599452,0.6929828423464626
184,984,985,11,11,1,0.10126229511065916,0.6931471805599452,0.6929828423464626
184,985,986,10,10,1,0.15714035779237748,0.6931471805599452,0.6929828423464626
184,986,987,12,12,1,0.09971283562481403,0.6931471805599454,0.6929828423464625
184,987,988,11,11,1,0.128355586393313,0.6931471805599454,0.6929828423464625
184,988,989,15,15,1,0.11027941008408865,0.6931471805599452,0.6929828423464626
184,989,990,13,13,1,0.0987376393033908,0.6931471805599452,0.6929828423464626
184,990,991,13,13,1,0.10017551997533211,0.6931471805599454,0.6929828423464626
184,991,992,16,16,1,0.10055161081254482,0.6931471805599452,0.6929828423464626
184,992,993,12,12,1,0.10097029618918896,0.6931471805599454,0.6929828423464626
184,993,994,10,10,1,0.10009221583604813,0.6931471805599452,0.6929828423464626
184,994,995,12,12,1,0.09401503453652064,0.6931471805599452,0.6929852312966122
184,995,996,13,13,1,0.09634453889269096,0.6931471805599454,0.6929852312966122
184,996,997,8,8,1,0.10060260072350502,0.6931471805599452,0.6929852312966122
184,997,998,16,16,1,0.10104427020996809,0.6931471805599452,0.6929852312966122
184,998,999,11,11,1,0.09912114184011113,0.6931471805599452,0.6929852312966122
184,999,1000,14,14,1,0.10069880315235682,0.6931471805599452,0.6929852312966122
184,1000,1001,11,11,1,0.09960177405314012,0.6931471805599452,0.6929852312966124
184,1001,1002,9,9,1,0.10049130353662702,0.6931471805599452,0.6929852312966122
184,1002,1003,10,10,1,0.09827376455068589,0.6931471805599452,0.6929852312966122
184,1003,1004,13,13,1,0.09731616251743756,0.6931471805599454,0.6929876656961836
184,1004,1005,7,7,1,0.10157021135091782,0.6931471805599452,0.6929901849216235
184,1005,1006,13,13,1,0.09995418328505296,0.6931471805599454,0.6929901849216235
184,1006,1007,12,12,1,0.09891257000466187,0.6931471805599454,0.6929901849216236
184,1007,1008,13,13,1,0.0975350674528342,0.6931471805599452,0.6929901849216236
184,1008,1009,5,5,1,0.15560567677021026,0.6931471805599452,0.6929901849216235
184,1009,1010,10,10,1,0.09947134479880333,0.6931471805599452,0.6929901849216235
184,1010,1011,11,11,1,0.09734457528049295,0.6931471805599452,0.6929901849216235
184,1011,1012,7,7,1,0.09965234356267112,0.6931471805599452,0.6929901849216235
184,1012,1013,7,7,1,0.09857798899923052,0.6931471805599452,0.6929901849216235
184,1013,1014,15,15,1,0.09751927554607391,0.6931471805599452,0.6929901849216236
184,1014,1015,10,10,1,0.09781594723463058,0.6931471805599452,0.6929901849216236
184,1015,1016,16,16,1,0.11247989907860756,0.6931471805599452,0.6929901849216235
184,1016,1017,9,9,1,0.09633709407514995,0.6931471805599452,0.6929901849216235
184,1017,1018,11,11,1,0.09897188910029152,0.6931471805599452,0.6929901849216235
184,1018,1019,7,7,1,0.09926158828394753,0.6931471805599452,0.6929901849216235
184,1019,1020,10,10,1,0.09996137768030167,0.6931471805599452,0.6929901849216235
184,1020,1021,9,9,1,0.09946669307019976,0.6931471805599452,0.6929901849216236
184,1021,1022,11,11,1,0.09920752590352838,0.6931471805599452,0.6929901849216236
184,1022,1023,10,10,1,0.10045733228325844,0.6931471805599452,0.6929901849216236
184,1023,1024,6,6,1,0.09866910924514134,0.6931471805599452,0.6929901849216235
184,1024,1025,9,9,1,0.10110250446531507,0.6931471805599452,0.6929901849216235
184,1025,1026,10,10,1,0.11400329247117043,0.6931471805599452,0.6929901849216235
184,1026,1027,12,12,1,0.09824663090209167,0.6931471805599454,0.6929901849216235
184,1027,1028,10,10,1,0.09695055112242698,0.6931471805599452,0.6929901849216235
184,1028,1029,10,10,1,0.10175285637378692,0.6931471805599452,0.6929901849216236
184,1029,1030,11,11,1,0.09935556893998926,0.6931471805599452,0.6929901849216236
184,1030,1031,11,11,1,0.10059531371701848,0.6931471805599452,0.6929901849216235
184,1031,1032,5,5,1,0.0901795580983162,0.6931471805599452,0.6929901849216235
184,1032,1033,7,7,1,0.09755983203649521,0.6931471805599452,0.6929901849216235
184,1033,1034,12,12,1,0.10054998410244782,0.6931471805599452,0.6929901849216235
184,1034,1035,10,10,1,0.1011196456849575,0.6931471805599452,0.6929901849216235
184,1035,1036,10,10,1,0.09877534061670304,0.6931471805599452,0.6929901849216236
184,1036,1037,17,17,1,0.10683147390099133,0.6931471805599452,0.6929901849216236
184,1037,1038,12,12,1,0.09901316277682781,0.6931471805599452,0.6929901849216235
184,1038,1039,19,19,1,0.09420313823379968,0.6931471805599452,0.6929901849216235
184,1039,1040,11,11,1,0.10053833506324074,0.6931471805599452,0.6929901849216235
184,1040,1041,11,11,1,0.09957111762328581,0.6931471805599452,0.6930509491204024
184,1041,1042,11,11,1,0.09720058603720232,0.6931471805599452,0.6930509491204024
184,1042,1043,12,12,1,0.09804957670470078,0.6931471805599452,0.6930509491204027
184,1043,1044,10,10,1,0.10496926009654999,0.6931471805599452,0.6930509491204027
184,1044,1045,13,13,1,0.1018072974223357,0.6931471805599454,0.6930509491204024
184,1045,1046,10,10,1,0.09917028546333313,0.6931471805599452,0.6931471805599452
184,1046,1047,13,13,1,0.09731617913796352,0.6931471805599452,0.6931471805599452
184,1047,1048,10,10,1,0.10023722574114799,0.6931471805599452,0.6931471805599452
184,1048,1049,8,8,1,0.09348135255277157,0.6931471805599452,0.6931471805599452
184,1049,1050,14,14,1,0.10212387783186776,0.6931471805599452,0.6931471805599453
184,1050,1051,8,8,1,0.09652839787304401,0.6931471805599452,0.6931471805599453
184,1051,1052,8,8,1,0.09986205864697695,0.6931471805599452,0.6931471805599452
184,1052,1053,11,11,1,0.09752596914768219,0.6931471805599452,0.6931471805599452
184,1053,1054,7,7,1,0.09911383049828666,0.6931471805599452,0.6931471805599452
184,1054,1055,13,13,1,0.09994006615418655,0.6931471805599454,0.6931471805599452
184,1055,1056,10,10,1,0.09557419121265412,0.6931471805599452,0.6931471805599452
184,1056,1057,7,7,1,0.0952146691935403,0.6931471805599452,0.6931471805599452
184,1057,1058,10,10,1,0.1017662413418293,0.6931471805599452,0.6931471805599453
184,1058,1059,11,11,1,0.10302648896520789,0.6931471805599452,0.6931471805599452
184,1059,1060,10,10,1,0.09928850382566452,0.6931471805599452,0.6931471805599452
184,1060,1061,9,9,1,0.09944466253121693,0.6931471805599452,0.6931471805599452
184,1061,1062,20,20,1,0.09549418427050113,0.6931471805599452,0.6931471805599452
184,1062,1063,10,10,1,0.0970364511013031,0.6931471805599452,0.6931471805599452
184,1063,1064,11,11,1,0.10211567377502268,0.6931471805599452,0.6931471805599452
184,1064,1065,11,11,1,0.10439346527511423,0.6931471805599452,0.6931471805599453
184,1065,1066,10,10,1,0.09502586424350738,0.6931471805599452,0.6931471805599452
184,1066,1067,17,17,1,0.09905742831966456,0.6931471805599452,0.6931471805599452
184,1067,1068,11,11,1,0.09086508066816763,0.6931471805599452,0.6931471805599452
184,1068,1069,16,16,1,0.09941692231222987,0.6931471805599452,0.6931471805599452
184,1069,1070,10,10,1,0.09673818722367286,0.6931471805599452,0.6931471805599452
184,1070,1071,10,10,1,0.10141147449612617,0.6931471805599452,0.6931471805599452
184,1071,1072,10,10,1,0.09839524030685425,0.6931471805599452,0.6931471805599452
184,1072,1073,10,10,1,0.10149092227220535,0.6931471805599452,0.6931471805599453
184,1073,1074,7,7,1,0.09999336834464755,0.6931471805599452,0.6931471805599452
184,1074,1075,7,7,1,0.08979174601180213,0.6931471805599452,0.6931471805599452
184,1075,1076,7,7,1,0.10003978333302907,0.6931471805599452,0.6931471805599452
184,1076,1077,9,9,1,0.09882127079698774,0.6931471805599452,0.6931471805599452
184,1077,1078,10,10,1,0.10378445982933045,0.6931471805599454,0.6931471805599452
184,1078,1079,7,7,1,0.09413272248847145,0.6931471805599454,0.6931471805599452
184,1079,1080,11,11,1,0.09673244167457927,0.6931471805599452,0.6931471805599453
184,1080,1081,7,7,1,0.12801760647978103,0.6931471805599452,0.6931471805599452
184,1081,1082,9,9,1,0.09779813554551867,0.6931471805599452,0.6931471805599452
184,1082,1083,9,9,1,0.08916145894262525,0.6931471805599452,0.6931471805599452
184,1083,1084,8,8,1,0.12910477630794048,0.6931471805599452,0.6931471805599452
184,1084,1085,11,11,1,0.1009679755026644,0.6931471805599452,0.6931471805599452
184,1085,1086,11,11,1,0.10072826729579405,0.6931471805599452,0.6931471805599452
184,1086,1087,15,15,1,0.09427554483215014,0.6931471805599452,0.6931471805599453
184,1087,1088,11,11,1,0.09320791268890555,0.6931471805599452,0.6931471805599452
184,1088,1089,12,12,1,0.09928283467888832,0.6931471805599454,0.6931471805599452
184,1089,1090,20,20,1,0.09660929180681706,0.6931471805599452,0.6931471805599452
184,1090,1091,5,5,1,0.10944510996341705,0.6931471805599452,0.6931471805599452
184,1091,1092,11,11,1,0.09948280656879599,0.6931471805599452,0.6931471805599452
184,1092,1093,10,10,1,0.10359242856502533,0.6931471805599452,0.6931471805599452
184,1093,1094,11,11,1,0.09774022481658241,0.6931471805599452,0.6931471805599452
184,1094,1095,6,6,1,0.19768332069118819,0.6928833014135285,0.6931445417684811
184,1095,1096,12,12,1,0.11172180622816086,0.6931471805599452,0.6931445417684811
184,1096,1097,11,11,1,0.09850410575216467,0.6931471805599452,0.6931445417684811
184,1097,1098,5,5,1,0.10037786662578582,0.6931471805599452,0.6931445417684811
184,1098,1099,14,14,1,0.10087760537862778,0.6931471805599452,0.6931445417684811
184,1099,1100,12,12,1,0.12908483482897282,0.6931471805599452,0.6931445417684811
184,1100,1101,13,13,1,0.09811331274417731,0.6931471805599454,0.6931445417684811
184,1101,1102,11,11,1,0.09837409583005038,0.6931471805599452,0.6931445417684811
184,1102,1103,13,13,1,0.10251471171012291,0.6931471805599454,0.6931445417684811
184,1103,1104,11,11,1,0.10621607913212343,0.6931471805599452,0.6931445417684811
184,1104,1105,6,6,1,0.09841143091519673,0.6931471805599452,0.6931445417684811
184,1105,1106,9,9,1,0.10085992183950213,0.6931471805599452,0.6931445417684811
184,1106,1107,10,10,1,0.09599423371255397,0.6931471805599454,0.6931445417684811
184,1107,1108,8,8,1,0.10067205131053925,0.6931471805599452,0.6931445417684811
184,1108,1109,10,10,1,0.10118933916091918,0.6931471805599452,0.6931445417684812
184,1109,1110,9,9,1,0.0991771775815222,0.6931471805599452,0.6931445417684811
184,1110,1111,9,9,1,0.08782259788778093,0.6931471805599452,0.6931445417684811
184,1111,1112,12,12,1,0.10010310883323352,0.6931471805599452,0.6931445417684811
184,1112,1113,5,5,1,0.09550081640481949,0.6931471805599452,0.6931445417684811
184,1113,1114,5,5,1,0.1007029116153717,0.6931471805599452,0.6931445417684811
184,1114,1115,11,11,1,0.09967469356276772,0.6931471805599452,0.6931445417684811
184,1115,1116,10,10,1,0.09955408945679664,0.6931471805599452,0.6931445417684812
184,1116,1117,10,10,1,0.10872473567724228,0.6931471805599452,0.6931445417684811
184,1117,1118,7,7,1,0.09933941066265106,0.6931471805599452,0.6931445417684811
184,1118,1119,6,6,1,0.09914278114835422,0.6931471805599452,0.6931445417684811
184,1119,1120,12,12,1,0.12356052920222282,0.6931471805599452,0.6931445417684811
184,1120,1121,12,12,1,0.09818773219982783,0.6931471805599452,0.6931445417684811
184,1121,1122,9,9,1,0.09795246066318618,0.6931471805599452,0.6931445417684811
184,1122,1123,12,12,1,0.09958514074484508,0.6931471805599452,0.6931445417684811
184,1123,1124,11,11,1,0.09762886369770224,0.6931471805599452,0.6931445417684811
184,1124,1125,9,9,1,0.09608790237042639,0.6931471805599452,0.6931445417684811
184,1125,1126,11,11,1,0.09747324951670387,0.6931471805599452,0.6931445417684811
184,1126,1127,9,9,1,0.1013196458419164,0.6931471805599452,0.6931445417684811
184,1127,1128,5,5,1,0.10653828084468842,0.6931471805599452,0.6931445417684811
184,1128,1129,5,5,1,0.09833582192659378,0.6931471805599452,0.6931445417684811
184,1129,1130,18,18,1,0.10961032410462697,0.6931471805599452,0.6931445417684811
184,1130,1131,11,11,1,0.09954004260626706,0.6931471805599452,0.6931445417684811
184,1131,1132,11,11,1,0.09850623052228581,0.6931471805599452,0.6931445417684811
184,1132,1133,7,7,1,0.12182884450469698,0.6931471805599454,0.6931445417684811
184,1133,1134,11,11,1,0.09570105441591957,0.6931471805599452,0.6931445417684811
184,1134,1135,10,10,1,0.09959161952137947,0.6931471805599452,0.6931445417684811
184,1135,1136,12,12,1,0.09917952679097652,0.6931471805599452,0.6931445417684811
184,1136,1137,11,11,1,0.0998345132578503,0.6931471805599452,0.6931445417684811
184,1137,1138,11,11,1,0.09806533631953326,0.6931471805599452,0.6931445417684811
184,1138,1139,10,10,1,0.09625152498483658,0.6931471805599454,0.6931445417684811
184,1139,1140,16,16,1,0.11104233097285032,0.6931471805599452,0.6931445417684811
184,1140,1141,9,9,1,0.09180202210942905,0.6931471805599452,0.6931445417684811
184,1141,1142,9,9,1,0.0984311666753557,0.6931471805599452,0.6931445417684811
184,1142,1143,14,14,1,0.09722510299512319,0.6931471805599452,0.6931445417684811
184,1143,1144,10,10,1,0.10369721651077271,0.6931471805599452,0.6931445417684811
184,1144,1145,9,9,1,0.09431020791331927,0.6931471805599452,0.6931445417684811
184,1145,1146,13,13,1,0.08937513828277588,0.6931471805599452,0.6931445417684811
184,1146,1147,15,15,1,0.09767159223556518,0.6931471805599452,0.6931445417684811
184,1147,1148,11,11,1,0.09833867847919464,0.6931471805599452,0.6931445417684811
184,1148,1149,13,13,1,0.09998755558178975,0.6931471805599452,0.6931445417684811
184,1149,1150,10,10,1,0.09976578652858734,0.6931471805599452,0.6931445417684811
184,1150,1151,12,12,1,0.09984893165528774,0.6931471805599452,0.6931445417684811
184,1151,1152,14,14,1,0.0960317791572639,0.6931471805599452,0.6931445417684812
184,1152,1153,14,14,1,0.11682890940989767,0.6931471805599452,0.6931445417684811
184,1153,1154,15,15,1,0.09931244999170304,0.6931471805599452,0.6931445417684811
184,1154,1155,9,9,1,0.10548956361081865,0.6931471805599452,0.6931445417684811
184,1155,1156,15,15,1,0.09865943416953087,0.6931471805599452,0.6931445417684811
184,1156,1157,14,14,1,0.09995417882289205,0.6931471805599452,0.6931445417684811
184,1157,1158,12,12,1,0.0964322608585159,0.6931471805599454,0.6931445417684811
184,1158,1159,10,10,1,0.10017211511731147,0.6931471805599452,0.6931445417684812
184,1159,1160,11,11,1,0.10198149085044861,0.6931471805599452,0.6931445417684811
184,1160,1161,7,7,1,0.10046330094337463,0.6931471805599452,0.6931445417684811
184,1161,1162,14,14,1,0.09761268166559083,0.6931471805599452,0.6931445417684811
184,1162,1163,12,12,1,0.10018050670623779,0.6931471805599452,0.6931445417684811
184,1163,1164,10,10,1,0.0952582135796547,0.6931471805599452,0.6931445417684811
184,1164,1165,5,5,1,0.09871068596839905,0.6931471805599452,0.6931445417684811
184,1165,1166,9,9,1,0.09781267907884386,0.6931471805599452,0.6931445417684811
184,1166,1167,5,5,1,0.0982551023364067,0.6931471805599452,0.6931445417684811
184,1167,1168,18,18,1,0.10038046849270661,0.6931471805599452,0.6931445417684811
184,1168,1169,9,9,1,0.10338142348660363,0.6931471805599452,0.6931445417684811
184,1169,1170,5,5,1,0.10095148980617523,0.6931471805599452,0.6931445417684811
184,1170,1171,9,9,1,0.09595021108786266,0.6931471805599452,0.6931445417684811
184,1171,1172,8,8,1,0.09712046105414629,0.6931471805599452,0.6931445417684811
184,1172,1173,9,9,1,0.09810307953092787,0.6931471805599452,0.6931445417684811
184,1173,1174,11,11,1,0.1180996603586457,0.6931471805599452,0.6931445417684811
184,1174,1175,12,12,1,0.10211620976527531,0.6931471805599454,0.6931445417684811
184,1175,1176,12,12,1,0.09988707428177197,0.6931471805599454,0.6931445417684811
184,1176,1177,7,7,1,0.09603977629116603,0.6931471805599452,0.6931445417684811
184,1177,1178,10,10,1,0.1015538677573204,0.6931471805599454,0.6931445417684811
184,1178,1179,12,12,1,0.09753957049300273,0.6931471805599452,0.6931445417684811
184,1179,1180,10,10,1,0.10016637519001961,0.6931471805599452,0.6931445417684811
184,1180,1181,11,11,1,0.09660082784566013,0.6931471805599452,0.6931445417684811
184,1181,1182,9,9,1,0.10091246002250248,0.6931471805599452,0.6931445417684811
184,1182,1183,11,11,1,0.09492155943404544,0.6931471805599452,0.6931445417684811
184,1183,1184,11,11,1,0.100524018433961,0.6931471805599452,0.6931445417684811
184,1184,1185,10,10,1,0.09908119887113571,0.6931471805599452,0.6931445417684811
184,1185,1186,5,5,1,0.09866735637187958,0.6931471805599452,0.6931445417684811
184,1186,1187,10,10,1,0.09639463946223259,0.6931471805599452,0.6931445417684811
184,1187,1188,14,14,1,0.09614407510629722,0.6931471805599452,0.6931445417684812
184,1188,1189,5,5,1,0.13954050838947296,0.6931471805599452,0.6931445417684811
184,1189,1190,12,12,1,0.09833660535514355,0.6931471805599452,0.6931445417684811
184,1190,1191,12,12,1,0.09494595074405272,0.6931471805599452,0.6931445417684811
184,1191,1192,5,5,1,0.16314877718687057,0.6928779247008064,0.6931418492098896
184,1192,1193,5,5,1,0.0930413618683815,0.6931471805599452,0.6931418492098896
184,1193,1194,12,12,1,0.09918292673925559,0.6931471805599454,0.6931418492098896
184,1194,1195,6,6,1,0.09799933930238088,0.6931471805599452,0.6931444880013538
184,1195,1196,14,14,1,0.09718304712857519,0.6931471805599452,0.6931444880013538
184,1196,1197,5,5,1,0.09851357638835907,0.6931471805599452,0.6931444880013538
184,1197,1198,9,9,1,0.1003402868906657,0.6931471805599452,0.6931444880013538
184,1198,1199,15,15,1,0.11159090201059978,0.6931471805599452,0.6931444880013538
184,1199,1200,5,5,1,0.09647670090198517,0.6931471805599452,0.6931444880013538
184,1200,1201,5,5,1,0.09478728175163269,0.6931471805599452,0.6931444880013538
184,1201,1202,5,5,1,0.0993226021528244,0.6931471805599452,0.6931444880013538
184,1202,1203,13,13,1,0.10056129269875012,0.6931471805599452,0.6931444880013538
184,1203,1204,10,10,1,0.09833463057875633,0.6931471805599452,0.6931444880013538
184,1204,1205,11,11,1,0.09938664327968251,0.6931471805599452,0.6931444880013538
184,1205,1206,14,14,1,0.09785580209323338,0.6931471805599452,0.6931444880013538
184,1206,1207,12,12,1,0.09933034020165603,0.6931471805599452,0.6931444880013538
184,1207,1208,5,5,1,0.10072978138923645,0.6931471805599452,0.6931444880013538
184,1208,1209,14,14,1,0.10273549120341029,0.6931471805599452,0.6931444880013538
184,1209,1210,10,10,1,0.09710557237267495,0.6931471805599452,0.6931444880013538
184,1210,1211,10,10,1,0.09686814099550248,0.6931471805599452,0.6931444880013538
184,1211,1212,13,13,1,0.10065069221533261,0.6931471805599452,0.6931444880013538
184,1212,1213,10,10,1,0.10674600526690484,0.6931471805599452,0.6931444880013538
184,1213,1214,12,12,1,0.10039039701223373,0.6931471805599452,0.6931444880013538
184,1214,1215,7,7,1,0.0955919399857521,0.6931471805599452,0.6931444880013538
184,1215,1216,10,10,1,0.09981235787272454,0.6931471805599452,0.6931444880013538
184,1216,1217,5,5,1,0.1436069756746292,0.6931471805599452,0.6931444880013538
184,1217,1218,9,9,1,0.10420338561137517,0.6931471805599452,0.6931444880013538
184,1218,1219,11,11,1,0.10691463676365939,0.6931471805599452,0.6931444880013538
184,1219,1220,13,13,1,0.09770776216800396,0.6931471805599452,0.6931444880013538
184,1220,1221,12,12,1,0.0963476225733757,0.6931471805599452,0.6931444880013538
184,1221,1222,13,13,1,0.09990035284024018,0.6931471805599452,0.6931444880013538
184,1222,1223,9,9,1,0.0996073799000846,0.6931471805599452,0.6931444880013538
184,1223,1224,14,14,1,0.12329942520175662,0.6931471805599452,0.6931444880013538
184,1224,1225,12,12,1,0.09994113941987355,0.6931471805599454,0.6931444880013538
184,1225,1226,10,10,1,0.11206712126731873,0.6931471805599452,0.6931444880013538
184,1226,1227,5,5,1,0.09809605032205582,0.6931471805599452,0.6931444880013538
184,1227,1228,10,10,1,0.09796667993068695,0.6931471805599452,0.6931444880013538
184,1228,1229,10,10,1,0.0991834707558155,0.6931471805599452,0.6931444880013538
184,1229,1230,8,8,1,0.09966635890305042,0.6931471805599452,0.6931444880013538
184,1230,1231,10,10,1,0.09948055073618889,0.6931471805599452,0.6931444880013538
184,1231,1232,10,10,1,0.10006369799375534,0.6931471805599452,0.6931444880013538
184,1232,1233,12,12,1,0.09902568471928437,0.6931471805599454,0.6931444880013538
184,1233,1234,5,5,1,0.08897619172930718,0.6931471805599452,0.6931444880013538
184,1234,1235,8,8,1,0.0906984624452889,0.6931471805599452,0.6931444880013538
184,1235,1236,10,10,1,0.09974263161420822,0.6931471805599452,0.6931444880013538
184,1236,1237,5,5,1,0.09864070415496826,0.6931471805599452,0.6931444880013538
184,1237,1238,15,15,1,0.10074036022027334,0.6931471805599452,0.6931444880013538
184,1238,1239,13,13,1,0.09760226080050835,0.6931471805599452,0.6931444880013538
184,1239,1240,12,12,1,0.10016380747159322,0.6931471805599452,0.6931444880013538
184,1240,1241,9,9,1,0.09719159950812657,0.6931471805599452,0.6931444880013538
184,1241,1242,12,12,1,0.09056363565226395,0.6931471805599452,0.6931444880013538
184,1242,1243,9,9,1,0.0979927885863516,0.6931471805599452,0.6931444880013538
184,1243,1244,10,10,1,0.09436250478029251,0.6931471805599452,0.6931444880013538
184,1244,1245,10,10,1,0.09909296035766602,0.6931471805599454,0.6931444880013536
184,1245,1246,10,10,1,0.09994312077760696,0.6931471805599452,0.6931444880013538
184,1246,1247,9,9,1,0.10345978455411063,0.6931471805599452,0.6931444880013538
184,1247,1248,11,11,1,0.12837545573711395,0.6931471805599454,0.6931444880013538
184,1248,1249,19,19,1,0.1019351325537029,0.6931471805599452,0.6931444880013538
184,1249,1250,10,10,1,0.09836988374590874,0.6931471805599452,0.6931444880013538
184,1250,1251,10,10,1,0.09773796275258065,0.6931471805599452,0.6931444880013538
184,1251,1252,9,9,1,0.15361441423495611,0.6928952580159666,0.6931419687759139
184,1252,1253,11,11,1,0.09851411865516142,0.6931471805599452,0.6931419687759142
184,1253,1254,10,10,1,0.10149411670863628,0.6931471805599452,0.6931419687759139
184,1254,1255,6,6,1,0.09672457973162334,0.6931471805599452,0.6931419687759139
184,1255,1256,5,5,1,0.09945080578327178,0.6931471805599452,0.6931419687759139
184,1256,1257,15,15,1,0.09833706816037496,0.6931471805599452,0.6931419687759139
184,1257,1258,15,15,1,0.09841117759545644,0.6931471805599452,0.6931419687759139
184,1258,1259,11,11,1,0.09987394308502023,0.6931471805599452,0.6931419687759139
184,1259,1260,8,8,1,0.10157318226993084,0.6931471805599452,0.6931419687759142
184,1260,1261,14,14,1,0.10434739823852267,0.6931471805599452,0.6931419687759139
184,1261,1262,8,8,1,0.09952844399958849,0.6931471805599452,0.6931419687759139
184,1262,1263,12,12,1,0.11400169941286246,0.6931471805599452,0.6931419687759139
184,1263,1264,10,10,1,0.10160426422953606,0.6931471805599454,0.6931419687759139
184,1264,1265,10,10,1,0.09657979756593704,0.6931471805599454,0.6931419687759139
184,1265,1266,8,8,1,0.09892853815108538,0.6931471805599452,0.6931419687759139
184,1266,1267,9,9,1,0.09958765490187539,0.6931471805599452,0.6931419687759142
184,1267,1268,11,11,1,0.11434513059529391,0.6931471805599452,0.6931419687759139
184,1268,1269,5,5,1,0.09685253500938415,0.6931471805599452,0.6931419687759139
184,1269,1270,10,10,1,0.10030063316226005,0.6931471805599452,0.6931419687759139
184,1270,1271,8,8,1,0.09972917102277279,0.6931471805599452,0.6931419687759139
184,1271,1272,10,10,1,0.09920094981789589,0.6931471805599452,0.6931419687759139
184,1272,1273,11,11,1,0.14305200698700818,0.6931471805599452,0.6931419687759139
184,1273,1274,11,11,1,0.1251878369260918,0.6931471805599452,0.6931419687759142
184,1274,1275,5,5,1,0.11868882328271865,0.6931471805599452,0.6931419687759142
184,1275,1276,16,16,1,0.10030961688607931,0.6931471805599452,0.6931419687759139
184,1276,1277,11,11,1,0.09969357062469829,0.6931471805599452,0.6931419687759139
184,1277,1278,9,9,1,0.0986878333820237,0.6931471805599452,0.6931419687759139
184,1278,1279,10,10,1,0.10047187358140945,0.6931471805599452,0.6931419687759139
184,1279,1280,5,5,1,0.12493208199739456,0.6931471805599452,0.6931419687759139
184,1280,1281,8,8,1,0.09668767359107733,0.6931471805599452,0.6931419687759139
184,1281,1282,10,10,1,0.11792299449443817,0.6931471805599454,0.6931419687759142
184,1282,1283,12,12,1,0.09744688433905442,0.6931471805599452,0.6931419687759139
184,1283,1284,9,9,1,0.10107552508513133,0.6931471805599452,0.6931419687759139
184,1284,1285,5,5,1,0.31836589723825454,0.6922336602089024,0.6931328335724035
184,1285,1286,13,13,1,0.09349998229971299,0.6931471805599452,0.6931328335724035
184,1286,1287,15,15,1,0.1054904689391454,0.6931471805599452,0.6931328335724035
184,1287,1288,9,9,1,0.09812232769197887,0.6931471805599452,0.6931328335724035
184,1288,1289,13,13,1,0.09836085713826694,0.6931471805599452,0.6931328335724036
184,1289,1290,8,8,1,0.10040719155222178,0.6931471805599452,0.6931328335724036
184,1290,1291,10,10,1,0.12417331635951996,0.6931471805599452,0.6931328335724036
184,1291,1292,9,9,1,0.09914120452271567,0.6931471805599452,0.693135526130995
184,1292,1293,9,9,1,0.09875215258863237,0.6931471805599452,0.6931355261309949
184,1293,1294,11,11,1,0.0988645079461011,0.6931471805599452,0.6931355261309949
184,1294,1295,5,5,1,0.09820680022239685,0.6931471805599452,0.693135526130995
184,1295,1296,5,5,1,0.134737578779459,0.6931471805599452,0.693135526130995
184,1296,1297,10,10,1,0.0999698095023632,0.6931471805599452,0.693135526130995
184,1297,1298,9,9,1,0.1110848296019766,0.6931471805599452,0.693135526130995
184,1298,1299,9,9,1,0.10319962600866954,0.6931471805599452,0.693135526130995
184,1299,1300,10,10,1,0.10189041420817375,0.6931471805599452,0.6931355261309949
184,1300,1301,10,10,1,0.12272871546447277,0.6931471805599454,0.6931355261309949
184,1301,1302,8,8,1,0.10850405879318714,0.6931471805599452,0.693135526130995
184,1302,1303,8,8,1,0.09832111280411482,0.6931471805599452,0.693135526130995
184,1303,1304,5,5,1,0.10475210845470428,0.6931471805599452,0.693135526130995
184,1304,1305,12,12,1,0.10049744509160519,0.6931471805599454,0.693135526130995
184,1305,1306,10,10,1,0.09833691269159317,0.6931471805599452,0.693135526130995
184,1306,1307,13,13,1,0.09868597640441014,0.6931471805599454,0.6931355261309949
184,1307,1308,5,5,1,0.09910833388566971,0.6931471805599452,0.6931355261309949
184,1308,1309,11,11,1,0.10190995173020796,0.6931471805599452,0.6931355261309949
184,1309,1310,9,9,1,0.16529194762309393,0.6931471805599452,0.693135526130995
184,1310,1311,5,5,1,0.10148353725671769,0.6931471805599452,0.693135526130995
184,1311,1312,9,9,1,0.1434655338525772,0.6931471805599452,0.693135526130995
184,1312,1313,12,12,1,0.10847303581734498,0.6931471805599452,0.693135526130995
184,1313,1314,10,10,1,0.10913315787911415,0.6931471805599454,0.6931355261309949
184,1314,1315,9,9,1,0.10073526203632355,0.6931471805599452,0.6931355261309949
184,1315,1316,16,16,1,0.09672880033031106,0.6931471805599452,0.6931355261309949
184,1316,1317,10,10,1,0.09946767389774322,0.6931471805599452,0.693135526130995
184,1317,1318,9,9,1,0.10655997859107123,0.6931471805599452,0.693135526130995
184,1318,1319,8,8,1,0.10877767950296402,0.6931471805599452,0.693135526130995
184,1319,1320,5,5,1,0.1778625577688217,0.6928779247008064,0.6931328335724036
184,1320,1321,10,10,1,0.10121076926589012,0.6931471805599452,0.6931328335724035
184,1321,1322,17,17,1,0.10505832315367811,0.6931471805599452,0.6931328335724035
184,1322,1323,12,12,1,0.13907760195434093,0.6931471805599452,0.6931328335724035
184,1323,1324,5,5,1,0.20066714137792588,0.6928779247008064,0.6931301410138123
184,1324,1325,11,11,1,0.10735220191153613,0.6931471805599452,0.6931301410138123
184,1325,1326,5,5,1,0.13397698998451232,0.6931471805599452,0.6931301410138123
184,1326,1327,8,8,1,0.10083267744630575,0.6931471805599452,0.6931301410138123
184,1327,1328,9,9,1,0.1313816068900956,0.6931471805599452,0.6931301410138121
184,1328,1329,5,5,1,0.25849917382001875,0.6931471805599452,0.6931301410138121
184,1329,1330,10,10,1,0.10284243896603584,0.6931471805599452,0.6931301410138121
184,1330,1331,11,11,1,0.14154560525308957,0.6931471805599452,0.6931301410138123
184,1331,1332,5,5,1,0.19188415706157685,0.6931471805599452,0.6931301410138123
184,1332,1333,11,11,1,0.11882440813563087,0.6931471805599452,0.6931301410138123
184,1333,1334,15,15,1,0.0979789674282074,0.6931471805599452,0.6931301410138123
184,1334,1335,12,12,1,0.10310244746506214,0.6931471805599452,0.6931301410138121
184,1335,1336,10,10,1,0.096416524797678,0.6931471805599452,0.6931301410138121
184,1336,1337,7,7,1,0.10101574872221265,0.6931471805599452,0.6931301410138121
184,1337,1338,9,9,1,0.10278813706503974,0.6931471805599452,0.6931301410138123
184,1338,1339,9,9,1,0.11393757743967904,0.6931471805599452,0.6931301410138123
184,1339,1340,5,5,1,0.1123923733830452,0.6931471805599452,0.6931301410138123
184,1340,1341,7,7,1,0.10473652077572686,0.6931471805599454,0.6931301410138123
184,1341,1342,15,15,1,0.10441979865233103,0.6931471805599452,0.6931301410138121
184,1342,1343,15,15,1,0.10268129706382752,0.6931471805599452,0.6931301410138121
184,1343,1344,10,10,1,0.09873656183481216,0.6931471805599452,0.6931301410138121
184,1344,1345,11,11,1,0.09986083886840126,0.6931471805599452,0.6931301410138123
184,1345,1346,9,9,1,0.09957468509674072,0.6931471805599452,0.6931301410138123
184,1346,1347,24,24,1,0.10105535698433717,0.6931471805599452,0.6931301410138123
184,1347,1348,14,14,1,0.10765245902751173,0.6931471805599454,0.6931301410138123
184,1348,1349,14,14,1,0.09862716442772321,0.6931471805599452,0.6931301410138121
184,1349,1350,15,15,1,0.15150929043690364,0.6931471805599452,0.6931301410138121
184,1350,1351,17,17,1,0.10115822886719424,0.6931471805599452,0.6931301410138121
184,1351,1352,13,13,1,0.12919209754237762,0.6931471805599452,0.6931326602392519
184,1352,1353,12,12,1,0.10266936694582303,0.6931471805599452,0.6931326602392519
184,1353,1354,12,12,1,0.12148653094967206,0.6931471805599452,0.6931326602392521
184,1354,1355,15,15,1,0.09137118731935819,0.6931471805599452,0.6931326602392521
184,1355,1356,13,13,1,0.09685017455082673,0.6931471805599452,0.6931326602392519
184,1356,1357,5,5,1,0.1315300539135933,0.6931471805599452,0.6931326602392519
184,1357,1358,14,14,1,0.09575451724231243,0.6931471805599452,0.6931326602392519
184,1358,1359,10,10,1,0.10716081261634827,0.6931471805599452,0.6931326602392519
184,1359,1360,11,11,1,0.09973804246295583,0.6931471805599452,0.6931326602392519
184,1360,1361,9,9,1,0.10493017401960161,0.6931471805599452,0.6931326602392521
184,1361,1362,9,9,1,0.09862878670295079,0.6931471805599452,0.6931326602392521
184,1362,1363,9,9,1,0.0940430901116795,0.6931471805599452,0.6931326602392519
184,1363,1364,10,10,1,0.10091717466711998,0.6931471805599452,0.6931326602392519
184,1364,1365,13,13,1,0.10109954499281369,0.6931471805599452,0.6931326602392519
184,1365,1366,14,14,1,0.10349131694861821,0.6931471805599452,0.6931326602392519
184,1366,1367,12,12,1,0.09824783727526665,0.6931471805599452,0.6931326602392519
184,1367,1368,13,13,1,0.10099929915024684,0.6931471805599452,0.6931326602392521
184,1368,1369,10,10,1,0.0998335674405098,0.6931471805599452,0.6931326602392521
184,1369,1370,14,14,1,0.10072061951671328,0.6931471805599452,0.6931326602392519
184,1370,1371,15,15,1,0.10089416156212488,0.6931471805599452,0.6931326602392519
184,1371,1372,11,11,1,0.10051796314391223,0.6931471805599452,0.6931326602392519
184,1372,1373,14,14,1,0.1001174987426826,0.6931471805599452,0.6931326602392519
184,1373,1374,15,15,1,0.09978182464838029,0.6931471805599452,0.6931326602392519
184,1374,1375,11,11,1,0.10070100223476236,0.6931471805599452,0.6931326602392519
184,1375,1376,10,10,1,0.10159093365073205,0.6931471805599452,0.6931326602392521
184,1376,1377,13,13,1,0.10048236812536533,0.6931471805599452,0.6931326602392521
184,1377,1378,12,12,1,0.0992686574657758,0.6931471805599452,0.6931326602392519
184,1378,1379,15,15,1,0.10017497986555099,0.6931471805599452,0.6931326602392519
184,1379,1380,8,8,1,0.10045535489916801,0.6931471805599452,0.6931326602392519
184,1380,1381,12,12,1,0.09918055807550748,0.6931471805599452,0.6931326602392519
184,1381,1382,9,9,1,0.10131516804297765,0.6931471805599452,0.6931326602392519
184,1382,1383,8,8,1,0.09999295696616173,0.6931471805599452,0.6931326602392521
184,1383,1384,5,5,1,0.09892957061529159,0.6931471805599452,0.6931326602392521
184,1384,1385,15,15,1,0.10062117526928584,0.6931471805599452,0.6931417954427623
184,1385,1386,12,12,1,0.1004171793659528,0.6931471805599452,0.6931417954427624
184,1386,1387,10,10,1,0.1017352782189846,0.6931471805599452,0.6931417954427624
184,1387,1388,9,9,1,0.10031125280592176,0.6931471805599452,0.6931417954427624
184,1388,1389,10,10,1,0.10017183199524879,0.6931471805599452,0.6931417954427624
184,1389,1390,13,13,1,0.09998610157233018,0.6931471805599452,0.6931417954427624
184,1390,1391,10,10,1,0.10107512921094894,0.6931471805599452,0.6931417954427624
184,1391,1392,9,9,1,0.09873994605408774,0.6931471805599452,0.6931417954427623
184,1392,1393,11,11,1,0.10158501429991289,0.6931471805599452,0.6931417954427624
184,1393,1394,10,10,1,0.09954998567700386,0.6931471805599452,0.6931417954427624
184,1394,1395,15,15,1,0.10176040132840475,0.6931471805599452,0.6931417954427624
184,1395,1396,9,9,1,0.0996865365240309,0.6931471805599452,0.6931417954427624
184,1396,1397,11,11,1,0.10323359004475853,0.6931471805599452,0.6931417954427624
184,1397,1398,9,9,1,0.10116766724321577,0.6931471805599452,0.6931417954427624
184,1398,1399,5,5,1,0.10079096108675004,0.6931471805599452,0.6931417954427623
184,1399,1400,10,10,1,0.09929361864924431,0.6931471805599452,0.6931417954427624
184,1400,1401,12,12,1,0.10027138826747735,0.6931471805599452,0.6931417954427624
184,1401,1402,11,11,1,0.10010303895581853,0.6931471805599452,0.6931417954427624
184,1402,1403,9,9,1,0.09982642531394958,0.6931471805599452,0.6931417954427624
184,1403,1404,9,9,1,0.10010145604610443,0.6931471805599452,0.6931417954427624
184,1404,1405,7,7,1,0.09963867494038173,0.6931471805599452,0.6931417954427624
184,1405,1406,12,12,1,0.10077684248487155,0.6931471805599452,0.6931417954427623
184,1406,1407,9,9,1,0.10069977988799413,0.6931471805599452,0.6931417954427624
184,1407,1408,5,5,1,0.10138216763734817,0.6931471805599452,0.6931417954427624
184,1408,1409,11,11,1,0.10739844766530124,0.6931471805599452,0.6931417954427624
184,1409,1410,9,9,1,0.09990440309047699,0.6931471805599452,0.6931417954427624
184,1410,1411,12,12,1,0.10033080416421096,0.6931471805599452,0.6931417954427624
184,1411,1412,10,10,1,0.10016693249344825,0.6931471805599452,0.6931417954427624
184,1412,1413,9,9,1,0.10073354343573253,0.6931471805599452,0.6931417954427623
184,1413,1414,12,12,1,0.10806046612560749,0.6931471805599454,0.6931417954427624
184,1414,1415,5,5,1,0.09832202792167663,0.6931471805599452,0.6931417954427624
184,1415,1416,11,11,1,0.10073835334994576,0.6931471805599452,0.6931417954427624
184,1416,1417,9,9,1,0.10166558871666591,0.6931471805599452,0.6931417954427624
184,1417,1418,11,11,1,0.10080867125229402,0.6931471805599452,0.6931417954427624
184,1418,1419,12,12,1,0.10158103456099828,0.6931471805599452,0.6931417954427624
184,1419,1420,12,12,1,0.10084140673279762,0.6931471805599452,0.6931444880013536
184,1420,1421,11,11,1,0.10041109946641055,0.6931471805599452,0.6931444880013538
184,1421,1422,10,10,1,0.10074039697647094,0.6931471805599452,0.6931444880013538
184,1422,1423,12,12,1,0.1009968277066946,0.6931471805599452,0.6931444880013538
184,1423,1424,5,5,1,0.09917703866958619,0.6931471805599452,0.6931471805599452
184,1424,1425,13,13,1,0.1010009703727869,0.6931471805599452,0.6931471805599452
184,1425,1426,9,9,1,0.10661370555559795,0.6931471805599452,0.6931471805599452
184,1426,1427,9,9,1,0.10089164227247238,0.6931471805599452,0.6931471805599452
184,1427,1428,8,8,1,0.10091082565486431,0.6931471805599452,0.6931471805599452
184,1428,1429,16,16,1,0.10051992256194353,0.6931471805599452,0.6931471805599452
184,1429,1430,10,10,1,0.10028145089745522,0.6931471805599452,0.6931471805599452
184,1430,1431,11,11,1,0.10077714649113742,0.6931471805599452,0.6931471805599452
184,1431,1432,11,11,1,0.10053656114773317,0.6931471805599452,0.6931471805599452
184,1432,1433,12,12,1,0.1007080003619194,0.6931471805599452,0.6931471805599452
184,1433,1434,16,16,1,0.1010372182354331,0.6931471805599452,0.6931471805599452
184,1434,1435,11,11,1,0.10267742384563792,0.6931471805599452,0.6931471805599452
184,1435,1436,10,10,1,0.09981571435928345,0.6931471805599452,0.6931471805599452
184,1436,1437,16,16,1,0.10101648280397058,0.6931471805599452,0.6931471805599452
184,1437,1438,15,15,1,0.10028189867734909,0.6931471805599452,0.6931471805599452
184,1438,1439,12,12,1,0.10017658645908038,0.6931471805599452,0.6931471805599452
184,1439,1440,12,12,1,0.10069539956748486,0.6931471805599452,0.6931471805599452
184,1440,1441,12,12,1,0.10067789442837238,0.6931471805599452,0.6931471805599452
184,1441,1442,12,12,1,0.1008094319452842,0.6931471805599452,0.6931471805599452
184,1442,1443,11,11,1,0.10143429989164526,0.6931471805599452,0.6931471805599452
184,1443,1444,13,13,1,0.10023949524530998,0.6931471805599452,0.6931471805599452
184,1444,1445,9,9,1,0.10110493335458967,0.6931471805599452,0.6931471805599452
184,1445,1446,10,10,1,0.10009962245821953,0.6931471805599452,0.6931471805599452
184,1446,1447,11,11,1,0.10253534533760765,0.6931471805599452,0.6931471805599452
184,1447,1448,11,11,1,0.10044528137553822,0.6931471805599452,0.6931471805599452
184,1448,1449,17,17,1,0.10103082832168131,0.6931471805599452,0.6931471805599452
184,1449,1450,10,10,1,0.10078973025083542,0.6931471805599452,0.6931471805599452
184,1450,1451,10,10,1,0.10051994249224663,0.6931471805599452,0.6931471805599452
184,1451,1452,11,11,1,0.10109532218087804,0.6931471805599452,0.6931471805599452
184,1452,1453,15,15,1,0.10053908626238504,0.6931471805599452,0.6931471805599452
184,1453,1454,15,15,1,0.10087308237950007,0.6931471805599452,0.6931471805599452
184,1454,1455,12,12,1,0.1014269193013509,0.6931471805599452,0.6931471805599452
184,1455,1456,9,9,1,0.10316018760204315,0.6931471805599452,0.6931471805599452
184,1456,1457,13,13,1,0.09977527077381428,0.6931471805599454,0.6931471805599452
184,1457,1458,11,11,1,0.10188977352597496,0.6931471805599452,0.6931471805599452
184,1458,1459,12,12,1,0.1014248722543319,0.6931471805599452,0.6931471805599452
184,1459,1460,12,12,1,0.10257008361319701,0.6931471805599452,0.6931471805599452
184,1460,1461,14,14,1,0.09999355035168785,0.6931471805599452,0.6931471805599452
184,1461,1462,11,11,1,0.105408329855312,0.6931471805599452,0.6931471805599452
184,1462,1463,10,10,1,0.10038546621799468,0.6931471805599452,0.6931471805599452
184,1463,1464,12,12,1,0.10077425713340442,0.6931471805599452,0.6931471805599452
184,1464,1465,10,10,1,0.10007440745830536,0.6931471805599452,0.6931471805599452
184,1465,1466,11,11,1,0.10086651756004854,0.6931471805599452,0.6931471805599452
184,1466,1467,10,10,1,0.10042181015014648,0.6931471805599452,0.6931471805599452
184,1467,1468,10,10,1,0.10152591988444329,0.6931471805599452,0.6931471805599452
184,1468,1469,13,13,1,0.10097562521696091,0.6931471805599452,0.6931471805599452
184,1469,1470,13,13,1,0.10053319827868389,0.6931471805599452,0.6931471805599451
184,1470,1471,16,16,1,0.10065767727792263,0.6931471805599452,0.6931471805599452
184,1471,1472,19,19,1,0.10086160702140708,0.6931471805599452,0.6931471805599452
184,1472,1473,11,11,1,0.10069550709290938,0.6931471805599452,0.6931471805599452
184,1473,1474,12,12,1,0.10085743976136048,0.6931471805599452,0.6931471805599452
184,1474,1475,5,5,1,0.10097002983093262,0.6931471805599452,0.6931471805599452
184,1475,1476,10,10,1,0.10201987847685814,0.6931471805599452,0.6931471805599452
184,1476,1477,13,13,1,0.10090442632253353,0.6931471805599452,0.6931471805599451
184,1477,1478,10,10,1,0.10051730126142502,0.6931471805599452,0.6931471805599452
184,1478,1479,11,11,1,0.10037015784870494,0.6931471805599452,0.6931471805599452
184,1479,1480,13,13,1,0.10044259463365261,0.6931471805599454,0.6931471805599452
184,1480,1481,5,5,1,0.09885448366403579,0.6931471805599452,0.6931471805599452
184,1481,1482,15,15,1,0.10062705129384994,0.6931471805599452,0.6931471805599452
184,1482,1483,11,11,1,0.10168475860899145,0.6931471805599452,0.6931471805599452
184,1483,1484,17,17,1,0.10124006998889587,0.6931471805599452,0.6931471805599452
184,1484,1485,8,8,1,0.10108618438243866,0.6931471805599452,0.6931471805599452
184,1485,1486,14,14,1,0.10186577694756645,0.6931471805599452,0.6931471805599452
184,1486,1487,12,12,1,0.10027970125277837,0.6931471805599452,0.6931471805599452
184,1487,1488,9,9,1,0.10171124504672156,0.6931471805599452,0.6931471805599452
184,1488,1489,5,5,1,0.10130956619977952,0.6931471805599452,0.6931471805599452
184,1489,1490,13,13,1,0.10209372696968225,0.6931471805599452,0.6931471805599452
184,1490,1491,12,12,1,0.10247143606344859,0.6931471805599452,0.6931471805599452
184,1491,1492,11,11,1,0.10026026652617888,0.6931471805599452,0.6931471805599452
184,1492,1493,5,5,1,0.10098817795515061,0.6931471805599452,0.6931471805599452
184,1493,1494,11,11,1,0.10221214456991716,0.6931471805599452,0.6931471805599452
184,1494,1495,11,11,1,0.099940840493549,0.6931471805599452,0.6931471805599452
184,1495,1496,15,15,1,0.10135190486907959,0.6931471805599452,0.6931471805599452
184,1496,1497,14,14,1,0.10151488333940506,0.6931471805599452,0.6931471805599452
184,1497,1498,5,5,1,0.09970636516809464,0.6931471805599452,0.6931471805599452
184,1498,1499,11,11,1,0.10028383338993246,0.6931471805599452,0.6931471805599452
184,1499,1500,15,15,1,0.10218119670947393,0.6931471805599452,0.6931471805599452
184,1500,1501,11,11,1,0.10034950416196477,0.6931471805599452,0.6931471805599452
184,1501,1502,8,8,1,0.10091919731348753,0.6931471805599452,0.6931471805599452
184,1502,1503,15,15,1,0.10081049303213756,0.6931471805599452,0.6931471805599452
184,1503,1504,5,5,1,0.10062848329544068,0.6931471805599452,0.6931471805599452
184,1504,1505,5,5,1,0.10052791833877564,0.6931471805599452,0.6931471805599452
184,1505,1506,13,13,1,0.10022344956031212,0.6931471805599452,0.6931471805599452
184,1506,1507,16,16,1,0.10028772754594684,0.6931471805599452,0.6931471805599452
184,1507,1508,8,8,1,0.10056067444384098,0.6931471805599452,0.6931471805599452
184,1508,1509,11,11,1,0.10193499380891974,0.6931471805599452,0.6931471805599452
184,1509,1510,10,10,1,0.10072920694947243,0.6931471805599452,0.6931471805599452
184,1510,1511,10,10,1,0.10090107098221779,0.6931471805599452,0.6931471805599452
184,1511,1512,13,13,1,0.10088418137568694,0.6931471805599452,0.6931471805599452
184,1512,1513,12,12,1,0.10069131789108117,0.6931471805599452,0.6931471805599452
184,1513,1514,13,13,1,0.10105100847207583,0.6931471805599452,0.6931471805599452
184,1514,1515,14,14,1,0.10054991553936686,0.6931471805599452,0.6931471805599452
184,1515,1516,13,13,1,0.10397575394465373,0.6931471805599452,0.6931471805599452
184,1516,1517,12,12,1,0.10125419870018959,0.6931471805599452,0.6931471805599452
184,1517,1518,16,16,1,0.10183731839060783,0.6931471805599452,0.6931471805599452
184,1518,1519,13,13,1,0.10022764939528245,0.6931471805599454,0.6931471805599452
184,1519,1520,13,13,1,0.10032482559864338,0.6931471805599452,0.6931471805599452
184,1520,1521,12,12,1,0.10085083544254303,0.6931471805599452,0.6931471805599452
184,1521,1522,10,10,1,0.10238317772746086,0.6931471805599452,0.6931471805599452
184,1522,1523,11,11,1,0.10081232271411202,0.6931471805599452,0.6931471805599452
184,1523,1524,5,5,1,0.10138165950775146,0.6931471805599452,0.6931471805599452
184,1524,1525,17,17,1,0.10080585146651548,0.6931471805599452,0.6931471805599452
184,1525,1526,16,16,1,0.10135196940973401,0.6931471805599452,0.6931471805599452
184,1526,1527,11,11,1,0.10103153505108574,0.6931471805599452,0.6931471805599451
184,1527,1528,13,13,1,0.10044834590875186,0.6931471805599452,0.6931471805599452
184,1528,1529,15,15,1,0.10381867190202078,0.6931471805599452,0.6931471805599452
184,1529,1530,12,12,1,0.10224274670084317,0.6931471805599452,0.6931471805599452
184,1530,1531,9,9,1,0.10091125302844578,0.6931471805599452,0.6931471805599452
184,1531,1532,12,12,1,0.10207788646221161,0.6931471805599452,0.6931471805599452
184,1532,1533,5,5,1,0.10081603825092315,0.6931471805599452,0.6931471805599452
184,1533,1534,12,12,1,0.1015226027617852,0.6931471805599452,0.6931471805599452
184,1534,1535,9,9,1,0.10089152223534054,0.6931471805599452,0.6931471805599452
184,1535,1536,10,10,1,0.10018261447548867,0.6931471805599452,0.6931471805599452
184,1536,1537,13,13,1,0.10120131419255184,0.6931471805599452,0.6931471805599452
184,1537,1538,5,5,1,0.11217279583215714,0.6931471805599452,0.6931471805599452
184,1538,1539,13,13,1,0.1010199235035823,0.6931471805599452,0.6931471805599452
184,1539,1540,14,14,1,0.10094326894198145,0.6931471805599452,0.6931471805599452
184,1540,1541,12,12,1,0.09954196525116761,0.6931471805599452,0.6931471805599452
184,1541,1542,11,11,1,0.1003461324355819,0.6931471805599452,0.6931471805599452
184,1542,1543,18,18,1,0.09993443762262662,0.6931471805599452,0.6931471805599452
184,1543,1544,16,16,1,0.10134660033509135,0.6931471805599452,0.6931471805599452
184,1544,1545,13,13,1,0.10101158114580008,0.6931471805599452,0.6931471805599452
184,1545,1546,13,13,1,0.1004805054802161,0.6931471805599452,0.6931471805599452
184,1546,1547,15,15,1,0.10025745580593745,0.6931471805599452,0.6931471805599452
184,1547,1548,6,6,1,0.10116533562541008,0.6931471805599452,0.6931471805599452
184,1548,1549,19,19,1,0.10141565689915105,0.6931471805599452,0.6931471805599452
184,1549,1550,13,13,1,0.10134577178038083,0.6931471805599452,0.6931471805599452
184,1550,1551,14,14,1,0.10005735020552363,0.6931471805599452,0.6931471805599452
184,1551,1552,18,18,1,0.10194856880439652,0.6931471805599452,0.6931471805599452
184,1552,1553,15,15,1,0.10063267250855763,0.6931471805599452,0.6931471805599452
184,1553,1554,14,14,1,0.10116273324404444,0.6931471805599452,0.6931471805599452
184,1554,1555,10,10,1,0.09992131888866425,0.6931471805599452,0.6931471805599452
184,1555,1556,19,19,1,0.10194466106201473,0.6931471805599452,0.6931471805599452
184,1556,1557,11,11,1,0.10106614570726048,0.6931471805599452,0.6931471805599452
184,1557,1558,13,13,1,0.10037804394960403,0.6931471805599452,0.6931471805599452
184,1558,1559,17,17,1,0.10152437231119942,0.6931471805599452,0.6931471805599452
184,1559,1560,17,17,1,0.10045371862018809,0.6931471805599452,0.6931471805599452
184,1560,1561,5,5,1,0.0998593583703041,0.6931471805599452,0.6931471805599452
184,1561,1562,8,8,1,0.10106493812054396,0.6931471805599452,0.6931471805599452
184,1562,1563,13,13,1,0.09968253282400277,0.6931471805599454,0.6931471805599452
184,1563,1564,12,12,1,0.10401930349568526,0.6931471805599454,0.6931471805599452
184,1564,1565,14,14,1,0.09892227660332407,0.6931471805599452,0.6931471805599452
184,1565,1566,15,15,1,0.10046371966600418,0.6931471805599452,0.6931471805599452
184,1566,1567,5,5,1,0.10033315867185592,0.6931471805599452,0.6931471805599452
184,1567,1568,20,20,1,0.10108360573649407,0.6931471805599452,0.6931471805599452
184,1568,1569,14,14,1,0.10015769888247762,0.6931471805599452,0.6931471805599452
184,1569,1570,22,22,1,0.10352610864422539,0.6931471805599452,0.6931471805599452
184,1570,1571,17,17,1,0.09988675091196508,0.6931471805599452,0.6931471805599452
184,1571,1572,15,15,1,0.10057321588198344,0.6931471805599452,0.6931471805599452
184,1572,1573,19,19,1,0.10559572593161934,0.6931471805599454,0.6931471805599452
184,1573,1574,21,21,1,0.09996870124623888,0.6931471805599452,0.6931471805599452
184,1574,1575,15,15,1,0.09995920558770498,0.6931471805599452,0.6931471805599452
184,1575,1576,11,11,1,0.10177725824442777,0.6931471805599452,0.6931471805599452
184,1576,1577,23,23,1,0.10088720075462175,0.6931471805599452,0.6931471805599452
184,1577,1578,17,17,1,0.10116104693973765,0.6931471805599452,0.6931471805599452
184,1578,1579,18,18,1,0.10065911461909612,0.6931471805599452,0.6931471805599452
184,1579,1580,12,12,1,0.10010524032016595,0.6931471805599452,0.6931471805599452
184,1580,1581,22,22,1,0.1001501286571676,0.6931471805599452,0.6931471805599452
184,1581,1582,17,17,1,0.10080909115426681,0.6931471805599452,0.6931471805599452
184,1582,1583,17,17,1,0.10041277373538297,0.6931471805599452,0.6931471805599452
184,1583,1584,16,16,1,0.10045251855626702,0.6931471805599452,0.6931471805599452
184,1584,1585,21,21,1,0.09966616438967842,0.6931471805599452,0.6931471805599452
184,1585,1586,14,14,1,0.10055919364094734,0.6931471805599452,0.6931471805599452
184,1586,1587,19,19,1,0.100630259043292,0.6931471805599452,0.6931471805599452
184,1587,1588,23,23,1,0.1002983535113542,0.6931471805599452,0.6931471805599452
184,1588,1589,14,14,1,0.10066122934222221,0.6931471805599452,0.6931471805599452
184,1589,1590,17,17,1,0.09980462272377576,0.6931471805599452,0.6931471805599452
184,1590,1591,15,15,1,0.10037382990121842,0.6931471805599452,0.6931471805599452
184,1591,1592,19,19,1,0.10051938695342917,0.6931471805599452,0.6931471805599452
184,1592,1593,25,25,1,0.10036085873842239,0.6931471805599452,0.6931471805599452
184,1593,1594,16,16,1,0.09990504570305347,0.6931471805599452,0.6931471805599452
184,1594,1595,12,12,1,0.10158349325259526,0.6931471805599452,0.6931471805599452
184,1595,1596,16,16,1,0.1001455383375287,0.6931471805599452,0.6931471805599452
184,1596,1597,15,15,1,0.10037975311279297,0.6931471805599452,0.6931471805599452
184,1597,1598,13,13,1,0.1004287010202041,0.6931471805599452,0.6931471805599452
184,1598,1599,19,19,1,0.10006261028741535,0.6931471805599452,0.6931471805599452
184,1599,1600,16,16,1,0.10070046223700047,0.6931471805599452,0.6931471805599452
184,1600,1601,17,17,1,0.10030399569693733,0.6931471805599452,0.6931471805599452
184,1601,1602,15,15,1,0.0997832641005516,0.6931471805599452,0.6931471805599452
184,1602,1603,13,13,1,0.101235032081604,0.6931471805599452,0.6931471805599452
184,1603,1604,9,9,1,0.09969112277030945,0.6931471805599452,0.6931471805599452
184,1604,1605,21,21,1,0.1003062469618661,0.6931471805599452,0.6931471805599452
184,1605,1606,22,22,1,0.10047849301587451,0.6931471805599452,0.6931471805599452
184,1606,1607,17,17,1,0.10022387609762304,0.6931471805599452,0.6931471805599452
184,1607,1608,21,21,1,0.10054013771670205,0.6931471805599452,0.6931471805599452
184,1608,1609,21,21,1,0.10057834358442397,0.6931471805599452,0.6931471805599452
184,1609,1610,18,18,1,0.10008387805687056,0.6931471805599452,0.6931471805599452
184,1610,1611,18,18,1,0.10057149827480316,0.6931471805599452,0.6931471805599452
184,1611,1612,25,25,1,0.10001864343881607,0.6931471805599452,0.6931471805599452
184,1612,1613,5,5,1,0.10199102759361267,0.6931471805599452,0.6931471805599452
184,1613,1614,14,14,1,0.10066952343497958,0.6931471805599452,0.6931471805599452
184,1614,1615,15,15,1,0.10068290879329046,0.6931471805599452,0.6931471805599452
184,1615,1616,19,19,1,0.10036554814953554,0.6931471805599452,0.6931471805599452
184,1616,1617,15,15,1,0.10117704669634502,0.6931471805599454,0.6931471805599452
184,1617,1618,16,16,1,0.10060647409409285,0.6931471805599452,0.6931471805599452
184,1618,1619,12,12,1,0.1002430592974027,0.6931471805599454,0.6931471805599452
184,1619,1620,17,17,1,0.10144016102832906,0.6931471805599452,0.6931471805599452
184,1620,1621,17,17,1,0.10056367954787086,0.6931471805599452,0.6931471805599452
184,1621,1622,14,14,1,0.10066831218344825,0.6931471805599452,0.6931471805599452
184,1622,1623,14,14,1,0.10152636202318328,0.6931471805599452,0.6931471805599452
184,1623,1624,10,10,1,0.10062114521861076,0.6931471805599452,0.6931471805599452
184,1624,1625,14,14,1,0.10014846282345909,0.6931471805599452,0.6931471805599452
184,1625,1626,11,11,1,0.1006614559076049,0.6931471805599452,0.6931471805599452
184,1626,1627,15,15,1,0.1007462998231252,0.6931471805599454,0.6931471805599453
184,1627,1628,16,16,1,0.10015402780845761,0.6931471805599452,0.6931471805599452
184,1628,1629,14,14,1,0.10087635314890317,0.6931471805599452,0.6931471805599452
184,1629,1630,21,21,1,0.09979678725912458,0.6931471805599452,0.6931471805599452
184,1630,1631,13,13,1,0.10104172160992256,0.6931471805599454,0.6931471805599452
184,1631,1632,18,18,1,0.10032417956325743,0.6931471805599452,0.6931471805599452
184,1632,1633,16,16,1,0.10043936036527157,0.6931471805599452,0.6931471805599452
184,1633,1634,12,12,1,0.10013768884042899,0.6931471805599452,0.6931471805599452
184,1634,1635,15,15,1,0.10082015295823415,0.6931471805599452,0.6931471805599452
184,1635,1636,22,22,1,0.10034930401227692,0.6931471805599452,0.6931471805599452
184,1636,1637,19,19,1,0.10014974404322474,0.6931471805599452,0.6931471805599452
184,1637,1638,23,23,1,0.10039723599734514,0.6931471805599452,0.6931471805599452
184,1638,1639,23,23,1,0.10103944689035416,0.6931471805599452,0.6931471805599452
184,1639,1640,16,16,1,0.10052660387009382,0.6931471805599452,0.6931471805599452
184,1640,1641,18,18,1,0.10057152559359868,0.6931471805599452,0.6931471805599452
184,1641,1642,15,15,1,0.10025383234024048,0.6931471805599452,0.6931471805599452
184,1642,1643,22,22,1,0.10061090541156856,0.6931471805599452,0.6931471805599452
184,1643,1644,16,16,1,0.10001525981351733,0.6931471805599452,0.6931471805599452
184,1644,1645,8,8,1,0.10106063634157181,0.6931471805599452,0.6931471805599452
184,1645,1646,14,14,1,0.10045264288783073,0.6931471805599452,0.6931471805599452
184,1646,1647,14,14,1,0.09934299705283982,0.6931471805599452,0.6931471805599452
184,1647,1648,14,14,1,0.10007583616035325,0.6931471805599452,0.6931471805599452
184,1648,1649,21,21,1,0.10045154215324492,0.6931471805599452,0.6931471805599452
184,1649,1650,15,15,1,0.10060316870609919,0.6931471805599452,0.6931471805599452
184,1650,1651,16,16,1,0.10174631560221314,0.6931471805599452,0.6931471805599452
184,1651,1652,17,17,1,0.10027674804715549,0.6931471805599452,0.6931471805599452
184,1652,1653,12,12,1,0.10019163290659587,0.6931471805599452,0.6931471805599452
184,1653,1654,15,15,1,0.10105518748362859,0.6931471805599452,0.6931471805599452
184,1654,1655,16,16,1,0.10075476858764887,0.6931471805599452,0.6931471805599452
184,1655,1656,11,11,1,0.10063739324157889,0.6931471805599452,0.6931471805599452
184,1656,1657,16,16,1,0.10011546080932021,0.6931471805599452,0.6931471805599452
184,1657,1658,13,13,1,0.09997581805174167,0.6931471805599452,0.6931471805599452
184,1658,1659,14,14,1,0.10037054068275861,0.6931471805599452,0.6931471805599452
184,1659,1660,18,18,1,0.10030816329850091,0.6931471805599452,0.6931471805599452
184,1660,1661,14,14,1,0.10003705748489924,0.6931471805599452,0.6931471805599452
184,1661,1662,10,10,1,0.1001968190073967,0.6931471805599452,0.6931471805599452
184,1662,1663,20,20,1,0.09938782379031182,0.6931471805599452,0.6931471805599452
184,1663,1664,5,5,1,0.09697820246219635,0.6931471805599452,0.6931471805599452
184,1664,1665,14,14,1,0.09961795913321632,0.6931471805599452,0.6931471805599452
184,1665,1666,11,11,1,0.09998581693931059,0.6931471805599452,0.6931471805599452
184,1666,1667,10,10,1,0.09927065297961235,0.6931471805599452,0.6931471805599452
184,1667,1668,25,25,1,0.10060812473297119,0.6931471805599452,0.6931471805599452
184,1668,1669,15,15,1,0.09935202250878016,0.6931471805599452,0.6931471805599452
184,1669,1670,15,15,1,0.0992841050028801,0.6931471805599452,0.6931471805599452
184,1670,1671,16,16,1,0.09925767919048667,0.6931471805599452,0.6931471805599452
184,1671,1672,14,14,1,0.09971534567219871,0.6931471805599452,0.6931471805599452
184,1672,1673,15,15,1,0.10063262283802032,0.6931471805599452,0.6931471805599452
184,1673,1674,12,12,1,0.10042959575851758,0.6931471805599454,0.6931471805599452
184,1674,1675,26,26,1,0.10038250971298951,0.6931471805599452,0.6931471805599452
184,1675,1676,14,14,1,0.10031076041715485,0.6931471805599452,0.6931471805599452
184,1676,1677,11,11,1,0.10073275051333687,0.6931471805599452,0.6931471805599452
184,1677,1678,16,16,1,0.10055213002488017,0.6931471805599452,0.6931471805599452
184,1678,1679,19,19,1,0.09974962080779828,0.6931471805599452,0.6931471805599452
184,1679,1680,13,13,1,0.10051060296021976,0.6931471805599452,0.6931471805599452
184,1680,1681,19,19,1,0.10055159542121385,0.6931471805599452,0.6931471805599452
184,1681,1682,17,17,1,0.10042737862643074,0.6931471805599452,0.6931471805599452
184,1682,1683,14,14,1,0.10036473614828927,0.6931471805599452,0.6931471805599452
184,1683,1684,21,21,1,0.100581794267609,0.6931471805599452,0.6931471805599452
184,1684,1685,22,22,1,0.09944885664365509,0.6931471805599452,0.6931471805599452
184,1685,1686,16,16,1,0.09984237933531404,0.6931471805599452,0.6931471805599452
184,1686,1687,23,23,1,0.09997794323641321,0.6931471805599452,0.6931471805599452
184,1687,1688,17,17,1,0.09962964890634313,0.6931471805599452,0.6931471805599452
184,1688,1689,24,24,1,0.10084265718857448,0.6931471805599452,0.6931471805599452
184,1689,1690,20,20,1,0.10085120126605034,0.6931471805599452,0.6931471805599452
184,1690,1691,10,10,1,0.09920477122068405,0.6931471805599452,0.6931471805599452
184,1691,1692,15,15,1,0.10063248177369435,0.6931471805599452,0.6931471805599452
184,1692,1693,21,21,1,0.09886505561215538,0.6931471805599452,0.6931471805599452
184,1693,1694,15,15,1,0.09980312585830689,0.6931471805599452,0.6931471805599452
184,1694,1695,19,19,1,0.10028612613677979,0.6931471805599452,0.6931471805599452
184,1695,1696,12,12,1,0.09973935782909393,0.6931471805599452,0.6931471805599452
184,1696,1697,13,13,1,0.09970540496019217,0.6931471805599452,0.6931471805599452
184,1697,1698,17,17,1,0.09977803247816422,0.6931471805599452,0.6931471805599452
184,1698,1699,18,18,1,0.0995127157204681,0.6931471805599452,0.6931471805599452
184,1699,1700,15,15,1,0.09972509741783142,0.6931471805599452,0.6931471805599452
184,1700,1701,20,20,1,0.09950650744140148,0.6931471805599452,0.6931471805599452
184,1701,1702,20,20,1,0.10081845745444298,0.6931471805599452,0.6931471805599452
184,1702,1703,17,17,1,0.09943526501164716,0.6931471805599452,0.6931471805599452
184,1703,1704,21,21,1,0.09916770919447854,0.6931471805599452,0.6931471805599452
184,1704,1705,13,13,1,0.09951833349007827,0.6931471805599452,0.6931471805599452
184,1705,1706,13,13,1,0.10018568543287423,0.6931471805599452,0.6931471805599452
184,1706,1707,13,13,1,0.09842341507856663,0.6931471805599454,0.6931471805599452
184,1707,1708,17,17,1,0.09866411238908768,0.6931471805599452,0.6931471805599452
184,1708,1709,19,19,1,0.09966889102207988,0.6931471805599452,0.6931471805599452
184,1709,1710,21,21,1,0.0995285255568368,0.6931471805599452,0.6931471805599452
184,1710,1711,16,16,1,0.10016923677176237,0.6931471805599452,0.6931471805599452
184,1711,1712,23,23,1,0.09914787308029506,0.6931471805599452,0.6931471805599452
184,1712,1713,15,15,1,0.09972775926192602,0.6931471805599452,0.6931471805599452
184,1713,1714,22,22,1,0.10126035050912337,0.6931471805599452,0.6931471805599452
184,1714,1715,13,13,1,0.09798679844691204,0.6931471805599452,0.6931471805599452
184,1715,1716,18,18,1,0.10011505294177267,0.6931471805599452,0.6931471805599452
184,1716,1717,18,18,1,0.09939388558268547,0.6931471805599452,0.6931471805599452
184,1717,1718,14,14,1,0.10043599137238093,0.6931471805599452,0.6931471805599452
184,1718,1719,15,15,1,0.10026073654492697,0.6931471805599452,0.6931471805599452
184,1719,1720,19,19,1,0.09884477563594517,0.6931471805599452,0.6931471805599452
184,1720,1721,16,16,1,0.09908785717561841,0.6931471805599452,0.6931471805599452
184,1721,1722,22,22,1,0.10002150115641681,0.6931471805599452,0.6931471805599452
184,1722,1723,13,13,1,0.0996621956045811,0.6931471805599454,0.6931471805599452
184,1723,1724,17,17,1,0.10080283792579875,0.6931471805599452,0.6931471805599452
184,1724,1725,16,16,1,0.09993912791833282,0.6931471805599452,0.6931471805599452
184,1725,1726,15,15,1,0.10064675658941269,0.6931471805599452,0.6931471805599452
184,1726,1727,14,14,1,0.09912821065102305,0.6931471805599452,0.6931471805599452
184,1727,1728,19,19,1,0.09887446855243884,0.6931471805599452,0.6931471805599452
184,1728,1729,16,16,1,0.09932611789554358,0.6931471805599452,0.6931471805599452
184,1729,1730,16,16,1,0.09972493816167116,0.6931471805599452,0.6931471805599452
184,1730,1731,18,18,1,0.09991262977321942,0.6931471805599452,0.6931471805599452
184,1731,1732,16,16,1,0.09973553428426385,0.6931471805599452,0.6931471805599452
184,1732,1733,14,14,1,0.10070889868906566,0.6931471805599452,0.6931471805599452
184,1733,1734,19,19,1,0.09984922330630452,0.6931471805599452,0.6931471805599452
184,1734,1735,12,12,1,0.0994572223474582,0.6931471805599452,0.6931471805599452
184,1735,1736,14,14,1,0.10012015966432435,0.6931471805599452,0.6931471805599452
184,1736,1737,19,19,1,0.1004678708942313,0.6931471805599452,0.6931471805599452
184,1737,1738,12,12,1,0.09735727061827977,0.6931471805599454,0.6931471805599452
184,1738,1739,15,15,1,0.10004956871271134,0.6931471805599452,0.6931471805599452
184,1739,1740,20,20,1,0.10034275203943252,0.6931471805599452,0.6931471805599452
184,1740,1741,17,17,1,0.10114117448820788,0.6931471805599452,0.6931471805599452
184,1741,1742,13,13,1,0.09944980763472043,0.6931471805599454,0.6931471805599452
184,1742,1743,22,22,1,0.10079464350234378,0.6931471805599452,0.6931471805599452
184,1743,1744,12,12,1,0.10000075958669186,0.6931471805599454,0.6931471805599452
184,1744,1745,21,21,1,0.09906414257628578,0.6931471805599452,0.6931471805599452
184,1745,1746,15,15,1,0.10043095896641413,0.6931471805599452,0.6931471805599452
184,1746,1747,14,14,1,0.0979595695223127,0.6931471805599452,0.6931471805599452
184,1747,1748,15,15,1,0.09956692755222321,0.6931471805599452,0.6931471805599452
184,1748,1749,14,14,1,0.0995039428983416,0.6931471805599452,0.6931471805599452
184,1749,1750,18,18,1,0.10012053077419598,0.6931471805599454,0.6931471805599452
184,1750,1751,14,14,1,0.09891267333711896,0.6931471805599452,0.6931471805599452
184,1751,1752,18,18,1,0.10033427013291253,0.6931471805599454,0.6931471805599452
184,1752,1753,14,14,1,0.1004567529473986,0.6931471805599452,0.6931471805599452
184,1753,1754,13,13,1,0.09868597010007271,0.6931471805599452,0.6931471805599452
184,1754,1755,14,14,1,0.10007971738065992,0.6931471805599452,0.6931471805599452
184,1755,1756,13,13,1,0.10024942457675934,0.6931471805599454,0.6931471805599453
184,1756,1757,15,15,1,0.09961281617482504,0.6931471805599452,0.6931471805599452
184,1757,1758,15,15,1,0.10106364786624908,0.6931471805599452,0.6931471805599452
184,1758,1759,13,13,1,0.10008725466636512,0.6931471805599452,0.6931471805599452
184,1759,1760,16,16,1,0.10061095841228962,0.6931471805599452,0.6931471805599452
184,1760,1761,24,24,1,0.10010323207825422,0.6931471805599452,0.6931471805599452
184,1761,1762,15,15,1,0.09996720453103383,0.6931471805599452,0.6931471805599452
184,1762,1763,16,16,1,0.09962809551507235,0.6931471805599452,0.6931471805599453
184,1763,1764,13,13,1,0.10028083278582646,0.6931471805599452,0.6931471805599452
184,1764,1765,13,13,1,0.1011500759766652,0.6931471805599454,0.6931471805599452
184,1765,1766,10,10,1,0.10056870207190513,0.6931471805599452,0.6931471805599452
184,1766,1767,13,13,1,0.10028461596140495,0.6931471805599452,0.6931471805599452
184,1767,1768,20,20,1,0.1009113036096096,0.6931471805599452,0.6931471805599452
184,1768,1769,13,13,1,0.10083713267858212,0.6931471805599452,0.6931471805599452
184,1769,1770,20,20,1,0.10022274069488049,0.6931471805599452,0.6931471805599453
184,1770,1771,5,5,1,0.09951877146959305,0.6931471805599452,0.6931471805599452
184,1771,1772,17,17,1,0.10014721006155014,0.6931471805599452,0.6931471805599452
184,1772,1773,14,14,1,0.10039692212428365,0.6931471805599452,0.6931471805599452
184,1773,1774,21,21,1,0.10110497297275634,0.6931471805599452,0.6931471805599452
184,1774,1775,15,15,1,0.10075855950514476,0.6931471805599452,0.6931471805599452
184,1775,1776,6,6,1,0.10123686989148457,0.6931471805599452,0.6931471805599452
184,1776,1777,11,11,1,0.10060805759646675,0.6931471805599452,0.6931471805599452
184,1777,1778,23,23,1,0.10065950906795004,0.6931471805599452,0.6931471805599452
184,1778,1779,13,13,1,0.10095826593729165,0.6931471805599452,0.6931471805599452
184,1779,1780,16,16,1,0.10046325670555234,0.6931471805599452,0.6931471805599452
184,1780,1781,15,15,1,0.10011543085177739,0.6931471805599452,0.6931471805599452
184,1781,1782,18,18,1,0.10060707024402088,0.6931471805599454,0.6931471805599452
184,1782,1783,15,15,1,0.10076634188493093,0.6931471805599452,0.6931471805599452
184,1783,1784,12,12,1,0.10115753673017025,0.6931471805599452,0.6931471805599452
184,1784,1785,15,15,1,0.10059298028548559,0.6931471805599452,0.6931471805599452
184,1785,1786,15,15,1,0.10048182060321172,0.6931471805599452,0.6931471805599452
184,1786,1787,15,15,1,0.10051070898771286,0.6931471805599452,0.6931471805599452
184,1787,1788,13,13,1,0.10095159652141425,0.6931471805599452,0.6931471805599452
184,1788,1789,12,12,1,0.10048657283186913,0.6931471805599454,0.6931471805599452
184,1789,1790,16,16,1,0.10022861137986183,0.6931471805599452,0.6931471805599452
184,1790,1791,10,10,1,0.1008458361029625,0.6931471805599452,0.6931471805599452
184,1791,1792,18,18,1,0.10023787245154381,0.6931471805599452,0.6931471805599453
184,1792,1793,15,15,1,0.10057767530282338,0.6931471805599452,0.6931471805599452
184,1793,1794,12,12,1,0.10008551242450874,0.6931471805599452,0.6931471805599452
184,1794,1795,20,20,1,0.10036001726984978,0.6931471805599452,0.6931471805599452
184,1795,1796,15,15,1,0.10069020986557006,0.6931471805599452,0.6931471805599452
184,1796,1797,17,17,1,0.10139486368964701,0.6931471805599452,0.6931471805599452
184,1797,1798,16,16,1,0.10136276111006737,0.6931471805599452,0.6931471805599452
184,1798,1799,12,12,1,0.0995534776399533,0.6931471805599452,0.6931471805599453
184,1799,1800,19,19,1,0.10103035286853188,0.6931471805599452,0.6931471805599452
184,1800,1801,13,13,1,0.09919566603807303,0.6931471805599454,0.6931471805599452
184,1801,1802,19,19,1,0.10107920397269099,0.6931471805599452,0.6931471805599452
184,1802,1803,13,13,1,0.10039636664665662,0.6931471805599454,0.6931471805599452
184,1803,1804,14,14,1,0.10053669501628194,0.6931471805599452,0.6931471805599452
184,1804,1805,12,12,1,0.10207562210659187,0.6931471805599454,0.6931471805599452
184,1805,1806,15,15,1,0.10024507989486059,0.6931471805599452,0.6931471805599453
184,1806,1807,13,13,1,0.0997052536560939,0.6931471805599454,0.6931471805599452
184,1807,1808,9,9,1,0.101637478503916,0.6931471805599452,0.6931471805599452
184,1808,1809,17,17,1,0.10060255930704229,0.6931471805599452,0.6931471805599452
184,1809,1810,16,16,1,0.10050822282209992,0.6931471805599452,0.6931471805599452
184,1810,1811,14,14,1,0.10016597700970513,0.6931471805599452,0.6931471805599452
184,1811,1812,15,15,1,0.1004219502210617,0.6931471805599452,0.6931471805599452
184,1812,1813,15,15,1,0.10071256558100382,0.6931471805599452,0.6931471805599453
184,1813,1814,17,17,1,0.10028558443574344,0.6931471805599452,0.6931471805599452
184,1814,1815,16,16,1,0.10054255882278085,0.6931471805599452,0.6931471805599452
184,1815,1816,17,17,1,0.10023745499989566,0.6931471805599452,0.6931471805599452
184,1816,1817,18,18,1,0.10057513871126705,0.6931471805599452,0.6931471805599452
184,1817,1818,12,12,1,0.10114103866120179,0.6931471805599452,0.6931471805599452
184,1818,1819,5,5,1,0.10098589658737182,0.6931471805599452,0.6931471805599452
184,1819,1820,16,16,1,0.10169422486796975,0.6931471805599452,0.6931471805599453
184,1820,1821,13,13,1,0.10006999167112204,0.6931471805599454,0.6931471805599453
184,1821,1822,16,16,1,0.10047461045905948,0.6931471805599452,0.6931471805599452
184,1822,1823,15,15,1,0.09976166884104411,0.6931471805599452,0.6931471805599452
184,1823,1824,16,16,1,0.10021730931475759,0.6931471805599452,0.6931471805599452
184,1824,1825,12,12,1,0.10224374569952488,0.6931471805599452,0.6931471805599452
184,1825,1826,16,16,1,0.10080557316541672,0.6931471805599452,0.6931471805599452
184,1826,1827,11,11,1,0.10317020998759703,0.6931471805599452,0.6931471805599452
184,1827,1828,14,14,1,0.10109417619449752,0.6931471805599452,0.6931471805599453
184,1828,1829,17,17,1,0.10063027765821009,0.6931471805599452,0.6931471805599452
184,1829,1830,16,16,1,0.10075474018231034,0.6931471805599452,0.6931471805599452
184,1830,1831,5,5,1,0.1008812740445137,0.6931471805599452,0.6931471805599452
184,1831,1832,9,9,1,0.10058027009169261,0.6931471805599452,0.6931471805599452
184,1832,1833,5,5,1,0.10059132874011993,0.6931471805599452,0.6931471805599452
184,1833,1834,22,22,1,0.1005408222025091,0.6931471805599452,0.6931471805599452
184,1834,1835,15,15,1,0.09996412893136343,0.6931471805599452,0.6931471805599453
184,1835,1836,12,12,1,0.1004544577250878,0.6931471805599452,0.6931471805599452
184,1836,1837,18,18,1,0.10072912896672885,0.6931471805599452,0.6931471805599452
184,1837,1838,12,12,1,0.10459390034278233,0.6931471805599452,0.6931471805599452
184,1838,1839,11,11,1,0.10390977290543643,0.6931471805599454,0.6931471805599452
184,1839,1840,16,16,1,0.10097641032189131,0.6931471805599452,0.6931471805599452
184,1840,1841,21,21,1,0.10091050323985871,0.6931471805599452,0.6931471805599452
184,1841,1842,13,13,1,0.10043398462809049,0.6931471805599452,0.6931471805599453
184,1842,1843,12,12,1,0.1001478514323632,0.6931471805599454,0.6931471805599452
184,1843,1844,15,15,1,0.10038174937168758,0.6931471805599452,0.6931471805599452
184,1844,1845,14,14,1,0.10046907088586263,0.6931471805599452,0.6931471805599452
184,1845,1846,12,12,1,0.10150059623022874,0.6931471805599452,0.6931471805599452
184,1846,1847,21,21,1,0.10181165096305665,0.6931471805599452,0.6931471805599452
184,1847,1848,12,12,1,0.10042083263397217,0.6931471805599454,0.6931471805599452
184,1848,1849,17,17,1,0.10055658747168149,0.6931471805599452,0.6931471805599453
184,1849,1850,22,22,1,0.10048601539297537,0.6931471805599452,0.6931471805599452
184,1850,1851,16,16,1,0.10012592514976859,0.6931471805599452,0.6931471805599452
184,1851,1852,12,12,1,0.10083768144249916,0.6931471805599452,0.6931471805599452
184,1852,1853,19,19,1,0.10031040404972277,0.6931471805599452,0.6931471805599452
184,1853,1854,16,16,1,0.10039427690207958,0.6931471805599452,0.6931471805599452
184,1854,1855,18,18,1,0.10115592181682587,0.6931471805599452,0.6931471805599452
184,1855,1856,19,19,1,0.10062898342546664,0.6931471805599452,0.6931471805599452
184,1856,1857,19,19,1,0.10072887767302363,0.6931471805599452,0.6931471805599452
184,1857,1858,11,11,1,0.10180914537473158,0.6931471805599452,0.6931471805599452
184,1858,1859,16,16,1,0.1013001543469727,0.6931471805599452,0.6931471805599452
184,1859,1860,21,21,1,0.10062646582013085,0.6931471805599452,0.6931471805599452
184,1860,1861,5,5,1,0.1016429454088211,0.6931471805599452,0.6931471805599452
184,1861,1862,16,16,1,0.0999680869281292,0.6931471805599452,0.6931471805599452
184,1862,1863,19,19,1,0.10047639318202671,0.6931471805599452,0.6931471805599452
184,1863,1864,25,25,1,0.10010700017213821,0.6931471805599452,0.6931471805599453
184,1864,1865,13,13,1,0.10072663541023548,0.6931471805599452,0.6931471805599452
184,1865,1866,12,12,1,0.10108170720438163,0.6931471805599454,0.6931471805599452
184,1866,1867,14,14,1,0.10041479926024165,0.6931471805599452,0.6931471805599452
184,1867,1868,5,5,1,0.11052584797143936,0.6931471805599452,0.6931471805599452
184,1868,1869,10,10,1,0.10015309229493141,0.6931471805599452,0.6931471805599452
184,1869,1870,16,16,1,0.10056655900552869,0.6931471805599452,0.6931471805599452
184,1870,1871,18,18,1,0.10021706504954232,0.6931471805599452,0.6931471805599453
184,1871,1872,17,17,1,0.10035348289153155,0.6931471805599452,0.6931471805599452
184,1872,1873,15,15,1,0.10078710317611694,0.6931471805599452,0.6931471805599452
184,1873,1874,18,18,1,0.10104896914627817,0.6931471805599452,0.6931471805599452
184,1874,1875,16,16,1,0.10065575642511249,0.6931471805599452,0.6931471805599452
184,1875,1876,19,19,1,0.10063709044142773,0.6931471805599452,0.6931471805599452
184,1876,1877,14,14,1,0.10044705282364573,0.6931471805599452,0.6931471805599452
184,1877,1878,11,11,1,0.10110181502320549,0.6931471805599452,0.6931471805599453
184,1878,1879,15,15,1,0.1015229140718778,0.6931471805599452,0.6931471805599452
184,1879,1880,16,16,1,0.10099859908223152,0.6931471805599452,0.6931471805599452
184,1880,1881,15,15,1,0.10011513829231262,0.6931471805599452,0.6931471805599452
184,1881,1882,15,15,1,0.10093934486309687,0.6931471805599452,0.6931471805599452
184,1882,1883,14,14,1,0.10083348357251712,0.6931471805599452,0.6931471805599452
184,1883,1884,19,19,1,0.10049934214667271,0.6931471805599452,0.6931471805599452
184,1884,1885,20,20,1,0.10094602331519127,0.6931471805599452,0.6931471805599453
184,1885,1886,20,20,1,0.10091174803674222,0.6931471805599452,0.6931471805599452
184,1886,1887,18,18,1,0.10036323219537735,0.6931471805599452,0.6931471805599452
184,1887,1888,18,18,1,0.10087563097476959,0.6931471805599452,0.6931471805599452
184,1888,1889,17,17,1,0.10041717352236018,0.6931471805599452,0.6931471805599452
184,1889,1890,17,17,1,0.10096257881206624,0.6931471805599452,0.6931471805599452
184,1890,1891,18,18,1,0.10088630517323811,0.6931471805599452,0.6931471805599452
184,1891,1892,16,16,1,0.10048420308157802,0.6931471805599452,0.6931471805599452
184,1892,1893,17,17,1,0.10091582072131774,0.6931471805599452,0.6931471805599452
184,1893,1894,12,12,1,0.1066884808242321,0.6931471805599452,0.6931471805599452
184,1894,1895,17,17,1,0.10131136503289728,0.6931471805599452,0.6931471805599452
184,1895,1896,19,19,1,0.1004475288485226,0.6931471805599452,0.6931471805599452
184,1896,1897,14,14,1,0.10023191198706627,0.6931471805599452,0.6931471805599452
184,1897,1898,18,18,1,0.10079930267400211,0.6931471805599452,0.6931471805599452
184,1898,1899,16,16,1,0.10073083452880383,0.6931471805599452,0.6931471805599452
184,1899,1900,20,20,1,0.10092603899538517,0.6931471805599452,0.6931471805599452
184,1900,1901,19,19,1,0.10064702010468433,0.6931471805599452,0.6931471805599452
184,1901,1902,22,22,1,0.10046173225749623,0.6931471805599452,0.6931471805599452
184,1902,1903,24,24,1,0.10014243392894666,0.6931471805599452,0.6931471805599452
184,1903,1904,19,19,1,0.10178365989735252,0.6931471805599452,0.6931471805599452
184,1904,1905,18,18,1,0.10132697390185462,0.6931471805599452,0.6931471805599452
184,1905,1906,17,17,1,0.10097777492859784,0.6931471805599452,0.6931471805599452
184,1906,1907,16,16,1,0.10019526397809386,0.6931471805599452,0.6931471805599452
184,1907,1908,18,18,1,0.10165244258112377,0.6931471805599452,0.6931471805599452
184,1908,1909,16,16,1,0.10039194393903017,0.6931471805599452,0.6931471805599452
184,1909,1910,16,16,1,0.10084339184686542,0.6931471805599452,0.6931471805599452
184,1910,1911,17,17,1,0.10069654487511691,0.6931471805599452,0.6931471805599452
184,1911,1912,17,17,1,0.10074883348801557,0.6931471805599452,0.6931471805599452
184,1912,1913,18,18,1,0.10071824408239788,0.6931471805599452,0.6931471805599452
184,1913,1914,15,15,1,0.10109422653913498,0.6931471805599454,0.6931471805599453
184,1914,1915,19,19,1,0.10074543364738163,0.6931471805599452,0.6931471805599452
184,1915,1916,18,18,1,0.10128412602676286,0.6931471805599452,0.6931471805599452
184,1916,1917,19,19,1,0.10107224905177166,0.6931471805599452,0.6931471805599452
184,1917,1918,17,17,1,0.10040614096557393,0.6931471805599452,0.6931471805599452
184,1918,1919,12,12,1,0.10022849092880885,0.6931471805599454,0.6931471805599452
184,1919,1920,14,14,1,0.09930768449391637,0.6931471805599452,0.6931471805599452
184,1920,1921,16,16,1,0.10046726372092962,0.6931471805599452,0.6931471805599452
184,1921,1922,22,22,1,0.10047151012854143,0.6931471805599452,0.6931471805599452
184,1922,1923,15,15,1,0.10032243331273397,0.6931471805599452,0.6931471805599452
184,1923,1924,20,20,1,0.10083494149148464,0.6931471805599452,0.6931471805599452
184,1924,1925,18,18,1,0.10166007156173389,0.6931471805599452,0.6931471805599452
184,1925,1926,20,20,1,0.10036944299936294,0.6931471805599452,0.6931471805599452
184,1926,1927,15,15,1,0.10061139265696208,0.6931471805599454,0.6931471805599452
184,1927,1928,17,17,1,0.10194484363583957,0.6931471805599452,0.6931471805599452
184,1928,1929,15,15,1,0.10092196265856425,0.6931471805599452,0.6931471805599452
184,1929,1930,16,16,1,0.1003365428186953,0.6931471805599452,0.6931471805599452
184,1930,1931,17,17,1,0.1017601209528306,0.6931471805599452,0.6931471805599452
184,1931,1932,13,13,1,0.10129310190677643,0.6931471805599452,0.6931471805599452
184,1932,1933,15,15,1,0.10090827246507009,0.6931471805599454,0.6931471805599452
184,1933,1934,17,17,1,0.10098251788055196,0.6931471805599452,0.6931471805599452
184,1934,1935,16,16,1,0.10056040901690722,0.6931471805599452,0.6931471805599452
184,1935,1936,19,19,1,0.10104244751365561,0.6931471805599452,0.6931471805599452
184,1936,1937,14,14,1,0.10046274906822614,0.6931471805599452,0.6931471805599452
184,1937,1938,18,18,1,0.10103209440906842,0.6931471805599452,0.6931471805599452
184,1938,1939,21,21,1,0.10089767901670366,0.6931471805599452,0.6931471805599452
184,1939,1940,20,20,1,0.10097850188612938,0.6931471805599452,0.6931471805599452
184,1940,1941,19,19,1,0.1005474611332542,0.6931471805599452,0.6931471805599452
184,1941,1942,15,15,1,0.10179030895233154,0.6931471805599454,0.6931471805599452
184,1942,1943,17,17,1,0.10066683853373808,0.6931471805599452,0.6931471805599452
184,1943,1944,17,17,1,0.10077366758795346,0.6931471805599452,0.6931471805599452
184,1944,1945,16,16,1,0.10042189760133624,0.6931471805599452,0.6931471805599452
184,1945,1946,20,20,1,0.10098786652088165,0.6931471805599452,0.6931471805599452
184,1946,1947,14,14,1,0.09992670427475657,0.6931471805599452,0.6931471805599452
184,1947,1948,15,15,1,0.10032856961091359,0.6931471805599452,0.6931471805599452
184,1948,1949,16,16,1,0.10007809894159436,0.6931471805599452,0.6931471805599452
184,1949,1950,19,19,1,0.1007919060556512,0.6931471805599452,0.6931471805599453
184,1950,1951,14,14,1,0.10088528533067022,0.6931471805599452,0.6931471805599452
184,1951,1952,16,16,1,0.10059751803055406,0.6931471805599452,0.6931471805599452
184,1952,1953,17,17,1,0.10121458681190715,0.6931471805599452,0.6931471805599452
184,1953,1954,16,16,1,0.10045713325962424,0.6931471805599452,0.6931471805599452
184,1954,1955,5,5,1,0.10203614085912704,0.6931471805599452,0.6931471805599452
184,1955,1956,17,17,1,0.10244129598140717,0.6931471805599452,0.6931471805599452
184,1956,1957,20,20,1,0.10124653354287147,0.6931471805599452,0.6931471805599452
184,1957,1958,15,15,1,0.10059394091367721,0.6931471805599454,0.6931471805599452
184,1958,1959,18,18,1,0.10011932791935073,0.6931471805599454,0.6931471805599452
184,1959,1960,18,18,1,0.10211280981699626,0.6931471805599452,0.6931471805599452
184,1960,1961,19,19,1,0.10062224417924881,0.6931471805599454,0.6931471805599452
184,1961,1962,15,15,1,0.10057001610596975,0.6931471805599452,0.6931471805599452
184,1962,1963,17,17,1,0.10104066703249426,0.6931471805599452,0.6931471805599452
184,1963,1964,13,13,1,0.09943724710207719,0.6931471805599454,0.6931471805599452
184,1964,1965,16,16,1,0.10060028312727809,0.6931471805599452,0.6931471805599452
184,1965,1966,16,16,1,0.10129240527749062,0.6931471805599452,0.6931471805599452
184,1966,1967,17,17,1,0.1006354628240361,0.6931471805599452,0.6931471805599452
184,1967,1968,19,19,1,0.10004327563863051,0.6931471805599452,0.6931471805599452
184,1968,1969,13,13,1,0.10013981450062531,0.6931471805599452,0.6931471805599452
184,1969,1970,19,19,1,0.10058125500616275,0.6931471805599452,0.6931471805599452
184,1970,1971,18,18,1,0.10090373829007149,0.6931471805599452,0.6931471805599452
184,1971,1972,16,16,1,0.10106176557019353,0.6931471805599452,0.6931471805599452
184,1972,1973,16,16,1,0.10080745257437229,0.6931471805599452,0.6931471805599452
184,1973,1974,15,15,1,0.10135324647029241,0.6931471805599452,0.6931471805599452
184,1974,1975,16,16,1,0.10032547591254115,0.6931471805599452,0.6931471805599452
184,1975,1976,15,15,1,0.10082275867462158,0.6931471805599452,0.6931471805599452
184,1976,1977,16,16,1,0.10033002495765686,0.6931471805599452,0.6931471805599452
184,1977,1978,16,16,1,0.1005636602640152,0.6931471805599452,0.6931471805599452
184,1978,1979,21,21,1,0.10025319279659362,0.6931471805599452,0.6931471805599452
184,1979,1980,16,16,1,0.10223933262750506,0.6931471805599452,0.6931471805599452
184,1980,1981,19,19,1,0.10102386851059764,0.6931471805599452,0.6931471805599452
184,1981,1982,16,16,1,0.10095486138015985,0.6931471805599452,0.6931471805599452
184,1982,1983,22,22,1,0.10161741518161514,0.6931471805599452,0.6931471805599452
184,1983,1984,19,19,1,0.10054582475047362,0.6931471805599452,0.6931471805599452
184,1984,1985,19,19,1,0.10025749120273088,0.6931471805599452,0.6931471805599452
184,1985,1986,18,18,1,0.10063864207930034,0.6931471805599452,0.6931471805599453
184,1986,1987,14,14,1,0.10330387258103915,0.6931471805599452,0.6931471805599452
184,1987,1988,15,15,1,0.10108801275491715,0.6931471805599452,0.6931471805599452
184,1988,1989,20,20,1,0.10082985945045948,0.6931471805599452,0.6931471805599452
184,1989,1990,13,13,1,0.09951153340247962,0.6931471805599454,0.6931471805599452
184,1990,1991,17,17,1,0.10061847725335289,0.6931471805599452,0.6931471805599452
184,1991,1992,17,17,1,0.10126360856434878,0.6931471805599452,0.6931471805599452
184,1992,1993,18,18,1,0.10001490803228484,0.6931471805599452,0.6931471805599453
184,1993,1994,17,17,1,0.10081919983905904,0.6931471805599452,0.6931471805599452
184,1994,1995,19,19,1,0.10139335966423939,0.6931471805599452,0.6931471805599452
184,1995,1996,21,21,1,0.10084390285469237,0.6931471805599452,0.6931471805599452
184,1996,1997,19,19,1,0.10095905316503424,0.6931471805599452,0.6931471805599452
184,1997,1998,19,19,1,0.1025849439595875,0.6931471805599452,0.6931471805599452
184,1998,1999,20,20,1,0.10084395557641983,0.6931471805599452,0.6931471805599452
184,1999,2000,27,27,1,0.10139158340515914,0.6931471805599452,0.6931471805599453
184,2000,2001,15,15,1,0.10048922051986059,0.6931471805599452,0.6931471805599452
184,2001,2002,20,20,1,0.10051053166389465,0.6931471805599452,0.6931471805599452
184,2002,2003,19,19,1,0.10013765724081743,0.6931471805599452,0.6931471805599452
184,2003,2004,18,18,1,0.10114042419526312,0.6931471805599452,0.6931471805599452
184,2004,2005,18,18,1,0.10044070705771446,0.6931471805599452,0.6931471805599452
184,2005,2006,22,22,1,0.10012146999890154,0.6931471805599452,0.6931471805599452
184,2006,2007,14,14,1,0.10193634884698051,0.6931471805599452,0.6931471805599453
184,2007,2008,20,20,1,0.10212885104119777,0.6931471805599452,0.6931471805599452
184,2008,2009,18,18,1,0.10125309766994582,0.6931471805599452,0.6931471805599452
184,2009,2010,20,20,1,0.10102356635034085,0.6931471805599452,0.6931471805599452
184,2010,2011,26,26,1,0.10062063227479275,0.6931471805599452,0.6931471805599452
184,2011,2012,22,22,1,0.10162106427279385,0.6931471805599452,0.6931471805599452
184,2012,2013,5,5,1,0.10206100642681122,0.6931471805599452,0.6931471805599452
184,2013,2014,19,19,1,0.10093359766822112,0.6931471805599452,0.6931471805599452
184,2014,2015,17,17,1,0.10059111127082039,0.6931471805599452,0.6931471805599452
184,2015,2016,11,11,1,0.10444276712157509,0.6931471805599452,0.6931471805599452
184,2016,2017,21,21,1,0.10051041486717406,0.6931471805599452,0.6931471805599452
184,2017,2018,19,19,1,0.10060375497529381,0.6931471805599452,0.6931471805599452
184,2018,2019,17,17,1,0.10032240301370621,0.6931471805599452,0.6931471805599452
184,2019,2020,19,19,1,0.10036786998573102,0.6931471805599452,0.6931471805599452
184,2020,2021,12,12,1,0.10071573158105214,0.6931471805599452,0.6931471805599452
184,2021,2022,17,17,1,0.10025786915246178,0.6931471805599452,0.6931471805599452
184,2022,2023,15,15,1,0.10055478165547053,0.6931471805599452,0.6931471805599452
184,2023,2024,17,17,1,0.10053944324745852,0.6931471805599452,0.6931471805599452
184,2024,2025,13,13,1,0.10054465325979087,0.6931471805599454,0.6931471805599452
184,2025,2026,20,20,1,0.10040688030421734,0.6931471805599452,0.6931471805599452
184,2026,2027,15,15,1,0.100009319682916,0.6931471805599452,0.6931471805599452
184,2027,2028,20,20,1,0.10065671727061272,0.6931471805599452,0.6931471805599452
184,2028,2029,24,24,1,0.10041808523237705,0.6931471805599452,0.6931471805599452
184,2029,2030,22,22,1,0.10059956088662148,0.6931471805599452,0.6931471805599452
184,2030,2031,17,17,1,0.10089850513374105,0.6931471805599452,0.6931471805599452
184,2031,2032,15,15,1,0.10056297232707341,0.6931471805599452,0.6931471805599452
184,2032,2033,19,19,1,0.10082334515295531,0.6931471805599454,0.6931471805599452
184,2033,2034,18,18,1,0.10067051690485743,0.6931471805599452,0.6931471805599452
184,2034,2035,16,16,1,0.10031040059402585,0.6931471805599452,0.6931471805599452
184,2035,2036,20,20,1,0.10165352299809456,0.6931471805599452,0.6931471805599453
184,2036,2037,22,22,1,0.10026098076592792,0.6931471805599452,0.6931471805599452
184,2037,2038,14,14,1,0.1013372577726841,0.6931471805599452,0.6931471805599452
184,2038,2039,21,21,1,0.0997664782972563,0.6931471805599452,0.6931471805599452
184,2039,2040,19,19,1,0.10032736157116137,0.6931471805599452,0.6931471805599452
184,2040,2041,21,21,1,0.10089254592146192,0.6931471805599452,0.6931471805599452
184,2041,2042,24,24,1,0.10031878327329953,0.6931471805599452,0.6931471805599452
184,2042,2043,32,32,1,0.10007594572380185,0.6931471805599452,0.6931471805599452
184,2043,2044,22,22,1,0.10012996704740958,0.6931471805599452,0.6931471805599452
184,2044,2045,17,17,1,0.10067788905957166,0.6931471805599452,0.6931471805599452
184,2045,2046,17,17,1,0.1004335880279541,0.6931471805599452,0.6931471805599452
184,2046,2047,17,17,1,0.10025663323262159,0.6931471805599452,0.6931471805599452
184,2047,2048,21,21,1,0.09988915813820702,0.6931471805599452,0.6931471805599452
184,2048,2049,19,19,1,0.100518651698765,0.6931471805599452,0.6931471805599452
184,2049,2050,20,20,1,0.10046423897147179,0.6931471805599452,0.6931471805599452
184,2050,2051,21,21,1,0.10055631470112573,0.6931471805599452,0.6931471805599452
184,2051,2052,21,21,1,0.10078675016051247,0.6931471805599452,0.6931471805599452
184,2052,2053,23,23,1,0.1002918093100838,0.6931471805599452,0.6931471805599452
184,2053,2054,16,16,1,0.10028181551024318,0.6931471805599452,0.6931471805599452
184,2054,2055,12,12,1,0.10076334079106648,0.6931471805599452,0.6931471805599452
184,2055,2056,20,20,1,0.10088370591402054,0.6931471805599452,0.6931471805599452
184,2056,2057,16,16,1,0.1005164384841919,0.6931471805599452,0.6931471805599452
184,2057,2058,19,19,1,0.10058333999232243,0.6931471805599452,0.6931471805599452
184,2058,2059,16,16,1,0.10075468849390745,0.6931471805599452,0.6931471805599452
184,2059,2060,20,20,1,0.10027572810649872,0.6931471805599452,0.6931471805599452
184,2060,2061,20,20,1,0.10047674216330052,0.6931471805599452,0.6931471805599452
184,2061,2062,20,20,1,0.10110891088843346,0.6931471805599452,0.6931471805599452
184,2062,2063,21,21,1,0.10037167867024739,0.6931471805599452,0.6931471805599452
184,2063,2064,21,21,1,0.09997537235418956,0.6931471805599452,0.6931471805599452
184,2064,2065,15,15,1,0.1002682755390803,0.6931471805599452,0.6931471805599452
184,2065,2066,19,19,1,0.1007898653808393,0.6931471805599454,0.6931471805599452
184,2066,2067,20,20,1,0.10059992112219333,0.6931471805599452,0.6931471805599452
184,2067,2068,20,20,1,0.1024100672453642,0.6931471805599452,0.6931471805599452
184,2068,2069,17,17,1,0.10018142005976509,0.6931471805599452,0.6931471805599452
184,2069,2070,16,16,1,0.10016389703378081,0.6931471805599452,0.6931471805599452
184,2070,2071,22,22,1,0.10031658749688756,0.6931471805599452,0.6931471805599452
184,2071,2072,21,21,1,0.1001366444286846,0.6931471805599452,0.6931471805599452
184,2072,2073,14,14,1,0.10049350666148323,0.6931471805599452,0.6931471805599452
184,2073,2074,18,18,1,0.10061432007286283,0.6931471805599452,0.6931471805599452
184,2074,2075,24,24,1,0.10027886275202036,0.6931471805599452,0.6931471805599452
184,2075,2076,26,26,1,0.10015012266544196,0.6931471805599452,0.6931471805599452
184,2076,2077,14,14,1,0.10024833998509816,0.6931471805599452,0.6931471805599452
184,2077,2078,22,22,1,0.10077467865564606,0.6931471805599452,0.6931471805599452
184,2078,2079,5,5,1,0.10071961283683777,0.6931471805599452,0.6931471805599452
184,2079,2080,24,24,1,0.10037412339200576,0.6931471805599452,0.6931471805599452
184,2080,2081,23,23,1,0.09996817034223805,0.6931471805599452,0.6931471805599452
184,2081,2082,16,16,1,0.10057642636820674,0.6931471805599452,0.6931471805599452
184,2082,2083,21,21,1,0.10046377032995224,0.6931471805599452,0.6931471805599452
184,2083,2084,21,21,1,0.10028460515396935,0.6931471805599452,0.6931471805599452
184,2084,2085,22,22,1,0.10031454637646675,0.6931471805599452,0.6931471805599452
184,2085,2086,17,17,1,0.10059093727784998,0.6931471805599452,0.6931471805599452
184,2086,2087,23,23,1,0.10010917905880057,0.6931471805599452,0.6931471805599452
184,2087,2088,12,12,1,0.10014877282083035,0.6931471805599454,0.6931471805599452
184,2088,2089,22,22,1,0.10015314478765834,0.6931471805599452,0.6931471805599452
184,2089,2090,16,16,1,0.10049949865788221,0.6931471805599452,0.6931471805599452
184,2090,2091,20,20,1,0.10051738284528255,0.6931471805599452,0.6931471805599452
184,2091,2092,18,18,1,0.10007322579622269,0.6931471805599454,0.6931471805599452
184,2092,2093,18,18,1,0.10100424455271827,0.6931471805599452,0.6931471805599452
184,2093,2094,20,20,1,0.10096340663731099,0.6931471805599452,0.6931471805599452
184,2094,2095,23,23,1,0.10071181473524674,0.6931471805599452,0.6931471805599452
184,2095,2096,21,21,1,0.0998989748103278,0.6931471805599452,0.6931471805599452
184,2096,2097,20,20,1,0.1002471201121807,0.6931471805599452,0.6931471805599452
184,2097,2098,20,20,1,0.10051264129579067,0.6931471805599452,0.6931471805599452
184,2098,2099,21,21,1,0.10035875120333262,0.6931471805599452,0.6931471805599452
184,2099,2100,17,17,1,0.10075116245185628,0.6931471805599452,0.6931471805599452
184,2100,2101,22,22,1,0.10025797377933156,0.6931471805599452,0.6931471805599452
184,2101,2102,14,14,1,0.09994244256189891,0.6931471805599452,0.6931471805599452
184,2102,2103,15,15,1,0.10027388830979665,0.6931471805599452,0.6931471805599452
184,2103,2104,12,12,1,0.10041742958128452,0.6931471805599452,0.6931471805599452
184,2104,2105,24,24,1,0.10031456407159567,0.6931471805599452,0.6931471805599452
184,2105,2106,38,38,1,0.10033875703811646,0.6931471805599452,0.6931471805599452
184,2106,2107,22,22,1,0.10225750709121878,0.6931471805599452,0.6931471805599452
184,2107,2108,34,34,1,0.10042475361157865,0.6931471805599452,0.6931471805599452
184,2108,2109,20,20,1,0.10024838596582412,0.6931471805599452,0.6931471805599452
184,2109,2110,14,14,1,0.10018196861658778,0.6931471805599452,0.6931471805599452
184,2110,2111,20,20,1,0.10005938075482845,0.6931471805599452,0.6931471805599452
184,2111,2112,16,16,1,0.10103690251708031,0.6931471805599452,0.6931471805599452
184,2112,2113,16,16,1,0.1001405194401741,0.6931471805599452,0.6931471805599452
184,2113,2114,23,23,1,0.10087745831064555,0.6931471805599454,0.6931471805599452
184,2114,2115,18,18,1,0.10062384067310227,0.6931471805599452,0.6931471805599452
184,2115,2116,25,25,1,0.10017461061477662,0.6931471805599454,0.6931471805599452
184,2116,2117,21,21,1,0.10012781087841306,0.6931471805599452,0.6931471805599452
184,2117,2118,31,31,1,0.1004787318168148,0.6931471805599452,0.6931471805599452
184,2118,2119,23,23,1,0.10015411513007205,0.6931471805599452,0.6931471805599452
184,2119,2120,14,14,1,0.10038694366812706,0.6931471805599452,0.6931471805599452
184,2120,2121,12,12,1,0.10017338891824086,0.6931471805599454,0.6931471805599452
184,2121,2122,19,19,1,0.10042750286428552,0.6931471805599452,0.6931471805599453
184,2122,2123,25,25,1,0.10002936244010925,0.6931471805599454,0.6931471805599452
184,2123,2124,27,27,1,0.10039234989219242,0.6931471805599452,0.6931471805599452
184,2124,2125,26,26,1,0.10074754403187679,0.6931471805599452,0.6931471805599452
184,2125,2126,15,15,1,0.09988964796066284,0.6931471805599452,0.6931471805599452
184,2126,2127,24,24,1,0.10059222920487325,0.6931471805599452,0.6931471805599452
184,2127,2128,27,27,1,0.10048070246422733,0.6931471805599452,0.6931471805599452
184,2128,2129,5,5,1,0.0997386023402214,0.6931471805599452,0.6931471805599452
184,2129,2130,31,31,1,0.10035060057716985,0.6931471805599454,0.6931471805599452
184,2130,2131,23,23,1,0.10030539949303088,0.6931471805599452,0.6931471805599452
184,2131,2132,13,13,1,0.10107303640017143,0.6931471805599452,0.6931471805599452
184,2132,2133,17,17,1,0.09985669614637599,0.6931471805599452,0.6931471805599452
184,2133,2134,25,25,1,0.10067117542028427,0.6931471805599454,0.6931471805599452
184,2134,2135,14,14,1,0.10050872340798378,0.6931471805599452,0.6931471805599452
184,2135,2136,28,28,1,0.09999937005341053,0.6931471805599452,0.6931471805599452
184,2136,2137,34,34,1,0.10025877176838763,0.6931471805599452,0.6931471805599452
184,2137,2138,13,13,1,0.10032912572989097,0.6931471805599454,0.6931471805599452
184,2138,2139,25,25,1,0.10013243198394775,0.6931471805599452,0.6931471805599452
184,2139,2140,28,28,1,0.10022928299648422,0.6931471805599452,0.6931471805599452
184,2140,2141,24,24,1,0.1003283333654205,0.6931471805599452,0.6931471805599452
184,2141,2142,26,26,1,0.1008084207200087,0.6931471805599452,0.6931471805599452
184,2142,2143,22,22,1,0.10025299374352802,0.6931471805599452,0.6931471805599452
184,2143,2144,23,23,1,0.10047001650799876,0.6931471805599452,0.6931471805599452
184,2144,2145,15,15,1,0.10017087409893671,0.6931471805599452,0.6931471805599452
184,2145,2146,22,22,1,0.100459946827455,0.6931471805599452,0.6931471805599452
184,2146,2147,20,20,1,0.10002799779176712,0.6931471805599452,0.6931471805599452
184,2147,2148,19,19,1,0.10037622365512346,0.6931471805599452,0.6931471805599452
184,2148,2149,21,21,1,0.10042927733489446,0.6931471805599452,0.6931471805599452
184,2149,2150,24,24,1,0.10283979338904221,0.6931471805599452,0.6931471805599452
184,2150,2151,24,24,1,0.10002020467072725,0.6931471805599452,0.6931471805599453
184,2151,2152,37,37,1,0.100252852246568,0.6931471805599454,0.6931471805599452
184,2152,2153,29,29,1,0.10058654099702835,0.6931471805599452,0.6931471805599452
184,2153,2154,23,23,1,0.10019052870895552,0.6931471805599452,0.6931471805599452
184,2154,2155,21,21,1,0.10074246710255033,0.6931471805599452,0.6931471805599452
184,2155,2156,21,21,1,0.1014825531414577,0.6931471805599452,0.6931471805599452
184,2156,2157,25,25,1,0.10039718925952912,0.6931471805599454,0.6931471805599452
184,2157,2158,10,10,1,0.10043586045503616,0.6931471805599452,0.6931471805599453
184,2158,2159,20,20,1,0.10060021057724952,0.6931471805599452,0.6931471805599452
184,2159,2160,27,27,1,0.10042971207035913,0.6931471805599452,0.6931471805599452
184,2160,2161,27,27,1,0.10035422968643683,0.6931471805599452,0.6931471805599452
184,2161,2162,36,36,1,0.10005855084293419,0.6931471805599454,0.6931471805599452
184,2162,2163,28,28,1,0.10048817763371128,0.6931471805599452,0.6931471805599452
184,2163,2164,30,30,1,0.10043623546759288,0.6931471805599452,0.6931471805599452
184,2164,2165,25,25,1,0.09975897341966629,0.6931471805599452,0.6931471805599453
184,2165,2166,39,39,1,0.10030251091871506,0.6931471805599452,0.6931471805599452
184,2166,2167,27,27,1,0.10057188073794048,0.6931471805599452,0.6931471805599452
184,2167,2168,11,11,1,0.1005744378675114,0.6931471805599452,0.6931471805599452
184,2168,2169,31,31,1,0.10046055576493663,0.6931471805599454,0.6931471805599452
184,2169,2170,28,28,1,0.10065886830644948,0.6931471805599452,0.6931471805599452
184,2170,2171,14,14,1,0.10033344211322921,0.6931471805599452,0.6931471805599452
184,2171,2172,15,15,1,0.10029578109582266,0.6931471805599452,0.6931471805599453
184,2172,2173,27,27,1,0.10041723759086044,0.6931471805599452,0.6931471805599452
184,2173,2174,17,17,1,0.10085730736746508,0.6931471805599452,0.6931471805599452
184,2174,2175,26,26,1,0.10003027520500697,0.6931471805599452,0.6931471805599452
184,2175,2176,22,22,1,0.10024217414585027,0.6931471805599452,0.6931471805599452
184,2176,2177,23,23,1,0.10045375836932141,0.6931471805599452,0.6931471805599452
184,2177,2178,17,17,1,0.09996625036001205,0.6931471805599452,0.6931471805599452
184,2178,2179,19,19,1,0.10031855655343909,0.6931471805599452,0.6931471805599452
184,2179,2180,21,21,1,0.10028223693370819,0.6931471805599452,0.6931471805599452
184,2180,2181,15,15,1,0.10083584288756052,0.6931471805599452,0.6931471805599452
184,2181,2182,25,25,1,0.1003888761997223,0.6931471805599452,0.6931471805599452
184,2182,2183,22,22,1,0.10070387544957074,0.6931471805599452,0.6931471805599452
184,2183,2184,25,25,1,0.10029513388872147,0.6931471805599454,0.6931471805599452
184,2184,2185,21,21,1,0.10045379151900609,0.6931471805599452,0.6931471805599452
184,2185,2186,15,15,1,0.0997455562154452,0.6931471805599452,0.6931471805599452
184,2186,2187,23,23,1,0.10053129980097646,0.6931471805599452,0.6931471805599453
184,2187,2188,27,27,1,0.10035489113242538,0.6931471805599452,0.6931471805599452
184,2188,2189,28,28,1,0.10044515984398979,0.6931471805599452,0.6931471805599452
184,2189,2190,24,24,1,0.10053682420402765,0.6931471805599452,0.6931471805599452
184,2190,2191,15,15,1,0.10033531387646993,0.6931471805599452,0.6931471805599452
184,2191,2192,42,42,1,0.10048862351548105,0.6931471805599452,0.6931471805599452
184,2192,2193,12,12,1,0.10054979535440604,0.6931471805599452,0.6931471805599452
184,2193,2194,21,21,1,0.09978843657743364,0.6931471805599452,0.6931471805599453
184,2194,2195,32,32,1,0.10030485386960208,0.6931471805599452,0.6931471805599452
184,2195,2196,28,28,1,0.10071720901344504,0.6931471805599452,0.6931471805599452
184,2196,2197,21,21,1,0.1004792767621222,0.6931471805599452,0.6931471805599452
184,2197,2198,25,25,1,0.10053922295570374,0.6931471805599452,0.6931471805599452
184,2198,2199,18,18,1,0.100517764273617,0.6931471805599452,0.6931471805599452
184,2199,2200,30,30,1,0.10054644346237182,0.6931471805599452,0.6931471805599452
184,2200,2201,14,14,1,0.10054780223539897,0.6931471805599452,0.6931471805599453
184,2201,2202,18,18,1,0.1007089109884368,0.6931471805599452,0.6931471805599452
184,2202,2203,16,16,1,0.1004100195132196,0.6931471805599452,0.6931471805599452
184,2203,2204,20,20,1,0.10067975111305713,0.6931471805599452,0.6931471805599452
184,2204,2205,19,19,1,0.10072412224192369,0.6931471805599452,0.6931471805599452
184,2205,2206,15,15,1,0.10068294008572896,0.6931471805599452,0.6931471805599452
184,2206,2207,19,19,1,0.10010108077212383,0.6931471805599452,0.6931471805599452
184,2207,2208,30,30,1,0.1005810908973217,0.6931471805599452,0.6931471805599453
184,2208,2209,26,26,1,0.10035172964517887,0.6931471805599452,0.6931471805599452
184,2209,2210,10,10,1,0.10247731953859329,0.6931471805599452,0.6931471805599452
184,2210,2211,19,19,1,0.1003419321618582,0.6931471805599452,0.6931471805599452
184,2211,2212,19,19,1,0.10048289832315947,0.6931471805599452,0.6931471805599452
184,2212,2213,18,18,1,0.10027038264605734,0.6931471805599452,0.6931471805599452
184,2213,2214,17,17,1,0.10008583174032323,0.6931471805599452,0.6931471805599452
184,2214,2215,16,16,1,0.10034762462601066,0.6931471805599452,0.6931471805599453
184,2215,2216,24,24,1,0.10041546107580264,0.6931471805599452,0.6931471805599452
184,2216,2217,14,14,1,0.10088727729661125,0.6931471805599452,0.6931471805599452
184,2217,2218,20,20,1,0.10013133883476258,0.6931471805599452,0.6931471805599452
184,2218,2219,39,39,1,0.1005247569619081,0.6931471805599452,0.6931471805599452
184,2219,2220,34,34,1,0.10034094487919527,0.6931471805599452,0.6931471805599452
184,2220,2221,29,29,1,0.10048969269826494,0.6931471805599452,0.6931471805599452
184,2221,2222,36,36,1,0.10071393247279856,0.6931471805599452,0.6931471805599452
184,2222,2223,18,18,1,0.10043108628855811,0.6931471805599452,0.6931471805599452
184,2223,2224,23,23,1,0.10010824903197911,0.6931471805599452,0.6931471805599452
184,2224,2225,23,23,1,0.10055665736613066,0.6931471805599452,0.6931471805599452
184,2225,2226,11,11,1,0.10058504681695592,0.6931471805599452,0.6931471805599452
184,2226,2227,39,39,1,0.10057031879058251,0.6931471805599452,0.6931471805599452
184,2227,2228,22,22,1,0.10127177021720192,0.6931471805599452,0.6931471805599452
184,2228,2229,26,26,1,0.10036080416578513,0.6931471805599452,0.6931471805599452
184,2229,2230,28,28,1,0.10103135476154941,0.6931471805599452,0.6931471805599452
184,2230,2231,32,32,1,0.10042020562104881,0.6931471805599452,0.6931471805599452
184,2231,2232,16,16,1,0.1005465816706419,0.6931471805599452,0.6931471805599452
184,2232,2233,21,21,1,0.10056690658841815,0.6931471805599452,0.6931471805599452
184,2233,2234,23,23,1,0.10064049551020497,0.6931471805599452,0.6931471805599452
184,2234,2235,23,23,1,0.10028438205304353,0.6931471805599452,0.6931471805599452
184,2235,2236,25,25,1,0.10020031571388245,0.6931471805599452,0.6931471805599452
184,2236,2237,15,15,1,0.10039075513680776,0.6931471805599452,0.6931471805599452
184,2237,2238,34,34,1,0.10031260089839206,0.6931471805599452,0.6931471805599452
184,2238,2239,14,14,1,0.10075528653604644,0.6931471805599452,0.6931471805599452
184,2239,2240,14,14,1,0.10016272376690592,0.6931471805599452,0.6931471805599452
184,2240,2241,21,21,1,0.10035693255208787,0.6931471805599452,0.6931471805599452
184,2241,2242,18,18,1,0.1003032595747047,0.6931471805599452,0.6931471805599452
184,2242,2243,8,8,1,0.10055916756391525,0.6931471805599452,0.6931471805599452
184,2243,2244,21,21,1,0.10065464959258125,0.6931471805599452,0.6931471805599452
184,2244,2245,19,19,1,0.10004834007275731,0.6931471805599452,0.6931471805599452
184,2245,2246,26,26,1,0.10067578920951256,0.6931471805599452,0.6931471805599452
184,2246,2247,35,35,1,0.10057497769594193,0.6931471805599452,0.6931471805599452
184,2247,2248,40,40,1,0.10023865476250648,0.6931471805599452,0.6931471805599452
184,2248,2249,17,17,1,0.10063646689933889,0.6931471805599452,0.6931471805599452
184,2249,2250,18,18,1,0.10049781286054188,0.6931471805599452,0.6931471805599452
184,2250,2251,22,22,1,0.1006776788695292,0.6931471805599452,0.6931471805599452
184,2251,2252,18,18,1,0.09992191361056434,0.6931471805599454,0.6931471805599452
184,2252,2253,23,23,1,0.10048591086398,0.6931471805599452,0.6931471805599452
184,2253,2254,26,26,1,0.10075430256816056,0.6931471805599452,0.6931471805599452
184,2254,2255,19,19,1,0.10066688296041991,0.6931471805599452,0.6931471805599452
184,2255,2256,22,22,1,0.10068867220119997,0.6931471805599452,0.6931471805599452
184,2256,2257,22,22,1,0.10036397589878603,0.6931471805599452,0.6931471805599452
184,2257,2258,24,24,1,0.10020522773265839,0.6931471805599452,0.6931471805599452
184,2258,2259,35,35,1,0.10095446067196982,0.6931471805599452,0.6931471805599452
184,2259,2260,28,28,1,0.10043598338961601,0.6931471805599452,0.6931471805599452
184,2260,2261,21,21,1,0.10035961050362814,0.6931471805599452,0.6931471805599452
184,2261,2262,18,18,1,0.10055063168207805,0.6931471805599452,0.6931471805599452
184,2262,2263,20,20,1,0.10000933334231377,0.6931471805599452,0.6931471805599452
184,2263,2264,29,29,1,0.10059058229471075,0.6931471805599452,0.6931471805599452
184,2264,2265,25,25,1,0.1001566269993782,0.6931471805599454,0.6931471805599452
184,2265,2266,27,27,1,0.10010185285850808,0.6931471805599452,0.6931471805599452
184,2266,2267,32,32,1,0.10042720637284219,0.6931471805599452,0.6931471805599452
184,2267,2268,23,23,1,0.10065094608327617,0.6931471805599452,0.6931471805599452
184,2268,2269,20,20,1,0.10143683776259423,0.6931471805599452,0.6931471805599452
184,2269,2270,27,27,1,0.10046240935722987,0.6931471805599452,0.6931471805599452
184,2270,2271,33,33,1,0.10035096831393964,0.6931471805599452,0.6931471805599452
184,2271,2272,15,15,1,0.09971923977136612,0.6931471805599452,0.6931471805599452
184,2272,2273,22,22,1,0.09977155381982977,0.6931471805599452,0.6931471805599452
184,2273,2274,30,30,1,0.1004452201227347,0.6931471805599452,0.6931471805599452
184,2274,2275,23,23,1,0.10022617844135864,0.6931471805599452,0.6931471805599452
184,2275,2276,35,35,1,0.09984738890613828,0.6931471805599452,0.6931471805599452
184,2276,2277,35,35,1,0.1002756900021008,0.6931471805599452,0.6931471805599452
184,2277,2278,27,27,1,0.10059602255070652,0.6931471805599452,0.6931471805599452
184,2278,2279,10,10,1,0.10024674907326699,0.6931471805599452,0.6931471805599452
184,2279,2280,27,27,1,0.10047617554664612,0.6931471805599452,0.6931471805599451
184,2280,2281,25,25,1,0.10067129760980606,0.6931471805599452,0.6931471805599452
184,2281,2282,28,28,1,0.10046526896102088,0.6931471805599452,0.6931471805599452
184,2282,2283,18,18,1,0.10047991532418463,0.6931471805599452,0.6931471805599452
184,2283,2284,25,25,1,0.10032104879617691,0.6931471805599452,0.6931471805599452
184,2284,2285,19,19,1,0.10012476146221161,0.6931471805599452,0.6931471805599452
184,2285,2286,30,30,1,0.10023211911320687,0.6931471805599452,0.6931471805599452
184,2286,2287,16,16,1,0.10042226081714034,0.6931471805599452,0.6931471805599452
184,2287,2288,41,41,1,0.1003324022380317,0.6931471805599454,0.6931471805599452
184,2288,2289,32,32,1,0.10131522617302835,0.6931471805599452,0.6931471805599452
184,2289,2290,35,35,1,0.10057887498821531,0.6931471805599452,0.6931471805599452
184,2290,2291,18,18,1,0.10016753690110312,0.6931471805599452,0.6931471805599452
184,2291,2292,20,20,1,0.1002698853611946,0.6931471805599452,0.6931471805599452
184,2292,2293,27,27,1,0.10073960738049613,0.6931471805599452,0.6931471805599452
184,2293,2294,47,47,1,0.1005714234519512,0.6931471805599452,0.6931471805599452
184,2294,2295,24,24,1,0.10065670094142358,0.6931471805599452,0.6931471805599452
184,2295,2296,34,34,1,0.10025715762201477,0.6931471805599452,0.6931471805599452
184,2296,2297,15,15,1,0.0998187964161237,0.6931471805599452,0.6931471805599452
184,2297,2298,18,18,1,0.10067940006653468,0.6931471805599452,0.6931471805599452
184,2298,2299,28,28,1,0.10022964621228832,0.6931471805599452,0.6931471805599452
184,2299,2300,30,30,1,0.10060808683435123,0.6931471805599452,0.6931471805599452
184,2300,2301,23,23,1,0.10061520014120184,0.6931471805599452,0.6931471805599452
184,2301,2302,25,25,1,0.10070357054471969,0.6931471805599452,0.6931471805599452
184,2302,2303,11,11,1,0.1002140844410116,0.6931471805599452,0.6931471805599452
184,2303,2304,32,32,1,0.10015679593198001,0.6931471805599452,0.6931471805599452
184,2304,2305,30,30,1,0.10106271803379059,0.6931471805599454,0.6931471805599452
184,2305,2306,42,42,1,0.1003078023592631,0.6931471805599452,0.6931471805599452
184,2306,2307,33,33,1,0.10035176010745944,0.6931471805599452,0.6931471805599452
184,2307,2308,19,19,1,0.10059758824737448,0.6931471805599452,0.6931471805599452
184,2308,2309,29,29,1,0.1006806603279607,0.6931471805599452,0.6931471805599452
184,2309,2310,35,35,1,0.10053441971540451,0.6931471805599452,0.6931471805599452
184,2310,2311,33,33,1,0.1007738754604802,0.6931471805599452,0.6931471805599452
184,2311,2312,15,15,1,0.10050413608551026,0.6931471805599452,0.6931471805599452
184,2312,2313,17,17,1,0.10064796840443331,0.6931471805599452,0.6931471805599452
184,2313,2314,24,24,1,0.10065009569128354,0.6931471805599452,0.6931471805599452
184,2314,2315,23,23,1,0.10028850222411363,0.6931471805599452,0.6931471805599452
184,2315,2316,34,34,1,0.100384842385264,0.6931471805599452,0.6931471805599452
184,2316,2317,36,36,1,0.10037410176462597,0.6931471805599452,0.6931471805599452
184,2317,2318,28,28,1,0.10027311901961054,0.6931471805599452,0.6931471805599452
184,2318,2319,21,21,1,0.10002547892786208,0.6931471805599452,0.6931471805599452
184,2319,2320,19,19,1,0.10014512507539046,0.6931471805599452,0.6931471805599452
184,2320,2321,31,31,1,0.10037705278204333,0.6931471805599452,0.6931471805599452
184,2321,2322,17,17,1,0.10045834762208602,0.6931471805599452,0.6931471805599452
184,2322,2323,34,34,1,0.10070802863029872,0.6931471805599452,0.6931471805599452
184,2323,2324,33,33,1,0.10045611948677988,0.6931471805599454,0.6931471805599452
184,2324,2325,25,25,1,0.10092600256204605,0.6931471805599452,0.6931471805599452
184,2325,2326,38,38,1,0.10025399903717794,0.6931471805599452,0.6931471805599452
184,2326,2327,20,20,1,0.1002629179507494,0.6931471805599452,0.6931471805599452
184,2327,2328,18,18,1,0.10056028846237394,0.6931471805599452,0.6931471805599452
184,2328,2329,27,27,1,0.10052377509850043,0.6931471805599452,0.6931471805599452
184,2329,2330,38,38,1,0.10044336848353085,0.6931471805599452,0.6931471805599452
184,2330,2331,30,30,1,0.10078835462530454,0.6931471805599452,0.6931471805599452
184,2331,2332,32,32,1,0.1003710136283189,0.6931471805599452,0.6931471805599452
184,2332,2333,43,43,1,0.10039272176664929,0.6931471805599452,0.6931471805599452
184,2333,2334,33,33,1,0.10046918622472069,0.6931471805599452,0.6931471805599452
184,2334,2335,33,33,1,0.10024926156708688,0.6931471805599452,0.6931471805599452
184,2335,2336,39,39,1,0.10038681672169612,0.6931471805599452,0.6931471805599452
184,2336,2337,37,37,1,0.10045207936216045,0.6931471805599454,0.6931471805599452
184,2337,2338,39,39,1,0.10030641578710996,0.6931471805599452,0.6931471805599452
184,2338,2339,20,20,1,0.10048920921981334,0.6931471805599452,0.6931471805599452
184,2339,2340,24,24,1,0.10067834022144477,0.6931471805599452,0.6931471805599452
184,2340,2341,34,34,1,0.10024907286552821,0.6931471805599454,0.6931471805599452
184,2341,2342,21,21,1,0.10012883089837574,0.6931471805599452,0.6931471805599452
184,2342,2343,25,25,1,0.10104532778263092,0.6931471805599452,0.6931471805599452
184,2343,2344,16,16,1,0.10048949345946312,0.6931471805599452,0.6931471805599452
184,2344,2345,19,19,1,0.10022753477096558,0.6931471805599452,0.6931471805599452
184,2345,2346,21,21,1,0.1000259674730755,0.6931471805599452,0.6931471805599452
184,2346,2347,36,36,1,0.10070041132469972,0.6931471805599452,0.6931471805599452
184,2347,2348,28,28,1,0.10068741201290063,0.6931471805599452,0.6931471805599452
184,2348,2349,27,27,1,0.1001790866807655,0.6931471805599452,0.6931471805599452
184,2349,2350,18,18,1,0.10015340894460678,0.6931471805599452,0.6931471805599452
184,2350,2351,36,36,1,0.10034987909926309,0.6931471805599452,0.6931471805599452
184,2351,2352,27,27,1,0.10060370023603793,0.6931471805599452,0.6931471805599452
184,2352,2353,31,31,1,0.10009540208885746,0.6931471805599452,0.6931471805599452
184,2353,2354,23,23,1,0.10057219409424326,0.6931471805599452,0.6931471805599452
184,2354,2355,27,27,1,0.10047967207652551,0.6931471805599452,0.6931471805599452
184,2355,2356,50,50,1,0.10022566825151444,0.6931471805599452,0.6931471805599452
184,2356,2357,21,21,1,0.10037018216791607,0.6931471805599452,0.6931471805599452
184,2357,2358,21,21,1,0.10036645262014299,0.6931471805599452,0.6931471805599452
184,2358,2359,37,37,1,0.10027402921302898,0.6931471805599454,0.6931471805599452
184,2359,2360,22,22,1,0.10137378526004878,0.6931471805599452,0.6931471805599452
184,2360,2361,42,42,1,0.10024873947813398,0.6931471805599452,0.6931471805599452
184,2361,2362,29,29,1,0.1005573719739914,0.6931471805599454,0.6931471805599452
184,2362,2363,43,43,1,0.10059376788693805,0.6931471805599452,0.6931471805599452
184,2363,2364,12,12,1,0.1000956700493892,0.6931471805599452,0.6931471805599452
184,2364,2365,12,12,1,0.10002094817658265,0.6931471805599452,0.6931471805599452
184,2365,2366,40,40,1,0.10043803453445435,0.6931471805599452,0.6931471805599452
184,2366,2367,37,37,1,0.10029781327859776,0.6931471805599454,0.6931471805599452
184,2367,2368,22,22,1,0.10061987726525827,0.6931471805599452,0.6931471805599452
184,2368,2369,13,13,1,0.1006302461028099,0.6931471805599452,0.6931471805599452
184,2369,2370,32,32,1,0.09998513432219625,0.6931471805599452,0.6931471805599452
184,2370,2371,39,39,1,0.10021818792208648,0.6931471805599454,0.6931471805599452
184,2371,2372,44,44,1,0.10035717859864235,0.6931471805599452,0.6931471805599452
184,2372,2373,46,46,1,0.10074921276258386,0.6931471805599452,0.6931471805599453
184,2373,2374,5,5,1,0.09562810361385346,0.6931471805599452,0.6931471805599452
184,2374,2375,32,32,1,0.10012928140349686,0.6931471805599452,0.6931471805599452
184,2375,2376,27,27,1,0.10045648945702447,0.6931471805599452,0.6931471805599452
184,2376,2377,33,33,1,0.10036823108340755,0.6931471805599452,0.6931471805599452
184,2377,2378,5,5,1,0.09900831431150436,0.6931471805599452,0.6931471805599452
184,2378,2379,18,18,1,0.10063522433241208,0.6931471805599452,0.6931471805599452
184,2379,2380,30,30,1,0.10049080351988475,0.6931471805599454,0.6931471805599453
184,2380,2381,42,42,1,0.10049960301035926,0.6931471805599452,0.6931471805599452
184,2381,2382,28,28,1,0.1003054508141109,0.6931471805599452,0.6931471805599452
184,2382,2383,32,32,1,0.10070279100909829,0.6931471805599452,0.6931471805599452
184,2383,2384,32,32,1,0.10052296379581094,0.6931471805599452,0.6931471805599452
184,2384,2385,36,36,1,0.10061175893578264,0.6931471805599454,0.6931471805599452
184,2385,2386,14,14,1,0.10002031390156065,0.6931471805599452,0.6931471805599452
184,2386,2387,43,43,1,0.10074995215549025,0.6931471805599452,0.6931471805599452
184,2387,2388,42,42,1,0.1003746727392787,0.6931471805599452,0.6931471805599452
184,2388,2389,43,43,1,0.10050002138975055,0.6931471805599452,0.6931471805599452
184,2389,2390,18,18,1,0.10013421873251598,0.6931471805599452,0.6931471805599452
184,2390,2391,20,20,1,0.10234615355730056,0.6931471805599452,0.6931471805599452
184,2391,2392,16,16,1,0.10037933709099889,0.6931471805599452,0.6931471805599452
184,2392,2393,38,38,1,0.10036872327327728,0.6931471805599454,0.6931471805599452
184,2393,2394,32,32,1,0.10054227733053267,0.6931471805599452,0.6931471805599452
184,2394,2395,40,40,1,0.10057085342705249,0.6931471805599452,0.6931471805599452
184,2395,2396,39,39,1,0.10091320730936833,0.6931471805599452,0.6931471805599452
184,2396,2397,41,41,1,0.10032493184979369,0.6931471805599452,0.6931471805599452
184,2397,2398,36,36,1,0.10090063884854317,0.6931471805599454,0.6931471805599452
184,2398,2399,33,33,1,0.10032913608081413,0.6931471805599454,0.6931471805599452
184,2399,2400,37,37,1,0.10046475642436259,0.6931471805599452,0.6931471805599452
184,2400,2401,38,38,1,0.10047704589210059,0.6931471805599452,0.6931471805599452
184,2401,2402,45,45,1,0.1008473128080368,0.6931471805599452,0.6931471805599453
184,2402,2403,15,15,1,0.10217176973819733,0.6931471805599452,0.6931471805599452
184,2403,2404,14,14,1,0.1001642080289977,0.6931471805599452,0.6931471805599452
184,2404,2405,48,48,1,0.10026808393498261,0.6931471805599452,0.6931471805599452
184,2405,2406,26,26,1,0.10012364788697316,0.6931471805599452,0.6931471805599452
184,2406,2407,11,11,1,0.09989810734987259,0.6931471805599452,0.6931471805599452
184,2407,2408,44,44,1,0.10042013465003534,0.6931471805599452,0.6931471805599452
184,2408,2409,29,29,1,0.10051148847259324,0.6931471805599452,0.6931471805599453
184,2409,2410,30,30,1,0.10016144663095475,0.6931471805599452,0.6931471805599452
184,2410,2411,41,41,1,0.10063438826217884,0.6931471805599452,0.6931471805599452
184,2411,2412,50,50,1,0.10122135877609253,0.6931471805599452,0.6931471805599452
184,2412,2413,29,29,1,0.10035573948046257,0.6931471805599452,0.6931471805599452
184,2413,2414,14,14,1,0.099321718194655,0.6931471805599452,0.6931471805599452
184,2414,2415,46,46,1,0.10067328227602917,0.6931471805599454,0.6931471805599452
184,2415,2416,45,45,1,0.10049656364652845,0.6931471805599452,0.6931471805599453
184,2416,2417,26,26,1,0.10000697236794692,0.6931471805599454,0.6931471805599452
184,2417,2418,38,38,1,0.10046272901327986,0.6931471805599452,0.6931471805599452
184,2418,2419,30,30,1,0.10015806083877882,0.6931471805599454,0.6931471805599452
184,2419,2420,5,5,1,0.09857704937458038,0.6931471805599452,0.6931471805599452
184,2420,2421,15,15,1,0.09982351213693619,0.6931471805599452,0.6931471805599452
184,2421,2422,9,9,1,0.10073686059978273,0.6931471805599452,0.6931471805599452
184,2422,2423,37,37,1,0.10070047587961764,0.6931471805599452,0.6931471805599453
184,2423,2424,25,25,1,0.10067339450120925,0.6931471805599452,0.6931471805599452
184,2424,2425,52,52,1,0.10042732853728992,0.6931471805599452,0.6931471805599452
184,2425,2426,13,13,1,0.09991954496273628,0.6931471805599452,0.6931471805599452
184,2426,2427,13,13,1,0.10068320139096333,0.6931471805599452,0.6931471805599452
184,2427,2428,14,14,1,0.10034672756280218,0.6931471805599452,0.6931471805599452
184,2428,2429,54,54,1,0.10056421229684795,0.6931471805599452,0.6931471805599452
184,2429,2430,21,21,1,0.10067031177736464,0.6931471805599452,0.6931471805599452
184,2430,2431,46,46,1,0.10051290172597636,0.6931471805599452,0.6931471805599453
184,2431,2432,53,53,1,0.10053964971371417,0.6931471805599454,0.6931471805599452
184,2432,2433,9,9,1,0.10009556263685226,0.6931471805599452,0.6931471805599452
184,2433,2434,27,27,1,0.10045212534842668,0.6931471805599452,0.6931471805599452
184,2434,2435,35,35,1,0.10067603843552726,0.6931471805599452,0.6931471805599452
184,2435,2436,23,23,1,0.10044944124377292,0.6931471805599452,0.6931471805599452
184,2436,2437,37,37,1,0.10010262921049788,0.6931471805599454,0.6931471805599452
184,2437,2438,11,11,1,0.10064979913559827,0.6931471805599452,0.6931471805599453
184,2438,2439,46,46,1,0.10055789092312688,0.6931471805599452,0.6931471805599452
184,2439,2440,30,30,1,0.1002653864522775,0.6931471805599452,0.6931471805599452
184,2440,2441,46,46,1,0.1006669415080029,0.6931471805599452,0.6931471805599452
184,2441,2442,13,13,1,0.10024014688455142,0.6931471805599452,0.6931471805599452
184,2442,2443,14,14,1,0.10097823398453849,0.6931471805599452,0.6931471805599452
184,2443,2444,16,16,1,0.10070547414943576,0.6931471805599452,0.6931471805599452
184,2444,2445,40,40,1,0.10067363437265157,0.6931471805599452,0.6931471805599453
184,2445,2446,49,49,1,0.100611326493779,0.6931471805599452,0.6931471805599452
184,2446,2447,10,10,1,0.10049974769353867,0.6931471805599452,0.6931471805599452
184,2447,2448,24,24,1,0.10050224978476763,0.6931471805599452,0.6931471805599452
184,2448,2449,8,8,1,0.09904703870415688,0.6931471805599452,0.6931471805599452
184,2449,2450,33,33,1,0.10147035438002962,0.6931471805599454,0.6931471805599452
184,2450,2451,58,58,1,0.10065946535303674,0.6931471805599452,0.6931471805599452
184,2451,2452,54,54,1,0.10052968947975724,0.6931471805599452,0.6931471805599453
184,2452,2453,28,28,1,0.10079481559140342,0.6931471805599452,0.6931471805599452
184,2453,2454,16,16,1,0.1001712791621685,0.6931471805599452,0.6931471805599452
184,2454,2455,31,31,1,0.10039391056183845,0.6931471805599452,0.6931471805599452
184,2455,2456,22,22,1,0.10055003450675444,0.6931471805599452,0.6931471805599452
184,2456,2457,59,59,1,0.10056782286551039,0.6931471805599454,0.6931471805599452
184,2457,2458,40,40,1,0.10053164232522249,0.6931471805599452,0.6931471805599452
184,2458,2459,33,33,1,0.10048977601708788,0.6931471805599452,0.6931471805599453
184,2459,2460,52,52,1,0.10050168332572167,0.6931471805599452,0.6931471805599452
184,2460,2461,10,10,1,0.10001771226525306,0.6931471805599452,0.6931471805599452
184,2461,2462,37,37,1,0.10048969734359432,0.6931471805599454,0.6931471805599452
184,2462,2463,27,27,1,0.10079119713218124,0.6931471805599452,0.6931471805599452
184,2463,2464,83,83,1,0.10053442131323986,0.6931471805599452,0.6931471805599452
184,2464,2465,27,27,1,0.1007697722978062,0.6931471805599452,0.6931471805599452
184,2465,2466,30,30,1,0.10077476277947425,0.6931471805599454,0.6931471805599452
184,2466,2467,30,30,1,0.10055922120809554,0.6931471805599452,0.6931471805599453
184,2467,2468,9,9,1,0.10040898703866535,0.6931471805599452,0.6931471805599452
184,2468,2469,26,26,1,0.10089658974454953,0.6931471805599452,0.6931471805599452
184,2469,2470,28,28,1,0.1005738095513412,0.6931471805599452,0.6931471805599452
184,2470,2471,41,41,1,0.10067867978316981,0.6931471805599452,0.6931471805599452
184,2471,2472,35,35,1,0.10014936008623668,0.6931471805599452,0.6931471805599452
184,2472,2473,48,48,1,0.10101668645317356,0.6931471805599452,0.6931471805599452
184,2473,2474,19,19,1,0.10420468724087666,0.6931471805599452,0.6931471805599453
184,2474,2475,53,53,1,0.1007370557987465,0.6931471805599452,0.6931471805599452
184,2475,2476,33,33,1,0.10100773925131018,0.6931471805599452,0.6931471805599452
184,2476,2477,36,36,1,0.10050129911137952,0.6931471805599452,0.6931471805599452
184,2477,2478,8,8,1,0.09974856954067945,0.6931471805599452,0.6931471805599452
184,2478,2479,42,42,1,0.10067046752997807,0.6931471805599452,0.6931471805599452
184,2479,2480,56,56,1,0.10051980135696274,0.6931471805599452,0.6931471805599452
184,2480,2481,26,26,1,0.10037450349101654,0.6931471805599452,0.6931471805599453
184,2481,2482,30,30,1,0.10078090876340866,0.6931471805599452,0.6931471805599452
184,2482,2483,45,45,1,0.10058853344784843,0.6931471805599452,0.6931471805599452
184,2483,2484,10,10,1,0.10046924650669098,0.6931471805599452,0.6931471805599452
184,2484,2485,40,40,1,0.1005956158041954,0.6931471805599452,0.6931471805599452
184,2485,2486,53,53,1,0.10084762283653584,0.6931471805599452,0.6931471805599452
184,2486,2487,30,30,1,0.10078472221891085,0.6931471805599454,0.6931471805599452
184,2487,2488,32,32,1,0.10062427679076791,0.6931471805599452,0.6931471805599453
184,2488,2489,33,33,1,0.10136283392255957,0.6931471805599452,0.6931471805599452
184,2489,2490,44,44,1,0.10068338025699962,0.6931471805599452,0.6931471805599452
184,2490,2491,28,28,1,0.10082875724349703,0.6931471805599452,0.6931471805599452
184,2491,2492,38,38,1,0.10070155462936352,0.6931471805599452,0.6931471805599452
184,2492,2493,15,15,1,0.10070082644621531,0.6931471805599452,0.6931471805599452
184,2493,2494,50,50,1,0.10063033923506737,0.6931471805599452,0.6931471805599452
184,2494,2495,27,27,1,0.10046385532176053,0.6931471805599452,0.6931471805599452
184,2495,2496,17,17,1,0.09974148080629461,0.6931471805599452,0.6931471805599452
184,2496,2497,11,11,1,0.10016524453054775,0.6931471805599452,0.6931471805599452
184,2497,2498,10,10,1,0.10063907280564308,0.6931471805599452,0.6931471805599452
184,2498,2499,9,9,1,0.10002405858702129,0.6931471805599452,0.6931471805599452
184,2499,2500,10,10,1,0.10003778412938118,0.6931471805599452,0.6931471805599452
184,2500,2501,11,11,1,0.10008573125709187,0.6931471805599452,0.6931471805599452
184,2501,2502,30,30,1,0.1004147691031297,0.6931471805599452,0.6931471805599452
184,2502,2503,38,38,1,0.10071181917661115,0.6931471805599452,0.6931471805599452
184,2503,2504,43,43,1,0.10180012327294018,0.6931471805599452,0.6931471805599452
184,2504,2505,39,39,1,0.10049458631338218,0.6931471805599454,0.6931471805599452
184,2505,2506,26,26,1,0.1015795859006735,0.6931471805599452,0.6931471805599452
184,2506,2507,18,18,1,0.100225068628788,0.6931471805599452,0.6931471805599452
184,2507,2508,39,39,1,0.10068076390486497,0.6931471805599452,0.6931471805599452
184,2508,2509,14,14,1,0.10041603552443641,0.6931471805599452,0.6931471805599452
184,2509,2510,31,31,1,0.10072718921207613,0.6931471805599452,0.6931471805599453
184,2510,2511,9,9,1,0.1008175371421708,0.6931471805599452,0.6931471805599452
184,2511,2512,29,29,1,0.10067743011589708,0.6931471805599452,0.6931471805599452
184,2512,2513,48,48,1,0.10048669902607799,0.6931471805599452,0.6931471805599452
184,2513,2514,23,23,1,0.10048234851463982,0.6931471805599452,0.6931471805599452
184,2514,2515,58,58,1,0.10045599012539305,0.6931471805599452,0.6931471805599452
184,2515,2516,41,41,1,0.10078402935731702,0.6931471805599452,0.6931471805599452
184,2516,2517,11,11,1,0.1001701219515367,0.6931471805599452,0.6931471805599453
184,2517,2518,9,9,1,0.10057421442535189,0.6931471805599452,0.6931471805599452
184,2518,2519,40,40,1,0.1009241471067071,0.6931471805599452,0.6931471805599452
184,2519,2520,43,43,1,0.10048046725433926,0.6931471805599452,0.6931471805599452
184,2520,2521,39,39,1,0.10061653741659263,0.6931471805599452,0.6931471805599452
184,2521,2522,42,42,1,0.1007839705617655,0.6931471805599452,0.6931471805599452
184,2522,2523,35,35,1,0.10061277938740594,0.6931471805599452,0.6931471805599452
184,2523,2524,11,11,1,0.1000428247180852,0.6931471805599452,0.6931471805599452
184,2524,2525,25,25,1,0.1007483059167862,0.6931471805599452,0.6931471805599452
184,2525,2526,39,39,1,0.1003485157703742,0.6931471805599452,0.6931471805599452
184,2526,2527,41,41,1,0.10065170486525792,0.6931471805599452,0.6931471805599452
184,2527,2528,38,38,1,0.10083156941752684,0.6931471805599452,0.6931471805599452
184,2528,2529,14,14,1,0.10180749850613731,0.6931471805599452,0.6931471805599452
184,2529,2530,28,28,1,0.10046192418251719,0.6931471805599452,0.6931471805599452
184,2530,2531,38,38,1,0.10040689142126787,0.6931471805599452,0.6931471805599452
184,2531,2532,16,16,1,0.1003009038977325,0.6931471805599452,0.6931471805599452
184,2532,2533,45,45,1,0.10057825942834218,0.6931471805599452,0.6931471805599452
184,2533,2534,47,47,1,0.10053513500284642,0.6931471805599452,0.6931471805599452
184,2534,2535,42,42,1,0.10072462544554756,0.6931471805599452,0.6931471805599452
184,2535,2536,38,38,1,0.10075252385515916,0.6931471805599452,0.6931471805599452
184,2536,2537,39,39,1,0.10076934404862233,0.6931471805599452,0.6931471805599452
184,2537,2538,39,39,1,0.1007523863361432,0.6931471805599452,0.6931471805599452
184,2538,2539,47,47,1,0.10036499940968574,0.6931471805599452,0.6931471805599452
184,2539,2540,35,35,1,0.10107543064015252,0.6931471805599452,0.6931471805599452
184,2540,2541,44,44,1,0.10058560374785554,0.6931471805599452,0.6931471805599452
184,2541,2542,40,40,1,0.10067796744406224,0.6931471805599452,0.6931471805599452
184,2542,2543,61,61,1,0.10055393224856893,0.6931471805599452,0.6931471805599452
184,2543,2544,14,14,1,0.10018853417464665,0.6931471805599452,0.6931471805599452
184,2544,2545,38,38,1,0.10076483397891647,0.6931471805599454,0.6931471805599452
184,2545,2546,45,45,1,0.10155930701229307,0.6931471805599452,0.6931471805599452
184,2546,2547,42,42,1,0.10058050797808737,0.6931471805599452,0.6931471805599452
184,2547,2548,9,9,1,0.10169421467516157,0.6931471805599452,0.6931471805599452
184,2548,2549,41,41,1,0.1005699914403078,0.6931471805599452,0.6931471805599452
184,2549,2550,10,10,1,0.10066004171967506,0.6931471805599452,0.6931471805599452
184,2550,2551,42,42,1,0.1006305150332905,0.6931471805599452,0.6931471805599452
184,2551,2552,40,40,1,0.10052147321403027,0.6931471805599452,0.6931471805599452
184,2552,2553,46,46,1,0.10071112831001697,0.6931471805599452,0.6931471805599452
184,2553,2554,35,35,1,0.10073282037462507,0.6931471805599452,0.6931471805599452
184,2554,2555,46,46,1,0.10073973594800285,0.6931471805599452,0.6931471805599452
184,2555,2556,40,40,1,0.10045310631394386,0.6931471805599452,0.6931471805599452
184,2556,2557,42,42,1,0.10042209337864604,0.6931471805599452,0.6931471805599452
184,2557,2558,9,9,1,0.10060114247931375,0.6931471805599452,0.6931471805599452
184,2558,2559,29,29,1,0.10036173976700881,0.6931471805599452,0.6931471805599452
184,2559,2560,40,40,1,0.10069383885711432,0.6931471805599452,0.6931471805599452
184,2560,2561,9,9,1,0.09994467099507649,0.6931471805599452,0.6931471805599452
184,2561,2562,14,14,1,0.10035893001726695,0.6931471805599452,0.6931471805599452
184,2562,2563,53,53,1,0.10085833381931737,0.6931471805599454,0.6931471805599452
184,2563,2564,32,32,1,0.10054469993337989,0.6931471805599452,0.6931471805599452
184,2564,2565,20,20,1,0.10001197606325149,0.6931471805599452,0.6931471805599452
184,2565,2566,55,55,1,0.10026958178390157,0.6931471805599452,0.6931471805599452
184,2566,2567,41,41,1,0.10096119834882457,0.6931471805599452,0.6931471805599452
184,2567,2568,11,11,1,0.10034890269691293,0.6931471805599452,0.6931471805599452
184,2568,2569,44,44,1,0.10039903375912797,0.6931471805599452,0.6931471805599452
184,2569,2570,39,39,1,0.10066985243406051,0.6931471805599452,0.6931471805599452
184,2570,2571,58,58,1,0.10065922654908278,0.6931471805599454,0.6931471805599452
184,2571,2572,21,21,1,0.1000467911362648,0.6931471805599452,0.6931471805599452
184,2572,2573,42,42,1,0.10065284069804918,0.6931471805599452,0.6931471805599452
184,2573,2574,70,70,1,0.10055711141654423,0.6931471805599452,0.6931471805599452
184,2574,2575,45,45,1,0.10074228760268954,0.6931471805599452,0.6931471805599452
184,2575,2576,71,71,1,0.1004514282857868,0.6931471805599452,0.6931471805599452
184,2576,2577,28,28,1,0.10022326851529735,0.6931471805599452,0.6931471805599452
184,2577,2578,65,65,1,0.1005829741175358,0.6931471805599454,0.6931471805599452
184,2578,2579,42,42,1,0.10036509590489524,0.6931471805599452,0.6931471805599452
184,2579,2580,63,63,1,0.1004677244595119,0.6931471805599452,0.6931471805599452
184,2580,2581,44,44,1,0.1002004574984312,0.6931471805599452,0.6931471805599452
184,2581,2582,42,42,1,0.10058161297014781,0.6931471805599452,0.6931471805599452
184,2582,2583,50,50,1,0.10043144285678864,0.6931471805599452,0.6931471805599452
184,2583,2584,44,44,1,0.1002674163742499,0.6931471805599452,0.6931471805599452
184,2584,2585,58,58,1,0.10073967239466207,0.6931471805599452,0.6931471805599452
184,2585,2586,43,43,1,0.10027257422375124,0.6931471805599452,0.6931471805599452
184,2586,2587,54,54,1,0.10047033180793126,0.6931471805599452,0.6931471805599452
184,2587,2588,23,23,1,0.10020534597013307,0.6931471805599452,0.6931471805599452
184,2588,2589,10,10,1,0.10048959329724312,0.6931471805599452,0.6931471805599452
184,2589,2590,47,47,1,0.1006592979773562,0.6931471805599452,0.6931471805599452
184,2590,2591,55,55,1,0.10053101181983948,0.6931471805599452,0.6931471805599452
184,2591,2592,41,41,1,0.10058574669244813,0.6931471805599452,0.6931471805599452
184,2592,2593,54,54,1,0.10060472151747456,0.6931471805599452,0.6931471805599452
184,2593,2594,41,41,1,0.10034704262890466,0.6931471805599452,0.6931471805599452
184,2594,2595,61,61,1,0.10049372349606185,0.6931471805599452,0.6931471805599452
184,2595,2596,14,14,1,0.10031500618372645,0.6931471805599452,0.6931471805599452
184,2596,2597,10,10,1,0.10030690729618072,0.6931471805599452,0.6931471805599452
184,2597,2598,61,61,1,0.10043452020551337,0.6931471805599454,0.6931471805599452
184,2598,2599,54,54,1,0.10035659262427578,0.6931471805599454,0.6931471805599452
184,2599,2600,55,55,1,0.100576989217238,0.6931471805599452,0.6931471805599452
184,2600,2601,57,57,1,0.10068382388144209,0.6931471805599454,0.6931471805599452
184,2601,2602,73,73,1,0.10055720030444942,0.6931471805599452,0.6931471805599452
184,2602,2603,38,38,1,0.1005665548145771,0.6931471805599454,0.6931471805599452
184,2603,2604,54,54,1,0.10108378957267161,0.6931471805599452,0.6931471805599452
184,2604,2605,49,49,1,0.10054068206524362,0.6931471805599452,0.6931471805599452
184,2605,2606,11,11,1,0.1274333271113309,0.6931471805599452,0.6931471805599452
184,2606,2607,51,51,1,0.10048222293456395,0.6931471805599452,0.6931471805599452
184,2607,2608,63,63,1,0.10036586319643354,0.6931471805599452,0.6931471805599452
184,2608,2609,61,61,1,0.10039464848451927,0.6931471805599452,0.6931471805599452
184,2609,2610,47,47,1,0.10045098576773988,0.6931471805599452,0.6931471805599452
184,2610,2611,68,68,1,0.1004443694563473,0.6931471805599452,0.6931471805599452
184,2611,2612,51,51,1,0.10072025744354024,0.6931471805599452,0.6931471805599452
184,2612,2613,68,68,1,0.10076519529170849,0.6931471805599452,0.6931471805599452
184,2613,2614,54,54,1,0.10077503461528707,0.6931471805599452,0.6931471805599452
184,2614,2615,62,62,1,0.10049572514910851,0.6931471805599452,0.6931471805599452
184,2615,2616,45,45,1,0.10040382229619556,0.6931471805599452,0.6931471805599452
184,2616,2617,45,45,1,0.1003197087181939,0.6931471805599452,0.6931471805599452
184,2617,2618,58,58,1,0.10043798271438172,0.6931471805599452,0.6931471805599452
184,2618,2619,13,13,1,0.13738655642821238,0.6931471805599452,0.6931471805599452
184,2619,2620,51,51,1,0.10046402511059069,0.6931471805599454,0.6931471805599452
184,2620,2621,58,58,1,0.10043454195918708,0.6931471805599452,0.6931471805599452
184,2621,2622,52,52,1,0.10182986566080497,0.6931471805599452,0.6931471805599452
184,2622,2623,73,73,1,0.1035791323201297,0.6931471805599452,0.6931471805599452
184,2623,2624,64,64,1,0.10595354693941772,0.6931471805599452,0.6931471805599452
184,2624,2625,9,9,1,0.11561493492788738,0.6931471805599452,0.6931471805599452
184,2625,2626,78,78,1,0.10107349279599312,0.6931471805599452,0.6931471805599452
184,2626,2627,47,47,1,0.10754664923916472,0.6931471805599452,0.6931471805599452
184,2627,2628,64,64,1,0.10104916628915817,0.6931471805599452,0.6931471805599452
184,2628,2629,51,51,1,0.1063382364079064,0.6931471805599452,0.6931471805599452
184,2629,2630,82,82,1,0.10093796989176332,0.6931471805599452,0.6931471805599452
184,2630,2631,78,78,1,0.10098677644362816,0.6931471805599452,0.6931471805599452
184,2631,2632,10,10,1,0.1074518658220768,0.6931471805599452,0.6931471805599453
184,2632,2633,69,69,1,0.10494057488614235,0.6931471805599452,0.6931471805599452
184,2633,2634,73,73,1,0.1014338759322689,0.6931471805599452,0.6931471805599452
184,2634,2635,69,69,1,0.1013847291469574,0.6931471805599452,0.6931471805599452
184,2635,2636,5,5,1,0.1704300358891487,0.6931471805599452,0.6931471805599452
184,2636,2637,12,12,1,0.10311321665843327,0.6931471805599454,0.6931471805599452
184,2637,2638,62,62,1,0.10100156429313845,0.6931471805599452,0.6931471805599452
184,2638,2639,61,61,1,0.10210516657985624,0.6931471805599452,0.6931471805599453
184,2639,2640,74,74,1,0.10609196428511594,0.6931471805599452,0.6931471805599452
184,2640,2641,54,54,1,0.11048566301663716,0.6931471805599452,0.6931471805599452
184,2641,2642,16,16,1,0.112250582780689,0.6931471805599452,0.6931471805599452
184,2642,2643,33,33,1,0.10168639796249794,0.6931471805599454,0.6931471805599452
184,2643,2644,86,86,1,0.10126381254819937,0.6931471805599452,0.6931471805599452
184,2644,2645,20,20,1,0.10551504269242287,0.6931471805599452,0.6931471805599452
184,2645,2646,64,64,1,0.1032357377698645,0.6931471805599452,0.6931471805599453
184,2646,2647,77,77,1,0.10488726721181497,0.6931471805599452,0.6931471805599452
184,2647,2648,5,5,1,0.14282931238412858,0.6931471805599452,0.6931471805599452
184,2648,2649,79,79,1,0.10567696213344985,0.6931471805599452,0.6931471805599452
184,2649,2650,12,12,1,0.11230742620925109,0.6931471805599454,0.6931471805599452
184,2650,2651,54,54,1,0.10884077350298564,0.6931471805599452,0.6931471805599452
184,2651,2652,70,70,1,0.10136817140238626,0.6931471805599452,0.6931471805599452
184,2652,2653,70,70,1,0.104926819141422,0.6931471805599452,0.6931471805599452
184,2653,2654,42,42,1,0.10839468826140676,0.6931471805599452,0.6931471805599452
184,2654,2655,28,28,1,0.10724639919187341,0.6931471805599452,0.6931471805599452
184,2655,2656,15,15,1,0.10464544743299484,0.6931471805599452,0.6931471805599452
184,2656,2657,33,33,1,0.10757376569690126,0.6931471805599454,0.6931471805599452
184,2657,2658,19,19,1,0.10563591201054423,0.6931471805599454,0.6931471805599452
184,2658,2659,22,22,1,0.11080752008340576,0.6931471805599452,0.6931471805599452
184,2659,2660,74,74,1,0.10124418260277929,0.6931471805599452,0.6931471805599452
184,2660,2661,16,16,1,0.14808447659015656,0.6929122223205039,0.6931448309775509
184,2661,2662,69,69,1,0.10251267751057942,0.6931471805599452,0.6931448309775509
184,2662,2663,72,72,1,0.10126357949856254,0.6931471805599452,0.6931448309775509
184,2663,2664,65,65,1,0.10163666984209647,0.6931471805599452,0.6931448309775508
184,2664,2665,69,69,1,0.10564157139995824,0.6931471805599452,0.6931448309775508
184,2665,2666,49,49,1,0.11458292010487342,0.6931471805599452,0.6931448309775508
184,2666,2667,57,57,1,0.11051043502071448,0.6931471805599454,0.6931448309775508
184,2667,2668,70,70,1,0.10662296105708395,0.6929557073510311,0.6931429162454618
184,2668,2669,12,12,1,0.14738322980701923,0.6929037406027952,0.6931404818458902
184,2669,2670,30,30,1,0.10129937132199605,0.6931471805599454,0.6931404818458902
184,2670,2671,69,69,1,0.10191575265017108,0.6931471805599454,0.6931404818458902
184,2671,2672,58,58,1,0.10577266444933825,0.6931471805599454,0.6931404818458902
184,2672,2673,11,11,1,0.10625987974080173,0.6931471805599452,0.6931404818458902
184,2673,2674,58,58,1,0.10954313930766336,0.6929501711553231,0.6931385117518438
184,2674,2675,72,72,1,0.10607373538530535,0.6931471805599454,0.6931385117518439
184,2675,2676,15,15,1,0.10572298616170883,0.6931471805599452,0.6931385117518439
184,2676,2677,94,94,1,0.10133457120428695,0.6931471805599452,0.6931385117518439
184,2677,2678,44,44,1,0.11395552314140579,0.6929420352046294,0.6931364602982907
184,2678,2679,57,57,1,0.10373547451015104,0.6931471805599452,0.6931364602982907
184,2679,2680,52,52,1,0.10316470623589478,0.6931471805599454,0.6931364602982907
184,2680,2681,30,30,1,0.1276127497355143,0.6931471805599454,0.6931364602982907
184,2681,2682,67,67,1,0.1014670361556224,0.6931471805599452,0.6931364602982909
184,2682,2683,82,82,1,0.10528877931760579,0.6929603637667636,0.693134592130359
184,2683,2684,23,23,1,0.10054328584152719,0.6931471805599452,0.693134592130359
184,2684,2685,53,53,1,0.108418493057197,0.6929475164849934,0.6931325954896095
184,2685,2686,39,39,1,0.11954026325390889,0.6927297826789023,0.693128421510799
184,2686,2687,48,48,1,0.11745855150123437,0.6927828212452423,0.6931247779176519
184,2687,2688,64,64,1,0.11528371088206768,0.6929530694424263,0.6931228368064768
184,2688,2689,16,16,1,0.14922969182953238,0.6931471805599452,0.6931228368064768
184,2689,2690,46,46,1,0.11201868384428647,0.6929433445745171,0.6931207984466226
184,2690,2691,24,24,1,0.13553431226561466,0.6927011685957611,0.6931163383269806
184,2691,2692,78,78,1,0.10652541455167991,0.6929588921760877,0.6931144554431421
184,2692,2693,87,87,1,0.10942051003034088,0.6931471805599454,0.6931144554431421
184,2693,2694,87,87,1,0.10696013357447481,0.6931471805599452,0.6931144554431421
184,2694,2695,76,76,1,0.10147968718880102,0.6931471805599452,0.6931144554431421
184,2695,2696,91,91,1,0.10677292517253331,0.6929634275852928,0.6931126179133955
184,2696,2697,10,10,1,0.14435617849230767,0.6928983647594669,0.6931101297553909
184,2697,2698,56,56,1,0.10300103628209659,0.6931471805599454,0.6931101297553909
184,2698,2699,73,73,1,0.10147237236777397,0.6931471805599452,0.6931101297553909
184,2699,2700,90,90,1,0.10784860427180926,0.692963102536753,0.6931082889751589
184,2700,2701,76,76,1,0.10103837714383476,0.6931471805599452,0.6931082889751589
184,2701,2702,56,56,1,0.1058607737400702,0.6931471805599452,0.6931082889751589
184,2702,2703,65,65,1,0.1064306215598033,0.6931471805599452,0.6931082889751587
184,2703,2704,10,10,1,0.11599229350686073,0.6931471805599452,0.6931082889751589
184,2704,2705,15,15,1,0.13684601883093517,0.6931471805599452,0.6931082889751589
184,2705,2706,87,87,1,0.10629333932509367,0.6931471805599452,0.6931082889751589
184,2706,2707,68,68,1,0.10115227103233337,0.6931471805599454,0.6931082889751589
184,2707,2708,95,95,1,0.10602244562224337,0.6931471805599452,0.6931082889751589
184,2708,2709,9,9,1,0.10670845872826046,0.6931471805599452,0.6931082889751589
184,2709,2710,10,10,1,0.10406579822301865,0.6931471805599454,0.6931082889751587
184,2710,2711,11,11,1,0.10133834996006706,0.6931471805599452,0.6931082889751589
184,2711,2712,75,75,1,0.10148076862096786,0.6931471805599452,0.6931082889751589
184,2712,2713,70,70,1,0.10111307725310326,0.6931471805599452,0.6931082889751589
184,2713,2714,84,84,1,0.10182038898624125,0.6931471805599452,0.6931082889751589
184,2714,2715,12,12,1,0.10062327360113461,0.6931471805599452,0.6931082889751589
184,2715,2716,48,48,1,0.10369990486651659,0.6931471805599452,0.6931082889751589
184,2716,2717,53,53,1,0.10063098947394569,0.6931471805599454,0.6931082889751587
184,2717,2718,66,66,1,0.10050425272096287,0.6931471805599452,0.6931082889751589
184,2718,2719,12,12,1,0.11725624774893124,0.6931471805599452,0.6931082889751589
184,2719,2720,57,57,1,0.10144466514650144,0.6931471805599454,0.6931082889751589
184,2720,2721,69,69,1,0.10338500401248103,0.6931471805599452,0.6931082889751589
184,2721,2722,93,93,1,0.100927198846494,0.6931471805599452,0.6931082889751589
184,2722,2723,11,11,1,0.12494050711393356,0.6931471805599452,0.6931082889751589
184,2723,2724,98,98,0,0.103792384875064,0.6931471805599452,0.6931082889751587
184,2724,2725,12,12,1,0.11443471660216649,0.6931471805599452,0.6931082889751587
184,2725,2726,20,20,1,0.1264160044491291,0.6931471805599452,0.6931082889751589
184,2726,2727,98,98,0,0.10703260155052555,0.6926991641156686,0.6931038088107161
184,2727,2728,56,56,1,0.10334334349525827,0.6931471805599454,0.6931038088107161
184,2728,2729,75,75,1,0.10694235543409983,0.6931471805599454,0.6931038088107161
184,2729,2730,73,73,1,0.10267297484695095,0.6931471805599452,0.6931038088107161
184,2730,2731,12,12,1,0.1511112836500009,0.6931471805599454,0.6931038088107161
184,2731,2732,10,10,1,0.1459541715681553,0.6931471805599452,0.6931038088107161
184,2732,2733,86,86,1,0.10180877149105072,0.6931471805599452,0.6931038088107162
184,2733,2734,88,88,1,0.10061369616199624,0.6931471805599452,0.6931038088107161
184,2734,2735,59,59,1,0.10900081454192177,0.6929506744884402,0.6931018437500011
184,2735,2736,67,67,1,0.11253553806845822,0.6929544179935756,0.6930999161243373
184,2736,2737,15,15,1,0.10297355502843857,0.6931471805599452,0.6930999161243373
184,2737,2738,62,62,1,0.1101431924729578,0.6929521347487626,0.6930979656662255
184,2738,2739,16,16,1,0.10266109742224216,0.6931471805599452,0.6930979656662255
184,2739,2740,83,83,1,0.10116068578987236,0.6931471805599454,0.6930979656662256
184,2740,2741,94,94,1,0.10122443870344061,0.6931471805599452,0.6930979656662255
184,2741,2742,87,87,1,0.1021749534826169,0.6931471805599452,0.6930979656662255
184,2742,2743,67,67,1,0.10484903761700018,0.6931471805599452,0.6930979656662255
184,2743,2744,58,58,1,0.11278186468728657,0.6912051878563327,0.6930785457391895
184,2744,2745,77,77,1,0.0997948328202421,0.6931471805599452,0.6930785457391895
184,2745,2746,18,18,1,0.09774268004629347,0.6931471805599452,0.6930785457391893
184,2746,2747,80,80,1,0.09988712221384048,0.6931471805599452,0.6930785457391895
184,2747,2748,76,76,1,0.09978907947477542,0.6931471805599452,0.6930785457391895
184,2748,2749,50,50,1,0.09966582097113133,0.6931471805599452,0.6930785457391895
184,2749,2750,78,78,1,0.1000470540080315,0.6931471805599452,0.6930785457391895
184,2750,2751,81,81,1,0.10004435051922445,0.6931471805599452,0.6930785457391895
184,2751,2752,9,9,1,0.09934386528200573,0.6931471805599452,0.6930785457391895
184,2752,2753,83,83,1,0.1001852744494576,0.6931471805599452,0.6930785457391893
184,2753,2754,88,88,1,0.10048098853704604,0.6931471805599454,0.6930785457391895
184,2754,2755,82,82,1,0.10012313123883271,0.6931471805599452,0.6930785457391895
184,2755,2756,11,11,1,0.09899808940562335,0.6931471805599452,0.6930785457391895
184,2756,2757,26,26,1,0.10002423450350761,0.6931471805599452,0.6930785457391895
184,2757,2758,17,17,1,0.09989027591312633,0.6931471805599452,0.6930785457391895
184,2758,2759,37,37,1,0.09984562666835012,0.6931471805599452,0.6930785457391895
184,2759,2760,17,17,1,0.09987847638480804,0.6931471805599452,0.6930785457391893
184,2760,2761,98,98,0,0.10153804521779625,0.6931471805599452,0.6930808953215838
184,2761,2762,98,98,0,0.10018317880375045,0.6931471805599452,0.6930808953215838
184,2762,2763,11,11,1,0.09846231950954958,0.6931471805599452,0.6930808953215838
184,2763,2764,72,72,1,0.10013562290825778,0.6931471805599452,0.6930808953215839
184,2764,2765,62,62,1,0.10058664999181224,0.6931471805599454,0.6930808953215839
184,2765,2766,75,75,1,0.10021081119775772,0.6931471805599452,0.6930808953215839
184,2766,2767,98,98,0,0.1003372523249412,0.6931471805599452,0.6930808953215838
184,2767,2768,15,15,1,0.09866044918696086,0.6931471805599452,0.6930828100536729
184,2768,2769,45,45,1,0.10077297902769512,0.6931471805599452,0.6930852444532445
184,2769,2770,85,85,1,0.10084652900695801,0.6931471805599452,0.6930852444532445
184,2770,2771,98,98,0,0.10041543301575039,0.6931471805599452,0.6930852444532445
184,2771,2772,65,65,1,0.1006129373724644,0.6931471805599454,0.6930852444532445
184,2772,2773,38,38,1,0.09992871472710058,0.6931471805599452,0.6930852444532445
184,2773,2774,88,88,1,0.1002831103449518,0.6931471805599452,0.6930872145472907
184,2774,2775,88,88,1,0.10027169605547731,0.6931471805599454,0.6930872145472907
184,2775,2776,98,98,0,0.10053734314076755,0.6931471805599452,0.6930872145472907
184,2776,2777,93,93,1,0.10056692105467602,0.6931471805599452,0.6930872145472907
184,2777,2778,9,9,1,0.09910970098442501,0.6931471805599452,0.6930892660008439
184,2778,2779,58,58,1,0.10026824654176317,0.6931471805599454,0.6930892660008439
184,2779,2780,80,80,1,0.10019684415310622,0.6931471805599452,0.6930892660008439
184,2780,2781,14,14,1,0.09841586915510041,0.6931471805599452,0.6930892660008439
184,2781,2782,74,74,1,0.10009605870456309,0.6931471805599452,0.6930892660008438
184,2782,2783,57,57,1,0.10058862637532384,0.6931471805599452,0.6930911341687757
184,2783,2784,19,19,1,0.09969528489991238,0.6931471805599452,0.6930911341687757
184,2784,2785,29,29,1,0.09993807894402537,0.6931471805599452,0.6930931308095252
184,2785,2786,69,69,1,0.10089021899561951,0.6931471805599452,0.6930973047883355
184,2786,2787,84,84,1,0.10060514988643783,0.6931471805599452,0.6931009483814827
184,2787,2788,37,37,1,0.10072541478517893,0.6931471805599452,0.6931028894926579
184,2788,2789,61,61,1,0.10034900109787456,0.6931471805599452,0.6931028894926579
184,2789,2790,98,98,1,0.10429327022664402,0.6931471805599452,0.6931049278525121
184,2790,2791,81,81,1,0.10070287675401311,0.6931471805599452,0.693109387972154
184,2791,2792,78,78,1,0.10055316105867043,0.6931471805599452,0.6931112708559926
184,2792,2793,13,13,1,0.10064402910379264,0.6931471805599452,0.6931112708559926
184,2793,2794,78,78,1,0.10066929173011047,0.6931471805599452,0.6931112708559926
184,2794,2795,17,17,1,0.09800095330266391,0.6931471805599452,0.6931112708559926
184,2795,2796,63,63,1,0.10046708938621339,0.6931471805599452,0.693113108385739
184,2796,2797,61,61,1,0.1005044509885741,0.6931471805599452,0.6931155965437438
184,2797,2798,73,73,1,0.10076670389469355,0.6931471805599452,0.6931155965437438
184,2798,2799,62,62,1,0.10070269014085492,0.6931471805599452,0.6931155965437438
184,2799,2800,78,78,1,0.10068566953906646,0.6931471805599452,0.6931174373239757
184,2800,2801,20,20,1,0.10022741183638573,0.6931471805599452,0.6931174373239757
184,2801,2802,8,8,1,0.09841693844646215,0.6931471805599452,0.6931174373239757
184,2802,2803,68,68,1,0.10068546060253591,0.6931471805599452,0.6931174373239757
184,2803,2804,90,90,1,0.10051936565173997,0.6931471805599452,0.6931174373239757
184,2804,2805,46,46,1,0.10065167138110036,0.6931471805599452,0.6931174373239757
184,2805,2806,85,85,1,0.1007405376609634,0.6931471805599452,0.6931174373239757
184,2806,2807,62,62,1,0.1007560073368011,0.6931471805599452,0.6931174373239757
184,2807,2808,9,9,1,0.09981284042199452,0.6931471805599452,0.6931174373239757
184,2808,2809,78,78,1,0.10068681864784314,0.6931471805599452,0.6931174373239757
184,2809,2810,17,17,1,0.09969447158715304,0.6931471805599452,0.6931174373239757
184,2810,2811,76,76,1,0.10059162846913464,0.6931471805599454,0.6931174373239757
184,2811,2812,15,15,1,0.10017017076412836,0.6931471805599452,0.6931174373239757
184,2812,2813,70,70,1,0.10062269579086985,0.6931471805599452,0.6931174373239757
184,2813,2814,72,72,1,0.10051289128346576,0.6931471805599452,0.6931174373239757
184,2814,2815,68,68,1,0.10078578869647839,0.6931471805599452,0.6931174373239757
184,2815,2816,69,69,1,0.10079133348620456,0.6931471805599454,0.6931174373239757
184,2816,2817,65,65,1,0.10086068820494871,0.6931471805599452,0.6931174373239757
184,2817,2818,72,72,1,0.10060674169411261,0.6931471805599452,0.6931174373239757
184,2818,2819,15,15,1,0.10110447804133098,0.6931471805599452,0.6931174373239757
184,2819,2820,72,72,1,0.10052843847208554,0.6931471805599452,0.6931174373239757
184,2820,2821,87,87,1,0.1005498450891725,0.6931471805599452,0.6931174373239757
184,2821,2822,80,80,1,0.10098472936078906,0.6931471805599452,0.6931174373239757
184,2822,2823,80,80,1,0.10073589030653238,0.6931471805599452,0.6931174373239757
184,2823,2824,91,91,1,0.10046890402560706,0.6931471805599452,0.6931174373239759
184,2824,2825,88,88,1,0.1005161353810267,0.6931471805599452,0.6931174373239757
184,2825,2826,43,43,1,0.10048988097628882,0.6931471805599452,0.6931174373239757
184,2826,2827,8,8,1,0.10080571286380291,0.6931471805599452,0.6931219174884186
184,2827,2828,64,64,1,0.10070831316988915,0.6931471805599452,0.6931219174884186
184,2828,2829,79,79,1,0.10066677507343172,0.6931471805599452,0.6931219174884186
184,2829,2830,88,88,1,0.10055919719690626,0.6931471805599452,0.6931219174884186
184,2830,2831,77,77,1,0.10041487497555746,0.6931471805599452,0.6931219174884186
184,2831,2832,83,83,1,0.1007337774856981,0.6931471805599452,0.6931219174884184
184,2832,2833,72,72,1,0.10078157908800575,0.6931471805599452,0.6931219174884184
184,2833,2834,60,60,1,0.10063227154314518,0.6931471805599452,0.6931219174884186
184,2834,2835,98,98,0,0.10059561618432707,0.6931471805599452,0.6931238825491336
184,2835,2836,93,93,1,0.10067478134747475,0.6931471805599452,0.6931258101747972
184,2836,2837,93,93,1,0.10080424527968129,0.6931471805599452,0.6931258101747972
184,2837,2838,41,41,1,0.10030848569259411,0.6931471805599452,0.6931277606329092
184,2838,2839,65,65,1,0.1007220365680181,0.6931471805599452,0.6931277606329089
184,2839,2840,42,42,1,0.10089981680115064,0.6931471805599452,0.6931277606329089
184,2840,2841,43,43,1,0.10059765310481537,0.6931471805599452,0.6931277606329092
184,2841,2842,13,13,1,0.10041003559644406,0.6931471805599452,0.6931277606329092
184,2842,2843,12,12,1,0.10072016840179761,0.6931471805599452,0.6931277606329092
184,2843,2844,16,16,1,0.1007873727940023,0.6931471805599452,0.6931471805599452
184,2844,2845,79,79,1,0.10075305185363262,0.6931471805599452,0.6931471805599452
184,2845,2846,94,94,1,0.10048831579215983,0.6931471805599452,0.6931471805599452
184,2846,2847,88,88,1,0.10042914587327025,0.6931471805599452,0.6931471805599452
184,2847,2848,68,68,1,0.1007647522012977,0.6931471805599452,0.6931471805599452
184,2848,2849,86,86,1,0.1005680467500243,0.6931471805599452,0.6931471805599452
184,2849,2850,17,17,1,0.0993543986011954,0.6931471805599452,0.6931471805599452
184,2850,2851,26,26,1,0.10037320049909446,0.6931471805599452,0.6931471805599452
184,2851,2852,64,64,1,0.10033555678091943,0.6931471805599452,0.6931471805599452
184,2852,2853,95,95,1,0.10055931900676927,0.6931471805599452,0.6931471805599452
184,2853,2854,98,98,0,0.10065320232997135,0.6931471805599452,0.6931471805599452
184,2854,2855,44,44,1,0.10041934895244511,0.6931471805599452,0.6931471805599452
184,2855,2856,93,93,1,0.10090908816745205,0.6931471805599454,0.6931471805599452
184,2856,2857,98,98,1,0.10056911355682782,0.6931471805599454,0.6931471805599452
184,2857,2858,69,69,1,0.10051292310590329,0.6931471805599452,0.6931471805599452
184,2858,2859,72,72,1,0.1008926626915733,0.6931471805599454,0.6931471805599452
184,2859,2860,75,75,1,0.10045279761155447,0.6931471805599452,0.6931471805599452
184,2860,2861,31,31,1,0.10335440645294805,0.6931471805599452,0.6931471805599452
184,2861,2862,10,10,1,0.10917620360851288,0.6931471805599452,0.6931471805599452
184,2862,2863,16,16,1,0.10078904964029789,0.6931471805599452,0.6931471805599452
184,2863,2864,76,76,1,0.10054155419531621,0.6931471805599452,0.6931471805599452
184,2864,2865,82,82,1,0.10057337918296093,0.6931471805599452,0.6931471805599452
184,2865,2866,74,74,1,0.10062641408797857,0.6931471805599452,0.6931471805599452
184,2866,2867,90,90,1,0.10055784831444423,0.6931471805599452,0.6931471805599453
184,2867,2868,61,61,1,0.10062513695877107,0.6931471805599452,0.6931471805599452
184,2868,2869,77,77,1,0.1009800128348462,0.6931471805599452,0.6931471805599452
184,2869,2870,48,48,1,0.10037814065193136,0.6931471805599452,0.6931471805599452
184,2870,2871,15,15,1,0.10029691904783249,0.6931471805599452,0.6931471805599452
184,2871,2872,25,25,1,0.10052205860614777,0.6931471805599452,0.6931471805599452
184,2872,2873,93,93,1,0.10072471593977303,0.6931471805599452,0.6931471805599452
184,2873,2874,20,20,1,0.10057173408567906,0.6931471805599452,0.6931471805599453
184,2874,2875,98,98,0,0.1006242848020427,0.6931471805599452,0.6931471805599452
184,2875,2876,90,90,1,0.10068222557504972,0.6931471805599452,0.6931471805599452
184,2876,2877,86,86,1,0.10123045092751813,0.6931471805599452,0.6931471805599452
184,2877,2878,11,11,1,0.09979706460779364,0.6931471805599452,0.6931471805599452
184,2878,2879,90,90,1,0.10070466862784491,0.6931471805599452,0.6931471805599452
184,2879,2880,20,20,1,0.10094797573983669,0.6931471805599452,0.6931471805599452
184,2880,2881,85,85,1,0.10041035440038232,0.6931471805599452,0.6931471805599452
184,2881,2882,92,92,1,0.10065122029703596,0.6931471805599452,0.6931471805599452
184,2882,2883,84,84,1,0.10053494324286778,0.6931471805599452,0.6931471805599452
184,2883,2884,88,88,1,0.10052908999337391,0.6931471805599452,0.6931471805599452
184,2884,2885,26,26,1,0.10069218822396718,0.6931471805599452,0.6931471805599452
184,2885,2886,85,85,1,0.10057957461651634,0.6931471805599452,0.6931471805599452
184,2886,2887,12,12,1,0.10279961364964645,0.6931471805599454,0.6931471805599452
184,2887,2888,96,96,1,0.10052228129158418,0.6931471805599452,0.6931471805599452
184,2888,2889,98,98,0,0.10063861074800394,0.6931471805599452,0.6931471805599452
184,2889,2890,15,15,1,0.10049768487612407,0.6931471805599452,0.6931471805599452
184,2890,2891,42,42,1,0.10059871826143492,0.6931471805599452,0.6931471805599452
184,2891,2892,79,79,1,0.10051726144325884,0.6931471805599452,0.6931471805599452
184,2892,2893,98,98,0,0.10058061109513652,0.6931471805599454,0.6931471805599452
184,2893,2894,90,90,1,0.1006675138241715,0.6931471805599452,0.6931471805599452
184,2894,2895,95,95,1,0.10064349394095572,0.6931471805599452,0.6931471805599452
184,2895,2896,87,87,1,0.10062093304834147,0.6931471805599452,0.6931471805599452
184,2896,2897,88,88,1,0.10084370379759507,0.6931471805599454,0.6931471805599452
184,2897,2898,11,11,1,0.10044495964592154,0.6931471805599452,0.6931471805599452
184,2898,2899,48,48,1,0.10022393117348354,0.6931471805599452,0.6931471805599452
184,2899,2900,12,12,1,0.09979783309002717,0.6931471805599454,0.6931471805599452
184,2900,2901,93,93,1,0.1005706260761907,0.6931471805599452,0.6931471805599452
184,2901,2902,88,88,1,0.10081569884311069,0.6931471805599452,0.6931471805599452
184,2902,2903,93,93,1,0.10050949926978799,0.6931471805599452,0.6931471805599453
184,2903,2904,98,98,0,0.10054952970572881,0.6931471805599452,0.6931471805599452
184,2904,2905,80,80,1,0.10061134062707425,0.6931471805599452,0.6931471805599452
184,2905,2906,98,98,0,0.10044348574414545,0.6931471805599452,0.6931471805599452
184,2906,2907,14,14,1,0.09953813999891281,0.6931471805599452,0.6931471805599452
184,2907,2908,98,98,0,0.10074327787270351,0.6931471805599454,0.6931471805599452
184,2908,2909,97,97,1,0.10056586886189647,0.6931471805599454,0.6931471805599452
184,2909,2910,98,98,0,0.1006353304398303,0.6931471805599452,0.6931471805599453
184,2910,2911,98,98,0,0.10061773444925036,0.6931471805599452,0.6931471805599452
184,2911,2912,86,86,1,0.10060308717711028,0.6931471805599452,0.6931471805599452
184,2912,2913,10,10,1,0.09969048276543617,0.6931471805599452,0.6931471805599452
184,2913,2914,98,98,0,0.1007381828159702,0.6931471805599452,0.6931471805599452
184,2914,2915,13,13,1,0.10052416817500041,0.6931471805599452,0.6931471805599452
184,2915,2916,94,94,1,0.1006038914969627,0.6931471805599452,0.6931471805599452
184,2916,2917,98,98,0,0.10067499421384869,0.6931471805599452,0.6931471805599453
184,2917,2918,75,75,1,0.10063565721114477,0.6931471805599454,0.6931471805599452
184,2918,2919,75,75,1,0.10066623707612356,0.6931471805599452,0.6931471805599452
184,2919,2920,98,98,0,0.10080210773312316,0.6931471805599452,0.6931471805599452
184,2920,2921,98,98,0,0.10083953428025148,0.6931471805599452,0.6931471805599452
184,2921,2922,85,85,1,0.10079993377713596,0.6931471805599452,0.6931471805599452
184,2922,2923,98,98,0,0.10076347533233311,0.6931471805599454,0.6931471805599452
184,2923,2924,78,78,1,0.10067800441995645,0.6931471805599452,0.6931471805599452
184,2924,2925,97,97,1,0.10071167242281216,0.6931471805599452,0.6931471805599452
184,2925,2926,97,97,1,0.10093058346165824,0.6931471805599454,0.6931471805599452
184,2926,2927,98,98,0,0.10068374431254912,0.6931471805599452,0.6931471805599452
184,2927,2928,88,88,1,0.10060268606651913,0.6931471805599452,0.6931471805599452
184,2928,2929,98,98,0,0.1007084876907115,0.6931471805599454,0.6931471805599452
184,2929,2930,98,98,0,0.10059379390916046,0.6931471805599452,0.6931471805599452
184,2930,2931,98,98,1,0.10076359819088664,0.6931471805599452,0.6931471805599452
184,2931,2932,98,98,0,0.10072366657609842,0.6931471805599452,0.6931471805599453
184,2932,2933,80,80,1,0.10087848007678986,0.6931471805599452,0.6931471805599452
184,2933,2934,25,25,1,0.10065113127231598,0.6931471805599452,0.6931471805599452
184,2934,2935,98,98,0,0.1007708188678537,0.6931471805599454,0.6931471805599452
184,2935,2936,98,98,0,0.10066143043187199,0.6931471805599452,0.6931471805599452
184,2936,2937,98,98,0,0.10048625412948277,0.6931471805599452,0.6931471805599452
184,2937,2938,98,98,0,0.10067245645486579,0.6931471805599454,0.6931471805599452
184,2938,2939,98,98,0,0.10094352994038135,0.6931471805599452,0.6931471805599453
184,2939,2940,14,14,1,0.10041380992957524,0.6931471805599452,0.6931471805599452
184,2940,2941,82,82,1,0.10076492670469167,0.6931471805599452,0.6931471805599452
184,2941,2942,95,95,1,0.10076728620027241,0.6931471805599452,0.6931471805599452
184,2942,2943,98,98,0,0.10072986713173437,0.6931471805599452,0.6931471805599452
184,2943,2944,15,15,1,0.0998721405863762,0.6931471805599452,0.6931471805599452
184,2944,2945,98,98,0,0.1006488137859471,0.6931471805599452,0.6931471805599452
184,2945,2946,19,19,1,0.10049515648892052,0.6931471805599452,0.6931471805599453
184,2946,2947,13,13,1,0.1007168533710333,0.6931471805599452,0.6931471805599452
184,2947,2948,69,69,1,0.100677032077658,0.6931471805599452,0.6931471805599452
184,2948,2949,81,81,1,0.10052158977882361,0.6931471805599452,0.6931471805599452
184,2949,2950,75,75,1,0.10134016235669453,0.6931471805599452,0.6931471805599452
184,2950,2951,98,98,0,0.10055797075738712,0.6931471805599452,0.6931471805599452
184,2951,2952,98,98,0,0.100677098698762,0.6931471805599452,0.6931471805599452
184,2952,2953,72,72,1,0.10057163890451193,0.6931471805599452,0.6931471805599453
184,2953,2954,98,98,0,0.1007821189657766,0.6931471805599452,0.6931471805599452
184,2954,2955,83,83,1,0.10072319236505463,0.6931471805599452,0.6931471805599452
184,2955,2956,92,92,1,0.10060049148033494,0.6931471805599454,0.6931471805599452
184,2956,2957,9,9,1,0.10083310388856465,0.6931471805599452,0.6931471805599452
184,2957,2958,10,10,1,0.1007065549492836,0.6931471805599452,0.6931471805599452
184,2958,2959,77,77,1,0.10049176670901187,0.6931471805599452,0.6931471805599452
184,2959,2960,98,98,0,0.10077348739212873,0.6931471805599452,0.6931471805599453
184,2960,2961,80,80,1,0.10041019152849913,0.6931471805599454,0.6931471805599453
184,2961,2962,91,91,1,0.10265373970781054,0.6931471805599452,0.6931471805599452
184,2962,2963,14,14,1,0.10036357119679451,0.6931471805599452,0.6931471805599452
184,2963,2964,98,98,1,0.10068680361217382,0.6931471805599452,0.6931471805599452
184,2964,2965,76,76,1,0.10040989233867119,0.6931471805599452,0.6931471805599452
184,2965,2966,98,98,0,0.10086519217916898,0.6931471805599452,0.6931471805599452
184,2966,2967,98,98,0,0.1009433144817547,0.6931471805599454,0.6931471805599452
184,2967,2968,84,84,1,0.10092693709191822,0.6931471805599452,0.6931471805599453
184,2968,2969,96,96,1,0.10064637001293401,0.6931471805599452,0.6931471805599452
184,2969,2970,98,98,0,0.10067651367613248,0.6931471805599454,0.6931471805599452
184,2970,2971,94,94,1,0.10093354631928687,0.6931471805599452,0.6931471805599452
184,2971,2972,15,15,1,0.10063746422529221,0.6931471805599452,0.6931471805599452
184,2972,2973,84,84,1,0.10076679502214704,0.6931471805599452,0.6931471805599452
184,2973,2974,44,44,1,0.1004205352880738,0.6931471805599452,0.6931471805599452
184,2974,2975,95,95,1,0.10087104714230487,0.6931471805599452,0.6931471805599453
184,2975,2976,13,13,1,0.10014833681858502,0.6931471805599452,0.6931471805599452
184,2976,2977,32,32,1,0.10070248413830996,0.6931471805599452,0.6931471805599452
184,2977,2978,70,70,1,0.10078891441226005,0.6931471805599452,0.6931471805599452
184,2978,2979,17,17,1,0.10112417270155515,0.6931471805599452,0.6931471805599452
184,2979,2980,91,91,1,0.10067012030017244,0.6931471805599452,0.6931471805599452
184,2980,2981,98,98,0,0.10091019999616001,0.6931471805599454,0.6931471805599452
184,2981,2982,81,81,1,0.10070165890602419,0.6931471805599452,0.6931471805599453
184,2982,2983,98,98,0,0.1010659392542985,0.6931471805599452,0.6931471805599452
184,2983,2984,98,98,0,0.10074798306640313,0.6931471805599452,0.6931471805599452
184,2984,2985,19,19,1,0.10158120527079231,0.6931471805599452,0.6931471805599452
184,2985,2986,13,13,1,0.1001445221213194,0.6931471805599452,0.6931471805599452
184,2986,2987,98,98,0,0.10099740204762439,0.6931471805599452,0.6931471805599452
184,2987,2988,86,86,1,0.10071417082880818,0.6931471805599452,0.6931471805599452
184,2988,2989,94,94,1,0.10111741000350485,0.6931471805599452,0.6931471805599453
184,2989,2990,94,94,1,0.10077800324305575,0.6931471805599452,0.6931471805599452
184,2990,2991,96,96,1,0.10094685619696975,0.6931471805599452,0.6931471805599452
184,2991,2992,89,89,1,0.10048252310645714,0.6931471805599452,0.6931471805599452
184,2992,2993,81,81,1,0.10093236328275115,0.6931471805599452,0.6931471805599452
184,2993,2994,98,98,0,0.10123927092977933,0.6931471805599454,0.6931471805599452
184,2994,2995,85,85,1,0.10118750807117013,0.6931471805599452,0.6931471805599452
184,2995,2996,98,98,1,0.10078624620729563,0.6931471805599452,0.6931471805599453
184,2996,2997,67,67,1,0.10610728421762808,0.6931471805599452,0.6931471805599453
184,2997,2998,93,93,1,0.1005810595327808,0.6931471805599452,0.6931471805599452
184,2998,2999,85,85,1,0.10051610548706616,0.6931471805599452,0.6931471805599452
184,2999,3000,98,98,1,0.10073788502082533,0.6931471805599452,0.6931471805599452
184,3000,3001,98,98,0,0.1007948425807515,0.6931471805599454,0.6931471805599452
184,3001,3002,21,21,1,0.1011716624101003,0.6931471805599452,0.6931471805599452
184,3002,3003,98,98,0,0.10081591951299687,0.6931471805599452,0.6931471805599452
184,3003,3004,78,78,1,0.10092898878531578,0.6931471805599452,0.6931471805599453
184,3004,3005,91,91,1,0.10111931703247867,0.6931471805599452,0.6931471805599452
184,3005,3006,65,65,1,0.10055684206577448,0.6931471805599452,0.6931471805599452
184,3006,3007,84,84,1,0.10091326909051054,0.6931471805599452,0.6931471805599452
184,3007,3008,77,77,1,0.10085732605937239,0.6931471805599452,0.6931471805599452
184,3008,3009,72,72,1,0.10070586877150668,0.6931471805599452,0.6931471805599452
184,3009,3010,83,83,1,0.10075394414275525,0.6931471805599452,0.6931471805599452
184,3010,3011,95,95,1,0.10087302162459022,0.6931471805599454,0.6931471805599453
184,3011,3012,95,95,1,0.10095177622217881,0.6931471805599452,0.6931471805599452
184,3012,3013,94,94,1,0.1007298839853165,0.6931471805599452,0.6931471805599452
184,3013,3014,83,83,1,0.10085919499397278,0.6931471805599454,0.6931471805599452
184,3014,3015,90,90,1,0.100567779607243,0.6931471805599452,0.6931471805599452
184,3015,3016,89,89,1,0.10066972187395846,0.6931471805599452,0.6931471805599452
184,3016,3017,48,48,1,0.10039530321955681,0.6931471805599452,0.6931471805599452
184,3017,3018,98,98,1,0.1009135438623477,0.6931471805599452,0.6931471805599453
184,3018,3019,69,69,1,0.10103885581096013,0.6931471805599452,0.6931471805599452
184,3019,3020,98,98,1,0.10075366360192396,0.6931471805599452,0.6931471805599452
184,3020,3021,12,12,1,0.10097114803890388,0.6931471805599454,0.6931471805599452
184,3021,3022,78,78,1,0.10057070717597619,0.6931471805599452,0.6931471805599452
184,3022,3023,11,11,1,0.10037758540023457,0.6931471805599452,0.6931471805599452
184,3023,3024,98,98,1,0.1008373496635836,0.6931471805599452,0.6931471805599452
184,3024,3025,73,73,1,0.10043965535212869,0.6931471805599452,0.6931471805599453
184,3025,3026,88,88,1,0.10058365398171273,0.6931471805599452,0.6931471805599452
184,3026,3027,12,12,1,0.10014971842368443,0.6931471805599454,0.6931471805599452
184,3027,3028,75,75,1,0.10108264247576396,0.6931471805599452,0.6931471805599452
184,3028,3029,94,94,1,0.1007162923825548,0.6931471805599452,0.6931471805599452
184,3029,3030,70,70,1,0.10092781877943448,0.6931471805599452,0.6931471805599452
184,3030,3031,68,68,1,0.10065297278411248,0.6931471805599452,0.6931471805599452
184,3031,3032,84,84,1,0.10084137834963344,0.6931471805599452,0.6931471805599452
184,3032,3033,98,98,0,0.10067153053016079,0.6931471805599452,0.6931471805599453
184,3033,3034,13,13,1,0.10050481213973118,0.6931471805599452,0.6931471805599452
184,3034,3035,98,98,0,0.10091764411451865,0.6931471805599454,0.6931471805599452
184,3035,3036,88,88,1,0.10076796026392416,0.6931471805599452,0.6931471805599452
184,3036,3037,13,13,1,0.09951402246952057,0.6931471805599452,0.6931471805599452
184,3037,3038,17,17,1,0.10057123268351835,0.6931471805599452,0.6931471805599452
184,3038,3039,69,69,1,0.10029282474863356,0.6931471805599452,0.6931471805599452
184,3039,3040,37,37,1,0.10107808298355825,0.6931471805599454,0.6931471805599453
184,3040,3041,98,98,0,0.10053261392274682,0.6931471805599454,0.6931471805599452
184,3041,3042,89,89,1,0.10108025715257345,0.6931471805599452,0.6931471805599452
184,3042,3043,91,91,1,0.10061836160801269,0.6931471805599452,0.6931471805599452
184,3043,3044,86,86,1,0.10109628511722697,0.6931471805599452,0.6931471805599452
184,3044,3045,80,80,1,0.10019390471279621,0.6931471805599452,0.6931471805599452
184,3045,3046,98,98,0,0.10077493288079087,0.6931471805599452,0.6931471805599452
184,3046,3047,84,84,1,0.10141527289081187,0.6931471805599452,0.6931471805599453
184,3047,3048,88,88,1,0.10097401995550502,0.6931471805599454,0.6931471805599452
184,3048,3049,98,98,0,0.10160757517632173,0.6931471805599452,0.6931471805599452
184,3049,3050,98,98,0,0.11079639781798635,0.6929656073360877,0.6931453648277066
184,3050,3051,89,89,1,0.10122688466243529,0.6931471805599452,0.6931453648277066
184,3051,3052,98,98,0,0.10309357264516306,0.6931471805599454,0.6931453648277066
184,3052,3053,98,98,0,0.10404205246239293,0.6931471805599452,0.6931453648277066
184,3053,3054,98,98,0,0.10624492981908273,0.6931471805599452,0.6931453648277067
184,3054,3055,94,94,1,0.10474318781114639,0.6931471805599454,0.6931453648277066
184,3055,3056,96,96,1,0.11019192053936422,0.6914487644892975,0.6931283806670002
184,3056,3057,22,22,1,0.13559290157123047,0.6895688501605187,0.6930925973630059
184,3057,3058,81,81,1,0.10980268328646083,0.692682437790734,0.6930879499353138
184,3058,3059,98,98,0,0.10346428031215862,0.6931471805599452,0.6930879499353138
184,3059,3060,22,22,1,0.10065720365806059,0.6931471805599452,0.6930879499353138
184,3060,3061,11,11,1,0.09960546683181416,0.6931471805599452,0.6930879499353136
184,3061,3062,15,15,1,0.09983695099751154,0.6931471805599452,0.6930879499353138
184,3062,3063,98,98,0,0.10300443914471841,0.6931471805599452,0.6930879499353138
184,3063,3064,89,89,1,0.10048356024401911,0.6931471805599452,0.6930879499353138
184,3064,3065,98,98,0,0.10107350630723701,0.6931471805599454,0.6930879499353138
184,3065,3066,17,17,1,0.09929661014500786,0.6931471805599452,0.6930879499353138
184,3066,3067,98,98,0,0.10076966326759786,0.6931471805599452,0.6930879499353138
184,3067,3068,82,82,1,0.10297425881755061,0.6931471805599452,0.6930879499353136
184,3068,3069,81,81,1,0.10042224594472367,0.6931471805599452,0.6930879499353138
184,3069,3070,98,98,0,0.10059084644427105,0.6931471805599454,0.6930879499353138
184,3070,3071,12,12,1,0.09905361632506053,0.6931471805599454,0.6930879499353138
184,3071,3072,16,16,1,0.11418271390721202,0.6931471805599452,0.6930879499353138
184,3072,3073,11,11,1,0.09902453964406793,0.6931471805599452,0.6930879499353138
184,3073,3074,98,98,0,0.10090098552861992,0.6931471805599452,0.6930879499353138
184,3074,3075,98,98,0,0.10126260379139258,0.6931471805599452,0.6930879499353138
184,3075,3076,98,98,0,0.10195744577415135,0.6931471805599454,0.6930879499353138
184,3076,3077,98,98,0,0.10052595143111384,0.6931471805599452,0.6930879499353138
184,3077,3078,98,98,0,0.10226537097169429,0.6931471805599452,0.6930879499353138
184,3078,3079,98,98,0,0.10055094257909425,0.6931471805599452,0.6930879499353138
184,3079,3080,90,90,1,0.1025434913734595,0.6931471805599452,0.6930879499353138
184,3080,3081,98,98,0,0.1007798261636374,0.6931471805599452,0.6930879499353138
184,3081,3082,98,98,0,0.10217198166920215,0.6931471805599452,0.6930879499353138
184,3082,3083,98,98,0,0.10469390923271374,0.6931471805599452,0.6930879499353138
184,3083,3084,98,98,0,0.10087943936184961,0.6931471805599452,0.6930879499353138
184,3084,3085,98,98,0,0.10099951094206498,0.6931471805599452,0.6930879499353138
184,3085,3086,71,71,1,0.10044181220968004,0.6931471805599452,0.6930879499353138
184,3086,3087,12,12,1,0.09980956961711247,0.6931471805599452,0.6930879499353138
184,3087,3088,11,11,1,0.09427485276352275,0.6931471805599452,0.6930879499353138
184,3088,3089,60,60,1,0.09967366432150206,0.6931471805599452,0.6930879499353138
184,3089,3090,93,93,1,0.10156434574114379,0.6931471805599452,0.6930879499353138
184,3090,3091,98,98,0,0.10088675370325847,0.6931471805599454,0.6930879499353138
184,3091,3092,85,85,1,0.10062538709710626,0.6931471805599452,0.6930879499353138
184,3092,3093,98,98,0,0.10071443279786986,0.6931471805599452,0.6930879499353138
184,3093,3094,98,98,0,0.10089075314451237,0.6931471805599454,0.6930879499353138
184,3094,3095,98,98,0,0.10051707642114892,0.6931471805599454,0.6930879499353138
184,3095,3096,98,98,0,0.1022871129062711,0.6931471805599454,0.6930879499353138
184,3096,3097,98,98,0,0.10062307598335403,0.6931471805599452,0.6930879499353138
184,3097,3098,98,98,0,0.10137651526198095,0.6931471805599454,0.6930879499353138
184,3098,3099,98,98,0,0.10151569894990142,0.6931471805599454,0.6930879499353138
184,3099,3100,98,98,0,0.10080761781760625,0.6931471805599452,0.6930879499353138
184,3100,3101,69,69,1,0.10087199174407599,0.6931471805599454,0.6930879499353138
184,3101,3102,98,98,0,0.10094826105906039,0.6931471805599454,0.6930879499353138
184,3102,3103,98,98,1,0.10056908116961012,0.6931471805599454,0.6930879499353138
184,3103,3104,98,98,0,0.1006914821206307,0.6931471805599452,0.6930879499353138
184,3104,3105,98,98,0,0.10069662553011155,0.6931471805599452,0.6930879499353138
184,3105,3106,98,98,0,0.10084842571190425,0.6931471805599454,0.6930879499353138
184,3106,3107,98,98,0,0.10074956806338563,0.6931471805599452,0.6930879499353138
184,3107,3108,98,98,0,0.10128127144915718,0.6931471805599454,0.6930879499353138
184,3108,3109,98,98,0,0.10123992065081791,0.6931471805599452,0.6930879499353138
184,3109,3110,16,16,1,0.10319920862093568,0.6931471805599452,0.6930879499353138
184,3110,3111,98,98,0,0.10229154060385665,0.6931471805599454,0.6930879499353138
184,3111,3112,23,23,1,0.09889522032893222,0.6931471805599452,0.693087949935314
184,3112,3113,62,62,1,0.10052501782774925,0.6931471805599454,0.6930879499353138
184,3113,3114,83,83,1,0.10074678242924702,0.6931471805599452,0.6930879499353138
184,3114,3115,12,12,1,0.09872838482260704,0.6931471805599454,0.6930879499353138
184,3115,3116,27,27,1,0.10022968964444266,0.6931471805599452,0.6930879499353138
184,3116,3117,98,98,0,0.10099608633591205,0.6931471805599454,0.6930879499353138
184,3117,3118,98,98,0,0.10099992946702607,0.6931471805599452,0.6930879499353138
184,3118,3119,98,98,0,0.10069552976257946,0.6931471805599452,0.693087949935314
184,3119,3120,98,98,0,0.10095510160436436,0.6931471805599452,0.6930879499353138
184,3120,3121,93,93,1,0.10213118094590402,0.6931471805599452,0.6930879499353138
184,3121,3122,98,98,0,0.10053731539115614,0.6931471805599452,0.6930879499353138
184,3122,3123,98,98,0,0.10056714341044426,0.6931471805599454,0.6930879499353138
184,3123,3124,98,98,0,0.10064050099071191,0.6931471805599452,0.6930879499353138
184,3124,3125,14,14,1,0.09995763003826141,0.6931471805599452,0.6930879499353138
184,3125,3126,98,98,0,0.10105619161408774,0.6931471805599452,0.693087949935314
184,3126,3127,94,94,1,0.10083230751308989,0.6931471805599452,0.6930879499353138
184,3127,3128,98,98,0,0.10082764079680248,0.6931471805599452,0.6930879499353138
184,3128,3129,95,95,1,0.10087788599102121,0.6931471805599452,0.6930879499353138
184,3129,3130,98,98,0,0.10091328415639546,0.6931471805599452,0.6930879499353138
184,3130,3131,28,28,1,0.10097881672637803,0.6931471805599452,0.6930879499353138
184,3131,3132,98,98,0,0.10087559106094497,0.6931471805599452,0.6930879499353138
184,3132,3133,98,98,0,0.10085821775149326,0.6931471805599452,0.6930879499353138
184,3133,3134,98,98,0,0.10122576287510443,0.6931471805599452,0.693087949935314
184,3134,3135,98,98,0,0.10080032567588651,0.6931471805599452,0.6930879499353138
184,3135,3136,97,97,1,0.10076084087804421,0.6931471805599452,0.6930879499353138
184,3136,3137,40,40,1,0.1007220035418868,0.6931471805599452,0.6930879499353138
184,3137,3138,69,69,1,0.10075215304243391,0.6931471805599452,0.6930879499353138
184,3138,3139,98,98,0,0.100892038293639,0.6931471805599452,0.6930879499353138
184,3139,3140,92,92,1,0.1007914295339066,0.6931471805599452,0.6930879499353138
184,3140,3141,29,29,1,0.10093497228005836,0.6931471805599452,0.693087949935314
184,3141,3142,98,98,0,0.10079372377724063,0.6931471805599452,0.6930879499353138
184,3142,3143,95,95,1,0.10092751070072777,0.6931471805599452,0.6930879499353138
184,3143,3144,91,91,1,0.10080980984391746,0.6931471805599452,0.6930879499353138
184,3144,3145,98,98,0,0.10074486233750168,0.6931471805599452,0.6930879499353138
184,3145,3146,98,98,0,0.10147851629524815,0.6931471805599454,0.6930879499353138
184,3146,3147,98,98,0,0.10077677697551493,0.6931471805599452,0.6930879499353138
184,3147,3148,21,21,1,0.10006915210258394,0.6931471805599452,0.693087949935314
184,3148,3149,98,98,0,0.10091857794596225,0.6931471805599452,0.6930879499353138
184,3149,3150,89,89,1,0.10094966078072451,0.6931471805599452,0.6930897656675523
184,3150,3151,93,93,1,0.10109809810115446,0.6931471805599452,0.6930897656675523
184,3151,3152,98,98,0,0.10152246210039878,0.6931471805599452,0.6930897656675523
184,3152,3153,98,98,0,0.10135403784866236,0.6931471805599452,0.6930897656675523
184,3153,3154,98,98,0,0.10149461395886479,0.6931471805599452,0.6930897656675523
184,3154,3155,98,98,0,0.10088793005870313,0.6931471805599452,0.6930897656675525
184,3155,3156,98,98,0,0.10092686755316597,0.6931471805599452,0.6931067498282587
184,3156,3157,95,95,1,0.10061210817412326,0.6931471805599452,0.693142533132253
184,3157,3158,98,98,0,0.10083513570075132,0.6931471805599452,0.6931471805599452
184,3158,3159,63,63,1,0.10101075730626545,0.6931471805599452,0.6931471805599452
184,3159,3160,98,98,0,0.10088065220993392,0.6931471805599454,0.6931471805599452
184,3160,3161,88,88,1,0.10083647021515803,0.6931471805599452,0.6931471805599453
184,3161,3162,98,98,0,0.10064430983394992,0.6931471805599452,0.6931471805599453
184,3162,3163,98,98,0,0.10096644458113885,0.6931471805599452,0.6931471805599452
184,3163,3164,15,15,1,0.10106671502192816,0.6931471805599452,0.6931471805599452
184,3164,3165,98,98,0,0.10085235748972211,0.6931471805599454,0.6931471805599452
184,3165,3166,98,98,0,0.10073558826531682,0.6931471805599452,0.6931471805599452
184,3166,3167,98,98,0,0.10077405029109546,0.6931471805599452,0.6931471805599452
184,3167,3168,17,17,1,0.10092976294896182,0.6931471805599452,0.6931471805599453
184,3168,3169,98,98,0,0.10088667030237158,0.6931471805599452,0.6931471805599453
184,3169,3170,98,98,0,0.10081443061329881,0.6931471805599452,0.6931471805599452
184,3170,3171,98,98,0,0.1010651216671175,0.6931471805599452,0.6931471805599452
184,3171,3172,96,96,1,0.10192433247963588,0.6931471805599454,0.6931471805599452
184,3172,3173,98,98,0,0.10098748540087622,0.6931471805599452,0.6931471805599452
184,3173,3174,96,96,1,0.10140819692363341,0.6931471805599454,0.6931471805599452
184,3174,3175,98,98,0,0.10183538276017928,0.6931471805599454,0.6931471805599452
184,3175,3176,55,55,1,0.10754529901526191,0.6931471805599452,0.6931471805599453
184,3176,3177,98,98,0,0.10387137539836826,0.6931471805599452,0.6931471805599453
184,3177,3178,98,98,0,0.10169423059845457,0.6931471805599454,0.6931471805599452
184,3178,3179,93,93,1,0.10222513805474004,0.6931471805599452,0.6931471805599452
184,3179,3180,98,98,0,0.10228300109809758,0.6931471805599452,0.6931471805599452
184,3180,3181,98,98,0,0.1015863158569044,0.6931471805599454,0.6931471805599452
184,3181,3182,55,55,1,0.10332730940797112,0.6931471805599454,0.6931471805599452
184,3182,3183,98,98,0,0.10188198538154972,0.6931471805599454,0.6931471805599453
184,3183,3184,72,72,1,0.1035080479664935,0.6931471805599454,0.6931471805599453
184,3184,3185,98,98,0,0.10374170351697475,0.6931471805599452,0.6931471805599453
184,3185,3186,98,98,0,0.10253627674312008,0.6931471805599452,0.6931471805599452
184,3186,3187,59,59,1,0.10913750895504225,0.6929506744884402,0.6931452154992301
184,3187,3188,98,98,0,0.10195826647841201,0.6931471805599452,0.6931452154992301
184,3188,3189,58,58,1,0.10912588547016012,0.6931471805599454,0.6931452154992301
184,3189,3190,93,93,1,0.10369800648061178,0.6931471805599452,0.6931452154992302
184,3190,3191,98,98,0,0.10216447475309275,0.6931471805599452,0.6931452154992302
184,3191,3192,50,50,1,0.10193496212363243,0.6931471805599452,0.6931452154992301
184,3192,3193,98,98,0,0.10460990157966711,0.6931471805599454,0.6931452154992301
184,3193,3194,98,98,0,0.10200080366767182,0.6931471805599452,0.6931452154992301
184,3194,3195,98,98,0,0.10172980826119987,0.6931471805599452,0.6931452154992301
184,3195,3196,50,50,1,0.11191288620233536,0.6931471805599452,0.6931452154992301
184,3196,3197,98,98,0,0.10163697319067254,0.6931471805599454,0.6931452154992301
184,3197,3198,51,51,1,0.10331660830507092,0.6931471805599454,0.6931452154992302
184,3198,3199,98,98,0,0.10263242458506507,0.6931471805599452,0.6931452154992302
184,3199,3200,98,98,0,0.10219657223443596,0.6931471805599452,0.6931452154992301
184,3200,3201,98,98,0,0.10298663552622406,0.6931471805599454,0.6931452154992301
184,3201,3202,98,98,0,0.10329122172326458,0.6931471805599454,0.6931452154992301
184,3202,3203,61,61,1,0.10260553132803714,0.6931471805599452,0.6931452154992301
184,3203,3204,98,98,0,0.10230221295235109,0.6931471805599454,0.6931452154992301
184,3204,3205,98,98,0,0.10223421522853327,0.6931471805599452,0.6931452154992302
184,3205,3206,98,98,0,0.10199339262076787,0.6931471805599452,0.6931452154992302
184,3206,3207,98,98,0,0.10217493726890914,0.6931471805599452,0.6931452154992301
184,3207,3208,98,98,0,0.10292262606778924,0.6931471805599452,0.6931452154992301
184,3208,3209,59,59,1,0.10175589888782824,0.6931471805599452,0.6931452154992301
184,3209,3210,98,98,0,0.10179808173252612,0.6931471805599452,0.6931452154992301
184,3210,3211,98,98,0,0.1011768217597689,0.6931471805599454,0.6931452154992301
184,3211,3212,98,98,0,0.10218472558320785,0.6931471805599454,0.6931452154992301
184,3212,3213,98,98,0,0.10250397855225875,0.6931471805599452,0.6931452154992302
184,3213,3214,98,98,0,0.1017691144073496,0.6931471805599452,0.6931452154992301
184,3214,3215,98,98,0,0.10153724777759338,0.6931471805599452,0.6931452154992301
184,3215,3216,98,98,0,0.10234316225562777,0.6931471805599454,0.6931452154992301
184,3216,3217,98,98,0,0.10177954704481729,0.6931471805599452,0.6931452154992301
184,3217,3218,98,98,0,0.10125329816827969,0.6931471805599452,0.6931452154992301
184,3218,3219,98,98,0,0.10174040891686265,0.6931471805599452,0.6931452154992301
184,3219,3220,98,98,0,0.10116757216806314,0.6931471805599454,0.6931452154992302
184,3220,3221,98,98,0,0.10133604188354647,0.6931471805599454,0.6931452154992302
184,3221,3222,92,92,1,0.10064517998177072,0.6931471805599452,0.6931452154992301
184,3222,3223,98,98,0,0.10141976937955739,0.6931471805599452,0.6931452154992301
184,3223,3224,98,98,0,0.10116327903708633,0.6931471805599452,0.6931452154992301
184,3224,3225,98,98,0,0.10066642186471395,0.6931471805599454,0.6931452154992301
184,3225,3226,98,98,0,0.10085416501578019,0.6931471805599452,0.6931452154992301
184,3226,3227,98,98,0,0.10129868284780152,0.6931471805599454,0.6931452154992302
184,3227,3228,98,98,0,0.10237058829896305,0.6931471805599452,0.6931452154992302
184,3228,3229,98,98,0,0.10141889112336296,0.6931471805599454,0.6931452154992301
184,3229,3230,98,98,0,0.10170809939807775,0.6931471805599452,0.6931452154992301
184,3230,3231,10,10,1,0.09978277757763862,0.6931471805599452,0.6931452154992301
184,3231,3232,98,98,0,0.10095855107112807,0.6931471805599452,0.6931452154992301
184,3232,3233,98,98,0,0.10070962504464753,0.6931471805599452,0.6931452154992301
184,3233,3234,98,98,0,0.10094564012726959,0.6931471805599452,0.6931452154992301
184,3234,3235,98,98,0,0.10080754141114195,0.6931471805599452,0.6931452154992302
184,3235,3236,98,98,0,0.1004438086279801,0.6931471805599454,0.6931452154992301
184,3236,3237,98,98,0,0.10101865901022541,0.6931471805599452,0.6931452154992301
184,3237,3238,98,98,0,0.10134789476893385,0.6931471805599452,0.6931452154992301
184,3238,3239,98,98,0,0.10087476990052632,0.6931471805599452,0.6931452154992301
184,3239,3240,98,98,0,0.100700102822513,0.6931471805599452,0.6931452154992301
184,3240,3241,98,98,0,0.1008961656872107,0.6931471805599452,0.6931452154992301
184,3241,3242,98,98,0,0.10075039781477986,0.6931471805599454,0.6931452154992302
184,3242,3243,98,98,0,0.10115143740359618,0.6931471805599452,0.6931452154992302
184,3243,3244,96,96,1,0.10079998717022438,0.6931471805599452,0.6931452154992301
184,3244,3245,98,98,0,0.10082112351546482,0.6931471805599452,0.6931452154992301
184,3245,3246,98,98,0,0.10072874156187991,0.6931471805599452,0.6931452154992301
184,3246,3247,98,98,0,0.10052269932870962,0.6931471805599452,0.6931452154992301
184,3247,3248,98,98,0,0.10359675961793685,0.6931471805599452,0.6931452154992301
184,3248,3249,98,98,0,0.10039519282932184,0.6931471805599454,0.6931452154992302
184,3249,3250,98,98,0,0.10070976432488889,0.6931471805599452,0.6931452154992302
184,3250,3251,98,98,0,0.10068231288875852,0.6931471805599452,0.6931452154992301
184,3251,3252,98,98,0,0.10053438237126992,0.6931471805599452,0.6931452154992301
184,3252,3253,98,98,0,0.10061462649277278,0.6931471805599452,0.6931452154992301
184,3253,3254,98,98,0,0.10097400205475944,0.6931471805599452,0.6931452154992301
184,3254,3255,98,98,0,0.10064562288474063,0.6931471805599452,0.6931452154992301
184,3255,3256,97,97,1,0.10056964461643671,0.6931471805599454,0.6931452154992302
184,3256,3257,92,92,1,0.10111071128884087,0.6931471805599452,0.6931452154992302
184,3257,3258,16,16,1,0.09953702753409743,0.6931471805599452,0.6931452154992301
184,3258,3259,98,98,0,0.10067881332064162,0.6931471805599452,0.6931452154992301
184,3259,3260,98,98,0,0.10059777137880423,0.6931471805599452,0.6931452154992301
184,3260,3261,98,98,0,0.10073783689615678,0.6931471805599452,0.6931452154992301
184,3261,3262,98,98,0,0.1005359167347149,0.6931471805599452,0.6931452154992301
184,3262,3263,98,98,0,0.10076300168828088,0.6931471805599452,0.6931452154992302
184,3263,3264,98,98,0,0.10088756163509524,0.6931471805599454,0.6931452154992302
184,3264,3265,98,98,0,0.10051652789115906,0.6931471805599454,0.6931452154992301
184,3265,3266,98,98,0,0.10089232316430734,0.6931471805599452,0.6931452154992301
184,3266,3267,98,98,0,0.1007022245654038,0.6931471805599452,0.6931452154992301
184,3267,3268,98,98,0,0.1007212408799298,0.6931471805599452,0.6931452154992301
184,3268,3269,98,98,0,0.10171999668284339,0.6931471805599454,0.6931452154992301
184,3269,3270,98,98,0,0.10068896542094191,0.6931471805599452,0.6931452154992302
184,3270,3271,33,33,1,0.1002570241689682,0.6931471805599452,0.6931452154992302
184,3271,3272,98,98,0,0.10069775140407133,0.6931471805599454,0.6931452154992302
184,3272,3273,98,98,0,0.1008547383303545,0.6931471805599452,0.6931452154992301
184,3273,3274,98,98,0,0.1026934418751269,0.6931471805599454,0.6931452154992301
184,3274,3275,98,98,0,0.10069926607669616,0.6931471805599452,0.6931452154992301
184,3275,3276,98,98,0,0.10074082571937114,0.6931471805599452,0.6931452154992301
184,3276,3277,89,89,1,0.10081888492522614,0.6931471805599452,0.6931452154992301
184,3277,3278,98,98,0,0.10087980307182487,0.6931471805599454,0.6931452154992302
184,3278,3279,98,98,0,0.10098631147827421,0.6931471805599454,0.6931452154992302
184,3279,3280,98,98,0,0.10085719504526683,0.6931471805599452,0.6931452154992301
184,3280,3281,98,98,0,0.10089712126218543,0.6931471805599452,0.6931452154992301
184,3281,3282,98,98,0,0.10076503592486284,0.6931471805599452,0.6931452154992301
184,3282,3283,98,98,0,0.10089901948765832,0.6931471805599452,0.6931452154992301
184,3283,3284,98,98,0,0.10069302477094592,0.6931471805599454,0.6931452154992301
184,3284,3285,98,98,0,0.10090773894774671,0.6931471805599454,0.6931452154992301
184,3285,3286,98,98,0,0.10082600463409813,0.6931471805599452,0.6931452154992302
184,3286,3287,98,98,0,0.10062782785722188,0.6931471805599452,0.6931471805599453
184,3287,3288,98,98,0,0.1008713250713689,0.6931471805599452,0.6931471805599452
184,3288,3289,22,22,1,0.10071856393055482,0.6931471805599452,0.6931471805599452
184,3289,3290,98,98,0,0.1007427555717984,0.6931471805599454,0.6931471805599452
184,3290,3291,98,98,0,0.1007568859020058,0.6931471805599454,0.6931471805599452
184,3291,3292,98,98,0,0.10088247197623156,0.6931471805599454,0.6931471805599453
184,3292,3293,98,98,0,0.10062422922679357,0.6931471805599454,0.6931471805599453
184,3293,3294,98,98,0,0.10067747959068843,0.6931471805599454,0.6931471805599453
184,3294,3295,98,98,0,0.10081400562609945,0.6931471805599454,0.6931471805599452
184,3295,3296,98,98,0,0.10071276690886945,0.6931471805599452,0.6931471805599452
184,3296,3297,98,98,0,0.10127687591071032,0.6931471805599454,0.6931471805599452
184,3297,3298,98,98,0,0.10110651321557103,0.6931471805599452,0.6931471805599452
184,3298,3299,98,98,0,0.10059180133500878,0.6931471805599452,0.6931471805599452
184,3299,3300,98,98,0,0.10088462755084038,0.6931471805599452,0.6931471805599453
184,3300,3301,98,98,0,0.1007639903347103,0.6931471805599454,0.6931471805599453
184,3301,3302,93,93,1,0.1007439235365519,0.6931471805599452,0.6931471805599453
184,3302,3303,88,88,1,0.10054078562693163,0.6931471805599452,0.6931471805599452
184,3303,3304,91,91,1,0.10080949249830874,0.6931471805599454,0.6931471805599452
184,3304,3305,98,98,0,0.10078287200660122,0.6931471805599454,0.6931471805599452
184,3305,3306,98,98,0,0.10079437174967357,0.6931471805599452,0.6931471805599452
184,3306,3307,98,98,0,0.10109842082067412,0.6931471805599454,0.6931471805599453
184,3307,3308,98,98,0,0.10095878804520685,0.6931471805599452,0.6931471805599453
184,3308,3309,98,98,0,0.10126886516809464,0.6931471805599452,0.6931471805599453
184,3309,3310,98,98,0,0.10087474177078325,0.6931471805599454,0.6931471805599452
184,3310,3311,94,94,1,0.10120615054001199,0.6931471805599454,0.6931471805599452
184,3311,3312,11,11,1,0.09868361055850983,0.6931471805599452,0.6931471805599452
184,3312,3313,98,98,0,0.10116829092101175,0.6931471805599454,0.6931471805599452
184,3313,3314,97,97,1,0.1011748068111459,0.6931471805599452,0.6931471805599453
184,3314,3315,98,98,0,0.10106213421237711,0.6931471805599452,0.6931471805599453
184,3315,3316,98,98,0,0.10073943968330111,0.6931471805599452,0.6931471805599453
184,3316,3317,98,98,0,0.10193025518436821,0.6931471805599452,0.6931471805599453
184,3317,3318,88,88,1,0.10109619770876387,0.6931471805599452,0.6931471805599452
184,3318,3319,98,98,0,0.10165942893648634,0.6931471805599452,0.6931471805599452
184,3319,3320,98,98,0,0.10073251710558424,0.6931471805599452,0.6931471805599452
184,3320,3321,93,93,1,0.10108447026821875,0.6931471805599454,0.6931471805599452
184,3321,3322,98,98,0,0.10113661584197259,0.6931471805599452,0.6931471805599453
184,3322,3323,98,98,0,0.10147465309318231,0.6931471805599452,0.6931471805599453
184,3323,3324,98,98,0,0.10113147995909866,0.6931471805599454,0.6931471805599453
184,3324,3325,98,98,0,0.10071136042171595,0.6931471805599452,0.6931471805599452
184,3325,3326,87,87,1,0.10099766489075518,0.6931471805599452,0.6931471805599452
184,3326,3327,98,98,0,0.10130660349921304,0.6931471805599454,0.6931471805599452
184,3327,3328,98,98,0,0.10135608896309016,0.6931471805599452,0.6931471805599452
184,3328,3329,98,98,0,0.10134064862314536,0.6931471805599452,0.6931471805599453
184,3329,3330,98,98,0,0.1013509996083318,0.6931471805599452,0.6931471805599453
184,3330,3331,98,98,0,0.10100406256257272,0.6931471805599452,0.6931471805599453
184,3331,3332,85,85,1,0.1009699507671244,0.6931471805599452,0.6931471805599452
184,3332,3333,74,74,1,0.10117721688505765,0.6931471805599452,0.6931471805599452
184,3333,3334,98,98,0,0.1010104673249381,0.6931471805599452,0.6931471805599452
184,3334,3335,98,98,0,0.1009015014433131,0.6931471805599452,0.6931471805599452
184,3335,3336,98,98,0,0.10127748526176628,0.6931471805599452,0.6931471805599453
184,3336,3337,98,98,0,0.10104390127318245,0.6931471805599454,0.6931471805599453
184,3337,3338,98,98,0,0.10179689807855354,0.6931471805599452,0.6931471805599453
184,3338,3339,98,98,0,0.10113061690817074,0.6931471805599452,0.6931471805599452
184,3339,3340,98,98,0,0.10228811934286235,0.6931471805599452,0.6931471805599452
184,3340,3341,98,98,0,0.10156212678673315,0.6931471805599454,0.6931471805599452
184,3341,3342,71,71,1,0.10155321028031095,0.6931471805599452,0.6931471805599452
184,3342,3343,98,98,0,0.10127209385438841,0.6931471805599454,0.6931471805599452
184,3343,3344,98,98,1,0.10106222377139695,0.6931471805599452,0.6931471805599453
184,3344,3345,98,98,0,0.10178596229881656,0.6931471805599452,0.6931471805599453
184,3345,3346,98,98,0,0.1017199519793598,0.6931471805599454,0.6931471805599453
184,3346,3347,98,98,0,0.10173409614635974,0.6931471805599452,0.6931471805599452
184,3347,3348,98,98,0,0.10058174958946753,0.6931471805599452,0.6931471805599452
184,3348,3349,98,98,0,0.10053927998761741,0.6931471805599452,0.6931471805599452
184,3349,3350,98,98,0,0.10153445837144949,0.6931471805599452,0.6931471805599452
184,3350,3351,93,93,1,0.10167485323323998,0.6931471805599452,0.6931471805599453
184,3351,3352,98,98,0,0.10120046784987255,0.6931471805599452,0.6931471805599453
184,3352,3353,98,98,0,0.10104765324872367,0.6931471805599452,0.6931471805599453
184,3353,3354,98,98,0,0.10234984664284454,0.6931471805599452,0.6931471805599452
184,3354,3355,87,87,1,0.10134866268470369,0.6931471805599452,0.6931471805599452
184,3355,3356,98,98,0,0.1042090216461493,0.6931471805599452,0.6931471805599452
184,3356,3357,98,98,0,0.10144885560991812,0.6931471805599452,0.6931471805599452
184,3357,3358,98,98,0,0.10325585419730264,0.6931471805599452,0.6931471805599453
184,3358,3359,98,98,0,0.10189761829619505,0.6931471805599454,0.6931471805599453
184,3359,3360,89,89,1,0.10385205245084977,0.6931471805599452,0.6931471805599453
184,3360,3361,98,98,0,0.1021656438860358,0.6931471805599454,0.6931471805599452
184,3361,3362,89,89,1,0.10421698130248638,0.6931471805599452,0.6931471805599452
184,3362,3363,98,98,0,0.10124724936120365,0.6931471805599452,0.6931471805599452
184,3363,3364,72,72,1,0.10389821935031149,0.6931471805599454,0.6931471805599452
184,3364,3365,87,87,1,0.10265526920557022,0.6931471805599452,0.6931471805599453
184,3365,3366,86,86,1,0.10144129828658215,0.6931471805599452,0.6931471805599453
184,3366,3367,65,65,1,0.10246567324950145,0.6931471805599452,0.6931471805599453
184,3367,3368,98,98,0,0.10250239325117091,0.6931471805599452,0.6931471805599452
184,3368,3369,92,92,1,0.1017385778705711,0.6931471805599452,0.6931471805599452
184,3369,3370,95,95,1,0.10117564083714234,0.6931471805599452,0.6931471805599452
184,3370,3371,96,96,1,0.10105338413268328,0.6931471805599452,0.6931471805599452
184,3371,3372,76,76,1,0.10321762334359319,0.6931471805599452,0.6931471805599452
184,3372,3373,98,98,0,0.10194871734295573,0.6931471805599452,0.6931471805599453
184,3373,3374,88,88,1,0.10105306367305192,0.6931471805599452,0.6931471805599453
184,3374,3375,98,98,0,0.10160517548115885,0.6931471805599454,0.6931471805599453
184,3375,3376,93,93,1,0.10211644361736955,0.6931471805599452,0.6931471805599452
184,3376,3377,86,86,1,0.10096777065895325,0.6931471805599452,0.6931471805599452
184,3377,3378,71,71,1,0.10171557910425562,0.6931471805599452,0.6931471805599452
184,3378,3379,98,98,0,0.10099902931524783,0.6931471805599452,0.6931471805599452
184,3379,3380,92,92,1,0.1018037798450045,0.6931471805599452,0.6931471805599453
184,3380,3381,98,98,0,0.10216286269073584,0.6931471805599452,0.6931471805599453
184,3381,3382,98,98,0,0.10328737349838626,0.6931471805599452,0.6931471805599453
184,3382,3383,98,98,0,0.1016690614728295,0.6931471805599454,0.6931471805599452
184,3383,3384,16,16,1,0.09978303546085954,0.6931471805599452,0.6931471805599452
184,3384,3385,69,69,1,0.1027365868938142,0.6931471805599452,0.6931471805599452
184,3385,3386,98,98,0,0.10202107722966039,0.6931471805599452,0.6931471805599452
184,3386,3387,97,97,1,0.10218000665460665,0.6931471805599452,0.6931471805599452
184,3387,3388,78,78,1,0.10114188950795394,0.6931471805599452,0.6931471805599453
184,3388,3389,88,88,1,0.10110230489887974,0.6931471805599452,0.6931471805599453
184,3389,3390,90,90,1,0.10238249881400002,0.6931471805599452,0.6931471805599452
184,3390,3391,64,64,1,0.10111456946469843,0.6931471805599452,0.6931471805599452
184,3391,3392,83,83,1,0.10210016163357769,0.6931471805599452,0.6931471805599452
184,3392,3393,98,98,0,0.10101931397708094,0.6931471805599454,0.6931471805599452
184,3393,3394,98,98,0,0.10528784230047343,0.6931471805599452,0.6931471805599452
184,3394,3395,93,93,1,0.10461036949067988,0.6931471805599452,0.6931471805599453
184,3395,3396,98,98,0,0.104827133672578,0.6929656073360879,0.6931453648277066
184,3396,3397,98,98,0,0.10738188507301467,0.6929656073360877,0.693143549095468
184,3397,3398,98,98,0,0.10353266660656248,0.6931471805599452,0.693143549095468
184,3398,3399,98,98,0,0.1151956037751266,0.6897859071634219,0.6931099363615029
184,3399,3400,98,98,0,0.10717578939333254,0.6929656073360877,0.6931081206292643
184,3400,3401,14,14,1,0.10459609595792634,0.6931471805599452,0.6931081206292642
184,3401,3402,98,98,0,0.10747286928247432,0.6931471805599452,0.6931081206292642
184,3402,3403,98,98,0,0.10303196744347105,0.6931471805599454,0.6931081206292643
184,3403,3404,80,80,1,0.10253667309880257,0.6931471805599452,0.6931081206292643
184,3404,3405,92,92,1,0.10588537464323251,0.6931471805599454,0.6931081206292643
184,3405,3406,68,68,1,0.10735962298863075,0.6931471805599452,0.6931081206292643
184,3406,3407,89,89,1,0.10447416429439288,0.6931471805599454,0.6931081206292643
184,3407,3408,93,93,1,0.10297127468611604,0.6931471805599452,0.6931081206292642
184,3408,3409,93,93,1,0.1062526235817581,0.6931471805599452,0.6931081206292642
184,3409,3410,87,87,1,0.10220626099356289,0.6931471805599452,0.6931081206292643
184,3410,3411,98,98,0,0.10281588129547177,0.6931471805599452,0.6931081206292643
184,3411,3412,98,98,0,0.10597196046491059,0.6931471805599452,0.6931081206292643
184,3412,3413,98,98,0,0.10408732697975878,0.6931471805599452,0.6931081206292643
184,3413,3414,96,96,1,0.10701636450054745,0.6931471805599452,0.6931081206292643
184,3414,3415,95,95,1,0.10288650142519097,0.6931471805599454,0.6931081206292642
184,3415,3416,92,92,1,0.1027955106743004,0.6931471805599452,0.6931081206292642
184,3416,3417,98,98,0,0.10175104979045536,0.6931471805599452,0.6931081206292642
184,3417,3418,98,98,0,0.10365132189222745,0.6931471805599452,0.6931081206292643
184,3418,3419,98,98,0,0.10565276291905618,0.6931471805599454,0.6931081206292643
184,3419,3420,83,83,1,0.10352977993617575,0.6931471805599452,0.6931081206292643
184,3420,3421,98,98,0,0.10804827769800109,0.6931471805599452,0.6931081206292643
184,3421,3422,89,89,1,0.10289483852265927,0.6931471805599452,0.6931081206292642
184,3422,3423,97,97,1,0.10552473903931293,0.6931471805599452,0.6931081206292642
184,3423,3424,98,98,0,0.10514862478083493,0.6931471805599452,0.6931081206292642
184,3424,3425,7,7,1,0.1548323439700263,0.6928878472250057,0.6931055272959149
184,3425,3426,5,5,1,0.17842848002910613,0.6931471805599452,0.6931055272959149
184,3426,3427,90,90,1,0.1025809361702866,0.6931471805599452,0.6931055272959149
184,3427,3428,98,98,0,0.10618753510774398,0.6931471805599454,0.6931055272959149
184,3428,3429,98,98,0,0.10190321816777696,0.6931471805599452,0.6931055272959148
184,3429,3430,98,98,0,0.10283777300192386,0.6931471805599454,0.6931055272959148
184,3430,3431,89,89,1,0.103704978743296,0.6931471805599452,0.6931055272959148
184,3431,3432,98,98,0,0.10353801878435272,0.6931471805599452,0.6931055272959149
184,3432,3433,98,98,0,0.10333311268869712,0.6931471805599452,0.6931055272959149
184,3433,3434,98,98,0,0.10267965335931097,0.6931471805599452,0.6931055272959149
184,3434,3435,98,98,0,0.10307212584480947,0.6931471805599452,0.6931055272959149
184,3435,3436,98,98,0,0.10466253012418747,0.6931471805599454,0.6931055272959148
184,3436,3437,98,98,0,0.10496033363196315,0.6931471805599452,0.6931055272959148
184,3437,3438,98,98,0,0.10196174415094512,0.6931471805599454,0.6931055272959148
184,3438,3439,81,81,1,0.103374071603204,0.6931471805599454,0.6931055272959149
184,3439,3440,98,98,0,0.10273393099101222,0.6931471805599452,0.6931055272959149
184,3440,3441,98,98,0,0.10523180770022529,0.6931471805599452,0.6931055272959149
184,3441,3442,98,98,0,0.11143073439598083,0.6882272198485724,0.6930563276888012
184,3442,3443,49,49,1,0.11996276539807417,0.6866931154864235,0.6929917870380659
184,3443,3444,98,98,0,0.11194053026182312,0.6882272198485724,0.6929425874309522
184,3444,3445,96,96,1,0.11259904294274747,0.6913083091305903,0.6929241987166586
184,3445,3446,98,98,0,0.1117950649741961,0.6924749809658147,0.6929174767207172
184,3446,3447,98,98,0,0.11696525678342702,0.6924749809658147,0.6929107547247761
184,3447,3448,98,98,0,0.11161139683455837,0.6924749809658147,0.6929040327288348
184,3448,3449,72,72,1,0.11660217845605479,0.6924300703504749,0.69289686162674
184,3449,3450,94,94,1,0.11636370888098757,0.6922861217680841,0.6928882510388215
184,3450,3451,98,98,0,0.11244963276751187,0.6924749809658147,0.6928815290428801
184,3451,3452,57,57,1,0.12576277201112948,0.6920416870604864,0.6928704741078855
184,3452,3453,98,98,0,0.11401785438766285,0.6924749809658147,0.6928637521119441
184,3453,3454,98,98,0,0.12159868086479148,0.6921118345180997,0.6928533986515258
184,3454,3455,98,98,0,0.11371365121128607,0.6924749809658147,0.6928466766555844
184,3455,3456,98,98,0,0.11311284695961038,0.6882272198485724,0.6927974770484707
184,3456,3457,98,98,0,0.11802194434769299,0.6924749809658147,0.6927907550525295
184,3457,3458,98,98,0,0.11736877034513318,0.6913192782991435,0.6927724760299213
184,3458,3459,98,98,0,0.111686003527471,0.6913192782991435,0.6927541970073133
184,3459,3460,98,98,0,0.11328932072739212,0.6924749809658147,0.692747475011372
184,3460,3461,87,87,1,0.11666084414926069,0.687974774720569,0.6926957509529784
184,3461,3462,18,18,1,0.14787803176376554,0.690393710182951,0.6926682162492084
184,3462,3463,5,5,1,0.27192090153694154,0.6896799153599218,0.6926335435972082
184,3463,3464,98,98,0,0.11094402932390875,0.6913192782991435,0.6926152645746001
184,3464,3465,98,98,0,0.1166032794482854,0.6924749809658147,0.6926085425786589
184,3465,3466,56,56,1,0.13440382520535163,0.6848706371372866,0.6925257771444322
184,3466,3467,98,98,0,0.11333072018258426,0.6913192782991435,0.6925074981218242
184,3467,3468,98,98,0,0.11582649293906834,0.6913192782991435,0.6924892190992163
184,3468,3469,98,98,0,0.11444407222526413,0.6899674803872794,0.6924574220974895
184,3469,3470,68,68,1,0.1150837354362011,0.6911233481413741,0.6924371837733038
184,3470,3471,74,74,1,0.11653391171146084,0.6911689446219959,0.6924174014139244
184,3471,3472,98,98,0,0.11156552254545446,0.6913192782991435,0.6923991223913163
184,3472,3473,98,98,0,0.11183726787567139,0.6913192782991435,0.6923808433687083
184,3473,3474,98,98,0,0.11271314224114223,0.6913192782991435,0.6923625643461002
184,3474,3475,98,98,0,0.11088577619924837,0.6913192782991435,0.6923442853234922
184,3475,3476,98,98,0,0.11093817468808621,0.6913192782991435,0.6923260063008843
184,3476,3477,98,98,0,0.10164766218893383,0.6931471805599452,0.6923260063008843
184,3477,3478,98,98,0,0.11147134158076072,0.6913192782991435,0.6923077272782763
184,3478,3479,98,98,0,0.11195494683117282,0.6913192782991435,0.6922894482556683
184,3479,3480,98,98,0,0.11198464948303845,0.6913192782991435,0.6922711692330601
184,3480,3481,98,98,0,0.11300358731223613,0.6913192782991435,0.6922528902104521
184,3481,3482,98,98,0,0.11214322368709409,0.6913192782991435,0.6922346111878441
184,3482,3483,98,98,0,0.11186769749132955,0.6913192782991435,0.6922163321652363
184,3483,3484,98,98,0,0.11126469212527178,0.6913192782991435,0.6921980531426282
184,3484,3485,98,98,0,0.11199506075710666,0.6913192782991435,0.6921797741200202
184,3485,3486,98,98,0,0.111285571769184,0.6913192782991435,0.6921614950974121
184,3486,3487,98,98,0,0.11091649243418052,0.6913192782991435,0.692143216074804
184,3487,3488,98,98,0,0.11287911654430993,0.6924749809658147,0.6921364940788628
184,3488,3489,98,98,0,0.11153320040629834,0.6913192782991435,0.6921182150562547
184,3489,3490,98,98,0,0.1114059967197934,0.6913192782991435,0.6920999360336468
184,3490,3491,98,98,0,0.1119869558938912,0.6913192782991435,0.6920816570110389
184,3491,3492,98,98,0,0.10234255260046647,0.6931471805599452,0.6920816570110389
184,3492,3493,98,98,0,0.1110479709293161,0.6913192782991435,0.6920633779884307
184,3493,3494,98,98,0,0.11117346896504869,0.6913192782991435,0.6920450989658227
184,3494,3495,98,98,0,0.11139279619163396,0.6913192782991435,0.6920268199432147
184,3495,3496,98,98,0,0.11184772027998555,0.6913192782991435,0.6920103566528454
184,3496,3497,98,98,0,0.11227219528993782,0.6913192782991435,0.6919938933624757
184,3497,3498,98,98,0,0.11327362881631267,0.6913192782991435,0.6919756143398678
184,3498,3499,98,98,0,0.11143652562584196,0.6913192782991435,0.691990948051225
184,3499,3500,98,98,0,0.11208122269231446,0.6913192782991435,0.6919744847608555
184,3500,3501,98,98,0,0.11188170884032639,0.6913192782991435,0.6919562057382476
184,3501,3502,98,98,0,0.11138656712612327,0.6913192782991435,0.6919379267156396
184,3502,3503,98,98,0,0.11165322948779378,0.6913192782991435,0.6919196476930316
184,3503,3504,98,98,0,0.11093315079200025,0.6913192782991435,0.6919013686704235
184,3504,3505,98,98,0,0.1110547273894962,0.6913192782991435,0.6918830896478154
184,3505,3506,98,98,0,0.11164594114739068,0.6913192782991435,0.6918648106252074
184,3506,3507,98,98,0,0.11185226460196535,0.6913192782991435,0.6918465316025995
184,3507,3508,98,98,0,0.10163077461172124,0.6931471805599452,0.6918465316025996
184,3508,3509,98,98,0,0.11238804140261241,0.6913192782991435,0.6918282525799914
184,3509,3510,98,98,0,0.11165353070412364,0.6913192782991435,0.6918099735573834
184,3510,3511,92,92,1,0.11151987459996472,0.691285632891281,0.6917913580806967
184,3511,3512,98,98,0,0.11138107901325031,0.6913192782991435,0.6917730790580887
184,3512,3513,98,98,0,0.11138037508543656,0.6913192782991435,0.6917548000354807
184,3513,3514,98,98,0,0.11282873480599753,0.6913192782991435,0.6917365210128726
184,3514,3515,98,98,0,0.11195435496617337,0.6913192782991435,0.6917182419902648
184,3515,3516,98,98,0,0.11106603949957965,0.6913192782991435,0.6916999629676568
184,3516,3517,98,98,0,0.11125498858033395,0.6913192782991435,0.6916816839450487
184,3517,3518,98,98,0,0.10165516948517488,0.6931471805599452,0.6916816839450486
184,3518,3519,98,98,0,0.11176963158103885,0.6913192782991435,0.6916634049224406
184,3519,3520,98,98,0,0.11350185264434133,0.6924749809658147,0.6916566829264993
184,3520,3521,98,98,0,0.11188226063944856,0.6913192782991435,0.6916384039038913
184,3521,3522,98,98,0,0.11143746333462852,0.6913192782991435,0.6916201248812834
184,3522,3523,98,98,0,0.11151502197798417,0.6913192782991435,0.6916018458586755
184,3523,3524,98,98,0,0.11159167940519293,0.6913192782991435,0.6915835668360673
184,3524,3525,98,98,0,0.110833647755944,0.6913192782991435,0.6915678811468087
184,3525,3526,98,98,0,0.1112055349714902,0.6913192782991435,0.6915496021242007
184,3526,3527,98,98,0,0.11125885801655906,0.6913192782991435,0.6915313231015925
184,3527,3528,98,98,0,0.11128944964433203,0.6913192782991435,0.6915130440789845
184,3528,3529,98,98,0,0.11217649539514464,0.6913192782991435,0.6914947650563766
184,3529,3530,98,98,0,0.11335102818450149,0.6913192782991435,0.6914764860337687
184,3530,3531,98,98,0,0.11224105421985899,0.6913192782991435,0.6914582070111606
184,3531,3532,98,98,0,0.11196342734049777,0.6913192782991435,0.6914399279885525
184,3532,3533,98,98,0,0.11315472773751434,0.6913192782991435,0.6914216489659445
184,3533,3534,98,98,0,0.11197497003844806,0.6913192782991435,0.6914033699433365
184,3534,3535,98,98,0,0.11156506615937972,0.6913192782991435,0.6913850909207284
184,3535,3536,98,98,0,0.1118713127715247,0.6913192782991435,0.6913668118981205
184,3536,3537,98,98,0,0.11118044354477707,0.6913192782991435,0.6913485328755126
184,3537,3538,98,98,0,0.11172200944654796,0.6913192782991435,0.6913302538529045
184,3538,3539,98,98,0,0.11203064412182691,0.6913192782991435,0.6913119748302964
184,3539,3540,98,98,0,0.11185637945119216,0.6913192782991435,0.6912936958076884
184,3540,3541,98,98,0,0.11209332996181079,0.6913192782991435,0.6912754167850804
184,3541,3542,98,98,0,0.10305136373760748,0.6931471805599452,0.6913246163921941
184,3542,3543,98,98,0,0.1121646875933725,0.6913192782991435,0.6913708780203213
184,3543,3544,98,98,0,0.11126684184585299,0.6913192782991435,0.6914017986048271
184,3544,3545,98,98,0,0.11123462941269485,0.6913192782991435,0.6914019082965126
184,3545,3546,98,98,0,0.1125192909824605,0.6913192782991435,0.6913903512698459
184,3546,3547,98,98,0,0.11189384644432944,0.6913192782991435,0.691378794243179
184,3547,3548,98,98,0,0.11182052733338609,0.6913192782991435,0.6913672372165124
184,3548,3549,98,98,0,0.11262471479724864,0.6913192782991435,0.6913561292959991
184,3549,3550,98,98,0,0.10193569258767732,0.6931471805599452,0.6913647398839177
184,3550,3551,98,98,0,0.11233637611172637,0.6913192782991435,0.6913531828572509
184,3551,3552,98,98,0,0.10270899374570165,0.6931471805599452,0.6913642377922455
184,3552,3553,98,98,0,0.1108535135887107,0.6913192782991435,0.6913526807655789
184,3553,3554,98,98,0,0.11124809162349117,0.6913192782991435,0.6913447552033893
184,3554,3555,98,98,0,0.11051098439766437,0.6913192782991435,0.6913331981767226
184,3555,3556,98,98,0,0.11141773891084049,0.6913192782991435,0.6913641187612284
184,3556,3557,98,98,0,0.1111191516476018,0.6913192782991435,0.6913525617345616
184,3557,3558,98,98,0,0.11205287125645852,0.6913192782991435,0.6913525617345617
184,3558,3559,98,98,0,0.11123307467419274,0.6913192782991435,0.6913525617345616
184,3559,3560,98,98,0,0.11202084797681594,0.6913192782991435,0.691341004707895
184,3560,3561,98,98,0,0.11140819509722749,0.6913192782991435,0.6913744497436807
184,3561,3562,98,98,0,0.11243368875311345,0.6913192782991435,0.6913837054248426
184,3562,3563,98,98,0,0.10201683541645809,0.6931471805599452,0.6914183780768427
184,3563,3564,98,98,0,0.1120558645652265,0.6913192782991437,0.6914183780768428
184,3564,3565,38,38,1,0.12549560046509692,0.6908063006843647,0.6914016912740283
184,3565,3566,98,98,0,0.11166057940952633,0.6913192782991435,0.6914661776856468
184,3566,3567,98,98,0,0.11103583720265603,0.6913192782991435,0.6914661776856468
184,3567,3568,98,98,0,0.1124574970073846,0.6913192782991435,0.6914661776856468
184,3568,3569,98,98,0,0.11180066492180435,0.6913192782991435,0.6914796956647656
184,3569,3570,98,98,0,0.11147683752434594,0.6913192782991435,0.6914816549663432
184,3570,3571,98,98,0,0.11213567541265974,0.6913192782991435,0.6914831583031146
184,3571,3572,98,98,0,0.11181933136314762,0.6913192782991435,0.6914831583031148
184,3572,3573,98,98,0,0.10261899400122311,0.6931471805599454,0.6915014373257228
184,3573,3574,98,98,0,0.11184934929621462,0.6913192782991435,0.6915014373257226
184,3574,3575,98,98,0,0.11193989597413005,0.6913192782991435,0.6915014373257226
184,3575,3576,98,98,0,0.11180618929923797,0.6913192782991435,0.6915014373257228
184,3576,3577,98,98,0,0.11165638313609727,0.6913192782991435,0.6914831583031148
184,3577,3578,98,98,0,0.11156788985339963,0.6913192782991435,0.6914831583031146
184,3578,3579,98,98,0,0.1115007425601385,0.6913192782991435,0.6914831583031146
184,3579,3580,98,98,0,0.11246031598777187,0.6913192782991435,0.6914831583031148
184,3580,3581,98,98,0,0.11157431856405978,0.6913192782991435,0.6914831583031148
184,3581,3582,98,98,0,0.1117085506569366,0.6913192782991435,0.6914831583031146
184,3582,3583,98,98,0,0.11136730691912222,0.6913192782991435,0.6914831583031146
184,3583,3584,98,98,0,0.10229814022171255,0.6931471805599452,0.6915014373257228
184,3584,3585,98,98,0,0.11217444276019019,0.6913192782991435,0.6915014373257228
184,3585,3586,98,98,0,0.11142828368714877,0.6913192782991435,0.6915014373257226
184,3586,3587,98,98,0,0.11164941615900215,0.6913192782991435,0.6915014373257228
184,3587,3588,98,98,0,0.11264815554022789,0.6913192782991435,0.691489880299056
184,3588,3589,98,98,0,0.11125398024308439,0.6913192782991435,0.6914898802990561
184,3589,3590,98,98,0,0.1131285332447412,0.6913192782991435,0.691489880299056
184,3590,3591,98,98,0,0.11153986738348494,0.6913192782991435,0.691489880299056
184,3591,3592,98,98,0,0.11080996159996305,0.6913192782991435,0.6914716012764479
184,3592,3593,98,98,0,0.11152899858294701,0.6913192782991435,0.6914716012764479
184,3593,3594,98,98,0,0.1115530244245821,0.6913192782991435,0.6914716012764479
184,3594,3595,98,98,0,0.11094529067679328,0.6913192782991435,0.6914716012764479
184,3595,3596,98,98,0,0.11154847424857471,0.6913192782991435,0.6914716012764479
184,3596,3597,98,98,0,0.110781835506157,0.6913192782991435,0.6914716012764479
184,3597,3598,98,98,0,0.11089338689130179,0.6913192782991435,0.6914716012764479
184,3598,3599,98,98,0,0.11161445050823446,0.6913192782991435,0.6914716012764479
184,3599,3600,98,98,0,0.11140239740512808,0.6913192782991435,0.6914716012764479
184,3600,3601,98,98,0,0.10168187510298222,0.6931471805599452,0.691489880299056
184,3601,3602,98,98,0,0.1123191266491705,0.6913192782991435,0.691489880299056
184,3602,3603,98,98,0,0.11236317501384385,0.6913192782991435,0.691489880299056
184,3603,3604,98,98,0,0.11171619601699771,0.6913192782991435,0.691489880299056
184,3604,3605,98,98,0,0.11145443096756935,0.6913192782991435,0.691489880299056
184,3605,3606,98,98,0,0.1112189957377862,0.6913192782991435,0.691489880299056
184,3606,3607,98,98,0,0.11205988415345854,0.6913192782991435,0.691489880299056
184,3607,3608,98,98,0,0.11107009558045135,0.6913192782991435,0.6914716012764479
184,3608,3609,98,98,0,0.11119781191251715,0.6913192782991435,0.6914716012764479
184,3609,3610,98,98,0,0.11104767442661889,0.6913192782991435,0.6914716012764479
184,3610,3611,98,98,0,0.11114398420465235,0.6913192782991435,0.6914719377305266
184,3611,3612,98,98,0,0.11238922353605835,0.6913192782991435,0.6914719377305266
184,3612,3613,98,98,0,0.11171874061835055,0.6913192782991435,0.6914719377305265
184,3613,3614,98,98,0,0.11099172375944195,0.6913192782991435,0.6914719377305266
184,3614,3615,98,98,0,0.11049163812885479,0.6913192782991435,0.6914719377305266
184,3615,3616,98,98,1,0.11212122888893497,0.6913192782991435,0.6914719377305265
184,3616,3617,98,98,0,0.11165725196502646,0.6913192782991435,0.6914719377305265
184,3617,3618,98,98,0,0.11249358701158543,0.6913192782991435,0.6914536587079186
184,3618,3619,98,98,0,0.11143820405918725,0.6913192782991435,0.6914536587079186
184,3619,3620,98,98,0,0.11208163901251189,0.6913192782991435,0.6914421016812519
184,3620,3621,98,98,0,0.11099207827023097,0.6913192782991435,0.6914421016812519
184,3621,3622,98,98,0,0.1116646874163832,0.6913192782991435,0.6914421016812519
184,3622,3623,98,98,0,0.11263756530017269,0.6913192782991435,0.6914421016812519
184,3623,3624,98,98,0,0.11172984221151896,0.6913192782991435,0.6914421016812519
184,3624,3625,98,98,0,0.11163051806542339,0.6913192782991435,0.6914421016812519
184,3625,3626,98,98,0,0.10234702697822026,0.6931471805599452,0.6914603807038598
184,3626,3627,98,98,0,0.1115062386557764,0.6913192782991435,0.69146038070386
184,3627,3628,98,98,0,0.11139393673867595,0.6913192782991435,0.6914603807038598
184,3628,3629,98,98,0,0.11172192847850371,0.6913192782991435,0.6914603807038598
184,3629,3630,98,98,0,0.11181575926590939,0.6913192782991435,0.6914603807038598
184,3630,3631,98,98,0,0.11171510830825689,0.6913192782991435,0.69146038070386
184,3631,3632,98,98,0,0.1132061702712458,0.6913192782991435,0.6914603807038598
184,3632,3633,98,98,0,0.11163663278732981,0.6913192782991435,0.6914603807038598
184,3633,3634,98,98,0,0.11129176441808136,0.6913192782991435,0.6914603807038598
184,3634,3635,98,98,0,0.11153542835797582,0.6913192782991435,0.69146038070386
184,3635,3636,98,98,0,0.11128418923032526,0.6913192782991435,0.6914603807038598
184,3636,3637,98,98,0,0.11193388153095635,0.6913192782991435,0.6914603807038598
184,3637,3638,98,98,0,0.11186511267204674,0.6913192782991435,0.6914603807038598
184,3638,3639,98,98,0,0.11143950988747636,0.6913192782991435,0.6914603807038598
184,3639,3640,98,98,0,0.11118849701419169,0.6913192782991435,0.6914603807038598
184,3640,3641,98,98,0,0.11150996957202347,0.6913192782991435,0.6914603807038598
184,3641,3642,98,98,0,0.1120830496811137,0.6913192782991435,0.6914421016812519
184,3642,3643,98,98,0,0.10188012258434782,0.6931471805599452,0.69146038070386
184,3643,3644,98,98,0,0.11292979189631891,0.6913192782991435,0.6914603807038598
184,3644,3645,98,98,0,0.11155007680764004,0.6913192782991435,0.6914603807038598
184,3645,3646,98,98,0,0.11197183296388509,0.6913192782991435,0.6914603807038598
184,3646,3647,98,98,0,0.11077133163201566,0.6913192782991435,0.6914603807038598
184,3647,3648,98,98,0,0.11041111042913125,0.6913192782991435,0.6914603807038598
184,3648,3649,98,98,0,0.11195857237492289,0.6913192782991435,0.6914603807038598
184,3649,3650,98,98,0,0.11144045907623913,0.6913192782991435,0.6914421016812519
184,3650,3651,98,98,0,0.1115216184027341,0.6913192782991435,0.6914421016812519
184,3651,3652,98,98,0,0.10180759224660542,0.6931471805599452,0.6914421016812519
184,3652,3653,98,98,0,0.10268275340904995,0.6931471805599452,0.6914603807038598
184,3653,3654,98,98,0,0.10248535118845044,0.6931471805599452,0.6914786597264678
184,3654,3655,98,98,0,0.11243464349179852,0.6913192782991435,0.6914786597264679
184,3655,3656,98,98,0,0.11167181579738247,0.6913192782991435,0.6914786597264678
184,3656,3657,98,98,0,0.11131070029674744,0.6913192782991435,0.6914786597264678
184,3657,3658,98,98,0,0.1117229021477456,0.6913192782991435,0.6914786597264678
184,3658,3659,98,98,0,0.11151837565156879,0.6913192782991435,0.6914786597264679
184,3659,3660,98,98,0,0.11176275089383125,0.6913192782991435,0.6914786597264678
184,3660,3661,98,98,0,0.1114496327176386,0.6913192782991435,0.6914786597264678
184,3661,3662,98,98,0,0.11104817445180853,0.6913192782991435,0.6914786597264678
184,3662,3663,98,98,0,0.11179829898233316,0.6913192782991435,0.69146038070386
184,3663,3664,98,98,0,0.111294331371176,0.6913192782991435,0.6914603807038598
184,3664,3665,98,98,0,0.1119514847440379,0.6913192782991435,0.6914655104800076
184,3665,3666,98,98,0,0.11243262902206304,0.6913192782991435,0.6914655104800077
184,3666,3667,98,98,0,0.11231629824151798,0.6913192782991435,0.6914655104800077
184,3667,3668,93,93,1,0.11195325939565577,0.6912913974846964,0.6914652316718631
184,3668,3669,98,98,0,0.11235987273406009,0.6913192782991435,0.6914652316718631
184,3669,3670,98,98,0,0.11109148467681845,0.6913192782991435,0.6914652316718631
184,3670,3671,98,98,0,0.11117262400838794,0.6913192782991435,0.6914652316718631
184,3671,3672,98,98,0,0.11136468758388442,0.6913192782991435,0.6914652316718631
184,3672,3673,98,98,0,0.11179863380230202,0.6913192782991435,0.6914469526492552
184,3673,3674,98,98,0,0.11271438709631258,0.6924749809658147,0.6914585096759219
184,3674,3675,98,98,0,0.11107165792158671,0.6913192782991435,0.6914585096759219
184,3675,3676,98,98,0,0.11194774249986726,0.6913192782991435,0.6914585096759218
184,3676,3677,98,98,0,0.11145404110453566,0.6913192782991435,0.6914585096759218
184,3677,3678,87,87,1,0.11355904112944658,0.6912557897337497,0.691457874790268
184,3678,3679,98,98,0,0.11151272750326566,0.6913192782991435,0.691457874790268
184,3679,3680,98,98,0,0.11233426227557416,0.6913192782991435,0.691457874790268
184,3680,3681,98,98,0,0.11191231514118155,0.6913192782991435,0.691457874790268
184,3681,3682,98,98,0,0.11197505199483462,0.6913192782991435,0.691457874790268
184,3682,3683,98,98,0,0.11109516822866031,0.6913192782991435,0.691457874790268
184,3683,3684,98,98,0,0.11128398198254254,0.6913192782991435,0.6914395957676599
184,3684,3685,98,98,0,0.11104467556792863,0.6913192782991435,0.6914395957676598
184,3685,3686,98,98,0,0.1119939592115733,0.6913192782991435,0.6914395957676599
184,3686,3687,98,98,0,0.11305398995778998,0.6913192782991435,0.6914395957676599
184,3687,3688,98,98,0,0.11123835227015066,0.6913192782991435,0.6914395957676599
184,3688,3689,98,98,0,0.11188606948268656,0.6913192782991435,0.6914395957676598
184,3689,3690,98,98,0,0.11155352521003509,0.6913192782991435,0.6914395957676599
184,3690,3691,98,98,0,0.10262646472879819,0.6931471805599454,0.691457874790268
184,3691,3692,98,98,0,0.11160131855582704,0.6913192782991435,0.691457874790268
184,3692,3693,98,98,0,0.11135897861451519,0.6913192782991435,0.6914578747902681
184,3693,3694,98,98,0,0.1127589436970195,0.6913192782991435,0.691457874790268
184,3694,3695,98,98,0,0.11079037546807406,0.6913192782991435,0.691457874790268
184,3695,3696,98,98,0,0.10200209307427309,0.6931471805599452,0.691476153812876
184,3696,3697,98,98,0,0.11068729744577895,0.6913192782991435,0.6914761538128761
184,3697,3698,98,98,0,0.11086066310503045,0.6913192782991435,0.691476153812876
184,3698,3699,98,98,0,0.11314105675840865,0.6913192782991435,0.691476153812876
184,3699,3700,98,98,0,0.11146326796436797,0.6913192782991435,0.691476153812876
184,3700,3701,98,98,0,0.11132499948143959,0.6913192782991435,0.6914578747902681
184,3701,3702,98,98,0,0.10185906481073827,0.6931471805599452,0.691476153812876
184,3702,3703,98,98,0,0.11311297871324481,0.6913192782991435,0.691476153812876
184,3703,3704,98,98,0,0.11135787805732415,0.6913192782991435,0.691476153812876
184,3704,3705,98,98,0,0.11199997099382537,0.6913192782991435,0.6914761538128761
184,3705,3706,98,98,0,0.11142763434624185,0.6913192782991435,0.691476153812876
184,3706,3707,98,98,0,0.11153043069097461,0.6913192782991435,0.691476153812876
184,3707,3708,98,98,0,0.11274847502307016,0.6913192782991435,0.691476153812876
184,3708,3709,98,98,0,0.11126472398030515,0.6913192782991435,0.6914761538128761
184,3709,3710,98,98,0,0.11126731746658987,0.6913192782991435,0.691476153812876
184,3710,3711,98,98,0,0.11129695222694047,0.6913192782991435,0.691476153812876
184,3711,3712,98,98,0,0.11142512357660703,0.6913192782991435,0.691476153812876
184,3712,3713,98,98,0,0.11163052688447797,0.6913192782991435,0.691476153812876
184,3713,3714,98,98,0,0.11185451939093824,0.6913192782991435,0.691476153812876
184,3714,3715,98,98,0,0.10255055448838643,0.6931471805599454,0.691494432835484
184,3715,3716,98,98,0,0.11179148436200861,0.6924749809658147,0.6915059898621507
184,3716,3717,98,98,0,0.11117183751597697,0.6913192782991435,0.6915059898621507
184,3717,3718,98,98,0,0.11179376416364495,0.6913192782991435,0.6915059898621507
184,3718,3719,98,98,0,0.11079584077304723,0.6913192782991435,0.6915059898621506
184,3719,3720,98,98,0,0.11224481957603474,0.6913192782991435,0.6915059898621507
184,3720,3721,98,98,0,0.11185322709533634,0.6913192782991435,0.6915059898621507
184,3721,3722,98,98,0,0.11191805649776848,0.6913192782991435,0.6915059898621507
184,3722,3723,98,98,0,0.10251918716394172,0.6931471805599452,0.6915242688847586
184,3723,3724,98,98,0,0.11171322848115649,0.6913192782991435,0.6915242688847587
184,3724,3725,98,98,0,0.11143267656467398,0.6913192782991435,0.6915242688847587
184,3725,3726,98,98,0,0.11143681870735421,0.6913192782991435,0.6915059898621507
184,3726,3727,98,98,0,0.11118043464969615,0.6913192782991435,0.6915059898621506
184,3727,3728,98,98,0,0.11191372938302098,0.6913192782991435,0.6915059898621507
184,3728,3729,98,98,0,0.10325070782279482,0.6931471805599452,0.6915242688847587
184,3729,3730,98,98,0,0.11149942586008384,0.6913192782991435,0.6915242688847587
184,3730,3731,98,98,0,0.11144369718979816,0.6913192782991435,0.6915242688847586
184,3731,3732,98,98,0,0.11074694246053696,0.6913192782991435,0.6915242688847587
184,3732,3733,98,98,0,0.1123189250273364,0.6913192782991435,0.6915242688847587
184,3733,3734,98,98,0,0.11237342686069254,0.6913192782991435,0.6915242688847587
184,3734,3735,98,98,0,0.11265207424151655,0.6913192782991435,0.6915242688847586
184,3735,3736,98,98,0,0.11218605699891947,0.6913192782991435,0.6915242688847587
184,3736,3737,98,98,0,0.11108200905882583,0.6913192782991435,0.6915242688847587
184,3737,3738,98,98,0,0.11060139704115536,0.6924749809658147,0.6915358259114254
184,3738,3739,98,98,0,0.11171553565227256,0.6913192782991435,0.6915358259114255
184,3739,3740,98,98,0,0.10216281281746163,0.6931471805599452,0.6915541049340335
184,3740,3741,98,98,0,0.11137002242767081,0.6913192782991435,0.6915541049340334
184,3741,3742,98,98,0,0.11182334859456335,0.6913192782991435,0.6915541049340334
184,3742,3743,98,98,0,0.11116523265230413,0.6913192782991435,0.6915358259114254
184,3743,3744,98,98,0,0.11232772112196805,0.6913192782991435,0.6915358259114255
184,3744,3745,98,98,0,0.11337142323656958,0.6913192782991435,0.6915358259114254
184,3745,3746,98,98,0,0.11138919968994296,0.6913192782991435,0.6915358259114254
184,3746,3747,98,98,0,0.11129148684594097,0.6913192782991435,0.6915358259114255
184,3747,3748,98,98,0,0.11133847750571309,0.6913192782991435,0.6915358259114255
184,3748,3749,98,98,0,0.1118931963431592,0.6913192782991435,0.6915358259114254
184,3749,3750,98,98,0,0.11140210044627287,0.6913192782991435,0.6915358259114254
184,3750,3751,98,98,0,0.11300093444938562,0.6913192782991435,0.6915358259114255
184,3751,3752,98,98,0,0.11181612487654297,0.6913192782991435,0.6915175468888174
184,3752,3753,98,98,0,0.11064729147723742,0.6913192782991435,0.6914992678662094
184,3753,3754,98,98,0,0.10292255437495756,0.6931471805599454,0.6914992678662094
184,3754,3755,98,98,0,0.11173148818162022,0.6913192782991435,0.6914992678662094
184,3755,3756,98,98,0,0.11180434733325122,0.6913192782991435,0.6914992678662095
184,3756,3757,98,98,0,0.11141991721732276,0.6913192782991435,0.6914992678662094
184,3757,3758,98,98,0,0.11135503299990479,0.6913192782991435,0.6914992678662094
184,3758,3759,98,98,0,0.11108842218408779,0.6913192782991435,0.6914992678662094
184,3759,3760,98,98,0,0.11141604755301865,0.6913192782991435,0.6914992678662094
184,3760,3761,98,98,0,0.11118816287845981,0.6913192782991435,0.6914992678662094
184,3761,3762,98,98,0,0.11186114569403688,0.6913192782991435,0.6914992678662094
184,3762,3763,98,98,0,0.11197097819982743,0.6913192782991435,0.6914992678662094
184,3763,3764,98,98,0,0.11151419131427395,0.6913192782991435,0.6914992678662094
184,3764,3765,98,98,0,0.11076355581076777,0.6913192782991435,0.6914992678662094
184,3765,3766,98,98,0,0.11104114513312068,0.6913192782991435,0.6914992678662094
184,3766,3767,98,98,0,0.11151857293990193,0.6913192782991435,0.6914992678662094
184,3767,3768,98,98,0,0.11160246609729163,0.6913192782991435,0.6914995466743538
184,3768,3769,98,98,0,0.11113864723212864,0.6913192782991435,0.6914995466743538
184,3769,3770,98,98,0,0.11123553975200166,0.6913192782991435,0.691499546674354
184,3770,3771,98,98,0,0.11185280902653325,0.6913192782991435,0.691499546674354
184,3771,3772,98,98,0,0.11255273116486413,0.6913192782991435,0.6914995466743538
184,3772,3773,98,98,0,0.11093625068968656,0.6913192782991435,0.6914995466743538
184,3773,3774,98,98,0,0.11233437380620412,0.6913192782991435,0.6914879896476872
184,3774,3775,98,98,0,0.11184761239861955,0.6913192782991435,0.691487989647687
184,3775,3776,98,98,0,0.11361177592557303,0.6913192782991435,0.6914879896476872
184,3776,3777,98,98,0,0.11118350983882437,0.6913192782991435,0.6914879896476872
184,3777,3778,98,98,0,0.11252357833543603,0.6913192782991435,0.6914886245333411
184,3778,3779,98,98,0,0.11213209366007727,0.6913192782991435,0.691488624533341
184,3779,3780,98,98,0,0.11101509904374882,0.6913192782991435,0.691488624533341
184,3780,3781,98,98,0,0.110719517633623,0.6913192782991435,0.691488624533341
184,3781,3782,98,98,0,0.10251002120120185,0.6931471805599452,0.6915069035559491
184,3782,3783,98,98,0,0.11128768704983653,0.6913192782991435,0.691506903555949
184,3783,3784,98,98,0,0.11144893084253583,0.6913192782991435,0.691506903555949
184,3784,3785,98,98,0,0.11150575155506329,0.6913192782991435,0.6915069035559491
184,3785,3786,98,98,0,0.11129942612380397,0.6913192782991435,0.6915069035559491
184,3786,3787,98,98,0,0.11158869331892655,0.6913192782991435,0.691506903555949
184,3787,3788,98,98,0,0.11149930254537233,0.6913192782991435,0.691506903555949
184,3788,3789,98,98,0,0.11140421557487273,0.6913192782991435,0.6915069035559491
184,3789,3790,98,98,0,0.11165929509668934,0.6913192782991435,0.6915069035559491
184,3790,3791,98,98,0,0.11412195785313237,0.6913192782991435,0.691488624533341
184,3791,3792,98,98,0,0.10340517440012523,0.6931471805599452,0.691506903555949
184,3792,3793,98,98,0,0.11244383461925449,0.6913192782991435,0.691506903555949
184,3793,3794,98,98,0,0.11146830873829978,0.6913192782991435,0.6915069035559491
184,3794,3795,98,98,0,0.11112398783467253,0.6913192782991435,0.691506903555949
184,3795,3796,98,98,0,0.10221688821911812,0.6931471805599454,0.691506903555949
184,3796,3797,98,98,0,0.11152063910754359,0.6913192782991435,0.691506903555949
184,3797,3798,98,98,0,0.11119946624551501,0.6913192782991435,0.6915069035559491
184,3798,3799,98,98,0,0.11261348251481446,0.6913192782991435,0.6915069035559491
184,3799,3800,98,98,0,0.10199594026317402,0.6931471805599452,0.691525182578557
184,3800,3801,98,98,0,0.11163511058809805,0.6913192782991435,0.691525182578557
184,3801,3802,98,98,0,0.11046227136132669,0.6913192782991435,0.6915069035559491
184,3802,3803,98,98,0,0.11159349453388429,0.6913192782991435,0.6915069035559491
184,3803,3804,98,98,0,0.11131189527864359,0.6924749809658147,0.6915184605826158
184,3804,3805,98,98,0,0.11244645851607225,0.6913192782991435,0.6915184605826157
184,3805,3806,98,98,0,0.11147501684573231,0.6913192782991435,0.6915184605826158
184,3806,3807,98,98,0,0.11237951618980388,0.6913192782991435,0.6915184605826158
184,3807,3808,98,98,0,0.11352338231339747,0.6913192782991435,0.6915184605826158
184,3808,3809,98,98,0,0.11219463717876649,0.6913192782991435,0.6915184605826157
184,3809,3810,98,98,0,0.1116484458349189,0.6913192782991435,0.6915184605826158
184,3810,3811,98,98,0,0.11287220308975297,0.6913192782991435,0.6915184605826158
184,3811,3812,98,98,0,0.11115991993218052,0.6913192782991435,0.6915184605826158
184,3812,3813,98,98,0,0.11133786442936683,0.6913192782991435,0.6915184605826158
184,3813,3814,98,98,0,0.1107746751180717,0.6913192782991435,0.6915184605826158
184,3814,3815,98,98,0,0.11148788582305519,0.6913192782991435,0.6915001815600078
184,3815,3816,98,98,0,0.11124805551098317,0.6913192782991435,0.6914886245333411
184,3816,3817,98,98,0,0.11188270189628309,0.6913192782991435,0.691488624533341
184,3817,3818,98,98,0,0.11078617835835534,0.6913192782991435,0.691488624533341
184,3818,3819,98,98,0,0.11215905480238857,0.6913192782991435,0.6914886245333411
184,3819,3820,98,98,0,0.11086708238842535,0.6913192782991435,0.691488624533341
184,3820,3821,98,98,0,0.1113217197054503,0.6913192782991435,0.691488624533341
184,3821,3822,98,98,0,0.10195698361007535,0.6931471805599454,0.691506903555949
184,3822,3823,98,98,0,0.11139448116324385,0.6913192782991435,0.6914886245333411
184,3823,3824,98,98,0,0.11172959071641066,0.6913192782991435,0.6914886245333411
184,3824,3825,98,98,0,0.11325952661584834,0.6913192782991435,0.691488624533341
184,3825,3826,98,98,0,0.11170052151594843,0.6913192782991435,0.691488624533341
184,3826,3827,98,98,0,0.11205974928274447,0.6913192782991435,0.6914886245333411
184,3827,3828,98,98,0,0.10246590395667116,0.6931471805599454,0.6915069035559491
184,3828,3829,98,98,0,0.11131402660085231,0.6913192782991435,0.691488624533341
184,3829,3830,98,98,0,0.1117578601198537,0.6913192782991435,0.691488624533341
184,3830,3831,98,98,0,0.11099869119269508,0.6913192782991435,0.6914886245333411
184,3831,3832,98,98,0,0.11146371332662446,0.6913192782991435,0.6914886245333411
184,3832,3833,98,98,0,0.11131628731987914,0.6913192782991435,0.691488624533341
184,3833,3834,98,98,0,0.11143021217110205,0.6913192782991435,0.691488624533341
184,3834,3835,98,98,0,0.11136364868404913,0.6913192782991435,0.6914886245333411
184,3835,3836,98,98,0,0.11191913660387603,0.6913192782991435,0.6914886245333411
184,3836,3837,98,98,0,0.11145261948814197,0.6913192782991435,0.691488624533341
184,3837,3838,98,98,0,0.11056774550554704,0.6913192782991435,0.6914770675066744
184,3838,3839,98,98,0,0.11195571325263198,0.6913192782991435,0.6914770675066744
184,3839,3840,98,98,0,0.10193313871111188,0.6931471805599452,0.6914770675066744
184,3840,3841,98,98,0,0.11154195628300005,0.6913192782991435,0.6914770675066744
184,3841,3842,98,98,0,0.11175328622363051,0.6913192782991435,0.6914770675066744
184,3842,3843,98,98,0,0.11128482572278198,0.6913192782991435,0.6914770675066744
184,3843,3844,98,98,0,0.11144786510540515,0.6913192782991435,0.6914770675066744
184,3844,3845,98,98,0,0.11077057022829445,0.6913192782991435,0.6914770675066744
184,3845,3846,98,98,0,0.11455520805047482,0.6913192782991435,0.6914770675066744
184,3846,3847,98,98,0,0.10225718225143393,0.6931471805599452,0.6914953465292824
184,3847,3848,98,98,0,0.11285956987008756,0.6913192782991435,0.6914953465292824
184,3848,3849,98,98,0,0.111708509146559,0.6913192782991435,0.6914953465292824
184,3849,3850,98,98,0,0.11129822962138118,0.6913192782991435,0.6914953465292824
184,3850,3851,98,98,0,0.11230523253277856,0.6913192782991435,0.6914953465292824
184,3851,3852,98,98,0,0.11205294363352718,0.6913192782991435,0.6914953465292826
184,3852,3853,98,98,0,0.1113360726407596,0.6913192782991435,0.6914953465292824
184,3853,3854,98,98,0,0.11284531356424701,0.6913192782991435,0.6914770675066744
184,3854,3855,98,98,0,0.10132685379714382,0.6931471805599452,0.6914953465292824
184,3855,3856,98,98,0,0.11157538627787512,0.6913192782991435,0.6914953465292824
184,3856,3857,98,98,0,0.11155864786432713,0.6913192782991435,0.6914953465292824
184,3857,3858,98,98,0,0.11037045907305211,0.6913192782991435,0.6914953465292824
184,3858,3859,98,98,0,0.11137662995226529,0.6913192782991435,0.6914953465292824
184,3859,3860,98,98,0,0.11178100648887303,0.6913192782991435,0.6914953465292826
184,3860,3861,98,98,0,0.1117189005777544,0.6913192782991435,0.6914953465292824
184,3861,3862,98,98,0,0.11116161706800363,0.6913192782991435,0.6914953465292824
184,3862,3863,98,98,0,0.10250319760977006,0.6931471805599452,0.6915136255518903
184,3863,3864,98,98,0,0.11100627481937408,0.6913192782991435,0.6915136255518906
184,3864,3865,98,98,0,0.11156052465037423,0.6913192782991435,0.6915136255518903
184,3865,3866,98,98,0,0.11157160343564286,0.6913192782991435,0.6915136255518903
184,3866,3867,98,98,0,0.1119339716221605,0.6913192782991435,0.6915136255518903
184,3867,3868,92,92,1,0.11332722105409788,0.691285632891281,0.6915132890978118
184,3868,3869,98,98,0,0.11108436009713582,0.6913192782991435,0.6915132890978118
184,3869,3870,98,98,0,0.11144137359699424,0.6913192782991435,0.6915132890978117
184,3870,3871,98,98,0,0.11106005546693899,0.6913192782991435,0.6915132890978117
184,3871,3872,98,98,0,0.11152946454833965,0.6913192782991435,0.6915132890978118
184,3872,3873,98,98,0,0.11250781457947225,0.6913192782991435,0.6915132890978118
184,3873,3874,98,98,0,0.11127349194519374,0.6913192782991435,0.6915132890978117
184,3874,3875,98,98,0,0.11134826490769581,0.6913192782991435,0.6915132890978118
184,3875,3876,98,98,0,0.11166797912850672,0.6913192782991435,0.6915132890978118
184,3876,3877,98,98,0,0.11148461053261952,0.6913192782991435,0.6915132890978117
184,3877,3878,98,98,0,0.11176672258547374,0.6913192782991435,0.6915132890978117
184,3878,3879,98,98,0,0.11249016795535477,0.6913192782991435,0.6915132890978118
184,3879,3880,98,98,0,0.11149107467155067,0.6913192782991435,0.6915132890978118
184,3880,3881,98,98,0,0.1019918568888489,0.6931471805599454,0.6915315681204198
184,3881,3882,98,98,0,0.10200374117311166,0.6931471805599452,0.6915315681204197
184,3882,3883,98,98,0,0.1114070049049903,0.6913192782991435,0.6915315681204198
184,3883,3884,98,98,0,0.11155890300869942,0.6913192782991435,0.6915315681204198
184,3884,3885,98,98,0,0.11144782215052722,0.6913192782991435,0.6915315681204198
184,3885,3886,98,98,0,0.11169786964144025,0.6913192782991435,0.6915315681204197
184,3886,3887,98,98,0,0.11157098997916494,0.6913192782991435,0.6915315681204198
184,3887,3888,98,98,0,0.11185808586222785,0.6913192782991435,0.6915315681204198
184,3888,3889,98,98,0,0.11137162833189478,0.6913192782991435,0.6915315681204198
184,3889,3890,98,98,0,0.11141567753285778,0.6913192782991435,0.6915315681204197
184,3890,3891,98,98,0,0.11174699238368443,0.6913192782991435,0.6915315681204198
184,3891,3892,98,98,0,0.1117169016934171,0.6913192782991435,0.6915132890978118
184,3892,3893,98,98,0,0.11136241462461803,0.6913192782991435,0.6915132890978118
184,3893,3894,98,98,0,0.11066091965351786,0.6913192782991435,0.6915132890978117
184,3894,3895,98,98,0,0.11194091632354017,0.6913192782991435,0.6915132890978118
184,3895,3896,98,98,0,0.11127202212810516,0.6913192782991435,0.6914950100752039
184,3896,3897,98,98,0,0.11370394325682096,0.6913192782991435,0.6914950100752038
184,3897,3898,98,98,0,0.11143650456654783,0.6913192782991435,0.6914950100752038
184,3898,3899,98,98,0,0.11181114157851861,0.6913192782991435,0.6914950100752038
184,3899,3900,98,98,0,0.11130807244656038,0.6913192782991435,0.6914767310525959
184,3900,3901,98,98,0,0.11161936279766414,0.6913192782991435,0.6914767310525957
184,3901,3902,98,98,0,0.11388874814218404,0.6913192782991435,0.6914767310525957
184,3902,3903,98,98,0,0.11148693435350243,0.6913192782991435,0.6914767310525957
184,3903,3904,98,98,0,0.11186168304815584,0.6913192782991435,0.6914651740259291
184,3904,3905,98,98,0,0.11112674903504703,0.6913192782991435,0.6914651740259291
184,3905,3906,98,98,0,0.11209945661985145,0.6913192782991435,0.6914651740259291
184,3906,3907,98,98,0,0.11159387458952105,0.6913192782991435,0.6914651740259291
184,3907,3908,98,98,0,0.11105332097836904,0.6913192782991435,0.6914651740259291
184,3908,3909,98,98,0,0.1115889733239096,0.6913192782991435,0.6914651740259291
184,3909,3910,98,98,0,0.11133271699049035,0.6913192782991435,0.6914651740259291
184,3910,3911,98,98,0,0.11144333621677087,0.6913192782991435,0.6914651740259291
184,3911,3912,98,98,0,0.11126066949598644,0.6913192782991435,0.6914651740259289
184,3912,3913,94,94,1,0.11207235493558518,0.6912970974821565,0.6914649522177592
184,3913,3914,98,98,0,0.11120006852612203,0.6913192782991435,0.6914649522177592
184,3914,3915,98,98,0,0.11096227138626333,0.6913192782991435,0.691464952217759
184,3915,3916,73,73,1,0.11411735497108877,0.6911616177418094,0.6914633756121857
184,3916,3917,98,98,0,0.11352485281472303,0.6913192782991435,0.6914633756121858
184,3917,3918,98,98,0,0.11161631376159434,0.6913192782991435,0.6914633756121858
184,3918,3919,98,98,0,0.11126526095429246,0.6913192782991435,0.6914633756121857
184,3919,3920,98,98,0,0.1119001917541027,0.6913192782991435,0.6914633756121858
184,3920,3921,98,98,0,0.11117949868951525,0.6913192782991435,0.6914633756121858
184,3921,3922,98,98,0,0.11412940942207161,0.6913192782991435,0.6914450965895779
184,3922,3923,98,98,0,0.11096633621016327,0.6913192782991435,0.6914450965895778
184,3923,3924,98,98,0,0.11152852204989414,0.6913192782991435,0.6914450965895778
184,3924,3925,98,98,0,0.11182178488495398,0.6913192782991435,0.6914450965895779
184,3925,3926,98,98,0,0.11213498060800592,0.6913192782991435,0.6914450965895779
184,3926,3927,98,98,0,0.11196954191035154,0.6913192782991435,0.6914450965895778
184,3927,3928,98,98,0,0.11210849599874749,0.6913192782991435,0.6914268175669698
184,3928,3929,98,98,0,0.10202163906425846,0.6931471805599452,0.6914450965895779
184,3929,3930,98,98,0,0.11088940653265739,0.6913192782991435,0.6914450965895779
184,3930,3931,98,98,0,0.11134875672204154,0.6913192782991435,0.6914450965895778
184,3931,3932,98,98,0,0.11139297797059526,0.6913192782991435,0.6914450965895778
184,3932,3933,98,98,0,0.11177394615144146,0.6913192782991435,0.6914450965895779
184,3933,3934,98,98,0,0.10302920761157056,0.6931471805599452,0.6914633756121858
184,3934,3935,98,98,0,0.11141296080788787,0.6913192782991435,0.6914633756121857
184,3935,3936,98,98,0,0.1117043717175114,0.6913192782991435,0.6914633756121857
184,3936,3937,98,98,0,0.11137672011949579,0.6924749809658147,0.6914749326388525
184,3937,3938,98,98,0,0.11145341175855422,0.6913192782991435,0.6914749326388525
184,3938,3939,98,98,0,0.1113677154086074,0.6913192782991435,0.6914749326388525
184,3939,3940,98,98,0,0.1115435526079061,0.6913192782991435,0.6914566536162445
184,3940,3941,98,98,0,0.11105343129257766,0.6913192782991435,0.6914566536162445
184,3941,3942,98,98,0,0.11138203321975104,0.6913192782991435,0.6914566536162445
184,3942,3943,98,98,0,0.11137775103656614,0.6913192782991435,0.6914566536162445
184,3943,3944,98,98,0,0.11183421595060096,0.6913192782991435,0.6914566536162444
184,3944,3945,98,98,0,0.1123097291862478,0.6913192782991435,0.6914566536162445
184,3945,3946,98,98,0,0.11227608753406272,0.6913192782991435,0.6914566536162445
184,3946,3947,98,98,0,0.1115035317382034,0.6913192782991435,0.6914383745936366
184,3947,3948,98,98,0,0.11213719791599683,0.6913192782991435,0.6914383745936363
184,3948,3949,98,98,0,0.11281555731381689,0.6913192782991435,0.6914383745936366
184,3949,3950,98,98,0,0.11224305857809222,0.6913192782991435,0.6914383745936366
184,3950,3951,98,98,0,0.11099549322103967,0.6913192782991435,0.6914383745936366
184,3951,3952,98,98,0,0.11154508879598306,0.6913192782991435,0.6914383745936363
184,3952,3953,98,98,0,0.1119217690916694,0.6913192782991435,0.6914383745936366
184,3953,3954,98,98,0,0.11198542419136787,0.6913192782991435,0.6914383745936366
184,3954,3955,98,98,0,0.11111228152805445,0.6913192782991435,0.6914200955710286
184,3955,3956,98,98,0,0.11194473231325344,0.6913192782991435,0.6914200955710283
184,3956,3957,98,98,0,0.1113172847093368,0.6913192782991435,0.6914200955710286
184,3957,3958,98,98,0,0.11164012596923478,0.6913192782991435,0.6914200955710286
184,3958,3959,98,98,0,0.1113727228069792,0.6913192782991435,0.6914200955710283
184,3959,3960,98,98,0,0.1126849709876946,0.6913192782991435,0.6914200955710283
184,3960,3961,98,98,0,0.1111820992462489,0.6913192782991435,0.6914200955710286
184,3961,3962,98,98,0,0.11167862327123175,0.6913192782991435,0.6914200955710286
184,3962,3963,92,92,1,0.11291085572346397,0.691285632891281,0.6914014800943419
184,3963,3964,98,98,0,0.11252421505597172,0.6913192782991435,0.6914014800943419
184,3964,3965,98,98,0,0.11177666097575305,0.6913192782991435,0.6914014800943419
184,3965,3966,98,98,0,0.11157346988210873,0.6913192782991435,0.6914014800943419
184,3966,3967,98,98,0,0.11170809396675654,0.6913192782991435,0.6914014800943419
184,3967,3968,98,98,0,0.11085644478396493,0.6913192782991435,0.6914018165484204
184,3968,3969,98,98,0,0.11368590973469676,0.6913192782991435,0.6914018165484204
184,3969,3970,98,98,0,0.11110834944613125,0.6913192782991435,0.6914018165484205
184,3970,3971,98,98,0,0.11088707503311489,0.6913192782991435,0.6914018165484205
184,3971,3972,98,98,0,0.11185008021337646,0.6913192782991435,0.6914018165484204
184,3972,3973,98,98,0,0.11141367492323019,0.6913192782991435,0.6914018165484204
184,3973,3974,98,98,0,0.11097878506597207,0.6913192782991435,0.6914018165484205
184,3974,3975,98,98,0,0.11399423399445963,0.6913192782991435,0.6914018165484205
184,3975,3976,98,98,0,0.11126205173073983,0.6913192782991435,0.6914018165484204
184,3976,3977,98,98,0,0.10193557702765173,0.6931471805599452,0.6914200955710286
184,3977,3978,98,98,0,0.10182727394359452,0.6931471805599452,0.6914383745936366
184,3978,3979,98,98,0,0.11128595022826779,0.6913192782991435,0.6914383745936366
184,3979,3980,98,98,0,0.11172139515378038,0.6913192782991435,0.6914383745936366
184,3980,3981,98,98,0,0.11277509465509532,0.6913192782991435,0.6914200955710283
184,3981,3982,98,98,0,0.11160275370490794,0.6913192782991435,0.6914018165484205
184,3982,3983,98,98,0,0.11153157876462352,0.6913192782991435,0.6914018165484205
184,3983,3984,98,98,0,0.11126576295616675,0.6913192782991435,0.6914018165484204
184,3984,3985,98,98,0,0.1123195508000802,0.6913192782991437,0.6914018165484204
184,3985,3986,98,98,0,0.11124535262280581,0.6924749809658147,0.6914133735750871
184,3986,3987,98,98,0,0.11066373422437785,0.6913192782991435,0.6914133735750871
184,3987,3988,98,98,0,0.11131488501417394,0.6913192782991435,0.6914133735750871
184,3988,3989,98,98,0,0.11301401721275582,0.6913192782991435,0.6914133735750871
184,3989,3990,98,98,0,0.11095966505152839,0.6913192782991435,0.6914133735750871
184,3990,3991,98,98,0,0.11262268284145667,0.6913192782991435,0.6914133735750871
184,3991,3992,98,98,0,0.11200574572597231,0.6913192782991435,0.6914133735750871
184,3992,3993,98,98,0,0.11145717148878137,0.6913192782991435,0.6914133735750871
184,3993,3994,98,98,0,0.11223343622927763,0.6913192782991435,0.6914133735750871
184,3994,3995,98,98,0,0.11116058364206431,0.6913192782991435,0.6914133735750871
184,3995,3996,98,98,0,0.1118177528284034,0.6913192782991435,0.6914133735750871
184,3996,3997,98,98,0,0.11118824323829339,0.6913192782991435,0.6914133735750871
184,3997,3998,98,98,0,0.11220282970034347,0.6913192782991435,0.6914133735750871
184,3998,3999,98,98,0,0.11031898430415563,0.6913192782991435,0.6914133735750871
184,3999,4000,98,98,0,0.11187693856808605,0.6913192782991435,0.6914133735750871
184,4000,4001,98,98,0,0.10174670503759871,0.6931471805599454,0.6914316525976953
184,4001,4002,98,98,0,0.11180235574744185,0.6913192782991435,0.6914316525976951
184,4002,4003,98,98,0,0.11131701055838138,0.6913192782991435,0.6914316525976951
184,4003,4004,98,98,0,0.11090634345095984,0.6913192782991435,0.6914316525976951
184,4004,4005,98,98,0,0.11259868163235333,0.6913192782991435,0.6914316525976951
184,4005,4006,98,98,0,0.11128658740496149,0.6913192782991435,0.6914316525976951
184,4006,4007,98,98,0,0.1115085550260787,0.6913192782991435,0.6914316525976951
184,4007,4008,98,98,0,0.11104849824795918,0.6913192782991435,0.6914316525976951
184,4008,4009,98,98,0,0.11181975954345294,0.6913192782991435,0.6914316525976951
184,4009,4010,98,98,0,0.11187730281024563,0.6913192782991435,0.6914316525976951
184,4010,4011,98,98,0,0.11178303137421608,0.6913192782991435,0.6914316525976951
184,4011,4012,98,98,0,0.11286951426644715,0.6913192782991435,0.6914316525976953
184,4012,4013,98,98,0,0.11116307814206396,0.6913192782991435,0.6914318744058651
184,4013,4014,98,98,0,0.11190728729172629,0.6913192782991435,0.6914318744058651
184,4014,4015,98,98,0,0.11194870339668526,0.6913192782991435,0.6914318744058652
184,4015,4016,98,98,0,0.11137903899866708,0.6913192782991435,0.6914334510114385
184,4016,4017,98,98,0,0.11137357498614156,0.6913192782991435,0.6914334510114384
184,4017,4018,98,98,0,0.11096790372108926,0.6913192782991435,0.6914334510114384
184,4018,4019,98,98,0,0.11082995454875791,0.6913192782991435,0.6914334510114385
184,4019,4020,79,79,1,0.11396391482292852,0.6912040995841253,0.6914322992242883
184,4020,4021,98,98,0,0.11128772863624048,0.6913192782991435,0.6914322992242882
184,4021,4022,98,98,0,0.11221871266559678,0.6913192782991435,0.6914322992242882
184,4022,4023,98,98,0,0.11214389211061049,0.6913192782991435,0.6914322992242883
184,4023,4024,73,73,1,0.1140643448045809,0.6911616177418094,0.691430722618715
184,4024,4025,98,98,0,0.11189427462463476,0.6913192782991435,0.6914307226187149
184,4025,4026,98,98,0,0.11262943063463483,0.6913192782991435,0.6914307226187149
184,4026,4027,98,98,0,0.11209139760051455,0.6913192782991435,0.691430722618715
184,4027,4028,98,98,0,0.11119617506557582,0.6913192782991435,0.691430722618715
184,4028,4029,98,98,0,0.11090990939006513,0.6913192782991435,0.6914124435961068
184,4029,4030,98,98,0,0.11129352108252291,0.6913192782991435,0.6914124435961068
184,4030,4031,98,98,0,0.11197210376968189,0.6913192782991435,0.691412443596107
184,4031,4032,98,98,0,0.11191932933062923,0.6913192782991435,0.691412443596107
184,4032,4033,98,98,0,0.11122524783927568,0.6913192782991435,0.6914124435961068
184,4033,4034,98,98,0,0.1110701106336652,0.6913192782991435,0.6913941645734988
184,4034,4035,98,98,0,0.10226073062845639,0.6931471805599452,0.691412443596107
184,4035,4036,98,98,0,0.11101132106720185,0.6913192782991435,0.691412443596107
184,4036,4037,98,98,0,0.11163086094418351,0.6913192782991435,0.6914008865694402
184,4037,4038,98,98,0,0.11112939817260722,0.6913192782991435,0.6914008865694402
184,4038,4039,98,98,0,0.1128208220613246,0.6913192782991435,0.6914008865694402
184,4039,4040,98,98,0,0.111165566559957,0.6913192782991435,0.6914008865694402
184,4040,4041,98,98,0,0.1109365784392065,0.6913192782991435,0.6914008865694402
184,4041,4042,98,98,0,0.11150940560868808,0.6913192782991435,0.6914008865694402
184,4042,4043,98,98,0,0.11133216846050048,0.6913192782991435,0.6914008865694402
184,4043,4044,98,98,0,0.11154146484878598,0.6913192782991435,0.6914008865694402
184,4044,4045,98,98,0,0.11205583103761381,0.6913192782991435,0.6914008865694402
184,4045,4046,98,98,0,0.11160651723645171,0.6913192782991435,0.6914008865694402
184,4046,4047,98,98,0,0.11099426129034587,0.6913192782991435,0.6914008865694402
184,4047,4048,98,98,0,0.11102635991208408,0.6913192782991435,0.6914008865694402
184,4048,4049,56,56,1,0.11694956517645291,0.6910181446864346,0.6913978752333131
184,4049,4050,98,98,0,0.11237874376226445,0.6913192782991435,0.6913978752333131
184,4050,4051,98,98,0,0.11220149847925925,0.6913192782991435,0.6913978752333131
184,4051,4052,98,98,0,0.11133012852194357,0.6913192782991435,0.6913978752333131
184,4052,4053,98,98,0,0.11314819996454278,0.6913192782991435,0.6913978752333131
184,4053,4054,98,98,0,0.11229222495945132,0.6913192782991435,0.6913978752333131
184,4054,4055,98,98,0,0.11127710167546662,0.6913192782991435,0.6913978752333131
184,4055,4056,98,98,0,0.11079710212593176,0.6913192782991435,0.6913978752333131
184,4056,4057,98,98,0,0.11148026859273716,0.6913192782991435,0.6913978752333131
184,4057,4058,98,98,0,0.11271661504799006,0.6913192782991435,0.6913978752333131
184,4058,4059,98,98,0,0.11164498435599464,0.6913192782991435,0.6913978752333131
184,4059,4060,98,98,0,0.10207090937361425,0.6931471805599452,0.6914161542559211
184,4060,4061,98,98,0,0.11294529108064515,0.6913192782991435,0.6914161542559211
184,4061,4062,98,98,0,0.11372051152343653,0.6913192782991435,0.6914161542559211
184,4062,4063,98,98,0,0.11207166952746254,0.6913192782991435,0.6914164907099998
184,4063,4064,98,98,0,0.11142705958716724,0.6913192782991435,0.6914164907099996
184,4064,4065,98,98,0,0.1147066905182235,0.6913192782991435,0.6914164907099998
184,4065,4066,98,98,0,0.11106619687408817,0.6913192782991435,0.6914164907099998
184,4066,4067,98,98,0,0.11295225775363493,0.6913192782991435,0.6914164907099996
184,4067,4068,98,98,0,0.11097390569594441,0.6913192782991435,0.6914164907099998
184,4068,4069,98,98,0,0.1107242787066771,0.6913192782991435,0.6914164907099998
184,4069,4070,98,98,0,0.11233299050708206,0.6913192782991435,0.6914164907099998
184,4070,4071,98,98,0,0.11085826150920926,0.6913192782991435,0.6914164907099996
184,4071,4072,98,98,0,0.11085277446070496,0.6913192782991435,0.6914164907099998
184,4072,4073,98,98,0,0.11097550567011444,0.6913192782991435,0.6914164907099998
184,4073,4074,98,98,0,0.110847429657469,0.6913192782991435,0.6914164907099998
184,4074,4075,98,98,0,0.11236086457359548,0.6913192782991435,0.6914164907099996
184,4075,4076,98,98,0,0.11177346672938794,0.6913192782991435,0.6914164907099998
184,4076,4077,98,98,0,0.11195744855367408,0.6913192782991435,0.6913982116873918
184,4077,4078,98,98,0,0.11325642192850308,0.6913192782991435,0.6913799326647837
184,4078,4079,98,98,0,0.11203860879248502,0.6913192782991435,0.6913799326647836
184,4079,4080,98,98,0,0.11101363082321322,0.6913192782991435,0.6913799326647836
184,4080,4081,98,98,0,0.11129550065617172,0.6913192782991435,0.6913799326647837
184,4081,4082,98,98,0,0.1117180049875561,0.6913192782991435,0.6913799326647836
184,4082,4083,98,98,0,0.11175676047497866,0.6913192782991435,0.6913799326647836
184,4083,4084,98,98,0,0.11121580133936843,0.6913192782991435,0.6913799326647837
184,4084,4085,98,98,0,0.11204691809050892,0.6913192782991435,0.6913799326647837
184,4085,4086,98,98,0,0.11167781594760563,0.6913192782991435,0.6913683756381169
184,4086,4087,98,98,0,0.10143677335308522,0.6931471805599452,0.6913866546607249
184,4087,4088,98,98,0,0.11193127899753805,0.6913192782991435,0.6913866546607249
184,4088,4089,98,98,0,0.11245993228287113,0.6913192782991435,0.6913866546607249
184,4089,4090,98,98,0,0.11287392250129155,0.6913192782991435,0.6913866546607249
184,4090,4091,98,98,0,0.11124865315398391,0.6913192782991435,0.6913866546607249
184,4091,4092,98,98,0,0.11528103144801392,0.6913192782991435,0.6913866546607249
184,4092,4093,98,98,0,0.10664438882044383,0.6931471805599452,0.691404933683333
184,4093,4094,98,98,0,0.1020878050096181,0.6931471805599452,0.6914232127059411
184,4094,4095,98,98,0,0.11245967204473456,0.6913192782991435,0.691423212705941
184,4095,4096,98,98,0,0.11200412522469248,0.6913192782991435,0.691423212705941
184,4096,4097,98,98,0,0.11153321150614291,0.6913192782991435,0.6914232127059411
184,4097,4098,98,98,0,0.11241079114225445,0.6913192782991435,0.6914232127059411
184,4098,4099,98,98,0,0.11164669692516327,0.6913192782991435,0.691423212705941
184,4099,4100,98,98,0,0.11205566575636669,0.6913192782991435,0.691423212705941
184,4100,4101,98,98,0,0.11128263738082379,0.6913192782991435,0.691404933683333
184,4101,4102,98,98,0,0.11199252489878207,0.6913192782991435,0.6914049336833331
184,4102,4103,98,98,0,0.10160547783788369,0.6931471805599454,0.691423212705941
184,4103,4104,98,98,0,0.11087497202109317,0.6913192782991435,0.691423212705941
184,4104,4105,98,98,0,0.11207627839579874,0.6913192782991437,0.6914232127059411
184,4105,4106,98,98,0,0.10170415211088803,0.6931471805599452,0.6914414917285491
184,4106,4107,98,98,0,0.11246250919541534,0.6913192782991435,0.691441491728549
184,4107,4108,98,98,0,0.11107927872514238,0.6913192782991435,0.691441491728549
184,4108,4109,98,98,0,0.11116883949357637,0.6913192782991435,0.6914414917285491
184,4109,4110,98,98,0,0.11160530651710471,0.6913192782991435,0.6914414917285491
184,4110,4111,98,98,0,0.11143802250830495,0.6913192782991435,0.691441491728549
184,4111,4112,98,98,0,0.11192966754339179,0.6913192782991435,0.691441491728549
184,4112,4113,98,98,0,0.11157971993088722,0.6913192782991435,0.6914414917285491
184,4113,4114,98,98,0,0.11232620165968428,0.6913192782991435,0.6914414917285491
184,4114,4115,98,98,0,0.11177853920630046,0.6913192782991435,0.691441491728549
184,4115,4116,98,98,0,0.11113604348228902,0.6913192782991435,0.691441491728549
184,4116,4117,98,98,0,0.11096050438224053,0.6913192782991435,0.6914414917285491
184,4117,4118,98,98,0,0.11165280176364646,0.6913192782991435,0.6914414917285491
184,4118,4119,98,98,0,0.1125903461052447,0.6913192782991435,0.691441491728549
184,4119,4120,98,98,0,0.11121478456319595,0.6913192782991435,0.6914426435156992
184,4120,4121,98,98,0,0.1110599270584632,0.6913192782991435,0.6914426435156993
184,4121,4122,98,98,0,0.11104835387395352,0.6913192782991435,0.6914426435156993
184,4122,4123,98,98,0,0.11130298757735564,0.6924749809658147,0.691454200542366
184,4123,4124,98,98,0,0.1112779294501762,0.6913192782991435,0.6914557771479392
184,4124,4125,98,98,0,0.110960275238874,0.6913192782991435,0.6914557771479393
184,4125,4126,98,98,0,0.11286619100339558,0.6913192782991435,0.6914557771479393
184,4126,4127,98,98,0,0.11170257521527154,0.6913192782991435,0.6914557771479393
184,4127,4128,98,98,0,0.11096398547595861,0.6913192782991435,0.6914557771479392
184,4128,4129,98,98,0,0.11155601142316449,0.6913192782991435,0.6914557771479393
184,4129,4130,98,98,0,0.10173609419440736,0.6931471805599454,0.6914740561705472
184,4130,4131,98,98,0,0.11170737171659664,0.6913192782991435,0.6914740561705472
184,4131,4132,98,98,0,0.11094631201454572,0.6913192782991435,0.6914740561705471
184,4132,4133,98,98,0,0.10216425640546546,0.6931471805599452,0.6914923351931553
184,4133,4134,98,98,0,0.11421256132271825,0.6913192782991435,0.6914923351931553
184,4134,4135,98,98,0,0.11529389502746719,0.6913192782991435,0.6914740561705472
184,4135,4136,98,98,0,0.11099948391926531,0.6913192782991435,0.6914740561705471
184,4136,4137,98,98,0,0.11085589823065972,0.6913192782991435,0.6914740561705472
184,4137,4138,98,98,0,0.11155240990373554,0.6913192782991435,0.6914740561705472
184,4138,4139,98,98,0,0.10186574904590237,0.6931471805599452,0.6914923351931553
184,4139,4140,98,98,0,0.11167401523918521,0.6913192782991435,0.6914923351931553
184,4140,4141,98,98,0,0.11327729381772937,0.6913192782991435,0.6914923351931553
184,4141,4142,98,98,0,0.11191452872388218,0.6913192782991435,0.6914923351931553
184,4142,4143,97,97,1,0.11223355319696604,0.6913138233963344,0.6914922806441272
184,4143,4144,98,98,0,0.11153012407677514,0.6913192782991435,0.6914922806441273
184,4144,4145,98,98,0,0.11219799282903574,0.6913192782991435,0.6914922806441273
184,4145,4146,98,98,0,0.11190020771963256,0.6913192782991435,0.6914922806441273
184,4146,4147,98,98,0,0.11185100127239617,0.6913192782991435,0.6914922806441272
184,4147,4148,98,98,0,0.1126675237806476,0.6924749809658147,0.691503837670794
184,4148,4149,98,98,0,0.11136355273881737,0.6913192782991435,0.6915068490069209
184,4149,4150,98,98,0,0.1110249639925908,0.6913192782991435,0.6915068490069209
184,4150,4151,98,98,0,0.11080488904702421,0.6913192782991435,0.6915068490069209
184,4151,4152,98,98,0,0.11168412917426654,0.6913192782991435,0.6915068490069212
184,4152,4153,98,98,0,0.1025692165202024,0.6931471805599452,0.691525128029529
184,4153,4154,98,98,0,0.11173514732900931,0.6913192782991435,0.691525128029529
184,4154,4155,98,98,0,0.11193862146868998,0.6913192782991435,0.691525128029529
184,4155,4156,98,98,0,0.11402014179193244,0.6913192782991435,0.6915251280295291
184,4156,4157,98,98,0,0.11208955776326511,0.6913192782991435,0.691525128029529
184,4157,4158,98,98,0,0.11114922021420634,0.6913192782991435,0.691525128029529
184,4158,4159,98,98,0,0.11121526892696108,0.6913192782991435,0.6915251280295291
184,4159,4160,98,98,0,0.11356698843289395,0.6913192782991435,0.6915068490069212
184,4160,4161,98,98,0,0.1125931061652242,0.6913192782991435,0.6915068490069209
184,4161,4162,83,83,1,0.11372227140937943,0.6912305945573873,0.6915059621695034
184,4162,4163,98,98,0,0.111917715823772,0.6913192782991435,0.6915059621695033
184,4163,4164,98,98,0,0.1015962661072916,0.6931471805599452,0.6915242411921114
184,4164,4165,98,98,0,0.11222098319202053,0.6913192782991435,0.6915242411921114
184,4165,4166,98,98,0,0.11139515346410322,0.6924749809658147,0.6915357982187781
184,4166,4167,98,98,0,0.11193580446498734,0.6913192782991435,0.6915357982187783
184,4167,4168,98,98,0,0.11185775583191794,0.6913192782991435,0.6915357982187783
184,4168,4169,98,98,0,0.11149835601753118,0.6913192782991435,0.6915357982187781
184,4169,4170,98,98,0,0.1127374502164977,0.6913192782991435,0.6915357982187781
184,4170,4171,98,98,0,0.11366960330277073,0.6913192782991435,0.6915357982187783
184,4171,4172,98,98,0,0.11131212290148346,0.6913192782991435,0.6915357982187783
184,4172,4173,98,98,0,0.11218437719710019,0.6913192782991435,0.6915357982187781
184,4173,4174,98,98,0,0.11118526749160824,0.6913192782991435,0.6915357982187781
184,4174,4175,98,98,0,0.11228520522008137,0.6913192782991435,0.6915357982187783
184,4175,4176,98,98,0,0.11317438867931463,0.6913192782991435,0.6915357982187781
184,4176,4177,98,98,0,0.1110831164583868,0.6913192782991435,0.6915357982187781
184,4177,4178,98,98,0,0.11279750782616284,0.6913192782991435,0.6915357982187781
184,4178,4179,98,98,0,0.11181960612231372,0.6913192782991435,0.6915357982187783
184,4179,4180,98,98,0,0.11405651970785491,0.6913192782991435,0.6915357982187781
184,4180,4181,98,98,0,0.11169886741102958,0.6913192782991435,0.6915357982187781
184,4181,4182,98,98,0,0.11168764980167759,0.6913192782991435,0.6915357982187783
184,4182,4183,98,98,0,0.11117692899947264,0.6913192782991435,0.6915357982187783
184,4183,4184,98,98,0,0.10173851259204807,0.6931471805599454,0.6915540772413862
184,4184,4185,98,98,0,0.11170933350008361,0.6913192782991435,0.6915540772413862
184,4185,4186,98,98,0,0.11162295200082721,0.6913192782991435,0.6915540772413863
184,4186,4187,98,98,0,0.11534620213265322,0.6913192782991435,0.6915357982187783
184,4187,4188,98,98,0,0.11131906707067879,0.6913192782991435,0.6915357982187781
184,4188,4189,98,98,0,0.11479281193139601,0.6913192782991435,0.6915357982187781
184,4189,4190,98,98,0,0.11195866368254836,0.6913192782991435,0.6915357982187783
184,4190,4191,98,98,0,0.11184623449736712,0.6913192782991435,0.6915357982187783
184,4191,4192,98,98,0,0.11233517413540763,0.6913192782991435,0.6915357982187781
184,4192,4193,98,98,0,0.11135444486019563,0.6913192782991435,0.6915175191961701
184,4193,4194,98,98,0,0.11156401958088485,0.6913192782991435,0.6914992401735621
184,4194,4195,98,98,0,0.11261730337021303,0.6913192782991435,0.6914992401735622
184,4195,4196,98,98,0,0.11087116401414482,0.6913192782991435,0.6914992401735621
184,4196,4197,98,98,0,0.11226260981389455,0.6913192782991435,0.6914992401735621
184,4197,4198,98,98,0,0.1114005590884053,0.6913192782991435,0.6914992401735621
184,4198,4199,98,98,0,0.11163132630136548,0.6913192782991435,0.6914992401735621
184,4199,4200,98,98,0,0.11347826174935516,0.6913192782991435,0.6914992401735621
184,4200,4201,98,98,0,0.11114298841174768,0.6913192782991435,0.6914992401735621
184,4201,4202,98,98,0,0.11253377772411521,0.6913192782991435,0.6914992401735621
184,4202,4203,98,98,0,0.11120288667021966,0.6913192782991435,0.6914809611509541
184,4203,4204,98,98,0,0.112042456713258,0.6913192782991435,0.6914809611509541
184,4204,4205,98,98,0,0.11195844738763205,0.6913192782991435,0.6914809611509541
184,4205,4206,98,98,0,0.11156143856291868,0.6913192782991435,0.6914626821283462
184,4206,4207,98,98,0,0.1107053597818832,0.6913192782991435,0.6914626821283462
184,4207,4208,98,98,0,0.11177622975439441,0.6913192782991435,0.6914626821283462
184,4208,4209,98,98,0,0.11295060638566407,0.6913192782991435,0.6914626821283462
184,4209,4210,98,98,0,0.11140007426848217,0.6913192782991435,0.6914626821283462
184,4210,4211,98,98,0,0.10155421822350852,0.6931471805599452,0.6914809611509541
184,4211,4212,98,98,0,0.11164738990518512,0.6913192782991435,0.6914809611509541
184,4212,4213,98,98,0,0.11220771500042506,0.6913192782991435,0.6914809611509541
184,4213,4214,98,98,0,0.11103301046758282,0.6913192782991435,0.6914809611509541
184,4214,4215,98,98,0,0.10144512157659141,0.6931471805599454,0.6914992401735622
184,4215,4216,98,98,0,0.10335162540479582,0.6931471805599452,0.6915175191961701
184,4216,4217,98,98,0,0.11159629914529469,0.6913192782991435,0.6915175191961701
184,4217,4218,98,98,0,0.11134867544989197,0.6913192782991435,0.6915175191961701
184,4218,4219,98,98,0,0.11156852801843566,0.6913192782991435,0.6915175191961702
184,4219,4220,98,98,0,0.11156464504952333,0.6913192782991435,0.6915175191961701
184,4220,4221,98,98,0,0.11125442917857851,0.6913192782991435,0.6915175191961701
184,4221,4222,98,98,0,0.11081755450185464,0.6913192782991435,0.6915175191961701
184,4222,4223,98,98,0,0.11223449839317069,0.6913192782991435,0.6915059621695033
184,4223,4224,98,98,0,0.1147873798499302,0.6913192782991435,0.6915059621695034
184,4224,4225,98,98,0,0.10280919515964937,0.6931471805599452,0.6915242411921114
184,4225,4226,98,98,0,0.11209875071535305,0.6913192782991435,0.6915242411921114
184,4226,4227,98,98,0,0.1114391597101883,0.6913192782991435,0.6915242411921114
184,4227,4228,98,98,0,0.11139663483719436,0.6913192782991435,0.6915242411921114
184,4228,4229,98,98,0,0.11110339557029764,0.6913192782991435,0.6915242411921114
184,4229,4230,98,98,0,0.11123751347162286,0.6913192782991435,0.6915059621695034
184,4230,4231,98,98,0,0.11187408917716571,0.6913192782991435,0.6915059621695033
184,4231,4232,98,98,0,0.1135003968921243,0.6913192782991435,0.6915059621695034
184,4232,4233,98,98,0,0.10237017699650355,0.6931471805599454,0.6915059621695034
184,4233,4234,98,98,0,0.1112391225689528,0.6913192782991435,0.6915059621695034
184,4234,4235,98,98,0,0.11213458511902362,0.6913192782991435,0.6915059621695034
184,4235,4236,98,98,0,0.11219684939299311,0.6913192782991435,0.6915059621695034
184,4236,4237,98,98,0,0.11175418204190779,0.6924749809658147,0.6915175191961701
184,4237,4238,98,98,0,0.11198103298642198,0.6913192782991435,0.6915175191961701
184,4238,4239,98,98,0,0.11139860870886822,0.6913192782991435,0.6914992401735621
184,4239,4240,98,98,0,0.11080965681039558,0.6913192782991435,0.6914992401735621
184,4240,4241,98,98,0,0.11143052638793478,0.6913192782991435,0.6914992401735621
184,4241,4242,98,98,0,0.10188906548582778,0.6931471805599454,0.6915175191961701
184,4242,4243,95,95,1,0.11273484818245236,0.6913027342547766,0.6915174083047546
184,4243,4244,98,98,0,0.10393606369592706,0.6931471805599452,0.6915356873273626
184,4244,4245,98,98,0,0.11208476734404661,0.6913192782991435,0.6915356873273626
184,4245,4246,98,98,0,0.11113654898137462,0.6913192782991435,0.6915356873273626
184,4246,4247,98,98,0,0.11176161703710653,0.6913192782991435,0.6915356873273626
184,4247,4248,98,98,0,0.11161670803415533,0.6913192782991435,0.6915241303006958
184,4248,4249,98,98,0,0.11252953553078127,0.6913192782991435,0.6915241303006959
184,4249,4250,98,98,0,0.11163919069329087,0.6913192782991435,0.6915241303006959
184,4250,4251,98,98,0,0.11084857294145896,0.6913192782991435,0.6915241303006958
184,4251,4252,98,98,0,0.11216839395311413,0.6913192782991435,0.6915241303006958
184,4252,4253,98,98,0,0.11156370475584147,0.6913192782991435,0.691505851278088
184,4253,4254,98,98,0,0.11159167704837662,0.6913192782991435,0.691505851278088
184,4254,4255,98,98,0,0.11151729995498852,0.6913192782991435,0.6915058512780878
184,4255,4256,98,98,0,0.10347766444391134,0.6931471805599452,0.6915241303006958
184,4256,4257,98,98,0,0.11264678584981938,0.6913192782991435,0.6915241303006959
184,4257,4258,98,98,0,0.11169242843681453,0.6913192782991435,0.6915241303006959
184,4258,4259,98,98,0,0.11405312323144504,0.6913192782991435,0.6915241303006958
184,4259,4260,98,98,0,0.11118203485194518,0.6913192782991435,0.6915241303006958
184,4260,4261,20,20,1,0.14573550559580326,0.6904521355001123,0.6915154588727056
184,4261,4262,98,98,0,0.1119818419826274,0.6913192782991435,0.6915163457101231
184,4262,4263,98,98,0,0.11151708061901891,0.6913192782991435,0.6915163457101232
184,4263,4264,98,98,0,0.11145595286269577,0.6913192782991435,0.6914980666875151
184,4264,4265,98,98,0,0.11125490441918373,0.6913192782991435,0.6914980666875151
184,4265,4266,98,98,0,0.11096579003698971,0.6913192782991435,0.6914865096608485
184,4266,4267,98,98,0,0.11269999873273227,0.6913192782991435,0.6914865096608485
184,4267,4268,98,98,0,0.1018705922273957,0.6931471805599452,0.6915047886834564
184,4268,4269,98,98,0,0.11121817320889356,0.6913192782991435,0.6915047886834564
184,4269,4270,98,98,0,0.11106779137436225,0.6913192782991435,0.6915047886834564
184,4270,4271,98,98,0,0.10164395126761222,0.6931471805599454,0.6915230677060644
184,4271,4272,98,98,0,0.11101412111703231,0.6913192782991435,0.6915230677060644
184,4272,4273,98,98,0,0.11173613141385877,0.6913192782991435,0.6915230677060644
184,4273,4274,98,98,0,0.11155471000440266,0.6913192782991435,0.6915230677060644
184,4274,4275,98,98,0,0.11145651173226688,0.6913192782991435,0.6915230677060644
184,4275,4276,98,98,0,0.11112488494539748,0.6913192782991435,0.6915230677060645
184,4276,4277,98,98,0,0.11129879229226891,0.6913192782991435,0.6915230677060644
184,4277,4278,98,98,0,0.11085677451016951,0.6913192782991435,0.6915230677060644
184,4278,4279,98,98,0,0.11130250374577483,0.6913192782991435,0.6915230677060644
184,4279,4280,98,98,0,0.11133247302198897,0.6913192782991435,0.6915230677060644
184,4280,4281,98,98,0,0.11074876359530858,0.6913192782991435,0.6915230677060644
184,4281,4282,98,98,0,0.1113818461949728,0.6913192782991435,0.6915230677060644
184,4282,4283,98,98,0,0.11134046506212682,0.6913192782991435,0.6915230677060644
184,4283,4284,98,98,0,0.11125373878345197,0.6913192782991435,0.6915047886834564
184,4284,4285,98,98,1,0.11257881633177096,0.6913192782991435,0.6915047886834564
184,4285,4286,98,98,0,0.10252252411173314,0.6931471805599452,0.6915230677060644
184,4286,4287,98,98,0,0.1109691101069353,0.6913192782991435,0.6915230677060644
184,4287,4288,20,20,1,0.10146198496222496,0.6931471805599452,0.6915413467286726
184,4288,4289,98,98,0,0.11033796534246328,0.6913192782991435,0.6915413467286724
184,4289,4290,98,98,0,0.11066071270984046,0.6913192782991435,0.6915413467286724
184,4290,4291,98,98,0,0.11090634694817114,0.6913192782991435,0.6915413467286724
184,4291,4292,98,98,0,0.11110102294050918,0.6913192782991435,0.6915413467286726
184,4292,4293,98,98,0,0.11202204858466071,0.6913192782991435,0.6915413467286724
184,4293,4294,98,98,0,0.11228685316686728,0.6913192782991435,0.6915413467286724
184,4294,4295,98,98,0,0.11176936548887467,0.6913192782991435,0.6915413467286724
184,4295,4296,98,98,0,0.11132289773347426,0.6913192782991435,0.6915413467286724
184,4296,4297,98,98,0,0.11280363341983483,0.6913192782991435,0.6915413467286724
184,4297,4298,98,98,0,0.1112834633309014,0.6913192782991435,0.6915413467286724
184,4298,4299,98,98,0,0.11066273805134151,0.6913192782991435,0.6915413467286726
184,4299,4300,98,98,0,0.11135220702509491,0.6913192782991435,0.6915413467286724
184,4300,4301,98,98,0,0.11163967049547605,0.6913192782991435,0.6915413467286724
184,4301,4302,98,98,0,0.11086178297290997,0.6913192782991435,0.6915413467286724
184,4302,4303,98,98,0,0.11166222058996862,0.6913192782991435,0.6915413467286726
184,4303,4304,98,98,0,0.11154184345992244,0.6913192782991435,0.6915413467286724
184,4304,4305,98,98,0,0.11132041060802889,0.6913192782991435,0.6915413467286724
184,4305,4306,98,98,0,0.11221428413172158,0.6913192782991435,0.6915413467286724
184,4306,4307,18,18,1,0.10009738968478309,0.6931471805599452,0.6915596257512806
184,4307,4308,98,98,0,0.11175534372427026,0.6913192782991435,0.6915596257512804
184,4308,4309,98,98,0,0.11157560721039772,0.6913192782991435,0.6915596257512804
184,4309,4310,98,98,0,0.1117983594232676,0.6913192782991435,0.6915596257512804
184,4310,4311,98,98,0,0.11146711261600864,0.6913192782991435,0.6915413467286726
184,4311,4312,98,98,0,0.11118898989290607,0.6913192782991435,0.6915413467286724
184,4312,4313,98,98,0,0.1114020431984444,0.6913192782991435,0.6915413467286724
184,4313,4314,98,98,0,0.11168990717554579,0.6913192782991435,0.6915413467286724
184,4314,4315,98,98,0,0.1116170566148904,0.6913192782991435,0.6915230677060645
184,4315,4316,98,98,0,0.11145104924026801,0.6913192782991435,0.6915047886834564
184,4316,4317,98,98,0,0.11303562921833019,0.6913192782991435,0.6915047886834564
184,4317,4318,98,98,0,0.11199289841615424,0.6913192782991435,0.6915047886834564
184,4318,4319,98,98,0,0.11122805959716135,0.6913192782991435,0.6915047886834563
184,4319,4320,98,98,0,0.1114261836877891,0.6913192782991435,0.6915047886834564
184,4320,4321,98,98,0,0.11200339704447863,0.6913192782991435,0.6915047886834564
184,4321,4322,98,98,0,0.11090389760781308,0.6913192782991435,0.6915047886834564
184,4322,4323,98,98,0,0.11208112104510774,0.6913192782991435,0.6915047886834564
184,4323,4324,98,98,0,0.11068884161662082,0.6913192782991435,0.6915047886834564
184,4324,4325,98,98,0,0.11494819424590286,0.6913192782991435,0.6914865096608485
184,4325,4326,98,98,0,0.11177014498686304,0.6913192782991435,0.6914865096608485
184,4326,4327,98,98,0,0.11174248767142393,0.6913192782991435,0.6914865096608483
184,4327,4328,98,98,0,0.11100347036001634,0.6913192782991435,0.6914865096608485
184,4328,4329,97,97,1,0.11139705446884804,0.6913138233963346,0.6914864551118204
184,4329,4330,98,98,0,0.11116327185715948,0.6913192782991435,0.6914864551118203
184,4330,4331,98,98,0,0.11132729395615812,0.6913192782991435,0.6914864551118203
184,4331,4332,96,96,1,0.11241776713480552,0.6913083091305903,0.6914863454201349
184,4332,4333,98,98,0,0.11175153168792627,0.6913192782991435,0.6914680663975268
184,4333,4334,98,98,0,0.1115375073740677,0.6913192782991435,0.6914680663975267
184,4334,4335,98,98,0,0.11150981896385855,0.6913192782991435,0.6914680663975267
184,4335,4336,98,98,0,0.11169775818683664,0.6913192782991435,0.6914680663975268
184,4336,4337,98,98,0,0.11201411546493063,0.6913192782991435,0.6914565093708602
184,4337,4338,98,98,0,0.11129093101742316,0.6913192782991435,0.69145650937086
184,4338,4339,98,98,0,0.1122325456568173,0.6913192782991435,0.69145650937086
184,4339,4340,98,98,0,0.11352439422388466,0.6913192782991435,0.69145650937086
184,4340,4341,98,98,0,0.11176185423926431,0.6913192782991435,0.6914565093708602
184,4341,4342,98,98,0,0.10148667300842246,0.6931471805599452,0.69145650937086
184,4342,4343,98,98,0,0.11309985200665434,0.6913192782991437,0.6914566748113038
184,4343,4344,96,96,1,0.11171859704578917,0.6913083091305903,0.6914382860970102
184,4344,4345,98,98,0,0.11178193682310533,0.6913192782991435,0.6914382860970102
184,4345,4346,98,98,0,0.11143327648846471,0.6913192782991435,0.6914382860970102
184,4346,4347,98,98,0,0.11190358716614392,0.6913192782991435,0.6914382860970102
184,4347,4348,98,98,0,0.11184710507490198,0.6913192782991435,0.6914382860970102
184,4348,4349,98,98,0,0.11136937308676388,0.6913192782991435,0.6914382860970102
184,4349,4350,98,98,0,0.11145873618673305,0.6913192782991435,0.6914382860970102
184,4350,4351,98,98,0,0.11093683974171172,0.6913192782991435,0.6914382860970102
184,4351,4352,98,98,0,0.11129351842160128,0.6913192782991435,0.6914382860970102
184,4352,4353,98,98,0,0.10243148577152467,0.6931471805599452,0.6914565651196182
184,4353,4354,98,98,0,0.11215275571662553,0.6913192782991435,0.6914565651196182
184,4354,4355,98,98,0,0.10190903403016986,0.6931471805599454,0.6914748441422263
184,4355,4356,98,98,0,0.10248742336217238,0.6931471805599452,0.6914748441422262
184,4356,4357,98,98,0,0.11172571512205261,0.6913192782991435,0.6914748441422262
184,4357,4358,98,98,0,0.11131835903744308,0.6913192782991435,0.6914748441422262
184,4358,4359,98,98,0,0.11141062748371339,0.6913192782991435,0.6914748441422263
184,4359,4360,98,98,0,0.1133649765076686,0.6913192782991435,0.6914748441422262
184,4360,4361,98,98,0,0.11216572056315383,0.6913192782991435,0.6914835155702166
184,4361,4362,98,98,0,0.11090508285833865,0.6913192782991435,0.6914835155702166
184,4362,4363,98,98,0,0.11117373969481915,0.6913192782991435,0.6914835155702166
184,4363,4364,98,98,0,0.11179905118686813,0.6913192782991435,0.6914835155702166
184,4364,4365,98,98,0,0.10281863778221365,0.6931471805599454,0.6915017945928246
184,4365,4366,98,98,0,0.11127958674820101,0.6913192782991435,0.6915017945928246
184,4366,4367,98,98,0,0.11156715848007981,0.6913192782991435,0.6915017945928246
184,4367,4368,98,98,0,0.11329112635279188,0.6913192782991435,0.6914835155702164
184,4368,4369,98,98,0,0.11244186857829289,0.6913192782991435,0.6914835155702166
184,4369,4370,98,98,0,0.11175221828173618,0.6913192782991435,0.6914835155702166
184,4370,4371,98,98,0,0.11124983323471886,0.6913192782991435,0.6914652365476086
184,4371,4372,98,98,0,0.11162778917624026,0.6913192782991435,0.6914652365476084
184,4372,4373,98,98,0,0.11027667587813066,0.6913192782991435,0.6914652365476086
184,4373,4374,98,98,0,0.11100184947860484,0.6913192782991435,0.6914652365476086
184,4374,4375,98,98,0,0.11067100462256646,0.6913192782991435,0.6914652365476084
184,4375,4376,98,98,0,0.1117715052500063,0.6913192782991435,0.6914652365476084
184,4376,4377,98,98,0,0.11129873489238779,0.6913192782991435,0.6914652365476086
184,4377,4378,98,98,0,0.1113729087673888,0.6913192782991435,0.6914652365476086
184,4378,4379,98,98,0,0.11113312779640665,0.6913192782991435,0.6914652365476084
184,4379,4380,98,98,0,0.11130014464867358,0.6913192782991435,0.6914652365476086
184,4380,4381,87,87,1,0.11235542715280905,0.6912557897337497,0.6914646016619546
184,4381,4382,98,98,0,0.11086070469143439,0.6913192782991435,0.6914646016619546
184,4382,4383,98,98,0,0.10151395779483173,0.6931471805599452,0.6914828806845625
184,4383,4384,98,98,0,0.11262028383053078,0.6913192782991435,0.6914828806845627
184,4384,4385,98,98,0,0.10291320146346579,0.6931471805599454,0.6915011597071706
184,4385,4386,98,98,0,0.11178110365052613,0.6913192782991435,0.6914828806845625
184,4386,4387,98,98,0,0.10238062628373808,0.6931471805599454,0.6915011597071705
184,4387,4388,98,98,0,0.11152298680069495,0.6913192782991435,0.6914828806845625
184,4388,4389,98,98,0,0.11157569137154794,0.6913192782991435,0.6914828806845627
184,4389,4390,98,98,0,0.11078236320493173,0.6913192782991435,0.6914828806845625
184,4390,4391,98,98,0,0.11075561926985274,0.6913192782991435,0.6914828806845625
184,4391,4392,98,98,0,0.11169316802097827,0.6913192782991435,0.6914828806845625
184,4392,4393,98,98,0,0.11143010702668404,0.6913192782991435,0.6914828806845627
184,4393,4394,98,98,0,0.11121046611545038,0.6913192782991435,0.6914828806845625
184,4394,4395,98,98,0,0.11088276540442389,0.6913192782991435,0.6914828806845625
184,4395,4396,98,98,0,0.11159139385028762,0.6913192782991435,0.6914828806845627
184,4396,4397,98,98,0,0.11131473661077265,0.6913192782991435,0.6914828806845627
184,4397,4398,98,98,0,0.11208083670662373,0.6913192782991435,0.6914828806845625
184,4398,4399,98,98,0,0.11153090760415914,0.6913192782991435,0.6914828806845625
184,4399,4400,98,98,0,0.11243692002430254,0.6913192782991435,0.6914828806845627
184,4400,4401,98,98,0,0.11241845170758208,0.6913192782991435,0.6914828806845627
184,4401,4402,98,98,0,0.11117089311687314,0.6913192782991435,0.6914828806845625
184,4402,4403,98,98,0,0.11276381348772925,0.6913192782991435,0.6914828806845625
184,4403,4404,98,98,0,0.11137274295395734,0.6913192782991435,0.6914828806845627
184,4404,4405,98,98,0,0.11183525728327888,0.6913192782991435,0.6914828806845625
184,4405,4406,98,98,0,0.11271528907272281,0.6913192782991435,0.6914828806845625
184,4406,4407,98,98,0,0.11172059246776056,0.6913192782991435,0.6914646016619546
184,4407,4408,98,98,0,0.11056419940931457,0.6913192782991435,0.6914646016619547
184,4408,4409,98,98,0,0.11104381198481637,0.6913192782991435,0.6914646016619546
184,4409,4410,98,98,0,0.1110075331312053,0.6913192782991435,0.6914646016619546
184,4410,4411,98,98,0,0.11131099611520767,0.6913192782991435,0.6914646016619546
184,4411,4412,98,98,0,0.11143390720292014,0.6913192782991435,0.6914646016619547
184,4412,4413,98,98,0,0.11135261627484341,0.6913192782991435,0.6914646016619546
184,4413,4414,98,98,0,0.111490398645401,0.6913192782991435,0.6914646016619546
184,4414,4415,98,98,0,0.11150477195576745,0.6913192782991435,0.6914646016619546
184,4415,4416,98,98,0,0.10169757712556392,0.6931471805599452,0.6914828806845627
184,4416,4417,98,98,0,0.11133698556496173,0.6913192782991435,0.6914828806845625
184,4417,4418,98,98,0,0.11129237430132165,0.6913192782991435,0.6914828806845625
184,4418,4419,98,98,0,0.10235347097017328,0.6931471805599452,0.6915011597071706
184,4419,4420,98,98,0,0.11056646157284172,0.6913192782991435,0.6915011597071706
184,4420,4421,98,98,0,0.1127909495666319,0.6913192782991435,0.6915011597071705
184,4421,4422,98,98,0,0.11118201751794134,0.6913192782991435,0.6915011597071705
184,4422,4423,98,98,0,0.11282363419934195,0.6913192782991435,0.6915011597071706
184,4423,4424,98,98,0,0.10163088180885023,0.6931471805599452,0.6915194387297787
184,4424,4425,98,98,0,0.11147996577985432,0.6913192782991435,0.6915194387297787
184,4425,4426,98,98,0,0.11253979292755224,0.6913192782991435,0.6915194387297785
184,4426,4427,98,98,0,0.11201717172350202,0.6913192782991435,0.6915194387297787
184,4427,4428,98,98,0,0.11127754871030243,0.6913192782991435,0.6915194387297787
184,4428,4429,98,98,0,0.11203832354168503,0.6913192782991435,0.6915194932788066
184,4429,4430,98,98,0,0.11086447194826846,0.6913192782991435,0.6915194932788067
184,4430,4431,98,98,0,0.11204437105631342,0.6913192782991435,0.6915194932788067
184,4431,4432,98,98,0,0.11174388427515419,0.6913192782991435,0.6915196029704923
184,4432,4433,98,98,0,0.11120824721090648,0.6913192782991435,0.6915196029704922
184,4433,4434,98,98,0,0.11127481731225033,0.6913192782991435,0.6915196029704923
184,4434,4435,98,98,0,0.11134419689068989,0.6913192782991435,0.6915196029704923
184,4435,4436,98,98,0,0.11110343639643824,0.6913192782991435,0.6915196029704923
184,4436,4437,98,98,0,0.11132899557753485,0.6913192782991435,0.6915196029704922
184,4437,4438,98,98,0,0.11174072462077043,0.6913192782991435,0.6915196029704923
184,4438,4439,98,98,0,0.10160006597942235,0.6931471805599452,0.6915378819931003
184,4439,4440,98,98,0,0.11152325334901712,0.6913192782991435,0.6915378819931003
184,4440,4441,98,98,0,0.11141323016918435,0.6913192782991435,0.6915378819931002
184,4441,4442,98,98,0,0.11142508313059807,0.6913192782991435,0.6915196029704923
184,4442,4443,98,98,0,0.11278411905680384,0.6913192782991435,0.6915196029704923
184,4443,4444,98,98,0,0.11180019629549007,0.6913192782991435,0.6915197126621778
184,4444,4445,98,98,0,0.11097905412316322,0.6913192782991435,0.6915197126621777
184,4445,4446,98,98,0,0.11241471258049109,0.6913192782991435,0.6915197126621777
184,4446,4447,98,98,0,0.11173773906668838,0.6913192782991435,0.6915197126621778
184,4447,4448,98,98,0,0.11173636511880525,0.6913192782991435,0.6915197126621778
184,4448,4449,98,98,0,0.11118942575187099,0.6913192782991435,0.6915197126621777
184,4449,4450,98,98,0,0.11140684198055949,0.6913192782991435,0.6915197126621777
184,4450,4451,20,20,1,0.10030827485024929,0.6931471805599452,0.6915379916847858
184,4451,4452,98,98,0,0.11193602433314129,0.6913192782991435,0.6915379916847858
184,4452,4453,98,98,0,0.10260261374772811,0.6931471805599452,0.6915379916847857
184,4453,4454,98,98,0,0.11325837154777682,0.6913192782991435,0.6915379916847857
184,4454,4455,98,98,0,0.1111728199282471,0.6913192782991435,0.6915197126621777
184,4455,4456,98,98,0,0.11382361721931672,0.6913192782991435,0.6915014336395698
184,4456,4457,98,98,0,0.1116671265692127,0.6913192782991435,0.6915014336395697
184,4457,4458,98,98,0,0.11189566659075874,0.6913192782991435,0.6915014336395697
184,4458,4459,98,98,0,0.10136639836187265,0.6931471805599452,0.6915197126621777
184,4459,4460,98,98,0,0.11125103384256363,0.6913192782991435,0.6915197126621778
184,4460,4461,98,98,0,0.11150236906749862,0.6913192782991435,0.6915197126621777
184,4461,4462,98,98,0,0.11245564652644859,0.6913192782991435,0.6915197126621777
184,4462,4463,98,98,0,0.11104822759421504,0.6913192782991435,0.6915197126621777
184,4463,4464,21,21,1,0.14511322194621676,0.6904791684681009,0.6915113115638674
184,4464,4465,98,98,0,0.11120958527436062,0.6913192782991435,0.6914930325412594
184,4465,4466,98,98,0,0.11137951674814127,0.6913192782991435,0.6914930325412593
184,4466,4467,98,98,0,0.11126893758773804,0.6913192782991435,0.6914930325412593
184,4467,4468,98,98,0,0.11173116704639123,0.6913192782991435,0.6914930325412594
184,4468,4469,98,98,0,0.10123979307863178,0.6931471805599452,0.6915113115638674
184,4469,4470,98,98,0,0.11205761491948245,0.6913192782991435,0.6915113115638672
184,4470,4471,98,98,0,0.11120133086734889,0.6913192782991435,0.6915113115638672
184,4471,4472,98,98,0,0.11110631984715559,0.6913192782991435,0.6915113115638674
184,4472,4473,98,98,0,0.11157056392759693,0.6913192782991435,0.6915113115638674
184,4473,4474,98,98,0,0.11155079700508896,0.6913192782991435,0.6915113115638672
184,4474,4475,98,98,0,0.11201783786622846,0.6913192782991435,0.6915113115638674
184,4475,4476,98,98,0,0.10253224886801778,0.6931471805599452,0.6915295905864753
184,4476,4477,98,98,0,0.11174092548234123,0.6913192782991435,0.6915295905864753
184,4477,4478,98,98,0,0.11272587041769709,0.6913192782991435,0.6915295905864752
184,4478,4479,98,98,0,0.11168946645089559,0.6913192782991435,0.6915295905864753
184,4479,4480,98,98,0,0.111718088388443,0.6913192782991435,0.6915295905864753
184,4480,4481,98,98,0,0.11127785882171319,0.6913192782991435,0.6915302254721294
184,4481,4482,98,98,0,0.11180284626933994,0.6913192782991435,0.6915302254721293
184,4482,4483,98,98,0,0.11186394065010305,0.6913192782991435,0.6915119464495213
184,4483,4484,98,98,0,0.11135332050676248,0.6913192782991435,0.6915119464495213
184,4484,4485,98,98,0,0.11153243101981221,0.6913192782991435,0.6914936674269133
184,4485,4486,98,98,0,0.113260845368614,0.6913192782991435,0.6914936674269133
184,4486,4487,98,98,0,0.1113138214818069,0.6913192782991435,0.6914753884043052
184,4487,4488,98,98,0,0.11148433980284905,0.6913192782991435,0.6914753884043052
184,4488,4489,98,98,0,0.1113997937313148,0.6913192782991435,0.6914753884043052
184,4489,4490,98,98,0,0.11099945198820561,0.6913192782991435,0.6914753884043052
184,4490,4491,98,98,0,0.1113682003805832,0.6913192782991435,0.6914753884043052
184,4491,4492,98,98,0,0.11263834707895104,0.6913192782991435,0.6914753884043052
184,4492,4493,98,98,0,0.1115536314948481,0.6913192782991435,0.6914753884043051
184,4493,4494,98,98,0,0.1114565157616625,0.6913192782991435,0.6914753884043052
184,4494,4495,98,98,0,0.11179132014513016,0.6913192782991435,0.6914753884043052
184,4495,4496,98,98,0,0.11110461488062022,0.6913192782991435,0.6914753884043052
184,4496,4497,98,98,0,0.11266114334670865,0.6913192782991435,0.6914753884043051
184,4497,4498,98,98,0,0.11107397231520438,0.6913192782991435,0.6914753884043052
184,4498,4499,98,98,0,0.11167512628801014,0.6913192782991435,0.6914753884043052
184,4499,4500,98,98,0,0.11091456288585858,0.6913192782991435,0.6914753884043052
184,4500,4501,98,98,0,0.11168215636696134,0.6913192782991435,0.6914753884043051
184,4501,4502,98,98,0,0.11141591329051524,0.6913192782991435,0.6914753884043052
184,4502,4503,98,98,0,0.11105711195541888,0.6913192782991435,0.6914753884043052
184,4503,4504,98,98,0,0.11105096591066341,0.6913192782991435,0.6914753884043052
184,4504,4505,98,98,0,0.11156967852492722,0.6913192782991435,0.6914753884043052
184,4505,4506,98,98,0,0.11093376021908254,0.6913192782991435,0.6914753884043052
184,4506,4507,98,98,0,0.11184601645384516,0.6913192782991435,0.6914753884043052
184,4507,4508,98,98,0,0.11111714364010461,0.6913192782991435,0.6914753884043051
184,4508,4509,98,98,0,0.11191254755368038,0.6913192782991435,0.6914753884043052
184,4509,4510,98,98,0,0.11190153947290109,0.6913192782991435,0.6914753884043052
184,4510,4511,98,98,0,0.11280369074368964,0.6913192782991435,0.6914753884043052
184,4511,4512,98,98,0,0.10220861906299786,0.6931471805599452,0.6914936674269133
184,4512,4513,98,98,0,0.11163811134744664,0.6913192782991435,0.6914936674269133
184,4513,4514,98,98,0,0.11147076233613248,0.6913192782991435,0.6914936674269133
184,4514,4515,98,98,0,0.10224282733943997,0.6931471805599452,0.6915119464495213
184,4515,4516,98,98,0,0.11062101662463071,0.6913192782991435,0.6914936674269133
184,4516,4517,98,98,0,0.11119669584595428,0.6913192782991435,0.6914936674269133
184,4517,4518,98,98,0,0.1116344441412663,0.6913192782991435,0.6914936674269133
184,4518,4519,98,98,0,0.11179029705877207,0.6913192782991435,0.6914753884043052
184,4519,4520,98,98,0,0.11195745684054433,0.6913192782991435,0.6914753884043052
184,4520,4521,98,98,0,0.11220242470806958,0.6913192782991435,0.6914753884043052
184,4521,4522,98,98,0,0.11092345484969568,0.6913192782991435,0.6914753884043052
184,4522,4523,98,98,0,0.11193307968122619,0.6913192782991435,0.6914753884043052
184,4523,4524,98,98,0,0.11163028474060857,0.6913192782991435,0.6914571093816971
184,4524,4525,98,98,0,0.11279426401062888,0.6913192782991435,0.6914571093816971
184,4525,4526,98,98,0,0.11011992448142596,0.6924749809658147,0.6914686664083639
184,4526,4527,98,98,0,0.11222122396741595,0.6913192782991435,0.6914686664083639
184,4527,4528,98,98,0,0.1115626087602304,0.6913192782991435,0.6914686664083639
184,4528,4529,98,98,0,0.11168717402888804,0.6913192782991435,0.691468666408364
184,4529,4530,98,98,0,0.11248386522032777,0.6913192782991435,0.6914686664083639
184,4530,4531,98,98,0,0.11163918871660622,0.6913192782991435,0.6914686664083639
184,4531,4532,98,98,0,0.11175322707514374,0.6913192782991435,0.6914686664083639
184,4532,4533,98,98,0,0.11137845678901186,0.6913192782991435,0.691468666408364
184,4533,4534,14,14,1,0.16558825597167015,0.6902541135072142,0.6914580147604447
184,4534,4535,98,98,0,0.11201826650269177,0.6913192782991435,0.6914580147604447
184,4535,4536,98,98,0,0.11167711186773922,0.6913192782991435,0.6914580147604446
184,4536,4537,98,98,0,0.11142388989730757,0.6913192782991435,0.6914580147604447
184,4537,4538,98,98,0,0.10256942483235379,0.6931471805599452,0.6914762937830526
184,4538,4539,98,98,0,0.1117250460142992,0.6913192782991435,0.6914580147604447
184,4539,4540,98,98,0,0.1118481131080462,0.6913192782991435,0.6914580147604446
184,4540,4541,98,98,0,0.11304668778059435,0.6913192782991435,0.6914580147604447
184,4541,4542,98,98,0,0.11146625944850397,0.6913192782991435,0.6914580147604447
184,4542,4543,98,98,0,0.11094070849369983,0.6913192782991435,0.6914580147604447
184,4543,4544,98,98,0,0.11142611716474805,0.6913192782991435,0.6914580147604446
184,4544,4545,98,98,0,0.11168781956847833,0.6913192782991435,0.6914580147604447
184,4545,4546,98,98,0,0.1127059104643306,0.6913192782991435,0.6914580147604447
184,4546,4547,98,98,0,0.10164269447630765,0.6931471805599454,0.6914762937830526
184,4547,4548,98,98,0,0.1114852131933582,0.6913192782991435,0.6914762937830525
184,4548,4549,98,98,0,0.11086538145128562,0.6913192782991435,0.6914762937830526
184,4549,4550,98,98,0,0.11200665796593744,0.6913192782991435,0.6914762937830526
184,4550,4551,98,98,0,0.11169677242940786,0.6913192782991435,0.6914580147604447
184,4551,4552,98,98,0,0.11152671102662476,0.6913192782991435,0.6914580147604446
184,4552,4553,98,98,0,0.10226861585159691,0.6931471805599454,0.6914580147604446
184,4553,4554,98,98,0,0.11142834701708385,0.6913192782991435,0.6914580147604447
184,4554,4555,98,98,0,0.11101151759527167,0.6913192782991435,0.6914580147604447
184,4555,4556,98,98,0,0.1114557210584076,0.6913192782991435,0.6914580147604446
184,4556,4557,98,98,0,0.1115432743515287,0.6913192782991435,0.6914580147604447
184,4557,4558,98,98,0,0.1107531909887888,0.6913192782991435,0.6914580147604447
184,4558,4559,97,97,1,0.10233979749003637,0.6931471805599452,0.6914580147604447
184,4559,4560,98,98,0,0.11145950907043048,0.6913192782991435,0.6914580147604447
184,4560,4561,98,98,0,0.11118924526535735,0.6913192782991435,0.6914580147604447
184,4561,4562,98,98,0,0.11168289176967679,0.6913192782991435,0.6914580147604447
184,4562,4563,98,98,0,0.11136227640874531,0.6913192782991435,0.6914580147604447
184,4563,4564,98,98,0,0.11148679408491874,0.6913192782991435,0.691466415858755
184,4564,4565,98,98,0,0.11095578276685306,0.6913192782991435,0.691466415858755
184,4565,4566,98,98,0,0.11110103913411802,0.6913192782991435,0.6914664158587551
184,4566,4567,98,98,0,0.11111975058305021,0.6913192782991435,0.6914664158587551
184,4567,4568,98,98,0,0.11165055822657079,0.6913192782991435,0.691466415858755
184,4568,4569,98,98,0,0.111402300699633,0.6913192782991435,0.691448136836147
184,4569,4570,98,98,0,0.11096788714734876,0.6913192782991435,0.6914481368361471
184,4570,4571,98,98,0,0.11141608358950031,0.6913192782991435,0.6914481368361471
184,4571,4572,98,98,0,0.11126879131307407,0.6913192782991435,0.691448136836147
184,4572,4573,98,98,0,0.11147107450025422,0.6913192782991435,0.691448136836147
184,4573,4574,98,98,0,0.10345725182976041,0.6931471805599452,0.6914664158587551
184,4574,4575,98,98,0,0.11134068918775539,0.6913192782991435,0.6914664158587551
184,4575,4576,98,98,0,0.111775133910836,0.6913192782991435,0.691448136836147
184,4576,4577,98,98,0,0.11160602374952666,0.6913192782991435,0.691448136836147
184,4577,4578,98,98,0,0.11292286369265342,0.6913192782991435,0.6914481368361471
184,4578,4579,98,98,0,0.11125353389248556,0.6913192782991435,0.6914481368361471
184,4579,4580,98,98,0,0.11099619532422143,0.6913192782991435,0.691448136836147
184,4580,4581,98,98,0,0.11190452274619317,0.6913192782991435,0.691448136836147
184,4581,4582,98,98,0,0.11072829578604017,0.6913192782991435,0.6914481368361471
184,4582,4583,98,98,0,0.11156090493409002,0.6913192782991435,0.6914481368361471
184,4583,4584,98,98,0,0.11114840832900028,0.6913192782991435,0.691448136836147
184,4584,4585,98,98,0,0.11136733299615431,0.6913192782991435,0.691448136836147
184,4585,4586,98,98,0,0.11188013136995081,0.6913192782991435,0.6914481368361471
184,4586,4587,98,98,0,0.11227288750969634,0.6913192782991435,0.6914481368361471
184,4587,4588,98,98,0,0.11152458571049632,0.6913192782991435,0.691448136836147
184,4588,4589,98,98,0,0.11167767552696929,0.6913192782991435,0.691448136836147
184,4589,4590,98,98,0,0.11197911484204993,0.6913192782991435,0.6914481368361471
184,4590,4591,98,98,0,0.11119512734668595,0.6913192782991435,0.691448136836147
184,4591,4592,98,98,0,0.11138825559494447,0.6913192782991435,0.691448136836147
184,4592,4593,98,98,0,0.11121301406196185,0.6913192782991435,0.6914481368361471
184,4593,4594,98,98,0,0.11220485770276614,0.6913192782991435,0.6914481368361471
184,4594,4595,98,98,0,0.11114266134646474,0.6924749809658147,0.6914596938628138
184,4595,4596,98,98,0,0.1116262741995101,0.6913192782991435,0.6914596938628138
184,4596,4597,98,98,0,0.11086954016770635,0.6913192782991435,0.6914596938628138
184,4597,4598,98,98,0,0.11112934586649038,0.6913192782991435,0.6914596938628138
184,4598,4599,98,98,0,0.11300758416859472,0.6913192782991435,0.6914596938628138
184,4599,4600,98,98,0,0.11138788397823061,0.6913192782991435,0.6914596938628137
184,4600,4601,98,98,0,0.10215712475533388,0.6931471805599452,0.6914779728854218
184,4601,4602,98,98,0,0.11129379812247898,0.6913192782991435,0.6914779728854218
184,4602,4603,98,98,0,0.11182197259396923,0.6913192782991435,0.6914779728854218
184,4603,4604,98,98,0,0.1023884476447592,0.6931471805599452,0.6914962519080298
184,4604,4605,98,98,0,0.1116358599796587,0.6913192782991435,0.6914962519080298
184,4605,4606,98,98,0,0.11143456916419828,0.6913192782991435,0.6914962519080298
184,4606,4607,98,98,0,0.111571126674511,0.6913192782991435,0.6914962519080298
184,4607,4608,98,98,0,0.11207386410358,0.6913192782991435,0.6914962519080299
184,4608,4609,98,98,0,0.11099760226753293,0.6913192782991435,0.6914962519080298
184,4609,4610,27,27,1,0.13467779396860688,0.6906181553369635,0.691489240678408
184,4610,4611,98,98,0,0.11086709424853325,0.6913192782991435,0.691489240678408
184,4611,4612,98,98,0,0.11210506188930297,0.6913192782991435,0.6914709616557999
184,4612,4613,98,98,0,0.10214787212257483,0.6931471805599452,0.6914892406784081
184,4613,4614,98,98,0,0.11111186992148964,0.6913192782991435,0.691489240678408
184,4614,4615,98,98,0,0.1120266525873116,0.6913192782991435,0.6914709616557999
184,4615,4616,98,98,0,0.11180535012057849,0.6913192782991435,0.6914709616557999
184,4616,4617,98,98,0,0.11240611248174492,0.6913192782991435,0.6914709616558001
184,4617,4618,98,98,0,0.1112361271314475,0.6913192782991435,0.6914709616557999
184,4618,4619,98,98,0,0.11234276597293055,0.6913192782991435,0.6914709616557999
184,4619,4620,98,98,0,0.11210260965994426,0.6913192782991435,0.6914709616557999
184,4620,4621,98,98,0,0.11098885832696545,0.6913192782991435,0.6914709616558001
184,4621,4622,98,98,0,0.1118201059954507,0.6913192782991435,0.6914709616557999
184,4622,4623,98,98,0,0.11224302976411216,0.6913192782991435,0.6914709616557999
184,4623,4624,98,98,0,0.11263508380067591,0.6913192782991435,0.6914709616558001
184,4624,4625,98,98,0,0.11147929621594292,0.6913192782991435,0.6914709616557999
184,4625,4626,98,98,0,0.10312651439893003,0.6931471805599452,0.6914776836517413
184,4626,4627,98,98,0,0.11152387296362799,0.6913192782991435,0.6914776836517413
184,4627,4628,20,20,1,0.1455552361905575,0.6904521355001123,0.6914690122237509
184,4628,4629,98,98,0,0.1118481478520802,0.6913192782991435,0.6914690122237509
184,4629,4630,98,98,0,0.11242270788976125,0.6913192782991435,0.691469012223751
184,4630,4631,98,98,0,0.11193708087108573,0.6913192782991435,0.6914690122237509
184,4631,4632,98,98,0,0.11187092678583398,0.6913192782991435,0.6914690122237509
184,4632,4633,98,98,0,0.11152980742709977,0.6913192782991435,0.6914690122237509
184,4633,4634,98,98,0,0.11279410861280499,0.6913192782991435,0.6914796638716703
184,4634,4635,98,98,0,0.11219920696956771,0.6913192782991435,0.6914796638716701
184,4635,4636,98,98,0,0.11267044098705661,0.6913192782991435,0.6914796638716703
184,4636,4637,98,98,0,0.11171443030542257,0.6913192782991435,0.6914796638716703
184,4637,4638,98,98,0,0.11174293980002403,0.6913192782991435,0.6914613848490623
184,4638,4639,98,98,0,0.11120497359305012,0.6913192782991435,0.6914613848490622
184,4639,4640,98,98,0,0.11241264436013844,0.6913192782991435,0.6914613848490623
184,4640,4641,98,98,0,0.1117234766027149,0.6913192782991435,0.6914613848490623
184,4641,4642,98,98,0,0.11248822297368731,0.6913192782991435,0.6914613848490623
184,4642,4643,98,98,0,0.11218537663926884,0.6913192782991435,0.6914613848490622
184,4643,4644,98,98,0,0.11184196858381738,0.6913192782991435,0.6914613848490623
184,4644,4645,98,98,0,0.1111558136739293,0.6913192782991435,0.6914613848490623
184,4645,4646,98,98,0,0.11174261319089909,0.6913192782991435,0.6914613848490623
184,4646,4647,98,98,0,0.11240449327291274,0.6913192782991435,0.6914431058264542
184,4647,4648,98,98,0,0.11086832595114805,0.6913192782991435,0.6914431058264543
184,4648,4649,98,98,0,0.11092008080105392,0.6913192782991435,0.6914431058264543
184,4649,4650,98,98,0,0.11143851447470333,0.6913192782991435,0.6914431058264542
184,4650,4651,98,98,0,0.11105360143951007,0.6913192782991435,0.6914431058264542
184,4651,4652,98,98,0,0.11081555462917503,0.6913192782991435,0.6914431058264543
184,4652,4653,98,98,0,0.11104872959608934,0.6913192782991435,0.6914248268038463
184,4653,4654,98,98,0,0.1120869447382129,0.6913192782991435,0.6914248268038462
184,4654,4655,98,98,0,0.11149868543963043,0.6913192782991435,0.6914248268038462
184,4655,4656,98,98,0,0.10224953711945184,0.6931471805599454,0.6914431058264543
184,4656,4657,98,98,0,0.11209062593323844,0.6913192782991435,0.6914431058264543
184,4657,4658,98,98,0,0.11181743009662141,0.6913192782991435,0.6914431058264542
184,4658,4659,98,98,0,0.11197994915502411,0.6913192782991435,0.6914248268038462
184,4659,4660,98,98,0,0.11097721162499213,0.6913192782991435,0.6914248268038462
184,4660,4661,98,98,0,0.11106450452792402,0.6913192782991435,0.6914248268038463
184,4661,4662,98,98,0,0.11231511892104636,0.6913192782991435,0.6914248268038462
184,4662,4663,98,98,0,0.10254537435818692,0.6931471805599452,0.6914431058264542
184,4663,4664,98,98,0,0.11189179494976997,0.6913192782991435,0.6914431058264543
184,4664,4665,98,98,0,0.10222526563673603,0.6931471805599452,0.6914613848490623
184,4665,4666,98,98,0,0.10306298421049605,0.6931471805599452,0.6914796638716703
184,4666,4667,98,98,0,0.11208827519903378,0.6913192782991435,0.6914796638716701
184,4667,4668,98,98,0,0.1131943417903112,0.6913192782991435,0.6914796638716703
184,4668,4669,98,98,0,0.11161843079085253,0.6913192782991435,0.6914796638716703
184,4669,4670,98,98,0,0.11156857758760452,0.6913192782991435,0.6914796638716703
184,4670,4671,98,98,0,0.10216309092178637,0.6931471805599452,0.6914979428942784
184,4671,4672,98,98,0,0.11197222244678712,0.6913192782991435,0.6914979428942784
184,4672,4673,98,98,0,0.11101546206948709,0.6913192782991435,0.6914979428942784
184,4673,4674,98,98,0,0.11208812618742184,0.6913192782991435,0.6914796638716703
184,4674,4675,98,98,0,0.11129434589220553,0.6913192782991435,0.6914796638716701
184,4675,4676,98,98,0,0.111360458086948,0.6913192782991435,0.6914796638716703
184,4676,4677,98,98,0,0.11094726310396681,0.6913192782991435,0.6914796638716703
184,4677,4678,98,98,0,0.11110502930015934,0.6913192782991435,0.6914796638716703
184,4678,4679,98,98,0,0.11189890219544878,0.6913192782991435,0.6914796638716701
184,4679,4680,98,98,0,0.11112066077030434,0.6913192782991435,0.6914796638716703
184,4680,4681,98,98,0,0.11076962362442698,0.6913192782991435,0.6914796638716703
184,4681,4682,98,98,0,0.11076553432004792,0.6913192782991435,0.6914796638716703
184,4682,4683,98,98,0,0.10167817938692715,0.6931471805599452,0.6914979428942781
184,4683,4684,98,98,0,0.11140627307551247,0.6913192782991435,0.6914979428942784
184,4684,4685,98,98,0,0.10158809434090342,0.6931471805599452,0.6915162219168863
184,4685,4686,98,98,0,0.11165220761785702,0.6913192782991435,0.6915162219168863
184,4686,4687,98,98,0,0.1115359121135303,0.6913192782991435,0.6915162219168863
184,4687,4688,98,98,0,0.11146127189300498,0.6913192782991435,0.6915162219168863
184,4688,4689,98,98,0,0.1129555698408156,0.6913192782991435,0.6915162219168863
184,4689,4690,98,98,0,0.11126801455203368,0.6913192782991435,0.6915162219168863
184,4690,4691,98,98,0,0.11187539226850685,0.6913192782991435,0.6915162219168863
184,4691,4692,98,98,0,0.10319435550850264,0.6931471805599454,0.6915345009394943
184,4692,4693,98,98,0,0.11077371224456904,0.6913192782991435,0.6915345009394943
184,4693,4694,98,98,0,0.11107138407473661,0.6913192782991435,0.6915345009394943
184,4694,4695,98,98,0,0.11128729422177587,0.6913192782991435,0.6915229439128276
184,4695,4696,98,98,0,0.10213030319736928,0.6931471805599454,0.6915412229354355
184,4696,4697,98,98,0,0.11185358145407268,0.6913192782991435,0.6915412229354356
184,4697,4698,98,98,0,0.1022404598034158,0.6931471805599452,0.6915595019580436
184,4698,4699,98,98,0,0.11093048660122619,0.6913192782991435,0.6915595019580436
184,4699,4700,98,98,0,0.11176634420241628,0.6913192782991435,0.6915595019580436
184,4700,4701,98,98,0,0.11184079291260972,0.6913192782991435,0.6915412229354356
184,4701,4702,98,98,0,0.11125244831248206,0.6913192782991435,0.6915412229354356
184,4702,4703,98,98,0,0.11212912597218339,0.6913192782991435,0.6915412229354356
184,4703,4704,98,98,0,0.11220072255450853,0.6913192782991435,0.6915229439128275
184,4704,4705,98,98,0,0.10153330003424567,0.6931471805599452,0.6915412229354356
184,4705,4706,98,98,0,0.11273378977666096,0.6913192782991435,0.6915412229354356
184,4706,4707,98,98,0,0.10108825678423959,0.6931471805599452,0.6915595019580436
184,4707,4708,98,98,0,0.10194023964660508,0.6931471805599454,0.6915777809806517
184,4708,4709,98,98,0,0.11229856525148664,0.6913192782991435,0.6915777809806517
184,4709,4710,98,98,0,0.1117357073389754,0.6913192782991435,0.6915847922102735
184,4710,4711,98,98,0,0.11141746840914901,0.6913192782991435,0.6915847922102735
184,4711,4712,98,98,0,0.11231464003117717,0.6913192782991435,0.6915847922102735
184,4712,4713,98,98,0,0.11331385206811283,0.6913192782991435,0.6915665131876654
184,4713,4714,98,98,0,0.11162619764099316,0.6913192782991435,0.6915665131876655
184,4714,4715,98,98,0,0.11346604986762514,0.6913192782991435,0.6915665131876655
184,4715,4716,98,98,0,0.1115006970963916,0.6913192782991435,0.6915665131876655
184,4716,4717,98,98,0,0.11096861654398393,0.6913192782991435,0.6915665131876654
184,4717,4718,98,98,0,0.10174460359373871,0.6931471805599454,0.6915847922102735
184,4718,4719,98,98,0,0.11118313738582086,0.6913192782991435,0.6915847922102735
184,4719,4720,98,98,0,0.11196084966769024,0.6913192782991435,0.6915847922102735
184,4720,4721,98,98,0,0.11193876378998464,0.6913192782991435,0.6915847922102734
184,4721,4722,98,98,0,0.11106921975709955,0.6913192782991435,0.6915847922102735
184,4722,4723,98,98,0,0.11117707626247893,0.6913192782991435,0.6915847922102735
184,4723,4724,98,98,0,0.10313920828760886,0.6931471805599454,0.6916030712328815
184,4724,4725,98,98,0,0.11295599239517232,0.6913192782991435,0.6916030712328815
184,4725,4726,98,98,0,0.10223132326286666,0.6931471805599454,0.6916030712328815
184,4726,4727,98,98,0,0.11111280375293323,0.6913192782991435,0.6916030712328815
184,4727,4728,98,98,0,0.11234967433372323,0.6913192782991435,0.6916117426608719
184,4728,4729,98,98,0,0.11154298948086037,0.6913192782991435,0.6916117426608719
184,4729,4730,98,98,0,0.11097010361905,0.6913192782991435,0.6916117426608718
184,4730,4731,98,98,0,0.1126798743344083,0.6913192782991435,0.6916117426608719
184,4731,4732,98,98,0,0.11285839571940656,0.6913192782991435,0.6916117426608719
184,4732,4733,98,98,0,0.11315869258678689,0.6913192782991435,0.6916117426608719
184,4733,4734,98,98,0,0.10257095797937743,0.6931471805599452,0.6916300216834798
184,4734,4735,98,98,0,0.11107825708328462,0.6913192782991435,0.6916300216834799
184,4735,4736,98,98,0,0.11154621094465256,0.6913192782991435,0.6916300216834799
184,4736,4737,98,98,0,0.11075198019341546,0.6913192782991435,0.6916300216834799
184,4737,4738,98,98,0,0.11191989298985928,0.6913192782991435,0.6916300216834798
184,4738,4739,98,98,0,0.11120544776928667,0.6913192782991435,0.6916300216834799
184,4739,4740,98,98,0,0.11085674539208412,0.6913192782991435,0.6916300216834799
184,4740,4741,98,98,0,0.11194554427448584,0.6913192782991435,0.6916300216834799
184,4741,4742,98,98,0,0.11152645839112145,0.6913192782991435,0.6916300216834798
184,4742,4743,98,98,0,0.11130883970430919,0.6913192782991435,0.6916300216834799
184,4743,4744,98,98,0,0.1115229636126635,0.6913192782991435,0.6916300216834799
184,4744,4745,98,98,0,0.11181232470030687,0.6913192782991435,0.6916300216834798
184,4745,4746,98,98,0,0.11110949622733253,0.6913192782991435,0.6916300216834799
184,4746,4747,98,98,0,0.11154625199887218,0.6913192782991435,0.6916300216834799
184,4747,4748,98,98,0,0.11157540361187895,0.6913192782991435,0.6916300216834799
184,4748,4749,98,98,0,0.11194907204837215,0.6913192782991435,0.6916300216834798
184,4749,4750,98,98,0,0.1129203832575253,0.6913192782991435,0.6916300216834799
184,4750,4751,98,98,0,0.11137676109768907,0.6913192782991435,0.6916300216834799
184,4751,4752,98,98,0,0.1117570870841036,0.6913192782991435,0.6916300216834799
184,4752,4753,20,20,1,0.10018961019814014,0.6931471805599452,0.6916483007060877
184,4753,4754,98,98,0,0.11146739786680863,0.6913192782991435,0.6916483007060878
184,4754,4755,98,98,0,0.11158580872781422,0.6913192782991435,0.6916483007060878
184,4755,4756,98,98,0,0.11095703826570998,0.6913192782991435,0.6916300216834799
184,4756,4757,98,98,0,0.1116100160443053,0.6913192782991435,0.6916300216834798
184,4757,4758,98,98,0,0.11328173215900149,0.6913192782991435,0.6916300216834799
184,4758,4759,98,98,0,0.11149402099604509,0.6913192782991435,0.6916300216834799
184,4759,4760,98,98,0,0.11131490021944046,0.6913192782991435,0.6916300216834799
184,4760,4761,98,98,0,0.11146531854661143,0.6913192782991435,0.6916300216834798
184,4761,4762,98,98,0,0.11110393893049687,0.6913192782991435,0.6916300216834799
184,4762,4763,98,98,0,0.11097358935037438,0.6913192782991435,0.6916117426608719
184,4763,4764,98,98,0,0.11292671359011106,0.6913192782991435,0.6916117426608719
184,4764,4765,98,98,0,0.1112166414303439,0.6913192782991435,0.6915934636382637
184,4765,4766,98,98,0,0.10224356426268208,0.6931471805599452,0.6915934636382637
184,4766,4767,98,98,0,0.11118054602827344,0.6913192782991435,0.6915934636382639
184,4767,4768,98,98,0,0.11109602930290359,0.6913192782991435,0.6915934636382639
184,4768,4769,98,98,0,0.11174739524722099,0.6913192782991435,0.6915934636382637
184,4769,4770,98,98,0,0.11134261972441965,0.6913192782991435,0.6915934636382637
184,4770,4771,98,98,0,0.11141099552718961,0.6913192782991435,0.6915751846156559
184,4771,4772,98,98,0,0.1114590196889274,0.6913192782991435,0.6915751846156559
184,4772,4773,98,98,0,0.11166603057360162,0.6913192782991435,0.6915751846156557
184,4773,4774,98,98,0,0.11089270409880853,0.6913192782991435,0.6915751846156557
184,4774,4775,98,98,0,0.11100015918515166,0.6913192782991435,0.6915751846156559
184,4775,4776,98,98,0,0.1124250737532061,0.6913192782991435,0.6915751846156557
184,4776,4777,98,98,0,0.1149284051997321,0.6913192782991435,0.6915751846156557
184,4777,4778,98,98,0,0.11255783184754606,0.6913192782991435,0.6915751846156557
184,4778,4779,98,98,0,0.11155174824656272,0.6913192782991435,0.6915751846156559
184,4779,4780,98,98,0,0.10139007531866735,0.6931471805599452,0.6915934636382639
184,4780,4781,98,98,0,0.10168563331268271,0.6931471805599452,0.6916117426608718
184,4781,4782,98,98,0,0.11141167946007786,0.6913192782991435,0.6916117426608718
184,4782,4783,98,98,0,0.11192594400169897,0.6913192782991435,0.6915934636382639
184,4783,4784,98,98,0,0.11135528183409146,0.6913192782991435,0.6915934636382639
184,4784,4785,98,98,0,0.11101623822231682,0.6913192782991435,0.6915751846156557
184,4785,4786,98,98,0,0.11133252943352777,0.6913192782991435,0.6915751846156557
184,4786,4787,98,98,0,0.11225221207251354,0.6913192782991435,0.6915751846156559
184,4787,4788,98,98,0,0.11184537258683419,0.6913192782991435,0.6915751846156559
184,4788,4789,98,98,0,0.11205635637957223,0.6913192782991435,0.6915751846156557
184,4789,4790,98,98,0,0.10286106427713317,0.6931471805599452,0.6915934636382637
184,4790,4791,98,98,0,0.11133253407113407,0.6913192782991435,0.6915934636382639
184,4791,4792,98,98,0,0.1111419958879753,0.6913192782991435,0.6915751846156559
184,4792,4793,98,98,0,0.1124679868166544,0.6913192782991435,0.6915751846156557
184,4793,4794,98,98,0,0.10194843794618334,0.6931471805599452,0.6915934636382637
184,4794,4795,98,98,0,0.11324411121254065,0.6913192782991435,0.6915934636382637
184,4795,4796,98,98,0,0.11109332641472622,0.6913192782991435,0.6915751846156559
184,4796,4797,98,98,0,0.11147724859872643,0.6913192782991435,0.6915751846156557
184,4797,4798,98,98,0,0.11229536469493594,0.6913192782991435,0.6915569055930477
184,4798,4799,98,98,0,0.11168562841354585,0.6913192782991435,0.6915569055930477
184,4799,4800,98,98,0,0.11136887754712786,0.6913192782991435,0.6915569055930478
184,4800,4801,98,98,0,0.11075578477917886,0.6913192782991435,0.6915569055930477
184,4801,4802,98,98,0,0.11268137349766127,0.6913192782991435,0.6915569055930477
184,4802,4803,98,98,0,0.11217455018539818,0.6913192782991435,0.6915569055930477
184,4803,4804,98,98,0,0.11076608611917009,0.6913192782991435,0.6915569055930478
184,4804,4805,98,98,0,0.11178400245856265,0.6913192782991435,0.6915386265704397
184,4805,4806,98,98,0,0.11189866674189665,0.6913192782991435,0.6915386265704397
184,4806,4807,98,98,0,0.11175680601475191,0.6913192782991435,0.6915203475478318
184,4807,4808,98,98,0,0.11235072228069208,0.6913192782991435,0.6915020685252236
184,4808,4809,98,98,0,0.11178693410997488,0.6913192782991435,0.6915020685252238
184,4809,4810,98,98,0,0.11109030672482081,0.6913192782991435,0.6915020685252238
184,4810,4811,98,98,0,0.11102214326359788,0.6913192782991435,0.6915020685252238
184,4811,4812,98,98,0,0.11141089988606316,0.6913192782991435,0.6915020685252236
184,4812,4813,98,98,0,0.11130111474467784,0.6913192782991435,0.6915020685252238
184,4813,4814,98,98,0,0.11207216217809794,0.6913192782991435,0.6915020685252238
184,4814,4815,98,98,0,0.11232671506550847,0.6913192782991435,0.6915020685252238
184,4815,4816,98,98,0,0.1115084387057898,0.6913192782991435,0.6915020685252236
184,4816,4817,98,98,0,0.1019967929745207,0.6931471805599454,0.6915203475478318
184,4817,4818,98,98,0,0.11049206706942344,0.6913192782991435,0.6915020685252238
184,4818,4819,98,98,0,0.11161721779071555,0.6913192782991435,0.6915020685252238
184,4819,4820,98,98,0,0.10165239140695455,0.6931471805599454,0.6915203475478318
184,4820,4821,98,98,0,0.11214572358496334,0.6924749809658147,0.6915319045744985
184,4821,4822,98,98,0,0.11138859596483562,0.6913192782991435,0.6915319045744984
184,4822,4823,98,98,0,0.11218704785011252,0.6913192782991435,0.6915319045744984
184,4823,4824,98,98,0,0.11114540566899339,0.6913192782991435,0.6915136255518903
184,4824,4825,98,98,0,0.1107917526850895,0.6913192782991435,0.6915136255518906
184,4825,4826,98,98,0,0.11152999962166864,0.6913192782991435,0.6914953465292824
184,4826,4827,98,98,0,0.11184752253549439,0.6913192782991435,0.6914953465292824
184,4827,4828,98,98,0,0.1116070164253517,0.6913192782991435,0.6914953465292824
184,4828,4829,98,98,0,0.11095155486646964,0.6924749809658147,0.691506903555949
184,4829,4830,98,98,0,0.11210541069811704,0.6913192782991435,0.6915069035559491
184,4830,4831,98,98,0,0.11036156110313473,0.6913192782991435,0.691506903555949
184,4831,4832,98,98,0,0.11139703078233466,0.6913192782991435,0.691506903555949
184,4832,4833,98,98,0,0.11150434955346342,0.6913192782991435,0.6915069035559491
184,4833,4834,98,98,0,0.11112603043415109,0.6913192782991435,0.6914886245333411
184,4834,4835,98,98,0,0.11243849764673078,0.6913192782991435,0.691488624533341
184,4835,4836,98,98,0,0.11222788813162823,0.6913192782991435,0.691488624533341
184,4836,4837,98,98,0,0.10237978771328926,0.6931471805599454,0.691506903555949
184,4837,4838,98,98,0,0.11127818915612843,0.6913192782991435,0.6915069035559491
184,4838,4839,98,98,0,0.11190231030388754,0.6913192782991435,0.6915069035559491
184,4839,4840,98,98,0,0.11208723432251386,0.6913192782991435,0.691506903555949
184,4840,4841,98,98,0,0.11140510721170173,0.6913192782991435,0.6915069035559491
184,4841,4842,98,98,0,0.11151263748808783,0.6913192782991435,0.6915069035559491
184,4842,4843,98,98,0,0.10182050752396486,0.6931471805599452,0.6915251825785572
184,4843,4844,98,98,0,0.11210211533672955,0.6913192782991435,0.691525182578557
184,4844,4845,98,98,0,0.11214033263374348,0.6913192782991435,0.6915251825785572
184,4845,4846,98,98,0,0.1105664461394962,0.6913192782991435,0.6915251825785572
184,4846,4847,98,98,0,0.11125464532144215,0.6913192782991435,0.6915251825785572
184,4847,4848,98,98,0,0.1113222363804068,0.6913192782991435,0.691525182578557
184,4848,4849,98,98,0,0.11110189967617697,0.6913192782991435,0.6915251825785572
184,4849,4850,98,98,0,0.11268766467668573,0.6913192782991435,0.6915251825785572
184,4850,4851,98,98,0,0.11184289359620639,0.6913192782991435,0.691525182578557
184,4851,4852,98,98,0,0.11266998140787592,0.6913192782991435,0.691525182578557
184,4852,4853,98,98,0,0.11196743818570157,0.6913192782991435,0.6915069035559491
184,4853,4854,98,98,0,0.1112680010953728,0.6913192782991435,0.6915069035559491
184,4854,4855,98,98,0,0.11129505529391523,0.6913192782991435,0.691506903555949
184,4855,4856,98,98,0,0.11177839703705846,0.6913192782991435,0.691506903555949
184,4856,4857,98,98,0,0.10293404621129133,0.6931471805599452,0.6915251825785572
184,4857,4858,98,98,0,0.11154272179214322,0.6913192782991435,0.6915251825785572
184,4858,4859,98,98,0,0.11167022000466074,0.6913192782991435,0.691525182578557
184,4859,4860,98,98,0,0.11202965380281818,0.6913192782991435,0.691525182578557
184,4860,4861,98,98,0,0.1109565987574811,0.6913192782991435,0.6915251825785572
184,4861,4862,98,98,0,0.11133663782051631,0.6913192782991435,0.6915251825785572
184,4862,4863,98,98,0,0.11292141151367402,0.6913192782991435,0.691525182578557
184,4863,4864,98,98,0,0.11221541221044501,0.6913192782991435,0.691525182578557
184,4864,4865,98,98,0,0.11139233098650465,0.6913192782991435,0.6915251825785572
184,4865,4866,98,98,0,0.10249594104837398,0.6931471805599452,0.6915251825785572
184,4866,4867,98,98,0,0.11167600074288797,0.6913192782991435,0.691525182578557
184,4867,4868,98,98,0,0.11345344918723009,0.6913192782991435,0.691525182578557
184,4868,4869,98,98,0,0.11238753202618385,0.6913192782991435,0.6915251825785572
184,4869,4870,98,98,0,0.11055866507243137,0.6913192782991435,0.6915251825785572
184,4870,4871,98,98,0,0.11238240762328615,0.6913192782991435,0.691525182578557
184,4871,4872,98,98,0,0.1112801798296218,0.6913192782991435,0.691525182578557
184,4872,4873,98,98,0,0.10167154221206295,0.6931471805599454,0.6915434616011652
184,4873,4874,98,98,0,0.11174371291180046,0.6913192782991435,0.6915434616011652
184,4874,4875,98,98,0,0.11308889189849095,0.6913192782991435,0.6915434616011651
184,4875,4876,98,98,0,0.11115074758322871,0.6913192782991435,0.6915434616011652
184,4876,4877,98,98,0,0.11144096358698241,0.6913192782991435,0.6915434616011652
184,4877,4878,98,98,0,0.11134225076862744,0.6913192782991435,0.6915434616011652
184,4878,4879,98,98,0,0.11212057513850075,0.6913192782991435,0.6915434616011651
184,4879,4880,98,98,0,0.11135037646305804,0.6913192782991435,0.691525182578557
184,4880,4881,98,98,0,0.1109280747418501,0.6913192782991435,0.6915069035559491
184,4881,4882,98,98,0,0.11206463709169505,0.6913192782991435,0.6915069035559491
184,4882,4883,98,98,0,0.11128883200640581,0.6913192782991435,0.691506903555949
184,4883,4884,98,98,0,0.1120422970579595,0.6913192782991435,0.691506903555949
184,4884,4885,98,98,0,0.11275350834642138,0.6913192782991435,0.6915069035559491
184,4885,4886,98,98,0,0.11135736244673632,0.6913192782991435,0.6915069035559491
184,4886,4887,98,98,0,0.11091730188654393,0.6913192782991435,0.691506903555949
184,4887,4888,98,98,0,0.11114574345398923,0.6913192782991435,0.691506903555949
184,4888,4889,98,98,0,0.111368826837564,0.6913192782991435,0.6915069035559491
184,4889,4890,98,98,0,0.11194012701815488,0.6913192782991435,0.691488624533341
184,4890,4891,98,98,0,0.11169990410610121,0.6913192782991435,0.691488624533341
184,4891,4892,98,98,0,0.11166216942424677,0.6913192782991435,0.691488624533341
184,4892,4893,98,98,0,0.11102993831950791,0.6913192782991435,0.6914886245333411
184,4893,4894,98,98,0,0.11271371958511216,0.6924749809658147,0.6914819025373998
184,4894,4895,98,98,0,0.11089114593912144,0.6913192782991435,0.6914819025373998
184,4895,4896,98,98,0,0.11349179466464082,0.6913192782991435,0.6914819025373997
184,4896,4897,98,98,0,0.10154079372177319,0.6931471805599454,0.6915001815600078
184,4897,4898,98,98,0,0.11285020426219823,0.6913192782991435,0.6915001815600078
184,4898,4899,98,98,0,0.11103467802916255,0.6913192782991435,0.6915001815600078
184,4899,4900,98,98,0,0.1116448712288117,0.6913192782991435,0.6915001815600077
184,4900,4901,98,98,0,0.11156342832409606,0.6913192782991435,0.6915001815600078
184,4901,4902,98,98,0,0.11153080550079443,0.6913192782991435,0.6915001815600078
184,4902,4903,98,98,0,0.10208041996371989,0.6931471805599452,0.6915184605826158
184,4903,4904,98,98,0,0.11197566773210253,0.6913192782991435,0.6915184605826157
184,4904,4905,98,98,0,0.11161588200805139,0.6913192782991435,0.6915184605826158
184,4905,4906,98,98,0,0.10187565459280598,0.6931471805599454,0.6915367396052239
184,4906,4907,98,98,0,0.11162816619082373,0.6913192782991435,0.6915367396052239
184,4907,4908,98,98,0,0.11196952792150634,0.6913192782991435,0.691536739605224
184,4908,4909,98,98,0,0.1130643688446405,0.6913192782991435,0.6915367396052239
184,4909,4910,98,98,0,0.11136330907442132,0.6913192782991435,0.6915367396052239
184,4910,4911,98,98,0,0.11100404223009032,0.6913192782991435,0.6915367396052239
184,4911,4912,98,98,0,0.11121905572256263,0.6913192782991435,0.6915367396052239
184,4912,4913,98,98,0,0.11117604884261988,0.6913192782991435,0.6915367396052239
184,4913,4914,98,98,0,0.11227992640770211,0.6913192782991435,0.6915367396052239
184,4914,4915,98,98,0,0.1112038677140158,0.6913192782991435,0.6915367396052239
184,4915,4916,98,98,0,0.11217367170112473,0.6913192782991435,0.6915367396052239
184,4916,4917,98,98,0,0.11117644037823288,0.6913192782991435,0.6915184605826158
184,4917,4918,98,98,0,0.11077718010970525,0.6913192782991435,0.6915184605826158
184,4918,4919,98,98,0,0.11196452850589947,0.6913192782991435,0.6915184605826158
184,4919,4920,98,98,0,0.11173010693520916,0.6913192782991435,0.6915001815600077
184,4920,4921,98,98,0,0.11223474251372474,0.6913192782991435,0.691488624533341
184,4921,4922,98,98,0,0.1119872756606462,0.6913192782991435,0.6914886245333411
184,4922,4923,98,98,0,0.11136423507515265,0.6913192782991435,0.6914886245333411
184,4923,4924,98,98,0,0.11169196163513223,0.6913192782991435,0.691488624533341
184,4924,4925,98,98,0,0.1112957457650681,0.6913192782991435,0.691488624533341
184,4925,4926,98,98,0,0.11145613456563074,0.6913192782991435,0.6914886245333411
184,4926,4927,98,98,0,0.11088932670500813,0.6913192782991435,0.691488624533341
184,4927,4928,98,98,0,0.10244231724313327,0.6931471805599454,0.691506903555949
184,4928,4929,98,98,0,0.1117401857461248,0.6913192782991435,0.6914953465292824
184,4929,4930,98,98,0,0.11243586637535874,0.6913192782991435,0.6914953465292824
184,4930,4931,98,98,0,0.11087396429205428,0.6913192782991435,0.6914953465292826
184,4931,4932,98,98,0,0.1115506642631122,0.6913192782991435,0.6914953465292824
184,4932,4933,98,98,0,0.11137185473831332,0.6913192782991435,0.6914953465292824
184,4933,4934,98,98,0,0.11274560556119802,0.6913192782991435,0.6914953465292824
184,4934,4935,98,98,0,0.1106051655904371,0.6913192782991435,0.6914953465292824
184,4935,4936,98,98,0,0.11257432690080331,0.6924749809658147,0.6915069035559491
184,4936,4937,98,98,0,0.1107884983018953,0.6913192782991435,0.691488624533341
184,4937,4938,98,98,0,0.1114612840572182,0.6913192782991435,0.691488624533341
184,4938,4939,98,98,0,0.11267237889827514,0.6913192782991435,0.6914886245333411
184,4939,4940,98,98,0,0.11201872296479283,0.6913192782991435,0.6914886245333411
184,4940,4941,98,98,0,0.10249960863468599,0.6931471805599454,0.691506903555949
184,4941,4942,98,98,0,0.11105917591829689,0.6913192782991435,0.691506903555949
184,4942,4943,98,98,0,0.11184182246120608,0.6913192782991435,0.691488624533341
184,4943,4944,98,98,0,0.1109960246451047,0.6913192782991435,0.6914886245333411
184,4944,4945,98,98,0,0.11193265651865882,0.6913192782991435,0.691488624533341
184,4945,4946,98,98,0,0.11111639561701794,0.6913192782991435,0.691488624533341
184,4946,4947,98,98,0,0.11186237336725605,0.6913192782991435,0.6914886245333411
184,4947,4948,98,98,0,0.11136412597736534,0.6913192782991435,0.6914886245333411
184,4948,4949,98,98,0,0.11104724670247156,0.6913192782991435,0.691488624533341
184,4949,4950,98,98,0,0.1117050152043907,0.6913192782991435,0.691488624533341
184,4950,4951,98,98,0,0.1107731856861893,0.6913192782991435,0.6914886245333411
184,4951,4952,98,98,0,0.11167459486394513,0.6913192782991435,0.6914886245333411
184,4952,4953,98,98,0,0.11088559616889272,0.6913192782991435,0.691488624533341
184,4953,4954,98,98,0,0.11193654556967775,0.6913192782991435,0.691488624533341
184,4954,4955,98,98,0,0.11235529336394096,0.6913192782991435,0.6914886245333411
184,4955,4956,98,98,0,0.11217694151766446,0.6913192782991435,0.691488624533341
184,4956,4957,98,98,0,0.11017018647826447,0.6924749809658147,0.6914819025373998
184,4957,4958,98,98,0,0.11204387057496577,0.6913192782991435,0.6914819025373997
184,4958,4959,98,98,0,0.11157525870568898,0.6913192782991435,0.6914819025373998
184,4959,4960,98,98,0,0.11171452549039101,0.6913192782991435,0.6914819025373998
184,4960,4961,98,98,0,0.11164368445775946,0.6913192782991435,0.6914819025373998
184,4961,4962,98,98,0,0.11081065070264194,0.6913192782991435,0.6914819025373997
184,4962,4963,98,98,0,0.11220202640611299,0.6913192782991435,0.6914819025373998
184,4963,4964,98,98,0,0.11172153192515276,0.6913192782991435,0.6914819025373998
184,4964,4965,98,98,0,0.10164459125728023,0.6931471805599452,0.6915001815600078
184,4965,4966,98,98,0,0.11159015735801385,0.6913192782991435,0.6914819025373997
184,4966,4967,98,98,0,0.1111028394376745,0.6913192782991435,0.6914819025373998
184,4967,4968,98,98,0,0.11143790185451508,0.6913192782991435,0.6914819025373998
184,4968,4969,98,98,0,0.11124728209510142,0.6913192782991435,0.6914819025373998
184,4969,4970,98,98,0,0.11238655113444036,0.6913192782991435,0.6914819025373997
184,4970,4971,98,98,0,0.11153297179511615,0.6913192782991435,0.6914819025373998
184,4971,4972,98,98,0,0.11209171941998053,0.6913192782991435,0.6914819025373998
184,4972,4973,98,98,0,0.11189062300385261,0.6913192782991435,0.6914636235147918
184,4973,4974,98,98,0,0.11110189032493806,0.6913192782991435,0.6914636235147917
184,4974,4975,98,98,0,0.1115899057868792,0.6913192782991435,0.6914636235147918
184,4975,4976,98,98,0,0.11240800523332187,0.6913192782991435,0.6914636235147918
184,4976,4977,98,98,0,0.11194797057886513,0.6924749809658147,0.6914751805414585
184,4977,4978,98,98,0,0.11137140375010822,0.6913192782991435,0.6914751805414585
184,4978,4979,98,98,0,0.1116956151565727,0.6913192782991435,0.6914751805414585
184,4979,4980,98,98,0,0.11217778647432522,0.6913192782991435,0.6914751805414585
184,4980,4981,98,98,0,0.11100257241300174,0.6913192782991435,0.6914751805414585
184,4981,4982,98,98,0,0.11157034041017902,0.6913192782991435,0.6914751805414585
184,4982,4983,98,98,0,0.1020627880126846,0.6931471805599452,0.6914934595640665
184,4983,4984,98,98,0,0.10207758608217142,0.6931471805599452,0.6915117385866745
184,4984,4985,98,98,0,0.11124798039696654,0.6913192782991435,0.6915117385866745
184,4985,4986,98,98,0,0.11184348234412622,0.6913192782991435,0.6915117385866745
184,4986,4987,98,98,0,0.11100035183587853,0.6913192782991435,0.6915117385866745
184,4987,4988,98,98,0,0.11164735546525643,0.6913192782991435,0.6915117385866745
184,4988,4989,98,98,0,0.11108962461656453,0.6913192782991435,0.6915117385866745
184,4989,4990,98,98,0,0.11240052226550724,0.6913192782991435,0.6915117385866746
184,4990,4991,98,98,0,0.1102685053281638,0.6913192782991435,0.6915117385866745
184,4991,4992,98,98,0,0.11290062317738728,0.6924749809658147,0.6915232956133412
184,4992,4993,98,98,0,0.11206779400913083,0.6913192782991435,0.6915232956133411
184,4993,4994,98,98,0,0.11117864666240555,0.6913192782991435,0.6915117385866745
184,4994,4995,98,98,0,0.11171775311231613,0.6913192782991435,0.6915117385866745
184,4995,4996,98,98,0,0.10229550400862888,0.6931471805599452,0.6915300176092827
184,4996,4997,98,98,0,0.11073892426734068,0.6913192782991435,0.6915117385866745
184,4997,4998,98,98,0,0.11133866863591331,0.6913192782991435,0.6915117385866745
184,4998,4999,98,98,0,0.11217190142796964,0.6913192782991435,0.6915117385866745
184,4999,5000,98,98,0,0.11160600778399682,0.6913192782991435,0.6915117385866746
184,5000,5001,98,98,0,0.11254457422361082,0.6913192782991435,0.6915117385866745
184,5001,5002,98,98,0,0.1116569136478463,0.6913192782991435,0.6915117385866745
184,5002,5003,98,98,0,0.11147822280015264,0.6913192782991435,0.6914934595640665
184,5003,5004,98,98,0,0.11148971129132777,0.6913192782991435,0.6914934595640666
184,5004,5005,98,98,0,0.11102687423022425,0.6913192782991435,0.6914934595640665
184,5005,5006,98,98,0,0.1117231715850684,0.6913192782991435,0.6914751805414585
184,5006,5007,98,98,0,0.11165003645785,0.6913192782991435,0.6914751805414585
184,5007,5008,98,98,0,0.11208237829257031,0.6913192782991435,0.6914751805414583
184,5008,5009,98,98,1,0.11167435188378606,0.6913192782991435,0.6914751805414585
184,5009,5010,98,98,0,0.11182554621173411,0.6913192782991435,0.6914751805414585
184,5010,5011,98,98,0,0.11203045595665367,0.6913192782991435,0.6914751805414585
184,5011,5012,98,98,0,0.11414181562710782,0.6924749809658147,0.6914867375681253
184,5012,5013,98,98,0,0.11138219188670723,0.6913192782991435,0.6914867375681253
184,5013,5014,98,98,0,0.11136660101462384,0.6913192782991435,0.6914867375681252
184,5014,5015,75,75,1,0.11434657494227092,0.6911761693624251,0.691485306478758
184,5015,5016,98,98,0,0.11169057681548353,0.6913192782991435,0.691485306478758
184,5016,5017,98,98,0,0.11109352104213772,0.6913192782991435,0.691485306478758
184,5017,5018,98,98,0,0.11134795867362801,0.6913192782991435,0.691485306478758
184,5018,5019,98,98,0,0.11190755733725977,0.6913192782991435,0.6914853064787578
184,5019,5020,98,98,0,0.10244482748058377,0.6931471805599452,0.691503585501366
184,5020,5021,98,98,0,0.1112544620219542,0.6913192782991435,0.691503585501366
184,5021,5022,98,98,0,0.11142889250602041,0.6913192782991435,0.691503585501366
184,5022,5023,98,98,0,0.11143942238116751,0.6913192782991435,0.691503585501366
184,5023,5024,98,98,0,0.1118859735374548,0.6913192782991435,0.691503585501366
184,5024,5025,98,98,0,0.10152599367560172,0.6931471805599454,0.691521864523974
184,5025,5026,98,98,0,0.11136941748614214,0.6913192782991435,0.691521864523974
184,5026,5027,98,98,0,0.11121801895146467,0.6913192782991435,0.6915218645239741
184,5027,5028,98,98,0,0.11142337740379937,0.6913192782991435,0.691503585501366
184,5028,5029,98,98,0,0.11125302550439932,0.6913192782991435,0.691503585501366
184,5029,5030,98,98,0,0.11191037282043574,0.6913192782991435,0.691503585501366
184,5030,5031,98,98,0,0.11122174393765781,0.6913192782991435,0.691503585501366
184,5031,5032,98,98,0,0.11218552238174848,0.6913192782991435,0.691503585501366
184,5032,5033,98,98,0,0.11254130843646672,0.6913192782991435,0.691503585501366
184,5033,5034,98,98,0,0.111170587719095,0.6913192782991435,0.691503585501366
184,5034,5035,98,98,0,0.11109045330359012,0.6913192782991435,0.6915035855013661
184,5035,5036,96,96,1,0.11249643346915643,0.6913083091305903,0.6914919187830136
184,5036,5037,98,98,0,0.11122431621259572,0.6913192782991435,0.6914919187830137
184,5037,5038,96,96,1,0.11363209970295429,0.6913083091305903,0.6914918090913282
184,5038,5039,98,98,0,0.11095663152483044,0.6913192782991435,0.6914918090913282
184,5039,5040,98,98,0,0.11154502158870502,0.6913192782991435,0.6914918090913282
184,5040,5041,98,98,1,0.11104535585155292,0.6913192782991435,0.6914735300687203
184,5041,5042,98,98,0,0.11215280270089908,0.6913192782991435,0.6914735300687203
184,5042,5043,98,98,0,0.11225958214122422,0.6913192782991435,0.6914735300687203
184,5043,5044,98,98,0,0.11223515693326386,0.6913192782991435,0.6914735300687203
184,5044,5045,98,98,0,0.11137248294389977,0.6913192782991435,0.6914735300687203
184,5045,5046,98,98,0,0.11004518519858925,0.6913192782991435,0.6914735300687203
184,5046,5047,98,98,0,0.11081419322563678,0.6913192782991435,0.6914735300687203
184,5047,5048,98,98,0,0.11065671410487622,0.6913192782991435,0.6914735300687203
184,5048,5049,98,98,0,0.11127808811713238,0.6913192782991435,0.6914735300687203
184,5049,5050,98,98,0,0.1117547010736806,0.6913192782991435,0.6914735300687203
184,5050,5051,98,98,0,0.11126410991561655,0.6913192782991435,0.6914735300687203
184,5051,5052,98,98,0,0.10268380873057308,0.6931471805599454,0.6914918090913282
184,5052,5053,98,98,0,0.10200831157212355,0.6931471805599452,0.6915100881139362
184,5053,5054,98,98,0,0.11130029183565354,0.6913192782991435,0.6915100881139362
184,5054,5055,98,98,0,0.11080336350263381,0.6913192782991435,0.6915100881139362
184,5055,5056,98,98,0,0.11191280467473731,0.6913192782991435,0.6915100881139363
184,5056,5057,98,98,0,0.11200723249693306,0.6913192782991435,0.6914985310872694
184,5057,5058,98,98,0,0.11136883117106496,0.6913192782991435,0.6914985310872696
184,5058,5059,98,98,0,0.11247098795613464,0.6924749809658147,0.6915100881139362
184,5059,5060,98,98,0,0.11292928457260132,0.6913192782991435,0.6915100881139362
184,5060,5061,98,98,0,0.11119042086053868,0.6913192782991435,0.6915100881139362
184,5061,5062,98,98,0,0.11274612588541848,0.6913192782991435,0.6915100881139363
184,5062,5063,98,98,0,0.11237988453738544,0.6913192782991435,0.6915100881139362
184,5063,5064,98,98,0,0.11185920854308168,0.6913192782991435,0.6915100881139362
184,5064,5065,98,98,0,0.11070869977072793,0.6913192782991435,0.6914918090913282
184,5065,5066,98,98,0,0.11168772993343216,0.6913192782991435,0.6914918090913282
184,5066,5067,98,98,0,0.11122683625744313,0.6913192782991435,0.6914918090913282
184,5067,5068,98,98,0,0.11190096311727349,0.6913192782991435,0.6914918090913282
184,5068,5069,98,98,0,0.1123457246897172,0.6913192782991435,0.6914918090913282
184,5069,5070,98,98,0,0.11192332557877716,0.6913192782991435,0.6914918090913282
184,5070,5071,98,98,0,0.1113970977615337,0.6913192782991435,0.6914918090913282
184,5071,5072,98,98,0,0.1116250648486371,0.6913192782991435,0.6914918090913282
184,5072,5073,98,98,0,0.10372893709917458,0.6931471805599452,0.6915100881139362
184,5073,5074,98,98,0,0.11148204175489289,0.6913192782991435,0.6915100881139362
184,5074,5075,98,98,0,0.10179504889006517,0.6931471805599454,0.6915283671365442
184,5075,5076,98,98,0,0.11227176444871086,0.6913192782991435,0.6915283671365442
184,5076,5077,98,98,0,0.1119481942483357,0.6913192782991435,0.6915168101098775
184,5077,5078,98,98,0,0.11160120945803974,0.6913192782991435,0.6915168101098775
184,5078,5079,98,98,0,0.1118409795572563,0.6913192782991435,0.6915168101098775
184,5079,5080,98,98,0,0.11112782450354829,0.6913192782991435,0.6915168101098775
184,5080,5081,98,98,0,0.11096858126776558,0.6913192782991435,0.6915168101098775
184,5081,5082,98,98,0,0.11128420641227645,0.6913192782991435,0.6915168101098774
184,5082,5083,98,98,0,0.11347100769682807,0.6913192782991435,0.6914985310872696
184,5083,5084,98,98,0,0.11135664148902406,0.6913192782991435,0.6914802520646616
184,5084,5085,98,98,0,0.11265370895972057,0.6913192782991435,0.6914802520646616
184,5085,5086,98,98,0,0.11294898907749021,0.6913192782991435,0.6914802520646615
184,5086,5087,98,98,0,0.11330533841130686,0.6913192782991435,0.6914802520646616
184,5087,5088,98,98,0,0.11194910869306447,0.6913192782991435,0.6914802520646616
184,5088,5089,98,98,0,0.10215306129990792,0.6931471805599452,0.6914985310872696
184,5089,5090,98,98,0,0.11112768446304361,0.6913192782991435,0.6914985310872694
184,5090,5091,98,98,0,0.10225747913426282,0.6931471805599452,0.6915168101098775
184,5091,5092,98,98,0,0.11193648839787561,0.6913192782991435,0.6915052530832108
184,5092,5093,98,98,0,0.11269784262593911,0.6913192782991435,0.691505253083211
184,5093,5094,98,98,0,0.11269841464806576,0.6913192782991435,0.691505253083211
184,5094,5095,98,98,0,0.11135499392236982,0.6913192782991435,0.6915052530832108
184,5095,5096,98,98,0,0.11166344727484548,0.6913192782991435,0.6914869740606028
184,5096,5097,98,98,0,0.1013897030177165,0.6931471805599452,0.691505253083211
184,5097,5098,98,98,0,0.11318474574660768,0.6913192782991435,0.691505253083211
184,5098,5099,98,98,0,0.11257074005445655,0.6913192782991435,0.6915052530832108
184,5099,5100,98,98,0,0.11186149054948165,0.6913192782991435,0.6915052530832108
184,5100,5101,98,98,0,0.11134649797969935,0.6913192782991435,0.691505253083211
184,5101,5102,98,98,0,0.11156329527801397,0.6913192782991435,0.691505253083211
184,5102,5103,98,98,0,0.11084698802050279,0.6913192782991435,0.6915052530832108
184,5103,5104,98,98,0,0.11184417243514742,0.6913192782991435,0.6915052530832108
184,5104,5105,98,98,0,0.11183663822558461,0.6913192782991435,0.691505253083211
184,5105,5106,98,98,0,0.11114757249549943,0.6913192782991435,0.6915052530832108
184,5106,5107,98,98,0,0.1114150651407485,0.6913192782991435,0.6915052530832108
184,5107,5108,98,98,0,0.11117683510695185,0.6913192782991435,0.691505253083211
184,5108,5109,98,98,0,0.11122625313547192,0.6913192782991435,0.691505253083211
184,5109,5110,98,98,0,0.111484025281911,0.6913192782991435,0.6915052530832108
184,5110,5111,98,98,0,0.11094818857251382,0.6913192782991435,0.6915052530832108
184,5111,5112,98,98,0,0.11118825433813796,0.6913192782991435,0.6914936960565441
184,5112,5113,98,98,0,0.11253129447601279,0.6913192782991435,0.6914936960565441
184,5113,5114,98,98,0,0.11179810671173797,0.6913192782991435,0.6914936960565441
184,5114,5115,98,98,0,0.11122926780763938,0.6913192782991435,0.6914951271459112
184,5115,5116,98,98,0,0.11191277441625692,0.6913192782991435,0.6914951271459114
184,5116,5117,98,98,0,0.11421435288324648,0.6913192782991435,0.6914951271459114
184,5117,5118,98,98,0,0.11273169205809126,0.6913192782991435,0.6914951271459112
184,5118,5119,98,98,0,0.11145334227048621,0.6913192782991435,0.6914951271459114
184,5119,5120,98,98,0,0.11209977866739643,0.6913192782991435,0.6914768481233033
184,5120,5121,98,98,0,0.11155033096367,0.6913192782991435,0.6914768481233032
184,5121,5122,96,96,1,0.11160553627026577,0.6913083091305903,0.6914767384316177
184,5122,5123,98,98,0,0.1124931047765576,0.6913192782991435,0.6914767384316177
184,5123,5124,98,98,0,0.11263723526986277,0.6913192782991435,0.6914767384316178
184,5124,5125,98,98,0,0.11169731776629176,0.6913192782991435,0.6914584594090099
184,5125,5126,98,98,0,0.11066444324595588,0.6913192782991435,0.6914584594090097
184,5126,5127,98,98,0,0.11147878592719837,0.6913192782991435,0.6914584594090097
184,5127,5128,98,98,0,0.11151455205922224,0.6913192782991435,0.6914584594090099
184,5128,5129,98,98,0,0.11113151527789174,0.6913192782991435,0.6914584594090099
184,5129,5130,98,98,0,0.11121292845631132,0.6913192782991435,0.6914584594090097
184,5130,5131,98,98,0,0.11233948764144158,0.6913192782991435,0.6914584594090097
184,5131,5132,98,98,0,0.11097619591318832,0.6913192782991435,0.6914584594090099
184,5132,5133,98,98,0,0.11172804859827976,0.6913192782991435,0.6914584594090099
184,5133,5134,98,98,0,0.11132185678092801,0.6913192782991435,0.6914584594090097
184,5134,5135,98,98,0,0.11160941840130456,0.6913192782991435,0.6914584594090097
184,5135,5136,98,98,0,0.11139367726080272,0.6913192782991435,0.6914585691006954
184,5136,5137,98,98,0,0.1106916992944114,0.6913192782991435,0.6914585691006953
184,5137,5138,98,98,0,0.11208240186073343,0.6913192782991435,0.6914586787923809
184,5138,5139,98,98,0,0.11102707608013737,0.6913192782991435,0.6914586787923809
184,5139,5140,98,98,0,0.1107914434099684,0.6913192782991435,0.6914586787923809
184,5140,5141,98,98,0,0.11231265612402741,0.6913192782991435,0.6914586787923809
184,5141,5142,98,98,0,0.11316700842307538,0.6913192782991435,0.6914586787923809
184,5142,5143,98,98,0,0.11146012009406576,0.6913192782991435,0.6914586787923809
184,5143,5144,98,98,0,0.11206189565816704,0.6913192782991435,0.6914586787923809
184,5144,5145,98,98,0,0.11166273133487117,0.6913192782991435,0.6914586787923809
184,5145,5146,98,98,0,0.11165651625820569,0.6913192782991435,0.6914586787923809
184,5146,5147,98,98,0,0.11164544743238664,0.6913192782991435,0.6914586787923809
184,5147,5148,98,98,0,0.11162863299250603,0.6913192782991435,0.6914586787923809
184,5148,5149,98,98,0,0.11130620166659355,0.6913192782991435,0.6914586787923809
184,5149,5150,98,98,0,0.11314283007261705,0.6913192782991435,0.6914586787923809
184,5150,5151,98,98,0,0.11236298578430196,0.6913192782991435,0.6914586787923809
184,5151,5152,98,98,0,0.11130668086056807,0.6913192782991435,0.6914403997697727
184,5152,5153,98,98,0,0.1104317419230938,0.6913192782991435,0.6914221207471648
184,5153,5154,98,98,0,0.11161864989874315,0.6913192782991435,0.6914221207471648
184,5154,5155,98,98,0,0.11269050973410509,0.6913192782991435,0.6914221207471648
184,5155,5156,98,98,0,0.11136946530670536,0.6913192782991435,0.6914221207471647
184,5156,5157,98,98,0,0.11139573156833649,0.6913192782991435,0.6914221207471648
184,5157,5158,98,98,0,0.1116517216575389,0.6913192782991435,0.6914221207471648
184,5158,5159,98,98,0,0.11162710144203536,0.6913192782991435,0.6914105637204981
184,5159,5160,98,98,0,0.10208672520761587,0.6931471805599452,0.691428842743106
184,5160,5161,98,98,0,0.11197565731649496,0.6913192782991435,0.691428842743106
184,5161,5162,98,98,0,0.11201977190010402,0.6913192782991435,0.691428842743106
184,5162,5163,98,98,0,0.11134004813371873,0.6913192782991435,0.6914288427431061
184,5163,5164,98,98,0,0.11190627424084411,0.6913192782991435,0.691428842743106
184,5164,5165,98,98,0,0.11135673941094049,0.6913192782991435,0.691428842743106
184,5165,5166,98,98,0,0.11174424030646986,0.6913192782991435,0.6914288427431061
184,5166,5167,98,98,0,0.11149086240603,0.6913192782991435,0.6914288427431061
184,5167,5168,98,98,0,0.1117912722485406,0.6913192782991435,0.691428842743106
184,5168,5169,98,98,0,0.1114164415214743,0.6913192782991435,0.691428842743106
184,5169,5170,98,98,0,0.11217092152456848,0.6913192782991435,0.6914288427431061
184,5170,5171,98,98,0,0.11197175617728915,0.6913192782991435,0.6914288427431061
184,5171,5172,98,98,0,0.113077098313643,0.6913192782991435,0.691428842743106
184,5172,5173,98,98,0,0.11216624119147962,0.6913192782991435,0.691410563720498
184,5173,5174,98,98,0,0.1125022358432108,0.6913192782991435,0.6914105637204981
184,5174,5175,98,98,0,0.11232962687404788,0.6913192782991435,0.69139228469789
184,5175,5176,98,98,0,0.113234672391293,0.6913192782991435,0.69139228469789
184,5176,5177,98,98,0,0.11112535562442273,0.6913192782991435,0.69139228469789
184,5177,5178,98,98,0,0.1112606584721682,0.6913192782991435,0.69139228469789
184,5178,5179,98,98,0,0.11156265764516227,0.6913192782991435,0.69139228469789
184,5179,5180,98,98,0,0.11138871388167751,0.6913192782991435,0.69139228469789
184,5180,5181,98,98,0,0.11195516517880011,0.6913192782991435,0.69139228469789
184,5181,5182,98,98,0,0.11159607418337647,0.6913192782991435,0.6913922846978902
184,5182,5183,97,97,1,0.11198112430031766,0.6913138233963344,0.691392230148862
184,5183,5184,98,98,0,0.1107527873649889,0.6913192782991435,0.691392230148862
184,5184,5185,98,98,0,0.11212108740392997,0.6913192782991435,0.691392230148862
184,5185,5186,98,98,0,0.11235277400333055,0.6913192782991435,0.691392230148862
184,5186,5187,98,98,0,0.11194785053328592,0.6913192782991435,0.691392230148862
184,5187,5188,98,98,0,0.11114286783398414,0.6913192782991435,0.691392230148862
184,5188,5189,98,98,0,0.11063490891639068,0.6913192782991435,0.6913739511262539
184,5189,5190,98,98,0,0.11106747510481854,0.6913192782991435,0.691373951126254
184,5190,5191,98,98,0,0.11232086278650226,0.6913192782991435,0.691355672103646
184,5191,5192,98,98,0,0.11097528648619749,0.6913192782991435,0.691355672103646
184,5192,5193,98,98,0,0.11168357045674811,0.6913192782991435,0.6913556721036458
184,5193,5194,98,98,0,0.11162639994706426,0.6913192782991435,0.6913556721036458
184,5194,5195,98,98,0,0.11253644556415324,0.6913192782991435,0.691355672103646
184,5195,5196,98,98,0,0.11199127365739978,0.6913192782991435,0.691355672103646
184,5196,5197,98,98,0,0.11157684773206711,0.6913192782991435,0.6913373930810378
184,5197,5198,98,98,0,0.11127818102131085,0.6913192782991435,0.6913373930810378
184,5198,5199,98,98,0,0.11174248288176497,0.6913192782991435,0.691337393081038
184,5199,5200,98,98,0,0.1115155809235816,0.6913192782991435,0.691337393081038
184,5200,5201,98,98,0,0.1123530181238846,0.6913192782991435,0.6913373930810378
184,5201,5202,98,98,0,0.11141617778612643,0.6913192782991435,0.6913373930810378
184,5202,5203,98,98,0,0.11180942520803334,0.6913192782991435,0.691337393081038
184,5203,5204,98,98,0,0.11182891334197959,0.6913192782991435,0.6913373930810378
184,5204,5205,98,98,0,0.11133354925075356,0.6913192782991435,0.6913373930810378
184,5205,5206,98,98,0,0.11129182797609544,0.6913192782991435,0.691337393081038
184,5206,5207,98,98,0,0.11238026611354886,0.6913192782991437,0.691337393081038
184,5207,5208,98,98,0,0.11216811470839443,0.6913192782991435,0.6913373930810378
184,5208,5209,98,98,0,0.11194612633208839,0.6924749809658147,0.6913489501077046
184,5209,5210,98,98,0,0.11313981311965962,0.6913192782991435,0.6913489501077046
184,5210,5211,98,98,0,0.11211109959653445,0.6913192782991435,0.6913489501077046
184,5211,5212,98,98,0,0.11119736578999734,0.6913192782991435,0.6913489501077046
184,5212,5213,98,98,0,0.11152103801771086,0.6913192782991435,0.6913489501077046
184,5213,5214,98,98,0,0.11119923634188515,0.6913192782991435,0.6913489501077046
184,5214,5215,98,98,0,0.11113400103486314,0.6913192782991435,0.6913489501077046
184,5215,5216,98,98,0,0.11148494459232505,0.6913192782991435,0.6913489501077046
184,5216,5217,98,98,0,0.11132593354096218,0.6913192782991435,0.6913489501077045
184,5217,5218,98,98,0,0.10315677500805076,0.6931471805599452,0.6913672291303127
184,5218,5219,98,98,0,0.11125459620843128,0.6913192782991435,0.6913672291303127
184,5219,5220,98,98,0,0.11170521393722417,0.6913192782991435,0.6913672291303127
184,5220,5221,98,98,0,0.11178299153641778,0.6913192782991435,0.6913672291303128
184,5221,5222,98,98,0,0.11107191990832893,0.6913192782991435,0.6913673388219982
184,5222,5223,98,98,0,0.11218320411078785,0.6913192782991435,0.6913673388219982
184,5223,5224,98,98,0,0.11177657643447117,0.6913192782991435,0.6913673388219982
184,5224,5225,98,98,0,0.10119628031947175,0.6931471805599452,0.6913856178446062
184,5225,5226,98,98,0,0.11113179665134877,0.6913192782991435,0.6913856178446062
184,5226,5227,98,98,0,0.11334511310774453,0.6913192782991435,0.6913856178446062
184,5227,5228,98,98,0,0.11070770086074362,0.6913192782991435,0.6913856178446062
184,5228,5229,98,98,0,0.11154411322608286,0.6924749809658147,0.6913971748712728
184,5229,5230,98,98,0,0.11138301312315221,0.6913192782991435,0.691397174871273
184,5230,5231,98,98,0,0.11168668555970095,0.6913192782991435,0.6913971748712728
184,5231,5232,98,98,0,0.11145204769409432,0.6913192782991435,0.6913971748712728
184,5232,5233,98,98,0,0.11128246715786505,0.6913192782991435,0.6913971748712728
184,5233,5234,98,98,0,0.11115010379224408,0.6913192782991435,0.691397174871273
184,5234,5235,98,98,0,0.11336671979147561,0.6913192782991435,0.6913971748712728
184,5235,5236,98,98,0,0.11172374284693173,0.6913192782991435,0.6913971748712728
184,5236,5237,98,98,0,0.11199237238995884,0.6913192782991435,0.691397174871273
184,5237,5238,98,98,0,0.11107612956239253,0.6913192782991435,0.691397174871273
184,5238,5239,98,98,0,0.11172240987724187,0.6913192782991435,0.6913971748712728
184,5239,5240,98,98,0,0.11166308478129153,0.6913192782991435,0.6913971748712728
184,5240,5241,98,98,0,0.11082018577322668,0.6913192782991435,0.691397174871273
184,5241,5242,98,98,0,0.11192744787858457,0.6913192782991435,0.691397174871273
184,5242,5243,98,98,0,0.10148725422973535,0.6931471805599452,0.6914154538938808
184,5243,5244,98,98,0,0.11184465976393952,0.6913192782991435,0.6914154538938808
184,5244,5245,98,98,0,0.11173902756097365,0.6913192782991435,0.691415453893881
184,5245,5246,98,98,0,0.11234860669593422,0.6913192782991435,0.691415453893881
184,5246,5247,98,98,0,0.11133455363463382,0.6913192782991435,0.6914154538938808
184,5247,5248,98,98,0,0.11132172966489987,0.6913192782991435,0.6914154538938808
184,5248,5249,98,98,0,0.11159953824719604,0.6913192782991435,0.691415453893881
184,5249,5250,98,98,0,0.11349211055405285,0.6913192782991435,0.691415453893881
184,5250,5251,98,98,0,0.1116114962009751,0.6913192782991435,0.6914154538938808
184,5251,5252,98,98,0,0.1105757219602867,0.6913192782991435,0.691415453893881
184,5252,5253,98,98,0,0.10234474922929492,0.6931471805599452,0.691433732916489
184,5253,5254,98,98,0,0.11149496554720159,0.6913192782991435,0.691433732916489
184,5254,5255,98,98,0,0.11175444904638797,0.6913192782991435,0.6914337329164888
184,5255,5256,98,98,0,0.10184581319288331,0.6931471805599452,0.691452011939097
184,5256,5257,98,98,0,0.11062695260862915,0.6913192782991435,0.691452011939097
184,5257,5258,98,98,0,0.11091407639335613,0.6913192782991435,0.691452011939097
184,5258,5259,98,98,0,0.11121513504458934,0.6913192782991435,0.6914520119390969
184,5259,5260,98,98,0,0.11133908662869006,0.6913192782991435,0.691433732916489
184,5260,5261,98,98,0,0.1110626759425718,0.6913192782991435,0.691433732916489
184,5261,5262,98,98,0,0.11230902738717137,0.6913192782991435,0.691433732916489
184,5262,5263,98,98,0,0.11132907038744615,0.6913192782991435,0.6914337329164888
184,5263,5264,98,98,0,0.111333893345935,0.6913192782991435,0.691433732916489
184,5264,5265,98,98,0,0.11194220489385176,0.6913192782991435,0.691433732916489
184,5265,5266,98,98,0,0.11082388597483538,0.6913192782991435,0.691433732916489
184,5266,5267,98,98,0,0.11162654234438527,0.6913192782991435,0.6914337329164888
184,5267,5268,98,98,0,0.11166893318295479,0.6913192782991435,0.691433732916489
184,5268,5269,97,97,1,0.11137285406134792,0.6913138233963344,0.6914336783674608
184,5269,5270,98,98,0,0.11219240200458741,0.6913192782991435,0.6914336783674608
184,5270,5271,98,98,0,0.11082076243295962,0.6913192782991435,0.6914336783674608
184,5271,5272,98,98,0,0.10215806816609538,0.6931471805599452,0.6914519573900689
184,5272,5273,98,98,0,0.11166466073114045,0.6913192782991435,0.6914519573900688
184,5273,5274,98,98,0,0.11168072235827543,0.6913192782991435,0.6914519573900688
184,5274,5275,98,98,0,0.11211018766067465,0.6913192782991435,0.6914519573900689
184,5275,5276,98,98,0,0.11215557180801217,0.6913192782991435,0.6914519573900689
184,5276,5277,98,98,0,0.11222542008879233,0.6913192782991435,0.6914519573900688
184,5277,5278,98,98,0,0.11106707877954658,0.6913192782991435,0.6914519573900688
184,5278,5279,98,98,0,0.10252910517916387,0.6931471805599452,0.6914702364126769
184,5279,5280,98,98,0,0.11219778626549001,0.6913192782991435,0.6914702364126769
184,5280,5281,98,98,0,0.11170244171303145,0.6913192782991435,0.6914702364126768
184,5281,5282,98,98,0,0.11134168452450208,0.6913192782991435,0.6914702364126768
184,5282,5283,98,98,0,0.11095740425647521,0.6913192782991435,0.691470290961705
184,5283,5284,98,98,0,0.11165735231978553,0.6913192782991435,0.691470290961705
184,5284,5285,98,98,0,0.11141510741138945,0.6913192782991435,0.6914702909617049
184,5285,5286,98,98,0,0.11170714493004644,0.6913192782991435,0.691470290961705
184,5286,5287,98,98,0,0.11279361565806428,0.6913192782991435,0.691470290961705
184,5287,5288,98,98,0,0.11162967158823597,0.6913192782991435,0.691470290961705
184,5288,5289,98,98,0,0.1120231422994818,0.6913192782991435,0.691470290961705
184,5289,5290,98,98,0,0.1115248147778365,0.6913192782991435,0.691470290961705
184,5290,5291,98,98,0,0.11205347680619784,0.6913192782991435,0.691470290961705
184,5291,5292,98,98,0,0.11227448938452468,0.6913192782991435,0.691470290961705
184,5292,5293,98,98,0,0.10279577848862628,0.6931471805599452,0.691488569984313
184,5293,5294,98,98,0,0.1117954781773139,0.6913192782991435,0.691488569984313
184,5294,5295,98,98,0,0.11197308899492633,0.6913192782991435,0.691488569984313
184,5295,5296,98,98,0,0.1116435456336761,0.6913192782991435,0.691488569984313
184,5296,5297,98,98,0,0.11124063762170928,0.6913192782991435,0.691488569984313
184,5297,5298,98,98,0,0.10236970768595229,0.6931471805599452,0.6915068490069209
184,5298,5299,98,98,0,0.11153559310703862,0.6913192782991435,0.6915068490069209
184,5299,5300,98,98,0,0.11183106884056208,0.6913192782991435,0.6915068490069209
184,5300,5301,98,98,0,0.11125467413542223,0.6913192782991435,0.6915068490069209
184,5301,5302,98,98,0,0.1110164360428343,0.6913192782991435,0.6915068490069209
184,5302,5303,98,98,0,0.11165729872122103,0.6913192782991435,0.6915068490069209
184,5303,5304,98,98,0,0.11120685189962387,0.6913192782991435,0.6915068490069212
184,5304,5305,98,98,0,0.11211579209383653,0.6924749809658147,0.6915184060335878
184,5305,5306,98,98,0,0.11185487975575487,0.6913192782991435,0.6915184060335878
184,5306,5307,98,98,0,0.1031634304292348,0.6931471805599452,0.6915366850561956
184,5307,5308,98,98,0,0.1114167111868761,0.6913192782991435,0.6915366850561958
184,5308,5309,98,98,0,0.11239614193232692,0.6913192782991435,0.691525128029529
184,5309,5310,98,98,0,0.11138598415620472,0.6913192782991435,0.6915251280295291
184,5310,5311,98,98,0,0.1124008197565468,0.6913192782991435,0.691525128029529
184,5311,5312,98,98,0,0.1115966259064723,0.6913192782991435,0.691525128029529
184,5312,5313,98,98,0,0.11164481823845786,0.6913192782991435,0.691525128029529
184,5313,5314,98,98,0,0.10168320685625076,0.6931471805599454,0.6915434070521371
184,5314,5315,98,98,0,0.11198046537382263,0.6913192782991435,0.691543407052137
184,5315,5316,98,98,0,0.11240601250711753,0.6913192782991435,0.691543407052137
184,5316,5317,98,98,0,0.11150277550427282,0.6913192782991435,0.6915434070521371
184,5317,5318,98,98,0,0.11206663795271699,0.6913192782991435,0.6915251280295291
184,5318,5319,98,98,0,0.11159466047372137,0.6913192782991435,0.691525128029529
184,5319,5320,98,98,0,0.11245488154948974,0.6913192782991435,0.691525128029529
184,5320,5321,98,98,0,0.11130850541652465,0.6913192782991435,0.691525128029529
184,5321,5322,98,98,0,0.10184467158147267,0.6931471805599452,0.6915434070521371
184,5322,5323,98,98,0,0.11148076489263652,0.6913192782991435,0.691543407052137
184,5323,5324,98,98,0,0.11061059539111293,0.6913192782991435,0.691543407052137
184,5324,5325,16,16,1,0.10052591888234019,0.6931471805599452,0.691543407052137
184,5325,5326,98,98,0,0.1108575603183435,0.6913192782991435,0.6915434070521371
184,5326,5327,98,98,0,0.11105272972158023,0.6913192782991435,0.691543407052137
184,5327,5328,98,98,0,0.11146778643739466,0.6924749809658147,0.6915549640788038
184,5328,5329,98,98,0,0.11153250871872415,0.6913192782991435,0.691543407052137
184,5329,5330,98,98,0,0.11137968408209938,0.6913192782991435,0.691543407052137
184,5330,5331,98,98,0,0.11207253713997042,0.6913192782991435,0.6915434070521371
184,5331,5332,98,98,0,0.11108091678850505,0.6913192782991435,0.6915434070521371
184,5332,5333,98,98,0,0.11039000916845944,0.6913192782991435,0.691543407052137
184,5333,5334,98,98,0,0.11216621739523751,0.6913192782991435,0.691543407052137
184,5334,5335,98,98,0,0.11172756849198925,0.6913192782991435,0.6915434070521371
184,5335,5336,98,98,0,0.11283096693912331,0.6913192782991435,0.6915434070521371
184,5336,5337,19,19,1,0.1496607896528746,0.6904236999902825,0.6915344512690484
184,5337,5338,98,98,0,0.1113515768428238,0.6913192782991435,0.6915344512690484
184,5338,5339,98,98,0,0.11228853981105649,0.6913192782991435,0.6915344512690484
184,5339,5340,98,98,0,0.11184366321077152,0.6913192782991435,0.6915344512690484
184,5340,5341,98,98,0,0.11140707796629594,0.6913192782991435,0.6915344512690484
184,5341,5342,98,98,0,0.11115734149910966,0.6913192782991435,0.6915344512690484
184,5342,5343,98,98,0,0.11268808639475278,0.6913192782991435,0.6915161722464405
184,5343,5344,98,98,0,0.11230742840134368,0.6913192782991435,0.6915161722464405
184,5344,5345,98,98,0,0.11107676856371822,0.6913192782991435,0.6915161722464405
184,5345,5346,98,98,0,0.11147131352704398,0.6913192782991435,0.6915161722464405
184,5346,5347,86,86,1,0.11285989740213682,0.6912496061075276,0.6915154755245243
184,5347,5348,98,98,0,0.1023793347483995,0.6931471805599452,0.6915337545471323
184,5348,5349,98,98,0,0.11211794158633874,0.6913192782991435,0.6915337545471323
184,5349,5350,98,98,0,0.11183224694461238,0.6913192782991435,0.6915337545471323
184,5350,5351,98,98,0,0.1111176850236192,0.6913192782991435,0.6915337545471323
184,5351,5352,98,98,0,0.11180971494438696,0.6913192782991435,0.6915337545471323
184,5352,5353,98,98,0,0.11124800829863062,0.6913192782991435,0.6915154755245243
184,5353,5354,98,98,0,0.11146216436612363,0.6913192782991435,0.6915154755245241
184,5354,5355,98,98,0,0.11136319883623902,0.6913192782991435,0.6915154755245243
184,5355,5356,98,98,0,0.11137278400817696,0.6913192782991435,0.6914971965019163
184,5356,5357,98,98,0,0.111294330686939,0.6913192782991435,0.6914971965019163
184,5357,5358,98,98,0,0.11662597323254663,0.6913192782991435,0.6914971965019161
184,5358,5359,98,98,0,0.11079599176134382,0.6913192782991435,0.6914971965019163
184,5359,5360,98,98,0,0.11256171702122202,0.6913192782991435,0.6914971965019163
184,5360,5361,98,98,0,0.11125640190985737,0.6913192782991435,0.6914971965019163
184,5361,5362,98,98,0,0.11179927052283774,0.6913192782991435,0.6914971965019161
184,5362,5363,98,98,0,0.11145465334459227,0.6913192782991435,0.6914971965019163
184,5363,5364,98,98,0,0.11083794453618478,0.6913192782991435,0.6914971965019163
184,5364,5365,98,98,0,0.11083223716336854,0.6913192782991435,0.6914971965019163
184,5365,5366,98,98,0,0.1018633810537202,0.6931471805599452,0.6915154755245241
184,5366,5367,98,98,0,0.11164099449405865,0.6913192782991435,0.6915154755245243
184,5367,5368,98,98,0,0.11127215905153022,0.6913192782991435,0.6915154755245243
184,5368,5369,98,98,0,0.11143477800853398,0.6913192782991435,0.6915155300735525
184,5369,5370,98,98,0,0.11230751066183557,0.6913192782991435,0.6915155300735524
184,5370,5371,98,98,0,0.11139279619163396,0.6913192782991435,0.6915155300735524
184,5371,5372,98,98,0,0.111718763806382,0.6913192782991435,0.6914972510509443
184,5372,5373,98,98,0,0.11140281547393117,0.6913192782991435,0.6914972510509443
184,5373,5374,98,98,0,0.10186011161731214,0.6931471805599452,0.6915155300735524
184,5374,5375,98,98,0,0.11134185908096177,0.6913192782991435,0.6915155300735524
184,5375,5376,98,98,0,0.11128444551509253,0.6913192782991435,0.6915155300735524
184,5376,5377,98,98,0,0.11211013436621549,0.6913192782991435,0.6915155300735525
184,5377,5378,98,98,0,0.11109369141714913,0.6913192782991435,0.6915155300735524
184,5378,5379,98,98,0,0.10143171988275586,0.6931471805599452,0.6915155300735524
184,5379,5380,98,98,0,0.11121380830905875,0.6924749809658147,0.6915270871002189
184,5380,5381,98,98,0,0.11173619831703147,0.6913192782991435,0.6915270871002189
184,5381,5382,98,98,0,0.11160468880315216,0.6924749809658147,0.6915386441268858
184,5382,5383,98,98,0,0.11296058370142567,0.6913192782991435,0.6915386441268858
184,5383,5384,98,98,0,0.11179210716972546,0.6913192782991435,0.6915386441268858
184,5384,5385,98,98,0,0.1121057322134777,0.6913192782991435,0.6915386441268858
184,5385,5386,98,98,0,0.1115334016480008,0.6913192782991435,0.6915386441268858
184,5386,5387,98,98,0,0.10295071604908729,0.6931471805599452,0.6915569231494938
184,5387,5388,98,98,0,0.11137111758699222,0.6913192782991435,0.6915569231494938
184,5388,5389,98,98,0,0.1117257621823525,0.6913192782991435,0.6915569231494939
184,5389,5390,98,98,0,0.11288597936532935,0.6913192782991435,0.6915569231494938
184,5390,5391,98,98,0,0.11249378627660322,0.6913192782991435,0.6915569231494938
184,5391,5392,98,98,0,0.11114855277903225,0.6913192782991435,0.6915569231494938
184,5392,5393,98,98,0,0.11246323425854955,0.6913192782991435,0.6915386441268858
184,5393,5394,98,98,0,0.10141298927518787,0.6931471805599452,0.6915569231494938
184,5394,5395,98,98,0,0.1033757665783775,0.6931471805599452,0.6915752021721018
184,5395,5396,98,98,0,0.11159835170422282,0.6913192782991435,0.6915752021721018
184,5396,5397,98,98,0,0.11210109194626613,0.6913192782991435,0.6915752021721019
184,5397,5398,98,98,0,0.11203234863220429,0.6913192782991435,0.6915569231494938
184,5398,5399,98,98,0,0.10199526111994471,0.6931471805599454,0.6915752021721018
184,5399,5400,98,98,0,0.11222190318667159,0.6913192782991435,0.6915752021721018
184,5400,5401,98,98,0,0.11215761524378037,0.6913192782991435,0.6915752021721019
184,5401,5402,98,98,0,0.11108127570882136,0.6913192782991435,0.6915752021721018
184,5402,5403,98,98,0,0.1117535469939514,0.6913192782991435,0.6915752021721018
184,5403,5404,98,98,0,0.11169742884076371,0.6913192782991435,0.6915752021721018
184,5404,5405,98,98,0,0.11214586385354704,0.6913192782991435,0.6915636451454351
184,5405,5406,98,98,0,0.11193756705948285,0.6913192782991435,0.691563645145435
184,5406,5407,98,98,0,0.11140130847996595,0.6913192782991435,0.6915453661228271
184,5407,5408,98,98,0,0.11111297237933898,0.6913192782991435,0.6915453661228271
184,5408,5409,98,98,0,0.10207790607700543,0.6931471805599452,0.6915636451454351
184,5409,5410,98,98,0,0.11100878961840455,0.6913192782991435,0.691563645145435
184,5410,5411,98,98,0,0.11181993524030763,0.6913192782991435,0.6915636451454351
184,5411,5412,98,98,0,0.11193300836852618,0.6913192782991435,0.6915636451454351
184,5412,5413,98,98,0,0.11210886677917169,0.6913192782991435,0.6915636451454351
184,5413,5414,98,98,0,0.11130388468808057,0.6913192782991435,0.691545366122827
184,5414,5415,98,98,0,0.11150101625493594,0.6913192782991435,0.6915453661228271
184,5415,5416,98,98,0,0.10169857618760089,0.6931471805599452,0.6915636451454351
184,5416,5417,98,98,0,0.11102617083459485,0.6913192782991435,0.6915636451454351
184,5417,5418,98,98,0,0.11114967705643906,0.6913192782991435,0.691563645145435
184,5418,5419,98,98,0,0.11194866583967696,0.6913192782991435,0.6915636451454351
184,5419,5420,98,98,0,0.11083678559077029,0.6913192782991435,0.6915636451454351
184,5420,5421,98,98,0,0.11277641698109861,0.6913192782991435,0.6915636451454351
184,5421,5422,98,98,0,0.1109933391669575,0.6913192782991435,0.691545366122827
184,5422,5423,98,98,0,0.11174345974411283,0.6913192782991435,0.6915453661228271
184,5423,5424,98,98,0,0.11109328437216427,0.6913192782991435,0.6915453661228271
184,5424,5425,98,98,0,0.11165069005623156,0.6913192782991435,0.6915270871002192
184,5425,5426,98,98,0,0.11108336916991643,0.6913192782991435,0.6915270871002189
184,5426,5427,98,98,0,0.11164602758933087,0.6913192782991435,0.6915270871002192
184,5427,5428,98,98,0,0.11205390498650317,0.6913192782991435,0.6915155300735524
184,5428,5429,98,98,0,0.1134716631198416,0.6913192782991435,0.6915155300735525
184,5429,5430,98,98,0,0.11130913696726974,0.6913192782991435,0.6915155300735524
184,5430,5431,98,98,0,0.11131904578330565,0.6913192782991435,0.6915155300735524
184,5431,5432,98,98,0,0.11125173069992844,0.6913192782991435,0.6915155300735524
184,5432,5433,98,98,0,0.11238764720607777,0.6913192782991435,0.6915155300735524
184,5433,5434,98,98,0,0.112063466818357,0.6913192782991435,0.6915155300735524
184,5434,5435,98,98,0,0.11164482318016948,0.6913192782991435,0.6915155300735524
184,5435,5436,98,98,0,0.11214074880188825,0.6913192782991435,0.6915155300735524
184,5436,5437,98,98,0,0.11091167799064092,0.6913192782991435,0.691524485856641
184,5437,5438,98,98,0,0.11261075111676236,0.6913192782991435,0.691524485856641
184,5438,5439,98,98,0,0.11131986238214435,0.6913192782991435,0.6915244858566411
184,5439,5440,98,98,0,0.1124868560962531,0.6913192782991435,0.6915244858566411
184,5440,5441,98,98,0,0.11352524191749339,0.6913192782991435,0.691524485856641
184,5441,5442,98,98,0,0.11119179465636915,0.6913192782991435,0.691524485856641
184,5442,5443,98,98,0,0.11196153048349887,0.6913192782991435,0.6915244858566411
184,5443,5444,98,98,0,0.11209535644370683,0.6913192782991435,0.6915244858566411
184,5444,5445,98,98,0,0.11139102302947823,0.6913192782991435,0.691524485856641
184,5445,5446,98,98,0,0.11107383425138434,0.6913192782991435,0.691524485856641
184,5446,5447,98,98,0,0.11176658984349698,0.6913192782991435,0.6915251825785572
184,5447,5448,98,98,0,0.11159926713729391,0.6913192782991435,0.691506903555949
184,5448,5449,98,98,0,0.11128840306583716,0.6913192782991435,0.691506903555949
184,5449,5450,98,98,0,0.11147805577029987,0.6913192782991435,0.6915069035559491
184,5450,5451,98,98,0,0.11213867586790299,0.6913192782991435,0.6915069035559491
184,5451,5452,98,98,0,0.11089746783278426,0.6913192782991435,0.691506903555949
184,5452,5453,16,16,1,0.157551399897784,0.6903283241238126,0.6914969940141957
184,5453,5454,98,98,0,0.11147248782977766,0.6913192782991435,0.6914969940141958
184,5454,5455,98,98,0,0.11196420258101152,0.6913192782991435,0.6914969940141958
184,5455,5456,98,98,0,0.11123498035024623,0.6913192782991435,0.6914969940141958
184,5456,5457,98,98,0,0.11227366890834302,0.6913192782991435,0.6914969940141957
184,5457,5458,98,98,0,0.11051574714329777,0.6913192782991435,0.6914969940141958
184,5458,5459,98,98,0,0.1111378570904537,0.6913192782991435,0.6914969940141958
184,5459,5460,98,98,0,0.1117275809603078,0.6913192782991435,0.6914969940141958
184,5460,5461,98,98,0,0.10190788831333725,0.6931471805599452,0.6915152730368037
184,5461,5462,98,98,0,0.10369931860845916,0.6931471805599452,0.6915335520594118
184,5462,5463,98,98,0,0.11128914903621284,0.6913192782991435,0.6915335520594118
184,5463,5464,98,98,0,0.1115121277315276,0.6913192782991435,0.6915335520594118
184,5464,5465,98,98,0,0.11192845933291377,0.6913192782991435,0.6915335520594118
184,5465,5466,98,98,0,0.11225543802185935,0.6913192782991435,0.6915152730368038
184,5466,5467,98,98,0,0.11120178231171199,0.6913192782991435,0.6915152730368038
184,5467,5468,98,98,0,0.11375173280129627,0.6913192782991435,0.6915152730368038
184,5468,5469,95,95,1,0.11186982934412203,0.6913027342547766,0.6915151075963601
184,5469,5470,98,98,0,0.11149385959214093,0.6913192782991435,0.6915151075963603
184,5470,5471,98,98,0,0.11178253644279071,0.6913192782991435,0.6915151075963601
184,5471,5472,98,98,0,0.1112796316797636,0.6913192782991435,0.6915151075963601
184,5472,5473,98,98,0,0.11189984560621027,0.6913192782991435,0.6915151075963601
184,5473,5474,98,98,0,0.11189985769439717,0.6913192782991435,0.6914968285737522
184,5474,5475,98,98,0,0.10254612481411622,0.6931471805599452,0.6915151075963601
184,5475,5476,98,98,0,0.11067118054750014,0.6913192782991435,0.6915151075963601
184,5476,5477,98,98,0,0.11293126893590907,0.6913192782991435,0.6915151075963601
184,5477,5478,98,98,0,0.1117616143761849,0.6913192782991437,0.6915151075963603
184,5478,5479,98,98,0,0.1118925501193319,0.6913192782991435,0.6914968285737522
184,5479,5480,98,98,0,0.11141735771480872,0.6913192782991435,0.6914852715470855
184,5480,5481,98,98,0,0.11096150602917282,0.6913192782991435,0.6914852715470855
184,5481,5482,74,74,1,0.11573117669369723,0.6911689446219959,0.6914722111836472
184,5482,5483,98,98,0,0.11156330896275383,0.6913192782991435,0.6914722111836472
184,5483,5484,98,98,0,0.11151274073184753,0.6913192782991435,0.6914722111836471
184,5484,5485,98,98,0,0.11263901428604613,0.6913192782991437,0.6914722111836472
184,5485,5486,98,98,0,0.11132035305609508,0.6913192782991435,0.6914722111836472
184,5486,5487,98,98,0,0.11286449972160008,0.6913192782991435,0.6914539321610392
184,5487,5488,98,98,0,0.1111177344407354,0.6913192782991435,0.6914539321610391
184,5488,5489,98,98,0,0.1114219045456575,0.6913192782991435,0.6914539321610391
184,5489,5490,98,98,0,0.1137714478738454,0.6913192782991435,0.6914539321610392
184,5490,5491,98,98,0,0.11171810845939481,0.6913192782991435,0.6914539321610392
184,5491,5492,98,98,0,0.11149205769203147,0.6913192782991435,0.6914539321610391
184,5492,5493,98,98,0,0.11109277590805171,0.6913192782991435,0.6914539321610392
184,5493,5494,98,98,0,0.11118234823248824,0.6913192782991435,0.6914356531384312
184,5494,5495,98,98,0,0.11213888790534467,0.6913192782991435,0.6914173741158233
184,5495,5496,98,98,0,0.11259113525857731,0.6913192782991435,0.6914173741158232
184,5496,5497,98,98,0,0.11123233554618699,0.6913192782991435,0.6914173741158232
184,5497,5498,98,98,0,0.11140199826688182,0.6913192782991435,0.6914173741158233
184,5498,5499,98,98,0,0.11146023192880106,0.6913192782991435,0.6913990950932152
184,5499,5500,98,98,0,0.1114048256101657,0.6913192782991435,0.6913990950932152
184,5500,5501,98,98,0,0.1108205370148834,0.6913192782991435,0.6913990950932152
184,5501,5502,98,98,0,0.11114810300724846,0.6913192782991435,0.6913990950932153
184,5502,5503,20,20,1,0.14697055108845233,0.6904521355001123,0.6913904236652249
184,5503,5504,98,98,0,0.11092064772941629,0.6913192782991435,0.6913904236652249
184,5504,5505,98,98,0,0.111907211113341,0.6913192782991435,0.6913904236652247
184,5505,5506,98,98,0,0.11125225976717715,0.6924749809658147,0.6914019806918916
184,5506,5507,98,98,0,0.11098673711625898,0.6913192782991435,0.6914019806918915
184,5507,5508,18,18,1,0.15206245250172085,0.690393710182951,0.6913927250107297
184,5508,5509,98,98,0,0.11162721966298259,0.6913192782991435,0.6913744459881215
184,5509,5510,98,98,0,0.11084279615660103,0.6913192782991435,0.6913744459881217
184,5510,5511,98,98,0,0.11246082004235715,0.6913192782991435,0.6913744459881217
184,5511,5512,98,98,0,0.11153900258395137,0.6913192782991435,0.6913744459881217
184,5512,5513,98,98,0,0.11280726056013789,0.6913192782991435,0.6913744459881215
184,5513,5514,98,98,0,0.1121088733174363,0.6913192782991435,0.6913744459881217
184,5514,5515,98,98,0,0.11134539058013838,0.6913192782991435,0.6913744459881217
184,5515,5516,98,98,0,0.11138702115538168,0.6913192782991435,0.6913561669655135
184,5516,5517,98,98,0,0.1112123541533947,0.6913192782991435,0.6913561669655135
184,5517,5518,98,98,0,0.11144039293332976,0.6913192782991435,0.6913561669655137
184,5518,5519,98,98,0,0.11194849189142791,0.6913192782991435,0.6913561669655137
184,5519,5520,98,98,0,0.1115366520778257,0.6913192782991435,0.6913561669655135
184,5520,5521,98,98,0,0.11180760194452441,0.6913192782991435,0.6913561669655135
184,5521,5522,98,98,0,0.11229304193842168,0.6913192782991435,0.6913561669655137
184,5522,5523,23,23,1,0.10044505771087564,0.6931471805599452,0.6913744459881217
184,5523,5524,98,98,0,0.10226822051466727,0.6931471805599452,0.6913927250107297
184,5524,5525,98,98,0,0.11236737546872119,0.6913192782991435,0.6913927250107296
184,5525,5526,98,98,0,0.1117574786197166,0.6913192782991435,0.6913927250107297
184,5526,5527,98,98,0,0.11195403960894565,0.6913192782991435,0.6913927250107297
184,5527,5528,98,98,0,0.11090429461732203,0.6913192782991435,0.6913927250107297
184,5528,5529,98,98,0,0.11138456999039163,0.6913192782991435,0.6913927250107296
184,5529,5530,98,98,0,0.11346149665056443,0.6913192782991435,0.6913927250107297
184,5530,5531,98,98,0,0.11293849470664044,0.6913192782991435,0.6913927250107297
184,5531,5532,98,98,0,0.11147962655035817,0.6913192782991435,0.6913927250107296
184,5532,5533,98,98,0,0.11137080139347486,0.6913192782991435,0.6913927250107297
184,5533,5534,98,98,0,0.11057725807233733,0.6913192782991435,0.6913927250107297
184,5534,5535,98,98,0,0.11084847920099083,0.6913192782991435,0.6913927250107297
184,5535,5536,98,98,0,0.11192326977544902,0.6913192782991435,0.6913927250107296
184,5536,5537,98,98,0,0.11054713560306297,0.6913192782991435,0.6913927250107297
184,5537,5538,98,98,0,0.11157885163414236,0.6913192782991435,0.6913927250107297
184,5538,5539,98,98,0,0.11156070437662456,0.6913192782991435,0.6913927250107297
184,5539,5540,98,98,0,0.11154831444122354,0.6913192782991435,0.6913927250107296
184,5540,5541,98,98,0,0.11124466169549495,0.6913192782991435,0.6913927250107297
184,5541,5542,98,98,0,0.1124319101930881,0.6913192782991435,0.6913927250107297
184,5542,5543,98,98,0,0.11228678010556163,0.6913192782991435,0.6913927250107297
184,5543,5544,98,98,0,0.11191684517021082,0.6913192782991435,0.6913927250107296
184,5544,5545,98,98,0,0.11163103648898554,0.6913192782991435,0.6913927250107297
184,5545,5546,98,98,0,0.11158922299438594,0.6913192782991435,0.6913927250107297
184,5546,5547,98,98,0,0.10196107116584875,0.6931471805599454,0.6914110040333377
184,5547,5548,98,98,0,0.11441116627989983,0.6913192782991435,0.6914110040333377
184,5548,5549,98,98,0,0.11195545027754744,0.6913192782991435,0.6914110040333377
184,5549,5550,98,98,0,0.11178628028351434,0.6913192782991435,0.6914110040333377
184,5550,5551,98,98,0,0.11182145842788171,0.6913192782991435,0.6914110040333377
184,5551,5552,98,98,0,0.11246297227180733,0.6913192782991435,0.6914110040333377
184,5552,5553,98,98,0,0.11146088849220957,0.6913192782991435,0.6914209135750911
184,5553,5554,98,98,0,0.11246270785222248,0.6913192782991435,0.6914209135750911
184,5554,5555,98,98,0,0.1020947097211468,0.6931471805599452,0.691439192597699
184,5555,5556,98,98,0,0.11125588493079555,0.6913192782991435,0.6914391925976989
184,5556,5557,98,98,0,0.11071621565794458,0.6913192782991435,0.691439192597699
184,5557,5558,98,98,0,0.1117933457147102,0.6913192782991435,0.691439192597699
184,5558,5559,98,98,0,0.10136740327793725,0.6931471805599452,0.691457471620307
184,5559,5560,98,98,0,0.10104205352919442,0.6931471805599452,0.691475750642915
184,5560,5561,98,98,0,0.1112655652116756,0.6913192782991435,0.691457471620307
184,5561,5562,98,98,0,0.10212456328528267,0.6931471805599452,0.691457471620307
184,5562,5563,98,98,0,0.11149289086461067,0.6913192782991435,0.691457471620307
184,5563,5564,98,98,0,0.11129360676419978,0.6913192782991435,0.691457471620307
184,5564,5565,98,98,0,0.1116533917279876,0.6913192782991435,0.6914574716203069
184,5565,5566,98,98,0,0.1109532178664694,0.6913192782991435,0.691457471620307
184,5566,5567,98,98,0,0.11103020129459244,0.6913192782991435,0.691457471620307
184,5567,5568,98,98,0,0.11209833355886596,0.6913192782991435,0.691457471620307
184,5568,5569,98,98,0,0.11178509244809345,0.6913192782991435,0.6914576370607506
184,5569,5570,98,98,0,0.1116163073753824,0.6913192782991435,0.6914576370607506
184,5570,5571,98,98,0,0.11083708923994279,0.6913192782991435,0.6914576370607507
184,5571,5572,98,98,0,0.11168747311648057,0.6913192782991435,0.6914576370607507
184,5572,5573,98,98,0,0.11190567431705338,0.6913192782991435,0.6914576370607506
184,5573,5574,98,98,0,0.11186505580434994,0.6913192782991435,0.6914576370607507
184,5574,5575,98,98,0,0.11122264637022602,0.6913192782991435,0.6914393580381427
184,5575,5576,98,98,0,0.11291608085133592,0.6913192782991435,0.6914393580381426
184,5576,5577,98,98,0,0.11100129920000933,0.6913192782991435,0.6914393580381426
184,5577,5578,98,98,0,0.11245930354510035,0.6913192782991435,0.6914393580381426
184,5578,5579,98,98,0,0.11254656071565589,0.6913192782991435,0.6914393580381427
184,5579,5580,98,98,0,0.1114636945481203,0.6913192782991435,0.6914393580381426
184,5580,5581,98,98,0,0.11243448794192197,0.6913192782991435,0.6914393580381426
184,5581,5582,98,98,0,0.11175645119985755,0.6913192782991435,0.6914408613749141
184,5582,5583,98,98,0,0.11105604713060419,0.6913192782991435,0.6914408613749141
184,5583,5584,98,98,0,0.11166736863705577,0.6913192782991435,0.6914408613749141
184,5584,5585,98,98,0,0.11170556875211853,0.6913192782991435,0.6914408613749141
184,5585,5586,98,98,0,0.111526257833656,0.6913192782991435,0.6914408613749141
184,5586,5587,98,98,0,0.11447308881550419,0.6913192782991435,0.6914408613749141
184,5587,5588,98,98,0,0.11091233858344507,0.6913192782991435,0.6914408613749141
184,5588,5589,98,98,0,0.1110109741590461,0.6913192782991435,0.6914408613749141
184,5589,5590,98,98,0,0.11148768374506308,0.6913192782991435,0.6914408613749141
184,5590,5591,23,23,1,0.13971869064413983,0.6905295316133605,0.6914329639080562
184,5591,5592,98,98,0,0.11225310629423783,0.6913192782991435,0.6914329639080563
184,5592,5593,98,98,0,0.11235103178389218,0.6913192782991435,0.6914329639080563
184,5593,5594,98,98,0,0.11175883956709687,0.6913192782991435,0.6914329639080563
184,5594,5595,98,98,0,0.11128817186975966,0.6913192782991435,0.6914329639080562
184,5595,5596,98,98,0,0.11200452557936007,0.6913192782991435,0.6914329639080563
184,5596,5597,98,98,0,0.11282482773673777,0.6913192782991435,0.6914329639080563
184,5597,5598,98,98,0,0.1115817413950453,0.6913192782991435,0.6914329639080563
184,5598,5599,98,98,0,0.11138970708968687,0.6913192782991435,0.6914329639080563
184,5599,5600,98,98,0,0.11129705562275283,0.6913192782991435,0.6914329639080563
184,5600,5601,98,98,0,0.11121798633616797,0.6913192782991435,0.6914329639080563
184,5601,5602,98,98,0,0.1120652254594832,0.6913192782991435,0.6914329639080563
184,5602,5603,98,98,0,0.11206726501790845,0.6913192782991435,0.6914416353360465
184,5603,5604,98,98,0,0.11050969134179914,0.6913192782991435,0.6914416353360465
184,5604,5605,98,98,0,0.11279174746299277,0.6913192782991435,0.6914416353360466
184,5605,5606,98,98,0,0.10186397345090399,0.6931471805599452,0.6914483573319878
184,5606,5607,98,98,0,0.11149249453933871,0.6913192782991435,0.6914483573319878
184,5607,5608,98,98,0,0.11235846609485392,0.6913192782991435,0.6914576130131498
184,5608,5609,98,98,0,0.11227971459833944,0.6913192782991435,0.6914576130131499
184,5609,5610,98,98,0,0.11091972811489689,0.6913192782991435,0.6914576130131499
184,5610,5611,98,98,0,0.11223922206126914,0.6913192782991435,0.6914576130131498
184,5611,5612,96,96,1,0.1119902569334954,0.6913083091305903,0.6914575033214642
184,5612,5613,98,98,0,0.11258138526155025,0.6913192782991435,0.6914575033214644
184,5613,5614,98,98,0,0.11199428300772395,0.6913192782991435,0.6914575033214644
184,5614,5615,98,98,0,0.1114256886803374,0.6913192782991435,0.6914575033214642
184,5615,5616,98,98,0,0.11081874651872382,0.6913192782991435,0.6914575033214644
184,5616,5617,98,98,0,0.11202590258754029,0.6913192782991435,0.6914575033214644
184,5617,5618,98,98,0,0.11215809322133356,0.6913192782991435,0.6914575033214644
184,5618,5619,98,98,0,0.11194497027567454,0.6913192782991435,0.6914575033214642
184,5619,5620,98,98,0,0.1119829610902436,0.6913192782991435,0.6914575033214644
184,5620,5621,98,98,0,0.11216880092207267,0.6913192782991435,0.6914575033214644
184,5621,5622,98,98,0,0.11165226661429113,0.6913192782991435,0.6914575033214644
184,5622,5623,98,98,0,0.11180979484806255,0.6913192782991435,0.6914392242988562
184,5623,5624,98,98,0,0.111785638621267,0.6913192782991435,0.6914209452762482
184,5624,5625,98,98,0,0.11148954532584365,0.6913192782991435,0.6914209452762483
184,5625,5626,98,98,0,0.11238616796172395,0.6913192782991435,0.6914209452762483
184,5626,5627,98,98,0,0.11151464595174303,0.6913192782991435,0.6914209452762482
184,5627,5628,98,98,0,0.11124559537488588,0.6924749809658147,0.6914325023029149
184,5628,5629,98,98,0,0.11162637630287482,0.6913192782991435,0.691432502302915
184,5629,5630,98,98,0,0.1114557683467865,0.6913192782991435,0.691432502302915
184,5630,5631,98,98,0,0.11156867817044258,0.6913192782991435,0.691432502302915
184,5631,5632,98,98,0,0.11110634554405602,0.6913192782991435,0.6914325023029149
184,5632,5633,98,98,0,0.1121281439400449,0.6913192782991435,0.691432502302915
184,5633,5634,98,98,0,0.11200446240147766,0.6913192782991435,0.691432502302915
184,5634,5635,98,98,0,0.11105328957949366,0.6913192782991435,0.691432502302915
184,5635,5636,98,98,0,0.11172420919245603,0.6913192782991435,0.691432502302915
184,5636,5637,98,98,0,0.1118073793394225,0.6913192782991435,0.691432502302915
184,5637,5638,98,98,0,0.11114674905429081,0.6913192782991435,0.691432502302915
184,5638,5639,98,98,0,0.1118764488064513,0.6913192782991435,0.6914325023029149
184,5639,5640,98,98,0,0.11168989539146423,0.6913192782991435,0.691432502302915
184,5640,5641,98,98,0,0.11106822890590648,0.6913192782991435,0.691432502302915
184,5641,5642,98,98,0,0.11184787058404513,0.6913192782991435,0.691432502302915
184,5642,5643,98,98,0,0.11150325644685298,0.6913192782991435,0.6914325023029149
184,5643,5644,98,98,0,0.11292460378335446,0.6913192782991435,0.691432502302915
184,5644,5645,98,98,0,0.11190522865069155,0.6913192782991435,0.691432502302915
184,5645,5646,98,98,0,0.111366370882915,0.6913192782991435,0.691432502302915
184,5646,5647,98,98,0,0.11183221280878904,0.6913192782991435,0.6914142232803069
184,5647,5648,98,98,0,0.1108283704640914,0.6913192782991435,0.691414223280307
184,5648,5649,98,98,0,0.11244278910512827,0.6913192782991435,0.691414223280307
184,5649,5650,98,98,0,0.1113889541248886,0.6913192782991435,0.691414223280307
184,5650,5651,98,98,0,0.11207486164509034,0.6913192782991435,0.6914142232803069
184,5651,5652,98,98,0,0.11134276113339833,0.6913192782991435,0.691414223280307
184,5652,5653,98,98,0,0.11163546608722939,0.6913192782991435,0.691414223280307
184,5653,5654,98,98,0,0.11136353411236588,0.6913192782991435,0.691414223280307
184,5654,5655,98,98,0,0.11132815449821706,0.6913192782991435,0.6913959442576989
184,5655,5656,98,98,0,0.1116771535301695,0.6913192782991435,0.691395944257699
184,5656,5657,98,98,0,0.1113486617651521,0.6913192782991435,0.691395944257699
184,5657,5658,98,98,0,0.11098425759344685,0.6913192782991435,0.6913959442576989
184,5658,5659,98,98,0,0.11135513601558548,0.6913192782991435,0.6913776652350908
184,5659,5660,98,98,0,0.1105801374176327,0.6913192782991435,0.6913593862124828
184,5660,5661,98,98,0,0.112429535358536,0.6913192782991435,0.691359386212483
184,5661,5662,98,98,0,0.11111664901278456,0.6913192782991435,0.6913411071898748
184,5662,5663,98,98,0,0.10224813466169397,0.6931471805599452,0.6913593862124828
184,5663,5664,98,98,0,0.10244842983630238,0.6931471805599452,0.6913776652350908
184,5664,5665,98,98,0,0.11113360714243382,0.6913192782991435,0.691377665235091
184,5665,5666,98,98,0,0.1119624960939495,0.6913192782991435,0.691377665235091
184,5666,5667,98,98,0,0.1130843103996345,0.6913192782991435,0.6913776652350908
184,5667,5668,98,98,0,0.11125054392887622,0.6913192782991435,0.6913776652350908
184,5668,5669,98,98,0,0.11186407324002713,0.6913192782991435,0.691377665235091
184,5669,5670,98,98,0,0.1124933799918817,0.6913192782991435,0.691377665235091
184,5670,5671,98,98,0,0.11153521875337678,0.6913192782991435,0.6913776652350908
184,5671,5672,98,98,0,0.11167437720055483,0.6913192782991435,0.6913776652350908
184,5672,5673,98,98,0,0.11133781364377664,0.6913192782991435,0.691377665235091
184,5673,5674,98,98,0,0.11094357620696632,0.6913192782991435,0.6913776652350908
184,5674,5675,98,98,0,0.11147063575228866,0.6913192782991435,0.6913776652350908
184,5675,5676,98,98,0,0.10153693310460266,0.6931471805599454,0.691395944257699
184,5676,5677,98,98,0,0.11153235126818929,0.6913192782991435,0.691395944257699
184,5677,5678,98,98,0,0.11209063034276573,0.6913192782991435,0.691395944257699
184,5678,5679,98,98,0,0.10352604524517546,0.6931471805599452,0.6914142232803069
184,5679,5680,98,98,0,0.11131852773987518,0.6913192782991435,0.691414223280307
184,5680,5681,98,98,0,0.11126160051445572,0.6913192782991435,0.691414223280307
184,5681,5682,98,98,0,0.11121144852772051,0.6913192782991435,0.691414223280307
184,5682,5683,98,98,0,0.11133204628618396,0.6913192782991435,0.6914142232803069
184,5683,5684,98,98,0,0.11193474458188427,0.6913192782991435,0.691414223280307
184,5684,5685,98,98,0,0.11121767006662427,0.6913192782991435,0.691414223280307
184,5685,5686,98,98,0,0.1010522976213572,0.6931471805599452,0.691432502302915
184,5686,5687,98,98,0,0.11209351835506302,0.6913192782991435,0.6914325023029149
184,5687,5688,98,98,0,0.11188743788064742,0.6924749809658147,0.6914440593295818
184,5688,5689,98,98,0,0.11145101556060266,0.6913192782991435,0.6914440593295816
184,5689,5690,98,98,0,0.11245991890223658,0.6913192782991435,0.6914440593295816
184,5690,5691,98,98,0,0.11075669086101103,0.6913192782991435,0.6914519567964397
184,5691,5692,98,98,0,0.11100867329811563,0.6913192782991435,0.6914519567964394
184,5692,5693,98,98,0,0.1114896652193702,0.6913192782991435,0.6914519567964394
184,5693,5694,98,98,0,0.11165867031228785,0.6913192782991435,0.6914519567964394
184,5694,5695,98,98,0,0.11179311482273803,0.6913192782991435,0.6914519567964397
184,5695,5696,98,98,0,0.1120244199220015,0.6913192782991435,0.6914519567964394
184,5696,5697,98,98,0,0.10222725478970275,0.6931471805599452,0.6914702358190474
184,5697,5698,98,98,0,0.11146555666108521,0.6913192782991435,0.6914702358190474
184,5698,5699,98,98,0,0.11164854269246666,0.6913192782991435,0.6914702358190477
184,5699,5700,98,98,0,0.11211371003669135,0.6913192782991435,0.6914702358190474
184,5700,5701,98,98,0,0.11192820289609384,0.6913192782991435,0.6914702358190474
184,5701,5702,98,98,0,0.1111455720906355,0.6913192782991435,0.6914702358190474
184,5702,5703,98,98,0,0.11124010954280289,0.6913192782991435,0.6914702358190477
184,5703,5704,98,98,0,0.11200775350539052,0.6924749809658147,0.6914817928457143
184,5704,5705,98,98,0,0.11178988005433764,0.6913192782991435,0.6914817928457143
184,5705,5706,98,98,0,0.11184970167826633,0.6913192782991435,0.6914635138231061
184,5706,5707,98,98,0,0.1112648292007495,0.6913192782991435,0.6914635138231062
184,5707,5708,98,98,0,0.11189308945013553,0.6913192782991435,0.6914635138231062
184,5708,5709,98,98,0,0.11165233830712279,0.6913192782991435,0.6914635138231062
184,5709,5710,98,98,0,0.11159213906039997,0.6913192782991435,0.6914635138231061
184,5710,5711,98,98,0,0.10239053350322101,0.6931471805599452,0.6914817928457143
184,5711,5712,98,98,0,0.11192107618767388,0.6913192782991435,0.6914819025373998
184,5712,5713,98,98,0,0.11239576187669015,0.6913192782991435,0.6914819025373998
184,5713,5714,98,98,0,0.11240453843255432,0.6913192782991435,0.6914819025373997
184,5714,5715,98,98,0,0.11145333497195828,0.6913192782991435,0.6914819025373998
184,5715,5716,98,98,0,0.11166139532412801,0.6913192782991435,0.6914819025373998
184,5716,5717,98,98,0,0.11134594192310256,0.6913192782991435,0.6914819025373998
184,5717,5718,98,98,0,0.11250219425680685,0.6913192782991435,0.6914819025373997
184,5718,5719,98,98,0,0.11165568369383715,0.6913192782991435,0.6914819025373998
184,5719,5720,98,98,0,0.11226664886486773,0.6913192782991435,0.6914819025373998
184,5720,5721,98,98,0,0.11102679866004964,0.6913192782991435,0.6914819025373997
184,5721,5722,98,98,0,0.1142020294708865,0.6913192782991435,0.6914819025373997
184,5722,5723,98,98,0,0.11193842676525213,0.6913192782991435,0.6914819025373998
184,5723,5724,98,98,0,0.113174777097848,0.6913192782991435,0.6914819025373998
184,5724,5725,98,98,0,0.11132317325290368,0.6913192782991435,0.6914819025373997
184,5725,5726,98,98,0,0.11082384035903581,0.6913192782991435,0.6914819025373997
184,5726,5727,98,98,0,0.11158047069092186,0.6913192782991435,0.6914819025373998
184,5727,5728,98,98,0,0.11110692516881593,0.6913192782991435,0.6914703455107332
184,5728,5729,98,98,0,0.11162955625628938,0.6913192782991435,0.691470345510733
184,5729,5730,98,98,0,0.11080455278255502,0.6913192782991435,0.691470345510733
184,5730,5731,98,98,0,0.11174001810806138,0.6913192782991435,0.691470345510733
184,5731,5732,98,98,0,0.111617347491639,0.6913192782991435,0.6914703455107332
184,5732,5733,98,98,0,0.1023454024475448,0.6931471805599452,0.691488624533341
184,5733,5734,98,98,0,0.11191365829839998,0.6913192782991435,0.691488624533341
184,5734,5735,98,98,0,0.11107693247649135,0.6913192782991435,0.691488624533341
184,5735,5736,98,98,0,0.10235023475727256,0.6931471805599454,0.6915069035559491
184,5736,5737,98,98,0,0.11114420992683391,0.6913192782991435,0.691506903555949
184,5737,5738,98,98,0,0.11172696187788127,0.6913192782991435,0.691506903555949
184,5738,5739,98,98,0,0.11103251584026279,0.6913192782991435,0.6915069035559491
184,5739,5740,98,98,0,0.11191587203315326,0.6913192782991435,0.6915069035559491
184,5740,5741,98,98,0,0.11113583737490129,0.6913192782991435,0.691506903555949
184,5741,5742,98,98,0,0.11093733619366374,0.6913192782991435,0.691506903555949
184,5742,5743,98,98,0,0.10244972859414256,0.6931471805599452,0.6915251825785572
184,5743,5744,98,98,0,0.11151686820144556,0.6913192782991435,0.6915251825785572
184,5744,5745,98,98,0,0.11129923522168277,0.6913192782991435,0.691525182578557
184,5745,5746,98,98,0,0.1118802012381505,0.6913192782991435,0.691525182578557
184,5746,5747,98,98,0,0.11182652444255595,0.6913192782991435,0.6915251825785572
184,5747,5748,98,98,0,0.11177703380888822,0.6913192782991435,0.6915251825785572
184,5748,5749,98,98,0,0.11141034557807203,0.6913192782991435,0.691525182578557
184,5749,5750,98,98,0,0.11182340204107519,0.6913192782991435,0.691525182578557
184,5750,5751,98,98,0,0.11112506854899075,0.6924749809658147,0.6915367396052239
184,5751,5752,98,98,0,0.11137272333916352,0.6913192782991435,0.6915367396052239
184,5752,5753,98,98,0,0.11119227689139698,0.6913192782991435,0.6915367396052239
184,5753,5754,98,98,0,0.11211523892624038,0.6913192782991435,0.6915367396052239
184,5754,5755,98,98,0,0.11201828839827557,0.6913192782991435,0.6915367396052239
184,5755,5756,98,98,0,0.1107200096000214,0.6913192782991435,0.6915367396052239
184,5756,5757,98,98,0,0.11157463361718217,0.6913192782991435,0.6915367396052239
184,5757,5758,98,98,0,0.111115641131693,0.6913192782991435,0.6915367396052239
184,5758,5759,98,98,0,0.1023215369454452,0.6931471805599452,0.6915550186278319
184,5759,5760,98,98,0,0.11111576246971987,0.6913192782991435,0.6915550186278319
184,5760,5761,98,98,0,0.1126660481095314,0.6913192782991435,0.6915550186278319
184,5761,5762,98,98,0,0.11119289931898214,0.6913192782991435,0.691555018627832
184,5762,5763,98,98,0,0.11210582435739283,0.6913192782991435,0.6915367396052239
184,5763,5764,98,98,0,0.11150231873806642,0.6913192782991435,0.6915184605826158
184,5764,5765,98,98,0,0.11141729909850627,0.6913192782991435,0.6915184605826158
184,5765,5766,98,98,0,0.1113429778084463,0.6913192782991435,0.6915184605826157
184,5766,5767,98,98,0,0.11183038353919983,0.6913192782991435,0.6915184605826158
184,5767,5768,98,98,0,0.11279902706036762,0.6913192782991435,0.6915184605826158
184,5768,5769,98,98,0,0.11113531522604884,0.6913192782991435,0.6915184605826158
184,5769,5770,98,98,0,0.11268091619927056,0.6913192782991435,0.6915184605826157
184,5770,5771,98,98,0,0.11165373460674773,0.6913192782991435,0.6915184605826158
184,5771,5772,98,98,0,0.11136487643329465,0.6913192782991435,0.6915184605826158
184,5772,5773,98,98,0,0.1120802858958439,0.6913192782991435,0.6915184605826158
184,5773,5774,98,98,0,0.11191270880553188,0.6924749809658147,0.6915300176092827
184,5774,5775,98,98,0,0.11171653174928256,0.6913192782991435,0.6915300176092825
184,5775,5776,98,98,0,0.11231896121587072,0.6913192782991435,0.6915117385866745
184,5776,5777,98,98,0,0.11131904243814703,0.6913192782991435,0.6915117385866745
184,5777,5778,98,98,0,0.11164243177187685,0.6913192782991435,0.6915117385866745
184,5778,5779,98,98,0,0.11092691359167196,0.6913192782991435,0.6914934595640665
184,5779,5780,98,98,0,0.1153518205546603,0.691137705075286,0.6914916438318279
184,5780,5781,98,98,0,0.11147729938431662,0.6913192782991435,0.6914916438318279
184,5781,5782,98,98,0,0.11303115438441841,0.6913192782991435,0.6914916438318278
184,5782,5783,98,98,0,0.11184101726631729,0.6913192782991435,0.6914916438318279
184,5783,5784,98,98,0,0.11237226533038276,0.6913192782991435,0.6914916438318279
184,5784,5785,98,98,0,0.10274100820628965,0.6931471805599452,0.6915099228544359
184,5785,5786,98,98,0,0.11176600307226181,0.6913192782991435,0.6914916438318279
184,5786,5787,98,98,0,0.11215620343478358,0.6913192782991435,0.6914916438318279
184,5787,5788,98,98,0,0.11211980134248734,0.6913192782991435,0.6914800868051612
184,5788,5789,98,98,0,0.112033803396079,0.6913192782991435,0.6914800868051613
184,5789,5790,98,98,0,0.11158257190670286,0.6913192782991435,0.6914800868051612
184,5790,5791,98,98,0,0.11318677937497898,0.6913192782991435,0.6914800868051612
184,5791,5792,98,98,0,0.1119297418971451,0.6913192782991435,0.6914800868051613
184,5792,5793,98,98,0,0.1114025533351363,0.6913192782991435,0.6914800868051613
184,5793,5794,98,98,0,0.11271353750204553,0.6913192782991435,0.6914800868051612
184,5794,5795,98,98,0,0.11119463119883927,0.6913192782991435,0.6914800868051612
184,5795,5796,98,98,0,0.10170191039844435,0.6931471805599452,0.6914983658277692
184,5796,5797,98,98,0,0.11076842727405685,0.6913192782991435,0.6914800868051613
184,5797,5798,98,98,0,0.11208780999390447,0.6913192782991435,0.6914800868051612
184,5798,5799,98,98,0,0.11081580483183569,0.6913192782991435,0.6914800868051612
184,5799,5800,98,98,0,0.11274882215930492,0.6913192782991435,0.6914800868051613
184,5800,5801,98,98,0,0.11297727102527813,0.6913192782991435,0.6914800868051613
184,5801,5802,98,98,0,0.11150700598955154,0.6913192782991435,0.6914800868051612
184,5802,5803,98,98,0,0.11186054250111385,0.6913192782991435,0.6914800868051612
184,5803,5804,98,98,0,0.11081893536813404,0.6913192782991435,0.6914685297784945
184,5804,5805,98,98,0,0.11129601953589187,0.6913192782991435,0.6914685297784945
184,5805,5806,98,98,0,0.11100718743947087,0.6913192782991435,0.6914685297784945
184,5806,5807,98,98,0,0.11202938603807469,0.6913192782991435,0.6914685297784945
184,5807,5808,98,98,0,0.11194570142091537,0.6913192782991435,0.6914685297784945
184,5808,5809,98,98,0,0.11192380948638429,0.6913192782991435,0.6914685297784945
184,5809,5810,98,98,0,0.11073190338757573,0.6913192782991435,0.6914685297784945
184,5810,5811,98,98,0,0.11154383656625845,0.6913192782991435,0.6914502507558865
184,5811,5812,98,98,0,0.11132885378842451,0.6913192782991435,0.6914502507558865
184,5812,5813,98,98,0,0.11125975497523133,0.6913192782991435,0.6914502507558865
184,5813,5814,98,98,0,0.1114453673362732,0.6913192782991435,0.6914502507558865
184,5814,5815,98,98,0,0.11158114930196684,0.6913192782991435,0.6914502507558865
184,5815,5816,98,98,0,0.11111085405763314,0.6913192782991435,0.6914502507558865
184,5816,5817,98,98,0,0.1020832965720673,0.6931471805599452,0.6914685297784945
184,5817,5818,98,98,0,0.11189063744885581,0.6913192782991435,0.6914685297784945
184,5818,5819,98,98,0,0.113191477118098,0.6913192782991435,0.6914685297784945
184,5819,5820,98,98,0,0.11167968627141446,0.6913192782991435,0.6914685297784945
184,5820,5821,98,98,0,0.11214402386424493,0.6913192782991435,0.6914685297784945
184,5821,5822,98,98,0,0.11165457910725049,0.6913192782991435,0.6914685297784945
184,5822,5823,98,98,0,0.11197448947599956,0.6913192782991435,0.6914685297784945
184,5823,5824,98,98,0,0.11147748283585723,0.6913192782991435,0.6914685297784945
184,5824,5825,98,98,0,0.11100253531215143,0.6913192782991435,0.6914685297784945
184,5825,5826,98,98,0,0.11168042828842085,0.6913192782991435,0.6914685297784945
184,5826,5827,98,98,0,0.11088542191653836,0.6913192782991435,0.6914685297784945
184,5827,5828,98,98,0,0.11249637953480895,0.6913192782991437,0.6914685297784945
184,5828,5829,98,98,0,0.11223352700471878,0.6913192782991435,0.6914685297784945
184,5829,5830,98,98,0,0.11224003904023949,0.6913192782991435,0.6914685297784945
184,5830,5831,98,98,0,0.1112577560148677,0.6913192782991435,0.6914685297784945
184,5831,5832,98,98,0,0.11324791800306767,0.6913192782991435,0.6914685297784945
184,5832,5833,98,98,0,0.11115620619788462,0.6913192782991435,0.6914502507558865
184,5833,5834,98,98,0,0.11297575718894297,0.6913192782991435,0.6914502507558865
184,5834,5835,98,98,0,0.1113343599195383,0.6913192782991435,0.6914502507558865
184,5835,5836,98,98,0,0.11201350580976933,0.6913192782991435,0.6914319717332785
184,5836,5837,98,98,0,0.1109186798638227,0.6913192782991435,0.6914319717332785
184,5837,5838,98,98,0,0.11185883069220855,0.6913192782991435,0.6914319717332785
184,5838,5839,98,98,0,0.11247046284225522,0.6913192782991435,0.6914319717332785
184,5839,5840,98,98,0,0.11125209243321905,0.6913192782991435,0.6914319717332783
184,5840,5841,98,98,0,0.11152304572110273,0.6913192782991435,0.6914319717332785
184,5841,5842,98,98,0,0.11221516641731165,0.6913192782991435,0.6914319717332785
184,5842,5843,98,98,0,0.11086252172078405,0.6913192782991435,0.6914136927106704
184,5843,5844,98,98,0,0.11155328337027103,0.6913192782991435,0.6914136927106703
184,5844,5845,98,98,0,0.11061914341182125,0.6913192782991435,0.6914136927106704
184,5845,5846,98,98,0,0.11115095186598446,0.6913192782991435,0.6914136927106704
184,5846,5847,98,98,0,0.11118857174807666,0.6913192782991435,0.6914136927106704
184,5847,5848,98,98,0,0.1122877194869275,0.6913192782991435,0.6914136927106703
184,5848,5849,98,98,0,0.11183834387635698,0.6913192782991435,0.6914136927106704
184,5849,5850,98,98,0,0.1018969544342586,0.6931471805599452,0.6914319717332785
184,5850,5851,98,98,0,0.11135589757135936,0.6913192782991435,0.6914204147066119
184,5851,5852,98,98,0,0.11172617637381262,0.6913192782991435,0.6914204147066116
184,5852,5853,98,98,0,0.11100935487418759,0.6913192782991435,0.6914204147066116
184,5853,5854,98,98,0,0.11131193511644188,0.6913192782991435,0.6914204147066116
184,5854,5855,98,98,0,0.11204533803523803,0.6913192782991435,0.6914204147066119
184,5855,5856,98,98,0,0.11222023205185423,0.6924749809658147,0.6914319717332785
184,5856,5857,98,98,0,0.11189860645301487,0.6913192782991435,0.6914319717332785
184,5857,5858,98,98,0,0.11179851847035545,0.6913192782991435,0.6914319717332785
184,5858,5859,98,98,0,0.11364655774466846,0.6913192782991435,0.6914136927106704
184,5859,5860,98,98,0,0.11172810052426493,0.6913192782991435,0.6914136927106704
184,5860,5861,98,98,0,0.11142010135310036,0.6913192782991435,0.6914136927106703
184,5861,5862,98,98,0,0.11244461799458581,0.6913192782991435,0.6914136927106703
184,5862,5863,98,98,0,0.11114964679795869,0.6913192782991435,0.6914136927106704
184,5863,5864,98,98,0,0.11125086422781555,0.6913192782991435,0.6914136927106704
184,5864,5865,98,98,0,0.11147193352178651,0.6913192782991435,0.6914136927106703
184,5865,5866,98,98,0,0.1117037432078196,0.6913192782991435,0.6914136927106704
184,5866,5867,98,98,0,0.11173319793781455,0.6913192782991435,0.6914136927106704
184,5867,5868,98,98,0,0.11093204103562297,0.6913192782991435,0.6914136927106704
184,5868,5869,98,98,0,0.10225500181621434,0.6931471805599452,0.6914319717332783
184,5869,5870,98,98,0,0.1119964067272994,0.6913192782991435,0.6914319717332785
184,5870,5871,98,98,0,0.11142702210618526,0.6913192782991435,0.6914319717332785
184,5871,5872,98,98,0,0.10155886358448438,0.6931471805599452,0.6914502507558865
184,5872,5873,98,98,0,0.11105850772285948,0.6913192782991435,0.6914502507558865
184,5873,5874,16,16,1,0.10044738976284862,0.6931471805599452,0.6914569727518277
184,5874,5875,98,98,0,0.11153841725721651,0.6913192782991435,0.6914569727518278
184,5875,5876,98,98,0,0.11211455712208943,0.6913192782991435,0.6914569727518278
184,5876,5877,98,98,0,0.11105735075412965,0.6913192782991435,0.6914569727518278
184,5877,5878,98,98,0,0.11106475784766431,0.6913192782991435,0.6914569727518277
184,5878,5879,98,98,0,0.11089192292824084,0.6913192782991435,0.6914569727518278
184,5879,5880,98,98,0,0.11146654447122496,0.6913192782991435,0.6914587884840664
184,5880,5881,98,98,0,0.11143881531090152,0.6913192782991435,0.6914587884840664
184,5881,5882,98,98,0,0.11102214402386121,0.6913192782991435,0.6914587884840664
184,5882,5883,98,98,0,0.1128242204383928,0.6913192782991435,0.6914587884840664
184,5883,5884,98,98,0,0.11154492564347325,0.6913192782991435,0.6914587884840664
184,5884,5885,98,98,0,0.11181963029868748,0.6924749809658147,0.6914520664881251
184,5885,5886,98,98,0,0.11105091763394219,0.6913192782991435,0.6914520664881251
184,5886,5887,98,98,0,0.11141312654529299,0.6913192782991435,0.6914520664881251
184,5887,5888,98,98,0,0.11134905383294942,0.6913192782991435,0.6914520664881251
184,5888,5889,98,98,0,0.11237843547548566,0.6913192782991435,0.6914520664881251
184,5889,5890,98,98,0,0.10213941738617663,0.6931471805599452,0.6914703455107332
184,5890,5891,98,98,0,0.11083917251350928,0.6913192782991435,0.691470345510733
184,5891,5892,98,98,0,0.11071325625692095,0.6913192782991435,0.691470345510733
184,5892,5893,98,98,0,0.11147051122115582,0.6913192782991435,0.691470345510733
184,5893,5894,98,98,0,0.11191123723983765,0.6913192782991435,0.6914703455107332
184,5894,5895,98,98,0,0.11117508642527522,0.6913192782991435,0.691470345510733
184,5895,5896,98,98,0,0.11100306650813745,0.6913192782991435,0.6914520664881251
184,5896,5897,98,98,0,0.11161130035714227,0.6913192782991435,0.6914520664881251
184,5897,5898,98,98,0,0.11248146248411159,0.6913192782991435,0.6914520664881252
184,5898,5899,98,98,0,0.11236745058273782,0.6913192782991435,0.6914520664881251
184,5899,5900,98,98,0,0.11203909239598683,0.6913192782991435,0.6914520664881251
184,5900,5901,98,98,0,0.11201830193096278,0.6913192782991437,0.6914520664881251
184,5901,5902,98,98,0,0.11193835241149883,0.6913192782991435,0.6914520664881252
184,5902,5903,98,98,0,0.1114407193143757,0.6913192782991435,0.6914520664881251
184,5903,5904,98,98,0,0.11127588821917164,0.6913192782991435,0.6914520664881251
184,5904,5905,98,98,0,0.11107859623675444,0.6913192782991435,0.6914520664881251
184,5905,5906,98,98,0,0.11197286950690406,0.6913192782991435,0.6914520664881251
184,5906,5907,98,98,0,0.11098806598052686,0.6924749809658147,0.6914636235147918
184,5907,5908,98,98,0,0.11191116486276899,0.6913192782991435,0.6914636235147917
184,5908,5909,98,98,0,0.11121766459272832,0.6913192782991435,0.6914636235147917
184,5909,5910,98,98,0,0.11392570461849777,0.6913192782991435,0.6914636235147918
184,5910,5911,98,98,0,0.11508555474634073,0.6913192782991435,0.6914636235147918
184,5911,5912,98,98,0,0.11169816804479579,0.6913192782991435,0.6914636235147917
184,5912,5913,98,98,0,0.1110422568661826,0.6913192782991435,0.6914636235147918
184,5913,5914,98,98,0,0.11223142175954215,0.6913192782991435,0.6914636235147918
184,5914,5915,98,98,0,0.1118240380773739,0.6913192782991435,0.6914636235147917
184,5915,5916,98,98,0,0.11094245732742913,0.6913192782991435,0.6914636235147917
184,5916,5917,98,98,0,0.10164708849422786,0.6931471805599454,0.6914636235147917
184,5917,5918,98,98,0,0.1120261871541033,0.6913192782991435,0.6914636235147918
184,5918,5919,98,98,0,0.11177598487357704,0.6913192782991435,0.6914636235147918
184,5919,5920,98,98,0,0.11276496718732679,0.6913192782991435,0.6914636235147917
184,5920,5921,98,98,0,0.11206595105480174,0.6913192782991435,0.6914636235147918
184,5921,5922,98,98,0,0.11143522314271148,0.6913192782991435,0.6914636235147918
184,5922,5923,98,98,0,0.11217780730554036,0.6913192782991435,0.6914636235147917
184,5923,5924,98,98,0,0.11148698856027758,0.6913192782991435,0.6914636235147917
184,5924,5925,98,98,0,0.11074970639785942,0.6913192782991435,0.6914636235147918
184,5925,5926,98,98,0,0.11187691203489596,0.6913192782991435,0.6914636235147918
184,5926,5927,98,98,0,0.11182566975452463,0.6913192782991435,0.6914636235147917
184,5927,5928,98,98,0,0.11145880803161738,0.6913192782991435,0.6914636235147917
184,5928,5929,98,98,0,0.1117832215921003,0.6913192782991435,0.6914636235147918
184,5929,5930,98,98,0,0.11178766730792668,0.6913192782991435,0.6914636235147918
184,5930,5931,98,98,0,0.11101062154891539,0.6913192782991435,0.6914636235147917
184,5931,5932,98,98,0,0.11137022404950492,0.6913192782991435,0.6914636235147917
184,5932,5933,98,98,0,0.11156674565709367,0.6913192782991435,0.6914636235147918
184,5933,5934,98,98,0,0.11085451979722295,0.6913192782991435,0.6914636235147918
184,5934,5935,98,98,0,0.11099278843220399,0.6913192782991435,0.6914636235147917
184,5935,5936,98,98,0,0.11075997512255396,0.6913192782991435,0.6914636235147917
184,5936,5937,98,98,0,0.11134045548280891,0.6913192782991435,0.6914636235147918
184,5937,5938,98,98,0,0.11038023993677022,0.6913192782991435,0.6914636235147918
184,5938,5939,98,98,0,0.11273371846396096,0.6913192782991435,0.6914636235147917
184,5939,5940,98,98,0,0.11120879650115967,0.6913192782991435,0.6914636235147918
184,5940,5941,98,98,0,0.11069601006349739,0.6913192782991435,0.6914636235147918
184,5941,5942,98,98,0,0.11189933417707074,0.6913192782991435,0.6914636235147917
184,5942,5943,98,98,0,0.11156724727883631,0.6913192782991435,0.6914636235147917
184,5943,5944,98,98,0,0.11255688197454627,0.6913192782991435,0.6914636235147918
184,5944,5945,98,98,0,0.11089083826055332,0.6913192782991435,0.6914636235147918
184,5945,5946,98,98,0,0.11137529333331148,0.6913192782991435,0.6914636235147917
184,5946,5947,98,98,0,0.11215690873107131,0.6913192782991435,0.6914636235147917
184,5947,5948,98,98,0,0.10186773492973678,0.6931471805599452,0.6914819025373998
184,5948,5949,98,98,0,0.11115583328872311,0.6913192782991435,0.6914819025373998
184,5949,5950,98,98,0,0.11103584374092063,0.6913192782991435,0.6914636235147917
184,5950,5951,98,98,0,0.11163267584479585,0.6913192782991435,0.6914636235147917
184,5951,5952,98,98,0,0.11262212123493759,0.6913192782991435,0.6914636235147918
184,5952,5953,98,98,0,0.1117611177721802,0.6913192782991435,0.6914636235147918
184,5953,5954,98,98,0,0.11152923099544583,0.6913192782991435,0.6914636235147917
184,5954,5955,98,98,0,0.11150245779022878,0.6913192782991435,0.6914636235147917
184,5955,5956,98,98,0,0.11135571085068645,0.6913192782991435,0.6914520664881251
184,5956,5957,98,98,0,0.11123217992028411,0.6913192782991435,0.6914520664881251
184,5957,5958,98,98,0,0.1113004849425384,0.6913192782991435,0.6914520664881251
184,5958,5959,98,98,0,0.1116440441383391,0.6913192782991435,0.6914520664881251
184,5959,5960,98,98,0,0.11151481351378012,0.6913192782991435,0.6914520664881251
184,5960,5961,98,98,0,0.11201701951878411,0.6913192782991435,0.6914520664881252
184,5961,5962,98,98,0,0.11210060811468534,0.6913192782991435,0.6914520664881251
184,5962,5963,98,98,0,0.11112202817992288,0.6913192782991435,0.6914520664881251
184,5963,5964,98,98,0,0.11221589208865652,0.6913192782991435,0.6914520664881251
184,5964,5965,98,98,0,0.11211657151579857,0.6913192782991435,0.6914520664881251
184,5965,5966,98,98,0,0.1120482697626766,0.6913192782991435,0.6914520664881251
184,5966,5967,98,98,0,0.11152783933342719,0.6913192782991435,0.6914520664881251
184,5967,5968,98,98,0,0.1117232193296053,0.6913192782991435,0.6914520664881251
184,5968,5969,98,98,0,0.1122751457198542,0.6913192782991435,0.6914337874655171
184,5969,5970,98,98,0,0.1118523220778728,0.6913192782991435,0.6914337874655171
184,5970,5971,98,98,0,0.11148303960050855,0.6913192782991435,0.6914337874655171
184,5971,5972,98,98,0,0.11197647323109666,0.6913192782991435,0.691415508442909
184,5972,5973,98,98,0,0.11137792764573681,0.6913192782991435,0.6914155084429089
184,5973,5974,98,98,0,0.11141475556152207,0.6913192782991435,0.691397229420301
184,5974,5975,43,43,1,0.12307387365158214,0.6908740503515266,0.6913927771408248
184,5975,5976,98,98,0,0.1117306840511001,0.6913192782991435,0.6913927771408248
184,5976,5977,98,98,0,0.1132785048411817,0.6913192782991435,0.6913927771408248
184,5977,5978,98,98,0,0.11036325177671957,0.6913192782991435,0.6913927771408248
184,5978,5979,98,98,0,0.1109918911694264,0.6913192782991435,0.6913927771408248
184,5979,5980,98,98,0,0.11258116676187029,0.6913192782991435,0.6913927771408248
184,5980,5981,98,98,0,0.11224172256734906,0.6913192782991435,0.6913927771408248
184,5981,5982,98,98,0,0.11119361883219407,0.6913192782991435,0.6913927771408248
184,5982,5983,98,98,0,0.11113728879361737,0.6913192782991435,0.6913927771408248
184,5983,5984,98,98,0,0.10213085355199113,0.6931471805599452,0.6914110561634328
184,5984,5985,98,98,0,0.10152667167843604,0.6931471805599452,0.6914177781593742
184,5985,5986,98,98,0,0.11173575036987966,0.6913192782991435,0.6914177781593742
184,5986,5987,98,98,0,0.11357198359102619,0.6913192782991435,0.6914177781593742
184,5987,5988,98,98,0,0.11260063368446972,0.6913192782991435,0.6914177781593742
184,5988,5989,98,98,0,0.11116406397551906,0.6913192782991435,0.6914177781593742
184,5989,5990,98,98,0,0.11141810756252736,0.6913192782991435,0.691399499136766
184,5990,5991,98,98,0,0.11230175782527242,0.6913192782991435,0.6913994991367661
184,5991,5992,98,98,0,0.11094628168003899,0.6913192782991435,0.6913994991367661
184,5992,5993,98,98,0,0.11164907837400631,0.6913192782991435,0.6913994991367661
184,5993,5994,98,98,0,0.1113299011271827,0.6913192782991435,0.691399499136766
184,5994,5995,98,98,0,0.11112087379608836,0.6913192782991435,0.6913994991367661
184,5995,5996,98,98,0,0.11102018300063755,0.6913192782991435,0.6913994991367661
184,5996,5997,98,98,0,0.11115932707883874,0.6913192782991435,0.6913994991367661
184,5997,5998,98,98,0,0.11264828782604665,0.6913192782991435,0.691399499136766
184,5998,5999,98,98,0,0.11457045672803509,0.6913192782991435,0.6913994991367661
184,5999,6000,98,98,0,0.1116513051852888,0.6913192782991435,0.6913994991367661
184,6000,6001,98,98,0,0.1123155981910472,0.6913192782991435,0.6913994991367661
184,6001,6002,98,98,0,0.11212361695206895,0.6913192782991435,0.691399499136766
184,6002,6003,98,98,0,0.11109527732644763,0.6913192782991435,0.6913994991367661
184,6003,6004,98,98,0,0.11133725028865192,0.6924749809658147,0.6914110561634328
184,6004,6005,98,98,0,0.11170532022203718,0.6913192782991435,0.6914110561634328
184,6005,6006,98,98,0,0.11089717300266635,0.6913192782991435,0.691411056163433
184,6006,6007,98,98,0,0.11132283972538247,0.6913192782991435,0.691399499136766
184,6007,6008,98,98,0,0.11127731105198665,0.6913192782991435,0.6913994991367661
184,6008,6009,98,98,0,0.11132083764793921,0.6913192782991435,0.6913994991367661
184,6009,6010,98,98,0,0.1116921559584384,0.6913192782991435,0.6913994991367661
184,6010,6011,98,98,0,0.11053960618315911,0.6913192782991435,0.691399499136766
184,6011,6012,98,98,0,0.11120574434801024,0.6913192782991435,0.6913994991367661
184,6012,6013,98,98,0,0.11106836218006756,0.6913192782991435,0.6913994991367661
184,6013,6014,98,98,0,0.11236147552120443,0.6913192782991435,0.6913994991367661
184,6014,6015,98,98,0,0.11092965989088525,0.6913192782991435,0.6913994991367661
184,6015,6016,98,98,0,0.11198907649638701,0.6913192782991435,0.6913994991367661
184,6016,6017,98,98,0,0.11142889326628373,0.6913192782991435,0.6913812201141581
184,6017,6018,98,98,0,0.11133008997659294,0.6913192782991435,0.691381220114158
184,6018,6019,98,98,0,0.11514479765782551,0.6913192782991435,0.691381220114158
184,6019,6020,98,98,0,0.11171692161231625,0.6913192782991435,0.6913812201141581
184,6020,6021,98,98,0,0.11166133670782556,0.6913192782991435,0.6913812201141581
184,6021,6022,98,98,0,0.11114883886612191,0.6913192782991435,0.691381220114158
184,6022,6023,97,97,1,0.11251526226087943,0.6913138233963346,0.6913811655651301
184,6023,6024,93,93,1,0.11233366457044437,0.6912913974846964,0.6913808867569855
184,6024,6025,98,98,0,0.11171850493671942,0.6913192782991435,0.6913808867569855
184,6025,6026,98,98,0,0.11318685760607525,0.6913192782991435,0.6913808867569855
184,6026,6027,98,98,0,0.11121428704687528,0.6913192782991435,0.6913808867569855
184,6027,6028,98,98,0,0.11189210072767977,0.6924749809658147,0.6913924437836524
184,6028,6029,98,98,0,0.10285708490683108,0.6931471805599452,0.6914107228062604
184,6029,6030,98,98,0,0.11190539704901832,0.6913192782991435,0.6914107228062601
184,6030,6031,98,98,1,0.1116961388259518,0.6913192782991435,0.6914107228062604
184,6031,6032,98,98,0,0.11198225206866556,0.6913192782991435,0.6914107228062604
184,6032,6033,98,98,0,0.11193238001088707,0.6913192782991435,0.6914107228062601
184,6033,6034,98,98,0,0.11166254909975189,0.6913192782991435,0.6914107228062601
184,6034,6035,98,98,0,0.11142439843744648,0.6913192782991435,0.6914107228062604
184,6035,6036,98,98,0,0.11180467447456048,0.6913192782991435,0.6914107228062604
184,6036,6037,98,98,0,0.11135479747032632,0.6913192782991435,0.6914107228062601
184,6037,6038,98,98,0,0.11154598659094499,0.6913192782991435,0.6914107228062601
184,6038,6039,98,98,0,0.11137170793146503,0.6913192782991435,0.6914107228062604
184,6039,6040,98,98,0,0.11095338679698048,0.6913192782991435,0.6914107228062604
184,6040,6041,98,98,0,0.1127706996488328,0.6913192782991435,0.6914107228062601
184,6041,6042,98,98,0,0.11155534315170074,0.6913192782991435,0.6914107228062604
184,6042,6043,98,98,0,0.11111669842990077,0.6913192782991435,0.6914107228062604
184,6043,6044,98,98,0,0.11172730422445706,0.6913192782991435,0.6914107228062604
184,6044,6045,98,98,0,0.11115070379206113,0.6913192782991435,0.6914107228062601
184,6045,6046,98,98,0,0.11195124138374718,0.6913192782991435,0.6914107228062604
184,6046,6047,98,98,0,0.11150177598607783,0.6913192782991435,0.6914107228062604
184,6047,6048,98,98,0,0.11107628093082078,0.6913192782991435,0.6913924437836522
184,6048,6049,98,98,0,0.11124579897340463,0.6913192782991435,0.6913924437836522
184,6049,6050,98,98,0,0.11424706899085824,0.6913192782991435,0.6913924437836524
184,6050,6051,98,98,0,0.1117456042188771,0.6913192782991435,0.6913924437836524
184,6051,6052,98,98,0,0.11130237412087772,0.6913192782991435,0.6913924437836522
184,6052,6053,98,98,0,0.1120245960750142,0.6913192782991435,0.6913924437836522
184,6053,6054,98,98,0,0.11146117990114252,0.6913192782991435,0.6913924437836524
184,6054,6055,98,98,0,0.11167598850264841,0.6913192782991435,0.6913924437836524
184,6055,6056,98,98,0,0.11273065908830993,0.6924749809658147,0.6914040008103189
184,6056,6057,98,98,0,0.11174557380834405,0.6913192782991435,0.6914040008103189
184,6057,6058,98,98,0,0.11100293171344972,0.6913192782991435,0.6914040008103189
184,6058,6059,98,98,0,0.11117093249851344,0.6913192782991435,0.6914040008103189
184,6059,6060,98,98,0,0.11237224290261463,0.6913192782991435,0.6914040008103189
184,6060,6061,98,98,0,0.11144847392427679,0.6913192782991435,0.6914040008103188
184,6061,6062,98,98,0,0.11154295747377435,0.6913192782991435,0.6914040008103189
184,6062,6063,98,98,0,0.11124468077810443,0.6913192782991435,0.6914040008103189
184,6063,6064,98,98,0,0.11155002320907553,0.6913192782991435,0.6914040008103189
184,6064,6065,98,98,0,0.10222286198820386,0.6931471805599452,0.6914222798329271
184,6065,6066,98,98,0,0.10223571195894358,0.6931471805599452,0.691440558855535
184,6066,6067,98,98,0,0.11188496922960087,0.6913192782991435,0.691440558855535
184,6067,6068,98,98,0,0.11236331208932157,0.6913192782991435,0.691440558855535
184,6068,6069,98,98,0,0.10243049780933225,0.6931471805599452,0.6914588378781431
184,6069,6070,98,98,0,0.11175832699756233,0.6913192782991435,0.691458837878143
184,6070,6071,98,98,0,0.11160359691296305,0.6913192782991435,0.691458837878143
184,6071,6072,98,98,0,0.11223306666527476,0.6913192782991435,0.691458837878143
184,6072,6073,98,98,0,0.11144505357559846,0.6913192782991435,0.6914588378781431
184,6073,6074,98,98,0,0.11154999378688481,0.6913192782991435,0.691458837878143
184,6074,6075,98,98,0,0.11100701683638048,0.6913192782991435,0.6914632901576192
184,6075,6076,98,98,0,0.11120089599672629,0.6913192782991435,0.6914632901576192
184,6076,6077,98,98,0,0.10322751477360725,0.6931471805599452,0.6914815691802272
184,6077,6078,98,98,0,0.11197801185201625,0.6913192782991435,0.6914815691802272
184,6078,6079,98,98,0,0.11169887790266349,0.6913192782991435,0.6914815691802272
184,6079,6080,98,98,0,0.11131468529299814,0.6913192782991435,0.6914815691802272
184,6080,6081,98,98,0,0.11179428083860145,0.6913192782991435,0.6914815691802272
184,6081,6082,98,98,0,0.1125524209014007,0.6913192782991435,0.6914815691802272
184,6082,6083,98,98,0,0.11180024822147525,0.6913192782991435,0.6914815691802272
184,6083,6084,98,98,0,0.10254901434694018,0.6931471805599452,0.6914815691802272
184,6084,6085,98,98,0,0.11139559958662305,0.6913192782991435,0.6914632901576192
184,6085,6086,98,98,0,0.11224685616943302,0.6913192782991435,0.6914632901576191
184,6086,6087,98,98,0,0.11213503892020303,0.6913192782991435,0.6914632901576192
184,6087,6088,98,98,0,0.11064946461392909,0.6913192782991435,0.6914632901576192
184,6088,6089,98,98,0,0.10218264185348336,0.6931471805599452,0.6914815691802272
184,6089,6090,98,98,0,0.11120477622869063,0.6913192782991435,0.6914815691802272
184,6090,6091,98,98,0,0.11247924487201535,0.6913192782991435,0.6914815691802272
184,6091,6092,98,98,0,0.11167867610953292,0.6913192782991435,0.6914815691802272
184,6092,6093,98,98,0,0.11109102114426847,0.6924749809658147,0.6914931262068938
184,6093,6094,98,98,0,0.11191655611809419,0.6913192782991435,0.691493126206894
184,6094,6095,98,98,0,0.10187679293508432,0.6931471805599454,0.691511405229502
184,6095,6096,98,98,0,0.11143687207783971,0.6913192782991435,0.6915114052295018
184,6096,6097,98,98,0,0.11134316901467284,0.6913192782991435,0.6915114052295018
184,6097,6098,98,98,0,0.11203390139402175,0.6913192782991435,0.691511405229502
184,6098,6099,98,98,0,0.11155784023659569,0.6913192782991435,0.691511405229502
184,6099,6100,98,98,0,0.11399064737619186,0.6913192782991435,0.6915114052295018
