participant_id,participant_age_group,participant_education,participant_gender,participant_econ_background,participant_strategy_experience,seed,episode,status,survival_days,human_decision_days,episode_decision_seconds,avg_seconds_per_decision,decisions_per_minute,episode_wall_seconds,wall_decisions_per_minute,rows_saved_total,auto_policy,expert_output_path,meta_output_path
SYN-GRAD-001,20-40岁,硕士及以上,男,学过一点,经常接触,184,0,episode_done,100,99,1136.754,11.482,5.225,1169.909,5.077,99,td3,D:\福州大学\3.课外\实验\经济系统cleanclean\经济系统clean\real_System_remake\human_collect_web_data\synthetic\SYN-GRAD-001_synthetic_expert.csv,D:\福州大学\3.课外\实验\经济系统cleanclean\经济系统clean\real_System_remake\human_collect_web_data\synthetic\SYN-GRAD-001_synthetic_meta.csv
SYN-GRAD-001,20-40岁,硕士及以上,男,学过一点,经常接触,184,1,episode_done,99,98,491.151,5.012,11.972,517.706,11.358,197,td3,D:\福州大学\3.课外\实验\经济系统cleanclean\经济系统clean\real_System_remake\human_collect_web_data\synthetic\SYN-GRAD-001_synthetic_expert.csv,D:\福州大学\3.课外\实验\经济系统cleanclean\经济系统clean\real_System_remake\human_collect_web_data\synthetic\SYN-GRAD-001_synthetic_meta.csv
SYN-GRAD-001,20-40岁,硕士及以上,男,学过一点,经常接触,184,2,episode_done,99,98,975.483,9.954,6.028,1002.46,5.866,295,td3,D:\福州大学\3.课外\实验\经济系统cleanclean\经济系统clean\real_System_remake\human_collect_web_data\synthetic\SYN-GRAD-001_synthetic_expert.csv,D:\福州大学\3.课外\实验\经济系统cleanclean\经济系统clean\real_System_remake\human_collect_web_data\synthetic\SYN-GRAD-001_synthetic_meta.csv
SYN-GRAD-001,20-40岁,硕士及以上,男,学过一点,经常接触,184,3,episode_done,99,98,765.454,7.811,7.682,794.018,7.405,393,td3,D:\福州大学\3.课外\实验\经济系统cleanclean\经济系统clean\real_System_remake\human_collect_web_data\synthetic\SYN-GRAD-001_synthetic_expert.csv,D:\福州大学\3.课外\实验\经济系统cleanclean\经济系统clean\real_System_remake\human_collect_web_data\synthetic\SYN-GRAD-001_synthetic_meta.csv
SYN-GRAD-001,20-40岁,硕士及以上,男,学过一点,经常接触,184,4,episode_done,99,98,1182.733,12.069,4.972,1215.827,4.836,491,td3,D:\福州大学\3.课外\实验\经济系统cleanclean\经济系统clean\real_System_remake\human_collect_web_data\synthetic\SYN-GRAD-001_synthetic_expert.csv,D:\福州大学\3.课外\实验\经济系统cleanclean\经济系统clean\real_System_remake\human_collect_web_data\synthetic\SYN-GRAD-001_synthetic_meta.csv
SYN-GRAD-002,20-40岁,硕士及以上,女,学过一点,经常接触,184,0,episode_done,100,99,932.365,9.418,6.371,956.217,6.212,99,td3,D:\福州大学\3.课外\实验\经济系统cleanclean\经济系统clean\real_System_remake\human_collect_web_data\synthetic\SYN-GRAD-002_synthetic_expert.csv,D:\福州大学\3.课外\实验\经济系统cleanclean\经济系统clean\real_System_remake\human_collect_web_data\synthetic\SYN-GRAD-002_synthetic_meta.csv
SYN-GRAD-002,20-40岁,硕士及以上,女,学过一点,经常接触,184,1,episode_done,99,98,811.885,8.285,7.242,840.684,6.994,197,td3,D:\福州大学\3.课外\实验\经济系统cleanclean\经济系统clean\real_System_remake\human_collect_web_data\synthetic\SYN-GRAD-002_synthetic_expert.csv,D:\福州大学\3.课外\实验\经济系统cleanclean\经济系统clean\real_System_remake\human_collect_web_data\synthetic\SYN-GRAD-002_synthetic_meta.csv
SYN-GRAD-002,20-40岁,硕士及以上,女,学过一点,经常接触,184,2,episode_done,99,98,777.397,7.933,7.564,790.601,7.437,295,td3,D:\福州大学\3.课外\实验\经济系统cleanclean\经济系统clean\real_System_remake\human_collect_web_data\synthetic\SYN-GRAD-002_synthetic_expert.csv,D:\福州大学\3.课外\实验\经济系统cleanclean\经济系统clean\real_System_remake\human_collect_web_data\synthetic\SYN-GRAD-002_synthetic_meta.csv
SYN-GRAD-002,20-40岁,硕士及以上,女,学过一点,经常接触,184,3,episode_done,99,98,925.38,9.443,6.354,962.915,6.106,393,td3,D:\福州大学\3.课外\实验\经济系统cleanclean\经济系统clean\real_System_remake\human_collect_web_data\synthetic\SYN-GRAD-002_synthetic_expert.csv,D:\福州大学\3.课外\实验\经济系统cleanclean\经济系统clean\real_System_remake\human_collect_web_data\synthetic\SYN-GRAD-002_synthetic_meta.csv
SYN-GRAD-002,20-40岁,硕士及以上,女,学过一点,经常接触,184,4,episode_done,99,98,477.362,4.871,12.318,489.829,12.004,491,td3,D:\福州大学\3.课外\实验\经济系统cleanclean\经济系统clean\real_System_remake\human_collect_web_data\synthetic\SYN-GRAD-002_synthetic_expert.csv,D:\福州大学\3.课外\实验\经济系统cleanclean\经济系统clean\real_System_remake\human_collect_web_data\synthetic\SYN-GRAD-002_synthetic_meta.csv
SYN-GRAD-003,20-40岁,硕士及以上,男,学过一点,经常接触,184,0,episode_done,100,99,692.497,6.995,8.578,724.956,8.194,99,td3,D:\福州大学\3.课外\实验\经济系统cleanclean\经济系统clean\real_System_remake\human_collect_web_data\synthetic\SYN-GRAD-003_synthetic_expert.csv,D:\福州大学\3.课外\实验\经济系统cleanclean\经济系统clean\real_System_remake\human_collect_web_data\synthetic\SYN-GRAD-003_synthetic_meta.csv
SYN-GRAD-003,20-40岁,硕士及以上,男,学过一点,经常接触,184,1,episode_done,99,98,854.526,8.72,6.881,894.545,6.573,197,td3,D:\福州大学\3.课外\实验\经济系统cleanclean\经济系统clean\real_System_remake\human_collect_web_data\synthetic\SYN-GRAD-003_synthetic_expert.csv,D:\福州大学\3.课外\实验\经济系统cleanclean\经济系统clean\real_System_remake\human_collect_web_data\synthetic\SYN-GRAD-003_synthetic_meta.csv
SYN-GRAD-003,20-40岁,硕士及以上,男,学过一点,经常接触,184,2,episode_done,99,98,1043.233,10.645,5.636,1065.436,5.519,295,td3,D:\福州大学\3.课外\实验\经济系统cleanclean\经济系统clean\real_System_remake\human_collect_web_data\synthetic\SYN-GRAD-003_synthetic_expert.csv,D:\福州大学\3.课外\实验\经济系统cleanclean\经济系统clean\real_System_remake\human_collect_web_data\synthetic\SYN-GRAD-003_synthetic_meta.csv
SYN-GRAD-003,20-40岁,硕士及以上,男,学过一点,经常接触,184,3,episode_done,99,98,1017.925,10.387,5.776,1064.318,5.525,393,td3,D:\福州大学\3.课外\实验\经济系统cleanclean\经济系统clean\real_System_remake\human_collect_web_data\synthetic\SYN-GRAD-003_synthetic_expert.csv,D:\福州大学\3.课外\实验\经济系统cleanclean\经济系统clean\real_System_remake\human_collect_web_data\synthetic\SYN-GRAD-003_synthetic_meta.csv
SYN-GRAD-003,20-40岁,硕士及以上,男,学过一点,经常接触,184,4,episode_done,99,98,1141.919,11.652,5.149,1176.244,4.999,491,td3,D:\福州大学\3.课外\实验\经济系统cleanclean\经济系统clean\real_System_remake\human_collect_web_data\synthetic\SYN-GRAD-003_synthetic_expert.csv,D:\福州大学\3.课外\实验\经济系统cleanclean\经济系统clean\real_System_remake\human_collect_web_data\synthetic\SYN-GRAD-003_synthetic_meta.csv
SYN-GRAD-004,20-40岁,硕士及以上,女,学过一点,经常接触,184,0,episode_done,100,99,626.188,6.325,9.486,638.539,9.302,99,td3,D:\福州大学\3.课外\实验\经济系统cleanclean\经济系统clean\real_System_remake\human_collect_web_data\synthetic\SYN-GRAD-004_synthetic_expert.csv,D:\福州大学\3.课外\实验\经济系统cleanclean\经济系统clean\real_System_remake\human_collect_web_data\synthetic\SYN-GRAD-004_synthetic_meta.csv
SYN-GRAD-004,20-40岁,硕士及以上,女,学过一点,经常接触,184,1,episode_done,99,98,1138.954,11.622,5.163,1195.405,4.919,197,td3,D:\福州大学\3.课外\实验\经济系统cleanclean\经济系统clean\real_System_remake\human_collect_web_data\synthetic\SYN-GRAD-004_synthetic_expert.csv,D:\福州大学\3.课外\实验\经济系统cleanclean\经济系统clean\real_System_remake\human_collect_web_data\synthetic\SYN-GRAD-004_synthetic_meta.csv
SYN-GRAD-004,20-40岁,硕士及以上,女,学过一点,经常接触,184,2,episode_done,99,98,633.824,6.468,9.277,655.328,8.973,295,td3,D:\福州大学\3.课外\实验\经济系统cleanclean\经济系统clean\real_System_remake\human_collect_web_data\synthetic\SYN-GRAD-004_synthetic_expert.csv,D:\福州大学\3.课外\实验\经济系统cleanclean\经济系统clean\real_System_remake\human_collect_web_data\synthetic\SYN-GRAD-004_synthetic_meta.csv
SYN-GRAD-004,20-40岁,硕士及以上,女,学过一点,经常接触,184,3,episode_done,99,98,971.952,9.918,6.05,1018.84,5.771,393,td3,D:\福州大学\3.课外\实验\经济系统cleanclean\经济系统clean\real_System_remake\human_collect_web_data\synthetic\SYN-GRAD-004_synthetic_expert.csv,D:\福州大学\3.课外\实验\经济系统cleanclean\经济系统clean\real_System_remake\human_collect_web_data\synthetic\SYN-GRAD-004_synthetic_meta.csv
SYN-GRAD-004,20-40岁,硕士及以上,女,学过一点,经常接触,184,4,episode_done,99,98,681.444,6.954,8.629,692.171,8.495,491,td3,D:\福州大学\3.课外\实验\经济系统cleanclean\经济系统clean\real_System_remake\human_collect_web_data\synthetic\SYN-GRAD-004_synthetic_expert.csv,D:\福州大学\3.课外\实验\经济系统cleanclean\经济系统clean\real_System_remake\human_collect_web_data\synthetic\SYN-GRAD-004_synthetic_meta.csv
SYN-GRAD-005,20-40岁,硕士及以上,男,学过一点,经常接触,184,0,episode_done,100,99,891.371,9.004,6.664,911.978,6.513,99,td3,D:\福州大学\3.课外\实验\经济系统cleanclean\经济系统clean\real_System_remake\human_collect_web_data\synthetic\SYN-GRAD-005_synthetic_expert.csv,D:\福州大学\3.课外\实验\经济系统cleanclean\经济系统clean\real_System_remake\human_collect_web_data\synthetic\SYN-GRAD-005_synthetic_meta.csv
SYN-GRAD-005,20-40岁,硕士及以上,男,学过一点,经常接触,184,1,episode_done,99,98,755.215,7.706,7.786,793.511,7.41,197,td3,D:\福州大学\3.课外\实验\经济系统cleanclean\经济系统clean\real_System_remake\human_collect_web_data\synthetic\SYN-GRAD-005_synthetic_expert.csv,D:\福州大学\3.课外\实验\经济系统cleanclean\经济系统clean\real_System_remake\human_collect_web_data\synthetic\SYN-GRAD-005_synthetic_meta.csv
SYN-GRAD-005,20-40岁,硕士及以上,男,学过一点,经常接触,184,2,episode_done,99,98,482.157,4.92,12.195,500.444,11.75,295,td3,D:\福州大学\3.课外\实验\经济系统cleanclean\经济系统clean\real_System_remake\human_collect_web_data\synthetic\SYN-GRAD-005_synthetic_expert.csv,D:\福州大学\3.课外\实验\经济系统cleanclean\经济系统clean\real_System_remake\human_collect_web_data\synthetic\SYN-GRAD-005_synthetic_meta.csv
SYN-GRAD-005,20-40岁,硕士及以上,男,学过一点,经常接触,184,3,episode_done,99,98,510.661,5.211,11.514,536.264,10.965,393,td3,D:\福州大学\3.课外\实验\经济系统cleanclean\经济系统clean\real_System_remake\human_collect_web_data\synthetic\SYN-GRAD-005_synthetic_expert.csv,D:\福州大学\3.课外\实验\经济系统cleanclean\经济系统clean\real_System_remake\human_collect_web_data\synthetic\SYN-GRAD-005_synthetic_meta.csv
SYN-GRAD-005,20-40岁,硕士及以上,男,学过一点,经常接触,184,4,episode_done,99,98,668.961,6.826,8.79,701.574,8.381,491,td3,D:\福州大学\3.课外\实验\经济系统cleanclean\经济系统clean\real_System_remake\human_collect_web_data\synthetic\SYN-GRAD-005_synthetic_expert.csv,D:\福州大学\3.课外\实验\经济系统cleanclean\经济系统clean\real_System_remake\human_collect_web_data\synthetic\SYN-GRAD-005_synthetic_meta.csv
SYN-GRAD-006,20-40岁,硕士及以上,女,学过一点,经常接触,184,0,episode_done,100,99,494.85,4.998,12.004,514.279,11.55,99,td3,D:\福州大学\3.课外\实验\经济系统cleanclean\经济系统clean\real_System_remake\human_collect_web_data\synthetic\SYN-GRAD-006_synthetic_expert.csv,D:\福州大学\3.课外\实验\经济系统cleanclean\经济系统clean\real_System_remake\human_collect_web_data\synthetic\SYN-GRAD-006_synthetic_meta.csv
SYN-GRAD-006,20-40岁,硕士及以上,女,学过一点,经常接触,184,1,episode_done,99,98,609.627,6.221,9.645,622.302,9.449,197,td3,D:\福州大学\3.课外\实验\经济系统cleanclean\经济系统clean\real_System_remake\human_collect_web_data\synthetic\SYN-GRAD-006_synthetic_expert.csv,D:\福州大学\3.课外\实验\经济系统cleanclean\经济系统clean\real_System_remake\human_collect_web_data\synthetic\SYN-GRAD-006_synthetic_meta.csv
SYN-GRAD-006,20-40岁,硕士及以上,女,学过一点,经常接触,184,2,episode_done,99,98,702.602,7.169,8.369,723.638,8.126,295,td3,D:\福州大学\3.课外\实验\经济系统cleanclean\经济系统clean\real_System_remake\human_collect_web_data\synthetic\SYN-GRAD-006_synthetic_expert.csv,D:\福州大学\3.课外\实验\经济系统cleanclean\经济系统clean\real_System_remake\human_collect_web_data\synthetic\SYN-GRAD-006_synthetic_meta.csv
SYN-GRAD-006,20-40岁,硕士及以上,女,学过一点,经常接触,184,3,episode_done,99,98,550.455,5.617,10.682,561.281,10.476,393,td3,D:\福州大学\3.课外\实验\经济系统cleanclean\经济系统clean\real_System_remake\human_collect_web_data\synthetic\SYN-GRAD-006_synthetic_expert.csv,D:\福州大学\3.课外\实验\经济系统cleanclean\经济系统clean\real_System_remake\human_collect_web_data\synthetic\SYN-GRAD-006_synthetic_meta.csv
SYN-GRAD-006,20-40岁,硕士及以上,女,学过一点,经常接触,184,4,episode_done,99,98,528.626,5.394,11.123,541.471,10.859,491,td3,D:\福州大学\3.课外\实验\经济系统cleanclean\经济系统clean\real_System_remake\human_collect_web_data\synthetic\SYN-GRAD-006_synthetic_expert.csv,D:\福州大学\3.课外\实验\经济系统cleanclean\经济系统clean\real_System_remake\human_collect_web_data\synthetic\SYN-GRAD-006_synthetic_meta.csv
SYN-GRAD-007,20-40岁,硕士及以上,男,学过一点,经常接触,184,0,episode_done,100,99,1156.325,11.68,5.137,1198.531,4.956,99,td3,D:\福州大学\3.课外\实验\经济系统cleanclean\经济系统clean\real_System_remake\human_collect_web_data\synthetic\SYN-GRAD-007_synthetic_expert.csv,D:\福州大学\3.课外\实验\经济系统cleanclean\经济系统clean\real_System_remake\human_collect_web_data\synthetic\SYN-GRAD-007_synthetic_meta.csv
SYN-GRAD-007,20-40岁,硕士及以上,男,学过一点,经常接触,184,1,episode_done,99,98,1111.74,11.344,5.289,1166.498,5.041,197,td3,D:\福州大学\3.课外\实验\经济系统cleanclean\经济系统clean\real_System_remake\human_collect_web_data\synthetic\SYN-GRAD-007_synthetic_expert.csv,D:\福州大学\3.课外\实验\经济系统cleanclean\经济系统clean\real_System_remake\human_collect_web_data\synthetic\SYN-GRAD-007_synthetic_meta.csv
SYN-GRAD-007,20-40岁,硕士及以上,男,学过一点,经常接触,184,2,episode_done,99,98,1153.843,11.774,5.096,1212.762,4.848,295,td3,D:\福州大学\3.课外\实验\经济系统cleanclean\经济系统clean\real_System_remake\human_collect_web_data\synthetic\SYN-GRAD-007_synthetic_expert.csv,D:\福州大学\3.课外\实验\经济系统cleanclean\经济系统clean\real_System_remake\human_collect_web_data\synthetic\SYN-GRAD-007_synthetic_meta.csv
SYN-GRAD-007,20-40岁,硕士及以上,男,学过一点,经常接触,184,3,episode_done,99,98,751.385,7.667,7.826,771.326,7.623,393,td3,D:\福州大学\3.课外\实验\经济系统cleanclean\经济系统clean\real_System_remake\human_collect_web_data\synthetic\SYN-GRAD-007_synthetic_expert.csv,D:\福州大学\3.课外\实验\经济系统cleanclean\经济系统clean\real_System_remake\human_collect_web_data\synthetic\SYN-GRAD-007_synthetic_meta.csv
SYN-GRAD-007,20-40岁,硕士及以上,男,学过一点,经常接触,184,4,episode_done,99,98,850.332,8.677,6.915,864.356,6.803,491,td3,D:\福州大学\3.课外\实验\经济系统cleanclean\经济系统clean\real_System_remake\human_collect_web_data\synthetic\SYN-GRAD-007_synthetic_expert.csv,D:\福州大学\3.课外\实验\经济系统cleanclean\经济系统clean\real_System_remake\human_collect_web_data\synthetic\SYN-GRAD-007_synthetic_meta.csv
SYN-GRAD-008,20-40岁,硕士及以上,女,学过一点,经常接触,184,0,episode_done,100,99,621.014,6.273,9.565,653.617,9.088,99,td3,D:\福州大学\3.课外\实验\经济系统cleanclean\经济系统clean\real_System_remake\human_collect_web_data\synthetic\SYN-GRAD-008_synthetic_expert.csv,D:\福州大学\3.课外\实验\经济系统cleanclean\经济系统clean\real_System_remake\human_collect_web_data\synthetic\SYN-GRAD-008_synthetic_meta.csv
SYN-GRAD-008,20-40岁,硕士及以上,女,学过一点,经常接触,184,1,episode_done,99,98,510.183,5.206,11.525,535.219,10.986,197,td3,D:\福州大学\3.课外\实验\经济系统cleanclean\经济系统clean\real_System_remake\human_collect_web_data\synthetic\SYN-GRAD-008_synthetic_expert.csv,D:\福州大学\3.课外\实验\经济系统cleanclean\经济系统clean\real_System_remake\human_collect_web_data\synthetic\SYN-GRAD-008_synthetic_meta.csv
SYN-GRAD-008,20-40岁,硕士及以上,女,学过一点,经常接触,184,2,episode_done,99,98,706.384,7.208,8.324,736.587,7.983,295,td3,D:\福州大学\3.课外\实验\经济系统cleanclean\经济系统clean\real_System_remake\human_collect_web_data\synthetic\SYN-GRAD-008_synthetic_expert.csv,D:\福州大学\3.课外\实验\经济系统cleanclean\经济系统clean\real_System_remake\human_collect_web_data\synthetic\SYN-GRAD-008_synthetic_meta.csv
SYN-GRAD-008,20-40岁,硕士及以上,女,学过一点,经常接触,184,3,episode_done,99,98,826,8.429,7.119,852.129,6.9,393,td3,D:\福州大学\3.课外\实验\经济系统cleanclean\经济系统clean\real_System_remake\human_collect_web_data\synthetic\SYN-GRAD-008_synthetic_expert.csv,D:\福州大学\3.课外\实验\经济系统cleanclean\经济系统clean\real_System_remake\human_collect_web_data\synthetic\SYN-GRAD-008_synthetic_meta.csv
SYN-GRAD-008,20-40岁,硕士及以上,女,学过一点,经常接触,184,4,episode_done,99,98,754.784,7.702,7.79,768.283,7.653,491,td3,D:\福州大学\3.课外\实验\经济系统cleanclean\经济系统clean\real_System_remake\human_collect_web_data\synthetic\SYN-GRAD-008_synthetic_expert.csv,D:\福州大学\3.课外\实验\经济系统cleanclean\经济系统clean\real_System_remake\human_collect_web_data\synthetic\SYN-GRAD-008_synthetic_meta.csv
SYN-GRAD-009,20-40岁,硕士及以上,男,学过一点,经常接触,184,0,episode_done,100,99,1003.723,10.139,5.918,1054.677,5.632,99,td3,D:\福州大学\3.课外\实验\经济系统cleanclean\经济系统clean\real_System_remake\human_collect_web_data\synthetic\SYN-GRAD-009_synthetic_expert.csv,D:\福州大学\3.课外\实验\经济系统cleanclean\经济系统clean\real_System_remake\human_collect_web_data\synthetic\SYN-GRAD-009_synthetic_meta.csv
SYN-GRAD-009,20-40岁,硕士及以上,男,学过一点,经常接触,184,1,episode_done,99,98,520.27,5.309,11.302,532.334,11.046,197,td3,D:\福州大学\3.课外\实验\经济系统cleanclean\经济系统clean\real_System_remake\human_collect_web_data\synthetic\SYN-GRAD-009_synthetic_expert.csv,D:\福州大学\3.课外\实验\经济系统cleanclean\经济系统clean\real_System_remake\human_collect_web_data\synthetic\SYN-GRAD-009_synthetic_meta.csv
SYN-GRAD-009,20-40岁,硕士及以上,男,学过一点,经常接触,184,2,episode_done,99,98,743.575,7.588,7.908,766.202,7.674,295,td3,D:\福州大学\3.课外\实验\经济系统cleanclean\经济系统clean\real_System_remake\human_collect_web_data\synthetic\SYN-GRAD-009_synthetic_expert.csv,D:\福州大学\3.课外\实验\经济系统cleanclean\经济系统clean\real_System_remake\human_collect_web_data\synthetic\SYN-GRAD-009_synthetic_meta.csv
SYN-GRAD-009,20-40岁,硕士及以上,男,学过一点,经常接触,184,3,episode_done,99,98,734.252,7.492,8.008,770.422,7.632,393,td3,D:\福州大学\3.课外\实验\经济系统cleanclean\经济系统clean\real_System_remake\human_collect_web_data\synthetic\SYN-GRAD-009_synthetic_expert.csv,D:\福州大学\3.课外\实验\经济系统cleanclean\经济系统clean\real_System_remake\human_collect_web_data\synthetic\SYN-GRAD-009_synthetic_meta.csv
SYN-GRAD-009,20-40岁,硕士及以上,男,学过一点,经常接触,184,4,episode_done,99,98,804.395,8.208,7.31,823.334,7.142,491,td3,D:\福州大学\3.课外\实验\经济系统cleanclean\经济系统clean\real_System_remake\human_collect_web_data\synthetic\SYN-GRAD-009_synthetic_expert.csv,D:\福州大学\3.课外\实验\经济系统cleanclean\经济系统clean\real_System_remake\human_collect_web_data\synthetic\SYN-GRAD-009_synthetic_meta.csv
SYN-GRAD-010,20-40岁,硕士及以上,女,学过一点,经常接触,184,0,episode_done,100,99,642.636,6.491,9.243,652.741,9.1,99,td3,D:\福州大学\3.课外\实验\经济系统cleanclean\经济系统clean\real_System_remake\human_collect_web_data\synthetic\SYN-GRAD-010_synthetic_expert.csv,D:\福州大学\3.课外\实验\经济系统cleanclean\经济系统clean\real_System_remake\human_collect_web_data\synthetic\SYN-GRAD-010_synthetic_meta.csv
SYN-GRAD-010,20-40岁,硕士及以上,女,学过一点,经常接触,184,1,episode_done,99,98,548.061,5.592,10.729,559.692,10.506,197,td3,D:\福州大学\3.课外\实验\经济系统cleanclean\经济系统clean\real_System_remake\human_collect_web_data\synthetic\SYN-GRAD-010_synthetic_expert.csv,D:\福州大学\3.课外\实验\经济系统cleanclean\经济系统clean\real_System_remake\human_collect_web_data\synthetic\SYN-GRAD-010_synthetic_meta.csv
SYN-GRAD-010,20-40岁,硕士及以上,女,学过一点,经常接触,184,2,episode_done,99,98,669.515,6.832,8.782,687.599,8.551,295,td3,D:\福州大学\3.课外\实验\经济系统cleanclean\经济系统clean\real_System_remake\human_collect_web_data\synthetic\SYN-GRAD-010_synthetic_expert.csv,D:\福州大学\3.课外\实验\经济系统cleanclean\经济系统clean\real_System_remake\human_collect_web_data\synthetic\SYN-GRAD-010_synthetic_meta.csv
SYN-GRAD-010,20-40岁,硕士及以上,女,学过一点,经常接触,184,3,episode_done,99,98,522.204,5.329,11.26,541.328,10.862,393,td3,D:\福州大学\3.课外\实验\经济系统cleanclean\经济系统clean\real_System_remake\human_collect_web_data\synthetic\SYN-GRAD-010_synthetic_expert.csv,D:\福州大学\3.课外\实验\经济系统cleanclean\经济系统clean\real_System_remake\human_collect_web_data\synthetic\SYN-GRAD-010_synthetic_meta.csv
SYN-GRAD-010,20-40岁,硕士及以上,女,学过一点,经常接触,184,4,episode_done,99,98,1024.261,10.452,5.741,1040.452,5.651,491,td3,D:\福州大学\3.课外\实验\经济系统cleanclean\经济系统clean\real_System_remake\human_collect_web_data\synthetic\SYN-GRAD-010_synthetic_expert.csv,D:\福州大学\3.课外\实验\经济系统cleanclean\经济系统clean\real_System_remake\human_collect_web_data\synthetic\SYN-GRAD-010_synthetic_meta.csv
SYN-GRAD-011,20-40岁,硕士及以上,男,学过一点,经常接触,184,0,episode_done,100,99,748.797,7.564,7.933,763.899,7.776,99,td3,D:\福州大学\3.课外\实验\经济系统cleanclean\经济系统clean\real_System_remake\human_collect_web_data\synthetic\SYN-GRAD-011_synthetic_expert.csv,D:\福州大学\3.课外\实验\经济系统cleanclean\经济系统clean\real_System_remake\human_collect_web_data\synthetic\SYN-GRAD-011_synthetic_meta.csv
SYN-GRAD-011,20-40岁,硕士及以上,男,学过一点,经常接触,184,1,episode_done,99,98,854.481,8.719,6.881,898.715,6.543,197,td3,D:\福州大学\3.课外\实验\经济系统cleanclean\经济系统clean\real_System_remake\human_collect_web_data\synthetic\SYN-GRAD-011_synthetic_expert.csv,D:\福州大学\3.课外\实验\经济系统cleanclean\经济系统clean\real_System_remake\human_collect_web_data\synthetic\SYN-GRAD-011_synthetic_meta.csv
SYN-GRAD-011,20-40岁,硕士及以上,男,学过一点,经常接触,184,2,episode_done,99,98,793.685,8.099,7.408,811.794,7.243,295,td3,D:\福州大学\3.课外\实验\经济系统cleanclean\经济系统clean\real_System_remake\human_collect_web_data\synthetic\SYN-GRAD-011_synthetic_expert.csv,D:\福州大学\3.课外\实验\经济系统cleanclean\经济系统clean\real_System_remake\human_collect_web_data\synthetic\SYN-GRAD-011_synthetic_meta.csv
SYN-GRAD-011,20-40岁,硕士及以上,男,学过一点,经常接触,184,3,episode_done,99,98,1132.171,11.553,5.194,1156.947,5.082,393,td3,D:\福州大学\3.课外\实验\经济系统cleanclean\经济系统clean\real_System_remake\human_collect_web_data\synthetic\SYN-GRAD-011_synthetic_expert.csv,D:\福州大学\3.课外\实验\经济系统cleanclean\经济系统clean\real_System_remake\human_collect_web_data\synthetic\SYN-GRAD-011_synthetic_meta.csv
SYN-GRAD-011,20-40岁,硕士及以上,男,学过一点,经常接触,184,4,episode_done,99,98,861.512,8.791,6.825,905.515,6.494,491,td3,D:\福州大学\3.课外\实验\经济系统cleanclean\经济系统clean\real_System_remake\human_collect_web_data\synthetic\SYN-GRAD-011_synthetic_expert.csv,D:\福州大学\3.课外\实验\经济系统cleanclean\经济系统clean\real_System_remake\human_collect_web_data\synthetic\SYN-GRAD-011_synthetic_meta.csv
SYN-GRAD-012,20-40岁,硕士及以上,女,学过一点,经常接触,184,0,episode_done,100,99,1042.554,10.531,5.698,1070.32,5.55,99,td3,D:\福州大学\3.课外\实验\经济系统cleanclean\经济系统clean\real_System_remake\human_collect_web_data\synthetic\SYN-GRAD-012_synthetic_expert.csv,D:\福州大学\3.课外\实验\经济系统cleanclean\经济系统clean\real_System_remake\human_collect_web_data\synthetic\SYN-GRAD-012_synthetic_meta.csv
SYN-GRAD-012,20-40岁,硕士及以上,女,学过一点,经常接触,184,1,episode_done,99,98,547.376,5.585,10.742,577.138,10.188,197,td3,D:\福州大学\3.课外\实验\经济系统cleanclean\经济系统clean\real_System_remake\human_collect_web_data\synthetic\SYN-GRAD-012_synthetic_expert.csv,D:\福州大学\3.课外\实验\经济系统cleanclean\经济系统clean\real_System_remake\human_collect_web_data\synthetic\SYN-GRAD-012_synthetic_meta.csv
SYN-GRAD-012,20-40岁,硕士及以上,女,学过一点,经常接触,184,2,episode_done,99,98,972.32,9.922,6.047,1001.264,5.873,295,td3,D:\福州大学\3.课外\实验\经济系统cleanclean\经济系统clean\real_System_remake\human_collect_web_data\synthetic\SYN-GRAD-012_synthetic_expert.csv,D:\福州大学\3.课外\实验\经济系统cleanclean\经济系统clean\real_System_remake\human_collect_web_data\synthetic\SYN-GRAD-012_synthetic_meta.csv
SYN-GRAD-012,20-40岁,硕士及以上,女,学过一点,经常接触,184,3,episode_done,99,98,844.846,8.621,6.96,864.448,6.802,393,td3,D:\福州大学\3.课外\实验\经济系统cleanclean\经济系统clean\real_System_remake\human_collect_web_data\synthetic\SYN-GRAD-012_synthetic_expert.csv,D:\福州大学\3.课外\实验\经济系统cleanclean\经济系统clean\real_System_remake\human_collect_web_data\synthetic\SYN-GRAD-012_synthetic_meta.csv
SYN-GRAD-012,20-40岁,硕士及以上,女,学过一点,经常接触,184,4,episode_done,99,98,975.174,9.951,6.03,995.928,5.904,491,td3,D:\福州大学\3.课外\实验\经济系统cleanclean\经济系统clean\real_System_remake\human_collect_web_data\synthetic\SYN-GRAD-012_synthetic_expert.csv,D:\福州大学\3.课外\实验\经济系统cleanclean\经济系统clean\real_System_remake\human_collect_web_data\synthetic\SYN-GRAD-012_synthetic_meta.csv
SYN-GRAD-013,20-40岁,硕士及以上,男,学过一点,经常接触,184,0,episode_done,100,99,864.7,8.734,6.869,879.056,6.757,99,td3,D:\福州大学\3.课外\实验\经济系统cleanclean\经济系统clean\real_System_remake\human_collect_web_data\synthetic\SYN-GRAD-013_synthetic_expert.csv,D:\福州大学\3.课外\实验\经济系统cleanclean\经济系统clean\real_System_remake\human_collect_web_data\synthetic\SYN-GRAD-013_synthetic_meta.csv
SYN-GRAD-013,20-40岁,硕士及以上,男,学过一点,经常接触,184,1,episode_done,99,98,960.03,9.796,6.125,985.749,5.965,197,td3,D:\福州大学\3.课外\实验\经济系统cleanclean\经济系统clean\real_System_remake\human_collect_web_data\synthetic\SYN-GRAD-013_synthetic_expert.csv,D:\福州大学\3.课外\实验\经济系统cleanclean\经济系统clean\real_System_remake\human_collect_web_data\synthetic\SYN-GRAD-013_synthetic_meta.csv
SYN-GRAD-013,20-40岁,硕士及以上,男,学过一点,经常接触,184,2,episode_done,99,98,1057.423,10.79,5.561,1105.804,5.317,295,td3,D:\福州大学\3.课外\实验\经济系统cleanclean\经济系统clean\real_System_remake\human_collect_web_data\synthetic\SYN-GRAD-013_synthetic_expert.csv,D:\福州大学\3.课外\实验\经济系统cleanclean\经济系统clean\real_System_remake\human_collect_web_data\synthetic\SYN-GRAD-013_synthetic_meta.csv
SYN-GRAD-013,20-40岁,硕士及以上,男,学过一点,经常接触,184,3,episode_done,99,98,1146.538,11.699,5.128,1197.73,4.909,393,td3,D:\福州大学\3.课外\实验\经济系统cleanclean\经济系统clean\real_System_remake\human_collect_web_data\synthetic\SYN-GRAD-013_synthetic_expert.csv,D:\福州大学\3.课外\实验\经济系统cleanclean\经济系统clean\real_System_remake\human_collect_web_data\synthetic\SYN-GRAD-013_synthetic_meta.csv
SYN-GRAD-013,20-40岁,硕士及以上,男,学过一点,经常接触,184,4,episode_done,99,98,1064.166,10.859,5.525,1082.877,5.43,491,td3,D:\福州大学\3.课外\实验\经济系统cleanclean\经济系统clean\real_System_remake\human_collect_web_data\synthetic\SYN-GRAD-013_synthetic_expert.csv,D:\福州大学\3.课外\实验\经济系统cleanclean\经济系统clean\real_System_remake\human_collect_web_data\synthetic\SYN-GRAD-013_synthetic_meta.csv
SYN-GRAD-014,20-40岁,硕士及以上,女,学过一点,经常接触,184,0,episode_done,100,99,682.933,6.898,8.698,710.105,8.365,99,td3,D:\福州大学\3.课外\实验\经济系统cleanclean\经济系统clean\real_System_remake\human_collect_web_data\synthetic\SYN-GRAD-014_synthetic_expert.csv,D:\福州大学\3.课外\实验\经济系统cleanclean\经济系统clean\real_System_remake\human_collect_web_data\synthetic\SYN-GRAD-014_synthetic_meta.csv
SYN-GRAD-014,20-40岁,硕士及以上,女,学过一点,经常接触,184,1,episode_done,99,98,496.766,5.069,11.837,505.212,11.639,197,td3,D:\福州大学\3.课外\实验\经济系统cleanclean\经济系统clean\real_System_remake\human_collect_web_data\synthetic\SYN-GRAD-014_synthetic_expert.csv,D:\福州大学\3.课外\实验\经济系统cleanclean\经济系统clean\real_System_remake\human_collect_web_data\synthetic\SYN-GRAD-014_synthetic_meta.csv
SYN-GRAD-014,20-40岁,硕士及以上,女,学过一点,经常接触,184,2,episode_done,99,98,559.444,5.709,10.51,584.356,10.062,295,td3,D:\福州大学\3.课外\实验\经济系统cleanclean\经济系统clean\real_System_remake\human_collect_web_data\synthetic\SYN-GRAD-014_synthetic_expert.csv,D:\福州大学\3.课外\实验\经济系统cleanclean\经济系统clean\real_System_remake\human_collect_web_data\synthetic\SYN-GRAD-014_synthetic_meta.csv
SYN-GRAD-014,20-40岁,硕士及以上,女,学过一点,经常接触,184,3,episode_done,99,98,1089.996,11.122,5.395,1122.893,5.236,393,td3,D:\福州大学\3.课外\实验\经济系统cleanclean\经济系统clean\real_System_remake\human_collect_web_data\synthetic\SYN-GRAD-014_synthetic_expert.csv,D:\福州大学\3.课外\实验\经济系统cleanclean\经济系统clean\real_System_remake\human_collect_web_data\synthetic\SYN-GRAD-014_synthetic_meta.csv
SYN-GRAD-014,20-40岁,硕士及以上,女,学过一点,经常接触,184,4,episode_done,99,98,543.369,5.545,10.821,559.627,10.507,491,td3,D:\福州大学\3.课外\实验\经济系统cleanclean\经济系统clean\real_System_remake\human_collect_web_data\synthetic\SYN-GRAD-014_synthetic_expert.csv,D:\福州大学\3.课外\实验\经济系统cleanclean\经济系统clean\real_System_remake\human_collect_web_data\synthetic\SYN-GRAD-014_synthetic_meta.csv
SYN-GRAD-015,20-40岁,硕士及以上,男,学过一点,经常接触,184,0,episode_done,100,99,580.822,5.867,10.227,604.529,9.826,99,td3,D:\福州大学\3.课外\实验\经济系统cleanclean\经济系统clean\real_System_remake\human_collect_web_data\synthetic\SYN-GRAD-015_synthetic_expert.csv,D:\福州大学\3.课外\实验\经济系统cleanclean\经济系统clean\real_System_remake\human_collect_web_data\synthetic\SYN-GRAD-015_synthetic_meta.csv
SYN-GRAD-015,20-40岁,硕士及以上,男,学过一点,经常接触,184,1,episode_done,99,98,491.515,5.015,11.963,516.025,11.395,197,td3,D:\福州大学\3.课外\实验\经济系统cleanclean\经济系统clean\real_System_remake\human_collect_web_data\synthetic\SYN-GRAD-015_synthetic_expert.csv,D:\福州大学\3.课外\实验\经济系统cleanclean\经济系统clean\real_System_remake\human_collect_web_data\synthetic\SYN-GRAD-015_synthetic_meta.csv
SYN-GRAD-015,20-40岁,硕士及以上,男,学过一点,经常接触,184,2,episode_done,99,98,914.963,9.336,6.426,958.895,6.132,295,td3,D:\福州大学\3.课外\实验\经济系统cleanclean\经济系统clean\real_System_remake\human_collect_web_data\synthetic\SYN-GRAD-015_synthetic_expert.csv,D:\福州大学\3.课外\实验\经济系统cleanclean\经济系统clean\real_System_remake\human_collect_web_data\synthetic\SYN-GRAD-015_synthetic_meta.csv
SYN-GRAD-015,20-40岁,硕士及以上,男,学过一点,经常接触,184,3,episode_done,99,98,529.562,5.404,11.104,558.259,10.533,393,td3,D:\福州大学\3.课外\实验\经济系统cleanclean\经济系统clean\real_System_remake\human_collect_web_data\synthetic\SYN-GRAD-015_synthetic_expert.csv,D:\福州大学\3.课外\实验\经济系统cleanclean\经济系统clean\real_System_remake\human_collect_web_data\synthetic\SYN-GRAD-015_synthetic_meta.csv
SYN-GRAD-015,20-40岁,硕士及以上,男,学过一点,经常接触,184,4,episode_done,99,98,1058.649,10.803,5.554,1082.729,5.431,491,td3,D:\福州大学\3.课外\实验\经济系统cleanclean\经济系统clean\real_System_remake\human_collect_web_data\synthetic\SYN-GRAD-015_synthetic_expert.csv,D:\福州大学\3.课外\实验\经济系统cleanclean\经济系统clean\real_System_remake\human_collect_web_data\synthetic\SYN-GRAD-015_synthetic_meta.csv
SYN-GRAD-016,20-40岁,硕士及以上,女,学过一点,经常接触,184,0,episode_done,100,99,1183.601,11.956,5.019,1242.535,4.781,99,td3,D:\福州大学\3.课外\实验\经济系统cleanclean\经济系统clean\real_System_remake\human_collect_web_data\synthetic\SYN-GRAD-016_synthetic_expert.csv,D:\福州大学\3.课外\实验\经济系统cleanclean\经济系统clean\real_System_remake\human_collect_web_data\synthetic\SYN-GRAD-016_synthetic_meta.csv
SYN-GRAD-016,20-40岁,硕士及以上,女,学过一点,经常接触,184,1,episode_done,99,98,709.986,7.245,8.282,742.619,7.918,197,td3,D:\福州大学\3.课外\实验\经济系统cleanclean\经济系统clean\real_System_remake\human_collect_web_data\synthetic\SYN-GRAD-016_synthetic_expert.csv,D:\福州大学\3.课外\实验\经济系统cleanclean\经济系统clean\real_System_remake\human_collect_web_data\synthetic\SYN-GRAD-016_synthetic_meta.csv
SYN-GRAD-016,20-40岁,硕士及以上,女,学过一点,经常接触,184,2,episode_done,99,98,652.074,6.654,9.017,678.84,8.662,295,td3,D:\福州大学\3.课外\实验\经济系统cleanclean\经济系统clean\real_System_remake\human_collect_web_data\synthetic\SYN-GRAD-016_synthetic_expert.csv,D:\福州大学\3.课外\实验\经济系统cleanclean\经济系统clean\real_System_remake\human_collect_web_data\synthetic\SYN-GRAD-016_synthetic_meta.csv
SYN-GRAD-016,20-40岁,硕士及以上,女,学过一点,经常接触,184,3,episode_done,99,98,802.308,8.187,7.329,839.396,7.005,393,td3,D:\福州大学\3.课外\实验\经济系统cleanclean\经济系统clean\real_System_remake\human_collect_web_data\synthetic\SYN-GRAD-016_synthetic_expert.csv,D:\福州大学\3.课外\实验\经济系统cleanclean\经济系统clean\real_System_remake\human_collect_web_data\synthetic\SYN-GRAD-016_synthetic_meta.csv
SYN-GRAD-016,20-40岁,硕士及以上,女,学过一点,经常接触,184,4,episode_done,99,98,667.456,6.811,8.81,690.093,8.521,491,td3,D:\福州大学\3.课外\实验\经济系统cleanclean\经济系统clean\real_System_remake\human_collect_web_data\synthetic\SYN-GRAD-016_synthetic_expert.csv,D:\福州大学\3.课外\实验\经济系统cleanclean\经济系统clean\real_System_remake\human_collect_web_data\synthetic\SYN-GRAD-016_synthetic_meta.csv
SYN-GRAD-017,20-40岁,硕士及以上,男,学过一点,经常接触,184,0,episode_done,100,99,496.277,5.013,11.969,511.838,11.605,99,td3,D:\福州大学\3.课外\实验\经济系统cleanclean\经济系统clean\real_System_remake\human_collect_web_data\synthetic\SYN-GRAD-017_synthetic_expert.csv,D:\福州大学\3.课外\实验\经济系统cleanclean\经济系统clean\real_System_remake\human_collect_web_data\synthetic\SYN-GRAD-017_synthetic_meta.csv
SYN-GRAD-017,20-40岁,硕士及以上,男,学过一点,经常接触,184,1,episode_done,99,98,561.915,5.734,10.464,574.832,10.229,197,td3,D:\福州大学\3.课外\实验\经济系统cleanclean\经济系统clean\real_System_remake\human_collect_web_data\synthetic\SYN-GRAD-017_synthetic_expert.csv,D:\福州大学\3.课外\实验\经济系统cleanclean\经济系统clean\real_System_remake\human_collect_web_data\synthetic\SYN-GRAD-017_synthetic_meta.csv
SYN-GRAD-017,20-40岁,硕士及以上,男,学过一点,经常接触,184,2,episode_done,99,98,877.201,8.951,6.703,914.63,6.429,295,td3,D:\福州大学\3.课外\实验\经济系统cleanclean\经济系统clean\real_System_remake\human_collect_web_data\synthetic\SYN-GRAD-017_synthetic_expert.csv,D:\福州大学\3.课外\实验\经济系统cleanclean\经济系统clean\real_System_remake\human_collect_web_data\synthetic\SYN-GRAD-017_synthetic_meta.csv
SYN-GRAD-017,20-40岁,硕士及以上,男,学过一点,经常接触,184,3,episode_done,99,98,446.881,4.56,13.158,455.554,12.907,393,td3,D:\福州大学\3.课外\实验\经济系统cleanclean\经济系统clean\real_System_remake\human_collect_web_data\synthetic\SYN-GRAD-017_synthetic_expert.csv,D:\福州大学\3.课外\实验\经济系统cleanclean\经济系统clean\real_System_remake\human_collect_web_data\synthetic\SYN-GRAD-017_synthetic_meta.csv
SYN-GRAD-017,20-40岁,硕士及以上,男,学过一点,经常接触,184,4,episode_done,99,98,1082.097,11.042,5.434,1120.964,5.245,491,td3,D:\福州大学\3.课外\实验\经济系统cleanclean\经济系统clean\real_System_remake\human_collect_web_data\synthetic\SYN-GRAD-017_synthetic_expert.csv,D:\福州大学\3.课外\实验\经济系统cleanclean\经济系统clean\real_System_remake\human_collect_web_data\synthetic\SYN-GRAD-017_synthetic_meta.csv
SYN-GRAD-018,20-40岁,硕士及以上,女,学过一点,经常接触,184,0,episode_done,100,99,1090.916,11.019,5.445,1122.445,5.292,99,td3,D:\福州大学\3.课外\实验\经济系统cleanclean\经济系统clean\real_System_remake\human_collect_web_data\synthetic\SYN-GRAD-018_synthetic_expert.csv,D:\福州大学\3.课外\实验\经济系统cleanclean\经济系统clean\real_System_remake\human_collect_web_data\synthetic\SYN-GRAD-018_synthetic_meta.csv
SYN-GRAD-018,20-40岁,硕士及以上,女,学过一点,经常接触,184,1,episode_done,99,98,507.71,5.181,11.581,520.572,11.295,197,td3,D:\福州大学\3.课外\实验\经济系统cleanclean\经济系统clean\real_System_remake\human_collect_web_data\synthetic\SYN-GRAD-018_synthetic_expert.csv,D:\福州大学\3.课外\实验\经济系统cleanclean\经济系统clean\real_System_remake\human_collect_web_data\synthetic\SYN-GRAD-018_synthetic_meta.csv
SYN-GRAD-018,20-40岁,硕士及以上,女,学过一点,经常接触,184,2,episode_done,99,98,1110.629,11.333,5.294,1131.488,5.197,295,td3,D:\福州大学\3.课外\实验\经济系统cleanclean\经济系统clean\real_System_remake\human_collect_web_data\synthetic\SYN-GRAD-018_synthetic_expert.csv,D:\福州大学\3.课外\实验\经济系统cleanclean\经济系统clean\real_System_remake\human_collect_web_data\synthetic\SYN-GRAD-018_synthetic_meta.csv
SYN-GRAD-018,20-40岁,硕士及以上,女,学过一点,经常接触,184,3,episode_done,99,98,709.437,7.239,8.288,745.531,7.887,393,td3,D:\福州大学\3.课外\实验\经济系统cleanclean\经济系统clean\real_System_remake\human_collect_web_data\synthetic\SYN-GRAD-018_synthetic_expert.csv,D:\福州大学\3.课外\实验\经济系统cleanclean\经济系统clean\real_System_remake\human_collect_web_data\synthetic\SYN-GRAD-018_synthetic_meta.csv
SYN-GRAD-018,20-40岁,硕士及以上,女,学过一点,经常接触,184,4,episode_done,99,98,721.986,7.367,8.144,733.073,8.021,491,td3,D:\福州大学\3.课外\实验\经济系统cleanclean\经济系统clean\real_System_remake\human_collect_web_data\synthetic\SYN-GRAD-018_synthetic_expert.csv,D:\福州大学\3.课外\实验\经济系统cleanclean\经济系统clean\real_System_remake\human_collect_web_data\synthetic\SYN-GRAD-018_synthetic_meta.csv
SYN-GRAD-019,20-40岁,硕士及以上,男,比较熟悉,经常接触,184,0,episode_done,100,99,757.172,7.648,7.845,783.362,7.583,99,td3,D:\福州大学\3.课外\实验\经济系统cleanclean\经济系统clean\real_System_remake\human_collect_web_data\synthetic\SYN-GRAD-019_synthetic_expert.csv,D:\福州大学\3.课外\实验\经济系统cleanclean\经济系统clean\real_System_remake\human_collect_web_data\synthetic\SYN-GRAD-019_synthetic_meta.csv
SYN-GRAD-019,20-40岁,硕士及以上,男,比较熟悉,经常接触,184,1,episode_done,99,98,863.691,8.813,6.808,891.137,6.598,197,td3,D:\福州大学\3.课外\实验\经济系统cleanclean\经济系统clean\real_System_remake\human_collect_web_data\synthetic\SYN-GRAD-019_synthetic_expert.csv,D:\福州大学\3.课外\实验\经济系统cleanclean\经济系统clean\real_System_remake\human_collect_web_data\synthetic\SYN-GRAD-019_synthetic_meta.csv
SYN-GRAD-019,20-40岁,硕士及以上,男,比较熟悉,经常接触,184,2,episode_done,99,98,1047.537,10.689,5.613,1079.378,5.448,295,td3,D:\福州大学\3.课外\实验\经济系统cleanclean\经济系统clean\real_System_remake\human_collect_web_data\synthetic\SYN-GRAD-019_synthetic_expert.csv,D:\福州大学\3.课外\实验\经济系统cleanclean\经济系统clean\real_System_remake\human_collect_web_data\synthetic\SYN-GRAD-019_synthetic_meta.csv
SYN-GRAD-019,20-40岁,硕士及以上,男,比较熟悉,经常接触,184,3,episode_done,99,98,854.998,8.724,6.877,879.408,6.686,393,td3,D:\福州大学\3.课外\实验\经济系统cleanclean\经济系统clean\real_System_remake\human_collect_web_data\synthetic\SYN-GRAD-019_synthetic_expert.csv,D:\福州大学\3.课外\实验\经济系统cleanclean\经济系统clean\real_System_remake\human_collect_web_data\synthetic\SYN-GRAD-019_synthetic_meta.csv
SYN-GRAD-019,20-40岁,硕士及以上,男,比较熟悉,经常接触,184,4,episode_done,99,98,839.367,8.565,7.005,883.758,6.653,491,td3,D:\福州大学\3.课外\实验\经济系统cleanclean\经济系统clean\real_System_remake\human_collect_web_data\synthetic\SYN-GRAD-019_synthetic_expert.csv,D:\福州大学\3.课外\实验\经济系统cleanclean\经济系统clean\real_System_remake\human_collect_web_data\synthetic\SYN-GRAD-019_synthetic_meta.csv
SYN-GRAD-020,20-40岁,硕士及以上,女,比较熟悉,经常接触,184,0,episode_done,100,99,748.88,7.564,7.932,766.56,7.749,99,td3,D:\福州大学\3.课外\实验\经济系统cleanclean\经济系统clean\real_System_remake\human_collect_web_data\synthetic\SYN-GRAD-020_synthetic_expert.csv,D:\福州大学\3.课外\实验\经济系统cleanclean\经济系统clean\real_System_remake\human_collect_web_data\synthetic\SYN-GRAD-020_synthetic_meta.csv
SYN-GRAD-020,20-40岁,硕士及以上,女,比较熟悉,经常接触,184,1,episode_done,99,98,463.168,4.726,12.695,474.484,12.392,197,td3,D:\福州大学\3.课外\实验\经济系统cleanclean\经济系统clean\real_System_remake\human_collect_web_data\synthetic\SYN-GRAD-020_synthetic_expert.csv,D:\福州大学\3.课外\实验\经济系统cleanclean\经济系统clean\real_System_remake\human_collect_web_data\synthetic\SYN-GRAD-020_synthetic_meta.csv
SYN-GRAD-020,20-40岁,硕士及以上,女,比较熟悉,经常接触,184,2,episode_done,99,98,509.825,5.202,11.533,536.441,10.961,295,td3,D:\福州大学\3.课外\实验\经济系统cleanclean\经济系统clean\real_System_remake\human_collect_web_data\synthetic\SYN-GRAD-020_synthetic_expert.csv,D:\福州大学\3.课外\实验\经济系统cleanclean\经济系统clean\real_System_remake\human_collect_web_data\synthetic\SYN-GRAD-020_synthetic_meta.csv
SYN-GRAD-020,20-40岁,硕士及以上,女,比较熟悉,经常接触,184,3,episode_done,99,98,830.072,8.47,7.084,858.865,6.846,393,td3,D:\福州大学\3.课外\实验\经济系统cleanclean\经济系统clean\real_System_remake\human_collect_web_data\synthetic\SYN-GRAD-020_synthetic_expert.csv,D:\福州大学\3.课外\实验\经济系统cleanclean\经济系统clean\real_System_remake\human_collect_web_data\synthetic\SYN-GRAD-020_synthetic_meta.csv
SYN-GRAD-020,20-40岁,硕士及以上,女,比较熟悉,经常接触,184,4,episode_done,99,98,884.264,9.023,6.65,920.76,6.386,491,td3,D:\福州大学\3.课外\实验\经济系统cleanclean\经济系统clean\real_System_remake\human_collect_web_data\synthetic\SYN-GRAD-020_synthetic_expert.csv,D:\福州大学\3.课外\实验\经济系统cleanclean\经济系统clean\real_System_remake\human_collect_web_data\synthetic\SYN-GRAD-020_synthetic_meta.csv
SYN-GRAD-021,20-40岁,硕士及以上,男,比较熟悉,经常接触,184,0,episode_done,100,99,723.96,7.313,8.205,750.139,7.919,99,td3,D:\福州大学\3.课外\实验\经济系统cleanclean\经济系统clean\real_System_remake\human_collect_web_data\synthetic\SYN-GRAD-021_synthetic_expert.csv,D:\福州大学\3.课外\实验\经济系统cleanclean\经济系统clean\real_System_remake\human_collect_web_data\synthetic\SYN-GRAD-021_synthetic_meta.csv
SYN-GRAD-021,20-40岁,硕士及以上,男,比较熟悉,经常接触,184,1,episode_done,99,98,425.88,4.346,13.807,436.268,13.478,197,td3,D:\福州大学\3.课外\实验\经济系统cleanclean\经济系统clean\real_System_remake\human_collect_web_data\synthetic\SYN-GRAD-021_synthetic_expert.csv,D:\福州大学\3.课外\实验\经济系统cleanclean\经济系统clean\real_System_remake\human_collect_web_data\synthetic\SYN-GRAD-021_synthetic_meta.csv
SYN-GRAD-021,20-40岁,硕士及以上,男,比较熟悉,经常接触,184,2,episode_done,99,98,973.603,9.935,6.039,1012.527,5.807,295,td3,D:\福州大学\3.课外\实验\经济系统cleanclean\经济系统clean\real_System_remake\human_collect_web_data\synthetic\SYN-GRAD-021_synthetic_expert.csv,D:\福州大学\3.课外\实验\经济系统cleanclean\经济系统clean\real_System_remake\human_collect_web_data\synthetic\SYN-GRAD-021_synthetic_meta.csv
SYN-GRAD-021,20-40岁,硕士及以上,男,比较熟悉,经常接触,184,3,episode_done,99,98,855.934,8.734,6.87,876.796,6.706,393,td3,D:\福州大学\3.课外\实验\经济系统cleanclean\经济系统clean\real_System_remake\human_collect_web_data\synthetic\SYN-GRAD-021_synthetic_expert.csv,D:\福州大学\3.课外\实验\经济系统cleanclean\经济系统clean\real_System_remake\human_collect_web_data\synthetic\SYN-GRAD-021_synthetic_meta.csv
SYN-GRAD-021,20-40岁,硕士及以上,男,比较熟悉,经常接触,184,4,episode_done,99,98,724.44,7.392,8.117,737.472,7.973,491,td3,D:\福州大学\3.课外\实验\经济系统cleanclean\经济系统clean\real_System_remake\human_collect_web_data\synthetic\SYN-GRAD-021_synthetic_expert.csv,D:\福州大学\3.课外\实验\经济系统cleanclean\经济系统clean\real_System_remake\human_collect_web_data\synthetic\SYN-GRAD-021_synthetic_meta.csv
SYN-GRAD-022,20-40岁,硕士及以上,女,比较熟悉,经常接触,184,0,episode_done,100,99,577.61,5.834,10.284,605.313,9.813,99,td3,D:\福州大学\3.课外\实验\经济系统cleanclean\经济系统clean\real_System_remake\human_collect_web_data\synthetic\SYN-GRAD-022_synthetic_expert.csv,D:\福州大学\3.课外\实验\经济系统cleanclean\经济系统clean\real_System_remake\human_collect_web_data\synthetic\SYN-GRAD-022_synthetic_meta.csv
SYN-GRAD-022,20-40岁,硕士及以上,女,比较熟悉,经常接触,184,1,episode_done,99,98,756.691,7.721,7.771,792.772,7.417,197,td3,D:\福州大学\3.课外\实验\经济系统cleanclean\经济系统clean\real_System_remake\human_collect_web_data\synthetic\SYN-GRAD-022_synthetic_expert.csv,D:\福州大学\3.课外\实验\经济系统cleanclean\经济系统clean\real_System_remake\human_collect_web_data\synthetic\SYN-GRAD-022_synthetic_meta.csv
SYN-GRAD-022,20-40岁,硕士及以上,女,比较熟悉,经常接触,184,2,episode_done,99,98,487.481,4.974,12.062,504.027,11.666,295,td3,D:\福州大学\3.课外\实验\经济系统cleanclean\经济系统clean\real_System_remake\human_collect_web_data\synthetic\SYN-GRAD-022_synthetic_expert.csv,D:\福州大学\3.课外\实验\经济系统cleanclean\经济系统clean\real_System_remake\human_collect_web_data\synthetic\SYN-GRAD-022_synthetic_meta.csv
SYN-GRAD-022,20-40岁,硕士及以上,女,比较熟悉,经常接触,184,3,episode_done,99,98,633.489,6.464,9.282,643.303,9.14,393,td3,D:\福州大学\3.课外\实验\经济系统cleanclean\经济系统clean\real_System_remake\human_collect_web_data\synthetic\SYN-GRAD-022_synthetic_expert.csv,D:\福州大学\3.课外\实验\经济系统cleanclean\经济系统clean\real_System_remake\human_collect_web_data\synthetic\SYN-GRAD-022_synthetic_meta.csv
SYN-GRAD-022,20-40岁,硕士及以上,女,比较熟悉,经常接触,184,4,episode_done,99,98,619.976,6.326,9.484,643.886,9.132,491,td3,D:\福州大学\3.课外\实验\经济系统cleanclean\经济系统clean\real_System_remake\human_collect_web_data\synthetic\SYN-GRAD-022_synthetic_expert.csv,D:\福州大学\3.课外\实验\经济系统cleanclean\经济系统clean\real_System_remake\human_collect_web_data\synthetic\SYN-GRAD-022_synthetic_meta.csv
SYN-GRAD-023,20-40岁,硕士及以上,男,比较熟悉,经常接触,184,0,episode_done,100,99,1102.81,11.139,5.386,1159.183,5.124,99,td3,D:\福州大学\3.课外\实验\经济系统cleanclean\经济系统clean\real_System_remake\human_collect_web_data\synthetic\SYN-GRAD-023_synthetic_expert.csv,D:\福州大学\3.课外\实验\经济系统cleanclean\经济系统clean\real_System_remake\human_collect_web_data\synthetic\SYN-GRAD-023_synthetic_meta.csv
SYN-GRAD-023,20-40岁,硕士及以上,男,比较熟悉,经常接触,184,1,episode_done,99,98,543.297,5.544,10.823,567.757,10.357,197,td3,D:\福州大学\3.课外\实验\经济系统cleanclean\经济系统clean\real_System_remake\human_collect_web_data\synthetic\SYN-GRAD-023_synthetic_expert.csv,D:\福州大学\3.课外\实验\经济系统cleanclean\经济系统clean\real_System_remake\human_collect_web_data\synthetic\SYN-GRAD-023_synthetic_meta.csv
SYN-GRAD-023,20-40岁,硕士及以上,男,比较熟悉,经常接触,184,2,episode_done,99,98,475.223,4.849,12.373,485.112,12.121,295,td3,D:\福州大学\3.课外\实验\经济系统cleanclean\经济系统clean\real_System_remake\human_collect_web_data\synthetic\SYN-GRAD-023_synthetic_expert.csv,D:\福州大学\3.课外\实验\经济系统cleanclean\经济系统clean\real_System_remake\human_collect_web_data\synthetic\SYN-GRAD-023_synthetic_meta.csv
SYN-GRAD-023,20-40岁,硕士及以上,男,比较熟悉,经常接触,184,3,episode_done,99,98,947.096,9.664,6.208,961.37,6.116,393,td3,D:\福州大学\3.课外\实验\经济系统cleanclean\经济系统clean\real_System_remake\human_collect_web_data\synthetic\SYN-GRAD-023_synthetic_expert.csv,D:\福州大学\3.课外\实验\经济系统cleanclean\经济系统clean\real_System_remake\human_collect_web_data\synthetic\SYN-GRAD-023_synthetic_meta.csv
SYN-GRAD-023,20-40岁,硕士及以上,男,比较熟悉,经常接触,184,4,episode_done,99,98,1099.688,11.221,5.347,1121.458,5.243,491,td3,D:\福州大学\3.课外\实验\经济系统cleanclean\经济系统clean\real_System_remake\human_collect_web_data\synthetic\SYN-GRAD-023_synthetic_expert.csv,D:\福州大学\3.课外\实验\经济系统cleanclean\经济系统clean\real_System_remake\human_collect_web_data\synthetic\SYN-GRAD-023_synthetic_meta.csv
SYN-GRAD-024,20-40岁,硕士及以上,女,比较熟悉,经常接触,184,0,episode_done,100,99,807.196,8.153,7.359,823.038,7.217,99,td3,D:\福州大学\3.课外\实验\经济系统cleanclean\经济系统clean\real_System_remake\human_collect_web_data\synthetic\SYN-GRAD-024_synthetic_expert.csv,D:\福州大学\3.课外\实验\经济系统cleanclean\经济系统clean\real_System_remake\human_collect_web_data\synthetic\SYN-GRAD-024_synthetic_meta.csv
SYN-GRAD-024,20-40岁,硕士及以上,女,比较熟悉,经常接触,184,1,episode_done,99,98,1078.19,11.002,5.454,1113.613,5.28,197,td3,D:\福州大学\3.课外\实验\经济系统cleanclean\经济系统clean\real_System_remake\human_collect_web_data\synthetic\SYN-GRAD-024_synthetic_expert.csv,D:\福州大学\3.课外\实验\经济系统cleanclean\经济系统clean\real_System_remake\human_collect_web_data\synthetic\SYN-GRAD-024_synthetic_meta.csv
SYN-GRAD-024,20-40岁,硕士及以上,女,比较熟悉,经常接触,184,2,episode_done,99,98,847.269,8.646,6.94,864.054,6.805,295,td3,D:\福州大学\3.课外\实验\经济系统cleanclean\经济系统clean\real_System_remake\human_collect_web_data\synthetic\SYN-GRAD-024_synthetic_expert.csv,D:\福州大学\3.课外\实验\经济系统cleanclean\经济系统clean\real_System_remake\human_collect_web_data\synthetic\SYN-GRAD-024_synthetic_meta.csv
SYN-GRAD-024,20-40岁,硕士及以上,女,比较熟悉,经常接触,184,3,episode_done,99,98,527.343,5.381,11.15,555.83,10.579,393,td3,D:\福州大学\3.课外\实验\经济系统cleanclean\经济系统clean\real_System_remake\human_collect_web_data\synthetic\SYN-GRAD-024_synthetic_expert.csv,D:\福州大学\3.课外\实验\经济系统cleanclean\经济系统clean\real_System_remake\human_collect_web_data\synthetic\SYN-GRAD-024_synthetic_meta.csv
SYN-GRAD-024,20-40岁,硕士及以上,女,比较熟悉,经常接触,184,4,episode_done,99,98,988.156,10.083,5.95,1014.765,5.794,491,td3,D:\福州大学\3.课外\实验\经济系统cleanclean\经济系统clean\real_System_remake\human_collect_web_data\synthetic\SYN-GRAD-024_synthetic_expert.csv,D:\福州大学\3.课外\实验\经济系统cleanclean\经济系统clean\real_System_remake\human_collect_web_data\synthetic\SYN-GRAD-024_synthetic_meta.csv
SYN-GRAD-025,20-40岁,硕士及以上,男,几乎没有,经常接触,184,0,episode_done,100,99,735.386,7.428,8.077,749.974,7.92,99,td3,D:\福州大学\3.课外\实验\经济系统cleanclean\经济系统clean\real_System_remake\human_collect_web_data\synthetic\SYN-GRAD-025_synthetic_expert.csv,D:\福州大学\3.课外\实验\经济系统cleanclean\经济系统clean\real_System_remake\human_collect_web_data\synthetic\SYN-GRAD-025_synthetic_meta.csv
SYN-GRAD-025,20-40岁,硕士及以上,男,几乎没有,经常接触,184,1,episode_done,99,98,975.571,9.955,6.027,1025.621,5.733,197,td3,D:\福州大学\3.课外\实验\经济系统cleanclean\经济系统clean\real_System_remake\human_collect_web_data\synthetic\SYN-GRAD-025_synthetic_expert.csv,D:\福州大学\3.课外\实验\经济系统cleanclean\经济系统clean\real_System_remake\human_collect_web_data\synthetic\SYN-GRAD-025_synthetic_meta.csv
SYN-GRAD-025,20-40岁,硕士及以上,男,几乎没有,经常接触,184,2,episode_done,99,98,602.464,6.148,9.76,613.896,9.578,295,td3,D:\福州大学\3.课外\实验\经济系统cleanclean\经济系统clean\real_System_remake\human_collect_web_data\synthetic\SYN-GRAD-025_synthetic_expert.csv,D:\福州大学\3.课外\实验\经济系统cleanclean\经济系统clean\real_System_remake\human_collect_web_data\synthetic\SYN-GRAD-025_synthetic_meta.csv
SYN-GRAD-025,20-40岁,硕士及以上,男,几乎没有,经常接触,184,3,episode_done,99,98,675.01,6.888,8.711,692.141,8.495,393,td3,D:\福州大学\3.课外\实验\经济系统cleanclean\经济系统clean\real_System_remake\human_collect_web_data\synthetic\SYN-GRAD-025_synthetic_expert.csv,D:\福州大学\3.课外\实验\经济系统cleanclean\经济系统clean\real_System_remake\human_collect_web_data\synthetic\SYN-GRAD-025_synthetic_meta.csv
SYN-GRAD-025,20-40岁,硕士及以上,男,几乎没有,经常接触,184,4,episode_done,99,98,892.844,9.111,6.586,937.076,6.275,491,td3,D:\福州大学\3.课外\实验\经济系统cleanclean\经济系统clean\real_System_remake\human_collect_web_data\synthetic\SYN-GRAD-025_synthetic_expert.csv,D:\福州大学\3.课外\实验\经济系统cleanclean\经济系统clean\real_System_remake\human_collect_web_data\synthetic\SYN-GRAD-025_synthetic_meta.csv
SYN-GRAD-026,20-40岁,硕士及以上,女,几乎没有,经常接触,184,0,episode_done,100,99,1102.019,11.132,5.39,1137.101,5.224,99,td3,D:\福州大学\3.课外\实验\经济系统cleanclean\经济系统clean\real_System_remake\human_collect_web_data\synthetic\SYN-GRAD-026_synthetic_expert.csv,D:\福州大学\3.课外\实验\经济系统cleanclean\经济系统clean\real_System_remake\human_collect_web_data\synthetic\SYN-GRAD-026_synthetic_meta.csv
SYN-GRAD-026,20-40岁,硕士及以上,女,几乎没有,经常接触,184,1,episode_done,99,98,767.892,7.836,7.657,802.752,7.325,197,td3,D:\福州大学\3.课外\实验\经济系统cleanclean\经济系统clean\real_System_remake\human_collect_web_data\synthetic\SYN-GRAD-026_synthetic_expert.csv,D:\福州大学\3.课外\实验\经济系统cleanclean\经济系统clean\real_System_remake\human_collect_web_data\synthetic\SYN-GRAD-026_synthetic_meta.csv
SYN-GRAD-026,20-40岁,硕士及以上,女,几乎没有,经常接触,184,2,episode_done,99,98,941.595,9.608,6.245,956.037,6.15,295,td3,D:\福州大学\3.课外\实验\经济系统cleanclean\经济系统clean\real_System_remake\human_collect_web_data\synthetic\SYN-GRAD-026_synthetic_expert.csv,D:\福州大学\3.课外\实验\经济系统cleanclean\经济系统clean\real_System_remake\human_collect_web_data\synthetic\SYN-GRAD-026_synthetic_meta.csv
SYN-GRAD-026,20-40岁,硕士及以上,女,几乎没有,经常接触,184,3,episode_done,99,98,1040.199,10.614,5.653,1066.879,5.511,393,td3,D:\福州大学\3.课外\实验\经济系统cleanclean\经济系统clean\real_System_remake\human_collect_web_data\synthetic\SYN-GRAD-026_synthetic_expert.csv,D:\福州大学\3.课外\实验\经济系统cleanclean\经济系统clean\real_System_remake\human_collect_web_data\synthetic\SYN-GRAD-026_synthetic_meta.csv
SYN-GRAD-026,20-40岁,硕士及以上,女,几乎没有,经常接触,184,4,episode_done,99,98,863.691,8.813,6.808,909.356,6.466,491,td3,D:\福州大学\3.课外\实验\经济系统cleanclean\经济系统clean\real_System_remake\human_collect_web_data\synthetic\SYN-GRAD-026_synthetic_expert.csv,D:\福州大学\3.课外\实验\经济系统cleanclean\经济系统clean\real_System_remake\human_collect_web_data\synthetic\SYN-GRAD-026_synthetic_meta.csv
SYN-GRAD-027,20-40岁,硕士及以上,男,几乎没有,经常接触,184,0,episode_done,100,99,446.615,4.511,13.3,453.715,13.092,99,td3,D:\福州大学\3.课外\实验\经济系统cleanclean\经济系统clean\real_System_remake\human_collect_web_data\synthetic\SYN-GRAD-027_synthetic_expert.csv,D:\福州大学\3.课外\实验\经济系统cleanclean\经济系统clean\real_System_remake\human_collect_web_data\synthetic\SYN-GRAD-027_synthetic_meta.csv
SYN-GRAD-027,20-40岁,硕士及以上,男,几乎没有,经常接触,184,1,episode_done,99,98,587.751,5.997,10.004,603.766,9.739,197,td3,D:\福州大学\3.课外\实验\经济系统cleanclean\经济系统clean\real_System_remake\human_collect_web_data\synthetic\SYN-GRAD-027_synthetic_expert.csv,D:\福州大学\3.课外\实验\经济系统cleanclean\经济系统clean\real_System_remake\human_collect_web_data\synthetic\SYN-GRAD-027_synthetic_meta.csv
SYN-GRAD-027,20-40岁,硕士及以上,男,几乎没有,经常接触,184,2,episode_done,99,98,438.058,4.47,13.423,452.123,13.005,295,td3,D:\福州大学\3.课外\实验\经济系统cleanclean\经济系统clean\real_System_remake\human_collect_web_data\synthetic\SYN-GRAD-027_synthetic_expert.csv,D:\福州大学\3.课外\实验\经济系统cleanclean\经济系统clean\real_System_remake\human_collect_web_data\synthetic\SYN-GRAD-027_synthetic_meta.csv
SYN-GRAD-027,20-40岁,硕士及以上,男,几乎没有,经常接触,184,3,episode_done,99,98,755.29,7.707,7.785,783.722,7.503,393,td3,D:\福州大学\3.课外\实验\经济系统cleanclean\经济系统clean\real_System_remake\human_collect_web_data\synthetic\SYN-GRAD-027_synthetic_expert.csv,D:\福州大学\3.课外\实验\经济系统cleanclean\经济系统clean\real_System_remake\human_collect_web_data\synthetic\SYN-GRAD-027_synthetic_meta.csv
SYN-GRAD-027,20-40岁,硕士及以上,男,几乎没有,经常接触,184,4,episode_done,99,98,754.37,7.698,7.795,768.216,7.654,491,td3,D:\福州大学\3.课外\实验\经济系统cleanclean\经济系统clean\real_System_remake\human_collect_web_data\synthetic\SYN-GRAD-027_synthetic_expert.csv,D:\福州大学\3.课外\实验\经济系统cleanclean\经济系统clean\real_System_remake\human_collect_web_data\synthetic\SYN-GRAD-027_synthetic_meta.csv
SYN-GRAD-028,20-40岁,硕士及以上,女,几乎没有,经常接触,184,0,episode_done,100,99,938.194,9.477,6.331,985.387,6.028,99,td3,D:\福州大学\3.课外\实验\经济系统cleanclean\经济系统clean\real_System_remake\human_collect_web_data\synthetic\SYN-GRAD-028_synthetic_expert.csv,D:\福州大学\3.课外\实验\经济系统cleanclean\经济系统clean\real_System_remake\human_collect_web_data\synthetic\SYN-GRAD-028_synthetic_meta.csv
SYN-GRAD-028,20-40岁,硕士及以上,女,几乎没有,经常接触,184,1,episode_done,99,98,1020.863,10.417,5.76,1070.029,5.495,197,td3,D:\福州大学\3.课外\实验\经济系统cleanclean\经济系统clean\real_System_remake\human_collect_web_data\synthetic\SYN-GRAD-028_synthetic_expert.csv,D:\福州大学\3.课外\实验\经济系统cleanclean\经济系统clean\real_System_remake\human_collect_web_data\synthetic\SYN-GRAD-028_synthetic_meta.csv
SYN-GRAD-028,20-40岁,硕士及以上,女,几乎没有,经常接触,184,2,episode_done,99,98,1102.06,11.246,5.335,1153.049,5.1,295,td3,D:\福州大学\3.课外\实验\经济系统cleanclean\经济系统clean\real_System_remake\human_collect_web_data\synthetic\SYN-GRAD-028_synthetic_expert.csv,D:\福州大学\3.课外\实验\经济系统cleanclean\经济系统clean\real_System_remake\human_collect_web_data\synthetic\SYN-GRAD-028_synthetic_meta.csv
SYN-GRAD-028,20-40岁,硕士及以上,女,几乎没有,经常接触,184,3,episode_done,99,98,423.446,4.321,13.886,437.299,13.446,393,td3,D:\福州大学\3.课外\实验\经济系统cleanclean\经济系统clean\real_System_remake\human_collect_web_data\synthetic\SYN-GRAD-028_synthetic_expert.csv,D:\福州大学\3.课外\实验\经济系统cleanclean\经济系统clean\real_System_remake\human_collect_web_data\synthetic\SYN-GRAD-028_synthetic_meta.csv
SYN-GRAD-028,20-40岁,硕士及以上,女,几乎没有,经常接触,184,4,episode_done,99,98,739.501,7.546,7.951,779.095,7.547,491,td3,D:\福州大学\3.课外\实验\经济系统cleanclean\经济系统clean\real_System_remake\human_collect_web_data\synthetic\SYN-GRAD-028_synthetic_expert.csv,D:\福州大学\3.课外\实验\经济系统cleanclean\经济系统clean\real_System_remake\human_collect_web_data\synthetic\SYN-GRAD-028_synthetic_meta.csv
SYN-GRAD-029,20-40岁,硕士及以上,男,几乎没有,经常接触,184,0,episode_done,100,99,666.155,6.729,8.917,685.254,8.668,99,td3,D:\福州大学\3.课外\实验\经济系统cleanclean\经济系统clean\real_System_remake\human_collect_web_data\synthetic\SYN-GRAD-029_synthetic_expert.csv,D:\福州大学\3.课外\实验\经济系统cleanclean\经济系统clean\real_System_remake\human_collect_web_data\synthetic\SYN-GRAD-029_synthetic_meta.csv
SYN-GRAD-029,20-40岁,硕士及以上,男,几乎没有,经常接触,184,1,episode_done,99,98,790.446,8.066,7.439,805.289,7.302,197,td3,D:\福州大学\3.课外\实验\经济系统cleanclean\经济系统clean\real_System_remake\human_collect_web_data\synthetic\SYN-GRAD-029_synthetic_expert.csv,D:\福州大学\3.课外\实验\经济系统cleanclean\经济系统clean\real_System_remake\human_collect_web_data\synthetic\SYN-GRAD-029_synthetic_meta.csv
SYN-GRAD-029,20-40岁,硕士及以上,男,几乎没有,经常接触,184,2,episode_done,99,98,587.293,5.993,10.012,597.083,9.848,295,td3,D:\福州大学\3.课外\实验\经济系统cleanclean\经济系统clean\real_System_remake\human_collect_web_data\synthetic\SYN-GRAD-029_synthetic_expert.csv,D:\福州大学\3.课外\实验\经济系统cleanclean\经济系统clean\real_System_remake\human_collect_web_data\synthetic\SYN-GRAD-029_synthetic_meta.csv
SYN-GRAD-029,20-40岁,硕士及以上,男,几乎没有,经常接触,184,3,episode_done,99,98,975.98,9.959,6.025,992.707,5.923,393,td3,D:\福州大学\3.课外\实验\经济系统cleanclean\经济系统clean\real_System_remake\human_collect_web_data\synthetic\SYN-GRAD-029_synthetic_expert.csv,D:\福州大学\3.课外\实验\经济系统cleanclean\经济系统clean\real_System_remake\human_collect_web_data\synthetic\SYN-GRAD-029_synthetic_meta.csv
SYN-GRAD-029,20-40岁,硕士及以上,男,几乎没有,经常接触,184,4,episode_done,99,98,476.162,4.859,12.349,500.854,11.74,491,td3,D:\福州大学\3.课外\实验\经济系统cleanclean\经济系统clean\real_System_remake\human_collect_web_data\synthetic\SYN-GRAD-029_synthetic_expert.csv,D:\福州大学\3.课外\实验\经济系统cleanclean\经济系统clean\real_System_remake\human_collect_web_data\synthetic\SYN-GRAD-029_synthetic_meta.csv
SYN-GRAD-030,20-40岁,硕士及以上,女,几乎没有,经常接触,184,0,episode_done,100,99,1140.607,11.521,5.208,1198.187,4.957,99,td3,D:\福州大学\3.课外\实验\经济系统cleanclean\经济系统clean\real_System_remake\human_collect_web_data\synthetic\SYN-GRAD-030_synthetic_expert.csv,D:\福州大学\3.课外\实验\经济系统cleanclean\经济系统clean\real_System_remake\human_collect_web_data\synthetic\SYN-GRAD-030_synthetic_meta.csv
SYN-GRAD-030,20-40岁,硕士及以上,女,几乎没有,经常接触,184,1,episode_done,99,98,662.03,6.755,8.882,679.157,8.658,197,td3,D:\福州大学\3.课外\实验\经济系统cleanclean\经济系统clean\real_System_remake\human_collect_web_data\synthetic\SYN-GRAD-030_synthetic_expert.csv,D:\福州大学\3.课外\实验\经济系统cleanclean\经济系统clean\real_System_remake\human_collect_web_data\synthetic\SYN-GRAD-030_synthetic_meta.csv
SYN-GRAD-030,20-40岁,硕士及以上,女,几乎没有,经常接触,184,2,episode_done,99,98,1104.85,11.274,5.322,1156.579,5.084,295,td3,D:\福州大学\3.课外\实验\经济系统cleanclean\经济系统clean\real_System_remake\human_collect_web_data\synthetic\SYN-GRAD-030_synthetic_expert.csv,D:\福州大学\3.课外\实验\经济系统cleanclean\经济系统clean\real_System_remake\human_collect_web_data\synthetic\SYN-GRAD-030_synthetic_meta.csv
SYN-GRAD-030,20-40岁,硕士及以上,女,几乎没有,经常接触,184,3,episode_done,99,98,846.758,8.64,6.944,890.546,6.603,393,td3,D:\福州大学\3.课外\实验\经济系统cleanclean\经济系统clean\real_System_remake\human_collect_web_data\synthetic\SYN-GRAD-030_synthetic_expert.csv,D:\福州大学\3.课外\实验\经济系统cleanclean\经济系统clean\real_System_remake\human_collect_web_data\synthetic\SYN-GRAD-030_synthetic_meta.csv
SYN-GRAD-030,20-40岁,硕士及以上,女,几乎没有,经常接触,184,4,episode_done,99,98,1142.15,11.655,5.148,1170.946,5.022,491,td3,D:\福州大学\3.课外\实验\经济系统cleanclean\经济系统clean\real_System_remake\human_collect_web_data\synthetic\SYN-GRAD-030_synthetic_expert.csv,D:\福州大学\3.课外\实验\经济系统cleanclean\经济系统clean\real_System_remake\human_collect_web_data\synthetic\SYN-GRAD-030_synthetic_meta.csv
SYN-GRAD-031,20-40岁,硕士及以上,男,几乎没有,经常接触,184,0,episode_done,100,99,564.603,5.703,10.521,589.295,10.08,99,td3,D:\福州大学\3.课外\实验\经济系统cleanclean\经济系统clean\real_System_remake\human_collect_web_data\synthetic\SYN-GRAD-031_synthetic_expert.csv,D:\福州大学\3.课外\实验\经济系统cleanclean\经济系统clean\real_System_remake\human_collect_web_data\synthetic\SYN-GRAD-031_synthetic_meta.csv
SYN-GRAD-031,20-40岁,硕士及以上,男,几乎没有,经常接触,184,1,episode_done,99,98,435.064,4.439,13.515,452.295,13,197,td3,D:\福州大学\3.课外\实验\经济系统cleanclean\经济系统clean\real_System_remake\human_collect_web_data\synthetic\SYN-GRAD-031_synthetic_expert.csv,D:\福州大学\3.课外\实验\经济系统cleanclean\经济系统clean\real_System_remake\human_collect_web_data\synthetic\SYN-GRAD-031_synthetic_meta.csv
SYN-GRAD-031,20-40岁,硕士及以上,男,几乎没有,经常接触,184,2,episode_done,99,98,434.242,4.431,13.541,444.265,13.235,295,td3,D:\福州大学\3.课外\实验\经济系统cleanclean\经济系统clean\real_System_remake\human_collect_web_data\synthetic\SYN-GRAD-031_synthetic_expert.csv,D:\福州大学\3.课外\实验\经济系统cleanclean\经济系统clean\real_System_remake\human_collect_web_data\synthetic\SYN-GRAD-031_synthetic_meta.csv
SYN-GRAD-031,20-40岁,硕士及以上,男,几乎没有,经常接触,184,3,episode_done,99,98,663.702,6.772,8.859,683.364,8.604,393,td3,D:\福州大学\3.课外\实验\经济系统cleanclean\经济系统clean\real_System_remake\human_collect_web_data\synthetic\SYN-GRAD-031_synthetic_expert.csv,D:\福州大学\3.课外\实验\经济系统cleanclean\经济系统clean\real_System_remake\human_collect_web_data\synthetic\SYN-GRAD-031_synthetic_meta.csv
SYN-GRAD-031,20-40岁,硕士及以上,男,几乎没有,经常接触,184,4,episode_done,99,98,1147.01,11.704,5.126,1197.274,4.911,491,td3,D:\福州大学\3.课外\实验\经济系统cleanclean\经济系统clean\real_System_remake\human_collect_web_data\synthetic\SYN-GRAD-031_synthetic_expert.csv,D:\福州大学\3.课外\实验\经济系统cleanclean\经济系统clean\real_System_remake\human_collect_web_data\synthetic\SYN-GRAD-031_synthetic_meta.csv
SYN-GRAD-032,20-40岁,硕士及以上,女,几乎没有,经常接触,184,0,episode_done,100,99,512.852,5.18,11.582,527.015,11.271,99,td3,D:\福州大学\3.课外\实验\经济系统cleanclean\经济系统clean\real_System_remake\human_collect_web_data\synthetic\SYN-GRAD-032_synthetic_expert.csv,D:\福州大学\3.课外\实验\经济系统cleanclean\经济系统clean\real_System_remake\human_collect_web_data\synthetic\SYN-GRAD-032_synthetic_meta.csv
SYN-GRAD-032,20-40岁,硕士及以上,女,几乎没有,经常接触,184,1,episode_done,99,98,503.913,5.142,11.669,515.625,11.404,197,td3,D:\福州大学\3.课外\实验\经济系统cleanclean\经济系统clean\real_System_remake\human_collect_web_data\synthetic\SYN-GRAD-032_synthetic_expert.csv,D:\福州大学\3.课外\实验\经济系统cleanclean\经济系统clean\real_System_remake\human_collect_web_data\synthetic\SYN-GRAD-032_synthetic_meta.csv
SYN-GRAD-032,20-40岁,硕士及以上,女,几乎没有,经常接触,184,2,episode_done,99,98,887,9.051,6.629,913.303,6.438,295,td3,D:\福州大学\3.课外\实验\经济系统cleanclean\经济系统clean\real_System_remake\human_collect_web_data\synthetic\SYN-GRAD-032_synthetic_expert.csv,D:\福州大学\3.课外\实验\经济系统cleanclean\经济系统clean\real_System_remake\human_collect_web_data\synthetic\SYN-GRAD-032_synthetic_meta.csv
SYN-GRAD-032,20-40岁,硕士及以上,女,几乎没有,经常接触,184,3,episode_done,99,98,949.74,9.691,6.191,974.761,6.032,393,td3,D:\福州大学\3.课外\实验\经济系统cleanclean\经济系统clean\real_System_remake\human_collect_web_data\synthetic\SYN-GRAD-032_synthetic_expert.csv,D:\福州大学\3.课外\实验\经济系统cleanclean\经济系统clean\real_System_remake\human_collect_web_data\synthetic\SYN-GRAD-032_synthetic_meta.csv
SYN-GRAD-032,20-40岁,硕士及以上,女,几乎没有,经常接触,184,4,episode_done,99,98,644.992,6.582,9.116,658.509,8.929,491,td3,D:\福州大学\3.课外\实验\经济系统cleanclean\经济系统clean\real_System_remake\human_collect_web_data\synthetic\SYN-GRAD-032_synthetic_expert.csv,D:\福州大学\3.课外\实验\经济系统cleanclean\经济系统clean\real_System_remake\human_collect_web_data\synthetic\SYN-GRAD-032_synthetic_meta.csv
SYN-GRAD-033,20-40岁,硕士及以上,男,几乎没有,经常接触,184,0,episode_done,100,99,593.052,5.99,10.016,616.418,9.636,99,td3,D:\福州大学\3.课外\实验\经济系统cleanclean\经济系统clean\real_System_remake\human_collect_web_data\synthetic\SYN-GRAD-033_synthetic_expert.csv,D:\福州大学\3.课外\实验\经济系统cleanclean\经济系统clean\real_System_remake\human_collect_web_data\synthetic\SYN-GRAD-033_synthetic_meta.csv
SYN-GRAD-033,20-40岁,硕士及以上,男,几乎没有,经常接触,184,1,episode_done,99,98,519.462,5.301,11.319,532.257,11.047,197,td3,D:\福州大学\3.课外\实验\经济系统cleanclean\经济系统clean\real_System_remake\human_collect_web_data\synthetic\SYN-GRAD-033_synthetic_expert.csv,D:\福州大学\3.课外\实验\经济系统cleanclean\经济系统clean\real_System_remake\human_collect_web_data\synthetic\SYN-GRAD-033_synthetic_meta.csv
SYN-GRAD-033,20-40岁,硕士及以上,男,几乎没有,经常接触,184,2,episode_done,99,98,848.477,8.658,6.93,883.614,6.654,295,td3,D:\福州大学\3.课外\实验\经济系统cleanclean\经济系统clean\real_System_remake\human_collect_web_data\synthetic\SYN-GRAD-033_synthetic_expert.csv,D:\福州大学\3.课外\实验\经济系统cleanclean\经济系统clean\real_System_remake\human_collect_web_data\synthetic\SYN-GRAD-033_synthetic_meta.csv
SYN-GRAD-033,20-40岁,硕士及以上,男,几乎没有,经常接触,184,3,episode_done,99,98,636.915,6.499,9.232,651.857,9.02,393,td3,D:\福州大学\3.课外\实验\经济系统cleanclean\经济系统clean\real_System_remake\human_collect_web_data\synthetic\SYN-GRAD-033_synthetic_expert.csv,D:\福州大学\3.课外\实验\经济系统cleanclean\经济系统clean\real_System_remake\human_collect_web_data\synthetic\SYN-GRAD-033_synthetic_meta.csv
SYN-GRAD-033,20-40岁,硕士及以上,男,几乎没有,经常接触,184,4,episode_done,99,98,675.631,6.894,8.703,699.164,8.41,491,td3,D:\福州大学\3.课外\实验\经济系统cleanclean\经济系统clean\real_System_remake\human_collect_web_data\synthetic\SYN-GRAD-033_synthetic_expert.csv,D:\福州大学\3.课外\实验\经济系统cleanclean\经济系统clean\real_System_remake\human_collect_web_data\synthetic\SYN-GRAD-033_synthetic_meta.csv
SYN-GRAD-034,20-40岁,硕士及以上,女,几乎没有,经常接触,184,0,episode_done,100,99,957.707,9.674,6.202,1000.088,5.939,99,td3,D:\福州大学\3.课外\实验\经济系统cleanclean\经济系统clean\real_System_remake\human_collect_web_data\synthetic\SYN-GRAD-034_synthetic_expert.csv,D:\福州大学\3.课外\实验\经济系统cleanclean\经济系统clean\real_System_remake\human_collect_web_data\synthetic\SYN-GRAD-034_synthetic_meta.csv
SYN-GRAD-034,20-40岁,硕士及以上,女,几乎没有,经常接触,184,1,episode_done,99,98,887.294,9.054,6.627,921.594,6.38,197,td3,D:\福州大学\3.课外\实验\经济系统cleanclean\经济系统clean\real_System_remake\human_collect_web_data\synthetic\SYN-GRAD-034_synthetic_expert.csv,D:\福州大学\3.课外\实验\经济系统cleanclean\经济系统clean\real_System_remake\human_collect_web_data\synthetic\SYN-GRAD-034_synthetic_meta.csv
SYN-GRAD-034,20-40岁,硕士及以上,女,几乎没有,经常接触,184,2,episode_done,99,98,756.856,7.723,7.769,781.558,7.523,295,td3,D:\福州大学\3.课外\实验\经济系统cleanclean\经济系统clean\real_System_remake\human_collect_web_data\synthetic\SYN-GRAD-034_synthetic_expert.csv,D:\福州大学\3.课外\实验\经济系统cleanclean\经济系统clean\real_System_remake\human_collect_web_data\synthetic\SYN-GRAD-034_synthetic_meta.csv
SYN-GRAD-034,20-40岁,硕士及以上,女,几乎没有,经常接触,184,3,episode_done,99,98,837.031,8.541,7.025,870.301,6.756,393,td3,D:\福州大学\3.课外\实验\经济系统cleanclean\经济系统clean\real_System_remake\human_collect_web_data\synthetic\SYN-GRAD-034_synthetic_expert.csv,D:\福州大学\3.课外\实验\经济系统cleanclean\经济系统clean\real_System_remake\human_collect_web_data\synthetic\SYN-GRAD-034_synthetic_meta.csv
SYN-GRAD-035,20-40岁,硕士及以上,男,几乎没有,经常接触,184,0,episode_done,100,99,897.992,9.071,6.615,926.153,6.414,99,td3,D:\福州大学\3.课外\实验\经济系统cleanclean\经济系统clean\real_System_remake\human_collect_web_data\synthetic\SYN-GRAD-035_synthetic_expert.csv,D:\福州大学\3.课外\实验\经济系统cleanclean\经济系统clean\real_System_remake\human_collect_web_data\synthetic\SYN-GRAD-035_synthetic_meta.csv
SYN-GRAD-035,20-40岁,硕士及以上,男,几乎没有,经常接触,184,1,episode_done,99,98,1094.287,11.166,5.373,1150.749,5.11,197,td3,D:\福州大学\3.课外\实验\经济系统cleanclean\经济系统clean\real_System_remake\human_collect_web_data\synthetic\SYN-GRAD-035_synthetic_expert.csv,D:\福州大学\3.课外\实验\经济系统cleanclean\经济系统clean\real_System_remake\human_collect_web_data\synthetic\SYN-GRAD-035_synthetic_meta.csv
SYN-GRAD-035,20-40岁,硕士及以上,男,几乎没有,经常接触,184,2,episode_done,99,98,834.161,8.512,7.049,852.138,6.9,295,td3,D:\福州大学\3.课外\实验\经济系统cleanclean\经济系统clean\real_System_remake\human_collect_web_data\synthetic\SYN-GRAD-035_synthetic_expert.csv,D:\福州大学\3.课外\实验\经济系统cleanclean\经济系统clean\real_System_remake\human_collect_web_data\synthetic\SYN-GRAD-035_synthetic_meta.csv
SYN-GRAD-035,20-40岁,硕士及以上,男,几乎没有,经常接触,184,3,episode_done,99,98,599.974,6.122,9.8,627.226,9.375,393,td3,D:\福州大学\3.课外\实验\经济系统cleanclean\经济系统clean\real_System_remake\human_collect_web_data\synthetic\SYN-GRAD-035_synthetic_expert.csv,D:\福州大学\3.课外\实验\经济系统cleanclean\经济系统clean\real_System_remake\human_collect_web_data\synthetic\SYN-GRAD-035_synthetic_meta.csv
SYN-GRAD-036,20-40岁,硕士及以上,女,几乎没有,经常接触,184,0,episode_done,100,99,933.345,9.428,6.364,976.052,6.086,99,td3,D:\福州大学\3.课外\实验\经济系统cleanclean\经济系统clean\real_System_remake\human_collect_web_data\synthetic\SYN-GRAD-036_synthetic_expert.csv,D:\福州大学\3.课外\实验\经济系统cleanclean\经济系统clean\real_System_remake\human_collect_web_data\synthetic\SYN-GRAD-036_synthetic_meta.csv
SYN-GRAD-036,20-40岁,硕士及以上,女,几乎没有,经常接触,184,1,episode_done,99,98,1173.136,11.971,5.012,1236.229,4.756,197,td3,D:\福州大学\3.课外\实验\经济系统cleanclean\经济系统clean\real_System_remake\human_collect_web_data\synthetic\SYN-GRAD-036_synthetic_expert.csv,D:\福州大学\3.课外\实验\经济系统cleanclean\经济系统clean\real_System_remake\human_collect_web_data\synthetic\SYN-GRAD-036_synthetic_meta.csv
SYN-GRAD-036,20-40岁,硕士及以上,女,几乎没有,经常接触,184,2,episode_done,99,98,838.251,8.554,7.015,872.191,6.742,295,td3,D:\福州大学\3.课外\实验\经济系统cleanclean\经济系统clean\real_System_remake\human_collect_web_data\synthetic\SYN-GRAD-036_synthetic_expert.csv,D:\福州大学\3.课外\实验\经济系统cleanclean\经济系统clean\real_System_remake\human_collect_web_data\synthetic\SYN-GRAD-036_synthetic_meta.csv
SYN-GRAD-036,20-40岁,硕士及以上,女,几乎没有,经常接触,184,3,episode_done,99,98,1122.432,11.453,5.239,1158.632,5.075,393,td3,D:\福州大学\3.课外\实验\经济系统cleanclean\经济系统clean\real_System_remake\human_collect_web_data\synthetic\SYN-GRAD-036_synthetic_expert.csv,D:\福州大学\3.课外\实验\经济系统cleanclean\经济系统clean\real_System_remake\human_collect_web_data\synthetic\SYN-GRAD-036_synthetic_meta.csv
SYN-GRAD-037,20-40岁,硕士及以上,男,几乎没有,经常接触,184,0,episode_done,100,99,708.458,7.156,8.384,736.922,8.061,99,td3,D:\福州大学\3.课外\实验\经济系统cleanclean\经济系统clean\real_System_remake\human_collect_web_data\synthetic\SYN-GRAD-037_synthetic_expert.csv,D:\福州大学\3.课外\实验\经济系统cleanclean\经济系统clean\real_System_remake\human_collect_web_data\synthetic\SYN-GRAD-037_synthetic_meta.csv
SYN-GRAD-037,20-40岁,硕士及以上,男,几乎没有,经常接触,184,1,episode_done,99,98,926.147,9.45,6.349,953.362,6.168,197,td3,D:\福州大学\3.课外\实验\经济系统cleanclean\经济系统clean\real_System_remake\human_collect_web_data\synthetic\SYN-GRAD-037_synthetic_expert.csv,D:\福州大学\3.课外\实验\经济系统cleanclean\经济系统clean\real_System_remake\human_collect_web_data\synthetic\SYN-GRAD-037_synthetic_meta.csv
SYN-GRAD-037,20-40岁,硕士及以上,男,几乎没有,经常接触,184,2,episode_done,99,98,743.931,7.591,7.904,768.104,7.655,295,td3,D:\福州大学\3.课外\实验\经济系统cleanclean\经济系统clean\real_System_remake\human_collect_web_data\synthetic\SYN-GRAD-037_synthetic_expert.csv,D:\福州大学\3.课外\实验\经济系统cleanclean\经济系统clean\real_System_remake\human_collect_web_data\synthetic\SYN-GRAD-037_synthetic_meta.csv
SYN-GRAD-037,20-40岁,硕士及以上,男,几乎没有,经常接触,184,3,episode_done,99,98,707.956,7.224,8.306,734.662,8.004,393,td3,D:\福州大学\3.课外\实验\经济系统cleanclean\经济系统clean\real_System_remake\human_collect_web_data\synthetic\SYN-GRAD-037_synthetic_expert.csv,D:\福州大学\3.课外\实验\经济系统cleanclean\经济系统clean\real_System_remake\human_collect_web_data\synthetic\SYN-GRAD-037_synthetic_meta.csv
SYN-GRAD-038,20-40岁,硕士及以上,女,几乎没有,经常接触,184,0,episode_done,100,99,568.782,5.745,10.443,590.249,10.064,99,td3,D:\福州大学\3.课外\实验\经济系统cleanclean\经济系统clean\real_System_remake\human_collect_web_data\synthetic\SYN-GRAD-038_synthetic_expert.csv,D:\福州大学\3.课外\实验\经济系统cleanclean\经济系统clean\real_System_remake\human_collect_web_data\synthetic\SYN-GRAD-038_synthetic_meta.csv
SYN-GRAD-038,20-40岁,硕士及以上,女,几乎没有,经常接触,184,1,episode_done,99,98,787.091,8.032,7.471,824.26,7.134,197,td3,D:\福州大学\3.课外\实验\经济系统cleanclean\经济系统clean\real_System_remake\human_collect_web_data\synthetic\SYN-GRAD-038_synthetic_expert.csv,D:\福州大学\3.课外\实验\经济系统cleanclean\经济系统clean\real_System_remake\human_collect_web_data\synthetic\SYN-GRAD-038_synthetic_meta.csv
SYN-GRAD-038,20-40岁,硕士及以上,女,几乎没有,经常接触,184,2,episode_done,99,98,513.954,5.244,11.441,532.691,11.038,295,td3,D:\福州大学\3.课外\实验\经济系统cleanclean\经济系统clean\real_System_remake\human_collect_web_data\synthetic\SYN-GRAD-038_synthetic_expert.csv,D:\福州大学\3.课外\实验\经济系统cleanclean\经济系统clean\real_System_remake\human_collect_web_data\synthetic\SYN-GRAD-038_synthetic_meta.csv
SYN-GRAD-038,20-40岁,硕士及以上,女,几乎没有,经常接触,184,3,episode_done,99,98,437.794,4.467,13.431,448.66,13.106,393,td3,D:\福州大学\3.课外\实验\经济系统cleanclean\经济系统clean\real_System_remake\human_collect_web_data\synthetic\SYN-GRAD-038_synthetic_expert.csv,D:\福州大学\3.课外\实验\经济系统cleanclean\经济系统clean\real_System_remake\human_collect_web_data\synthetic\SYN-GRAD-038_synthetic_meta.csv
SYN-GRAD-039,20-40岁,硕士及以上,男,几乎没有,偶尔接触,184,0,episode_done,100,99,681.14,6.88,8.721,709.448,8.373,99,td3,D:\福州大学\3.课外\实验\经济系统cleanclean\经济系统clean\real_System_remake\human_collect_web_data\synthetic\SYN-GRAD-039_synthetic_expert.csv,D:\福州大学\3.课外\实验\经济系统cleanclean\经济系统clean\real_System_remake\human_collect_web_data\synthetic\SYN-GRAD-039_synthetic_meta.csv
SYN-GRAD-039,20-40岁,硕士及以上,男,几乎没有,偶尔接触,184,1,episode_done,99,98,1126.558,11.495,5.219,1150.839,5.109,197,td3,D:\福州大学\3.课外\实验\经济系统cleanclean\经济系统clean\real_System_remake\human_collect_web_data\synthetic\SYN-GRAD-039_synthetic_expert.csv,D:\福州大学\3.课外\实验\经济系统cleanclean\经济系统clean\real_System_remake\human_collect_web_data\synthetic\SYN-GRAD-039_synthetic_meta.csv
SYN-GRAD-039,20-40岁,硕士及以上,男,几乎没有,偶尔接触,184,2,episode_done,99,98,789.474,8.056,7.448,819.713,7.173,295,td3,D:\福州大学\3.课外\实验\经济系统cleanclean\经济系统clean\real_System_remake\human_collect_web_data\synthetic\SYN-GRAD-039_synthetic_expert.csv,D:\福州大学\3.课外\实验\经济系统cleanclean\经济系统clean\real_System_remake\human_collect_web_data\synthetic\SYN-GRAD-039_synthetic_meta.csv
SYN-GRAD-039,20-40岁,硕士及以上,男,几乎没有,偶尔接触,184,3,episode_done,99,98,777.222,7.931,7.565,812.084,7.241,393,td3,D:\福州大学\3.课外\实验\经济系统cleanclean\经济系统clean\real_System_remake\human_collect_web_data\synthetic\SYN-GRAD-039_synthetic_expert.csv,D:\福州大学\3.课外\实验\经济系统cleanclean\经济系统clean\real_System_remake\human_collect_web_data\synthetic\SYN-GRAD-039_synthetic_meta.csv
SYN-GRAD-040,20-40岁,硕士及以上,女,几乎没有,偶尔接触,184,0,episode_done,100,99,598.821,6.049,9.919,612.939,9.691,99,td3,D:\福州大学\3.课外\实验\经济系统cleanclean\经济系统clean\real_System_remake\human_collect_web_data\synthetic\SYN-GRAD-040_synthetic_expert.csv,D:\福州大学\3.课外\实验\经济系统cleanclean\经济系统clean\real_System_remake\human_collect_web_data\synthetic\SYN-GRAD-040_synthetic_meta.csv
SYN-GRAD-040,20-40岁,硕士及以上,女,几乎没有,偶尔接触,184,1,episode_done,99,98,423.598,4.322,13.881,439.422,13.381,197,td3,D:\福州大学\3.课外\实验\经济系统cleanclean\经济系统clean\real_System_remake\human_collect_web_data\synthetic\SYN-GRAD-040_synthetic_expert.csv,D:\福州大学\3.课外\实验\经济系统cleanclean\经济系统clean\real_System_remake\human_collect_web_data\synthetic\SYN-GRAD-040_synthetic_meta.csv
SYN-GRAD-040,20-40岁,硕士及以上,女,几乎没有,偶尔接触,184,2,episode_done,99,98,418.098,4.266,14.064,428.517,13.722,295,td3,D:\福州大学\3.课外\实验\经济系统cleanclean\经济系统clean\real_System_remake\human_collect_web_data\synthetic\SYN-GRAD-040_synthetic_expert.csv,D:\福州大学\3.课外\实验\经济系统cleanclean\经济系统clean\real_System_remake\human_collect_web_data\synthetic\SYN-GRAD-040_synthetic_meta.csv
SYN-GRAD-040,20-40岁,硕士及以上,女,几乎没有,偶尔接触,184,3,episode_done,99,98,581.504,5.934,10.112,609.56,9.646,393,td3,D:\福州大学\3.课外\实验\经济系统cleanclean\经济系统clean\real_System_remake\human_collect_web_data\synthetic\SYN-GRAD-040_synthetic_expert.csv,D:\福州大学\3.课外\实验\经济系统cleanclean\经济系统clean\real_System_remake\human_collect_web_data\synthetic\SYN-GRAD-040_synthetic_meta.csv
SYN-GRAD-041,20-40岁,硕士及以上,男,几乎没有,偶尔接触,184,0,episode_done,100,99,467.439,4.722,12.708,478.604,12.411,99,td3,D:\福州大学\3.课外\实验\经济系统cleanclean\经济系统clean\real_System_remake\human_collect_web_data\synthetic\SYN-GRAD-041_synthetic_expert.csv,D:\福州大学\3.课外\实验\经济系统cleanclean\经济系统clean\real_System_remake\human_collect_web_data\synthetic\SYN-GRAD-041_synthetic_meta.csv
SYN-GRAD-041,20-40岁,硕士及以上,男,几乎没有,偶尔接触,184,1,episode_done,99,98,831.059,8.48,7.075,862.403,6.818,197,td3,D:\福州大学\3.课外\实验\经济系统cleanclean\经济系统clean\real_System_remake\human_collect_web_data\synthetic\SYN-GRAD-041_synthetic_expert.csv,D:\福州大学\3.课外\实验\经济系统cleanclean\经济系统clean\real_System_remake\human_collect_web_data\synthetic\SYN-GRAD-041_synthetic_meta.csv
SYN-GRAD-041,20-40岁,硕士及以上,男,几乎没有,偶尔接触,184,2,episode_done,99,98,665.629,6.792,8.834,698.563,8.417,295,td3,D:\福州大学\3.课外\实验\经济系统cleanclean\经济系统clean\real_System_remake\human_collect_web_data\synthetic\SYN-GRAD-041_synthetic_expert.csv,D:\福州大学\3.课外\实验\经济系统cleanclean\经济系统clean\real_System_remake\human_collect_web_data\synthetic\SYN-GRAD-041_synthetic_meta.csv
SYN-GRAD-041,20-40岁,硕士及以上,男,几乎没有,偶尔接触,184,3,episode_done,99,98,780.452,7.964,7.534,804.688,7.307,393,td3,D:\福州大学\3.课外\实验\经济系统cleanclean\经济系统clean\real_System_remake\human_collect_web_data\synthetic\SYN-GRAD-041_synthetic_expert.csv,D:\福州大学\3.课外\实验\经济系统cleanclean\经济系统clean\real_System_remake\human_collect_web_data\synthetic\SYN-GRAD-041_synthetic_meta.csv
SYN-GRAD-042,20-40岁,硕士及以上,女,几乎没有,偶尔接触,184,0,episode_done,100,99,689.842,6.968,8.611,709.076,8.377,99,td3,D:\福州大学\3.课外\实验\经济系统cleanclean\经济系统clean\real_System_remake\human_collect_web_data\synthetic\SYN-GRAD-042_synthetic_expert.csv,D:\福州大学\3.课外\实验\经济系统cleanclean\经济系统clean\real_System_remake\human_collect_web_data\synthetic\SYN-GRAD-042_synthetic_meta.csv
SYN-GRAD-042,20-40岁,硕士及以上,女,几乎没有,偶尔接触,184,1,episode_done,99,98,1077.838,10.998,5.455,1125.921,5.222,197,td3,D:\福州大学\3.课外\实验\经济系统cleanclean\经济系统clean\real_System_remake\human_collect_web_data\synthetic\SYN-GRAD-042_synthetic_expert.csv,D:\福州大学\3.课外\实验\经济系统cleanclean\经济系统clean\real_System_remake\human_collect_web_data\synthetic\SYN-GRAD-042_synthetic_meta.csv
SYN-GRAD-042,20-40岁,硕士及以上,女,几乎没有,偶尔接触,184,2,episode_done,99,98,767.609,7.833,7.66,795.034,7.396,295,td3,D:\福州大学\3.课外\实验\经济系统cleanclean\经济系统clean\real_System_remake\human_collect_web_data\synthetic\SYN-GRAD-042_synthetic_expert.csv,D:\福州大学\3.课外\实验\经济系统cleanclean\经济系统clean\real_System_remake\human_collect_web_data\synthetic\SYN-GRAD-042_synthetic_meta.csv
SYN-GRAD-042,20-40岁,硕士及以上,女,几乎没有,偶尔接触,184,3,episode_done,99,98,986.965,10.071,5.958,1017.717,5.778,393,td3,D:\福州大学\3.课外\实验\经济系统cleanclean\经济系统clean\real_System_remake\human_collect_web_data\synthetic\SYN-GRAD-042_synthetic_expert.csv,D:\福州大学\3.课外\实验\经济系统cleanclean\经济系统clean\real_System_remake\human_collect_web_data\synthetic\SYN-GRAD-042_synthetic_meta.csv
SYN-GRAD-043,20-40岁,硕士及以上,男,几乎没有,偶尔接触,184,0,episode_done,100,99,1083.431,10.944,5.483,1108.722,5.358,99,td3,D:\福州大学\3.课外\实验\经济系统cleanclean\经济系统clean\real_System_remake\human_collect_web_data\synthetic\SYN-GRAD-043_synthetic_expert.csv,D:\福州大学\3.课外\实验\经济系统cleanclean\经济系统clean\real_System_remake\human_collect_web_data\synthetic\SYN-GRAD-043_synthetic_meta.csv
SYN-GRAD-043,20-40岁,硕士及以上,男,几乎没有,偶尔接触,184,1,episode_done,99,98,1168.511,11.924,5.032,1219.347,4.822,197,td3,D:\福州大学\3.课外\实验\经济系统cleanclean\经济系统clean\real_System_remake\human_collect_web_data\synthetic\SYN-GRAD-043_synthetic_expert.csv,D:\福州大学\3.课外\实验\经济系统cleanclean\经济系统clean\real_System_remake\human_collect_web_data\synthetic\SYN-GRAD-043_synthetic_meta.csv
SYN-GRAD-043,20-40岁,硕士及以上,男,几乎没有,偶尔接触,184,2,episode_done,99,98,658.455,6.719,8.93,680.895,8.636,295,td3,D:\福州大学\3.课外\实验\经济系统cleanclean\经济系统clean\real_System_remake\human_collect_web_data\synthetic\SYN-GRAD-043_synthetic_expert.csv,D:\福州大学\3.课外\实验\经济系统cleanclean\经济系统clean\real_System_remake\human_collect_web_data\synthetic\SYN-GRAD-043_synthetic_meta.csv
SYN-GRAD-043,20-40岁,硕士及以上,男,几乎没有,偶尔接触,184,3,episode_done,99,98,663.259,6.768,8.865,693.576,8.478,393,td3,D:\福州大学\3.课外\实验\经济系统cleanclean\经济系统clean\real_System_remake\human_collect_web_data\synthetic\SYN-GRAD-043_synthetic_expert.csv,D:\福州大学\3.课外\实验\经济系统cleanclean\经济系统clean\real_System_remake\human_collect_web_data\synthetic\SYN-GRAD-043_synthetic_meta.csv
SYN-GRAD-044,20-40岁,硕士及以上,女,几乎没有,偶尔接触,184,0,episode_done,100,99,1212.612,12.249,4.899,1231.083,4.825,99,td3,D:\福州大学\3.课外\实验\经济系统cleanclean\经济系统clean\real_System_remake\human_collect_web_data\synthetic\SYN-GRAD-044_synthetic_expert.csv,D:\福州大学\3.课外\实验\经济系统cleanclean\经济系统clean\real_System_remake\human_collect_web_data\synthetic\SYN-GRAD-044_synthetic_meta.csv
SYN-GRAD-044,20-40岁,硕士及以上,女,几乎没有,偶尔接触,184,1,episode_done,99,98,855.578,8.73,6.873,883.926,6.652,197,td3,D:\福州大学\3.课外\实验\经济系统cleanclean\经济系统clean\real_System_remake\human_collect_web_data\synthetic\SYN-GRAD-044_synthetic_expert.csv,D:\福州大学\3.课外\实验\经济系统cleanclean\经济系统clean\real_System_remake\human_collect_web_data\synthetic\SYN-GRAD-044_synthetic_meta.csv
SYN-GRAD-044,20-40岁,硕士及以上,女,几乎没有,偶尔接触,184,2,episode_done,99,98,419.447,4.28,14.018,437.338,13.445,295,td3,D:\福州大学\3.课外\实验\经济系统cleanclean\经济系统clean\real_System_remake\human_collect_web_data\synthetic\SYN-GRAD-044_synthetic_expert.csv,D:\福州大学\3.课外\实验\经济系统cleanclean\经济系统clean\real_System_remake\human_collect_web_data\synthetic\SYN-GRAD-044_synthetic_meta.csv
SYN-GRAD-044,20-40岁,硕士及以上,女,几乎没有,偶尔接触,184,3,episode_done,99,98,541.665,5.527,10.855,558.898,10.521,393,td3,D:\福州大学\3.课外\实验\经济系统cleanclean\经济系统clean\real_System_remake\human_collect_web_data\synthetic\SYN-GRAD-044_synthetic_expert.csv,D:\福州大学\3.课外\实验\经济系统cleanclean\经济系统clean\real_System_remake\human_collect_web_data\synthetic\SYN-GRAD-044_synthetic_meta.csv
SYN-GRAD-045,20-40岁,硕士及以上,男,几乎没有,偶尔接触,184,0,episode_done,100,99,940.223,9.497,6.318,991.219,5.993,99,td3,D:\福州大学\3.课外\实验\经济系统cleanclean\经济系统clean\real_System_remake\human_collect_web_data\synthetic\SYN-GRAD-045_synthetic_expert.csv,D:\福州大学\3.课外\实验\经济系统cleanclean\经济系统clean\real_System_remake\human_collect_web_data\synthetic\SYN-GRAD-045_synthetic_meta.csv
SYN-GRAD-045,20-40岁,硕士及以上,男,几乎没有,偶尔接触,184,1,episode_done,99,98,494.747,5.048,11.885,502.178,11.709,197,td3,D:\福州大学\3.课外\实验\经济系统cleanclean\经济系统clean\real_System_remake\human_collect_web_data\synthetic\SYN-GRAD-045_synthetic_expert.csv,D:\福州大学\3.课外\实验\经济系统cleanclean\经济系统clean\real_System_remake\human_collect_web_data\synthetic\SYN-GRAD-045_synthetic_meta.csv
SYN-GRAD-045,20-40岁,硕士及以上,男,几乎没有,偶尔接触,184,2,episode_done,99,98,813.369,8.3,7.229,853.533,6.889,295,td3,D:\福州大学\3.课外\实验\经济系统cleanclean\经济系统clean\real_System_remake\human_collect_web_data\synthetic\SYN-GRAD-045_synthetic_expert.csv,D:\福州大学\3.课外\实验\经济系统cleanclean\经济系统clean\real_System_remake\human_collect_web_data\synthetic\SYN-GRAD-045_synthetic_meta.csv
SYN-GRAD-045,20-40岁,硕士及以上,男,几乎没有,偶尔接触,184,3,episode_done,99,98,671.028,6.847,8.763,683.54,8.602,393,td3,D:\福州大学\3.课外\实验\经济系统cleanclean\经济系统clean\real_System_remake\human_collect_web_data\synthetic\SYN-GRAD-045_synthetic_expert.csv,D:\福州大学\3.课外\实验\经济系统cleanclean\经济系统clean\real_System_remake\human_collect_web_data\synthetic\SYN-GRAD-045_synthetic_meta.csv
SYN-GRAD-046,20-40岁,硕士及以上,女,几乎没有,偶尔接触,184,0,episode_done,100,99,997.407,10.075,5.955,1047.013,5.673,99,td3,D:\福州大学\3.课外\实验\经济系统cleanclean\经济系统clean\real_System_remake\human_collect_web_data\synthetic\SYN-GRAD-046_synthetic_expert.csv,D:\福州大学\3.课外\实验\经济系统cleanclean\经济系统clean\real_System_remake\human_collect_web_data\synthetic\SYN-GRAD-046_synthetic_meta.csv
SYN-GRAD-046,20-40岁,硕士及以上,女,几乎没有,偶尔接触,184,1,episode_done,99,98,565.485,5.77,10.398,594.177,9.896,197,td3,D:\福州大学\3.课外\实验\经济系统cleanclean\经济系统clean\real_System_remake\human_collect_web_data\synthetic\SYN-GRAD-046_synthetic_expert.csv,D:\福州大学\3.课外\实验\经济系统cleanclean\经济系统clean\real_System_remake\human_collect_web_data\synthetic\SYN-GRAD-046_synthetic_meta.csv
SYN-GRAD-046,20-40岁,硕士及以上,女,几乎没有,偶尔接触,184,2,episode_done,99,98,836.532,8.536,7.029,852.017,6.901,295,td3,D:\福州大学\3.课外\实验\经济系统cleanclean\经济系统clean\real_System_remake\human_collect_web_data\synthetic\SYN-GRAD-046_synthetic_expert.csv,D:\福州大学\3.课外\实验\经济系统cleanclean\经济系统clean\real_System_remake\human_collect_web_data\synthetic\SYN-GRAD-046_synthetic_meta.csv
SYN-GRAD-046,20-40岁,硕士及以上,女,几乎没有,偶尔接触,184,3,episode_done,99,98,1033.808,10.549,5.688,1050.777,5.596,393,td3,D:\福州大学\3.课外\实验\经济系统cleanclean\经济系统clean\real_System_remake\human_collect_web_data\synthetic\SYN-GRAD-046_synthetic_expert.csv,D:\福州大学\3.课外\实验\经济系统cleanclean\经济系统clean\real_System_remake\human_collect_web_data\synthetic\SYN-GRAD-046_synthetic_meta.csv
SYN-GRAD-047,20-40岁,硕士及以上,男,几乎没有,偶尔接触,184,0,episode_done,100,99,705.117,7.122,8.424,739.136,8.036,99,td3,D:\福州大学\3.课外\实验\经济系统cleanclean\经济系统clean\real_System_remake\human_collect_web_data\synthetic\SYN-GRAD-047_synthetic_expert.csv,D:\福州大学\3.课外\实验\经济系统cleanclean\经济系统clean\real_System_remake\human_collect_web_data\synthetic\SYN-GRAD-047_synthetic_meta.csv
SYN-GRAD-047,20-40岁,硕士及以上,男,几乎没有,偶尔接触,184,1,episode_done,99,98,491.85,5.019,11.955,518.637,11.337,197,td3,D:\福州大学\3.课外\实验\经济系统cleanclean\经济系统clean\real_System_remake\human_collect_web_data\synthetic\SYN-GRAD-047_synthetic_expert.csv,D:\福州大学\3.课外\实验\经济系统cleanclean\经济系统clean\real_System_remake\human_collect_web_data\synthetic\SYN-GRAD-047_synthetic_meta.csv
SYN-GRAD-047,20-40岁,硕士及以上,男,几乎没有,偶尔接触,184,2,episode_done,99,98,748.253,7.635,7.858,762.988,7.707,295,td3,D:\福州大学\3.课外\实验\经济系统cleanclean\经济系统clean\real_System_remake\human_collect_web_data\synthetic\SYN-GRAD-047_synthetic_expert.csv,D:\福州大学\3.课外\实验\经济系统cleanclean\经济系统clean\real_System_remake\human_collect_web_data\synthetic\SYN-GRAD-047_synthetic_meta.csv
SYN-GRAD-047,20-40岁,硕士及以上,男,几乎没有,偶尔接触,184,3,episode_done,99,98,513.249,5.237,11.456,523.47,11.233,393,td3,D:\福州大学\3.课外\实验\经济系统cleanclean\经济系统clean\real_System_remake\human_collect_web_data\synthetic\SYN-GRAD-047_synthetic_expert.csv,D:\福州大学\3.课外\实验\经济系统cleanclean\经济系统clean\real_System_remake\human_collect_web_data\synthetic\SYN-GRAD-047_synthetic_meta.csv
SYN-GRAD-048,20-40岁,硕士及以上,女,几乎没有,偶尔接触,184,0,episode_done,100,99,802.193,8.103,7.405,834.006,7.122,99,td3,D:\福州大学\3.课外\实验\经济系统cleanclean\经济系统clean\real_System_remake\human_collect_web_data\synthetic\SYN-GRAD-048_synthetic_expert.csv,D:\福州大学\3.课外\实验\经济系统cleanclean\经济系统clean\real_System_remake\human_collect_web_data\synthetic\SYN-GRAD-048_synthetic_meta.csv
SYN-GRAD-048,20-40岁,硕士及以上,女,几乎没有,偶尔接触,184,1,episode_done,99,98,848.855,8.662,6.927,877.33,6.702,197,td3,D:\福州大学\3.课外\实验\经济系统cleanclean\经济系统clean\real_System_remake\human_collect_web_data\synthetic\SYN-GRAD-048_synthetic_expert.csv,D:\福州大学\3.课外\实验\经济系统cleanclean\经济系统clean\real_System_remake\human_collect_web_data\synthetic\SYN-GRAD-048_synthetic_meta.csv
SYN-GRAD-048,20-40岁,硕士及以上,女,几乎没有,偶尔接触,184,2,episode_done,99,98,943.597,9.629,6.231,985.269,5.968,295,td3,D:\福州大学\3.课外\实验\经济系统cleanclean\经济系统clean\real_System_remake\human_collect_web_data\synthetic\SYN-GRAD-048_synthetic_expert.csv,D:\福州大学\3.课外\实验\经济系统cleanclean\经济系统clean\real_System_remake\human_collect_web_data\synthetic\SYN-GRAD-048_synthetic_meta.csv
SYN-GRAD-048,20-40岁,硕士及以上,女,几乎没有,偶尔接触,184,3,episode_done,99,98,705.747,7.201,8.332,738.903,7.958,393,td3,D:\福州大学\3.课外\实验\经济系统cleanclean\经济系统clean\real_System_remake\human_collect_web_data\synthetic\SYN-GRAD-048_synthetic_expert.csv,D:\福州大学\3.课外\实验\经济系统cleanclean\经济系统clean\real_System_remake\human_collect_web_data\synthetic\SYN-GRAD-048_synthetic_meta.csv
SYN-GRAD-049,20-40岁,硕士及以上,男,几乎没有,偶尔接触,184,0,episode_done,100,99,1147.315,11.589,5.177,1182.322,5.024,99,td3,D:\福州大学\3.课外\实验\经济系统cleanclean\经济系统clean\real_System_remake\human_collect_web_data\synthetic\SYN-GRAD-049_synthetic_expert.csv,D:\福州大学\3.课外\实验\经济系统cleanclean\经济系统clean\real_System_remake\human_collect_web_data\synthetic\SYN-GRAD-049_synthetic_meta.csv
SYN-GRAD-049,20-40岁,硕士及以上,男,几乎没有,偶尔接触,184,1,episode_done,99,98,1185.606,12.098,4.959,1242.048,4.734,197,td3,D:\福州大学\3.课外\实验\经济系统cleanclean\经济系统clean\real_System_remake\human_collect_web_data\synthetic\SYN-GRAD-049_synthetic_expert.csv,D:\福州大学\3.课外\实验\经济系统cleanclean\经济系统clean\real_System_remake\human_collect_web_data\synthetic\SYN-GRAD-049_synthetic_meta.csv
SYN-GRAD-049,20-40岁,硕士及以上,男,几乎没有,偶尔接触,184,2,episode_done,99,98,564.15,5.757,10.423,579.58,10.145,295,td3,D:\福州大学\3.课外\实验\经济系统cleanclean\经济系统clean\real_System_remake\human_collect_web_data\synthetic\SYN-GRAD-049_synthetic_expert.csv,D:\福州大学\3.课外\实验\经济系统cleanclean\经济系统clean\real_System_remake\human_collect_web_data\synthetic\SYN-GRAD-049_synthetic_meta.csv
SYN-GRAD-049,20-40岁,硕士及以上,男,几乎没有,偶尔接触,184,3,episode_done,99,98,1177.535,12.016,4.993,1241.688,4.735,393,td3,D:\福州大学\3.课外\实验\经济系统cleanclean\经济系统clean\real_System_remake\human_collect_web_data\synthetic\SYN-GRAD-049_synthetic_expert.csv,D:\福州大学\3.课外\实验\经济系统cleanclean\经济系统clean\real_System_remake\human_collect_web_data\synthetic\SYN-GRAD-049_synthetic_meta.csv
SYN-GRAD-050,20-40岁,硕士及以上,女,几乎没有,偶尔接触,184,0,episode_done,100,99,1090.464,11.015,5.447,1113.079,5.337,99,td3,D:\福州大学\3.课外\实验\经济系统cleanclean\经济系统clean\real_System_remake\human_collect_web_data\synthetic\SYN-GRAD-050_synthetic_expert.csv,D:\福州大学\3.课外\实验\经济系统cleanclean\经济系统clean\real_System_remake\human_collect_web_data\synthetic\SYN-GRAD-050_synthetic_meta.csv
SYN-GRAD-050,20-40岁,硕士及以上,女,几乎没有,偶尔接触,184,1,episode_done,99,98,902.473,9.209,6.515,929.596,6.325,197,td3,D:\福州大学\3.课外\实验\经济系统cleanclean\经济系统clean\real_System_remake\human_collect_web_data\synthetic\SYN-GRAD-050_synthetic_expert.csv,D:\福州大学\3.课外\实验\经济系统cleanclean\经济系统clean\real_System_remake\human_collect_web_data\synthetic\SYN-GRAD-050_synthetic_meta.csv
SYN-GRAD-050,20-40岁,硕士及以上,女,几乎没有,偶尔接触,184,2,episode_done,99,98,939.909,9.591,6.256,954.571,6.16,295,td3,D:\福州大学\3.课外\实验\经济系统cleanclean\经济系统clean\real_System_remake\human_collect_web_data\synthetic\SYN-GRAD-050_synthetic_expert.csv,D:\福州大学\3.课外\实验\经济系统cleanclean\经济系统clean\real_System_remake\human_collect_web_data\synthetic\SYN-GRAD-050_synthetic_meta.csv
SYN-GRAD-050,20-40岁,硕士及以上,女,几乎没有,偶尔接触,184,3,episode_done,99,98,619.008,6.316,9.499,640.681,9.178,393,td3,D:\福州大学\3.课外\实验\经济系统cleanclean\经济系统clean\real_System_remake\human_collect_web_data\synthetic\SYN-GRAD-050_synthetic_expert.csv,D:\福州大学\3.课外\实验\经济系统cleanclean\经济系统clean\real_System_remake\human_collect_web_data\synthetic\SYN-GRAD-050_synthetic_meta.csv
SYN-GRAD-051,20-40岁,硕士及以上,男,几乎没有,几乎没有,184,0,episode_done,100,99,977.132,9.87,6.079,998.344,5.95,99,td3,D:\福州大学\3.课外\实验\经济系统cleanclean\经济系统clean\real_System_remake\human_collect_web_data\synthetic\SYN-GRAD-051_synthetic_expert.csv,D:\福州大学\3.课外\实验\经济系统cleanclean\经济系统clean\real_System_remake\human_collect_web_data\synthetic\SYN-GRAD-051_synthetic_meta.csv
SYN-GRAD-051,20-40岁,硕士及以上,男,几乎没有,几乎没有,184,1,episode_done,99,98,1050.948,10.724,5.595,1097.829,5.356,197,td3,D:\福州大学\3.课外\实验\经济系统cleanclean\经济系统clean\real_System_remake\human_collect_web_data\synthetic\SYN-GRAD-051_synthetic_expert.csv,D:\福州大学\3.课外\实验\经济系统cleanclean\经济系统clean\real_System_remake\human_collect_web_data\synthetic\SYN-GRAD-051_synthetic_meta.csv
SYN-GRAD-051,20-40岁,硕士及以上,男,几乎没有,几乎没有,184,2,episode_done,99,98,416.999,4.255,14.101,424.325,13.857,295,td3,D:\福州大学\3.课外\实验\经济系统cleanclean\经济系统clean\real_System_remake\human_collect_web_data\synthetic\SYN-GRAD-051_synthetic_expert.csv,D:\福州大学\3.课外\实验\经济系统cleanclean\经济系统clean\real_System_remake\human_collect_web_data\synthetic\SYN-GRAD-051_synthetic_meta.csv
SYN-GRAD-051,20-40岁,硕士及以上,男,几乎没有,几乎没有,184,3,episode_done,99,98,807.434,8.239,7.282,835.037,7.042,393,td3,D:\福州大学\3.课外\实验\经济系统cleanclean\经济系统clean\real_System_remake\human_collect_web_data\synthetic\SYN-GRAD-051_synthetic_expert.csv,D:\福州大学\3.课外\实验\经济系统cleanclean\经济系统clean\real_System_remake\human_collect_web_data\synthetic\SYN-GRAD-051_synthetic_meta.csv
SYN-GRAD-052,20-40岁,硕士及以上,女,几乎没有,几乎没有,184,0,episode_done,100,99,661.754,6.684,8.976,694.97,8.547,99,td3,D:\福州大学\3.课外\实验\经济系统cleanclean\经济系统clean\real_System_remake\human_collect_web_data\synthetic\SYN-GRAD-052_synthetic_expert.csv,D:\福州大学\3.课外\实验\经济系统cleanclean\经济系统clean\real_System_remake\human_collect_web_data\synthetic\SYN-GRAD-052_synthetic_meta.csv
SYN-GRAD-052,20-40岁,硕士及以上,女,几乎没有,几乎没有,184,1,episode_done,99,98,690.467,7.046,8.516,706.496,8.323,197,td3,D:\福州大学\3.课外\实验\经济系统cleanclean\经济系统clean\real_System_remake\human_collect_web_data\synthetic\SYN-GRAD-052_synthetic_expert.csv,D:\福州大学\3.课外\实验\经济系统cleanclean\经济系统clean\real_System_remake\human_collect_web_data\synthetic\SYN-GRAD-052_synthetic_meta.csv
SYN-GRAD-052,20-40岁,硕士及以上,女,几乎没有,几乎没有,184,2,episode_done,99,98,902.881,9.213,6.512,949.612,6.192,295,td3,D:\福州大学\3.课外\实验\经济系统cleanclean\经济系统clean\real_System_remake\human_collect_web_data\synthetic\SYN-GRAD-052_synthetic_expert.csv,D:\福州大学\3.课外\实验\经济系统cleanclean\经济系统clean\real_System_remake\human_collect_web_data\synthetic\SYN-GRAD-052_synthetic_meta.csv
SYN-GRAD-052,20-40岁,硕士及以上,女,几乎没有,几乎没有,184,3,episode_done,99,98,973.867,9.937,6.038,990.183,5.938,393,td3,D:\福州大学\3.课外\实验\经济系统cleanclean\经济系统clean\real_System_remake\human_collect_web_data\synthetic\SYN-GRAD-052_synthetic_expert.csv,D:\福州大学\3.课外\实验\经济系统cleanclean\经济系统clean\real_System_remake\human_collect_web_data\synthetic\SYN-GRAD-052_synthetic_meta.csv
SYN-GRAD-053,20-40岁,硕士及以上,男,几乎没有,几乎没有,184,0,episode_done,100,99,858.985,8.677,6.915,894.204,6.643,99,td3,D:\福州大学\3.课外\实验\经济系统cleanclean\经济系统clean\real_System_remake\human_collect_web_data\synthetic\SYN-GRAD-053_synthetic_expert.csv,D:\福州大学\3.课外\实验\经济系统cleanclean\经济系统clean\real_System_remake\human_collect_web_data\synthetic\SYN-GRAD-053_synthetic_meta.csv
SYN-GRAD-053,20-40岁,硕士及以上,男,几乎没有,几乎没有,184,1,episode_done,99,98,786.45,8.025,7.477,799.416,7.355,197,td3,D:\福州大学\3.课外\实验\经济系统cleanclean\经济系统clean\real_System_remake\human_collect_web_data\synthetic\SYN-GRAD-053_synthetic_expert.csv,D:\福州大学\3.课外\实验\经济系统cleanclean\经济系统clean\real_System_remake\human_collect_web_data\synthetic\SYN-GRAD-053_synthetic_meta.csv
SYN-GRAD-053,20-40岁,硕士及以上,男,几乎没有,几乎没有,184,2,episode_done,99,98,863.08,8.807,6.813,889.427,6.611,295,td3,D:\福州大学\3.课外\实验\经济系统cleanclean\经济系统clean\real_System_remake\human_collect_web_data\synthetic\SYN-GRAD-053_synthetic_expert.csv,D:\福州大学\3.课外\实验\经济系统cleanclean\经济系统clean\real_System_remake\human_collect_web_data\synthetic\SYN-GRAD-053_synthetic_meta.csv
SYN-GRAD-053,20-40岁,硕士及以上,男,几乎没有,几乎没有,184,3,episode_done,99,98,912.527,9.312,6.444,938.013,6.269,393,td3,D:\福州大学\3.课外\实验\经济系统cleanclean\经济系统clean\real_System_remake\human_collect_web_data\synthetic\SYN-GRAD-053_synthetic_expert.csv,D:\福州大学\3.课外\实验\经济系统cleanclean\经济系统clean\real_System_remake\human_collect_web_data\synthetic\SYN-GRAD-053_synthetic_meta.csv
SYN-GRAD-054,20-40岁,硕士及以上,女,几乎没有,几乎没有,184,0,episode_done,100,99,755.482,7.631,7.863,777.851,7.636,99,td3,D:\福州大学\3.课外\实验\经济系统cleanclean\经济系统clean\real_System_remake\human_collect_web_data\synthetic\SYN-GRAD-054_synthetic_expert.csv,D:\福州大学\3.课外\实验\经济系统cleanclean\经济系统clean\real_System_remake\human_collect_web_data\synthetic\SYN-GRAD-054_synthetic_meta.csv
SYN-GRAD-054,20-40岁,硕士及以上,女,几乎没有,几乎没有,184,1,episode_done,99,98,889.653,9.078,6.609,928.92,6.33,197,td3,D:\福州大学\3.课外\实验\经济系统cleanclean\经济系统clean\real_System_remake\human_collect_web_data\synthetic\SYN-GRAD-054_synthetic_expert.csv,D:\福州大学\3.课外\实验\经济系统cleanclean\经济系统clean\real_System_remake\human_collect_web_data\synthetic\SYN-GRAD-054_synthetic_meta.csv
SYN-GRAD-054,20-40岁,硕士及以上,女,几乎没有,几乎没有,184,2,episode_done,99,98,1110.838,11.335,5.293,1130.588,5.201,295,td3,D:\福州大学\3.课外\实验\经济系统cleanclean\经济系统clean\real_System_remake\human_collect_web_data\synthetic\SYN-GRAD-054_synthetic_expert.csv,D:\福州大学\3.课外\实验\经济系统cleanclean\经济系统clean\real_System_remake\human_collect_web_data\synthetic\SYN-GRAD-054_synthetic_meta.csv
SYN-GRAD-054,20-40岁,硕士及以上,女,几乎没有,几乎没有,184,3,episode_done,99,98,527.681,5.385,11.143,535.82,10.974,393,td3,D:\福州大学\3.课外\实验\经济系统cleanclean\经济系统clean\real_System_remake\human_collect_web_data\synthetic\SYN-GRAD-054_synthetic_expert.csv,D:\福州大学\3.课外\实验\经济系统cleanclean\经济系统clean\real_System_remake\human_collect_web_data\synthetic\SYN-GRAD-054_synthetic_meta.csv
SYN-TEACHER-001,20-40岁,硕士及以上,男,学过一点,偶尔接触,184,0,episode_done,100,99,1019.384,10.297,5.827,1045.467,5.682,99,td3,D:\福州大学\3.课外\实验\经济系统cleanclean\经济系统clean\real_System_remake\human_collect_web_data\synthetic\SYN-TEACHER-001_synthetic_expert.csv,D:\福州大学\3.课外\实验\经济系统cleanclean\经济系统clean\real_System_remake\human_collect_web_data\synthetic\SYN-TEACHER-001_synthetic_meta.csv
SYN-TEACHER-001,20-40岁,硕士及以上,男,学过一点,偶尔接触,184,1,episode_done,99,98,633.72,6.467,9.279,663.601,8.861,197,td3,D:\福州大学\3.课外\实验\经济系统cleanclean\经济系统clean\real_System_remake\human_collect_web_data\synthetic\SYN-TEACHER-001_synthetic_expert.csv,D:\福州大学\3.课外\实验\经济系统cleanclean\经济系统clean\real_System_remake\human_collect_web_data\synthetic\SYN-TEACHER-001_synthetic_meta.csv
SYN-TEACHER-001,20-40岁,硕士及以上,男,学过一点,偶尔接触,184,2,episode_done,99,98,1068.721,10.905,5.502,1102.381,5.334,295,td3,D:\福州大学\3.课外\实验\经济系统cleanclean\经济系统clean\real_System_remake\human_collect_web_data\synthetic\SYN-TEACHER-001_synthetic_expert.csv,D:\福州大学\3.课外\实验\经济系统cleanclean\经济系统clean\real_System_remake\human_collect_web_data\synthetic\SYN-TEACHER-001_synthetic_meta.csv
SYN-TEACHER-001,20-40岁,硕士及以上,男,学过一点,偶尔接触,184,3,episode_done,99,98,1117.263,11.401,5.263,1172.179,5.016,393,td3,D:\福州大学\3.课外\实验\经济系统cleanclean\经济系统clean\real_System_remake\human_collect_web_data\synthetic\SYN-TEACHER-001_synthetic_expert.csv,D:\福州大学\3.课外\实验\经济系统cleanclean\经济系统clean\real_System_remake\human_collect_web_data\synthetic\SYN-TEACHER-001_synthetic_meta.csv
SYN-TEACHER-002,20-40岁,硕士及以上,女,学过一点,偶尔接触,184,0,episode_done,100,99,446.363,4.509,13.308,463.705,12.81,99,td3,D:\福州大学\3.课外\实验\经济系统cleanclean\经济系统clean\real_System_remake\human_collect_web_data\synthetic\SYN-TEACHER-002_synthetic_expert.csv,D:\福州大学\3.课外\实验\经济系统cleanclean\经济系统clean\real_System_remake\human_collect_web_data\synthetic\SYN-TEACHER-002_synthetic_meta.csv
SYN-TEACHER-002,20-40岁,硕士及以上,女,学过一点,偶尔接触,184,1,episode_done,99,98,783.758,7.998,7.502,803.174,7.321,197,td3,D:\福州大学\3.课外\实验\经济系统cleanclean\经济系统clean\real_System_remake\human_collect_web_data\synthetic\SYN-TEACHER-002_synthetic_expert.csv,D:\福州大学\3.课外\实验\经济系统cleanclean\经济系统clean\real_System_remake\human_collect_web_data\synthetic\SYN-TEACHER-002_synthetic_meta.csv
SYN-TEACHER-002,20-40岁,硕士及以上,女,学过一点,偶尔接触,184,2,episode_done,99,98,927.295,9.462,6.341,951.744,6.178,295,td3,D:\福州大学\3.课外\实验\经济系统cleanclean\经济系统clean\real_System_remake\human_collect_web_data\synthetic\SYN-TEACHER-002_synthetic_expert.csv,D:\福州大学\3.课外\实验\经济系统cleanclean\经济系统clean\real_System_remake\human_collect_web_data\synthetic\SYN-TEACHER-002_synthetic_meta.csv
SYN-TEACHER-002,20-40岁,硕士及以上,女,学过一点,偶尔接触,184,3,episode_done,99,98,1203.768,12.283,4.885,1251.289,4.699,393,td3,D:\福州大学\3.课外\实验\经济系统cleanclean\经济系统clean\real_System_remake\human_collect_web_data\synthetic\SYN-TEACHER-002_synthetic_expert.csv,D:\福州大学\3.课外\实验\经济系统cleanclean\经济系统clean\real_System_remake\human_collect_web_data\synthetic\SYN-TEACHER-002_synthetic_meta.csv
SYN-TEACHER-003,40岁以上,硕士及以上,男,几乎没有,偶尔接触,184,0,episode_done,100,99,635.169,6.416,9.352,658.175,9.025,99,td3,D:\福州大学\3.课外\实验\经济系统cleanclean\经济系统clean\real_System_remake\human_collect_web_data\synthetic\SYN-TEACHER-003_synthetic_expert.csv,D:\福州大学\3.课外\实验\经济系统cleanclean\经济系统clean\real_System_remake\human_collect_web_data\synthetic\SYN-TEACHER-003_synthetic_meta.csv
SYN-TEACHER-003,40岁以上,硕士及以上,男,几乎没有,偶尔接触,184,1,episode_done,99,98,569.88,5.815,10.318,578.773,10.159,197,td3,D:\福州大学\3.课外\实验\经济系统cleanclean\经济系统clean\real_System_remake\human_collect_web_data\synthetic\SYN-TEACHER-003_synthetic_expert.csv,D:\福州大学\3.课外\实验\经济系统cleanclean\经济系统clean\real_System_remake\human_collect_web_data\synthetic\SYN-TEACHER-003_synthetic_meta.csv
SYN-TEACHER-003,40岁以上,硕士及以上,男,几乎没有,偶尔接触,184,2,episode_done,99,98,454.576,4.639,12.935,463.553,12.685,295,td3,D:\福州大学\3.课外\实验\经济系统cleanclean\经济系统clean\real_System_remake\human_collect_web_data\synthetic\SYN-TEACHER-003_synthetic_expert.csv,D:\福州大学\3.课外\实验\经济系统cleanclean\经济系统clean\real_System_remake\human_collect_web_data\synthetic\SYN-TEACHER-003_synthetic_meta.csv
SYN-TEACHER-003,40岁以上,硕士及以上,男,几乎没有,偶尔接触,184,3,episode_done,99,98,510.489,5.209,11.518,526.725,11.163,393,td3,D:\福州大学\3.课外\实验\经济系统cleanclean\经济系统clean\real_System_remake\human_collect_web_data\synthetic\SYN-TEACHER-003_synthetic_expert.csv,D:\福州大学\3.课外\实验\经济系统cleanclean\经济系统clean\real_System_remake\human_collect_web_data\synthetic\SYN-TEACHER-003_synthetic_meta.csv
SYN-TEACHER-004,40岁以上,硕士及以上,女,几乎没有,几乎没有,184,0,episode_done,99,98,700.359,7.147,8.396,729.98,8.055,98,td3,D:\福州大学\3.课外\实验\经济系统cleanclean\经济系统clean\real_System_remake\human_collect_web_data\synthetic\SYN-TEACHER-004_synthetic_expert.csv,D:\福州大学\3.课外\实验\经济系统cleanclean\经济系统clean\real_System_remake\human_collect_web_data\synthetic\SYN-TEACHER-004_synthetic_meta.csv
SYN-TEACHER-004,40岁以上,硕士及以上,女,几乎没有,几乎没有,184,1,episode_done,99,98,956.039,9.756,6.15,1002.88,5.863,196,td3,D:\福州大学\3.课外\实验\经济系统cleanclean\经济系统clean\real_System_remake\human_collect_web_data\synthetic\SYN-TEACHER-004_synthetic_expert.csv,D:\福州大学\3.课外\实验\经济系统cleanclean\经济系统clean\real_System_remake\human_collect_web_data\synthetic\SYN-TEACHER-004_synthetic_meta.csv
SYN-TEACHER-004,40岁以上,硕士及以上,女,几乎没有,几乎没有,184,2,episode_done,99,98,966.177,9.859,6.086,1014.316,5.797,294,td3,D:\福州大学\3.课外\实验\经济系统cleanclean\经济系统clean\real_System_remake\human_collect_web_data\synthetic\SYN-TEACHER-004_synthetic_expert.csv,D:\福州大学\3.课外\实验\经济系统cleanclean\经济系统clean\real_System_remake\human_collect_web_data\synthetic\SYN-TEACHER-004_synthetic_meta.csv
SYN-TEACHER-004,40岁以上,硕士及以上,女,几乎没有,几乎没有,184,3,episode_done,99,98,991.043,10.113,5.933,1034.051,5.686,392,td3,D:\福州大学\3.课外\实验\经济系统cleanclean\经济系统clean\real_System_remake\human_collect_web_data\synthetic\SYN-TEACHER-004_synthetic_expert.csv,D:\福州大学\3.课外\实验\经济系统cleanclean\经济系统clean\real_System_remake\human_collect_web_data\synthetic\SYN-TEACHER-004_synthetic_meta.csv
SYN-PARENT-001,40岁以上,大专/本科,男,学过一点,偶尔接触,184,0,episode_done,99,98,1195.566,12.2,4.918,1239.533,4.744,98,td3,D:\福州大学\3.课外\实验\经济系统cleanclean\经济系统clean\real_System_remake\human_collect_web_data\synthetic\SYN-PARENT-001_synthetic_expert.csv,D:\福州大学\3.课外\实验\经济系统cleanclean\经济系统clean\real_System_remake\human_collect_web_data\synthetic\SYN-PARENT-001_synthetic_meta.csv
SYN-PARENT-001,40岁以上,大专/本科,男,学过一点,偶尔接触,184,1,episode_done,99,98,750.468,7.658,7.835,775.152,7.586,196,td3,D:\福州大学\3.课外\实验\经济系统cleanclean\经济系统clean\real_System_remake\human_collect_web_data\synthetic\SYN-PARENT-001_synthetic_expert.csv,D:\福州大学\3.课外\实验\经济系统cleanclean\经济系统clean\real_System_remake\human_collect_web_data\synthetic\SYN-PARENT-001_synthetic_meta.csv
SYN-PARENT-001,40岁以上,大专/本科,男,学过一点,偶尔接触,184,2,episode_done,99,98,675.606,6.894,8.703,707.355,8.313,294,td3,D:\福州大学\3.课外\实验\经济系统cleanclean\经济系统clean\real_System_remake\human_collect_web_data\synthetic\SYN-PARENT-001_synthetic_expert.csv,D:\福州大学\3.课外\实验\经济系统cleanclean\经济系统clean\real_System_remake\human_collect_web_data\synthetic\SYN-PARENT-001_synthetic_meta.csv
SYN-PARENT-001,40岁以上,大专/本科,男,学过一点,偶尔接触,184,3,episode_done,99,98,844.1,8.613,6.966,878.881,6.69,392,td3,D:\福州大学\3.课外\实验\经济系统cleanclean\经济系统clean\real_System_remake\human_collect_web_data\synthetic\SYN-PARENT-001_synthetic_expert.csv,D:\福州大学\3.课外\实验\经济系统cleanclean\经济系统clean\real_System_remake\human_collect_web_data\synthetic\SYN-PARENT-001_synthetic_meta.csv
SYN-PARENT-002,40岁以上,大专/本科,男,学过一点,偶尔接触,184,0,episode_done,99,98,642.394,6.555,9.153,664.959,8.843,98,td3,D:\福州大学\3.课外\实验\经济系统cleanclean\经济系统clean\real_System_remake\human_collect_web_data\synthetic\SYN-PARENT-002_synthetic_expert.csv,D:\福州大学\3.课外\实验\经济系统cleanclean\经济系统clean\real_System_remake\human_collect_web_data\synthetic\SYN-PARENT-002_synthetic_meta.csv
SYN-PARENT-002,40岁以上,大专/本科,男,学过一点,偶尔接触,184,1,episode_done,99,98,924.878,9.438,6.358,958.13,6.137,196,td3,D:\福州大学\3.课外\实验\经济系统cleanclean\经济系统clean\real_System_remake\human_collect_web_data\synthetic\SYN-PARENT-002_synthetic_expert.csv,D:\福州大学\3.课外\实验\经济系统cleanclean\经济系统clean\real_System_remake\human_collect_web_data\synthetic\SYN-PARENT-002_synthetic_meta.csv
SYN-PARENT-002,40岁以上,大专/本科,男,学过一点,偶尔接触,184,2,episode_done,99,98,982.936,10.03,5.982,1024.102,5.742,294,td3,D:\福州大学\3.课外\实验\经济系统cleanclean\经济系统clean\real_System_remake\human_collect_web_data\synthetic\SYN-PARENT-002_synthetic_expert.csv,D:\福州大学\3.课外\实验\经济系统cleanclean\经济系统clean\real_System_remake\human_collect_web_data\synthetic\SYN-PARENT-002_synthetic_meta.csv
SYN-PARENT-002,40岁以上,大专/本科,男,学过一点,偶尔接触,184,3,episode_done,99,98,732.885,7.478,8.023,760.645,7.73,392,td3,D:\福州大学\3.课外\实验\经济系统cleanclean\经济系统clean\real_System_remake\human_collect_web_data\synthetic\SYN-PARENT-002_synthetic_expert.csv,D:\福州大学\3.课外\实验\经济系统cleanclean\经济系统clean\real_System_remake\human_collect_web_data\synthetic\SYN-PARENT-002_synthetic_meta.csv
SYN-PARENT-003,40岁以上,大专/本科,女,几乎没有,几乎没有,184,0,episode_done,99,98,1060.932,10.826,5.542,1116.415,5.267,98,td3,D:\福州大学\3.课外\实验\经济系统cleanclean\经济系统clean\real_System_remake\human_collect_web_data\synthetic\SYN-PARENT-003_synthetic_expert.csv,D:\福州大学\3.课外\实验\经济系统cleanclean\经济系统clean\real_System_remake\human_collect_web_data\synthetic\SYN-PARENT-003_synthetic_meta.csv
SYN-PARENT-003,40岁以上,大专/本科,女,几乎没有,几乎没有,184,1,episode_done,99,98,539.823,5.508,10.892,565.826,10.392,196,td3,D:\福州大学\3.课外\实验\经济系统cleanclean\经济系统clean\real_System_remake\human_collect_web_data\synthetic\SYN-PARENT-003_synthetic_expert.csv,D:\福州大学\3.课外\实验\经济系统cleanclean\经济系统clean\real_System_remake\human_collect_web_data\synthetic\SYN-PARENT-003_synthetic_meta.csv
SYN-PARENT-003,40岁以上,大专/本科,女,几乎没有,几乎没有,184,2,episode_done,99,98,747.44,7.627,7.867,786.322,7.478,294,td3,D:\福州大学\3.课外\实验\经济系统cleanclean\经济系统clean\real_System_remake\human_collect_web_data\synthetic\SYN-PARENT-003_synthetic_expert.csv,D:\福州大学\3.课外\实验\经济系统cleanclean\经济系统clean\real_System_remake\human_collect_web_data\synthetic\SYN-PARENT-003_synthetic_meta.csv
SYN-PARENT-003,40岁以上,大专/本科,女,几乎没有,几乎没有,184,3,episode_done,99,98,442.434,4.515,13.29,454.475,12.938,392,td3,D:\福州大学\3.课外\实验\经济系统cleanclean\经济系统clean\real_System_remake\human_collect_web_data\synthetic\SYN-PARENT-003_synthetic_expert.csv,D:\福州大学\3.课外\实验\经济系统cleanclean\经济系统clean\real_System_remake\human_collect_web_data\synthetic\SYN-PARENT-003_synthetic_meta.csv
SYN-PARENT-004,40岁以上,高中及以下,女,几乎没有,几乎没有,184,0,episode_done,99,98,1140.261,11.635,5.157,1189.385,4.944,98,td3,D:\福州大学\3.课外\实验\经济系统cleanclean\经济系统clean\real_System_remake\human_collect_web_data\synthetic\SYN-PARENT-004_synthetic_expert.csv,D:\福州大学\3.课外\实验\经济系统cleanclean\经济系统clean\real_System_remake\human_collect_web_data\synthetic\SYN-PARENT-004_synthetic_meta.csv
SYN-PARENT-004,40岁以上,高中及以下,女,几乎没有,几乎没有,184,1,episode_done,99,98,1054.652,10.762,5.575,1103.125,5.33,196,td3,D:\福州大学\3.课外\实验\经济系统cleanclean\经济系统clean\real_System_remake\human_collect_web_data\synthetic\SYN-PARENT-004_synthetic_expert.csv,D:\福州大学\3.课外\实验\经济系统cleanclean\经济系统clean\real_System_remake\human_collect_web_data\synthetic\SYN-PARENT-004_synthetic_meta.csv
SYN-PARENT-004,40岁以上,高中及以下,女,几乎没有,几乎没有,184,2,episode_done,99,98,1045.829,10.672,5.622,1078.031,5.454,294,td3,D:\福州大学\3.课外\实验\经济系统cleanclean\经济系统clean\real_System_remake\human_collect_web_data\synthetic\SYN-PARENT-004_synthetic_expert.csv,D:\福州大学\3.课外\实验\经济系统cleanclean\经济系统clean\real_System_remake\human_collect_web_data\synthetic\SYN-PARENT-004_synthetic_meta.csv
SYN-PARENT-004,40岁以上,高中及以下,女,几乎没有,几乎没有,184,3,episode_done,99,98,1119.838,11.427,5.251,1165.623,5.045,392,td3,D:\福州大学\3.课外\实验\经济系统cleanclean\经济系统clean\real_System_remake\human_collect_web_data\synthetic\SYN-PARENT-004_synthetic_expert.csv,D:\福州大学\3.课外\实验\经济系统cleanclean\经济系统clean\real_System_remake\human_collect_web_data\synthetic\SYN-PARENT-004_synthetic_meta.csv
SYN-PARENT-005,40岁以上,高中及以下,女,几乎没有,几乎没有,184,0,episode_done,99,98,990.715,10.109,5.935,1028.701,5.716,98,td3,D:\福州大学\3.课外\实验\经济系统cleanclean\经济系统clean\real_System_remake\human_collect_web_data\synthetic\SYN-PARENT-005_synthetic_expert.csv,D:\福州大学\3.课外\实验\经济系统cleanclean\经济系统clean\real_System_remake\human_collect_web_data\synthetic\SYN-PARENT-005_synthetic_meta.csv
SYN-PARENT-005,40岁以上,高中及以下,女,几乎没有,几乎没有,184,1,episode_done,99,98,582.234,5.941,10.099,605.118,9.717,196,td3,D:\福州大学\3.课外\实验\经济系统cleanclean\经济系统clean\real_System_remake\human_collect_web_data\synthetic\SYN-PARENT-005_synthetic_expert.csv,D:\福州大学\3.课外\实验\经济系统cleanclean\经济系统clean\real_System_remake\human_collect_web_data\synthetic\SYN-PARENT-005_synthetic_meta.csv
SYN-PARENT-005,40岁以上,高中及以下,女,几乎没有,几乎没有,184,2,episode_done,99,98,446.045,4.551,13.183,463.05,12.698,294,td3,D:\福州大学\3.课外\实验\经济系统cleanclean\经济系统clean\real_System_remake\human_collect_web_data\synthetic\SYN-PARENT-005_synthetic_expert.csv,D:\福州大学\3.课外\实验\经济系统cleanclean\经济系统clean\real_System_remake\human_collect_web_data\synthetic\SYN-PARENT-005_synthetic_meta.csv
SYN-PARENT-005,40岁以上,高中及以下,女,几乎没有,几乎没有,184,3,episode_done,99,98,1166.274,11.901,5.042,1220.221,4.819,392,td3,D:\福州大学\3.课外\实验\经济系统cleanclean\经济系统clean\real_System_remake\human_collect_web_data\synthetic\SYN-PARENT-005_synthetic_expert.csv,D:\福州大学\3.课外\实验\经济系统cleanclean\经济系统clean\real_System_remake\human_collect_web_data\synthetic\SYN-PARENT-005_synthetic_meta.csv
